record_id,fold,model_name,cv_strategy,station_name,latitude,longitude,date,actual_ghi,predicted_ghi,residual_error,absolute_error,squared_error,relative_error_pct,air_temperature_c,wind_speed_m_s,dhi_wh_m2,dni_wh_m2,diffuse_fraction,relative_humidity_pct,barometric_pressure_mb
1214,1,ann,loso,Afif - TVTC,23.92118,42.94815,01-01-2017 00:00,4723.7,4822.792946479944,99.09294647994375,99.09294647994375,9819.412042076996,2.0977823841468286,17.4,4.3,1542.9,5834.3,0.20914439082578756,32.4,898.9
1215,1,ann,loso,Afif - TVTC,23.92118,42.94815,01-02-2017 00:00,4872.1,4709.366143058596,-162.73385694140416,162.73385694140416,26482.308195025395,3.3401173403953974,14.3,4.5,2397.0,3992.9,0.3751232413652796,39.3,898.9
1216,1,ann,loso,Afif - TVTC,23.92118,42.94815,01-03-2017 00:00,5521.8,5507.93075480736,-13.869245192639937,13.869245192639937,192.35596221356602,0.25117253780723564,21.7,4.7,2974.0,3598.1,0.45251898175621186,36.2,895.0
1217,1,ann,loso,Afif - TVTC,23.92118,42.94815,01-04-2017 00:00,6322.8,6436.948332348636,114.14833234863545,114.14833234863545,13029.841777974534,1.8053446629441934,27.9,5.0,3415.9,3770.1,0.47535485666573896,20.6,896.1
1218,1,ann,loso,Afif - TVTC,23.92118,42.94815,01-05-2017 00:00,6918.2,6944.243155340549,26.043155340548765,26.043155340548765,678.2459400919537,0.37644409442555526,31.0,3.5,3460.3,4369.2,0.44195670221597805,21.4,894.7
1219,1,ann,loso,Afif - TVTC,23.92118,42.94815,01-06-2017 00:00,7910.8,7766.720571352282,-144.0794286477185,144.0794286477185,20758.881759453,1.8213003570778996,34.5,3.8,2742.9,6769.5,0.2883499432319919,8.7,891.7
1220,1,ann,loso,Afif - TVTC,23.92118,42.94815,01-09-2017 00:00,6954.4,6989.53898389486,35.13898389486076,35.13898389486076,1234.7481891632838,0.5052770029745307,31.6,3.1,2286.2,6573.0,0.2580594184576485,10.0,894.3
1221,1,ann,loso,Afif - TVTC,23.92118,42.94815,01-10-2017 00:00,6326.5,6481.493733437055,154.9937334370552,154.9937334370552,24023.05740475692,2.4499128022928187,27.5,3.8,1532.0,7682.0,0.1662687215107445,13.0,897.3
1222,1,ann,loso,Afif - TVTC,23.92118,42.94815,01-11-2017 00:00,4973.7,5149.877147325355,176.17714732535478,176.17714732535478,31038.387239699765,3.542174785880829,21.4,4.3,1611.6,5986.5,0.21210565799344572,32.7,898.5
1223,1,ann,loso,Afif - TVTC,23.92118,42.94815,01-03-2018 00:00,6556.4,6650.971277208148,94.57127720814879,94.57127720814879,8943.726472780521,1.4424268990322249,24.7,4.3,2421.9,6007.3,0.28732264034546573,25.7,896.8
1224,1,ann,loso,Afif - TVTC,23.92118,42.94815,01-04-2018 00:00,6654.2,6694.035791089693,39.835791089692975,39.835791089692975,1586.8902517416623,0.5986563537268639,24.7,4.9,3076.3,4729.0,0.3941296298668853,35.1,894.3
1225,1,ann,loso,Afif - TVTC,23.92118,42.94815,01-05-2018 00:00,7499.6,7399.406892301188,-100.19310769881213,100.19310769881213,10038.658830345767,1.3359793548830887,30.7,4.3,3497.6,5083.6,0.4075886822355847,19.1,893.8
1226,1,ann,loso,Afif - TVTC,23.92118,42.94815,01-06-2018 00:00,7850.1,7772.4729124780715,-77.62708752192884,77.62708752192884,6025.964717137201,0.9888674987825484,34.3,3.4,3047.3,6214.8,0.3290074605111152,12.1,891.7
1227,1,ann,loso,Afif - TVTC,23.92118,42.94815,01-07-2018 00:00,7727.5,7691.128783130891,-36.37121686910905,36.37121686910905,1322.8654165397627,0.47067249264456873,34.1,3.4,2838.8,6323.6,0.30983148520038417,13.2,890.2
1228,1,ann,loso,Afif - TVTC,23.92118,42.94815,01-08-2018 00:00,7555.9,7415.98877310081,-139.9112268991894,139.9112268991894,19575.151412436455,1.8516818234649666,34.2,3.0,2169.3,7267.0,0.2298888335470471,13.2,890.9
1229,1,ann,loso,Afif - TVTC,23.92118,42.94815,01-09-2018 00:00,6637.8,6651.649088480153,13.849088480153114,13.849088480153114,191.7972517311097,0.20863973726465262,33.8,3.3,2582.3,5525.6,0.3184918412905931,13.6,894.3
1230,1,ann,loso,Afif - TVTC,23.92118,42.94815,01-10-2018 00:00,5498.5,5664.884371048736,166.38437104873628,166.38437104873628,27683.758929283555,3.0259956542463633,26.4,3.9,1913.0,5582.8,0.25520958403372557,33.6,898.2
1231,1,ann,loso,Afif - TVTC,23.92118,42.94815,01-11-2018 00:00,4236.3,4281.142625774617,44.84262577461686,44.84262577461686,2010.8610863623326,1.0585328181341467,20.0,4.2,1777.1,4318.1,0.2915572909830686,60.4,898.4
1232,1,ann,loso,Afif - TVTC,23.92118,42.94815,01-12-2018 00:00,4387.7,4623.0996059324025,235.39960593240266,235.39960593240266,55412.97447313047,5.364988625758431,18.5,4.2,1505.2,5596.8,0.21194029850746268,45.7,899.6
1233,1,ann,loso,Afif - TVTC,23.92118,42.94815,01-01-2019 00:00,4414.1,4501.6982987091005,87.59829870910016,87.59829870910016,7673.46193672874,1.9845109695996954,18.4,4.6,2204.3,3976.2,0.35665399239543727,40.4,899.2
1234,1,ann,loso,Afif - TVTC,23.92118,42.94815,01-02-2019 00:00,5097.9,5118.110776809676,20.210776809676645,20.210776809676645,408.47549925056325,0.39645298671367907,17.9,4.7,2182.2,4812.9,0.31196123000385984,41.5,898.0
1235,1,ann,loso,Afif - TVTC,23.92118,42.94815,01-03-2019 00:00,6589.6,6663.7691213417065,74.16912134170616,74.16912134170616,5501.058560600732,1.1255481568184131,20.0,4.4,2364.1,6282.7,0.2734075033538419,26.4,896.3
1236,1,ann,loso,Afif - TVTC,23.92118,42.94815,01-04-2019 00:00,7156.5,7160.119554462159,3.6195544621587032,3.6195544621587032,13.10117450453298,0.05057716009444146,24.4,4.0,2643.4,6163.0,0.3001680595930233,28.6,895.4
1237,1,ann,loso,Afif - TVTC,23.92118,42.94815,01-05-2019 00:00,6958.5,6910.596408684123,-47.90359131587684,47.90359131587684,2294.754060958551,0.6884183561956864,30.0,3.6,2892.2,5191.5,0.3577817088709378,26.4,894.9
1238,1,ann,loso,Afif - TVTC,23.92118,42.94815,01-06-2019 00:00,7610.3,7615.32446254491,5.024462544909511,5.024462544909511,25.24522386519856,0.06602187226403047,35.1,3.4,2739.2,6325.8,0.30217319360176503,13.3,892.4
1239,1,ann,loso,Afif - TVTC,23.92118,42.94815,01-07-2019 00:00,7836.3,7880.72957862191,44.42957862190997,44.42957862190997,1973.9874565204793,0.5669713847339939,35.4,3.3,2634.9,6860.6,0.2774893370543942,12.2,889.8
1240,1,ann,loso,Afif - TVTC,23.92118,42.94815,01-08-2019 00:00,7641.6,7612.804270329819,-28.795729670181572,28.795729670181572,829.1940472381754,0.3768285394443778,34.3,3.3,2137.6,7414.8,0.22377622377622378,13.5,891.2
1241,1,ann,loso,Afif - TVTC,23.92118,42.94815,01-09-2019 00:00,6736.4,6833.485946619507,97.08594661950701,97.08594661950701,9425.681031005764,1.4412140998086072,33.6,3.5,2220.0,6283.9,0.2610566916356025,14.2,893.4
1242,1,ann,loso,Afif - TVTC,23.92118,42.94815,01-10-2019 00:00,5849.9,6162.81161715752,312.9116171575206,312.9116171575206,97913.68015213474,5.349007968640842,29.1,3.2,1861.0,6245.0,0.22958302491981247,21.6,896.5
1243,1,ann,loso,Afif - TVTC,23.92118,42.94815,01-11-2019 00:00,4843.5,4999.142857318974,155.64285731897417,155.64285731897417,24224.69903441455,3.2134377478883898,21.8,4.5,1732.7,5494.2,0.23975701891544093,39.2,898.0
1244,1,ann,loso,Afif - TVTC,23.92118,42.94815,01-12-2019 00:00,4592.8,4886.999501537413,294.1995015374132,294.1995015374132,86553.34670486239,6.405667600100444,18.3,4.1,1308.8,6414.6,0.16945904653390992,38.5,898.7
1245,1,ann,loso,Afif - TVTC,23.92118,42.94815,01-01-2020 00:00,5030.2,5280.104350002272,249.90435000227262,249.90435000227262,62452.184150058376,4.968079798065139,14.3,3.7,1246.2,7255.0,0.14659106949607115,36.0,899.4
1246,1,ann,loso,Afif - TVTC,23.92118,42.94815,01-02-2020 00:00,5601.3,5650.851755820302,49.55175582030188,49.55175582030188,2455.376504874821,0.8846474179262293,18.6,4.4,2050.5,5828.9,0.2602355509302739,30.9,898.8
1247,1,ann,loso,Afif - TVTC,23.92118,42.94815,01-03-2020 00:00,6705.5,6776.234682986849,70.7346829868493,70.7346829868493,5003.395377250067,1.054875594464981,21.7,4.2,2476.1,6175.9,0.2861881645862228,22.1,895.8
1248,1,ann,loso,Afif - TVTC,23.92118,42.94815,01-04-2020 00:00,7324.1,7281.000040518027,-43.0999594819732,43.0999594819732,1857.6065073477316,0.5884676544827787,26.4,4.0,2808.9,6139.0,0.3139172319762179,27.2,894.6
1249,1,ann,loso,Afif - TVTC,23.92118,42.94815,01-05-2020 00:00,7113.0,7117.04351151343,4.043511513429621,4.043511513429621,16.349985359237905,0.05684678073147224,31.2,4.0,3419.7,4699.0,0.4212127557367559,20.2,894.9
1250,1,ann,loso,Afif - TVTC,23.92118,42.94815,01-09-2020 00:00,6862.5,6991.8879744664555,129.3879744664555,129.3879744664555,16741.247936532138,1.8854349649028121,32.1,2.9,2037.5,6866.3,0.2288348794896561,12.9,893.9
1251,1,ann,loso,Afif - TVTC,23.92118,42.94815,01-10-2020 00:00,6419.3,6634.487446215922,215.18744621592214,215.18744621592214,46305.63700893038,3.3521948844254377,25.8,2.7,1220.8,8472.9,0.1259374645388242,14.6,898.2
1252,1,ann,loso,Afif - TVTC,23.92118,42.94815,01-11-2020 00:00,5000.4,5400.462200343359,400.0622003433591,400.0622003433591,160049.76414357,8.0006039585505,22.5,4.7,1439.3,6489.2,0.18153496878350256,33.5,898.3
1253,1,ann,loso,Afif - TVTC,23.92118,42.94815,01-12-2020 00:00,4332.4,4505.020061553927,172.62006155392737,172.62006155392737,29797.685650881675,3.9843980600574134,18.0,4.6,1616.9,5196.0,0.23732918434146988,43.7,899.3
1254,1,ann,loso,Afif - TVTC,23.92118,42.94815,01-01-2021 00:00,4835.5,4894.816830039202,59.316830039201704,59.316830039201704,3518.4863258995415,1.2266948617351197,16.9,4.6,1669.7,5767.6,0.2245035160609361,38.5,899.6
1255,1,ann,loso,Afif - TVTC,23.92118,42.94815,01-02-2021 00:00,5430.2,5641.006219128911,210.80621912891093,210.80621912891093,44439.26202342641,3.882107825290246,18.4,5.0,2034.9,5682.9,0.2636632200886263,37.3,898.3
1256,1,ann,loso,Afif - TVTC,23.92118,42.94815,01-03-2021 00:00,6626.1,6798.707985196588,172.60798519658783,172.60798519658783,29793.516553625486,2.6049710266459583,24.6,4.6,2908.1,5271.0,0.35555256690833953,20.5,896.4
1257,1,ann,loso,Afif - TVTC,23.92118,42.94815,01-04-2021 00:00,7084.3,7042.585101554673,-41.71489844532698,41.71489844532698,1740.1327523039433,0.5888358545703455,26.9,3.9,3134.9,5236.5,0.3744773872948372,22.3,896.4
1258,1,ann,loso,Afif - TVTC,23.92118,42.94815,01-05-2021 00:00,8037.0,7799.499366510335,-237.50063348966523,237.50063348966523,56406.55090799229,2.9550906244825836,32.6,3.2,2602.0,7173.4,0.2661783661026659,12.3,893.4
1259,1,ann,loso,Afif - TVTC,23.92118,42.94815,01-08-2021 00:00,7523.6,7539.585900778845,15.985900778844552,15.985900778844552,255.54902371106286,0.212476750210598,35.3,3.3,2449.3,6776.8,0.26547511949794605,12.7,891.1
1260,1,ann,loso,Afif - TVTC,23.92118,42.94815,01-09-2021 00:00,6930.7,7123.258008452194,192.55800845219437,192.55800845219437,37078.58661907536,2.778334200761747,32.7,3.3,2300.2,6470.7,0.26225358857129827,13.1,893.2
1261,1,ann,loso,Afif - TVTC,23.92118,42.94815,01-11-2021 00:00,5126.2,5492.393668855938,366.1936688559381,366.1936688559381,134097.80311017245,7.14356967843506,23.0,3.9,1489.8,6500.4,0.18645340542164152,28.5,898.5
1262,1,ann,loso,Afif - TVTC,23.92118,42.94815,01-12-2021 00:00,4333.9,4636.606078270141,302.706078270141,302.706078270141,91630.96982168873,6.9846115108826,18.2,4.0,1642.5,5185.3,0.24056064911098743,37.5,899.5
1441,2,ann,loso,Al Ahsa - KFU,25.34616,49.5956,01-01-2017 00:00,3707.6,3779.3171710701286,71.71717107012864,71.71717107012864,5143.352626302097,1.9343287050957128,17.0,1.9,1691.9,3758.5,0.3104175840305299,37.9,1000.6
1442,2,ann,loso,Al Ahsa - KFU,25.34616,49.5956,01-02-2017 00:00,3725.0,3824.310384386684,99.31038438668384,99.31038438668384,9862.552447030897,2.666050587561982,15.4,1.8,2081.7,2698.7,0.4354656514099238,44.8,1001.4
1443,2,ann,loso,Al Ahsa - KFU,25.34616,49.5956,01-03-2017 00:00,4575.6,4615.054261850326,39.454261850325565,39.454261850325565,1556.6387781540552,0.8622751518997631,22.3,1.6,2750.5,2633.0,0.5109129748305006,40.7,995.9
1444,2,ann,loso,Al Ahsa - KFU,25.34616,49.5956,01-04-2017 00:00,6136.1,6123.641871875014,-12.458128124986615,12.458128124986615,155.20495637858252,0.20303006999538167,30.0,2.0,3259.5,3821.9,0.4602903380687435,21.6,993.7
1445,2,ann,loso,Al Ahsa - KFU,25.34616,49.5956,01-09-2017 00:00,6667.4,6529.643536309804,-137.75646369019523,137.75646369019523,18976.843288428077,2.066119682187888,35.7,1.2,2166.1,6297.6,0.2559282583267365,29.6,988.3
1446,2,ann,loso,Al Ahsa - KFU,25.34616,49.5956,01-11-2017 00:00,4347.2,4322.589397277804,-24.610602722195836,24.610602722195836,605.681766349753,0.5661253846658961,23.7,1.4,1673.0,4803.4,0.25832252485948987,37.8,998.8
1447,2,ann,loso,Al Ahsa - KFU,25.34616,49.5956,01-12-2017 00:00,4260.2,4242.4166697910905,-17.78333020890932,17.78333020890932,316.24683331910677,0.4174294683092184,17.8,1.6,1195.7,6085.2,0.16422420305182053,31.2,1002.5
1448,2,ann,loso,Al Ahsa - KFU,25.34616,49.5956,01-03-2019 00:00,5956.1,5588.231744051053,-367.8682559489471,367.8682559489471,135327.05373492005,6.1763277303763715,21.4,1.9,2431.1,5091.9,0.32315565598830254,34.6,996.9
1449,2,ann,loso,Al Ahsa - KFU,25.34616,49.5956,01-05-2019 00:00,5879.3,6074.605391594672,195.30539159467207,195.30539159467207,38144.19598594821,3.321915731374008,34.3,1.7,3126.1,3401.6,0.47889762090782356,18.6,990.6
1450,2,ann,loso,Al Ahsa - KFU,25.34616,49.5956,01-07-2019 00:00,7450.6,7446.831839130483,-3.7681608695174873,3.7681608695174873,14.199036338562786,0.05057526735454174,38.8,2.0,2768.7,5921.1,0.3186149278464407,14.9,981.1
1451,2,ann,loso,Al Ahsa - KFU,25.34616,49.5956,01-08-2019 00:00,7203.9,7317.884712848109,113.98471284810967,113.98471284810967,12992.514763066018,1.5822639521385593,38.7,1.9,2596.3,6001.1,0.30198664712587525,17.0,982.8
1452,2,ann,loso,Al Ahsa - KFU,25.34616,49.5956,01-11-2019 00:00,4107.6,4015.192201902879,-92.40779809712149,92.40779809712149,8539.201149158369,2.2496785981381215,23.3,1.4,1743.9,4166.4,0.29506116440789815,43.8,999.0
1453,2,ann,loso,Al Ahsa - KFU,25.34616,49.5956,01-02-2020 00:00,4940.6,4675.3212120494645,-265.27878795053584,265.27878795053584,70372.83533650536,5.369363800966195,19.1,1.4,1896.0,4985.1,0.2755373414134368,32.7,1000.7
1454,2,ann,loso,Al Ahsa - KFU,25.34616,49.5956,01-09-2020 00:00,6638.8,6616.740995193423,-22.059004806576922,22.059004806576922,486.59969305658376,0.3322739773238676,36.1,1.2,1902.2,6615.8,0.22331533223761446,21.4,987.9
1455,2,ann,loso,Al Ahsa - KFU,25.34616,49.5956,01-11-2020 00:00,4461.1,4469.662726571978,8.562726571977691,8.562726571977691,73.32028634645283,0.191942045055652,24.4,0.0,1402.9,5489.3,0.20354893938074925,41.6,999.1
1456,2,ann,loso,Al Ahsa - KFU,25.34616,49.5956,01-04-2021 00:00,6957.6,6858.397750991246,-99.20224900875473,99.20224900875473,9841.08620839498,1.4258113287448937,30.1,0.0,2924.7,5225.1,0.35886770227490244,16.5,993.1
1457,2,ann,loso,Al Ahsa - KFU,25.34616,49.5956,01-07-2021 00:00,7299.4,7428.676651313444,129.27665131344475,129.27665131344475,16712.452574817977,1.771058598151146,39.7,0.0,2690.6,5825.2,0.3159538739754339,21.2,980.3
1458,2,ann,loso,Al Ahsa - KFU,25.34616,49.5956,01-10-2021 00:00,5573.0,5553.384266721277,-19.615733278723383,19.615733278723383,384.776992062016,0.3519779881342792,31.2,0.0,1680.5,6010.6,0.21849930439078935,31.4,993.7
765,3,ann,loso,Al Baha - University,20.1794,41.6357,01-01-2017 00:00,5018.8,5103.977426933312,85.17742693331184,85.17742693331184,7255.194058979677,1.6971671900317171,18.5,2.5,1128.1,6915.1,0.1402551223393674,39.0,836.3
766,3,ann,loso,Al Baha - University,20.1794,41.6357,01-02-2017 00:00,5049.4,4950.797830133108,-98.60216986689193,98.60216986689193,9722.38790245941,1.9527502251137152,16.5,3.2,2030.9,4829.5,0.296032301323538,48.5,835.0
767,3,ann,loso,Al Baha - University,20.1794,41.6357,01-03-2018 00:00,6968.5,6592.153565565257,-376.34643443474306,376.34643443474306,141636.63871174437,5.400680697922696,21.2,2.6,1712.1,7597.9,0.18389903329752952,29.4,834.9
768,3,ann,loso,Al Baha - University,20.1794,41.6357,01-04-2018 00:00,6852.4,6391.377454795085,-461.0225452049144,461.0225452049144,212541.78718721736,6.7278989143207415,21.6,3.3,2345.7,6034.2,0.27991980811226863,42.2,833.6
769,3,ann,loso,Al Baha - University,20.1794,41.6357,01-05-2018 00:00,7144.1,6734.051053290934,-410.0489467090665,410.0489467090665,168140.13869721486,5.739686548467497,26.5,2.8,2678.3,5692.9,0.31994218272171254,24.2,833.6
770,3,ann,loso,Al Baha - University,20.1794,41.6357,01-06-2018 00:00,6996.7,7083.281529725075,86.5815297250756,86.5815297250756,7496.361289534149,1.2374623711903554,29.3,2.8,3295.4,4686.4,0.41286426620561784,17.9,832.4
771,3,ann,loso,Al Baha - University,20.1794,41.6357,01-07-2018 00:00,6665.0,6451.948722264881,-213.05127773511867,213.05127773511867,45390.84694456667,3.196568308103806,28.6,3.1,3105.6,4438.7,0.4116485293532866,21.9,831.6
772,3,ann,loso,Al Baha - University,20.1794,41.6357,01-08-2018 00:00,6590.6,6331.831301230115,-258.7686987698853,258.7686987698853,66961.23946305964,3.9263299057731507,28.9,3.1,2628.8,5055.4,0.34210457822544965,23.4,831.9
773,3,ann,loso,Al Baha - University,20.1794,41.6357,01-03-2019 00:00,6846.4,6402.815168945015,-443.58483105498453,443.58483105498453,196767.50234207918,6.479096036675984,19.5,0.0,1944.9,7084.3,0.21540114295840163,35.4,834.0
774,3,ann,loso,Al Baha - University,20.1794,41.6357,01-04-2019 00:00,6864.9,6615.781954491867,-249.11804550813304,249.11804550813304,62059.800597792244,3.6288663419442826,22.5,0.0,2381.3,5975.5,0.2849535707447827,40.4,834.1
775,3,ann,loso,Al Baha - University,20.1794,41.6357,01-05-2019 00:00,5895.8,5808.640063194673,-87.15993680532756,87.15993680532756,7596.854583908694,1.478339441726781,24.1,0.0,2730.5,4082.4,0.4007838071893027,34.4,834.7
776,3,ann,loso,Al Baha - University,20.1794,41.6357,01-06-2019 00:00,6252.5,6097.184890377233,-155.3151096227666,155.3151096227666,24122.78327713201,2.4840481347103816,29.1,0.0,2752.9,4397.7,0.38498867227924927,18.4,833.2
777,3,ann,loso,Al Baha - University,20.1794,41.6357,01-07-2019 00:00,6914.6,6663.917536049457,-250.68246395054302,250.68246395054302,62841.697732315304,3.625408034456701,29.9,0.0,2950.1,4929.2,0.37441143248765757,16.4,831.3
778,3,ann,loso,Al Baha - University,20.1794,41.6357,01-08-2019 00:00,6362.0,6094.474202193831,-267.52579780616907,267.52579780616907,71570.05249182726,4.205058123328655,27.8,0.0,2624.2,4751.7,0.3557803115552,28.3,832.4
779,3,ann,loso,Al Baha - University,20.1794,41.6357,01-09-2019 00:00,6709.8,6514.803307697044,-194.99669230295603,194.99669230295603,38023.71000909372,2.9061476095108056,28.4,0.0,2286.3,6008.3,0.2756371615267765,17.1,833.5
780,3,ann,loso,Al Baha - University,20.1794,41.6357,01-10-2019 00:00,6017.5,5841.551004691049,-175.94899530895145,175.94899530895145,30958.048950229422,2.9239550529115323,23.9,0.0,1698.9,6532.6,0.2063900868614469,27.1,835.5
781,3,ann,loso,Al Baha - University,20.1794,41.6357,01-11-2019 00:00,4554.2,4330.842469482686,-223.35753051731353,223.35753051731353,49888.58643879265,4.904429548928759,19.3,0.0,1546.0,5047.1,0.2344875703386874,47.2,835.2
782,3,ann,loso,Al Baha - University,20.1794,41.6357,01-12-2019 00:00,4915.2,5011.829238653974,96.62923865397443,96.62923865397443,9337.209762846745,1.9659268931879563,17.2,0.0,1302.9,6612.5,0.16460317861384138,49.4,835.6
783,3,ann,loso,Al Baha - University,20.1794,41.6357,01-01-2020 00:00,5450.1,5622.168666748299,172.0686667482987,172.0686667482987,29607.62607653708,3.1571653134492705,15.2,0.4,1087.9,7888.5,0.12119557951962927,41.3,835.8
784,3,ann,loso,Al Baha - University,20.1794,41.6357,01-02-2020 00:00,5930.5,5940.59160722061,10.091607220610058,10.091607220610058,101.84053629506906,0.17016452610420804,18.2,3.3,1902.6,6379.0,0.2297382148377125,39.4,835.8
785,3,ann,loso,Al Baha - University,20.1794,41.6357,01-03-2020 00:00,6950.0,6719.577428567851,-230.4225714321492,230.4225714321492,53094.5614254039,3.315432682476967,20.2,3.1,2099.5,6879.2,0.23383117823292904,34.0,833.9
786,3,ann,loso,Al Baha - University,20.1794,41.6357,01-04-2020 00:00,6931.5,6701.6500522300075,-229.84994776999247,229.84994776999247,52830.99848986827,3.3160203097452565,22.8,3.0,2117.6,6560.4,0.24401935929937774,37.2,834.1
787,3,ann,loso,Al Baha - University,20.1794,41.6357,01-09-2020 00:00,6908.0,6738.939733737538,-169.0602662624624,169.0602662624624,28581.37362873468,2.4473113240078517,27.6,2.6,2028.7,6740.8,0.23133588003877076,16.0,833.4
788,3,ann,loso,Al Baha - University,20.1794,41.6357,01-10-2020 00:00,6661.9,6505.596667275624,-156.30333272437565,156.30333272437565,24430.73182074688,2.34622754355928,22.9,2.5,1150.5,8582.6,0.11820488847335381,15.4,835.9
789,3,ann,loso,Al Baha - University,20.1794,41.6357,01-11-2020 00:00,5160.2,5245.080350297454,84.88035029745424,84.88035029745424,7204.67386661854,1.644904273040856,20.3,2.1,1240.5,6777.1,0.15472211135501895,38.4,836.0
790,3,ann,loso,Al Baha - University,20.1794,41.6357,01-12-2020 00:00,5136.3,5367.3604236680785,231.06042366807833,231.06042366807833,53388.91938567185,4.498577257326837,17.7,2.2,1066.2,7527.1,0.12407340602562461,43.2,836.0
791,3,ann,loso,Al Baha - University,20.1794,41.6357,01-01-2021 00:00,5303.7,5436.264590129614,132.56459012961386,132.56459012961386,17573.370556232516,2.4994737660428354,16.4,2.3,1257.3,7177.5,0.14906103286384978,37.8,835.7
792,3,ann,loso,Al Baha - University,20.1794,41.6357,01-02-2021 00:00,5788.4,5626.314719184283,-162.08528081571694,162.08528081571694,26271.63825710982,2.8001741554784907,17.6,3.2,1576.4,6719.2,0.19002844881623993,39.8,834.9
793,3,ann,loso,Al Baha - University,20.1794,41.6357,01-09-2021 00:00,6325.3,6337.283881125358,11.983881125357584,11.983881125357584,143.61340682670175,0.18945949006936563,27.8,2.7,2401.5,5279.2,0.312666814222662,18.5,833.0
794,3,ann,loso,Al Baha - University,20.1794,41.6357,01-10-2021 00:00,6161.8,6014.812200774005,-146.98779922599533,146.98779922599533,21605.413121301513,2.38546851936115,24.0,2.8,1513.4,7088.0,0.17594810147185344,21.0,835.9
795,3,ann,loso,Al Baha - University,20.1794,41.6357,01-11-2021 00:00,5526.5,5550.754460173675,24.254460173675398,24.254460173675398,588.278838316406,0.43887560252737534,20.3,2.2,1123.8,7609.0,0.1286872480762184,30.8,836.0
796,3,ann,loso,Al Baha - University,20.1794,41.6357,01-12-2021 00:00,5053.8,5224.406973105517,170.60697310551677,170.60697310551677,29106.739272226525,3.3758156853361183,17.6,2.4,989.7,7569.3,0.11563266736768314,35.9,836.1
972,4,ann,loso,Al Dawadmi - TVTC,24.5569,44.47411,01-03-2017 00:00,5246.1,5300.571595952635,54.47159595263474,54.47159595263474,2967.1547656270936,1.0383255361627635,21.4,3.4,3019.8,3091.2,0.4941580756013746,39.7,906.1
973,4,ann,loso,Al Dawadmi - TVTC,24.5569,44.47411,01-04-2017 00:00,6383.9,6525.145401585889,141.24540158588934,141.24540158588934,19950.263469159152,2.2125252836963196,27.9,3.2,3282.7,4047.5,0.44783225560012,22.1,907.1
974,4,ann,loso,Al Dawadmi - TVTC,24.5569,44.47411,01-05-2017 00:00,6876.5,6994.549407656326,118.04940765632637,118.04940765632637,13935.662648009526,1.716707738767198,32.4,3.0,3718.9,3915.8,0.48710492881187206,19.0,905.0
975,4,ann,loso,Al Dawadmi - TVTC,24.5569,44.47411,01-06-2017 00:00,8289.8,7868.811593630175,-420.9884063698246,420.9884063698246,177231.23829780455,5.078390387823887,34.8,3.1,2772.7,7222.0,0.277417031026444,9.3,902.3
976,4,ann,loso,Al Dawadmi - TVTC,24.5569,44.47411,01-09-2017 00:00,6916.9,6952.461725068538,35.56172506853818,35.56172506853818,1264.6362898502969,0.5141280785979006,32.6,2.6,2270.6,6564.4,0.25700056593095644,9.9,904.8
977,4,ann,loso,Al Dawadmi - TVTC,24.5569,44.47411,01-10-2017 00:00,6216.5,6316.568292013188,100.0682920131876,100.0682920131876,10013.663066436586,1.6097207755680465,28.2,2.6,1625.7,7341.2,0.1813001148668994,13.5,907.8
978,4,ann,loso,Al Dawadmi - TVTC,24.5569,44.47411,01-11-2017 00:00,4804.6,4823.106024277292,18.506024277291544,18.506024277291544,342.47293455170404,0.38517304827231286,21.2,2.6,1679.9,5576.3,0.23151236184228657,35.9,909.7
979,4,ann,loso,Al Dawadmi - TVTC,24.5569,44.47411,01-03-2018 00:00,6327.1,6242.1708199325785,-84.92918006742184,84.92918006742184,7212.965626924563,1.342308167524171,24.4,3.0,2484.1,5572.4,0.3083348848755663,24.9,907.6
980,4,ann,loso,Al Dawadmi - TVTC,24.5569,44.47411,01-04-2018 00:00,6297.0,6192.398210230516,-104.60178976948373,104.60178976948373,10941.534422979272,1.6611368869220857,24.7,3.4,3284.9,3896.5,0.4574177736931518,36.6,905.0
981,4,ann,loso,Al Dawadmi - TVTC,24.5569,44.47411,01-05-2018 00:00,7142.7,7072.721432971373,-69.97856702862646,69.97856702862646,4896.999843379966,0.9797214922736004,30.5,3.3,3567.3,4445.4,0.4452057358942679,21.3,904.4
982,4,ann,loso,Al Dawadmi - TVTC,24.5569,44.47411,01-06-2018 00:00,7910.4,7716.718598077285,-193.68140192271494,193.68140192271494,37512.485450748245,2.4484400526233183,34.7,2.9,2829.1,6525.5,0.302428751630214,12.7,901.8
983,4,ann,loso,Al Dawadmi - TVTC,24.5569,44.47411,01-07-2018 00:00,7785.4,7703.039261242089,-82.36073875791044,82.36073875791044,6783.291288748771,1.0578870547166548,34.9,3.2,2828.1,6413.4,0.3060217497159552,12.0,899.9
984,4,ann,loso,Al Dawadmi - TVTC,24.5569,44.47411,01-08-2018 00:00,7539.1,7535.4396738303185,-3.6603261696818663,3.6603261696818663,13.397987668457922,0.04855123515647579,34.3,2.9,2127.4,7341.5,0.22467234842484346,13.3,901.1
985,4,ann,loso,Al Dawadmi - TVTC,24.5569,44.47411,01-09-2018 00:00,6587.5,6648.40017977993,60.90017977993011,60.90017977993011,3708.8318972278084,0.9244809074752199,34.1,2.7,2459.7,5713.5,0.3009469975040376,12.7,904.7
986,4,ann,loso,Al Dawadmi - TVTC,24.5569,44.47411,01-10-2018 00:00,5241.8,5288.315122382523,46.51512238252326,46.51512238252326,2163.6566102611164,0.8873883471808015,26.4,2.6,1941.9,5145.4,0.27399714983138856,33.2,909.2
987,4,ann,loso,Al Dawadmi - TVTC,24.5569,44.47411,01-11-2018 00:00,3903.4,3949.257165055843,45.85716505584287,45.85716505584287,2102.8795869588166,1.1748005599180937,19.1,2.5,1894.2,3530.8,0.34916129032258064,68.3,909.7
988,4,ann,loso,Al Dawadmi - TVTC,24.5569,44.47411,01-12-2018 00:00,4189.0,4201.843212729886,12.843212729885636,12.843212729885636,164.94811322509645,0.3065937629478548,17.3,2.8,1538.3,5117.0,0.23113909215211936,51.3,910.8
989,4,ann,loso,Al Dawadmi - TVTC,24.5569,44.47411,01-01-2019 00:00,4230.9,4215.14679030837,-15.753209691629309,15.753209691629309,248.16361558844358,0.37233708411045663,17.2,3.3,2265.2,3549.2,0.3895844799119428,40.5,910.2
990,4,ann,loso,Al Dawadmi - TVTC,24.5569,44.47411,01-02-2019 00:00,4990.8,4833.971338704468,-156.82866129553258,156.82866129553258,24595.22900374888,3.1423551594039547,16.6,1.2,2211.8,4629.8,0.3232869504209542,44.5,909.2
991,4,ann,loso,Al Dawadmi - TVTC,24.5569,44.47411,01-03-2019 00:00,6375.6,6303.992117241261,-71.60788275873892,71.60788275873892,5127.6888731893,1.1231551972949827,19.4,2.2,2453.7,5810.6,0.2969035489999153,27.7,907.1
992,4,ann,loso,Al Dawadmi - TVTC,24.5569,44.47411,01-04-2019 00:00,6715.8,6763.449190633837,47.64919063383695,47.64919063383695,2270.4453680597353,0.7095087798004251,23.9,0.0,2811.0,5298.9,0.346613398438945,30.4,906.2
993,4,ann,loso,Al Dawadmi - TVTC,24.5569,44.47411,01-05-2019 00:00,6851.1,6884.553723080332,33.453723080331656,33.453723080331656,1119.151587935515,0.4882971067468239,30.5,0.0,2928.4,5014.1,0.3687000314762355,24.5,905.4
994,4,ann,loso,Al Dawadmi - TVTC,24.5569,44.47411,01-06-2019 00:00,7720.3,7728.847987196086,8.54798719608607,8.54798719608607,73.06808510445138,0.1107209201207993,35.5,0.0,2823.5,6364.0,0.30731972789115647,12.4,902.6
995,4,ann,loso,Al Dawadmi - TVTC,24.5569,44.47411,01-07-2019 00:00,7893.1,7795.347567141465,-97.75243285853503,97.75243285853503,9555.538129762399,1.2384542557237972,35.6,0.0,2362.3,7327.5,0.24379244153646107,11.8,899.9
996,4,ann,loso,Al Dawadmi - TVTC,24.5569,44.47411,01-08-2019 00:00,7492.7,7491.988389045597,-0.7116109544031133,0.7116109544031133,0.5063901504265098,0.009497390185155063,34.7,0.0,2126.7,7272.2,0.22627115939099254,12.5,901.3
997,4,ann,loso,Al Dawadmi - TVTC,24.5569,44.47411,01-09-2019 00:00,6612.8,6880.83427457214,268.03427457214,268.03427457214,71842.37234541334,4.053264495707416,33.6,0.0,2180.7,6265.0,0.2582023988538546,14.3,904.0
998,4,ann,loso,Al Dawadmi - TVTC,24.5569,44.47411,01-10-2019 00:00,5699.9,5956.04334621247,256.14334621247053,256.14334621247053,65609.41380892154,4.493821754986413,28.9,0.0,1730.5,6196.8,0.2182962673293555,22.4,907.6
999,4,ann,loso,Al Dawadmi - TVTC,24.5569,44.47411,01-11-2019 00:00,4333.7,4418.83115599644,85.13115599644061,85.13115599644061,7247.313721290307,1.9643989200092444,20.7,0.0,1715.3,4642.1,0.2698115581841633,42.7,909.3
1000,4,ann,loso,Al Dawadmi - TVTC,24.5569,44.47411,01-12-2019 00:00,4303.7,4376.714351182547,73.01435118254722,73.01435118254722,5331.095478608334,1.6965483463658533,17.0,0.0,1231.7,6041.3,0.16935239928502682,43.1,909.8
1001,4,ann,loso,Al Dawadmi - TVTC,24.5569,44.47411,01-01-2020 00:00,4790.7,4767.658982431199,-23.04101756880118,23.04101756880118,530.8884906058047,0.48095304587641013,13.4,0.4,1199.6,6866.6,0.1487193474002628,38.2,910.5
1002,4,ann,loso,Al Dawadmi - TVTC,24.5569,44.47411,01-02-2020 00:00,5383.8,5372.274188576641,-11.5258114233593,11.5258114233593,132.84432896683975,0.2140832018901018,17.8,2.6,2133.3,5392.1,0.2834799479097457,29.3,910.0
1003,4,ann,loso,Al Dawadmi - TVTC,24.5569,44.47411,01-03-2020 00:00,6521.3,6536.650376989118,15.350376989117649,15.350376989117649,235.63407370803262,0.23538829664511138,21.1,1.7,2573.1,5764.2,0.30862509445503944,23.4,906.8
1004,4,ann,loso,Al Dawadmi - TVTC,24.5569,44.47411,01-04-2020 00:00,6967.3,6882.066060490097,-85.2339395099034,85.2339395099034,7264.82444437787,1.2233424642243536,26.2,3.5,2964.8,5243.9,0.3611777747999074,30.7,905.4
1005,4,ann,loso,Al Dawadmi - TVTC,24.5569,44.47411,01-05-2020 00:00,7165.5,7124.350274857605,-41.149725142395255,41.149725142395255,1693.2998792946762,0.574275698030776,31.2,3.2,3466.1,4717.4,0.4235473819270483,17.5,905.7
1006,4,ann,loso,Al Dawadmi - TVTC,24.5569,44.47411,01-09-2020 00:00,6828.0,6959.503011545005,131.5030115450054,131.5030115450054,17293.042045405822,1.9259374860135527,32.6,2.5,1985.2,6920.8,0.2229059061306984,13.3,904.4
1007,4,ann,loso,Al Dawadmi - TVTC,24.5569,44.47411,01-10-2020 00:00,6238.0,6332.378635614051,94.37863561405084,94.37863561405084,8907.326860369785,1.5129630588978973,25.7,2.3,1151.0,8358.0,0.12104322221053739,15.1,909.0
1008,4,ann,loso,Al Dawadmi - TVTC,24.5569,44.47411,01-11-2020 00:00,4682.5,4871.73868085446,189.23868085445974,189.23868085445974,35811.27833153607,4.041402687762088,21.6,3.1,1380.8,5990.7,0.1873160143797056,37.2,909.5
1009,4,ann,loso,Al Dawadmi - TVTC,24.5569,44.47411,01-12-2020 00:00,4216.5,4291.215998400345,74.71599840034469,74.71599840034469,5582.48041696031,1.7719909498480895,16.7,2.9,1559.0,5147.0,0.23247837757232329,48.9,910.8
1010,4,ann,loso,Al Dawadmi - TVTC,24.5569,44.47411,01-01-2021 00:00,4557.2,4531.639546676652,-25.560453323348156,25.560453323348156,653.3367740950598,0.5608806574946932,15.8,2.8,1529.9,5629.5,0.21369109143224294,42.0,911.0
1011,4,ann,loso,Al Dawadmi - TVTC,24.5569,44.47411,01-02-2021 00:00,5139.4,5154.298753113164,14.898753113164275,14.898753113164275,221.9728443270222,0.28989284961599165,17.3,3.2,1923.1,5428.2,0.26159998911757104,39.0,909.6
1012,4,ann,loso,Al Dawadmi - TVTC,24.5569,44.47411,01-03-2021 00:00,6455.2,6518.229508761255,63.029508761254874,63.029508761254874,3972.718974685105,0.9764144993378188,23.6,3.5,2873.7,5092.8,0.3607230276784033,21.4,907.4
1013,4,ann,loso,Al Dawadmi - TVTC,24.5569,44.47411,01-04-2021 00:00,6912.2,6848.608633033087,-63.591366966912574,63.591366966912574,4043.8619527205396,0.919987369678432,27.0,3.0,3148.5,5005.7,0.3861200363003115,19.1,907.3
1014,4,ann,loso,Al Dawadmi - TVTC,24.5569,44.47411,01-05-2021 00:00,7830.1,7596.5832136548825,-233.5167863451179,233.5167863451179,54530.089504951444,2.982296348004724,32.9,2.7,2637.3,6773.4,0.2802448276961331,11.9,903.8
1015,4,ann,loso,Al Dawadmi - TVTC,24.5569,44.47411,01-07-2021 00:00,7685.7,7620.185043759986,-65.51495624001382,65.51495624001382,4292.209491130925,0.8524266656259524,37.0,3.0,2674.9,6543.7,0.2901633653700128,13.7,898.7
1016,4,ann,loso,Al Dawadmi - TVTC,24.5569,44.47411,01-08-2021 00:00,7560.5,7423.923009358505,-136.57699064149529,136.57699064149529,18653.27437268709,1.8064544757819625,35.9,2.8,2255.5,7093.0,0.24126865272503611,11.6,901.4
1017,4,ann,loso,Al Dawadmi - TVTC,24.5569,44.47411,01-09-2021 00:00,6912.3,7028.15116190371,115.85116190370991,115.85116190370991,13421.491714439606,1.6760146681091663,32.1,2.6,1988.4,7041.3,0.22020665138376688,13.9,903.9
1018,4,ann,loso,Al Dawadmi - TVTC,24.5569,44.47411,01-10-2021 00:00,5993.7,6092.633836253529,98.93383625352908,98.93383625352908,9787.903955840105,1.6506304328466403,29.2,2.6,1604.3,6955.7,0.1874182242990654,16.6,908.1
1019,4,ann,loso,Al Dawadmi - TVTC,24.5569,44.47411,01-11-2021 00:00,4922.2,4973.32182495544,51.12182495544039,51.12182495544039,2613.4409867746876,1.0385970695103894,22.0,0.7,1472.2,6196.1,0.19198518576477186,30.6,909.7
1020,4,ann,loso,Al Dawadmi - TVTC,24.5569,44.47411,01-12-2021 00:00,4105.8,4157.482162633212,51.6821626332121,51.6821626332121,2671.0459344457854,1.258759867339181,17.0,0.0,1702.3,4622.7,0.2691383399209486,38.8,910.8
1558,5,ann,loso,Al Dhahran - KFUPM,26.30355,50.14412,01-01-2017 00:00,3555.2,3657.560967075601,102.36096707560137,102.36096707560137,10477.767580652348,2.87919011801309,17.2,1.8,1555.3,3773.0,0.2918942251750089,67.5,1010.7
1559,5,ann,loso,Al Dhahran - KFUPM,26.30355,50.14412,01-02-2017 00:00,3690.5,3708.9922899158223,18.49228991582231,18.49228991582231,341.9647863308236,0.5010781714082729,15.8,2.0,1718.0,3219.2,0.34797050960058334,65.0,1011.7
1560,5,ann,loso,Al Dhahran - KFUPM,26.30355,50.14412,01-03-2017 00:00,4160.6,4268.494062842919,107.89406284291908,107.89406284291908,11641.128796751773,2.593233255850576,21.4,1.6,2312.3,2650.6,0.4659171049184953,63.5,1006.1
1561,5,ann,loso,Al Dhahran - KFUPM,26.30355,50.14412,01-04-2017 00:00,6185.7,6177.554682630727,-8.145317369272561,8.145317369272561,66.34619504617328,0.13167979968754645,28.5,2.2,2751.2,4626.0,0.3729328200401236,42.2,1003.5
1562,5,ann,loso,Al Dhahran - KFUPM,26.30355,50.14412,01-05-2017 00:00,6441.2,6433.064598677458,-8.135401322541838,8.135401322541838,66.1847546788155,0.1263025728519816,34.1,2.2,2953.9,4460.6,0.3983950367523097,32.7,999.1
1563,5,ann,loso,Al Dhahran - KFUPM,26.30355,50.14412,01-06-2017 00:00,7197.4,7018.617165088283,-178.78283491171624,178.78283491171624,31963.30205906998,2.4839919264139305,36.5,2.3,1893.0,7104.6,0.21038943718324885,25.8,993.4
1564,5,ann,loso,Al Dhahran - KFUPM,26.30355,50.14412,01-09-2017 00:00,5932.9,5800.076453561062,-132.82354643893723,132.82354643893723,17642.094488616516,2.2387626024193437,34.4,1.4,2000.7,5471.4,0.26775605251535717,58.9,997.7
1565,5,ann,loso,Al Dhahran - KFUPM,26.30355,50.14412,01-10-2017 00:00,5098.4,5095.55667191591,-2.8433280840899897,2.8433280840899897,8.084514593774852,0.05576902722599227,30.7,1.4,1640.5,5360.6,0.23432032109239975,57.9,1003.4
1566,5,ann,loso,Al Dhahran - KFUPM,26.30355,50.14412,01-11-2017 00:00,3809.0,3932.220499644234,123.22049964423422,123.22049964423422,15183.291532574727,3.2349829258134477,24.8,1.4,1532.9,4097.3,0.27226386274022235,60.8,1008.5
1567,5,ann,loso,Al Dhahran - KFUPM,26.30355,50.14412,01-12-2017 00:00,3810.2,3792.698259111323,-17.501740888676977,17.501740888676977,306.3109341343876,0.45933916562587207,18.4,1.9,1158.9,5336.6,0.17841582634131323,56.7,1012.5
1568,5,ann,loso,Al Dhahran - KFUPM,26.30355,50.14412,01-03-2018 00:00,6090.6,5927.823891247491,-162.77610875250957,162.77610875250957,26496.061580608824,2.6725791999558264,25.1,1.8,2337.3,5403.5,0.301945535345184,42.0,1005.6
1569,5,ann,loso,Al Dhahran - KFUPM,26.30355,50.14412,01-04-2018 00:00,5518.1,5549.117109104645,31.017109104644987,31.017109104644987,962.061057209451,0.5620976260786319,27.4,2.1,3215.2,2999.0,0.5173956422387435,44.8,1002.6
1570,5,ann,loso,Al Dhahran - KFUPM,26.30355,50.14412,01-05-2018 00:00,6756.9,6894.4656446846,137.56564468460056,137.56564468460056,18924.30659748977,2.0359283796504397,32.7,1.8,3459.5,4251.6,0.4486389749841138,34.6,999.6
1571,5,ann,loso,Al Dhahran - KFUPM,26.30355,50.14412,01-06-2018 00:00,7695.9,7467.554029602265,-228.34597039773507,228.34597039773507,52141.8821968833,2.9671119738787546,37.6,2.3,2660.0,6458.8,0.2917050489099443,26.5,992.6
1572,5,ann,loso,Al Dhahran - KFUPM,26.30355,50.14412,01-07-2018 00:00,7303.7,7358.646473008812,54.94647300881206,54.94647300881206,3019.1148961081126,0.7523101032190815,38.1,2.1,2822.0,5758.1,0.32890059556415424,30.4,989.4
1573,5,ann,loso,Al Dhahran - KFUPM,26.30355,50.14412,01-08-2018 00:00,7003.3,6929.22860994354,-74.07139005646059,74.07139005646059,5486.570824896328,1.0576641020156297,37.4,2.0,2336.5,6207.6,0.27346355964934865,33.0,991.5
1574,5,ann,loso,Al Dhahran - KFUPM,26.30355,50.14412,01-09-2018 00:00,5998.5,5868.400174304524,-130.09982569547628,130.09982569547628,16925.96464599331,2.168872646419543,35.3,1.4,2182.0,5226.8,0.29451463124932514,57.1,997.6
1575,5,ann,loso,Al Dhahran - KFUPM,26.30355,50.14412,01-10-2018 00:00,4738.8,4640.833313547229,-97.96668645277077,97.96668645277077,9597.4716545355,2.0673311060346666,30.7,1.5,2069.9,4035.2,0.33904440549704346,60.6,1005.2
1576,5,ann,loso,Al Dhahran - KFUPM,26.30355,50.14412,01-11-2018 00:00,3505.6,3801.14051860199,295.54051860199024,295.54051860199024,87344.19813553334,8.4305259756387,24.3,1.7,1717.6,3235.4,0.3467797294568948,69.9,1009.0
1577,5,ann,loso,Al Dhahran - KFUPM,26.30355,50.14412,01-12-2018 00:00,3640.3,3747.710505682107,107.41050568210676,107.41050568210676,11537.016730885889,2.950594887292442,20.7,0.0,1605.0,4011.3,0.28577533251428877,70.3,1011.4
1578,5,ann,loso,Al Dhahran - KFUPM,26.30355,50.14412,01-01-2019 00:00,3714.1,3786.0292367342054,71.92923673420546,71.92923673420546,5173.815097165372,1.9366532062735378,19.2,0.0,1869.8,3402.5,0.3546459799328566,63.0,1011.3
1579,5,ann,loso,Al Dhahran - KFUPM,26.30355,50.14412,01-02-2019 00:00,4141.7,3923.179527325463,-218.5204726745369,218.5204726745369,47751.19697790303,5.276105769962501,18.9,0.0,1766.8,3934.5,0.3098942346482381,65.3,1010.0
1580,5,ann,loso,Al Dhahran - KFUPM,26.30355,50.14412,01-03-2019 00:00,5494.2,5338.586055199633,-155.61394480036688,155.61394480036688,24215.69981633163,2.832331272985455,21.3,0.0,2258.4,4705.8,0.32428706814853103,55.3,1006.7
1581,5,ann,loso,Al Dhahran - KFUPM,26.30355,50.14412,01-04-2019 00:00,5799.0,5818.840548766769,19.840548766768734,19.840548766768734,393.6473753665283,0.34213741622294763,26.6,0.0,2842.8,3948.8,0.4185758878614759,46.2,1003.7
1582,5,ann,loso,Al Dhahran - KFUPM,26.30355,50.14412,01-05-2019 00:00,6486.3,6700.993612921428,214.6936129214282,214.6936129214282,46093.34742925605,3.3099550270790465,33.7,0.0,2927.1,4609.5,0.3883846827481888,32.9,999.9
1583,5,ann,loso,Al Dhahran - KFUPM,26.30355,50.14412,01-06-2019 00:00,7163.0,7052.943043584511,-110.05695641548937,110.05695641548937,12112.533655440926,1.5364645597583326,38.4,0.0,2113.4,6634.7,0.24158388678684514,26.6,993.7
1584,5,ann,loso,Al Dhahran - KFUPM,26.30355,50.14412,01-07-2019 00:00,7331.7,7239.969004816439,-91.73099518356048,91.73099518356048,8414.575477366396,1.2511558735840322,37.8,0.0,2237.7,6634.9,0.2522034127538715,32.7,990.1
1585,5,ann,loso,Al Dhahran - KFUPM,26.30355,50.14412,01-08-2019 00:00,6917.7,6994.579585295902,76.87958529590196,76.87958529590196,5910.470635269865,1.1113460441462042,37.5,0.0,2277.7,6200.9,0.2686410492298257,39.2,991.8
1586,5,ann,loso,Al Dhahran - KFUPM,26.30355,50.14412,01-10-2019 00:00,4902.0,4988.489738880985,86.48973888098499,86.48973888098499,7480.474931700966,1.7643765581596285,32.3,0.0,1885.6,4587.5,0.2912978325686301,61.1,1003.2
1587,5,ann,loso,Al Dhahran - KFUPM,26.30355,50.14412,01-11-2019 00:00,3802.9,3834.2501000766897,31.350100076689614,31.350100076689614,982.8287748184541,0.8243735064474378,24.6,0.0,1557.1,4038.6,0.2782672409171328,57.4,1008.7
1588,5,ann,loso,Al Dhahran - KFUPM,26.30355,50.14412,01-12-2019 00:00,3380.7,3571.168423180527,190.46842318052722,190.46842318052722,36278.2202288764,5.633993645710274,20.3,0.0,1309.2,4063.3,0.24368543508608656,69.5,1010.4
1589,5,ann,loso,Al Dhahran - KFUPM,26.30355,50.14412,01-01-2020 00:00,3705.0,3708.3188435570623,3.318843557062337,3.318843557062337,11.014722556254185,0.0895774239423033,17.3,0.4,1189.9,4731.9,0.20093552636022835,65.3,1010.9
1590,5,ann,loso,Al Dhahran - KFUPM,26.30355,50.14412,01-02-2020 00:00,4564.7,4300.451030592323,-264.24896940767667,264.24896940767667,69827.51783301924,5.788966841362558,19.2,2.1,1774.6,4549.5,0.28060909852785376,59.0,1010.6
1591,5,ann,loso,Al Dhahran - KFUPM,26.30355,50.14412,01-03-2020 00:00,5272.8,5106.29855927073,-166.50144072927014,166.50144072927014,27722.72976492266,3.1577423897980226,22.7,2.2,2344.4,4205.4,0.3579345934227,57.5,1005.4
1592,5,ann,loso,Al Dhahran - KFUPM,26.30355,50.14412,01-04-2020 00:00,5364.5,5287.7203396057375,-76.77966039426246,76.77966039426246,5895.116250258276,1.4312547375200384,27.5,2.2,2802.5,3393.9,0.45227874249564265,51.5,1003.1
1593,5,ann,loso,Al Dhahran - KFUPM,26.30355,50.14412,01-05-2020 00:00,7000.4,7054.303943305295,53.9039433052958,53.9039433052958,2905.6351038605435,0.7700123322280984,32.6,2.0,2665.9,5732.0,0.31744840972147803,35.9,999.9
1594,5,ann,loso,Al Dhahran - KFUPM,26.30355,50.14412,01-09-2020 00:00,6075.9,6227.61865535734,151.71865535734014,151.71865535734014,23018.550383439357,2.4970564913402153,35.3,1.5,1785.0,5939.9,0.23107095237478803,51.7,997.2
1595,5,ann,loso,Al Dhahran - KFUPM,26.30355,50.14412,01-10-2020 00:00,5253.3,5227.689111887345,-25.61088811265563,25.61088811265563,655.9175899189654,0.487519999098769,29.8,1.5,1278.3,6355.5,0.1674526448164741,59.2,1004.2
1596,5,ann,loso,Al Dhahran - KFUPM,26.30355,50.14412,01-11-2020 00:00,4139.8,4175.89567501625,36.095675016249515,36.095675016249515,1302.8977548786995,0.8719183297804124,25.6,1.6,1406.7,4882.3,0.2236762601367467,65.5,1008.5
1597,5,ann,loso,Al Dhahran - KFUPM,26.30355,50.14412,01-12-2020 00:00,3623.2,3733.6976030227174,110.49760302271761,110.49760302271761,12209.720273766092,3.0497240843099362,19.9,2.0,1470.4,4221.3,0.2583410931707574,68.3,1011.4
1598,5,ann,loso,Al Dhahran - KFUPM,26.30355,50.14412,01-01-2021 00:00,4101.8,3973.1253084639816,-128.6746915360186,128.6746915360186,16557.176241889538,3.137029878005232,18.5,1.9,1536.3,4773.8,0.24346682302974595,62.8,1011.3
1599,5,ann,loso,Al Dhahran - KFUPM,26.30355,50.14412,01-02-2021 00:00,4581.9,4310.515197336434,-271.384802663566,271.384802663566,73649.71111674266,5.922975243099283,19.7,2.1,1666.3,4831.7,0.2564327485380117,65.0,1009.2
1600,5,ann,loso,Al Dhahran - KFUPM,26.30355,50.14412,01-10-2021 00:00,5254.1,5085.057899480903,-169.0421005190974,169.0421005190974,28575.23174790863,3.217336946748204,31.1,1.7,1623.6,5570.4,0.2256880733944954,59.5,1002.8
1601,5,ann,loso,Al Dhahran - KFUPM,26.30355,50.14412,01-11-2021 00:00,4294.0,4334.632458329763,40.63245832976281,40.63245832976281,1650.9966699199113,0.946261255932995,25.5,1.7,1414.9,5161.5,0.21514810534639014,60.6,1007.0
1602,5,ann,loso,Al Dhahran - KFUPM,26.30355,50.14412,01-12-2021 00:00,3558.8,3699.19785645976,140.39785645975962,140.39785645975962,19711.55809849527,3.945089818471384,20.4,1.9,1507.2,3965.8,0.2753882696875571,66.6,1010.5
138,6,ann,loso,Al Farshah - TQ TVTC,17.7749,43.17555,01-01-2017 00:00,5253.8,5301.250936453949,47.450936453949,47.450936453949,2251.5913703567057,0.903173635348681,23.8,1.9,1323.8,6504.9,0.1690957630257897,53.8,895.8
139,6,ann,loso,Al Farshah - TQ TVTC,17.7749,43.17555,01-02-2017 00:00,4657.6,4745.886018237391,88.28601823739064,88.28601823739064,7794.421016212872,1.8955259841418461,23.3,2.0,2326.0,3505.4,0.39887505573275717,58.6,894.9
140,6,ann,loso,Al Farshah - TQ TVTC,17.7749,43.17555,01-03-2017 00:00,5753.0,5599.26312456731,-153.73687543268989,153.73687543268989,23635.026867806406,2.672290551585084,26.4,2.1,2300.3,4717.9,0.3277621042432533,52.4,893.0
141,6,ann,loso,Al Farshah - TQ TVTC,17.7749,43.17555,01-04-2017 00:00,6995.7,6816.1034559557,-179.59654404429966,179.59654404429966,32254.91863265607,2.5672419349643305,29.3,2.3,2473.9,5866.1,0.2966306954436451,35.6,893.1
142,6,ann,loso,Al Farshah - TQ TVTC,17.7749,43.17555,01-05-2017 00:00,6580.1,6383.029121665226,-197.07087833477453,197.07087833477453,38836.93108763951,2.994952634986923,29.4,2.0,2776.4,4744.2,0.3691726723931601,53.1,892.2
143,6,ann,loso,Al Farshah - TQ TVTC,17.7749,43.17555,01-09-2017 00:00,6518.8,6424.202873050565,-94.59712694943482,94.59712694943482,8948.616427087489,1.4511432617879798,31.1,2.4,2299.6,5606.0,0.2908824124671119,38.6,890.6
144,6,ann,loso,Al Farshah - TQ TVTC,17.7749,43.17555,01-10-2017 00:00,6485.5,6256.586844598535,-228.9131554014648,228.9131554014648,52401.23271585517,3.5296146079942146,29.3,2.3,1323.0,7616.6,0.1479931988008412,28.0,893.4
145,6,ann,loso,Al Farshah - TQ TVTC,17.7749,43.17555,01-11-2017 00:00,5619.6,5528.784246121382,-90.81575387861812,90.81575387861812,8247.501152541743,1.6160537027300539,25.7,2.2,1173.5,7198.1,0.14017631038272252,38.8,894.6
146,6,ann,loso,Al Farshah - TQ TVTC,17.7749,43.17555,01-03-2018 00:00,6971.5,6421.546916175444,-549.9530838245564,549.9530838245564,302448.3944081396,7.888590458646724,26.8,2.3,1745.2,7193.5,0.19524091870182464,32.2,893.4
147,6,ann,loso,Al Farshah - TQ TVTC,17.7749,43.17555,01-04-2018 00:00,6168.1,5966.378268132273,-201.7217318677276,201.7217318677276,40691.65710771539,3.2704030717356654,26.6,2.0,2591.0,4620.9,0.3592673220649205,46.4,892.3
148,6,ann,loso,Al Farshah - TQ TVTC,17.7749,43.17555,01-05-2018 00:00,6640.5,6507.514708122904,-132.98529187709573,132.98529187709573,17685.087855636346,2.002639739132531,30.0,2.3,2684.8,4991.3,0.3497609463138834,39.7,891.0
149,6,ann,loso,Al Farshah - TQ TVTC,17.7749,43.17555,01-06-2018 00:00,5958.5,6221.119216875914,262.6192168759144,262.6192168759144,68968.85307251856,4.407471962338079,31.3,2.1,3549.4,2937.0,0.5472064627528368,40.6,889.2
150,6,ann,loso,Al Farshah - TQ TVTC,17.7749,43.17555,01-07-2018 00:00,5318.7,5580.838771102477,262.1387711024772,262.1387711024772,68716.73531511695,4.928624872665825,30.4,2.2,3802.2,1788.5,0.6800937270824763,43.6,889.0
151,6,ann,loso,Al Farshah - TQ TVTC,17.7749,43.17555,01-08-2018 00:00,5490.9,5470.470653387264,-20.42934661273557,20.42934661273557,417.35820302329034,0.3720582529773912,29.2,2.0,3387.1,2519.3,0.5734626845455777,52.0,889.4
152,6,ann,loso,Al Farshah - TQ TVTC,17.7749,43.17555,01-09-2018 00:00,6400.2,6211.611692963632,-188.58830703636795,188.58830703636795,35565.54955084339,2.9466002161864937,30.5,2.4,2344.6,5328.5,0.3055609857814964,41.1,891.1
153,6,ann,loso,Al Farshah - TQ TVTC,17.7749,43.17555,01-10-2018 00:00,5778.6,5519.511548522457,-259.08845147754346,259.08845147754346,67126.8256890314,4.4835851499938295,27.5,2.2,1725.7,5794.8,0.22946612592247856,39.5,894.1
154,6,ann,loso,Al Farshah - TQ TVTC,17.7749,43.17555,01-11-2018 00:00,4929.0,4949.693175916219,20.693175916218934,20.693175916218934,428.2075294995833,0.41982503380440117,25.0,2.0,1611.9,5364.2,0.23106033457089203,48.3,894.8
155,6,ann,loso,Al Farshah - TQ TVTC,17.7749,43.17555,01-12-2018 00:00,4963.4,4928.146159953428,-35.253840046571895,35.253840046571895,1242.8332380292763,0.7102760214081456,23.3,1.9,1332.3,6167.7,0.17764,52.7,895.8
156,6,ann,loso,Al Farshah - TQ TVTC,17.7749,43.17555,01-01-2019 00:00,5345.5,5348.7899157957145,3.289915795714478,3.289915795714478,10.823545942891627,0.06154552045111735,23.6,1.8,1533.5,6242.8,0.19720175404755474,50.7,896.1
157,6,ann,loso,Al Farshah - TQ TVTC,17.7749,43.17555,01-02-2019 00:00,5318.9,5179.47674123784,-139.42325876216,139.42325876216,19438.845083860226,2.6212799406298295,24.5,2.0,2299.9,4439.4,0.34126689715549097,50.5,894.9
158,6,ann,loso,Al Farshah - TQ TVTC,17.7749,43.17555,01-03-2019 00:00,5948.5,5727.232196622152,-221.2678033778484,221.2678033778484,48959.440811658176,3.719724357028636,25.7,2.2,2335.9,4903.6,0.3226604047240832,45.9,893.8
159,6,ann,loso,Al Farshah - TQ TVTC,17.7749,43.17555,01-04-2019 00:00,6412.9,6484.023805856048,71.12380585604842,71.12380585604842,5058.595759448867,1.1090739892411925,28.1,2.3,2804.8,4668.9,0.37528934798025076,43.9,892.7
160,6,ann,loso,Al Farshah - TQ TVTC,17.7749,43.17555,01-05-2019 00:00,6343.7,6310.266416062802,-33.43358393719791,33.43358393719791,1117.804534885658,0.5270360189983434,28.1,2.0,2697.1,4650.2,0.3670872293223361,43.4,892.5
161,6,ann,loso,Al Farshah - TQ TVTC,17.7749,43.17555,01-06-2019 00:00,6041.4,5997.07003676499,-44.32996323500993,44.32996323500993,1965.1456404173318,0.7337697095873462,31.2,2.1,2832.6,4033.9,0.41252457583921937,43.9,889.6
162,6,ann,loso,Al Farshah - TQ TVTC,17.7749,43.17555,01-07-2019 00:00,5393.4,5652.756002913509,259.35600291350966,259.35600291350966,67265.53624727242,4.808766323905322,31.2,2.2,3556.0,2203.4,0.6174254262596799,43.3,888.2
163,6,ann,loso,Al Farshah - TQ TVTC,17.7749,43.17555,01-08-2019 00:00,5735.8,5503.95818439361,-231.8418156063899,231.8418156063899,53750.6274636673,4.042013591938176,28.8,2.2,2937.0,3449.6,0.4598691009300723,54.6,890.1
164,6,ann,loso,Al Farshah - TQ TVTC,17.7749,43.17555,01-09-2019 00:00,5977.4,5827.960239657711,-149.43976034228854,149.43976034228854,22332.241971160634,2.5000796390117532,30.5,2.2,2295.6,4871.9,0.3202790373212417,42.2,890.4
165,6,ann,loso,Al Farshah - TQ TVTC,17.7749,43.17555,01-10-2019 00:00,5675.7,5884.991908516573,209.29190851657313,209.29190851657313,43803.102970509615,3.687508298827865,27.5,2.3,1690.2,5970.7,0.22062681930321504,43.6,893.3
166,6,ann,loso,Al Farshah - TQ TVTC,17.7749,43.17555,01-11-2019 00:00,5069.7,5048.5702552675975,-21.129744732402287,21.129744732402287,446.46611245648216,0.41678491296136433,25.3,2.0,1559.4,5647.2,0.2163849804346016,45.0,894.1
167,6,ann,loso,Al Farshah - TQ TVTC,17.7749,43.17555,01-12-2019 00:00,4828.7,4832.183509028402,3.4835090284022954,3.4835090284022954,12.134835150960305,0.07214175716864364,23.3,1.9,1444.5,5780.9,0.1999197276275362,52.1,895.1
168,6,ann,loso,Al Farshah - TQ TVTC,17.7749,43.17555,01-01-2020 00:00,4697.5,4660.3462225560415,-37.15377744395846,37.15377744395846,1380.4031783551966,0.7909266087058745,21.8,2.0,1669.2,5022.5,0.24944334025733372,53.2,896.0
169,6,ann,loso,Al Farshah - TQ TVTC,17.7749,43.17555,01-02-2020 00:00,5332.4,5430.016016399084,97.6160163990844,97.6160163990844,9528.886657626315,1.8306206660994002,25.5,2.1,2221.7,4481.5,0.3314387158372121,47.1,894.9
170,6,ann,loso,Al Farshah - TQ TVTC,17.7749,43.17555,01-03-2020 00:00,5972.7,5812.2130348849705,-160.4869651150293,160.4869651150293,25756.065971832635,2.6870086412347733,25.5,2.1,2581.1,4564.0,0.36124057046087527,51.5,893.1
171,6,ann,loso,Al Farshah - TQ TVTC,17.7749,43.17555,01-04-2020 00:00,6299.4,6119.896929696715,-179.5030703032844,179.5030703032844,32221.352248305862,2.8495264676522276,27.4,2.0,2324.3,5260.8,0.3064297108805421,51.6,892.9
172,6,ann,loso,Al Farshah - TQ TVTC,17.7749,43.17555,01-05-2020 00:00,6540.7,6353.35060701441,-187.34939298558947,187.34939298558947,35099.79505206884,2.8643630343172672,29.6,2.1,2439.4,5140.1,0.321841810145788,43.4,892.4
173,6,ann,loso,Al Farshah - TQ TVTC,17.7749,43.17555,01-09-2020 00:00,6443.4,6340.8023218739845,-102.59767812601513,102.59767812601513,10526.283556849403,1.5922909973929158,30.1,2.2,2029.4,5886.9,0.2563571365410609,39.5,890.3
174,6,ann,loso,Al Farshah - TQ TVTC,17.7749,43.17555,01-10-2020 00:00,6347.6,6160.106195136527,-187.4938048634731,187.4938048634731,35153.926862182125,2.9537747316067975,28.2,2.4,1157.2,7732.7,0.13017019314053027,26.1,893.5
175,6,ann,loso,Al Farshah - TQ TVTC,17.7749,43.17555,01-11-2020 00:00,5099.8,5083.560423513522,-16.239576486477745,16.239576486477745,263.7238444601609,0.3184355560311727,25.1,2.0,1161.3,6380.2,0.15398793343499304,48.3,894.9
176,6,ann,loso,Al Farshah - TQ TVTC,17.7749,43.17555,01-12-2020 00:00,4810.2,4795.941541711471,-14.258458288529255,14.258458288529255,203.3036327657286,0.2964213190413965,23.5,1.9,1149.8,6247.7,0.15543088881378844,52.8,895.3
177,6,ann,loso,Al Farshah - TQ TVTC,17.7749,43.17555,01-01-2021 00:00,5225.9,5370.10212002952,144.2021200295203,144.2021200295203,20794.25142100818,2.7593738883162766,22.5,2.0,1409.8,6365.1,0.18132709102367875,46.5,895.1
178,6,ann,loso,Al Farshah - TQ TVTC,17.7749,43.17555,01-02-2021 00:00,5356.4,5227.9564719496175,-128.44352805038216,128.44352805038216,16497.739898029307,2.3979450386524936,23.4,2.1,1808.6,5374.7,0.2517784305263598,48.4,894.6
179,6,ann,loso,Al Farshah - TQ TVTC,17.7749,43.17555,01-03-2021 00:00,6647.1,6571.9580269311155,-75.14197306888491,75.14197306888491,5646.316116685025,1.1304474593263967,27.0,2.2,2144.3,6129.5,0.259167492566898,36.7,893.4
180,6,ann,loso,Al Farshah - TQ TVTC,17.7749,43.17555,01-04-2021 00:00,6493.8,6249.172013622753,-244.627986377247,244.627986377247,59842.851718986545,3.767100717257184,27.3,2.2,2522.8,5110.4,0.3305035895823508,39.9,893.0
181,6,ann,loso,Al Farshah - TQ TVTC,17.7749,43.17555,01-07-2021 00:00,4964.4,5350.467881681035,386.06788168103503,386.06788168103503,149048.40926568166,7.776727936528786,29.2,2.0,3261.8,2070.0,0.611763381972317,55.4,888.1
182,6,ann,loso,Al Farshah - TQ TVTC,17.7749,43.17555,01-11-2021 00:00,5462.0,5436.854746930341,-25.145253069658793,25.145253069658793,632.2837519371849,0.4603671378553422,26.0,2.2,1185.4,6978.5,0.14520021068361938,34.0,894.7
379,7,ann,loso,Al Hanakiyah - TVTC,24.85577,40.536,01-01-2017 00:00,4578.4,4733.643657449566,155.24365744956594,155.24365744956594,24100.593178318173,3.3907840610162054,18.8,3.1,1337.4,6122.4,0.17928094586986248,30.6,918.9
380,7,ann,loso,Al Hanakiyah - TVTC,24.85577,40.536,01-02-2017 00:00,5384.9,5289.5533675648,-95.34663243519935,95.34663243519935,9090.98031673301,1.7706295833757242,16.8,3.6,1986.1,5640.4,0.26042090080639874,27.4,919.0
381,7,ann,loso,Al Hanakiyah - TVTC,24.85577,40.536,01-03-2017 00:00,6075.7,6292.61431959532,216.9143195953202,216.9143195953202,47051.82204550071,3.5701947034139305,23.4,3.7,2622.9,5070.3,0.34093745125565433,24.6,914.7
382,7,ann,loso,Al Hanakiyah - TVTC,24.85577,40.536,01-04-2017 00:00,6605.0,6783.025046907664,178.02504690766364,178.02504690766364,31692.91732647584,2.6953072961039157,29.5,4.0,3217.4,4426.2,0.4209273117379245,17.9,915.5
383,7,ann,loso,Al Hanakiyah - TVTC,24.85577,40.536,01-05-2017 00:00,6870.0,6994.386535220622,124.38653522062214,124.38653522062214,15472.010144191072,1.8105754762827095,32.4,3.1,3067.4,4924.9,0.38379440211203286,18.3,914.3
384,7,ann,loso,Al Hanakiyah - TVTC,24.85577,40.536,01-06-2017 00:00,8035.4,7836.422529971873,-198.97747002812685,198.97747002812685,39592.033578794115,2.476260920777147,37.2,3.1,2441.4,7385.0,0.24845314662541726,8.3,911.4
385,7,ann,loso,Al Hanakiyah - TVTC,24.85577,40.536,01-09-2017 00:00,6604.4,7400.859717212851,796.4597172128515,796.4597172128515,634348.0811427754,12.059531785065284,34.7,2.9,2064.4,7253.3,0.22155682196250145,9.4,913.8
386,7,ann,loso,Al Hanakiyah - TVTC,24.85577,40.536,01-10-2017 00:00,6029.6,6573.089571356493,543.4895713564929,543.4895713564929,295380.91417326435,9.013691975528939,29.7,2.4,1326.4,8131.0,0.14024996299194284,13.2,916.2
387,7,ann,loso,Al Hanakiyah - TVTC,24.85577,40.536,01-11-2017 00:00,4578.6,4693.969814383422,115.36981438342173,115.36981438342173,13310.194070865182,2.519761813292747,23.4,3.0,1614.0,5300.1,0.23343602204191433,32.3,917.9
388,7,ann,loso,Al Hanakiyah - TVTC,24.85577,40.536,01-03-2018 00:00,6591.4,6808.685908247472,217.28590824747243,217.28590824747243,47213.16592292901,3.296506178466979,26.6,3.2,2257.7,6409.3,0.2604938271604938,20.0,916.2
389,7,ann,loso,Al Hanakiyah - TVTC,24.85577,40.536,01-04-2018 00:00,7158.4,7179.32852524675,20.928525246750723,20.928525246750723,438.0031690038824,0.292363171193992,27.2,3.6,2787.1,5943.8,0.3192225314686917,23.2,913.6
390,7,ann,loso,Al Hanakiyah - TVTC,24.85577,40.536,01-05-2018 00:00,7165.7,7228.48684945104,62.786849451040325,62.786849451040325,3942.188463987603,0.8762137607078211,32.1,4.0,3523.0,4665.5,0.43023752824082556,17.6,913.2
391,7,ann,loso,Al Hanakiyah - TVTC,24.85577,40.536,01-06-2018 00:00,7916.7,7819.779879252793,-96.92012074720697,96.92012074720697,9393.509805653179,1.2242490020741845,36.1,3.4,2643.9,6951.7,0.27553253574555003,11.4,911.2
392,7,ann,loso,Al Hanakiyah - TVTC,24.85577,40.536,01-07-2018 00:00,7658.0,7748.83717049445,90.83717049445022,90.83717049445022,8251.391543437818,1.1861735504629176,36.2,3.6,2644.2,6580.3,0.28664968290964277,13.5,910.0
393,7,ann,loso,Al Hanakiyah - TVTC,24.85577,40.536,01-08-2018 00:00,7446.5,7511.7296887058355,65.22968870583554,65.22968870583554,4254.912288660209,0.8759778245596662,36.8,3.1,2061.2,7241.3,0.22157484547164738,13.9,910.6
394,7,ann,loso,Al Hanakiyah - TVTC,24.85577,40.536,01-09-2018 00:00,6388.5,6535.6780218331105,147.1780218331105,147.1780218331105,21661.370110707554,2.30379622498412,36.4,3.2,2709.2,4977.0,0.3524758658374749,12.5,913.7
395,7,ann,loso,Al Hanakiyah - TVTC,24.85577,40.536,01-10-2018 00:00,5490.0,5662.756155633797,172.75615563379688,172.75615563379688,29844.68930936865,3.146742361271346,28.4,3.2,1816.7,5732.6,0.24064482799729775,28.3,917.5
396,7,ann,loso,Al Hanakiyah - TVTC,24.85577,40.536,01-11-2018 00:00,4315.5,4525.379804282916,209.87980428291576,209.87980428291576,44049.53224583502,4.863394839136039,20.9,3.3,1603.0,4974.5,0.24370961611554542,53.6,918.0
397,7,ann,loso,Al Hanakiyah - TVTC,24.85577,40.536,01-12-2018 00:00,4308.0,4530.836057499568,222.8360574995677,222.8360574995677,49655.90852195064,5.172610434066102,19.3,3.3,1387.7,5796.5,0.19315998997800732,47.5,919.3
398,7,ann,loso,Al Hanakiyah - TVTC,24.85577,40.536,01-01-2019 00:00,4019.8,4203.655534027534,183.8555340275334,183.8555340275334,33802.85739254949,4.573748296620065,19.2,3.0,2013.6,3669.5,0.3543136668367616,43.8,918.6
399,7,ann,loso,Al Hanakiyah - TVTC,24.85577,40.536,01-02-2019 00:00,4920.6,4862.1752496850095,-58.42475031499089,58.42475031499089,3413.451449369028,1.1873501263055497,18.4,3.7,1950.7,4946.3,0.2828331158474699,38.4,918.0
400,7,ann,loso,Al Hanakiyah - TVTC,24.85577,40.536,01-03-2019 00:00,6668.2,6821.730931027922,153.53093102792263,153.53093102792263,23571.746782300736,2.3024344055055734,20.8,3.6,1915.2,7278.0,0.2083278945307401,24.4,916.3
401,7,ann,loso,Al Hanakiyah - TVTC,24.85577,40.536,01-04-2019 00:00,7259.4,7242.08624095693,-17.313759043069695,17.313759043069695,299.76625220147764,0.2385012403651775,25.6,3.5,2515.2,6506.2,0.27880373334515707,23.9,915.1
402,7,ann,loso,Al Hanakiyah - TVTC,24.85577,40.536,01-05-2019 00:00,7359.8,7220.329089004161,-139.4709109958394,139.4709109958394,19452.135014009356,1.8950366993102992,32.5,3.2,2839.9,5829.9,0.3275623428452791,18.3,914.1
403,7,ann,loso,Al Hanakiyah - TVTC,24.85577,40.536,01-06-2019 00:00,7467.2,7436.428915675493,-30.771084324506774,30.771084324506774,946.8596305059065,0.4120833019673609,36.5,3.4,2732.8,6149.4,0.30767152282092275,12.4,912.3
404,7,ann,loso,Al Hanakiyah - TVTC,24.85577,40.536,01-07-2019 00:00,7958.2,7813.821753297745,-144.37824670225473,144.37824670225473,20845.07812081713,1.8142073170095592,36.8,3.5,2221.4,7618.1,0.2257635042431018,12.2,909.8
405,7,ann,loso,Al Hanakiyah - TVTC,24.85577,40.536,01-08-2019 00:00,7554.9,7608.9598092578535,54.059809257853885,54.059809257853885,2922.4629769955445,0.7155595607864285,35.8,3.5,1981.2,7644.3,0.20582826866136825,14.1,911.2
406,7,ann,loso,Al Hanakiyah - TVTC,24.85577,40.536,01-09-2019 00:00,6635.6,6893.73640380829,258.1364038082893,258.1364038082893,66634.40297107618,3.8901742692188988,35.8,3.0,2210.9,6222.8,0.2621506574812953,13.8,912.8
407,7,ann,loso,Al Hanakiyah - TVTC,24.85577,40.536,01-10-2019 00:00,5505.8,5895.081107792563,389.2811077925626,389.2811077925626,151539.78088420472,7.070382284001645,30.4,2.9,1988.0,5546.6,0.2638494412443925,23.0,916.3
408,7,ann,loso,Al Hanakiyah - TVTC,24.85577,40.536,01-11-2019 00:00,4778.9,5063.5121046028125,284.6121046028129,284.6121046028129,81004.05008644251,5.955598665023603,23.6,3.2,1513.0,5907.5,0.20389461626575028,38.1,917.4
409,7,ann,loso,Al Hanakiyah - TVTC,24.85577,40.536,01-12-2019 00:00,4562.7,4963.147630543282,400.4476305432818,400.4476305432818,160358.3048077287,8.776549642608146,19.0,2.8,1013.4,7183.7,0.12362908833611887,33.6,918.5
410,7,ann,loso,Al Hanakiyah - TVTC,24.85577,40.536,01-01-2020 00:00,4929.4,5165.041710364687,235.64171036468724,235.64171036468724,55527.01566359515,4.780332502225164,14.8,2.9,1127.9,7413.2,0.13205559002938733,34.3,919.8
411,7,ann,loso,Al Hanakiyah - TVTC,24.85577,40.536,01-02-2020 00:00,5470.3,5753.019163656369,282.71916365636844,282.71916365636844,79930.12549855644,5.16825701801306,19.0,3.3,1798.4,6283.0,0.22253569926002922,29.9,918.9
412,7,ann,loso,Al Hanakiyah - TVTC,24.85577,40.536,01-03-2020 00:00,6632.6,6822.129672478528,189.52967247852757,189.52967247852757,35921.49674981793,2.85754715313041,22.9,3.6,2292.7,6386.9,0.2641481174247661,21.5,915.6
413,7,ann,loso,Al Hanakiyah - TVTC,24.85577,40.536,01-04-2020 00:00,7323.4,7415.057482480353,91.65748248035379,91.65748248035379,8401.094094636363,1.251570069644616,27.1,3.7,2781.8,6290.0,0.3066425626667255,22.5,914.3
414,7,ann,loso,Al Hanakiyah - TVTC,24.85577,40.536,01-05-2020 00:00,7249.3,7329.378301914891,80.0783019148912,80.0783019148912,6412.534437572467,1.1046349566839722,32.8,3.5,2956.4,5654.4,0.34333627537511036,17.2,914.5
415,7,ann,loso,Al Hanakiyah - TVTC,24.85577,40.536,01-09-2020 00:00,6812.8,7086.274483600737,273.4744836007367,273.4744836007367,74788.2931806896,4.014127577511988,34.8,3.0,2065.5,6758.2,0.23408547434749594,11.4,913.5
416,7,ann,loso,Al Hanakiyah - TVTC,24.85577,40.536,01-10-2020 00:00,6154.4,6433.004087985146,278.6040879851462,278.6040879851462,77620.23784203507,4.526909007947911,28.6,2.8,1300.2,7893.3,0.14142600750530265,13.3,917.9
417,7,ann,loso,Al Hanakiyah - TVTC,24.85577,40.536,01-11-2020 00:00,4646.2,4938.540961487258,292.340961487258,292.340961487258,85463.23776329448,6.29204428322625,23.7,3.0,1459.6,5791.0,0.20130747800182053,37.9,917.7
418,7,ann,loso,Al Hanakiyah - TVTC,24.85577,40.536,01-12-2020 00:00,4199.4,4366.383081174675,166.98308117467514,166.98308117467514,27883.349398588147,3.976355697830051,19.2,3.1,1500.0,5290.1,0.22090985405222308,39.7,919.2
419,7,ann,loso,Al Hanakiyah - TVTC,24.85577,40.536,01-01-2021 00:00,4720.7,4944.150454366684,223.45045436668443,223.45045436668443,49930.10555667772,4.733417805975479,18.6,3.4,1556.5,5938.4,0.20767455202871288,36.4,919.4
420,7,ann,loso,Al Hanakiyah - TVTC,24.85577,40.536,01-02-2021 00:00,5417.2,5597.311216984119,180.11121698411898,180.11121698411898,32440.05048350039,3.3248027945085834,19.5,3.3,1664.4,6361.5,0.20737861174447728,35.0,918.1
421,7,ann,loso,Al Hanakiyah - TVTC,24.85577,40.536,01-03-2021 00:00,6589.8,6786.8344252606075,197.03442526060735,197.03442526060735,38822.564737777866,2.9899909748491207,25.6,3.5,2560.5,5854.2,0.3042889229562551,21.5,916.1
422,7,ann,loso,Al Hanakiyah - TVTC,24.85577,40.536,01-04-2021 00:00,7305.7,7254.1156801887,-51.58431981129979,51.58431981129979,2660.942050394456,0.706083192730331,28.2,3.7,2827.2,5988.0,0.32071875850803155,19.7,916.1
423,7,ann,loso,Al Hanakiyah - TVTC,24.85577,40.536,01-05-2021 00:00,7658.8,7593.720084668026,-65.07991533197401,65.07991533197401,4235.395379616905,0.8497403683602393,34.0,3.3,2655.1,6538.0,0.2888144369146425,12.3,913.3
424,7,ann,loso,Al Hanakiyah - TVTC,24.85577,40.536,01-07-2021 00:00,7663.1,7634.245702485863,-28.854297514137215,28.854297514137215,832.5704850343451,0.3765355732554347,38.1,3.8,2575.0,6684.3,0.278098776365384,12.3,908.7
425,7,ann,loso,Al Hanakiyah - TVTC,24.85577,40.536,01-08-2021 00:00,7545.6,7624.452421295406,78.85242129540529,78.85242129540529,6217.704344148086,1.045011944648607,37.2,3.3,2170.8,7263.2,0.23010387958448167,12.2,910.8
426,7,ann,loso,Al Hanakiyah - TVTC,24.85577,40.536,01-09-2021 00:00,6608.6,6909.492655309326,300.8926553093261,300.8926553093261,90536.39001909691,4.553046867858942,35.4,3.0,2459.0,5760.0,0.2991848156710062,13.1,912.6
427,7,ann,loso,Al Hanakiyah - TVTC,24.85577,40.536,01-10-2021 00:00,5924.8,6257.559479621016,332.759479621016,332.759479621016,110728.87127764936,5.616383331437618,31.0,2.5,1741.4,6635.7,0.20787623401893257,14.8,916.6
428,7,ann,loso,Al Hanakiyah - TVTC,24.85577,40.536,01-11-2021 00:00,4899.6,5216.087861605405,316.48786160540476,316.48786160540476,100164.56654356184,6.459463254253506,23.9,3.0,1283.7,6657.4,0.16165266776643036,26.8,918.3
429,7,ann,loso,Al Hanakiyah - TVTC,24.85577,40.536,01-12-2021 00:00,4052.8,4308.461306559007,255.66130655900724,255.66130655900724,65362.70367145868,6.308263584657698,19.1,3.0,1536.5,4967.0,0.23625739986161298,36.8,919.2
843,8,ann,loso,Al Jouf - TVTC,29.77634,40.02318,01-01-2017 00:00,3830.0,3781.6010622069816,-48.398937793018376,48.398937793018376,2342.4571794924627,1.2636798379378165,9.7,3.8,1505.1,4813.8,0.2381901913307696,42.5,940.8
844,8,ann,loso,Al Jouf - TVTC,29.77634,40.02318,01-02-2017 00:00,4767.7,4337.8979602201225,-429.8020397798773,429.8020397798773,184729.79339894323,9.014871736474134,9.9,4.1,1533.8,5815.4,0.20870298808033527,26.7,941.3
845,8,ann,loso,Al Jouf - TVTC,29.77634,40.02318,01-03-2017 00:00,5740.9,5706.2246225207755,-34.67537747922415,34.67537747922415,1202.3818033266855,0.6040059481827614,16.9,4.7,2227.6,5560.5,0.28602611676788947,35.9,935.8
846,8,ann,loso,Al Jouf - TVTC,29.77634,40.02318,01-04-2017 00:00,5726.0,5899.069944853444,173.0699448534442,173.0699448534442,29953.205811574222,3.0225278528369577,22.3,4.6,2852.7,4059.5,0.4127050721911982,24.8,937.1
847,8,ann,loso,Al Jouf - TVTC,29.77634,40.02318,01-09-2017 00:00,6433.7,6580.577964497779,146.87796449777943,146.87796449777943,21573.136455010954,2.282947052206031,32.5,3.6,2436.7,5772.3,0.2968327445486661,14.8,934.1
848,8,ann,loso,Al Jouf - TVTC,29.77634,40.02318,01-10-2017 00:00,5433.4,5551.040338980031,117.64033898003163,117.64033898003163,13839.24935533675,2.165133047079759,24.8,3.4,1587.2,6530.3,0.19552817985833076,22.4,936.8
849,8,ann,loso,Al Jouf - TVTC,29.77634,40.02318,01-11-2017 00:00,3972.7,4089.7625394315737,117.0625394315739,117.0625394315739,13703.638138168793,2.9466745395215823,17.6,3.6,1851.0,4120.6,0.30996717797575185,42.6,939.2
850,8,ann,loso,Al Jouf - TVTC,29.77634,40.02318,01-03-2018 00:00,6314.3,6474.556078897674,160.25607889767343,160.25607889767343,25682.010823657332,2.5379864576861,21.3,4.0,2252.1,6351.2,0.2617716457638348,22.7,936.9
851,8,ann,loso,Al Jouf - TVTC,29.77634,40.02318,01-04-2018 00:00,7142.7,7010.624286296361,-132.07571370363894,132.07571370363894,17443.994150325598,1.8491006720657306,22.4,4.5,2528.4,6491.3,0.28031974455913167,27.4,934.4
852,8,ann,loso,Al Jouf - TVTC,29.77634,40.02318,01-05-2018 00:00,7350.8,7385.277849099018,34.477849099017476,34.477849099017476,1188.7220784946203,0.4690353308349768,27.7,4.7,2944.4,5943.9,0.3312669464352014,21.4,933.7
853,8,ann,loso,Al Jouf - TVTC,29.77634,40.02318,01-06-2018 00:00,8361.9,7948.857330442943,-413.0426695570568,413.0426695570568,170604.24687482,4.939579157333343,32.0,4.8,2348.1,8113.2,0.22445585156720485,15.9,931.5
854,8,ann,loso,Al Jouf - TVTC,29.77634,40.02318,01-07-2018 00:00,8295.6,7956.673033562765,-338.926966437235,338.926966437235,114871.48857834663,4.085623299547169,32.9,5.1,1991.9,8626.0,0.18759830098230348,16.8,929.6
855,8,ann,loso,Al Jouf - TVTC,29.77634,40.02318,01-08-2018 00:00,7827.0,7706.313695644967,-120.68630435503292,120.68630435503292,14565.184058875637,1.5419228868663972,32.3,5.0,1515.3,8978.7,0.14439679817038306,19.8,930.8
856,8,ann,loso,Al Jouf - TVTC,29.77634,40.02318,01-10-2018 00:00,5122.5,5364.318348658851,241.8183486588514,241.8183486588514,58476.11374809381,4.720709588264546,25.7,3.4,2091.4,5041.5,0.29320472738998166,26.5,937.7
857,8,ann,loso,Al Jouf - TVTC,29.77634,40.02318,01-11-2018 00:00,3147.4,3561.1816462570305,413.7816462570304,413.7816462570304,171215.25077917823,13.146776585658968,15.3,2.7,1697.3,2934.3,0.3664608342689351,73.8,939.3
858,8,ann,loso,Al Jouf - TVTC,29.77634,40.02318,01-12-2018 00:00,3644.8,3757.6833755950775,112.88337559507727,112.88337559507727,12742.656485739286,3.0971075393732788,12.8,3.3,1163.8,5454.8,0.17583779046928352,59.7,940.7
859,8,ann,loso,Al Jouf - TVTC,29.77634,40.02318,01-01-2019 00:00,3527.3,3623.149319191815,95.84931919181463,95.84931919181463,9187.091989534365,2.7173565954643673,10.7,4.0,1616.7,3915.4,0.29223983659008335,50.6,939.3
860,8,ann,loso,Al Jouf - TVTC,29.77634,40.02318,01-02-2019 00:00,4881.0,4644.441838465087,-236.55816153491287,236.55816153491287,55959.76378877793,4.846510172811163,12.2,3.8,1560.2,6004.0,0.20626107189127735,51.2,939.5
861,8,ann,loso,Al Jouf - TVTC,29.77634,40.02318,01-05-2019 00:00,7611.7,7534.254182289844,-77.445817710156,77.445817710156,5997.854680794714,1.0174575680880225,29.8,3.8,2428.0,6984.7,0.2579493662817257,12.7,934.4
862,8,ann,loso,Al Jouf - TVTC,29.77634,40.02318,01-06-2019 00:00,7742.5,7725.376550505128,-17.123449494872148,17.123449494872148,293.2125226034372,0.22116176293021822,33.2,4.3,2163.5,7565.8,0.22236954354372876,14.6,932.0
863,8,ann,loso,Al Jouf - TVTC,29.77634,40.02318,01-07-2019 00:00,8373.8,7979.886048485407,-393.91395151459255,393.91395151459255,155168.20119784077,4.704124191103114,33.2,4.4,1571.1,9475.9,0.14221960713315832,14.7,929.6
864,8,ann,loso,Al Jouf - TVTC,29.77634,40.02318,01-08-2019 00:00,7668.3,7756.982330783363,88.68233078336289,88.68233078336289,7864.555793169792,1.1564796732439118,33.0,4.8,1856.6,8185.3,0.1848853304653502,16.7,930.6
865,8,ann,loso,Al Jouf - TVTC,29.77634,40.02318,01-09-2019 00:00,6670.0,6714.727219655165,44.727219655164845,44.727219655164845,2000.5241780813644,0.670573008323311,32.0,3.5,1744.2,7326.7,0.19228521976871094,17.4,933.1
866,8,ann,loso,Al Jouf - TVTC,29.77634,40.02318,01-10-2019 00:00,4920.7,5040.0160177730595,119.31601777305968,119.31601777305968,14236.312097221095,2.4247773238169303,26.8,3.1,1912.3,4951.6,0.27860254374335286,30.7,936.8
867,8,ann,loso,Al Jouf - TVTC,29.77634,40.02318,01-11-2019 00:00,4056.3,4089.5183437369187,33.21834373691854,33.21834373691854,1103.4583606240753,0.8189321237807493,17.3,3.2,1383.8,5332.8,0.2060268588273829,43.6,939.5
868,8,ann,loso,Al Jouf - TVTC,29.77634,40.02318,01-12-2019 00:00,3804.5,3887.2814889680067,82.78148896800667,82.78148896800667,6852.77491576021,2.1758835318177594,12.5,2.6,903.1,6460.4,0.12264548108915597,47.4,939.6
869,8,ann,loso,Al Jouf - TVTC,29.77634,40.02318,01-01-2020 00:00,3948.7,3907.5813871247183,-41.11861287528154,41.11861287528154,1690.740324787269,1.0413202541414022,9.2,3.7,1333.4,5488.9,0.1954472831742961,48.9,940.4
870,8,ann,loso,Al Jouf - TVTC,29.77634,40.02318,01-02-2020 00:00,5013.3,4984.733738060472,-28.566261939527976,28.566261939527976,816.0313211977247,0.569809545399796,12.0,4.2,1454.2,6556.0,0.1815435319967042,45.4,939.6
871,8,ann,loso,Al Jouf - TVTC,29.77634,40.02318,01-03-2020 00:00,6023.0,5878.527857258221,-144.47214274177895,144.47214274177895,20872.200028400952,2.3986741282048643,17.3,4.8,2141.1,6048.1,0.26145411029160354,33.1,935.6
872,8,ann,loso,Al Jouf - TVTC,29.77634,40.02318,01-04-2020 00:00,7187.5,7000.473549102674,-187.02645089732596,187.02645089732596,34978.89333524988,2.602107142919318,21.9,4.1,2330.6,6828.2,0.25446565052190245,27.7,935.0
873,8,ann,loso,Al Jouf - TVTC,29.77634,40.02318,01-05-2020 00:00,7638.5,7502.036261728361,-136.46373827163916,136.46373827163916,18622.351863070435,1.7865253423007026,28.1,4.2,2581.5,6901.0,0.27223833377273926,15.9,935.0
874,8,ann,loso,Al Jouf - TVTC,29.77634,40.02318,01-09-2020 00:00,6580.0,6952.561566671593,372.561566671593,372.561566671593,138802.12096079186,5.662029888626034,33.7,2.8,2126.1,6568.7,0.24452546349542256,11.5,933.6
875,8,ann,loso,Al Jouf - TVTC,29.77634,40.02318,01-10-2020 00:00,5708.7,5995.804115350187,287.1041153501874,287.1041153501874,82428.7730510137,5.029238098869924,26.1,2.5,1173.8,7846.8,0.1301243819701572,14.1,938.5
876,8,ann,loso,Al Jouf - TVTC,29.77634,40.02318,01-11-2020 00:00,4067.3,4212.313750418856,145.01375041885603,145.01375041885603,21028.98781054227,3.5653566350860775,17.6,3.0,1380.2,5315.3,0.20613845119856622,51.3,938.9
877,8,ann,loso,Al Jouf - TVTC,29.77634,40.02318,01-12-2020 00:00,3380.6,3594.668890732743,214.06889073274306,214.06889073274306,45825.489979547085,6.33227506160868,12.6,3.3,1274.2,4545.1,0.21896104342446687,58.8,941.1
878,8,ann,loso,Al Jouf - TVTC,29.77634,40.02318,01-01-2021 00:00,3944.0,3884.804571493075,-59.195428506925055,59.195428506925055,3504.098756118475,1.5008982887151383,11.5,3.3,1446.4,5145.6,0.21941747572815534,45.9,941.2
879,8,ann,loso,Al Jouf - TVTC,29.77634,40.02318,01-03-2021 00:00,6384.4,6421.3423330208525,36.94233302085286,36.94233302085286,1364.7359690235953,0.5786343747392528,18.1,3.9,2155.5,6569.8,0.24704021638224477,27.5,937.1
880,8,ann,loso,Al Jouf - TVTC,29.77634,40.02318,01-04-2021 00:00,7284.1,7171.009701915454,-113.0902980845467,113.0902980845467,12789.415520851628,1.5525637770561456,23.9,3.5,2225.7,7076.1,0.23927626910920466,17.2,937.3
881,8,ann,loso,Al Jouf - TVTC,29.77634,40.02318,01-05-2021 00:00,8070.1,7810.019011121541,-260.0809888784597,260.0809888784597,67642.1207759975,3.2227728141963508,30.0,3.7,2289.2,7930.5,0.22399874751705037,12.3,933.4
882,8,ann,loso,Al Jouf - TVTC,29.77634,40.02318,01-09-2021 00:00,6706.2,6804.520527434982,98.32052743498207,98.32052743498207,9666.926115093062,1.4661138563565368,30.3,3.2,1641.3,7626.5,0.1770970456850601,18.9,933.6
1459,9,ann,loso,Al Jubail - SWCC,26.9042,49.76274,01-01-2017 00:00,3548.4,3685.3973231334653,136.99732313346522,136.99732313346522,18768.266545735085,3.8608196125990646,16.8,2.8,1516.8,3907.2,0.279646017699115,72.4,1018.6
1460,9,ann,loso,Al Jubail - SWCC,26.9042,49.76274,01-02-2017 00:00,3721.4,3744.4500353003923,23.05003530039221,23.05003530039221,531.304127349327,0.6193915005210998,15.2,0.5,1664.5,3479.3,0.32359345231152065,71.1,1019.5
1461,9,ann,loso,Al Jubail - SWCC,26.9042,49.76274,01-03-2017 00:00,3973.8,4137.368601709943,163.5686017099424,163.5686017099424,26754.687465345774,4.116175995519211,20.7,0.0,2113.4,2693.2,0.43968709690841756,75.3,1013.7
1462,9,ann,loso,Al Jubail - SWCC,26.9042,49.76274,01-04-2017 00:00,5835.2,5813.077992911564,-22.122007088435566,22.122007088435566,489.38319762079345,0.37911309104119084,26.4,0.0,2691.2,4230.3,0.3888174528642635,61.6,1010.9
1463,9,ann,loso,Al Jubail - SWCC,26.9042,49.76274,01-05-2017 00:00,6296.3,6170.582482304188,-125.7175176958126,125.7175176958126,15804.894255596955,1.9966888124106634,31.9,0.0,2872.1,4323.0,0.3991744381593028,49.5,1006.2
1464,9,ann,loso,Al Jubail - SWCC,26.9042,49.76274,01-06-2017 00:00,6948.8,6671.97885027126,-276.82114972874024,276.82114972874024,76629.94893714163,3.983725963169759,34.2,0.0,1737.5,6898.8,0.2011856929472112,45.9,1000.6
1465,9,ann,loso,Al Jubail - SWCC,26.9042,49.76274,01-09-2017 00:00,5878.6,5858.08699201397,-20.51300798603006,20.51300798603006,420.78349663493304,0.34894376188259213,33.3,0.0,2004.8,5499.9,0.26713925939744426,69.1,1004.9
1466,9,ann,loso,Al Jubail - SWCC,26.9042,49.76274,01-10-2017 00:00,5021.3,5128.395396349624,107.09539634962402,107.09539634962402,11469.423919283063,2.132822104825922,29.9,0.0,1688.5,5317.2,0.24101802817705584,68.8,1010.9
1467,9,ann,loso,Al Jubail - SWCC,26.9042,49.76274,01-11-2017 00:00,3901.2,4000.993600055643,99.79360005564331,99.79360005564331,9958.762612065693,2.558023173783536,24.6,0.0,1591.9,4243.0,0.27282387016058546,63.6,1016.1
1468,9,ann,loso,Al Jubail - SWCC,26.9042,49.76274,01-03-2018 00:00,5957.0,5839.22239327484,-117.77760672515979,117.77760672515979,13871.564645906403,1.9771295404592881,23.4,0.0,2331.4,5397.0,0.301666580404741,56.2,1013.4
1469,9,ann,loso,Al Jubail - SWCC,26.9042,49.76274,01-04-2018 00:00,5482.4,5476.420878754881,-5.979121245118222,5.979121245118222,35.74989086382408,0.10906028828830845,25.8,0.0,3245.7,2919.8,0.526429324466791,57.3,1010.2
1470,9,ann,loso,Al Jubail - SWCC,26.9042,49.76274,01-05-2018 00:00,6604.4,6669.190553612281,64.79055361228166,64.79055361228166,4197.815837385943,0.9810210407044041,30.3,0.0,3285.3,4260.7,0.43536973230850784,48.8,1007.2
1471,9,ann,loso,Al Jubail - SWCC,26.9042,49.76274,01-06-2018 00:00,7665.1,7548.015342249778,-117.0846577502225,117.0846577502225,13708.817080486739,1.5275033300312129,35.1,0.0,2752.1,6272.2,0.3049654820872533,43.6,1000.0
1472,9,ann,loso,Al Jubail - SWCC,26.9042,49.76274,01-07-2018 00:00,7378.5,7253.597756554372,-124.9022434456283,124.9022434456283,15600.570417750998,1.6927863853849467,35.4,0.0,2726.8,5954.3,0.314107659167617,45.6,996.6
1473,9,ann,loso,Al Jubail - SWCC,26.9042,49.76274,01-08-2018 00:00,7059.7,6829.316401810257,-230.38359818974277,230.38359818974277,53076.60231485285,3.263362440185033,34.8,0.0,2176.3,6521.7,0.25020694412508626,48.0,998.5
1474,9,ann,loso,Al Jubail - SWCC,26.9042,49.76274,01-09-2018 00:00,6083.9,6043.6421887216475,-40.257811278352165,40.257811278352165,1620.6913689234188,0.6617106013963439,33.1,0.0,2228.5,5429.9,0.2909876736655176,63.5,1005.0
1475,9,ann,loso,Al Jubail - SWCC,26.9042,49.76274,01-10-2018 00:00,4732.9,4641.843981418555,-91.05601858144473,91.05601858144473,8291.198519904408,1.9238948336420532,29.4,0.0,2129.6,4037.2,0.3453330738794837,62.0,1012.9
1476,9,ann,loso,Al Jubail - SWCC,26.9042,49.76274,01-11-2018 00:00,3456.3,3779.1538973182305,322.85389731823034,322.85389731823034,104234.63901357041,9.341026453670986,23.7,0.0,1734.3,3167.3,0.3538232413905663,66.8,1016.9
1477,9,ann,loso,Al Jubail - SWCC,26.9042,49.76274,01-12-2018 00:00,3545.2,3709.7472293556107,164.54722935561085,164.54722935561085,27075.790688608,4.641408929132655,19.9,0.0,1657.1,3825.6,0.3022415962937968,64.4,1019.3
1478,9,ann,loso,Al Jubail - SWCC,26.9042,49.76274,01-01-2019 00:00,3651.6,3729.6506211643637,78.05062116436375,78.05062116436375,6091.899464143026,2.1374362242404357,18.3,0.0,1940.7,3187.0,0.3784737796672972,59.2,1018.9
1479,9,ann,loso,Al Jubail - SWCC,26.9042,49.76274,01-02-2019 00:00,4125.3,3936.428217385275,-188.87178261472536,188.87178261472536,35672.55026806407,4.578376908703012,17.8,0.0,1600.8,4369.5,0.26812722978744785,62.0,1017.9
1480,9,ann,loso,Al Jubail - SWCC,26.9042,49.76274,01-03-2019 00:00,5465.2,5304.298401822095,-160.90159817790482,160.90159817790482,25889.324296203944,2.9441118015425753,19.8,0.0,2306.3,4794.0,0.3248172612424827,57.8,1014.4
1481,9,ann,loso,Al Jubail - SWCC,26.9042,49.76274,01-04-2019 00:00,5869.6,5792.239735483283,-77.3602645167175,77.3602645167175,5984.610526096501,1.3179818815032966,24.6,0.0,2808.2,4115.9,0.40556895481001143,54.2,1011.1
1482,9,ann,loso,Al Jubail - SWCC,26.9042,49.76274,01-05-2019 00:00,6475.5,6512.571465135146,37.071465135146354,37.071465135146354,1374.2935272663717,0.5724880725063138,30.8,0.0,2917.2,4605.5,0.38778630013160165,43.9,1007.0
1483,9,ann,loso,Al Jubail - SWCC,26.9042,49.76274,01-06-2019 00:00,7163.6,6883.72417783397,-279.87582216603005,279.87582216603005,78330.47583311128,3.906915826763499,35.4,0.0,2053.7,6714.8,0.23421337743057533,41.9,1000.8
1484,9,ann,loso,Al Jubail - SWCC,26.9042,49.76274,01-07-2019 00:00,6808.1,6642.667474610419,-165.43252538958131,165.43252538958131,27367.920456774467,2.42993677222105,35.6,0.0,2048.9,6179.0,0.24901858311355268,43.0,996.9
1485,9,ann,loso,Al Jubail - SWCC,26.9042,49.76274,01-08-2019 00:00,6987.8,6960.389750865792,-27.410249134208243,27.410249134208243,751.3217575993638,0.39225863840133146,35.0,0.0,2260.6,6317.2,0.26354076802909837,46.0,998.6
1486,9,ann,loso,Al Jubail - SWCC,26.9042,49.76274,01-09-2019 00:00,6346.6,6282.143976934444,-64.45602306555611,64.45602306555611,4154.5789094275015,1.0155992667815223,33.4,0.0,1719.8,6676.0,0.20484051549584317,52.1,1003.8
1487,9,ann,loso,Al Jubail - SWCC,26.9042,49.76274,01-10-2019 00:00,4976.4,5048.78432203673,72.38432203673074,72.38432203673074,5239.490076717143,1.4545519258245065,31.1,0.0,1954.9,4757.8,0.29122409760603035,56.1,1010.2
1488,9,ann,loso,Al Jubail - SWCC,26.9042,49.76274,01-11-2019 00:00,3931.9,3935.8039666855357,3.903966685535579,3.903966685535579,15.240955881771654,0.09928957210345073,23.9,0.0,1529.9,4384.7,0.25866499847834173,53.6,1015.9
1489,9,ann,loso,Al Jubail - SWCC,26.9042,49.76274,01-12-2019 00:00,3531.3,3648.4810249654647,117.18102496546453,117.18102496546453,13731.392611956822,3.318353721447187,19.6,0.0,1264.3,4553.2,0.21732703051138805,58.7,1018.0
1490,9,ann,loso,Al Jubail - SWCC,26.9042,49.76274,01-01-2020 00:00,3772.3,3837.3619645890085,65.06196458900831,65.06196458900831,4233.0592361813715,1.7247293319462478,16.6,2.7,1288.1,4840.3,0.21018536649043795,56.6,1018.5
1491,9,ann,loso,Al Jubail - SWCC,26.9042,49.76274,01-02-2020 00:00,4780.3,4465.966217647059,-314.33378235294094,314.33378235294094,98805.72672830605,6.575607856263016,18.2,4.1,1833.4,5000.4,0.26828411718224127,54.0,1018.0
1492,9,ann,loso,Al Jubail - SWCC,26.9042,49.76274,01-03-2020 00:00,5488.2,5320.410744380546,-167.7892556194538,167.7892556194538,28153.23430133041,3.0572729787444666,21.1,4.3,2332.8,4713.9,0.3310485759291584,54.9,1012.8
1493,9,ann,loso,Al Jubail - SWCC,26.9042,49.76274,01-04-2020 00:00,5407.2,5369.540119957085,-37.659880042914665,37.659880042914665,1418.2665648467223,0.696476550579129,26.1,4.2,2869.8,3396.5,0.457973604838581,51.8,1009.7
1494,9,ann,loso,Al Jubail - SWCC,26.9042,49.76274,01-05-2020 00:00,6894.7,6864.892702968668,-29.807297031331473,29.807297031331473,888.474956314022,0.43232188538053107,30.0,3.6,2616.7,5634.3,0.3171373166888862,47.2,1007.0
1495,9,ann,loso,Al Jubail - SWCC,26.9042,49.76274,01-11-2020 00:00,3905.2,4033.618427840961,128.41842784096116,128.41842784096116,16491.292609144148,3.288395673485639,24.6,3.5,1498.6,4455.7,0.2516836571889223,58.9,1015.6
1496,9,ann,loso,Al Jubail - SWCC,26.9042,49.76274,01-12-2020 00:00,3358.2,3609.9555846931316,251.75558469313182,251.75558469313182,63380.87442418067,7.496741846618184,19.0,3.6,1436.2,3841.2,0.27214158487133816,61.7,1019.2
1497,9,ann,loso,Al Jubail - SWCC,26.9042,49.76274,01-01-2021 00:00,3883.0,3847.2834791396226,-35.716520860377386,35.716520860377386,1275.669862369773,0.9198176889100537,17.4,3.4,1497.3,4548.5,0.2476595322372556,59.1,1019.3
1498,9,ann,loso,Al Jubail - SWCC,26.9042,49.76274,01-02-2021 00:00,4494.8,4340.576770319677,-154.22322968032313,154.22322968032313,23784.8045730297,3.4311477636451704,18.4,3.8,1576.0,5087.3,0.23651944231837077,60.0,1017.3
1499,9,ann,loso,Al Jubail - SWCC,26.9042,49.76274,01-03-2021 00:00,5505.5,5414.859500938918,-90.64049906108175,90.64049906108175,8215.700070041963,1.6463627111267234,21.9,4.5,2614.9,4175.9,0.385065088060317,52.5,1013.0
1500,9,ann,loso,Al Jubail - SWCC,26.9042,49.76274,01-04-2021 00:00,6685.9,6527.77679652,-158.12320347999957,158.12320347999957,25002.94747877735,2.3650249552042295,26.5,4.1,2655.6,5380.8,0.3304464685680155,47.7,1010.4
1501,9,ann,loso,Al Jubail - SWCC,26.9042,49.76274,01-05-2021 00:00,7350.3,7335.1044352312165,-15.195564768783697,15.195564768783697,230.90518864230035,0.20673393968659368,32.1,3.3,2539.0,6355.7,0.28545088648296174,42.6,1004.8
1502,9,ann,loso,Al Jubail - SWCC,26.9042,49.76274,01-07-2021 00:00,7340.4,7281.188939673973,-59.2110603260262,59.2110603260262,3505.9496649323137,0.806646236254512,35.9,3.5,2197.9,6751.2,0.24560011621280353,50.2,997.0
1503,9,ann,loso,Al Jubail - SWCC,26.9042,49.76274,01-08-2021 00:00,6824.9,6520.190863139309,-304.7091368606907,304.7091368606907,92847.65808638713,4.464668154268791,35.5,0.2,2101.2,6325.2,0.24935915693534605,55.2,1000.1
1504,9,ann,loso,Al Jubail - SWCC,26.9042,49.76274,01-09-2021 00:00,6263.2,6238.373995423844,-24.826004576156265,24.826004576156265,616.3305032153318,0.3963789209374803,32.8,0.0,1628.3,6721.8,0.19500365265086644,55.3,1003.5
1505,9,ann,loso,Al Jubail - SWCC,26.9042,49.76274,01-10-2021 00:00,5176.8,5260.604327896746,83.80432789674614,83.80432789674614,7023.165374225344,1.618844226100026,29.5,0.0,1558.9,5815.0,0.21140780319776512,58.5,1010.8
1506,9,ann,loso,Al Jubail - SWCC,26.9042,49.76274,01-11-2021 00:00,4147.8,4178.825594279155,31.025594279154575,31.025594279154575,962.5875003747091,0.7480012121884992,24.0,0.0,1445.8,5032.5,0.22317583316610837,59.0,1014.7
1507,9,ann,loso,Al Jubail - SWCC,26.9042,49.76274,01-12-2021 00:00,3370.2,3582.178782020504,211.97878202050424,211.97878202050424,44935.00402689645,6.2897982915110155,19.1,0.0,1417.7,3890.0,0.2671025114456356,61.1,1018.4
513,10,ann,loso,Al Khafji - SWCC,28.50676,48.455128,01-02-2017 00:00,3949.1,3901.5820650141163,-47.517934985883585,47.517934985883585,2257.9541453226593,1.2032598563187458,12.5,3.5,1788.9,3785.9,0.3208904355313195,47.2,1019.5
514,10,ann,loso,Al Khafji - SWCC,28.50676,48.455128,01-11-2017 00:00,3938.1,3990.021427099883,51.9214270998832,51.9214270998832,2695.834592088486,1.3184385134933905,21.5,3.3,1571.4,4407.1,0.26284184996236515,48.1,1016.4
515,10,ann,loso,Al Khafji - SWCC,28.50676,48.455128,01-03-2018 00:00,5826.0,5405.462360493386,-420.53763950661414,420.53763950661414,176851.90624179496,7.21829110035383,21.5,3.4,2206.8,5403.5,0.2899754280383165,44.9,1013.0
516,10,ann,loso,Al Khafji - SWCC,28.50676,48.455128,01-04-2018 00:00,5838.9,5643.799909438116,-195.10009056188392,195.10009056188392,38064.04533725531,3.3413843457138146,24.3,3.7,3234.6,3462.7,0.4829707494064773,51.3,1009.9
517,10,ann,loso,Al Khafji - SWCC,28.50676,48.455128,01-05-2018 00:00,6759.9,6758.289119566734,-1.6108804332652653,1.6108804332652653,2.594935770276889,0.023829944722041235,29.9,3.0,3162.2,4749.9,0.3996663338431011,38.4,1006.9
518,10,ann,loso,Al Khafji - SWCC,28.50676,48.455128,01-06-2018 00:00,7569.0,7427.688404453313,-141.31159554668739,141.31159554668739,19968.967035950558,1.8669784059543848,34.8,3.8,3187.7,5639.7,0.36111425787887713,29.1,1000.0
519,10,ann,loso,Al Khafji - SWCC,28.50676,48.455128,01-07-2018 00:00,7416.9,7453.460759284601,36.56075928460177,36.56075928460177,1336.6891194665948,0.49293854959082334,36.4,4.0,2899.6,5875.5,0.3304349807979396,21.6,996.6
520,10,ann,loso,Al Khafji - SWCC,28.50676,48.455128,01-03-2020 00:00,5678.3,5337.768127558163,-340.53187244183755,340.53187244183755,115961.95614874392,5.99707434340978,19.3,3.6,2138.4,5343.2,0.2858212147134303,56.6,1012.8
521,10,ann,loso,Al Khafji - SWCC,28.50676,48.455128,01-04-2020 00:00,6194.9,6553.667799102433,358.76779910243295,358.76779910243295,128714.33367280368,5.791341250099808,24.3,3.5,3297.2,3990.5,0.45243355242394717,51.8,1009.8
522,10,ann,loso,Al Khafji - SWCC,28.50676,48.455128,01-09-2020 00:00,6394.5,6367.049150618691,-27.450849381309126,27.450849381309126,753.5491317553196,0.42928844133722927,33.0,2.7,1898.9,6518.8,0.22558418570393338,40.8,1004.1
523,10,ann,loso,Al Khafji - SWCC,28.50676,48.455128,01-10-2020 00:00,5466.9,5520.164809870424,53.26480987042396,53.26480987042396,2837.139970532414,0.974314691514825,26.6,2.5,1368.7,6781.2,0.16794071092896848,42.6,1011.6
524,10,ann,loso,Al Khafji - SWCC,28.50676,48.455128,01-11-2020 00:00,3736.1,3840.285200081765,104.18520008176529,104.18520008176529,10854.555916077466,2.7886084441467114,22.4,3.6,1507.8,4169.5,0.2655839923907491,56.9,1015.9
525,10,ann,loso,Al Khafji - SWCC,28.50676,48.455128,01-12-2020 00:00,3067.4,3394.8231802622613,327.4231802622612,327.4231802622612,107205.9389730532,10.674290286961636,15.5,3.1,1282.8,3681.1,0.25842583452527246,64.4,1019.5
526,10,ann,loso,Al Khafji - SWCC,28.50676,48.455128,01-01-2021 00:00,3791.6,3731.424803113349,-60.175196886651065,60.175196886651065,3621.0543203472203,1.5870660641062102,13.9,2.9,1545.4,4379.7,0.26082260215017466,53.9,1019.7
527,10,ann,loso,Al Khafji - SWCC,28.50676,48.455128,01-02-2021 00:00,4392.6,4099.983432606589,-292.61656739341106,292.61656739341106,85624.45551310267,6.661580098197219,16.0,0.0,1477.9,5060.7,0.22602697825222526,57.1,1017.6
528,10,ann,loso,Al Khafji - SWCC,28.50676,48.455128,01-03-2021 00:00,5763.4,5617.820005621719,-145.5799943782804,145.5799943782804,21193.53476318015,2.5259394520297116,20.1,0.0,2573.5,4760.7,0.3508903493223528,42.5,1013.2
529,10,ann,loso,Al Khafji - SWCC,28.50676,48.455128,01-04-2021 00:00,6385.6,6355.104493423818,-30.49550657618238,30.49550657618238,929.9759213379828,0.47756681558792247,25.6,0.0,2797.2,4953.7,0.360887122785741,34.3,1010.5
530,10,ann,loso,Al Khafji - SWCC,28.50676,48.455128,01-05-2021 00:00,7342.1,7334.148395733659,-7.9516042663417466,7.9516042663417466,63.22801040850427,0.10830149775053113,32.1,0.0,2642.0,6220.9,0.29809655981676425,26.7,1004.7
531,10,ann,loso,Al Khafji - SWCC,28.50676,48.455128,01-07-2021 00:00,7678.7,7626.718350563874,-51.981649436125736,51.981649436125736,2702.091878100271,0.6769589831107575,36.7,0.0,2200.3,7293.0,0.23177398797046342,30.0,996.9
532,10,ann,loso,Al Khafji - SWCC,28.50676,48.455128,01-08-2021 00:00,7239.3,7151.404234189051,-87.89576581094934,87.89576581094934,7725.6656474932515,1.2141473044486255,35.8,0.0,2172.8,6851.9,0.24076146575509436,33.5,999.9
533,10,ann,loso,Al Khafji - SWCC,28.50676,48.455128,01-09-2021 00:00,6523.0,6584.847459794004,61.84745979400395,61.84745979400395,3825.1082829709353,0.9481444089223356,32.2,0.0,1749.5,6997.5,0.2000114324911398,31.5,1003.5
534,10,ann,loso,Al Khafji - SWCC,28.50676,48.455128,01-10-2021 00:00,5078.8,5265.743186088919,186.943186088919,186.943186088919,34947.7548250762,3.6808534710742498,27.6,0.0,1732.2,5432.1,0.2417821699258825,38.1,1011.0
1068,11,ann,loso,Al Qunfudhah - TVTC,19.15197,41.08111,01-01-2017 00:00,4603.3,4733.364285771069,130.06428577106908,130.06428577106908,16916.71843313832,2.825457514632309,26.5,2.3,1731.3,4826.3,0.26401427351470047,76.5,1012.8
1069,11,ann,loso,Al Qunfudhah - TVTC,19.15197,41.08111,01-02-2017 00:00,4068.8,4365.268131396048,296.4681313960482,296.4681313960482,87893.3529334645,7.286377590347231,26.4,2.5,2493.3,2316.6,0.5183683652466788,71.1,1012.0
1070,11,ann,loso,Al Qunfudhah - TVTC,19.15197,41.08111,01-03-2017 00:00,5175.3,5205.020276438415,29.720276438414658,29.720276438414658,883.2948315757855,0.5742715676079581,28.0,2.6,2617.2,3455.6,0.4309708865762087,72.8,1008.9
1071,11,ann,loso,Al Qunfudhah - TVTC,19.15197,41.08111,01-04-2017 00:00,6063.9,5993.154350144673,-70.74564985532652,70.74564985532652,5004.946973452461,1.1666691379364194,30.6,2.6,2708.7,4292.5,0.3868908187167914,65.0,1007.7
1072,11,ann,loso,Al Qunfudhah - TVTC,19.15197,41.08111,01-05-2017 00:00,5961.5,5864.616817992884,-96.88318200711637,96.88318200711637,9386.350955824038,1.6251477313950577,32.1,2.9,2791.6,3960.8,0.41342337539245305,71.3,1006.0
1073,11,ann,loso,Al Qunfudhah - TVTC,19.15197,41.08111,01-06-2017 00:00,5946.6,5920.785319449394,-25.81468055060668,25.81468055060668,666.3977319298708,0.43410823917207614,32.6,2.9,2959.5,3624.0,0.44953292321713373,74.7,1002.2
1074,11,ann,loso,Al Qunfudhah - TVTC,19.15197,41.08111,01-09-2017 00:00,5957.8,5810.203360652786,-147.59663934721448,147.59663934721448,21784.767946591703,2.4773681450739278,32.2,2.8,3070.0,3642.6,0.4573488663111164,79.4,1004.5
1075,11,ann,loso,Al Qunfudhah - TVTC,19.15197,41.08111,01-10-2017 00:00,5667.9,5638.424776826922,-29.47522317307721,29.47522317307721,868.7887811027078,0.5200378124715893,30.5,2.5,2091.8,5201.7,0.2868033180228971,78.4,1007.8
1076,11,ann,loso,Al Qunfudhah - TVTC,19.15197,41.08111,01-11-2017 00:00,4737.6,4829.431873808423,91.83187380842264,91.83187380842264,8433.093047166061,1.9383627534705892,29.1,2.3,1912.1,4619.1,0.2927639637432631,74.2,1010.4
1077,11,ann,loso,Al Qunfudhah - TVTC,19.15197,41.08111,01-12-2017 00:00,4548.6,4620.172316528453,71.57231652845257,71.57231652845257,5122.596493249006,1.573502100172637,26.7,2.1,1658.6,5033.8,0.2478333632179786,73.0,1013.3
1078,11,ann,loso,Al Qunfudhah - TVTC,19.15197,41.08111,01-03-2018 00:00,6486.4,6107.995884710907,-378.40411528909226,378.40411528909226,143189.67446772062,5.833807894812104,27.8,2.3,2263.3,5829.9,0.2796545247862403,71.9,1009.3
1079,11,ann,loso,Al Qunfudhah - TVTC,19.15197,41.08111,01-04-2018 00:00,6652.1,6500.3646689992065,-151.73533100079385,151.73533100079385,23023.61067392047,2.28101398055943,30.2,2.5,2627.6,5211.2,0.3352043680155126,70.7,1006.9
1080,11,ann,loso,Al Qunfudhah - TVTC,19.15197,41.08111,01-05-2018 00:00,6919.4,6882.104357606138,-37.29564239386127,37.29564239386127,1390.9649415707822,0.53900110405326,31.8,2.6,3245.1,4602.4,0.41352022937241156,70.7,1004.8
1081,11,ann,loso,Al Qunfudhah - TVTC,19.15197,41.08111,01-06-2018 00:00,6298.2,6585.272264411622,287.0722644116222,287.0722644116222,82410.48499441633,4.558004896821666,32.7,3.2,3832.3,2975.4,0.5629360870778677,72.1,1002.3
1082,11,ann,loso,Al Qunfudhah - TVTC,19.15197,41.08111,01-07-2018 00:00,6173.5,6355.5200993840235,182.02009938402352,182.02009938402352,33131.3165797698,2.9484101301372565,32.7,3.5,3603.3,3098.7,0.537645478961504,69.2,1002.6
1083,11,ann,loso,Al Qunfudhah - TVTC,19.15197,41.08111,01-08-2018 00:00,6225.0,6288.02503527379,63.02503527379031,63.02503527379031,3972.1550712625126,1.012450365844021,33.0,3.5,3379.3,3438.1,0.4956875055006308,74.3,1002.8
1084,11,ann,loso,Al Qunfudhah - TVTC,19.15197,41.08111,01-09-2018 00:00,5957.2,5911.171285279288,-46.02871472071183,46.02871472071183,2118.642578840674,0.772656864310613,32.7,2.3,3243.1,3374.2,0.4900941471597178,80.7,1005.0
1085,11,ann,loso,Al Qunfudhah - TVTC,19.15197,41.08111,01-10-2018 00:00,5391.0,5430.844805290432,39.844805290432305,39.844805290432305,1587.6085086324622,0.7390985956303525,30.8,1.8,2299.3,4418.2,0.3422850762932639,74.8,1008.8
1086,11,ann,loso,Al Qunfudhah - TVTC,19.15197,41.08111,01-11-2018 00:00,4418.4,4367.20415665776,-51.19584334223964,51.19584334223964,2621.014375523143,1.1586964363172108,29.1,1.6,2037.1,3856.6,0.3456402599385785,75.7,1010.4
1087,11,ann,loso,Al Qunfudhah - TVTC,19.15197,41.08111,01-12-2018 00:00,4109.2,4224.288365542771,115.0883655427715,115.0883655427715,13245.331883306593,2.8007486990842865,27.5,1.6,2033.3,3567.0,0.3630698355445244,77.8,1012.5
1088,11,ann,loso,Al Qunfudhah - TVTC,19.15197,41.08111,01-01-2019 00:00,4616.3,4714.201005704108,97.90100570410777,97.90100570410777,9584.606917875743,2.1207678379678048,26.8,1.6,2196.5,3983.3,0.3554322146347778,79.1,1012.9
1089,11,ann,loso,Al Qunfudhah - TVTC,19.15197,41.08111,01-02-2019 00:00,4805.2,4846.905295571258,41.70529557125792,41.70529557125792,1739.3316786859855,0.8679200776504187,26.6,2.0,2694.3,3153.1,0.46076888873687455,75.9,1011.7
1090,11,ann,loso,Al Qunfudhah - TVTC,19.15197,41.08111,01-03-2019 00:00,6154.0,5996.615876467719,-157.38412353228068,157.38412353228068,24769.762340024186,2.557428071697769,26.9,2.3,2688.8,4702.5,0.3637790375170809,71.5,1010.3
1091,11,ann,loso,Al Qunfudhah - TVTC,19.15197,41.08111,01-04-2019 00:00,6536.0,6576.807350433408,40.80735043340792,40.80735043340792,1665.2398493949574,0.6243474668514063,29.8,2.0,2894.4,4666.4,0.3828166331605122,71.1,1007.6
1092,11,ann,loso,Al Qunfudhah - TVTC,19.15197,41.08111,01-05-2019 00:00,6425.8,6560.60798763766,134.8079876376596,134.8079876376596,18173.193530915385,2.0979175766077316,32.6,2.2,2897.1,4598.5,0.3865067506270345,60.9,1006.1
1093,11,ann,loso,Al Qunfudhah - TVTC,19.15197,41.08111,01-06-2019 00:00,6387.9,6572.9821176483765,185.08211764837688,185.08211764837688,34255.390273207624,2.8973859585838366,33.3,2.9,3510.2,3458.7,0.5036949877312058,73.4,1002.6
1094,11,ann,loso,Al Qunfudhah - TVTC,19.15197,41.08111,01-07-2019 00:00,6463.4,6701.777273424982,238.37727342498238,238.37727342498238,56823.72448552881,3.6881095619176034,33.0,3.3,3579.8,3504.5,0.5053145688353119,70.0,1001.2
1095,11,ann,loso,Al Qunfudhah - TVTC,19.15197,41.08111,01-08-2019 00:00,6034.5,6175.88981705701,141.38981705701008,141.38981705701008,19991.08036741478,2.343024559731711,32.9,3.4,3219.6,3438.2,0.4835831656102617,76.4,1003.8
1096,11,ann,loso,Al Qunfudhah - TVTC,19.15197,41.08111,01-09-2019 00:00,5989.8,5926.375854161491,-63.4241458385095,63.4241458385095,4022.622275344522,1.0588691749058317,32.1,2.5,2896.6,3898.3,0.4262903059647677,82.2,1003.8
1097,11,ann,loso,Al Qunfudhah - TVTC,19.15197,41.08111,01-10-2019 00:00,5564.8,5565.725269997374,0.9252699973740164,0.9252699973740164,0.8561245680405123,0.01662719230473721,30.9,1.8,2124.4,4919.2,0.30160713271622464,77.3,1008.3
1098,11,ann,loso,Al Qunfudhah - TVTC,19.15197,41.08111,01-11-2019 00:00,4206.5,4377.996431082876,171.49643108287637,171.49643108287637,29411.025874163763,4.076938810956291,28.7,1.4,1795.2,3890.5,0.31573948678263014,80.4,1009.6
1099,11,ann,loso,Al Qunfudhah - TVTC,19.15197,41.08111,01-12-2019 00:00,4460.9,4664.311995465859,203.41199546585904,203.41199546585904,41376.439899402656,4.5598869166728475,27.6,1.8,1773.5,4714.4,0.273355014719709,79.0,1011.6
1100,11,ann,loso,Al Qunfudhah - TVTC,19.15197,41.08111,01-01-2020 00:00,4132.0,4225.1876312468685,93.18763124686848,93.18763124686848,8683.934617402338,2.2552669711246,20.2,2.1,1493.0,4790.6,0.23760264816347315,62.9,1016.4
1101,11,ann,loso,Al Qunfudhah - TVTC,19.15197,41.08111,01-02-2020 00:00,5069.8,5073.704430279091,3.904430279090775,3.904430279090775,15.244575804280867,0.07701349716144178,26.2,1.6,2509.8,3741.1,0.4015101825337152,79.0,1012.7
1102,11,ann,loso,Al Qunfudhah - TVTC,19.15197,41.08111,01-03-2020 00:00,5969.4,5972.223906830946,2.8239068309467257,2.8239068309467257,7.974449789867579,0.04730637636859192,27.1,1.2,2971.8,3975.4,0.4277694610778443,78.1,1009.3
1103,11,ann,loso,Al Qunfudhah - TVTC,19.15197,41.08111,01-04-2020 00:00,6822.3,6576.464473253601,-245.8355267463994,245.8355267463994,60435.10621067966,3.603411265209671,29.8,2.5,2477.4,5643.0,0.3050834934239693,74.4,1007.8
1104,11,ann,loso,Al Qunfudhah - TVTC,19.15197,41.08111,01-05-2020 00:00,6685.0,6617.8715154930005,-67.12848450699948,67.12848450699948,4506.23343220647,1.004165811623029,32.1,3.0,2890.0,4756.6,0.377945753668297,73.0,1006.0
1105,11,ann,loso,Al Qunfudhah - TVTC,19.15197,41.08111,01-10-2020 00:00,5807.6,5793.811618367973,-13.788381632027267,13.788381632027267,190.11946803042693,0.23741961622748237,30.6,2.3,1839.5,5788.0,0.24116683054736152,78.8,1007.5
1106,11,ann,loso,Al Qunfudhah - TVTC,19.15197,41.08111,01-11-2020 00:00,4494.5,4564.401684307806,69.90168430780614,69.90168430780614,4886.245469068191,1.555271649967875,29.2,2.3,1828.7,4301.2,0.29832460562162516,80.0,1010.2
1107,11,ann,loso,Al Qunfudhah - TVTC,19.15197,41.08111,01-12-2020 00:00,4492.0,4671.995866116109,179.99586611610903,179.99586611610903,32398.511818888244,4.007031747909818,27.4,2.1,1638.6,5006.1,0.24660255542010923,82.9,1011.5
1108,11,ann,loso,Al Qunfudhah - TVTC,19.15197,41.08111,01-01-2021 00:00,4590.6,4683.3483829199395,92.7483829199391,92.7483829199391,8602.262534263651,2.0203978329616845,26.2,2.1,1968.1,4364.5,0.3107886176294097,83.6,1011.8
1109,11,ann,loso,Al Qunfudhah - TVTC,19.15197,41.08111,01-02-2021 00:00,5038.1,4900.416360376358,-137.6836396236422,137.6836396236422,18956.784620012975,2.732848487001889,26.0,2.6,2207.1,4209.1,0.3439886537202705,79.0,1011.5
1110,11,ann,loso,Al Qunfudhah - TVTC,19.15197,41.08111,01-04-2021 00:00,6796.6,6892.54457046289,95.94457046288971,95.94457046288971,9205.36060130841,1.4116553933273945,29.6,2.5,2874.2,4925.7,0.3684919037423557,72.7,1007.5
1111,11,ann,loso,Al Qunfudhah - TVTC,19.15197,41.08111,01-07-2021 00:00,5840.7,6161.406803668144,320.70680366814395,320.70680366814395,102852.85391903743,5.490896701904633,33.1,3.6,3441.2,2969.5,0.5367900541282543,74.3,1001.1
1112,11,ann,loso,Al Qunfudhah - TVTC,19.15197,41.08111,01-10-2021 00:00,5500.6,5604.138462944746,103.53846294474533,103.53846294474533,10720.213308960403,1.8823121649410124,30.6,0.0,2343.9,4448.1,0.3450971731448763,86.1,1007.4
430,12,ann,loso,Al Uwayqilah,30.327166,42.253735,01-04-2021 00:00,6817.4,6874.823163798069,57.423163798069254,57.423163798069254,3297.4197405798914,0.8423029864474617,24.9,3.9,2497.5,6127.0,0.2895820047538988,19.4,963.8
431,12,ann,loso,Al Uwayqilah,30.327166,42.253735,01-10-2021 00:00,4938.5,5094.386576651035,155.88657665103528,155.88657665103528,24300.624779979098,3.156557186413593,26.6,3.2,1705.0,5423.6,0.2391773980865808,22.2,963.8
432,12,ann,loso,Al Uwayqilah,30.327166,42.253735,01-11-2021 00:00,3868.8,4033.6698550904985,164.86985509049828,164.86985509049828,27182.0691175619,4.261524376822226,17.9,3.1,1358.3,4998.1,0.21369013907243092,37.7,967.4
433,12,ann,loso,Al Uwayqilah,30.327166,42.253735,01-12-2021 00:00,3175.3,3475.605596373138,300.30559637313763,300.30559637313763,90183.45121302585,9.457550353451252,12.7,2.9,1420.0,3801.5,0.2719525040697118,47.4,968.6
1422,13,ann,loso,Al Wajh - TVTC,26.256,36.443,01-01-2017 00:00,4200.7,4108.673205562929,-92.02679443707075,92.02679443707075,8468.930894362875,2.190749028425518,19.5,2.9,1323.6,5446.0,0.19552115339163317,47.2,1013.9
1423,13,ann,loso,Al Wajh - TVTC,26.256,36.443,01-02-2017 00:00,5057.4,4877.071250647109,-180.32874935289055,180.32874935289055,32518.457843177624,3.5656414235158493,19.3,3.0,1525.6,6045.2,0.20151106884345116,35.9,1014.3
1424,13,ann,loso,Al Wajh - TVTC,26.256,36.443,01-03-2017 00:00,5541.5,5351.860907310967,-189.63909268903262,189.63909268903262,35962.98547591951,3.422161737598712,21.7,2.9,1725.0,5803.6,0.22912626517546422,52.4,1009.5
1425,13,ann,loso,Al Wajh - TVTC,26.256,36.443,01-11-2017 00:00,4630.7,4947.624473511784,316.9244735117845,316.9244735117845,100441.1219107218,6.843986298222397,24.2,2.6,1275.5,6355.6,0.16714497254655292,50.1,1011.1
1426,13,ann,loso,Al Wajh - TVTC,26.256,36.443,01-03-2018 00:00,6522.6,6508.117804301798,-14.482195698202304,14.482195698202304,209.7339922410293,0.22203102594367743,24.1,2.7,1793.9,7248.1,0.19839637248396375,55.3,1009.5
1427,13,ann,loso,Al Wajh - TVTC,26.256,36.443,01-04-2018 00:00,7375.2,6965.686663827424,-409.5133361725757,409.5133361725757,167701.172503193,5.552572624099357,25.3,2.7,2354.4,6860.2,0.25550756408308556,56.4,1007.2
1428,13,ann,loso,Al Wajh - TVTC,26.256,36.443,01-05-2018 00:00,7155.7,7078.2706699691435,-77.42933003085636,77.42933003085636,5995.301149027275,1.0820650674407306,29.8,2.8,2985.8,5446.4,0.35409501672161475,48.4,1005.1
1429,13,ann,loso,Al Wajh - TVTC,26.256,36.443,01-06-2018 00:00,8075.8,7773.478036399752,-302.3219636002477,302.3219636002477,91398.56967510951,3.7435543673722447,30.1,3.1,2297.0,7721.7,0.22927126273867865,58.8,1003.2
1430,13,ann,loso,Al Wajh - TVTC,26.256,36.443,01-01-2019 00:00,3929.6,3870.6278109834957,-58.97218901650422,58.97218901650422,3477.7190773983007,1.5007173507864469,19.5,2.6,1595.7,4439.3,0.2644076222038111,49.8,1014.0
1431,13,ann,loso,Al Wajh - TVTC,26.256,36.443,01-02-2019 00:00,5101.3,5061.780988122198,-39.51901187780186,39.51901187780186,1561.7522997978444,0.774685117083917,20.5,2.9,1733.3,5780.7,0.23067607133351078,43.8,1013.3
1432,13,ann,loso,Al Wajh - TVTC,26.256,36.443,01-03-2019 00:00,6392.0,6323.6744584901235,-68.32554150987653,68.32554150987653,4668.379622617861,1.068922739516216,20.9,3.1,1869.6,6942.3,0.21216763694549415,44.3,1011.8
1433,13,ann,loso,Al Wajh - TVTC,26.256,36.443,01-07-2019 00:00,8071.9,7615.80812149856,-456.0918785014401,456.0918785014401,208019.8016349724,5.650365818474462,30.5,2.6,1699.1,8707.4,0.16327295440349782,65.1,1002.0
1434,13,ann,loso,Al Wajh - TVTC,26.256,36.443,01-08-2019 00:00,7581.2,7185.505952271958,-395.69404772804137,395.69404772804137,156573.77940740148,5.219411804569743,31.1,2.6,1678.4,8204.4,0.16983041243372327,65.5,1003.5
1435,13,ann,loso,Al Wajh - TVTC,26.256,36.443,01-11-2019 00:00,4649.9,5047.770770701371,397.87077070137093,397.87077070137093,158301.1501785029,8.556544671957912,25.9,2.4,1294.0,6403.2,0.16811308008106846,47.3,1010.2
1436,13,ann,loso,Al Wajh - TVTC,26.256,36.443,01-02-2020 00:00,5416.4,5551.629560342143,135.2295603421435,135.2295603421435,18287.033990329426,2.4966686423111937,19.2,2.8,1261.4,7373.9,0.1460748323740924,49.1,1014.7
1437,13,ann,loso,Al Wajh - TVTC,26.256,36.443,01-04-2020 00:00,7491.1,7193.653913086373,-297.44608691362737,297.44608691362737,88474.17462022917,3.9706596749960266,23.9,2.9,2108.3,7510.5,0.21918534536532627,56.7,1008.6
1438,13,ann,loso,Al Wajh - TVTC,26.256,36.443,01-01-2021 00:00,4163.9,4828.317111033506,664.4171110335064,664.4171110335064,441450.0974341108,15.956605851089279,21.4,0.0,933.3,6264.0,0.12967362761035386,46.8,1013.6
1439,13,ann,loso,Al Wajh - TVTC,26.256,36.443,01-04-2021 00:00,7780.5,7474.985536520573,-305.5144634794269,305.5144634794269,93339.08739512209,3.926668767809613,25.0,0.0,2188.7,7759.7,0.22000522697117122,56.0,1008.7
1440,13,ann,loso,Al Wajh - TVTC,26.256,36.443,01-07-2021 00:00,8133.6,7818.575711450523,-315.0242885494772,315.0242885494772,99240.30237610427,3.873122461757121,30.3,0.0,2075.4,8229.8,0.2013934712572294,64.9,1001.1
675,14,ann,loso,Arar - TVTC,31.027395,40.906419,01-01-2017 00:00,3512.9,3543.3822348358744,30.48223483587435,30.48223483587435,929.1666405893918,0.8677228169283029,8.1,2.8,1302.8,4734.2,0.21580255093589532,50.1,952.2
676,14,ann,loso,Arar - TVTC,31.027395,40.906419,01-02-2017 00:00,4507.6,4001.5154584415923,-506.0845415584081,506.0845415584081,256121.5632043841,11.22736137985642,9.0,3.4,1425.7,5677.6,0.2007095293736714,27.3,952.7
677,14,ann,loso,Arar - TVTC,31.027395,40.906419,01-03-2017 00:00,5568.1,5457.734745356065,-110.36525464393526,110.36525464393526,12180.489432620674,1.982099004039713,16.2,4.1,2247.0,5276.1,0.2986800653985724,41.1,946.8
678,14,ann,loso,Arar - TVTC,31.027395,40.906419,01-04-2017 00:00,6069.7,5955.860145845711,-113.83985415428924,113.83985415428924,12959.512393869845,1.8755433407629578,21.7,4.0,2775.9,4632.1,0.3747165226781858,26.0,947.9
679,14,ann,loso,Arar - TVTC,31.027395,40.906419,01-05-2017 00:00,7301.0,7044.547514296585,-256.4524857034148,256.4524857034148,65767.87742346019,3.5125665758583042,28.4,4.1,2414.8,6512.4,0.2704991486692356,15.7,944.8
680,14,ann,loso,Arar - TVTC,31.027395,40.906419,01-11-2017 00:00,3901.3,3989.761362230364,88.46136223036365,88.46136223036365,7825.412607651608,2.2674842291124406,16.7,3.3,1737.8,4327.1,0.286533990667612,40.2,950.5
681,14,ann,loso,Arar - TVTC,31.027395,40.906419,01-03-2018 00:00,6026.1,6037.354510062625,11.254510062624831,11.254510062624831,126.66399674972358,0.18676274974900567,20.6,3.6,2377.8,5717.1,0.29374050327984286,23.7,947.5
682,14,ann,loso,Arar - TVTC,31.027395,40.906419,01-04-2018 00:00,6818.8,6658.239912273087,-160.56008772691348,160.56008772691348,25779.54177087415,2.3546677967811562,22.0,3.9,2498.6,6174.8,0.28807618696243686,27.2,945.0
683,14,ann,loso,Arar - TVTC,31.027395,40.906419,01-05-2018 00:00,7092.7,7089.9339743667515,-2.7660256332483186,2.7660256332483186,7.650897803786762,0.038998204255760414,27.3,4.3,2895.7,5711.9,0.3364120079929365,25.5,944.0
684,14,ann,loso,Arar - TVTC,31.027395,40.906419,01-06-2018 00:00,8380.7,7949.653712847679,-431.0462871523214,431.0462871523214,185800.9016678015,5.143320810341873,32.0,4.5,2239.0,8282.5,0.21280235707836334,15.4,941.4
685,14,ann,loso,Arar - TVTC,31.027395,40.906419,01-07-2018 00:00,8347.3,7990.742298763109,-356.55770123689035,356.55770123689035,127133.39431133556,4.271533324990001,33.6,4.4,1892.3,8928.8,0.17487131622478308,15.0,939.0
686,14,ann,loso,Arar - TVTC,31.027395,40.906419,01-08-2018 00:00,7877.4,7604.632262859326,-272.7677371406735,272.7677371406735,74402.23842484354,3.462662009554847,33.2,3.9,1359.3,9382.7,0.12654068143734873,17.0,940.1
687,14,ann,loso,Arar - TVTC,31.027395,40.906419,01-11-2018 00:00,3071.3,3410.437833214422,339.1378332144218,339.1378332144218,115014.46991737298,11.042159125270139,14.7,2.6,1513.2,3155.0,0.3241506362195279,75.0,950.6
688,14,ann,loso,Arar - TVTC,31.027395,40.906419,01-12-2018 00:00,3390.0,3580.2032878881487,190.20328788814868,190.20328788814868,36177.29072346196,5.610716456877542,11.7,2.7,1226.3,4918.7,0.19956061838893407,66.5,951.8
689,14,ann,loso,Arar - TVTC,31.027395,40.906419,01-01-2019 00:00,3484.3,3477.2376644554533,-7.0623355445468405,7.0623355445468405,49.87658334376972,0.20269022600082773,9.2,3.7,1518.7,4083.5,0.2710899289564814,55.5,950.5
690,14,ann,loso,Arar - TVTC,31.027395,40.906419,01-02-2019 00:00,4767.2,4461.926268203139,-305.2737317968604,305.2737317968604,93192.05132518144,6.403627533916353,11.2,3.2,1491.0,6024.6,0.19838735430304966,54.4,950.6
691,14,ann,loso,Arar - TVTC,31.027395,40.906419,01-03-2019 00:00,5977.9,5709.623829432731,-268.2761705672683,268.2761705672683,71972.10369423805,4.487799571208423,14.4,4.3,1759.4,6874.0,0.20378993212407628,38.3,947.3
692,14,ann,loso,Arar - TVTC,31.027395,40.906419,01-04-2019 00:00,6677.9,6340.227303274885,-337.6726967251143,337.6726967251143,114022.85011361101,5.056570130207316,19.4,3.8,2353.1,6130.7,0.27736391711261466,33.3,946.8
693,14,ann,loso,Arar - TVTC,31.027395,40.906419,01-05-2019 00:00,7228.4,7029.869370536528,-198.530629463472,198.530629463472,39414.410835162416,2.746536293833656,29.5,4.1,2436.9,6413.1,0.27535593220338983,13.8,944.8
694,14,ann,loso,Arar - TVTC,31.027395,40.906419,01-06-2019 00:00,7792.8,7765.163955783525,-27.636044216475057,27.636044216475057,763.7509399349644,0.3546356151380127,33.8,4.4,2142.5,7696.6,0.2177536563303554,13.0,941.8
695,14,ann,loso,Arar - TVTC,31.027395,40.906419,01-07-2019 00:00,8295.1,7971.011139012926,-324.08886098707444,324.08886098707444,105033.58981589926,3.9069916093485846,33.9,4.0,1512.2,9517.0,0.1371087658216371,13.0,939.1
696,14,ann,loso,Arar - TVTC,31.027395,40.906419,01-08-2019 00:00,7449.2,7429.52817965267,-19.67182034733014,19.67182034733014,386.9805157776321,0.26407963737488777,34.2,4.6,1847.9,7884.0,0.18988070161016865,14.7,939.9
697,14,ann,loso,Arar - TVTC,31.027395,40.906419,01-09-2019 00:00,6579.7,6613.009067895846,33.309067895846056,33.309067895846056,1109.4940040900824,0.5062399181702214,31.8,3.5,1730.1,7316.8,0.19123677723861213,16.0,943.2
698,14,ann,loso,Arar - TVTC,31.027395,40.906419,01-10-2019 00:00,4677.5,4687.162429264632,9.66242926463201,9.66242926463201,93.36253929401708,0.2065725123384716,25.9,3.3,1919.6,4585.6,0.2950870073172231,33.3,947.2
699,14,ann,loso,Arar - TVTC,31.027395,40.906419,01-11-2019 00:00,3861.5,3819.1223469167003,-42.37765308329972,42.37765308329972,1795.8654808485023,1.0974401937925604,16.3,3.3,1386.6,5025.0,0.21626427100879653,42.8,950.9
700,14,ann,loso,Arar - TVTC,31.027395,40.906419,01-12-2019 00:00,3586.5,3671.2148212006045,84.71482120060455,84.71482120060455,7176.600931050398,2.3620471546244124,11.3,2.7,1018.9,5810.8,0.14918664070164137,52.7,950.5
701,14,ann,loso,Arar - TVTC,31.027395,40.906419,01-12-2020 00:00,3033.7,3329.371313800735,295.67131380073533,295.67131380073533,87421.5258046529,9.746227834022328,11.1,2.2,1135.5,4234.8,0.21144070163678005,60.2,952.3
702,14,ann,loso,Arar - TVTC,31.027395,40.906419,01-01-2021 00:00,3818.0,3796.5907048260356,-21.409295173964438,21.409295173964438,458.357919845937,0.5607463377151503,10.3,2.6,1205.0,5599.4,0.17709129386867323,45.0,952.5
703,14,ann,loso,Arar - TVTC,31.027395,40.906419,01-02-2021 00:00,4494.1,4362.855779765971,-131.24422023402894,131.24422023402894,17225.045344838294,2.9203671532460103,12.8,4.0,1431.8,5623.1,0.2029511403421735,47.6,950.9
704,14,ann,loso,Arar - TVTC,31.027395,40.906419,01-03-2021 00:00,6031.2,5961.881114546481,-69.31888545351921,69.31888545351921,4805.107880518118,1.1493381989242475,17.6,3.9,2035.0,6328.9,0.24330754791425055,26.8,947.7
705,14,ann,loso,Arar - TVTC,31.027395,40.906419,01-04-2021 00:00,7221.9,7073.074784403704,-148.8252155962955,148.8252155962955,22148.944797283835,2.0607487724324,23.8,3.5,2373.1,6738.1,0.26045965405215554,16.2,947.8
706,14,ann,loso,Arar - TVTC,31.027395,40.906419,01-05-2021 00:00,7981.5,7847.459362971335,-134.0406370286646,134.0406370286646,17966.892375050214,1.6793915558311672,30.2,3.8,2280.7,7801.8,0.22620381849739646,11.4,943.1
707,14,ann,loso,Arar - TVTC,31.027395,40.906419,01-07-2021 00:00,8315.8,8002.734539369085,-313.06546063091446,313.06546063091446,98009.98264004666,3.7647064699838193,35.7,4.1,1694.9,9161.6,0.15611845438216737,12.6,938.1
708,14,ann,loso,Arar - TVTC,31.027395,40.906419,01-09-2021 00:00,6632.8,6868.342239850711,235.54223985071076,235.54223985071076,55480.146753889756,3.5511735594426295,30.3,2.6,1476.5,7933.3,0.15691088014623053,17.3,943.7
709,14,ann,loso,Arar - TVTC,31.027395,40.906419,01-10-2021 00:00,5192.8,5309.618608312505,116.8186083125047,116.8186083125047,13646.587248070391,2.249626565870141,25.3,2.5,1552.1,6211.4,0.19992271527017452,19.4,947.9
710,14,ann,loso,Arar - TVTC,31.027395,40.906419,01-11-2021 00:00,3895.1,3873.5518469928425,-21.548153007157453,21.548153007157453,464.3228980198688,0.5532118047587341,17.2,1.7,1242.6,5412.9,0.1867027270678386,35.3,950.9
711,14,ann,loso,Arar - TVTC,31.027395,40.906419,01-12-2021 00:00,3266.2,3440.029735902428,173.82973590242818,173.82973590242818,30216.77708390793,5.322078742955979,11.6,2.3,1379.0,4174.4,0.2483163467425361,43.8,951.7
234,15,ann,loso,Dammam - IAFU,26.394974,50.188715,01-01-2017 00:00,3406.4,3598.785976295699,192.38597629569904,192.38597629569904,37012.36387524927,5.6477799523162,16.9,3.1,1650.3,3329.7,0.33138554216867466,61.2,1016.7
235,15,ann,loso,Dammam - IAFU,26.394974,50.188715,01-02-2017 00:00,3697.9,3817.9506235120034,120.05062351200331,120.05062351200331,14412.152205620763,3.246454028286414,15.3,3.1,1811.4,3093.4,0.3693116946664492,59.1,1017.7
236,15,ann,loso,Dammam - IAFU,26.394974,50.188715,01-03-2017 00:00,4194.0,4385.203225759951,191.20322575995124,191.20322575995124,36558.67354101088,4.55897057129116,20.5,2.8,2367.4,2678.7,0.4691543964645964,61.7,1012.0
237,15,ann,loso,Dammam - IAFU,26.394974,50.188715,01-04-2017 00:00,6012.5,6002.125501692722,-10.374498307278373,10.374498307278373,107.63021512772181,0.17254882839548227,26.9,3.3,2837.3,4293.9,0.39787132600403863,43.3,1009.4
238,15,ann,loso,Dammam - IAFU,26.394974,50.188715,01-05-2017 00:00,5818.6,5946.374767923791,127.77476792379093,127.77476792379093,16326.391317978632,2.1959709882753744,32.3,3.6,2971.0,3669.4,0.44741280645744236,34.6,1004.7
239,15,ann,loso,Dammam - IAFU,26.394974,50.188715,01-09-2017 00:00,6432.2,6348.788354068296,-83.41164593170379,83.41164593170379,6957.502677035917,1.2967825305759118,33.6,2.2,2215.5,5997.2,0.26976511987531504,54.6,1003.5
240,15,ann,loso,Dammam - IAFU,26.394974,50.188715,01-11-2017 00:00,4137.7,4192.37812648867,54.67812648867039,54.67812648867039,2989.6975163110383,1.3214618384288466,24.5,2.6,1651.3,4544.7,0.26651065203357005,51.5,1014.5
241,15,ann,loso,Dammam - IAFU,26.394974,50.188715,01-03-2018 00:00,6251.9,6135.383645739018,-116.51635426098164,116.51635426098164,13576.060810270576,1.8636951048638277,23.8,2.7,2315.9,5841.9,0.2838878128907304,44.6,1011.7
242,15,ann,loso,Dammam - IAFU,26.394974,50.188715,01-04-2018 00:00,5642.3,5494.143428306747,-148.15657169325277,148.15657169325277,21950.369735897948,2.6258187564158724,25.9,3.1,3132.6,3279.8,0.4885222381635581,47.7,1008.5
243,15,ann,loso,Dammam - IAFU,26.394974,50.188715,01-05-2018 00:00,6885.3,6868.54595469498,-16.754045305020554,16.754045305020554,280.69803408268126,0.24333065087970826,30.9,2.6,3409.9,4513.0,0.430385338701738,38.7,1005.3
244,15,ann,loso,Dammam - IAFU,26.394974,50.188715,01-06-2018 00:00,7999.6,7645.774850468208,-353.8251495317927,353.8251495317927,125192.23644119546,4.423035520923454,35.7,3.7,2649.2,6889.6,0.27772885478257225,30.4,998.2
245,15,ann,loso,Dammam - IAFU,26.394974,50.188715,01-07-2018 00:00,7608.6,7476.220474972313,-132.37952502768712,132.37952502768712,17524.33864655604,1.7398670586926255,36.1,3.3,2855.1,6132.0,0.31768868711820275,33.1,994.8
246,15,ann,loso,Dammam - IAFU,26.394974,50.188715,01-08-2018 00:00,7271.1,7130.6988524244325,-140.40114757556785,140.40114757556785,19712.48224053638,1.9309478287407384,35.5,1.0,2406.7,6500.8,0.2701880437833286,36.3,997.1
247,15,ann,loso,Dammam - IAFU,26.394974,50.188715,01-10-2018 00:00,5034.3,4997.338952578694,-36.96104742130592,36.96104742130592,1366.119026480025,0.7341844431461358,29.6,0.0,2182.0,4403.9,0.33131386750482095,54.9,1011.3
248,15,ann,loso,Dammam - IAFU,26.394974,50.188715,01-01-2019 00:00,3912.7,4344.607007936742,431.90700793674205,431.90700793674205,186543.66350486895,11.038592479278812,18.2,0.0,3909.6,5.1,0.9986972181776381,56.8,1017.6
249,15,ann,loso,Dammam - IAFU,26.394974,50.188715,01-02-2019 00:00,4356.1,4875.070642646346,518.9706426463454,518.9706426463454,269330.5279287607,11.91365309901851,17.7,0.0,3558.3,817.9,0.8131026918330972,60.1,1016.2
250,15,ann,loso,Dammam - IAFU,26.394974,50.188715,01-03-2019 00:00,5804.1,5699.350878375419,-104.74912162458168,104.74912162458168,10972.378481121405,1.8047435713475244,19.7,0.0,2153.9,5480.2,0.28214196827392884,53.2,1013.0
251,15,ann,loso,Dammam - IAFU,26.394974,50.188715,01-07-2019 00:00,7556.3,7520.292287305913,-36.00771269408688,36.00771269408688,1296.5553734599052,0.47652571621146433,36.0,0.0,2343.0,6820.9,0.2556771680179836,32.5,995.5
252,15,ann,loso,Dammam - IAFU,26.394974,50.188715,01-08-2019 00:00,7217.5,7214.124163197745,-3.375836802255435,3.375836802255435,11.396274115462202,0.04677293802917125,35.6,0.0,2399.2,6436.4,0.2715378695278193,40.0,997.4
253,15,ann,loso,Dammam - IAFU,26.394974,50.188715,01-11-2019 00:00,4036.0,4058.730063133139,22.730063133139083,22.730063133139083,516.6557700364885,0.5631829319410081,23.9,0.0,1681.9,4326.4,0.2799294309538472,50.4,1014.6
254,15,ann,loso,Dammam - IAFU,26.394974,50.188715,01-11-2020 00:00,4243.7,4277.693249641023,33.993249641022885,33.993249641022885,1155.5410211569026,0.8010285750883165,24.9,2.6,1467.4,5083.5,0.22399975575875072,56.0,1014.7
255,15,ann,loso,Dammam - IAFU,26.394974,50.188715,01-01-2021 00:00,4204.4,4090.9365124645074,-113.46348753549228,113.46348753549228,12873.963003716812,2.6986844147914635,17.6,2.9,1527.5,5119.4,0.22980637590455702,54.6,1018.0
256,15,ann,loso,Dammam - IAFU,26.394974,50.188715,01-04-2021 00:00,6972.2,6789.847721249094,-182.3522787509055,182.3522787509055,33252.35356564794,2.6154195053341196,27.3,3.1,2608.9,5894.7,0.3067994731643069,36.0,1009.2
257,15,ann,loso,Dammam - IAFU,26.394974,50.188715,01-07-2021 00:00,7612.0,7548.158316236458,-63.84168376354228,63.84168376354228,4075.760585764138,0.8386978949493205,36.5,2.7,2515.5,6682.8,0.2734744463650892,41.1,995.7
1113,16,ann,loso,Duba - TVTC,27.34103,35.72295,01-01-2017 00:00,4044.4,4199.770397755774,155.37039775577387,155.37039775577387,24139.96049878738,3.8416179842689613,20.1,2.3,1299.0,5473.0,0.19181925575900768,40.8,1013.4
1114,16,ann,loso,Duba - TVTC,27.34103,35.72295,01-02-2017 00:00,5226.7,5329.930432131776,103.23043213177607,103.23043213177607,10656.522118113226,1.975059447295159,19.9,2.5,1447.2,6666.4,0.17836718595937687,33.5,1014.0
1115,16,ann,loso,Duba - TVTC,27.34103,35.72295,01-03-2017 00:00,6089.8,6048.8313818969555,-40.96861810304472,40.96861810304472,1678.4276692731235,0.67274160240147,22.7,2.3,1688.2,6797.4,0.19894880739134532,45.1,1008.9
1116,16,ann,loso,Duba - TVTC,27.34103,35.72295,01-04-2017 00:00,6394.9,6481.646216028151,86.74621602815114,86.74621602815114,7524.9059952026655,1.3564905788698984,27.3,2.7,2330.9,5691.7,0.2905417196420113,43.0,1007.8
1117,16,ann,loso,Duba - TVTC,27.34103,35.72295,01-05-2017 00:00,7236.6,7055.842005062824,-180.7579949371766,180.7579949371766,32673.452733708356,2.4978304029126464,30.0,2.3,1884.1,7278.6,0.20562716229932224,46.8,1006.3
1118,16,ann,loso,Duba - TVTC,27.34103,35.72295,01-06-2017 00:00,7382.0,7062.816958052385,-319.1830419476146,319.1830419476146,101877.81426693269,4.323801706144874,32.8,2.8,1497.4,8077.4,0.1563896896018716,42.2,1002.4
1119,16,ann,loso,Duba - TVTC,27.34103,35.72295,01-09-2017 00:00,6391.5,6288.3763591916295,-103.12364080837051,103.12364080837051,10634.48529357382,1.6134497505807792,31.5,2.2,1794.8,6679.9,0.21178330796370376,54.7,1004.5
1120,16,ann,loso,Duba - TVTC,27.34103,35.72295,01-10-2017 00:00,5606.5,5781.786716972878,175.2867169728779,175.2867169728779,30725.433147129806,3.1264909831958962,27.8,2.2,1066.2,7652.5,0.12228887334120912,52.5,1008.1
1121,16,ann,loso,Duba - TVTC,27.34103,35.72295,01-11-2017 00:00,4452.6,4836.751284422885,384.1512844228846,384.1512844228846,147572.20932375197,8.627572304336445,24.9,2.3,1155.1,6349.7,0.15391482784351349,45.2,1010.5
1122,16,ann,loso,Duba - TVTC,27.34103,35.72295,01-03-2018 00:00,6387.1,6493.4507805230705,106.35078052307017,106.35078052307017,11310.48851786624,1.6650871369333526,25.3,2.2,1788.4,7121.2,0.20072730537846817,42.9,1008.7
1123,16,ann,loso,Duba - TVTC,27.34103,35.72295,01-04-2018 00:00,7102.2,6872.563866035355,-229.6361339646446,229.6361339646446,52732.754022228204,3.2333098753153195,26.3,2.3,2444.0,6393.4,0.2765519270373639,46.3,1006.2
1124,16,ann,loso,Duba - TVTC,27.34103,35.72295,01-05-2018 00:00,7201.6,7263.757018009275,62.15701800927491,62.15701800927491,3863.494887805325,0.863100116769536,31.4,2.6,2961.0,5579.1,0.34671725155443145,38.2,1004.4
1125,16,ann,loso,Duba - TVTC,27.34103,35.72295,01-06-2018 00:00,7884.4,7728.858349264501,-155.54165073549848,155.54165073549848,24193.205113523796,1.9727772656828482,32.3,2.5,2185.4,7673.3,0.22167222858997637,44.0,1002.5
1126,16,ann,loso,Duba - TVTC,27.34103,35.72295,01-07-2018 00:00,7742.1,7674.882927159567,-67.2170728404335,67.2170728404335,4518.134881236143,0.8682020748948412,31.2,2.0,1849.7,8097.8,0.18594621764262378,56.6,1001.7
1127,16,ann,loso,Duba - TVTC,27.34103,35.72295,01-08-2018 00:00,7342.3,7014.701470138276,-327.5985298617243,327.5985298617243,107320.79676756305,4.461797118909937,31.7,2.1,1394.7,8415.6,0.14216690621081923,61.0,1001.8
1128,16,ann,loso,Duba - TVTC,27.34103,35.72295,01-09-2018 00:00,6162.5,6175.6482454232655,13.148245423265507,13.148245423265507,172.87635771042235,0.2133589521016715,31.8,2.4,2329.6,5452.0,0.2993728796134471,54.2,1003.9
1129,16,ann,loso,Duba - TVTC,27.34103,35.72295,01-10-2018 00:00,5367.0,5585.261514637855,218.26151463785482,218.26151463785482,47638.08877201051,4.066732152745571,29.1,2.3,1544.3,6273.1,0.1975464988359301,49.0,1008.4
1130,16,ann,loso,Duba - TVTC,27.34103,35.72295,01-11-2018 00:00,4328.8,4640.087089597329,311.2870895973292,311.2870895973292,96899.65214997566,7.191071188258389,24.8,2.1,1158.7,6127.4,0.1590288357283046,45.5,1010.5
1131,16,ann,loso,Duba - TVTC,27.34103,35.72295,01-12-2018 00:00,3974.1,4334.138821327666,360.038821327666,360.038821327666,129627.95286301502,9.059631648113184,21.0,2.3,1126.7,6047.5,0.15704886956036912,43.5,1013.6
1132,16,ann,loso,Duba - TVTC,27.34103,35.72295,01-01-2019 00:00,3792.0,3841.695313251235,49.69531325123489,49.69531325123489,2469.6241591383623,1.3105304127435362,19.0,2.2,1550.7,4377.5,0.2615802435815256,47.4,1013.3
1133,16,ann,loso,Duba - TVTC,27.34103,35.72295,01-02-2019 00:00,4931.3,4992.974709202759,61.674709202759004,61.674709202759004,3803.7697552448863,1.2506785067377568,20.3,2.5,1629.7,5832.3,0.2183998927901367,40.4,1012.6
1134,16,ann,loso,Duba - TVTC,27.34103,35.72295,01-03-2019 00:00,6290.2,6389.073227427344,98.87322742734432,98.87322742734432,9775.915101899353,1.5718614261445476,20.8,2.6,1821.7,7042.0,0.2055236526506989,41.5,1011.0
1135,16,ann,loso,Duba - TVTC,27.34103,35.72295,01-04-2019 00:00,7047.2,6844.215087671811,-202.98491232818924,202.98491232818924,41202.874632882675,2.88036258837821,24.7,2.6,2103.9,6972.8,0.2317912897859354,39.1,1008.3
1136,16,ann,loso,Duba - TVTC,27.34103,35.72295,01-05-2019 00:00,7601.9,7401.275308430371,-200.62469156962834,200.62469156962834,40250.2668674085,2.6391387885874367,29.9,2.2,2119.4,7435.5,0.22181289181467104,42.9,1005.3
1137,16,ann,loso,Duba - TVTC,27.34103,35.72295,01-06-2019 00:00,7745.1,7652.453243761262,-92.64675623873882,92.64675623873882,8583.42144156029,1.1961983220195842,32.3,2.1,1959.9,7861.7,0.19954997149140669,46.5,1003.4
1138,16,ann,loso,Duba - TVTC,27.34103,35.72295,01-07-2019 00:00,7879.6,7517.277262679318,-362.3227373206828,362.3227373206828,131277.7659795525,4.598237693800228,31.8,2.2,1560.2,8718.2,0.1517940535491905,53.4,1000.9
1139,16,ann,loso,Duba - TVTC,27.34103,35.72295,01-08-2019 00:00,7363.8,6938.140994624544,-425.6590053754562,425.6590053754562,181185.58885722267,5.7804259400778975,31.6,1.9,1440.5,8349.2,0.14714444773588567,59.2,1002.6
1140,16,ann,loso,Duba - TVTC,27.34103,35.72295,01-09-2019 00:00,6733.8,6624.155294523548,-109.64470547645215,109.64470547645215,12021.961439017936,1.6282738643329493,30.7,1.8,1607.9,7569.2,0.17520785433306818,56.5,1003.5
1141,16,ann,loso,Duba - TVTC,27.34103,35.72295,01-10-2019 00:00,5376.6,5688.740375299943,312.1403752999422,312.1403752999422,97431.61389238878,5.805534637130197,30.1,1.9,1709.8,6070.2,0.21976863753213366,47.0,1007.3
1142,16,ann,loso,Duba - TVTC,27.34103,35.72295,01-11-2019 00:00,4825.1,5430.0839644258385,604.9839644258382,604.9839644258382,366005.59721240384,12.538267899646394,26.0,2.1,1253.5,6988.9,0.15207949141026886,42.5,1009.5
1143,16,ann,loso,Duba - TVTC,27.34103,35.72295,01-12-2019 00:00,4586.9,5321.660731121191,734.7607311211914,734.7607311211914,539873.3319977476,16.018677780662134,21.1,2.4,960.2,7830.2,0.10923279941754642,40.6,1013.0
1144,16,ann,loso,Duba - TVTC,27.34103,35.72295,01-01-2020 00:00,4702.0,5102.50927521301,400.50927521301037,400.50927521301037,160407.67953165088,8.517849323968745,17.7,2.4,1041.6,7589.1,0.12068546004379713,43.4,1015.7
1145,16,ann,loso,Duba - TVTC,27.34103,35.72295,01-02-2020 00:00,5603.1,5909.03966840301,305.9396684030098,305.9396684030098,93599.08070254361,5.460185761507198,19.1,2.2,1084.3,8304.3,0.11549112753765206,45.8,1013.8
1146,16,ann,loso,Duba - TVTC,27.34103,35.72295,01-03-2020 00:00,6184.2,6121.870464295676,-62.32953570432346,62.32953570432346,3884.9710211165334,1.0078835694887531,22.0,2.4,1922.0,6556.7,0.22668569474093905,43.7,1009.1
1147,16,ann,loso,Duba - TVTC,27.34103,35.72295,01-04-2020 00:00,7341.8,7079.607473522594,-262.1925264774063,262.1925264774063,68744.92094060541,3.571229487011446,24.3,2.2,2114.0,7323.4,0.22400237353508382,49.0,1007.5
1148,16,ann,loso,Duba - TVTC,27.34103,35.72295,01-05-2020 00:00,7401.7,7341.791129812236,-59.90887018776357,59.90887018776357,3589.0727271743067,0.8093933851380571,29.2,2.3,2208.2,7030.1,0.23902666074927206,42.9,1006.1
1149,16,ann,loso,Duba - TVTC,27.34103,35.72295,01-09-2020 00:00,6361.4,6456.27151761965,94.87151761965015,94.87151761965015,9000.60485545559,1.4913622413250252,34.2,2.2,1908.9,6454.4,0.22824722298614186,45.7,1003.0
1150,16,ann,loso,Duba - TVTC,27.34103,35.72295,01-10-2020 00:00,5646.5,6075.084693186881,428.58469318688094,428.58469318688094,183684.83923409288,7.590271729157548,31.0,1.8,1375.3,7169.2,0.1609573409795775,39.5,1007.7
1151,16,ann,loso,Duba - TVTC,27.34103,35.72295,01-11-2020 00:00,4804.9,5395.443643817858,590.5436438178585,590.5436438178585,348741.79525367374,12.290446082496171,25.1,2.1,1022.6,7449.3,0.12070491861329809,44.9,1010.8
1152,16,ann,loso,Duba - TVTC,27.34103,35.72295,01-12-2020 00:00,4169.9,4612.808107162367,442.90810716236774,442.90810716236774,196167.5913901514,10.62155224735288,22.7,2.3,1237.4,6179.5,0.16683520069031538,42.6,1012.4
1153,16,ann,loso,Duba - TVTC,27.34103,35.72295,01-01-2021 00:00,4525.7,4985.055863933664,459.3558639336643,459.3558639336643,211007.8097302431,10.14994064859943,21.7,2.4,1299.2,6481.0,0.16698799516721935,42.0,1013.1
1154,16,ann,loso,Duba - TVTC,27.34103,35.72295,01-02-2021 00:00,5247.7,5451.512445957096,203.81244595709632,203.81244595709632,41539.5131270143,3.8838433210186616,21.4,2.6,1311.2,7016.4,0.15745232720111438,41.2,1012.5
1155,16,ann,loso,Duba - TVTC,27.34103,35.72295,01-03-2021 00:00,6446.8,6573.323447889159,126.52344788915889,126.52344788915889,16008.182865760704,1.962577525115699,23.4,2.5,1948.5,6919.7,0.21971764281364875,42.3,1009.6
1156,16,ann,loso,Duba - TVTC,27.34103,35.72295,01-04-2021 00:00,7415.4,7222.523990379183,-192.87600962081706,192.87600962081706,37201.15508724951,2.6010196297005836,26.9,2.4,2056.9,7514.4,0.21490288675519525,39.1,1008.2
1157,16,ann,loso,Duba - TVTC,27.34103,35.72295,01-05-2021 00:00,7911.0,7758.135646087865,-152.8643539121349,152.8643539121349,23367.510696974434,1.9323012755926543,31.7,2.6,1888.0,8243.7,0.18634582547844883,40.0,1004.5
1158,16,ann,loso,Duba - TVTC,27.34103,35.72295,01-07-2021 00:00,7761.3,7638.542376511398,-122.7576234886019,122.7576234886019,15069.434124569343,1.5816631683944944,32.2,2.3,1646.0,8452.1,0.16300096057674215,51.6,1000.2
1159,16,ann,loso,Duba - TVTC,27.34103,35.72295,01-08-2021 00:00,7187.6,7124.093741142953,-63.506258857047214,63.506258857047214,4033.0449140182877,0.8835530477078193,32.9,2.1,1773.1,7564.6,0.18988616040352546,54.4,1001.4
1160,16,ann,loso,Duba - TVTC,27.34103,35.72295,01-09-2021 00:00,6412.8,6473.57344441773,60.77344441772948,60.77344441772948,3693.411546394854,0.9476896896477276,31.6,2.6,1661.4,7003.2,0.19174572398033377,51.6,1003.5
1161,16,ann,loso,Duba - TVTC,27.34103,35.72295,01-10-2021 00:00,5379.8,5607.970136574933,228.17013657493317,228.17013657493317,52061.61122462365,4.241238272332302,28.6,2.1,1384.0,6668.9,0.1718635522606763,52.6,1007.7
1162,16,ann,loso,Duba - TVTC,27.34103,35.72295,01-11-2021 00:00,4362.8,4627.865215686284,265.0652156862834,265.0652156862834,70259.56856681594,6.075575678148973,25.9,2.0,1130.9,6184.3,0.1545959098862642,43.7,1010.3
1163,16,ann,loso,Duba - TVTC,27.34103,35.72295,01-12-2021 00:00,3703.4,3848.334221578121,144.93422157812074,144.93422157812074,21005.9285844558,3.9135448932905095,21.3,2.0,1345.8,4909.8,0.21513523882601188,42.1,1012.8
475,17,ann,loso,Farasan - SWCC,16.692097,42.098767,01-01-2017 00:00,4822.5,4937.741869725165,115.24186972516509,115.24186972516509,13280.688537751921,2.389670704513532,26.9,3.1,1908.0,4814.5,0.28382298252138344,77.1,1012.4
476,17,ann,loso,Farasan - SWCC,16.692097,42.098767,01-02-2017 00:00,4637.0,4690.756501482135,53.75650148213481,53.75650148213481,2889.761451598762,1.1592948346373693,27.0,3.8,2883.1,2564.2,0.5292713821526261,75.2,1011.6
477,17,ann,loso,Farasan - SWCC,16.692097,42.098767,01-04-2017 00:00,6131.4,6032.435630251303,-98.9643697486963,98.9643697486963,9793.946479756674,1.6140582860145531,30.4,3.5,2685.1,4453.1,0.37615925583480425,71.8,1007.2
478,17,ann,loso,Farasan - SWCC,16.692097,42.098767,01-05-2017 00:00,6306.4,6384.352758696333,77.95275869633315,77.95275869633315,6076.632588368743,1.2360896659953882,32.6,3.2,2936.2,4173.1,0.41300831305473107,71.0,1005.7
479,17,ann,loso,Farasan - SWCC,16.692097,42.098767,01-06-2017 00:00,6265.1,6282.888549501811,17.78854950181085,17.78854950181085,316.432493378375,0.2839308151794999,33.6,3.5,3288.5,3596.8,0.4776117235269342,69.4,1001.8
480,17,ann,loso,Farasan - SWCC,16.692097,42.098767,01-03-2018 00:00,6545.1,6170.0271486374995,-375.07285136250084,375.07285136250084,140679.64382919666,5.73059008055646,28.1,3.4,2369.4,5679.6,0.2943719716734998,73.7,1008.6
481,17,ann,loso,Farasan - SWCC,16.692097,42.098767,01-04-2018 00:00,6577.0,6448.344327305547,-128.65567269445273,128.65567269445273,16552.28211646215,1.9561452439478901,30.6,3.5,2690.8,5046.4,0.34777438866773513,72.6,1006.2
482,17,ann,loso,Farasan - SWCC,16.692097,42.098767,01-05-2018 00:00,6800.7,6741.64945126143,-59.05054873856989,59.05054873856989,3486.9673063262176,0.8683010386955738,32.3,3.6,3095.0,4629.2,0.4006887444654463,70.4,1004.2
483,17,ann,loso,Farasan - SWCC,16.692097,42.098767,01-06-2018 00:00,6138.8,6382.784505508036,243.9845055080359,243.9845055080359,59528.4389280008,3.9744657833458636,33.8,1.1,3848.0,2741.4,0.5839681913376028,65.6,1001.7
484,17,ann,loso,Farasan - SWCC,16.692097,42.098767,01-07-2018 00:00,6003.1,6162.880899641856,159.78089964185529,159.78089964185529,25529.93589036063,2.661639813460633,34.4,0.0,3812.7,2586.4,0.5958181619290213,60.8,1001.8
485,17,ann,loso,Farasan - SWCC,16.692097,42.098767,01-08-2018 00:00,5969.5,5998.540874047497,29.0408740474968,29.0408740474968,843.3723654425731,0.4864875458161789,34.1,0.0,3396.6,3092.8,0.5234074028415571,64.3,1002.3
486,17,ann,loso,Farasan - SWCC,16.692097,42.098767,01-09-2018 00:00,5995.6,5924.877470408568,-70.72252959143225,70.72252959143225,5001.67619181101,1.1795738473452573,33.5,0.0,2910.5,3904.2,0.4270914346926497,71.6,1004.4
487,17,ann,loso,Farasan - SWCC,16.692097,42.098767,01-01-2019 00:00,4754.0,4822.517545703668,68.51754570366757,68.51754570366757,4694.654069254174,1.4412609529589306,26.6,0.0,2404.7,3782.8,0.3886383838383838,78.6,1012.6
488,17,ann,loso,Farasan - SWCC,16.692097,42.098767,01-02-2019 00:00,5113.6,4964.636261425907,-148.96373857409344,148.96373857409344,22190.195409970853,2.9130893807512015,27.0,0.0,2633.7,3600.6,0.4224532024445407,77.0,1011.2
489,17,ann,loso,Farasan - SWCC,16.692097,42.098767,01-03-2019 00:00,5900.8,5845.263784126361,-55.53621587363887,55.53621587363887,3084.2712735634177,0.9411641789865588,27.7,0.0,2817.3,4176.4,0.402833979152666,73.1,1009.7
490,17,ann,loso,Farasan - SWCC,16.692097,42.098767,01-08-2019 00:00,5428.8,5819.839433264584,391.03943326458375,391.03943326458375,152911.83836788684,7.203054694676241,33.2,0.0,3152.4,2806.4,0.5290326911458683,71.9,1003.2
491,17,ann,loso,Farasan - SWCC,16.692097,42.098767,01-10-2019 00:00,5322.0,5382.129120919234,60.12912091923408,60.12912091923408,3615.5111825198737,1.129821888749231,31.6,0.0,2084.0,4717.2,0.3064165147326942,71.0,1007.7
492,17,ann,loso,Farasan - SWCC,16.692097,42.098767,01-11-2019 00:00,4776.9,5096.335469319112,319.4354693191126,319.4354693191126,102039.01905912173,6.68708721805172,29.9,0.0,1984.7,4517.0,0.3052586246673947,74.1,1008.9
493,17,ann,loso,Farasan - SWCC,16.692097,42.098767,01-12-2019 00:00,4425.7,4604.0340556472465,178.33405564724671,178.33405564724671,31803.035403595288,4.029510713497226,27.9,0.0,2029.3,4060.3,0.3332402785076195,78.6,1011.0
494,17,ann,loso,Farasan - SWCC,16.692097,42.098767,01-01-2020 00:00,4308.7,4376.972738719451,68.2727387194509,68.2727387194509,4661.16685225441,1.5845321957771694,26.7,0.6,2129.0,3638.2,0.36915660979331394,72.3,1013.0
495,17,ann,loso,Farasan - SWCC,16.692097,42.098767,01-02-2020 00:00,4715.1,4878.419409986475,163.31940998647497,163.31940998647497,26673.2296783303,3.4637528363444035,26.8,3.6,2773.8,2876.3,0.4909293640820516,77.2,1012.1
496,17,ann,loso,Farasan - SWCC,16.692097,42.098767,01-03-2020 00:00,5697.6,6558.406358139343,860.8063581393426,860.8063581393426,740987.5862131182,15.108227291128589,28.0,3.6,4136.7,2097.6,0.6635388094894376,76.8,1008.7
497,17,ann,loso,Farasan - SWCC,16.692097,42.098767,01-04-2020 00:00,6395.2,7125.002427071636,729.802427071636,729.802427071636,532611.5825596505,11.411721714280022,30.3,3.4,6394.6,0.9,0.9998592760534751,74.9,1007.3
498,17,ann,loso,Farasan - SWCC,16.692097,42.098767,01-05-2020 00:00,6369.6,7044.563369895403,674.963369895403,674.963369895403,455575.5507005587,10.596636678840163,33.1,3.5,6369.4,0.3,0.9999529020205032,69.1,1005.5
499,17,ann,loso,Farasan - SWCC,16.692097,42.098767,01-09-2020 00:00,5849.7,5859.174608953561,9.474608953561074,9.474608953561074,89.76821482289967,0.16196743343352776,33.2,3.0,2483.6,4366.3,0.3625746361260748,73.9,1003.1
500,17,ann,loso,Farasan - SWCC,16.692097,42.098767,01-10-2020 00:00,5608.0,5524.405318438161,-83.59468156183902,83.59468156183902,6988.07078542527,1.4906326954678857,31.8,3.0,1654.5,5751.2,0.2234089957735258,69.5,1007.3
501,17,ann,loso,Farasan - SWCC,16.692097,42.098767,01-11-2020 00:00,4516.0,4536.680215291455,20.68021529145517,20.68021529145517,427.67130450093623,0.45793213665755467,29.4,3.4,1890.4,4170.0,0.3119266055045872,74.2,1010.2
502,17,ann,loso,Farasan - SWCC,16.692097,42.098767,01-12-2020 00:00,4354.0,4495.407974065539,141.40797406553884,141.40797406553884,19996.215129320106,3.247771567881002,27.8,3.5,1916.8,4141.7,0.31638194272509695,77.8,1011.4
503,17,ann,loso,Farasan - SWCC,16.692097,42.098767,01-01-2021 00:00,4412.1,4479.8165818450425,67.71658184504213,67.71658184504213,4585.535456776289,1.534792544254258,26.3,3.6,2203.7,3635.5,0.3773975887107823,78.0,1011.7
504,17,ann,loso,Farasan - SWCC,16.692097,42.098767,01-02-2021 00:00,4754.9,4672.065195192441,-82.83480480755861,82.83480480755861,6861.604887506335,1.7420935205274268,26.3,3.7,2326.4,3596.9,0.3927540391335911,77.0,1011.0
505,17,ann,loso,Farasan - SWCC,16.692097,42.098767,01-03-2021 00:00,6018.8,5714.362743475205,-304.437256524795,304.437256524795,92682.04316034382,5.058105544706502,28.1,3.5,2220.3,5150.2,0.3012414354521403,75.4,1008.6
506,17,ann,loso,Farasan - SWCC,16.692097,42.098767,01-04-2021 00:00,6227.9,6063.573354772133,-164.32664522786672,164.32664522786672,27003.246331845174,2.638556258576193,29.8,3.5,2461.4,4867.0,0.3358714043993232,72.9,1007.3
507,17,ann,loso,Farasan - SWCC,16.692097,42.098767,01-05-2021 00:00,6185.8,6100.446685139917,-85.35331486008363,85.35331486008363,7285.188357604573,1.3798266167687872,32.4,3.2,2516.2,4683.6,0.34948193005361256,70.1,1004.5
508,17,ann,loso,Farasan - SWCC,16.692097,42.098767,01-07-2021 00:00,5243.7,5558.830442768984,315.1304427689838,315.1304427689838,99307.19595977578,6.009696259682739,33.9,4.5,3023.3,2656.4,0.5322992411571034,65.7,1001.0
509,17,ann,loso,Farasan - SWCC,16.692097,42.098767,01-08-2021 00:00,5280.7,5396.957591686327,116.25759168632703,116.25759168632703,13515.827624704736,2.2015564543777724,34.0,3.7,2857.8,2952.7,0.49183374924705275,69.8,1002.0
510,17,ann,loso,Farasan - SWCC,16.692097,42.098767,01-09-2021 00:00,5434.2,5482.563579355693,48.36357935569322,48.36357935569322,2339.035808094435,0.889985266565331,33.4,3.5,2661.9,3514.2,0.4310001457230291,72.5,1003.1
511,17,ann,loso,Farasan - SWCC,16.692097,42.098767,01-11-2021 00:00,4738.7,4803.987085786691,65.28708578669102,65.28708578669102,4262.4035705187525,1.3777425409224264,30.0,2.8,1771.0,4685.4,0.2743014683105136,71.6,1009.6
512,17,ann,loso,Farasan - SWCC,16.692097,42.098767,01-12-2021 00:00,4203.0,4239.832420378866,36.83242037886612,36.83242037886612,1356.627190965512,0.8763364353763055,27.7,3.3,1834.2,4076.7,0.3103080749124499,76.0,1011.8
183,18,ann,loso,Hada Al Sham - KAU,21.80117,39.72854,01-01-2017 00:00,4408.1,4461.75932595685,53.6593259568499,53.6593259568499,2879.3232621434654,1.2172892165978515,24.6,1.7,1576.4,4993.9,0.23992816157557498,61.0,987.8
184,18,ann,loso,Hada Al Sham - KAU,21.80117,39.72854,01-02-2017 00:00,4151.0,4203.117696923064,52.117696923063704,52.117696923063704,2716.2543325643237,1.255545577525023,24.0,2.8,2232.5,2989.1,0.42755094223992646,46.8,987.3
185,18,ann,loso,Hada Al Sham - KAU,21.80117,39.72854,01-03-2017 00:00,5374.8,5364.6281335787335,-10.171866421266714,10.171866421266714,103.4668664920933,0.1892510683423888,26.9,2.0,2605.2,3849.1,0.40363788482097207,50.7,983.8
186,18,ann,loso,Hada Al Sham - KAU,21.80117,39.72854,01-04-2017 00:00,5999.1,5835.948525017032,-163.15147498296847,163.15147498296847,26618.403789118187,2.71959918959458,31.7,2.1,2869.7,3937.6,0.42156214651917795,38.0,982.8
187,18,ann,loso,Hada Al Sham - KAU,21.80117,39.72854,01-05-2017 00:00,6750.0,6747.115897264927,-2.8841027350727018,2.8841027350727018,8.31804858645384,0.04272744792700299,34.6,2.1,2984.3,4711.6,0.38777790771709614,33.4,981.4
188,18,ann,loso,Hada Al Sham - KAU,21.80117,39.72854,01-06-2017 00:00,7303.9,7172.999458354492,-130.90054164550747,130.90054164550747,17134.951803087235,1.7922006276853117,35.2,2.0,2732.3,5928.5,0.3154789395898763,34.0,977.8
189,18,ann,loso,Hada Al Sham - KAU,21.80117,39.72854,01-09-2017 00:00,6183.4,6156.578343924823,-26.82165607517709,26.82165607517709,719.401234615084,0.4337687368628439,35.3,2.3,2651.4,4646.0,0.3633348863978952,43.3,979.9
190,18,ann,loso,Hada Al Sham - KAU,21.80117,39.72854,01-10-2017 00:00,5780.6,5651.258813568397,-129.3411864316031,129.3411864316031,16729.142507534707,2.2375045225686447,31.6,1.7,1732.9,6069.7,0.22209263578807065,49.6,983.2
191,18,ann,loso,Hada Al Sham - KAU,21.80117,39.72854,01-11-2017 00:00,4581.6,4589.124960980497,7.524960980496871,7.524960980496871,56.62503775800044,0.1642430805940473,28.4,1.7,1667.8,4858.2,0.2555623659209317,57.2,985.6
192,18,ann,loso,Hada Al Sham - KAU,21.80117,39.72854,01-03-2018 00:00,6510.6,6372.930602583022,-137.66939741697843,137.66939741697843,18952.862985153948,2.114542398810838,28.2,2.0,2220.1,6090.5,0.2671407599932616,38.4,984.3
193,18,ann,loso,Hada Al Sham - KAU,21.80117,39.72854,01-04-2018 00:00,7066.7,6829.964243242897,-236.73575675710254,236.73575675710254,56043.81852735802,3.3500184917585654,29.6,2.1,2751.0,5662.1,0.32699005122963,35.2,982.2
194,18,ann,loso,Hada Al Sham - KAU,21.80117,39.72854,01-05-2018 00:00,7265.9,7228.210736319879,-37.68926368012035,37.68926368012035,1420.4805967496388,0.5187143186683046,33.9,2.5,3206.6,5161.2,0.38320705561796414,28.4,980.4
195,18,ann,loso,Hada Al Sham - KAU,21.80117,39.72854,01-06-2018 00:00,7274.0,7286.122368487798,12.122368487797758,12.122368487797758,146.9518177539521,0.16665340236180587,35.1,2.4,3182.3,5201.8,0.37956369795207595,30.0,978.2
196,18,ann,loso,Hada Al Sham - KAU,21.80117,39.72854,01-07-2018 00:00,7251.2,7284.723409502586,33.52340950258622,33.52340950258622,1123.818984678088,0.46231533404934655,34.5,2.2,2989.0,5476.0,0.35310100413467216,30.4,978.4
197,18,ann,loso,Hada Al Sham - KAU,21.80117,39.72854,01-08-2018 00:00,6941.3,6831.330281133221,-109.96971886677875,109.96971886677875,12093.339067638353,1.584281314260711,34.5,2.4,2558.4,5718.3,0.30910870274384716,35.0,978.6
198,18,ann,loso,Hada Al Sham - KAU,21.80117,39.72854,01-09-2018 00:00,6064.4,6020.138670877007,-44.26132912299272,44.26132912299272,1959.0652557338835,0.7298550412735426,34.4,2.2,3019.6,3925.1,0.43480639912451224,48.7,980.2
199,18,ann,loso,Hada Al Sham - KAU,21.80117,39.72854,01-10-2018 00:00,5283.7,5171.406289115856,-112.29371088414337,112.29371088414337,12609.877504131578,2.1252855174242176,31.2,2.1,2017.2,4820.8,0.29499853758408895,45.6,984.2
200,18,ann,loso,Hada Al Sham - KAU,21.80117,39.72854,01-11-2018 00:00,3986.5,3981.74698322318,-4.7530167768200045,4.7530167768200045,22.591168480732424,0.11922781329035505,26.0,1.7,1778.7,3773.0,0.32038834951456313,61.1,986.1
201,18,ann,loso,Hada Al Sham - KAU,21.80117,39.72854,01-12-2018 00:00,3945.8,3943.9476130078306,-1.8523869921696132,1.8523869921696132,3.4313375687591865,0.046945790262294416,24.3,1.7,1787.3,3944.5,0.31182176628633235,58.4,988.0
202,18,ann,loso,Hada Al Sham - KAU,21.80117,39.72854,01-01-2019 00:00,4115.1,4073.790582498117,-41.30941750188322,41.30941750188322,1706.4679743448955,1.0038496634804308,23.8,1.8,1989.4,3655.1,0.3524492869164674,60.7,988.1
203,18,ann,loso,Hada Al Sham - KAU,21.80117,39.72854,01-02-2019 00:00,4777.5,4638.08811159188,-139.41188840811992,139.41188840811992,19435.674629518082,2.918092902315435,24.0,2.3,2181.9,4078.1,0.34854632587859424,49.5,987.1
204,18,ann,loso,Hada Al Sham - KAU,21.80117,39.72854,01-03-2019 00:00,6230.3,6178.036904870304,-52.26309512969601,52.26309512969601,2731.431112535655,0.8388535885863604,24.6,2.5,2349.6,5648.3,0.2937771164930794,41.6,985.8
205,18,ann,loso,Hada Al Sham - KAU,21.80117,39.72854,01-04-2019 00:00,6906.5,6996.367461427052,89.86746142705215,89.86746142705215,8076.160623342706,1.3012012079497886,29.1,2.3,2751.7,5575.1,0.3304630830571168,37.4,983.2
206,18,ann,loso,Hada Al Sham - KAU,21.80117,39.72854,01-05-2019 00:00,6841.2,6782.970747573713,-58.22925242628662,58.22925242628662,3390.6458381242064,0.8511555345010616,33.1,2.0,2958.4,4915.1,0.3757414110624246,35.9,981.4
207,18,ann,loso,Hada Al Sham - KAU,21.80117,39.72854,01-06-2019 00:00,6968.9,6972.579084071556,3.6790840715566446,3.6790840715566446,13.535659605581818,0.052792895170782256,35.6,2.4,3095.0,4821.7,0.3909457223338007,28.9,978.8
208,18,ann,loso,Hada Al Sham - KAU,21.80117,39.72854,01-07-2019 00:00,7390.4,7419.291398244325,28.8913982443255,28.8913982443255,834.7128925122146,0.3909314549188881,34.8,2.2,2747.2,5982.0,0.3147138340283187,28.6,977.5
209,18,ann,loso,Hada Al Sham - KAU,21.80117,39.72854,01-08-2019 00:00,6803.0,6626.837736171143,-176.16226382885725,176.16226382885725,31033.143197307905,2.589479109640706,33.9,2.2,2516.4,5552.8,0.3118524760818916,41.9,979.3
210,18,ann,loso,Hada Al Sham - KAU,21.80117,39.72854,01-09-2019 00:00,6277.8,6127.167374751276,-150.63262524872425,150.63262524872425,22690.1877893226,2.3994492536991343,33.9,2.0,2587.3,4885.0,0.34625215797010295,42.5,979.5
211,18,ann,loso,Hada Al Sham - KAU,21.80117,39.72854,01-10-2019 00:00,5533.9,5385.392918002736,-148.5070819972634,148.5070819972634,22054.35340334192,2.6835881023737946,30.5,1.6,1940.5,5294.1,0.26822491913858404,55.3,983.7
212,18,ann,loso,Hada Al Sham - KAU,21.80117,39.72854,01-11-2019 00:00,4597.5,4585.731046426648,-11.76895357335161,11.76895357335161,138.50826821170563,0.25598593960525523,27.5,1.6,1673.9,4939.0,0.253126464939739,53.8,985.0
213,18,ann,loso,Hada Al Sham - KAU,21.80117,39.72854,01-12-2019 00:00,4264.9,4331.721119604243,66.821119604243,66.821119604243,4465.062025164548,1.5667687309020844,24.1,2.2,1568.1,4959.9,0.24021139705882352,51.5,987.3
214,18,ann,loso,Hada Al Sham - KAU,21.80117,39.72854,01-01-2020 00:00,4793.9,4924.821260441315,130.9212604413151,130.9212604413151,17140.376435542657,2.730996901089199,21.1,2.6,1408.0,6102.4,0.18747337025990626,45.1,989.5
215,18,ann,loso,Hada Al Sham - KAU,21.80117,39.72854,01-02-2020 00:00,4873.9,4814.55869202051,-59.34130797949001,59.34130797949001,3521.390832716685,1.2175323248218062,23.2,1.9,2217.0,4158.9,0.3477156166188303,50.2,988.3
216,18,ann,loso,Hada Al Sham - KAU,21.80117,39.72854,01-03-2020 00:00,6432.5,6432.153953791867,-0.34604620813297515,0.34604620813297515,0.11974797816321035,0.0053796534494049775,25.7,2.0,2599.8,5377.8,0.32588748495788206,42.3,984.6
217,18,ann,loso,Hada Al Sham - KAU,21.80117,39.72854,01-04-2020 00:00,7119.5,6944.940738141755,-174.559261858245,174.559261858245,30470.93590049535,2.4518472063802936,28.8,1.8,2288.5,6487.8,0.26075908982145096,39.0,983.7
218,18,ann,loso,Hada Al Sham - KAU,21.80117,39.72854,01-05-2020 00:00,7050.0,7099.5692201651345,49.56922016513454,49.56922016513454,2457.1075877795806,0.7031095058884331,33.2,1.9,2672.2,5689.8,0.3195646974408036,32.7,982.0
219,18,ann,loso,Hada Al Sham - KAU,21.80117,39.72854,01-09-2020 00:00,6392.7,6397.533332600241,4.833332600241192,4.833332600241192,23.361104024554283,0.07560706118293041,35.3,1.7,2400.9,5322.1,0.3108766023565972,39.7,979.1
220,18,ann,loso,Hada Al Sham - KAU,21.80117,39.72854,01-10-2020 00:00,6037.1,6253.362263034478,216.26226303447766,216.26226303447766,46769.3664127936,3.58222098415593,32.1,1.9,1615.5,6810.4,0.1917302602689327,34.0,983.7
221,18,ann,loso,Hada Al Sham - KAU,21.80117,39.72854,01-11-2020 00:00,4634.0,4699.975569240117,65.97556924011678,65.97556924011678,4352.775736557443,1.4237282960750277,27.5,1.2,1625.3,5119.0,0.24098868674287915,56.3,986.2
222,18,ann,loso,Hada Al Sham - KAU,21.80117,39.72854,01-12-2020 00:00,4165.0,4397.118773141281,232.11877314128105,232.11877314128105,53879.1248446135,5.573079787305668,25.3,1.3,1731.9,4494.3,0.2781632456393948,51.3,987.1
223,18,ann,loso,Hada Al Sham - KAU,21.80117,39.72854,01-01-2021 00:00,4611.0,4797.584810562639,186.58481056263918,186.58481056263918,34813.89153269595,4.046515084854461,24.0,1.8,1760.7,5016.3,0.2598052235502435,51.5,987.5
224,18,ann,loso,Hada Al Sham - KAU,21.80117,39.72854,01-02-2021 00:00,4965.1,4900.393569670681,-64.70643032931912,64.70643032931912,4186.922125963029,1.3032251179093897,23.6,1.9,1893.5,4859.5,0.2803938990078484,52.3,987.0
225,18,ann,loso,Hada Al Sham - KAU,21.80117,39.72854,01-03-2021 00:00,6314.5,6354.511007251298,40.011007251298,40.011007251298,1600.8807012634209,0.633636982362784,27.5,1.6,2368.3,5520.5,0.30021042490619615,43.5,984.3
226,18,ann,loso,Hada Al Sham - KAU,21.80117,39.72854,01-04-2021 00:00,6643.7,6674.15297005907,30.45297005907014,30.45297005907014,927.3833854186224,0.45837364810376957,30.1,1.8,2883.8,4884.1,0.3712457678394418,39.1,983.2
227,18,ann,loso,Hada Al Sham - KAU,21.80117,39.72854,01-05-2021 00:00,7513.3,7425.57068801725,-87.72931198275,87.72931198275,7696.4321809666835,1.1676535208596757,33.2,1.6,2374.0,6797.4,0.2588481584054779,34.8,980.7
228,18,ann,loso,Hada Al Sham - KAU,21.80117,39.72854,01-07-2021 00:00,6766.8,6854.795387410492,87.99538741049219,87.99538741049219,7743.188205522607,1.3003988208679462,34.3,2.0,3150.5,4548.7,0.4091983582709892,38.0,977.1
229,18,ann,loso,Hada Al Sham - KAU,21.80117,39.72854,01-08-2021 00:00,6800.4,6681.49615787535,-118.9038421246496,118.9038421246496,14138.123672003596,1.7484830616529852,35.3,1.8,2800.2,5117.3,0.35367224502683925,39.6,978.0
230,18,ann,loso,Hada Al Sham - KAU,21.80117,39.72854,01-09-2021 00:00,6135.9,6179.46396718441,43.5639671844101,43.5639671844101,1897.8192368443604,0.709984960387394,33.5,1.6,2779.0,4433.0,0.3853300055463117,47.7,979.4
231,18,ann,loso,Hada Al Sham - KAU,21.80117,39.72854,01-10-2021 00:00,5756.3,5742.448567947884,-13.851432052116252,13.851432052116252,191.86216989439345,0.24063082278748937,31.8,1.4,1873.8,5781.3,0.24477799114315946,44.2,983.1
232,18,ann,loso,Hada Al Sham - KAU,21.80117,39.72854,01-11-2021 00:00,4633.4,4644.768876111285,11.368876111285317,11.368876111285317,129.25134403375395,0.24536789638894368,27.7,1.2,1433.6,5484.8,0.2072155411655874,50.8,985.4
233,18,ann,loso,Hada Al Sham - KAU,21.80117,39.72854,01-12-2021 00:00,4082.8,4127.073499890186,44.27349989018603,44.27349989018603,1960.1427925263024,1.0843906115946416,24.9,1.2,1664.7,4401.5,0.2744222083017375,53.1,987.4
1508,19,ann,loso,Hafar Al Batin - TVTC,28.33202,45.95708,01-01-2017 00:00,3902.6,3902.8845075274894,0.28450752748949526,0.28450752748949526,0.0809445331981859,0.0072902046709756385,12.7,4.3,1535.2,4742.4,0.24455205811138017,43.6,973.2
1509,19,ann,loso,Hafar Al Batin - TVTC,28.33202,45.95708,01-02-2017 00:00,4710.6,4539.949847133422,-170.65015286657854,170.65015286657854,29121.474673386623,3.622684007697077,12.3,4.4,1876.9,5046.3,0.27110295816963254,36.8,973.8
1510,19,ann,loso,Hafar Al Batin - TVTC,28.33202,45.95708,01-03-2017 00:00,5192.7,5210.642781604116,17.942781604116135,17.942781604116135,321.9434116930084,0.3455385753869112,20.7,5.1,2670.1,3775.7,0.41423872909491455,40.2,967.8
1511,19,ann,loso,Hafar Al Batin - TVTC,28.33202,45.95708,01-04-2017 00:00,5980.1,6286.25317815872,306.15317815872004,306.15317815872004,93729.76849668498,5.119532752942593,27.7,5.3,3244.6,3715.0,0.4662049543077188,25.5,967.4
1512,19,ann,loso,Hafar Al Batin - TVTC,28.33202,45.95708,01-05-2017 00:00,6822.1,6951.260854987098,129.160854987098,129.160854987098,16682.526460998157,1.8932712066240305,34.1,4.8,3760.3,3863.1,0.49325760159508886,17.2,964.0
1513,19,ann,loso,Hafar Al Batin - TVTC,28.33202,45.95708,01-06-2017 00:00,8093.5,7851.592773273727,-241.9072267262727,241.9072267262727,58519.10634239631,2.9889074779301006,37.2,5.5,2295.8,7768.6,0.22811096538293388,11.3,960.3
1514,19,ann,loso,Hafar Al Batin - TVTC,28.33202,45.95708,01-09-2017 00:00,6699.5,6877.451214219179,177.95121421917884,177.95121421917884,31666.634642080076,2.6561864948007887,36.3,4.2,2163.1,6523.4,0.24901859206815172,12.1,963.1
1515,19,ann,loso,Hafar Al Batin - TVTC,28.33202,45.95708,01-10-2017 00:00,5477.1,5675.267765144596,198.16776514459525,198.16776514459525,39270.46314240346,3.618114789662326,29.6,4.5,1988.4,5629.1,0.2610305218247457,20.9,967.5
1516,19,ann,loso,Hafar Al Batin - TVTC,28.33202,45.95708,01-11-2017 00:00,4058.3,4230.380989711181,172.08098971118125,172.08098971118125,29611.867019979665,4.24022348547868,21.0,4.1,1820.8,4263.4,0.29926695374905493,35.2,971.6
1517,19,ann,loso,Hafar Al Batin - TVTC,28.33202,45.95708,01-03-2018 00:00,5984.3,5873.468014161692,-110.83198583830836,110.83198583830836,12283.729084862984,1.8520459508765998,23.6,4.4,2586.4,5077.5,0.3374783073891883,24.3,968.4
1518,19,ann,loso,Hafar Al Batin - TVTC,28.33202,45.95708,01-04-2018 00:00,6230.0,6456.777698254133,226.7776982541327,226.7776982541327,51428.12442544246,3.640091464753334,25.1,4.5,3517.5,3686.9,0.48824329576369996,36.1,965.4
1519,19,ann,loso,Hafar Al Batin - TVTC,28.33202,45.95708,01-05-2018 00:00,7129.9,7135.949665769372,6.049665769372041,6.049665769372041,36.59845592111181,0.08484923728764837,31.6,4.3,3506.6,4693.5,0.42762893135449564,22.2,963.7
1520,19,ann,loso,Hafar Al Batin - TVTC,28.33202,45.95708,01-06-2018 00:00,7805.1,7695.432131866791,-109.6678681332096,109.6678681332096,12027.04130088305,1.4050796035055233,36.0,6.1,3209.5,5972.5,0.3495425833151819,13.8,959.1
1521,19,ann,loso,Hafar Al Batin - TVTC,28.33202,45.95708,01-07-2018 00:00,7640.7,7626.953097096712,-13.746902903288174,13.746902903288174,188.9773394324328,0.17991679955093345,37.0,6.6,2769.3,6397.1,0.3021142433234421,12.5,956.4
1522,19,ann,loso,Hafar Al Batin - TVTC,28.33202,45.95708,01-08-2018 00:00,7509.3,7578.995297206678,69.69529720667742,69.69529720667742,4857.434452727098,0.9281197609188262,36.3,5.4,1881.0,7857.0,0.19316081330868762,13.9,958.2
1523,19,ann,loso,Hafar Al Batin - TVTC,28.33202,45.95708,01-09-2018 00:00,6395.5,6658.666701884356,263.16670188435637,263.16670188435637,69256.7129806897,4.114872987012061,36.6,4.0,2380.7,5730.7,0.2935005054614493,13.1,963.0
1524,19,ann,loso,Hafar Al Batin - TVTC,28.33202,45.95708,01-10-2018 00:00,5214.2,5312.616403862821,98.41640386282143,98.41640386282143,9685.788549289971,1.8874689091868635,28.5,4.0,2070.6,5040.5,0.2911785799665312,28.0,968.9
1525,19,ann,loso,Hafar Al Batin - TVTC,28.33202,45.95708,01-11-2018 00:00,3269.8,3738.3094261831716,468.5094261831714,468.5094261831714,219501.08242248453,14.3283817414879,17.4,3.9,1705.9,3019.9,0.3609759194210504,78.1,972.2
1526,19,ann,loso,Hafar Al Batin - TVTC,28.33202,45.95708,01-12-2018 00:00,3483.6,3650.1093006529804,166.50930065298053,166.50930065298053,27725.34720394466,4.779805392495709,15.0,4.1,1556.9,3977.4,0.28131832390726924,66.6,973.8
1527,19,ann,loso,Hafar Al Batin - TVTC,28.33202,45.95708,01-02-2019 00:00,4466.5,4311.901552287504,-154.59844771249573,154.59844771249573,23900.680035113277,3.4612884296987736,14.4,4.3,1811.9,4751.4,0.2760653939329301,49.9,972.1
1528,19,ann,loso,Hafar Al Batin - TVTC,28.33202,45.95708,01-03-2019 00:00,5871.1,5801.200224512944,-69.8997754870561,69.8997754870561,4885.978613140849,1.190573750865359,18.1,5.7,2266.7,5595.6,0.28829986136372304,34.5,968.5
1529,19,ann,loso,Hafar Al Batin - TVTC,28.33202,45.95708,01-04-2019 00:00,6712.2,6656.427682516569,-55.772317483430925,55.772317483430925,3110.551397472615,0.8309096493464279,23.8,4.9,2708.0,5520.2,0.32911207797574193,30.9,966.9
1530,19,ann,loso,Hafar Al Batin - TVTC,28.33202,45.95708,01-05-2019 00:00,7069.7,7042.368832640037,-27.33116735996282,27.33116735996282,746.9927092582969,0.386595857815223,32.8,4.4,3250.1,4945.1,0.396585806325654,17.4,964.2
1531,19,ann,loso,Hafar Al Batin - TVTC,28.33202,45.95708,01-06-2019 00:00,8091.9,7840.787704810617,-251.11229518938308,251.11229518938308,63057.38479527986,3.1032550475090286,37.6,5.1,2219.0,7868.3,0.21997957828160164,11.3,960.2
1532,19,ann,loso,Hafar Al Batin - TVTC,28.33202,45.95708,01-07-2019 00:00,8045.2,7847.737066329204,-197.4629336707958,197.4629336707958,38991.610173877096,2.4544192023914357,37.1,5.7,1892.6,8414.4,0.18362278063452023,12.4,956.9
1533,19,ann,loso,Hafar Al Batin - TVTC,28.33202,45.95708,01-08-2019 00:00,7512.5,7564.402535388905,51.90253538890465,51.90253538890465,2693.8731797964997,0.6908823346276826,37.1,5.8,2008.3,7588.7,0.20926331145149527,12.1,958.2
1534,19,ann,loso,Hafar Al Batin - TVTC,28.33202,45.95708,01-09-2019 00:00,6538.0,6680.709968478336,142.70996847833612,142.70996847833612,20366.13510308769,2.1827771257010724,35.7,3.8,1896.7,6757.5,0.21916526079822513,14.8,962.5
1535,19,ann,loso,Hafar Al Batin - TVTC,28.33202,45.95708,01-10-2019 00:00,4904.8,4977.364733501774,72.56473350177384,72.56473350177384,5265.640548183459,1.4794636580854232,29.7,4.0,2146.8,4383.0,0.32876964072406506,32.7,967.1
1536,19,ann,loso,Hafar Al Batin - TVTC,28.33202,45.95708,01-11-2019 00:00,3795.8,3931.7141546382045,135.9141546382043,135.9141546382043,18472.657431017713,3.5806458358766085,19.4,3.7,1668.2,4093.0,0.289557731028258,46.4,971.4
1537,19,ann,loso,Hafar Al Batin - TVTC,28.33202,45.95708,01-12-2019 00:00,3700.1,3792.2069152301056,92.10691523010564,92.10691523010564,8483.683833205867,2.4893088086837016,14.5,4.5,1121.3,5525.4,0.16870025727052523,52.2,972.1
1538,19,ann,loso,Hafar Al Batin - TVTC,28.33202,45.95708,01-01-2020 00:00,4174.6,4167.299204536479,-7.300795463521354,7.300795463521354,53.301614400173975,0.1748861079749282,12.1,4.8,1183.7,6099.9,0.1625157888956011,45.0,972.7
1539,19,ann,loso,Hafar Al Batin - TVTC,28.33202,45.95708,01-02-2020 00:00,4878.4,4823.245033006723,-55.1549669932765,55.1549669932765,3042.0703840294204,1.1305954204918929,15.4,5.4,1817.0,5455.0,0.24986248624862487,36.6,971.9
1540,19,ann,loso,Hafar Al Batin - TVTC,28.33202,45.95708,01-03-2020 00:00,5863.8,5899.06485258758,35.26485258758021,35.26485258758021,1243.6098280237625,0.601399307404417,19.9,5.3,2339.1,5400.9,0.3022093023255814,33.9,967.6
1541,19,ann,loso,Hafar Al Batin - TVTC,28.33202,45.95708,01-04-2020 00:00,6630.8,6664.442322539525,33.642322539524685,33.642322539524685,1131.8058658534105,0.5073644588816536,25.9,4.9,3014.2,5000.1,0.3761027163944449,27.8,965.5
1542,19,ann,loso,Hafar Al Batin - TVTC,28.33202,45.95708,01-05-2020 00:00,7335.8,7293.827497324384,-41.97250267561594,41.97250267561594,1761.6909808545875,0.5721598554433864,31.5,4.8,3154.7,5501.1,0.3644608239561912,16.4,964.7
1543,19,ann,loso,Hafar Al Batin - TVTC,28.33202,45.95708,01-09-2020 00:00,6631.2,6964.391593107688,333.1915931076883,333.1915931076883,111016.6377176393,5.024604794120044,35.5,4.0,1854.5,7033.9,0.20864272534989425,12.4,962.4
1544,19,ann,loso,Hafar Al Batin - TVTC,28.33202,45.95708,01-10-2020 00:00,5695.4,5924.672660519596,229.27266051959668,229.27266051959668,52565.95286173423,4.0255760880639935,27.2,3.1,1214.4,7657.2,0.13688624374408223,16.8,968.7
1545,19,ann,loso,Hafar Al Batin - TVTC,28.33202,45.95708,01-11-2020 00:00,3830.6,4065.3221360173843,234.7221360173844,234.7221360173844,55094.4811365635,6.1275553703697705,20.3,4.4,1696.9,4056.9,0.2949181410546074,47.0,970.9
1546,19,ann,loso,Hafar Al Batin - TVTC,28.33202,45.95708,01-12-2020 00:00,3067.8,3487.126767837256,419.32676783725583,419.32676783725583,175834.93822483986,13.668647494532102,13.5,3.1,1335.2,3665.1,0.26702397856128635,65.9,974.4
1547,19,ann,loso,Hafar Al Batin - TVTC,28.33202,45.95708,01-01-2021 00:00,3939.0,3922.3446788668416,-16.655321133158395,16.655321133158395,277.39972204863267,0.42283120419290166,13.3,3.4,1482.7,4943.7,0.2307201543632516,43.7,974.3
1548,19,ann,loso,Hafar Al Batin - TVTC,28.33202,45.95708,01-02-2021 00:00,4359.8,4287.241859230269,-72.55814076973093,72.55814076973093,5264.683791960089,1.664253882511375,15.5,4.1,1756.2,4525.7,0.27956509973097315,47.8,972.5
1549,19,ann,loso,Hafar Al Batin - TVTC,28.33202,45.95708,01-03-2021 00:00,5652.9,5617.131915290538,-35.76808470946162,35.76808470946162,1279.355883783222,0.6327386776603446,21.2,5.0,2619.0,4537.6,0.3659559008467708,26.9,968.6
1550,19,ann,loso,Hafar Al Batin - TVTC,28.33202,45.95708,01-04-2021 00:00,6570.6,6624.634408857668,54.034408857667586,54.034408857667586,2919.7173405975855,0.8223664331669495,27.8,4.7,2763.5,5212.9,0.3464595556892834,17.3,967.3
1551,19,ann,loso,Hafar Al Batin - TVTC,28.33202,45.95708,01-05-2021 00:00,7198.4,7347.065979642463,148.66597964246375,148.66597964246375,22101.57350305345,2.0652642204165335,34.0,4.2,2706.7,5982.7,0.31149446451998986,12.9,962.4
1552,19,ann,loso,Hafar Al Batin - TVTC,28.33202,45.95708,01-07-2021 00:00,7820.6,7788.210870726954,-32.38912927304591,32.38912927304591,1049.0556950660796,0.41415146245871043,39.4,4.5,2191.7,7567.2,0.22458473803399973,12.5,956.0
1553,19,ann,loso,Hafar Al Batin - TVTC,28.33202,45.95708,01-08-2021 00:00,7351.9,7405.379600786803,53.47960078680353,53.47960078680353,2860.0677003158767,0.7274255741618294,37.9,4.0,2074.4,7244.1,0.2226109352363578,13.2,958.8
1554,19,ann,loso,Hafar Al Batin - TVTC,28.33202,45.95708,01-09-2021 00:00,6662.7,6976.24565865086,313.5456586508599,313.5456586508599,98310.88005880154,4.705984940802676,33.6,4.1,1649.2,7565.5,0.17897489880299955,15.7,962.5
1555,19,ann,loso,Hafar Al Batin - TVTC,28.33202,45.95708,01-10-2021 00:00,5328.4,5500.540566779334,172.14056677933422,172.14056677933422,29632.374731110423,3.2306239542702166,29.2,3.6,1722.6,5921.6,0.22534732215274322,20.3,968.0
1556,19,ann,loso,Hafar Al Batin - TVTC,28.33202,45.95708,01-11-2021 00:00,4208.3,4286.75755418287,78.4575541828699,78.4575541828699,6155.5878083579655,1.864352688327113,20.6,3.8,1460.7,5313.9,0.2156142060047826,32.2,971.0
1557,19,ann,loso,Hafar Al Batin - TVTC,28.33202,45.95708,01-12-2021 00:00,3209.2,3520.3852195248705,311.1852195248707,311.1852195248707,96836.24085074198,9.696660212042588,14.3,3.7,1624.8,3357.8,0.32609480993858625,48.7,973.2
1371,20,ann,loso,Hagl - SWCC,29.28997,34.93002,01-01-2017 00:00,3583.5,3753.131219901021,169.6312199010208,169.6312199010208,28774.750765108478,4.7336743379662565,16.9,6.9,1209.4,4966.8,0.1958161976619928,50.7,1015.9
1372,20,ann,loso,Hagl - SWCC,29.28997,34.93002,01-02-2017 00:00,4743.2,4603.971580603193,-139.2284193968071,139.2284193968071,19384.552767733214,2.9353267708890014,17.7,6.5,1326.0,6195.3,0.1762993099597144,45.7,1016.2
1373,20,ann,loso,Hagl - SWCC,29.28997,34.93002,01-03-2017 00:00,5558.3,5317.429801030251,-240.87019896974925,240.87019896974925,58018.452751726596,4.333522821181822,21.3,6.1,1606.2,6199.7,0.20576743232682973,50.5,1010.3
1374,20,ann,loso,Hagl - SWCC,29.28997,34.93002,01-04-2017 00:00,6497.3,6316.645164857211,-180.65483514278912,180.65483514278912,32636.169460468318,2.780460116398952,24.9,6.7,2098.2,6201.1,0.25281650259660454,47.1,1010.0
1375,20,ann,loso,Hagl - SWCC,29.28997,34.93002,01-05-2017 00:00,7248.7,6856.463920300445,-392.23607969955447,392.23607969955447,153849.14221807526,5.411123093789982,27.9,6.1,1730.9,7562.2,0.18625646985397767,46.4,1008.0
1376,20,ann,loso,Hagl - SWCC,29.28997,34.93002,01-06-2017 00:00,7480.6,6905.2844520267445,-575.3155479732559,575.3155479732559,330987.9797397677,7.690767424715342,29.7,7.3,1297.0,8543.8,0.13179822778635883,49.7,1005.2
1377,20,ann,loso,Hagl - SWCC,29.28997,34.93002,01-09-2017 00:00,6280.5,6124.1058706090325,-156.39412939096746,156.39412939096746,24459.12370795867,2.4901541181588644,29.5,7.6,1554.4,7044.8,0.180761001023351,60.7,1006.9
1378,20,ann,loso,Hagl - SWCC,29.28997,34.93002,01-10-2017 00:00,5308.3,5491.046092451245,182.7460924512452,182.7460924512452,33396.13430619906,3.44264816327723,26.5,6.7,1177.5,7072.0,0.14273592338929633,57.8,1010.4
1379,20,ann,loso,Hagl - SWCC,29.28997,34.93002,01-11-2017 00:00,4213.1,4491.154386976184,278.0543869761832,278.0543869761832,77314.24211670103,6.599757588858162,22.7,6.9,1172.9,6017.5,0.16312027147307523,55.3,1012.8
1380,20,ann,loso,Hagl - SWCC,29.28997,34.93002,01-03-2018 00:00,6067.1,6044.187062138099,-22.91293786190181,22.91293786190181,525.0027214633735,0.3776588133029258,23.4,6.1,1877.6,6505.4,0.2239770965048312,43.1,1010.2
1381,20,ann,loso,Hagl - SWCC,29.28997,34.93002,01-04-2018 00:00,6662.6,6373.620982604794,-288.97901739520603,288.97901739520603,83508.8724946988,4.337331032858134,24.8,5.9,2386.5,5939.1,0.2866460074949553,44.6,1008.0
1382,20,ann,loso,Hagl - SWCC,29.28997,34.93002,01-05-2018 00:00,6864.1,6751.975368191886,-112.12463180811392,112.12463180811392,12571.93305810511,1.633493565188647,29.3,4.9,2875.1,5215.4,0.3553674062171683,42.7,1005.5
1383,20,ann,loso,Hagl - SWCC,29.28997,34.93002,01-06-2018 00:00,7953.3,7489.8524721311405,-463.44752786885965,463.44752786885965,214783.61108775745,5.82710985212251,30.3,6.8,1845.1,8272.2,0.18237079062595749,46.0,1004.5
1384,20,ann,loso,Hagl - SWCC,29.28997,34.93002,01-07-2018 00:00,7799.3,7525.862752530283,-273.4372474697175,273.4372474697175,74767.92830381551,3.505920370670669,31.4,5.3,1649.4,8439.4,0.16348822456585524,47.3,1002.7
1385,20,ann,loso,Hagl - SWCC,29.28997,34.93002,01-08-2018 00:00,7365.1,6940.053456286528,-425.0465437134726,425.0465437134726,180664.56432276897,5.771089920211166,31.2,7.0,1215.1,8765.8,0.12174252822891722,52.4,1003.6
1386,20,ann,loso,Hagl - SWCC,29.28997,34.93002,01-09-2018 00:00,6092.9,6034.421727077061,-58.47827292293823,58.47827292293823,3419.7084040496507,0.9597773297270304,29.9,7.8,1860.6,6244.5,0.22955916645075322,54.5,1006.4
1387,20,ann,loso,Hagl - SWCC,29.28997,34.93002,01-10-2018 00:00,5005.6,5177.56932831132,171.96932831131926,171.96932831131926,29573.44987984631,3.4355387628120355,27.4,6.5,1624.0,5618.9,0.2242195805547502,54.2,1010.0
1388,20,ann,loso,Hagl - SWCC,29.28997,34.93002,01-11-2018 00:00,4118.3,4319.674946786908,201.37494678690746,201.37494678690746,40551.86919342981,4.889759045890475,23.5,5.7,1182.7,5706.6,0.17167201312179758,50.7,1011.9
1389,20,ann,loso,Hagl - SWCC,29.28997,34.93002,01-12-2018 00:00,3741.9,4018.0928292889475,276.19282928894745,276.19282928894745,76282.47895063367,7.381085258530358,19.4,5.5,994.5,5997.1,0.1422421191143658,48.5,1015.3
1390,20,ann,loso,Hagl - SWCC,29.28997,34.93002,01-01-2019 00:00,3689.0,3758.5738658014097,69.57386580140974,69.57386580140974,4840.522802552571,1.885981724082671,17.9,4.6,1455.0,4569.2,0.24152584575545302,44.6,1014.3
1391,20,ann,loso,Hagl - SWCC,29.28997,34.93002,01-02-2019 00:00,4761.4,4681.217196084433,-80.18280391556618,80.18280391556618,6429.282043762136,1.6840173880700253,18.8,5.2,1379.3,6049.8,0.18566178944959685,45.7,1014.3
1392,20,ann,loso,Hagl - SWCC,29.28997,34.93002,01-03-2019 00:00,5880.7,5707.098741787523,-173.60125821247675,173.60125821247675,30137.396852955026,2.9520509159194783,20.0,5.6,1746.0,6498.0,0.21179039301310043,45.0,1012.4
1393,20,ann,loso,Hagl - SWCC,29.28997,34.93002,01-04-2019 00:00,6665.1,6401.787800521593,-263.3121994784069,263.3121994784069,69333.31439415635,3.950611385851779,23.0,6.0,2146.5,6370.0,0.25204015734163093,44.9,1010.3
1394,20,ann,loso,Hagl - SWCC,29.28997,34.93002,01-05-2019 00:00,7078.2,6868.307004083101,-209.89299591689905,209.89299591689905,44055.0697349714,2.965344238886992,28.3,5.8,2163.4,6630.6,0.2460086422560837,40.5,1007.0
1395,20,ann,loso,Hagl - SWCC,29.28997,34.93002,01-06-2019 00:00,7575.9,7144.381345565031,-431.518654434969,431.518654434969,186208.3491253662,5.69593915488548,30.6,5.4,1772.0,7819.5,0.1847469113277381,47.5,1005.0
1396,20,ann,loso,Hagl - SWCC,29.28997,34.93002,01-07-2019 00:00,7943.0,7518.680863778098,-424.3191362219022,424.3191362219022,180046.72936410122,5.342051318417503,31.4,5.9,1405.7,9070.0,0.13418673692450145,47.4,1002.5
1397,20,ann,loso,Hagl - SWCC,29.28997,34.93002,01-08-2019 00:00,7335.0,6870.4360398281115,-464.56396017188854,464.56396017188854,215819.67309058804,6.333523656058467,31.8,5.1,1369.2,8400.7,0.14014473024288884,50.6,1003.6
1398,20,ann,loso,Hagl - SWCC,29.28997,34.93002,01-09-2019 00:00,6414.9,6219.664553563844,-195.23544643615605,195.23544643615605,38116.87954512516,3.043468275984911,29.3,7.6,1303.6,7710.3,0.14462108521283795,57.5,1006.0
1399,20,ann,loso,Hagl - SWCC,29.28997,34.93002,01-10-2019 00:00,5094.8,5068.813313713263,-25.986686286737495,25.986686286737495,675.3078641653105,0.510062932533907,27.3,6.3,1307.9,6387.8,0.16995205114544484,56.2,1009.2
1400,20,ann,loso,Hagl - SWCC,29.28997,34.93002,01-11-2019 00:00,4235.4,4507.646252292294,272.24625229229423,272.24625229229423,74118.02188719952,6.427875815561558,24.5,5.1,1197.9,5960.9,0.16733251382913342,44.3,1011.4
1401,20,ann,loso,Hagl - SWCC,29.28997,34.93002,01-12-2019 00:00,3858.7,4202.509003090201,343.80900309020126,343.80900309020126,118204.63060587802,8.909969758991403,19.7,4.3,967.5,6272.7,0.1336289052788597,44.5,1014.8
1402,20,ann,loso,Hagl - SWCC,29.28997,34.93002,01-01-2020 00:00,3731.0,3820.7855482913865,89.78554829138648,89.78554829138648,8061.444681984893,2.4064740898254215,16.7,4.4,1121.0,5386.5,0.17226277372262774,47.9,1017.4
1403,20,ann,loso,Hagl - SWCC,29.28997,34.93002,01-02-2020 00:00,4778.0,4737.089326635615,-40.91067336438482,40.91067336438482,1673.6831951273855,0.856230082971637,18.1,4.6,1219.8,6475.9,0.1585040996920358,51.2,1015.7
1404,20,ann,loso,Hagl - SWCC,29.28997,34.93002,01-03-2020 00:00,5607.3,5518.03384648584,-89.26615351416058,89.26615351416058,7968.446163213683,1.5919632178438923,20.7,4.7,1968.0,5681.5,0.2572717171056932,50.0,1010.5
1405,20,ann,loso,Hagl - SWCC,29.28997,34.93002,01-04-2020 00:00,6767.8,6600.203471462796,-167.596528537204,167.596528537204,28088.59637772183,2.4763812248766803,23.5,6.0,2123.8,6580.8,0.24398593846931507,49.7,1009.2
1406,20,ann,loso,Hagl - SWCC,29.28997,34.93002,01-05-2020 00:00,7163.3,6756.807061524911,-406.49293847508943,406.49293847508943,165236.50903011285,5.674660260984314,27.5,5.8,1935.2,7163.8,0.2126827123859765,43.3,1008.0
1407,20,ann,loso,Hagl - SWCC,29.28997,34.93002,01-09-2020 00:00,6086.8,6155.896170513111,69.09617051311125,69.09617051311125,4774.280779576944,1.1351805630727352,32.1,6.5,1840.4,6202.2,0.22883147240941984,52.7,1004.9
1408,20,ann,loso,Hagl - SWCC,29.28997,34.93002,01-10-2020 00:00,5200.8,5417.727609800993,216.9276098009932,216.9276098009932,47057.58789397196,4.171043104926034,28.9,5.8,1280.4,6602.2,0.1624337147641641,55.2,1009.6
1409,20,ann,loso,Hagl - SWCC,29.28997,34.93002,01-11-2020 00:00,4228.7,4520.003319192042,291.3033191920422,291.3033191920422,84857.62377230081,6.888720391421529,23.7,5.4,1018.4,6326.1,0.13866158349785554,50.6,1012.3
1410,20,ann,loso,Hagl - SWCC,29.28997,34.93002,01-12-2020 00:00,3585.6,3858.249803343958,272.64980334395796,272.64980334395796,74337.91526349894,7.6040217353848165,21.0,5.4,1127.8,5298.5,0.17549756469508113,49.1,1014.0
1411,20,ann,loso,Hagl - SWCC,29.28997,34.93002,01-01-2021 00:00,3970.8,4092.7219610287466,121.92196102874641,121.92196102874641,14864.964581095159,3.0704634086014506,19.8,5.7,1159.1,5757.5,0.16758233814301823,45.2,1015.0
1412,20,ann,loso,Hagl - SWCC,29.28997,34.93002,01-02-2021 00:00,4891.3,4840.012198724232,-51.28780127576829,51.28780127576829,2630.4385597026994,1.0485515359059612,19.8,5.9,1226.0,6526.8,0.15813641523062635,49.4,1014.2
1413,20,ann,loso,Hagl - SWCC,29.28997,34.93002,01-03-2021 00:00,6155.0,6035.952372999833,-119.04762700016727,119.04762700016727,14172.337494370955,1.9341612835120596,21.1,6.9,1819.4,6718.9,0.21308691425693643,46.2,1012.2
1414,20,ann,loso,Hagl - SWCC,29.28997,34.93002,01-04-2021 00:00,7286.0,6908.206122564898,-377.79387743510233,377.79387743510233,142728.21382744913,5.185202819586911,24.8,6.5,1940.6,7505.9,0.2054305827555179,41.6,1010.7
1415,20,ann,loso,Hagl - SWCC,29.28997,34.93002,01-05-2021 00:00,7801.4,7556.660254531683,-244.73974546831687,244.73974546831687,59897.54301189653,3.137125970573447,29.1,5.5,1874.0,8142.2,0.18709690301711226,41.3,1006.8
1416,20,ann,loso,Hagl - SWCC,29.28997,34.93002,01-07-2021 00:00,7859.4,7451.878061436877,-407.5219385631226,407.5219385631226,166074.13041024547,5.1851533013095485,31.6,4.9,1346.5,9040.0,0.12963943580609444,47.4,1001.9
1417,20,ann,loso,Hagl - SWCC,29.28997,34.93002,01-08-2021 00:00,7092.8,6813.933680390937,-278.8663196090629,278.8663196090629,77766.42421230402,3.931681699879637,32.2,5.0,1620.8,7617.8,0.17543783690169504,50.8,1003.0
1418,20,ann,loso,Hagl - SWCC,29.28997,34.93002,01-09-2021 00:00,6335.6,6257.577485975815,-78.02251402418551,78.02251402418551,6087.512694654225,1.2314936868518451,29.5,3.8,1365.9,7494.1,0.1541647855530474,53.8,1006.6
1419,20,ann,loso,Hagl - SWCC,29.28997,34.93002,01-10-2021 00:00,5029.6,5181.030551362747,151.43055136274688,151.43055136274688,22931.21188602552,3.0107871672249655,26.9,0.0,1368.1,6158.4,0.1817710755331163,55.8,1010.4
1420,20,ann,loso,Hagl - SWCC,29.28997,34.93002,01-11-2021 00:00,4057.2,4355.726844679393,298.52684467939343,298.52684467939343,89118.2769942347,7.357952397697757,24.3,0.0,1119.1,5762.7,0.16261733848702375,50.2,1012.2
1421,20,ann,loso,Hagl - SWCC,29.28997,34.93002,01-12-2021 00:00,3391.2,3627.4210434598767,236.2210434598769,236.2210434598769,55800.381373273056,6.965706636585189,19.7,0.0,1366.7,4299.0,0.2412235028328362,47.9,1014.6
309,21,ann,loso,Hail - TVTC,27.65261,41.70826,01-01-2017 00:00,4169.5,4051.6304242296414,-117.86957577035855,117.86957577035855,13893.236892284296,2.8269474941925545,12.2,3.4,1329.8,5620.2,0.19133812949640286,35.6,912.4
310,21,ann,loso,Hail - TVTC,27.65261,41.70826,01-02-2017 00:00,5086.2,4702.14158720152,-384.05841279847937,384.05841279847937,147500.86444128718,7.550989202124954,10.8,3.5,1599.7,6100.3,0.20775324675324675,28.4,912.7
311,21,ann,loso,Hail - TVTC,27.65261,41.70826,01-03-2017 00:00,5446.5,5238.008076542095,-208.4919234579047,208.4919234579047,43468.882147176795,3.8279982274470705,18.1,3.8,2366.2,4584.1,0.34044573615527385,28.3,908.3
312,21,ann,loso,Hail - TVTC,27.65261,41.70826,01-04-2017 00:00,5863.9,5840.6926282384375,-23.20737176156217,23.20737176156217,538.5821040793533,0.39576684052528477,23.9,4.0,2984.1,3896.2,0.4337165530572795,20.2,909.6
313,21,ann,loso,Hail - TVTC,27.65261,41.70826,01-05-2017 00:00,6227.4,6466.582960555912,239.18296055591236,239.18296055591236,57208.48862029113,3.8408157586779774,29.0,3.4,3023.5,4219.2,0.41745481657392963,14.9,907.7
314,21,ann,loso,Hail - TVTC,27.65261,41.70826,01-09-2017 00:00,6546.0,6695.933544453876,149.93354445387558,149.93354445387558,22480.067752502287,2.2904605018923863,32.6,3.0,2359.7,5922.3,0.28491910166626416,9.2,907.7
315,21,ann,loso,Hail - TVTC,27.65261,41.70826,01-10-2017 00:00,5714.3,6028.968268521394,314.66826852139366,314.66826852139366,99016.1192142519,5.506680932422057,26.8,3.1,1668.9,6630.7,0.2010819798544508,14.4,909.5
316,21,ann,loso,Hail - TVTC,27.65261,41.70826,01-11-2017 00:00,4206.8,4279.4134927954965,72.61349279549631,72.61349279549631,5272.719335961595,1.7260980506678785,19.1,3.5,1758.8,4498.5,0.28107969891167117,37.9,911.7
317,21,ann,loso,Hail - TVTC,27.65261,41.70826,01-03-2018 00:00,6241.9,6205.480990280203,-36.41900971979703,36.41900971979703,1326.3442689706708,0.5834603200915912,22.4,3.5,2453.4,5651.8,0.30269456645116716,19.7,909.8
318,21,ann,loso,Hail - TVTC,27.65261,41.70826,01-04-2018 00:00,6813.9,6520.005265909084,-293.89473409091534,293.89473409091534,86374.11472636984,4.313164767474065,22.3,3.7,2866.1,5310.2,0.3505375292002495,31.2,907.1
319,21,ann,loso,Hail - TVTC,27.65261,41.70826,01-05-2018 00:00,6997.7,6940.987435201388,-56.71256479861222,56.71256479861222,3216.31500603679,0.8104457864528662,27.9,3.5,3265.7,4853.3,0.4022293385884961,19.1,907.0
320,21,ann,loso,Hail - TVTC,27.65261,41.70826,01-06-2018 00:00,8237.7,7906.55889285383,-331.1411071461707,331.1411071461707,109654.43284199171,4.019824795102647,32.6,3.2,2404.7,7785.7,0.23597699795886323,11.1,904.9
321,21,ann,loso,Hail - TVTC,27.65261,41.70826,01-07-2018 00:00,8175.3,8227.238635255653,51.938635255653026,51.938635255653026,2697.6218322197633,0.6353116736468757,33.5,3.0,2293.6,7876.0,0.22553492762743862,11.3,903.1
322,21,ann,loso,Hail - TVTC,27.65261,41.70826,01-09-2018 00:00,6236.9,6754.645043098268,517.7450430982681,517.7450430982681,268059.92965282744,8.301320256830607,33.6,2.7,2592.3,5069.1,0.3383585245516485,10.2,907.7
323,21,ann,loso,Hail - TVTC,27.65261,41.70826,01-11-2018 00:00,3453.8,3634.819526457456,181.01952645745587,181.01952645745587,32768.068958881566,5.241169913065489,16.0,3.4,1609.1,3496.3,0.3151760880636189,67.2,912.0
324,21,ann,loso,Hail - TVTC,27.65261,41.70826,01-12-2018 00:00,3842.0,3880.0307496257674,38.030749625767385,38.030749625767385,1446.337917097806,0.9898685483021183,14.2,3.7,1358.8,5098.9,0.21041547300122335,52.8,913.2
325,21,ann,loso,Hail - TVTC,27.65261,41.70826,01-01-2019 00:00,3652.9,3777.78312788223,124.88312788222993,124.88312788222993,15595.795629649394,3.4187392997955026,13.9,3.6,1815.2,3568.0,0.3371972061227523,39.3,911.7
326,21,ann,loso,Hail - TVTC,27.65261,41.70826,01-02-2019 00:00,4848.6,4465.016235663765,-383.5837643362356,383.5837643362356,147136.50426235676,7.911227247787724,13.5,3.5,1713.1,5424.7,0.24000392277732635,41.7,911.5
327,21,ann,loso,Hail - TVTC,27.65261,41.70826,01-03-2019 00:00,6418.6,6177.364073136786,-241.23592686321444,241.23592686321444,58194.77240955415,3.758388540541776,15.9,3.7,1872.9,7074.5,0.20932337885866287,27.6,909.2
328,21,ann,loso,Hail - TVTC,27.65261,41.70826,01-04-2019 00:00,6834.9,6503.886426409114,-331.01357359088524,331.01357359088524,109569.9859014084,4.842990732723014,20.7,3.5,2247.6,6405.1,0.2597570700474996,23.6,908.6
329,21,ann,loso,Hail - TVTC,27.65261,41.70826,01-05-2019 00:00,6724.6,6682.301975287269,-42.2980247127316,42.2980247127316,1789.1228945988535,0.6290043231230349,29.3,3.5,2655.1,5407.0,0.3293310675878493,14.8,907.8
330,21,ann,loso,Hail - TVTC,27.65261,41.70826,01-07-2019 00:00,8184.0,7908.109636233156,-275.8903637668436,275.8903637668436,76115.4928194013,3.371094376427708,33.7,3.1,1864.7,8552.2,0.17900719023893863,10.2,903.2
331,21,ann,loso,Hail - TVTC,27.65261,41.70826,01-08-2019 00:00,7644.2,7445.669496256569,-198.53050374343093,198.53050374343093,39414.36091662044,2.597139056322845,33.2,3.3,1908.1,7915.6,0.1942343516190437,11.1,904.4
332,21,ann,loso,Hail - TVTC,27.65261,41.70826,01-09-2019 00:00,6659.0,6946.174562417655,287.17456241765467,287.17456241765467,82469.22929977144,4.3125779008507985,33.0,3.0,2017.6,6718.7,0.23094445016769113,11.4,906.6
333,21,ann,loso,Hail - TVTC,27.65261,41.70826,01-10-2019 00:00,5007.4,5167.588847062598,160.18884706259814,160.18884706259814,25660.46672324446,3.199042358561292,27.4,2.8,1944.4,4869.2,0.28537043559938946,24.9,909.9
334,21,ann,loso,Hail - TVTC,27.65261,41.70826,01-11-2019 00:00,4172.4,4145.792595917968,-26.60740408203128,26.60740408203128,707.9539519844949,0.6377002224626422,18.1,3.3,1514.5,4990.9,0.2328065914471055,44.6,911.9
335,21,ann,loso,Hail - TVTC,27.65261,41.70826,01-12-2019 00:00,4280.9,4555.453251889356,274.55325188935603,274.55325188935603,75379.48812302019,6.41344698286239,13.8,3.0,973.4,6996.3,0.1221375961454007,39.3,912.0
336,21,ann,loso,Hail - TVTC,27.65261,41.70826,01-01-2020 00:00,4555.6,4500.66505088668,-54.93494911332073,54.93494911332073,3017.8486340831378,1.2058773622205796,10.4,3.3,1023.4,7158.7,0.1250779139829628,36.5,912.6
337,21,ann,loso,Hail - TVTC,27.65261,41.70826,01-02-2020 00:00,5484.9,5515.497158500114,30.597158500114347,30.597158500114347,936.1861082811196,0.55784350672053,13.9,3.7,1484.5,7092.4,0.17308118317807134,33.9,911.9
338,21,ann,loso,Hail - TVTC,27.65261,41.70826,01-03-2020 00:00,6371.4,6243.616436030326,-127.7835639696732,127.7835639696732,16328.639220791561,2.005580625446106,18.4,4.0,2168.0,6380.4,0.25361471152496373,26.2,908.6
339,21,ann,loso,Hail - TVTC,27.65261,41.70826,01-04-2020 00:00,7199.2,6947.78797453068,-251.41202546931981,251.41202546931981,63208.00655058592,3.492221711708521,22.9,3.9,2498.0,6482.3,0.2781644265781767,24.9,907.6
340,21,ann,loso,Hail - TVTC,27.65261,41.70826,01-05-2020 00:00,7321.9,7205.571230517193,-116.32876948280682,116.32876948280682,13532.382609384007,1.5887784520794714,28.9,3.6,2969.7,5666.2,0.3438784608436874,13.3,908.3
341,21,ann,loso,Hail - TVTC,27.65261,41.70826,01-09-2020 00:00,6805.0,7022.788206534513,217.78820653451294,217.78820653451294,47431.70290551966,3.2004144972007778,32.5,2.8,1980.6,7021.5,0.22001532975639015,8.9,907.5
342,21,ann,loso,Hail - TVTC,27.65261,41.70826,01-10-2020 00:00,5948.5,6174.20443824521,225.70443824521044,225.70443824521044,50942.49344358601,3.7943084516299983,25.6,2.5,1173.5,8055.1,0.1271590490431918,11.7,911.6
343,21,ann,loso,Hail - TVTC,27.65261,41.70826,01-11-2020 00:00,4203.6,4328.668311676017,125.06831167601649,125.06831167601649,15642.082585489203,2.975266716053299,18.9,3.4,1584.9,4907.3,0.24412371769199961,43.5,911.6
344,21,ann,loso,Hail - TVTC,27.65261,41.70826,01-12-2020 00:00,3597.5,3796.269599668739,198.76959966873892,198.76959966873892,39509.353752470735,5.525214723245001,13.6,3.4,1356.6,4611.2,0.2273199504004826,52.0,913.3
345,21,ann,loso,Hail - TVTC,27.65261,41.70826,01-01-2021 00:00,4205.5,4137.119807295427,-68.38019270457335,68.38019270457335,4675.850754314586,1.6259705791124326,13.0,3.3,1441.0,5379.0,0.21129032258064517,43.9,913.5
346,21,ann,loso,Hail - TVTC,27.65261,41.70826,01-02-2021 00:00,4818.3,4594.618022645579,-223.68197735442118,223.68197735442118,50033.62699318379,4.642342264998468,14.5,3.7,1657.8,5456.1,0.23303673090709734,41.7,912.1
347,21,ann,loso,Hail - TVTC,27.65261,41.70826,01-03-2021 00:00,6358.1,6460.551208998297,102.45120899829635,102.45120899829635,10496.2502252126,1.611349443989499,20.4,3.9,2499.7,5803.7,0.3010453549148541,20.8,909.7
348,21,ann,loso,Hail - TVTC,27.65261,41.70826,01-04-2021 00:00,7385.1,7229.262469020579,-155.837530979421,155.837530979421,24285.336061762,2.110161419336515,24.5,3.5,2608.9,6535.3,0.2853065331029505,15.1,910.1
349,21,ann,loso,Hail - TVTC,27.65261,41.70826,01-05-2021 00:00,7637.6,7528.881182051009,-108.71881794899127,108.71881794899127,11819.781376225907,1.423468340172191,30.6,3.2,2423.3,6979.4,0.25772384527848385,9.9,906.7
350,21,ann,loso,Hail - TVTC,27.65261,41.70826,01-07-2021 00:00,7810.3,7758.6945840443705,-51.605415955629724,51.605415955629724,2663.118955953563,0.660735387317129,35.4,3.1,2111.9,7682.1,0.2156320196038391,9.8,902.3
351,21,ann,loso,Hail - TVTC,27.65261,41.70826,01-08-2021 00:00,7648.0,7534.878610858953,-113.12138914104708,113.12138914104708,12796.448681200203,1.479097661363063,34.5,3.0,1929.6,7915.2,0.1960019502681619,8.7,904.5
352,21,ann,loso,Hail - TVTC,27.65261,41.70826,01-09-2021 00:00,6641.5,6812.211519679556,170.71151967955575,170.71151967955575,29142.42295130335,2.5703759644591697,31.3,2.9,2018.3,6679.7,0.23204184870085076,13.4,906.8
353,21,ann,loso,Hail - TVTC,27.65261,41.70826,01-10-2021 00:00,5596.1,5783.3501506248895,187.2501506248891,187.2501506248891,35062.61890904366,3.3460829975320148,27.8,3.1,1749.6,6239.5,0.21899838529997118,15.0,910.3
354,21,ann,loso,Hail - TVTC,27.65261,41.70826,01-11-2021 00:00,4565.9,4849.516781347678,283.6167813476786,283.6167813476786,80438.47866201695,6.211629281142352,19.1,2.9,1364.3,6071.7,0.18347229693383538,28.5,912.3
586,22,ann,loso,Jazan - University,16.96035,42.545865,01-01-2017 00:00,4845.9,4993.445701424547,147.5457014245476,147.5457014245476,21769.734008861746,3.044753325998217,26.4,2.8,1898.2,4808.7,0.28302196245657457,75.7,1013.9
587,22,ann,loso,Jazan - University,16.96035,42.545865,01-02-2017 00:00,4480.2,4679.58608914849,199.3860891484901,199.3860891484901,39754.81254592964,4.450383669222136,26.6,3.1,2707.0,2575.1,0.5124855644535317,73.7,1013.3
588,22,ann,loso,Jazan - University,16.96035,42.545865,01-09-2017 00:00,6127.2,5778.666585986418,-348.53341401358193,348.53341401358193,121475.54068396291,5.68829830940041,32.8,3.0,2719.6,4304.0,0.38720883877213963,70.6,1005.7
589,22,ann,loso,Jazan - University,16.96035,42.545865,01-10-2017 00:00,5777.2,5550.630453673882,-226.56954632611814,226.56954632611814,51333.75932242299,3.921788172923183,31.4,3.0,2056.1,5247.3,0.28152641235588904,71.2,1009.0
590,22,ann,loso,Jazan - University,16.96035,42.545865,01-11-2017 00:00,4930.5,4908.06187297951,-22.438127020490356,22.438127020490356,503.46954418765944,0.45508826732563346,29.3,2.9,1890.4,4789.9,0.2829813032348847,68.3,1011.7
591,22,ann,loso,Jazan - University,16.96035,42.545865,01-03-2018 00:00,6358.3,5865.687889251548,-492.6121107484523,492.6121107484523,242666.69165604547,7.747544323930175,28.2,3.0,2313.2,5432.7,0.29863540711860465,69.3,1010.3
592,22,ann,loso,Jazan - University,16.96035,42.545865,01-04-2018 00:00,6438.9,6280.289320617334,-158.6106793826657,158.6106793826657,25157.347614230774,2.4633195015090417,30.8,3.2,2756.7,4729.8,0.3682228010418753,67.3,1007.8
593,22,ann,loso,Jazan - University,16.96035,42.545865,01-05-2018 00:00,6626.3,6483.3620742814055,-142.93792571859467,142.93792571859467,20431.25060873449,2.157130309804788,32.2,3.1,3065.2,4422.6,0.4093592243382569,65.3,1005.9
594,22,ann,loso,Jazan - University,16.96035,42.545865,01-06-2018 00:00,5771.5,6052.695577691057,281.1955776910572,281.1955776910572,79070.9529130074,4.872140304791774,33.4,3.4,3795.9,2355.7,0.6170589765264322,64.7,1003.3
595,22,ann,loso,Jazan - University,16.96035,42.545865,01-07-2018 00:00,5564.3,5698.615710209867,134.31571020986667,134.31571020986667,18040.71000918088,2.4138833314139543,33.6,3.1,3912.7,1901.7,0.6729327187671987,62.7,1003.3
596,22,ann,loso,Jazan - University,16.96035,42.545865,01-08-2018 00:00,5592.4,5499.583881439268,-92.81611856073141,92.81611856073141,8614.83186467975,1.659683115670042,33.1,0.9,3454.5,2489.2,0.5812036273701566,66.9,1003.9
597,22,ann,loso,Jazan - University,16.96035,42.545865,01-09-2018 00:00,6013.7,5703.463147996037,-310.23685200396267,310.23685200396267,96246.90434132864,5.158834860467977,33.1,0.2,2776.4,4092.0,0.40422805893657915,68.8,1006.0
598,22,ann,loso,Jazan - University,16.96035,42.545865,01-10-2018 00:00,5312.8,5347.554126945852,34.75412694585157,34.75412694585157,1207.849339768366,0.6541583900363569,31.0,0.0,2103.8,4681.1,0.3100708927176524,69.3,1009.9
599,22,ann,loso,Jazan - University,16.96035,42.545865,01-01-2019 00:00,4555.0,4522.1010992916945,-32.89890070830552,32.89890070830552,1082.3376678149452,0.7222590715325032,26.5,0.0,2345.3,3542.5,0.3983321444342539,75.3,1014.3
600,22,ann,loso,Jazan - University,16.96035,42.545865,01-02-2019 00:00,5009.4,4829.603500144768,-179.79649985523156,179.79649985523156,32326.781360192283,3.589182334316117,27.1,0.0,2780.7,3202.9,0.46472023530984685,72.5,1012.8
601,22,ann,loso,Jazan - University,16.96035,42.545865,01-03-2019 00:00,5803.7,5606.415192888996,-197.28480711100383,197.28480711100383,38921.29511682599,3.3992936766373836,28.0,0.0,2850.6,3932.9,0.42022554728385053,69.4,1011.3
602,22,ann,loso,Jazan - University,16.96035,42.545865,01-04-2019 00:00,6218.7,6265.558973136826,46.858973136826535,46.858973136826535,2195.763363437831,0.7535171842479382,30.3,0.0,2973.3,4159.3,0.41686061183860024,69.9,1008.8
603,22,ann,loso,Jazan - University,16.96035,42.545865,01-05-2019 00:00,6336.4,6221.3030952083645,-115.0969047916351,115.0969047916351,13247.297492614714,1.816440009968359,32.9,0.0,2598.0,4736.9,0.35419705790126654,58.4,1007.0
604,22,ann,loso,Jazan - University,16.96035,42.545865,01-06-2019 00:00,5858.4,6052.234948943131,193.83494894313117,193.83494894313117,37571.98743178626,3.308667024155591,33.8,0.0,3270.2,3108.3,0.5126910715685505,66.0,1003.7
605,22,ann,loso,Jazan - University,16.96035,42.545865,01-07-2019 00:00,5692.1,5956.666027321655,264.5660273216545,264.5660273216545,69995.18281276242,4.647951148462861,33.8,0.0,3737.2,2264.7,0.6226694879954681,62.9,1002.2
606,22,ann,loso,Jazan - University,16.96035,42.545865,01-08-2019 00:00,5297.0,5484.162003652745,187.16200365274472,187.16200365274472,35029.61561131003,3.533358573772791,32.4,0.0,3286.6,2389.9,0.5789835285827535,67.5,1004.8
607,22,ann,loso,Jazan - University,16.96035,42.545865,01-09-2019 00:00,5832.6,5698.291478077939,-134.30852192206112,134.30852192206112,18038.779060888774,2.3027212893402793,32.5,0.0,2756.8,3856.2,0.41687585059730836,68.1,1004.9
608,22,ann,loso,Jazan - University,16.96035,42.545865,01-10-2019 00:00,5463.7,5256.50450636453,-207.19549363546957,207.19549363546957,42929.97258284591,3.7922194416873105,30.9,0.0,1948.9,4979.8,0.28127931646629234,65.4,1009.4
609,22,ann,loso,Jazan - University,16.96035,42.545865,01-11-2019 00:00,4841.9,4901.176704320307,59.276704320307545,59.276704320307545,3513.727675077167,1.2242447039448883,29.3,0.0,1881.3,4659.0,0.2876473556258887,63.9,1010.6
610,22,ann,loso,Jazan - University,16.96035,42.545865,01-12-2019 00:00,4326.8,4412.960873519446,86.16087351944589,86.16087351944589,7423.696125633951,1.9913301636185143,27.8,0.0,1920.6,4072.9,0.320447151080337,60.2,1012.5
611,22,ann,loso,Jazan - University,16.96035,42.545865,01-01-2020 00:00,4546.7,4444.624102376155,-102.07589762384487,102.07589762384487,10419.488875713658,2.24505460276343,26.3,0.3,1938.8,4213.2,0.31514954486345903,62.6,1014.6
612,22,ann,loso,Jazan - University,16.96035,42.545865,01-02-2020 00:00,4908.3,5009.735772787921,101.43577278792054,101.43577278792054,10289.216001082641,2.0666172154905067,26.8,3.2,2796.9,3092.3,0.4749201928954696,63.9,1013.8
613,22,ann,loso,Jazan - University,16.96035,42.545865,01-03-2020 00:00,5625.9,5561.872581964919,-64.0274180350807,64.0274180350807,4099.510260238977,1.1380831162139515,28.1,3.3,2985.8,3471.4,0.4623985628445766,64.9,1010.4
614,22,ann,loso,Jazan - University,16.96035,42.545865,01-04-2020 00:00,6391.6,6322.371242661337,-69.22875733866294,69.22875733866294,4792.620842655479,1.0831209296367568,30.8,3.3,2487.2,5109.0,0.32742687133040205,66.0,1008.9
615,22,ann,loso,Jazan - University,16.96035,42.545865,01-09-2020 00:00,5985.6,5751.6826004260565,-233.91739957394384,233.91739957394384,54717.3498234361,3.908002532309941,32.7,2.6,2576.3,4338.2,0.37259382457155255,68.5,1004.8
616,22,ann,loso,Jazan - University,16.96035,42.545865,01-10-2020 00:00,5765.0,5626.587991478262,-138.41200852173824,138.41200852173824,19157.88410302174,2.4009021426147137,31.4,2.7,1720.7,5828.1,0.2279435142009326,66.3,1009.0
617,22,ann,loso,Jazan - University,16.96035,42.545865,01-11-2020 00:00,4773.8,4816.90657722344,43.10657722343967,43.10657722343967,1858.176999920368,0.9029824714784798,29.5,2.8,1916.2,4469.8,0.3000626370184779,69.0,1011.9
618,22,ann,loso,Jazan - University,16.96035,42.545865,01-12-2020 00:00,4470.6,4546.51516362107,75.91516362106995,75.91516362106995,5763.112067613823,1.698097875476892,27.6,2.6,1809.1,4512.5,0.28617754998734496,68.5,1013.1
619,22,ann,loso,Jazan - University,16.96035,42.545865,01-01-2021 00:00,4567.8,4678.451819452172,110.65181945217137,110.65181945217137,12243.82514807593,2.4224313554046013,25.9,2.5,2039.8,4135.8,0.3302998898892415,67.5,1013.5
620,22,ann,loso,Jazan - University,16.96035,42.545865,01-02-2021 00:00,4771.7,4709.421823775072,-62.27817622492785,62.27817622492785,3878.5712339031684,1.3051569927893172,26.2,2.8,2167.7,3835.3,0.3611027819423621,66.7,1012.9
621,22,ann,loso,Jazan - University,16.96035,42.545865,01-03-2021 00:00,6135.9,5957.078033617111,-178.8219663828886,178.8219663828886,31977.295661042943,2.9143559442443423,28.4,2.7,2459.1,4951.1,0.3318533912714906,66.9,1010.2
622,22,ann,loso,Jazan - University,16.96035,42.545865,01-04-2021 00:00,6471.7,6359.343505203493,-112.35649479650692,112.35649479650692,12623.981922957488,1.7361202589197107,30.2,2.8,2649.0,4894.8,0.3511492881571622,65.2,1008.9
623,22,ann,loso,Jazan - University,16.96035,42.545865,01-05-2021 00:00,6409.8,6387.545397064921,-22.254602935078765,22.254602935078765,495.26735179801636,0.3471965261798927,32.3,2.6,2731.9,4649.9,0.37008588691105154,66.1,1006.3
624,22,ann,loso,Jazan - University,16.96035,42.545865,01-07-2021 00:00,5168.4,5661.083801752328,492.6838017523287,492.6838017523287,242737.32850912792,9.532617478374908,33.0,3.2,3252.6,2258.3,0.5902121250612423,65.4,1002.7
625,22,ann,loso,Jazan - University,16.96035,42.545865,01-08-2021 00:00,5508.7,5556.5502675773805,47.85026757738069,47.85026757738069,2289.64810722693,0.8686308489730916,33.2,2.6,3038.2,2985.1,0.5044078827220959,70.0,1003.7
626,22,ann,loso,Jazan - University,16.96035,42.545865,01-09-2021 00:00,5653.7,5650.594827868288,-3.105172131711697,3.105172131711697,9.642093967558965,0.05492283162728297,32.9,2.0,2713.4,3697.1,0.42327431557600814,69.5,1004.7
627,22,ann,loso,Jazan - University,16.96035,42.545865,01-10-2021 00:00,5472.3,5408.09809424254,-64.20190575745983,64.20190575745983,4121.8847028897535,1.1732161204148133,31.5,0.3,2142.3,4702.2,0.31299583607275916,70.3,1008.9
628,22,ann,loso,Jazan - University,16.96035,42.545865,01-11-2021 00:00,4887.3,4858.595584908604,-28.704415091396186,28.704415091396186,823.9434457391731,0.5873266443925313,29.7,0.0,1707.7,5022.5,0.2537368874624826,68.8,1011.3
629,22,ann,loso,Jazan - University,16.96035,42.545865,01-12-2021 00:00,4518.0,4497.777463061567,-20.222536938433223,20.222536938433223,408.9510002262961,0.4475993124929885,27.5,0.0,1608.2,4876.1,0.24801443486575267,70.3,1013.5
1603,23,ann,loso,Jeddah - KAU,21.49604,39.24492,01-01-2017 00:00,4179.9,4309.081511486047,129.18151148604738,129.18151148604738,16687.862909819793,3.0905407183436777,25.6,3.4,1566.2,4609.3,0.2536150918953931,80.0,1007.6
1604,23,ann,loso,Jeddah - KAU,21.49604,39.24492,01-02-2017 00:00,4052.3,4183.495702000549,131.1957020005484,131.1957020005484,17212.312223416702,3.237561434260751,24.8,4.4,2134.6,2999.4,0.41577717179587065,63.8,1007.1
1605,23,ann,loso,Jeddah - KAU,21.49604,39.24492,01-03-2017 00:00,5072.3,5193.976270532826,121.67627053282558,121.67627053282558,14805.114810777359,2.3988382101379173,26.8,4.1,2542.8,3507.3,0.4202905737095255,72.5,1003.5
1606,23,ann,loso,Jeddah - KAU,21.49604,39.24492,01-04-2017 00:00,5700.8,5781.885892648102,81.08589264810144,81.08589264810144,6574.921986539431,1.4223598906837889,30.9,4.2,2830.8,3692.8,0.4339321846833037,60.5,1002.2
1607,23,ann,loso,Jeddah - KAU,21.49604,39.24492,01-05-2017 00:00,6236.0,6190.0731218860055,-45.92687811399446,45.92687811399446,2109.2781332977033,0.7364797644963833,33.5,4.2,2791.6,4368.0,0.3899100508408291,55.1,1000.6
1608,23,ann,loso,Jeddah - KAU,21.49604,39.24492,01-06-2017 00:00,6628.0,6535.918999174854,-92.08100082514557,92.08100082514557,8478.910712960458,1.389272794585781,33.7,3.9,2515.2,5244.5,0.32413624238050437,65.0,996.9
1609,23,ann,loso,Jeddah - KAU,21.49604,39.24492,01-09-2017 00:00,5981.7,6017.84699055083,36.146990550830196,36.146990550830196,1306.6049258818075,0.6042929359685406,33.9,3.6,2723.3,4310.0,0.3872008872079963,77.9,998.8
1610,23,ann,loso,Jeddah - KAU,21.49604,39.24492,01-10-2017 00:00,5562.0,5523.248815476469,-38.751184523531265,38.751184523531265,1501.654301976769,0.6967131341879048,31.4,3.6,1835.5,5582.8,0.24742865616111506,85.1,1002.5
1611,23,ann,loso,Jeddah - KAU,21.49604,39.24492,01-11-2017 00:00,4469.3,4739.545613102586,270.2456131025856,270.2456131025856,73032.69140119238,6.046710068748698,29.2,3.3,1802.6,4521.0,0.28505914352583966,83.0,1005.0
1612,23,ann,loso,Jeddah - KAU,21.49604,39.24492,01-03-2018 00:00,6348.6,6345.9011053411205,-2.698894658879908,2.698894658879908,7.284032379730496,0.042511650740004216,28.5,3.3,2259.9,5876.0,0.2777689007976991,50.1,1003.6
1613,23,ann,loso,Jeddah - KAU,21.49604,39.24492,01-04-2018 00:00,6918.0,6662.36555599047,-255.63444400952994,255.63444400952994,65348.968964061496,3.6952073433005195,29.7,3.7,2655.6,5662.2,0.3192671139003102,46.4,1001.4
1614,23,ann,loso,Jeddah - KAU,21.49604,39.24492,01-05-2018 00:00,7145.1,7162.998828855236,17.89882885523548,17.89882885523548,320.3680743890102,0.2505049454204347,33.4,4.0,3077.0,5216.1,0.37103133930617016,40.2,999.3
1615,23,ann,loso,Jeddah - KAU,21.49604,39.24492,01-06-2018 00:00,7049.4,7142.136912689463,92.73691268946368,92.73691268946368,8600.13497517321,1.315529161197601,33.9,4.2,3198.7,4900.1,0.39495974712303056,46.2,997.1
1616,23,ann,loso,Jeddah - KAU,21.49604,39.24492,01-07-2018 00:00,6883.0,6862.569863126582,-20.430136873417723,20.430136873417723,417.3904926665825,0.29682023642914024,34.7,3.8,3023.7,4886.1,0.38227262383372523,44.2,997.2
1617,23,ann,loso,Jeddah - KAU,21.49604,39.24492,01-08-2018 00:00,6584.6,6480.398465090609,-104.20153490939174,104.20153490939174,10857.959877473186,1.5825036434922657,34.5,4.1,2592.3,5172.4,0.3338570711038418,50.0,997.4
1618,23,ann,loso,Jeddah - KAU,21.49604,39.24492,01-09-2018 00:00,5723.0,5787.580294745515,64.58029474551495,64.58029474551495,4170.6144694175855,1.1284342957454996,33.4,3.0,3065.4,3435.0,0.47157098024736943,64.1,998.9
1619,23,ann,loso,Jeddah - KAU,21.49604,39.24492,01-10-2018 00:00,5027.9,5079.590451490121,51.69045149012163,51.69045149012163,2671.9027752526176,1.0280723858891712,31.3,2.8,2094.4,4373.8,0.32379951145604646,61.2,1003.1
1620,23,ann,loso,Jeddah - KAU,21.49604,39.24492,01-11-2018 00:00,3939.4,4154.2470437172105,214.84704371721045,214.84704371721045,46159.25219402494,5.45380118081968,27.7,2.9,1792.8,3701.1,0.3263255610768307,58.3,1005.1
1621,23,ann,loso,Jeddah - KAU,21.49604,39.24492,01-12-2018 00:00,3797.9,4008.3407397273495,210.4407397273494,210.4407397273494,44285.30493699401,5.540976321844951,25.7,3.7,1753.3,3762.9,0.31784561836046554,62.6,1007.5
1622,23,ann,loso,Jeddah - KAU,21.49604,39.24492,01-01-2019 00:00,3970.1,4079.3448505795577,109.2448505795578,109.2448505795578,11934.43737814991,2.7516901483478455,25.1,3.4,2042.4,3345.4,0.37907865919299155,65.3,1007.5
1623,23,ann,loso,Jeddah - KAU,21.49604,39.24492,01-02-2019 00:00,4629.8,4618.877312757458,-10.922687242542452,10.922687242542452,119.30509659839963,0.23592136253277574,25.0,4.1,2151.7,3871.2,0.35725315047568446,56.0,1006.5
1624,23,ann,loso,Jeddah - KAU,21.49604,39.24492,01-03-2019 00:00,6041.3,6034.664408135318,-6.635591864682283,6.635591864682283,44.03107939463769,0.10983715201500145,25.1,4.4,2348.2,5361.8,0.3045654993514915,51.9,1005.3
1625,23,ann,loso,Jeddah - KAU,21.49604,39.24492,01-04-2019 00:00,6618.6,6695.858258717542,77.25825871754205,77.25825871754205,5968.838540066662,1.1672900419657033,28.6,3.8,2576.9,5463.5,0.3204940052733695,49.1,1002.5
1626,23,ann,loso,Jeddah - KAU,21.49604,39.24492,01-05-2019 00:00,6524.3,6384.070438486297,-140.22956151370363,140.22956151370363,19664.32992232559,2.149342634668909,33.6,2.6,2746.2,4804.7,0.3636917453548584,43.8,1000.3
1627,23,ann,loso,Jeddah - KAU,21.49604,39.24492,01-06-2019 00:00,6589.8,6645.562733115009,55.762733115008814,55.762733115008814,3109.4824044557004,0.846197655695299,34.9,4.5,3057.6,4456.4,0.40692041522491346,43.8,997.4
1628,23,ann,loso,Jeddah - KAU,21.49604,39.24492,01-07-2019 00:00,6880.8,6874.522967018678,-6.277032981322009,6.277032981322009,39.40114304860427,0.09122533689864563,34.9,4.2,2642.1,5472.3,0.3256063294883171,43.7,996.2
1629,23,ann,loso,Jeddah - KAU,21.49604,39.24492,01-08-2019 00:00,6475.4,6323.184227710309,-152.2157722896909,152.2157722896909,23169.641333747033,2.3506775224648813,34.1,3.7,2437.3,5252.1,0.31696881421177203,54.8,998.0
1630,23,ann,loso,Jeddah - KAU,21.49604,39.24492,01-09-2019 00:00,5790.5,5723.024767496296,-67.47523250370432,67.47523250370432,4552.9070014289555,1.1652747172731943,32.9,3.7,2502.0,4294.4,0.36813607203813786,61.3,998.2
1631,23,ann,loso,Jeddah - KAU,21.49604,39.24492,01-10-2019 00:00,5083.3,5345.67516040073,262.37516040073024,262.37516040073024,68840.72479530892,5.161512411243292,31.6,2.7,2204.6,4315.5,0.3381236484103004,62.8,1002.5
1632,23,ann,loso,Jeddah - KAU,21.49604,39.24492,01-11-2019 00:00,4252.7,4365.035580369156,112.33558036915656,112.33558036915656,12619.282616875233,2.641511989304596,29.2,2.8,1605.0,4497.7,0.2629983449948384,59.6,1003.8
1633,23,ann,loso,Jeddah - KAU,21.49604,39.24492,01-12-2019 00:00,4059.6,4343.336678499686,283.73667849968615,283.73667849968615,80506.50272603426,6.989276739079864,25.7,4.0,1565.7,4614.5,0.25334131581502217,57.4,1006.5
1634,23,ann,loso,Jeddah - KAU,21.49604,39.24492,01-01-2020 00:00,4583.7,4796.82603993586,213.1260399358598,213.1260399358598,45422.70889874171,4.649650717452272,22.6,4.4,1415.2,5733.1,0.1979771414182393,52.3,1009.2
1635,23,ann,loso,Jeddah - KAU,21.49604,39.24492,01-02-2020 00:00,4780.0,4868.7776078985335,88.77760789853346,88.77760789853346,7881.4636641857505,1.8572721317684824,23.9,3.9,2208.5,4053.1,0.35270537881691577,58.5,1007.7
1636,23,ann,loso,Jeddah - KAU,21.49604,39.24492,01-03-2020 00:00,5935.3,5947.0411378580775,11.741137858077309,11.741137858077309,137.85431820237622,0.1978187767775396,25.7,4.0,2378.5,4998.4,0.32242540904716077,57.1,1003.9
1637,23,ann,loso,Jeddah - KAU,21.49604,39.24492,01-04-2020 00:00,6537.0,6432.946219181565,-104.05378081843537,104.05378081843537,10827.189302610988,1.5917665721039524,28.2,3.3,2184.2,5974.0,0.26773062685396287,54.4,1002.7
1638,23,ann,loso,Jeddah - KAU,21.49604,39.24492,01-05-2020 00:00,6427.6,6529.391561781321,101.79156178132052,101.79156178132052,10361.522049880394,1.5836636035428546,31.9,3.8,2462.4,5198.2,0.3214369631621544,48.8,1000.7
1639,23,ann,loso,Jeddah - KAU,21.49604,39.24492,01-09-2020 00:00,5847.3,5828.040699843292,-19.259300156708377,19.259300156708377,370.92064252618735,0.3293708234006871,34.2,2.7,2430.1,4579.5,0.3466816936772426,60.5,997.6
1640,23,ann,loso,Jeddah - KAU,21.49604,39.24492,01-10-2020 00:00,5407.9,5693.924971891168,286.0249718911682,286.0249718911682,81810.28454534356,5.289021096750462,32.3,2.3,1707.8,5708.9,0.23026413364434317,52.5,1002.1
1641,23,ann,loso,Jeddah - KAU,21.49604,39.24492,01-11-2020 00:00,4208.8,4456.648680832575,247.84868083257516,247.84868083257516,61428.96859044771,5.888820586214007,28.5,3.4,1550.9,4592.0,0.25247033160233767,64.0,1005.1
1642,23,ann,loso,Jeddah - KAU,21.49604,39.24492,01-12-2020 00:00,3885.5,4219.9743301870185,334.4743301870185,334.4743301870185,111873.07755405467,8.608269982937035,26.5,3.1,1687.9,4103.0,0.29147455490510976,60.3,1006.3
1643,23,ann,loso,Jeddah - KAU,21.49604,39.24492,01-01-2021 00:00,4281.3,4593.346333742942,312.0463337429419,312.0463337429419,97372.91440241148,7.288588366686331,25.4,3.3,1719.6,4525.4,0.2753562850280224,61.7,1006.7
1644,23,ann,loso,Jeddah - KAU,21.49604,39.24492,01-02-2021 00:00,4820.6,4868.066837748289,47.466837748288526,47.466837748288526,2253.1006858223486,0.9846665922974013,24.7,3.7,1769.2,4875.9,0.26624129057501017,60.2,1006.5
1645,23,ann,loso,Jeddah - KAU,21.49604,39.24492,01-09-2021 00:00,5596.1,5579.7423175835065,-16.357682416493844,16.357682416493844,267.5737740388719,0.29230504130544205,32.6,4.0,2585.6,3944.4,0.3959571209800919,66.2,998.3
1646,23,ann,loso,Jeddah - KAU,21.49604,39.24492,01-10-2021 00:00,5173.6,5025.493952311029,-148.10604768897156,148.10604768897156,21935.401362047916,2.8627270699120833,30.9,0.7,1797.1,5048.1,0.26253433062584,69.1,1002.3
1647,23,ann,loso,Jeddah - KAU,21.49604,39.24492,01-11-2021 00:00,4184.6,4303.589418924361,118.9894189243605,118.9894189243605,14158.481815956962,2.843507597485076,28.4,0.0,1386.1,4797.1,0.22417194979945654,67.6,1004.8
1648,23,ann,loso,Jeddah - KAU,21.49604,39.24492,01-12-2021 00:00,3625.7,3864.806366783498,239.1063667834983,239.1063667834983,57171.854636404816,6.594764232658474,26.1,0.0,1689.8,3558.4,0.32197705880111277,66.8,1007.0
41,24,ann,loso,Layla - TVTC,22.27948,46.73319,01-01-2017 00:00,4876.1,4870.835770699237,-5.264229300762963,5.264229300762963,27.71211013101132,0.10795983061797262,18.6,2.3,1507.6,6091.5,0.19839191483201957,32.7,954.8
42,24,ann,loso,Layla - TVTC,22.27948,46.73319,01-02-2017 00:00,4616.1,4457.9490849022595,-158.15091509774084,158.15091509774084,25011.71194625283,3.4260721192725643,16.9,2.5,2531.8,3249.8,0.4379064618790646,44.6,955.1
43,24,ann,loso,Layla - TVTC,22.27948,46.73319,01-03-2017 00:00,5561.4,5543.325310580047,-18.074689419952847,18.074689419952847,326.6943976277554,0.3250025069218695,24.2,2.9,2994.1,3519.2,0.4596901724164402,42.2,949.9
44,24,ann,loso,Layla - TVTC,22.27948,46.73319,01-04-2017 00:00,7234.4,7166.584933355918,-67.81506664408153,67.81506664408153,4598.8832639412185,0.9373972498628985,30.7,2.5,2940.1,5645.8,0.3424335247324101,18.9,949.4
45,24,ann,loso,Layla - TVTC,22.27948,46.73319,01-05-2017 00:00,7183.5,7198.270382121647,14.770382121647344,14.770382121647344,218.1641880194795,0.20561539808794244,35.5,2.4,3519.0,4607.1,0.43304906412670285,17.6,946.3
46,24,ann,loso,Layla - TVTC,22.27948,46.73319,01-06-2017 00:00,7708.1,7633.310085270543,-74.78991472945745,74.78991472945745,5593.531345239517,0.9702769129805977,37.8,2.7,3129.9,5882.6,0.3472843273231623,9.8,942.4
47,24,ann,loso,Layla - TVTC,22.27948,46.73319,01-09-2017 00:00,7081.8,6928.476107135586,-153.32389286441412,153.32389286441412,23508.21612309834,2.165041272902569,35.2,2.3,2113.6,6908.4,0.23427178009310573,12.0,945.2
48,24,ann,loso,Layla - TVTC,22.27948,46.73319,01-10-2017 00:00,6346.5,6380.459290628894,33.95929062889445,33.95929062889445,1153.2334200177183,0.5350869081997077,30.2,2.1,1599.1,7406.4,0.1775692632280273,17.5,950.2
49,24,ann,loso,Layla - TVTC,22.27948,46.73319,01-11-2017 00:00,5221.3,5325.858469450517,104.5584694505169,104.5584694505169,10932.473533834675,2.0025370970930014,23.5,2.0,1532.9,6449.1,0.1920446003507893,33.0,953.4
50,24,ann,loso,Layla - TVTC,22.27948,46.73319,01-03-2018 00:00,6698.7,6639.970049890373,-58.72995010962677,58.72995010962677,3449.2070398792494,0.8767365326052333,25.9,2.6,2424.9,6159.7,0.28247093632784287,22.2,950.9
51,24,ann,loso,Layla - TVTC,22.27948,46.73319,01-04-2018 00:00,6787.2,6817.9021171447985,30.70211714479865,30.70211714479865,942.6199971729392,0.4523532111150202,28.6,3.1,3720.5,3832.4,0.49259224933469264,30.9,948.0
52,24,ann,loso,Layla - TVTC,22.27948,46.73319,01-05-2018 00:00,7406.8,7372.315324953086,-34.48467504691416,34.48467504691416,1189.1928130912643,0.4655812907991867,33.3,2.8,3444.5,5047.0,0.40564093505269977,17.9,946.1
53,24,ann,loso,Layla - TVTC,22.27948,46.73319,01-06-2018 00:00,7584.6,7577.126356454027,-7.473643545973573,7.473643545973573,55.855347852272445,0.09853708232436216,37.8,2.6,3746.8,4811.7,0.4377869953847053,12.2,941.7
54,24,ann,loso,Layla - TVTC,22.27948,46.73319,01-07-2018 00:00,7466.0,7521.042820112623,55.0428201126233,55.0428201126233,3029.7120459506086,0.7372464520844267,38.9,2.7,3551.7,4934.3,0.41853641291539,10.9,939.0
55,24,ann,loso,Layla - TVTC,22.27948,46.73319,01-08-2018 00:00,7273.2,7469.341917404674,196.14191740467413,196.14191740467413,38471.65176318201,2.6967760738694677,38.0,2.8,3072.9,5420.4,0.36180283282116493,13.1,940.5
56,24,ann,loso,Layla - TVTC,22.27948,46.73319,01-09-2018 00:00,6883.2,6787.354310267718,-95.84568973228215,95.84568973228215,9186.396240256896,1.3924583003876418,36.0,2.4,2311.1,6303.5,0.2682771109511759,14.7,945.1
57,24,ann,loso,Layla - TVTC,22.27948,46.73319,01-10-2018 00:00,5925.0,5912.140238032384,-12.859761967615668,12.859761967615668,165.3734778637344,0.21704239607790157,29.4,2.3,1934.9,6075.4,0.24155150244060775,29.1,951.2
58,24,ann,loso,Layla - TVTC,22.27948,46.73319,01-11-2018 00:00,4780.8,4890.367511254093,109.567511254093,109.567511254093,12005.039522415798,2.291823779578585,23.6,2.7,1932.0,4908.4,0.28243962341383544,41.1,953.2
59,24,ann,loso,Layla - TVTC,22.27948,46.73319,01-12-2018 00:00,4692.0,4690.6795191634055,-1.32048083659447,1.32048083659447,1.7436696398132314,0.028143240336625536,19.0,2.2,1472.6,6052.0,0.19570475507003693,45.1,955.5
60,24,ann,loso,Layla - TVTC,22.27948,46.73319,01-01-2019 00:00,4759.5,4722.589429061566,-36.91057093843392,36.91057093843392,1362.3902470011626,0.7755136240872764,18.4,2.5,2151.3,4667.5,0.31549539508417906,34.2,955.3
61,24,ann,loso,Layla - TVTC,22.27948,46.73319,01-02-2019 00:00,5422.8,5180.844204936491,-241.95579506350896,241.95579506350896,58542.606764814744,4.461824058853525,19.4,2.8,2465.4,4623.9,0.3477635309551014,32.3,953.5
62,24,ann,loso,Layla - TVTC,22.27948,46.73319,01-03-2019 00:00,6304.4,6103.493309889933,-200.90669011006685,200.90669011006685,40363.49813098243,3.186769400895674,22.9,2.7,3166.7,4375.8,0.4198475306595956,24.4,950.8
63,24,ann,loso,Layla - TVTC,22.27948,46.73319,01-04-2019 00:00,6610.5,6706.050810104907,95.55081010490721,95.55081010490721,9129.957311704038,1.4454399834340401,27.4,2.4,3325.2,4240.9,0.4394866575910971,33.1,949.0
64,24,ann,loso,Layla - TVTC,22.27948,46.73319,01-05-2019 00:00,6704.8,6817.1801582434655,112.3801582434653,112.3801582434653,12629.299966826302,1.6761149958755712,33.6,2.4,3436.5,4137.9,0.4536993029150824,20.8,947.0
65,24,ann,loso,Layla - TVTC,22.27948,46.73319,01-06-2019 00:00,7413.6,7438.410979139184,24.810979139183473,24.810979139183473,615.5846858449975,0.334668435566843,38.1,2.4,2893.3,5815.2,0.33223861744272837,11.8,942.6
66,24,ann,loso,Layla - TVTC,22.27948,46.73319,01-07-2019 00:00,7562.4,7546.86679381458,-15.533206185419658,15.533206185419658,241.28049439875952,0.20540048378054135,38.7,2.7,3026.4,5803.0,0.3427639477201169,11.6,939.5
67,24,ann,loso,Layla - TVTC,22.27948,46.73319,01-08-2019 00:00,7529.1,7587.756119537153,58.656119537152335,58.656119537152335,3440.5403591567037,0.7790588455081263,38.0,2.3,2532.8,6574.1,0.27811878905006093,12.1,941.0
68,24,ann,loso,Layla - TVTC,22.27948,46.73319,01-09-2019 00:00,6903.7,6846.069313844785,-57.63068615521479,57.63068615521479,3321.2959867208656,0.8347797000914696,35.5,2.4,2127.3,6621.3,0.24315890542486798,16.9,944.7
69,24,ann,loso,Layla - TVTC,22.27948,46.73319,01-10-2019 00:00,6062.9,6068.806000067925,5.906000067925561,5.906000067925561,34.88083680233673,0.09741213062932855,30.9,2.0,1746.7,6659.7,0.2077821659687857,21.8,949.6
70,24,ann,loso,Layla - TVTC,22.27948,46.73319,01-11-2019 00:00,4899.4,4854.6729243844375,-44.72707561556217,44.72707561556217,2000.5112931202161,0.9129092463477604,22.7,2.0,1723.7,5485.0,0.23911384854412032,41.9,953.3
71,24,ann,loso,Layla - TVTC,22.27948,46.73319,01-12-2019 00:00,4472.2,4459.645150525135,-12.554849474864568,12.554849474864568,157.62424533650713,0.2807309484116222,18.8,2.3,1374.2,5895.9,0.18902078375813264,43.1,954.4
72,24,ann,loso,Layla - TVTC,22.27948,46.73319,01-01-2020 00:00,5040.7,5023.847006251061,-16.85299374893839,16.85299374893839,284.0233983017564,0.33433836072248674,16.3,2.4,1473.9,6498.5,0.18487531985349456,35.5,955.1
73,24,ann,loso,Layla - TVTC,22.27948,46.73319,01-02-2020 00:00,5617.1,5547.416604535259,-69.6833954647418,69.6833954647418,4855.775603495599,1.2405582144655036,19.8,2.6,2383.7,5143.7,0.3166697664532242,25.9,954.4
74,24,ann,loso,Layla - TVTC,22.27948,46.73319,01-03-2020 00:00,6578.6,6542.691037055043,-35.90896294495724,35.90896294495724,1289.453619782312,0.5458450573823798,24.3,2.6,3107.7,4811.8,0.392411137066734,23.7,949.9
75,24,ann,loso,Layla - TVTC,22.27948,46.73319,01-04-2020 00:00,6680.1,6730.282450476479,50.18245047647906,50.18245047647906,2518.2783358242737,0.751223042716113,29.2,2.7,3371.3,4290.1,0.44003706894301303,34.9,948.0
76,24,ann,loso,Layla - TVTC,22.27948,46.73319,01-05-2020 00:00,7397.1,7298.40480414326,-98.69519585674061,98.69519585674061,9740.74168520039,1.334241741449225,34.1,2.6,3319.9,5199.9,0.38966877156740776,16.1,946.8
77,24,ann,loso,Layla - TVTC,22.27948,46.73319,01-09-2020 00:00,7018.5,7105.919586112639,87.41958611263908,87.41958611263908,7642.18403610512,1.2455593946375876,35.0,2.2,2071.4,6883.4,0.23131728235136467,14.4,944.7
78,24,ann,loso,Layla - TVTC,22.27948,46.73319,01-10-2020 00:00,6364.6,6398.233047816685,33.633047816684666,33.633047816684666,1131.1819054393973,0.5284393020250239,28.0,2.2,1289.4,8065.7,0.1378285640987269,17.0,950.6
79,24,ann,loso,Layla - TVTC,22.27948,46.73319,01-11-2020 00:00,5140.4,5279.970927141969,139.57092714196915,139.57092714196915,19480.04370326886,2.715176389813422,23.2,2.0,1265.0,6865.6,0.1555850736722997,34.8,953.5
80,24,ann,loso,Layla - TVTC,22.27948,46.73319,01-12-2020 00:00,4621.5,4683.110787503159,61.61078750315937,61.61078750315937,3795.8891367594592,1.3331339933605837,18.0,2.3,1407.7,6100.6,0.1874858489937802,44.0,955.6
81,24,ann,loso,Layla - TVTC,22.27948,46.73319,01-01-2021 00:00,4847.6,4732.774339648637,-114.8256603513637,114.8256603513637,13184.932275126737,2.3687115346019407,17.1,2.1,1504.9,6045.3,0.19931922333183227,36.7,955.8
82,24,ann,loso,Layla - TVTC,22.27948,46.73319,01-02-2021 00:00,5678.9,5636.5468078638205,-42.35319213617913,42.35319213617913,1793.792884124106,0.7457992240782393,19.6,2.6,1881.4,6161.0,0.23393514373818763,31.9,953.9
83,24,ann,loso,Layla - TVTC,22.27948,46.73319,01-03-2021 00:00,6715.8,6802.078233519065,86.278233519065,86.278233519065,7443.933579170311,1.2847052252756932,25.6,2.7,2776.8,5583.3,0.3321491369720458,18.4,950.8
84,24,ann,loso,Layla - TVTC,22.27948,46.73319,01-04-2021 00:00,7200.0,7067.379553474553,-132.62044652544682,132.62044652544682,17588.1828366089,1.8419506461867616,29.8,2.3,2991.0,5516.0,0.35159280592453274,15.4,949.1
85,24,ann,loso,Layla - TVTC,22.27948,46.73319,01-05-2021 00:00,7908.5,7649.0882452113,-259.4117547886999,259.4117547886999,67294.45852255257,3.2801638084175244,35.3,2.1,2868.5,6453.2,0.30772284025446,11.3,944.8
86,24,ann,loso,Layla - TVTC,22.27948,46.73319,01-07-2021 00:00,7298.5,7365.819058317242,67.3190583172418,67.3190583172418,4531.855612720202,0.9223684088133424,37.9,2.4,3041.2,5476.1,0.35706151010296694,22.0,938.4
87,24,ann,loso,Layla - TVTC,22.27948,46.73319,01-08-2021 00:00,7328.8,7410.379873790606,81.57987379060614,81.57987379060614,6655.275807691227,1.1131409479124297,38.3,2.5,2865.8,5796.8,0.3308244637868538,14.4,941.1
88,24,ann,loso,Layla - TVTC,22.27948,46.73319,01-09-2021 00:00,7008.4,7120.217502354094,111.81750235409436,111.81750235409436,12503.153832707898,1.5954783167926256,34.3,2.5,2223.0,6629.5,0.2511155040948885,14.4,944.2
89,24,ann,loso,Layla - TVTC,22.27948,46.73319,01-10-2021 00:00,6124.2,6127.871696078518,3.6716960785179253,3.6716960785179253,13.481352093003911,0.05995388913683298,30.4,2.3,1722.3,6798.2,0.20213602488116894,20.8,950.0
90,24,ann,loso,Layla - TVTC,22.27948,46.73319,01-11-2021 00:00,5205.4,5166.306596141141,-39.09340385885844,39.09340385885844,1528.2942252718078,0.7510163264851585,24.0,1.9,1438.3,6557.9,0.179872939646332,28.4,953.1
91,24,ann,loso,Layla - TVTC,22.27948,46.73319,01-12-2021 00:00,4724.3,4677.156221211273,-47.143778788727104,47.143778788727104,2222.5358784804357,0.9978997690393732,18.4,1.7,1425.4,6196.0,0.18702600572073375,37.4,955.3
355,25,ann,loso,Madinah - Taibah University,24.4846,39.5418,01-01-2017 00:00,4222.1,4227.633464553093,5.5334645530929265,5.5334645530929265,30.6192299603359,0.13105953324395267,20.8,2.6,1233.5,5525.1,0.1825082117598319,29.3,942.8
356,25,ann,loso,Madinah - Taibah University,24.4846,39.5418,01-02-2017 00:00,4885.0,4641.20028587788,-243.79971412212035,243.79971412212035,59438.30060602761,4.990782274761931,19.0,3.4,1754.9,5120.1,0.25525818181818183,26.1,943.0
357,25,ann,loso,Madinah - Taibah University,24.4846,39.5418,01-03-2017 00:00,5364.2,5404.054739348375,39.854739348375006,39.854739348375006,1588.400248526911,0.7429763869426012,24.7,2.8,2255.1,4567.7,0.33052412499267164,22.9,938.5
358,25,ann,loso,Madinah - Taibah University,24.4846,39.5418,01-04-2017 00:00,6008.7,6116.584487072836,107.88448707283624,107.88448707283624,11639.062550968969,1.7954713510881928,31.1,3.3,2710.5,4359.3,0.3833913264873122,14.2,938.7
359,25,ann,loso,Madinah - Taibah University,24.4846,39.5418,01-05-2017 00:00,6402.0,6537.829902818913,135.82990281891307,135.82990281891307,18449.762499795368,2.121679206793394,33.5,3.2,2688.4,4873.5,0.3555191155661937,16.9,937.3
360,25,ann,loso,Madinah - Taibah University,24.4846,39.5418,01-09-2017 00:00,6414.2,6550.202006948707,136.00200694870728,136.00200694870728,18496.545894076222,2.1203268833012268,36.7,2.7,2421.1,5438.2,0.30805542478337766,10.7,936.4
361,25,ann,loso,Madinah - Taibah University,24.4846,39.5418,01-10-2017 00:00,5871.0,5848.473983979856,-22.526016020144198,22.526016020144198,507.42139773979306,0.3836827801080599,32.0,2.2,1478.9,6881.4,0.17689556594859038,14.9,939.1
362,25,ann,loso,Madinah - Taibah University,24.4846,39.5418,01-11-2017 00:00,4467.8,4427.717182763308,-40.08281723669188,40.08281723669188,1606.6322376300438,0.8971488705110319,25.8,2.1,1559.4,5081.5,0.23481756990769326,31.9,941.1
363,25,ann,loso,Madinah - Taibah University,24.4846,39.5418,01-03-2018 00:00,6500.1,6409.619725513654,-90.48027448634639,90.48027448634639,8186.680071124585,1.3919828077467482,27.9,2.0,1970.9,6658.6,0.22839098441392897,17.7,939.6
364,25,ann,loso,Madinah - Taibah University,24.4846,39.5418,01-04-2018 00:00,7350.0,7099.0642011789305,-250.9357988210695,250.9357988210695,62968.77512996827,3.4140925009669325,28.9,2.5,2356.2,6789.1,0.25764053666910874,17.9,937.0
365,25,ann,loso,Madinah - Taibah University,24.4846,39.5418,01-05-2018 00:00,7147.6,7200.82151345768,53.221513457679976,53.221513457679976,2832.529494726011,0.7446067695125633,33.4,2.7,3111.0,5224.7,0.3732140072219489,14.6,936.4
366,25,ann,loso,Madinah - Taibah University,24.4846,39.5418,01-06-2018 00:00,7666.6,7679.90476855096,13.304768550960034,13.304768550960034,177.01686619461518,0.17354196842094324,37.1,2.8,2342.5,7021.4,0.25016285949230554,9.8,934.3
367,25,ann,loso,Madinah - Taibah University,24.4846,39.5418,01-12-2018 00:00,4058.1,4136.533807744212,78.43380774421212,78.43380774421212,6151.862197256029,1.9327716848823864,20.6,1.8,1306.6,5278.1,0.19842969307637398,43.9,943.0
368,25,ann,loso,Madinah - Taibah University,24.4846,39.5418,01-01-2019 00:00,3951.3,3912.4588128184223,-38.84118718157788,38.84118718157788,1508.63782167437,0.9829976762477634,20.2,2.0,1825.2,3850.2,0.32159847764034255,43.2,942.5
369,25,ann,loso,Madinah - Taibah University,24.4846,39.5418,01-02-2019 00:00,4928.8,4643.418282137562,-285.38171786243856,285.38171786243856,81442.72489011649,5.790085170070576,19.7,2.3,1636.1,5366.0,0.23365847388640548,34.2,942.0
370,25,ann,loso,Madinah - Taibah University,24.4846,39.5418,01-03-2019 00:00,6546.7,6245.018928146521,-301.6810718534789,301.6810718534789,91011.4691146639,4.608139548986189,22.0,2.5,1678.1,7233.4,0.1883072434494754,23.0,940.4
371,25,ann,loso,Madinah - Taibah University,24.4846,39.5418,01-04-2019 00:00,6879.1,6915.509936645441,36.40993664544021,36.40993664544021,1325.68348652497,0.529283433086308,27.1,2.5,2332.0,6259.7,0.2714247471396813,20.0,938.6
372,25,ann,loso,Madinah - Taibah University,24.4846,39.5418,01-05-2019 00:00,6784.8,6677.25770385187,-107.54229614812994,107.54229614812994,11565.345460812083,1.585047402254008,33.7,2.4,2539.7,5503.5,0.31575740998607515,15.4,937.1
373,25,ann,loso,Madinah - Taibah University,24.4846,39.5418,01-07-2019 00:00,7652.5,7729.241634949524,76.74163494952427,76.74163494952427,5889.278534726045,1.0028309042734305,36.6,3.0,2073.5,7454.2,0.2176285987174239,12.1,932.9
374,25,ann,loso,Madinah - Taibah University,24.4846,39.5418,01-11-2019 00:00,4642.0,4638.345232637086,-3.6547673629138444,3.6547673629138444,13.357324477020217,0.07873260152765714,25.4,2.0,1378.9,5787.4,0.19241449562535762,31.5,940.6
375,25,ann,loso,Madinah - Taibah University,24.4846,39.5418,01-09-2020 00:00,6649.2,6627.8604085819325,-21.339591418067357,21.339591418067357,455.378161890054,0.32093472023803404,36.4,2.1,2010.6,6596.9,0.2335869880917804,9.2,936.0
376,25,ann,loso,Madinah - Taibah University,24.4846,39.5418,01-01-2021 00:00,4856.0,4993.347278100242,137.34727810024197,137.34727810024197,18864.274801545205,2.828403585260337,20.3,2.0,1812.8,5565.0,0.24571010328282142,31.5,943.0
377,25,ann,loso,Madinah - Taibah University,24.4846,39.5418,01-04-2021 00:00,7540.0,7287.004196337418,-252.99580366258215,252.99580366258215,64006.87667087581,3.3553820114400814,29.8,2.6,2805.7,6357.5,0.3061921599441243,15.7,939.1
378,25,ann,loso,Madinah - Taibah University,24.4846,39.5418,01-10-2021 00:00,5769.9,5867.403079773056,97.50307977305602,97.50307977305602,9506.850565230925,1.6898573592792947,32.9,1.7,1698.3,6348.0,0.2110659557809179,12.4,939.3
468,26,ann,loso,Mahd ad Dahab,23.419423,40.743138,01-04-2021 00:00,6614.9,6527.762033507478,-87.13796649252163,87.13796649252163,7593.025204451822,1.3172983188335672,26.5,3.3,2715.3,5076.9,0.3484638484638485,25.5,904.0
469,26,ann,loso,Mahd ad Dahab,23.419423,40.743138,01-07-2021 00:00,6812.8,7325.880309329137,513.080309329137,513.080309329137,263251.4038212829,7.5311224361369336,34.7,4.2,3481.0,4221.5,0.4519311911716975,20.9,897.5
470,26,ann,loso,Mahd ad Dahab,23.419423,40.743138,01-08-2021 00:00,6508.0,6501.123864733086,-6.876135266914389,6.876135266914389,47.28123620890381,0.10565665745105085,34.7,3.3,2185.4,5636.9,0.27938074479373076,19.4,899.4
471,26,ann,loso,Mahd ad Dahab,23.419423,40.743138,01-09-2021 00:00,6019.7,6037.899633553955,18.19963355395521,18.19963355395521,331.2266614982523,0.3023345607580977,32.8,2.9,2329.5,4973.0,0.31900034234851077,19.1,900.9
472,26,ann,loso,Mahd ad Dahab,23.419423,40.743138,01-10-2021 00:00,5795.7,5856.0833879361135,60.38338793611365,60.38338793611365,3646.1535386431956,1.041865312837339,28.6,2.4,1604.5,6522.6,0.1974258960760911,20.4,904.8
473,26,ann,loso,Mahd ad Dahab,23.419423,40.743138,01-11-2021 00:00,4780.9,4838.483887816803,57.583887816803326,57.583887816803326,3315.9041360981905,1.2044570649209005,22.7,2.5,1246.2,6306.3,0.1650049652432969,29.0,905.9
474,26,ann,loso,Mahd ad Dahab,23.419423,40.743138,01-12-2021 00:00,4056.8,4239.871813609552,183.071813609552,183.071813609552,33515.288938290556,4.512714790217708,18.5,2.6,1470.4,5001.9,0.2271835359918422,40.9,906.8
1320,27,ann,loso,Majmaah - University,25.85891,45.41889,01-01-2017 00:00,4179.1,4102.386546199688,-76.71345380031198,76.71345380031198,5884.953993972601,1.8356453255560283,14.0,3.1,1611.9,4846.9,0.2495664829380071,40.7,936.6
1321,27,ann,loso,Majmaah - University,25.85891,45.41889,01-02-2017 00:00,4783.2,4451.669257290016,-331.5307427099842,331.5307427099842,109912.63336183375,6.931149496361938,12.6,3.3,1949.1,4732.1,0.2917290307130455,39.6,937.0
1322,27,ann,loso,Majmaah - University,25.85891,45.41889,01-03-2017 00:00,4958.5,5002.293126883351,43.79312688335085,43.79312688335085,1917.837962221267,0.8831930398981719,20.4,4.2,2868.3,3001.6,0.488645462443994,40.8,932.1
1323,27,ann,loso,Majmaah - University,25.85891,45.41889,01-04-2017 00:00,6331.3,6406.767951320708,75.46795132070747,75.46795132070747,5695.411676544672,1.1919819203119024,27.1,3.7,3386.2,3876.1,0.4662710160692894,25.8,932.5
1324,27,ann,loso,Majmaah - University,25.85891,45.41889,01-05-2017 00:00,6955.8,6920.793009035999,-35.00699096400149,35.00699096400149,1225.489416353682,0.5032777101699516,32.4,3.3,3634.7,4113.2,0.4691206649543747,19.4,929.8
1325,27,ann,loso,Majmaah - University,25.85891,45.41889,01-06-2017 00:00,7907.4,7704.871997908327,-202.52800209167253,202.52800209167253,41017.59163124451,2.5612464538492112,34.9,3.0,2535.3,7085.1,0.2635337408007983,10.0,926.7
1326,27,ann,loso,Majmaah - University,25.85891,45.41889,01-09-2017 00:00,6766.3,6800.989847998779,34.68984799877853,34.68984799877853,1203.385554178359,0.5126856331935996,32.7,2.5,2161.9,6542.7,0.24836293454035796,10.3,929.3
1327,27,ann,loso,Majmaah - University,25.85891,45.41889,01-10-2017 00:00,5844.2,5939.948118007085,95.7481180070854,95.7481180070854,9167.70210189875,1.6383443072975838,28.1,2.7,1768.2,6498.1,0.21390464899652806,15.7,932.9
1328,27,ann,loso,Majmaah - University,25.85891,45.41889,01-11-2017 00:00,4333.5,4372.342656093335,38.84265609333488,38.84265609333488,1508.7519323850854,0.8963345123649448,20.3,2.8,1633.2,4861.8,0.2514549653579677,34.6,935.5
1329,27,ann,loso,Majmaah - University,25.85891,45.41889,01-03-2018 00:00,6130.1,6041.634793750193,-88.46520624980712,88.46520624980712,7826.092716820914,1.4431282727819632,23.7,3.4,2598.0,5142.9,0.3356198891601752,26.2,933.4
1330,27,ann,loso,Majmaah - University,25.85891,45.41889,01-04-2018 00:00,6129.9,6004.59528745472,-125.30471254527947,125.30471254527947,15701.270986055119,2.044155900508646,24.4,3.7,3363.6,3562.8,0.48562023562023565,39.6,930.6
1331,27,ann,loso,Majmaah - University,25.85891,45.41889,01-05-2018 00:00,7065.5,7003.277176682443,-62.22282331755741,62.22282331755741,3871.6797416079667,0.8806570422129703,30.8,3.7,3902.2,3921.6,0.49876019325647386,21.9,929.4
1332,27,ann,loso,Majmaah - University,25.85891,45.41889,01-06-2018 00:00,7908.9,7691.067433128825,-217.832566871175,217.832566871175,47451.02718968493,2.754271350898039,35.1,3.3,2888.6,6422.5,0.31023187378505224,13.7,926.0
1333,27,ann,loso,Majmaah - University,25.85891,45.41889,01-07-2018 00:00,7835.9,7738.128424548572,-97.77157545142745,97.77157545142745,9559.280966254171,1.247738938110842,35.6,3.4,2710.9,6677.0,0.28876532557867046,12.5,923.8
1334,27,ann,loso,Majmaah - University,25.85891,45.41889,01-08-2018 00:00,7566.4,7465.604524571119,-100.79547542888031,100.79547542888031,10159.727866934014,1.3321457420818397,34.7,3.0,2030.7,7539.3,0.21219435736677117,13.9,925.3
1335,27,ann,loso,Majmaah - University,25.85891,45.41889,01-09-2018 00:00,6466.1,6523.663418768054,57.56341876805345,57.56341876805345,3313.5471802662883,0.8902339705240168,34.3,2.5,2471.2,5573.8,0.307172156619018,13.8,929.3
1336,27,ann,loso,Majmaah - University,25.85891,45.41889,01-10-2018 00:00,5257.5,5214.350813216405,-43.149186783594814,43.149186783594814,1861.8523200855534,0.8207168194692308,26.7,2.5,2007.8,5048.0,0.2845602199608832,30.6,934.6
1337,27,ann,loso,Majmaah - University,25.85891,45.41889,01-11-2018 00:00,3507.4,3783.3146639247607,275.9146639247606,275.9146639247606,76128.90176871358,7.86664377957349,18.2,3.0,1777.1,3202.3,0.35689038840020887,73.9,936.1
1338,27,ann,loso,Majmaah - University,25.85891,45.41889,01-12-2018 00:00,3834.7,3836.1022949702824,1.4022949702825827,1.4022949702825827,1.9664311836798294,0.03656857043008795,16.0,2.8,1580.7,4396.7,0.26444608023555394,63.4,937.4
1339,27,ann,loso,Majmaah - University,25.85891,45.41889,01-01-2019 00:00,3751.2,3863.244721302778,112.04472130277827,112.04472130277827,12554.019571817254,2.986903425644548,15.9,3.4,2300.2,2693.9,0.4605834885164493,45.9,936.6
1340,27,ann,loso,Majmaah - University,25.85891,45.41889,01-02-2019 00:00,4669.5,4602.6188805536385,-66.88111944636148,66.88111944636148,4473.084138398472,1.4322972362428843,15.1,3.1,1931.1,4659.4,0.29301266975191564,50.2,935.6
1341,27,ann,loso,Majmaah - University,25.85891,45.41889,01-03-2019 00:00,6289.7,6265.3013199039015,-24.39868009609836,24.39868009609836,595.2955904317463,0.38791484643303115,18.6,3.7,2521.7,5628.1,0.3094186360401482,34.0,933.0
1342,27,ann,loso,Majmaah - University,25.85891,45.41889,01-04-2019 00:00,6665.8,6476.907223087222,-188.89277691277857,188.89277691277857,35680.481169820734,2.833760042497203,22.9,3.5,2687.9,5345.6,0.3345864193688928,37.5,931.8
1343,27,ann,loso,Majmaah - University,25.85891,45.41889,01-05-2019 00:00,7049.7,7002.052927467566,-47.64707253243341,47.64707253243341,2270.2435209109703,0.6758737610456248,31.1,3.2,3170.8,4996.2,0.3882453777396841,23.5,930.0
1344,27,ann,loso,Majmaah - University,25.85891,45.41889,01-06-2019 00:00,7681.9,7614.695898161453,-67.2041018385462,67.2041018385462,4516.391303925688,0.8748369783327847,35.7,2.7,2665.1,6546.3,0.2893262696224244,12.5,926.9
1345,27,ann,loso,Majmaah - University,25.85891,45.41889,01-07-2019 00:00,7979.4,7848.514053725531,-130.88594627446855,130.88594627446855,17131.13093216307,1.6402980960281293,35.7,3.0,2278.9,7614.0,0.23035712480667955,12.5,924.1
1346,27,ann,loso,Majmaah - University,25.85891,45.41889,01-08-2019 00:00,7647.6,7517.533297367717,-130.06670263228352,130.06670263228352,16917.34713363487,1.700751904287404,35.2,3.3,2120.6,7502.3,0.2203701586839726,12.7,925.4
1347,27,ann,loso,Majmaah - University,25.85891,45.41889,01-09-2019 00:00,6796.3,6872.246513623889,75.94651362388868,75.94651362388868,5767.8729316235085,1.1174685288155124,33.4,2.3,2047.6,6776.3,0.23205158716667235,15.0,928.7
1348,27,ann,loso,Majmaah - University,25.85891,45.41889,01-10-2019 00:00,5595.0,5714.802509528698,119.80250952869756,119.80250952869756,14352.641289373669,2.1412423508256935,29.0,2.5,1924.1,5750.9,0.25069706840390876,26.0,932.5
1349,27,ann,loso,Majmaah - University,25.85891,45.41889,01-11-2019 00:00,3986.5,4059.0401497137927,72.54014971379274,72.54014971379274,5262.073320499466,1.819645044871259,20.0,2.6,1744.2,4032.4,0.301942319011183,49.9,935.5
1350,27,ann,loso,Majmaah - University,25.85891,45.41889,01-12-2019 00:00,4336.2,4503.090193506998,166.890193506998,166.890193506998,27852.33668880324,3.8487660510815465,16.1,2.8,1230.7,6304.0,0.1633376245902292,45.6,936.0
1351,27,ann,loso,Majmaah - University,25.85891,45.41889,01-01-2020 00:00,4748.2,4797.157667834874,48.95766783487397,48.95766783487397,2396.8532398298535,1.031078468364306,12.9,2.7,1206.0,6848.5,0.14972996461605315,40.3,936.7
1352,27,ann,loso,Majmaah - University,25.85891,45.41889,01-02-2020 00:00,5303.0,5313.094648959752,10.094648959751794,10.094648959751794,101.90193762061797,0.1903573252828926,17.0,2.7,2049.9,5507.8,0.27123331172182014,31.2,936.0
1353,27,ann,loso,Majmaah - University,25.85891,45.41889,01-03-2020 00:00,6373.3,6382.213773452253,8.913773452252826,8.913773452252826,79.45535715808727,0.13986119360853602,20.6,2.9,2846.5,5154.7,0.35575913612958054,26.9,932.4
1354,27,ann,loso,Majmaah - University,25.85891,45.41889,01-04-2020 00:00,7018.7,6933.504608988758,-85.19539101124155,85.19539101124155,7258.254649558338,1.213834342702232,25.8,3.6,3119.7,5160.7,0.3767571614897831,31.5,930.7
1355,27,ann,loso,Majmaah - University,25.85891,45.41889,01-05-2020 00:00,7073.8,7004.77755242311,-69.02244757689004,69.02244757689004,4764.098269504534,0.9757477957659256,30.8,2.6,3267.9,4921.1,0.39905971425082426,17.8,930.6
1356,27,ann,loso,Majmaah - University,25.85891,45.41889,01-09-2020 00:00,6787.4,6945.438315549133,158.03831554913359,158.03831554913359,24976.109181607517,2.32840727744252,32.8,1.8,2086.8,6745.1,0.23627984918307496,13.6,928.9
1357,27,ann,loso,Majmaah - University,25.85891,45.41889,01-10-2020 00:00,6164.0,6253.30049990316,89.30049990316002,89.30049990316002,7974.5792829542825,1.448742697974692,25.4,1.5,1186.7,8279.5,0.1253618136105301,16.4,934.1
1358,27,ann,loso,Majmaah - University,25.85891,45.41889,01-11-2020 00:00,4415.4,4612.202265151958,196.80226515195864,196.80226515195864,38731.13156894183,4.457178628254714,21.3,2.4,1622.1,5097.0,0.24141626110639816,39.5,935.3
1359,27,ann,loso,Majmaah - University,25.85891,45.41889,01-12-2020 00:00,3855.8,3836.298187489653,-19.50181251034701,19.50181251034701,380.3206911887271,0.5057786324588155,15.0,2.1,1507.5,4625.1,0.24581743469327852,58.6,937.6
1360,27,ann,loso,Majmaah - University,25.85891,45.41889,01-01-2021 00:00,4355.3,4277.110000254594,-78.18999974540657,78.18999974540657,6113.676060186679,1.7952839011183286,14.5,2.0,1537.6,5340.9,0.22353710838118773,46.1,937.7
1361,27,ann,loso,Majmaah - University,25.85891,45.41889,01-02-2021 00:00,4928.3,4868.2181554484905,-60.081844551509676,60.081844551509676,3609.8280447117727,1.2191190583265967,16.1,2.5,1963.9,5057.5,0.27970205372148005,44.0,936.1
1362,27,ann,loso,Majmaah - University,25.85891,45.41889,01-03-2021 00:00,6328.4,6379.916983124504,51.516983124504804,51.516983124504804,2653.9995502505126,0.8140601593531509,22.7,2.9,2965.9,4796.5,0.3820854374935587,23.9,933.2
1363,27,ann,loso,Majmaah - University,25.85891,45.41889,01-04-2021 00:00,6740.4,6701.034331306499,-39.36566869350099,39.36566869350099,1549.6558716864843,0.584025706093125,26.8,2.2,3155.4,4764.8,0.39839903032751695,19.4,932.5
1364,27,ann,loso,Majmaah - University,25.85891,45.41889,01-05-2021 00:00,7892.9,7676.847280997299,-216.05271900270054,216.05271900270054,46678.77738845988,2.7373046535836076,32.7,2.1,2866.7,6559.5,0.3041204302900426,12.9,928.5
1365,27,ann,loso,Majmaah - University,25.85891,45.41889,01-07-2021 00:00,7874.2,7762.715137405678,-111.48486259432138,111.48486259432138,12428.87458767472,1.4158246246516648,37.4,2.2,2531.9,7053.2,0.2641495654714088,13.9,922.9
1366,27,ann,loso,Majmaah - University,25.85891,45.41889,01-08-2021 00:00,7591.7,7490.99966896426,-100.70033103573951,100.70033103573951,10140.556670707521,1.3264529820164062,35.9,2.0,2223.4,7254.2,0.23459525618299992,12.5,925.6
1367,27,ann,loso,Majmaah - University,25.85891,45.41889,01-09-2021 00:00,6960.1,6972.181434108082,12.08143410808134,12.08143410808134,145.96105010791115,0.17358132940735535,31.9,1.8,1863.0,7363.6,0.20191619881646544,15.6,928.5
1368,27,ann,loso,Majmaah - University,25.85891,45.41889,01-10-2021 00:00,5851.7,5842.616678044213,-9.083321955787142,9.083321955787142,82.50673775248474,0.15522535256057457,28.6,1.8,1752.6,6505.0,0.21224084479751984,18.9,933.2
1369,27,ann,loso,Majmaah - University,25.85891,45.41889,01-11-2021 00:00,4731.8,4745.321125842552,13.521125842551555,13.521125842551555,182.8208440501155,0.28575015517459645,21.1,1.4,1544.8,5806.2,0.21014827914569445,31.7,935.6
1370,27,ann,loso,Majmaah - University,25.85891,45.41889,01-12-2021 00:00,3769.1,3857.9982893477136,88.89828934771367,88.89828934771367,7902.905848949822,2.358607873171677,16.0,1.7,1762.6,3957.5,0.3081414660582857,39.9,937.0
883,28,ann,loso,Makkah - UQU,21.331,39.949,01-01-2017 00:00,4250.1,4261.800737325373,11.700737325372756,11.700737325372756,136.9072539573712,0.2753049887149186,25.2,2.2,1664.4,4531.1,0.26864659833750304,50.6,979.9
884,28,ann,loso,Makkah - UQU,21.331,39.949,01-03-2018 00:00,6678.2,6474.989544732063,-203.2104552679366,203.2104552679366,41294.48913020206,3.0428926247781827,29.5,2.4,2243.4,6226.5,0.2648673538058301,31.1,976.4
885,28,ann,loso,Makkah - UQU,21.331,39.949,01-04-2018 00:00,6886.4,6743.411680713596,-142.98831928640357,142.98831928640357,20445.65945235049,2.076387071421985,30.8,2.6,2751.8,5487.3,0.3339927904746878,31.7,974.3
886,28,ann,loso,Makkah - UQU,21.331,39.949,01-05-2018 00:00,7479.2,7387.715086330539,-91.4849136694611,91.4849136694611,8369.48942910875,1.2231911657591867,35.1,2.9,3080.4,5602.1,0.3547826086956522,21.8,972.7
887,28,ann,loso,Makkah - UQU,21.331,39.949,01-06-2018 00:00,7310.5,7387.045180912303,76.5451809123033,76.5451809123033,5859.164720897241,1.0470580796430242,36.7,2.7,3313.7,5070.5,0.39523150688199227,21.8,970.5
888,28,ann,loso,Makkah - UQU,21.331,39.949,01-07-2018 00:00,7288.7,7295.4551437254995,6.755143725499693,6.755143725499693,45.631966752157865,0.09267967848175522,36.3,2.7,3111.1,5304.7,0.3696737089759738,21.9,970.7
889,28,ann,loso,Makkah - UQU,21.331,39.949,01-08-2018 00:00,6950.1,6885.90644413504,-64.19355586496022,64.19355586496022,4120.812614587769,0.9236349961145914,36.0,2.8,2721.4,5482.6,0.3317162359824476,24.3,971.0
890,28,ann,loso,Makkah - UQU,21.331,39.949,01-02-2020 00:00,3893.2,4018.328868011363,125.12886801136301,125.12886801136301,15657.233609805106,3.2140364741437124,24.2,2.4,1823.6,3176.5,0.36471270574588505,44.3,979.7
891,28,ann,loso,Makkah - UQU,21.331,39.949,01-03-2020 00:00,5865.7,5704.084715220468,-161.61528477953198,161.61528477953198,26119.50027436922,2.755259982261827,27.3,2.4,2373.9,4809.8,0.33045645001879254,33.4,976.3
892,28,ann,loso,Makkah - UQU,21.331,39.949,01-04-2020 00:00,6403.0,6297.388077341057,-105.6119226589426,105.6119226589426,11153.878207718473,1.6494131291416931,30.5,2.4,2255.5,5559.8,0.28860056555730423,29.6,975.3
893,28,ann,loso,Makkah - UQU,21.331,39.949,01-05-2020 00:00,6591.3,6706.734093639038,115.43409363903811,115.43409363903811,13325.02997426622,1.751309963725488,34.8,2.4,2609.2,5162.5,0.33573092116267994,23.1,973.9
894,28,ann,loso,Makkah - UQU,21.331,39.949,01-10-2020 00:00,5902.6,6115.392338726851,212.79233872685109,212.79233872685109,45280.57942084293,3.605061137919748,32.4,1.6,1686.9,6382.7,0.20904381877664321,29.7,975.5
895,28,ann,loso,Makkah - UQU,21.331,39.949,01-11-2020 00:00,4337.1,4407.213919512466,70.11391951246605,70.11391951246605,4915.961709400568,1.6166083215158988,28.2,1.4,1719.9,4421.1,0.2800683927699072,48.5,977.9
896,28,ann,loso,Makkah - UQU,21.331,39.949,01-12-2020 00:00,4176.4,4379.18300394664,202.78300394664075,202.78300394664075,41120.94668962331,4.855449764070509,26.2,1.5,1694.1,4523.4,0.27247285886610373,44.5,979.0
897,28,ann,loso,Makkah - UQU,21.331,39.949,01-01-2021 00:00,4565.6,4690.017684429746,124.41768442974535,124.41768442974535,15479.760198859698,2.725111363889639,25.0,1.7,1817.5,4750.3,0.2767288894302506,46.3,979.2
898,28,ann,loso,Makkah - UQU,21.331,39.949,01-02-2021 00:00,4889.0,4899.226057406238,10.226057406238397,10.226057406238397,104.57225007568316,0.20916460229573322,24.5,1.9,1934.3,4678.4,0.2925128918596035,43.5,978.6
899,28,ann,loso,Makkah - UQU,21.331,39.949,01-03-2021 00:00,6393.8,6621.869659031805,228.0696590318048,228.0696590318048,52015.7693708837,3.5670439962433105,29.1,1.8,2538.4,5233.3,0.3266209452243396,33.2,976.3
900,28,ann,loso,Makkah - UQU,21.331,39.949,01-05-2021 00:00,7485.0,6460.734437992001,-1024.2655620079986,1024.2655620079986,1049119.9415155612,13.684242645397443,34.6,2.0,2709.8,5090.8,0.34738353459990257,26.3,972.9
901,28,ann,loso,Makkah - UQU,21.331,39.949,01-07-2021 00:00,6611.6,6706.226867683392,94.62686768339154,94.62686768339154,8954.24408757009,1.4312249331990976,35.7,2.4,3277.3,4124.0,0.4428005890857012,25.6,969.5
902,28,ann,loso,Makkah - UQU,21.331,39.949,01-09-2021 00:00,5954.7,6047.898274681223,93.19827468122276,93.19827468122276,8685.918403556647,1.5651212434081105,34.9,2.1,2873.8,4043.6,0.4154451094341805,34.2,971.5
903,28,ann,loso,Makkah - UQU,21.331,39.949,01-10-2021 00:00,5698.0,5774.069978250272,76.06997825027156,76.06997825027156,5786.641590996788,1.335029453321719,33.1,1.8,1969.6,5525.6,0.26278151350197454,33.1,975.3
904,28,ann,loso,Makkah - UQU,21.331,39.949,01-11-2021 00:00,4622.3,5468.589243999833,846.2892439998332,846.2892439998332,716205.4845098092,18.30883421672832,28.7,1.5,2303.9,3887.6,0.37210692077848667,43.1,977.6
905,28,ann,loso,Makkah - UQU,21.331,39.949,01-12-2021 00:00,4094.5,4088.7381712232027,-5.7618287767973015,5.7618287767973015,33.198670853129485,0.1407211815068336,25.9,1.8,1703.2,4285.1,0.28442128817861495,47.7,979.4
1164,29,ann,loso,Najran - University,17.63228,44.53735,01-01-2017 00:00,5782.0,5884.853988305569,102.85398830556915,102.85398830556915,10578.942910362155,1.7788652422270692,20.0,1.7,1286.2,7774.0,0.14196154610273504,25.2,885.4
1165,29,ann,loso,Najran - University,17.63228,44.53735,01-02-2017 00:00,5517.5,5318.966123892671,-198.53387610732898,198.53387610732898,39415.699962200255,3.59825783610927,19.3,2.2,2425.5,4577.2,0.34636640153083814,33.4,884.7
1166,29,ann,loso,Najran - University,17.63228,44.53735,01-03-2017 00:00,6515.7,6480.22709120968,-35.47290879031971,35.47290879031971,1258.327258046341,0.5444220696213715,26.1,2.2,2536.9,5407.0,0.31935195558856483,29.7,881.4
1167,29,ann,loso,Najran - University,17.63228,44.53735,01-04-2017 00:00,7486.0,7320.748176899787,-165.2518231002132,165.2518231002132,27308.165037944153,2.2074782674353886,28.2,2.2,2597.4,6505.3,0.2853439089500917,15.8,882.4
1168,29,ann,loso,Najran - University,17.63228,44.53735,01-05-2017 00:00,7278.9,7213.684266300666,-65.21573369933321,65.21573369933321,4253.091921942346,0.8959558957992722,31.1,2.3,3150.9,5212.9,0.37673067266075233,21.0,880.9
1169,29,ann,loso,Najran - University,17.63228,44.53735,01-06-2017 00:00,7522.5,7456.938130827222,-65.56186917277773,65.56186917277773,4298.3586894284235,0.8715436247627483,33.5,2.1,3465.6,5206.2,0.3996402131045458,10.1,878.2
1170,29,ann,loso,Najran - University,17.63228,44.53735,01-09-2017 00:00,7352.4,7076.863407922856,-275.5365920771437,275.5365920771437,75920.4135734863,3.7475734736568156,30.8,2.2,2186.3,7026.5,0.23731113233761728,13.5,879.8
1171,29,ann,loso,Najran - University,17.63228,44.53735,01-10-2017 00:00,6898.2,6688.343602918784,-209.85639708121562,209.85639708121562,44039.707395908845,3.0421906741065152,25.9,1.9,1430.4,8301.3,0.14698356916057834,18.0,883.4
1172,29,ann,loso,Najran - University,17.63228,44.53735,01-11-2017 00:00,5964.5,6082.367025153665,117.86702515366505,117.86702515366505,13892.63561857471,1.9761425962555965,21.3,1.8,1290.5,7865.8,0.14094120987735223,30.8,885.0
1173,29,ann,loso,Najran - University,17.63228,44.53735,01-03-2018 00:00,7078.5,6662.30675214753,-416.19324785247045,416.19324785247045,173216.8195579879,5.8796813993426635,24.3,2.2,1944.5,7299.1,0.21036176381496385,21.3,883.1
1174,29,ann,loso,Najran - University,17.63228,44.53735,01-04-2018 00:00,6781.6,6803.312034441118,21.712034441117794,21.712034441117794,471.4124395722853,0.320160941977082,26.8,2.0,3338.2,4304.0,0.43681138939048963,35.7,881.1
1175,29,ann,loso,Najran - University,17.63228,44.53735,01-05-2018 00:00,8046.4,7774.688954159533,-271.7110458404668,271.7110458404668,73826.89243172025,3.376802617822465,30.4,2.4,3251.0,6126.8,0.3466697946213398,20.4,880.1
1176,29,ann,loso,Najran - University,17.63228,44.53735,01-06-2018 00:00,7486.6,7494.415662601471,7.815662601470649,7.815662601470649,61.084581900026954,0.10439535438611183,33.5,2.5,4190.2,4106.1,0.5050685245229801,15.8,877.8
1177,29,ann,loso,Najran - University,17.63228,44.53735,01-07-2018 00:00,7172.9,7281.196310714457,108.29631071445692,108.29631071445692,11728.090914362198,1.5097981390296384,34.5,2.8,4208.9,3609.7,0.5383188806180135,16.3,876.1
1178,29,ann,loso,Najran - University,17.63228,44.53735,01-08-2018 00:00,7150.9,7253.275207830859,102.37520783085893,102.37520783085893,10480.683178411558,1.4316408819988942,33.9,2.6,3639.1,4356.4,0.4551435182290038,17.5,876.5
1179,29,ann,loso,Najran - University,17.63228,44.53735,01-09-2018 00:00,7522.8,7323.892467982715,-198.90753201728512,198.90753201728512,39564.2062932073,2.644062476967155,31.1,2.3,2429.9,6918.0,0.25994073535232515,15.2,880.1
1180,29,ann,loso,Najran - University,17.63228,44.53735,01-10-2018 00:00,6618.4,6656.860495952584,38.4604959525841,38.4604959525841,1479.2097489187377,0.5811147097876238,25.9,2.1,2020.6,6779.8,0.22960319985455208,32.0,883.9
1181,29,ann,loso,Najran - University,17.63228,44.53735,01-11-2018 00:00,5677.8,6002.220763617909,324.42076361790896,324.42076361790896,105248.83186642716,5.713846271758586,23.6,1.9,1838.0,6375.2,0.22378610042370817,35.4,884.5
1182,29,ann,loso,Najran - University,17.63228,44.53735,01-12-2018 00:00,5783.6,5958.925604900933,175.32560490093238,175.32560490093238,30739.067733877844,3.0314268777393383,19.9,1.8,1091.4,8418.9,0.11475978675751555,33.9,885.6
1183,29,ann,loso,Najran - University,17.63228,44.53735,01-01-2019 00:00,5863.7,6295.132965150119,431.43296515011934,431.43296515011934,186134.4034182241,7.3576916477670995,20.4,1.8,1886.8,6776.7,0.21778726842500143,31.2,885.6
1184,29,ann,loso,Najran - University,17.63228,44.53735,01-02-2019 00:00,6352.1,6376.362291273773,24.262291273772462,24.262291273772462,588.6587778533753,0.38195701065431054,22.1,2.1,2522.7,5702.1,0.30671870440618615,32.8,884.1
1185,29,ann,loso,Najran - University,17.63228,44.53735,01-03-2019 00:00,7040.3,7049.182604778666,8.882604778666064,8.882604778666064,78.90066765398119,0.12616798685661212,25.2,2.3,3158.5,5215.9,0.3771613488727551,24.2,882.3
1186,29,ann,loso,Najran - University,17.63228,44.53735,01-04-2019 00:00,6897.5,6978.3956253360575,80.89562533605749,80.89562533605749,6544.102198511787,1.1728253038935483,27.7,2.2,3202.8,4689.7,0.4058029775102946,30.3,881.6
1187,29,ann,loso,Najran - University,17.63228,44.53735,01-05-2019 00:00,7130.1,7112.60724158286,-17.492758417140067,17.492758417140067,305.99659704042466,0.2453367893457324,29.3,2.2,2986.3,5303.9,0.36022050131480543,30.6,881.5
1188,29,ann,loso,Najran - University,17.63228,44.53735,01-06-2019 00:00,7670.6,7511.9408300701525,-158.65916992984785,158.65916992984785,25172.732202828334,2.068406251529839,33.6,2.3,3098.2,5848.0,0.3463146363819275,14.8,878.4
1189,29,ann,loso,Najran - University,17.63228,44.53735,01-07-2019 00:00,7272.5,7346.029080267421,73.5290802674208,73.5290802674208,5406.52564497281,1.0110564491910732,34.9,2.8,3849.4,4295.5,0.4726147650677111,13.7,876.0
1190,29,ann,loso,Najran - University,17.63228,44.53735,01-08-2019 00:00,7070.3,7228.238645011213,157.93864501121243,157.93864501121243,24944.615587977776,2.233832298646626,33.4,2.7,3201.5,4958.3,0.39235030270349763,18.6,877.5
1191,29,ann,loso,Najran - University,17.63228,44.53735,01-09-2019 00:00,7108.8,7187.376785604693,78.57678560469321,78.57678560469321,6174.311235965923,1.105345284783553,31.5,2.3,2532.0,6208.4,0.28968925907281134,19.3,879.5
1192,29,ann,loso,Najran - University,17.63228,44.53735,01-10-2019 00:00,6696.1,6694.795809940439,-1.3041900595617335,1.3041900595617335,1.700911711459638,0.01947686055407974,27.0,2.1,1835.1,7261.1,0.20174358523339414,22.2,882.8
1193,29,ann,loso,Najran - University,17.63228,44.53735,01-11-2019 00:00,5674.1,5443.527204630724,-230.57279536927672,230.57279536927672,53163.813964402354,4.0636011943616905,22.0,2.0,1644.5,6569.2,0.20021427614838622,37.5,884.5
1194,29,ann,loso,Najran - University,17.63228,44.53735,01-12-2019 00:00,5493.6,5761.599811085353,267.99981108535303,267.99981108535303,71823.89874178491,4.878400522159477,20.0,1.8,1343.5,7390.3,0.15382765806407292,38.2,885.0
1195,29,ann,loso,Najran - University,17.63228,44.53735,01-01-2020 00:00,5907.3,6017.947740860895,110.64774086089437,110.64774086089437,12242.922557619635,1.8730679136135693,18.5,1.9,1569.5,7353.5,0.1758937577048078,33.1,885.3
1196,29,ann,loso,Najran - University,17.63228,44.53735,01-02-2020 00:00,6317.6,6628.307333371092,310.7073333710914,310.7073333710914,96539.04701057453,4.918122916472892,22.0,2.1,2253.5,6185.2,0.2670435019612025,27.4,884.9
1197,29,ann,loso,Najran - University,17.63228,44.53735,01-03-2020 00:00,7091.8,7031.594371934333,-60.20562806566704,60.20562806566704,3624.717650781435,0.8489470665510455,24.9,2.2,3119.6,5320.5,0.3696164737384628,26.0,882.0
1198,29,ann,loso,Najran - University,17.63228,44.53735,01-04-2020 00:00,7092.1,7045.832933675679,-46.267066324321604,46.267066324321604,2140.6414262591743,0.6523747031813087,28.3,1.8,2923.7,5397.4,0.35135979618079344,35.2,881.0
1199,29,ann,loso,Najran - University,17.63228,44.53735,01-05-2020 00:00,7241.7,7287.518243257174,45.81824325717389,45.81824325717389,2099.311415173561,0.6327001015945688,33.6,2.2,3215.9,5163.0,0.38380933058038647,23.9,881.1
1200,29,ann,loso,Najran - University,17.63228,44.53735,01-09-2020 00:00,7666.8,7607.520172429446,-59.27982757055452,59.27982757055452,3514.0979567946756,0.77320169523862,30.5,2.1,2282.6,7432.1,0.23496350890917886,15.5,879.5
1201,29,ann,loso,Najran - University,17.63228,44.53735,01-10-2020 00:00,7295.8,7175.442630561272,-120.3573694387278,120.3573694387278,14485.89637821041,1.6496802192868198,25.1,1.8,1371.9,9097.3,0.13104153134910024,16.7,883.6
1202,29,ann,loso,Najran - University,17.63228,44.53735,01-12-2020 00:00,5877.6,6223.685119271907,346.0851192719065,346.0851192719065,119774.90978144974,5.8882046970176,19.0,1.4,1236.4,8347.2,0.1290120622730498,36.5,885.7
1203,29,ann,loso,Najran - University,17.63228,44.53735,01-01-2021 00:00,6173.5,6469.307042754666,295.8070427546663,295.8070427546663,87501.80654326099,4.79156139555627,17.8,1.6,1484.0,8075.2,0.1552431165787932,28.3,885.7
1204,29,ann,loso,Najran - University,17.63228,44.53735,01-02-2021 00:00,6579.8,6654.596360950561,74.79636095056048,74.79636095056048,5594.495611446529,1.1367573626943142,20.8,1.9,1926.2,7125.9,0.21279040222710752,30.6,884.3
1205,29,ann,loso,Najran - University,17.63228,44.53735,01-03-2021 00:00,7761.2,7651.79964492228,-109.40035507771972,109.40035507771972,11968.437691131156,1.4095804138241474,25.3,1.7,2329.1,7704.3,0.2321346702015269,16.8,882.8
1206,29,ann,loso,Najran - University,17.63228,44.53735,01-04-2021 00:00,7654.8,7375.0377954908145,-279.7622045091857,279.7622045091857,78266.89107183946,3.654729117797796,27.2,1.9,3048.7,6030.8,0.3357784018943774,19.8,882.3
1207,29,ann,loso,Najran - University,17.63228,44.53735,01-05-2021 00:00,8035.1,7731.714070311968,-303.3859296880328,303.3859296880328,92043.02233267197,3.7757579829502155,31.9,2.2,3182.8,6322.6,0.3348412481326404,13.3,879.8
1208,29,ann,loso,Najran - University,17.63228,44.53735,01-07-2021 00:00,7113.9,7192.344521995135,78.4445219951358,78.4445219951358,6153.543031045345,1.1026936278994055,33.3,2.7,3549.2,4540.4,0.43873615506329117,23.4,875.0
1209,29,ann,loso,Najran - University,17.63228,44.53735,01-08-2021 00:00,7387.7,7396.6635400800615,8.963540080061648,8.963540080061648,80.34505076687158,0.12133059111850303,33.9,2.5,3338.4,5179.2,0.39194139194139194,17.8,877.0
1210,29,ann,loso,Najran - University,17.63228,44.53735,01-09-2021 00:00,7591.2,7506.126053183072,-85.07394681692767,85.07394681692767,7237.576427009438,1.1206916800628053,30.9,2.1,2482.8,6939.1,0.2635137286534563,15.1,879.2
1211,29,ann,loso,Najran - University,17.63228,44.53735,01-10-2021 00:00,7029.5,6998.055104120135,-31.444895879864816,31.444895879864816,988.7814768955393,0.4473276318353342,26.9,1.9,1824.4,7831.0,0.1889512604345755,20.8,883.3
1212,29,ann,loso,Najran - University,17.63228,44.53735,01-11-2021 00:00,6370.7,6354.534182037601,-16.16581796239916,16.16581796239916,261.3336703934273,0.2537526168615562,22.5,1.3,1258.6,8607.1,0.12757330954721913,25.3,885.1
1213,29,ann,loso,Najran - University,17.63228,44.53735,01-12-2021 00:00,5952.6,6253.0101125784395,300.4101125784391,300.4101125784391,90246.23573939047,5.046704172604225,19.0,1.1,1067.6,8876.4,0.10736122284794851,32.0,885.6
92,30,ann,loso,Osfan - KAU,21.89252,39.2539,01-01-2017 00:00,4327.0,4433.384105052157,106.38410505215688,106.38410505215688,11317.577807748352,2.458611163673605,24.4,2.9,1567.1,4919.9,0.24157545860952673,71.7,1001.7
93,30,ann,loso,Osfan - KAU,21.89252,39.2539,01-02-2017 00:00,4364.7,4419.051871855267,54.351871855266836,54.351871855266836,2954.125974171347,1.2452601978433075,23.8,3.9,2375.4,3136.0,0.4309975686758356,54.7,1001.3
94,30,ann,loso,Osfan - KAU,21.89252,39.2539,01-03-2017 00:00,5568.6,5676.441816431994,107.84181643199372,107.84181643199372,11629.85737135183,1.9366055459539868,25.9,3.6,2671.2,4086.5,0.395282418574367,64.0,997.8
95,30,ann,loso,Osfan - KAU,21.89252,39.2539,01-04-2017 00:00,6123.2,6041.232647986274,-81.96735201372576,81.96735201372576,6718.646796142032,1.3386358768899556,30.2,3.8,2994.4,4025.6,0.42655270655270655,53.4,996.6
96,30,ann,loso,Osfan - KAU,21.89252,39.2539,01-05-2017 00:00,6547.2,6519.3076977015535,-27.89230229844634,27.89230229844634,777.9805275079149,0.4260187912152728,32.7,3.6,2983.5,4517.1,0.39776817854571633,49.6,995.2
97,30,ann,loso,Osfan - KAU,21.89252,39.2539,01-10-2017 00:00,5653.9,5583.693163132364,-70.2068368676355,70.2068368676355,4928.999942958783,1.2417417511387803,30.6,2.7,1764.7,5868.9,0.23117533011947183,72.4,996.7
98,30,ann,loso,Osfan - KAU,21.89252,39.2539,01-11-2017 00:00,4491.7,4628.732626243279,137.03262624327908,137.03262624327908,18777.94065513022,3.050796496722379,28.1,3.0,1781.3,4614.5,0.27851089777666593,69.8,999.3
99,30,ann,loso,Osfan - KAU,21.89252,39.2539,01-03-2018 00:00,6460.5,6462.229299968076,1.729299968075793,1.729299968075793,2.9904783795869387,0.026767277580307915,28.2,3.2,2231.4,6115.0,0.26734879708616893,49.9,997.8
100,30,ann,loso,Osfan - KAU,21.89252,39.2539,01-04-2018 00:00,7129.6,6920.034090268877,-209.5659097311236,209.5659097311236,43917.87052143345,2.9393782222161637,29.4,3.2,2679.4,5946.1,0.31063706451799894,46.2,995.7
101,30,ann,loso,Osfan - KAU,21.89252,39.2539,01-05-2018 00:00,7282.0,7283.87013828337,1.8701382833696698,1.8701382833696698,3.4974171989248553,0.025681657283296758,33.3,3.7,3148.5,5293.3,0.37296548129545837,39.5,993.8
102,30,ann,loso,Osfan - KAU,21.89252,39.2539,01-06-2018 00:00,7254.0,7296.401282764407,42.40128276440737,42.40128276440737,1797.8687800672294,0.5845227841798645,33.9,3.3,3114.1,5273.3,0.3712831151489139,46.5,991.6
103,30,ann,loso,Osfan - KAU,21.89252,39.2539,01-07-2018 00:00,7178.2,7109.662212691244,-68.53778730875547,68.53778730875547,4697.428289180202,0.9548046489197218,34.7,3.0,2931.9,5391.5,0.35224787947233105,44.5,991.7
104,30,ann,loso,Osfan - KAU,21.89252,39.2539,01-08-2018 00:00,6917.8,6789.185769081241,-128.61423091875895,128.61423091875895,16541.62039482385,1.85917822022549,34.5,3.2,2527.4,5710.6,0.30679776644816703,51.0,992.0
105,30,ann,loso,Osfan - KAU,21.89252,39.2539,01-09-2018 00:00,6019.8,6083.749745650982,63.94974565098164,63.94974565098164,4089.5699688252453,1.062323426874342,33.7,2.9,3098.6,3795.7,0.4494437433822143,64.1,993.4
106,30,ann,loso,Osfan - KAU,21.89252,39.2539,01-10-2018 00:00,5231.0,5365.268513192069,134.2685131920689,134.2685131920689,18028.03363480878,2.566784805812825,31.5,2.7,2130.2,4637.2,0.3147737683600792,59.5,997.4
107,30,ann,loso,Osfan - KAU,21.89252,39.2539,01-11-2018 00:00,4096.6,4291.12503598912,194.52503598911971,194.52503598911971,37839.98962656832,4.748450812603615,27.7,3.1,1787.2,4049.0,0.30622665432987217,56.0,999.3
108,30,ann,loso,Osfan - KAU,21.89252,39.2539,01-12-2018 00:00,3975.6,4130.518044835383,154.91804483538317,154.91804483538317,23999.60061561779,3.8967211197148397,25.3,3.0,1781.4,4062.4,0.30483589445223996,62.7,1001.6
109,30,ann,loso,Osfan - KAU,21.89252,39.2539,01-01-2019 00:00,4045.3,4110.8094529668315,65.5094529668313,65.5094529668313,4291.488428013483,1.6193966570299188,24.7,3.2,2080.9,3446.8,0.3764495178826636,64.3,1001.7
110,30,ann,loso,Osfan - KAU,21.89252,39.2539,01-02-2019 00:00,4778.0,4731.875123817809,-46.12487618219075,46.12487618219075,2127.504202822427,0.9653594847674916,24.5,3.7,2226.6,4016.0,0.35667830711562487,54.3,1000.8
111,30,ann,loso,Osfan - KAU,21.89252,39.2539,01-03-2019 00:00,6251.3,6124.918838614324,-126.38116138567602,126.38116138567602,15972.197953192288,2.021678073131605,24.9,4.0,2396.7,5632.6,0.2984942647553336,51.1,999.6
112,30,ann,loso,Osfan - KAU,21.89252,39.2539,01-04-2019 00:00,6915.2,7067.837402996376,152.6374029963763,152.6374029963763,23298.176793478182,2.2072738748897542,28.4,3.6,2699.6,5723.3,0.3205071887354712,48.7,996.9
113,30,ann,loso,Osfan - KAU,21.89252,39.2539,01-05-2019 00:00,6965.7,6888.106044088772,-77.59395591122757,77.59395591122757,6020.821993953527,1.1139434071410996,33.6,3.1,2870.1,5217.8,0.354863437975247,41.3,994.8
114,30,ann,loso,Osfan - KAU,21.89252,39.2539,01-06-2019 00:00,7003.8,6958.562695911663,-45.23730408833762,45.23730408833762,2046.413681180728,0.6458965716944747,35.0,3.7,3122.0,4851.0,0.3915715539947322,43.0,992.2
115,30,ann,loso,Osfan - KAU,21.89252,39.2539,01-07-2019 00:00,7240.6,7213.994525611927,-26.605474388073162,26.605474388073162,707.851267414417,0.36744847648086015,34.6,3.2,2705.0,5875.9,0.31523499865981425,45.7,990.9
116,30,ann,loso,Osfan - KAU,21.89252,39.2539,01-08-2019 00:00,6971.0,6821.1365094160965,-149.8634905839035,149.8634905839035,22459.06580999174,2.1498133780505455,34.4,3.3,2505.4,5849.7,0.2998647532644732,51.7,992.6
117,30,ann,loso,Osfan - KAU,21.89252,39.2539,01-09-2019 00:00,6188.8,6122.339030736795,-66.46096926320479,66.46096926320479,4417.060435404652,1.0738910493666751,32.9,3.0,2592.7,4759.2,0.35265713625049305,61.5,992.8
118,30,ann,loso,Osfan - KAU,21.89252,39.2539,01-10-2019 00:00,5377.9,5634.72229936929,256.8222993692907,256.8222993692907,65957.69345332957,4.775512734883333,31.6,2.9,2163.3,4866.9,0.3077152854826321,59.4,996.8
119,30,ann,loso,Osfan - KAU,21.89252,39.2539,01-11-2019 00:00,4634.7,4799.441606945628,164.74160694562852,164.74160694562852,27139.79705902796,3.55452579337667,28.9,2.7,1693.7,5039.4,0.25154832098142016,57.3,998.2
120,30,ann,loso,Osfan - KAU,21.89252,39.2539,01-12-2019 00:00,4307.9,4624.6246559135925,316.72465591359287,316.72465591359287,100314.5076635838,7.352182174924973,25.2,3.7,1560.3,5176.9,0.2315947277800867,55.0,1000.8
121,30,ann,loso,Osfan - KAU,21.89252,39.2539,01-01-2020 00:00,4818.4,5009.194784016495,190.7947840164952,190.7947840164952,36402.649607901054,3.9597124360056286,21.9,4.0,1405.7,6219.5,0.1843492629701516,49.7,1003.4
122,30,ann,loso,Osfan - KAU,21.89252,39.2539,01-02-2020 00:00,4959.4,5021.139219226467,61.73921922646696,61.73921922646696,3811.731190693747,1.2448929149991321,23.4,3.5,2221.3,4385.6,0.3362091147134057,56.3,1002.0
123,30,ann,loso,Osfan - KAU,21.89252,39.2539,01-03-2020 00:00,6308.6,6306.3997022824315,-2.200297717568901,2.200297717568901,4.841310045938916,0.034877749699916,25.6,3.6,2436.8,5455.8,0.30874490028634416,54.4,998.1
124,30,ann,loso,Osfan - KAU,21.89252,39.2539,01-09-2020 00:00,6212.3,6298.642961298535,86.34296129853465,86.34296129853465,7455.106965800252,1.3898710831501158,34.7,2.8,2468.7,5044.1,0.3285991907145139,56.4,992.0
125,30,ann,loso,Osfan - KAU,21.89252,39.2539,01-10-2020 00:00,5750.3,6119.681727918462,369.38172791846137,369.38172791846137,136442.8609200282,6.423694901456643,32.8,3.1,1698.5,6251.9,0.21363704970819078,45.7,996.6
126,30,ann,loso,Osfan - KAU,21.89252,39.2539,01-11-2020 00:00,4439.9,4720.83793142766,280.93793142766026,280.93793142766026,78926.12131485273,6.327573400924802,28.3,2.6,1592.7,4940.1,0.24380051432770022,61.0,999.5
127,30,ann,loso,Osfan - KAU,21.89252,39.2539,01-12-2020 00:00,4033.0,4360.009486872077,327.0094868720771,327.0094868720771,106935.20450433917,8.10834333925309,26.2,2.1,1688.5,4413.6,0.27670801855099064,58.3,1000.7
128,30,ann,loso,Osfan - KAU,21.89252,39.2539,01-01-2021 00:00,4348.2,4637.1201133150325,288.9201133150327,288.9201133150327,83474.83187797134,6.644591171405012,25.2,3.3,1805.4,4510.2,0.28586357590727723,58.4,1000.9
129,30,ann,loso,Osfan - KAU,21.89252,39.2539,01-02-2021 00:00,5016.3,5054.090981176198,37.79098117619742,37.79098117619742,1428.1582582597077,0.7533636579988721,24.5,3.5,1814.4,5131.2,0.26123013130615064,58.0,1000.7
130,30,ann,loso,Osfan - KAU,21.89252,39.2539,01-03-2021 00:00,6161.8,6185.854784634367,24.054784634367024,24.054784634367024,578.6326638057799,0.39038567682117276,27.4,3.3,2445.2,5248.1,0.3178349992850922,57.5,997.9
131,30,ann,loso,Osfan - KAU,21.89252,39.2539,01-04-2021 00:00,6718.8,6585.452854139992,-133.3471458600079,133.3471458600079,17781.461309010225,1.9846869360601285,29.7,3.4,2720.1,5245.5,0.3414808677312443,50.7,996.7
132,30,ann,loso,Osfan - KAU,21.89252,39.2539,01-05-2021 00:00,7387.0,7238.162345291137,-148.83765470886283,148.83765470886283,22152.64745923468,2.014859275874683,32.4,2.7,2251.1,6793.0,0.24890259948474694,53.1,994.1
133,30,ann,loso,Osfan - KAU,21.89252,39.2539,01-07-2021 00:00,6627.9,6679.381813311509,51.48181331150954,51.48181331150954,2650.3771018411207,0.7767439658339678,33.9,3.2,3104.8,4465.3,0.41013989247169785,53.2,990.2
134,30,ann,loso,Osfan - KAU,21.89252,39.2539,01-08-2021 00:00,6560.8,6510.941214955061,-49.858785044939395,49.858785044939395,2485.8984461574723,0.7599497781511309,34.7,3.1,2739.0,4890.9,0.3589824244092321,56.1,991.1
135,30,ann,loso,Osfan - KAU,21.89252,39.2539,01-09-2021 00:00,5972.5,5993.289627534048,20.789627534048122,20.789627534048122,432.2086130044518,0.3480892010723838,32.8,3.2,2714.6,4315.4,0.3861450924608819,63.8,992.7
136,30,ann,loso,Osfan - KAU,21.89252,39.2539,01-10-2021 00:00,5533.7,5577.044427954235,43.34442795423547,43.34442795423547,1878.7394346799092,0.7832811311461675,31.1,2.5,1853.6,5513.5,0.25160510920172113,65.5,996.5
137,30,ann,loso,Osfan - KAU,21.89252,39.2539,01-11-2021 00:00,4506.5,4585.624010859148,79.12401085914826,79.12401085914826,6260.6090944386115,1.7557752326450298,28.5,2.5,1386.1,5330.4,0.20637236655996424,62.1,998.9
737,31,ann,loso,Rania - TVTC,21.21501,42.84853,01-02-2017 00:00,4696.4,4613.071524080029,-83.32847591997051,83.32847591997051,6943.634899145106,1.774305338556565,17.8,3.4,2489.3,3360.3,0.4255504649890591,36.1,912.8
738,31,ann,loso,Rania - TVTC,21.21501,42.84853,01-03-2017 00:00,5689.1,5726.384194884892,37.284194884891804,37.284194884891804,1390.1111882145922,0.6553619181398077,24.9,3.8,2849.3,3924.0,0.42066644028759986,33.7,909.1
739,31,ann,loso,Rania - TVTC,21.21501,42.84853,01-05-2017 00:00,6588.7,6716.596423512778,127.8964235127778,127.8964235127778,16357.495147359823,1.9411480794811995,32.0,3.1,3045.4,4398.2,0.40912999086463536,24.7,908.4
740,31,ann,loso,Rania - TVTC,21.21501,42.84853,01-09-2017 00:00,6773.0,6710.403369552855,-62.59663044714489,62.59663044714489,3918.3381433364266,0.9242083337833292,32.2,2.4,2290.2,6135.3,0.27181769627915253,10.7,907.5
741,31,ann,loso,Rania - TVTC,21.21501,42.84853,01-11-2017 00:00,5252.1,5352.351330854077,100.25133085407651,100.25133085407651,10050.329338013513,1.90878564486732,23.2,3.4,1461.4,6553.3,0.18233995034124795,27.3,912.5
742,31,ann,loso,Rania - TVTC,21.21501,42.84853,01-03-2018 00:00,6647.4,6412.120711523697,-235.279288476303,235.279288476303,55356.34358591541,3.539418245875124,25.9,3.7,2201.4,6323.8,0.25822268099282125,21.7,910.6
743,31,ann,loso,Rania - TVTC,21.21501,42.84853,01-04-2018 00:00,6467.7,6379.071743859451,-88.62825614054873,88.62825614054873,7854.967786514713,1.3703210745790424,26.5,3.7,2885.1,4650.2,0.38287792125064696,33.9,908.7
744,31,ann,loso,Rania - TVTC,21.21501,42.84853,01-05-2018 00:00,7521.3,7427.694003231402,-93.60599676859783,93.60599676859783,8762.082631042747,1.2445454478427642,32.2,3.4,3333.3,5330.2,0.3847521209672765,15.8,907.5
745,31,ann,loso,Rania - TVTC,21.21501,42.84853,01-03-2019 00:00,6513.2,6373.363459094348,-139.83654090565142,139.83654090565142,19554.25817245792,2.146971395099973,23.5,4.0,2723.0,5245.0,0.3417419678714859,21.2,910.1
746,31,ann,loso,Rania - TVTC,21.21501,42.84853,01-04-2019 00:00,6275.2,6301.498251135861,26.298251135861392,26.298251135861392,691.598012804835,0.41908227842716395,26.6,3.3,2881.5,4203.2,0.4067215266701484,30.5,909.1
747,31,ann,loso,Rania - TVTC,21.21501,42.84853,01-05-2019 00:00,6095.7,6046.519894964175,-49.180105035824454,49.180105035824454,2418.6827313347258,0.8067999579346827,29.9,3.5,2986.6,3704.0,0.446387468986339,27.3,908.9
748,31,ann,loso,Rania - TVTC,21.21501,42.84853,01-06-2019 00:00,7328.3,7194.062638953669,-134.237361046331,134.237361046331,18019.66910068302,1.8317667268852391,35.5,3.5,3051.8,5318.3,0.3646073523613816,11.0,905.7
749,31,ann,loso,Rania - TVTC,21.21501,42.84853,01-08-2019 00:00,7292.2,7326.036873488947,33.836873488947276,33.836873488947276,1144.9340075070231,0.4640146113511324,34.7,4.5,2803.0,5779.2,0.3266062315024119,14.6,904.7
750,31,ann,loso,Rania - TVTC,21.21501,42.84853,01-09-2019 00:00,6885.3,6923.417761772491,38.11776177249067,38.11776177249067,1452.9637625443509,0.5536107616587609,33.3,2.4,2417.9,6088.5,0.28424480391234835,13.3,906.8
751,31,ann,loso,Rania - TVTC,21.21501,42.84853,01-10-2019 00:00,6154.9,6124.302681618824,-30.597318381175683,30.597318381175683,936.1958921190313,0.4971212916729059,29.1,2.4,1826.4,6564.4,0.21766696858464035,17.7,910.3
752,31,ann,loso,Rania - TVTC,21.21501,42.84853,01-11-2019 00:00,4930.5,4992.31190662104,61.81190662104018,61.81190662104018,3820.7118001281906,1.2536640628950446,23.2,3.3,1798.3,5284.9,0.2538824260221369,36.1,911.8
753,31,ann,loso,Rania - TVTC,21.21501,42.84853,01-02-2020 00:00,5547.4,5565.566320714161,18.166320714160975,18.166320714160975,330.0152082897541,0.32747450542886714,21.0,3.0,2340.1,4962.5,0.32044751184509623,24.9,912.6
754,31,ann,loso,Rania - TVTC,21.21501,42.84853,01-03-2020 00:00,6522.9,6501.950038035296,-20.949961964704016,20.949961964704016,438.900906322545,0.3211755808720663,24.5,3.1,2867.5,5040.8,0.36259373063743155,19.3,909.6
755,31,ann,loso,Rania - TVTC,21.21501,42.84853,01-04-2020 00:00,6893.6,6867.67671045035,-25.92328954965069,25.92328954965069,672.0169410750286,0.37604864729097554,28.8,2.6,2695.2,5478.2,0.32975261213203805,24.1,908.5
756,31,ann,loso,Rania - TVTC,21.21501,42.84853,01-05-2020 00:00,6454.6,6769.312776645405,314.71277664540503,314.71277664540503,99044.13178386059,4.875790546980525,32.0,2.8,3106.1,4200.3,0.42512044235191065,20.0,908.6
757,31,ann,loso,Rania - TVTC,21.21501,42.84853,01-09-2020 00:00,7093.5,7223.432209523855,129.9322095238549,129.9322095238549,16882.379071750933,1.8317080358617737,32.2,2.1,2153.8,6819.7,0.2400178302780409,10.8,906.9
758,31,ann,loso,Rania - TVTC,21.21501,42.84853,01-11-2020 00:00,5419.3,5597.5539560413845,178.2539560413843,178.2539560413843,31774.472844403765,3.2892431871530325,23.5,3.0,1298.6,7125.5,0.15415296589546656,25.1,912.2
759,31,ann,loso,Rania - TVTC,21.21501,42.84853,01-01-2021 00:00,5111.7,5320.269276246799,208.56927624679884,208.56927624679884,43501.142994113485,4.080233117099963,18.4,2.7,1789.6,5867.5,0.23371772603204866,30.1,913.5
760,31,ann,loso,Rania - TVTC,21.21501,42.84853,01-04-2021 00:00,6991.2,6784.441963928397,-206.75803607160287,206.75803607160287,42748.88548018623,2.9574041090456986,27.9,2.6,2861.2,5265.2,0.3520870250049222,20.4,909.9
761,31,ann,loso,Rania - TVTC,21.21501,42.84853,01-05-2021 00:00,7704.7,7501.604745330146,-203.0952546698536,203.0952546698536,41247.68246941269,2.6359917280342335,33.4,2.4,2755.5,6359.7,0.30229726171669297,10.9,907.0
762,31,ann,loso,Rania - TVTC,21.21501,42.84853,01-07-2021 00:00,7095.6,7170.96914794951,75.36914794951008,75.36914794951008,5680.508462635139,1.0621955570989075,36.1,4.2,3245.5,4820.7,0.40235798765217823,14.2,902.2
763,31,ann,loso,Rania - TVTC,21.21501,42.84853,01-08-2021 00:00,7290.2,7347.341148384922,57.14114838492242,57.14114838492242,3265.1108387477216,0.783807692311904,36.0,3.4,2841.0,5704.4,0.33245956889086525,12.7,904.4
764,31,ann,loso,Rania - TVTC,21.21501,42.84853,01-10-2021 00:00,6307.4,6340.372028879154,32.972028879154095,32.972028879154095,1087.1546884077716,0.5227515121786172,28.6,2.4,1759.3,6942.6,0.2021742378101334,14.5,910.8
630,32,ann,loso,Riyadh - K.A.CARE City T2,24.52958,46.43635,01-01-2017 00:00,4453.5,4452.2120255709915,-1.2879744290085,1.2879744290085,1.6588781297797717,0.028920499135702257,15.5,4.1,1592.1,5395.1,0.22785951454087472,35.4,915.1
631,32,ann,loso,Riyadh - K.A.CARE City T2,24.52958,46.43635,01-02-2017 00:00,4382.4,4041.338015719837,-341.0619842801625,341.0619842801625,116323.27712112182,7.782538889196846,12.5,4.0,2183.0,3572.6,0.3792827854611161,45.5,915.3
632,32,ann,loso,Riyadh - K.A.CARE City T2,24.52958,46.43635,01-03-2017 00:00,5313.7,5235.326246441297,-78.37375355870245,78.37375355870245,6142.445246880225,1.4749374928713035,19.9,5.0,2812.6,3552.7,0.4418644839991831,40.5,911.5
633,32,ann,loso,Riyadh - K.A.CARE City T2,24.52958,46.43635,01-04-2017 00:00,6906.3,6861.317440829894,-44.98255917010647,44.98255917010647,2023.4306294921296,0.6513264580181352,27.5,4.2,3176.3,4950.9,0.39082340781572994,20.8,912.2
634,32,ann,loso,Riyadh - K.A.CARE City T2,24.52958,46.43635,01-05-2017 00:00,7135.2,7084.150079434253,-51.049920565747016,51.049920565747016,2606.09438976908,0.7154658673302362,32.1,4.1,3651.4,4332.6,0.45733967935871744,19.4,909.9
635,32,ann,loso,Riyadh - K.A.CARE City T2,24.52958,46.43635,01-06-2017 00:00,8050.4,7791.320173332746,-259.07982666725366,259.07982666725366,67122.3565859342,3.2182230282626163,35.0,4.2,2687.6,7045.4,0.2761327442720641,10.3,906.8
636,32,ann,loso,Riyadh - K.A.CARE City T2,24.52958,46.43635,01-09-2017 00:00,7016.5,6994.729401909956,-21.770598090043677,21.770598090043677,473.9589411982134,0.3102771765131287,33.0,3.3,2178.3,6788.4,0.24293218240824382,11.4,909.2
637,32,ann,loso,Riyadh - K.A.CARE City T2,24.52958,46.43635,01-10-2017 00:00,6247.4,6404.023276680524,156.6232766805242,156.6232766805242,24530.85079814404,2.5070153452720207,28.3,3.5,1682.9,7268.5,0.18800411108876824,17.3,913.0
638,32,ann,loso,Riyadh - K.A.CARE City T2,24.52958,46.43635,01-11-2017 00:00,4778.9,4810.605984483076,31.705984483076463,31.705984483076463,1005.2694520410855,0.6634577932803881,20.5,3.7,1551.5,5817.6,0.21054131440745816,36.4,914.9
639,32,ann,loso,Riyadh - K.A.CARE City T2,24.52958,46.43635,01-03-2018 00:00,6516.1,6481.704565202864,-34.39543479713666,34.39543479713666,1183.0459348840793,0.5278530838559362,23.4,4.2,2321.5,6119.7,0.2750201393166848,24.6,912.7
640,32,ann,loso,Riyadh - K.A.CARE City T2,24.52958,46.43635,01-04-2018 00:00,6333.4,6300.548663456205,-32.85133654379479,32.85133654379479,1079.2103127136668,0.5186998538509298,23.9,4.4,3398.0,3732.5,0.47654442184980017,37.1,910.3
641,32,ann,loso,Riyadh - K.A.CARE City T2,24.52958,46.43635,01-05-2018 00:00,6973.1,6941.6403820245805,-31.45961797541986,31.45961797541986,989.7075631593603,0.4511568452398483,30.2,4.7,3305.2,4630.5,0.4164975994556246,19.2,909.3
642,32,ann,loso,Riyadh - K.A.CARE City T2,24.52958,46.43635,01-06-2018 00:00,7410.6,7429.231558958502,18.631558958501955,18.631558958501955,347.1349892241345,0.25141768491757693,34.9,4.2,2911.6,5774.3,0.33520993794540577,12.7,906.1
643,32,ann,loso,Riyadh - K.A.CARE City T2,24.52958,46.43635,01-07-2018 00:00,7248.4,7310.584582553813,62.184582553813016,62.184582553813016,3866.922307391986,0.857907711409594,35.5,4.1,2646.8,5873.9,0.3106317556069337,11.9,903.8
644,32,ann,loso,Riyadh - K.A.CARE City T2,24.52958,46.43635,01-08-2018 00:00,6973.3,7016.356647154817,43.056647154817256,43.056647154817256,1853.8748642144328,0.6174500904136815,34.9,3.8,2200.2,6321.8,0.2581788312602675,13.1,905.2
645,32,ann,loso,Riyadh - K.A.CARE City T2,24.52958,46.43635,01-09-2018 00:00,6134.3,6182.4246252320145,48.124625232014296,48.124625232014296,2315.979553721827,0.7845169820845784,34.1,3.8,2148.2,5530.4,0.2797645404110124,14.1,909.3
646,32,ann,loso,Riyadh - K.A.CARE City T2,24.52958,46.43635,01-10-2018 00:00,4837.2,4962.609932460051,125.4099324600511,125.4099324600511,15727.651159634577,2.592614166460992,26.6,3.3,1889.3,4590.4,0.29157214068552556,31.7,914.0
647,32,ann,loso,Riyadh - K.A.CARE City T2,24.52958,46.43635,01-11-2018 00:00,4170.4,4175.01123783118,4.611237831180006,4.611237831180006,21.263514335705683,0.11057063665787469,18.6,4.2,1939.7,3934.5,0.33020666643968544,61.9,914.7
648,32,ann,loso,Riyadh - K.A.CARE City T2,24.52958,46.43635,01-12-2018 00:00,4232.3,4202.078446863979,-30.221553136021612,30.221553136021612,913.3422739533777,0.7140692563386719,16.2,4.0,1421.4,5444.5,0.2070231142312006,53.7,915.9
649,32,ann,loso,Riyadh - K.A.CARE City T2,24.52958,46.43635,01-01-2019 00:00,4320.6,4301.692798435384,-18.907201564616116,18.907201564616116,357.48227100502214,0.4376059242840373,16.3,4.2,2091.7,4040.2,0.34111776121593634,38.3,915.5
650,32,ann,loso,Riyadh - K.A.CARE City T2,24.52958,46.43635,01-02-2019 00:00,5126.5,4920.50191011653,-205.99808988347013,205.99808988347013,42435.21303563824,4.018298837091,15.8,4.3,2088.4,5041.8,0.29289500995764495,39.8,914.1
651,32,ann,loso,Riyadh - K.A.CARE City T2,24.52958,46.43635,01-03-2019 00:00,6260.1,6117.580810257616,-142.5191897423847,142.5191897423847,20311.719444825852,2.2766280050220393,18.5,4.7,2449.2,5593.9,0.30450945530951995,29.3,912.0
652,32,ann,loso,Riyadh - K.A.CARE City T2,24.52958,46.43635,01-04-2019 00:00,6572.3,6420.278271526195,-152.02172847380552,152.02172847380552,23110.60592816345,2.3130673960988624,23.0,4.5,3001.1,4740.9,0.38763885300955825,33.8,911.1
653,32,ann,loso,Riyadh - K.A.CARE City T2,24.52958,46.43635,01-05-2019 00:00,6652.3,6688.049423843965,35.749423843964905,35.749423843964905,1278.0213051754465,0.5373994534817267,30.0,3.7,3106.9,4519.9,0.40736612996276295,23.2,910.1
654,32,ann,loso,Riyadh - K.A.CARE City T2,24.52958,46.43635,01-06-2019 00:00,7644.4,7595.268383616258,-49.13161638374186,49.13161638374186,2413.9157284791713,0.6427138347514764,35.7,3.7,2665.4,6523.1,0.2900799912934647,12.2,907.0
655,32,ann,loso,Riyadh - K.A.CARE City T2,24.52958,46.43635,01-07-2019 00:00,8069.1,7820.217255980744,-248.88274401925628,248.88274401925628,61942.620270554646,3.0843928569388934,35.8,4.2,2377.9,7498.8,0.24075855295797177,11.8,904.2
656,32,ann,loso,Riyadh - K.A.CARE City T2,24.52958,46.43635,01-08-2019 00:00,7727.3,7615.31510522365,-111.9848947763503,111.9848947763503,12540.616658070248,1.4492111704780493,35.2,3.8,2122.5,7538.9,0.21968865795847395,12.1,905.5
657,32,ann,loso,Riyadh - K.A.CARE City T2,24.52958,46.43635,01-09-2019 00:00,6933.8,6955.755676255103,21.955676255102844,21.955676255102844,482.05171981888685,0.3166470947402989,33.4,3.6,2000.0,7014.8,0.22185739006966324,15.8,908.7
658,32,ann,loso,Riyadh - K.A.CARE City T2,24.52958,46.43635,01-10-2019 00:00,5863.3,6040.413771359161,177.11377135916064,177.11377135916064,31369.28800506503,3.020718219418427,28.9,3.5,1793.0,6434.5,0.21792768155575812,23.9,912.5
659,32,ann,loso,Riyadh - K.A.CARE City T2,24.52958,46.43635,01-11-2019 00:00,4330.5,4240.4060211286105,-90.09397887138948,90.09397887138948,8116.925028878374,2.080452115723115,19.7,3.8,1792.0,4585.7,0.28097903632971133,45.1,914.6
660,32,ann,loso,Riyadh - K.A.CARE City T2,24.52958,46.43635,01-12-2019 00:00,4290.2,4330.688836609176,40.48883660917636,40.48883660917636,1639.3458899645798,0.9437517274060968,15.8,3.9,1308.1,5898.7,0.18150913026586002,47.8,914.8
661,32,ann,loso,Riyadh - K.A.CARE City T2,24.52958,46.43635,01-01-2020 00:00,4711.8,4703.750052585239,-8.049947414760936,8.049947414760936,64.80165338041628,0.17084654303580238,12.9,3.8,1245.2,6602.5,0.15867069332415867,42.8,915.0
662,32,ann,loso,Riyadh - K.A.CARE City T2,24.52958,46.43635,01-02-2020 00:00,5374.6,5280.149240215749,-94.4507597842512,94.4507597842512,8920.946023822324,1.7573542176952925,17.1,4.2,2102.5,5382.8,0.2808838657101252,28.7,914.9
663,32,ann,loso,Riyadh - K.A.CARE City T2,24.52958,46.43635,01-03-2020 00:00,6459.8,6329.2381144701,-130.56188552989988,130.56188552989988,17046.40595312268,2.0211443934781244,20.8,4.1,2661.8,5521.4,0.32527617557923555,25.9,911.5
664,32,ann,loso,Riyadh - K.A.CARE City T2,24.52958,46.43635,01-04-2020 00:00,6450.3,6307.5642996608185,-142.73570033918168,142.73570033918168,20373.480151316668,2.2128536709793605,25.4,4.7,3234.6,4214.9,0.43420363782804217,31.9,910.6
665,32,ann,loso,Riyadh - K.A.CARE City T2,24.52958,46.43635,01-05-2020 00:00,7466.7,7321.978386304094,-144.72161369590594,144.72161369590594,20944.34547074703,1.9382272449128255,31.1,4.1,3115.5,5659.6,0.35503868901778896,16.7,910.4
666,32,ann,loso,Riyadh - K.A.CARE City T2,24.52958,46.43635,01-09-2020 00:00,6797.3,6851.782706813638,54.48270681363738,54.48270681363738,2968.3653417407686,0.8015345330298409,32.8,3.3,1985.8,6821.4,0.22547461168135163,15.0,908.8
667,32,ann,loso,Riyadh - K.A.CARE City T2,24.52958,46.43635,01-10-2020 00:00,6225.2,6371.2993114019755,146.09931140197568,146.09931140197568,21345.008792131463,2.3469014875341467,25.8,3.0,1182.8,8258.0,0.125285992712482,16.5,913.4
668,32,ann,loso,Riyadh - K.A.CARE City T2,24.52958,46.43635,01-11-2020 00:00,4766.4,4879.821331444438,113.42133144443869,113.42133144443869,12864.398426629217,2.379601616407324,21.3,3.7,1291.5,6331.5,0.16942148760330578,37.4,914.8
669,32,ann,loso,Riyadh - K.A.CARE City T2,24.52958,46.43635,01-12-2020 00:00,4173.6,4181.794280085934,8.194280085933315,8.194280085933315,67.14622612672329,0.19633601892690516,15.1,4.1,1383.0,5451.7,0.2023497739476495,52.1,916.0
670,32,ann,loso,Riyadh - K.A.CARE City T2,24.52958,46.43635,01-01-2021 00:00,4551.4,4400.3164929727245,-151.08350702727512,151.08350702727512,22826.22609566069,3.3194952548067653,14.3,4.1,1493.6,5712.0,0.20728322415898742,43.8,916.0
671,32,ann,loso,Riyadh - K.A.CARE City T2,24.52958,46.43635,01-02-2021 00:00,5049.4,4984.0591332339845,-65.3408667660151,65.3408667660151,4269.428869734136,1.294032296233515,16.2,4.3,1831.4,5467.6,0.2509110837100973,40.3,914.7
672,32,ann,loso,Riyadh - K.A.CARE City T2,24.52958,46.43635,01-10-2021 00:00,5891.9,5991.9762886555245,100.07628865552488,100.07628865552488,10015.263551063937,1.6985401764375647,28.5,3.5,1655.6,6715.0,0.1977874943253769,20.3,913.1
673,32,ann,loso,Riyadh - K.A.CARE City T2,24.52958,46.43635,01-11-2021 00:00,4901.4,5010.445439435114,109.04543943511453,109.04543943511453,11890.907861597232,2.224781479477589,21.6,3.1,1419.9,6272.1,0.18459438377535103,31.1,914.8
674,32,ann,loso,Riyadh - K.A.CARE City T2,24.52958,46.43635,01-12-2021 00:00,4047.2,4007.2756422773036,-39.924357722696186,39.924357722696186,1593.9543395698106,0.9864686134289431,16.2,3.1,1548.3,4877.7,0.24094304388422036,38.6,915.8
1263,33,ann,loso,Riyadh - K.A.CARE HQ,24.707744,46.6792,01-01-2017 00:00,4098.6,4111.658783818679,13.058783818678421,13.058783818678421,170.53183482297737,0.3186157180178212,17.1,2.6,1584.2,4669.2,0.25333418620270576,33.9,941.6
1264,33,ann,loso,Riyadh - K.A.CARE HQ,24.707744,46.6792,01-02-2017 00:00,4242.8,3984.6467893502895,-258.1532106497107,258.1532106497107,66643.08016875389,6.084501052364256,14.6,2.7,2143.2,3405.3,0.3862665585293322,41.5,942.2
1265,33,ann,loso,Riyadh - K.A.CARE HQ,24.707744,46.6792,01-03-2017 00:00,4810.7,4794.231566767336,-16.46843323266421,16.46843323266421,271.209293138719,0.3423292500605777,22.3,3.1,2674.1,3030.1,0.46879492303916415,36.8,937.6
1266,33,ann,loso,Riyadh - K.A.CARE HQ,24.707744,46.6792,01-04-2017 00:00,6469.9,6484.895315186616,14.995315186616608,14.995315186616608,224.85947754597467,0.23177043210276216,30.2,3.1,3096.4,4439.3,0.41089746141698846,19.4,937.4
1267,33,ann,loso,Riyadh - K.A.CARE HQ,24.707744,46.6792,01-05-2017 00:00,6540.2,6752.095121167223,211.8951211672229,211.8951211672229,44899.542374472076,3.2398874830620303,35.4,3.0,3515.4,3740.9,0.4844617780411504,17.1,934.6
1268,33,ann,loso,Riyadh - K.A.CARE HQ,24.707744,46.6792,01-06-2017 00:00,7492.8,7572.552952324366,79.75295232436565,79.75295232436565,6360.533404452541,1.0643945163939468,38.1,3.4,2536.9,6475.5,0.28148994718388,9.9,931.1
1269,33,ann,loso,Riyadh - K.A.CARE HQ,24.707744,46.6792,01-09-2017 00:00,6676.1,6718.756221606955,42.656221606954205,42.656221606954205,1819.5532417815868,0.6389392251007954,36.2,2.6,2089.3,6434.0,0.24512806072765247,10.9,933.6
1270,33,ann,loso,Riyadh - K.A.CARE HQ,24.707744,46.6792,01-10-2017 00:00,5822.8,6022.217740482255,199.41774048225489,199.41774048225489,39767.43521904796,3.4247740001761158,31.4,2.4,1702.9,6489.5,0.20786338557687614,16.8,937.9
1271,33,ann,loso,Riyadh - K.A.CARE HQ,24.707744,46.6792,01-11-2017 00:00,4407.8,4356.975949468044,-50.824050531956345,50.824050531956345,2583.084112474852,1.1530480178764089,23.2,2.5,1544.6,5084.4,0.23300648664957005,32.7,941.0
1272,33,ann,loso,Riyadh - K.A.CARE HQ,24.707744,46.6792,01-03-2018 00:00,6302.3,6200.498935436756,-101.80106456324393,101.80106456324393,10363.456746209758,1.615300200930516,26.2,2.7,2322.3,5757.1,0.2874347104983043,21.9,938.5
1273,33,ann,loso,Riyadh - K.A.CARE HQ,24.707744,46.6792,01-04-2018 00:00,6082.4,6098.634562367664,16.234562367664694,16.234562367664694,263.5610152695947,0.26691046901987203,27.1,3.1,3386.4,3416.9,0.4977584407566916,31.5,935.7
1274,33,ann,loso,Riyadh - K.A.CARE HQ,24.707744,46.6792,01-05-2018 00:00,7086.7,7071.666447983729,-15.033552016270733,15.033552016270733,226.0076862259178,0.21213755367478138,33.3,3.2,3467.3,4535.6,0.4332554449012233,16.8,934.2
1275,33,ann,loso,Riyadh - K.A.CARE HQ,24.707744,46.6792,01-06-2018 00:00,7754.9,7693.125442494877,-61.774557505123084,61.774557505123084,3816.095954953759,0.7965874157645242,37.8,3.5,3174.8,5832.1,0.3524853168126658,11.3,930.2
1276,33,ann,loso,Riyadh - K.A.CARE HQ,24.707744,46.6792,01-07-2018 00:00,7531.5,7574.255130243099,42.7551302430993,42.7551302430993,1828.0011621043845,0.5676841298957619,38.3,3.2,2885.3,5908.8,0.32809497276583166,10.5,927.8
1277,33,ann,loso,Riyadh - K.A.CARE HQ,24.707744,46.6792,01-08-2018 00:00,7326.4,7390.2828528075115,63.88285280751188,63.88285280751188,4081.0188828262285,0.8719542040771987,37.6,3.1,2438.2,6450.5,0.27430332894574005,11.6,929.4
1278,33,ann,loso,Riyadh - K.A.CARE HQ,24.707744,46.6792,01-09-2018 00:00,6539.8,6619.612943414211,79.81294341421108,79.81294341421108,6370.105936440059,1.220418719444189,37.4,2.9,2324.2,5837.6,0.2847656154279693,12.6,933.7
1279,33,ann,loso,Riyadh - K.A.CARE HQ,24.707744,46.6792,01-10-2018 00:00,5113.3,5247.050586987303,133.750586987303,133.750586987303,17889.219519448106,2.6157390919230825,29.6,2.4,2007.3,4774.6,0.2959790029342809,28.3,939.4
1280,33,ann,loso,Riyadh - K.A.CARE HQ,24.707744,46.6792,01-11-2018 00:00,3924.8,3969.0734704671668,44.27347046716659,44.27347046716659,1960.1401872070721,1.1280439886660871,21.4,2.7,1902.8,3547.2,0.3491376146788991,53.4,941.1
1281,33,ann,loso,Riyadh - K.A.CARE HQ,24.707744,46.6792,01-12-2018 00:00,3989.0,3912.0088101878737,-76.99118981212632,76.99118981212632,5927.643308686864,1.930087485889354,18.5,2.6,1469.9,4769.5,0.23558354970029172,48.2,942.7
1282,33,ann,loso,Riyadh - K.A.CARE HQ,24.707744,46.6792,01-01-2019 00:00,4154.9,4081.380740965882,-73.51925903411757,73.51925903411757,5405.081448925677,1.7694591695135278,18.2,2.7,2126.0,3618.2,0.3701124612652763,34.7,942.0
1283,33,ann,loso,Riyadh - K.A.CARE HQ,24.707744,46.6792,01-02-2019 00:00,4844.9,4641.1856885923935,-203.71431140760615,203.71431140760615,41499.52067227513,4.204716535069995,18.0,3.1,2038.2,4674.0,0.30365602931974617,34.9,940.5
1284,33,ann,loso,Riyadh - K.A.CARE HQ,24.707744,46.6792,01-03-2019 00:00,6177.3,6027.248021471215,-150.05197852878518,150.05197852878518,22515.59626040301,2.4290867940489402,20.7,3.3,2522.5,5358.4,0.32007765610526717,27.1,938.1
1285,33,ann,loso,Riyadh - K.A.CARE HQ,24.707744,46.6792,01-04-2019 00:00,6201.2,6056.293622008879,-144.9063779911212,144.9063779911212,20997.858382505692,2.33674737133331,25.6,3.1,2914.4,4333.6,0.4020971302428256,30.0,936.7
1286,33,ann,loso,Riyadh - K.A.CARE HQ,24.707744,46.6792,01-05-2019 00:00,6293.4,6451.17802740463,157.77802740462994,157.77802740462994,24893.905931696157,2.5070395557986136,33.1,2.7,3011.6,4159.6,0.4199576082106202,20.4,935.0
1287,33,ann,loso,Riyadh - K.A.CARE HQ,24.707744,46.6792,01-06-2019 00:00,7447.6,7542.576093420303,94.97609342030228,94.97609342030228,9020.458321381986,1.2752577128242961,38.8,2.9,2646.8,6268.4,0.2968862167982771,10.8,931.2
1288,33,ann,loso,Riyadh - K.A.CARE HQ,24.707744,46.6792,01-07-2019 00:00,7800.8,7852.971156353802,52.17115635380196,52.17115635380196,2721.8295552928507,0.6687923848041477,38.8,3.5,2377.1,7142.7,0.2497006239626883,10.6,928.3
1289,33,ann,loso,Riyadh - K.A.CARE HQ,24.707744,46.6792,01-08-2019 00:00,7400.6,7437.465969653066,36.865969653065804,36.865969653065804,1359.0997184607688,0.4981483886855904,38.0,3.0,2153.1,7024.4,0.23460637428493597,11.0,929.6
1290,33,ann,loso,Riyadh - K.A.CARE HQ,24.707744,46.6792,01-09-2019 00:00,6625.9,6775.787797578887,149.88779757888733,149.88779757888733,22466.351863049502,2.2621500110005783,36.8,2.8,1975.7,6583.0,0.23084113241496954,14.0,933.3
1291,33,ann,loso,Riyadh - K.A.CARE HQ,24.707744,46.6792,01-10-2019 00:00,5582.8,5769.855645859915,187.05564585991488,187.05564585991488,34989.81464806989,3.3505704280990702,31.9,2.5,1800.4,5925.4,0.23303735535478529,21.7,937.6
1292,33,ann,loso,Riyadh - K.A.CARE HQ,24.707744,46.6792,01-11-2019 00:00,4037.4,4017.351005379557,-20.048994620442954,20.048994620442954,401.9621852905505,0.49658182544318014,22.2,2.5,1709.9,4156.5,0.291473476067094,40.6,940.8
1293,33,ann,loso,Riyadh - K.A.CARE HQ,24.707744,46.6792,01-12-2019 00:00,3868.2,3810.547890220163,-57.65210977983679,57.65210977983679,3323.765762066353,1.4904118137592883,17.9,2.5,1249.2,5068.1,0.19774270653602014,44.3,941.8
1294,33,ann,loso,Riyadh - K.A.CARE HQ,24.707744,46.6792,01-01-2020 00:00,4365.8,4341.631435161569,-24.16856483843094,24.16856483843094,584.1195263494403,0.5535884566043094,15.0,2.7,1284.0,5824.0,0.18064153066966798,38.5,942.2
1295,33,ann,loso,Riyadh - K.A.CARE HQ,24.707744,46.6792,01-02-2020 00:00,5206.5,5110.144364003343,-96.35563599665693,96.35563599665693,9284.408588320248,1.8506796503727445,18.9,3.1,2164.8,4979.0,0.30303199977602957,26.8,941.5
1296,33,ann,loso,Riyadh - K.A.CARE HQ,24.707744,46.6792,01-03-2020 00:00,6299.3,6207.062874133745,-92.23712586625516,92.23712586625516,8507.687388067396,1.4642440567405133,23.1,3.0,2696.3,5170.0,0.342765976380255,24.0,937.3
1297,33,ann,loso,Riyadh - K.A.CARE HQ,24.707744,46.6792,01-04-2020 00:00,6176.2,6194.987250027937,18.78725002793726,18.78725002793726,352.9607636122286,0.3041878505867242,27.8,3.1,3111.0,3991.0,0.43804562095184457,29.4,936.0
1298,33,ann,loso,Riyadh - K.A.CARE HQ,24.707744,46.6792,01-05-2020 00:00,7168.5,7135.086038546576,-33.413961453424236,33.413961453424236,1116.4928200109207,0.46612208207329614,33.9,3.0,3117.4,5301.3,0.3702947010821148,14.7,935.2
1299,33,ann,loso,Riyadh - K.A.CARE HQ,24.707744,46.6792,01-09-2020 00:00,6645.7,6804.542864195751,158.84286419575074,158.84286419575074,25231.05550590971,2.3901600161871697,35.6,2.8,2015.4,6533.6,0.23574687097906188,14.1,933.2
1300,33,ann,loso,Riyadh - K.A.CARE HQ,24.707744,46.6792,01-10-2020 00:00,6005.1,6192.964674611355,187.86467461135453,187.86467461135453,35293.135966830116,3.128418754248131,28.3,2.4,1236.0,7759.2,0.13740661686232655,15.9,938.5
1301,33,ann,loso,Riyadh - K.A.CARE HQ,24.707744,46.6792,01-11-2020 00:00,4552.7,4620.831418465554,68.1314184655539,68.1314184655539,4641.89018212842,1.496505776035186,23.6,2.7,1309.7,5832.6,0.18337230303963709,34.3,940.6
1302,33,ann,loso,Riyadh - K.A.CARE HQ,24.707744,46.6792,01-12-2020 00:00,3870.4,3913.0823889883386,42.682388988338516,42.682388988338516,1821.786329751841,1.102790124750375,17.3,2.5,1472.9,4618.6,0.24179594516949848,46.6,942.6
1303,33,ann,loso,Riyadh - K.A.CARE HQ,24.707744,46.6792,01-01-2021 00:00,4261.2,4128.470467827623,-132.72953217237682,132.72953217237682,17617.128710698013,3.114839298140825,16.6,2.4,1517.5,5078.2,0.2300741392119108,38.3,942.7
1304,33,ann,loso,Riyadh - K.A.CARE HQ,24.707744,46.6792,01-02-2021 00:00,4898.9,4781.990669243232,-116.9093307567673,116.9093307567673,13667.791617995217,2.3864404408493196,18.3,2.9,1792.8,5224.7,0.2554755967224795,36.0,941.2
1305,33,ann,loso,Riyadh - K.A.CARE HQ,24.707744,46.6792,01-10-2021 00:00,5736.8,5895.384653093873,158.58465309387248,158.58465309387248,25149.092196903875,2.7643399298192803,31.2,2.7,1698.3,6358.3,0.21079611746890747,19.3,938.2
1306,33,ann,loso,Riyadh - K.A.CARE HQ,24.707744,46.6792,01-11-2021 00:00,4751.9,4858.433632230459,106.53363223045926,106.53363223045926,11349.414796214749,2.241916543497533,24.0,2.5,1483.4,5832.1,0.20277492994327115,28.5,940.6
1307,33,ann,loso,Riyadh - K.A.CARE HQ,24.707744,46.6792,01-12-2021 00:00,3876.0,3857.3027867203314,-18.69721327966863,18.69721327966863,349.585784425417,0.48238424354150233,18.1,2.5,1548.0,4454.6,0.2578882484256822,35.1,942.2
535,34,ann,loso,Riyadh - KSU,24.72359,46.61639,01-01-2017 00:00,4379.7,4285.27379101956,-94.4262089804397,94.4262089804397,8916.30894241767,2.1559971911418523,16.9,1.9,1684.0,4945.2,0.2540276353104447,36.5,942.7
536,34,ann,loso,Riyadh - KSU,24.72359,46.61639,01-02-2017 00:00,4482.8,4293.900525158719,-188.89947484128152,188.89947484128152,35683.011595311946,4.213872464559684,14.5,2.0,2240.0,3624.6,0.381952733349248,44.1,943.2
537,34,ann,loso,Riyadh - KSU,24.72359,46.61639,01-03-2017 00:00,5128.6,5112.794826848278,-15.805173151722556,15.805173151722556,249.8034983559315,0.3081771468182848,22.3,2.2,2825.4,3235.2,0.4661914661914662,39.3,938.5
538,34,ann,loso,Riyadh - KSU,24.72359,46.61639,01-04-2017 00:00,6876.9,6873.821081117652,-3.0789188823473523,3.0789188823473523,9.479741484075069,0.044771901326867515,29.7,2.2,3292.8,4711.6,0.4113737444405577,21.4,938.4
539,34,ann,loso,Riyadh - KSU,24.72359,46.61639,01-05-2017 00:00,7158.3,7132.442842196011,-25.85715780398914,25.85715780398914,668.5926097003965,0.36121925323036386,34.7,2.1,3808.4,4143.5,0.4789295640035715,19.2,935.5
540,34,ann,loso,Riyadh - KSU,24.72359,46.61639,01-06-2017 00:00,8177.0,7821.11123147734,-355.88876852266003,355.88876852266003,126656.81556057549,4.352314645012352,37.0,2.3,2797.7,7017.4,0.2850403969394097,11.4,932.0
541,34,ann,loso,Riyadh - KSU,24.72359,46.61639,01-09-2017 00:00,6742.2,6621.910392087778,-120.28960791222198,120.28960791222198,14469.589771676097,1.784129926614784,35.1,1.6,2054.9,6637.3,0.23640735371942662,12.7,934.6
542,34,ann,loso,Riyadh - KSU,24.72359,46.61639,01-10-2017 00:00,5978.9,6066.498403653883,87.598403653883,87.598403653883,7673.480322708622,1.4651257531298902,30.4,1.4,1745.2,6675.4,0.20725363988314371,19.1,938.9
543,34,ann,loso,Riyadh - KSU,24.72359,46.61639,01-11-2017 00:00,4498.9,4405.302703942134,-93.5972960578656,93.5972960578656,8760.453829343744,2.0804484664665943,22.8,1.6,1577.4,5164.4,0.23397312290486225,35.5,941.8
544,34,ann,loso,Riyadh - KSU,24.72359,46.61639,01-03-2018 00:00,6286.7,6140.050511075256,-146.64948892474422,146.64948892474422,21506.072601888678,2.3326942422056756,25.9,1.9,2318.5,5733.3,0.2879480364638963,23.0,939.4
545,34,ann,loso,Riyadh - KSU,24.72359,46.61639,01-04-2018 00:00,6105.1,6109.766654517986,4.6666545179859895,4.6666545179859895,21.77766439023905,0.07643862537855219,26.9,2.2,3399.3,3434.4,0.4974318451205057,33.4,936.7
546,34,ann,loso,Riyadh - KSU,24.72359,46.61639,01-05-2018 00:00,7141.6,7112.266121315013,-29.333878684987212,29.333878684987212,860.4764387055471,0.4107465929901872,33.1,2.2,3500.5,4557.7,0.4344022238216972,18.1,935.1
547,34,ann,loso,Riyadh - KSU,24.72359,46.61639,01-06-2018 00:00,7787.4,7655.669182811029,-131.73081718897083,131.73081718897083,17353.00819727405,1.6915891977934978,37.5,2.4,3191.4,5845.5,0.3531520764864058,12.6,931.0
548,34,ann,loso,Riyadh - KSU,24.72359,46.61639,01-07-2018 00:00,7549.8,7509.824077433865,-39.97592256613552,39.97592256613552,1598.0743850136632,0.5294964444903908,38.0,2.2,2897.7,5911.1,0.3289551357733176,11.8,928.6
549,34,ann,loso,Riyadh - KSU,24.72359,46.61639,01-08-2018 00:00,7345.4,7295.0794317854525,-50.320568214547166,50.320568214547166,2532.1595854348943,0.6850623276410702,37.0,1.9,2459.3,6446.6,0.2761427817514232,13.3,930.3
550,34,ann,loso,Riyadh - KSU,24.72359,46.61639,01-09-2018 00:00,6565.6,6532.696902493858,-32.90309750614233,32.90309750614233,1082.6138254987097,0.5011438026401598,36.4,1.7,2366.5,5812.3,0.2893456252751015,14.3,934.6
551,34,ann,loso,Riyadh - KSU,24.72359,46.61639,01-10-2018 00:00,5125.0,5183.349381897209,58.34938189720924,58.34938189720924,3404.6503677863693,1.138524524823595,29.1,1.5,2006.4,4792.2,0.29511958344365014,30.6,940.2
552,34,ann,loso,Riyadh - KSU,24.72359,46.61639,01-11-2018 00:00,3889.5,3919.515313366288,30.015313366287955,30.015313366287955,900.9190364764644,0.7717010763925429,21.3,1.9,1887.6,3492.5,0.3508484972398282,56.6,941.9
553,34,ann,loso,Riyadh - KSU,24.72359,46.61639,01-12-2018 00:00,3977.8,3868.4708010699533,-109.32919893004691,109.32919893004691,11952.873738685772,2.7484840597829683,18.4,1.8,1442.7,4760.7,0.2325660121868653,50.5,943.5
554,34,ann,loso,Riyadh - KSU,24.72359,46.61639,01-01-2019 00:00,4125.2,4008.906150193463,-116.29384980653685,116.29384980653685,13524.259502825353,2.8191081597628442,18.2,1.9,2100.8,3592.9,0.368969211584734,36.5,942.9
555,34,ann,loso,Riyadh - KSU,24.72359,46.61639,01-02-2019 00:00,4913.4,4695.976765816633,-217.42323418336673,217.42323418336673,47272.86276275513,4.425107546370471,18.1,2.2,2046.4,4755.0,0.30087923074661105,36.8,941.6
556,34,ann,loso,Riyadh - KSU,24.72359,46.61639,01-03-2019 00:00,6189.1,6093.714823186652,-95.38517681334815,95.38517681334815,9098.33195571369,1.5411800877889863,21.0,2.4,2525.2,5356.4,0.3203917986195696,28.0,939.2
557,34,ann,loso,Riyadh - KSU,24.72359,46.61639,01-04-2019 00:00,6199.7,6077.827624656551,-121.87237534344877,121.87237534344877,14852.87587185446,1.96577859160038,25.7,2.2,2922.9,4329.2,0.40304187752513065,31.3,937.7
558,34,ann,loso,Riyadh - KSU,24.72359,46.61639,01-05-2019 00:00,6209.3,6331.866571857853,122.56657185785298,122.56657185785298,15022.564536986238,1.9739193122872625,32.9,1.8,2962.2,4113.4,0.41865000847984624,21.9,935.9
559,34,ann,loso,Riyadh - KSU,24.72359,46.61639,01-06-2019 00:00,7261.7,7357.468193144756,95.76819314475597,95.76819314475597,9171.546818211284,1.3188123048976959,38.0,1.9,2606.6,6062.2,0.300687523071244,12.3,932.0
560,34,ann,loso,Riyadh - KSU,24.72359,46.61639,01-07-2019 00:00,7737.8,7767.696522127804,29.89652212780402,29.89652212780402,893.8020353382753,0.3863697966838639,38.0,2.3,2394.1,7027.0,0.2541210686650179,11.9,929.0
561,34,ann,loso,Riyadh - KSU,24.72359,46.61639,01-08-2019 00:00,7412.5,7311.850942013916,-100.64905798608379,100.64905798608379,10130.232873486057,1.3578287755289549,37.3,2.0,2176.6,7002.8,0.237117894415757,12.4,930.4
562,34,ann,loso,Riyadh - KSU,24.72359,46.61639,01-09-2019 00:00,6639.2,6662.7017207146,23.501720714600197,23.501720714600197,552.330876547068,0.35398422572900645,35.9,1.7,2004.4,6547.9,0.23436970171766663,15.8,934.0
563,34,ann,loso,Riyadh - KSU,24.72359,46.61639,01-10-2019 00:00,5614.5,5703.159949243772,88.65994924377173,88.65994924377173,7860.58659990818,1.5791245746508458,31.2,1.6,1800.2,5991.1,0.23105258429273678,23.6,938.3
564,34,ann,loso,Riyadh - KSU,24.72359,46.61639,01-11-2019 00:00,4052.7,4029.3649026706876,-23.335097329312248,23.335097329312248,544.5267673684756,0.5757913817778826,22.1,1.7,1703.6,4160.2,0.2905283263412804,42.8,941.5
565,34,ann,loso,Riyadh - KSU,24.72359,46.61639,01-12-2019 00:00,3978.1,3850.356960861528,-127.74303913847189,127.74303913847189,16318.28404833316,3.2111570633838236,17.8,1.8,1288.7,5120.3,0.2010766110157591,46.3,942.3
566,34,ann,loso,Riyadh - KSU,24.72359,46.61639,01-01-2020 00:00,4446.7,4388.621935459936,-58.07806454006368,58.07806454006368,3373.061580719802,1.3060936096445381,14.8,1.8,1305.5,5841.8,0.1826563877268339,40.8,942.8
567,34,ann,loso,Riyadh - KSU,24.72359,46.61639,01-02-2020 00:00,5154.1,5003.658065635669,-150.44193436433125,150.44193436433125,22632.77561528175,2.918878841394836,19.0,2.2,2118.4,4982.2,0.2983409852688505,27.8,942.4
568,34,ann,loso,Riyadh - KSU,24.72359,46.61639,01-03-2020 00:00,6235.7,6107.13837902843,-128.56162097156994,128.56162097156994,16528.09038683761,2.0617031122659837,23.1,2.0,2676.4,5101.0,0.34412528608532417,24.9,938.4
569,34,ann,loso,Riyadh - KSU,24.72359,46.61639,01-04-2020 00:00,6285.3,6275.7474169939605,-9.55258300603964,9.55258300603964,91.25184208727732,0.15198292851637377,28.4,2.3,3200.1,3992.3,0.4449279795339525,29.0,936.7
570,34,ann,loso,Riyadh - KSU,24.72359,46.61639,01-05-2020 00:00,7182.2,7212.846689265542,30.64668926554259,30.64668926554259,939.2195629387235,0.42670336756902605,33.5,2.0,3132.4,5272.8,0.37267405891590916,16.3,936.2
571,34,ann,loso,Riyadh - KSU,24.72359,46.61639,01-09-2020 00:00,6630.2,6705.978179334311,75.77817933431106,75.77817933431106,5742.332463223008,1.142924486958328,35.1,1.6,2016.9,6497.7,0.23687548446198295,15.2,934.1
572,34,ann,loso,Riyadh - KSU,24.72359,46.61639,01-10-2020 00:00,5985.7,6080.006682995739,94.30668299573881,94.30668299573881,8893.750457658773,1.5755330704134658,27.8,1.4,1247.3,7725.2,0.1390136528280858,17.0,939.5
573,34,ann,loso,Riyadh - KSU,24.72359,46.61639,01-11-2020 00:00,4530.7,4536.374369950143,5.674369950143046,5.674369950143046,32.19847433108639,0.12524267663149283,23.5,1.8,1331.9,5734.9,0.18847285900266036,36.1,941.6
574,34,ann,loso,Riyadh - KSU,24.72359,46.61639,01-12-2020 00:00,3933.7,3953.897570739844,20.197570739844195,20.197570739844195,407.9418637910104,0.5134496972276532,17.5,1.7,1489.7,4640.4,0.24301398019608167,49.0,943.6
575,34,ann,loso,Riyadh - KSU,24.72359,46.61639,01-01-2021 00:00,4327.6,4199.699889286835,-127.9001107131653,127.9001107131653,16358.438320439942,2.955451305877745,16.7,1.6,1550.3,5067.0,0.2342798422317259,40.7,943.8
576,34,ann,loso,Riyadh - KSU,24.72359,46.61639,01-02-2021 00:00,4880.6,4879.8728700203155,-0.7271299796848325,0.7271299796848325,0.5287180073564649,0.01489837273459887,18.5,2.0,1799.3,5203.8,0.25692907426711026,37.6,942.2
577,34,ann,loso,Riyadh - KSU,24.72359,46.61639,01-03-2021 00:00,6313.1,6276.589476337244,-36.510523662755986,36.510523662755986,1333.0183381286647,0.5783295633326889,25.3,2.2,2866.7,4834.0,0.37226485903878864,20.6,939.3
578,34,ann,loso,Riyadh - KSU,24.72359,46.61639,01-04-2021 00:00,6907.5,6905.000501420343,-2.4994985796565743,2.4994985796565743,6.247493149705233,0.03618528526466268,29.6,1.9,3077.5,5034.0,0.3793996178265426,16.8,938.1
579,34,ann,loso,Riyadh - KSU,24.72359,46.61639,01-05-2021 00:00,7581.9,7441.983752153743,-139.91624784625674,139.91624784625674,19576.556411375142,1.8453982226916306,35.5,1.8,2738.9,6268.5,0.30407220729622314,12.8,934.2
580,34,ann,loso,Riyadh - KSU,24.72359,46.61639,01-07-2021 00:00,7521.9,7535.57365843186,13.673658431860531,13.673658431860531,186.9689349111906,0.18178463462503533,39.5,2.0,2563.7,6441.0,0.28470687529845523,16.3,928.0
581,34,ann,loso,Riyadh - KSU,24.72359,46.61639,01-08-2021 00:00,7314.8,7147.839598491939,-166.9604015080613,166.9604015080613,27875.775671733038,2.282501250998815,38.6,1.8,2211.4,6769.8,0.24622544871509375,13.5,930.7
582,34,ann,loso,Riyadh - KSU,24.72359,46.61639,01-09-2021 00:00,6750.1,6765.527314486248,15.427314486247269,15.427314486247269,238.00203225757485,0.22854942128631087,34.3,2.1,1875.2,6940.9,0.21270176154989168,15.4,933.7
583,34,ann,loso,Riyadh - KSU,24.72359,46.61639,01-10-2021 00:00,5645.1,5692.67406682632,47.57406682631972,47.57406682631972,2263.2918343951346,0.8427497622065103,30.8,1.6,1681.4,6241.3,0.2122256301513373,20.7,939.0
584,34,ann,loso,Riyadh - KSU,24.72359,46.61639,01-11-2021 00:00,4651.8,4641.256224916796,-10.54377508320431,10.54377508320431,111.17119300520004,0.22666011185356869,23.7,1.5,1465.7,5656.9,0.20578159660798026,30.5,941.5
585,34,ann,loso,Riyadh - KSU,24.72359,46.61639,01-12-2021 00:00,3779.4,3811.9496729702014,32.5496729702013,32.5496729702013,1059.4812104670532,0.8612391641583663,18.2,1.6,1528.9,4263.2,0.26396298406450164,37.3,943.2
1021,35,ann,loso,Shaqra - University,25.17279,45.14198,01-01-2017 00:00,4376.5,4367.113634294259,-9.3863657057409,9.3863657057409,88.10386116190887,0.21447196859912943,15.8,2.0,1651.9,5148.0,0.24293004308886898,37.4,928.8
1022,35,ann,loso,Shaqra - University,25.17279,45.14198,01-02-2017 00:00,4770.5,4315.919341904643,-454.58065809535674,454.58065809535674,206643.57471440762,9.528993985858019,13.7,2.0,2193.4,4202.8,0.3429223601513398,42.1,929.2
1023,35,ann,loso,Shaqra - University,25.17279,45.14198,01-03-2017 00:00,5267.3,5143.318890979063,-123.98110902093686,123.98110902093686,15371.31539406143,2.353788639738326,21.5,2.4,2988.1,3208.7,0.48220049057578107,39.0,924.4
1024,35,ann,loso,Shaqra - University,25.17279,45.14198,01-04-2017 00:00,6521.1,6583.6979313361135,62.597931336113106,62.597931336113106,3918.501007560731,0.9599290201977136,28.1,2.1,3339.2,4171.1,0.44461606061009545,23.4,924.6
1025,35,ann,loso,Shaqra - University,25.17279,45.14198,01-05-2017 00:00,7071.3,7075.981439261708,4.681439261707965,4.681439261707965,21.915873561060813,0.06620337507541703,33.2,2.1,3783.9,4083.1,0.4809838566162451,18.9,922.0
1026,35,ann,loso,Shaqra - University,25.17279,45.14198,01-06-2017 00:00,8038.0,7828.51554754446,-209.48445245554012,209.48445245554012,43883.73582059745,2.6061763181828828,36.1,1.9,2708.2,7005.7,0.2787963639732754,9.7,918.9
1027,35,ann,loso,Shaqra - University,25.17279,45.14198,01-09-2017 00:00,6905.7,6889.836309792801,-15.863690207198488,15.863690207198488,251.6566669899652,0.22971878603470305,34.1,1.6,2195.5,6640.8,0.24846372350418164,10.2,921.5
1028,35,ann,loso,Shaqra - University,25.17279,45.14198,01-10-2017 00:00,6051.4,6208.351601806319,156.95160180631956,156.95160180631956,24633.805309569492,2.593641170742631,28.9,1.6,1753.7,6887.0,0.2029580936729663,15.4,925.4
1029,35,ann,loso,Shaqra - University,25.17279,45.14198,01-11-2017 00:00,4543.3,4533.442735866716,-9.857264133283934,9.857264133283934,97.16565619332586,0.21696265122892905,21.5,1.8,1716.0,5058.0,0.2533215234720992,35.9,927.9
1030,35,ann,loso,Shaqra - University,25.17279,45.14198,01-03-2018 00:00,6267.0,6124.858649226743,-142.14135077325682,142.14135077325682,20204.163599646035,2.268092401041277,24.3,2.0,2527.2,5471.2,0.3159631926385277,24.0,925.5
1031,35,ann,loso,Shaqra - University,25.17279,45.14198,01-06-2018 00:00,7855.3,7718.330383850795,-136.96961614920474,136.96961614920474,18760.675748060487,1.7436586272860963,35.5,1.2,2937.8,6331.1,0.31695238917239366,12.5,918.2
1032,35,ann,loso,Shaqra - University,25.17279,45.14198,01-07-2018 00:00,7713.6,7642.204820754409,-71.39517924559095,71.39517924559095,5097.271619510061,0.9255753376580449,35.7,1.4,2713.8,6471.7,0.2954439061564422,11.7,916.1
1033,35,ann,loso,Shaqra - University,25.17279,45.14198,01-08-2018 00:00,7504.7,7426.858342813169,-77.84165718683107,77.84165718683107,6059.323593592129,1.0372387595351058,35.2,1.2,2103.0,7323.4,0.22309683442247305,12.9,917.5
1034,35,ann,loso,Shaqra - University,25.17279,45.14198,01-09-2018 00:00,6501.4,6550.858573439089,49.45857343908938,49.45857343908938,2446.1504866297973,0.7607372787259572,35.1,1.0,2424.8,5671.4,0.2994985301746499,12.5,921.5
1035,35,ann,loso,Shaqra - University,25.17279,45.14198,01-10-2018 00:00,5224.4,5230.136399632722,5.7363996327221685,5.7363996327221685,32.90628074629503,0.109800161410347,27.1,0.8,1942.9,5105.2,0.27566294462337365,31.4,926.9
1036,35,ann,loso,Shaqra - University,25.17279,45.14198,01-11-2018 00:00,3692.9,3777.849599441216,84.94959944121592,84.94959944121592,7216.4344452230325,2.300349303832108,18.7,0.8,1877.7,3227.1,0.36783027738598967,68.3,928.3
1037,35,ann,loso,Shaqra - University,25.17279,45.14198,01-12-2018 00:00,4008.8,3945.2973780758157,-63.502621924184496,63.502621924184496,4032.5829912459176,1.5840805708487453,16.9,0.4,1548.2,4811.6,0.24343532815497343,54.8,929.5
1038,35,ann,loso,Shaqra - University,25.17279,45.14198,01-01-2019 00:00,4012.7,3898.166059846636,-114.5339401533638,114.5339401533638,13118.02344705432,2.8542861453226953,16.3,0.5,2337.2,3045.2,0.43423008323424495,41.7,928.9
1039,35,ann,loso,Shaqra - University,25.17279,45.14198,01-02-2019 00:00,4614.9,4386.583241674441,-228.31675832555902,228.31675832555902,52128.542132291725,4.947382572223863,16.2,0.5,2060.4,4302.8,0.3237993462408851,43.0,927.8
1040,35,ann,loso,Shaqra - University,25.17279,45.14198,01-03-2019 00:00,6134.1,5991.517980574672,-142.58201942532833,142.58201942532833,20329.632263404703,2.3244162864206377,19.3,0.9,2454.1,5459.8,0.31009995071961993,28.2,925.3
1041,35,ann,loso,Shaqra - University,25.17279,45.14198,01-04-2019 00:00,6514.2,6295.326918593277,-218.87308140672303,218.87308140672303,47905.42576447401,3.3599380032348263,23.6,0.5,2805.7,4983.8,0.36018999935811025,33.3,924.1
1042,35,ann,loso,Shaqra - University,25.17279,45.14198,01-05-2019 00:00,6931.7,6871.963738508505,-59.73626149149459,59.73626149149459,3568.4209369802193,0.8617837109438463,31.2,0.4,3084.3,4914.3,0.38560498087165257,22.6,922.3
1043,35,ann,loso,Shaqra - University,25.17279,45.14198,01-06-2019 00:00,7617.1,7587.7450589026885,-29.354941097311894,29.354941097311894,861.7125668266508,0.385382115205418,36.3,1.1,2765.3,6356.2,0.3031628569862413,11.4,919.0
1044,35,ann,loso,Shaqra - University,25.17279,45.14198,01-07-2019 00:00,7863.9,7737.401119390903,-126.49888060909689,126.49888060909689,16001.966795354549,1.6086023551812318,36.2,1.4,2246.1,7477.3,0.2309994446387066,11.4,916.3
1045,35,ann,loso,Shaqra - University,25.17279,45.14198,01-08-2019 00:00,7506.2,7418.37774317902,-87.82225682097942,87.82225682097942,7712.748793130066,1.1699962273984095,35.2,1.7,2065.5,7348.6,0.21940493515046577,12.1,917.7
1046,35,ann,loso,Shaqra - University,25.17279,45.14198,01-09-2019 00:00,6681.2,6799.06012934275,117.86012934275004,117.86012934275004,13891.010088689769,1.7640562974128904,34.1,1.1,2028.3,6615.0,0.23466731456735276,13.9,920.9
1047,35,ann,loso,Shaqra - University,25.17279,45.14198,01-10-2019 00:00,5639.6,5816.450030089135,176.85003008913463,176.85003008913463,31275.933142527825,3.135861232873513,29.2,1.0,1808.2,6042.5,0.2303234106512795,22.4,924.7
1048,35,ann,loso,Shaqra - University,25.17279,45.14198,01-11-2019 00:00,4080.6,4022.3792018121567,-58.22079818784323,58.22079818784323,3389.6613416295695,1.4267705285458814,20.4,0.2,1769.5,4173.6,0.29774023657687065,43.9,927.7
1049,35,ann,loso,Shaqra - University,25.17279,45.14198,01-12-2019 00:00,4239.8,4299.75767622571,59.9576762257102,59.9576762257102,3594.9229383870943,1.4141628431933158,16.5,0.2,1230.8,6053.3,0.1689707719553548,44.1,928.4
1050,35,ann,loso,Shaqra - University,25.17279,45.14198,01-01-2020 00:00,4597.3,4599.201660224306,1.9016602243054876,1.9016602243054876,3.6163116087055975,0.041364718950372775,13.1,0.4,1230.6,6521.2,0.15875022575401843,38.8,929.1
1051,35,ann,loso,Shaqra - University,25.17279,45.14198,01-02-2020 00:00,5296.2,5266.798880098023,-29.401119901976926,29.401119901976926,864.4258514904237,0.5551361334915019,17.4,0.4,2156.0,5290.3,0.28953977143010623,28.6,928.3
1052,35,ann,loso,Shaqra - University,25.17279,45.14198,01-03-2020 00:00,6388.6,6298.32986933937,-90.27013066063046,90.27013066063046,8148.6964894872945,1.4129876758699942,21.1,0.3,2721.6,5345.2,0.3373828531759806,24.1,924.8
1053,35,ann,loso,Shaqra - University,25.17279,45.14198,01-04-2020 00:00,6946.7,6743.957898657442,-202.74210134255827,202.74210134255827,41104.359656796165,2.9185383180871245,26.2,0.3,3047.1,5120.9,0.3730533790401567,29.9,922.7
1054,35,ann,loso,Shaqra - University,25.17279,45.14198,01-05-2020 00:00,7207.3,7165.870815872482,-41.429184127518056,41.429184127518056,1716.377297471794,0.574822528929253,31.6,0.2,3356.9,4948.0,0.4042071548122193,16.2,922.5
1055,35,ann,loso,Shaqra - University,25.17279,45.14198,01-09-2020 00:00,6670.5,6991.190648130028,320.6906481300284,320.6906481300284,102842.4917980577,4.807595354621519,33.4,0.0,2016.7,6662.2,0.2323681572549517,12.8,921.1
1056,35,ann,loso,Shaqra - University,25.17279,45.14198,01-12-2020 00:00,3944.8,3881.925754030066,-62.874245969934236,62.874245969934236,3953.1708062877915,1.5938512971490122,15.7,0.0,1477.4,4816.3,0.23474267918712363,53.2,929.8
1057,35,ann,loso,Shaqra - University,25.17279,45.14198,01-01-2021 00:00,4399.0,4183.342283086219,-215.65771691378086,215.65771691378086,46508.25086446444,4.902425935753145,15.1,0.0,1464.0,5528.6,0.20936418499556672,43.2,930.1
1058,35,ann,loso,Shaqra - University,25.17279,45.14198,01-02-2021 00:00,5016.8,4931.891629355653,-84.90837064434709,84.90837064434709,7209.431405477822,1.6924806778095016,16.7,0.0,1963.2,5167.6,0.2753127278846693,39.7,928.8
1059,35,ann,loso,Shaqra - University,25.17279,45.14198,01-03-2021 00:00,6316.0,6185.70849216977,-130.29150783023033,130.29150783023033,16975.87701267497,2.06288011130827,23.1,0.0,2925.7,4811.0,0.37815864645132935,21.9,925.9
1060,35,ann,loso,Shaqra - University,25.17279,45.14198,01-04-2021 00:00,6755.0,6631.712822096405,-123.28717790359497,123.28717790359497,15199.728235432674,1.8251247654122127,27.1,0.0,3187.9,4723.0,0.40297564120390855,18.5,924.9
1061,35,ann,loso,Shaqra - University,25.17279,45.14198,01-05-2021 00:00,7730.5,7564.847684853659,-165.6523151463407,165.6523151463407,27440.689513342575,2.1428408918742736,33.2,0.0,2729.1,6537.5,0.2945093130166404,11.6,920.7
1062,35,ann,loso,Shaqra - University,25.17279,45.14198,01-07-2021 00:00,7615.5,7741.277252571853,125.77725257185284,125.77725257185284,15819.917264523661,1.6515954641435606,37.6,0.0,2574.2,6625.9,0.279801306507538,13.0,915.0
1063,35,ann,loso,Shaqra - University,25.17279,45.14198,01-08-2021 00:00,7483.7,7422.289211897237,-61.410788102763036,61.410788102763036,3771.284895402462,0.8205939321827844,36.2,0.0,2113.4,7255.4,0.22557851592519856,11.5,917.7
1064,35,ann,loso,Shaqra - University,25.17279,45.14198,01-09-2021 00:00,6809.4,6948.67745772184,139.27745772184062,139.27745772184062,19398.210229459102,2.0453704837700917,32.3,0.0,1882.6,7070.6,0.2102711879551445,14.0,920.7
1065,35,ann,loso,Shaqra - University,25.17279,45.14198,01-10-2021 00:00,5778.5,6063.420279281559,284.9202792815586,284.9202792815586,81179.56554588134,4.93069618900335,28.9,0.0,1691.3,6501.1,0.2064474390898882,17.3,925.4
1066,35,ann,loso,Shaqra - University,25.17279,45.14198,01-11-2021 00:00,4729.9,5014.172040606417,284.27204060641725,284.27204060641725,80810.59307053653,6.01010678040587,21.7,0.0,1478.9,5897.1,0.20050162689804774,29.7,927.8
1067,35,ann,loso,Shaqra - University,25.17279,45.14198,01-12-2021 00:00,3911.0,3873.2486931469666,-37.751306853033384,37.751306853033384,1425.1611691118853,0.9652596996428888,16.1,0.0,1694.5,4351.2,0.28028185321798965,38.8,929.7
0,36,ann,loso,Sharurah - TVTC,17.47586,47.08618,01-05-2017 00:00,7400.9,7497.215399945744,96.3153999457445,96.3153999457445,9276.65626670872,1.3014011802043604,34.5,3.8,2866.0,5908.4,0.3266320204230489,19.9,926.6
1,36,ann,loso,Sharurah - TVTC,17.47586,47.08618,01-06-2017 00:00,7412.5,7500.188626222206,87.68862622220604,87.68862622220604,7689.295168737761,1.1829831530820376,36.3,3.3,3404.4,5124.4,0.3991651815026733,10.1,923.4
2,36,ann,loso,Sharurah - TVTC,17.47586,47.08618,01-09-2017 00:00,6528.3,6446.950714401175,-81.34928559882519,81.34928559882519,6617.706267439227,1.2461021337687481,33.9,3.3,2007.4,6131.6,0.2466396363189581,14.3,925.6
3,36,ann,loso,Sharurah - TVTC,17.47586,47.08618,01-10-2017 00:00,6073.3,6084.129259146585,10.829259146585173,10.829259146585173,117.27285366389863,0.1783093070749868,29.2,3.3,1451.7,6975.2,0.17226975518874083,17.7,930.1
4,36,ann,loso,Sharurah - TVTC,17.47586,47.08618,01-11-2017 00:00,5262.7,5308.361600058505,45.66160005850543,45.66160005850543,2084.981719902903,0.8676458863037115,24.8,3.5,1092.0,7020.8,0.13460211024553792,28.9,932.6
5,36,ann,loso,Sharurah - TVTC,17.47586,47.08618,01-03-2018 00:00,7122.5,6947.413042038397,-175.08695796160282,175.08695796160282,30655.442848248073,2.4582233480042515,27.4,3.9,1905.3,7405.5,0.20463332903724707,18.0,930.4
6,36,ann,loso,Sharurah - TVTC,17.47586,47.08618,01-04-2018 00:00,6758.0,6953.394984822381,195.39498482238105,195.39498482238105,38179.20009373852,2.8913137736368903,31.4,4.0,3578.9,4034.8,0.47006054874765224,24.4,927.5
7,36,ann,loso,Sharurah - TVTC,17.47586,47.08618,01-05-2018 00:00,7276.2,7331.2387642255635,55.03876422556368,55.03876422556368,3029.2655674771886,0.7564218166840341,33.1,3.9,2861.0,5660.0,0.3357587137659899,21.8,926.2
8,36,ann,loso,Sharurah - TVTC,17.47586,47.08618,01-06-2018 00:00,6892.3,7144.965208371094,252.6652083710942,252.6652083710942,63839.707521208446,3.6659055521537685,36.2,3.6,3875.3,3752.6,0.5080428427221123,14.7,922.9
9,36,ann,loso,Sharurah - TVTC,17.47586,47.08618,01-07-2018 00:00,6505.0,6892.097809362197,387.09780936219704,387.09780936219704,149844.71401301184,5.95077339526821,36.8,3.8,3845.5,3268.7,0.5405386410278036,11.9,920.8
10,36,ann,loso,Sharurah - TVTC,17.47586,47.08618,01-08-2018 00:00,6688.9,7017.476474187643,328.5764741876437,328.5764741876437,107962.4993895833,4.9122647100067836,36.6,3.7,3350.5,4163.6,0.4458950506381336,15.4,921.7
11,36,ann,loso,Sharurah - TVTC,17.47586,47.08618,01-09-2018 00:00,6771.1,6759.806774593637,-11.29322540636349,11.29322540636349,127.53694007893381,0.1667856833655313,34.1,3.7,1989.3,6609.0,0.23135968738006352,16.3,925.9
12,36,ann,loso,Sharurah - TVTC,17.47586,47.08618,01-04-2019 00:00,6784.3,6990.773469063122,206.47346906312214,206.47346906312214,42631.29342696005,3.0434012213953117,30.9,4.0,3090.8,4821.7,0.3906224328593997,23.7,928.2
13,36,ann,loso,Sharurah - TVTC,17.47586,47.08618,01-05-2019 00:00,7180.5,7264.091957600838,83.59195760083821,83.59195760083821,6987.615375540334,1.164152323666015,33.2,3.5,2921.6,5517.5,0.34619805429488926,23.2,927.4
14,36,ann,loso,Sharurah - TVTC,17.47586,47.08618,01-06-2019 00:00,7425.5,7519.512029172503,94.01202917250339,94.01202917250339,8838.261629131628,1.2660700178102942,36.5,3.4,3053.4,5649.9,0.35083244286649895,13.7,923.2
15,36,ann,loso,Sharurah - TVTC,17.47586,47.08618,01-07-2019 00:00,7131.2,7302.087549534439,170.88754953443913,170.88754953443913,29202.554585885387,2.396336514674096,37.3,3.6,3780.9,4164.7,0.4758482682239227,15.3,920.5
16,36,ann,loso,Sharurah - TVTC,17.47586,47.08618,01-08-2019 00:00,6987.6,7279.609865954694,292.00986595469385,292.00986595469385,85269.76181487826,4.178972264507038,36.3,3.9,3195.1,4911.8,0.3941210573708816,15.6,922.3
17,36,ann,loso,Sharurah - TVTC,17.47586,47.08618,01-09-2019 00:00,6840.7,6857.91711897693,17.21711897693058,17.21711897693058,296.42918586578304,0.25168650835339335,34.7,3.8,2555.1,5726.3,0.30853478880382545,19.3,924.7
18,36,ann,loso,Sharurah - TVTC,17.47586,47.08618,01-10-2019 00:00,6614.2,6590.190113610682,-24.009886389318126,24.009886389318126,576.4746444279638,0.36300514634147935,30.5,3.7,1531.1,7635.1,0.1670375946411817,20.7,929.3
19,36,ann,loso,Sharurah - TVTC,17.47586,47.08618,01-11-2019 00:00,5571.5,5551.196771886529,-20.30322811347105,20.30322811347105,412.2210718276412,0.3644122429053406,24.5,3.8,1426.3,6870.4,0.17191172393843338,36.2,932.1
20,36,ann,loso,Sharurah - TVTC,17.47586,47.08618,01-12-2019 00:00,5309.2,5448.87236837508,139.67236837508062,139.67236837508062,19508.37048750422,2.630761101014854,22.0,3.5,1168.4,7408.1,0.13623272896869354,37.8,933.1
21,36,ann,loso,Sharurah - TVTC,17.47586,47.08618,01-01-2020 00:00,5578.3,5779.961476358168,201.66147635816742,201.66147635816742,40667.351046955715,3.6151063291355325,19.9,3.4,1640.6,6715.3,0.19634031043933028,34.4,933.8
22,36,ann,loso,Sharurah - TVTC,17.47586,47.08618,01-02-2020 00:00,6153.8,6493.427574293187,339.6275742931866,339.6275742931866,115346.889220274,5.518989474685343,23.6,3.9,2103.2,6297.3,0.2503660496399024,23.6,932.7
23,36,ann,loso,Sharurah - TVTC,17.47586,47.08618,01-03-2020 00:00,6779.9,6902.855815383797,122.95581538379702,122.95581538379702,15118.132536694375,1.8135343498251748,26.9,4.2,3186.7,4887.2,0.394691536927631,26.1,929.2
24,36,ann,loso,Sharurah - TVTC,17.47586,47.08618,01-04-2020 00:00,7098.2,7198.865594046808,100.66559404680811,100.66559404680811,10133.561824796769,1.418184808075401,31.1,3.8,2729.7,5737.1,0.3224004346388246,34.4,927.9
25,36,ann,loso,Sharurah - TVTC,17.47586,47.08618,01-05-2020 00:00,7522.2,7538.378386114453,16.178386114453133,16.178386114453133,261.74017726832994,0.21507519229019612,34.6,3.7,2767.2,6153.8,0.3101894406456675,19.4,927.0
26,36,ann,loso,Sharurah - TVTC,17.47586,47.08618,01-09-2020 00:00,7309.1,7417.577639115758,108.47763911575748,108.47763911575748,11767.398188128518,1.4841449578711123,33.4,3.3,1963.5,7390.4,0.20991244293823969,15.2,925.1
27,36,ann,loso,Sharurah - TVTC,17.47586,47.08618,01-10-2020 00:00,6800.6,6736.033979323091,-64.56602067690892,64.56602067690892,4168.77102605103,0.9494165320252466,27.6,2.8,1365.0,8286.2,0.1414331896551724,17.3,930.4
28,36,ann,loso,Sharurah - TVTC,17.47586,47.08618,01-11-2020 00:00,5977.3,6186.369084493095,209.06908449309503,209.06908449309503,43709.88209078091,3.4977177737957774,25.1,3.2,1054.2,8351.0,0.11208693063411729,26.4,932.6
29,36,ann,loso,Sharurah - TVTC,17.47586,47.08618,01-12-2020 00:00,5510.5,5803.100247525115,292.60024752511526,292.60024752511526,85614.90485175872,5.30986748072072,21.2,3.3,1098.5,7951.0,0.12138792198464003,35.8,934.1
30,36,ann,loso,Sharurah - TVTC,17.47586,47.08618,01-01-2021 00:00,5912.8,6168.1719966574665,255.3719966574663,255.3719966574663,65214.85667682098,4.318968959840791,19.8,3.2,1163.1,8247.4,0.12359598321024387,26.6,934.3
31,36,ann,loso,Sharurah - TVTC,17.47586,47.08618,01-02-2021 00:00,6299.1,6422.568130756649,123.46813075664886,123.46813075664886,15244.379312540941,1.9600916123993721,22.9,3.8,1854.5,6918.3,0.21139202991063288,25.7,932.3
32,36,ann,loso,Sharurah - TVTC,17.47586,47.08618,01-03-2021 00:00,7471.9,7560.309392668225,88.40939266822534,88.40939266822534,7816.220711964456,1.1832250521048908,27.7,3.6,1970.8,7876.3,0.20014014278315442,16.1,930.2
33,36,ann,loso,Sharurah - TVTC,17.47586,47.08618,01-04-2021 00:00,7598.6,7490.408921186803,-108.19107881319724,108.19107881319724,11705.309534763455,1.4238291107993213,30.1,3.7,2565.5,6611.2,0.27956672878049843,19.5,929.0
34,36,ann,loso,Sharurah - TVTC,17.47586,47.08618,01-05-2021 00:00,7702.5,7656.310647302507,-46.18935269749272,46.18935269749272,2133.4563026133783,0.599667026257614,34.4,3.6,2769.7,6458.4,0.30013762312935494,13.7,925.9
35,36,ann,loso,Sharurah - TVTC,17.47586,47.08618,01-07-2021 00:00,6678.1,6945.407996364762,267.3079963647615,267.3079963647615,71453.56492054334,4.002755220268661,34.9,4.1,3336.1,4290.0,0.4374582027510785,27.5,920.1
36,36,ann,loso,Sharurah - TVTC,17.47586,47.08618,01-08-2021 00:00,7125.3,7372.450908985393,247.15090898539256,247.15090898539256,61083.571812305796,3.4686386395715627,36.7,4.1,3060.8,5235.1,0.36895333839607514,17.9,922.0
37,36,ann,loso,Sharurah - TVTC,17.47586,47.08618,01-09-2021 00:00,7019.1,7159.494000114529,140.39400011452835,140.39400011452835,19710.47526815819,2.000170963720824,34.0,3.4,2545.6,6044.4,0.29634458672875436,15.1,924.5
38,36,ann,loso,Sharurah - TVTC,17.47586,47.08618,01-10-2021 00:00,6476.5,6534.261074166113,57.76107416611285,57.76107416611285,3336.341688823189,0.8918563138440956,29.9,3.3,1702.3,7160.0,0.1920833192286427,21.6,929.7
39,36,ann,loso,Sharurah - TVTC,17.47586,47.08618,01-11-2021 00:00,5876.1,5833.91989384302,-42.1801061569804,42.1801061569804,1779.1613554141359,0.7178248524868603,25.1,3.1,1249.5,7711.1,0.13944378724638976,24.9,932.5
40,36,ann,loso,Sharurah - TVTC,17.47586,47.08618,01-12-2021 00:00,5491.3,5768.275003817273,276.9750038172724,276.9750038172724,76715.15273957807,5.043887673543103,21.0,2.5,1039.4,8066.4,0.11414702716949639,32.6,933.9
434,37,ann,loso,Tabuk - University,28.38287,36.48396,01-01-2017 00:00,4028.6,3993.3244018154837,-35.275598184516184,35.275598184516184,1244.3678272754414,0.8756292057914955,11.2,2.1,1282.3,5592.6,0.18651907664111475,36.7,929.7
435,37,ann,loso,Tabuk - University,28.38287,36.48396,01-02-2017 00:00,5199.5,4769.835031731613,-429.6649682683874,429.6649682683874,184611.98495707434,8.263582426548464,11.5,2.3,1318.5,6873.2,0.1609556014014185,26.5,930.0
436,37,ann,loso,Tabuk - University,28.38287,36.48396,01-03-2017 00:00,6312.4,6039.9267675274505,-272.47323247254917,272.47323247254917,74241.66241403982,4.316476022947677,17.7,2.6,1617.6,7280.9,0.1817834466483115,25.8,925.4
437,37,ann,loso,Tabuk - University,28.38287,36.48396,01-04-2017 00:00,6791.0,6854.76472097943,63.76472097943042,63.76472097943042,4065.939641584614,0.9389592251425478,23.1,0.4,2492.4,6099.6,0.2900837988826816,21.2,926.3
438,37,ann,loso,Tabuk - University,28.38287,36.48396,01-05-2017 00:00,7630.7,7381.646263515586,-249.053736484414,249.053736484414,62027.76365684793,3.2638386581101866,27.5,0.0,1894.8,7888.3,0.19368093957947888,17.3,925.1
439,37,ann,loso,Tabuk - University,28.38287,36.48396,01-09-2017 00:00,6626.0,6603.374306522206,-22.625693477793902,22.625693477793902,511.92200535108555,0.34146835915777096,29.9,2.8,1888.1,6915.3,0.21447395324533702,22.4,924.5
440,37,ann,loso,Tabuk - University,28.38287,36.48396,01-11-2017 00:00,4388.9,4431.480624054749,42.58062405474902,42.58062405474902,1813.109544891871,0.9701889779842108,17.5,2.0,1375.6,5824.3,0.19105820914179364,39.6,928.5
441,37,ann,loso,Tabuk - University,28.38287,36.48396,01-03-2018 00:00,6380.9,6538.738340042367,157.83834004236724,157.83834004236724,24912.941587329948,2.473606231759897,21.9,2.5,1814.9,7139.4,0.20268474364271916,18.7,926.5
442,37,ann,loso,Tabuk - University,28.38287,36.48396,01-04-2018 00:00,7043.3,6767.943468095674,-275.3565319043264,275.3565319043264,75821.21966237832,3.909481804045354,22.4,2.5,2347.1,6530.4,0.2643874964798648,24.7,924.4
443,37,ann,loso,Tabuk - University,28.38287,36.48396,01-05-2018 00:00,7448.6,7410.76550813633,-37.83449186367034,37.83449186367034,1431.4487745821368,0.5079409803677246,28.1,3.1,2752.3,6270.7,0.3050315859470243,18.8,923.8
444,37,ann,loso,Tabuk - University,28.38287,36.48396,01-06-2018 00:00,8333.0,7914.607536438196,-418.3924635618041,418.3924635618041,175052.25356531556,5.020910399157615,30.6,2.9,2058.5,8506.7,0.19483776928027863,19.4,922.6
445,37,ann,loso,Tabuk - University,28.38287,36.48396,01-07-2018 00:00,8157.9,7909.62641777099,-248.27358222900966,248.27358222900966,61639.77163282482,3.0433516251610055,31.6,2.8,1839.3,8659.4,0.17519311914808502,19.7,921.0
446,37,ann,loso,Tabuk - University,28.38287,36.48396,01-08-2018 00:00,7802.0,7381.550609900916,-420.44939009908376,420.44939009908376,176777.68963469152,5.3889950025517015,31.0,2.8,1266.2,9316.7,0.11964584376683139,23.9,922.0
447,37,ann,loso,Tabuk - University,28.38287,36.48396,01-03-2019 00:00,6494.3,6328.162908268813,-166.13709173118696,166.13709173118696,27601.53324889683,2.5581986007912625,15.7,2.8,1643.5,7700.4,0.17589015293399973,29.7,926.7
448,37,ann,loso,Tabuk - University,28.38287,36.48396,01-04-2019 00:00,6681.0,6388.846645003675,-292.1533549963251,292.1533549963251,85353.58283560876,4.3728985929699915,20.6,2.7,2060.7,6569.1,0.2387888479454912,23.4,925.8
449,37,ann,loso,Tabuk - University,28.38287,36.48396,01-05-2019 00:00,7116.1,6928.627830085136,-187.47216991486403,187.47216991486403,35145.81449258765,2.6344791376577623,29.0,2.7,2054.7,6870.8,0.23020559072320876,13.4,924.7
450,37,ann,loso,Tabuk - University,28.38287,36.48396,01-06-2019 00:00,7896.1,7766.918817065966,-129.18118293403404,129.18118293403404,16687.778024236366,1.6360124990062694,31.4,3.0,1917.9,8159.0,0.19032639006043528,18.3,923.1
451,37,ann,loso,Tabuk - University,28.38287,36.48396,01-07-2019 00:00,8313.3,7881.482673172446,-431.8173268275532,431.8173268275532,186466.2037484939,5.194295007127773,31.8,2.8,1500.0,9425.8,0.13728971791539293,18.7,921.0
452,37,ann,loso,Tabuk - University,28.38287,36.48396,01-08-2019 00:00,7684.6,7394.176316931827,-290.423683068173,290.423683068173,84345.91568688258,3.779294733208924,31.3,2.7,1533.0,8704.4,0.14974505245472483,21.1,922.1
453,37,ann,loso,Tabuk - University,28.38287,36.48396,01-09-2019 00:00,6747.2,6670.893703266656,-76.30629673334352,76.30629673334352,5822.650921157071,1.1309327829817333,30.0,2.7,1567.3,7724.1,0.16868286802849947,23.6,923.8
454,37,ann,loso,Tabuk - University,28.38287,36.48396,01-10-2019 00:00,5138.7,6267.340553485801,1128.6405534858013,1128.6405534858013,1273829.4989727358,21.963542403444478,25.8,2.5,2188.2,4966.1,0.3058580154592343,29.9,926.7
455,37,ann,loso,Tabuk - University,28.38287,36.48396,01-11-2019 00:00,4226.5,4206.55382315264,-19.94617684736022,19.94617684736022,397.8499708261689,0.47193131071478106,18.8,2.1,1259.1,5771.2,0.1790961978862922,36.4,928.0
456,37,ann,loso,Tabuk - University,28.38287,36.48396,01-12-2019 00:00,4025.8,4172.6737811690355,146.87378116903528,146.87378116903528,21571.907594889664,3.648312910950253,13.1,2.1,865.8,6857.0,0.11210959755529082,39.5,929.3
457,37,ann,loso,Tabuk - University,28.38287,36.48396,01-01-2020 00:00,4191.2,4186.47939143614,-4.720608563859969,4.720608563859969,22.28414521318808,0.11263143166300746,10.3,1.9,1060.0,6498.1,0.1402468874452574,42.2,930.3
458,37,ann,loso,Tabuk - University,28.38287,36.48396,01-09-2020 00:00,6244.6,6218.733841672106,-25.86615832789448,25.86615832789448,669.0581466437051,0.4142164162299343,32.4,2.4,1627.6,6731.6,0.19470762752416496,18.1,924.0
459,37,ann,loso,Tabuk - University,28.38287,36.48396,01-10-2020 00:00,5630.9,5919.210409326056,288.3104093260563,288.3104093260563,83122.89212575812,5.120147921754183,26.8,2.2,1270.6,7375.2,0.14696153045409333,17.6,927.6
460,37,ann,loso,Tabuk - University,28.38287,36.48396,01-11-2020 00:00,4561.7,4740.669603947694,178.96960394769394,178.96960394769394,32030.119137194426,3.9233093791282627,18.1,2.2,1000.6,6999.7,0.12507030986338014,40.3,928.0
461,37,ann,loso,Tabuk - University,28.38287,36.48396,01-12-2020 00:00,3685.6,3913.037747804572,227.43774780457215,227.43774780457215,51727.929126416166,6.17098295540949,14.5,1.9,1259.4,5190.9,0.19524673271010654,43.1,929.5
462,37,ann,loso,Tabuk - University,28.38287,36.48396,01-01-2021 00:00,4246.2,4287.999086921078,41.799086921078015,41.799086921078015,1747.1636674358351,0.984388086314305,13.3,2.0,1255.2,6090.1,0.17088478346697888,41.5,930.0
463,37,ann,loso,Tabuk - University,28.38287,36.48396,01-02-2021 00:00,5149.7,5073.2764174845815,-76.42358251541827,76.42358251541827,5840.563964490946,1.4840395074551582,14.4,2.4,1345.2,6825.2,0.16464310192891415,39.2,928.8
464,37,ann,loso,Tabuk - University,28.38287,36.48396,01-09-2021 00:00,6587.6,6574.4857387015645,-13.11426129843585,13.11426129843585,171.98384940365233,0.1990749483641364,29.5,2.8,1565.9,7489.3,0.1729282622139765,24.4,924.1
465,37,ann,loso,Tabuk - University,28.38287,36.48396,01-10-2021 00:00,5489.4,5691.085854978069,201.68585497806907,201.68585497806907,40677.18409823471,3.674096531097553,25.3,2.4,1432.5,6797.3,0.17406255316046565,25.4,927.3
466,37,ann,loso,Tabuk - University,28.38287,36.48396,01-11-2021 00:00,4362.8,4388.218472824557,25.418472824556375,25.418472824556375,646.098760732711,0.582618337410754,19.1,1.9,1072.8,6400.4,0.1435529625863084,34.5,928.8
467,37,ann,loso,Tabuk - University,28.38287,36.48396,01-12-2021 00:00,3774.5,3905.789419646486,131.28941964648584,131.28941964648584,17236.91171111106,3.478326126546187,13.7,2.1,1420.9,4968.0,0.2224013523454742,39.6,929.3
712,38,ann,loso,Taif - University,21.43278,40.49173,01-01-2017 00:00,4868.6,4897.0183124685855,28.4183124685851,28.4183124685851,807.6004835621394,0.5837060442136363,18.1,2.5,1127.7,6756.0,0.14304197267780358,43.8,851.0
713,38,ann,loso,Taif - University,21.43278,40.49173,01-02-2017 00:00,4544.6,4463.2793024729835,-81.32069752701682,81.32069752701682,6613.055846280559,1.7893917512436037,15.9,3.1,1958.9,4114.3,0.32254824474741484,47.1,849.8
714,38,ann,loso,Taif - University,21.43278,40.49173,01-05-2017 00:00,6424.3,6476.8271665821,52.52716658210011,52.52716658210011,2759.1032291436945,0.8176325293354934,26.0,2.6,2870.0,4672.9,0.38049026236593353,33.7,849.6
715,38,ann,loso,Taif - University,21.43278,40.49173,01-09-2017 00:00,6560.7,6323.906750558317,-236.79324944168275,236.79324944168275,56071.04298115099,3.6092680573975757,28.0,2.5,2412.9,5620.2,0.30036972028233183,18.9,848.8
716,38,ann,loso,Taif - University,21.43278,40.49173,01-11-2017 00:00,5215.9,5172.534004782785,-43.36599521721473,43.36599521721473,1880.6095411794909,0.8314192223243301,20.0,2.3,1409.4,6571.4,0.17659883720930236,42.1,850.6
717,38,ann,loso,Taif - University,21.43278,40.49173,01-03-2018 00:00,6963.9,6525.553809842621,-438.34619015737826,438.34619015737826,192147.3824254884,6.294550326072722,21.5,2.7,1815.4,7489.4,0.1951036024417505,29.7,849.6
718,38,ann,loso,Taif - University,21.43278,40.49173,01-04-2018 00:00,6959.2,6437.237924943868,-521.9620750561317,521.9620750561317,272444.4077969028,7.5003172068072725,21.9,3.1,2318.9,6303.2,0.2689484000417532,38.0,848.1
719,38,ann,loso,Taif - University,21.43278,40.49173,01-05-2018 00:00,7434.2,7017.865199191303,-416.33480080869685,416.33480080869685,173334.6663644173,5.600263657269065,26.6,2.8,2718.2,6136.2,0.3069886158294181,22.9,848.5
720,38,ann,loso,Taif - University,21.43278,40.49173,01-06-2018 00:00,7557.7,7353.2981811726395,-204.40181882736033,204.40181882736033,41780.103539933036,2.7045505752723757,29.5,3.2,2904.7,5915.2,0.3293347997142825,15.5,847.2
721,38,ann,loso,Taif - University,21.43278,40.49173,01-07-2018 00:00,7580.5,7309.250776205647,-271.2492237943534,271.2492237943534,73576.1414090392,3.5782497697296143,28.3,4.2,2744.1,6186.4,0.3072728290689211,18.7,846.8
722,38,ann,loso,Taif - University,21.43278,40.49173,01-08-2018 00:00,7265.2,7019.445884424929,-245.7541155750705,245.7541155750705,60395.085322085106,3.3826201009617147,28.5,4.2,2426.0,6352.0,0.2763727500569606,19.5,846.9
723,38,ann,loso,Taif - University,21.43278,40.49173,01-11-2018 00:00,4463.3,4443.811732587523,-19.4882674124774,19.4882674124774,379.7925667402285,0.4366335987380951,18.3,2.3,1618.7,4984.8,0.2451275838570455,60.2,850.6
724,38,ann,loso,Taif - University,21.43278,40.49173,01-12-2018 00:00,4686.2,4724.803248435599,38.6032484355992,38.6032484355992,1490.210789780592,0.8237644239596944,17.5,2.2,1426.5,5956.6,0.19321152361474175,54.9,851.2
725,38,ann,loso,Taif - University,21.43278,40.49173,01-01-2019 00:00,5163.2,5220.186097683388,56.986097683387925,56.986097683387925,3247.4153291806306,1.1036972746240301,18.2,2.7,1390.7,6733.5,0.1711799315624923,43.7,851.1
726,38,ann,loso,Taif - University,21.43278,40.49173,01-02-2019 00:00,5702.3,5609.470615318392,-92.82938468160773,92.82938468160773,8617.29466036591,1.6279288126125901,17.7,3.3,1904.4,6095.4,0.238055951398785,43.6,849.8
727,38,ann,loso,Taif - University,21.43278,40.49173,01-03-2019 00:00,7014.5,6566.058430041051,-448.441569958949,448.441569958949,201099.84166724695,6.393065364016666,18.7,3.7,1888.6,7502.6,0.20110316040548595,30.7,849.0
728,38,ann,loso,Taif - University,21.43278,40.49173,01-02-2020 00:00,5953.4,5785.170919484267,-168.22908051573268,168.22908051573268,28301.023531168867,2.8257647817336764,17.5,3.0,1637.0,6898.4,0.19178948848325797,41.4,850.5
729,38,ann,loso,Taif - University,21.43278,40.49173,01-04-2020 00:00,7457.6,7260.6877168539895,-196.91228314601085,196.91228314601085,38774.44725377475,2.640424307364445,23.0,3.2,2103.6,7390.6,0.22156685134081858,32.4,848.7
730,38,ann,loso,Taif - University,21.43278,40.49173,01-05-2020 00:00,6566.1,6423.816711103119,-142.28328889688146,142.28328889688146,20244.53429931343,2.166937586952399,25.9,2.6,2471.2,5410.9,0.31352050849392926,29.6,849.6
731,38,ann,loso,Taif - University,21.43278,40.49173,01-09-2020 00:00,6771.3,6629.324584087073,-141.97541591292702,141.97541591292702,20157.01872364861,2.096723168563304,28.2,2.4,2112.4,6453.2,0.24661436443448212,20.6,848.3
732,38,ann,loso,Taif - University,21.43278,40.49173,01-11-2020 00:00,5037.2,5138.642621523945,101.44262152394549,101.44262152394549,10290.60546165045,2.013869243308693,20.2,2.2,1345.1,6446.9,0.17262577002053386,48.9,850.7
733,38,ann,loso,Taif - University,21.43278,40.49173,01-01-2021 00:00,5078.9,5136.955884756737,58.055884756737214,58.055884756737214,3370.4857548875525,1.1430798944010951,16.5,2.2,1373.4,6610.2,0.17202765669622727,46.8,850.6
734,38,ann,loso,Taif - University,21.43278,40.49173,01-04-2021 00:00,6761.1,6604.2488387126605,-156.8511612873399,156.8511612873399,24602.286797187113,2.3199059515070015,22.8,2.5,2491.3,5707.1,0.30387636612021857,33.3,849.6
735,38,ann,loso,Taif - University,21.43278,40.49173,01-07-2021 00:00,7142.4,7032.308588546195,-110.09141145380454,110.09141145380454,12120.118875890885,1.5413784085714122,29.3,4.4,3065.0,5167.7,0.37229584461962656,19.6,845.5
736,38,ann,loso,Taif - University,21.43278,40.49173,01-10-2021 00:00,6174.0,6114.15009804862,-59.84990195138016,59.84990195138016,3582.010763589819,0.9693861670129601,25.0,2.4,1625.4,7011.9,0.18818380743982496,24.6,850.8
797,39,ann,loso,Thuwal - KAUST,22.3065,39.107,01-01-2017 00:00,4441.4,4513.429903021419,72.02990302141916,72.02990302141916,5188.306929275049,1.621783739843724,23.9,2.2,1551.0,5142.7,0.2317104142701346,83.6,1012.4
798,39,ann,loso,Thuwal - KAUST,22.3065,39.107,01-02-2017 00:00,4529.6,4607.64374929926,78.04374929925962,78.04374929925962,6090.826804685686,1.7229722116579744,23.3,2.7,2316.1,3523.9,0.39659246575342466,65.1,1012.1
799,39,ann,loso,Thuwal - KAUST,22.3065,39.107,01-03-2017 00:00,5726.5,5715.553544543142,-10.94645545685762,10.94645545685762,119.82488706896798,0.1911543780120077,24.6,2.6,2544.1,4485.6,0.36190733601718417,83.6,1008.4
800,39,ann,loso,Thuwal - KAUST,22.3065,39.107,01-04-2017 00:00,6098.8,5949.877188775054,-148.9228112249466,148.9228112249466,22178.00370314108,2.441837922623247,27.9,2.8,3026.8,3978.0,0.43210370031978074,80.6,1007.1
801,39,ann,loso,Thuwal - KAUST,22.3065,39.107,01-05-2017 00:00,6160.8,5984.037589205511,-176.76241079448937,176.76241079448937,31244.949869879812,2.869147039256093,29.8,2.6,2851.5,4210.5,0.4037807986406117,83.8,1005.5
802,39,ann,loso,Thuwal - KAUST,22.3065,39.107,01-06-2017 00:00,6778.2,6425.501129597136,-352.6988704028636,352.6988704028636,124396.49318345595,5.2034296775377475,29.9,2.5,2344.2,5721.0,0.29065615235828,92.4,1001.6
803,39,ann,loso,Thuwal - KAUST,22.3065,39.107,01-09-2017 00:00,6160.3,5953.0179639299295,-207.28203607007072,207.28203607007072,42965.8424773541,3.3648042476838906,31.4,2.5,2630.7,4680.7,0.3598079711136034,93.7,1003.3
804,39,ann,loso,Thuwal - KAUST,22.3065,39.107,01-10-2017 00:00,5630.4,5496.72573279029,-133.6742672097098,133.6742672097098,17868.809714052895,2.3741522309198246,29.0,2.1,1788.8,5825.1,0.23493873047978037,95.9,1007.0
805,39,ann,loso,Thuwal - KAUST,22.3065,39.107,01-11-2017 00:00,4537.8,4629.113921334211,91.31392133421105,91.31392133421105,8338.232229430483,2.012294974089009,27.5,2.3,1685.6,4843.0,0.25818705388597857,88.8,1009.6
806,39,ann,loso,Thuwal - KAUST,22.3065,39.107,01-03-2018 00:00,6375.2,6207.573373413322,-167.62662658667796,167.62662658667796,28098.68594082957,2.6293547902289807,26.0,0.0,2089.3,6161.7,0.2532177917828142,68.9,1008.3
807,39,ann,loso,Thuwal - KAUST,22.3065,39.107,01-04-2018 00:00,7031.1,6661.027698609505,-370.07230139049534,370.07230139049534,136953.50825645763,5.263362793737755,27.0,0.0,2507.9,6022.8,0.29398525326174874,65.5,1006.2
808,39,ann,loso,Thuwal - KAUST,22.3065,39.107,01-05-2018 00:00,7120.5,7024.293575425809,-96.20642457419126,96.20642457419126,9255.676129349553,1.351118946340724,30.2,0.0,3128.0,5108.0,0.37979601748421565,62.0,1003.9
809,39,ann,loso,Thuwal - KAUST,22.3065,39.107,01-06-2018 00:00,7152.3,7145.481887353977,-6.81811264602311,6.81811264602311,46.486660053860255,0.09532755401791185,30.9,0.0,2970.5,5355.5,0.3567739610857555,68.2,1001.6
810,39,ann,loso,Thuwal - KAUST,22.3065,39.107,01-07-2018 00:00,7036.3,6885.398848168062,-150.90115183193848,150.90115183193848,22771.15762420575,2.1446094088077325,31.9,0.0,2769.9,5444.7,0.3371923161200789,65.5,1001.7
811,39,ann,loso,Thuwal - KAUST,22.3065,39.107,01-08-2018 00:00,6668.6,6408.937589681769,-259.6624103182312,259.6624103182312,67424.56733227347,3.8938069507577477,32.1,0.0,2421.2,5502.2,0.30557588913850114,69.5,1001.9
812,39,ann,loso,Thuwal - KAUST,22.3065,39.107,01-09-2018 00:00,5840.5,5792.471018791085,-48.028981208914956,48.028981208914956,2306.7830359663058,0.8223436556615865,31.6,0.0,3004.4,3679.4,0.4495047727340734,79.2,1003.4
813,39,ann,loso,Thuwal - KAUST,22.3065,39.107,01-10-2018 00:00,5111.6,5171.583288568938,59.983288568937496,59.983288568937496,3597.994907544428,1.1734738353732197,29.9,0.0,2043.4,4577.8,0.3086147526128194,71.9,1007.7
814,39,ann,loso,Thuwal - KAUST,22.3065,39.107,01-11-2018 00:00,4224.2,4336.818080375486,112.61808037548599,112.61808037548599,12682.832027459423,2.6660215040832815,26.9,0.0,1619.0,4521.7,0.26365072385884347,61.5,1009.8
815,39,ann,loso,Thuwal - KAUST,22.3065,39.107,01-12-2018 00:00,3910.5,4080.832070520954,170.33207052095395,170.33207052095395,29013.01424795523,4.355761936349673,24.8,0.0,1644.6,4220.4,0.28040920716112533,66.4,1012.2
816,39,ann,loso,Thuwal - KAUST,22.3065,39.107,01-01-2019 00:00,3951.5,3991.412106353064,39.91210635306379,39.91210635306379,1592.976233538275,1.0100495091247321,24.1,0.0,1959.2,3470.4,0.36083689406217767,67.7,1012.3
817,39,ann,loso,Thuwal - KAUST,22.3065,39.107,01-02-2019 00:00,4607.3,4565.724768597843,-41.57523140215744,41.57523140215744,1728.4998661429383,0.9023773446955362,23.9,0.0,2080.2,4001.6,0.3420368969712914,57.9,1011.5
818,39,ann,loso,Thuwal - KAUST,22.3065,39.107,01-03-2019 00:00,6107.7,5914.123190064815,-193.57680993518443,193.57680993518443,37471.981344682514,3.1693896218737727,23.7,0.0,2209.2,5648.4,0.28115455100794134,60.6,1010.2
819,39,ann,loso,Thuwal - KAUST,22.3065,39.107,01-04-2019 00:00,6768.1,6726.604789182952,-41.495210817048246,41.495210817048246,1721.8525207512778,0.6130998480673785,26.2,0.0,2516.8,5741.0,0.30477851243672655,64.7,1007.5
820,39,ann,loso,Thuwal - KAUST,22.3065,39.107,01-05-2019 00:00,6682.7,6445.164533489283,-237.53546651071701,237.53546651071701,56423.097850463964,3.5544834649276047,30.2,0.0,2797.3,4946.6,0.36122625550433246,63.9,1005.1
821,39,ann,loso,Thuwal - KAUST,22.3065,39.107,01-06-2019 00:00,6334.7,6121.284841100093,-213.4151588999066,213.4151588999066,45546.03004827238,3.368986043536499,31.8,0.0,2680.4,4588.4,0.36875412722870354,66.0,1002.1
822,39,ann,loso,Thuwal - KAUST,22.3065,39.107,01-07-2019 00:00,6893.8,6907.053472235967,13.25347223596691,13.25347223596691,175.65452630954573,0.19225205599186096,31.8,0.0,2480.5,5709.7,0.3028619569729677,68.0,1000.9
823,39,ann,loso,Thuwal - KAUST,22.3065,39.107,01-08-2019 00:00,6611.0,6345.850612288983,-265.14938771101697,265.14938771101697,70304.1978035272,4.010730414627393,32.2,0.0,2337.3,5597.8,0.294552053534297,69.8,1002.5
824,39,ann,loso,Thuwal - KAUST,22.3065,39.107,01-09-2019 00:00,5908.1,5727.564559804316,-180.5354401956847,180.5354401956847,32593.045166649652,3.055727563779975,30.9,0.0,2469.5,4619.7,0.34834678101901484,78.0,1002.8
825,39,ann,loso,Thuwal - KAUST,22.3065,39.107,01-10-2019 00:00,5228.0,5267.391146993901,39.3911469939012,39.3911469939012,1551.6624614951318,0.7534649386744683,31.1,0.0,1870.5,5032.4,0.2709730692897188,69.0,1007.6
826,39,ann,loso,Thuwal - KAUST,22.3065,39.107,01-11-2019 00:00,4486.9,4694.217252480257,207.3172524802576,207.3172524802576,42980.44317596287,4.620500846469892,28.1,0.0,1567.2,5053.0,0.23673000815685327,63.0,1008.6
827,39,ann,loso,Thuwal - KAUST,22.3065,39.107,01-12-2019 00:00,4316.6,4607.312305660807,290.71230566080703,290.71230566080703,84513.6446626225,6.734752019200458,24.8,0.0,1322.5,5637.5,0.19001436781609196,58.0,1011.5
828,39,ann,loso,Thuwal - KAUST,22.3065,39.107,01-01-2020 00:00,4597.0,4561.481233640988,-35.51876635901226,35.51876635901226,1261.582763666101,0.7726509975856485,21.6,0.2,1307.7,6020.4,0.17845007573586608,52.8,1014.3
829,39,ann,loso,Thuwal - KAUST,22.3065,39.107,01-02-2020 00:00,4914.9,4862.255035217411,-52.64496478258843,52.64496478258843,2771.492316959976,1.0711299270094699,22.7,2.6,1963.0,4774.1,0.2913716584287008,62.1,1012.8
830,39,ann,loso,Thuwal - KAUST,22.3065,39.107,01-03-2020 00:00,6083.3,5914.8352107249275,-168.4647892750727,168.4647892750727,28380.385225494647,2.769299381504655,24.1,2.6,2321.5,5308.6,0.304255514344504,66.8,1008.8
831,39,ann,loso,Thuwal - KAUST,22.3065,39.107,01-04-2020 00:00,6790.1,6461.225796902709,-328.8742030972917,328.8742030972917,108158.24146287866,4.843436813850925,26.0,2.4,2145.2,6306.7,0.2538127521622357,67.9,1007.6
832,39,ann,loso,Thuwal - KAUST,22.3065,39.107,01-05-2020 00:00,6632.5,6395.5240636882945,-236.97593631170548,236.97593631170548,56157.59439080949,3.572950415555303,29.3,2.5,2533.6,5336.2,0.32193956644387406,67.4,1005.5
833,39,ann,loso,Thuwal - KAUST,22.3065,39.107,01-09-2020 00:00,6025.7,5884.725791515299,-140.9742084847012,140.9742084847012,19873.727457888,2.3395490728828383,32.4,2.3,2314.2,5023.7,0.3153763338284795,74.8,1002.1
834,39,ann,loso,Thuwal - KAUST,22.3065,39.107,01-10-2020 00:00,5569.3,5792.327877335106,223.0278773351056,223.0278773351056,49741.4340686029,4.004594425423403,31.3,2.3,1615.0,6168.2,0.20749820125398294,57.9,1006.8
835,39,ann,loso,Thuwal - KAUST,22.3065,39.107,01-11-2020 00:00,4492.5,4620.928307863515,128.42830786351533,128.42830786351533,16493.830260685874,2.8587269418701244,27.8,2.4,1422.6,5307.0,0.21139443651925818,63.7,1009.9
836,39,ann,loso,Thuwal - KAUST,22.3065,39.107,01-12-2020 00:00,4028.1,4190.037766687515,161.9377666875148,161.9377666875148,26223.840279739976,4.020202246406862,25.5,2.1,1489.9,4741.3,0.23910322249325971,62.3,1011.3
837,39,ann,loso,Thuwal - KAUST,22.3065,39.107,01-01-2021 00:00,4280.5,4436.106098205841,155.60609820584068,155.60609820584068,24213.257798845734,3.6352318235215666,24.9,2.5,1733.6,4544.0,0.2761564929272333,59.4,1011.7
838,39,ann,loso,Thuwal - KAUST,22.3065,39.107,01-02-2021 00:00,4971.2,4888.378826534452,-82.82117346554787,82.82117346554787,6859.346774210371,1.6660197430308148,23.9,2.7,1647.6,5373.2,0.23467411121239745,63.0,1011.4
839,39,ann,loso,Thuwal - KAUST,22.3065,39.107,01-09-2021 00:00,5790.5,5709.143133492875,-81.35686650712523,81.35686650712523,6618.9397278581955,1.405005897713932,31.1,2.5,2674.1,4143.2,0.392252064600355,76.7,1002.9
840,39,ann,loso,Thuwal - KAUST,22.3065,39.107,01-10-2021 00:00,5313.2,5154.491348129955,-158.70865187004438,158.70865187004438,25188.43617840694,2.987063386848686,29.3,0.2,1831.3,5239.4,0.25899840185554474,78.8,1006.7
841,39,ann,loso,Thuwal - KAUST,22.3065,39.107,01-11-2021 00:00,4389.4,4522.872753937955,133.47275393795553,133.47275393795553,17814.976043782022,3.040797237389063,27.4,0.0,1350.9,5247.1,0.20474386177629586,69.7,1009.5
842,39,ann,loso,Thuwal - KAUST,22.3065,39.107,01-12-2021 00:00,3797.4,3955.43694167555,158.03694167554977,158.03694167554977,24975.67493416112,4.16171437498156,25.3,0.0,1589.8,4094.9,0.27966295494924975,62.9,1011.8
258,40,ann,loso,Timaa - TVTC,27.6173,38.5252,01-01-2017 00:00,4235.7,4323.0211463503565,87.32114635035668,87.32114635035668,7624.98259994041,2.0615517234543685,13.2,1.9,1325.4,5906.3,0.1832764080368378,36.9,921.5
259,40,ann,loso,Timaa - TVTC,27.6173,38.5252,01-02-2017 00:00,5392.6,5206.529876102712,-186.0701238972888,186.0701238972888,34622.091007152405,3.4504714589861805,12.5,2.3,1649.3,6580.6,0.200403407088786,28.9,921.8
260,40,ann,loso,Timaa - TVTC,27.6173,38.5252,01-03-2017 00:00,6511.6,6509.550703571539,-2.0492964284612754,2.0492964284612754,4.199615851704139,0.031471472886253384,19.4,2.6,1990.0,7008.4,0.22115042674253202,25.2,917.2
261,40,ann,loso,Timaa - TVTC,27.6173,38.5252,01-04-2017 00:00,6508.5,6664.571486605729,156.07148660572875,156.07148660572875,24358.308931322168,2.3979639948640816,25.1,3.1,2727.9,5257.1,0.34162805259862244,21.1,918.3
262,40,ann,loso,Timaa - TVTC,27.6173,38.5252,01-05-2017 00:00,7872.0,7710.717907080314,-161.28209291968597,161.28209291968597,26011.913496554218,2.048807074691133,29.8,2.6,2439.0,7320.8,0.24990266193979388,16.1,916.8
263,40,ann,loso,Timaa - TVTC,27.6173,38.5252,01-06-2017 00:00,8158.9,7786.625639458067,-372.27436054193277,372.27436054193277,138588.19951690495,4.562800874406266,33.5,2.4,1845.5,8604.1,0.17660963099065993,14.6,914.7
264,40,ann,loso,Timaa - TVTC,27.6173,38.5252,01-09-2017 00:00,6674.6,6779.935336595377,105.33533659537625,105.33533659537625,11095.533135661211,1.5781520479935314,33.0,2.3,2419.6,6025.1,0.2865229078593674,15.6,916.4
265,40,ann,loso,Timaa - TVTC,27.6173,38.5252,01-10-2017 00:00,5879.9,6081.679354677227,201.77935467722727,201.77935467722727,40714.90797395828,3.431680040089581,26.4,2.0,1347.0,7582.5,0.15084831177557534,24.0,918.5
266,40,ann,loso,Timaa - TVTC,27.6173,38.5252,01-11-2017 00:00,4426.5,4603.49201151061,176.9920115106097,176.9920115106097,31326.172138571797,3.998464057621365,20.3,2.0,1652.8,5246.3,0.23956747981620788,38.9,920.2
267,40,ann,loso,Timaa - TVTC,27.6173,38.5252,01-03-2018 00:00,6509.7,6823.107025687462,313.407025687462,313.407025687462,98223.96375026148,4.814461890524326,22.8,2.4,2201.9,6702.4,0.24728501959727325,21.6,918.5
268,40,ann,loso,Timaa - TVTC,27.6173,38.5252,01-04-2018 00:00,7333.9,7253.842379265072,-80.0576207349277,80.0576207349277,6409.222637737525,1.0916104764849222,23.4,2.8,2665.5,6450.5,0.29239798157086444,26.7,916.1
269,40,ann,loso,Timaa - TVTC,27.6173,38.5252,01-05-2018 00:00,7389.0,7386.406807848505,-2.5931921514948044,2.5931921514948044,6.724645534574253,0.03509530588029239,28.8,3.0,3115.1,5636.0,0.35596667847470603,20.9,915.9
270,40,ann,loso,Timaa - TVTC,27.6173,38.5252,01-06-2018 00:00,8218.7,7887.35188254268,-331.34811745732077,331.34811745732077,109791.57494251044,4.03163660259312,32.3,2.5,2262.5,8035.6,0.21970072149231412,17.1,914.3
271,40,ann,loso,Timaa - TVTC,27.6173,38.5252,01-07-2018 00:00,8005.7,7874.932670663106,-130.76732933689345,130.76732933689345,17100.094421903555,1.6334277994040927,33.4,2.5,2187.6,7878.7,0.2173191738771942,17.9,912.7
272,40,ann,loso,Timaa - TVTC,27.6173,38.5252,01-08-2018 00:00,7533.6,7333.113729168383,-200.48627083161773,200.48627083161773,40194.74479196878,2.661227976420539,33.3,2.3,1625.7,8288.3,0.16398022997780917,20.1,913.6
273,40,ann,loso,Timaa - TVTC,27.6173,38.5252,01-09-2018 00:00,6329.5,6246.913584907705,-82.58641509229528,82.58641509229528,6820.515957796898,1.3047857665265072,33.7,2.2,2464.5,5371.6,0.3145059404550733,17.5,916.5
274,40,ann,loso,Timaa - TVTC,27.6173,38.5252,01-10-2018 00:00,5447.3,5637.393889166262,190.09388916626176,190.09388916626176,36135.68669835501,3.4896901064061416,27.0,2.3,1906.8,5731.5,0.24963669926554335,25.4,919.5
275,40,ann,loso,Timaa - TVTC,27.6173,38.5252,01-11-2018 00:00,3967.4,4147.995077497827,180.59507749782688,180.59507749782688,32614.582016446097,4.551975538081033,18.0,2.2,1406.4,4995.9,0.2196710557143527,59.7,920.0
276,40,ann,loso,Timaa - TVTC,27.6173,38.5252,01-12-2018 00:00,4013.6,4293.69101213505,280.0910121350503,280.0910121350503,78450.97507883688,6.978548239362425,14.7,2.1,1205.0,5996.9,0.16731695802496566,54.5,921.7
277,40,ann,loso,Timaa - TVTC,27.6173,38.5252,01-01-2019 00:00,3942.3,3952.306880593986,10.006880593985898,10.006880593985898,100.13765922229155,0.25383356401049884,14.2,2.1,1738.1,4375.9,0.28428197579326137,43.8,920.4
278,40,ann,loso,Timaa - TVTC,27.6173,38.5252,01-02-2019 00:00,5130.1,5042.219541075698,-87.88045892430273,87.88045892430273,7722.975060746059,1.7130359822284698,14.6,2.8,1621.0,6143.3,0.20877606480944838,47.0,920.4
279,40,ann,loso,Timaa - TVTC,27.6173,38.5252,01-03-2019 00:00,6669.6,6688.30256053222,18.70256053221965,18.70256053221965,349.7857704613401,0.28041502537213103,16.7,2.7,1709.9,7841.6,0.17901900225095535,30.7,918.6
280,40,ann,loso,Timaa - TVTC,27.6173,38.5252,01-04-2019 00:00,7251.2,7134.909396130619,-116.2906038693809,116.2906038693809,13523.504548305269,1.6037428821351074,21.9,2.8,2292.5,6982.3,0.24717514124293788,25.1,917.6
281,40,ann,loso,Timaa - TVTC,27.6173,38.5252,01-05-2019 00:00,7953.8,7701.028595878187,-252.77140412181325,252.77140412181325,63893.38274171303,3.1779954753930606,30.3,2.5,2357.2,7511.2,0.2388634429086782,14.3,916.6
282,40,ann,loso,Timaa - TVTC,27.6173,38.5252,01-06-2019 00:00,8149.4,7832.903445249514,-316.4965547504853,316.4965547504853,100170.06916892694,3.8836792248568646,33.7,2.6,2203.0,8039.6,0.21508210805850075,15.5,914.9
283,40,ann,loso,Timaa - TVTC,27.6173,38.5252,01-07-2019 00:00,8239.6,7907.039058415059,-332.56094158494125,332.56094158494125,110596.7798678627,4.036129685724322,33.7,2.5,1707.7,9016.2,0.15924243978403377,16.9,912.7
284,40,ann,loso,Timaa - TVTC,27.6173,38.5252,01-08-2019 00:00,7711.6,7512.410423801768,-199.18957619823232,199.18957619823232,39676.4872660314,2.582986360784173,33.7,2.4,1671.9,8426.6,0.1655592414715057,17.9,913.8
285,40,ann,loso,Timaa - TVTC,27.6173,38.5252,01-09-2019 00:00,6725.4,6797.602094341618,72.20209434161825,72.20209434161825,5213.142427315942,1.0735732349245881,32.9,2.1,1825.0,7172.7,0.2028296120119586,18.2,915.5
286,40,ann,loso,Timaa - TVTC,27.6173,38.5252,01-10-2019 00:00,5224.5,5592.488060323972,367.9880603239717,367.9880603239717,135415.21254099903,7.043507710287524,28.1,2.2,1902.4,5422.5,0.2597168562028151,26.7,918.7
287,40,ann,loso,Timaa - TVTC,27.6173,38.5252,01-11-2019 00:00,4375.6,4542.7745908657735,167.1745908657731,167.1745908657731,27947.343831138627,3.8206095361955636,19.9,2.2,1342.1,5845.2,0.1867321525468535,42.5,920.1
288,40,ann,loso,Timaa - TVTC,27.6173,38.5252,01-12-2019 00:00,4303.5,4614.320266177102,310.820266177102,310.820266177102,96609.23786640452,7.222499504521947,14.3,1.9,876.6,7341.8,0.10666309743989098,41.7,921.1
289,40,ann,loso,Timaa - TVTC,27.6173,38.5252,01-01-2020 00:00,4477.6,4550.15036893382,72.5503689338193,72.5503689338193,5263.556032433293,1.6202958936443472,11.1,1.9,1155.3,6835.6,0.14457695628777734,39.6,922.2
290,40,ann,loso,Timaa - TVTC,27.6173,38.5252,01-02-2020 00:00,5507.3,5671.2019831732105,163.90198317321028,163.90198317321028,26863.860088111305,2.9760859799395396,14.6,2.1,1300.9,7610.3,0.1459848280815154,33.6,921.0
291,40,ann,loso,Timaa - TVTC,27.6173,38.5252,01-03-2020 00:00,6387.8,6381.919102511207,-5.88089748879338,5.88089748879338,34.58495527369628,0.0920645212560409,19.4,2.8,2117.1,6558.9,0.2440179806362379,28.3,917.6
292,40,ann,loso,Timaa - TVTC,27.6173,38.5252,01-04-2020 00:00,7732.1,7423.253182036816,-308.84681796318455,308.84681796318455,95386.35696598445,3.9943458822724036,23.9,3.2,2158.2,7770.5,0.2173698470091754,24.8,916.5
293,40,ann,loso,Timaa - TVTC,27.6173,38.5252,01-05-2020 00:00,7826.2,7538.29395746885,-287.90604253115,287.90604253115,82889.88932594834,3.6787462948959906,29.2,2.9,2584.8,6907.7,0.27229918356597316,18.1,917.1
294,40,ann,loso,Timaa - TVTC,27.6173,38.5252,01-09-2020 00:00,6710.6,6925.0032191137525,214.40321911375213,214.40321911375213,45968.7403663396,3.1949932809845936,33.4,2.0,1992.1,6882.4,0.22447461828835427,14.5,916.3
295,40,ann,loso,Timaa - TVTC,27.6173,38.5252,01-10-2020 00:00,5854.3,6122.291778952166,267.991778952166,267.991778952166,71819.5935859466,4.577691251766496,27.3,2.1,1244.5,7751.5,0.1383392618941752,16.0,920.0
296,40,ann,loso,Timaa - TVTC,27.6173,38.5252,01-11-2020 00:00,4608.5,4891.496975161919,282.9969751619192,282.9969751619192,80087.2879507959,6.140761097144823,19.7,2.1,1158.3,6697.6,0.1474433228528876,45.0,919.9
297,40,ann,loso,Timaa - TVTC,27.6173,38.5252,01-12-2020 00:00,3823.8,3949.6144761228566,125.81447612285638,125.81447612285638,15829.282402068797,3.2902996004722103,15.0,1.9,1186.1,5481.4,0.1778927634045744,45.8,921.7
298,40,ann,loso,Timaa - TVTC,27.6173,38.5252,01-01-2021 00:00,4346.5,4477.404735259498,130.904735259498,130.904735259498,17136.04971335926,3.011727487852249,14.4,2.1,1335.1,5998.3,0.18205743584149234,46.3,922.0
299,40,ann,loso,Timaa - TVTC,27.6173,38.5252,01-02-2021 00:00,5093.9,5010.070896475541,-83.82910352445833,83.82910352445833,7027.318597714352,1.6456762701360126,15.4,2.4,1537.8,6355.2,0.19483086278981376,43.6,921.0
300,40,ann,loso,Timaa - TVTC,27.6173,38.5252,01-03-2021 00:00,6610.4,6738.386969900514,127.98696990051394,127.98696990051394,16380.664464315061,1.9361456175195746,20.9,2.7,2135.2,6826.1,0.23826900114938682,25.7,918.7
301,40,ann,loso,Timaa - TVTC,27.6173,38.5252,01-04-2021 00:00,7631.2,7487.205357205875,-143.99464279412496,143.99464279412496,20734.457153407642,1.886920049194425,25.4,2.9,2302.7,7431.0,0.2365698552451791,19.5,918.8
302,40,ann,loso,Timaa - TVTC,27.6173,38.5252,01-05-2021 00:00,8199.1,7824.168939172452,-374.9310608275482,374.9310608275482,140573.30037327064,4.572831906276886,30.6,2.3,2093.4,8362.2,0.200218064960404,14.4,916.1
303,40,ann,loso,Timaa - TVTC,27.6173,38.5252,01-07-2021 00:00,8089.8,7827.349062036723,-262.4509379632773,262.4509379632773,68880.49483780403,3.24422035109987,34.9,2.5,1961.6,8305.6,0.1910550101293439,16.6,911.9
304,40,ann,loso,Timaa - TVTC,27.6173,38.5252,01-08-2021 00:00,7626.9,7588.601566724672,-38.298433275327625,38.298433275327625,1466.7699913447223,0.5021494090040203,34.4,2.3,1896.3,7943.6,0.19271537312371062,16.0,913.8
305,40,ann,loso,Timaa - TVTC,27.6173,38.5252,01-09-2021 00:00,6691.9,6843.361364740597,151.46136474059767,151.46136474059767,22940.545009084362,2.2633536774398557,31.2,2.3,1884.6,7036.9,0.21124250406321807,22.2,915.8
306,40,ann,loso,Timaa - TVTC,27.6173,38.5252,01-10-2021 00:00,5692.4,5873.3842255594545,180.9842255594549,180.9842255594549,32755.28990135565,3.1794010533246944,27.4,1.8,1514.6,6928.6,0.17938696228917944,22.2,919.2
307,40,ann,loso,Timaa - TVTC,27.6173,38.5252,01-11-2021 00:00,4512.3,4744.43577725122,232.13577725122013,232.13577725122013,53887.01908002809,5.144511163956744,20.3,1.9,1236.1,6313.6,0.16372836006728742,33.7,920.8
308,40,ann,loso,Timaa - TVTC,27.6173,38.5252,01-12-2021 00:00,3793.3,3929.1987417320706,135.89874173207045,135.89874173207045,18468.468004359987,3.5825993655147346,15.1,2.1,1524.0,4748.1,0.24298081982111253,40.2,921.2
906,41,ann,loso,Umluj - SWCC,25.00411,37.27382,01-01-2017 00:00,4448.2,4610.98907176959,162.78907176959,162.78907176959,26500.281887604728,3.659661700678702,21.5,3.1,1233.7,6085.1,0.16856588511777887,58.2,1015.2
907,41,ann,loso,Umluj - SWCC,25.00411,37.27382,01-02-2017 00:00,5284.5,5249.257919420615,-35.2420805793854,35.2420805793854,1242.0042435638936,0.6668952706856922,21.2,3.5,1716.4,5960.5,0.2235798304002918,46.3,1015.4
908,41,ann,loso,Umluj - SWCC,25.00411,37.27382,01-03-2017 00:00,6148.7,6162.582638397511,13.882638397511073,13.882638397511073,192.72764887604882,0.22578168389271025,23.1,3.3,2006.1,6196.2,0.24457774038989066,61.4,1010.9
909,41,ann,loso,Umluj - SWCC,25.00411,37.27382,01-04-2017 00:00,6404.3,6500.148806813138,95.84880681313825,95.84880681313825,9186.993767502297,1.4966320567921279,27.0,3.6,2766.8,4908.7,0.3604716305126702,57.2,1009.5
910,41,ann,loso,Umluj - SWCC,25.00411,37.27382,01-05-2017 00:00,7035.7,6930.291861859847,-105.40813814015291,105.40813814015291,11110.875586173559,1.4981897769966446,29.3,2.9,2419.5,6147.7,0.28241432440003733,61.5,1008.2
911,41,ann,loso,Umluj - SWCC,25.00411,37.27382,01-06-2017 00:00,7460.0,6987.790330732922,-472.2096692670784,472.2096692670784,222981.9717493236,6.3298883279769225,30.5,3.1,2041.9,7201.9,0.22089400463013048,65.7,1004.4
912,41,ann,loso,Umluj - SWCC,25.00411,37.27382,01-09-2017 00:00,6164.3,6085.833250601517,-78.46674939848344,78.46674939848344,6157.030761164402,1.2729223009665889,30.6,3.1,2512.2,5045.0,0.3324247075636479,69.0,1006.3
913,41,ann,loso,Umluj - SWCC,25.00411,37.27382,01-10-2017 00:00,5632.0,5740.537054552783,108.53705455278305,108.53705455278305,11780.292210993803,1.9271494061218581,28.0,3.3,1424.7,6765.1,0.17396029207062444,65.7,1010.5
914,41,ann,loso,Umluj - SWCC,25.00411,37.27382,01-11-2017 00:00,4545.7,4753.448955399745,207.74895539974477,207.74895539974477,43159.62846968514,4.5702302263621615,26.0,2.8,1284.1,5939.8,0.17775716718116252,59.8,1012.2
915,41,ann,loso,Umluj - SWCC,25.00411,37.27382,01-03-2018 00:00,6422.2,6384.52630788012,-37.67369211987989,37.67369211987989,1419.3070779435,0.5866166129967906,25.9,2.4,1836.6,6863.6,0.21109859543458767,55.8,1010.6
916,41,ann,loso,Umluj - SWCC,25.00411,37.27382,01-04-2018 00:00,7208.7,6868.8619823183835,-339.8380176816163,339.8380176816163,115489.87826177054,4.714276050905383,26.9,2.4,2349.4,6564.8,0.26355702138161585,58.2,1008.6
917,41,ann,loso,Umluj - SWCC,25.00411,37.27382,01-05-2018 00:00,7035.2,7039.662343344333,4.462343344333021,4.462343344333021,19.912508122713213,0.06342880578139956,31.4,2.8,3193.0,4945.1,0.3923520231995183,51.6,1006.2
918,41,ann,loso,Umluj - SWCC,25.00411,37.27382,01-06-2018 00:00,7620.7,7502.825673119396,-117.8743268806038,117.8743268806038,13894.356937555436,1.5467650856299788,31.7,2.7,2406.9,6873.3,0.2593586345121872,59.8,1004.3
919,41,ann,loso,Umluj - SWCC,25.00411,37.27382,01-07-2018 00:00,7427.1,7442.70529835371,15.605298353709259,15.605298353709259,243.5253367082809,0.2101129425173925,32.4,2.2,2274.3,6839.9,0.24953369467424458,59.9,1003.7
920,41,ann,loso,Umluj - SWCC,25.00411,37.27382,01-08-2018 00:00,7125.3,6848.37058570427,-276.92941429573057,276.92941429573057,76689.90050217639,3.8865649768533337,32.3,2.3,1768.9,7281.4,0.1954520844612886,67.8,1004.4
921,41,ann,loso,Umluj - SWCC,25.00411,37.27382,01-09-2018 00:00,5939.5,5829.386815483498,-110.11318451650186,110.11318451650186,12124.913404365185,1.8539133684064628,31.8,0.3,2915.1,4050.2,0.41851750821931577,71.9,1005.9
922,41,ann,loso,Umluj - SWCC,25.00411,37.27382,01-10-2018 00:00,5176.9,5132.575837707597,-44.324162292402434,44.324162292402434,1964.6313629232297,0.8561912011513153,30.1,0.2,1812.5,5230.3,0.2573550292497302,59.8,1010.1
923,41,ann,loso,Umluj - SWCC,25.00411,37.27382,01-11-2018 00:00,4267.1,4350.39004828417,83.29004828416964,83.29004828416964,6937.232143179311,1.9519122655707537,26.0,0.1,1205.0,5602.3,0.1770158506309403,57.5,1012.5
924,41,ann,loso,Umluj - SWCC,25.00411,37.27382,01-12-2018 00:00,4118.4,4357.538491052486,239.13849105248664,239.13849105248664,57187.21790286023,5.806587292455484,23.0,0.2,1223.5,5806.4,0.1740423050114511,56.9,1015.3
925,41,ann,loso,Umluj - SWCC,25.00411,37.27382,01-01-2019 00:00,3911.3,3978.012038346038,66.71203834603784,66.71203834603784,4450.496060283223,1.7056231520476015,21.9,0.4,1748.0,4060.0,0.3009641873278237,55.3,1014.9
926,41,ann,loso,Umluj - SWCC,25.00411,37.27382,01-02-2019 00:00,5000.7,4894.471905161696,-106.22809483830406,106.22809483830406,11284.408132975721,2.124264499736118,22.2,0.4,1729.3,5524.6,0.23839589737934075,50.3,1014.4
927,41,ann,loso,Umluj - SWCC,25.00411,37.27382,01-03-2019 00:00,6381.1,6367.806783145209,-13.293216854791353,13.293216854791353,176.70961434850892,0.20832171341604666,22.6,0.8,1890.3,6770.1,0.21826936400166275,51.1,1012.9
928,41,ann,loso,Umluj - SWCC,25.00411,37.27382,01-04-2019 00:00,6939.8,6827.684623452658,-112.11537654734184,112.11537654734184,12569.857658352248,1.615541896702237,25.3,0.5,2371.0,6279.5,0.27408820299404657,54.6,1010.1
929,41,ann,loso,Umluj - SWCC,25.00411,37.27382,01-05-2019 00:00,7286.7,6957.125457443215,-329.57454255678476,329.57454255678476,108619.37910151393,4.522960222827683,29.2,0.1,2464.0,6381.8,0.2785502724456805,62.3,1007.2
930,41,ann,loso,Umluj - SWCC,25.00411,37.27382,01-06-2019 00:00,7548.1,7472.945417759606,-75.15458224039412,75.15458224039412,5648.2112317281635,0.9956754976801329,32.5,0.0,2346.2,6909.1,0.2534979957429797,55.3,1005.1
931,41,ann,loso,Umluj - SWCC,25.00411,37.27382,01-07-2019 00:00,7719.4,7319.545411008885,-399.8545889911147,399.8545889911147,159883.69233725328,5.1798661682399505,32.1,0.0,1789.5,7975.2,0.18326215859166178,62.8,1003.3
932,41,ann,loso,Umluj - SWCC,25.00411,37.27382,01-08-2019 00:00,7172.1,6873.8175643142995,-298.2824356857009,298.2824356857009,88972.41143859428,4.158927450616986,32.6,0.0,1825.1,7252.6,0.20105313019817792,63.7,1004.6
933,41,ann,loso,Umluj - SWCC,25.00411,37.27382,01-09-2019 00:00,6201.0,6090.096473330965,-110.90352666903527,110.90352666903527,12299.592227629419,1.7884780949691224,30.9,0.0,2219.7,5567.2,0.28505567042083496,69.9,1005.5
934,41,ann,loso,Umluj - SWCC,25.00411,37.27382,01-10-2019 00:00,5237.5,5509.78002324153,272.2800232415302,272.2800232415302,74136.41105640824,5.19866392823924,30.6,0.0,1872.5,5319.4,0.2603623520905463,64.3,1009.2
935,41,ann,loso,Umluj - SWCC,25.00411,37.27382,01-11-2019 00:00,4663.0,5041.211650356972,378.2116503569723,378.2116503569723,143044.05246574467,8.110908221251819,27.4,0.0,1263.6,6261.0,0.16792919224942188,54.2,1011.1
936,41,ann,loso,Umluj - SWCC,25.00411,37.27382,01-12-2019 00:00,4424.3,4832.701293777234,408.40129377723406,408.40129377723406,166791.61675891865,9.230868019285177,22.9,0.0,962.1,7000.3,0.12083040289359992,48.7,1014.7
937,41,ann,loso,Umluj - SWCC,25.00411,37.27382,01-01-2020 00:00,4496.6,4574.818023440099,78.21802344009848,78.21802344009848,6118.059190875795,1.739492581952997,19.7,0.0,1133.8,6545.9,0.14763597536362097,46.8,1017.4
938,41,ann,loso,Umluj - SWCC,25.00411,37.27382,01-02-2020 00:00,5487.1,5598.535155046347,111.43515504634706,111.43515504634706,12417.793780203408,2.0308570109228383,20.7,0.0,1317.3,7167.4,0.15525593126451143,54.0,1015.8
939,41,ann,loso,Umluj - SWCC,25.00411,37.27382,01-03-2020 00:00,6296.2,6195.951797598254,-100.2482024017454,100.2482024017454,10049.702084781313,1.5922016835828816,23.6,2.9,2293.7,5856.0,0.28144594279544033,56.4,1011.7
940,41,ann,loso,Umluj - SWCC,25.00411,37.27382,01-04-2020 00:00,7289.3,7182.615372871222,-106.68462712877863,106.68462712877863,11381.60966560653,1.4635784935285778,25.4,3.3,2294.6,6871.1,0.25034640016583565,59.8,1010.4
941,41,ann,loso,Umluj - SWCC,25.00411,37.27382,01-05-2020 00:00,7382.4,7288.384450567204,-94.01554943279552,94.01554943279552,8838.92353515042,1.2735092846878457,29.0,3.0,2402.8,6623.9,0.26618808645462905,60.8,1008.0
942,41,ann,loso,Umluj - SWCC,25.00411,37.27382,01-09-2020 00:00,6252.2,6371.217046233323,119.01704623332353,119.01704623332353,14165.05729410507,1.9036026715927759,33.6,2.7,2145.4,5735.0,0.27224506370235013,62.0,1005.2
943,41,ann,loso,Umluj - SWCC,25.00411,37.27382,01-10-2020 00:00,5538.8,5829.15275233173,290.3527523317298,290.3527523317298,84304.72078661082,5.24215989621813,31.4,2.1,1499.9,6507.8,0.1873072168038263,51.7,1009.4
944,41,ann,loso,Umluj - SWCC,25.00411,37.27382,01-11-2020 00:00,4650.6,5097.0807086823825,446.4807086823821,446.4807086823821,199345.02322552216,9.600496896795727,26.5,3.1,1069.4,6695.2,0.1377276356798805,54.8,1012.4
945,41,ann,loso,Umluj - SWCC,25.00411,37.27382,01-12-2020 00:00,4134.5,4411.8828090601,277.38280906010004,277.38280906010004,76941.22276207192,6.7089807488233175,24.3,2.7,1242.8,5702.6,0.17893857805166008,52.8,1013.9
946,41,ann,loso,Umluj - SWCC,25.00411,37.27382,01-01-2021 00:00,4551.5,4938.250320451457,386.7503204514569,386.7503204514569,149575.8103693046,8.497205766262923,23.3,3.1,1358.5,6064.5,0.1830122591943958,52.0,1014.6
947,41,ann,loso,Umluj - SWCC,25.00411,37.27382,01-02-2021 00:00,5326.6,5329.658121254167,3.058121254166508,3.058121254166508,9.352105605184937,0.05741225648943994,22.6,3.3,1338.4,6747.1,0.1655308886277905,53.8,1014.3
948,41,ann,loso,Umluj - SWCC,25.00411,37.27382,01-03-2021 00:00,6299.4,6281.2858237650225,-18.114176234977094,18.114176234977094,328.12338067180895,0.28755399299896967,24.5,3.4,2221.2,5961.2,0.27146069612827534,57.6,1011.2
949,41,ann,loso,Umluj - SWCC,25.00411,37.27382,01-04-2021 00:00,7206.9,7011.133567901141,-195.7664320988588,195.7664320988588,38324.49593671709,2.716375030857356,26.6,3.0,2338.7,6639.8,0.2604778080971209,61.1,1009.8
950,41,ann,loso,Umluj - SWCC,25.00411,37.27382,01-05-2021 00:00,7448.6,7216.652678991029,-231.9473210089718,231.9473210089718,53799.559723239014,3.1139720351337408,30.5,2.7,2210.7,7041.8,0.23893001891380705,62.0,1006.4
951,41,ann,loso,Umluj - SWCC,25.00411,37.27382,01-07-2021 00:00,7250.6,7262.07415800544,11.474158005439676,11.474158005439676,131.65630193379542,0.1582511517038545,32.1,3.0,2348.7,6507.2,0.2652130218272564,63.0,1002.3
952,41,ann,loso,Umluj - SWCC,25.00411,37.27382,01-08-2021 00:00,6928.1,6969.4351426264075,41.335142626407105,41.335142626407105,1708.5940159454176,0.5966302828539874,33.0,2.8,2195.7,6375.9,0.256159876802464,64.7,1003.3
953,41,ann,loso,Umluj - SWCC,25.00411,37.27382,01-09-2021 00:00,6136.1,6306.019243919452,169.91924391945122,169.91924391945122,28872.54945415796,2.7691733172446864,30.8,3.1,2252.4,5489.1,0.2909513660143383,70.8,1005.4
954,41,ann,loso,Umluj - SWCC,25.00411,37.27382,01-10-2021 00:00,5448.4,5461.491675900677,13.091675900677728,13.091675900677728,171.391977888386,0.24028477903013232,28.9,2.9,1623.5,6044.3,0.2117295704113305,68.1,1009.6
955,41,ann,loso,Umluj - SWCC,25.00411,37.27382,01-11-2021 00:00,4539.7,4882.5737380543005,342.8737380543007,342.8737380543007,117562.40024732922,7.552784061816877,26.8,2.5,1257.1,6067.4,0.17162946276196325,59.8,1011.9
956,41,ann,loso,Umluj - SWCC,25.00411,37.27382,01-12-2021 00:00,3847.4,4024.148404294016,176.74840429401593,176.74840429401593,31239.998420480908,4.5939700653432425,23.3,2.9,1361.4,4889.2,0.2178030909032733,53.6,1014.6
957,42,ann,loso,Wadi Addawasir - TVTC,20.43008,44.89433,01-01-2017 00:00,4977.4,4907.043012783766,-70.35698721623339,70.35698721623339,4950.1056501452285,1.4135288949297504,18.6,2.7,1579.1,5955.5,0.20957980516550312,28.5,941.9
958,42,ann,loso,Wadi Addawasir - TVTC,20.43008,44.89433,01-02-2017 00:00,5020.4,4880.493884065448,-139.90611593455196,139.90611593455196,19573.721275892294,2.786752369025416,18.1,3.5,2572.6,3716.9,0.409030924556801,36.1,942.0
959,42,ann,loso,Wadi Addawasir - TVTC,20.43008,44.89433,01-03-2017 00:00,5831.1,5834.11816090735,3.0181609073497384,3.0181609073497384,9.109295262654197,0.05175971784654248,25.2,3.2,2967.1,3884.9,0.4330268534734384,32.7,937.2
960,42,ann,loso,Wadi Addawasir - TVTC,20.43008,44.89433,01-04-2017 00:00,6901.4,6968.883159361111,67.48315936111157,67.48315936111157,4553.976797357181,0.9778184043978263,29.6,3.0,2843.7,5392.9,0.34525168151907343,16.8,937.4
961,42,ann,loso,Wadi Addawasir - TVTC,20.43008,44.89433,01-05-2017 00:00,6876.1,7009.490045601774,133.39004560177364,133.39004560177364,17792.90426564325,1.939908459763145,33.6,2.5,3274.7,4561.7,0.41788321167883213,19.0,935.2
962,42,ann,loso,Wadi Addawasir - TVTC,20.43008,44.89433,01-05-2019 00:00,6581.4,6614.25841083354,32.8584108335408,32.8584108335408,1079.6751625057516,0.4992617199006412,32.1,3.1,3115.5,4327.2,0.4185980894030392,20.8,935.8
963,42,ann,loso,Wadi Addawasir - TVTC,20.43008,44.89433,01-02-2020 00:00,5844.4,5839.177013012612,-5.22298698738723,5.22298698738723,27.279593070416336,0.0893673771026492,20.9,3.3,2203.6,5644.7,0.2807741803957545,21.8,941.5
964,42,ann,loso,Wadi Addawasir - TVTC,20.43008,44.89433,01-04-2020 00:00,6929.7,6922.0031416412485,-7.696858358751342,7.696858358751342,59.24162859468041,0.1110705854330107,30.1,3.2,2829.1,5323.9,0.3470011038881393,27.1,936.0
965,42,ann,loso,Wadi Addawasir - TVTC,20.43008,44.89433,01-05-2020 00:00,6863.4,6973.971095203538,110.57109520353879,110.57109520353879,12225.967094510039,1.6110250780012645,33.5,2.8,3240.3,4594.4,0.4135831620866147,15.0,935.3
966,42,ann,loso,Wadi Addawasir - TVTC,20.43008,44.89433,01-09-2020 00:00,7092.6,6933.491088429903,-159.108911570097,159.108911570097,25315.645741020948,2.2433086818669743,32.6,1.9,2038.8,6992.3,0.2257532305034824,12.4,933.7
967,42,ann,loso,Wadi Addawasir - TVTC,20.43008,44.89433,01-11-2020 00:00,5538.1,5608.483168808579,70.38316880857838,70.38316880857838,4953.79045153684,1.270890175485787,22.6,2.5,1207.5,7472.4,0.13911450592748764,27.0,941.0
968,42,ann,loso,Wadi Addawasir - TVTC,20.43008,44.89433,01-01-2021 00:00,5181.0,5153.520578377719,-27.479421622280825,27.479421622280825,755.118612695075,0.5303883733310331,17.4,2.9,1607.7,6255.2,0.2044665454221725,30.7,942.8
969,42,ann,loso,Wadi Addawasir - TVTC,20.43008,44.89433,01-04-2021 00:00,7354.2,7127.302380108587,-226.89761989141243,226.89761989141243,51482.52991238788,3.085279430684676,29.0,2.7,2725.9,6052.8,0.3105129461081937,14.1,937.4
970,42,ann,loso,Wadi Addawasir - TVTC,20.43008,44.89433,01-07-2021 00:00,6964.2,7112.180753894847,147.9807538948471,147.9807538948471,21898.303523287308,2.1248780031424586,36.0,2.6,3141.6,4847.9,0.3932160961261656,18.5,928.1
971,42,ann,loso,Wadi Addawasir - TVTC,20.43008,44.89433,01-10-2021 00:00,6404.1,6376.663537307447,-27.436462692553505,27.436462692553505,752.7594850798803,0.4284202728338643,28.2,2.0,1683.5,7204.1,0.18942121607633106,18.2,938.5
1308,43,ann,loso,Yanbu - RCJY,23.98655,38.20451,01-01-2017 00:00,4068.4,4297.459676416147,229.05967641614689,229.05967641614689,52468.33535986992,5.630215229971165,22.4,2.4,1403.7,5130.4,0.21482683154527787,53.9,1014.2
1309,43,ann,loso,Yanbu - RCJY,23.98655,38.20451,01-02-2017 00:00,4398.5,4375.801570467547,-22.698429532452792,22.698429532452792,515.2187032397251,0.5160493243708717,21.6,3.5,1896.4,4096.8,0.3164252819862511,38.0,1014.4
1310,43,ann,loso,Yanbu - RCJY,23.98655,38.20451,01-09-2017 00:00,6309.4,6229.135854799651,-80.26414520034905,80.26414520034905,6442.333004742715,1.2721359432013988,32.5,0.0,2707.0,4926.1,0.3546396614743682,56.4,1004.7
1311,43,ann,loso,Yanbu - RCJY,23.98655,38.20451,01-11-2017 00:00,4643.4,4943.351657471559,299.951657471559,299.951657471559,89970.99681993543,6.459741944944632,26.5,0.0,1566.3,5473.5,0.22249211625330265,56.0,1011.7
1312,43,ann,loso,Yanbu - RCJY,23.98655,38.20451,01-04-2018 00:00,7540.4,7144.7318067592205,-395.66819324077915,395.66819324077915,156553.31914242255,5.247310397867211,26.8,0.0,2414.7,6962.9,0.25749658761303534,56.5,1007.9
1313,43,ann,loso,Yanbu - RCJY,23.98655,38.20451,01-05-2018 00:00,7572.4,7458.152488425454,-114.24751157454557,114.24751157454557,13052.493900975924,1.5087358245014206,31.5,0.0,3416.5,5288.5,0.39247558874210225,44.0,1005.7
1314,43,ann,loso,Yanbu - RCJY,23.98655,38.20451,01-06-2018 00:00,7806.4,7740.100947071368,-66.29905292863168,66.29905292863168,4395.564419233505,0.8492910039023326,32.0,0.0,2673.0,6763.5,0.2832618025751073,52.8,1002.9
1315,43,ann,loso,Yanbu - RCJY,23.98655,38.20451,01-01-2019 00:00,4003.2,4032.8775999082727,29.677599908272896,29.677599908272896,880.7599363155194,0.7413469201706858,22.5,0.0,1845.6,3937.3,0.31914783240242783,52.7,1014.3
1316,43,ann,loso,Yanbu - RCJY,23.98655,38.20451,01-02-2019 00:00,5492.9,6147.028612920145,654.1286129201453,654.1286129201453,427884.2422408333,11.908620454043318,22.8,0.0,2272.0,5237.1,0.30256621965348707,42.4,1013.4
1317,43,ann,loso,Yanbu - RCJY,23.98655,38.20451,01-03-2019 00:00,6508.9,6353.552078035629,-155.34792196437047,155.34792196437047,24132.976858648137,2.386700087025004,23.0,0.0,2012.5,6677.6,0.23158536725699358,44.1,1012.0
1318,43,ann,loso,Yanbu - RCJY,23.98655,38.20451,01-04-2019 00:00,6712.6,6764.960030103162,52.36003010316199,52.36003010316199,2741.57275240403,0.7800260719119564,26.3,0.0,2464.4,5801.4,0.29814416027486756,44.9,1009.1
1319,43,ann,loso,Yanbu - RCJY,23.98655,38.20451,01-10-2021 00:00,5533.9,5456.755346668764,-77.14465333123553,77.14465333123553,5951.29753759651,1.394037718990866,29.6,0.0,1817.2,5649.4,0.24337717301047332,64.9,1008.4
