record_id,fold,model_name,cv_strategy,station_name,latitude,longitude,date,actual_ghi,predicted_ghi,residual_error,absolute_error,squared_error,relative_error_pct,air_temperature_c,wind_speed_m_s,dhi_wh_m2,dni_wh_m2,diffuse_fraction,relative_humidity_pct,barometric_pressure_mb
1214,1,cnn1d,loso,Afif - TVTC,23.92118,42.94815,01-01-2017 00:00,4723.7,4807.1884765625,83.48847656250018,83.48847656250018,6970.325718727142,1.7674381642039119,17.4,4.3,1542.9,5834.3,0.20914439082578756,32.4,898.9
1215,1,cnn1d,loso,Afif - TVTC,23.92118,42.94815,01-02-2017 00:00,4872.1,4790.2158203125,-81.88417968750036,81.88417968750036,6705.018883094847,1.6806752670819638,14.3,4.5,2397.0,3992.9,0.3751232413652796,39.3,898.9
1216,1,cnn1d,loso,Afif - TVTC,23.92118,42.94815,01-03-2017 00:00,5521.8,5585.4287109375,63.62871093749982,63.62871093749982,4048.612855567909,1.152318282761053,21.7,4.7,2974.0,3598.1,0.45251898175621186,36.2,895.0
1217,1,cnn1d,loso,Afif - TVTC,23.92118,42.94815,01-04-2017 00:00,6322.8,6519.759765625,196.95976562499982,196.95976562499982,38793.14927505486,3.11507189259505,27.9,5.0,3415.9,3770.1,0.47535485666573896,20.6,896.1
1218,1,cnn1d,loso,Afif - TVTC,23.92118,42.94815,01-05-2017 00:00,6918.2,6765.466796875,-152.73320312499982,152.73320312499982,23327.431336822454,2.2077014703969216,31.0,3.5,3460.3,4369.2,0.44195670221597805,21.4,894.7
1219,1,cnn1d,loso,Afif - TVTC,23.92118,42.94815,01-06-2017 00:00,7910.8,7946.13525390625,35.33525390624982,35.33525390624982,1248.580168619143,0.4466710561036787,34.5,3.8,2742.9,6769.5,0.2883499432319919,8.7,891.7
1220,1,cnn1d,loso,Afif - TVTC,23.92118,42.94815,01-09-2017 00:00,6954.4,6913.9970703125,-40.402929687499636,40.402929687499636,1632.3967273330395,0.580969309897326,31.6,3.1,2286.2,6573.0,0.2580594184576485,10.0,894.3
1221,1,cnn1d,loso,Afif - TVTC,23.92118,42.94815,01-10-2017 00:00,6326.5,6375.90625,49.40625,49.40625,2440.9775390625,0.7809412787481229,27.5,3.8,1532.0,7682.0,0.1662687215107445,13.0,897.3
1222,1,cnn1d,loso,Afif - TVTC,23.92118,42.94815,01-11-2017 00:00,4973.7,5086.01171875,112.31171875000018,112.31171875000018,12613.922168579142,2.258112044353302,21.4,4.3,1611.6,5986.5,0.21210565799344572,32.7,898.5
1223,1,cnn1d,loso,Afif - TVTC,23.92118,42.94815,01-03-2018 00:00,6556.4,6482.94970703125,-73.45029296874964,73.45029296874964,5394.945537195153,1.120283890073053,24.7,4.3,2421.9,6007.3,0.28732264034546573,25.7,896.8
1224,1,cnn1d,loso,Afif - TVTC,23.92118,42.94815,01-04-2018 00:00,6654.2,6798.71142578125,144.51142578125018,144.51142578125018,20883.55218132978,2.171732526543389,24.7,4.9,3076.3,4729.0,0.3941296298668853,35.1,894.3
1225,1,cnn1d,loso,Afif - TVTC,23.92118,42.94815,01-05-2018 00:00,7499.6,7416.8955078125,-82.70449218750036,82.70449218750036,6840.033027992309,1.1027853777201497,30.7,4.3,3497.6,5083.6,0.4075886822355847,19.1,893.8
1226,1,cnn1d,loso,Afif - TVTC,23.92118,42.94815,01-06-2018 00:00,7850.1,7652.048828125,-198.05117187500036,198.05117187500036,39224.26668106094,2.522912725634073,34.3,3.4,3047.3,6214.8,0.3290074605111152,12.1,891.7
1227,1,cnn1d,loso,Afif - TVTC,23.92118,42.94815,01-07-2018 00:00,7727.5,7507.4189453125,-220.0810546875,220.0810546875,48435.670632362366,2.8480240011323197,34.1,3.4,2838.8,6323.6,0.30983148520038417,13.2,890.2
1228,1,cnn1d,loso,Afif - TVTC,23.92118,42.94815,01-08-2018 00:00,7555.9,7409.041015625,-146.85898437499964,146.85898437499964,21567.561291656388,1.9436332452123457,34.2,3.0,2169.3,7267.0,0.2298888335470471,13.2,890.9
1229,1,cnn1d,loso,Afif - TVTC,23.92118,42.94815,01-09-2018 00:00,6637.8,6835.2646484375,197.46464843749982,197.46464843749982,38992.2873825454,2.974850830659252,33.8,3.3,2582.3,5525.6,0.3184918412905931,13.6,894.3
1230,1,cnn1d,loso,Afif - TVTC,23.92118,42.94815,01-10-2018 00:00,5498.5,5804.36328125,305.86328125,305.86328125,93552.3468170166,5.562667659361644,26.4,3.9,1913.0,5582.8,0.25520958403372557,33.6,898.2
1231,1,cnn1d,loso,Afif - TVTC,23.92118,42.94815,01-11-2018 00:00,4236.3,4153.22412109375,-83.07587890625018,83.07587890625018,6901.601656045944,1.9610480585947685,20.0,4.2,1777.1,4318.1,0.2915572909830686,60.4,898.4
1232,1,cnn1d,loso,Afif - TVTC,23.92118,42.94815,01-12-2018 00:00,4387.7,4316.48388671875,-71.21611328124982,71.21611328124982,5071.734790887806,1.6230852902716646,18.5,4.2,1505.2,5596.8,0.21194029850746268,45.7,899.6
1233,1,cnn1d,loso,Afif - TVTC,23.92118,42.94815,01-01-2019 00:00,4414.1,4222.76806640625,-191.33193359375036,191.33193359375036,36607.9088127233,4.334562732918383,18.4,4.6,2204.3,3976.2,0.35665399239543727,40.4,899.2
1234,1,cnn1d,loso,Afif - TVTC,23.92118,42.94815,01-02-2019 00:00,5097.9,5113.29296875,15.392968750000364,15.392968750000364,236.94348693848775,0.3019472478863917,17.9,4.7,2182.2,4812.9,0.31196123000385984,41.5,898.0
1235,1,cnn1d,loso,Afif - TVTC,23.92118,42.94815,01-03-2019 00:00,6589.6,6530.32080078125,-59.279199218750364,59.279199218750364,3514.023460016294,0.899587216504042,20.0,4.4,2364.1,6282.7,0.2734075033538419,26.4,896.3
1236,1,cnn1d,loso,Afif - TVTC,23.92118,42.94815,01-04-2019 00:00,7156.5,6992.30224609375,-164.19775390625,164.19775390625,26960.902387857437,2.2943862768986234,24.4,4.0,2643.4,6163.0,0.3001680595930233,28.6,895.4
1237,1,cnn1d,loso,Afif - TVTC,23.92118,42.94815,01-05-2019 00:00,6958.5,6688.23779296875,-270.26220703125,270.26220703125,73041.66054940224,3.883914737820651,30.0,3.6,2892.2,5191.5,0.3577817088709378,26.4,894.9
1238,1,cnn1d,loso,Afif - TVTC,23.92118,42.94815,01-06-2019 00:00,7610.3,7921.68408203125,311.3840820312498,311.3840820312498,96960.04654244412,4.091613760709168,35.1,3.4,2739.2,6325.8,0.30217319360176503,13.3,892.4
1239,1,cnn1d,loso,Afif - TVTC,23.92118,42.94815,01-07-2019 00:00,7836.3,7867.37548828125,31.075488281249818,31.075488281249818,965.6859719180948,0.3965581751751441,35.4,3.3,2634.9,6860.6,0.2774893370543942,12.2,889.8
1240,1,cnn1d,loso,Afif - TVTC,23.92118,42.94815,01-08-2019 00:00,7641.6,7678.90478515625,37.304785156249636,37.304785156249636,1391.6469955539433,0.4881802915128982,34.3,3.3,2137.6,7414.8,0.22377622377622378,13.5,891.2
1241,1,cnn1d,loso,Afif - TVTC,23.92118,42.94815,01-09-2019 00:00,6736.4,6737.5693359375,1.1693359375003638,1.1693359375003638,1.3673465347298548,0.017358469471830115,33.6,3.5,2220.0,6283.9,0.2610566916356025,14.2,893.4
1242,1,cnn1d,loso,Afif - TVTC,23.92118,42.94815,01-10-2019 00:00,5849.9,6008.01708984375,158.11708984375036,158.11708984375036,25001.014100656623,2.70290244010582,29.1,3.2,1861.0,6245.0,0.22958302491981247,21.6,896.5
1243,1,cnn1d,loso,Afif - TVTC,23.92118,42.94815,01-11-2019 00:00,4843.5,4594.0556640625,-249.4443359375,249.4443359375,62222.476731300354,5.150084359192732,21.8,4.5,1732.7,5494.2,0.23975701891544093,39.2,898.0
1244,1,cnn1d,loso,Afif - TVTC,23.92118,42.94815,01-12-2019 00:00,4592.8,4618.1259765625,25.325976562499818,25.325976562499818,641.40508884429,0.5514278122822639,18.3,4.1,1308.8,6414.6,0.16945904653390992,38.5,898.7
1245,1,cnn1d,loso,Afif - TVTC,23.92118,42.94815,01-01-2020 00:00,5030.2,5022.97998046875,-7.220019531249818,7.220019531249818,52.12868203162884,0.14353344859547967,14.3,3.7,1246.2,7255.0,0.14659106949607115,36.0,899.4
1246,1,cnn1d,loso,Afif - TVTC,23.92118,42.94815,01-02-2020 00:00,5601.3,5561.0703125,-40.22968750000018,40.22968750000018,1618.427756347671,0.7182205470158746,18.6,4.4,2050.5,5828.9,0.2602355509302739,30.9,898.8
1247,1,cnn1d,loso,Afif - TVTC,23.92118,42.94815,01-03-2020 00:00,6705.5,6895.71142578125,190.21142578125,190.21142578125,36180.38649773598,2.8366479126276936,21.7,4.2,2476.1,6175.9,0.2861881645862228,22.1,895.8
1248,1,cnn1d,loso,Afif - TVTC,23.92118,42.94815,01-04-2020 00:00,7324.1,7275.9970703125,-48.102929687500364,48.102929687500364,2313.8918445206036,0.6567759818612575,26.4,4.0,2808.9,6139.0,0.3139172319762179,27.2,894.6
1249,1,cnn1d,loso,Afif - TVTC,23.92118,42.94815,01-05-2020 00:00,7113.0,6878.02587890625,-234.97412109375,234.97412109375,55212.83758378029,3.303446100010544,31.2,4.0,3419.7,4699.0,0.4212127557367559,20.2,894.9
1250,1,cnn1d,loso,Afif - TVTC,23.92118,42.94815,01-09-2020 00:00,6862.5,7024.45361328125,161.95361328125,161.95361328125,26228.972854852676,2.3599797928051003,32.1,2.9,2037.5,6866.3,0.2288348794896561,12.9,893.9
1251,1,cnn1d,loso,Afif - TVTC,23.92118,42.94815,01-10-2020 00:00,6419.3,6469.15625,49.85624999999982,49.85624999999982,2485.645664062482,0.7766617855529391,25.8,2.7,1220.8,8472.9,0.1259374645388242,14.6,898.2
1252,1,cnn1d,loso,Afif - TVTC,23.92118,42.94815,01-11-2020 00:00,5000.4,5320.41845703125,320.01845703125036,320.01845703125036,102411.81284066224,6.399857152052843,22.5,4.7,1439.3,6489.2,0.18153496878350256,33.5,898.3
1253,1,cnn1d,loso,Afif - TVTC,23.92118,42.94815,01-12-2020 00:00,4332.4,4352.935546875,20.535546875000364,20.535546875000364,421.7086854553372,0.47399932773982933,18.0,4.6,1616.9,5196.0,0.23732918434146988,43.7,899.3
1254,1,cnn1d,loso,Afif - TVTC,23.92118,42.94815,01-01-2021 00:00,4835.5,4889.26611328125,53.76611328125,53.76611328125,2890.7949373722076,1.1119039040688656,16.9,4.6,1669.7,5767.6,0.2245035160609361,38.5,899.6
1255,1,cnn1d,loso,Afif - TVTC,23.92118,42.94815,01-02-2021 00:00,5430.2,6023.61474609375,593.4147460937502,593.4147460937502,352141.06088150997,10.928045856391112,18.4,5.0,2034.9,5682.9,0.2636632200886263,37.3,898.3
1256,1,cnn1d,loso,Afif - TVTC,23.92118,42.94815,01-03-2021 00:00,6626.1,6803.28369140625,177.18369140624964,177.18369140624964,31394.060500345102,2.67402682431973,24.6,4.6,2908.1,5271.0,0.35555256690833953,20.5,896.4
1257,1,cnn1d,loso,Afif - TVTC,23.92118,42.94815,01-04-2021 00:00,7084.3,7079.873046875,-4.426953125000182,4.426953125000182,19.597913970948877,0.06248963376762957,26.9,3.9,3134.9,5236.5,0.3744773872948372,22.3,896.4
1258,1,cnn1d,loso,Afif - TVTC,23.92118,42.94815,01-05-2021 00:00,8037.0,7756.34912109375,-280.65087890625,280.65087890625,78764.9158308506,3.49198555314483,32.6,3.2,2602.0,7173.4,0.2661783661026659,12.3,893.4
1259,1,cnn1d,loso,Afif - TVTC,23.92118,42.94815,01-08-2021 00:00,7523.6,7361.4560546875,-162.14394531250036,162.14394531250036,26290.659001503107,2.1551377706483645,35.3,3.3,2449.3,6776.8,0.26547511949794605,12.7,891.1
1260,1,cnn1d,loso,Afif - TVTC,23.92118,42.94815,01-09-2021 00:00,6930.7,7255.16455078125,324.4645507812502,324.4645507812502,105277.24471367848,4.681555265431345,32.7,3.3,2300.2,6470.7,0.26225358857129827,13.1,893.2
1261,1,cnn1d,loso,Afif - TVTC,23.92118,42.94815,01-11-2021 00:00,5126.2,5414.84228515625,288.6422851562502,288.6422851562502,83314.36878022204,5.630726174481101,23.0,3.9,1489.8,6500.4,0.18645340542164152,28.5,898.5
1262,1,cnn1d,loso,Afif - TVTC,23.92118,42.94815,01-12-2021 00:00,4333.9,4988.11474609375,654.2147460937504,654.2147460937504,427996.93400651024,15.095289372014822,18.2,4.0,1642.5,5185.3,0.24056064911098743,37.5,899.5
1441,2,cnn1d,loso,Al Ahsa - KFU,25.34616,49.5956,01-01-2017 00:00,3707.6,4496.9033203125,789.3033203125001,789.3033203125001,622999.7314563371,21.28879383732064,17.0,1.9,1691.9,3758.5,0.3104175840305299,37.9,1000.6
1442,2,cnn1d,loso,Al Ahsa - KFU,25.34616,49.5956,01-02-2017 00:00,3725.0,3925.48779296875,200.48779296875,200.48779296875,40195.35512948036,5.382222630033557,15.4,1.8,2081.7,2698.7,0.4354656514099238,44.8,1001.4
1443,2,cnn1d,loso,Al Ahsa - KFU,25.34616,49.5956,01-03-2017 00:00,4575.6,4693.97412109375,118.37412109374964,118.37412109374964,14012.432544717703,2.587073194635668,22.3,1.6,2750.5,2633.0,0.5109129748305006,40.7,995.9
1444,2,cnn1d,loso,Al Ahsa - KFU,25.34616,49.5956,01-04-2017 00:00,6136.1,6126.82763671875,-9.272363281250364,9.272363281250364,85.97672081948001,0.15111167160330444,30.0,2.0,3259.5,3821.9,0.4602903380687435,21.6,993.7
1445,2,cnn1d,loso,Al Ahsa - KFU,25.34616,49.5956,01-09-2017 00:00,6667.4,6463.2353515625,-204.16464843749964,204.16464843749964,41683.20367160782,3.062132891944381,35.7,1.2,2166.1,6297.6,0.2559282583267365,29.6,988.3
1446,2,cnn1d,loso,Al Ahsa - KFU,25.34616,49.5956,01-11-2017 00:00,4347.2,4305.14306640625,-42.05693359374982,42.05693359374982,1768.7856633090819,0.9674487852813264,23.7,1.4,1673.0,4803.4,0.25832252485948987,37.8,998.8
1447,2,cnn1d,loso,Al Ahsa - KFU,25.34616,49.5956,01-12-2017 00:00,4260.2,5007.17236328125,746.9723632812502,746.9723632812502,557967.711505976,17.53373933808859,17.8,1.6,1195.7,6085.2,0.16422420305182053,31.2,1002.5
1448,2,cnn1d,loso,Al Ahsa - KFU,25.34616,49.5956,01-03-2019 00:00,5956.1,5155.87890625,-800.2210937500004,800.2210937500004,640353.7988824468,13.435319987072084,21.4,1.9,2431.1,5091.9,0.32315565598830254,34.6,996.9
1449,2,cnn1d,loso,Al Ahsa - KFU,25.34616,49.5956,01-05-2019 00:00,5879.3,6502.615234375,623.3152343749998,623.3152343749998,388521.8814039609,10.601861350415863,34.3,1.7,3126.1,3401.6,0.47889762090782356,18.6,990.6
1450,2,cnn1d,loso,Al Ahsa - KFU,25.34616,49.5956,01-07-2019 00:00,7450.6,7183.2275390625,-267.37246093750036,267.37246093750036,71488.03286777515,3.588603078107808,38.8,2.0,2768.7,5921.1,0.3186149278464407,14.9,981.1
1451,2,cnn1d,loso,Al Ahsa - KFU,25.34616,49.5956,01-08-2019 00:00,7203.9,7434.16259765625,230.26259765625036,230.26259765625036,53020.863879404234,3.196360272300426,38.7,1.9,2596.3,6001.1,0.30198664712587525,17.0,982.8
1452,2,cnn1d,loso,Al Ahsa - KFU,25.34616,49.5956,01-11-2019 00:00,4107.6,4077.40576171875,-30.194238281250364,30.194238281250364,911.6920253849249,0.7350822446501695,23.3,1.4,1743.9,4166.4,0.29506116440789815,43.8,999.0
1453,2,cnn1d,loso,Al Ahsa - KFU,25.34616,49.5956,01-02-2020 00:00,4940.6,4879.5390625,-61.060937500000364,61.060937500000364,3728.438088378951,1.2359012569323635,19.1,1.4,1896.0,4985.1,0.2755373414134368,32.7,1000.7
1454,2,cnn1d,loso,Al Ahsa - KFU,25.34616,49.5956,01-09-2020 00:00,6638.8,6594.87744140625,-43.92255859375018,43.92255859375018,1929.191153421418,0.6616038831377685,36.1,1.2,1902.2,6615.8,0.22331533223761446,21.4,987.9
1455,2,cnn1d,loso,Al Ahsa - KFU,25.34616,49.5956,01-11-2020 00:00,4461.1,4629.46875,168.36874999999964,168.36874999999964,28348.035976562376,3.7741532357490217,24.4,0.0,1402.9,5489.3,0.20354893938074925,41.6,999.1
1456,2,cnn1d,loso,Al Ahsa - KFU,25.34616,49.5956,01-04-2021 00:00,6957.6,7033.33935546875,75.73935546874964,75.73935546874964,5736.449966821616,1.0885845042651148,30.1,0.0,2924.7,5225.1,0.35886770227490244,16.5,993.1
1457,2,cnn1d,loso,Al Ahsa - KFU,25.34616,49.5956,01-07-2021 00:00,7299.4,7291.90380859375,-7.496191406249636,7.496191406249636,56.192885599130896,0.10269599427692189,39.7,0.0,2690.6,5825.2,0.3159538739754339,21.2,980.3
1458,2,cnn1d,loso,Al Ahsa - KFU,25.34616,49.5956,01-10-2021 00:00,5573.0,5480.5234375,-92.4765625,92.4765625,8551.914611816406,1.6593677103893774,31.2,0.0,1680.5,6010.6,0.21849930439078935,31.4,993.7
765,3,cnn1d,loso,Al Baha - University,20.1794,41.6357,01-01-2017 00:00,5018.8,5087.4765625,68.67656249999982,68.67656249999982,4716.470236816382,1.368386118195581,18.5,2.5,1128.1,6915.1,0.1402551223393674,39.0,836.3
766,3,cnn1d,loso,Al Baha - University,20.1794,41.6357,01-02-2017 00:00,5049.4,5404.51513671875,355.11513671875036,355.11513671875036,126106.76032677677,7.03281848771637,16.5,3.2,2030.9,4829.5,0.296032301323538,48.5,835.0
767,3,cnn1d,loso,Al Baha - University,20.1794,41.6357,01-03-2018 00:00,6968.5,6329.18212890625,-639.31787109375,639.31787109375,408727.34029984474,9.174397231739254,21.2,2.6,1712.1,7597.9,0.18389903329752952,29.4,834.9
768,3,cnn1d,loso,Al Baha - University,20.1794,41.6357,01-04-2018 00:00,6852.4,6487.80126953125,-364.59873046874964,364.59873046874964,132932.23425942395,5.320745001295162,21.6,3.3,2345.7,6034.2,0.27991980811226863,42.2,833.6
769,3,cnn1d,loso,Al Baha - University,20.1794,41.6357,01-05-2018 00:00,7144.1,7256.2109375,112.11093749999964,112.11093749999964,12568.862307128824,1.5692800702677683,26.5,2.8,2678.3,5692.9,0.31994218272171254,24.2,833.6
770,3,cnn1d,loso,Al Baha - University,20.1794,41.6357,01-06-2018 00:00,6996.7,7317.10205078125,320.4020507812502,320.4020507812502,102657.47414483082,4.579330981480558,29.3,2.8,3295.4,4686.4,0.41286426620561784,17.9,832.4
771,3,cnn1d,loso,Al Baha - University,20.1794,41.6357,01-07-2018 00:00,6665.0,7439.82373046875,774.82373046875,774.82373046875,600351.8132975101,11.6252622725994,28.6,3.1,3105.6,4438.7,0.4116485293532866,21.9,831.6
772,3,cnn1d,loso,Al Baha - University,20.1794,41.6357,01-08-2018 00:00,6590.6,7156.67578125,566.0757812499996,566.0757812499996,320441.79011779744,8.589138792370948,28.9,3.1,2628.8,5055.4,0.34210457822544965,23.4,831.9
773,3,cnn1d,loso,Al Baha - University,20.1794,41.6357,01-03-2019 00:00,6846.4,6010.2529296875,-836.1470703124996,836.1470703124996,699141.9231921762,12.21294505597832,19.5,0.0,1944.9,7084.3,0.21540114295840163,35.4,834.0
774,3,cnn1d,loso,Al Baha - University,20.1794,41.6357,01-04-2019 00:00,6864.9,6215.87548828125,-649.0245117187496,649.0245117187496,421232.8168117614,9.454245680472399,22.5,0.0,2381.3,5975.5,0.2849535707447827,40.4,834.1
775,3,cnn1d,loso,Al Baha - University,20.1794,41.6357,01-05-2019 00:00,5895.8,6040.79248046875,144.99248046874982,144.99248046874982,21022.819392480797,2.459250321733265,24.1,0.0,2730.5,4082.4,0.4007838071893027,34.4,834.7
776,3,cnn1d,loso,Al Baha - University,20.1794,41.6357,01-06-2019 00:00,6252.5,6824.5458984375,572.0458984375,572.0458984375,327236.50991916656,9.14907474510196,29.1,0.0,2752.9,4397.7,0.38498867227924927,18.4,833.2
777,3,cnn1d,loso,Al Baha - University,20.1794,41.6357,01-07-2019 00:00,6914.6,6908.36767578125,-6.232324218750364,6.232324218750364,38.84186516762233,0.09013282357259081,29.9,0.0,2950.1,4929.2,0.37441143248765757,16.4,831.3
778,3,cnn1d,loso,Al Baha - University,20.1794,41.6357,01-08-2019 00:00,6362.0,6412.4130859375,50.4130859375,50.4130859375,2541.4792337417603,0.7924093985774914,27.8,0.0,2624.2,4751.7,0.3557803115552,28.3,832.4
779,3,cnn1d,loso,Al Baha - University,20.1794,41.6357,01-09-2019 00:00,6709.8,6663.751953125,-46.04804687500018,46.04804687500018,2120.422621002214,0.6862804684938475,28.4,0.0,2286.3,6008.3,0.2756371615267765,17.1,833.5
780,3,cnn1d,loso,Al Baha - University,20.1794,41.6357,01-10-2019 00:00,6017.5,5861.48046875,-156.01953125,156.01953125,24342.094131469727,2.5927632945575407,23.9,0.0,1698.9,6532.6,0.2063900868614469,27.1,835.5
781,3,cnn1d,loso,Al Baha - University,20.1794,41.6357,01-11-2019 00:00,4554.2,4759.98095703125,205.78095703125018,205.78095703125018,42345.802276697235,4.518487484766813,19.3,0.0,1546.0,5047.1,0.2344875703386874,47.2,835.2
782,3,cnn1d,loso,Al Baha - University,20.1794,41.6357,01-12-2019 00:00,4915.2,4439.10546875,-476.0945312499998,476.0945312499998,226666.00268615707,9.686168034871416,17.2,0.0,1302.9,6612.5,0.16460317861384138,49.4,835.6
783,3,cnn1d,loso,Al Baha - University,20.1794,41.6357,01-01-2020 00:00,5450.1,5392.0302734375,-58.069726562500364,58.069726562500364,3372.0931430435603,1.0654800198620276,15.2,0.4,1087.9,7888.5,0.12119557951962927,41.3,835.8
784,3,cnn1d,loso,Al Baha - University,20.1794,41.6357,01-02-2020 00:00,5930.5,5815.99169921875,-114.50830078125,114.50830078125,13112.15094780922,1.9308372107115759,18.2,3.3,1902.6,6379.0,0.2297382148377125,39.4,835.8
785,3,cnn1d,loso,Al Baha - University,20.1794,41.6357,01-03-2020 00:00,6950.0,6924.70751953125,-25.29248046875,25.29248046875,639.7095682621002,0.3639205822841727,20.2,3.1,2099.5,6879.2,0.23383117823292904,34.0,833.9
786,3,cnn1d,loso,Al Baha - University,20.1794,41.6357,01-04-2020 00:00,6931.5,6998.85107421875,67.35107421875,67.35107421875,4536.167198419571,0.9716666553956576,22.8,3.0,2117.6,6560.4,0.24401935929937774,37.2,834.1
787,3,cnn1d,loso,Al Baha - University,20.1794,41.6357,01-09-2020 00:00,6908.0,7162.85546875,254.85546875,254.85546875,64951.30995178223,3.689280091922409,27.6,2.6,2028.7,6740.8,0.23133588003877076,16.0,833.4
788,3,cnn1d,loso,Al Baha - University,20.1794,41.6357,01-10-2020 00:00,6661.9,6269.400390625,-392.49960937499964,392.49960937499964,154055.9433595273,5.891706710923305,22.9,2.5,1150.5,8582.6,0.11820488847335381,15.4,835.9
789,3,cnn1d,loso,Al Baha - University,20.1794,41.6357,01-11-2020 00:00,5160.2,5803.56884765625,643.3688476562502,643.3688476562502,413923.4741345313,12.467905268327781,20.3,2.1,1240.5,6777.1,0.15472211135501895,38.4,836.0
790,3,cnn1d,loso,Al Baha - University,20.1794,41.6357,01-12-2020 00:00,5136.3,5463.66064453125,327.3606445312498,327.3606445312498,107164.9915879153,6.373472042739907,17.7,2.2,1066.2,7527.1,0.12407340602562461,43.2,836.0
791,3,cnn1d,loso,Al Baha - University,20.1794,41.6357,01-01-2021 00:00,5303.7,5518.5244140625,214.82441406250018,214.82441406250018,46149.52887729653,4.050463149546546,16.4,2.3,1257.3,7177.5,0.14906103286384978,37.8,835.7
792,3,cnn1d,loso,Al Baha - University,20.1794,41.6357,01-02-2021 00:00,5788.4,5647.54150390625,-140.85849609374964,140.85849609374964,19841.11592179288,2.4334616836042713,17.6,3.2,1576.4,6719.2,0.19002844881623993,39.8,834.9
793,3,cnn1d,loso,Al Baha - University,20.1794,41.6357,01-09-2021 00:00,6325.3,7021.70263671875,696.4026367187498,696.4026367187498,484976.63242882706,11.009796163324266,27.8,2.7,2401.5,5279.2,0.312666814222662,18.5,833.0
794,3,cnn1d,loso,Al Baha - University,20.1794,41.6357,01-10-2021 00:00,6161.8,6218.6279296875,56.82792968749982,56.82792968749982,3229.413592567423,0.9222618340014251,24.0,2.8,1513.4,7088.0,0.17594810147185344,21.0,835.9
795,3,cnn1d,loso,Al Baha - University,20.1794,41.6357,01-11-2021 00:00,5526.5,5778.0087890625,251.5087890625,251.5087890625,63256.67097568512,4.550959722473537,20.3,2.2,1123.8,7609.0,0.1286872480762184,30.8,836.0
796,3,cnn1d,loso,Al Baha - University,20.1794,41.6357,01-12-2021 00:00,5053.8,5225.16357421875,171.36357421874982,171.36357421874982,29365.474569024977,3.390786620340137,17.6,2.4,989.7,7569.3,0.11563266736768314,35.9,836.1
972,4,cnn1d,loso,Al Dawadmi - TVTC,24.5569,44.47411,01-03-2017 00:00,5246.1,5250.2548828125,4.154882812499636,4.154882812499636,17.263051185604887,0.07919945888373527,21.4,3.4,3019.8,3091.2,0.4941580756013746,39.7,906.1
973,4,cnn1d,loso,Al Dawadmi - TVTC,24.5569,44.47411,01-04-2017 00:00,6383.9,6329.79736328125,-54.102636718749636,54.102636718749636,2927.0952999209962,0.8474856548308971,27.9,3.2,3282.7,4047.5,0.44783225560012,22.1,907.1
974,4,cnn1d,loso,Al Dawadmi - TVTC,24.5569,44.47411,01-05-2017 00:00,6876.5,6762.3046875,-114.1953125,114.1953125,13040.569396972656,1.6606604013669746,32.4,3.0,3718.9,3915.8,0.48710492881187206,19.0,905.0
975,4,cnn1d,loso,Al Dawadmi - TVTC,24.5569,44.47411,01-06-2017 00:00,8289.8,8022.87939453125,-266.9206054687493,266.9206054687493,71246.6096238037,3.219867855301085,34.8,3.1,2772.7,7222.0,0.277417031026444,9.3,902.3
976,4,cnn1d,loso,Al Dawadmi - TVTC,24.5569,44.47411,01-09-2017 00:00,6916.9,6834.06689453125,-82.83310546874964,82.83310546874964,6861.323361597001,1.1975466678533684,32.6,2.6,2270.6,6564.4,0.25700056593095644,9.9,904.8
977,4,cnn1d,loso,Al Dawadmi - TVTC,24.5569,44.47411,01-10-2017 00:00,6216.5,6160.5322265625,-55.9677734375,55.9677734375,3132.3916635513306,0.9003100367972331,28.2,2.6,1625.7,7341.2,0.1813001148668994,13.5,907.8
978,4,cnn1d,loso,Al Dawadmi - TVTC,24.5569,44.47411,01-11-2017 00:00,4804.6,4472.203125,-332.39687500000036,332.39687500000036,110487.68250976587,6.918304853681895,21.2,2.6,1679.9,5576.3,0.23151236184228657,35.9,909.7
979,4,cnn1d,loso,Al Dawadmi - TVTC,24.5569,44.47411,01-03-2018 00:00,6327.1,6265.7919921875,-61.308007812500364,61.308007812500364,3758.6718219376057,0.9689748512351687,24.4,3.0,2484.1,5572.4,0.3083348848755663,24.9,907.6
980,4,cnn1d,loso,Al Dawadmi - TVTC,24.5569,44.47411,01-04-2018 00:00,6297.0,6080.25048828125,-216.74951171875,216.74951171875,46980.35083031654,3.4421075388081626,24.7,3.4,3284.9,3896.5,0.4574177736931518,36.6,905.0
981,4,cnn1d,loso,Al Dawadmi - TVTC,24.5569,44.47411,01-05-2018 00:00,7142.7,7068.50390625,-74.19609374999982,74.19609374999982,5505.0603277587625,1.0387681653996363,30.5,3.3,3567.3,4445.4,0.4452057358942679,21.3,904.4
982,4,cnn1d,loso,Al Dawadmi - TVTC,24.5569,44.47411,01-06-2018 00:00,7910.4,7383.25830078125,-527.1416992187496,527.1416992187496,277878.37105523073,6.663906998618903,34.7,2.9,2829.1,6525.5,0.302428751630214,12.7,901.8
983,4,cnn1d,loso,Al Dawadmi - TVTC,24.5569,44.47411,01-07-2018 00:00,7785.4,7469.29296875,-316.10703124999964,316.10703124999964,99923.65520568825,4.06025420980296,34.9,3.2,2828.1,6413.4,0.3060217497159552,12.0,899.9
984,4,cnn1d,loso,Al Dawadmi - TVTC,24.5569,44.47411,01-08-2018 00:00,7539.1,7427.66552734375,-111.43447265625036,111.43447265625036,12417.64169617661,1.4780872074418745,34.3,2.9,2127.4,7341.5,0.22467234842484346,13.3,901.1
985,4,cnn1d,loso,Al Dawadmi - TVTC,24.5569,44.47411,01-09-2018 00:00,6587.5,6513.23583984375,-74.26416015625,74.26416015625,5515.16548371315,1.1273496797912714,34.1,2.7,2459.7,5713.5,0.3009469975040376,12.7,904.7
986,4,cnn1d,loso,Al Dawadmi - TVTC,24.5569,44.47411,01-10-2018 00:00,5241.8,5763.9736328125,522.1736328124998,522.1736328124998,272665.30280460336,9.96172369820481,26.4,2.6,1941.9,5145.4,0.27399714983138856,33.2,909.2
987,4,cnn1d,loso,Al Dawadmi - TVTC,24.5569,44.47411,01-11-2018 00:00,3903.4,3848.246826171875,-55.15317382812509,55.15317382812509,3041.8725833153826,1.4129521398812597,19.1,2.5,1894.2,3530.8,0.34916129032258064,68.3,909.7
988,4,cnn1d,loso,Al Dawadmi - TVTC,24.5569,44.47411,01-12-2018 00:00,4189.0,4194.72705078125,5.72705078125,5.72705078125,32.799110651016235,0.13671641874552398,17.3,2.8,1538.3,5117.0,0.23113909215211936,51.3,910.8
989,4,cnn1d,loso,Al Dawadmi - TVTC,24.5569,44.47411,01-01-2019 00:00,4230.9,4375.9765625,145.07656250000036,145.07656250000036,21047.208986816513,3.4289763998203777,17.2,3.3,2265.2,3549.2,0.3895844799119428,40.5,910.2
990,4,cnn1d,loso,Al Dawadmi - TVTC,24.5569,44.47411,01-02-2019 00:00,4990.8,4503.71875,-487.0812500000002,487.0812500000002,237248.14410156268,9.759582632042962,16.6,1.2,2211.8,4629.8,0.3232869504209542,44.5,909.2
991,4,cnn1d,loso,Al Dawadmi - TVTC,24.5569,44.47411,01-03-2019 00:00,6375.6,6660.68310546875,285.08310546874964,285.08310546874964,81272.37702370623,4.471471006160199,19.4,2.2,2453.7,5810.6,0.2969035489999153,27.7,907.1
992,4,cnn1d,loso,Al Dawadmi - TVTC,24.5569,44.47411,01-04-2019 00:00,6715.8,6525.82470703125,-189.97529296875018,189.97529296875018,36090.61193856246,2.828781276523276,23.9,0.0,2811.0,5298.9,0.346613398438945,30.4,906.2
993,4,cnn1d,loso,Al Dawadmi - TVTC,24.5569,44.47411,01-05-2019 00:00,6851.1,6839.8740234375,-11.225976562500364,11.225976562500364,126.02254978180748,0.16385655679380484,30.5,0.0,2928.4,5014.1,0.3687000314762355,24.5,905.4
994,4,cnn1d,loso,Al Dawadmi - TVTC,24.5569,44.47411,01-06-2019 00:00,7720.3,7634.17529296875,-86.12470703125018,86.12470703125018,7417.465161218674,1.1155616625163554,35.5,0.0,2823.5,6364.0,0.30731972789115647,12.4,902.6
995,4,cnn1d,loso,Al Dawadmi - TVTC,24.5569,44.47411,01-07-2019 00:00,7893.1,7704.3525390625,-188.74746093750036,188.74746093750036,35625.60401035323,2.391296967446255,35.6,0.0,2362.3,7327.5,0.24379244153646107,11.8,899.9
996,4,cnn1d,loso,Al Dawadmi - TVTC,24.5569,44.47411,01-08-2019 00:00,7492.7,7534.94970703125,42.24970703125018,42.24970703125018,1785.037744226471,0.5638782685981045,34.7,0.0,2126.7,7272.2,0.22627115939099254,12.5,901.3
997,4,cnn1d,loso,Al Dawadmi - TVTC,24.5569,44.47411,01-09-2019 00:00,6612.8,7096.8115234375,484.0115234374998,484.0115234374998,234267.15482028943,7.319312899792823,33.6,0.0,2180.7,6265.0,0.2582023988538546,14.3,904.0
998,4,cnn1d,loso,Al Dawadmi - TVTC,24.5569,44.47411,01-10-2019 00:00,5699.9,5459.73779296875,-240.16220703124964,240.16220703124964,57677.88568612081,4.213445973284613,28.9,0.0,1730.5,6196.8,0.2182962673293555,22.4,907.6
999,4,cnn1d,loso,Al Dawadmi - TVTC,24.5569,44.47411,01-11-2019 00:00,4333.7,4207.36328125,-126.33671874999982,126.33671874999982,15960.966504516555,2.915216068255759,20.7,0.0,1715.3,4642.1,0.2698115581841633,42.7,909.3
1000,4,cnn1d,loso,Al Dawadmi - TVTC,24.5569,44.47411,01-12-2019 00:00,4303.7,4125.0126953125,-178.68730468749982,178.68730468749982,31929.152856483393,4.1519461088714325,17.0,0.0,1231.7,6041.3,0.16935239928502682,43.1,909.8
1001,4,cnn1d,loso,Al Dawadmi - TVTC,24.5569,44.47411,01-01-2020 00:00,4790.7,4678.064453125,-112.63554687499982,112.63554687499982,12686.766419830281,2.3511292060659157,13.4,0.4,1199.6,6866.6,0.1487193474002628,38.2,910.5
1002,4,cnn1d,loso,Al Dawadmi - TVTC,24.5569,44.47411,01-02-2020 00:00,5383.8,5182.845703125,-200.95429687500018,200.95429687500018,40382.62943252571,3.7325735888220244,17.8,2.6,2133.3,5392.1,0.2834799479097457,29.3,910.0
1003,4,cnn1d,loso,Al Dawadmi - TVTC,24.5569,44.47411,01-03-2020 00:00,6521.3,6457.2724609375,-64.02753906250018,64.02753906250018,4099.525758399986,0.9818217082866941,21.1,1.7,2573.1,5764.2,0.30862509445503944,23.4,906.8
1004,4,cnn1d,loso,Al Dawadmi - TVTC,24.5569,44.47411,01-04-2020 00:00,6967.3,6801.1298828125,-166.17011718750018,166.17011718750018,27612.507846107543,2.3850001749242917,26.2,3.5,2964.8,5243.9,0.3611777747999074,30.7,905.4
1005,4,cnn1d,loso,Al Dawadmi - TVTC,24.5569,44.47411,01-05-2020 00:00,7165.5,7027.0517578125,-138.4482421875,138.4482421875,19167.915764808655,1.932150473623613,31.2,3.2,3466.1,4717.4,0.4235473819270483,17.5,905.7
1006,4,cnn1d,loso,Al Dawadmi - TVTC,24.5569,44.47411,01-09-2020 00:00,6828.0,6687.88818359375,-140.11181640625,140.11181640625,19631.321096658707,2.0520184007945224,32.6,2.5,1985.2,6920.8,0.2229059061306984,13.3,904.4
1007,4,cnn1d,loso,Al Dawadmi - TVTC,24.5569,44.47411,01-10-2020 00:00,6238.0,6358.8232421875,120.8232421875,120.8232421875,14598.25585269928,1.9368907051538955,25.7,2.3,1151.0,8358.0,0.12104322221053739,15.1,909.0
1008,4,cnn1d,loso,Al Dawadmi - TVTC,24.5569,44.47411,01-11-2020 00:00,4682.5,4995.2919921875,312.7919921875,312.7919921875,97838.83037662506,6.680021189268554,21.6,3.1,1380.8,5990.7,0.1873160143797056,37.2,909.5
1009,4,cnn1d,loso,Al Dawadmi - TVTC,24.5569,44.47411,01-12-2020 00:00,4216.5,4183.42578125,-33.07421875,33.07421875,1093.9039459228516,0.7843998280564449,16.7,2.9,1559.0,5147.0,0.23247837757232329,48.9,910.8
1010,4,cnn1d,loso,Al Dawadmi - TVTC,24.5569,44.47411,01-01-2021 00:00,4557.2,4413.3896484375,-143.81035156249982,143.81035156249982,20681.417216529793,3.1556734741178754,15.8,2.8,1529.9,5629.5,0.21369109143224294,42.0,911.0
1011,4,cnn1d,loso,Al Dawadmi - TVTC,24.5569,44.47411,01-02-2021 00:00,5139.4,5302.869140625,163.46914062500036,163.46914062500036,26722.159936676144,3.180704763688376,17.3,3.2,1923.1,5428.2,0.26159998911757104,39.0,909.6
1012,4,cnn1d,loso,Al Dawadmi - TVTC,24.5569,44.47411,01-03-2021 00:00,6455.2,6318.458984375,-136.74101562499982,136.74101562499982,18698.105354156443,2.1183079629600914,23.6,3.5,2873.7,5092.8,0.3607230276784033,21.4,907.4
1013,4,cnn1d,loso,Al Dawadmi - TVTC,24.5569,44.47411,01-04-2021 00:00,6912.2,6961.22998046875,49.02998046875018,49.02998046875018,2403.9389847660245,0.709325257786959,27.0,3.0,3148.5,5005.7,0.3861200363003115,19.1,907.3
1014,4,cnn1d,loso,Al Dawadmi - TVTC,24.5569,44.47411,01-05-2021 00:00,7830.1,7491.05419921875,-339.04580078125036,339.04580078125036,114952.05502739931,4.330031554913096,32.9,2.7,2637.3,6773.4,0.2802448276961331,11.9,903.8
1015,4,cnn1d,loso,Al Dawadmi - TVTC,24.5569,44.47411,01-07-2021 00:00,7685.7,7334.8720703125,-350.8279296874998,350.8279296874998,123080.23624881731,4.564684149622023,37.0,3.0,2674.9,6543.7,0.2901633653700128,13.7,898.7
1016,4,cnn1d,loso,Al Dawadmi - TVTC,24.5569,44.47411,01-08-2021 00:00,7560.5,7262.453125,-298.046875,298.046875,88831.93969726562,3.9421582567290523,35.9,2.8,2255.5,7093.0,0.24126865272503611,11.6,901.4
1017,4,cnn1d,loso,Al Dawadmi - TVTC,24.5569,44.47411,01-09-2021 00:00,6912.3,6766.6025390625,-145.69746093750018,145.69746093750018,21227.750123634392,2.107800022242961,32.1,2.6,1988.4,7041.3,0.22020665138376688,13.9,903.9
1018,4,cnn1d,loso,Al Dawadmi - TVTC,24.5569,44.47411,01-10-2021 00:00,5993.7,5777.5302734375,-216.16972656249982,216.16972656249982,46729.35068210594,3.6066157225503415,29.2,2.6,1604.3,6955.7,0.1874182242990654,16.6,908.1
1019,4,cnn1d,loso,Al Dawadmi - TVTC,24.5569,44.47411,01-11-2021 00:00,4922.2,4982.9853515625,60.78535156250018,60.78535156250018,3694.8589645767433,1.2349224241700902,22.0,0.7,1472.2,6196.1,0.19198518576477186,30.6,909.7
1020,4,cnn1d,loso,Al Dawadmi - TVTC,24.5569,44.47411,01-12-2021 00:00,4105.8,4066.955810546875,-38.84418945312518,38.84418945312518,1508.8710542702815,0.946080896612723,17.0,0.0,1702.3,4622.7,0.2691383399209486,38.8,910.8
1558,5,cnn1d,loso,Al Dhahran - KFUPM,26.30355,50.14412,01-01-2017 00:00,3555.2,3721.374755859375,166.17475585937518,166.17475585937518,27614.049484922947,4.674132421787106,17.2,1.8,1555.3,3773.0,0.2918942251750089,67.5,1010.7
1559,5,cnn1d,loso,Al Dhahran - KFUPM,26.30355,50.14412,01-02-2017 00:00,3690.5,3809.2119140625,118.7119140625,118.7119140625,14092.518540382385,3.216689176602087,15.8,2.0,1718.0,3219.2,0.34797050960058334,65.0,1011.7
1560,5,cnn1d,loso,Al Dhahran - KFUPM,26.30355,50.14412,01-03-2017 00:00,4160.6,4336.998046875,176.39804687499964,176.39804687499964,31116.270941314568,4.239726166298121,21.4,1.6,2312.3,2650.6,0.4659171049184953,63.5,1006.1
1561,5,cnn1d,loso,Al Dhahran - KFUPM,26.30355,50.14412,01-04-2017 00:00,6185.7,6150.9697265625,-34.73027343749982,34.73027343749982,1206.1918930435054,0.5614606825015733,28.5,2.2,2751.2,4626.0,0.3729328200401236,42.2,1003.5
1562,5,cnn1d,loso,Al Dhahran - KFUPM,26.30355,50.14412,01-05-2017 00:00,6441.2,7027.7744140625,586.5744140625002,586.5744140625002,344069.5432327654,9.106601472745766,34.1,2.2,2953.9,4460.6,0.3983950367523097,32.7,999.1
1563,5,cnn1d,loso,Al Dhahran - KFUPM,26.30355,50.14412,01-06-2017 00:00,7197.4,7044.75830078125,-152.64169921874964,152.64169921874964,23299.488340387234,2.120789440891845,36.5,2.3,1893.0,7104.6,0.21038943718324885,25.8,993.4
1564,5,cnn1d,loso,Al Dhahran - KFUPM,26.30355,50.14412,01-09-2017 00:00,5932.9,6160.00830078125,227.10830078125036,227.10830078125036,51578.180283746886,3.827947559899044,34.4,1.4,2000.7,5471.4,0.26775605251535717,58.9,997.7
1565,5,cnn1d,loso,Al Dhahran - KFUPM,26.30355,50.14412,01-10-2017 00:00,5098.4,5441.9111328125,343.51113281250036,343.51113281250036,117999.89836612727,6.737626173162176,30.7,1.4,1640.5,5360.6,0.23432032109239975,57.9,1003.4
1566,5,cnn1d,loso,Al Dhahran - KFUPM,26.30355,50.14412,01-11-2017 00:00,3809.0,3849.16015625,40.16015625,40.16015625,1612.838150024414,1.054349074560252,24.8,1.4,1532.9,4097.3,0.27226386274022235,60.8,1008.5
1567,5,cnn1d,loso,Al Dhahran - KFUPM,26.30355,50.14412,01-12-2017 00:00,3810.2,3921.06689453125,110.86689453125018,110.86689453125018,12291.468303003352,2.909739502683591,18.4,1.9,1158.9,5336.6,0.17841582634131323,56.7,1012.5
1568,5,cnn1d,loso,Al Dhahran - KFUPM,26.30355,50.14412,01-03-2018 00:00,6090.6,5946.26318359375,-144.33681640625036,144.33681640625036,20833.116570291626,2.369829186061313,25.1,1.8,2337.3,5403.5,0.301945535345184,42.0,1005.6
1569,5,cnn1d,loso,Al Dhahran - KFUPM,26.30355,50.14412,01-04-2018 00:00,5518.1,5880.17626953125,362.07626953124964,362.07626953124964,131099.22495766613,6.56161123450553,27.4,2.1,3215.2,2999.0,0.5173956422387435,44.8,1002.6
1570,5,cnn1d,loso,Al Dhahran - KFUPM,26.30355,50.14412,01-05-2018 00:00,6756.9,6867.29443359375,110.39443359375036,110.39443359375036,12186.93096848496,1.6338029805643175,32.7,1.8,3459.5,4251.6,0.4486389749841138,34.6,999.6
1571,5,cnn1d,loso,Al Dhahran - KFUPM,26.30355,50.14412,01-06-2018 00:00,7695.9,7446.6171875,-249.28281249999964,249.28281249999964,62141.920607909975,3.239163872971318,37.6,2.3,2660.0,6458.8,0.2917050489099443,26.5,992.6
1572,5,cnn1d,loso,Al Dhahran - KFUPM,26.30355,50.14412,01-07-2018 00:00,7303.7,7454.34619140625,150.64619140625018,150.64619140625018,22694.274985208565,2.0626010297007022,38.1,2.1,2822.0,5758.1,0.32890059556415424,30.4,989.4
1573,5,cnn1d,loso,Al Dhahran - KFUPM,26.30355,50.14412,01-08-2018 00:00,7003.3,7102.4365234375,99.13652343749982,99.13652343749982,9828.05027927395,1.4155687095726275,37.4,2.0,2336.5,6207.6,0.27346355964934865,33.0,991.5
1574,5,cnn1d,loso,Al Dhahran - KFUPM,26.30355,50.14412,01-09-2018 00:00,5998.5,6304.408203125,305.908203125,305.908203125,93579.82873916626,5.099744988330416,35.3,1.4,2182.0,5226.8,0.29451463124932514,57.1,997.6
1575,5,cnn1d,loso,Al Dhahran - KFUPM,26.30355,50.14412,01-10-2018 00:00,4738.8,5127.5302734375,388.7302734374998,388.7302734374998,151111.22548679338,8.203137364680927,30.7,1.5,2069.9,4035.2,0.33904440549704346,60.6,1005.2
1576,5,cnn1d,loso,Al Dhahran - KFUPM,26.30355,50.14412,01-11-2018 00:00,3505.6,3757.405517578125,251.8055175781251,251.8055175781251,63406.018682787464,7.1829506383536375,24.3,1.7,1717.6,3235.4,0.3467797294568948,69.9,1009.0
1577,5,cnn1d,loso,Al Dhahran - KFUPM,26.30355,50.14412,01-12-2018 00:00,3640.3,3680.748046875,40.44804687499982,40.44804687499982,1636.0444960021825,1.1111185032826913,20.7,0.0,1605.0,4011.3,0.28577533251428877,70.3,1011.4
1578,5,cnn1d,loso,Al Dhahran - KFUPM,26.30355,50.14412,01-01-2019 00:00,3714.1,3607.496826171875,-106.60317382812491,106.60317382812491,11364.236670229415,2.870228960666781,19.2,0.0,1869.8,3402.5,0.3546459799328566,63.0,1011.3
1579,5,cnn1d,loso,Al Dhahran - KFUPM,26.30355,50.14412,01-02-2019 00:00,4141.7,3923.94482421875,-217.75517578124982,217.75517578124982,47417.31657952301,5.257627925278263,18.9,0.0,1766.8,3934.5,0.3098942346482381,65.3,1010.0
1580,5,cnn1d,loso,Al Dhahran - KFUPM,26.30355,50.14412,01-03-2019 00:00,5494.2,5752.5498046875,258.3498046875002,258.3498046875002,66744.62158206949,4.702227889183142,21.3,0.0,2258.4,4705.8,0.32428706814853103,55.3,1006.7
1581,5,cnn1d,loso,Al Dhahran - KFUPM,26.30355,50.14412,01-04-2019 00:00,5799.0,5763.2265625,-35.7734375,35.7734375,1279.7388305664062,0.6168897654768063,26.6,0.0,2842.8,3948.8,0.4185758878614759,46.2,1003.7
1582,5,cnn1d,loso,Al Dhahran - KFUPM,26.30355,50.14412,01-05-2019 00:00,6486.3,6622.5107421875,136.21074218749982,136.21074218749982,18553.366287269542,2.0999759830334677,33.7,0.0,2927.1,4609.5,0.3883846827481888,32.9,999.9
1583,5,cnn1d,loso,Al Dhahran - KFUPM,26.30355,50.14412,01-06-2019 00:00,7163.0,6852.39013671875,-310.60986328125,310.60986328125,96478.48716759682,4.336309692604356,38.4,0.0,2113.4,6634.7,0.24158388678684514,26.6,993.7
1584,5,cnn1d,loso,Al Dhahran - KFUPM,26.30355,50.14412,01-07-2019 00:00,7331.7,7294.9921875,-36.70781249999982,36.70781249999982,1347.463498535143,0.5006725929866173,37.8,0.0,2237.7,6634.9,0.2522034127538715,32.7,990.1
1585,5,cnn1d,loso,Al Dhahran - KFUPM,26.30355,50.14412,01-08-2019 00:00,6917.7,7273.07568359375,355.3756835937502,355.3756835937502,126291.87648972524,5.137194206076445,37.5,0.0,2277.7,6200.9,0.2686410492298257,39.2,991.8
1586,5,cnn1d,loso,Al Dhahran - KFUPM,26.30355,50.14412,01-10-2019 00:00,4902.0,5152.26611328125,250.26611328125,250.26611328125,62633.12745690346,5.1053878678345574,32.3,0.0,1885.6,4587.5,0.2912978325686301,61.1,1003.2
1587,5,cnn1d,loso,Al Dhahran - KFUPM,26.30355,50.14412,01-11-2019 00:00,3802.9,3810.09326171875,7.193261718749909,7.193261718749909,51.7430141544329,0.18915200817139313,24.6,0.0,1557.1,4038.6,0.2782672409171328,57.4,1008.7
1588,5,cnn1d,loso,Al Dhahran - KFUPM,26.30355,50.14412,01-12-2019 00:00,3380.7,3702.987548828125,322.2875488281252,322.2875488281252,103869.26412964117,9.533160257583495,20.3,0.0,1309.2,4063.3,0.24368543508608656,69.5,1010.4
1589,5,cnn1d,loso,Al Dhahran - KFUPM,26.30355,50.14412,01-01-2020 00:00,3705.0,3814.749755859375,109.749755859375,109.749755859375,12045.008911192417,2.962206635880567,17.3,0.4,1189.9,4731.9,0.20093552636022835,65.3,1010.9
1590,5,cnn1d,loso,Al Dhahran - KFUPM,26.30355,50.14412,01-02-2020 00:00,4564.7,4087.126220703125,-477.5737792968748,477.5737792968748,228076.7146719001,10.46232565769656,19.2,2.1,1774.6,4549.5,0.28060909852785376,59.0,1010.6
1591,5,cnn1d,loso,Al Dhahran - KFUPM,26.30355,50.14412,01-03-2020 00:00,5272.8,5208.76416015625,-64.03583984375018,64.03583984375018,4100.588784494424,1.214456073504593,22.7,2.2,2344.4,4205.4,0.3579345934227,57.5,1005.4
1592,5,cnn1d,loso,Al Dhahran - KFUPM,26.30355,50.14412,01-04-2020 00:00,5364.5,6007.787109375,643.287109375,643.287109375,413818.3050880432,11.991557635846771,27.5,2.2,2802.5,3393.9,0.45227874249564265,51.5,1003.1
1593,5,cnn1d,loso,Al Dhahran - KFUPM,26.30355,50.14412,01-05-2020 00:00,7000.4,7015.9140625,15.514062500000364,15.514062500000364,240.68613525391754,0.22161680046854987,32.6,2.0,2665.9,5732.0,0.31744840972147803,35.9,999.9
1594,5,cnn1d,loso,Al Dhahran - KFUPM,26.30355,50.14412,01-09-2020 00:00,6075.9,6607.01953125,531.1195312500004,531.1195312500004,282087.9564752201,8.741413309139395,35.3,1.5,1785.0,5939.9,0.23107095237478803,51.7,997.2
1595,5,cnn1d,loso,Al Dhahran - KFUPM,26.30355,50.14412,01-10-2020 00:00,5253.3,5487.9140625,234.61406249999982,234.61406249999982,55043.75832275382,4.466032065558788,29.8,1.5,1278.3,6355.5,0.1674526448164741,59.2,1004.2
1596,5,cnn1d,loso,Al Dhahran - KFUPM,26.30355,50.14412,01-11-2020 00:00,4139.8,4222.818359375,83.01835937499982,83.01835937499982,6892.04799331662,2.005371258877236,25.6,1.6,1406.7,4882.3,0.2236762601367467,65.5,1008.5
1597,5,cnn1d,loso,Al Dhahran - KFUPM,26.30355,50.14412,01-12-2020 00:00,3623.2,3783.79443359375,160.59443359375018,160.59443359375018,25790.572101297435,4.432392183532518,19.9,2.0,1470.4,4221.3,0.2583410931707574,68.3,1011.4
1598,5,cnn1d,loso,Al Dhahran - KFUPM,26.30355,50.14412,01-01-2021 00:00,4101.8,3799.95947265625,-301.8405273437502,301.8405273437502,91107.7039471532,7.358733418103032,18.5,1.9,1536.3,4773.8,0.24346682302974595,62.8,1011.3
1599,5,cnn1d,loso,Al Dhahran - KFUPM,26.30355,50.14412,01-02-2021 00:00,4581.9,4422.365234375,-159.53476562499964,159.53476562499964,25451.341443023564,3.4818473913660197,19.7,2.1,1666.3,4831.7,0.2564327485380117,65.0,1009.2
1600,5,cnn1d,loso,Al Dhahran - KFUPM,26.30355,50.14412,01-10-2021 00:00,5254.1,5058.19384765625,-195.90615234375036,195.90615234375036,38379.220526132725,3.7286338734274254,31.1,1.7,1623.6,5570.4,0.2256880733944954,59.5,1002.8
1601,5,cnn1d,loso,Al Dhahran - KFUPM,26.30355,50.14412,01-11-2021 00:00,4294.0,4320.1669921875,26.1669921875,26.1669921875,684.711480140686,0.6093850066953889,25.5,1.7,1414.9,5161.5,0.21514810534639014,60.6,1007.0
1602,5,cnn1d,loso,Al Dhahran - KFUPM,26.30355,50.14412,01-12-2021 00:00,3558.8,3647.072265625,88.27226562499982,88.27226562499982,7791.992878570524,2.4803941110767624,20.4,1.9,1507.2,3965.8,0.2753882696875571,66.6,1010.5
138,6,cnn1d,loso,Al Farshah - TQ TVTC,17.7749,43.17555,01-01-2017 00:00,5253.8,5056.2119140625,-197.58808593750018,197.58808593750018,39041.05170444496,3.7608604426795873,23.8,1.9,1323.8,6504.9,0.1690957630257897,53.8,895.8
139,6,cnn1d,loso,Al Farshah - TQ TVTC,17.7749,43.17555,01-02-2017 00:00,4657.6,4780.7900390625,123.19003906249964,123.19003906249964,15175.785724220186,2.6449252632793634,23.3,2.0,2326.0,3505.4,0.39887505573275717,58.6,894.9
140,6,cnn1d,loso,Al Farshah - TQ TVTC,17.7749,43.17555,01-03-2017 00:00,5753.0,5380.58740234375,-372.41259765625,372.41259765625,138691.14289307594,6.473363421801668,26.4,2.1,2300.3,4717.9,0.3277621042432533,52.4,893.0
141,6,cnn1d,loso,Al Farshah - TQ TVTC,17.7749,43.17555,01-04-2017 00:00,6995.7,6500.67919921875,-495.0208007812498,495.0208007812498,245045.59320610983,7.076072455669194,29.3,2.3,2473.9,5866.1,0.2966306954436451,35.6,893.1
142,6,cnn1d,loso,Al Farshah - TQ TVTC,17.7749,43.17555,01-05-2017 00:00,6580.1,6184.1396484375,-395.96035156250036,395.96035156250036,156784.60000949888,6.0175430702041055,29.4,2.0,2776.4,4744.2,0.3691726723931601,53.1,892.2
143,6,cnn1d,loso,Al Farshah - TQ TVTC,17.7749,43.17555,01-09-2017 00:00,6518.8,5929.779296875,-589.0207031250002,589.0207031250002,346945.3887098696,9.03572288036142,31.1,2.4,2299.6,5606.0,0.2908824124671119,38.6,890.6
144,6,cnn1d,loso,Al Farshah - TQ TVTC,17.7749,43.17555,01-10-2017 00:00,6485.5,6036.51904296875,-448.98095703125,448.98095703125,201583.89977669716,6.922842603211008,29.3,2.3,1323.0,7616.6,0.1479931988008412,28.0,893.4
145,6,cnn1d,loso,Al Farshah - TQ TVTC,17.7749,43.17555,01-11-2017 00:00,5619.6,5577.94970703125,-41.650292968750364,41.650292968750364,1734.746904382736,0.7411611674985829,25.7,2.2,1173.5,7198.1,0.14017631038272252,38.8,894.6
146,6,cnn1d,loso,Al Farshah - TQ TVTC,17.7749,43.17555,01-03-2018 00:00,6971.5,6011.875,-959.625,959.625,920880.140625,13.764971670372232,26.8,2.3,1745.2,7193.5,0.19524091870182464,32.2,893.4
147,6,cnn1d,loso,Al Farshah - TQ TVTC,17.7749,43.17555,01-04-2018 00:00,6168.1,6196.751953125,28.651953124999636,28.651953124999636,820.9344178771764,0.46451829777402504,26.6,2.0,2591.0,4620.9,0.3592673220649205,46.4,892.3
148,6,cnn1d,loso,Al Farshah - TQ TVTC,17.7749,43.17555,01-05-2018 00:00,6640.5,6618.53369140625,-21.96630859375,21.96630859375,482.5187132358551,0.33079299139748514,30.0,2.3,2684.8,4991.3,0.3497609463138834,39.7,891.0
149,6,cnn1d,loso,Al Farshah - TQ TVTC,17.7749,43.17555,01-06-2018 00:00,5958.5,6544.125,585.625,585.625,342956.640625,9.82839640849207,31.3,2.1,3549.4,2937.0,0.5472064627528368,40.6,889.2
150,6,cnn1d,loso,Al Farshah - TQ TVTC,17.7749,43.17555,01-07-2018 00:00,5318.7,6697.27197265625,1378.5719726562502,1378.5719726562502,1900460.683793345,25.91934067829075,30.4,2.2,3802.2,1788.5,0.6800937270824763,43.6,889.0
151,6,cnn1d,loso,Al Farshah - TQ TVTC,17.7749,43.17555,01-08-2018 00:00,5490.9,6237.873046875,746.9730468750004,746.9730468750004,557968.7327577214,13.603836290498833,29.2,2.0,3387.1,2519.3,0.5734626845455777,52.0,889.4
152,6,cnn1d,loso,Al Farshah - TQ TVTC,17.7749,43.17555,01-09-2018 00:00,6400.2,5974.7314453125,-425.4685546874998,425.4685546874998,181023.49102787,6.6477384251663985,30.5,2.4,2344.6,5328.5,0.3055609857814964,41.1,891.1
153,6,cnn1d,loso,Al Farshah - TQ TVTC,17.7749,43.17555,01-10-2018 00:00,5778.6,5552.28271484375,-226.31728515625036,226.31728515625036,51219.51356049554,3.916472591220198,27.5,2.2,1725.7,5794.8,0.22946612592247856,39.5,894.1
154,6,cnn1d,loso,Al Farshah - TQ TVTC,17.7749,43.17555,01-11-2018 00:00,4929.0,4950.4169921875,21.4169921875,21.4169921875,458.68755435943604,0.43450988410428076,25.0,2.0,1611.9,5364.2,0.23106033457089203,48.3,894.8
155,6,cnn1d,loso,Al Farshah - TQ TVTC,17.7749,43.17555,01-12-2018 00:00,4963.4,5072.74267578125,109.34267578125036,109.34267578125036,11955.820747003634,2.202979324278728,23.3,1.9,1332.3,6167.7,0.17764,52.7,895.8
156,6,cnn1d,loso,Al Farshah - TQ TVTC,17.7749,43.17555,01-01-2019 00:00,5345.5,5125.11181640625,-220.38818359375,220.38818359375,48570.95146775246,4.122873138036667,23.6,1.8,1533.5,6242.8,0.19720175404755474,50.7,896.1
157,6,cnn1d,loso,Al Farshah - TQ TVTC,17.7749,43.17555,01-02-2019 00:00,5318.9,5090.59765625,-228.30234374999964,228.30234374999964,52121.960161742994,4.292284941435252,24.5,2.0,2299.9,4439.4,0.34126689715549097,50.5,894.9
158,6,cnn1d,loso,Al Farshah - TQ TVTC,17.7749,43.17555,01-03-2019 00:00,5948.5,5807.03369140625,-141.46630859375,141.46630859375,20012.716467142105,2.378184560708582,25.7,2.2,2335.9,4903.6,0.3226604047240832,45.9,893.8
159,6,cnn1d,loso,Al Farshah - TQ TVTC,17.7749,43.17555,01-04-2019 00:00,6412.9,6340.474609375,-72.42539062499964,72.42539062499964,5245.437207183785,1.1293703414211922,28.1,2.3,2804.8,4668.9,0.37528934798025076,43.9,892.7
160,6,cnn1d,loso,Al Farshah - TQ TVTC,17.7749,43.17555,01-05-2019 00:00,6343.7,6369.44677734375,25.746777343750182,25.746777343750182,662.8965435886477,0.40586372848259195,28.1,2.0,2697.1,4650.2,0.3670872293223361,43.4,892.5
161,6,cnn1d,loso,Al Farshah - TQ TVTC,17.7749,43.17555,01-06-2019 00:00,6041.4,6127.7158203125,86.31582031250036,86.31582031250036,7450.420836219851,1.4287387081222955,31.2,2.1,2832.6,4033.9,0.41252457583921937,43.9,889.6
162,6,cnn1d,loso,Al Farshah - TQ TVTC,17.7749,43.17555,01-07-2019 00:00,5393.4,6449.0654296875,1055.6654296875004,1055.6654296875004,1114429.4994372947,19.57328271011793,31.2,2.2,3556.0,2203.4,0.6174254262596799,43.3,888.2
163,6,cnn1d,loso,Al Farshah - TQ TVTC,17.7749,43.17555,01-08-2019 00:00,5735.8,5876.400390625,140.60039062499982,140.60039062499982,19768.469843902538,2.451277775114192,28.8,2.2,2937.0,3449.6,0.4598691009300723,54.6,890.1
164,6,cnn1d,loso,Al Farshah - TQ TVTC,17.7749,43.17555,01-09-2019 00:00,5977.4,6051.0771484375,73.67714843750036,73.67714843750036,5428.322201881462,1.2325952493977377,30.5,2.2,2295.6,4871.9,0.3202790373212417,42.2,890.4
165,6,cnn1d,loso,Al Farshah - TQ TVTC,17.7749,43.17555,01-10-2019 00:00,5675.7,6106.6171875,430.9171875000002,430.9171875000002,185689.62248291032,7.592317907923256,27.5,2.3,1690.2,5970.7,0.22062681930321504,43.6,893.3
166,6,cnn1d,loso,Al Farshah - TQ TVTC,17.7749,43.17555,01-11-2019 00:00,5069.7,5028.37060546875,-41.32939453124982,41.32939453124982,1708.1188523197025,0.8152236726285544,25.3,2.0,1559.4,5647.2,0.2163849804346016,45.0,894.1
167,6,cnn1d,loso,Al Farshah - TQ TVTC,17.7749,43.17555,01-12-2019 00:00,4828.7,4836.1533203125,7.453320312500182,7.453320312500182,55.55198368072781,0.15435459466316362,23.3,1.9,1444.5,5780.9,0.1999197276275362,52.1,895.1
168,6,cnn1d,loso,Al Farshah - TQ TVTC,17.7749,43.17555,01-01-2020 00:00,4697.5,4909.3583984375,211.8583984375,211.8583984375,44883.9809885025,4.510024447844598,21.8,2.0,1669.2,5022.5,0.24944334025733372,53.2,896.0
169,6,cnn1d,loso,Al Farshah - TQ TVTC,17.7749,43.17555,01-02-2020 00:00,5332.4,5645.3828125,312.98281250000036,312.98281250000036,97958.24092041039,5.869454888980579,25.5,2.1,2221.7,4481.5,0.3314387158372121,47.1,894.9
170,6,cnn1d,loso,Al Farshah - TQ TVTC,17.7749,43.17555,01-03-2020 00:00,5972.7,5361.3203125,-611.3796874999998,611.3796874999998,373785.12228759745,10.236236333651446,25.5,2.1,2581.1,4564.0,0.36124057046087527,51.5,893.1
171,6,cnn1d,loso,Al Farshah - TQ TVTC,17.7749,43.17555,01-04-2020 00:00,6299.4,6270.8818359375,-28.518164062499636,28.518164062499636,813.2856814956458,0.4527123862986894,27.4,2.0,2324.3,5260.8,0.3064297108805421,51.6,892.9
172,6,cnn1d,loso,Al Farshah - TQ TVTC,17.7749,43.17555,01-05-2020 00:00,6540.7,6450.69189453125,-90.00810546874982,90.00810546874982,8101.459050073591,1.3761234343227762,29.6,2.1,2439.4,5140.1,0.321841810145788,43.4,892.4
173,6,cnn1d,loso,Al Farshah - TQ TVTC,17.7749,43.17555,01-09-2020 00:00,6443.4,6338.2841796875,-105.11582031249964,105.11582031249964,11049.33567996971,1.6313719513377976,30.1,2.2,2029.4,5886.9,0.2563571365410609,39.5,890.3
174,6,cnn1d,loso,Al Farshah - TQ TVTC,17.7749,43.17555,01-10-2020 00:00,6347.6,5951.54443359375,-396.05556640625036,396.05556640625036,156860.0116813758,6.239453752697875,28.2,2.4,1157.2,7732.7,0.13017019314053027,26.1,893.5
175,6,cnn1d,loso,Al Farshah - TQ TVTC,17.7749,43.17555,01-11-2020 00:00,5099.8,5101.669921875,1.869921874999818,1.869921874999818,3.4966078186028353,0.03666657270873011,25.1,2.0,1161.3,6380.2,0.15398793343499304,48.3,894.9
176,6,cnn1d,loso,Al Farshah - TQ TVTC,17.7749,43.17555,01-12-2020 00:00,4810.2,4848.6142578125,38.41425781250018,38.41425781250018,1475.6552032852312,0.7986000127333621,23.5,1.9,1149.8,6247.7,0.15543088881378844,52.8,895.3
177,6,cnn1d,loso,Al Farshah - TQ TVTC,17.7749,43.17555,01-01-2021 00:00,5225.9,5191.6005859375,-34.299414062499636,34.299414062499636,1176.4498050307977,0.6563350630991721,22.5,2.0,1409.8,6365.1,0.18132709102367875,46.5,895.1
178,6,cnn1d,loso,Al Farshah - TQ TVTC,17.7749,43.17555,01-02-2021 00:00,5356.4,4904.41552734375,-451.98447265624964,451.98447265624964,204289.9635223481,8.43821358853427,23.4,2.1,1808.6,5374.7,0.2517784305263598,48.4,894.6
179,6,cnn1d,loso,Al Farshah - TQ TVTC,17.7749,43.17555,01-03-2021 00:00,6647.1,6055.14208984375,-591.9579101562504,591.9579101562504,350414.16739655536,8.905506313373508,27.0,2.2,2144.3,6129.5,0.259167492566898,36.7,893.4
180,6,cnn1d,loso,Al Farshah - TQ TVTC,17.7749,43.17555,01-04-2021 00:00,6493.8,6304.80859375,-188.99140625000018,188.99140625000018,35717.75163635261,2.9103361090578734,27.3,2.2,2522.8,5110.4,0.3305035895823508,39.9,893.0
181,6,cnn1d,loso,Al Farshah - TQ TVTC,17.7749,43.17555,01-07-2021 00:00,4964.4,5150.45654296875,186.05654296875036,186.05654296875036,34617.037181482454,3.747815304341922,29.2,2.0,3261.8,2070.0,0.611763381972317,55.4,888.1
182,6,cnn1d,loso,Al Farshah - TQ TVTC,17.7749,43.17555,01-11-2021 00:00,5462.0,5646.37109375,184.37109375,184.37109375,33992.70021057129,3.3755235032954958,26.0,2.2,1185.4,6978.5,0.14520021068361938,34.0,894.7
379,7,cnn1d,loso,Al Hanakiyah - TVTC,24.85577,40.536,01-01-2017 00:00,4578.4,4884.1484375,305.74843750000036,305.74843750000036,93482.10703369163,6.678063024200602,18.8,3.1,1337.4,6122.4,0.17928094586986248,30.6,918.9
380,7,cnn1d,loso,Al Hanakiyah - TVTC,24.85577,40.536,01-02-2017 00:00,5384.9,5397.1962890625,12.296289062500364,12.296289062500364,151.1987247085661,0.22834758421698387,16.8,3.6,1986.1,5640.4,0.26042090080639874,27.4,919.0
381,7,cnn1d,loso,Al Hanakiyah - TVTC,24.85577,40.536,01-03-2017 00:00,6075.7,6351.06884765625,275.3688476562502,275.3688476562502,75828.00225953112,4.532298297418408,23.4,3.7,2622.9,5070.3,0.34093745125565433,24.6,914.7
382,7,cnn1d,loso,Al Hanakiyah - TVTC,24.85577,40.536,01-04-2017 00:00,6605.0,6687.06982421875,82.06982421875,82.06982421875,6735.456047296524,1.242540866294474,29.5,4.0,3217.4,4426.2,0.4209273117379245,17.9,915.5
383,7,cnn1d,loso,Al Hanakiyah - TVTC,24.85577,40.536,01-05-2017 00:00,6870.0,6938.013671875,68.013671875,68.013671875,4625.859561920166,0.9900097798398835,32.4,3.1,3067.4,4924.9,0.38379440211203286,18.3,914.3
384,7,cnn1d,loso,Al Hanakiyah - TVTC,24.85577,40.536,01-06-2017 00:00,8035.4,7892.84521484375,-142.55478515624964,142.55478515624964,20321.866770944493,1.774084490582294,37.2,3.1,2441.4,7385.0,0.24845314662541726,8.3,911.4
385,7,cnn1d,loso,Al Hanakiyah - TVTC,24.85577,40.536,01-09-2017 00:00,6604.4,7434.23681640625,829.8368164062504,829.8368164062504,688629.1418632609,12.564908491403465,34.7,2.9,2064.4,7253.3,0.22155682196250145,9.4,913.8
386,7,cnn1d,loso,Al Hanakiyah - TVTC,24.85577,40.536,01-10-2017 00:00,6029.6,6788.9462890625,759.3462890624996,759.3462890624996,576606.7867129892,12.593642846333083,29.7,2.4,1326.4,8131.0,0.14024996299194284,13.2,916.2
387,7,cnn1d,loso,Al Hanakiyah - TVTC,24.85577,40.536,01-11-2017 00:00,4578.6,4548.20947265625,-30.390527343750364,30.390527343750364,923.5841522312386,0.6637515254390067,23.4,3.0,1614.0,5300.1,0.23343602204191433,32.3,917.9
388,7,cnn1d,loso,Al Hanakiyah - TVTC,24.85577,40.536,01-03-2018 00:00,6591.4,7028.642578125,437.24257812500036,437.24257812500036,191181.07212539704,6.6335312395697485,26.6,3.2,2257.7,6409.3,0.2604938271604938,20.0,916.2
389,7,cnn1d,loso,Al Hanakiyah - TVTC,24.85577,40.536,01-04-2018 00:00,7158.4,7189.89404296875,31.494042968750364,31.494042968750364,991.8747425174943,0.43995925023399596,27.2,3.6,2787.1,5943.8,0.3192225314686917,23.2,913.6
390,7,cnn1d,loso,Al Hanakiyah - TVTC,24.85577,40.536,01-05-2018 00:00,7165.7,7278.9140625,113.21406250000018,113.21406250000018,12817.423947753947,1.5799442134055315,32.1,4.0,3523.0,4665.5,0.43023752824082556,17.6,913.2
391,7,cnn1d,loso,Al Hanakiyah - TVTC,24.85577,40.536,01-06-2018 00:00,7916.7,7976.470703125,59.77070312500018,59.77070312500018,3572.5369520569066,0.7549951763361019,36.1,3.4,2643.9,6951.7,0.27553253574555003,11.4,911.2
392,7,cnn1d,loso,Al Hanakiyah - TVTC,24.85577,40.536,01-07-2018 00:00,7658.0,7750.921875,92.921875,92.921875,8634.474853515625,1.2133961217027944,36.2,3.6,2644.2,6580.3,0.28664968290964277,13.5,910.0
393,7,cnn1d,loso,Al Hanakiyah - TVTC,24.85577,40.536,01-08-2018 00:00,7446.5,7650.7890625,204.2890625,204.2890625,41734.021057128906,2.743423923991137,36.8,3.1,2061.2,7241.3,0.22157484547164738,13.9,910.6
394,7,cnn1d,loso,Al Hanakiyah - TVTC,24.85577,40.536,01-09-2018 00:00,6388.5,6561.634765625,173.134765625,173.134765625,29975.64706802368,2.710100424591062,36.4,3.2,2709.2,4977.0,0.3524758658374749,12.5,913.7
395,7,cnn1d,loso,Al Hanakiyah - TVTC,24.85577,40.536,01-10-2018 00:00,5490.0,5923.125,433.125,433.125,187597.265625,7.889344262295082,28.4,3.2,1816.7,5732.6,0.24064482799729775,28.3,917.5
396,7,cnn1d,loso,Al Hanakiyah - TVTC,24.85577,40.536,01-11-2018 00:00,4315.5,4237.623046875,-77.876953125,77.876953125,6064.819828033447,1.8045870264164061,20.9,3.3,1603.0,4974.5,0.24370961611554542,53.6,918.0
397,7,cnn1d,loso,Al Hanakiyah - TVTC,24.85577,40.536,01-12-2018 00:00,4308.0,4273.0400390625,-34.9599609375,34.9599609375,1222.1988687515259,0.8115125565807799,19.3,3.3,1387.7,5796.5,0.19315998997800732,47.5,919.3
398,7,cnn1d,loso,Al Hanakiyah - TVTC,24.85577,40.536,01-01-2019 00:00,4019.8,3855.34130859375,-164.45869140625018,164.45869140625018,27046.661179056227,4.091215767109064,19.2,3.0,2013.6,3669.5,0.3543136668367616,43.8,918.6
399,7,cnn1d,loso,Al Hanakiyah - TVTC,24.85577,40.536,01-02-2019 00:00,4920.6,4878.2001953125,-42.399804687500364,42.399804687500364,1797.743437538178,0.8616795652461154,18.4,3.7,1950.7,4946.3,0.2828331158474699,38.4,918.0
400,7,cnn1d,loso,Al Hanakiyah - TVTC,24.85577,40.536,01-03-2019 00:00,6668.2,7021.38427734375,353.1842773437502,353.1842773437502,124739.13376282704,5.296545954586698,20.8,3.6,1915.2,7278.0,0.2083278945307401,24.4,916.3
401,7,cnn1d,loso,Al Hanakiyah - TVTC,24.85577,40.536,01-04-2019 00:00,7259.4,7149.3134765625,-110.08652343749964,110.08652343749964,12119.042642555156,1.5164686260228069,25.6,3.5,2515.2,6506.2,0.27880373334515707,23.9,915.1
402,7,cnn1d,loso,Al Hanakiyah - TVTC,24.85577,40.536,01-05-2019 00:00,7359.8,7097.44775390625,-262.3522460937502,262.3522460937502,68828.70103043565,3.5646654269647295,32.5,3.2,2839.9,5829.9,0.3275623428452791,18.3,914.1
403,7,cnn1d,loso,Al Hanakiyah - TVTC,24.85577,40.536,01-06-2019 00:00,7467.2,7360.0771484375,-107.12285156249982,107.12285156249982,11475.30532688137,1.434578577813636,36.5,3.4,2732.8,6149.4,0.30767152282092275,12.4,912.3
404,7,cnn1d,loso,Al Hanakiyah - TVTC,24.85577,40.536,01-07-2019 00:00,7958.2,7713.0908203125,-245.10917968749982,245.10917968749982,60078.50996707907,3.0799575241574706,36.8,3.5,2221.4,7618.1,0.2257635042431018,12.2,909.8
405,7,cnn1d,loso,Al Hanakiyah - TVTC,24.85577,40.536,01-08-2019 00:00,7554.9,7703.21435546875,148.31435546875036,148.31435546875036,21997.14803811084,1.9631544490165371,35.8,3.5,1981.2,7644.3,0.20582826866136825,14.1,911.2
406,7,cnn1d,loso,Al Hanakiyah - TVTC,24.85577,40.536,01-09-2019 00:00,6635.6,7007.81005859375,372.21005859374964,372.21005859374964,138540.32771836253,5.609290171103587,35.8,3.0,2210.9,6222.8,0.2621506574812953,13.8,912.8
407,7,cnn1d,loso,Al Hanakiyah - TVTC,24.85577,40.536,01-10-2019 00:00,5505.8,6073.1416015625,567.3416015624998,567.3416015624998,321876.4928635023,10.304435351129714,30.4,2.9,1988.0,5546.6,0.2638494412443925,23.0,916.3
408,7,cnn1d,loso,Al Hanakiyah - TVTC,24.85577,40.536,01-11-2019 00:00,4778.9,4689.927734375,-88.97226562499964,88.97226562499964,7916.064050445492,1.861772910607036,23.6,3.2,1513.0,5907.5,0.20389461626575028,38.1,917.4
409,7,cnn1d,loso,Al Hanakiyah - TVTC,24.85577,40.536,01-12-2019 00:00,4562.7,4759.263671875,196.56367187500018,196.56367187500018,38637.27710098274,4.308056016722558,19.0,2.8,1013.4,7183.7,0.12362908833611887,33.6,918.5
410,7,cnn1d,loso,Al Hanakiyah - TVTC,24.85577,40.536,01-01-2020 00:00,4929.4,4919.3955078125,-10.004492187499636,10.004492187499636,100.08986392974126,0.20295557649003199,14.8,2.9,1127.9,7413.2,0.13205559002938733,34.3,919.8
411,7,cnn1d,loso,Al Hanakiyah - TVTC,24.85577,40.536,01-02-2020 00:00,5470.3,5604.56396484375,134.26396484374982,134.26396484374982,18026.812255563687,2.4544168481390383,19.0,3.3,1798.4,6283.0,0.22253569926002922,29.9,918.9
412,7,cnn1d,loso,Al Hanakiyah - TVTC,24.85577,40.536,01-03-2020 00:00,6632.6,7031.42578125,398.82578124999964,398.82578124999964,159062.00378967257,6.013113729909834,22.9,3.6,2292.7,6386.9,0.2641481174247661,21.5,915.6
413,7,cnn1d,loso,Al Hanakiyah - TVTC,24.85577,40.536,01-04-2020 00:00,7323.4,7542.140625,218.74062500000036,218.74062500000036,47847.46102539078,2.9868725591938223,27.1,3.7,2781.8,6290.0,0.3066425626667255,22.5,914.3
414,7,cnn1d,loso,Al Hanakiyah - TVTC,24.85577,40.536,01-05-2020 00:00,7249.3,7381.3984375,132.09843749999982,132.09843749999982,17449.997189941358,1.8222233525995588,32.8,3.5,2956.4,5654.4,0.34333627537511036,17.2,914.5
415,7,cnn1d,loso,Al Hanakiyah - TVTC,24.85577,40.536,01-09-2020 00:00,6812.8,6930.21142578125,117.41142578124982,117.41142578124982,13785.442903985935,1.7233945775782324,34.8,3.0,2065.5,6758.2,0.23408547434749594,11.4,913.5
416,7,cnn1d,loso,Al Hanakiyah - TVTC,24.85577,40.536,01-10-2020 00:00,6154.4,6355.19873046875,200.79873046875036,200.79873046875036,40320.13015786186,3.2626857284016375,28.6,2.8,1300.2,7893.3,0.14142600750530265,13.3,917.9
417,7,cnn1d,loso,Al Hanakiyah - TVTC,24.85577,40.536,01-11-2020 00:00,4646.2,4969.439453125,323.2394531250002,323.2394531250002,104483.74405654919,6.957071437411222,23.7,3.0,1459.6,5791.0,0.20130747800182053,37.9,917.7
418,7,cnn1d,loso,Al Hanakiyah - TVTC,24.85577,40.536,01-12-2020 00:00,4199.4,4373.21826171875,173.81826171875036,173.81826171875036,30212.788106927997,4.139121343971767,19.2,3.1,1500.0,5290.1,0.22090985405222308,39.7,919.2
419,7,cnn1d,loso,Al Hanakiyah - TVTC,24.85577,40.536,01-01-2021 00:00,4720.7,4900.025390625,179.32539062500018,179.32539062500018,32157.595722808903,3.7987033835024504,18.6,3.4,1556.5,5938.4,0.20767455202871288,36.4,919.4
420,7,cnn1d,loso,Al Hanakiyah - TVTC,24.85577,40.536,01-02-2021 00:00,5417.2,5606.69775390625,189.49775390625018,189.49775390625018,35909.39873551376,3.4980756462056077,19.5,3.3,1664.4,6361.5,0.20737861174447728,35.0,918.1
421,7,cnn1d,loso,Al Hanakiyah - TVTC,24.85577,40.536,01-03-2021 00:00,6589.8,7119.60107421875,529.8010742187498,529.8010742187498,280689.1782433413,8.039714015884394,25.6,3.5,2560.5,5854.2,0.3042889229562551,21.5,916.1
422,7,cnn1d,loso,Al Hanakiyah - TVTC,24.85577,40.536,01-04-2021 00:00,7305.7,7468.70703125,163.00703125000018,163.00703125000018,26571.292236938534,2.231230836880794,28.2,3.7,2827.2,5988.0,0.32071875850803155,19.7,916.1
423,7,cnn1d,loso,Al Hanakiyah - TVTC,24.85577,40.536,01-05-2021 00:00,7658.8,7731.8349609375,73.03496093749982,73.03496093749982,5334.105519142125,0.9536084104233015,34.0,3.3,2655.1,6538.0,0.2888144369146425,12.3,913.3
424,7,cnn1d,loso,Al Hanakiyah - TVTC,24.85577,40.536,01-07-2021 00:00,7663.1,7667.9296875,4.829687499999636,4.829687499999636,23.325881347652736,0.06302524435280286,38.1,3.8,2575.0,6684.3,0.278098776365384,12.3,908.7
425,7,cnn1d,loso,Al Hanakiyah - TVTC,24.85577,40.536,01-08-2021 00:00,7545.6,7899.8017578125,354.20175781249964,354.20175781249964,125458.88523746465,4.694149674147843,37.2,3.3,2170.8,7263.2,0.23010387958448167,12.2,910.8
426,7,cnn1d,loso,Al Hanakiyah - TVTC,24.85577,40.536,01-09-2021 00:00,6608.6,6795.1064453125,186.50644531249964,186.50644531249964,34784.65414310442,2.822177848750108,35.4,3.0,2459.0,5760.0,0.2991848156710062,13.1,912.6
427,7,cnn1d,loso,Al Hanakiyah - TVTC,24.85577,40.536,01-10-2021 00:00,5924.8,6050.51611328125,125.71611328124982,125.71611328124982,15804.541138544037,2.1218625655085375,31.0,2.5,1741.4,6635.7,0.20787623401893257,14.8,916.6
428,7,cnn1d,loso,Al Hanakiyah - TVTC,24.85577,40.536,01-11-2021 00:00,4899.6,4913.5185546875,13.918554687499636,13.918554687499636,193.7261645889181,0.28407532630213966,23.9,3.0,1283.7,6657.4,0.16165266776643036,26.8,918.3
429,7,cnn1d,loso,Al Hanakiyah - TVTC,24.85577,40.536,01-12-2021 00:00,4052.8,4405.07568359375,352.2756835937498,352.2756835937498,124098.15725144373,8.69215563545573,19.1,3.0,1536.5,4967.0,0.23625739986161298,36.8,919.2
843,8,cnn1d,loso,Al Jouf - TVTC,29.77634,40.02318,01-01-2017 00:00,3830.0,3784.961669921875,-45.038330078125,45.038330078125,2028.451176226139,1.1759355111781984,9.7,3.8,1505.1,4813.8,0.2381901913307696,42.5,940.8
844,8,cnn1d,loso,Al Jouf - TVTC,29.77634,40.02318,01-02-2017 00:00,4767.7,4540.904296875,-226.79570312499982,226.79570312499982,51436.29095596305,4.756920593262995,9.9,4.1,1533.8,5815.4,0.20870298808033527,26.7,941.3
845,8,cnn1d,loso,Al Jouf - TVTC,29.77634,40.02318,01-03-2017 00:00,5740.9,5658.6328125,-82.26718749999964,82.26718749999964,6767.890139160097,1.433001576407874,16.9,4.7,2227.6,5560.5,0.28602611676788947,35.9,935.8
846,8,cnn1d,loso,Al Jouf - TVTC,29.77634,40.02318,01-04-2017 00:00,5726.0,5907.7822265625,181.7822265625,181.7822265625,33044.77789402008,3.174680869062173,22.3,4.6,2852.7,4059.5,0.4127050721911982,24.8,937.1
847,8,cnn1d,loso,Al Jouf - TVTC,29.77634,40.02318,01-09-2017 00:00,6433.7,6380.34765625,-53.35234374999982,53.35234374999982,2846.4725836181447,0.8292637790074112,32.5,3.6,2436.7,5772.3,0.2968327445486661,14.8,934.1
848,8,cnn1d,loso,Al Jouf - TVTC,29.77634,40.02318,01-10-2017 00:00,5433.4,5133.42919921875,-299.97080078124964,299.97080078124964,89982.48132134415,5.5208672430016135,24.8,3.4,1587.2,6530.3,0.19552817985833076,22.4,936.8
849,8,cnn1d,loso,Al Jouf - TVTC,29.77634,40.02318,01-11-2017 00:00,3972.7,3916.685791015625,-56.01420898437482,56.01420898437482,3137.5916081452165,1.4099783266890231,17.6,3.6,1851.0,4120.6,0.30996717797575185,42.6,939.2
850,8,cnn1d,loso,Al Jouf - TVTC,29.77634,40.02318,01-03-2018 00:00,6314.3,6668.6416015625,354.3416015624998,354.3416015624998,125557.97059787737,5.611732124899035,21.3,4.0,2252.1,6351.2,0.2617716457638348,22.7,936.9
851,8,cnn1d,loso,Al Jouf - TVTC,29.77634,40.02318,01-04-2018 00:00,7142.7,6848.1796875,-294.5203124999998,294.5203124999998,86742.21447509754,4.123375089251962,22.4,4.5,2528.4,6491.3,0.28031974455913167,27.4,934.4
852,8,cnn1d,loso,Al Jouf - TVTC,29.77634,40.02318,01-05-2018 00:00,7350.8,7163.255859375,-187.54414062500018,187.54414062500018,35172.80468276984,2.5513432636583797,27.7,4.7,2944.4,5943.9,0.3312669464352014,21.4,933.7
853,8,cnn1d,loso,Al Jouf - TVTC,29.77634,40.02318,01-06-2018 00:00,8361.9,7832.9296875,-528.9703124999996,528.9703124999996,279809.5915063473,6.325958364725716,32.0,4.8,2348.1,8113.2,0.22445585156720485,15.9,931.5
854,8,cnn1d,loso,Al Jouf - TVTC,29.77634,40.02318,01-07-2018 00:00,8295.6,8249.4072265625,-46.192773437500364,46.192773437500364,2133.7723178482393,0.5568346284476151,32.9,5.1,1991.9,8626.0,0.18759830098230348,16.8,929.6
855,8,cnn1d,loso,Al Jouf - TVTC,29.77634,40.02318,01-08-2018 00:00,7827.0,7810.5888671875,-16.4111328125,16.4111328125,269.32528018951416,0.20967334626932413,32.3,5.0,1515.3,8978.7,0.14439679817038306,19.8,930.8
856,8,cnn1d,loso,Al Jouf - TVTC,29.77634,40.02318,01-10-2018 00:00,5122.5,5297.6357421875,175.1357421875,175.1357421875,30672.528191566467,3.418950555148853,25.7,3.4,2091.4,5041.5,0.29320472738998166,26.5,937.7
857,8,cnn1d,loso,Al Jouf - TVTC,29.77634,40.02318,01-11-2018 00:00,3147.4,3201.271484375,53.87148437499991,53.87148437499991,2902.1368287658593,1.7116186177479797,15.3,2.7,1697.3,2934.3,0.3664608342689351,73.8,939.3
858,8,cnn1d,loso,Al Jouf - TVTC,29.77634,40.02318,01-12-2018 00:00,3644.8,3845.132568359375,200.33256835937482,200.33256835937482,40133.13794546358,5.4963939958125225,12.8,3.3,1163.8,5454.8,0.17583779046928352,59.7,940.7
859,8,cnn1d,loso,Al Jouf - TVTC,29.77634,40.02318,01-01-2019 00:00,3527.3,3439.276123046875,-88.02387695312518,88.02387695312518,7748.202913858922,2.49550298962734,10.7,4.0,1616.7,3915.4,0.29223983659008335,50.6,939.3
860,8,cnn1d,loso,Al Jouf - TVTC,29.77634,40.02318,01-02-2019 00:00,4881.0,4964.9111328125,83.9111328125,83.9111328125,7041.078209877014,1.7191381440790823,12.2,3.8,1560.2,6004.0,0.20626107189127735,51.2,939.5
861,8,cnn1d,loso,Al Jouf - TVTC,29.77634,40.02318,01-05-2019 00:00,7611.7,7692.23828125,80.53828125000018,80.53828125000018,6486.414746704131,1.0580853324487327,29.8,3.8,2428.0,6984.7,0.2579493662817257,12.7,934.4
862,8,cnn1d,loso,Al Jouf - TVTC,29.77634,40.02318,01-06-2019 00:00,7742.5,7898.05078125,155.55078125,155.55078125,24196.04554748535,2.009051097836616,33.2,4.3,2163.5,7565.8,0.22236954354372876,14.6,932.0
863,8,cnn1d,loso,Al Jouf - TVTC,29.77634,40.02318,01-07-2019 00:00,8373.8,8080.537109375,-293.2628906249993,293.2628906249993,86003.1230177303,3.5021482555709387,33.2,4.4,1571.1,9475.9,0.14221960713315832,14.7,929.6
864,8,cnn1d,loso,Al Jouf - TVTC,29.77634,40.02318,01-08-2019 00:00,7668.3,7674.4287109375,6.128710937499818,6.128710937499818,37.5610977554299,0.07992268087450698,33.0,4.8,1856.6,8185.3,0.1848853304653502,16.7,930.6
865,8,cnn1d,loso,Al Jouf - TVTC,29.77634,40.02318,01-09-2019 00:00,6670.0,6698.7392578125,28.7392578125,28.7392578125,825.9449396133423,0.43087343047226384,32.0,3.5,1744.2,7326.7,0.19228521976871094,17.4,933.1
866,8,cnn1d,loso,Al Jouf - TVTC,29.77634,40.02318,01-10-2019 00:00,4920.7,4628.51904296875,-292.1809570312498,292.1809570312498,85369.71165169706,5.937792530153227,26.8,3.1,1912.3,4951.6,0.27860254374335286,30.7,936.8
867,8,cnn1d,loso,Al Jouf - TVTC,29.77634,40.02318,01-11-2019 00:00,4056.3,4118.40869140625,62.10869140624982,62.10869140624982,3857.48954819677,1.5311661219892467,17.3,3.2,1383.8,5332.8,0.2060268588273829,43.6,939.5
868,8,cnn1d,loso,Al Jouf - TVTC,29.77634,40.02318,01-12-2019 00:00,3804.5,3823.397705078125,18.897705078125,18.897705078125,357.1232572197914,0.49671980754698386,12.5,2.6,903.1,6460.4,0.12264548108915597,47.4,939.6
869,8,cnn1d,loso,Al Jouf - TVTC,29.77634,40.02318,01-01-2020 00:00,3948.7,4086.124755859375,137.42475585937518,137.42475585937518,18885.563523008874,3.4802531430439183,9.2,3.7,1333.4,5488.9,0.1954472831742961,48.9,940.4
870,8,cnn1d,loso,Al Jouf - TVTC,29.77634,40.02318,01-02-2020 00:00,5013.3,5148.880859375,135.58085937499982,135.58085937499982,18382.169428863475,2.704423421199605,12.0,4.2,1454.2,6556.0,0.1815435319967042,45.4,939.6
871,8,cnn1d,loso,Al Jouf - TVTC,29.77634,40.02318,01-03-2020 00:00,6023.0,6196.873046875,173.873046875,173.873046875,30231.836429595947,2.8868179789971777,17.3,4.8,2141.1,6048.1,0.26145411029160354,33.1,935.6
872,8,cnn1d,loso,Al Jouf - TVTC,29.77634,40.02318,01-04-2020 00:00,7187.5,6708.13818359375,-479.36181640625,479.36181640625,229787.75102829933,6.669381793478261,21.9,4.1,2330.6,6828.2,0.25446565052190245,27.7,935.0
873,8,cnn1d,loso,Al Jouf - TVTC,29.77634,40.02318,01-05-2020 00:00,7638.5,7444.994140625,-193.505859375,193.505859375,37444.517612457275,2.533296581462329,28.1,4.2,2581.5,6901.0,0.27223833377273926,15.9,935.0
874,8,cnn1d,loso,Al Jouf - TVTC,29.77634,40.02318,01-09-2020 00:00,6580.0,6696.9443359375,116.9443359375,116.9443359375,13675.977707862854,1.7772695431231005,33.7,2.8,2126.1,6568.7,0.24452546349542256,11.5,933.6
875,8,cnn1d,loso,Al Jouf - TVTC,29.77634,40.02318,01-10-2020 00:00,5708.7,5924.98583984375,216.28583984375018,216.28583984375018,46779.564516916354,3.7887056570453903,26.1,2.5,1173.8,7846.8,0.1301243819701572,14.1,938.5
876,8,cnn1d,loso,Al Jouf - TVTC,29.77634,40.02318,01-11-2020 00:00,4067.3,4276.70068359375,209.40068359374982,209.40068359374982,43848.64628952972,5.148395338277231,17.6,3.0,1380.2,5315.3,0.20613845119856622,51.3,938.9
877,8,cnn1d,loso,Al Jouf - TVTC,29.77634,40.02318,01-12-2020 00:00,3380.6,3486.698486328125,106.09848632812509,106.09848632812509,11256.888801119347,3.138451349704937,12.6,3.3,1274.2,4545.1,0.21896104342446687,58.8,941.1
878,8,cnn1d,loso,Al Jouf - TVTC,29.77634,40.02318,01-01-2021 00:00,3944.0,4176.451171875,232.451171875,232.451171875,54033.54730606079,5.893792390339756,11.5,3.3,1446.4,5145.6,0.21941747572815534,45.9,941.2
879,8,cnn1d,loso,Al Jouf - TVTC,29.77634,40.02318,01-03-2021 00:00,6384.4,6421.4248046875,37.024804687500364,37.024804687500364,1370.836162147549,0.5799261432162829,18.1,3.9,2155.5,6569.8,0.24704021638224477,27.5,937.1
880,8,cnn1d,loso,Al Jouf - TVTC,29.77634,40.02318,01-04-2021 00:00,7284.1,7010.09375,-274.00625000000036,274.00625000000036,75079.4250390627,3.7617035735368862,23.9,3.5,2225.7,7076.1,0.23927626910920466,17.2,937.3
881,8,cnn1d,loso,Al Jouf - TVTC,29.77634,40.02318,01-05-2021 00:00,8070.1,7559.22607421875,-510.87392578125036,510.87392578125036,260992.1680431465,6.330453473702313,30.0,3.7,2289.2,7930.5,0.22399874751705037,12.3,933.4
882,8,cnn1d,loso,Al Jouf - TVTC,29.77634,40.02318,01-09-2021 00:00,6706.2,6931.2333984375,225.03339843750018,225.03339843750018,50640.03041233071,3.355602255189231,30.3,3.2,1641.3,7626.5,0.1770970456850601,18.9,933.6
1459,9,cnn1d,loso,Al Jubail - SWCC,26.9042,49.76274,01-01-2017 00:00,3548.4,3531.696533203125,-16.70346679687509,16.70346679687509,279.0058030343086,0.4707323525215616,16.8,2.8,1516.8,3907.2,0.279646017699115,72.4,1018.6
1460,9,cnn1d,loso,Al Jubail - SWCC,26.9042,49.76274,01-02-2017 00:00,3721.4,3637.5302734375,-83.86972656250009,83.86972656250009,7034.131033668534,2.2537143699279865,15.2,0.5,1664.5,3479.3,0.32359345231152065,71.1,1019.5
1461,9,cnn1d,loso,Al Jubail - SWCC,26.9042,49.76274,01-03-2017 00:00,3973.8,4567.1826171875,593.3826171874998,593.3826171874998,352102.93038028694,14.932372469361816,20.7,0.0,2113.4,2693.2,0.43968709690841756,75.3,1013.7
1462,9,cnn1d,loso,Al Jubail - SWCC,26.9042,49.76274,01-04-2017 00:00,5835.2,5828.41064453125,-6.789355468749818,6.789355468749818,46.095347681043066,0.11635171834298427,26.4,0.0,2691.2,4230.3,0.3888174528642635,61.6,1010.9
1463,9,cnn1d,loso,Al Jubail - SWCC,26.9042,49.76274,01-05-2017 00:00,6296.3,6570.69091796875,274.3909179687498,274.3909179687498,75290.37586373319,4.357970839520826,31.9,0.0,2872.1,4323.0,0.3991744381593028,49.5,1006.2
1464,9,cnn1d,loso,Al Jubail - SWCC,26.9042,49.76274,01-06-2017 00:00,6948.8,6594.408203125,-354.3917968750002,354.3917968750002,125593.54569229139,5.100043127950152,34.2,0.0,1737.5,6898.8,0.2011856929472112,45.9,1000.6
1465,9,cnn1d,loso,Al Jubail - SWCC,26.9042,49.76274,01-09-2017 00:00,5878.6,6029.55029296875,150.95029296874964,150.95029296874964,22785.990947351347,2.5677932325511112,33.3,0.0,2004.8,5499.9,0.26713925939744426,69.1,1004.9
1466,9,cnn1d,loso,Al Jubail - SWCC,26.9042,49.76274,01-10-2017 00:00,5021.3,5011.13720703125,-10.162792968750182,10.162792968750182,103.28236092567813,0.20239366237329337,29.9,0.0,1688.5,5317.2,0.24101802817705584,68.8,1010.9
1467,9,cnn1d,loso,Al Jubail - SWCC,26.9042,49.76274,01-11-2017 00:00,3901.2,3870.937744140625,-30.262255859374818,30.262255859374818,915.8041296982655,0.7757165964158418,24.6,0.0,1591.9,4243.0,0.27282387016058546,63.6,1016.1
1468,9,cnn1d,loso,Al Jubail - SWCC,26.9042,49.76274,01-03-2018 00:00,5957.0,6130.2666015625,173.2666015625,173.2666015625,30021.315217018127,2.9086218157210006,23.4,0.0,2331.4,5397.0,0.301666580404741,56.2,1013.4
1469,9,cnn1d,loso,Al Jubail - SWCC,26.9042,49.76274,01-04-2018 00:00,5482.4,5456.5390625,-25.860937499999636,25.860937499999636,668.7880883788874,0.4717083302932956,25.8,0.0,3245.7,2919.8,0.526429324466791,57.3,1010.2
1470,9,cnn1d,loso,Al Jubail - SWCC,26.9042,49.76274,01-05-2018 00:00,6604.4,6445.4912109375,-158.90878906249964,158.90878906249964,25252.003241310005,2.4061048552858644,30.3,0.0,3285.3,4260.7,0.43536973230850784,48.8,1007.2
1471,9,cnn1d,loso,Al Jubail - SWCC,26.9042,49.76274,01-06-2018 00:00,7665.1,7399.3173828125,-265.78261718750036,265.78261718750036,70640.39959903737,3.467438352891682,35.1,0.0,2752.1,6272.2,0.3049654820872533,43.6,1000.0
1472,9,cnn1d,loso,Al Jubail - SWCC,26.9042,49.76274,01-07-2018 00:00,7378.5,7089.892578125,-288.607421875,288.607421875,83294.24396133423,3.911464686250593,35.4,0.0,2726.8,5954.3,0.314107659167617,45.6,996.6
1473,9,cnn1d,loso,Al Jubail - SWCC,26.9042,49.76274,01-08-2018 00:00,7059.7,7186.77734375,127.07734375000018,127.07734375000018,16148.65129455571,1.800038864965936,34.8,0.0,2176.3,6521.7,0.25020694412508626,48.0,998.5
1474,9,cnn1d,loso,Al Jubail - SWCC,26.9042,49.76274,01-09-2018 00:00,6083.9,6152.11083984375,68.21083984375036,68.21083984375036,4652.718672189762,1.121169641903226,33.1,0.0,2228.5,5429.9,0.2909876736655176,63.5,1005.0
1475,9,cnn1d,loso,Al Jubail - SWCC,26.9042,49.76274,01-10-2018 00:00,4732.9,4974.75537109375,241.85537109375036,241.85537109375036,58494.0205268957,5.1100883410541185,29.4,0.0,2129.6,4037.2,0.3453330738794837,62.0,1012.9
1476,9,cnn1d,loso,Al Jubail - SWCC,26.9042,49.76274,01-11-2018 00:00,3456.3,3837.887451171875,381.5874511718748,381.5874511718748,145608.98289184796,11.040345200702335,23.7,0.0,1734.3,3167.3,0.3538232413905663,66.8,1016.9
1477,9,cnn1d,loso,Al Jubail - SWCC,26.9042,49.76274,01-12-2018 00:00,3545.2,3794.4453125,249.24531250000018,249.24531250000018,62123.22580322275,7.03050074748957,19.9,0.0,1657.1,3825.6,0.3022415962937968,64.4,1019.3
1478,9,cnn1d,loso,Al Jubail - SWCC,26.9042,49.76274,01-01-2019 00:00,3651.6,3852.498046875,200.8980468750001,200.8980468750001,40360.02523818974,5.501644399030565,18.3,0.0,1940.7,3187.0,0.3784737796672972,59.2,1018.9
1479,9,cnn1d,loso,Al Jubail - SWCC,26.9042,49.76274,01-02-2019 00:00,4125.3,3949.444580078125,-175.85541992187518,175.85541992187518,30925.128715899056,4.262851669499798,17.8,0.0,1600.8,4369.5,0.26812722978744785,62.0,1017.9
1480,9,cnn1d,loso,Al Jubail - SWCC,26.9042,49.76274,01-03-2019 00:00,5465.2,5603.685546875,138.48554687500018,138.48554687500018,19178.246693267873,2.533952039724076,19.8,0.0,2306.3,4794.0,0.3248172612424827,57.8,1014.4
1481,9,cnn1d,loso,Al Jubail - SWCC,26.9042,49.76274,01-04-2019 00:00,5869.6,5681.748046875,-187.85195312500036,187.85195312500036,35288.35629287733,3.2004217174083474,24.6,0.0,2808.2,4115.9,0.40556895481001143,54.2,1011.1
1482,9,cnn1d,loso,Al Jubail - SWCC,26.9042,49.76274,01-05-2019 00:00,6475.5,6306.07666015625,-169.42333984375,169.42333984375,28704.268083810806,2.6163746404717783,30.8,0.0,2917.2,4605.5,0.38778630013160165,43.9,1007.0
1483,9,cnn1d,loso,Al Jubail - SWCC,26.9042,49.76274,01-06-2019 00:00,7163.6,6980.435546875,-183.16445312500036,183.16445312500036,33549.21688858046,2.5568771724412356,35.4,0.0,2053.7,6714.8,0.23421337743057533,41.9,1000.8
1484,9,cnn1d,loso,Al Jubail - SWCC,26.9042,49.76274,01-07-2019 00:00,6808.1,7113.12841796875,305.02841796874964,305.02841796874964,93042.33576851823,4.480375111539924,35.6,0.0,2048.9,6179.0,0.24901858311355268,43.0,996.9
1485,9,cnn1d,loso,Al Jubail - SWCC,26.9042,49.76274,01-08-2019 00:00,6987.8,7288.7763671875,300.9763671874998,300.9763671874998,90586.77360538472,4.307169168944443,35.0,0.0,2260.6,6317.2,0.26354076802909837,46.0,998.6
1486,9,cnn1d,loso,Al Jubail - SWCC,26.9042,49.76274,01-09-2019 00:00,6346.6,6219.07177734375,-127.52822265625036,127.52822265625036,16263.447573862168,2.0093943632220457,33.4,0.0,1719.8,6676.0,0.20484051549584317,52.1,1003.8
1487,9,cnn1d,loso,Al Jubail - SWCC,26.9042,49.76274,01-10-2019 00:00,4976.4,5025.7724609375,49.372460937500364,49.372460937500364,2437.6398990249995,0.992132082177887,31.1,0.0,1954.9,4757.8,0.29122409760603035,56.1,1010.2
1488,9,cnn1d,loso,Al Jubail - SWCC,26.9042,49.76274,01-11-2019 00:00,3931.9,3893.20166015625,-38.69833984375009,38.69833984375009,1497.561506662376,0.9842147522508224,23.9,0.0,1529.9,4384.7,0.25866499847834173,53.6,1015.9
1489,9,cnn1d,loso,Al Jubail - SWCC,26.9042,49.76274,01-12-2019 00:00,3531.3,3797.66162109375,266.3616210937498,266.3616210937498,70948.51319169035,7.542877158376513,19.6,0.0,1264.3,4553.2,0.21732703051138805,58.7,1018.0
1490,9,cnn1d,loso,Al Jubail - SWCC,26.9042,49.76274,01-01-2020 00:00,3772.3,3435.482421875,-336.8175781250002,336.8175781250002,113446.0809339906,8.928706044720732,16.6,2.7,1288.1,4840.3,0.21018536649043795,56.6,1018.5
1491,9,cnn1d,loso,Al Jubail - SWCC,26.9042,49.76274,01-02-2020 00:00,4780.3,4186.7958984375,-593.5041015625002,593.5041015625002,352247.11857151054,12.415624575078974,18.2,4.1,1833.4,5000.4,0.26828411718224127,54.0,1018.0
1492,9,cnn1d,loso,Al Jubail - SWCC,26.9042,49.76274,01-03-2020 00:00,5488.2,5411.5595703125,-76.64042968749982,76.64042968749982,5873.755462684603,1.3964583959677093,21.1,4.3,2332.8,4713.9,0.3310485759291584,54.9,1012.8
1493,9,cnn1d,loso,Al Jubail - SWCC,26.9042,49.76274,01-04-2020 00:00,5407.2,5538.86572265625,131.66572265625018,131.66572265625018,17335.862522592593,2.4350074466683345,26.1,4.2,2869.8,3396.5,0.457973604838581,51.8,1009.7
1494,9,cnn1d,loso,Al Jubail - SWCC,26.9042,49.76274,01-05-2020 00:00,6894.7,6876.24462890625,-18.455371093749818,18.455371093749818,340.60072220801635,0.26767475153015824,30.0,3.6,2616.7,5634.3,0.3171373166888862,47.2,1007.0
1495,9,cnn1d,loso,Al Jubail - SWCC,26.9042,49.76274,01-11-2020 00:00,3905.2,3934.914794921875,29.714794921875182,29.714794921875182,882.9690372490991,0.7609032808018843,24.6,3.5,1498.6,4455.7,0.2516836571889223,58.9,1015.6
1496,9,cnn1d,loso,Al Jubail - SWCC,26.9042,49.76274,01-12-2020 00:00,3358.2,3565.308837890625,207.10883789062518,207.10883789062518,42894.070732405264,6.167257396540563,19.0,3.6,1436.2,3841.2,0.27214158487133816,61.7,1019.2
1497,9,cnn1d,loso,Al Jubail - SWCC,26.9042,49.76274,01-01-2021 00:00,3883.0,3698.494873046875,-184.505126953125,184.505126953125,34042.14187198877,4.751612849681304,17.4,3.4,1497.3,4548.5,0.2476595322372556,59.1,1019.3
1498,9,cnn1d,loso,Al Jubail - SWCC,26.9042,49.76274,01-02-2021 00:00,4494.8,4622.044921875,127.24492187499982,127.24492187499982,16191.270142974807,2.8309362346489233,18.4,3.8,1576.0,5087.3,0.23651944231837077,60.0,1017.3
1499,9,cnn1d,loso,Al Jubail - SWCC,26.9042,49.76274,01-03-2021 00:00,5505.5,5541.8486328125,36.3486328125,36.3486328125,1321.2231073379517,0.6602240089455998,21.9,4.5,2614.9,4175.9,0.385065088060317,52.5,1013.0
1500,9,cnn1d,loso,Al Jubail - SWCC,26.9042,49.76274,01-04-2021 00:00,6685.9,6624.7021484375,-61.197851562499636,61.197851562499636,3745.177035865739,0.9153270548841538,26.5,4.1,2655.6,5380.8,0.3304464685680155,47.7,1010.4
1501,9,cnn1d,loso,Al Jubail - SWCC,26.9042,49.76274,01-05-2021 00:00,7350.3,7114.12548828125,-236.17451171875018,236.17451171875018,55778.39998559007,3.2131275147783107,32.1,3.3,2539.0,6355.7,0.28545088648296174,42.6,1004.8
1502,9,cnn1d,loso,Al Jubail - SWCC,26.9042,49.76274,01-07-2021 00:00,7340.4,7280.625,-59.774999999999636,59.774999999999636,3573.0506249999567,0.8143289194049321,35.9,3.5,2197.9,6751.2,0.24560011621280353,50.2,997.0
1503,9,cnn1d,loso,Al Jubail - SWCC,26.9042,49.76274,01-08-2021 00:00,6824.9,6489.8369140625,-335.06308593749964,335.06308593749964,112267.27155796027,4.909421177416514,35.5,0.2,2101.2,6325.2,0.24935915693534605,55.2,1000.1
1504,9,cnn1d,loso,Al Jubail - SWCC,26.9042,49.76274,01-09-2021 00:00,6263.2,6349.6845703125,86.48457031250018,86.48457031250018,7479.580902137788,1.3808367976832958,32.8,0.0,1628.3,6721.8,0.19500365265086644,55.3,1003.5
1505,9,cnn1d,loso,Al Jubail - SWCC,26.9042,49.76274,01-10-2021 00:00,5176.8,4909.63037109375,-267.1696289062502,267.1696289062502,71379.61060990344,5.160903046404153,29.5,0.0,1558.9,5815.0,0.21140780319776512,58.5,1010.8
1506,9,cnn1d,loso,Al Jubail - SWCC,26.9042,49.76274,01-11-2021 00:00,4147.8,3959.23876953125,-188.56123046875018,188.56123046875018,35555.337635889126,4.546054064052032,24.0,0.0,1445.8,5032.5,0.22317583316610837,59.0,1014.7
1507,9,cnn1d,loso,Al Jubail - SWCC,26.9042,49.76274,01-12-2021 00:00,3370.2,3592.239013671875,222.03901367187518,222.03901367187518,49301.32359237917,6.588303770455023,19.1,0.0,1417.7,3890.0,0.2671025114456356,61.1,1018.4
513,10,cnn1d,loso,Al Khafji - SWCC,28.50676,48.455128,01-02-2017 00:00,3949.1,4484.16552734375,535.0655273437501,535.0655273437501,286295.11855164537,13.54904984284394,12.5,3.5,1788.9,3785.9,0.3208904355313195,47.2,1019.5
514,10,cnn1d,loso,Al Khafji - SWCC,28.50676,48.455128,01-11-2017 00:00,3938.1,4045.109130859375,107.00913085937509,107.00913085937509,11450.954087278862,2.717278150869076,21.5,3.3,1571.4,4407.1,0.26284184996236515,48.1,1016.4
515,10,cnn1d,loso,Al Khafji - SWCC,28.50676,48.455128,01-03-2018 00:00,5826.0,5242.1845703125,-583.8154296875,583.8154296875,340840.45594120026,10.020862164220734,21.5,3.4,2206.8,5403.5,0.2899754280383165,44.9,1013.0
516,10,cnn1d,loso,Al Khafji - SWCC,28.50676,48.455128,01-04-2018 00:00,5838.9,5325.83203125,-513.0679687499996,513.0679687499996,263238.7405572506,8.78706552175923,24.3,3.7,3234.6,3462.7,0.4829707494064773,51.3,1009.9
517,10,cnn1d,loso,Al Khafji - SWCC,28.50676,48.455128,01-05-2018 00:00,6759.9,6844.0078125,84.10781250000036,84.10781250000036,7074.124123535217,1.2442168153375104,29.9,3.0,3162.2,4749.9,0.3996663338431011,38.4,1006.9
518,10,cnn1d,loso,Al Khafji - SWCC,28.50676,48.455128,01-06-2018 00:00,7569.0,7227.4140625,-341.5859375,341.5859375,116680.9526977539,4.512959935262254,34.8,3.8,3187.7,5639.7,0.36111425787887713,29.1,1000.0
519,10,cnn1d,loso,Al Khafji - SWCC,28.50676,48.455128,01-07-2018 00:00,7416.9,7452.296875,35.396875000000364,35.396875000000364,1252.9387597656507,0.47724622146719475,36.4,4.0,2899.6,5875.5,0.3304349807979396,21.6,996.6
520,10,cnn1d,loso,Al Khafji - SWCC,28.50676,48.455128,01-03-2020 00:00,5678.3,5221.50390625,-456.7960937500002,456.7960937500002,208662.67126525895,8.04459246165226,19.3,3.6,2138.4,5343.2,0.2858212147134303,56.6,1012.8
521,10,cnn1d,loso,Al Khafji - SWCC,28.50676,48.455128,01-04-2020 00:00,6194.9,5891.23779296875,-303.66220703124964,303.66220703124964,92210.73597908951,4.901809666520035,24.3,3.5,3297.2,3990.5,0.45243355242394717,51.8,1009.8
522,10,cnn1d,loso,Al Khafji - SWCC,28.50676,48.455128,01-09-2020 00:00,6394.5,6259.884765625,-134.615234375,134.615234375,18121.26132583618,2.1051721694424894,33.0,2.7,1898.9,6518.8,0.22558418570393338,40.8,1004.1
523,10,cnn1d,loso,Al Khafji - SWCC,28.50676,48.455128,01-10-2020 00:00,5466.9,4977.4140625,-489.48593749999964,489.48593749999964,239596.48301025355,8.953628884742718,26.6,2.5,1368.7,6781.2,0.16794071092896848,42.6,1011.6
524,10,cnn1d,loso,Al Khafji - SWCC,28.50676,48.455128,01-11-2020 00:00,3736.1,4210.1552734375,474.0552734375001,474.0552734375001,224728.402273903,12.688506020649879,22.4,3.6,1507.8,4169.5,0.2655839923907491,56.9,1015.9
525,10,cnn1d,loso,Al Khafji - SWCC,28.50676,48.455128,01-12-2020 00:00,3067.4,3377.99951171875,310.5995117187499,310.5995117187499,96472.05667992587,10.125823554761357,15.5,3.1,1282.8,3681.1,0.25842583452527246,64.4,1019.5
526,10,cnn1d,loso,Al Khafji - SWCC,28.50676,48.455128,01-01-2021 00:00,3791.6,3651.9580078125,-139.6419921874999,139.6419921874999,19499.885982093787,3.682930482843652,13.9,2.9,1545.4,4379.7,0.26082260215017466,53.9,1019.7
527,10,cnn1d,loso,Al Khafji - SWCC,28.50676,48.455128,01-02-2021 00:00,4392.6,4185.87255859375,-206.72744140625036,206.72744140625036,42736.23503037468,4.7062660248201595,16.0,0.0,1477.9,5060.7,0.22602697825222526,57.1,1017.6
528,10,cnn1d,loso,Al Khafji - SWCC,28.50676,48.455128,01-03-2021 00:00,5763.4,5449.712890625,-313.68710937499964,313.68710937499964,98399.60258804298,5.442744029132104,20.1,0.0,2573.5,4760.7,0.3508903493223528,42.5,1013.2
529,10,cnn1d,loso,Al Khafji - SWCC,28.50676,48.455128,01-04-2021 00:00,6385.6,6240.4208984375,-145.17910156250036,145.17910156250036,21076.971530494797,2.27353892449418,25.6,0.0,2797.2,4953.7,0.360887122785741,34.3,1010.5
530,10,cnn1d,loso,Al Khafji - SWCC,28.50676,48.455128,01-05-2021 00:00,7342.1,7255.306640625,-86.79335937500036,86.79335937500036,7533.087231597963,1.1821326238405954,32.1,0.0,2642.0,6220.9,0.29809655981676425,26.7,1004.7
531,10,cnn1d,loso,Al Khafji - SWCC,28.50676,48.455128,01-07-2021 00:00,7678.7,7550.02294921875,-128.67705078124982,128.67705078124982,16557.783397760344,1.6757660903701126,36.7,0.0,2200.3,7293.0,0.23177398797046342,30.0,996.9
532,10,cnn1d,loso,Al Khafji - SWCC,28.50676,48.455128,01-08-2021 00:00,7239.3,6990.169921875,-249.13007812500018,249.13007812500018,62065.7958265687,3.441355906303098,35.8,0.0,2172.8,6851.9,0.24076146575509436,33.5,999.9
533,10,cnn1d,loso,Al Khafji - SWCC,28.50676,48.455128,01-09-2021 00:00,6523.0,6589.26416015625,66.26416015625,66.26416015625,4390.93892121315,1.015854057278093,32.2,0.0,1749.5,6997.5,0.2000114324911398,31.5,1003.5
534,10,cnn1d,loso,Al Khafji - SWCC,28.50676,48.455128,01-10-2021 00:00,5078.8,5298.27392578125,219.47392578124982,219.47392578124982,48168.804097833556,4.321373666638769,27.6,0.0,1732.2,5432.1,0.2417821699258825,38.1,1011.0
1068,11,cnn1d,loso,Al Qunfudhah - TVTC,19.15197,41.08111,01-01-2017 00:00,4603.3,4341.80908203125,-261.4909179687502,261.4909179687502,68377.50018013964,5.680510024737692,26.5,2.3,1731.3,4826.3,0.26401427351470047,76.5,1012.8
1069,11,cnn1d,loso,Al Qunfudhah - TVTC,19.15197,41.08111,01-02-2017 00:00,4068.8,4401.927734375,333.1277343749998,333.1277343749998,110974.08740982044,8.187370585307702,26.4,2.5,2493.3,2316.6,0.5183683652466788,71.1,1012.0
1070,11,cnn1d,loso,Al Qunfudhah - TVTC,19.15197,41.08111,01-03-2017 00:00,5175.3,5266.80029296875,91.50029296874982,91.50029296874982,8372.303613367047,1.7680191093994515,28.0,2.6,2617.2,3455.6,0.4309708865762087,72.8,1008.9
1071,11,cnn1d,loso,Al Qunfudhah - TVTC,19.15197,41.08111,01-04-2017 00:00,6063.9,6015.46337890625,-48.436621093749636,48.436621093749636,2346.1062629794724,0.7987701164885576,30.6,2.6,2708.7,4292.5,0.3868908187167914,65.0,1007.7
1072,11,cnn1d,loso,Al Qunfudhah - TVTC,19.15197,41.08111,01-05-2017 00:00,5961.5,5982.64404296875,21.14404296875,21.14404296875,447.0705530643463,0.35467655738907994,32.1,2.9,2791.6,3960.8,0.41342337539245305,71.3,1006.0
1073,11,cnn1d,loso,Al Qunfudhah - TVTC,19.15197,41.08111,01-06-2017 00:00,5946.6,5535.93310546875,-410.66689453125036,410.66689453125036,168647.2982639411,6.9059108487413035,32.6,2.9,2959.5,3624.0,0.44953292321713373,74.7,1002.2
1074,11,cnn1d,loso,Al Qunfudhah - TVTC,19.15197,41.08111,01-09-2017 00:00,5957.8,5436.6357421875,-521.1642578125002,521.1642578125002,271612.18362125417,8.747595720106418,32.2,2.8,3070.0,3642.6,0.4573488663111164,79.4,1004.5
1075,11,cnn1d,loso,Al Qunfudhah - TVTC,19.15197,41.08111,01-10-2017 00:00,5667.9,5854.7109375,186.81093750000036,186.81093750000036,34898.326369629045,3.2959462499338446,30.5,2.5,2091.8,5201.7,0.2868033180228971,78.4,1007.8
1076,11,cnn1d,loso,Al Qunfudhah - TVTC,19.15197,41.08111,01-11-2017 00:00,4737.6,5088.83544921875,351.23544921874964,351.23544921874964,123366.34078789686,7.413784389115789,29.1,2.3,1912.1,4619.1,0.2927639637432631,74.2,1010.4
1077,11,cnn1d,loso,Al Qunfudhah - TVTC,19.15197,41.08111,01-12-2017 00:00,4548.6,4315.37890625,-233.22109375000036,233.22109375000036,54392.07856994646,5.127315959855787,26.7,2.1,1658.6,5033.8,0.2478333632179786,73.0,1013.3
1078,11,cnn1d,loso,Al Qunfudhah - TVTC,19.15197,41.08111,01-03-2018 00:00,6486.4,5886.8369140625,-599.5630859374996,599.5630859374996,359475.89401889755,9.243387486702941,27.8,2.3,2263.3,5829.9,0.2796545247862403,71.9,1009.3
1079,11,cnn1d,loso,Al Qunfudhah - TVTC,19.15197,41.08111,01-04-2018 00:00,6652.1,6359.74609375,-292.35390625000036,292.35390625000036,85470.806499634,4.394911475323587,30.2,2.5,2627.6,5211.2,0.3352043680155126,70.7,1006.9
1080,11,cnn1d,loso,Al Qunfudhah - TVTC,19.15197,41.08111,01-05-2018 00:00,6919.4,6712.7578125,-206.64218749999964,206.64218749999964,42700.99365478501,2.9864177168540573,31.8,2.6,3245.1,4602.4,0.41352022937241156,70.7,1004.8
1081,11,cnn1d,loso,Al Qunfudhah - TVTC,19.15197,41.08111,01-06-2018 00:00,6298.2,6126.80078125,-171.39921874999982,171.39921874999982,29377.69218811029,2.721400062716329,32.7,3.2,3832.3,2975.4,0.5629360870778677,72.1,1002.3
1082,11,cnn1d,loso,Al Qunfudhah - TVTC,19.15197,41.08111,01-07-2018 00:00,6173.5,5462.01318359375,-711.48681640625,711.48681640625,506213.4899199009,11.524853266481736,32.7,3.5,3603.3,3098.7,0.537645478961504,69.2,1002.6
1083,11,cnn1d,loso,Al Qunfudhah - TVTC,19.15197,41.08111,01-08-2018 00:00,6225.0,5507.56494140625,-717.43505859375,717.43505859375,514713.0632994175,11.525061182228916,33.0,3.5,3379.3,3438.1,0.4956875055006308,74.3,1002.8
1084,11,cnn1d,loso,Al Qunfudhah - TVTC,19.15197,41.08111,01-09-2018 00:00,5957.2,5313.615234375,-643.5847656249998,643.5847656249998,414201.35054458596,10.803477567061705,32.7,2.3,3243.1,3374.2,0.4900941471597178,80.7,1005.0
1085,11,cnn1d,loso,Al Qunfudhah - TVTC,19.15197,41.08111,01-10-2018 00:00,5391.0,4954.6103515625,-436.3896484375,436.3896484375,190435.92526340485,8.09478108769245,30.8,1.8,2299.3,4418.2,0.3422850762932639,74.8,1008.8
1086,11,cnn1d,loso,Al Qunfudhah - TVTC,19.15197,41.08111,01-11-2018 00:00,4418.4,4617.74951171875,199.34951171875036,199.34951171875036,39740.22782250419,4.511803180308491,29.1,1.6,2037.1,3856.6,0.3456402599385785,75.7,1010.4
1087,11,cnn1d,loso,Al Qunfudhah - TVTC,19.15197,41.08111,01-12-2018 00:00,4109.2,4469.60302734375,360.4030273437502,360.4030273437502,129890.34211853993,8.770637285694301,27.5,1.6,2033.3,3567.0,0.3630698355445244,77.8,1012.5
1088,11,cnn1d,loso,Al Qunfudhah - TVTC,19.15197,41.08111,01-01-2019 00:00,4616.3,4705.7822265625,89.48222656249982,89.48222656249982,8007.068870582548,1.9383971267573556,26.8,1.6,2196.5,3983.3,0.3554322146347778,79.1,1012.9
1089,11,cnn1d,loso,Al Qunfudhah - TVTC,19.15197,41.08111,01-02-2019 00:00,4805.2,4622.48486328125,-182.71513671874982,182.71513671874982,33384.821186151436,3.802446031772867,26.6,2.0,2694.3,3153.1,0.46076888873687455,75.9,1011.7
1090,11,cnn1d,loso,Al Qunfudhah - TVTC,19.15197,41.08111,01-03-2019 00:00,6154.0,5790.439453125,-363.560546875,363.560546875,132176.27124404907,5.907711193938901,26.9,2.3,2688.8,4702.5,0.3637790375170809,71.5,1010.3
1091,11,cnn1d,loso,Al Qunfudhah - TVTC,19.15197,41.08111,01-04-2019 00:00,6536.0,6378.9853515625,-157.0146484375,157.0146484375,24653.59982395172,2.402304902654529,29.8,2.0,2894.4,4666.4,0.3828166331605122,71.1,1007.6
1092,11,cnn1d,loso,Al Qunfudhah - TVTC,19.15197,41.08111,01-05-2019 00:00,6425.8,6364.19091796875,-61.60908203125018,61.60908203125018,3795.678988733314,0.9587768376116621,32.6,2.2,2897.1,4598.5,0.3865067506270345,60.9,1006.1
1093,11,cnn1d,loso,Al Qunfudhah - TVTC,19.15197,41.08111,01-06-2019 00:00,6387.9,5754.5126953125,-633.3873046874996,633.3873046874996,401179.4777392955,9.915422982318127,33.3,2.9,3510.2,3458.7,0.5036949877312058,73.4,1002.6
1094,11,cnn1d,loso,Al Qunfudhah - TVTC,19.15197,41.08111,01-07-2019 00:00,6463.4,6328.34375,-135.05624999999964,135.05624999999964,18240.1906640624,2.089554259368129,33.0,3.3,3579.8,3504.5,0.5053145688353119,70.0,1001.2
1095,11,cnn1d,loso,Al Qunfudhah - TVTC,19.15197,41.08111,01-08-2019 00:00,6034.5,5985.90673828125,-48.59326171875,48.59326171875,2361.305084466934,0.805257464889386,32.9,3.4,3219.6,3438.2,0.4835831656102617,76.4,1003.8
1096,11,cnn1d,loso,Al Qunfudhah - TVTC,19.15197,41.08111,01-09-2019 00:00,5989.8,5699.169921875,-290.6300781250002,290.6300781250002,84465.84231094371,4.852083176817259,32.1,2.5,2896.6,3898.3,0.4262903059647677,82.2,1003.8
1097,11,cnn1d,loso,Al Qunfudhah - TVTC,19.15197,41.08111,01-10-2019 00:00,5564.8,5722.6748046875,157.87480468749982,157.87480468749982,24924.453955116216,2.8370256736540362,30.9,1.8,2124.4,4919.2,0.30160713271622464,77.3,1008.3
1098,11,cnn1d,loso,Al Qunfudhah - TVTC,19.15197,41.08111,01-11-2019 00:00,4206.5,4598.50439453125,392.00439453125,392.00439453125,153667.4453318119,9.319015678860097,28.7,1.4,1795.2,3890.5,0.31573948678263014,80.4,1009.6
1099,11,cnn1d,loso,Al Qunfudhah - TVTC,19.15197,41.08111,01-12-2019 00:00,4460.9,4553.62890625,92.72890625000036,92.72890625000036,8598.650054321357,2.0787039891053456,27.6,1.8,1773.5,4714.4,0.273355014719709,79.0,1011.6
1100,11,cnn1d,loso,Al Qunfudhah - TVTC,19.15197,41.08111,01-01-2020 00:00,4132.0,4928.6083984375,796.6083984375,796.6083984375,634584.9404611588,19.279002866348016,20.2,2.1,1493.0,4790.6,0.23760264816347315,62.9,1016.4
1101,11,cnn1d,loso,Al Qunfudhah - TVTC,19.15197,41.08111,01-02-2020 00:00,5069.8,4683.22998046875,-386.5700195312502,386.5700195312502,149436.38000039116,7.6249560047980225,26.2,1.6,2509.8,3741.1,0.4015101825337152,79.0,1012.7
1102,11,cnn1d,loso,Al Qunfudhah - TVTC,19.15197,41.08111,01-03-2020 00:00,5969.4,5574.24951171875,-395.15048828124964,395.15048828124964,156143.90838891,6.619601438691487,27.1,1.2,2971.8,3975.4,0.4277694610778443,78.1,1009.3
1103,11,cnn1d,loso,Al Qunfudhah - TVTC,19.15197,41.08111,01-04-2020 00:00,6822.3,6530.6552734375,-291.6447265625002,291.6447265625002,85056.6465317155,4.274873965708048,29.8,2.5,2477.4,5643.0,0.3050834934239693,74.4,1007.8
1104,11,cnn1d,loso,Al Qunfudhah - TVTC,19.15197,41.08111,01-05-2020 00:00,6685.0,6573.68798828125,-111.31201171875,111.31201171875,12390.363952875137,1.6651011476252804,32.1,3.0,2890.0,4756.6,0.377945753668297,73.0,1006.0
1105,11,cnn1d,loso,Al Qunfudhah - TVTC,19.15197,41.08111,01-10-2020 00:00,5807.6,5846.70458984375,39.104589843749636,39.104589843749636,1529.1689468478871,0.6733347655442805,30.6,2.3,1839.5,5788.0,0.24116683054736152,78.8,1007.5
1106,11,cnn1d,loso,Al Qunfudhah - TVTC,19.15197,41.08111,01-11-2020 00:00,4494.5,4589.16064453125,94.66064453125,94.66064453125,8960.63762307167,2.106144054538881,29.2,2.3,1828.7,4301.2,0.29832460562162516,80.0,1010.2
1107,11,cnn1d,loso,Al Qunfudhah - TVTC,19.15197,41.08111,01-12-2020 00:00,4492.0,4556.01708984375,64.01708984375,64.01708984375,4098.187792062759,1.4251355708760018,27.4,2.1,1638.6,5006.1,0.24660255542010923,82.9,1011.5
1108,11,cnn1d,loso,Al Qunfudhah - TVTC,19.15197,41.08111,01-01-2021 00:00,4590.6,4675.16552734375,84.56552734374964,84.56552734374964,7151.328414926467,1.8421454133174233,26.2,2.1,1968.1,4364.5,0.3107886176294097,83.6,1011.8
1109,11,cnn1d,loso,Al Qunfudhah - TVTC,19.15197,41.08111,01-02-2021 00:00,5038.1,4619.93212890625,-418.16787109375036,418.16787109375036,174864.36841507943,8.300110579261037,26.0,2.6,2207.1,4209.1,0.3439886537202705,79.0,1011.5
1110,11,cnn1d,loso,Al Qunfudhah - TVTC,19.15197,41.08111,01-04-2021 00:00,6796.6,6997.0771484375,200.47714843749964,200.47714843749964,40191.08704563126,2.9496681934717306,29.6,2.5,2874.2,4925.7,0.3684919037423557,72.7,1007.5
1111,11,cnn1d,loso,Al Qunfudhah - TVTC,19.15197,41.08111,01-07-2021 00:00,5840.7,5627.9541015625,-212.74589843749982,212.74589843749982,45260.81730197899,3.642472622074406,33.1,3.6,3441.2,2969.5,0.5367900541282543,74.3,1001.1
1112,11,cnn1d,loso,Al Qunfudhah - TVTC,19.15197,41.08111,01-10-2021 00:00,5500.6,5626.2626953125,125.66269531249964,125.66269531249964,15791.112993202118,2.284527057275563,30.6,0.0,2343.9,4448.1,0.3450971731448763,86.1,1007.4
430,12,cnn1d,loso,Al Uwayqilah,30.327166,42.253735,01-04-2021 00:00,6817.4,7060.806640625,243.40664062500036,243.40664062500036,59246.79270034808,3.5703734653240295,24.9,3.9,2497.5,6127.0,0.2895820047538988,19.4,963.8
431,12,cnn1d,loso,Al Uwayqilah,30.327166,42.253735,01-10-2021 00:00,4938.5,5224.49267578125,285.99267578125,285.99267578125,81791.81060051918,5.791083846942391,26.6,3.2,1705.0,5423.6,0.2391773980865808,22.2,963.8
432,12,cnn1d,loso,Al Uwayqilah,30.327166,42.253735,01-11-2021 00:00,3868.8,4056.0517578125,187.25175781249982,187.25175781249982,35063.22080387109,4.84004750342483,17.9,3.1,1358.3,4998.1,0.21369013907243092,37.7,967.4
433,12,cnn1d,loso,Al Uwayqilah,30.327166,42.253735,01-12-2021 00:00,3175.3,3444.734375,269.4343749999998,269.4343749999998,72594.88243164052,8.485320284697503,12.7,2.9,1420.0,3801.5,0.2719525040697118,47.4,968.6
1422,13,cnn1d,loso,Al Wajh - TVTC,26.256,36.443,01-01-2017 00:00,4200.7,4041.408447265625,-159.29155273437482,159.29155273437482,25373.798772528113,3.7920240134828678,19.5,2.9,1323.6,5446.0,0.19552115339163317,47.2,1013.9
1423,13,cnn1d,loso,Al Wajh - TVTC,26.256,36.443,01-02-2017 00:00,5057.4,4440.2724609375,-617.1275390624996,617.1275390624996,380846.399469337,12.202466466217814,19.3,3.0,1525.6,6045.2,0.20151106884345116,35.9,1014.3
1424,13,cnn1d,loso,Al Wajh - TVTC,26.256,36.443,01-03-2017 00:00,5541.5,5214.21630859375,-327.28369140625,327.28369140625,107114.61466050148,5.906048748646576,21.7,2.9,1725.0,5803.6,0.22912626517546422,52.4,1009.5
1425,13,cnn1d,loso,Al Wajh - TVTC,26.256,36.443,01-11-2017 00:00,4630.7,4580.50244140625,-50.19755859374982,50.19755859374982,2519.7948887729463,1.084016640977602,24.2,2.6,1275.5,6355.6,0.16714497254655292,50.1,1011.1
1426,13,cnn1d,loso,Al Wajh - TVTC,26.256,36.443,01-03-2018 00:00,6522.6,6708.173828125,185.57382812499964,185.57382812499964,34437.645684966905,2.8450898127280477,24.1,2.7,1793.9,7248.1,0.19839637248396375,55.3,1009.5
1427,13,cnn1d,loso,Al Wajh - TVTC,26.256,36.443,01-04-2018 00:00,7375.2,6616.44580078125,-758.7541992187498,758.7541992187498,575707.9348320863,10.287913537514234,25.3,2.7,2354.4,6860.2,0.25550756408308556,56.4,1007.2
1428,13,cnn1d,loso,Al Wajh - TVTC,26.256,36.443,01-05-2018 00:00,7155.7,7045.2939453125,-110.40605468749982,110.40605468749982,12189.4969116592,1.542910612344003,29.8,2.8,2985.8,5446.4,0.35409501672161475,48.4,1005.1
1429,13,cnn1d,loso,Al Wajh - TVTC,26.256,36.443,01-06-2018 00:00,8075.8,7814.20361328125,-261.5963867187502,261.5963867187502,68432.6695443059,3.23926281877647,30.1,3.1,2297.0,7721.7,0.22927126273867865,58.8,1003.2
1430,13,cnn1d,loso,Al Wajh - TVTC,26.256,36.443,01-01-2019 00:00,3929.6,3988.75146484375,59.15146484375009,59.15146484375009,3498.895793161403,1.5052795410156274,19.5,2.6,1595.7,4439.3,0.2644076222038111,49.8,1014.0
1431,13,cnn1d,loso,Al Wajh - TVTC,26.256,36.443,01-02-2019 00:00,5101.3,5596.35302734375,495.0530273437498,495.0530273437498,245077.4998822115,9.704448421848348,20.5,2.9,1733.3,5780.7,0.23067607133351078,43.8,1013.3
1432,13,cnn1d,loso,Al Wajh - TVTC,26.256,36.443,01-03-2019 00:00,6392.0,6831.609375,439.609375,439.609375,193256.40258789062,6.877493351063829,20.9,3.1,1869.6,6942.3,0.21216763694549415,44.3,1011.8
1433,13,cnn1d,loso,Al Wajh - TVTC,26.256,36.443,01-07-2019 00:00,8071.9,8031.0322265625,-40.867773437499636,40.867773437499636,1670.1749057388008,0.506296825251795,30.5,2.6,1699.1,8707.4,0.16327295440349782,65.1,1002.0
1434,13,cnn1d,loso,Al Wajh - TVTC,26.256,36.443,01-08-2019 00:00,7581.2,7437.103515625,-144.09648437499982,144.09648437499982,20763.796809234565,1.9007081250329738,31.1,2.6,1678.4,8204.4,0.16983041243372327,65.5,1003.5
1435,13,cnn1d,loso,Al Wajh - TVTC,26.256,36.443,01-11-2019 00:00,4649.9,4457.40283203125,-192.49716796874964,192.49716796874964,37055.15967598901,4.139813070576779,25.9,2.4,1294.0,6403.2,0.16811308008106846,47.3,1010.2
1436,13,cnn1d,loso,Al Wajh - TVTC,26.256,36.443,01-02-2020 00:00,5416.4,5759.2919921875,342.89199218750036,342.89199218750036,117574.91830631281,6.330625363479441,19.2,2.8,1261.4,7373.9,0.1460748323740924,49.1,1014.7
1437,13,cnn1d,loso,Al Wajh - TVTC,26.256,36.443,01-04-2020 00:00,7491.1,7210.5263671875,-280.57363281250036,280.57363281250036,78721.56342960378,3.745426343427539,23.9,2.9,2108.3,7510.5,0.21918534536532627,56.7,1008.6
1438,13,cnn1d,loso,Al Wajh - TVTC,26.256,36.443,01-01-2021 00:00,4163.9,5419.33935546875,1255.4393554687504,1255.4393554687504,1576127.9752597914,30.150564506082052,21.4,0.0,933.3,6264.0,0.12967362761035386,46.8,1013.6
1439,13,cnn1d,loso,Al Wajh - TVTC,26.256,36.443,01-04-2021 00:00,7780.5,7758.1064453125,-22.3935546875,22.3935546875,501.4712915420532,0.2878163959578433,25.0,0.0,2188.7,7759.7,0.22000522697117122,56.0,1008.7
1440,13,cnn1d,loso,Al Wajh - TVTC,26.256,36.443,01-07-2021 00:00,8133.6,7575.490234375,-558.1097656250004,558.1097656250004,311486.5104859928,6.861780338656934,30.3,0.0,2075.4,8229.8,0.2013934712572294,64.9,1001.1
675,14,cnn1d,loso,Arar - TVTC,31.027395,40.906419,01-01-2017 00:00,3512.9,3571.61767578125,58.71767578124991,58.71767578124991,3447.765449151982,1.671487255010103,8.1,2.8,1302.8,4734.2,0.21580255093589532,50.1,952.2
676,14,cnn1d,loso,Arar - TVTC,31.027395,40.906419,01-02-2017 00:00,4507.6,4296.71484375,-210.88515625000036,210.88515625000036,44472.549126587066,4.6784354479102035,9.0,3.4,1425.7,5677.6,0.2007095293736714,27.3,952.7
677,14,cnn1d,loso,Arar - TVTC,31.027395,40.906419,01-03-2017 00:00,5568.1,5319.755859375,-248.34414062500036,248.34414062500036,61674.81218276996,4.4601235722239245,16.2,4.1,2247.0,5276.1,0.2986800653985724,41.1,946.8
678,14,cnn1d,loso,Arar - TVTC,31.027395,40.906419,01-04-2017 00:00,6069.7,5892.6435546875,-177.05644531249982,177.05644531249982,31348.984826698237,2.917054307667592,21.7,4.0,2775.9,4632.1,0.3747165226781858,26.0,947.9
679,14,cnn1d,loso,Arar - TVTC,31.027395,40.906419,01-05-2017 00:00,7301.0,7577.33056640625,276.33056640625,276.33056640625,76358.58193039894,3.784831754639775,28.4,4.1,2414.8,6512.4,0.2704991486692356,15.7,944.8
680,14,cnn1d,loso,Arar - TVTC,31.027395,40.906419,01-11-2017 00:00,3901.3,4063.013916015625,161.71391601562482,161.71391601562482,26151.390633108556,4.145128957414832,16.7,3.3,1737.8,4327.1,0.286533990667612,40.2,950.5
681,14,cnn1d,loso,Arar - TVTC,31.027395,40.906419,01-03-2018 00:00,6026.1,6397.79296875,371.69296874999964,371.69296874999964,138155.6630181882,6.168051787225562,20.6,3.6,2377.8,5717.1,0.29374050327984286,23.7,947.5
682,14,cnn1d,loso,Arar - TVTC,31.027395,40.906419,01-04-2018 00:00,6818.8,6727.37646484375,-91.42353515625018,91.42353515625018,8358.262780466113,1.340756953661204,22.0,3.9,2498.6,6174.8,0.28807618696243686,27.2,945.0
683,14,cnn1d,loso,Arar - TVTC,31.027395,40.906419,01-05-2018 00:00,7092.7,7002.041015625,-90.65898437499982,90.65898437499982,8219.05144790646,1.27820131085482,27.3,4.3,2895.7,5711.9,0.3364120079929365,25.5,944.0
684,14,cnn1d,loso,Arar - TVTC,31.027395,40.906419,01-06-2018 00:00,8380.7,8217.6015625,-163.09843750000073,163.09843750000073,26601.100314941643,1.9461195067237906,32.0,4.5,2239.0,8282.5,0.21280235707836334,15.4,941.4
685,14,cnn1d,loso,Arar - TVTC,31.027395,40.906419,01-07-2018 00:00,8347.3,8211.5263671875,-135.77363281249927,135.77363281249927,18434.47936710338,1.6265574834077998,33.6,4.4,1892.3,8928.8,0.17487131622478308,15.0,939.0
686,14,cnn1d,loso,Arar - TVTC,31.027395,40.906419,01-08-2018 00:00,7877.4,7447.4541015625,-429.94589843749964,429.94589843749964,184853.47558322875,5.45796707590702,33.2,3.9,1359.3,9382.7,0.12654068143734873,17.0,940.1
687,14,cnn1d,loso,Arar - TVTC,31.027395,40.906419,01-11-2018 00:00,3071.3,3120.59375,49.29374999999982,49.29374999999982,2429.873789062482,1.604979975905962,14.7,2.6,1513.2,3155.0,0.3241506362195279,75.0,950.6
688,14,cnn1d,loso,Arar - TVTC,31.027395,40.906419,01-12-2018 00:00,3390.0,3736.6533203125,346.6533203125,346.6533203125,120168.52448368073,10.225761661135694,11.7,2.7,1226.3,4918.7,0.19956061838893407,66.5,951.8
689,14,cnn1d,loso,Arar - TVTC,31.027395,40.906419,01-01-2019 00:00,3484.3,3496.4423828125,12.142382812499818,12.142382812499818,147.437460365291,0.3484884428005573,9.2,3.7,1518.7,4083.5,0.2710899289564814,55.5,950.5
690,14,cnn1d,loso,Arar - TVTC,31.027395,40.906419,01-02-2019 00:00,4767.2,4637.3984375,-129.80156249999982,129.80156249999982,16848.44562744136,2.7228050532807484,11.2,3.2,1491.0,6024.6,0.19838735430304966,54.4,950.6
691,14,cnn1d,loso,Arar - TVTC,31.027395,40.906419,01-03-2019 00:00,5977.9,6051.65966796875,73.75966796875036,73.75966796875036,5440.488618860299,1.2338725634211072,14.4,4.3,1759.4,6874.0,0.20378993212407628,38.3,947.3
692,14,cnn1d,loso,Arar - TVTC,31.027395,40.906419,01-04-2019 00:00,6677.9,6217.875,-460.02499999999964,460.02499999999964,211623.00062499967,6.888767426885692,19.4,3.8,2353.1,6130.7,0.27736391711261466,33.3,946.8
693,14,cnn1d,loso,Arar - TVTC,31.027395,40.906419,01-05-2019 00:00,7228.4,7216.41015625,-11.989843749999636,11.989843749999636,143.75635314940533,0.16587133736372692,29.5,4.1,2436.9,6413.1,0.27535593220338983,13.8,944.8
694,14,cnn1d,loso,Arar - TVTC,31.027395,40.906419,01-06-2019 00:00,7792.8,7770.97509765625,-21.824902343750182,21.824902343750182,476.3263623142322,0.2800649618076966,33.8,4.4,2142.5,7696.6,0.2177536563303554,13.0,941.8
695,14,cnn1d,loso,Arar - TVTC,31.027395,40.906419,01-07-2019 00:00,8295.1,7769.25732421875,-525.8426757812504,525.8426757812504,276510.5196727852,6.339196342192986,33.9,4.0,1512.2,9517.0,0.1371087658216371,13.0,939.1
696,14,cnn1d,loso,Arar - TVTC,31.027395,40.906419,01-08-2019 00:00,7449.2,7726.3671875,277.1671875000002,277.1671875000002,76821.64982666026,3.7207644780647615,34.2,4.6,1847.9,7884.0,0.18988070161016865,14.7,939.9
697,14,cnn1d,loso,Arar - TVTC,31.027395,40.906419,01-09-2019 00:00,6579.7,6444.03515625,-135.66484374999982,135.66484374999982,18404.949829711866,2.061869747100929,31.8,3.5,1730.1,7316.8,0.19123677723861213,16.0,943.2
698,14,cnn1d,loso,Arar - TVTC,31.027395,40.906419,01-10-2019 00:00,4677.5,4701.5283203125,24.0283203125,24.0283203125,577.3601770401001,0.5137000601282736,25.9,3.3,1919.6,4585.6,0.2950870073172231,33.3,947.2
699,14,cnn1d,loso,Arar - TVTC,31.027395,40.906419,01-11-2019 00:00,3861.5,3992.09521484375,130.59521484375,130.59521484375,17055.11014008522,3.3819814798329664,16.3,3.3,1386.6,5025.0,0.21626427100879653,42.8,950.9
700,14,cnn1d,loso,Arar - TVTC,31.027395,40.906419,01-12-2019 00:00,3586.5,3807.619384765625,221.119384765625,221.119384765625,48893.78231912851,6.165325101509132,11.3,2.7,1018.9,5810.8,0.14918664070164137,52.7,950.5
701,14,cnn1d,loso,Arar - TVTC,31.027395,40.906419,01-12-2020 00:00,3033.7,3576.63818359375,542.9381835937502,542.9381835937502,294781.87120408076,17.896897636343418,11.1,2.2,1135.5,4234.8,0.21144070163678005,60.2,952.3
702,14,cnn1d,loso,Arar - TVTC,31.027395,40.906419,01-01-2021 00:00,3818.0,3949.679443359375,131.679443359375,131.679443359375,17339.47580343485,3.4489115599626765,10.3,2.6,1205.0,5599.4,0.17709129386867323,45.0,952.5
703,14,cnn1d,loso,Arar - TVTC,31.027395,40.906419,01-02-2021 00:00,4494.1,4214.61962890625,-279.48037109375036,279.48037109375036,78109.27782670042,6.218828488323588,12.8,4.0,1431.8,5623.1,0.2029511403421735,47.6,950.9
704,14,cnn1d,loso,Arar - TVTC,31.027395,40.906419,01-03-2021 00:00,6031.2,5975.0283203125,-56.17167968749982,56.17167968749982,3155.2575989150796,0.9313516329669024,17.6,3.9,2035.0,6328.9,0.24330754791425055,26.8,947.7
705,14,cnn1d,loso,Arar - TVTC,31.027395,40.906419,01-04-2021 00:00,7221.9,6921.18896484375,-300.71103515624964,300.71103515624964,90427.1266647432,4.16387702898475,23.8,3.5,2373.1,6738.1,0.26045965405215554,16.2,947.8
706,14,cnn1d,loso,Arar - TVTC,31.027395,40.906419,01-05-2021 00:00,7981.5,7091.8193359375,-889.6806640625,889.6806640625,791531.684006691,11.146785241652571,30.2,3.8,2280.7,7801.8,0.22620381849739646,11.4,943.1
707,14,cnn1d,loso,Arar - TVTC,31.027395,40.906419,01-07-2021 00:00,8315.8,8281.07421875,-34.72578124999927,34.72578124999927,1205.879883422801,0.41758798011014303,35.7,4.1,1694.9,9161.6,0.15611845438216737,12.6,938.1
708,14,cnn1d,loso,Arar - TVTC,31.027395,40.906419,01-09-2021 00:00,6632.8,6837.43115234375,204.63115234374982,204.63115234374982,41873.90850953095,3.0851397953164548,30.3,2.6,1476.5,7933.3,0.15691088014623053,17.3,943.7
709,14,cnn1d,loso,Arar - TVTC,31.027395,40.906419,01-10-2021 00:00,5192.8,5224.408203125,31.608203124999818,31.608203124999818,999.0785047912483,0.6086928656023689,25.3,2.5,1552.1,6211.4,0.19992271527017452,19.4,947.9
710,14,cnn1d,loso,Arar - TVTC,31.027395,40.906419,01-11-2021 00:00,3895.1,4375.6181640625,480.5181640625001,480.5181640625001,230897.70599399574,12.336478243498245,17.2,1.7,1242.6,5412.9,0.1867027270678386,35.3,950.9
711,14,cnn1d,loso,Arar - TVTC,31.027395,40.906419,01-12-2021 00:00,3266.2,3543.49365234375,277.2936523437502,277.2936523437502,76891.7696301366,8.48979402191385,11.6,2.3,1379.0,4174.4,0.2483163467425361,43.8,951.7
234,15,cnn1d,loso,Dammam - IAFU,26.394974,50.188715,01-01-2017 00:00,3406.4,3647.7373046875,241.3373046874999,241.3373046874999,58243.69463382717,7.08481988866545,16.9,3.1,1650.3,3329.7,0.33138554216867466,61.2,1016.7
235,15,cnn1d,loso,Dammam - IAFU,26.394974,50.188715,01-02-2017 00:00,3697.9,3378.792724609375,-319.1072753906251,319.1072753906251,101829.45320722825,8.629418734704158,15.3,3.1,1811.4,3093.4,0.3693116946664492,59.1,1017.7
236,15,cnn1d,loso,Dammam - IAFU,26.394974,50.188715,01-03-2017 00:00,4194.0,4192.197265625,-1.802734375,1.802734375,3.2498512268066406,0.04298365224129709,20.5,2.8,2367.4,2678.7,0.4691543964645964,61.7,1012.0
237,15,cnn1d,loso,Dammam - IAFU,26.394974,50.188715,01-04-2017 00:00,6012.5,5891.64111328125,-120.85888671875,120.85888671875,14606.870498895645,2.010127014033264,26.9,3.3,2837.3,4293.9,0.39787132600403863,43.3,1009.4
238,15,cnn1d,loso,Dammam - IAFU,26.394974,50.188715,01-05-2017 00:00,5818.6,6043.50537109375,224.90537109374964,224.90537109374964,50582.42594681723,3.8652832484403397,32.3,3.6,2971.0,3669.4,0.44741280645744236,34.6,1004.7
239,15,cnn1d,loso,Dammam - IAFU,26.394974,50.188715,01-09-2017 00:00,6432.2,6148.65673828125,-283.5432617187498,283.5432617187498,80396.78126610746,4.408184784657657,33.6,2.2,2215.5,5997.2,0.26976511987531504,54.6,1003.5
240,15,cnn1d,loso,Dammam - IAFU,26.394974,50.188715,01-11-2017 00:00,4137.7,3964.9091796875,-172.79082031249982,172.79082031249982,29856.6675842666,4.1760113181840115,24.5,2.6,1651.3,4544.7,0.26651065203357005,51.5,1014.5
241,15,cnn1d,loso,Dammam - IAFU,26.394974,50.188715,01-03-2018 00:00,6251.9,5607.734375,-644.1656249999996,644.1656249999996,414949.35243164015,10.303517730609888,23.8,2.7,2315.9,5841.9,0.2838878128907304,44.6,1011.7
242,15,cnn1d,loso,Dammam - IAFU,26.394974,50.188715,01-04-2018 00:00,5642.3,6096.85009765625,454.5500976562498,454.5500976562498,206615.79127930626,8.056113600061142,25.9,3.1,3132.6,3279.8,0.4885222381635581,47.7,1008.5
243,15,cnn1d,loso,Dammam - IAFU,26.394974,50.188715,01-05-2018 00:00,6885.3,6759.8193359375,-125.48066406250018,125.48066406250018,15745.397053566025,1.822442944570319,30.9,2.6,3409.9,4513.0,0.430385338701738,38.7,1005.3
244,15,cnn1d,loso,Dammam - IAFU,26.394974,50.188715,01-06-2018 00:00,7999.6,7693.40283203125,-306.19716796875036,306.19716796875036,93756.70567208312,3.8276559824084995,35.7,3.7,2649.2,6889.6,0.27772885478257225,30.4,998.2
245,15,cnn1d,loso,Dammam - IAFU,26.394974,50.188715,01-07-2018 00:00,7608.6,7580.10400390625,-28.495996093750364,28.495996093750364,812.0217933750359,0.374523514099182,36.1,3.3,2855.1,6132.0,0.31768868711820275,33.1,994.8
246,15,cnn1d,loso,Dammam - IAFU,26.394974,50.188715,01-08-2018 00:00,7271.1,6887.3203125,-383.77968750000036,383.77968750000036,147286.84853759792,5.278151689565545,35.5,1.0,2406.7,6500.8,0.2701880437833286,36.3,997.1
247,15,cnn1d,loso,Dammam - IAFU,26.394974,50.188715,01-10-2018 00:00,5034.3,4972.49072265625,-61.80927734375018,61.80927734375018,3820.3867657566298,1.2277630920634484,29.6,0.0,2182.0,4403.9,0.33131386750482095,54.9,1011.3
248,15,cnn1d,loso,Dammam - IAFU,26.394974,50.188715,01-01-2019 00:00,3912.7,4400.73779296875,488.0377929687502,488.0377929687502,238180.88736580865,12.473171798725948,18.2,0.0,3909.6,5.1,0.9986972181776381,56.8,1017.6
249,15,cnn1d,loso,Dammam - IAFU,26.394974,50.188715,01-02-2019 00:00,4356.1,4661.90966796875,305.80966796874964,305.80966796874964,93519.5530231569,7.020262803166815,17.7,0.0,3558.3,817.9,0.8131026918330972,60.1,1016.2
250,15,cnn1d,loso,Dammam - IAFU,26.394974,50.188715,01-03-2019 00:00,5804.1,5557.5361328125,-246.56386718750036,246.56386718750036,60793.74060245532,4.248098192441556,19.7,0.0,2153.9,5480.2,0.28214196827392884,53.2,1013.0
251,15,cnn1d,loso,Dammam - IAFU,26.394974,50.188715,01-07-2019 00:00,7556.3,7181.396484375,-374.9035156250002,374.9035156250002,140552.64602798477,4.961469444370924,36.0,0.0,2343.0,6820.9,0.2556771680179836,32.5,995.5
252,15,cnn1d,loso,Dammam - IAFU,26.394974,50.188715,01-08-2019 00:00,7217.5,7402.4892578125,184.9892578125,184.9892578125,34221.02550601959,2.56306557412539,35.6,0.0,2399.2,6436.4,0.2715378695278193,40.0,997.4
253,15,cnn1d,loso,Dammam - IAFU,26.394974,50.188715,01-11-2019 00:00,4036.0,3936.57861328125,-99.42138671875,99.42138671875,9884.612137079239,2.4633643884724976,23.9,0.0,1681.9,4326.4,0.2799294309538472,50.4,1014.6
254,15,cnn1d,loso,Dammam - IAFU,26.394974,50.188715,01-11-2020 00:00,4243.7,4156.81494140625,-86.88505859374982,86.88505859374982,7549.013406839339,2.047389273364041,24.9,2.6,1467.4,5083.5,0.22399975575875072,56.0,1014.7
255,15,cnn1d,loso,Dammam - IAFU,26.394974,50.188715,01-01-2021 00:00,4204.4,3952.5419921875,-251.85800781249964,251.85800781249964,63432.45609928113,5.990343635536573,17.6,2.9,1527.5,5119.4,0.22980637590455702,54.6,1018.0
256,15,cnn1d,loso,Dammam - IAFU,26.394974,50.188715,01-04-2021 00:00,6972.2,6937.3515625,-34.84843749999982,34.84843749999982,1214.4135961913935,0.4998198201428505,27.3,3.1,2608.9,5894.7,0.3067994731643069,36.0,1009.2
257,15,cnn1d,loso,Dammam - IAFU,26.394974,50.188715,01-07-2021 00:00,7612.0,7438.5341796875,-173.4658203125,173.4658203125,30090.390816688538,2.2788468249146083,36.5,2.7,2515.5,6682.8,0.2734744463650892,41.1,995.7
1113,16,cnn1d,loso,Duba - TVTC,27.34103,35.72295,01-01-2017 00:00,4044.4,4216.59130859375,172.1913085937499,172.1913085937499,29649.846755228013,4.257524196265204,20.1,2.3,1299.0,5473.0,0.19181925575900768,40.8,1013.4
1114,16,cnn1d,loso,Duba - TVTC,27.34103,35.72295,01-02-2017 00:00,5226.7,5208.1337890625,-18.566210937499818,18.566210937499818,344.7041885757379,0.35521860710390535,19.9,2.5,1447.2,6666.4,0.17836718595937687,33.5,1014.0
1115,16,cnn1d,loso,Duba - TVTC,27.34103,35.72295,01-03-2017 00:00,6089.8,5575.50048828125,-514.2995117187502,514.2995117187502,264503.9877541449,8.445261120541728,22.7,2.3,1688.2,6797.4,0.19894880739134532,45.1,1008.9
1116,16,cnn1d,loso,Duba - TVTC,27.34103,35.72295,01-04-2017 00:00,6394.9,6541.05517578125,146.15517578125036,146.15517578125036,21361.335407648192,2.285495876108311,27.3,2.7,2330.9,5691.7,0.2905417196420113,43.0,1007.8
1117,16,cnn1d,loso,Duba - TVTC,27.34103,35.72295,01-05-2017 00:00,7236.6,7245.88623046875,9.286230468749636,9.286230468749636,86.23407631873408,0.12832311401417287,30.0,2.3,1884.1,7278.6,0.20562716229932224,46.8,1006.3
1118,16,cnn1d,loso,Duba - TVTC,27.34103,35.72295,01-06-2017 00:00,7382.0,7094.01708984375,-287.98291015625,287.98291015625,82934.15654206276,3.901150232406529,32.8,2.8,1497.4,8077.4,0.1563896896018716,42.2,1002.4
1119,16,cnn1d,loso,Duba - TVTC,27.34103,35.72295,01-09-2017 00:00,6391.5,6405.7099609375,14.2099609375,14.2099609375,201.92298984527588,0.22232591625596493,31.5,2.2,1794.8,6679.9,0.21178330796370376,54.7,1004.5
1120,16,cnn1d,loso,Duba - TVTC,27.34103,35.72295,01-10-2017 00:00,5606.5,5983.03466796875,376.53466796875,376.53466796875,141778.3561823368,6.7160379553866045,27.8,2.2,1066.2,7652.5,0.12228887334120912,52.5,1008.1
1121,16,cnn1d,loso,Duba - TVTC,27.34103,35.72295,01-11-2017 00:00,4452.6,4467.98388671875,15.383886718749636,15.383886718749636,236.66397057532146,0.3455034523368287,24.9,2.3,1155.1,6349.7,0.15391482784351349,45.2,1010.5
1122,16,cnn1d,loso,Duba - TVTC,27.34103,35.72295,01-03-2018 00:00,6387.1,6407.08935546875,19.989355468749636,19.989355468749636,399.574332056031,0.3129644982660305,25.3,2.2,1788.4,7121.2,0.20072730537846817,42.9,1008.7
1123,16,cnn1d,loso,Duba - TVTC,27.34103,35.72295,01-04-2018 00:00,7102.2,6999.6904296875,-102.50957031249982,102.50957031249982,10508.212005653344,1.4433495298991836,26.3,2.3,2444.0,6393.4,0.2765519270373639,46.3,1006.2
1124,16,cnn1d,loso,Duba - TVTC,27.34103,35.72295,01-05-2018 00:00,7201.6,7219.0,17.399999999999636,17.399999999999636,302.7599999999873,0.24161297489446285,31.4,2.6,2961.0,5579.1,0.34671725155443145,38.2,1004.4
1125,16,cnn1d,loso,Duba - TVTC,27.34103,35.72295,01-06-2018 00:00,7884.4,7783.12255859375,-101.27744140624964,101.27744140624964,10257.120137796328,1.2845294683964492,32.3,2.5,2185.4,7673.3,0.22167222858997637,44.0,1002.5
1126,16,cnn1d,loso,Duba - TVTC,27.34103,35.72295,01-07-2018 00:00,7742.1,7467.50830078125,-274.59169921875036,274.59169921875036,75400.60127984067,3.546734080142989,31.2,2.0,1849.7,8097.8,0.18594621764262378,56.6,1001.7
1127,16,cnn1d,loso,Duba - TVTC,27.34103,35.72295,01-08-2018 00:00,7342.3,7524.37548828125,182.07548828124982,182.07548828124982,33151.48343285554,2.479815429514591,31.7,2.1,1394.7,8415.6,0.14216690621081923,61.0,1001.8
1128,16,cnn1d,loso,Duba - TVTC,27.34103,35.72295,01-09-2018 00:00,6162.5,6330.03759765625,167.53759765625,167.53759765625,28068.846628427505,2.7186628422920895,31.8,2.4,2329.6,5452.0,0.2993728796134471,54.2,1003.9
1129,16,cnn1d,loso,Duba - TVTC,27.34103,35.72295,01-10-2018 00:00,5367.0,5525.2265625,158.2265625,158.2265625,25035.645080566406,2.948137926215763,29.1,2.3,1544.3,6273.1,0.1975464988359301,49.0,1008.4
1130,16,cnn1d,loso,Duba - TVTC,27.34103,35.72295,01-11-2018 00:00,4328.8,4295.85400390625,-32.94599609375018,32.94599609375018,1085.4386586094022,0.7610884331396733,24.8,2.1,1158.7,6127.4,0.1590288357283046,45.5,1010.5
1131,16,cnn1d,loso,Duba - TVTC,27.34103,35.72295,01-12-2018 00:00,3974.1,4228.42578125,254.3257812500001,254.3257812500001,64681.6030084229,6.399581823557537,21.0,2.3,1126.7,6047.5,0.15704886956036912,43.5,1013.6
1132,16,cnn1d,loso,Duba - TVTC,27.34103,35.72295,01-01-2019 00:00,3792.0,3865.3759765625,73.3759765625,73.3759765625,5384.033936500549,1.9350204789688816,19.0,2.2,1550.7,4377.5,0.2615802435815256,47.4,1013.3
1133,16,cnn1d,loso,Duba - TVTC,27.34103,35.72295,01-02-2019 00:00,4931.3,4873.03466796875,-58.26533203125018,58.26533203125018,3394.848916711828,1.181541014159556,20.3,2.5,1629.7,5832.3,0.2183998927901367,40.4,1012.6
1134,16,cnn1d,loso,Duba - TVTC,27.34103,35.72295,01-03-2019 00:00,6290.2,7043.318359375,753.1183593750002,753.1183593750002,567187.2632276919,11.972884159088744,20.8,2.6,1821.7,7042.0,0.2055236526506989,41.5,1011.0
1135,16,cnn1d,loso,Duba - TVTC,27.34103,35.72295,01-04-2019 00:00,7047.2,5964.73974609375,-1082.4602539062498,1082.4602539062498,1171720.2012867827,15.360146638469887,24.7,2.6,2103.9,6972.8,0.2317912897859354,39.1,1008.3
1136,16,cnn1d,loso,Duba - TVTC,27.34103,35.72295,01-05-2019 00:00,7601.9,7512.4091796875,-89.49082031249964,89.49082031249964,8008.606920204097,1.1772164894631558,29.9,2.2,2119.4,7435.5,0.22181289181467104,42.9,1005.3
1137,16,cnn1d,loso,Duba - TVTC,27.34103,35.72295,01-06-2019 00:00,7745.1,7458.61328125,-286.48671875000036,286.48671875000036,82074.64002014181,3.6989415081793693,32.3,2.1,1959.9,7861.7,0.19954997149140669,46.5,1003.4
1138,16,cnn1d,loso,Duba - TVTC,27.34103,35.72295,01-07-2019 00:00,7879.6,7924.009765625,44.409765624999636,44.409765624999636,1972.2272828673993,0.5636043152571151,31.8,2.2,1560.2,8718.2,0.1517940535491905,53.4,1000.9
1139,16,cnn1d,loso,Duba - TVTC,27.34103,35.72295,01-08-2019 00:00,7363.8,7222.9140625,-140.88593750000018,140.88593750000018,19848.847385253957,1.913223301827863,31.6,1.9,1440.5,8349.2,0.14714444773588567,59.2,1002.6
1140,16,cnn1d,loso,Duba - TVTC,27.34103,35.72295,01-09-2019 00:00,6733.8,7089.181640625,355.3816406249998,355.3816406249998,126296.11049331652,5.277579384968366,30.7,1.8,1607.9,7569.2,0.17520785433306818,56.5,1003.5
1141,16,cnn1d,loso,Duba - TVTC,27.34103,35.72295,01-10-2019 00:00,5376.6,5386.4365234375,9.836523437499636,9.836523437499636,96.75719333647966,0.1829506274876248,30.1,1.9,1709.8,6070.2,0.21976863753213366,47.0,1007.3
1142,16,cnn1d,loso,Duba - TVTC,27.34103,35.72295,01-11-2019 00:00,4825.1,5283.85205078125,458.75205078124964,458.75205078124964,210453.44409600223,9.507617474896884,26.0,2.1,1253.5,6988.9,0.15207949141026886,42.5,1009.5
1143,16,cnn1d,loso,Duba - TVTC,27.34103,35.72295,01-12-2019 00:00,4586.9,4942.71240234375,355.81240234375036,355.81240234375036,126602.4656616309,7.757143219685417,21.1,2.4,960.2,7830.2,0.10923279941754642,40.6,1013.0
1144,16,cnn1d,loso,Duba - TVTC,27.34103,35.72295,01-01-2020 00:00,4702.0,4716.34033203125,14.34033203125,14.34033203125,205.64512276649475,0.3049836671894938,17.7,2.4,1041.6,7589.1,0.12068546004379713,43.4,1015.7
1145,16,cnn1d,loso,Duba - TVTC,27.34103,35.72295,01-02-2020 00:00,5603.1,5219.14453125,-383.95546875000036,383.95546875000036,147421.8019830325,6.852554277988975,19.1,2.2,1084.3,8304.3,0.11549112753765206,45.8,1013.8
1146,16,cnn1d,loso,Duba - TVTC,27.34103,35.72295,01-03-2020 00:00,6184.2,5751.5087890625,-432.6912109374998,432.6912109374998,187221.68402255996,6.996720852131235,22.0,2.4,1922.0,6556.7,0.22668569474093905,43.7,1009.1
1147,16,cnn1d,loso,Duba - TVTC,27.34103,35.72295,01-04-2020 00:00,7341.8,7093.412109375,-248.38789062500018,248.38789062500018,61696.54420913705,3.383201539472611,24.3,2.2,2114.0,7323.4,0.22400237353508382,49.0,1007.5
1148,16,cnn1d,loso,Duba - TVTC,27.34103,35.72295,01-05-2020 00:00,7401.7,7137.28662109375,-264.4133789062498,264.4133789062498,69914.43494462004,3.572333097886294,29.2,2.3,2208.2,7030.1,0.23902666074927206,42.9,1006.1
1149,16,cnn1d,loso,Duba - TVTC,27.34103,35.72295,01-09-2020 00:00,6361.4,6571.32275390625,209.92275390625036,209.92275390625036,44067.56260758415,3.2999458280606526,34.2,2.2,1908.9,6454.4,0.22824722298614186,45.7,1003.0
1150,16,cnn1d,loso,Duba - TVTC,27.34103,35.72295,01-10-2020 00:00,5646.5,6002.45654296875,355.95654296875,355.95654296875,126705.06048226357,6.304020950478171,31.0,1.8,1375.3,7169.2,0.1609573409795775,39.5,1007.7
1151,16,cnn1d,loso,Duba - TVTC,27.34103,35.72295,01-11-2020 00:00,4804.9,5400.0126953125,595.1126953125004,595.1126953125004,354159.1201221089,12.385537582728057,25.1,2.1,1022.6,7449.3,0.12070491861329809,44.9,1010.8
1152,16,cnn1d,loso,Duba - TVTC,27.34103,35.72295,01-12-2020 00:00,4169.9,4295.62939453125,125.72939453125036,125.72939453125036,15807.880649194809,3.01516570016668,22.7,2.3,1237.4,6179.5,0.16683520069031538,42.6,1012.4
1153,16,cnn1d,loso,Duba - TVTC,27.34103,35.72295,01-01-2021 00:00,4525.7,4526.27734375,0.5773437500001819,0.5773437500001819,0.33332580566427256,0.012757004441305916,21.7,2.4,1299.2,6481.0,0.16698799516721935,42.0,1013.1
1154,16,cnn1d,loso,Duba - TVTC,27.34103,35.72295,01-02-2021 00:00,5247.7,5337.060546875,89.36054687500018,89.36054687500018,7985.307337799105,1.7028516659679513,21.4,2.6,1311.2,7016.4,0.15745232720111438,41.2,1012.5
1155,16,cnn1d,loso,Duba - TVTC,27.34103,35.72295,01-03-2021 00:00,6446.8,6209.3740234375,-237.42597656250018,237.42597656250018,56371.094346656886,3.6828500428507196,23.4,2.5,1948.5,6919.7,0.21971764281364875,42.3,1009.6
1156,16,cnn1d,loso,Duba - TVTC,27.34103,35.72295,01-04-2021 00:00,7415.4,7464.888671875,49.488671875000364,49.488671875000364,2449.128643951452,0.6673769705612693,26.9,2.4,2056.9,7514.4,0.21490288675519525,39.1,1008.2
1157,16,cnn1d,loso,Duba - TVTC,27.34103,35.72295,01-05-2021 00:00,7911.0,7703.1484375,-207.8515625,207.8515625,43202.272033691406,2.6273740677537605,31.7,2.6,1888.0,8243.7,0.18634582547844883,40.0,1004.5
1158,16,cnn1d,loso,Duba - TVTC,27.34103,35.72295,01-07-2021 00:00,7761.3,7601.2451171875,-160.05488281250018,160.05488281250018,25617.565512123165,2.062217448268978,32.2,2.3,1646.0,8452.1,0.16300096057674215,51.6,1000.2
1159,16,cnn1d,loso,Duba - TVTC,27.34103,35.72295,01-08-2021 00:00,7187.6,7460.51708984375,272.91708984374964,272.91708984374964,74483.73792878131,3.7970545083720526,32.9,2.1,1773.1,7564.6,0.18988616040352546,54.4,1001.4
1160,16,cnn1d,loso,Duba - TVTC,27.34103,35.72295,01-09-2021 00:00,6412.8,6253.6279296875,-159.17207031250018,159.17207031250018,25335.747967567502,2.482099399833149,31.6,2.6,1661.4,7003.2,0.19174572398033377,51.6,1003.5
1161,16,cnn1d,loso,Duba - TVTC,27.34103,35.72295,01-10-2021 00:00,5379.8,5482.6474609375,102.84746093749982,102.84746093749982,10577.600221290551,1.911733910879583,28.6,2.1,1384.0,6668.9,0.1718635522606763,52.6,1007.7
1162,16,cnn1d,loso,Duba - TVTC,27.34103,35.72295,01-11-2021 00:00,4362.8,4383.09423828125,20.294238281249818,20.294238281249818,411.85610741614556,0.46516545065668424,25.9,2.0,1130.9,6184.3,0.1545959098862642,43.7,1010.3
1163,16,cnn1d,loso,Duba - TVTC,27.34103,35.72295,01-12-2021 00:00,3703.4,4018.57177734375,315.1717773437499,315.1717773437499,99333.24923401827,8.510335835819784,21.3,2.0,1345.8,4909.8,0.21513523882601188,42.1,1012.8
475,17,cnn1d,loso,Farasan - SWCC,16.692097,42.098767,01-01-2017 00:00,4822.5,4745.70166015625,-76.79833984375,76.79833984375,5897.985002756119,1.592500567003629,26.9,3.1,1908.0,4814.5,0.28382298252138344,77.1,1012.4
476,17,cnn1d,loso,Farasan - SWCC,16.692097,42.098767,01-02-2017 00:00,4637.0,4927.1728515625,290.1728515625,290.1728515625,84200.28378391266,6.257771221964632,27.0,3.8,2883.1,2564.2,0.5292713821526261,75.2,1011.6
477,17,cnn1d,loso,Farasan - SWCC,16.692097,42.098767,01-04-2017 00:00,6131.4,6224.09375,92.69375000000036,92.69375000000036,8592.131289062567,1.5117876830740185,30.4,3.5,2685.1,4453.1,0.37615925583480425,71.8,1007.2
478,17,cnn1d,loso,Farasan - SWCC,16.692097,42.098767,01-05-2017 00:00,6306.4,6342.251953125,35.851953125000364,35.851953125000364,1285.3625428772234,0.5685010961087208,32.6,3.2,2936.2,4173.1,0.41300831305473107,71.0,1005.7
479,17,cnn1d,loso,Farasan - SWCC,16.692097,42.098767,01-06-2017 00:00,6265.1,6241.5927734375,-23.507226562500364,23.507226562500364,552.5897006607227,0.3752091197666496,33.6,3.5,3288.5,3596.8,0.4776117235269342,69.4,1001.8
480,17,cnn1d,loso,Farasan - SWCC,16.692097,42.098767,01-03-2018 00:00,6545.1,5820.18115234375,-724.9188476562504,724.9188476562504,525507.335687266,11.075748997818984,28.1,3.4,2369.4,5679.6,0.2943719716734998,73.7,1008.6
481,17,cnn1d,loso,Farasan - SWCC,16.692097,42.098767,01-04-2018 00:00,6577.0,6636.6640625,59.6640625,59.6640625,3559.8003540039062,0.9071622700319295,30.6,3.5,2690.8,5046.4,0.34777438866773513,72.6,1006.2
482,17,cnn1d,loso,Farasan - SWCC,16.692097,42.098767,01-05-2018 00:00,6800.7,6841.3154296875,40.61542968750018,40.61542968750018,1649.613128700271,0.5972242517314421,32.3,3.6,3095.0,4629.2,0.4006887444654463,70.4,1004.2
483,17,cnn1d,loso,Farasan - SWCC,16.692097,42.098767,01-06-2018 00:00,6138.8,5664.267578125,-474.5324218750002,474.5324218750002,225181.01941055316,7.730051832198479,33.8,1.1,3848.0,2741.4,0.5839681913376028,65.6,1001.7
484,17,cnn1d,loso,Farasan - SWCC,16.692097,42.098767,01-07-2018 00:00,6003.1,5473.8291015625,-529.2708984375004,529.2708984375004,280127.68393283885,8.816626383660115,34.4,0.0,3812.7,2586.4,0.5958181619290213,60.8,1001.8
485,17,cnn1d,loso,Farasan - SWCC,16.692097,42.098767,01-08-2018 00:00,5969.5,5849.35546875,-120.14453125,120.14453125,14434.708389282227,2.012639773012815,34.1,0.0,3396.6,3092.8,0.5234074028415571,64.3,1002.3
486,17,cnn1d,loso,Farasan - SWCC,16.692097,42.098767,01-09-2018 00:00,5995.6,5968.541015625,-27.058984375000364,27.058984375000364,732.1886354065139,0.45131403654347124,33.5,0.0,2910.5,3904.2,0.4270914346926497,71.6,1004.4
487,17,cnn1d,loso,Farasan - SWCC,16.692097,42.098767,01-01-2019 00:00,4754.0,5061.06494140625,307.06494140625,307.06494140625,94288.87824082375,6.459085852045646,26.6,0.0,2404.7,3782.8,0.3886383838383838,78.6,1012.6
488,17,cnn1d,loso,Farasan - SWCC,16.692097,42.098767,01-02-2019 00:00,5113.6,4574.27099609375,-539.3290039062504,539.3290039062504,290875.7744545082,10.546953299167912,27.0,0.0,2633.7,3600.6,0.4224532024445407,77.0,1011.2
489,17,cnn1d,loso,Farasan - SWCC,16.692097,42.098767,01-03-2019 00:00,5900.8,5484.828125,-415.9718750000002,415.9718750000002,173032.60079101578,7.049414909842736,27.7,0.0,2817.3,4176.4,0.402833979152666,73.1,1009.7
490,17,cnn1d,loso,Farasan - SWCC,16.692097,42.098767,01-08-2019 00:00,5428.8,4383.66015625,-1045.1398437500002,1045.1398437500002,1092317.2929937749,19.25176546842765,33.2,0.0,3152.4,2806.4,0.5290326911458683,71.9,1003.2
491,17,cnn1d,loso,Farasan - SWCC,16.692097,42.098767,01-10-2019 00:00,5322.0,5255.900390625,-66.099609375,66.099609375,4369.158359527588,1.2420069405298761,31.6,0.0,2084.0,4717.2,0.3064165147326942,71.0,1007.7
492,17,cnn1d,loso,Farasan - SWCC,16.692097,42.098767,01-11-2019 00:00,4776.9,4936.88671875,159.98671875000036,159.98671875000036,25595.750176391717,3.349174543113743,29.9,0.0,1984.7,4517.0,0.3052586246673947,74.1,1008.9
493,17,cnn1d,loso,Farasan - SWCC,16.692097,42.098767,01-12-2019 00:00,4425.7,4593.5517578125,167.85175781250018,167.85175781250018,28174.212600746218,3.792660094730781,27.9,0.0,2029.3,4060.3,0.3332402785076195,78.6,1011.0
494,17,cnn1d,loso,Farasan - SWCC,16.692097,42.098767,01-01-2020 00:00,4308.7,4728.6083984375,419.9083984375002,419.9083984375002,176323.0630783464,9.74559376232971,26.7,0.6,2129.0,3638.2,0.36915660979331394,72.3,1013.0
495,17,cnn1d,loso,Farasan - SWCC,16.692097,42.098767,01-02-2020 00:00,4715.1,4875.8486328125,160.74863281249964,160.74863281249964,25840.122951087833,3.4092306167949697,26.8,3.6,2773.8,2876.3,0.4909293640820516,77.2,1012.1
496,17,cnn1d,loso,Farasan - SWCC,16.692097,42.098767,01-03-2020 00:00,5697.6,5756.93603515625,59.336035156249636,59.336035156249636,3520.765068063693,1.0414215662076949,28.0,3.6,4136.7,2097.6,0.6635388094894376,76.8,1008.7
497,17,cnn1d,loso,Farasan - SWCC,16.692097,42.098767,01-04-2020 00:00,6395.2,5467.869140625,-927.3308593749998,927.3308593749998,859942.5227491757,14.500419992728919,30.3,3.4,6394.6,0.9,0.9998592760534751,74.9,1007.3
498,17,cnn1d,loso,Farasan - SWCC,16.692097,42.098767,01-05-2020 00:00,6369.6,5721.41015625,-648.1898437500004,648.1898437500004,420150.0735406499,10.176303751412966,33.1,3.5,6369.4,0.3,0.9999529020205032,69.1,1005.5
499,17,cnn1d,loso,Farasan - SWCC,16.692097,42.098767,01-09-2020 00:00,5849.7,5903.5732421875,53.87324218750018,53.87324218750018,2902.3262237930494,0.9209573514453765,33.2,3.0,2483.6,4366.3,0.3625746361260748,73.9,1003.1
500,17,cnn1d,loso,Farasan - SWCC,16.692097,42.098767,01-10-2020 00:00,5608.0,5363.71826171875,-244.28173828125,244.28173828125,59673.56765770912,4.355951110578637,31.8,3.0,1654.5,5751.2,0.2234089957735258,69.5,1007.3
501,17,cnn1d,loso,Farasan - SWCC,16.692097,42.098767,01-11-2020 00:00,4516.0,4378.921875,-137.078125,137.078125,18790.412353515625,3.0353880646589904,29.4,3.4,1890.4,4170.0,0.3119266055045872,74.2,1010.2
502,17,cnn1d,loso,Farasan - SWCC,16.692097,42.098767,01-12-2020 00:00,4354.0,4456.32470703125,102.32470703125,102.32470703125,10470.345669031143,2.35013107559141,27.8,3.5,1916.8,4141.7,0.31638194272509695,77.8,1011.4
503,17,cnn1d,loso,Farasan - SWCC,16.692097,42.098767,01-01-2021 00:00,4412.1,4286.09130859375,-126.00869140625036,126.00869140625036,15878.190309915633,2.8559799507320855,26.3,3.6,2203.7,3635.5,0.3773975887107823,78.0,1011.7
504,17,cnn1d,loso,Farasan - SWCC,16.692097,42.098767,01-02-2021 00:00,4754.9,4592.716796875,-162.18320312499964,162.18320312499964,26303.39137588489,3.4108646475214965,26.3,3.7,2326.4,3596.9,0.3927540391335911,77.0,1011.0
505,17,cnn1d,loso,Farasan - SWCC,16.692097,42.098767,01-03-2021 00:00,6018.8,5153.9716796875,-864.8283203125002,864.8283203125002,747928.0236145405,14.368783151334155,28.1,3.5,2220.3,5150.2,0.3012414354521403,75.4,1008.6
506,17,cnn1d,loso,Farasan - SWCC,16.692097,42.098767,01-04-2021 00:00,6227.9,6155.54638671875,-72.35361328124964,72.35361328124964,5235.045354852624,1.1617658164268798,29.8,3.5,2461.4,4867.0,0.3358714043993232,72.9,1007.3
507,17,cnn1d,loso,Farasan - SWCC,16.692097,42.098767,01-05-2021 00:00,6185.8,6587.98388671875,402.1838867187498,402.1838867187498,161751.8787362002,6.501727936867501,32.4,3.2,2516.2,4683.6,0.34948193005361256,70.1,1004.5
508,17,cnn1d,loso,Farasan - SWCC,16.692097,42.098767,01-07-2021 00:00,5243.7,5599.09375,355.3937500000002,355.3937500000002,126304.71753906264,6.777537807273494,33.9,4.5,3023.3,2656.4,0.5322992411571034,65.7,1001.0
509,17,cnn1d,loso,Farasan - SWCC,16.692097,42.098767,01-08-2021 00:00,5280.7,5613.37158203125,332.6715820312502,332.6715820312502,110670.38149117482,6.2997629486857845,34.0,3.7,2857.8,2952.7,0.49183374924705275,69.8,1002.0
510,17,cnn1d,loso,Farasan - SWCC,16.692097,42.098767,01-09-2021 00:00,5434.2,6194.68896484375,760.4889648437502,760.4889648437502,578343.4656491186,13.9944971632209,33.4,3.5,2661.9,3514.2,0.4310001457230291,72.5,1003.1
511,17,cnn1d,loso,Farasan - SWCC,16.692097,42.098767,01-11-2021 00:00,4738.7,4698.77783203125,-39.92216796874982,39.92216796874982,1593.7794953250739,0.8424708879808771,30.0,2.8,1771.0,4685.4,0.2743014683105136,71.6,1009.6
512,17,cnn1d,loso,Farasan - SWCC,16.692097,42.098767,01-12-2021 00:00,4203.0,4275.9296875,72.9296875,72.9296875,5318.739318847656,1.7351817154413516,27.7,3.3,1834.2,4076.7,0.3103080749124499,76.0,1011.8
183,18,cnn1d,loso,Hada Al Sham - KAU,21.80117,39.72854,01-01-2017 00:00,4408.1,4095.178466796875,-312.92153320312536,312.92153320312536,97919.88594219468,7.0987848098528925,24.6,1.7,1576.4,4993.9,0.23992816157557498,61.0,987.8
184,18,cnn1d,loso,Hada Al Sham - KAU,21.80117,39.72854,01-02-2017 00:00,4151.0,4427.88427734375,276.88427734375,276.88427734375,76664.90304017067,6.670302995513129,24.0,2.8,2232.5,2989.1,0.42755094223992646,46.8,987.3
185,18,cnn1d,loso,Hada Al Sham - KAU,21.80117,39.72854,01-03-2017 00:00,5374.8,5215.669921875,-159.13007812500018,159.13007812500018,25322.38176406866,2.9606697574793515,26.9,2.0,2605.2,3849.1,0.40363788482097207,50.7,983.8
186,18,cnn1d,loso,Hada Al Sham - KAU,21.80117,39.72854,01-04-2017 00:00,5999.1,5919.98095703125,-79.11904296875036,79.11904296875036,6259.822960290966,1.3188485434273534,31.7,2.1,2869.7,3937.6,0.42156214651917795,38.0,982.8
187,18,cnn1d,loso,Hada Al Sham - KAU,21.80117,39.72854,01-05-2017 00:00,6750.0,6632.8837890625,-117.1162109375,117.1162109375,13716.206864356995,1.735054976851852,34.6,2.1,2984.3,4711.6,0.38777790771709614,33.4,981.4
188,18,cnn1d,loso,Hada Al Sham - KAU,21.80117,39.72854,01-06-2017 00:00,7303.9,7183.7841796875,-120.11582031249964,120.11582031249964,14427.8102893447,1.6445436042730546,35.2,2.0,2732.3,5928.5,0.3154789395898763,34.0,977.8
189,18,cnn1d,loso,Hada Al Sham - KAU,21.80117,39.72854,01-09-2017 00:00,6183.4,6074.04248046875,-109.35751953124964,109.35751953124964,11959.067078027645,1.7685661534309547,35.3,2.3,2651.4,4646.0,0.3633348863978952,43.3,979.9
190,18,cnn1d,loso,Hada Al Sham - KAU,21.80117,39.72854,01-10-2017 00:00,5780.6,5682.0341796875,-98.56582031250036,98.56582031250036,9715.22093387611,1.7051140074127316,31.6,1.7,1732.9,6069.7,0.22209263578807065,49.6,983.2
191,18,cnn1d,loso,Hada Al Sham - KAU,21.80117,39.72854,01-11-2017 00:00,4581.6,4471.35888671875,-110.24111328125036,110.24111328125036,12153.103057489476,2.4061706233903077,28.4,1.7,1667.8,4858.2,0.2555623659209317,57.2,985.6
192,18,cnn1d,loso,Hada Al Sham - KAU,21.80117,39.72854,01-03-2018 00:00,6510.6,6284.38525390625,-226.21474609375036,226.21474609375036,51173.11135025995,3.4745606563719225,28.2,2.0,2220.1,6090.5,0.2671407599932616,38.4,984.3
193,18,cnn1d,loso,Hada Al Sham - KAU,21.80117,39.72854,01-04-2018 00:00,7066.7,6637.1982421875,-429.5017578124998,429.5017578124998,184471.75996402724,6.077826394392005,29.6,2.1,2751.0,5662.1,0.32699005122963,35.2,982.2
194,18,cnn1d,loso,Hada Al Sham - KAU,21.80117,39.72854,01-05-2018 00:00,7265.9,7263.69775390625,-2.202246093749636,2.202246093749636,4.849887857435531,0.030309336678864783,33.9,2.5,3206.6,5161.2,0.38320705561796414,28.4,980.4
195,18,cnn1d,loso,Hada Al Sham - KAU,21.80117,39.72854,01-06-2018 00:00,7274.0,7180.4130859375,-93.5869140625,93.5869140625,8758.51048374176,1.2865949142493813,35.1,2.4,3182.3,5201.8,0.37956369795207595,30.0,978.2
196,18,cnn1d,loso,Hada Al Sham - KAU,21.80117,39.72854,01-07-2018 00:00,7251.2,7217.62646484375,-33.57353515624982,33.57353515624982,1127.1822628879424,0.46300660795799065,34.5,2.2,2989.0,5476.0,0.35310100413467216,30.4,978.4
197,18,cnn1d,loso,Hada Al Sham - KAU,21.80117,39.72854,01-08-2018 00:00,6941.3,6839.8046875,-101.49531250000018,101.49531250000018,10301.298459472693,1.4621945817065993,34.5,2.4,2558.4,5718.3,0.30910870274384716,35.0,978.6
198,18,cnn1d,loso,Hada Al Sham - KAU,21.80117,39.72854,01-09-2018 00:00,6064.4,6675.70751953125,611.3075195312504,611.3075195312504,373696.88343545,10.08026382710986,34.4,2.2,3019.6,3925.1,0.43480639912451224,48.7,980.2
199,18,cnn1d,loso,Hada Al Sham - KAU,21.80117,39.72854,01-10-2018 00:00,5283.7,5156.7998046875,-126.90019531249982,126.90019531249982,16103.659570350601,2.4017297596854443,31.2,2.1,2017.2,4820.8,0.29499853758408895,45.6,984.2
200,18,cnn1d,loso,Hada Al Sham - KAU,21.80117,39.72854,01-11-2018 00:00,3986.5,4048.34716796875,61.84716796875,61.84716796875,3825.072185754776,1.5514152256051674,26.0,1.7,1778.7,3773.0,0.32038834951456313,61.1,986.1
201,18,cnn1d,loso,Hada Al Sham - KAU,21.80117,39.72854,01-12-2018 00:00,3945.8,3964.28564453125,18.485644531249818,18.485644531249818,341.71905373572633,0.4684891411437432,24.3,1.7,1787.3,3944.5,0.31182176628633235,58.4,988.0
202,18,cnn1d,loso,Hada Al Sham - KAU,21.80117,39.72854,01-01-2019 00:00,4115.1,3910.581787109375,-204.51821289062536,204.51821289062536,41827.69940397516,4.969945150558318,23.8,1.8,1989.4,3655.1,0.3524492869164674,60.7,988.1
203,18,cnn1d,loso,Hada Al Sham - KAU,21.80117,39.72854,01-02-2019 00:00,4777.5,4658.6806640625,-118.8193359375,118.8193359375,14118.034592628479,2.487060930141287,24.0,2.3,2181.9,4078.1,0.34854632587859424,49.5,987.1
204,18,cnn1d,loso,Hada Al Sham - KAU,21.80117,39.72854,01-03-2019 00:00,6230.3,6443.6083984375,213.30839843749982,213.30839843749982,45500.472843971176,3.4237259592234692,24.6,2.5,2349.6,5648.3,0.2937771164930794,41.6,985.8
205,18,cnn1d,loso,Hada Al Sham - KAU,21.80117,39.72854,01-04-2019 00:00,6906.5,6763.01171875,-143.48828125,143.48828125,20588.8868560791,2.077583164410338,29.1,2.3,2751.7,5575.1,0.3304630830571168,37.4,983.2
206,18,cnn1d,loso,Hada Al Sham - KAU,21.80117,39.72854,01-05-2019 00:00,6841.2,6660.06396484375,-181.13603515624982,181.13603515624982,32810.26323212617,2.647723135652368,33.1,2.0,2958.4,4915.1,0.3757414110624246,35.9,981.4
207,18,cnn1d,loso,Hada Al Sham - KAU,21.80117,39.72854,01-06-2019 00:00,6968.9,6674.9951171875,-293.90488281249964,293.90488281249964,86380.08014102915,4.21737839275208,35.6,2.4,3095.0,4821.7,0.3909457223338007,28.9,978.8
208,18,cnn1d,loso,Hada Al Sham - KAU,21.80117,39.72854,01-07-2019 00:00,7390.4,6947.33837890625,-443.06162109374964,443.06162109374964,196303.60008622138,5.995096626620341,34.8,2.2,2747.2,5982.0,0.3147138340283187,28.6,977.5
209,18,cnn1d,loso,Hada Al Sham - KAU,21.80117,39.72854,01-08-2019 00:00,6803.0,6621.26708984375,-181.73291015625,181.73291015625,33026.850633859634,2.671364253362487,33.9,2.2,2516.4,5552.8,0.3118524760818916,41.9,979.3
210,18,cnn1d,loso,Hada Al Sham - KAU,21.80117,39.72854,01-09-2019 00:00,6277.8,6269.23828125,-8.561718750000182,8.561718750000182,73.30302795410468,0.1363808778553025,33.9,2.0,2587.3,4885.0,0.34625215797010295,42.5,979.5
211,18,cnn1d,loso,Hada Al Sham - KAU,21.80117,39.72854,01-10-2019 00:00,5533.9,4879.6640625,-654.2359374999996,654.2359374999996,428024.66191650345,11.822330318581827,30.5,1.6,1940.5,5294.1,0.26822491913858404,55.3,983.7
212,18,cnn1d,loso,Hada Al Sham - KAU,21.80117,39.72854,01-11-2019 00:00,4597.5,4384.83935546875,-212.66064453125,212.66064453125,45224.54973244667,4.625571387302882,27.5,1.6,1673.9,4939.0,0.253126464939739,53.8,985.0
213,18,cnn1d,loso,Hada Al Sham - KAU,21.80117,39.72854,01-12-2019 00:00,4264.9,4174.5927734375,-90.30722656249964,90.30722656249964,8155.39516941064,2.117452380184756,24.1,2.2,1568.1,4959.9,0.24021139705882352,51.5,987.3
214,18,cnn1d,loso,Hada Al Sham - KAU,21.80117,39.72854,01-01-2020 00:00,4793.9,4813.10009765625,19.200097656250364,19.200097656250364,368.64375000955073,0.40051101725631255,21.1,2.6,1408.0,6102.4,0.18747337025990626,45.1,989.5
215,18,cnn1d,loso,Hada Al Sham - KAU,21.80117,39.72854,01-02-2020 00:00,4873.9,4759.498046875,-114.40195312499964,114.40195312499964,13087.806878814614,2.347236363589726,23.2,1.9,2217.0,4158.9,0.3477156166188303,50.2,988.3
216,18,cnn1d,loso,Hada Al Sham - KAU,21.80117,39.72854,01-03-2020 00:00,6432.5,6438.81787109375,6.31787109375,6.31787109375,39.91549515724182,0.09821797269724059,25.7,2.0,2599.8,5377.8,0.32588748495788206,42.3,984.6
217,18,cnn1d,loso,Hada Al Sham - KAU,21.80117,39.72854,01-04-2020 00:00,7119.5,7134.642578125,15.142578125,15.142578125,229.29767227172852,0.21269159526652154,28.8,1.8,2288.5,6487.8,0.26075908982145096,39.0,983.7
218,18,cnn1d,loso,Hada Al Sham - KAU,21.80117,39.72854,01-05-2020 00:00,7050.0,7043.19287109375,-6.80712890625,6.80712890625,46.33700394630432,0.09655501994680851,33.2,1.9,2672.2,5689.8,0.3195646974408036,32.7,982.0
219,18,cnn1d,loso,Hada Al Sham - KAU,21.80117,39.72854,01-09-2020 00:00,6392.7,6470.234375,77.53437500000018,77.53437500000018,6011.579306640653,1.2128580255604078,35.3,1.7,2400.9,5322.1,0.3108766023565972,39.7,979.1
220,18,cnn1d,loso,Hada Al Sham - KAU,21.80117,39.72854,01-10-2020 00:00,6037.1,6258.99853515625,221.89853515624964,221.89853515624964,49238.959904489355,3.675581573209813,32.1,1.9,1615.5,6810.4,0.1917302602689327,34.0,983.7
221,18,cnn1d,loso,Hada Al Sham - KAU,21.80117,39.72854,01-11-2020 00:00,4634.0,4280.6279296875,-353.3720703125,353.3720703125,124871.82007694244,7.625638116368148,27.5,1.2,1625.3,5119.0,0.24098868674287915,56.3,986.2
222,18,cnn1d,loso,Hada Al Sham - KAU,21.80117,39.72854,01-12-2020 00:00,4165.0,4215.59716796875,50.59716796875,50.59716796875,2560.073406457901,1.2148179584333734,25.3,1.3,1731.9,4494.3,0.2781632456393948,51.3,987.1
223,18,cnn1d,loso,Hada Al Sham - KAU,21.80117,39.72854,01-01-2021 00:00,4611.0,4581.6279296875,-29.3720703125,29.3720703125,862.7185144424438,0.6370000067772718,24.0,1.8,1760.7,5016.3,0.2598052235502435,51.5,987.5
224,18,cnn1d,loso,Hada Al Sham - KAU,21.80117,39.72854,01-02-2021 00:00,4965.1,4981.70703125,16.607031249999636,16.607031249999636,275.79348693846447,0.3344752623310635,23.6,1.9,1893.5,4859.5,0.2803938990078484,52.3,987.0
225,18,cnn1d,loso,Hada Al Sham - KAU,21.80117,39.72854,01-03-2021 00:00,6314.5,5362.49462890625,-952.00537109375,952.00537109375,906314.2265913486,15.076496493685168,27.5,1.6,2368.3,5520.5,0.30021042490619615,43.5,984.3
226,18,cnn1d,loso,Hada Al Sham - KAU,21.80117,39.72854,01-04-2021 00:00,6643.7,6519.525390625,-124.17460937499982,124.17460937499982,15419.333613433793,1.869058045592062,30.1,1.8,2883.8,4884.1,0.3712457678394418,39.1,983.2
227,18,cnn1d,loso,Hada Al Sham - KAU,21.80117,39.72854,01-05-2021 00:00,7513.3,7507.7421875,-5.557812500000182,5.557812500000182,30.889279785158273,0.07397298790145716,33.2,1.6,2374.0,6797.4,0.2588481584054779,34.8,980.7
228,18,cnn1d,loso,Hada Al Sham - KAU,21.80117,39.72854,01-07-2021 00:00,6766.8,6611.64501953125,-155.15498046875018,155.15498046875018,24073.06796425825,2.2928855658324494,34.3,2.0,3150.5,4548.7,0.4091983582709892,38.0,977.1
229,18,cnn1d,loso,Hada Al Sham - KAU,21.80117,39.72854,01-08-2021 00:00,6800.4,6829.08544921875,28.685449218750364,28.685449218750364,822.8549968815058,0.42182002850935774,35.3,1.8,2800.2,5117.3,0.35367224502683925,39.6,978.0
230,18,cnn1d,loso,Hada Al Sham - KAU,21.80117,39.72854,01-09-2021 00:00,6135.9,6531.25439453125,395.35439453125036,395.35439453125036,156305.09727517157,6.443299182373416,33.5,1.6,2779.0,4433.0,0.3853300055463117,47.7,979.4
231,18,cnn1d,loso,Hada Al Sham - KAU,21.80117,39.72854,01-10-2021 00:00,5756.3,5903.96484375,147.66484374999982,147.66484374999982,21804.906079711862,2.5652735915431752,31.8,1.4,1873.8,5781.3,0.24477799114315946,44.2,983.1
232,18,cnn1d,loso,Hada Al Sham - KAU,21.80117,39.72854,01-11-2021 00:00,4633.4,4374.8935546875,-258.50644531249964,258.50644531249964,66825.58226810436,5.579195521916944,27.7,1.2,1433.6,5484.8,0.2072155411655874,50.8,985.4
233,18,cnn1d,loso,Hada Al Sham - KAU,21.80117,39.72854,01-12-2021 00:00,4082.8,4106.5087890625,23.708789062499818,23.708789062499818,562.106678810111,0.5806992520451606,24.9,1.2,1664.7,4401.5,0.2744222083017375,53.1,987.4
1508,19,cnn1d,loso,Hafar Al Batin - TVTC,28.33202,45.95708,01-01-2017 00:00,3902.6,3799.56787109375,-103.03212890624991,103.03212890624991,10615.619586954099,2.640089399534923,12.7,4.3,1535.2,4742.4,0.24455205811138017,43.6,973.2
1509,19,cnn1d,loso,Hafar Al Batin - TVTC,28.33202,45.95708,01-02-2017 00:00,4710.6,4997.99609375,287.39609374999964,287.39609374999964,82596.51470275858,6.101050688871898,12.3,4.4,1876.9,5046.3,0.27110295816963254,36.8,973.8
1510,19,cnn1d,loso,Hafar Al Batin - TVTC,28.33202,45.95708,01-03-2017 00:00,5192.7,5537.2099609375,344.5099609375002,344.5099609375002,118687.1131851579,6.634505381352672,20.7,5.1,2670.1,3775.7,0.41423872909491455,40.2,967.8
1511,19,cnn1d,loso,Hafar Al Batin - TVTC,28.33202,45.95708,01-04-2017 00:00,5980.1,6433.5068359375,453.40683593749964,453.40683593749964,205577.7588748547,7.581927324584867,27.7,5.3,3244.6,3715.0,0.4662049543077188,25.5,967.4
1512,19,cnn1d,loso,Hafar Al Batin - TVTC,28.33202,45.95708,01-05-2017 00:00,6822.1,7140.0068359375,317.90683593749964,317.90683593749964,101064.7563357923,4.6599556725568325,34.1,4.8,3760.3,3863.1,0.49325760159508886,17.2,964.0
1513,19,cnn1d,loso,Hafar Al Batin - TVTC,28.33202,45.95708,01-06-2017 00:00,8093.5,8207.033203125,113.533203125,113.533203125,12889.78821182251,1.402770162784951,37.2,5.5,2295.8,7768.6,0.22811096538293388,11.3,960.3
1514,19,cnn1d,loso,Hafar Al Batin - TVTC,28.33202,45.95708,01-09-2017 00:00,6699.5,6595.9130859375,-103.5869140625,103.5869140625,10730.24876499176,1.5461887314351819,36.3,4.2,2163.1,6523.4,0.24901859206815172,12.1,963.1
1515,19,cnn1d,loso,Hafar Al Batin - TVTC,28.33202,45.95708,01-10-2017 00:00,5477.1,5770.7177734375,293.61777343749964,293.61777343749964,86211.39687839487,5.360825499580063,29.6,4.5,1988.4,5629.1,0.2610305218247457,20.9,967.5
1516,19,cnn1d,loso,Hafar Al Batin - TVTC,28.33202,45.95708,01-11-2017 00:00,4058.3,4610.19775390625,551.8977539062498,551.8977539062498,304591.13076676347,13.59923499756671,21.0,4.1,1820.8,4263.4,0.29926695374905493,35.2,971.6
1517,19,cnn1d,loso,Hafar Al Batin - TVTC,28.33202,45.95708,01-03-2018 00:00,5984.3,6197.42138671875,213.12138671874982,213.12138671874982,45420.72547692291,3.561341956766035,23.6,4.4,2586.4,5077.5,0.3374783073891883,24.3,968.4
1518,19,cnn1d,loso,Hafar Al Batin - TVTC,28.33202,45.95708,01-04-2018 00:00,6230.0,6788.7275390625,558.7275390625,558.7275390625,312176.46290683746,8.968339310794542,25.1,4.5,3517.5,3686.9,0.48824329576369996,36.1,965.4
1519,19,cnn1d,loso,Hafar Al Batin - TVTC,28.33202,45.95708,01-05-2018 00:00,7129.9,7138.05419921875,8.154199218750364,8.154199218750364,66.49096489906904,0.11436624943898742,31.6,4.3,3506.6,4693.5,0.42762893135449564,22.2,963.7
1520,19,cnn1d,loso,Hafar Al Batin - TVTC,28.33202,45.95708,01-06-2018 00:00,7805.1,7837.6015625,32.501562499999636,32.501562499999636,1056.3515649413825,0.4164144277459563,36.0,6.1,3209.5,5972.5,0.3495425833151819,13.8,959.1
1521,19,cnn1d,loso,Hafar Al Batin - TVTC,28.33202,45.95708,01-07-2018 00:00,7640.7,7748.26171875,107.56171875000018,107.56171875000018,11569.523340454141,1.407746917821668,37.0,6.6,2769.3,6397.1,0.3021142433234421,12.5,956.4
1522,19,cnn1d,loso,Hafar Al Batin - TVTC,28.33202,45.95708,01-08-2018 00:00,7509.3,7773.705078125,264.4050781249998,264.4050781249998,69910.04533828725,3.52103495831835,36.3,5.4,1881.0,7857.0,0.19316081330868762,13.9,958.2
1523,19,cnn1d,loso,Hafar Al Batin - TVTC,28.33202,45.95708,01-09-2018 00:00,6395.5,6670.98583984375,275.48583984375,275.48583984375,75892.44795441628,4.307494954948792,36.6,4.0,2380.7,5730.7,0.2935005054614493,13.1,963.0
1524,19,cnn1d,loso,Hafar Al Batin - TVTC,28.33202,45.95708,01-10-2018 00:00,5214.2,5364.92236328125,150.72236328125018,150.72236328125018,22717.230793085153,2.8906133880796707,28.5,4.0,2070.6,5040.5,0.2911785799665312,28.0,968.9
1525,19,cnn1d,loso,Hafar Al Batin - TVTC,28.33202,45.95708,01-11-2018 00:00,3269.8,3713.9248046875,444.1248046874998,444.1248046874998,197246.84213870985,13.582629050324172,17.4,3.9,1705.9,3019.9,0.3609759194210504,78.1,972.2
1526,19,cnn1d,loso,Hafar Al Batin - TVTC,28.33202,45.95708,01-12-2018 00:00,3483.6,3662.364013671875,178.7640136718751,178.7640136718751,31956.572584078345,5.131588404864941,15.0,4.1,1556.9,3977.4,0.28131832390726924,66.6,973.8
1527,19,cnn1d,loso,Hafar Al Batin - TVTC,28.33202,45.95708,01-02-2019 00:00,4466.5,4747.3134765625,280.8134765625,280.8134765625,78856.20861911774,6.287103471678048,14.4,4.3,1811.9,4751.4,0.2760653939329301,49.9,972.1
1528,19,cnn1d,loso,Hafar Al Batin - TVTC,28.33202,45.95708,01-03-2019 00:00,5871.1,6154.798828125,283.69882812499964,283.69882812499964,80485.02507949808,4.832123931205389,18.1,5.7,2266.7,5595.6,0.28829986136372304,34.5,968.5
1529,19,cnn1d,loso,Hafar Al Batin - TVTC,28.33202,45.95708,01-04-2019 00:00,6712.2,6906.43701171875,194.23701171875018,194.23701171875018,37728.01672142989,2.893790586078338,23.8,4.9,2708.0,5520.2,0.32911207797574193,30.9,966.9
1530,19,cnn1d,loso,Hafar Al Batin - TVTC,28.33202,45.95708,01-05-2019 00:00,7069.7,7167.35205078125,97.65205078125018,97.65205078125018,9535.923021783865,1.3812757370362276,32.8,4.4,3250.1,4945.1,0.396585806325654,17.4,964.2
1531,19,cnn1d,loso,Hafar Al Batin - TVTC,28.33202,45.95708,01-06-2019 00:00,8091.9,8205.349609375,113.44960937500036,113.44960937500036,12870.81386734017,1.4020144758956532,37.6,5.1,2219.0,7868.3,0.21997957828160164,11.3,960.2
1532,19,cnn1d,loso,Hafar Al Batin - TVTC,28.33202,45.95708,01-07-2019 00:00,8045.2,8222.2978515625,177.09785156250018,177.09785156250018,31363.649028053347,2.201285879313133,37.1,5.7,1892.6,8414.4,0.18362278063452023,12.4,956.9
1533,19,cnn1d,loso,Hafar Al Batin - TVTC,28.33202,45.95708,01-08-2019 00:00,7512.5,7650.69140625,138.19140625,138.19140625,19096.86476135254,1.8394862728785357,37.1,5.8,2008.3,7588.7,0.20926331145149527,12.1,958.2
1534,19,cnn1d,loso,Hafar Al Batin - TVTC,28.33202,45.95708,01-09-2019 00:00,6538.0,6490.73974609375,-47.26025390625,47.26025390625,2233.5315992832184,0.7228549083244111,35.7,3.8,1896.7,6757.5,0.21916526079822513,14.8,962.5
1535,19,cnn1d,loso,Hafar Al Batin - TVTC,28.33202,45.95708,01-10-2019 00:00,4904.8,5551.326171875,646.5261718749998,646.5261718749998,417996.09091934183,13.181499181923826,29.7,4.0,2146.8,4383.0,0.32876964072406506,32.7,967.1
1536,19,cnn1d,loso,Hafar Al Batin - TVTC,28.33202,45.95708,01-11-2019 00:00,3795.8,3787.032470703125,-8.767529296875182,8.767529296875182,76.86956997156462,0.23097974858725911,19.4,3.7,1668.2,4093.0,0.289557731028258,46.4,971.4
1537,19,cnn1d,loso,Hafar Al Batin - TVTC,28.33202,45.95708,01-12-2019 00:00,3700.1,3871.828125,171.7281250000001,171.7281250000001,29490.548916015658,4.64117523850707,14.5,4.5,1121.3,5525.4,0.16870025727052523,52.2,972.1
1538,19,cnn1d,loso,Hafar Al Batin - TVTC,28.33202,45.95708,01-01-2020 00:00,4174.6,4130.32177734375,-44.278222656250364,44.278222656250364,1960.561001596483,1.0606578512013214,12.1,4.8,1183.7,6099.9,0.1625157888956011,45.0,972.7
1539,19,cnn1d,loso,Hafar Al Batin - TVTC,28.33202,45.95708,01-02-2020 00:00,4878.4,4987.85595703125,109.45595703125036,109.45595703125036,11980.606529626926,2.24368557377932,15.4,5.4,1817.0,5455.0,0.24986248624862487,36.6,971.9
1540,19,cnn1d,loso,Hafar Al Batin - TVTC,28.33202,45.95708,01-03-2020 00:00,5863.8,5920.38330078125,56.58330078124982,56.58330078124982,3201.6699273013865,0.9649595958465469,19.9,5.3,2339.1,5400.9,0.3022093023255814,33.9,967.6
1541,19,cnn1d,loso,Hafar Al Batin - TVTC,28.33202,45.95708,01-04-2020 00:00,6630.8,6306.18701171875,-324.6129882812502,324.6129882812502,105373.59216088307,4.8955327906323545,25.9,4.9,3014.2,5000.1,0.3761027163944449,27.8,965.5
1542,19,cnn1d,loso,Hafar Al Batin - TVTC,28.33202,45.95708,01-05-2020 00:00,7335.8,7460.2529296875,124.45292968749982,124.45292968749982,15488.531707801774,1.6965147589560758,31.5,4.8,3154.7,5501.1,0.3644608239561912,16.4,964.7
1543,19,cnn1d,loso,Hafar Al Batin - TVTC,28.33202,45.95708,01-09-2020 00:00,6631.2,7029.5654296875,398.3654296875002,398.3654296875002,158695.01557010665,6.007441031600618,35.5,4.0,1854.5,7033.9,0.20864272534989425,12.4,962.4
1544,19,cnn1d,loso,Hafar Al Batin - TVTC,28.33202,45.95708,01-10-2020 00:00,5695.4,5955.232421875,259.83242187500036,259.83242187500036,67512.88745742817,4.5621452729395715,27.2,3.1,1214.4,7657.2,0.13688624374408223,16.8,968.7
1545,19,cnn1d,loso,Hafar Al Batin - TVTC,28.33202,45.95708,01-11-2020 00:00,3830.6,4433.1162109375,602.5162109375001,602.5162109375001,363025.7844424821,15.729029680402551,20.3,4.4,1696.9,4056.9,0.2949181410546074,47.0,970.9
1546,19,cnn1d,loso,Hafar Al Batin - TVTC,28.33202,45.95708,01-12-2020 00:00,3067.8,3423.74072265625,355.9407226562498,355.9407226562498,126693.79804505335,11.602474824181817,13.5,3.1,1335.2,3665.1,0.26702397856128635,65.9,974.4
1547,19,cnn1d,loso,Hafar Al Batin - TVTC,28.33202,45.95708,01-01-2021 00:00,3939.0,3637.255859375,-301.744140625,301.744140625,91049.52640151978,7.660424996826606,13.3,3.4,1482.7,4943.7,0.2307201543632516,43.7,974.3
1548,19,cnn1d,loso,Hafar Al Batin - TVTC,28.33202,45.95708,01-02-2021 00:00,4359.8,4309.166015625,-50.63398437500018,50.63398437500018,2563.8003736877627,1.1613831913161197,15.5,4.1,1756.2,4525.7,0.27956509973097315,47.8,972.5
1549,19,cnn1d,loso,Hafar Al Batin - TVTC,28.33202,45.95708,01-03-2021 00:00,5652.9,5718.0390625,65.13906250000036,65.13906250000036,4243.097463378954,1.1523123087265008,21.2,5.0,2619.0,4537.6,0.3659559008467708,26.9,968.6
1550,19,cnn1d,loso,Hafar Al Batin - TVTC,28.33202,45.95708,01-04-2021 00:00,6570.6,6993.81298828125,423.21298828124964,423.21298828124964,179109.23344994514,6.441009775077612,27.8,4.7,2763.5,5212.9,0.3464595556892834,17.3,967.3
1551,19,cnn1d,loso,Hafar Al Batin - TVTC,28.33202,45.95708,01-05-2021 00:00,7198.4,7270.1865234375,71.78652343750036,71.78652343750036,5153.304947242789,0.997256660334246,34.0,4.2,2706.7,5982.7,0.31149446451998986,12.9,962.4
1552,19,cnn1d,loso,Hafar Al Batin - TVTC,28.33202,45.95708,01-07-2021 00:00,7820.6,7832.4052734375,11.805273437499636,11.805273437499636,139.3644809341345,0.15095099400940637,39.4,4.5,2191.7,7567.2,0.22458473803399973,12.5,956.0
1553,19,cnn1d,loso,Hafar Al Batin - TVTC,28.33202,45.95708,01-08-2021 00:00,7351.9,7332.5341796875,-19.365820312499636,19.365820312499636,375.0349963760235,0.2634124554536873,37.9,4.0,2074.4,7244.1,0.2226109352363578,13.2,958.8
1554,19,cnn1d,loso,Hafar Al Batin - TVTC,28.33202,45.95708,01-09-2021 00:00,6662.7,7372.5380859375,709.8380859375002,709.8380859375002,503870.1082474139,10.653910365730113,33.6,4.1,1649.2,7565.5,0.17897489880299955,15.7,962.5
1555,19,cnn1d,loso,Hafar Al Batin - TVTC,28.33202,45.95708,01-10-2021 00:00,5328.4,5483.111328125,154.71132812500036,154.71132812500036,23935.59505020153,2.90352316126793,29.2,3.6,1722.6,5921.6,0.22534732215274322,20.3,968.0
1556,19,cnn1d,loso,Hafar Al Batin - TVTC,28.33202,45.95708,01-11-2021 00:00,4208.3,4156.74658203125,-51.55341796875018,51.55341796875018,2657.7549042606543,1.2250414174072708,20.6,3.8,1460.7,5313.9,0.2156142060047826,32.2,971.0
1557,19,cnn1d,loso,Hafar Al Batin - TVTC,28.33202,45.95708,01-12-2021 00:00,3209.2,3447.996337890625,238.79633789062518,238.79633789062518,57023.690989973635,7.440992705055003,14.3,3.7,1624.8,3357.8,0.32609480993858625,48.7,973.2
1371,20,cnn1d,loso,Hagl - SWCC,29.28997,34.93002,01-01-2017 00:00,3583.5,4665.9755859375,1082.4755859375,1082.4755859375,1171753.394150734,30.207216016115527,16.9,6.9,1209.4,4966.8,0.1958161976619928,50.7,1015.9
1372,20,cnn1d,loso,Hagl - SWCC,29.28997,34.93002,01-02-2017 00:00,4743.2,4875.78515625,132.58515625000018,132.58515625000018,17578.82365783696,2.795268094324511,17.7,6.5,1326.0,6195.3,0.1762993099597144,45.7,1016.2
1373,20,cnn1d,loso,Hagl - SWCC,29.28997,34.93002,01-03-2017 00:00,5558.3,5649.009765625,90.70976562499982,90.70976562499982,8228.261579742399,1.6319695882733896,21.3,6.1,1606.2,6199.7,0.20576743232682973,50.5,1010.3
1374,20,cnn1d,loso,Hagl - SWCC,29.28997,34.93002,01-04-2017 00:00,6497.3,6630.63525390625,133.33525390624982,133.33525390624982,17778.28993424411,2.0521640359264586,24.9,6.7,2098.2,6201.1,0.25281650259660454,47.1,1010.0
1375,20,cnn1d,loso,Hagl - SWCC,29.28997,34.93002,01-05-2017 00:00,7248.7,5885.79736328125,-1362.9026367187498,1362.9026367187498,1857503.5971749206,18.80202845639563,27.9,6.1,1730.9,7562.2,0.18625646985397767,46.4,1008.0
1376,20,cnn1d,loso,Hagl - SWCC,29.28997,34.93002,01-06-2017 00:00,7480.6,6727.03466796875,-753.5653320312504,753.5653320312504,567860.7096393686,10.073594792279367,29.7,7.3,1297.0,8543.8,0.13179822778635883,49.7,1005.2
1377,20,cnn1d,loso,Hagl - SWCC,29.28997,34.93002,01-09-2017 00:00,6280.5,6290.998046875,10.498046875,10.498046875,110.20898818969727,0.16715304314943077,29.5,7.6,1554.4,7044.8,0.180761001023351,60.7,1006.9
1378,20,cnn1d,loso,Hagl - SWCC,29.28997,34.93002,01-10-2017 00:00,5308.3,5680.1328125,371.8328124999998,371.8328124999998,138259.64045166003,7.004743750353216,26.5,6.7,1177.5,7072.0,0.14273592338929633,57.8,1010.4
1379,20,cnn1d,loso,Hagl - SWCC,29.28997,34.93002,01-11-2017 00:00,4213.1,4935.48095703125,722.3809570312496,722.3809570312496,521834.2470813841,17.146067195918672,22.7,6.9,1172.9,6017.5,0.16312027147307523,55.3,1012.8
1380,20,cnn1d,loso,Hagl - SWCC,29.28997,34.93002,01-03-2018 00:00,6067.1,6130.55712890625,63.457128906249636,63.457128906249636,4026.807209024383,1.0459219216141094,23.4,6.1,1877.6,6505.4,0.2239770965048312,43.1,1010.2
1381,20,cnn1d,loso,Hagl - SWCC,29.28997,34.93002,01-04-2018 00:00,6662.6,6119.5537109375,-543.0462890625004,543.0462890625004,294899.2720645527,8.150666242345336,24.8,5.9,2386.5,5939.1,0.2866460074949553,44.6,1008.0
1382,20,cnn1d,loso,Hagl - SWCC,29.28997,34.93002,01-05-2018 00:00,6864.1,6896.568359375,32.468359374999636,32.468359374999636,1054.1943605041267,0.47301699239521033,29.3,4.9,2875.1,5215.4,0.3553674062171683,42.7,1005.5
1383,20,cnn1d,loso,Hagl - SWCC,29.28997,34.93002,01-06-2018 00:00,7953.3,7711.6923828125,-241.60761718750018,241.60761718750018,58374.240683021635,3.0378285389398134,30.3,6.8,1845.1,8272.2,0.18237079062595749,46.0,1004.5
1384,20,cnn1d,loso,Hagl - SWCC,29.28997,34.93002,01-07-2018 00:00,7799.3,7620.41796875,-178.88203125000018,178.88203125000018,31998.781104126043,2.293565207775059,31.4,5.3,1649.4,8439.4,0.16348822456585524,47.3,1002.7
1385,20,cnn1d,loso,Hagl - SWCC,29.28997,34.93002,01-08-2018 00:00,7365.1,7205.19921875,-159.90078125000036,159.90078125000036,25568.25984436047,2.171060559259214,31.2,7.0,1215.1,8765.8,0.12174252822891722,52.4,1003.6
1386,20,cnn1d,loso,Hagl - SWCC,29.28997,34.93002,01-09-2018 00:00,6092.9,5750.81689453125,-342.08310546874964,342.08310546874964,117020.85104714369,5.614454618798104,29.9,7.8,1860.6,6244.5,0.22955916645075322,54.5,1006.4
1387,20,cnn1d,loso,Hagl - SWCC,29.28997,34.93002,01-10-2018 00:00,5005.6,5085.99951171875,80.39951171874964,80.39951171874964,6464.08148461336,1.6061913001188595,27.4,6.5,1624.0,5618.9,0.2242195805547502,54.2,1010.0
1388,20,cnn1d,loso,Hagl - SWCC,29.28997,34.93002,01-11-2018 00:00,4118.3,4575.35009765625,457.0500976562498,457.0500976562498,208894.7917675875,11.098028255742657,23.5,5.7,1182.7,5706.6,0.17167201312179758,50.7,1011.9
1389,20,cnn1d,loso,Hagl - SWCC,29.28997,34.93002,01-12-2018 00:00,3741.9,4494.8271484375,752.9271484374999,752.9271484374999,566899.290854225,20.121519774379323,19.4,5.5,994.5,5997.1,0.1422421191143658,48.5,1015.3
1390,20,cnn1d,loso,Hagl - SWCC,29.28997,34.93002,01-01-2019 00:00,3689.0,3959.16943359375,270.16943359375,270.16943359375,72991.52284836769,7.32364959592708,17.9,4.6,1455.0,4569.2,0.24152584575545302,44.6,1014.3
1391,20,cnn1d,loso,Hagl - SWCC,29.28997,34.93002,01-02-2019 00:00,4761.4,4666.0048828125,-95.39511718749964,95.39511718749964,9100.228383216789,2.0035098329797885,18.8,5.2,1379.3,6049.8,0.18566178944959685,45.7,1014.3
1392,20,cnn1d,loso,Hagl - SWCC,29.28997,34.93002,01-03-2019 00:00,5880.7,5591.8798828125,-288.8201171874998,288.8201171874998,83417.06009220112,4.9113220736902035,20.0,5.6,1746.0,6498.0,0.21179039301310043,45.0,1012.4
1393,20,cnn1d,loso,Hagl - SWCC,29.28997,34.93002,01-04-2019 00:00,6665.1,6377.89208984375,-287.20791015625036,287.20791015625036,82488.38365632079,4.309131298198832,23.0,6.0,2146.5,6370.0,0.25204015734163093,44.9,1010.3
1394,20,cnn1d,loso,Hagl - SWCC,29.28997,34.93002,01-05-2019 00:00,7078.2,6152.1591796875,-926.0408203124998,926.0408203124998,857551.6008850476,13.0829987894168,28.3,5.8,2163.4,6630.6,0.2460086422560837,40.5,1007.0
1395,20,cnn1d,loso,Hagl - SWCC,29.28997,34.93002,01-06-2019 00:00,7575.9,6363.24658203125,-1212.6534179687496,1212.6534179687496,1470528.312111291,16.006724190772708,30.6,5.4,1772.0,7819.5,0.1847469113277381,47.5,1005.0
1396,20,cnn1d,loso,Hagl - SWCC,29.28997,34.93002,01-07-2019 00:00,7943.0,7439.50537109375,-503.49462890625,503.49462890625,253506.8413374424,6.338847147252298,31.4,5.9,1405.7,9070.0,0.13418673692450145,47.4,1002.5
1397,20,cnn1d,loso,Hagl - SWCC,29.28997,34.93002,01-08-2019 00:00,7335.0,6658.58154296875,-676.41845703125,676.41845703125,457541.929012537,9.221792188565098,31.8,5.1,1369.2,8400.7,0.14014473024288884,50.6,1003.6
1398,20,cnn1d,loso,Hagl - SWCC,29.28997,34.93002,01-09-2019 00:00,6414.9,6378.15234375,-36.747656249999636,36.747656249999636,1350.3902398681373,0.5728484660711723,29.3,7.6,1303.6,7710.3,0.14462108521283795,57.5,1006.0
1399,20,cnn1d,loso,Hagl - SWCC,29.28997,34.93002,01-10-2019 00:00,5094.8,5214.2060546875,119.40605468749982,119.40605468749982,14257.805896034197,2.3436848293848596,27.3,6.3,1307.9,6387.8,0.16995205114544484,56.2,1009.2
1400,20,cnn1d,loso,Hagl - SWCC,29.28997,34.93002,01-11-2019 00:00,4235.4,4820.568359375,585.1683593750004,585.1683593750004,342422.00881362957,13.816129748666015,24.5,5.1,1197.9,5960.9,0.16733251382913342,44.3,1011.4
1401,20,cnn1d,loso,Hagl - SWCC,29.28997,34.93002,01-12-2019 00:00,3858.7,4466.56787109375,607.8678710937502,607.8678710937502,369503.3487080481,15.753177782510955,19.7,4.3,967.5,6272.7,0.1336289052788597,44.5,1014.8
1402,20,cnn1d,loso,Hagl - SWCC,29.28997,34.93002,01-01-2020 00:00,3731.0,4175.123046875,444.123046875,444.123046875,197245.28076553345,11.903592786786385,16.7,4.4,1121.0,5386.5,0.17226277372262774,47.9,1017.4
1403,20,cnn1d,loso,Hagl - SWCC,29.28997,34.93002,01-02-2020 00:00,4778.0,4980.64013671875,202.64013671875,202.64013671875,41063.02500939369,4.241107926302846,18.1,4.6,1219.8,6475.9,0.1585040996920358,51.2,1015.7
1404,20,cnn1d,loso,Hagl - SWCC,29.28997,34.93002,01-03-2020 00:00,5607.3,5951.9775390625,344.6775390624998,344.6775390624998,118802.60593418109,6.1469430753214525,20.7,4.7,1968.0,5681.5,0.2572717171056932,50.0,1010.5
1405,20,cnn1d,loso,Hagl - SWCC,29.28997,34.93002,01-04-2020 00:00,6767.8,6258.3193359375,-509.4806640625002,509.4806640625002,259570.54705356617,7.528010048501731,23.5,6.0,2123.8,6580.8,0.24398593846931507,49.7,1009.2
1406,20,cnn1d,loso,Hagl - SWCC,29.28997,34.93002,01-05-2020 00:00,7163.3,6172.7900390625,-990.5099609375002,990.5099609375002,981109.9827164081,13.827564962203176,27.5,5.8,1935.2,7163.8,0.2126827123859765,43.3,1008.0
1407,20,cnn1d,loso,Hagl - SWCC,29.28997,34.93002,01-09-2020 00:00,6086.8,6160.10498046875,73.30498046874982,73.30498046874982,5373.620161523792,1.2043270761114184,32.1,6.5,1840.4,6202.2,0.22883147240941984,52.7,1004.9
1408,20,cnn1d,loso,Hagl - SWCC,29.28997,34.93002,01-10-2020 00:00,5200.8,5799.09619140625,598.2961914062498,598.2961914062498,357958.33265122393,11.503926153788836,28.9,5.8,1280.4,6602.2,0.1624337147641641,55.2,1009.6
1409,20,cnn1d,loso,Hagl - SWCC,29.28997,34.93002,01-11-2020 00:00,4228.7,5194.2421875,965.5421875000002,965.5421875000002,932271.7158422855,22.833073698772676,23.7,5.4,1018.4,6326.1,0.13866158349785554,50.6,1012.3
1410,20,cnn1d,loso,Hagl - SWCC,29.28997,34.93002,01-12-2020 00:00,3585.6,4600.7021484375,1015.1021484375001,1015.1021484375001,1030432.3717624284,28.31052399702979,21.0,5.4,1127.8,5298.5,0.17549756469508113,49.1,1014.0
1411,20,cnn1d,loso,Hagl - SWCC,29.28997,34.93002,01-01-2021 00:00,3970.8,4662.578125,691.7781249999998,691.7781249999998,478556.97422851535,17.421631031530165,19.8,5.7,1159.1,5757.5,0.16758233814301823,45.2,1015.0
1412,20,cnn1d,loso,Hagl - SWCC,29.28997,34.93002,01-02-2021 00:00,4891.3,5165.123046875,273.8230468749998,273.8230468749998,74979.06099990835,5.598165045591148,19.8,5.9,1226.0,6526.8,0.15813641523062635,49.4,1014.2
1413,20,cnn1d,loso,Hagl - SWCC,29.28997,34.93002,01-03-2021 00:00,6155.0,6250.775390625,95.775390625,95.775390625,9172.925449371338,1.5560583367181153,21.1,6.9,1819.4,6718.9,0.21308691425693643,46.2,1012.2
1414,20,cnn1d,loso,Hagl - SWCC,29.28997,34.93002,01-04-2021 00:00,7286.0,6618.3115234375,-667.6884765625,667.6884765625,445807.9017343521,9.163992266847378,24.8,6.5,1940.6,7505.9,0.2054305827555179,41.6,1010.7
1415,20,cnn1d,loso,Hagl - SWCC,29.28997,34.93002,01-05-2021 00:00,7801.4,6536.6484375,-1264.7515624999996,1264.7515624999996,1599596.5148461906,16.21185380188171,29.1,5.5,1874.0,8142.2,0.18709690301711226,41.3,1006.8
1416,20,cnn1d,loso,Hagl - SWCC,29.28997,34.93002,01-07-2021 00:00,7859.4,7193.947265625,-665.4527343749996,665.4527343749996,442827.3416871638,8.466966109054122,31.6,4.9,1346.5,9040.0,0.12963943580609444,47.4,1001.9
1417,20,cnn1d,loso,Hagl - SWCC,29.28997,34.93002,01-08-2021 00:00,7092.8,6828.05615234375,-264.7438476562502,264.7438476562502,70089.3048718358,3.732571729870435,32.2,5.0,1620.8,7617.8,0.17543783690169504,50.8,1003.0
1418,20,cnn1d,loso,Hagl - SWCC,29.28997,34.93002,01-09-2021 00:00,6335.6,5779.31298828125,-556.2870117187504,556.2870117187504,309455.2394069771,8.780336696110082,29.5,3.8,1365.9,7494.1,0.1541647855530474,53.8,1006.6
1419,20,cnn1d,loso,Hagl - SWCC,29.28997,34.93002,01-10-2021 00:00,5029.6,4223.642578125,-805.9574218750004,805.9574218750004,649567.3658753973,16.024284672240345,26.9,0.0,1368.1,6158.4,0.1817710755331163,55.8,1010.4
1420,20,cnn1d,loso,Hagl - SWCC,29.28997,34.93002,01-11-2021 00:00,4057.2,4037.2314453125,-19.968554687499818,19.968554687499818,398.743176307671,0.4921757539066307,24.3,0.0,1119.1,5762.7,0.16261733848702375,50.2,1012.2
1421,20,cnn1d,loso,Hagl - SWCC,29.28997,34.93002,01-12-2021 00:00,3391.2,4101.2197265625,710.0197265625002,710.0197265625002,504128.01210788754,20.937123335766106,19.7,0.0,1366.7,4299.0,0.2412235028328362,47.9,1014.6
309,21,cnn1d,loso,Hail - TVTC,27.65261,41.70826,01-01-2017 00:00,4169.5,4214.37646484375,44.87646484375,44.87646484375,2013.8970968723297,1.0763032700263822,12.2,3.4,1329.8,5620.2,0.19133812949640286,35.6,912.4
310,21,cnn1d,loso,Hail - TVTC,27.65261,41.70826,01-02-2017 00:00,5086.2,4986.21533203125,-99.98466796874982,99.98466796874982,9996.933828821146,1.9658029170844602,10.8,3.5,1599.7,6100.3,0.20775324675324675,28.4,912.7
311,21,cnn1d,loso,Hail - TVTC,27.65261,41.70826,01-03-2017 00:00,5446.5,5222.650390625,-223.849609375,223.849609375,50108.64761734009,4.1099717134857245,18.1,3.8,2366.2,4584.1,0.34044573615527385,28.3,908.3
312,21,cnn1d,loso,Hail - TVTC,27.65261,41.70826,01-04-2017 00:00,5863.9,6051.10107421875,187.20107421875036,187.20107421875036,35044.24218865408,3.192432923800719,23.9,4.0,2984.1,3896.2,0.4337165530572795,20.2,909.6
313,21,cnn1d,loso,Hail - TVTC,27.65261,41.70826,01-05-2017 00:00,6227.4,6458.03515625,230.63515625000036,230.63515625000036,53192.575298462085,3.703554553264611,29.0,3.4,3023.5,4219.2,0.41745481657392963,14.9,907.7
314,21,cnn1d,loso,Hail - TVTC,27.65261,41.70826,01-09-2017 00:00,6546.0,6726.7939453125,180.7939453125,180.7939453125,32686.45066165924,2.7618995617552704,32.6,3.0,2359.7,5922.3,0.28491910166626416,9.2,907.7
315,21,cnn1d,loso,Hail - TVTC,27.65261,41.70826,01-10-2017 00:00,5714.3,5905.68994140625,191.38994140624982,191.38994140624982,36630.10967148774,3.3493156013203684,26.8,3.1,1668.9,6630.7,0.2010819798544508,14.4,909.5
316,21,cnn1d,loso,Hail - TVTC,27.65261,41.70826,01-11-2017 00:00,4206.8,4263.3134765625,56.51347656249982,56.51347656249982,3193.7730331802163,1.3433839631667732,19.1,3.5,1758.8,4498.5,0.28107969891167117,37.9,911.7
317,21,cnn1d,loso,Hail - TVTC,27.65261,41.70826,01-03-2018 00:00,6241.9,6618.953125,377.05312500000036,377.05312500000036,142169.0590722659,6.040678719620635,22.4,3.5,2453.4,5651.8,0.30269456645116716,19.7,909.8
318,21,cnn1d,loso,Hail - TVTC,27.65261,41.70826,01-04-2018 00:00,6813.9,6191.17236328125,-622.7276367187496,622.7276367187496,387789.709533319,9.139078012867076,22.3,3.7,2866.1,5310.2,0.3505375292002495,31.2,907.1
319,21,cnn1d,loso,Hail - TVTC,27.65261,41.70826,01-05-2018 00:00,6997.7,6894.36474609375,-103.33525390624982,103.33525390624982,10678.174699869118,1.4767031153986283,27.9,3.5,3265.7,4853.3,0.4022293385884961,19.1,907.0
320,21,cnn1d,loso,Hail - TVTC,27.65261,41.70826,01-06-2018 00:00,8237.7,7987.9169921875,-249.78300781250073,249.78300781250073,62391.550991859796,3.032193546894166,32.6,3.2,2404.7,7785.7,0.23597699795886323,11.1,904.9
321,21,cnn1d,loso,Hail - TVTC,27.65261,41.70826,01-07-2018 00:00,8175.3,6919.86767578125,-1255.4323242187502,1255.4323242187502,1576110.3206932931,15.35640678897105,33.5,3.0,2293.6,7876.0,0.22553492762743862,11.3,903.1
322,21,cnn1d,loso,Hail - TVTC,27.65261,41.70826,01-09-2018 00:00,6236.9,5550.94580078125,-685.9541992187496,685.9541992187496,470533.1634258361,10.998319665518922,33.6,2.7,2592.3,5069.1,0.3383585245516485,10.2,907.7
323,21,cnn1d,loso,Hail - TVTC,27.65261,41.70826,01-11-2018 00:00,3453.8,3489.51171875,35.71171874999982,35.71171874999982,1275.3268560790887,1.033983402339447,16.0,3.4,1609.1,3496.3,0.3151760880636189,67.2,912.0
324,21,cnn1d,loso,Hail - TVTC,27.65261,41.70826,01-12-2018 00:00,3842.0,4085.74609375,243.74609375,243.74609375,59412.15821838379,6.344250227745965,14.2,3.7,1358.8,5098.9,0.21041547300122335,52.8,913.2
325,21,cnn1d,loso,Hail - TVTC,27.65261,41.70826,01-01-2019 00:00,3652.9,4089.60009765625,436.7000976562499,436.7000976562499,190706.9752929782,11.954887833125733,13.9,3.6,1815.2,3568.0,0.3371972061227523,39.3,911.7
326,21,cnn1d,loso,Hail - TVTC,27.65261,41.70826,01-02-2019 00:00,4848.6,4568.119140625,-280.48085937500036,280.48085937500036,78669.51247573872,5.7847803360764,13.5,3.5,1713.1,5424.7,0.24000392277732635,41.7,911.5
327,21,cnn1d,loso,Hail - TVTC,27.65261,41.70826,01-03-2019 00:00,6418.6,6630.439453125,211.83945312499964,211.83945312499964,44875.95390029892,3.3003996685414205,15.9,3.7,1872.9,7074.5,0.20932337885866287,27.6,909.2
328,21,cnn1d,loso,Hail - TVTC,27.65261,41.70826,01-04-2019 00:00,6834.9,6710.69091796875,-124.20908203124964,124.20908203124964,15427.8960590457,1.8172772393341474,20.7,3.5,2247.6,6405.1,0.2597570700474996,23.6,908.6
329,21,cnn1d,loso,Hail - TVTC,27.65261,41.70826,01-05-2019 00:00,6724.6,6894.16552734375,169.56552734374964,169.56552734374964,28752.468063363907,2.521570462834215,29.3,3.5,2655.1,5407.0,0.3293310675878493,14.8,907.8
330,21,cnn1d,loso,Hail - TVTC,27.65261,41.70826,01-07-2019 00:00,8184.0,7254.65625,-929.34375,929.34375,863679.8056640625,11.3556176686217,33.7,3.1,1864.7,8552.2,0.17900719023893863,10.2,903.2
331,21,cnn1d,loso,Hail - TVTC,27.65261,41.70826,01-08-2019 00:00,7644.2,7428.5029296875,-215.69707031249982,215.69707031249982,46525.22614139549,2.8217088814068156,33.2,3.3,1908.1,7915.6,0.1942343516190437,11.1,904.4
332,21,cnn1d,loso,Hail - TVTC,27.65261,41.70826,01-09-2019 00:00,6659.0,7349.76953125,690.76953125,690.76953125,477162.5453033447,10.373472462081395,33.0,3.0,2017.6,6718.7,0.23094445016769113,11.4,906.6
333,21,cnn1d,loso,Hail - TVTC,27.65261,41.70826,01-10-2019 00:00,5007.4,5220.4814453125,213.08144531250036,213.08144531250036,45403.702336464085,4.255331016345816,27.4,2.8,1944.4,4869.2,0.28537043559938946,24.9,909.9
334,21,cnn1d,loso,Hail - TVTC,27.65261,41.70826,01-11-2019 00:00,4172.4,4170.1357421875,-2.264257812499636,2.264257812499636,5.1268634414656375,0.05426751539880252,18.1,3.3,1514.5,4990.9,0.2328065914471055,44.6,911.9
335,21,cnn1d,loso,Hail - TVTC,27.65261,41.70826,01-12-2019 00:00,4280.9,4146.4443359375,-134.45566406249964,134.45566406249964,18078.325598487758,3.1408270238150773,13.8,3.0,973.4,6996.3,0.1221375961454007,39.3,912.0
336,21,cnn1d,loso,Hail - TVTC,27.65261,41.70826,01-01-2020 00:00,4555.6,4480.9228515625,-74.67714843750036,74.67714843750036,5576.676498756463,1.6392384853257607,10.4,3.3,1023.4,7158.7,0.1250779139829628,36.5,912.6
337,21,cnn1d,loso,Hail - TVTC,27.65261,41.70826,01-02-2020 00:00,5484.9,5354.0283203125,-130.87167968749964,130.87167968749964,17127.396544227504,2.3860358381647733,13.9,3.7,1484.5,7092.4,0.17308118317807134,33.9,911.9
338,21,cnn1d,loso,Hail - TVTC,27.65261,41.70826,01-03-2020 00:00,6371.4,6537.283203125,165.88320312500036,165.88320312500036,27517.23707901013,2.603559706265505,18.4,4.0,2168.0,6380.4,0.25361471152496373,26.2,908.6
339,21,cnn1d,loso,Hail - TVTC,27.65261,41.70826,01-04-2020 00:00,7199.2,7152.6396484375,-46.56035156249982,46.56035156249982,2167.866337623579,0.6467434098580372,22.9,3.9,2498.0,6482.3,0.2781644265781767,24.9,907.6
340,21,cnn1d,loso,Hail - TVTC,27.65261,41.70826,01-05-2020 00:00,7321.9,7149.185546875,-172.71445312499964,172.71445312499964,29830.282318267695,2.3588747883063093,28.9,3.6,2969.7,5666.2,0.3438784608436874,13.3,908.3
341,21,cnn1d,loso,Hail - TVTC,27.65261,41.70826,01-09-2020 00:00,6805.0,6905.71923828125,100.71923828125,100.71923828125,10144.364959955215,1.4800769769470976,32.5,2.8,1980.6,7021.5,0.22001532975639015,8.9,907.5
342,21,cnn1d,loso,Hail - TVTC,27.65261,41.70826,01-10-2020 00:00,5948.5,6019.43505859375,70.93505859375,70.93505859375,5031.782537698746,1.1924864855635875,25.6,2.5,1173.5,8055.1,0.1271590490431918,11.7,911.6
343,21,cnn1d,loso,Hail - TVTC,27.65261,41.70826,01-11-2020 00:00,4203.6,4374.1845703125,170.58457031249964,170.58457031249964,29099.09562870013,4.058059052062509,18.9,3.4,1584.9,4907.3,0.24412371769199961,43.5,911.6
344,21,cnn1d,loso,Hail - TVTC,27.65261,41.70826,01-12-2020 00:00,3597.5,3729.244873046875,131.744873046875,131.744873046875,17356.71157413721,3.6621229477936064,13.6,3.4,1356.6,4611.2,0.2273199504004826,52.0,913.3
345,21,cnn1d,loso,Hail - TVTC,27.65261,41.70826,01-01-2021 00:00,4205.5,4204.697265625,-0.802734375,0.802734375,0.6443824768066406,0.019087727380810843,13.0,3.3,1441.0,5379.0,0.21129032258064517,43.9,913.5
346,21,cnn1d,loso,Hail - TVTC,27.65261,41.70826,01-02-2021 00:00,4818.3,5113.26513671875,294.9651367187498,294.9651367187498,87004.43187951077,6.121767775330507,14.5,3.7,1657.8,5456.1,0.23303673090709734,41.7,912.1
347,21,cnn1d,loso,Hail - TVTC,27.65261,41.70826,01-03-2021 00:00,6358.1,5963.0712890625,-395.02871093750036,395.02871093750036,156047.6824649432,6.212999338442307,20.4,3.9,2499.7,5803.7,0.3010453549148541,20.8,909.7
348,21,cnn1d,loso,Hail - TVTC,27.65261,41.70826,01-04-2021 00:00,7385.1,7326.47314453125,-58.626855468750364,58.626855468750364,3437.1081821537446,0.7938532378539269,24.5,3.5,2608.9,6535.3,0.2853065331029505,15.1,910.1
349,21,cnn1d,loso,Hail - TVTC,27.65261,41.70826,01-05-2021 00:00,7637.6,7348.4150390625,-289.18496093750036,289.18496093750036,83627.94163242361,3.7863328917133696,30.6,3.2,2423.3,6979.4,0.25772384527848385,9.9,906.7
350,21,cnn1d,loso,Hail - TVTC,27.65261,41.70826,01-07-2021 00:00,7810.3,7560.71142578125,-249.58857421875018,249.58857421875018,62294.45638054857,3.195633640433148,35.4,3.1,2111.9,7682.1,0.2156320196038391,9.8,902.3
351,21,cnn1d,loso,Hail - TVTC,27.65261,41.70826,01-08-2021 00:00,7648.0,7574.20166015625,-73.79833984375,73.79833984375,5446.194963693619,0.9649364519318776,34.5,3.0,1929.6,7915.2,0.1960019502681619,8.7,904.5
352,21,cnn1d,loso,Hail - TVTC,27.65261,41.70826,01-09-2021 00:00,6641.5,6596.05029296875,-45.44970703125,45.44970703125,2065.6758692264557,0.6843289472445984,31.3,2.9,2018.3,6679.7,0.23204184870085076,13.4,906.8
353,21,cnn1d,loso,Hail - TVTC,27.65261,41.70826,01-10-2021 00:00,5596.1,5529.04052734375,-67.05947265625036,67.05947265625036,4496.972872934391,1.1983251310064216,27.8,3.1,1749.6,6239.5,0.21899838529997118,15.0,910.3
354,21,cnn1d,loso,Hail - TVTC,27.65261,41.70826,01-11-2021 00:00,4565.9,4886.99169921875,321.09169921875036,321.09169921875036,103099.87930718446,7.032385711880471,19.1,2.9,1364.3,6071.7,0.18347229693383538,28.5,912.3
586,22,cnn1d,loso,Jazan - University,16.96035,42.545865,01-01-2017 00:00,4845.9,5045.19384765625,199.29384765625036,199.29384765625036,39718.03771363273,4.112628152794122,26.4,2.8,1898.2,4808.7,0.28302196245657457,75.7,1013.9
587,22,cnn1d,loso,Jazan - University,16.96035,42.545865,01-02-2017 00:00,4480.2,5383.22900390625,903.0290039062502,903.0290039062502,815461.3818959144,20.155997587300796,26.6,3.1,2707.0,2575.1,0.5124855644535317,73.7,1013.3
588,22,cnn1d,loso,Jazan - University,16.96035,42.545865,01-09-2017 00:00,6127.2,5681.86767578125,-445.3323242187498,445.3323242187498,198320.87899407372,7.268121233495721,32.8,3.0,2719.6,4304.0,0.38720883877213963,70.6,1005.7
589,22,cnn1d,loso,Jazan - University,16.96035,42.545865,01-10-2017 00:00,5777.2,5673.11279296875,-104.08720703124982,104.08720703124982,10834.146667566261,1.8016895214160809,31.4,3.0,2056.1,5247.3,0.28152641235588904,71.2,1009.0
590,22,cnn1d,loso,Jazan - University,16.96035,42.545865,01-11-2017 00:00,4930.5,4536.74755859375,-393.75244140625,393.75244140625,155040.98511338234,7.9860549925210425,29.3,2.9,1890.4,4789.9,0.2829813032348847,68.3,1011.7
591,22,cnn1d,loso,Jazan - University,16.96035,42.545865,01-03-2018 00:00,6358.3,5871.7900390625,-486.5099609375002,486.5099609375002,236691.94209140795,7.651572919451743,28.2,3.0,2313.2,5432.7,0.29863540711860465,69.3,1010.3
592,22,cnn1d,loso,Jazan - University,16.96035,42.545865,01-04-2018 00:00,6438.9,6617.67333984375,178.77333984375036,178.77333984375036,31959.90703888906,2.7764577776289485,30.8,3.2,2756.7,4729.8,0.3682228010418753,67.3,1007.8
593,22,cnn1d,loso,Jazan - University,16.96035,42.545865,01-05-2018 00:00,6626.3,6562.26708984375,-64.03291015625018,64.03291015625018,4100.213583078407,0.9663448705348412,32.2,3.1,3065.2,4422.6,0.4093592243382569,65.3,1005.9
594,22,cnn1d,loso,Jazan - University,16.96035,42.545865,01-06-2018 00:00,5771.5,6109.5126953125,338.0126953125,338.0126953125,114252.58219242096,5.856583129385775,33.4,3.4,3795.9,2355.7,0.6170589765264322,64.7,1003.3
595,22,cnn1d,loso,Jazan - University,16.96035,42.545865,01-07-2018 00:00,5564.3,6285.55517578125,721.2551757812498,721.2551757812498,520209.0285912416,12.96219067593857,33.6,3.1,3912.7,1901.7,0.6729327187671987,62.7,1003.3
596,22,cnn1d,loso,Jazan - University,16.96035,42.545865,01-08-2018 00:00,5592.4,6253.33935546875,660.9393554687504,660.9393554687504,436840.8316074472,11.818527921263687,33.1,0.9,3454.5,2489.2,0.5812036273701566,66.9,1003.9
597,22,cnn1d,loso,Jazan - University,16.96035,42.545865,01-09-2018 00:00,6013.7,5573.685546875,-440.0144531249998,440.0144531249998,193612.71895889266,7.316867371584879,33.1,0.2,2776.4,4092.0,0.40422805893657915,68.8,1006.0
598,22,cnn1d,loso,Jazan - University,16.96035,42.545865,01-10-2018 00:00,5312.8,5094.68408203125,-218.11591796875018,218.11591796875018,47574.55367135056,4.105479558213187,31.0,0.0,2103.8,4681.1,0.3100708927176524,69.3,1009.9
599,22,cnn1d,loso,Jazan - University,16.96035,42.545865,01-01-2019 00:00,4555.0,4458.00048828125,-96.99951171875,96.99951171875,9408.905273675919,2.129517271542261,26.5,0.0,2345.3,3542.5,0.3983321444342539,75.3,1014.3
600,22,cnn1d,loso,Jazan - University,16.96035,42.545865,01-02-2019 00:00,5009.4,4860.0751953125,-149.32480468749964,149.32480468749964,22297.897294959912,2.980892016758487,27.1,0.0,2780.7,3202.9,0.46472023530984685,72.5,1012.8
601,22,cnn1d,loso,Jazan - University,16.96035,42.545865,01-03-2019 00:00,5803.7,5614.44775390625,-189.25224609374982,189.25224609374982,35816.412651529245,3.2608895376010105,28.0,0.0,2850.6,3932.9,0.42022554728385053,69.4,1011.3
602,22,cnn1d,loso,Jazan - University,16.96035,42.545865,01-04-2019 00:00,6218.7,6322.11328125,103.41328125000018,103.41328125000018,10694.306738891639,1.662940506054323,30.3,0.0,2973.3,4159.3,0.41686061183860024,69.9,1008.8
603,22,cnn1d,loso,Jazan - University,16.96035,42.545865,01-05-2019 00:00,6336.4,6411.75830078125,75.35830078125036,75.35830078125036,5678.8734966373995,1.1892920393480582,32.9,0.0,2598.0,4736.9,0.35419705790126654,58.4,1007.0
604,22,cnn1d,loso,Jazan - University,16.96035,42.545865,01-06-2019 00:00,5858.4,5995.1552734375,136.75527343750036,136.75527343750036,18702.004812965493,2.3343451016915946,33.8,0.0,3270.2,3108.3,0.5126910715685505,66.0,1003.7
605,22,cnn1d,loso,Jazan - University,16.96035,42.545865,01-07-2019 00:00,5692.1,6068.44677734375,376.34677734374964,376.34677734374964,141636.89681702587,6.6117386789365895,33.8,0.0,3737.2,2264.7,0.6226694879954681,62.9,1002.2
606,22,cnn1d,loso,Jazan - University,16.96035,42.545865,01-08-2019 00:00,5297.0,6076.4091796875,779.4091796875,779.4091796875,607478.6693811417,14.714162350151028,32.4,0.0,3286.6,2389.9,0.5789835285827535,67.5,1004.8
607,22,cnn1d,loso,Jazan - University,16.96035,42.545865,01-09-2019 00:00,5832.6,5913.21826171875,80.61826171874964,80.61826171874964,6499.304122552813,1.3822011061747699,32.5,0.0,2756.8,3856.2,0.41687585059730836,68.1,1004.9
608,22,cnn1d,loso,Jazan - University,16.96035,42.545865,01-10-2019 00:00,5463.7,4871.80078125,-591.8992187499998,591.8992187499998,350344.68515686016,10.833303782235479,30.9,0.0,1948.9,4979.8,0.28127931646629234,65.4,1009.4
609,22,cnn1d,loso,Jazan - University,16.96035,42.545865,01-11-2019 00:00,4841.9,4925.31298828125,83.41298828125036,83.41298828125036,6957.72661400801,1.7227325694717026,29.3,0.0,1881.3,4659.0,0.2876473556258887,63.9,1010.6
610,22,cnn1d,loso,Jazan - University,16.96035,42.545865,01-12-2019 00:00,4326.8,4454.875,128.07499999999982,128.07499999999982,16403.205624999955,2.9600397522418374,27.8,0.0,1920.6,4072.9,0.320447151080337,60.2,1012.5
611,22,cnn1d,loso,Jazan - University,16.96035,42.545865,01-01-2020 00:00,4546.7,4508.48291015625,-38.21708984374982,38.21708984374982,1460.5459561252455,0.8405456670497244,26.3,0.3,1938.8,4213.2,0.31514954486345903,62.6,1014.6
612,22,cnn1d,loso,Jazan - University,16.96035,42.545865,01-02-2020 00:00,4908.3,4587.08349609375,-321.2165039062502,321.2165039062502,103180.04238175404,6.544353521713224,26.8,3.2,2796.9,3092.3,0.4749201928954696,63.9,1013.8
613,22,cnn1d,loso,Jazan - University,16.96035,42.545865,01-03-2020 00:00,5625.9,5076.3916015625,-549.5083984374996,549.5083984374996,301959.47995334584,9.767475398380698,28.1,3.3,2985.8,3471.4,0.4623985628445766,64.9,1010.4
614,22,cnn1d,loso,Jazan - University,16.96035,42.545865,01-04-2020 00:00,6391.6,6636.29296875,244.69296874999964,244.69296874999964,59874.648955688295,3.828352349177039,30.8,3.3,2487.2,5109.0,0.32742687133040205,66.0,1008.9
615,22,cnn1d,loso,Jazan - University,16.96035,42.545865,01-09-2020 00:00,5985.6,5761.82470703125,-223.77529296875036,223.77529296875036,50075.38174325006,3.738560761974578,32.7,2.6,2576.3,4338.2,0.37259382457155255,68.5,1004.8
616,22,cnn1d,loso,Jazan - University,16.96035,42.545865,01-10-2020 00:00,5765.0,5090.66796875,-674.33203125,674.33203125,454723.688369751,11.696999674761493,31.4,2.7,1720.7,5828.1,0.2279435142009326,66.3,1009.0
617,22,cnn1d,loso,Jazan - University,16.96035,42.545865,01-11-2020 00:00,4773.8,4822.5478515625,48.74785156249982,48.74785156249982,2376.353031959516,1.0211540400205248,29.5,2.8,1916.2,4469.8,0.3000626370184779,69.0,1011.9
618,22,cnn1d,loso,Jazan - University,16.96035,42.545865,01-12-2020 00:00,4470.6,4433.09228515625,-37.507714843750364,37.507714843750364,1406.8286728000915,0.8389861504887568,27.6,2.6,1809.1,4512.5,0.28617754998734496,68.5,1013.1
619,22,cnn1d,loso,Jazan - University,16.96035,42.545865,01-01-2021 00:00,4567.8,4772.392578125,204.59257812499982,204.59257812499982,41858.12302383415,4.4790178669162355,25.9,2.5,2039.8,4135.8,0.3302998898892415,67.5,1013.5
620,22,cnn1d,loso,Jazan - University,16.96035,42.545865,01-02-2021 00:00,4771.7,4708.7626953125,-62.93730468749982,62.93730468749982,3961.1043213271864,1.3189702765785742,26.2,2.8,2167.7,3835.3,0.3611027819423621,66.7,1012.9
621,22,cnn1d,loso,Jazan - University,16.96035,42.545865,01-03-2021 00:00,6135.9,6151.01025390625,15.110253906250364,15.110253906250364,228.31977311135438,0.24625978106309368,28.4,2.7,2459.1,4951.1,0.3318533912714906,66.9,1010.2
622,22,cnn1d,loso,Jazan - University,16.96035,42.545865,01-04-2021 00:00,6471.7,6307.52734375,-164.17265624999982,164.17265624999982,26952.661060180606,2.5367779138402557,30.2,2.8,2649.0,4894.8,0.3511492881571622,65.2,1008.9
623,22,cnn1d,loso,Jazan - University,16.96035,42.545865,01-05-2021 00:00,6409.8,6386.71875,-23.081250000000182,23.081250000000182,532.7441015625084,0.3600931386314734,32.3,2.6,2731.9,4649.9,0.37008588691105154,66.1,1006.3
624,22,cnn1d,loso,Jazan - University,16.96035,42.545865,01-07-2021 00:00,5168.4,5541.90283203125,373.50283203125036,373.50283203125036,139504.36553536443,7.226662642814999,33.0,3.2,3252.6,2258.3,0.5902121250612423,65.4,1002.7
625,22,cnn1d,loso,Jazan - University,16.96035,42.545865,01-08-2021 00:00,5508.7,5584.1533203125,75.45332031250018,75.45332031250018,5693.203546180753,1.3697119159239055,33.2,2.6,3038.2,2985.1,0.5044078827220959,70.0,1003.7
626,22,cnn1d,loso,Jazan - University,16.96035,42.545865,01-09-2021 00:00,5653.7,5560.58837890625,-93.11162109374982,93.11162109374982,8669.773982706036,1.6469147831287445,32.9,2.0,2713.4,3697.1,0.42327431557600814,69.5,1004.7
627,22,cnn1d,loso,Jazan - University,16.96035,42.545865,01-10-2021 00:00,5472.3,5030.7509765625,-441.5490234375002,441.5490234375002,194965.54009861007,8.068801480867279,31.5,0.3,2142.3,4702.2,0.31299583607275916,70.3,1008.9
628,22,cnn1d,loso,Jazan - University,16.96035,42.545865,01-11-2021 00:00,4887.3,4636.751953125,-250.54804687500018,250.54804687500018,62774.32379287729,5.126512529924502,29.7,0.0,1707.7,5022.5,0.2537368874624826,68.8,1011.3
629,22,cnn1d,loso,Jazan - University,16.96035,42.545865,01-12-2021 00:00,4518.0,4330.24658203125,-187.75341796875,187.75341796875,35251.345958948135,4.155675475182603,27.5,0.0,1608.2,4876.1,0.24801443486575267,70.3,1013.5
1603,23,cnn1d,loso,Jeddah - KAU,21.49604,39.24492,01-01-2017 00:00,4179.9,4374.4140625,194.51406250000036,194.51406250000036,37835.72051025405,4.653557800425856,25.6,3.4,1566.2,4609.3,0.2536150918953931,80.0,1007.6
1604,23,cnn1d,loso,Jeddah - KAU,21.49604,39.24492,01-02-2017 00:00,4052.3,4880.7265625,828.4265624999998,828.4265624999998,686290.5694555661,20.443367038471973,24.8,4.4,2134.6,2999.4,0.41577717179587065,63.8,1007.1
1605,23,cnn1d,loso,Jeddah - KAU,21.49604,39.24492,01-03-2017 00:00,5072.3,5708.671875,636.3718749999998,636.3718749999998,404969.1632910154,12.54602202156812,26.8,4.1,2542.8,3507.3,0.4202905737095255,72.5,1003.5
1606,23,cnn1d,loso,Jeddah - KAU,21.49604,39.24492,01-04-2017 00:00,5700.8,5824.275390625,123.47539062499982,123.47539062499982,15246.172089996293,2.1659309329392333,30.9,4.2,2830.8,3692.8,0.4339321846833037,60.5,1002.2
1607,23,cnn1d,loso,Jeddah - KAU,21.49604,39.24492,01-05-2017 00:00,6236.0,6462.310546875,226.310546875,226.310546875,51216.46362686157,3.62909792936177,33.5,4.2,2791.6,4368.0,0.3899100508408291,55.1,1000.6
1608,23,cnn1d,loso,Jeddah - KAU,21.49604,39.24492,01-06-2017 00:00,6628.0,6550.72412109375,-77.27587890625,77.27587890625,5971.561460733414,1.1659004059482498,33.7,3.9,2515.2,5244.5,0.32413624238050437,65.0,996.9
1609,23,cnn1d,loso,Jeddah - KAU,21.49604,39.24492,01-09-2017 00:00,5981.7,6053.560546875,71.86054687500018,71.86054687500018,5163.938197174099,1.2013398678469362,33.9,3.6,2723.3,4310.0,0.3872008872079963,77.9,998.8
1610,23,cnn1d,loso,Jeddah - KAU,21.49604,39.24492,01-10-2017 00:00,5562.0,5761.64892578125,199.64892578125,199.64892578125,39859.69356560707,3.5895168245460267,31.4,3.6,1835.5,5582.8,0.24742865616111506,85.1,1002.5
1611,23,cnn1d,loso,Jeddah - KAU,21.49604,39.24492,01-11-2017 00:00,4469.3,4705.44775390625,236.14775390624982,236.14775390624982,55765.76167496673,5.283774951474499,29.2,3.3,1802.6,4521.0,0.28505914352583966,83.0,1005.0
1612,23,cnn1d,loso,Jeddah - KAU,21.49604,39.24492,01-03-2018 00:00,6348.6,6381.88720703125,33.287207031249636,33.287207031249636,1108.0381519412751,0.5243235836444198,28.5,3.3,2259.9,5876.0,0.2777689007976991,50.1,1003.6
1613,23,cnn1d,loso,Jeddah - KAU,21.49604,39.24492,01-04-2018 00:00,6918.0,6914.4306640625,-3.5693359375,3.5693359375,12.740159034729004,0.05159491092078636,29.7,3.7,2655.6,5662.2,0.3192671139003102,46.4,1001.4
1614,23,cnn1d,loso,Jeddah - KAU,21.49604,39.24492,01-05-2018 00:00,7145.1,7297.1884765625,152.08847656249964,152.08847656249964,23130.904703102,2.1285703008005434,33.4,4.0,3077.0,5216.1,0.37103133930617016,40.2,999.3
1615,23,cnn1d,loso,Jeddah - KAU,21.49604,39.24492,01-06-2018 00:00,7049.4,7256.3203125,206.92031250000036,206.92031250000036,42816.01572509781,2.935289705506857,33.9,4.2,3198.7,4900.1,0.39495974712303056,46.2,997.1
1616,23,cnn1d,loso,Jeddah - KAU,21.49604,39.24492,01-07-2018 00:00,6883.0,7081.2509765625,198.2509765625,198.2509765625,39303.449707984924,2.880298947588261,34.7,3.8,3023.7,4886.1,0.38227262383372523,44.2,997.2
1617,23,cnn1d,loso,Jeddah - KAU,21.49604,39.24492,01-08-2018 00:00,6584.6,6506.63134765625,-77.96865234375036,77.96865234375036,6079.110748300609,1.1841061316367032,34.5,4.1,2592.3,5172.4,0.3338570711038418,50.0,997.4
1618,23,cnn1d,loso,Jeddah - KAU,21.49604,39.24492,01-09-2018 00:00,5723.0,6005.91748046875,282.91748046875,282.91748046875,80042.30075478554,4.943517044709942,33.4,3.0,3065.4,3435.0,0.47157098024736943,64.1,998.9
1619,23,cnn1d,loso,Jeddah - KAU,21.49604,39.24492,01-10-2018 00:00,5027.9,5308.68310546875,280.78310546875036,280.78310546875036,78839.15231667539,5.584500596049054,31.3,2.8,2094.4,4373.8,0.32379951145604646,61.2,1003.1
1620,23,cnn1d,loso,Jeddah - KAU,21.49604,39.24492,01-11-2018 00:00,3939.4,4079.02197265625,139.6219726562499,139.6219726562499,19494.295248422597,3.5442446224361555,27.7,2.9,1792.8,3701.1,0.3263255610768307,58.3,1005.1
1621,23,cnn1d,loso,Jeddah - KAU,21.49604,39.24492,01-12-2018 00:00,3797.9,3921.4248046875,123.52480468749991,123.52480468749991,15258.377373084999,3.2524501616024617,25.7,3.7,1753.3,3762.9,0.31784561836046554,62.6,1007.5
1622,23,cnn1d,loso,Jeddah - KAU,21.49604,39.24492,01-01-2019 00:00,3970.1,3991.093994140625,20.99399414062509,20.99399414062509,440.74778997660064,0.5288026533494141,25.1,3.4,2042.4,3345.4,0.37907865919299155,65.3,1007.5
1623,23,cnn1d,loso,Jeddah - KAU,21.49604,39.24492,01-02-2019 00:00,4629.8,4631.4716796875,1.671679687499818,1.671679687499818,2.7945129775994895,0.03610695251414355,25.0,4.1,2151.7,3871.2,0.35725315047568446,56.0,1006.5
1624,23,cnn1d,loso,Jeddah - KAU,21.49604,39.24492,01-03-2019 00:00,6041.3,6051.064453125,9.764453124999818,9.764453124999818,95.34454483031871,0.16162834365119788,25.1,4.4,2348.2,5361.8,0.3045654993514915,51.9,1005.3
1625,23,cnn1d,loso,Jeddah - KAU,21.49604,39.24492,01-04-2019 00:00,6618.6,6608.3994140625,-10.200585937500364,10.200585937500364,104.05195346833018,0.1541199942208377,28.6,3.8,2576.9,5463.5,0.3204940052733695,49.1,1002.5
1626,23,cnn1d,loso,Jeddah - KAU,21.49604,39.24492,01-05-2019 00:00,6524.3,6659.857421875,135.55742187499982,135.55742187499982,18375.81462539668,2.0777312796008736,33.6,2.6,2746.2,4804.7,0.3636917453548584,43.8,1000.3
1627,23,cnn1d,loso,Jeddah - KAU,21.49604,39.24492,01-06-2019 00:00,6589.8,6537.6220703125,-52.17792968750018,52.17792968750018,2722.536346473713,0.7917983806412969,34.9,4.5,3057.6,4456.4,0.40692041522491346,43.8,997.4
1628,23,cnn1d,loso,Jeddah - KAU,21.49604,39.24492,01-07-2019 00:00,6880.8,6764.22119140625,-116.57880859375018,116.57880859375018,13590.618613138242,1.694262419976604,34.9,4.2,2642.1,5472.3,0.3256063294883171,43.7,996.2
1629,23,cnn1d,loso,Jeddah - KAU,21.49604,39.24492,01-08-2019 00:00,6475.4,6029.80615234375,-445.59384765624964,445.59384765624964,198553.877069101,6.8813331632987875,34.1,3.7,2437.3,5252.1,0.31696881421177203,54.8,998.0
1630,23,cnn1d,loso,Jeddah - KAU,21.49604,39.24492,01-09-2019 00:00,5790.5,5830.84375,40.34375,40.34375,1627.6181640625,0.6967230809083844,32.9,3.7,2502.0,4294.4,0.36813607203813786,61.3,998.2
1631,23,cnn1d,loso,Jeddah - KAU,21.49604,39.24492,01-10-2019 00:00,5083.3,5919.2763671875,835.9763671874998,835.9763671874998,698856.4864960095,16.445544571193903,31.6,2.7,2204.6,4315.5,0.3381236484103004,62.8,1002.5
1632,23,cnn1d,loso,Jeddah - KAU,21.49604,39.24492,01-11-2019 00:00,4252.7,4399.4296875,146.72968750000018,146.72968750000018,21529.60119384771,3.450271298234067,29.2,2.8,1605.0,4497.7,0.2629983449948384,59.6,1003.8
1633,23,cnn1d,loso,Jeddah - KAU,21.49604,39.24492,01-12-2019 00:00,4059.6,4490.42578125,430.8257812500001,430.8257812500001,185610.85378967292,10.612518012858411,25.7,4.0,1565.7,4614.5,0.25334131581502217,57.4,1006.5
1634,23,cnn1d,loso,Jeddah - KAU,21.49604,39.24492,01-01-2020 00:00,4583.7,4677.361328125,93.66132812500018,93.66132812500018,8772.44438613895,2.0433564178502124,22.6,4.4,1415.2,5733.1,0.1979771414182393,52.3,1009.2
1635,23,cnn1d,loso,Jeddah - KAU,21.49604,39.24492,01-02-2020 00:00,4780.0,5223.07080078125,443.07080078125,443.07080078125,196311.73450493813,9.269263614670502,23.9,3.9,2208.5,4053.1,0.35270537881691577,58.5,1007.7
1636,23,cnn1d,loso,Jeddah - KAU,21.49604,39.24492,01-03-2020 00:00,5935.3,6647.12109375,711.8210937499998,711.8210937499998,506689.26950744604,11.99300951510454,25.7,4.0,2378.5,4998.4,0.32242540904716077,57.1,1003.9
1637,23,cnn1d,loso,Jeddah - KAU,21.49604,39.24492,01-04-2020 00:00,6537.0,6851.517578125,314.517578125,314.517578125,98921.30694961548,4.811344318877161,28.2,3.3,2184.2,5974.0,0.26773062685396287,54.4,1002.7
1638,23,cnn1d,loso,Jeddah - KAU,21.49604,39.24492,01-05-2020 00:00,6427.6,7147.490234375,719.8902343749996,719.8902343749996,518241.9495484919,11.199984976896502,31.9,3.8,2462.4,5198.2,0.3214369631621544,48.8,1000.7
1639,23,cnn1d,loso,Jeddah - KAU,21.49604,39.24492,01-09-2020 00:00,5847.3,5997.06201171875,149.76201171874982,149.76201171874982,22428.660154046956,2.561216488272362,34.2,2.7,2430.1,4579.5,0.3466816936772426,60.5,997.6
1640,23,cnn1d,loso,Jeddah - KAU,21.49604,39.24492,01-10-2020 00:00,5407.9,5626.45263671875,218.55263671875036,218.55263671875036,47765.25501671807,4.0413586922604035,32.3,2.3,1707.8,5708.9,0.23026413364434317,52.5,1002.1
1641,23,cnn1d,loso,Jeddah - KAU,21.49604,39.24492,01-11-2020 00:00,4208.8,4566.7470703125,357.9470703124998,357.9470703124998,128126.10514530168,8.504729859164128,28.5,3.4,1550.9,4592.0,0.25247033160233767,64.0,1005.1
1642,23,cnn1d,loso,Jeddah - KAU,21.49604,39.24492,01-12-2020 00:00,3885.5,4333.64306640625,448.14306640625,448.14306640625,200832.2079679966,11.53372967201776,26.5,3.1,1687.9,4103.0,0.29147455490510976,60.3,1006.3
1643,23,cnn1d,loso,Jeddah - KAU,21.49604,39.24492,01-01-2021 00:00,4281.3,4842.5439453125,561.2439453124998,561.2439453124998,314994.76614994026,13.109194527655147,25.4,3.3,1719.6,4525.4,0.2753562850280224,61.7,1006.7
1644,23,cnn1d,loso,Jeddah - KAU,21.49604,39.24492,01-02-2021 00:00,4820.6,5061.87890625,241.27890624999964,241.27890624999964,58215.51060119611,5.005163387337668,24.7,3.7,1769.2,4875.9,0.26624129057501017,60.2,1006.5
1645,23,cnn1d,loso,Jeddah - KAU,21.49604,39.24492,01-09-2021 00:00,5596.1,5654.115234375,58.015234374999636,58.015234374999636,3365.7674195861396,1.0367083214202681,32.6,4.0,2585.6,3944.4,0.3959571209800919,66.2,998.3
1646,23,cnn1d,loso,Jeddah - KAU,21.49604,39.24492,01-10-2021 00:00,5173.6,5483.92431640625,310.32431640624964,310.32431640624964,96301.18135300613,5.998227856932303,30.9,0.7,1797.1,5048.1,0.26253433062584,69.1,1002.3
1647,23,cnn1d,loso,Jeddah - KAU,21.49604,39.24492,01-11-2021 00:00,4184.6,4507.7099609375,323.10996093749964,323.10996093749964,104400.04685703255,7.721406130514258,28.4,0.0,1386.1,4797.1,0.22417194979945654,67.6,1004.8
1648,23,cnn1d,loso,Jeddah - KAU,21.49604,39.24492,01-12-2021 00:00,3625.7,4015.60546875,389.9054687500002,389.9054687500002,152026.27456115736,10.75393630885071,26.1,0.0,1689.8,3558.4,0.32197705880111277,66.8,1007.0
41,24,cnn1d,loso,Layla - TVTC,22.27948,46.73319,01-01-2017 00:00,4876.1,4564.07958984375,-312.02041015625036,312.02041015625036,97356.7363540747,6.398974798635186,18.6,2.3,1507.6,6091.5,0.19839191483201957,32.7,954.8
42,24,cnn1d,loso,Layla - TVTC,22.27948,46.73319,01-02-2017 00:00,4616.1,4270.94482421875,-345.15517578125036,345.15517578125036,119132.09536858584,7.477203175434899,16.9,2.5,2531.8,3249.8,0.4379064618790646,44.6,955.1
43,24,cnn1d,loso,Layla - TVTC,22.27948,46.73319,01-03-2017 00:00,5561.4,5517.0009765625,-44.399023437499636,44.399023437499636,1971.273282203642,0.7983425654960916,24.2,2.9,2994.1,3519.2,0.4596901724164402,42.2,949.9
44,24,cnn1d,loso,Layla - TVTC,22.27948,46.73319,01-04-2017 00:00,7234.4,7006.2158203125,-228.18417968749964,228.18417968749964,52068.01985965712,3.154154866851427,30.7,2.5,2940.1,5645.8,0.3424335247324101,18.9,949.4
45,24,cnn1d,loso,Layla - TVTC,22.27948,46.73319,01-05-2017 00:00,7183.5,7068.38916015625,-115.11083984375,115.11083984375,13250.505449533463,1.602433908871024,35.5,2.4,3519.0,4607.1,0.43304906412670285,17.6,946.3
46,24,cnn1d,loso,Layla - TVTC,22.27948,46.73319,01-06-2017 00:00,7708.1,7625.3525390625,-82.74746093750036,82.74746093750036,6847.142291603149,1.073513069855092,37.8,2.7,3129.9,5882.6,0.3472843273231623,9.8,942.4
47,24,cnn1d,loso,Layla - TVTC,22.27948,46.73319,01-09-2017 00:00,7081.8,7147.9521484375,66.15214843749982,66.15214843749982,4376.10674289701,0.9341148922237258,35.2,2.3,2113.6,6908.4,0.23427178009310573,12.0,945.2
48,24,cnn1d,loso,Layla - TVTC,22.27948,46.73319,01-10-2017 00:00,6346.5,6373.51171875,27.01171875,27.01171875,729.6329498291016,0.42561598912786575,30.2,2.1,1599.1,7406.4,0.1775692632280273,17.5,950.2
49,24,cnn1d,loso,Layla - TVTC,22.27948,46.73319,01-11-2017 00:00,5221.3,4990.77392578125,-230.52607421875018,230.52607421875018,53142.270894708716,4.415108770205699,23.5,2.0,1532.9,6449.1,0.1920446003507893,33.0,953.4
50,24,cnn1d,loso,Layla - TVTC,22.27948,46.73319,01-03-2018 00:00,6698.7,6371.8134765625,-326.8865234374998,326.8865234374998,106854.79920505511,4.879850171488495,25.9,2.6,2424.9,6159.7,0.28247093632784287,22.2,950.9
51,24,cnn1d,loso,Layla - TVTC,22.27948,46.73319,01-04-2018 00:00,6787.2,6934.310546875,147.11054687500018,147.11054687500018,21641.513001861626,2.1674703393888524,28.6,3.1,3720.5,3832.4,0.49259224933469264,30.9,948.0
52,24,cnn1d,loso,Layla - TVTC,22.27948,46.73319,01-05-2018 00:00,7406.8,7203.681640625,-203.11835937500018,203.11835937500018,41257.06791519172,2.7423227220257083,33.3,2.8,3444.5,5047.0,0.40564093505269977,17.9,946.1
53,24,cnn1d,loso,Layla - TVTC,22.27948,46.73319,01-06-2018 00:00,7584.6,7453.45849609375,-131.14150390625036,131.14150390625036,17198.094046793078,1.7290497047471236,37.8,2.6,3746.8,4811.7,0.4377869953847053,12.2,941.7
54,24,cnn1d,loso,Layla - TVTC,22.27948,46.73319,01-07-2018 00:00,7466.0,7587.1220703125,121.1220703125,121.1220703125,14670.555916786194,1.6223154341347443,38.9,2.7,3551.7,4934.3,0.41853641291539,10.9,939.0
55,24,cnn1d,loso,Layla - TVTC,22.27948,46.73319,01-08-2018 00:00,7273.2,6997.7255859375,-275.4744140624998,275.4744140624998,75886.1528030776,3.7875270041041054,38.0,2.8,3072.9,5420.4,0.36180283282116493,13.1,940.5
56,24,cnn1d,loso,Layla - TVTC,22.27948,46.73319,01-09-2018 00:00,6883.2,7001.8212890625,118.62128906250018,118.62128906250018,14071.010218849226,1.7233450874956442,36.0,2.4,2311.1,6303.5,0.2682771109511759,14.7,945.1
57,24,cnn1d,loso,Layla - TVTC,22.27948,46.73319,01-10-2018 00:00,5925.0,5636.14208984375,-288.85791015625,288.85791015625,83438.8922598362,4.875238989978903,29.4,2.3,1934.9,6075.4,0.24155150244060775,29.1,951.2
58,24,cnn1d,loso,Layla - TVTC,22.27948,46.73319,01-11-2018 00:00,4780.8,4696.87841796875,-83.92158203125018,83.92158203125018,7042.831930627854,1.7553878436924821,23.6,2.7,1932.0,4908.4,0.28243962341383544,41.1,953.2
59,24,cnn1d,loso,Layla - TVTC,22.27948,46.73319,01-12-2018 00:00,4692.0,4323.080078125,-368.919921875,368.919921875,136101.9087562561,7.862743432971015,19.0,2.2,1472.6,6052.0,0.19570475507003693,45.1,955.5
60,24,cnn1d,loso,Layla - TVTC,22.27948,46.73319,01-01-2019 00:00,4759.5,4648.275390625,-111.224609375,111.224609375,12370.913730621338,2.3368969298245617,18.4,2.5,2151.3,4667.5,0.31549539508417906,34.2,955.3
61,24,cnn1d,loso,Layla - TVTC,22.27948,46.73319,01-02-2019 00:00,5422.8,5139.80126953125,-282.9987304687502,282.9987304687502,80088.28144692432,5.2186827924457875,19.4,2.8,2465.4,4623.9,0.3477635309551014,32.3,953.5
62,24,cnn1d,loso,Layla - TVTC,22.27948,46.73319,01-03-2019 00:00,6304.4,6232.88525390625,-71.51474609374964,71.51474609374964,5114.358908853479,1.134362446763366,22.9,2.7,3166.7,4375.8,0.4198475306595956,24.4,950.8
63,24,cnn1d,loso,Layla - TVTC,22.27948,46.73319,01-04-2019 00:00,6610.5,6192.78662109375,-417.71337890625,417.71337890625,174484.46691727638,6.3189377340027235,27.4,2.4,3325.2,4240.9,0.4394866575910971,33.1,949.0
64,24,cnn1d,loso,Layla - TVTC,22.27948,46.73319,01-05-2019 00:00,6704.8,6639.9287109375,-64.87128906250018,64.87128906250018,4208.284144630456,0.9675350355342468,33.6,2.4,3436.5,4137.9,0.4536993029150824,20.8,947.0
65,24,cnn1d,loso,Layla - TVTC,22.27948,46.73319,01-06-2019 00:00,7413.6,7252.16943359375,-161.43056640625036,161.43056640625036,26059.82777024281,2.1774922629525513,38.1,2.4,2893.3,5815.2,0.33223861744272837,11.8,942.6
66,24,cnn1d,loso,Layla - TVTC,22.27948,46.73319,01-07-2019 00:00,7562.4,7297.64208984375,-264.75791015624964,264.75791015624964,70096.75099030476,3.5009773373036293,38.7,2.7,3026.4,5803.0,0.3427639477201169,11.6,939.5
67,24,cnn1d,loso,Layla - TVTC,22.27948,46.73319,01-08-2019 00:00,7529.1,7688.3447265625,159.24472656249964,159.24472656249964,25358.882937965278,2.1150566012205925,38.0,2.3,2532.8,6574.1,0.27811878905006093,12.1,941.0
68,24,cnn1d,loso,Layla - TVTC,22.27948,46.73319,01-09-2019 00:00,6903.7,7107.5888671875,203.88886718750018,203.88886718750018,41570.67016300209,2.9533274503165,35.5,2.4,2127.3,6621.3,0.24315890542486798,16.9,944.7
69,24,cnn1d,loso,Layla - TVTC,22.27948,46.73319,01-10-2019 00:00,6062.9,6086.85791015625,23.957910156250364,23.957910156250364,573.9814590549644,0.39515595105065837,30.9,2.0,1746.7,6659.7,0.2077821659687857,21.8,949.6
70,24,cnn1d,loso,Layla - TVTC,22.27948,46.73319,01-11-2019 00:00,4899.4,4440.1533203125,-459.24667968749964,459.24667968749964,210907.5128039929,9.373528997173116,22.7,2.0,1723.7,5485.0,0.23911384854412032,41.9,953.3
71,24,cnn1d,loso,Layla - TVTC,22.27948,46.73319,01-12-2019 00:00,4472.2,4379.4443359375,-92.75566406249982,92.75566406249982,8603.613215675321,2.0740499991614825,18.8,2.3,1374.2,5895.9,0.18902078375813264,43.1,954.4
72,24,cnn1d,loso,Layla - TVTC,22.27948,46.73319,01-01-2020 00:00,5040.7,4906.271484375,-134.42851562499982,134.42851562499982,18071.02581314082,2.6668620553692906,16.3,2.4,1473.9,6498.5,0.18487531985349456,35.5,955.1
73,24,cnn1d,loso,Layla - TVTC,22.27948,46.73319,01-02-2020 00:00,5617.1,5733.43896484375,116.33896484374964,116.33896484374964,13534.754740915214,2.0711570889560385,19.8,2.6,2383.7,5143.7,0.3166697664532242,25.9,954.4
74,24,cnn1d,loso,Layla - TVTC,22.27948,46.73319,01-03-2020 00:00,6578.6,6409.8095703125,-168.79042968750036,168.79042968750036,28490.209154091004,2.5657500028501556,24.3,2.6,3107.7,4811.8,0.392411137066734,23.7,949.9
75,24,cnn1d,loso,Layla - TVTC,22.27948,46.73319,01-04-2020 00:00,6680.1,6639.6787109375,-40.421289062500364,40.421289062500364,1633.8806094742115,0.6051000593179797,29.2,2.7,3371.3,4290.1,0.44003706894301303,34.9,948.0
76,24,cnn1d,loso,Layla - TVTC,22.27948,46.73319,01-05-2020 00:00,7397.1,7153.052734375,-244.04726562500036,244.04726562500036,59559.06785903948,3.2992289630395746,34.1,2.6,3319.9,5199.9,0.38966877156740776,16.1,946.8
77,24,cnn1d,loso,Layla - TVTC,22.27948,46.73319,01-09-2020 00:00,7018.5,7081.17138671875,62.67138671875,62.67138671875,3927.702713251114,0.8929455969046093,35.0,2.2,2071.4,6883.4,0.23131728235136467,14.4,944.7
78,24,cnn1d,loso,Layla - TVTC,22.27948,46.73319,01-10-2020 00:00,6364.6,6274.3828125,-90.21718750000036,90.21718750000036,8139.140920410222,1.4174840131351594,28.0,2.2,1289.4,8065.7,0.1378285640987269,17.0,950.6
79,24,cnn1d,loso,Layla - TVTC,22.27948,46.73319,01-11-2020 00:00,5140.4,4840.328125,-300.07187499999964,300.07187499999964,90043.13016601541,5.837519940082477,23.2,2.0,1265.0,6865.6,0.1555850736722997,34.8,953.5
80,24,cnn1d,loso,Layla - TVTC,22.27948,46.73319,01-12-2020 00:00,4621.5,4485.3759765625,-136.1240234375,136.1240234375,18529.74975681305,2.945451118413935,18.0,2.3,1407.7,6100.6,0.1874858489937802,44.0,955.6
81,24,cnn1d,loso,Layla - TVTC,22.27948,46.73319,01-01-2021 00:00,4847.6,4453.259765625,-394.34023437500036,394.34023437500036,155504.2204469302,8.134751926210914,17.1,2.1,1504.9,6045.3,0.19931922333183227,36.7,955.8
82,24,cnn1d,loso,Layla - TVTC,22.27948,46.73319,01-02-2021 00:00,5678.9,5590.92138671875,-87.97861328124964,87.97861328124964,7740.2363948916745,1.5492192727684877,19.6,2.6,1881.4,6161.0,0.23393514373818763,31.9,953.9
83,24,cnn1d,loso,Layla - TVTC,22.27948,46.73319,01-03-2021 00:00,6715.8,6728.90625,13.106249999999818,13.106249999999818,171.77378906249524,0.19515545430179304,25.6,2.7,2776.8,5583.3,0.3321491369720458,18.4,950.8
84,24,cnn1d,loso,Layla - TVTC,22.27948,46.73319,01-04-2021 00:00,7200.0,7150.29296875,-49.70703125,49.70703125,2470.7889556884766,0.6903754340277778,29.8,2.3,2991.0,5516.0,0.35159280592453274,15.4,949.1
85,24,cnn1d,loso,Layla - TVTC,22.27948,46.73319,01-05-2021 00:00,7908.5,7491.0654296875,-417.4345703125,417.4345703125,174251.6204919815,5.278302716223051,35.3,2.1,2868.5,6453.2,0.30772284025446,11.3,944.8
86,24,cnn1d,loso,Layla - TVTC,22.27948,46.73319,01-07-2021 00:00,7298.5,7431.58056640625,133.08056640625,133.08056640625,17710.437155008316,1.8233961280571351,37.9,2.4,3041.2,5476.1,0.35706151010296694,22.0,938.4
87,24,cnn1d,loso,Layla - TVTC,22.27948,46.73319,01-08-2021 00:00,7328.8,7111.80419921875,-216.99580078125018,216.99580078125018,47087.17755669602,2.960863999307529,38.3,2.5,2865.8,5796.8,0.3308244637868538,14.4,941.1
88,24,cnn1d,loso,Layla - TVTC,22.27948,46.73319,01-09-2021 00:00,7008.4,6812.40380859375,-195.99619140624964,195.99619140624964,38414.50704575524,2.7965896838971753,34.3,2.5,2223.0,6629.5,0.2511155040948885,14.4,944.2
89,24,cnn1d,loso,Layla - TVTC,22.27948,46.73319,01-10-2021 00:00,6124.2,6078.91455078125,-45.28544921874982,45.28544921874982,2050.7719109439686,0.7394508542952519,30.4,2.3,1722.3,6798.2,0.20213602488116894,20.8,950.0
90,24,cnn1d,loso,Layla - TVTC,22.27948,46.73319,01-11-2021 00:00,5205.4,5388.66357421875,183.26357421875036,183.26357421875036,33585.53763543142,3.520643451391831,24.0,1.9,1438.3,6557.9,0.179872939646332,28.4,953.1
91,24,cnn1d,loso,Layla - TVTC,22.27948,46.73319,01-12-2021 00:00,4724.3,4574.193359375,-150.10664062500018,150.10664062500018,22532.003559722954,3.1773308347268414,18.4,1.7,1425.4,6196.0,0.18702600572073375,37.4,955.3
355,25,cnn1d,loso,Madinah - Taibah University,24.4846,39.5418,01-01-2017 00:00,4222.1,4458.91796875,236.81796874999964,236.81796874999964,56082.75032287581,5.609008994339301,20.8,2.6,1233.5,5525.1,0.1825082117598319,29.3,942.8
356,25,cnn1d,loso,Madinah - Taibah University,24.4846,39.5418,01-02-2017 00:00,4885.0,5124.81005859375,239.81005859375,239.81005859375,57508.86420273781,4.909110718398157,19.0,3.4,1754.9,5120.1,0.25525818181818183,26.1,943.0
357,25,cnn1d,loso,Madinah - Taibah University,24.4846,39.5418,01-03-2017 00:00,5364.2,5851.2783203125,487.0783203125002,487.0783203125002,237245.29011844652,9.08016703912047,24.7,2.8,2255.1,4567.7,0.33052412499267164,22.9,938.5
358,25,cnn1d,loso,Madinah - Taibah University,24.4846,39.5418,01-04-2017 00:00,6008.7,6544.18212890625,535.4821289062502,535.4821289062502,286741.1103779699,8.911780067339862,31.1,3.3,2710.5,4359.3,0.3833913264873122,14.2,938.7
359,25,cnn1d,loso,Madinah - Taibah University,24.4846,39.5418,01-05-2017 00:00,6402.0,6760.95556640625,358.95556640625,358.95556640625,128849.09865403175,5.606928559922681,33.5,3.2,2688.4,4873.5,0.3555191155661937,16.9,937.3
360,25,cnn1d,loso,Madinah - Taibah University,24.4846,39.5418,01-09-2017 00:00,6414.2,6610.13671875,195.93671875000018,195.93671875000018,38391.197754516674,3.054733540425933,36.7,2.7,2421.1,5438.2,0.30805542478337766,10.7,936.4
361,25,cnn1d,loso,Madinah - Taibah University,24.4846,39.5418,01-10-2017 00:00,5871.0,5770.11328125,-100.88671875,100.88671875,10178.130020141602,1.7183907128257538,32.0,2.2,1478.9,6881.4,0.17689556594859038,14.9,939.1
362,25,cnn1d,loso,Madinah - Taibah University,24.4846,39.5418,01-11-2017 00:00,4467.8,4564.5771484375,96.77714843749982,96.77714843749982,9365.816459693873,2.1661029687430013,25.8,2.1,1559.4,5081.5,0.23481756990769326,31.9,941.1
363,25,cnn1d,loso,Madinah - Taibah University,24.4846,39.5418,01-03-2018 00:00,6500.1,6699.72412109375,199.62412109374964,199.62412109374964,39849.78972245202,3.071093076933426,27.9,2.0,1970.9,6658.6,0.22839098441392897,17.7,939.6
364,25,cnn1d,loso,Madinah - Taibah University,24.4846,39.5418,01-04-2018 00:00,7350.0,7134.46923828125,-215.53076171875,215.53076171875,46453.50924706459,2.9323913159013606,28.9,2.5,2356.2,6789.1,0.25764053666910874,17.9,937.0
365,25,cnn1d,loso,Madinah - Taibah University,24.4846,39.5418,01-05-2018 00:00,7147.6,7061.57861328125,-86.02138671875036,86.02138671875036,7399.678973016801,1.2035002898700313,33.4,2.7,3111.0,5224.7,0.3732140072219489,14.6,936.4
366,25,cnn1d,loso,Madinah - Taibah University,24.4846,39.5418,01-06-2018 00:00,7666.6,7420.02490234375,-246.57509765625036,246.57509765625036,60799.2787841894,3.2162248931240756,37.1,2.8,2342.5,7021.4,0.25016285949230554,9.8,934.3
367,25,cnn1d,loso,Madinah - Taibah University,24.4846,39.5418,01-12-2018 00:00,4058.1,4456.45556640625,398.3555664062501,398.3555664062501,158687.15728684433,9.81630729667209,20.6,1.8,1306.6,5278.1,0.19842969307637398,43.9,943.0
368,25,cnn1d,loso,Madinah - Taibah University,24.4846,39.5418,01-01-2019 00:00,3951.3,3945.235595703125,-6.064404296875182,6.064404296875182,36.77699947595817,0.15347871072495586,20.2,2.0,1825.2,3850.2,0.32159847764034255,43.2,942.5
369,25,cnn1d,loso,Madinah - Taibah University,24.4846,39.5418,01-02-2019 00:00,4928.8,4605.63525390625,-323.1647460937502,323.1647460937502,104435.45311783803,6.55666178570342,19.7,2.3,1636.1,5366.0,0.23365847388640548,34.2,942.0
370,25,cnn1d,loso,Madinah - Taibah University,24.4846,39.5418,01-03-2019 00:00,6546.7,5323.1162109375,-1223.5837890624998,1223.5837890624998,1497157.288856544,18.690084913964284,22.0,2.5,1678.1,7233.4,0.1883072434494754,23.0,940.4
371,25,cnn1d,loso,Madinah - Taibah University,24.4846,39.5418,01-04-2019 00:00,6879.1,6862.97314453125,-16.126855468750364,16.126855468750364,260.0754673099635,0.234432636082487,27.1,2.5,2332.0,6259.7,0.2714247471396813,20.0,938.6
372,25,cnn1d,loso,Madinah - Taibah University,24.4846,39.5418,01-05-2019 00:00,6784.8,6676.08837890625,-108.71162109375018,108.71162109375018,11818.21656083111,1.6022818814666633,33.7,2.4,2539.7,5503.5,0.31575740998607515,15.4,937.1
373,25,cnn1d,loso,Madinah - Taibah University,24.4846,39.5418,01-07-2019 00:00,7652.5,7846.244140625,193.744140625,193.744140625,37536.792026519775,2.5317757677229666,36.6,3.0,2073.5,7454.2,0.2176285987174239,12.1,932.9
374,25,cnn1d,loso,Madinah - Taibah University,24.4846,39.5418,01-11-2019 00:00,4642.0,4302.7744140625,-339.2255859375,339.2255859375,115073.9981546402,7.307746357981474,25.4,2.0,1378.9,5787.4,0.19241449562535762,31.5,940.6
375,25,cnn1d,loso,Madinah - Taibah University,24.4846,39.5418,01-09-2020 00:00,6649.2,6632.32275390625,-16.877246093749818,16.877246093749818,284.8414357089935,0.25382370952520333,36.4,2.1,2010.6,6596.9,0.2335869880917804,9.2,936.0
376,25,cnn1d,loso,Madinah - Taibah University,24.4846,39.5418,01-01-2021 00:00,4856.0,5179.4599609375,323.4599609375,323.4599609375,104626.34632968903,6.661037086851318,20.3,2.0,1812.8,5565.0,0.24571010328282142,31.5,943.0
377,25,cnn1d,loso,Madinah - Taibah University,24.4846,39.5418,01-04-2021 00:00,7540.0,7095.8916015625,-444.1083984375,444.1083984375,197232.26956272125,5.890031809515915,29.8,2.6,2805.7,6357.5,0.3061921599441243,15.7,939.1
378,25,cnn1d,loso,Madinah - Taibah University,24.4846,39.5418,01-10-2021 00:00,5769.9,5775.8779296875,5.977929687500364,5.977929687500364,35.7356433486982,0.1036054296868293,32.9,1.7,1698.3,6348.0,0.2110659557809179,12.4,939.3
468,26,cnn1d,loso,Mahd ad Dahab,23.419423,40.743138,01-04-2021 00:00,6614.9,6485.013671875,-129.88632812499964,129.88632812499964,16870.45823379507,1.9635418241394376,26.5,3.3,2715.3,5076.9,0.3484638484638485,25.5,904.0
469,26,cnn1d,loso,Mahd ad Dahab,23.419423,40.743138,01-07-2021 00:00,6812.8,6869.6962890625,56.89628906249982,56.89628906249982,3237.1877090835364,0.83513810859705,34.7,4.2,3481.0,4221.5,0.4519311911716975,20.9,897.5
470,26,cnn1d,loso,Mahd ad Dahab,23.419423,40.743138,01-08-2021 00:00,6508.0,6935.79736328125,427.79736328125,427.79736328125,183010.5840303898,6.573407548882145,34.7,3.3,2185.4,5636.9,0.27938074479373076,19.4,899.4
471,26,cnn1d,loso,Mahd ad Dahab,23.419423,40.743138,01-09-2021 00:00,6019.7,6521.4267578125,501.7267578125002,501.7267578125002,251729.73950504322,8.334746877959038,32.8,2.9,2329.5,4973.0,0.31900034234851077,19.1,900.9
472,26,cnn1d,loso,Mahd ad Dahab,23.419423,40.743138,01-10-2021 00:00,5795.7,5953.2265625,157.52656250000018,157.52656250000018,24814.617893066465,2.7179902772745343,28.6,2.4,1604.5,6522.6,0.1974258960760911,20.4,904.8
473,26,cnn1d,loso,Mahd ad Dahab,23.419423,40.743138,01-11-2021 00:00,4780.9,4831.29736328125,50.397363281250364,50.397363281250364,2539.8942257023223,1.0541396657794635,22.7,2.5,1246.2,6306.3,0.1650049652432969,29.0,905.9
474,26,cnn1d,loso,Mahd ad Dahab,23.419423,40.743138,01-12-2021 00:00,4056.8,4257.61962890625,200.81962890624982,200.81962890624982,40328.523354043886,4.9501979123015625,18.5,2.6,1470.4,5001.9,0.2271835359918422,40.9,906.8
1320,27,cnn1d,loso,Majmaah - University,25.85891,45.41889,01-01-2017 00:00,4179.1,3993.88818359375,-185.21181640625036,185.21181640625036,34303.41693650259,4.431858926712698,14.0,3.1,1611.9,4846.9,0.2495664829380071,40.7,936.6
1321,27,cnn1d,loso,Majmaah - University,25.85891,45.41889,01-02-2017 00:00,4783.2,4272.7451171875,-510.4548828124998,510.4548828124998,260564.18738712292,10.67182812369334,12.6,3.3,1949.1,4732.1,0.2917290307130455,39.6,937.0
1322,27,cnn1d,loso,Majmaah - University,25.85891,45.41889,01-03-2017 00:00,4958.5,4947.142578125,-11.357421875,11.357421875,128.99103164672852,0.2290495487546637,20.4,4.2,2868.3,3001.6,0.488645462443994,40.8,932.1
1323,27,cnn1d,loso,Majmaah - University,25.85891,45.41889,01-04-2017 00:00,6331.3,6098.041015625,-233.25898437500018,233.25898437500018,54409.75379165658,3.6842194237360446,27.1,3.7,3386.2,3876.1,0.4662710160692894,25.8,932.5
1324,27,cnn1d,loso,Majmaah - University,25.85891,45.41889,01-05-2017 00:00,6955.8,6849.369140625,-106.43085937500018,106.43085937500018,11327.527827301064,1.5301023516346097,32.4,3.3,3634.7,4113.2,0.4691206649543747,19.4,929.8
1325,27,cnn1d,loso,Majmaah - University,25.85891,45.41889,01-06-2017 00:00,7907.4,7617.99853515625,-289.40146484374964,289.40146484374964,83753.20785370805,3.659881438193966,34.9,3.0,2535.3,7085.1,0.2635337408007983,10.0,926.7
1326,27,cnn1d,loso,Majmaah - University,25.85891,45.41889,01-09-2017 00:00,6766.3,6801.9208984375,35.62089843749982,35.62089843749982,1268.848405494677,0.5264457449048936,32.7,2.5,2161.9,6542.7,0.24836293454035796,10.3,929.3
1327,27,cnn1d,loso,Majmaah - University,25.85891,45.41889,01-10-2017 00:00,5844.2,5810.2861328125,-33.91386718749982,33.91386718749982,1150.1503876113768,0.5802995651671712,28.1,2.7,1768.2,6498.1,0.21390464899652806,15.7,932.9
1328,27,cnn1d,loso,Majmaah - University,25.85891,45.41889,01-11-2017 00:00,4333.5,4329.62890625,-3.87109375,3.87109375,14.985366821289062,0.08932949694242528,20.3,2.8,1633.2,4861.8,0.2514549653579677,34.6,935.5
1329,27,cnn1d,loso,Majmaah - University,25.85891,45.41889,01-03-2018 00:00,6130.1,6046.73193359375,-83.36806640625036,83.36806640625036,6950.234496316971,1.3599788976729639,23.7,3.4,2598.0,5142.9,0.3356198891601752,26.2,933.4
1330,27,cnn1d,loso,Majmaah - University,25.85891,45.41889,01-04-2018 00:00,6129.9,5607.33056640625,-522.5694335937496,522.5694335937496,273078.8129264923,8.524925913860743,24.4,3.7,3363.6,3562.8,0.48562023562023565,39.6,930.6
1331,27,cnn1d,loso,Majmaah - University,25.85891,45.41889,01-05-2018 00:00,7065.5,6480.42333984375,-585.07666015625,585.07666015625,342314.69825959206,8.280753805905457,30.8,3.7,3902.2,3921.6,0.49876019325647386,21.9,929.4
1332,27,cnn1d,loso,Majmaah - University,25.85891,45.41889,01-06-2018 00:00,7908.9,7444.77099609375,-464.12900390624964,464.12900390624964,215415.7322670075,5.868439402524367,35.1,3.3,2888.6,6422.5,0.31023187378505224,13.7,926.0
1333,27,cnn1d,loso,Majmaah - University,25.85891,45.41889,01-07-2018 00:00,7835.9,7440.662109375,-395.23789062499964,395.23789062499964,156212.99018569916,5.043937398703399,35.6,3.4,2710.9,6677.0,0.28876532557867046,12.5,923.8
1334,27,cnn1d,loso,Majmaah - University,25.85891,45.41889,01-08-2018 00:00,7566.4,7469.486328125,-96.91367187499964,96.91367187499964,9392.259796295095,1.2808425654868847,34.7,3.0,2030.7,7539.3,0.21219435736677117,13.9,925.3
1335,27,cnn1d,loso,Majmaah - University,25.85891,45.41889,01-09-2018 00:00,6466.1,6581.87451171875,115.77451171874964,115.77451171874964,13403.737563714896,1.790484398922838,34.3,2.5,2471.2,5573.8,0.307172156619018,13.8,929.3
1336,27,cnn1d,loso,Majmaah - University,25.85891,45.41889,01-10-2018 00:00,5257.5,4815.50634765625,-441.99365234375,441.99365234375,195358.38871216774,8.406916830123633,26.7,2.5,2007.8,5048.0,0.2845602199608832,30.6,934.6
1337,27,cnn1d,loso,Majmaah - University,25.85891,45.41889,01-11-2018 00:00,3507.4,3521.248046875,13.848046874999909,13.848046874999909,191.76840225219473,0.3948237120088929,18.2,3.0,1777.1,3202.3,0.35689038840020887,73.9,936.1
1338,27,cnn1d,loso,Majmaah - University,25.85891,45.41889,01-12-2018 00:00,3834.7,3853.315185546875,18.615185546875182,18.615185546875182,346.52513294459067,0.48544046592628326,16.0,2.8,1580.7,4396.7,0.26444608023555394,63.4,937.4
1339,27,cnn1d,loso,Majmaah - University,25.85891,45.41889,01-01-2019 00:00,3751.2,3816.168212890625,64.96821289062518,64.96821289062518,4220.868686201596,1.7319314590164532,15.9,3.4,2300.2,2693.9,0.4605834885164493,45.9,936.6
1340,27,cnn1d,loso,Majmaah - University,25.85891,45.41889,01-02-2019 00:00,4669.5,5038.28759765625,368.78759765625,368.78759765625,136004.29218506813,7.89779628774494,15.1,3.1,1931.1,4659.4,0.29301266975191564,50.2,935.6
1341,27,cnn1d,loso,Majmaah - University,25.85891,45.41889,01-03-2019 00:00,6289.7,5984.013671875,-305.6863281249998,305.6863281249998,93444.13120254506,4.860109832344942,18.6,3.7,2521.7,5628.1,0.3094186360401482,34.0,933.0
1342,27,cnn1d,loso,Majmaah - University,25.85891,45.41889,01-04-2019 00:00,6665.8,6457.5087890625,-208.29121093750018,208.29121093750018,43385.22855381019,3.1247743847325182,22.9,3.5,2687.9,5345.6,0.3345864193688928,37.5,931.8
1343,27,cnn1d,loso,Majmaah - University,25.85891,45.41889,01-05-2019 00:00,7049.7,6881.3955078125,-168.30449218749982,168.30449218749982,28326.40209049219,2.3873993529866495,31.1,3.2,3170.8,4996.2,0.3882453777396841,23.5,930.0
1344,27,cnn1d,loso,Majmaah - University,25.85891,45.41889,01-06-2019 00:00,7681.9,7535.52001953125,-146.37998046874964,146.37998046874964,21427.098682031527,1.905517911828449,35.7,2.7,2665.1,6546.3,0.2893262696224244,12.5,926.9
1345,27,cnn1d,loso,Majmaah - University,25.85891,45.41889,01-07-2019 00:00,7979.4,7907.01806640625,-72.38193359374964,72.38193359374964,5239.144310769982,0.907109978115518,35.7,3.0,2278.9,7614.0,0.23035712480667955,12.5,924.1
1346,27,cnn1d,loso,Majmaah - University,25.85891,45.41889,01-08-2019 00:00,7647.6,7144.97802734375,-502.62197265625036,502.62197265625036,252628.84739686048,6.572283757731189,35.2,3.3,2120.6,7502.3,0.2203701586839726,12.7,925.4
1347,27,cnn1d,loso,Majmaah - University,25.85891,45.41889,01-09-2019 00:00,6796.3,6967.3466796875,171.04667968749982,171.04667968749982,29256.96663211816,2.5167617628341863,33.4,2.3,2047.6,6776.3,0.23205158716667235,15.0,928.7
1348,27,cnn1d,loso,Majmaah - University,25.85891,45.41889,01-10-2019 00:00,5595.0,5340.14453125,-254.85546875,254.85546875,64951.30995178223,4.555057529043789,29.0,2.5,1924.1,5750.9,0.25069706840390876,26.0,932.5
1349,27,cnn1d,loso,Majmaah - University,25.85891,45.41889,01-11-2019 00:00,3986.5,3970.65576171875,-15.84423828125,15.84423828125,251.03988671302795,0.3974473418098583,20.0,2.6,1744.2,4032.4,0.301942319011183,49.9,935.5
1350,27,cnn1d,loso,Majmaah - University,25.85891,45.41889,01-12-2019 00:00,4336.2,4057.407470703125,-278.7925292968748,278.7925292968748,77725.2743917488,6.4294204440956335,16.1,2.8,1230.7,6304.0,0.1633376245902292,45.6,936.0
1351,27,cnn1d,loso,Majmaah - University,25.85891,45.41889,01-01-2020 00:00,4748.2,4160.33984375,-587.8601562499998,587.8601562499998,345579.5633062742,12.380694921233307,12.9,2.7,1206.0,6848.5,0.14972996461605315,40.3,936.7
1352,27,cnn1d,loso,Majmaah - University,25.85891,45.41889,01-02-2020 00:00,5303.0,5290.2685546875,-12.7314453125,12.7314453125,162.08969974517822,0.2400800549217424,17.0,2.7,2049.9,5507.8,0.27123331172182014,31.2,936.0
1353,27,cnn1d,loso,Majmaah - University,25.85891,45.41889,01-03-2020 00:00,6373.3,6211.796875,-161.50312500000018,161.50312500000018,26083.259384765683,2.5340581017683177,20.6,2.9,2846.5,5154.7,0.35575913612958054,26.9,932.4
1354,27,cnn1d,loso,Majmaah - University,25.85891,45.41889,01-04-2020 00:00,7018.7,6685.4287109375,-333.2712890624998,333.2712890624998,111069.75211338031,4.748333581183123,25.8,3.6,3119.7,5160.7,0.3767571614897831,31.5,930.7
1355,27,cnn1d,loso,Majmaah - University,25.85891,45.41889,01-05-2020 00:00,7073.8,6876.06884765625,-197.73115234375018,197.73115234375018,39097.60860718734,2.7952607133895526,30.8,2.6,3267.9,4921.1,0.39905971425082426,17.8,930.6
1356,27,cnn1d,loso,Majmaah - University,25.85891,45.41889,01-09-2020 00:00,6787.4,6649.7294921875,-137.67050781249964,137.67050781249964,18953.168721351525,2.0283246576376763,32.8,1.8,2086.8,6745.1,0.23627984918307496,13.6,928.9
1357,27,cnn1d,loso,Majmaah - University,25.85891,45.41889,01-10-2020 00:00,6164.0,6137.7109375,-26.2890625,26.2890625,691.1148071289062,0.42649355126541205,25.4,1.5,1186.7,8279.5,0.1253618136105301,16.4,934.1
1358,27,cnn1d,loso,Majmaah - University,25.85891,45.41889,01-11-2020 00:00,4415.4,4181.9384765625,-233.46152343749964,233.46152343749964,54504.28292575819,5.28743768259953,21.3,2.4,1622.1,5097.0,0.24141626110639816,39.5,935.3
1359,27,cnn1d,loso,Majmaah - University,25.85891,45.41889,01-12-2020 00:00,3855.8,3812.296142578125,-43.50385742187518,43.50385742187518,1892.5856105828443,1.1282705903282115,15.0,2.1,1507.5,4625.1,0.24581743469327852,58.6,937.6
1360,27,cnn1d,loso,Majmaah - University,25.85891,45.41889,01-01-2021 00:00,4355.3,4167.185546875,-188.11445312500018,188.11445312500018,35387.04747451789,4.319207703832117,14.5,2.0,1537.6,5340.9,0.22353710838118773,46.1,937.7
1361,27,cnn1d,loso,Majmaah - University,25.85891,45.41889,01-02-2021 00:00,4928.3,4577.54638671875,-350.7536132812502,350.7536132812502,123028.0972298528,7.117131937610336,16.1,2.5,1963.9,5057.5,0.27970205372148005,44.0,936.1
1362,27,cnn1d,loso,Majmaah - University,25.85891,45.41889,01-03-2021 00:00,6328.4,6340.7470703125,12.347070312500364,12.347070312500364,152.45014530182783,0.19510571886259345,22.7,2.9,2965.9,4796.5,0.3820854374935587,23.9,933.2
1363,27,cnn1d,loso,Majmaah - University,25.85891,45.41889,01-04-2021 00:00,6740.4,6538.6689453125,-201.73105468749964,201.73105468749964,40695.41842533097,2.9928647363286993,26.8,2.2,3155.4,4764.8,0.39839903032751695,19.4,932.5
1364,27,cnn1d,loso,Majmaah - University,25.85891,45.41889,01-05-2021 00:00,7892.9,7721.8857421875,-171.01425781249964,171.01425781249964,29245.876375160093,2.166684714268515,32.7,2.1,2866.7,6559.5,0.3041204302900426,12.9,928.5
1365,27,cnn1d,loso,Majmaah - University,25.85891,45.41889,01-07-2021 00:00,7874.2,7334.8564453125,-539.3435546874998,539.3435546874998,290891.4699829481,6.84950286616418,37.4,2.2,2531.9,7053.2,0.2641495654714088,13.9,922.9
1366,27,cnn1d,loso,Majmaah - University,25.85891,45.41889,01-08-2021 00:00,7591.7,7252.30322265625,-339.3967773437498,339.3967773437498,115190.17247132289,4.47062946828444,35.9,2.0,2223.4,7254.2,0.23459525618299992,12.5,925.6
1367,27,cnn1d,loso,Majmaah - University,25.85891,45.41889,01-09-2021 00:00,6960.1,6879.2509765625,-80.84902343750036,80.84902343750036,6536.564590797483,1.1616072102053183,31.9,1.8,1863.0,7363.6,0.20191619881646544,15.6,928.5
1368,27,cnn1d,loso,Majmaah - University,25.85891,45.41889,01-10-2021 00:00,5851.7,5600.638671875,-251.06132812499982,251.06132812499982,63031.79047988883,4.290399851752479,28.6,1.8,1752.6,6505.0,0.21224084479751984,18.9,933.2
1369,27,cnn1d,loso,Majmaah - University,25.85891,45.41889,01-11-2021 00:00,4731.8,4769.15576171875,37.35576171874982,37.35576171874982,1395.4529335880143,0.7894619746977855,21.1,1.4,1544.8,5806.2,0.21014827914569445,31.7,935.6
1370,27,cnn1d,loso,Majmaah - University,25.85891,45.41889,01-12-2021 00:00,3769.1,3862.691162109375,93.59116210937509,93.59116210937509,8759.305624983328,2.4831169804296804,16.0,1.7,1762.6,3957.5,0.3081414660582857,39.9,937.0
883,28,cnn1d,loso,Makkah - UQU,21.331,39.949,01-01-2017 00:00,4250.1,4786.5859375,536.4859374999996,536.4859374999996,287817.1611352535,12.622901519964227,25.2,2.2,1664.4,4531.1,0.26864659833750304,50.6,979.9
884,28,cnn1d,loso,Makkah - UQU,21.331,39.949,01-03-2018 00:00,6678.2,6489.171875,-189.02812499999982,189.02812499999982,35731.63204101555,2.8305250666347193,29.5,2.4,2243.4,6226.5,0.2648673538058301,31.1,976.4
885,28,cnn1d,loso,Makkah - UQU,21.331,39.949,01-04-2018 00:00,6886.4,6884.4697265625,-1.9302734374996362,1.9302734374996362,3.725955543516662,0.028030225335438492,30.8,2.6,2751.8,5487.3,0.3339927904746878,31.7,974.3
886,28,cnn1d,loso,Makkah - UQU,21.331,39.949,01-05-2018 00:00,7479.2,7195.8369140625,-283.3630859374998,283.3630859374998,80294.63847202291,3.788681756571556,35.1,2.9,3080.4,5602.1,0.3547826086956522,21.8,972.7
887,28,cnn1d,loso,Makkah - UQU,21.331,39.949,01-06-2018 00:00,7310.5,7305.37744140625,-5.12255859375,5.12255859375,26.240606546401978,0.0700712481191437,36.7,2.7,3313.7,5070.5,0.39523150688199227,21.8,970.5
888,28,cnn1d,loso,Makkah - UQU,21.331,39.949,01-07-2018 00:00,7288.7,7091.7548828125,-196.94511718749982,196.94511718749982,38787.37918399803,2.7020609599448435,36.3,2.7,3111.1,5304.7,0.3696737089759738,21.9,970.7
889,28,cnn1d,loso,Makkah - UQU,21.331,39.949,01-08-2018 00:00,6950.1,6922.91259765625,-27.187402343750364,27.187402343750364,739.1548462009628,0.3911800167443686,36.0,2.8,2721.4,5482.6,0.3317162359824476,24.3,971.0
890,28,cnn1d,loso,Makkah - UQU,21.331,39.949,01-02-2020 00:00,3893.2,4188.6796875,295.4796875000002,295.4796875000002,87308.24572509776,7.589635454125146,24.2,2.4,1823.6,3176.5,0.36471270574588505,44.3,979.7
891,28,cnn1d,loso,Makkah - UQU,21.331,39.949,01-03-2020 00:00,5865.7,6101.38037109375,235.68037109375018,235.68037109375018,55545.2373188878,4.017941099847421,27.3,2.4,2373.9,4809.8,0.33045645001879254,33.4,976.3
892,28,cnn1d,loso,Makkah - UQU,21.331,39.949,01-04-2020 00:00,6403.0,6775.853515625,372.853515625,372.853515625,139019.74411392212,5.823106600421677,30.5,2.4,2255.5,5559.8,0.28860056555730423,29.6,975.3
893,28,cnn1d,loso,Makkah - UQU,21.331,39.949,01-05-2020 00:00,6591.3,6660.8701171875,69.57011718749982,69.57011718749982,4840.001205482457,1.0554840044831795,34.8,2.4,2609.2,5162.5,0.33573092116267994,23.1,973.9
894,28,cnn1d,loso,Makkah - UQU,21.331,39.949,01-10-2020 00:00,5902.6,6251.0439453125,348.44394531249964,348.44394531249964,121413.18302494024,5.903228158989252,32.4,1.6,1686.9,6382.7,0.20904381877664321,29.7,975.5
895,28,cnn1d,loso,Makkah - UQU,21.331,39.949,01-11-2020 00:00,4337.1,4509.537109375,172.43710937499964,172.43710937499964,29734.556689605586,3.975861967097822,28.2,1.4,1719.9,4421.1,0.2800683927699072,48.5,977.9
896,28,cnn1d,loso,Makkah - UQU,21.331,39.949,01-12-2020 00:00,4176.4,4537.06787109375,360.66787109375036,360.66787109375036,130081.31323929814,8.635855547690605,26.2,1.5,1694.1,4523.4,0.27247285886610373,44.5,979.0
897,28,cnn1d,loso,Makkah - UQU,21.331,39.949,01-01-2021 00:00,4565.6,4544.80712890625,-20.792871093750364,20.792871093750364,432.34348832131946,0.45542472169595155,25.0,1.7,1817.5,4750.3,0.2767288894302506,46.3,979.2
898,28,cnn1d,loso,Makkah - UQU,21.331,39.949,01-02-2021 00:00,4889.0,5252.3837890625,363.3837890625,363.3837890625,132047.7781534195,7.432681306248721,24.5,1.9,1934.3,4678.4,0.2925128918596035,43.5,978.6
899,28,cnn1d,loso,Makkah - UQU,21.331,39.949,01-03-2021 00:00,6393.8,6618.76953125,224.96953124999982,224.96953124999982,50611.28999084464,3.5185575283868715,29.1,1.8,2538.4,5233.3,0.3266209452243396,33.2,976.3
900,28,cnn1d,loso,Makkah - UQU,21.331,39.949,01-05-2021 00:00,7485.0,6867.279296875,-617.720703125,617.720703125,381578.8670692444,8.25278160487642,34.6,2.0,2709.8,5090.8,0.34738353459990257,26.3,972.9
901,28,cnn1d,loso,Makkah - UQU,21.331,39.949,01-07-2021 00:00,6611.6,6679.6328125,68.03281249999964,68.03281249999964,4628.463576660107,1.0289916586000307,35.7,2.4,3277.3,4124.0,0.4428005890857012,25.6,969.5
902,28,cnn1d,loso,Makkah - UQU,21.331,39.949,01-09-2021 00:00,5954.7,6291.556640625,336.8566406250002,336.8566406250002,113472.39633316052,5.656987600130992,34.9,2.1,2873.8,4043.6,0.4154451094341805,34.2,971.5
903,28,cnn1d,loso,Makkah - UQU,21.331,39.949,01-10-2021 00:00,5698.0,5818.701171875,120.701171875,120.701171875,14568.772891998291,2.1183076847139346,33.1,1.8,1969.6,5525.6,0.26278151350197454,33.1,975.3
904,28,cnn1d,loso,Makkah - UQU,21.331,39.949,01-11-2021 00:00,4622.3,5061.43994140625,439.1399414062498,439.1399414062498,192843.88813828453,9.500463868772036,28.7,1.5,2303.9,3887.6,0.37210692077848667,43.1,977.6
905,28,cnn1d,loso,Makkah - UQU,21.331,39.949,01-12-2021 00:00,4094.5,4405.54150390625,311.04150390625,311.04150390625,96746.81715226173,7.596568662993039,25.9,1.8,1703.2,4285.1,0.28442128817861495,47.7,979.4
1164,29,cnn1d,loso,Najran - University,17.63228,44.53735,01-01-2017 00:00,5782.0,5641.62939453125,-140.37060546875,140.37060546875,19703.906879663467,2.427717147505189,20.0,1.7,1286.2,7774.0,0.14196154610273504,25.2,885.4
1165,29,cnn1d,loso,Najran - University,17.63228,44.53735,01-02-2017 00:00,5517.5,5636.46044921875,118.96044921875,118.96044921875,14151.588478326797,2.1560570769143634,19.3,2.2,2425.5,4577.2,0.34636640153083814,33.4,884.7
1166,29,cnn1d,loso,Najran - University,17.63228,44.53735,01-03-2017 00:00,6515.7,6297.0234375,-218.67656249999982,218.67656249999982,47819.43898681633,3.3561484184354686,26.1,2.2,2536.9,5407.0,0.31935195558856483,29.7,881.4
1167,29,cnn1d,loso,Najran - University,17.63228,44.53735,01-04-2017 00:00,7486.0,7219.865234375,-266.134765625,266.134765625,70827.71347427368,3.555099727825274,28.2,2.2,2597.4,6505.3,0.2853439089500917,15.8,882.4
1168,29,cnn1d,loso,Najran - University,17.63228,44.53735,01-05-2017 00:00,7278.9,6884.677734375,-394.22226562499964,394.22226562499964,155411.19471450776,5.415959356839627,31.1,2.3,3150.9,5212.9,0.37673067266075233,21.0,880.9
1169,29,cnn1d,loso,Najran - University,17.63228,44.53735,01-06-2017 00:00,7522.5,7449.68994140625,-72.81005859375,72.81005859375,5301.304632425308,0.9678970899800599,33.5,2.1,3465.6,5206.2,0.3996402131045458,10.1,878.2
1170,29,cnn1d,loso,Najran - University,17.63228,44.53735,01-09-2017 00:00,7352.4,7121.66259765625,-230.73740234374964,230.73740234374964,53239.7488403414,3.1382596477850724,30.8,2.2,2186.3,7026.5,0.23731113233761728,13.5,879.8
1171,29,cnn1d,loso,Najran - University,17.63228,44.53735,01-10-2017 00:00,6898.2,6652.478515625,-245.72148437499982,245.72148437499982,60379.04788345328,3.5621101791046916,25.9,1.9,1430.4,8301.3,0.14698356916057834,18.0,883.4
1172,29,cnn1d,loso,Najran - University,17.63228,44.53735,01-11-2017 00:00,5964.5,5577.525390625,-386.974609375,386.974609375,149749.34830093384,6.487963942912231,21.3,1.8,1290.5,7865.8,0.14094120987735223,30.8,885.0
1173,29,cnn1d,loso,Najran - University,17.63228,44.53735,01-03-2018 00:00,7078.5,6220.48046875,-858.01953125,858.01953125,736197.5160064697,12.121488044783499,24.3,2.2,1944.5,7299.1,0.21036176381496385,21.3,883.1
1174,29,cnn1d,loso,Najran - University,17.63228,44.53735,01-04-2018 00:00,6781.6,6464.60400390625,-316.99599609375036,316.99599609375036,100486.46153946899,4.674354077116762,26.8,2.0,3338.2,4304.0,0.43681138939048963,35.7,881.1
1175,29,cnn1d,loso,Najran - University,17.63228,44.53735,01-05-2018 00:00,8046.4,7242.10595703125,-804.2940429687496,804.2940429687496,646888.9075550169,9.995700474358094,30.4,2.4,3251.0,6126.8,0.3466697946213398,20.4,880.1
1176,29,cnn1d,loso,Najran - University,17.63228,44.53735,01-06-2018 00:00,7486.6,7128.7587890625,-357.84121093750036,357.84121093750036,128050.33224521663,4.779755976511372,33.5,2.5,4190.2,4106.1,0.5050685245229801,15.8,877.8
1177,29,cnn1d,loso,Najran - University,17.63228,44.53735,01-07-2018 00:00,7172.9,6645.49853515625,-527.4014648437496,527.4014648437496,278152.30511933286,7.35269507233824,34.5,2.8,4208.9,3609.7,0.5383188806180135,16.3,876.1
1178,29,cnn1d,loso,Najran - University,17.63228,44.53735,01-08-2018 00:00,7150.9,7188.58984375,37.689843750000364,37.689843750000364,1420.5243218994415,0.5270643380553548,33.9,2.6,3639.1,4356.4,0.4551435182290038,17.5,876.5
1179,29,cnn1d,loso,Najran - University,17.63228,44.53735,01-09-2018 00:00,7522.8,7179.173828125,-343.6261718750002,343.6261718750002,118078.94599746716,4.567796191245283,31.1,2.3,2429.9,6918.0,0.25994073535232515,15.2,880.1
1180,29,cnn1d,loso,Najran - University,17.63228,44.53735,01-10-2018 00:00,6618.4,6132.46435546875,-485.93564453124964,485.93564453124964,236133.450626001,7.3421921390555065,25.9,2.1,2020.6,6779.8,0.22960319985455208,32.0,883.9
1181,29,cnn1d,loso,Najran - University,17.63228,44.53735,01-11-2018 00:00,5677.8,5908.07666015625,230.27666015624982,230.27666015624982,53027.340212716976,4.0557374362649234,23.6,1.9,1838.0,6375.2,0.22378610042370817,35.4,884.5
1182,29,cnn1d,loso,Najran - University,17.63228,44.53735,01-12-2018 00:00,5783.6,5547.3603515625,-236.23964843750036,236.23964843750036,55809.17149387377,4.0846470785929245,19.9,1.8,1091.4,8418.9,0.11475978675751555,33.9,885.6
1183,29,cnn1d,loso,Najran - University,17.63228,44.53735,01-01-2019 00:00,5863.7,5850.76904296875,-12.930957031249818,12.930957031249818,167.20964974402912,0.22052555606954344,20.4,1.8,1886.8,6776.7,0.21778726842500143,31.2,885.6
1184,29,cnn1d,loso,Najran - University,17.63228,44.53735,01-02-2019 00:00,6352.1,5700.68603515625,-651.4139648437504,651.4139648437504,424340.15359345486,10.255096186202206,22.1,2.1,2522.7,5702.1,0.30671870440618615,32.8,884.1
1185,29,cnn1d,loso,Najran - University,17.63228,44.53735,01-03-2019 00:00,7040.3,6613.1123046875,-427.1876953125002,427.1876953125002,182489.3270264055,6.06774846686221,25.2,2.3,3158.5,5215.9,0.3771613488727551,24.2,882.3
1186,29,cnn1d,loso,Najran - University,17.63228,44.53735,01-04-2019 00:00,6897.5,6623.9755859375,-273.5244140625,273.5244140625,74815.60508823395,3.9655587395795577,27.7,2.2,3202.8,4689.7,0.4058029775102946,30.3,881.6
1187,29,cnn1d,loso,Najran - University,17.63228,44.53735,01-05-2019 00:00,7130.1,7061.26611328125,-68.83388671875036,68.83388671875036,4738.103960809758,0.9653986159906643,29.3,2.2,2986.3,5303.9,0.36022050131480543,30.6,881.5
1188,29,cnn1d,loso,Najran - University,17.63228,44.53735,01-06-2019 00:00,7670.6,7493.857421875,-176.74257812500036,176.74257812500036,31237.938922271856,2.3041558434151224,33.6,2.3,3098.2,5848.0,0.3463146363819275,14.8,878.4
1189,29,cnn1d,loso,Najran - University,17.63228,44.53735,01-07-2019 00:00,7272.5,7088.3427734375,-184.1572265625,184.1572265625,33913.884095191956,2.532240997765555,34.9,2.8,3849.4,4295.5,0.4726147650677111,13.7,876.0
1190,29,cnn1d,loso,Najran - University,17.63228,44.53735,01-08-2019 00:00,7070.3,7187.3271484375,117.02714843749982,117.02714843749982,13695.353471412616,1.6551935340438144,33.4,2.7,3201.5,4958.3,0.39235030270349763,18.6,877.5
1191,29,cnn1d,loso,Najran - University,17.63228,44.53735,01-09-2019 00:00,7108.8,7090.9248046875,-17.875195312500182,17.875195312500182,319.5226074600285,0.2514516558701916,31.5,2.3,2532.0,6208.4,0.28968925907281134,19.3,879.5
1192,29,cnn1d,loso,Najran - University,17.63228,44.53735,01-10-2019 00:00,6696.1,6388.96142578125,-307.13857421875036,307.13857421875036,94334.10377312683,4.586827768682522,27.0,2.1,1835.1,7261.1,0.20174358523339414,22.2,882.8
1193,29,cnn1d,loso,Najran - University,17.63228,44.53735,01-11-2019 00:00,5674.1,5171.3955078125,-502.70449218750036,502.70449218750036,252711.8064654926,8.859633989311085,22.0,2.0,1644.5,6569.2,0.20021427614838622,37.5,884.5
1194,29,cnn1d,loso,Najran - University,17.63228,44.53735,01-12-2019 00:00,5493.6,5358.75341796875,-134.84658203125036,134.84658203125036,18183.600685510733,2.454612313077952,20.0,1.8,1343.5,7390.3,0.15382765806407292,38.2,885.0
1195,29,cnn1d,loso,Najran - University,17.63228,44.53735,01-01-2020 00:00,5907.3,5891.76171875,-15.538281250000182,15.538281250000182,241.43818420410722,0.26303524876001183,18.5,1.9,1569.5,7353.5,0.1758937577048078,33.1,885.3
1196,29,cnn1d,loso,Najran - University,17.63228,44.53735,01-02-2020 00:00,6317.6,6498.75732421875,181.15732421874964,181.15732421874964,32817.97611809718,2.8675022828091303,22.0,2.1,2253.5,6185.2,0.2670435019612025,27.4,884.9
1197,29,cnn1d,loso,Najran - University,17.63228,44.53735,01-03-2020 00:00,7091.8,6545.080078125,-546.7199218750002,546.7199218750002,298902.6729750063,7.70918415458699,24.9,2.2,3119.6,5320.5,0.3696164737384628,26.0,882.0
1198,29,cnn1d,loso,Najran - University,17.63228,44.53735,01-04-2020 00:00,7092.1,6865.0224609375,-227.07753906250036,227.07753906250036,51564.208746681375,3.201837806326763,28.3,1.8,2923.7,5397.4,0.35135979618079344,35.2,881.0
1199,29,cnn1d,loso,Najran - University,17.63228,44.53735,01-05-2020 00:00,7241.7,7224.640625,-17.059374999999818,17.059374999999818,291.0222753906188,0.23557141278981206,33.6,2.2,3215.9,5163.0,0.38380933058038647,23.9,881.1
1200,29,cnn1d,loso,Najran - University,17.63228,44.53735,01-09-2020 00:00,7666.8,7805.5732421875,138.77324218749982,138.77324218749982,19258.012747230478,1.8100542884580244,30.5,2.1,2282.6,7432.1,0.23496350890917886,15.5,879.5
1201,29,cnn1d,loso,Najran - University,17.63228,44.53735,01-10-2020 00:00,7295.8,6664.892578125,-630.9074218750002,630.9074218750002,398044.1749769595,8.647542721497302,25.1,1.8,1371.9,9097.3,0.13104153134910024,16.7,883.6
1202,29,cnn1d,loso,Najran - University,17.63228,44.53735,01-12-2020 00:00,5877.6,6175.0556640625,297.45566406249964,297.45566406249964,88479.87208286264,5.060835444101327,19.0,1.4,1236.4,8347.2,0.1290120622730498,36.5,885.7
1203,29,cnn1d,loso,Najran - University,17.63228,44.53735,01-01-2021 00:00,6173.5,5869.51220703125,-303.98779296875,303.98779296875,92408.57827401161,4.924075370029157,17.8,1.6,1484.0,8075.2,0.1552431165787932,28.3,885.7
1204,29,cnn1d,loso,Najran - University,17.63228,44.53735,01-02-2021 00:00,6579.8,6381.29638671875,-198.50361328125018,198.50361328125018,39403.684485712125,3.016863936308857,20.8,1.9,1926.2,7125.9,0.21279040222710752,30.6,884.3
1205,29,cnn1d,loso,Najran - University,17.63228,44.53735,01-03-2021 00:00,7761.2,7257.55859375,-503.6414062499998,503.6414062499998,253654.66608947737,6.489220819589751,25.3,1.7,2329.1,7704.3,0.2321346702015269,16.8,882.8
1206,29,cnn1d,loso,Najran - University,17.63228,44.53735,01-04-2021 00:00,7654.8,7056.5009765625,-598.2990234375002,598.2990234375002,357961.7214462664,7.8159981114790735,27.2,1.9,3048.7,6030.8,0.3357784018943774,19.8,882.3
1207,29,cnn1d,loso,Najran - University,17.63228,44.53735,01-05-2021 00:00,8035.1,7738.283203125,-296.81679687500036,296.81679687500036,88100.21090713523,3.6940025248596826,31.9,2.2,3182.8,6322.6,0.3348412481326404,13.3,879.8
1208,29,cnn1d,loso,Najran - University,17.63228,44.53735,01-07-2021 00:00,7113.9,6988.6484375,-125.25156249999964,125.25156249999964,15687.953908691316,1.7606595889736942,33.3,2.7,3549.2,4540.4,0.43873615506329117,23.4,875.0
1209,29,cnn1d,loso,Najran - University,17.63228,44.53735,01-08-2021 00:00,7387.7,7360.9365234375,-26.763476562499818,26.763476562499818,716.283677711477,0.36227075493725813,33.9,2.5,3338.4,5179.2,0.39194139194139194,17.8,877.0
1210,29,cnn1d,loso,Najran - University,17.63228,44.53735,01-09-2021 00:00,7591.2,7433.619140625,-157.58085937499982,157.58085937499982,24831.727241363467,2.0758359597296847,30.9,2.1,2482.8,6939.1,0.2635137286534563,15.1,879.2
1211,29,cnn1d,loso,Najran - University,17.63228,44.53735,01-10-2021 00:00,7029.5,6528.4248046875,-501.0751953125,501.0751953125,251076.35135746002,7.128176901806673,26.9,1.9,1824.4,7831.0,0.1889512604345755,20.8,883.3
1212,29,cnn1d,loso,Najran - University,17.63228,44.53735,01-11-2021 00:00,6370.7,6071.7060546875,-298.9939453124998,298.9939453124998,89397.37933353413,4.693266757381447,22.5,1.3,1258.6,8607.1,0.12757330954721913,25.3,885.1
1213,29,cnn1d,loso,Najran - University,17.63228,44.53735,01-12-2021 00:00,5952.6,5425.53759765625,-527.0624023437504,527.0624023437504,277794.7759643654,8.854322520306258,19.0,1.1,1067.6,8876.4,0.10736122284794851,32.0,885.6
92,30,cnn1d,loso,Osfan - KAU,21.89252,39.2539,01-01-2017 00:00,4327.0,4150.16162109375,-176.83837890625,176.83837890625,31271.812254190445,4.086858768344118,24.4,2.9,1567.1,4919.9,0.24157545860952673,71.7,1001.7
93,30,cnn1d,loso,Osfan - KAU,21.89252,39.2539,01-02-2017 00:00,4364.7,4396.548828125,31.848828125000182,31.848828125000182,1014.3478529358026,0.7296911156551465,23.8,3.9,2375.4,3136.0,0.4309975686758356,54.7,1001.3
94,30,cnn1d,loso,Osfan - KAU,21.89252,39.2539,01-03-2017 00:00,5568.6,5519.47216796875,-49.127832031250364,49.127832031250364,2413.543880090749,0.8822295016925324,25.9,3.6,2671.2,4086.5,0.395282418574367,64.0,997.8
95,30,cnn1d,loso,Osfan - KAU,21.89252,39.2539,01-04-2017 00:00,6123.2,5801.4697265625,-321.7302734374998,321.7302734374998,103510.3688461684,5.254283274064212,30.2,3.8,2994.4,4025.6,0.42655270655270655,53.4,996.6
96,30,cnn1d,loso,Osfan - KAU,21.89252,39.2539,01-05-2017 00:00,6547.2,6647.1083984375,99.90839843750018,99.90839843750018,9981.68807834629,1.5259713837594726,32.7,3.6,2983.5,4517.1,0.39776817854571633,49.6,995.2
97,30,cnn1d,loso,Osfan - KAU,21.89252,39.2539,01-10-2017 00:00,5653.9,6178.517578125,524.6175781250004,524.6175781250004,275223.6032777409,9.278861991280362,30.6,2.7,1764.7,5868.9,0.23117533011947183,72.4,996.7
98,30,cnn1d,loso,Osfan - KAU,21.89252,39.2539,01-11-2017 00:00,4491.7,4550.5126953125,58.81269531250018,58.81269531250018,3458.9331299209807,1.3093638335708127,28.1,3.0,1781.3,4614.5,0.27851089777666593,69.8,999.3
99,30,cnn1d,loso,Osfan - KAU,21.89252,39.2539,01-03-2018 00:00,6460.5,6097.0390625,-363.4609375,363.4609375,132103.8530883789,5.625894861078864,28.2,3.2,2231.4,6115.0,0.26734879708616893,49.9,997.8
100,30,cnn1d,loso,Osfan - KAU,21.89252,39.2539,01-04-2018 00:00,7129.6,7087.89501953125,-41.704980468750364,41.704980468750364,1739.3053958988494,0.5849554037919429,29.4,3.2,2679.4,5946.1,0.31063706451799894,46.2,995.7
101,30,cnn1d,loso,Osfan - KAU,21.89252,39.2539,01-05-2018 00:00,7282.0,7259.36962890625,-22.63037109375,22.63037109375,512.1336958408356,0.310771369043532,33.3,3.7,3148.5,5293.3,0.37296548129545837,39.5,993.8
102,30,cnn1d,loso,Osfan - KAU,21.89252,39.2539,01-06-2018 00:00,7254.0,7335.70556640625,81.70556640625,81.70556640625,6675.7995817661285,1.1263518942135373,33.9,3.3,3114.1,5273.3,0.3712831151489139,46.5,991.6
103,30,cnn1d,loso,Osfan - KAU,21.89252,39.2539,01-07-2018 00:00,7178.2,7265.38671875,87.18671875000018,87.18671875000018,7601.523926391634,1.2146042009138807,34.7,3.0,2931.9,5391.5,0.35224787947233105,44.5,991.7
104,30,cnn1d,loso,Osfan - KAU,21.89252,39.2539,01-08-2018 00:00,6917.8,7010.3515625,92.55156249999982,92.55156249999982,8565.791721191372,1.3378756613374168,34.5,3.2,2527.4,5710.6,0.30679776644816703,51.0,992.0
105,30,cnn1d,loso,Osfan - KAU,21.89252,39.2539,01-09-2018 00:00,6019.8,6027.17041015625,7.370410156249818,7.370410156249818,54.32294587135047,0.12243613004169272,33.7,2.9,3098.6,3795.7,0.4494437433822143,64.1,993.4
106,30,cnn1d,loso,Osfan - KAU,21.89252,39.2539,01-10-2018 00:00,5231.0,5304.685546875,73.685546875,73.685546875,5429.559818267822,1.4086321329573694,31.5,2.7,2130.2,4637.2,0.3147737683600792,59.5,997.4
107,30,cnn1d,loso,Osfan - KAU,21.89252,39.2539,01-11-2018 00:00,4096.6,4040.232421875,-56.367578125000364,56.367578125000364,3177.3038636780198,1.375960018674031,27.7,3.1,1787.2,4049.0,0.30622665432987217,56.0,999.3
108,30,cnn1d,loso,Osfan - KAU,21.89252,39.2539,01-12-2018 00:00,3975.6,3791.9580078125,-183.6419921874999,183.6419921874999,33724.381294593775,4.619227089936108,25.3,3.0,1781.4,4062.4,0.30483589445223996,62.7,1001.6
109,30,cnn1d,loso,Osfan - KAU,21.89252,39.2539,01-01-2019 00:00,4045.3,3747.4228515625,-297.8771484375002,297.8771484375002,88730.79556125651,7.363536658282456,24.7,3.2,2080.9,3446.8,0.3764495178826636,64.3,1001.7
110,30,cnn1d,loso,Osfan - KAU,21.89252,39.2539,01-02-2019 00:00,4778.0,4413.61865234375,-364.38134765625,364.38134765625,132773.76651978493,7.626231637845332,24.5,3.7,2226.6,4016.0,0.35667830711562487,54.3,1000.8
111,30,cnn1d,loso,Osfan - KAU,21.89252,39.2539,01-03-2019 00:00,6251.3,5825.03564453125,-426.2643554687502,426.2643554687502,181701.300743189,6.818811374734059,24.9,4.0,2396.7,5632.6,0.2984942647553336,51.1,999.6
112,30,cnn1d,loso,Osfan - KAU,21.89252,39.2539,01-04-2019 00:00,6915.2,6740.8896484375,-174.31035156249982,174.31035156249982,30384.098661842283,2.5206841676668765,28.4,3.6,2699.6,5723.3,0.3205071887354712,48.7,996.9
113,30,cnn1d,loso,Osfan - KAU,21.89252,39.2539,01-05-2019 00:00,6965.7,6957.72900390625,-7.970996093749818,7.970996093749818,63.53677872657486,0.11443209000889815,33.6,3.1,2870.1,5217.8,0.354863437975247,41.3,994.8
114,30,cnn1d,loso,Osfan - KAU,21.89252,39.2539,01-06-2019 00:00,7003.8,6976.5927734375,-27.207226562500182,27.207226562500182,740.2331772232154,0.38846378483823324,35.0,3.7,3122.0,4851.0,0.3915715539947322,43.0,992.2
115,30,cnn1d,loso,Osfan - KAU,21.89252,39.2539,01-07-2019 00:00,7240.6,7372.1025390625,131.50253906249964,131.50253906249964,17292.917779884243,1.8161829000704308,34.6,3.2,2705.0,5875.9,0.31523499865981425,45.7,990.9
116,30,cnn1d,loso,Osfan - KAU,21.89252,39.2539,01-08-2019 00:00,6971.0,6923.93408203125,-47.06591796875,47.06591796875,2215.200634241104,0.6751673786938747,34.4,3.3,2505.4,5849.7,0.2998647532644732,51.7,992.6
117,30,cnn1d,loso,Osfan - KAU,21.89252,39.2539,01-09-2019 00:00,6188.8,6209.93505859375,21.135058593749818,21.135058593749818,446.690701761238,0.3415049540096597,32.9,3.0,2592.7,4759.2,0.35265713625049305,61.5,992.8
118,30,cnn1d,loso,Osfan - KAU,21.89252,39.2539,01-10-2019 00:00,5377.9,5499.884765625,121.98476562500036,121.98476562500036,14880.283044586271,2.2682602061213553,31.6,2.9,2163.3,4866.9,0.3077152854826321,59.4,996.8
119,30,cnn1d,loso,Osfan - KAU,21.89252,39.2539,01-11-2019 00:00,4634.7,4824.4375,189.73750000000018,189.73750000000018,36000.31890625007,4.093846419401475,28.9,2.7,1693.7,5039.4,0.25154832098142016,57.3,998.2
120,30,cnn1d,loso,Osfan - KAU,21.89252,39.2539,01-12-2019 00:00,4307.9,4207.615234375,-100.28476562499964,100.28476562499964,10057.034216461108,2.32792696267322,25.2,3.7,1560.3,5176.9,0.2315947277800867,55.0,1000.8
121,30,cnn1d,loso,Osfan - KAU,21.89252,39.2539,01-01-2020 00:00,4818.4,4799.9912109375,-18.408789062499636,18.408789062499636,338.8835147476062,0.38205190649384935,21.9,4.0,1405.7,6219.5,0.1843492629701516,49.7,1003.4
122,30,cnn1d,loso,Osfan - KAU,21.89252,39.2539,01-02-2020 00:00,4959.4,5000.56298828125,41.162988281250364,41.162988281250364,1694.3916042423548,0.8299993604317127,23.4,3.5,2221.3,4385.6,0.3362091147134057,56.3,1002.0
123,30,cnn1d,loso,Osfan - KAU,21.89252,39.2539,01-03-2020 00:00,6308.6,6532.78271484375,224.18271484374964,224.18271484374964,50257.88963471397,3.5536048385339005,25.6,3.6,2436.8,5455.8,0.30874490028634416,54.4,998.1
124,30,cnn1d,loso,Osfan - KAU,21.89252,39.2539,01-09-2020 00:00,6212.3,6444.23095703125,231.93095703124982,231.93095703124982,53791.96882943145,3.7334152734293227,34.7,2.8,2468.7,5044.1,0.3285991907145139,56.4,992.0
125,30,cnn1d,loso,Osfan - KAU,21.89252,39.2539,01-10-2020 00:00,5750.3,6025.248046875,274.9480468749998,274.9480468749998,75596.4284803771,4.781455695789782,32.8,3.1,1698.5,6251.9,0.21363704970819078,45.7,996.6
126,30,cnn1d,loso,Osfan - KAU,21.89252,39.2539,01-11-2020 00:00,4439.9,4473.548828125,33.648828125000364,33.648828125000364,1132.2436341858156,0.7578735585261012,28.3,2.6,1592.7,4940.1,0.24380051432770022,61.0,999.5
127,30,cnn1d,loso,Osfan - KAU,21.89252,39.2539,01-12-2020 00:00,4033.0,4187.33349609375,154.33349609375,154.33349609375,23818.828016519547,3.826766578074634,26.2,2.1,1688.5,4413.6,0.27670801855099064,58.3,1000.7
128,30,cnn1d,loso,Osfan - KAU,21.89252,39.2539,01-01-2021 00:00,4348.2,4290.73388671875,-57.46611328124982,57.46611328124982,3302.354175653437,1.3216069472712806,25.2,3.3,1805.4,4510.2,0.28586357590727723,58.4,1000.9
129,30,cnn1d,loso,Osfan - KAU,21.89252,39.2539,01-02-2021 00:00,5016.3,5033.34716796875,17.047167968749818,17.047167968749818,290.6059357547698,0.33983549565914756,24.5,3.5,1814.4,5131.2,0.26123013130615064,58.0,1000.7
130,30,cnn1d,loso,Osfan - KAU,21.89252,39.2539,01-03-2021 00:00,6161.8,5978.41015625,-183.38984375000018,183.38984375000018,33631.83479064948,2.9762381730987726,27.4,3.3,2445.2,5248.1,0.3178349992850922,57.5,997.9
131,30,cnn1d,loso,Osfan - KAU,21.89252,39.2539,01-04-2021 00:00,6718.8,6552.09033203125,-166.70966796875018,166.70966796875018,27792.11339425093,2.481241709364026,29.7,3.4,2720.1,5245.5,0.3414808677312443,50.7,996.7
132,30,cnn1d,loso,Osfan - KAU,21.89252,39.2539,01-05-2021 00:00,7387.0,7135.193359375,-251.806640625,251.806640625,63406.5842628479,3.408780839650738,32.4,2.7,2251.1,6793.0,0.24890259948474694,53.1,994.1
133,30,cnn1d,loso,Osfan - KAU,21.89252,39.2539,01-07-2021 00:00,6627.9,6751.91796875,124.01796875000036,124.01796875000036,15380.456572876066,1.8711502700704652,33.9,3.2,3104.8,4465.3,0.41013989247169785,53.2,990.2
134,30,cnn1d,loso,Osfan - KAU,21.89252,39.2539,01-08-2021 00:00,6560.8,6717.1171875,156.31718749999982,156.31718749999982,24435.0631079101,2.3825933956224823,34.7,3.1,2739.0,4890.9,0.3589824244092321,56.1,991.1
135,30,cnn1d,loso,Osfan - KAU,21.89252,39.2539,01-09-2021 00:00,5972.5,5964.45849609375,-8.04150390625,8.04150390625,64.66578507423401,0.1346421750732524,32.8,3.2,2714.6,4315.4,0.3861450924608819,63.8,992.7
136,30,cnn1d,loso,Osfan - KAU,21.89252,39.2539,01-10-2021 00:00,5533.7,6004.04150390625,470.3415039062502,470.3415039062502,221221.13029679316,8.499584435481689,31.1,2.5,1853.6,5513.5,0.25160510920172113,65.5,996.5
137,30,cnn1d,loso,Osfan - KAU,21.89252,39.2539,01-11-2021 00:00,4506.5,4593.01123046875,86.51123046875,86.51123046875,7484.192997217178,1.9196988897980696,28.5,2.5,1386.1,5330.4,0.20637236655996424,62.1,998.9
737,31,cnn1d,loso,Rania - TVTC,21.21501,42.84853,01-02-2017 00:00,4696.4,4807.353515625,110.95351562500036,110.95351562500036,12310.6826295472,2.3625226902521157,17.8,3.4,2489.3,3360.3,0.4255504649890591,36.1,912.8
738,31,cnn1d,loso,Rania - TVTC,21.21501,42.84853,01-03-2017 00:00,5689.1,6028.58447265625,339.48447265624964,339.48447265624964,115249.70717469191,5.967279053914496,24.9,3.8,2849.3,3924.0,0.42066644028759986,33.7,909.1
739,31,cnn1d,loso,Rania - TVTC,21.21501,42.84853,01-05-2017 00:00,6588.7,6849.72705078125,261.0270507812502,261.0270507812502,68135.12123955737,3.961738291032377,32.0,3.1,3045.4,4398.2,0.40912999086463536,24.7,908.4
740,31,cnn1d,loso,Rania - TVTC,21.21501,42.84853,01-09-2017 00:00,6773.0,6432.46484375,-340.53515625,340.53515625,115964.19264221191,5.027833401003987,32.2,2.4,2290.2,6135.3,0.27181769627915253,10.7,907.5
741,31,cnn1d,loso,Rania - TVTC,21.21501,42.84853,01-11-2017 00:00,5252.1,5425.82080078125,173.72080078124964,173.72080078124964,30178.916624078625,3.3076445760981255,23.2,3.4,1461.4,6553.3,0.18233995034124795,27.3,912.5
742,31,cnn1d,loso,Rania - TVTC,21.21501,42.84853,01-03-2018 00:00,6647.4,6627.57958984375,-19.820410156249636,19.820410156249636,392.84865876196375,0.2981678574517802,25.9,3.7,2201.4,6323.8,0.25822268099282125,21.7,910.6
743,31,cnn1d,loso,Rania - TVTC,21.21501,42.84853,01-04-2018 00:00,6467.7,6520.97607421875,53.27607421875018,53.27607421875018,2838.3400841617777,0.8237251916253102,26.5,3.7,2885.1,4650.2,0.38287792125064696,33.9,908.7
744,31,cnn1d,loso,Rania - TVTC,21.21501,42.84853,01-05-2018 00:00,7521.3,7328.4716796875,-192.82832031250018,192.82832031250018,37182.76111454017,2.563763183392501,32.2,3.4,3333.3,5330.2,0.3847521209672765,15.8,907.5
745,31,cnn1d,loso,Rania - TVTC,21.21501,42.84853,01-03-2019 00:00,6513.2,6196.10693359375,-317.0930664062498,317.0930664062498,100548.01276291836,4.868468132503989,23.5,4.0,2723.0,5245.0,0.3417419678714859,21.2,910.1
746,31,cnn1d,loso,Rania - TVTC,21.21501,42.84853,01-04-2019 00:00,6275.2,7169.29296875,894.0929687500002,894.0929687500002,799402.2367681888,14.248039405118565,26.6,3.3,2881.5,4203.2,0.4067215266701484,30.5,909.1
747,31,cnn1d,loso,Rania - TVTC,21.21501,42.84853,01-05-2019 00:00,6095.7,6433.3388671875,337.6388671875002,337.6388671875002,114000.00463565839,5.538967914882625,29.9,3.5,2986.6,3704.0,0.446387468986339,27.3,908.9
748,31,cnn1d,loso,Rania - TVTC,21.21501,42.84853,01-06-2019 00:00,7328.3,7040.59814453125,-287.7018554687502,287.7018554687502,82772.35764016162,3.925901716206353,35.5,3.5,3051.8,5318.3,0.3646073523613816,11.0,905.7
749,31,cnn1d,loso,Rania - TVTC,21.21501,42.84853,01-08-2019 00:00,7292.2,7695.837890625,403.6378906250002,403.6378906250002,162923.54674819962,5.535200496763668,34.7,4.5,2803.0,5779.2,0.3266062315024119,14.6,904.7
750,31,cnn1d,loso,Rania - TVTC,21.21501,42.84853,01-09-2019 00:00,6885.3,7375.5927734375,490.2927734374998,490.2927734374998,240387.00368503554,7.120862902669452,33.3,2.4,2417.9,6088.5,0.28424480391234835,13.3,906.8
751,31,cnn1d,loso,Rania - TVTC,21.21501,42.84853,01-10-2019 00:00,6154.9,6267.04443359375,112.14443359375036,112.14443359375036,12576.373986063085,1.8220350224008575,29.1,2.4,1826.4,6564.4,0.21766696858464035,17.7,910.3
752,31,cnn1d,loso,Rania - TVTC,21.21501,42.84853,01-11-2019 00:00,4930.5,5087.8154296875,157.3154296875,157.3154296875,24748.144417762756,3.190658750380286,23.2,3.3,1798.3,5284.9,0.2538824260221369,36.1,911.8
753,31,cnn1d,loso,Rania - TVTC,21.21501,42.84853,01-02-2020 00:00,5547.4,6442.826171875,895.4261718750004,895.4261718750004,801788.0292787177,16.14136661994809,21.0,3.0,2340.1,4962.5,0.32044751184509623,24.9,912.6
754,31,cnn1d,loso,Rania - TVTC,21.21501,42.84853,01-03-2020 00:00,6522.9,6817.333984375,294.43398437500036,294.43398437500036,86691.37115493795,4.513850961612173,24.5,3.1,2867.5,5040.8,0.36259373063743155,19.3,909.6
755,31,cnn1d,loso,Rania - TVTC,21.21501,42.84853,01-04-2020 00:00,6893.6,7197.052734375,303.45273437499964,303.45273437499964,92083.56199966409,4.401948682473593,28.8,2.6,2695.2,5478.2,0.32975261213203805,24.1,908.5
756,31,cnn1d,loso,Rania - TVTC,21.21501,42.84853,01-05-2020 00:00,6454.6,6536.06591796875,81.46591796874964,81.46591796874964,6636.695790491045,1.2621373589184401,32.0,2.8,3106.1,4200.3,0.42512044235191065,20.0,908.6
757,31,cnn1d,loso,Rania - TVTC,21.21501,42.84853,01-09-2020 00:00,7093.5,7195.318359375,101.818359375,101.818359375,10366.97830581665,1.4353754757876929,32.2,2.1,2153.8,6819.7,0.2400178302780409,10.8,906.9
758,31,cnn1d,loso,Rania - TVTC,21.21501,42.84853,01-11-2020 00:00,5419.3,5247.35400390625,-171.94599609375018,171.94599609375018,29565.425572671953,3.172845129329437,23.5,3.0,1298.6,7125.5,0.15415296589546656,25.1,912.2
759,31,cnn1d,loso,Rania - TVTC,21.21501,42.84853,01-01-2021 00:00,5111.7,5590.42236328125,478.7223632812502,478.7223632812502,229175.1011055853,9.365228070529378,18.4,2.7,1789.6,5867.5,0.23371772603204866,30.1,913.5
760,31,cnn1d,loso,Rania - TVTC,21.21501,42.84853,01-04-2021 00:00,6991.2,6546.96875,-444.2312499999998,444.2312499999998,197341.40347656235,6.3541487870465705,27.9,2.6,2861.2,5265.2,0.3520870250049222,20.4,909.9
761,31,cnn1d,loso,Rania - TVTC,21.21501,42.84853,01-05-2021 00:00,7704.7,7589.083984375,-115.61601562499982,115.61601562499982,13367.063069000202,1.500590751424453,33.4,2.4,2755.5,6359.7,0.30229726171669297,10.9,907.0
762,31,cnn1d,loso,Rania - TVTC,21.21501,42.84853,01-07-2021 00:00,7095.6,6896.513671875,-199.08632812500036,199.08632812500036,39635.36604629531,2.80577157851345,36.1,4.2,3245.5,4820.7,0.40235798765217823,14.2,902.2
763,31,cnn1d,loso,Rania - TVTC,21.21501,42.84853,01-08-2021 00:00,7290.2,7500.091796875,209.89179687500018,209.89179687500018,44054.56639541634,2.879095180859238,36.0,3.4,2841.0,5704.4,0.33245956889086525,12.7,904.4
764,31,cnn1d,loso,Rania - TVTC,21.21501,42.84853,01-10-2021 00:00,6307.4,6581.92822265625,274.52822265625036,274.52822265625036,75365.74503479978,4.352478400866448,28.6,2.4,1759.3,6942.6,0.2021742378101334,14.5,910.8
630,32,cnn1d,loso,Riyadh - K.A.CARE City T2,24.52958,46.43635,01-01-2017 00:00,4453.5,4148.2705078125,-305.2294921875,305.2294921875,93165.04290103912,6.8536991621758165,15.5,4.1,1592.1,5395.1,0.22785951454087472,35.4,915.1
631,32,cnn1d,loso,Riyadh - K.A.CARE City T2,24.52958,46.43635,01-02-2017 00:00,4382.4,4360.4853515625,-21.914648437499636,21.914648437499636,480.25181613920523,0.5000604334953368,12.5,4.0,2183.0,3572.6,0.3792827854611161,45.5,915.3
632,32,cnn1d,loso,Riyadh - K.A.CARE City T2,24.52958,46.43635,01-03-2017 00:00,5313.7,5199.84765625,-113.85234374999982,113.85234374999982,12962.356177368123,2.142618961364018,19.9,5.0,2812.6,3552.7,0.4418644839991831,40.5,911.5
633,32,cnn1d,loso,Riyadh - K.A.CARE City T2,24.52958,46.43635,01-04-2017 00:00,6906.3,6856.03125,-50.26875000000018,50.26875000000018,2526.947226562518,0.7278680335346015,27.5,4.2,3176.3,4950.9,0.39082340781572994,20.8,912.2
634,32,cnn1d,loso,Riyadh - K.A.CARE City T2,24.52958,46.43635,01-05-2017 00:00,7135.2,6812.42431640625,-322.7756835937498,322.7756835937498,104184.14191941249,4.52370898634586,32.1,4.1,3651.4,4332.6,0.45733967935871744,19.4,909.9
635,32,cnn1d,loso,Riyadh - K.A.CARE City T2,24.52958,46.43635,01-06-2017 00:00,8050.4,7836.9091796875,-213.49082031249964,213.49082031249964,45578.330357704006,2.6519281068331964,35.0,4.2,2687.6,7045.4,0.2761327442720641,10.3,906.8
636,32,cnn1d,loso,Riyadh - K.A.CARE City T2,24.52958,46.43635,01-09-2017 00:00,7016.5,6783.51953125,-232.98046875,232.98046875,54279.89881896973,3.3204655989453427,33.0,3.3,2178.3,6788.4,0.24293218240824382,11.4,909.2
637,32,cnn1d,loso,Riyadh - K.A.CARE City T2,24.52958,46.43635,01-10-2017 00:00,6247.4,6118.13818359375,-129.26181640624964,129.26181640624964,16708.61718064299,2.0690497872114744,28.3,3.5,1682.9,7268.5,0.18800411108876824,17.3,913.0
638,32,cnn1d,loso,Riyadh - K.A.CARE City T2,24.52958,46.43635,01-11-2017 00:00,4778.9,4845.169921875,66.26992187500036,66.26992187500036,4391.702545318652,1.386719158697616,20.5,3.7,1551.5,5817.6,0.21054131440745816,36.4,914.9
639,32,cnn1d,loso,Riyadh - K.A.CARE City T2,24.52958,46.43635,01-03-2018 00:00,6516.1,6749.474609375,233.37460937499964,233.37460937499964,54463.70830093367,3.581507487223947,23.4,4.2,2321.5,6119.7,0.2750201393166848,24.6,912.7
640,32,cnn1d,loso,Riyadh - K.A.CARE City T2,24.52958,46.43635,01-04-2018 00:00,6333.4,5838.08447265625,-495.31552734374964,495.31552734374964,245337.4716278168,7.820689161331192,23.9,4.4,3398.0,3732.5,0.47654442184980017,37.1,910.3
641,32,cnn1d,loso,Riyadh - K.A.CARE City T2,24.52958,46.43635,01-05-2018 00:00,6973.1,6816.8583984375,-156.24160156250036,156.24160156250036,24411.438058815114,2.2406333131964313,30.2,4.7,3305.2,4630.5,0.4164975994556246,19.2,909.3
642,32,cnn1d,loso,Riyadh - K.A.CARE City T2,24.52958,46.43635,01-06-2018 00:00,7410.6,7592.181640625,181.58164062499964,181.58164062499964,32971.892212066516,2.4502960708309667,34.9,4.2,2911.6,5774.3,0.33520993794540577,12.7,906.1
643,32,cnn1d,loso,Riyadh - K.A.CARE City T2,24.52958,46.43635,01-07-2018 00:00,7248.4,7218.19287109375,-30.207128906249636,30.207128906249636,912.4706367587823,0.4167420245329954,35.5,4.1,2646.8,5873.9,0.3106317556069337,11.9,903.8
644,32,cnn1d,loso,Riyadh - K.A.CARE City T2,24.52958,46.43635,01-08-2018 00:00,6973.3,6833.587890625,-139.71210937500018,139.71210937500018,19519.473506012015,2.0035293100110447,34.9,3.8,2200.2,6321.8,0.2581788312602675,13.1,905.2
645,32,cnn1d,loso,Riyadh - K.A.CARE City T2,24.52958,46.43635,01-09-2018 00:00,6134.3,6701.95751953125,567.6575195312498,567.6575195312498,322235.05948037124,9.253827160902626,34.1,3.8,2148.2,5530.4,0.2797645404110124,14.1,909.3
646,32,cnn1d,loso,Riyadh - K.A.CARE City T2,24.52958,46.43635,01-10-2018 00:00,4837.2,5543.86376953125,706.6637695312502,706.6637695312502,499373.68316811585,14.608942560391347,26.6,3.3,1889.3,4590.4,0.29157214068552556,31.7,914.0
647,32,cnn1d,loso,Riyadh - K.A.CARE City T2,24.52958,46.43635,01-11-2018 00:00,4170.4,4000.1689453125,-170.23105468749964,170.23105468749964,28978.611980018493,4.081887940904941,18.6,4.2,1939.7,3934.5,0.33020666643968544,61.9,914.7
648,32,cnn1d,loso,Riyadh - K.A.CARE City T2,24.52958,46.43635,01-12-2018 00:00,4232.3,4016.63427734375,-215.66572265625018,215.66572265625018,46511.703928842624,5.095709724174802,16.2,4.0,1421.4,5444.5,0.2070231142312006,53.7,915.9
649,32,cnn1d,loso,Riyadh - K.A.CARE City T2,24.52958,46.43635,01-01-2019 00:00,4320.6,4265.88330078125,-54.716699218750364,54.716699218750364,2993.9171733951966,1.2664143688087386,16.3,4.2,2091.7,4040.2,0.34111776121593634,38.3,915.5
650,32,cnn1d,loso,Riyadh - K.A.CARE City T2,24.52958,46.43635,01-02-2019 00:00,5126.5,4436.318359375,-690.181640625,690.181640625,476350.69705581665,13.463018445820735,15.8,4.3,2088.4,5041.8,0.29289500995764495,39.8,914.1
651,32,cnn1d,loso,Riyadh - K.A.CARE City T2,24.52958,46.43635,01-03-2019 00:00,6260.1,4806.6328125,-1453.4671875000004,1453.4671875000004,2112566.8651391612,23.217954785067334,18.5,4.7,2449.2,5593.9,0.30450945530951995,29.3,912.0
652,32,cnn1d,loso,Riyadh - K.A.CARE City T2,24.52958,46.43635,01-04-2019 00:00,6572.3,6211.99609375,-360.3039062500002,360.3039062500002,129818.90485900892,5.482158547996899,23.0,4.5,3001.1,4740.9,0.38763885300955825,33.8,911.1
653,32,cnn1d,loso,Riyadh - K.A.CARE City T2,24.52958,46.43635,01-05-2019 00:00,6652.3,6629.92041015625,-22.379589843750182,22.379589843750182,500.84604157448626,0.33641883023541,30.0,3.7,3106.9,4519.9,0.40736612996276295,23.2,910.1
654,32,cnn1d,loso,Riyadh - K.A.CARE City T2,24.52958,46.43635,01-06-2019 00:00,7644.4,7668.111328125,23.711328125000364,23.711328125000364,562.2270814514333,0.31017906081576535,35.7,3.7,2665.4,6523.1,0.2900799912934647,12.2,907.0
655,32,cnn1d,loso,Riyadh - K.A.CARE City T2,24.52958,46.43635,01-07-2019 00:00,8069.1,7781.3671875,-287.73281250000036,287.73281250000036,82790.17138916037,3.5658600401531815,35.8,4.2,2377.9,7498.8,0.24075855295797177,11.8,904.2
656,32,cnn1d,loso,Riyadh - K.A.CARE City T2,24.52958,46.43635,01-08-2019 00:00,7727.3,7693.79638671875,-33.50361328125018,33.50361328125018,1122.4921028995636,0.4335746416115614,35.2,3.8,2122.5,7538.9,0.21968865795847395,12.1,905.5
657,32,cnn1d,loso,Riyadh - K.A.CARE City T2,24.52958,46.43635,01-09-2019 00:00,6933.8,6825.04931640625,-108.75068359375018,108.75068359375018,11826.711182107965,1.568413908589088,33.4,3.6,2000.0,7014.8,0.22185739006966324,15.8,908.7
658,32,cnn1d,loso,Riyadh - K.A.CARE City T2,24.52958,46.43635,01-10-2019 00:00,5863.3,5631.3544921875,-231.94550781250018,231.94550781250018,53798.71859439858,3.9558867499957393,28.9,3.5,1793.0,6434.5,0.21792768155575812,23.9,912.5
659,32,cnn1d,loso,Riyadh - K.A.CARE City T2,24.52958,46.43635,01-11-2019 00:00,4330.5,4242.67919921875,-87.82080078125,87.82080078125,7712.493049860001,2.027959837922873,19.7,3.8,1792.0,4585.7,0.28097903632971133,45.1,914.6
660,32,cnn1d,loso,Riyadh - K.A.CARE City T2,24.52958,46.43635,01-12-2019 00:00,4290.2,4247.5361328125,-42.66386718749982,42.66386718749982,1820.2055633926236,0.9944493773600257,15.8,3.9,1308.1,5898.7,0.18150913026586002,47.8,914.8
661,32,cnn1d,loso,Riyadh - K.A.CARE City T2,24.52958,46.43635,01-01-2020 00:00,4711.8,4559.45849609375,-152.34150390625018,152.34150390625018,23207.93381241804,3.233191220048605,12.9,3.8,1245.2,6602.5,0.15867069332415867,42.8,915.0
662,32,cnn1d,loso,Riyadh - K.A.CARE City T2,24.52958,46.43635,01-02-2020 00:00,5374.6,4966.19189453125,-408.40810546875036,408.40810546875036,166797.18061257392,7.598855830550187,17.1,4.2,2102.5,5382.8,0.2808838657101252,28.7,914.9
663,32,cnn1d,loso,Riyadh - K.A.CARE City T2,24.52958,46.43635,01-03-2020 00:00,6459.8,6043.9755859375,-415.8244140625002,415.8244140625002,172909.9433304216,6.437109725726805,20.8,4.1,2661.8,5521.4,0.32527617557923555,25.9,911.5
664,32,cnn1d,loso,Riyadh - K.A.CARE City T2,24.52958,46.43635,01-04-2020 00:00,6450.3,6360.64306640625,-89.65693359375018,89.65693359375018,8038.36574143413,1.3899653286475075,25.4,4.7,3234.6,4214.9,0.43420363782804217,31.9,910.6
665,32,cnn1d,loso,Riyadh - K.A.CARE City T2,24.52958,46.43635,01-05-2020 00:00,7466.7,7338.318359375,-128.38164062499982,128.38164062499982,16481.845649566603,1.7193892968111726,31.1,4.1,3115.5,5659.6,0.35503868901778896,16.7,910.4
666,32,cnn1d,loso,Riyadh - K.A.CARE City T2,24.52958,46.43635,01-09-2020 00:00,6797.3,6855.3251953125,58.02519531249982,58.02519531249982,3366.9232910537507,0.8536506452929813,32.8,3.3,1985.8,6821.4,0.22547461168135163,15.0,908.8
667,32,cnn1d,loso,Riyadh - K.A.CARE City T2,24.52958,46.43635,01-10-2020 00:00,6225.2,6242.61669921875,17.416699218750182,17.416699218750182,303.3414116764132,0.2797773440009989,25.8,3.0,1182.8,8258.0,0.125285992712482,16.5,913.4
668,32,cnn1d,loso,Riyadh - K.A.CARE City T2,24.52958,46.43635,01-11-2020 00:00,4766.4,4787.5478515625,21.147851562500364,21.147851562500364,447.23162570954906,0.44368604318773847,21.3,3.7,1291.5,6331.5,0.16942148760330578,37.4,914.8
669,32,cnn1d,loso,Riyadh - K.A.CARE City T2,24.52958,46.43635,01-12-2020 00:00,4173.6,4053.943359375,-119.65664062500036,119.65664062500036,14317.711645660487,2.8669887057935677,15.1,4.1,1383.0,5451.7,0.2023497739476495,52.1,916.0
670,32,cnn1d,loso,Riyadh - K.A.CARE City T2,24.52958,46.43635,01-01-2021 00:00,4551.4,4307.796875,-243.60312499999964,243.60312499999964,59342.48250976545,5.352267983477604,14.3,4.1,1493.6,5712.0,0.20728322415898742,43.8,916.0
671,32,cnn1d,loso,Riyadh - K.A.CARE City T2,24.52958,46.43635,01-02-2021 00:00,5049.4,4877.2646484375,-172.13535156249964,172.13535156249964,29630.579257545345,3.409025855794741,16.2,4.3,1831.4,5467.6,0.2509110837100973,40.3,914.7
672,32,cnn1d,loso,Riyadh - K.A.CARE City T2,24.52958,46.43635,01-10-2021 00:00,5891.9,5716.33740234375,-175.56259765624964,175.56259765624964,30822.22569581019,2.979728061512409,28.5,3.5,1655.6,6715.0,0.1977874943253769,20.3,913.1
673,32,cnn1d,loso,Riyadh - K.A.CARE City T2,24.52958,46.43635,01-11-2021 00:00,4901.4,4845.5654296875,-55.834570312499636,55.834570312499636,3117.4992419814657,1.139155553770344,21.6,3.1,1419.9,6272.1,0.18459438377535103,31.1,914.8
674,32,cnn1d,loso,Riyadh - K.A.CARE City T2,24.52958,46.43635,01-12-2021 00:00,4047.2,3991.85791015625,-55.34208984374982,55.34208984374982,3062.7469082736766,1.3674167286951429,16.2,3.1,1548.3,4877.7,0.24094304388422036,38.6,915.8
1263,33,cnn1d,loso,Riyadh - K.A.CARE HQ,24.707744,46.6792,01-01-2017 00:00,4098.6,4472.5478515625,373.94785156249964,373.94785156249964,139836.99568820925,9.123794748511676,17.1,2.6,1584.2,4669.2,0.25333418620270576,33.9,941.6
1264,33,cnn1d,loso,Riyadh - K.A.CARE HQ,24.707744,46.6792,01-02-2017 00:00,4242.8,4430.33154296875,187.53154296874982,187.53154296874982,35168.07960824006,4.4199948847164565,14.6,2.7,2143.2,3405.3,0.3862665585293322,41.5,942.2
1265,33,cnn1d,loso,Riyadh - K.A.CARE HQ,24.707744,46.6792,01-03-2017 00:00,4810.7,4831.41845703125,20.718457031250182,20.718457031250182,429.2544617557601,0.43067447629763195,22.3,3.1,2674.1,3030.1,0.46879492303916415,36.8,937.6
1266,33,cnn1d,loso,Riyadh - K.A.CARE HQ,24.707744,46.6792,01-04-2017 00:00,6469.9,6861.8515625,391.95156250000036,391.95156250000036,153626.0273461917,6.058077597799045,30.2,3.1,3096.4,4439.3,0.41089746141698846,19.4,937.4
1267,33,cnn1d,loso,Riyadh - K.A.CARE HQ,24.707744,46.6792,01-05-2017 00:00,6540.2,6943.27734375,403.0773437500002,403.0773437500002,162471.3450445558,6.163073663649433,35.4,3.0,3515.4,3740.9,0.4844617780411504,17.1,934.6
1268,33,cnn1d,loso,Riyadh - K.A.CARE HQ,24.707744,46.6792,01-06-2017 00:00,7492.8,7771.85107421875,279.0510742187498,279.0510742187498,77869.50202263822,3.7242562756079143,38.1,3.4,2536.9,6475.5,0.28148994718388,9.9,931.1
1269,33,cnn1d,loso,Riyadh - K.A.CARE HQ,24.707744,46.6792,01-09-2017 00:00,6676.1,6594.22216796875,-81.87783203125036,81.87783203125036,6703.979378137648,1.2264320790768617,36.2,2.6,2089.3,6434.0,0.24512806072765247,10.9,933.6
1270,33,cnn1d,loso,Riyadh - K.A.CARE HQ,24.707744,46.6792,01-10-2017 00:00,5822.8,5942.90625,120.10624999999982,120.10624999999982,14425.511289062457,2.0626889125506596,31.4,2.4,1702.9,6489.5,0.20786338557687614,16.8,937.9
1271,33,cnn1d,loso,Riyadh - K.A.CARE HQ,24.707744,46.6792,01-11-2017 00:00,4407.8,4595.62744140625,187.82744140624982,187.82744140624982,35279.14774521821,4.26125144984459,23.2,2.5,1544.6,5084.4,0.23300648664957005,32.7,941.0
1272,33,cnn1d,loso,Riyadh - K.A.CARE HQ,24.707744,46.6792,01-03-2018 00:00,6302.3,6306.38525390625,4.085253906249818,4.085253906249818,16.6892994785294,0.06482163505783314,26.2,2.7,2322.3,5757.1,0.2874347104983043,21.9,938.5
1273,33,cnn1d,loso,Riyadh - K.A.CARE HQ,24.707744,46.6792,01-04-2018 00:00,6082.4,6191.24169921875,108.84169921875036,108.84169921875036,11846.515488824924,1.7894531635333153,27.1,3.1,3386.4,3416.9,0.4977584407566916,31.5,935.7
1274,33,cnn1d,loso,Riyadh - K.A.CARE HQ,24.707744,46.6792,01-05-2018 00:00,7086.7,7095.888671875,9.188671875000182,9.188671875000182,84.43169082641936,0.12966079945532027,33.3,3.2,3467.3,4535.6,0.4332554449012233,16.8,934.2
1275,33,cnn1d,loso,Riyadh - K.A.CARE HQ,24.707744,46.6792,01-06-2018 00:00,7754.9,7542.8623046875,-212.03769531249964,212.03769531249964,44959.98423343643,2.7342415158480398,37.8,3.5,3174.8,5832.1,0.3524853168126658,11.3,930.2
1276,33,cnn1d,loso,Riyadh - K.A.CARE HQ,24.707744,46.6792,01-07-2018 00:00,7531.5,7326.93798828125,-204.56201171875,204.56201171875,41845.61663842201,2.7160859286828654,38.3,3.2,2885.3,5908.8,0.32809497276583166,10.5,927.8
1277,33,cnn1d,loso,Riyadh - K.A.CARE HQ,24.707744,46.6792,01-08-2018 00:00,7326.4,7417.67578125,91.27578125000036,91.27578125000036,8331.268242797918,1.2458476366291817,37.6,3.1,2438.2,6450.5,0.27430332894574005,11.6,929.4
1278,33,cnn1d,loso,Riyadh - K.A.CARE HQ,24.707744,46.6792,01-09-2018 00:00,6539.8,6494.07421875,-45.72578125000018,45.72578125000018,2090.847070922868,0.6991923491544112,37.4,2.9,2324.2,5837.6,0.2847656154279693,12.6,933.7
1279,33,cnn1d,loso,Riyadh - K.A.CARE HQ,24.707744,46.6792,01-10-2018 00:00,5113.3,5469.11328125,355.8132812499998,355.8132812499998,126603.09111389147,6.9585841090880605,29.6,2.4,2007.3,4774.6,0.2959790029342809,28.3,939.4
1280,33,cnn1d,loso,Riyadh - K.A.CARE HQ,24.707744,46.6792,01-11-2018 00:00,3924.8,4068.19140625,143.39140624999982,143.39140624999982,20561.09538635249,3.653470399765588,21.4,2.7,1902.8,3547.2,0.3491376146788991,53.4,941.1
1281,33,cnn1d,loso,Riyadh - K.A.CARE HQ,24.707744,46.6792,01-12-2018 00:00,3989.0,4091.846923828125,102.846923828125,102.846923828125,10577.489740908146,2.578263319832665,18.5,2.6,1469.9,4769.5,0.23558354970029172,48.2,942.7
1282,33,cnn1d,loso,Riyadh - K.A.CARE HQ,24.707744,46.6792,01-01-2019 00:00,4154.9,4417.02294921875,262.12294921875036,262.12294921875036,68708.44050713559,6.308766738519589,18.2,2.7,2126.0,3618.2,0.3701124612652763,34.7,942.0
1283,33,cnn1d,loso,Riyadh - K.A.CARE HQ,24.707744,46.6792,01-02-2019 00:00,4844.9,4811.7626953125,-33.137304687499636,33.137304687499636,1098.0809619521854,0.683962614037434,18.0,3.1,2038.2,4674.0,0.30365602931974617,34.9,940.5
1284,33,cnn1d,loso,Riyadh - K.A.CARE HQ,24.707744,46.6792,01-03-2019 00:00,6177.3,6012.4970703125,-164.80292968750018,164.80292968750018,27160.00563358313,2.6678796511016167,20.7,3.3,2522.5,5358.4,0.32007765610526717,27.1,938.1
1285,33,cnn1d,loso,Riyadh - K.A.CARE HQ,24.707744,46.6792,01-04-2019 00:00,6201.2,6224.2236328125,23.023632812500182,23.023632812500182,530.087667884835,0.3712770562552438,25.6,3.1,2914.4,4333.6,0.4020971302428256,30.0,936.7
1286,33,cnn1d,loso,Riyadh - K.A.CARE HQ,24.707744,46.6792,01-05-2019 00:00,6293.4,6499.69482421875,206.29482421875036,206.29482421875036,42557.55449944511,3.277955067511208,33.1,2.7,3011.6,4159.6,0.4199576082106202,20.4,935.0
1287,33,cnn1d,loso,Riyadh - K.A.CARE HQ,24.707744,46.6792,01-06-2019 00:00,7447.6,7521.75048828125,74.15048828124964,74.15048828124964,5498.294912347739,0.9956293071761324,38.8,2.9,2646.8,6268.4,0.2968862167982771,10.8,931.2
1288,33,cnn1d,loso,Riyadh - K.A.CARE HQ,24.707744,46.6792,01-07-2019 00:00,7800.8,7517.36376953125,-283.4362304687502,283.4362304687502,80336.09674233447,3.6334251675308966,38.8,3.5,2377.1,7142.7,0.2497006239626883,10.6,928.3
1289,33,cnn1d,loso,Riyadh - K.A.CARE HQ,24.707744,46.6792,01-08-2019 00:00,7400.6,7369.79248046875,-30.807519531250364,30.807519531250364,949.1032596683726,0.4162840787402422,38.0,3.0,2153.1,7024.4,0.23460637428493597,11.0,929.6
1290,33,cnn1d,loso,Riyadh - K.A.CARE HQ,24.707744,46.6792,01-09-2019 00:00,6625.9,6532.2646484375,-93.63535156249964,93.63535156249964,8767.579062232902,1.4131718191113605,36.8,2.8,1975.7,6583.0,0.23084113241496954,14.0,933.3
1291,33,cnn1d,loso,Riyadh - K.A.CARE HQ,24.707744,46.6792,01-10-2019 00:00,5582.8,5414.2021484375,-168.59785156250018,168.59785156250018,28425.235551490845,3.0199514860374754,31.9,2.5,1800.4,5925.4,0.23303735535478529,21.7,937.6
1292,33,cnn1d,loso,Riyadh - K.A.CARE HQ,24.707744,46.6792,01-11-2019 00:00,4037.4,4278.76611328125,241.3661132812499,241.3661132812499,58257.60064049716,5.978256137148906,22.2,2.5,1709.9,4156.5,0.291473476067094,40.6,940.8
1293,33,cnn1d,loso,Riyadh - K.A.CARE HQ,24.707744,46.6792,01-12-2019 00:00,3868.2,3903.65771484375,35.45771484375018,35.45771484375018,1257.2495419407019,0.9166463689506795,17.9,2.5,1249.2,5068.1,0.19774270653602014,44.3,941.8
1294,33,cnn1d,loso,Riyadh - K.A.CARE HQ,24.707744,46.6792,01-01-2020 00:00,4365.8,4337.17333984375,-28.626660156250182,28.626660156250182,819.4856717014417,0.6557025094198127,15.0,2.7,1284.0,5824.0,0.18064153066966798,38.5,942.2
1295,33,cnn1d,loso,Riyadh - K.A.CARE HQ,24.707744,46.6792,01-02-2020 00:00,5206.5,5293.42138671875,86.92138671875,86.92138671875,7555.327469110489,1.669478281355037,18.9,3.1,2164.8,4979.0,0.30303199977602957,26.8,941.5
1296,33,cnn1d,loso,Riyadh - K.A.CARE HQ,24.707744,46.6792,01-03-2020 00:00,6299.3,6384.4365234375,85.13652343749982,85.13652343749982,7248.227623023956,1.3515235571809538,23.1,3.0,2696.3,5170.0,0.342765976380255,24.0,937.3
1297,33,cnn1d,loso,Riyadh - K.A.CARE HQ,24.707744,46.6792,01-04-2020 00:00,6176.2,6347.49267578125,171.29267578125018,171.29267578125018,29341.18077630049,2.7734314915522518,27.8,3.1,3111.0,3991.0,0.43804562095184457,29.4,936.0
1298,33,cnn1d,loso,Riyadh - K.A.CARE HQ,24.707744,46.6792,01-05-2020 00:00,7168.5,7256.0322265625,87.5322265625,87.5322265625,7661.890686988831,1.2210675394085233,33.9,3.0,3117.4,5301.3,0.3702947010821148,14.7,935.2
1299,33,cnn1d,loso,Riyadh - K.A.CARE HQ,24.707744,46.6792,01-09-2020 00:00,6645.7,6711.16259765625,65.46259765625018,65.46259765625018,4285.351691904092,0.9850369059128486,35.6,2.8,2015.4,6533.6,0.23574687097906188,14.1,933.2
1300,33,cnn1d,loso,Riyadh - K.A.CARE HQ,24.707744,46.6792,01-10-2020 00:00,6005.1,5909.74951171875,-95.35048828125036,95.35048828125036,9091.715615472864,1.5878251533071948,28.3,2.4,1236.0,7759.2,0.13740661686232655,15.9,938.5
1301,33,cnn1d,loso,Riyadh - K.A.CARE HQ,24.707744,46.6792,01-11-2020 00:00,4552.7,4872.1904296875,319.4904296875002,319.4904296875002,102074.1346619035,7.017603393316059,23.6,2.7,1309.7,5832.6,0.18337230303963709,34.3,940.6
1302,33,cnn1d,loso,Riyadh - K.A.CARE HQ,24.707744,46.6792,01-12-2020 00:00,3870.4,4013.556640625,143.1566406249999,143.1566406249999,20493.823755035373,3.698755700315211,17.3,2.5,1472.9,4618.6,0.24179594516949848,46.6,942.6
1303,33,cnn1d,loso,Riyadh - K.A.CARE HQ,24.707744,46.6792,01-01-2021 00:00,4261.2,4314.431640625,53.23164062500018,53.23164062500018,2833.60756362917,1.2492171366047167,16.6,2.4,1517.5,5078.2,0.2300741392119108,38.3,942.7
1304,33,cnn1d,loso,Riyadh - K.A.CARE HQ,24.707744,46.6792,01-02-2021 00:00,4898.9,4955.3662109375,56.466210937500364,56.466210937500364,3188.4329776382856,1.1526304055502332,18.3,2.9,1792.8,5224.7,0.2554755967224795,36.0,941.2
1305,33,cnn1d,loso,Riyadh - K.A.CARE HQ,24.707744,46.6792,01-10-2021 00:00,5736.8,5814.20361328125,77.40361328124982,77.40361328124982,5991.319348993273,1.3492471984599397,31.2,2.7,1698.3,6358.3,0.21079611746890747,19.3,938.2
1306,33,cnn1d,loso,Riyadh - K.A.CARE HQ,24.707744,46.6792,01-11-2021 00:00,4751.9,4992.6103515625,240.71035156250036,240.71035156250036,57941.47334934252,5.065560124634365,24.0,2.5,1483.4,5832.1,0.20277492994327115,28.5,940.6
1307,33,cnn1d,loso,Riyadh - K.A.CARE HQ,24.707744,46.6792,01-12-2021 00:00,3876.0,4224.73583984375,348.73583984375,348.73583984375,121616.68599152565,8.997312689467234,18.1,2.5,1548.0,4454.6,0.2578882484256822,35.1,942.2
535,34,cnn1d,loso,Riyadh - KSU,24.72359,46.61639,01-01-2017 00:00,4379.7,4445.4443359375,65.74433593750018,65.74433593750018,4322.317707862878,1.501115052115446,16.9,1.9,1684.0,4945.2,0.2540276353104447,36.5,942.7
536,34,cnn1d,loso,Riyadh - KSU,24.72359,46.61639,01-02-2017 00:00,4482.8,4262.2587890625,-220.54121093750018,220.54121093750018,48638.42572177895,4.9197200619590475,14.5,2.0,2240.0,3624.6,0.381952733349248,44.1,943.2
537,34,cnn1d,loso,Riyadh - KSU,24.72359,46.61639,01-03-2017 00:00,5128.6,4983.171875,-145.42812500000036,145.42812500000036,21149.33954101573,2.83563009398277,22.3,2.2,2825.4,3235.2,0.4661914661914662,39.3,938.5
538,34,cnn1d,loso,Riyadh - KSU,24.72359,46.61639,01-04-2017 00:00,6876.9,6870.95703125,-5.942968749999636,5.942968749999636,35.31887756347224,0.08641929866654505,29.7,2.2,3292.8,4711.6,0.4113737444405577,21.4,938.4
539,34,cnn1d,loso,Riyadh - KSU,24.72359,46.61639,01-05-2017 00:00,7158.3,6891.53466796875,-266.7653320312502,266.7653320312502,71163.74237374315,3.7266576146745756,34.7,2.1,3808.4,4143.5,0.4789295640035715,19.2,935.5
540,34,cnn1d,loso,Riyadh - KSU,24.72359,46.61639,01-06-2017 00:00,8177.0,8101.0234375,-75.9765625,75.9765625,5772.438049316406,0.9291495964290082,37.0,2.3,2797.7,7017.4,0.2850403969394097,11.4,932.0
541,34,cnn1d,loso,Riyadh - KSU,24.72359,46.61639,01-09-2017 00:00,6742.2,6629.5263671875,-112.67363281249982,112.67363281249982,12695.347531166035,1.6711701345628998,35.1,1.6,2054.9,6637.3,0.23640735371942662,12.7,934.6
542,34,cnn1d,loso,Riyadh - KSU,24.72359,46.61639,01-10-2017 00:00,5978.9,5932.7939453125,-46.106054687499636,46.106054687499636,2125.7682788467073,0.7711461086069283,30.4,1.4,1745.2,6675.4,0.20725363988314371,19.1,938.9
543,34,cnn1d,loso,Riyadh - KSU,24.72359,46.61639,01-11-2017 00:00,4498.9,4431.3515625,-67.54843749999964,67.54843749999964,4562.791408691357,1.5014434083887094,22.8,1.6,1577.4,5164.4,0.23397312290486225,35.5,941.8
544,34,cnn1d,loso,Riyadh - KSU,24.72359,46.61639,01-03-2018 00:00,6286.7,6162.08203125,-124.61796874999982,124.61796874999982,15529.638135375932,1.9822477412632993,25.9,1.9,2318.5,5733.3,0.2879480364638963,23.0,939.4
545,34,cnn1d,loso,Riyadh - KSU,24.72359,46.61639,01-04-2018 00:00,6105.1,5929.73486328125,-175.36513671875036,175.36513671875036,30752.931176386006,2.8724367613757407,26.9,2.2,3399.3,3434.4,0.4974318451205057,33.4,936.7
546,34,cnn1d,loso,Riyadh - KSU,24.72359,46.61639,01-05-2018 00:00,7141.6,7048.955078125,-92.64492187500036,92.64492187500036,8583.08154922492,1.2972572235213446,33.1,2.2,3500.5,4557.7,0.4344022238216972,18.1,935.1
547,34,cnn1d,loso,Riyadh - KSU,24.72359,46.61639,01-06-2018 00:00,7787.4,7543.88720703125,-243.51279296874964,243.51279296874964,59298.48033944112,3.127010208397535,37.5,2.4,3191.4,5845.5,0.3531520764864058,12.6,931.0
548,34,cnn1d,loso,Riyadh - KSU,24.72359,46.61639,01-07-2018 00:00,7549.8,7156.16650390625,-393.6334960937502,393.6334960937502,154947.32924698843,5.213826804600787,38.0,2.2,2897.7,5911.1,0.3289551357733176,11.8,928.6
549,34,cnn1d,loso,Riyadh - KSU,24.72359,46.61639,01-08-2018 00:00,7345.4,7590.4287109375,245.02871093750036,245.02871093750036,60039.06918369311,3.3358116772061477,37.0,1.9,2459.3,6446.6,0.2761427817514232,13.3,930.3
550,34,cnn1d,loso,Riyadh - KSU,24.72359,46.61639,01-09-2018 00:00,6565.6,6539.97021484375,-25.629785156250364,25.629785156250364,656.8858871555515,0.39036470629112896,36.4,1.7,2366.5,5812.3,0.2893456252751015,14.3,934.6
551,34,cnn1d,loso,Riyadh - KSU,24.72359,46.61639,01-10-2018 00:00,5125.0,5522.48974609375,397.48974609375,397.48974609375,157998.09824967384,7.755897484756098,29.1,1.5,2006.4,4792.2,0.29511958344365014,30.6,940.2
552,34,cnn1d,loso,Riyadh - KSU,24.72359,46.61639,01-11-2018 00:00,3889.5,4004.45947265625,114.95947265625,114.95947265625,13215.680353403091,2.95563626831855,21.3,1.9,1887.6,3492.5,0.3508484972398282,56.6,941.9
553,34,cnn1d,loso,Riyadh - KSU,24.72359,46.61639,01-12-2018 00:00,3977.8,3966.775390625,-11.024609375000182,11.024609375000182,121.5420118713419,0.2771534359444965,18.4,1.8,1442.7,4760.7,0.2325660121868653,50.5,943.5
554,34,cnn1d,loso,Riyadh - KSU,24.72359,46.61639,01-01-2019 00:00,4125.2,4380.046875,254.84687500000018,254.84687500000018,64946.92969726572,6.17780653059246,18.2,1.9,2100.8,3592.9,0.368969211584734,36.5,942.9
555,34,cnn1d,loso,Riyadh - KSU,24.72359,46.61639,01-02-2019 00:00,4913.4,4657.45947265625,-255.94052734374964,255.94052734374964,65505.55353699665,5.20903096315687,18.1,2.2,2046.4,4755.0,0.30087923074661105,36.8,941.6
556,34,cnn1d,loso,Riyadh - KSU,24.72359,46.61639,01-03-2019 00:00,6189.1,5831.72607421875,-357.37392578125036,357.37392578125036,127716.12282830264,5.774247076008634,21.0,2.4,2525.2,5356.4,0.3203917986195696,28.0,939.2
557,34,cnn1d,loso,Riyadh - KSU,24.72359,46.61639,01-04-2019 00:00,6199.7,6296.84375,97.14375000000018,97.14375000000018,9436.908164062535,1.5669104956691482,25.7,2.2,2922.9,4329.2,0.40304187752513065,31.3,937.7
558,34,cnn1d,loso,Riyadh - KSU,24.72359,46.61639,01-05-2019 00:00,6209.3,6622.9296875,413.6296874999998,413.6296874999998,171089.5183813475,6.661454390994151,32.9,1.8,2962.2,4113.4,0.41865000847984624,21.9,935.9
559,34,cnn1d,loso,Riyadh - KSU,24.72359,46.61639,01-06-2019 00:00,7261.7,7577.7080078125,316.0080078125002,316.0080078125002,99861.06100162517,4.35170838526103,38.0,1.9,2606.6,6062.2,0.300687523071244,12.3,932.0
560,34,cnn1d,loso,Riyadh - KSU,24.72359,46.61639,01-07-2019 00:00,7737.8,7387.123046875,-350.6769531250002,350.6769531250002,122974.32545303357,4.531998153544937,38.0,2.3,2394.1,7027.0,0.2541210686650179,11.9,929.0
561,34,cnn1d,loso,Riyadh - KSU,24.72359,46.61639,01-08-2019 00:00,7412.5,7535.97412109375,123.47412109375,123.47412109375,15245.858579874039,1.6657554279089375,37.3,2.0,2176.6,7002.8,0.237117894415757,12.4,930.4
562,34,cnn1d,loso,Riyadh - KSU,24.72359,46.61639,01-09-2019 00:00,6639.2,6796.3642578125,157.16425781250018,157.16425781250018,24700.603933754024,2.367216800405172,35.9,1.7,2004.4,6547.9,0.23436970171766663,15.8,934.0
563,34,cnn1d,loso,Riyadh - KSU,24.72359,46.61639,01-10-2019 00:00,5614.5,5598.76171875,-15.73828125,15.73828125,247.69349670410156,0.28031492118621426,31.2,1.6,1800.2,5991.1,0.23105258429273678,23.6,938.3
564,34,cnn1d,loso,Riyadh - KSU,24.72359,46.61639,01-11-2019 00:00,4052.7,4218.365234375,165.66523437500018,165.66523437500018,27444.969880523742,4.087774431243373,22.1,1.7,1703.6,4160.2,0.2905283263412804,42.8,941.5
565,34,cnn1d,loso,Riyadh - KSU,24.72359,46.61639,01-12-2019 00:00,3978.1,4173.126953125,195.0269531250001,195.0269531250001,38035.512445220986,4.90251509828813,17.8,1.8,1288.7,5120.3,0.2010766110157591,46.3,942.3
566,34,cnn1d,loso,Riyadh - KSU,24.72359,46.61639,01-01-2020 00:00,4446.7,4168.20654296875,-278.4934570312498,278.4934570312498,77558.60560921658,6.262924349095956,14.8,1.8,1305.5,5841.8,0.1826563877268339,40.8,942.8
567,34,cnn1d,loso,Riyadh - KSU,24.72359,46.61639,01-02-2020 00:00,5154.1,5472.345703125,318.24570312499964,318.24570312499964,101280.32755752541,6.174612505093025,19.0,2.2,2118.4,4982.2,0.2983409852688505,27.8,942.4
568,34,cnn1d,loso,Riyadh - KSU,24.72359,46.61639,01-03-2020 00:00,6235.7,5904.3095703125,-331.3904296874998,331.3904296874998,109819.61688846577,5.314406236469038,23.1,2.0,2676.4,5101.0,0.34412528608532417,24.9,938.4
569,34,cnn1d,loso,Riyadh - KSU,24.72359,46.61639,01-04-2020 00:00,6285.3,6075.31640625,-209.98359375000018,209.98359375000018,44093.10964416512,3.340868275977283,28.4,2.3,3200.1,3992.3,0.4449279795339525,29.0,936.7
570,34,cnn1d,loso,Riyadh - KSU,24.72359,46.61639,01-05-2020 00:00,7182.2,7123.0283203125,-59.17167968749982,59.17167968749982,3501.2876770400785,0.8238656635501631,33.5,2.0,3132.4,5272.8,0.37267405891590916,16.3,936.2
571,34,cnn1d,loso,Riyadh - KSU,24.72359,46.61639,01-09-2020 00:00,6630.2,6708.1455078125,77.94550781250018,77.94550781250018,6075.502188148527,1.175613221509158,35.1,1.6,2016.9,6497.7,0.23687548446198295,15.2,934.1
572,34,cnn1d,loso,Riyadh - KSU,24.72359,46.61639,01-10-2020 00:00,5985.7,5977.2734375,-8.426562499999818,8.426562499999818,71.00695556640318,0.14077822978097498,27.8,1.4,1247.3,7725.2,0.1390136528280858,17.0,939.5
573,34,cnn1d,loso,Riyadh - KSU,24.72359,46.61639,01-11-2020 00:00,4530.7,4987.72119140625,457.0211914062502,457.0211914062502,208868.36939438837,10.087209292300312,23.5,1.8,1331.9,5734.9,0.18847285900266036,36.1,941.6
574,34,cnn1d,loso,Riyadh - KSU,24.72359,46.61639,01-12-2020 00:00,3933.7,4185.6787109375,251.97871093750018,251.97871093750018,63493.27076572427,6.405641277613956,17.5,1.7,1489.7,4640.4,0.24301398019608167,49.0,943.6
575,34,cnn1d,loso,Riyadh - KSU,24.72359,46.61639,01-01-2021 00:00,4327.6,4220.8115234375,-106.78847656250036,106.78847656250036,11403.77872653969,2.4676143026735455,16.7,1.6,1550.3,5067.0,0.2342798422317259,40.7,943.8
576,34,cnn1d,loso,Riyadh - KSU,24.72359,46.61639,01-02-2021 00:00,4880.6,4598.1748046875,-282.42519531250036,282.42519531250036,79763.99094730397,5.7866900650022615,18.5,2.0,1799.3,5203.8,0.25692907426711026,37.6,942.2
577,34,cnn1d,loso,Riyadh - KSU,24.72359,46.61639,01-03-2021 00:00,6313.1,6242.404296875,-70.69570312500036,70.69570312500036,4997.882440338186,1.1198254918344452,25.3,2.2,2866.7,4834.0,0.37226485903878864,20.6,939.3
578,34,cnn1d,loso,Riyadh - KSU,24.72359,46.61639,01-04-2021 00:00,6907.5,6975.4755859375,67.9755859375,67.9755859375,4620.680283546448,0.9840837631197974,29.6,1.9,3077.5,5034.0,0.3793996178265426,16.8,938.1
579,34,cnn1d,loso,Riyadh - KSU,24.72359,46.61639,01-05-2021 00:00,7581.9,7275.6982421875,-306.20175781249964,306.20175781249964,93759.51648746469,4.038588715394553,35.5,1.8,2738.9,6268.5,0.30407220729622314,12.8,934.2
580,34,cnn1d,loso,Riyadh - KSU,24.72359,46.61639,01-07-2021 00:00,7521.9,7487.16943359375,-34.730566406249636,34.730566406249636,1206.2122428989157,0.46172597889163164,39.5,2.0,2563.7,6441.0,0.28470687529845523,16.3,928.0
581,34,cnn1d,loso,Riyadh - KSU,24.72359,46.61639,01-08-2021 00:00,7314.8,7197.107421875,-117.69257812500018,117.69257812500018,13851.54294570927,1.6089650861951137,38.6,1.8,2211.4,6769.8,0.24622544871509375,13.5,930.7
582,34,cnn1d,loso,Riyadh - KSU,24.72359,46.61639,01-09-2021 00:00,6750.1,6666.05712890625,-84.04287109375036,84.04287109375036,7063.2041816807405,1.2450611264092437,34.3,2.1,1875.2,6940.9,0.21270176154989168,15.4,933.7
583,34,cnn1d,loso,Riyadh - KSU,24.72359,46.61639,01-10-2021 00:00,5645.1,5488.01220703125,-157.08779296875036,157.08779296875036,24676.574699792975,2.7827282593532505,30.8,1.6,1681.4,6241.3,0.2122256301513373,20.7,939.0
584,34,cnn1d,loso,Riyadh - KSU,24.72359,46.61639,01-11-2021 00:00,4651.8,4397.25146484375,-254.54853515625018,254.54853515625018,64794.95675019274,5.472043835853866,23.7,1.5,1465.7,5656.9,0.20578159660798026,30.5,941.5
585,34,cnn1d,loso,Riyadh - KSU,24.72359,46.61639,01-12-2021 00:00,3779.4,3909.25048828125,129.8504882812499,129.8504882812499,16861.14930687902,3.435743458783138,18.2,1.6,1528.9,4263.2,0.26396298406450164,37.3,943.2
1021,35,cnn1d,loso,Shaqra - University,25.17279,45.14198,01-01-2017 00:00,4376.5,4317.50390625,-58.99609375,58.99609375,3480.539077758789,1.3480199645835713,15.8,2.0,1651.9,5148.0,0.24293004308886898,37.4,928.8
1022,35,cnn1d,loso,Shaqra - University,25.17279,45.14198,01-02-2017 00:00,4770.5,4584.57275390625,-185.92724609375,185.92724609375,34568.940840005875,3.897437293653705,13.7,2.0,2193.4,4202.8,0.3429223601513398,42.1,929.2
1023,35,cnn1d,loso,Shaqra - University,25.17279,45.14198,01-03-2017 00:00,5267.3,5029.9091796875,-237.39082031250018,237.39082031250018,56354.40156864175,4.506878672422307,21.5,2.4,2988.1,3208.7,0.48220049057578107,39.0,924.4
1024,35,cnn1d,loso,Shaqra - University,25.17279,45.14198,01-04-2017 00:00,6521.1,6325.7548828125,-195.34511718750036,195.34511718750036,38159.71480899825,2.995585364240701,28.1,2.1,3339.2,4171.1,0.44461606061009545,23.4,924.6
1025,35,cnn1d,loso,Shaqra - University,25.17279,45.14198,01-05-2017 00:00,7071.3,6869.1806640625,-202.11933593750018,202.11933593750018,40852.22595981605,2.85830520466534,33.2,2.1,3783.9,4083.1,0.4809838566162451,18.9,922.0
1026,35,cnn1d,loso,Shaqra - University,25.17279,45.14198,01-06-2017 00:00,8038.0,7891.455078125,-146.544921875,146.544921875,21475.414127349854,1.8231515535580989,36.1,1.9,2708.2,7005.7,0.2787963639732754,9.7,918.9
1027,35,cnn1d,loso,Shaqra - University,25.17279,45.14198,01-09-2017 00:00,6905.7,6715.9716796875,-189.72832031249982,189.72832031249982,35996.83552860253,2.7474161969459985,34.1,1.6,2195.5,6640.8,0.24846372350418164,10.2,921.5
1028,35,cnn1d,loso,Shaqra - University,25.17279,45.14198,01-10-2017 00:00,6051.4,5696.666015625,-354.73398437499964,354.73398437499964,125836.19967056249,5.86201514319,28.9,1.6,1753.7,6887.0,0.2029580936729663,15.4,925.4
1029,35,cnn1d,loso,Shaqra - University,25.17279,45.14198,01-11-2017 00:00,4543.3,4447.16943359375,-96.13056640625018,96.13056640625018,9241.085797586476,2.1158753858704067,21.5,1.8,1716.0,5058.0,0.2533215234720992,35.9,927.9
1030,35,cnn1d,loso,Shaqra - University,25.17279,45.14198,01-03-2018 00:00,6267.0,6455.51416015625,188.51416015625,188.51416015625,35537.588579416275,3.0080446809677674,24.3,2.0,2527.2,5471.2,0.3159631926385277,24.0,925.5
1031,35,cnn1d,loso,Shaqra - University,25.17279,45.14198,01-06-2018 00:00,7855.3,7429.08349609375,-426.2165039062502,426.2165039062502,181660.5082020666,5.425846293664789,35.5,1.2,2937.8,6331.1,0.31695238917239366,12.5,918.2
1032,35,cnn1d,loso,Shaqra - University,25.17279,45.14198,01-07-2018 00:00,7713.6,7359.55224609375,-354.04775390625036,354.04775390625036,125349.81204606082,4.589915913532596,35.7,1.4,2713.8,6471.7,0.2954439061564422,11.7,916.1
1033,35,cnn1d,loso,Shaqra - University,25.17279,45.14198,01-08-2018 00:00,7504.7,7495.7744140625,-8.925585937499818,8.925585937499818,79.6660843276945,0.11893328097725184,35.2,1.2,2103.0,7323.4,0.22309683442247305,12.9,917.5
1034,35,cnn1d,loso,Shaqra - University,25.17279,45.14198,01-09-2018 00:00,6501.4,6319.765625,-181.63437499999964,181.63437499999964,32991.04618164049,2.793773264220009,35.1,1.0,2424.8,5671.4,0.2994985301746499,12.5,921.5
1035,35,cnn1d,loso,Shaqra - University,25.17279,45.14198,01-10-2018 00:00,5224.4,4936.55078125,-287.84921874999964,287.84921874999964,82857.17273498514,5.509708650754147,27.1,0.8,1942.9,5105.2,0.27566294462337365,31.4,926.9
1036,35,cnn1d,loso,Shaqra - University,25.17279,45.14198,01-11-2018 00:00,3692.9,3968.55517578125,275.6551757812499,275.6551757812499,75985.77593499179,7.464463586375205,18.7,0.8,1877.7,3227.1,0.36783027738598967,68.3,928.3
1037,35,cnn1d,loso,Shaqra - University,25.17279,45.14198,01-12-2018 00:00,4008.8,4025.54296875,16.742968749999818,16.742968749999818,280.32700256347044,0.4176553769207697,16.9,0.4,1548.2,4811.6,0.24343532815497343,54.8,929.5
1038,35,cnn1d,loso,Shaqra - University,25.17279,45.14198,01-01-2019 00:00,4012.7,4206.89453125,194.19453125000018,194.19453125000018,37711.5159674073,4.839497875495307,16.3,0.5,2337.2,3045.2,0.43423008323424495,41.7,928.9
1039,35,cnn1d,loso,Shaqra - University,25.17279,45.14198,01-02-2019 00:00,4614.9,4049.50732421875,-565.3926757812496,565.3926757812496,319668.87782708125,12.251461045336837,16.2,0.5,2060.4,4302.8,0.3237993462408851,43.0,927.8
1040,35,cnn1d,loso,Shaqra - University,25.17279,45.14198,01-03-2019 00:00,6134.1,5549.466796875,-584.6332031250004,584.6332031250004,341795.98219619796,9.530871735462421,19.3,0.9,2454.1,5459.8,0.31009995071961993,28.2,925.3
1041,35,cnn1d,loso,Shaqra - University,25.17279,45.14198,01-04-2019 00:00,6514.2,6247.14208984375,-267.0579101562498,267.0579101562498,71319.9273770236,4.0996271246853,23.6,0.5,2805.7,4983.8,0.36018999935811025,33.3,924.1
1042,35,cnn1d,loso,Shaqra - University,25.17279,45.14198,01-05-2019 00:00,6931.7,6827.4384765625,-104.26152343749982,104.26152343749982,10870.465269508324,1.5041263101043008,31.2,0.4,3084.3,4914.3,0.38560498087165257,22.6,922.3
1043,35,cnn1d,loso,Shaqra - University,25.17279,45.14198,01-06-2019 00:00,7617.1,7690.61083984375,73.51083984374964,73.51083984374964,5403.843574533409,0.9650764706220166,36.3,1.1,2765.3,6356.2,0.3031628569862413,11.4,919.0
1044,35,cnn1d,loso,Shaqra - University,25.17279,45.14198,01-07-2019 00:00,7863.9,7726.5009765625,-137.39902343749964,137.39902343749964,18878.491641578574,1.7472122412225441,36.2,1.4,2246.1,7477.3,0.2309994446387066,11.4,916.3
1045,35,cnn1d,loso,Shaqra - University,25.17279,45.14198,01-08-2019 00:00,7506.2,7378.99462890625,-127.20537109374982,127.20537109374982,16181.206435098602,1.6946706868155632,35.2,1.7,2065.5,7348.6,0.21940493515046577,12.1,917.7
1046,35,cnn1d,loso,Shaqra - University,25.17279,45.14198,01-09-2019 00:00,6681.2,6694.98583984375,13.785839843750182,13.785839843750182,190.04938019753004,0.20633778129303393,34.1,1.1,2028.3,6615.0,0.23466731456735276,13.9,920.9
1047,35,cnn1d,loso,Shaqra - University,25.17279,45.14198,01-10-2019 00:00,5639.6,5498.0810546875,-141.51894531250036,141.51894531250036,20027.611882362467,2.50937912817399,29.2,1.0,1808.2,6042.5,0.2303234106512795,22.4,924.7
1048,35,cnn1d,loso,Shaqra - University,25.17279,45.14198,01-11-2019 00:00,4080.6,3921.30615234375,-159.2938476562499,159.2938476562499,25374.529901132555,3.9036869003639145,20.4,0.2,1769.5,4173.6,0.29774023657687065,43.9,927.7
1049,35,cnn1d,loso,Shaqra - University,25.17279,45.14198,01-12-2019 00:00,4239.8,4290.4326171875,50.63261718749982,50.63261718749982,2563.661923255902,1.194221830923624,16.5,0.2,1230.8,6053.3,0.1689707719553548,44.1,928.4
1050,35,cnn1d,loso,Shaqra - University,25.17279,45.14198,01-01-2020 00:00,4597.3,4240.4912109375,-356.8087890625002,356.8087890625002,127312.51195224775,7.761268332771413,13.1,0.4,1230.6,6521.2,0.15875022575401843,38.8,929.1
1051,35,cnn1d,loso,Shaqra - University,25.17279,45.14198,01-02-2020 00:00,5296.2,5428.63623046875,132.43623046875018,132.43623046875018,17539.355140771913,2.5005896769145837,17.4,0.4,2156.0,5290.3,0.28953977143010623,28.6,928.3
1052,35,cnn1d,loso,Shaqra - University,25.17279,45.14198,01-03-2020 00:00,6388.6,6490.28369140625,101.68369140624964,101.68369140624964,10339.573098001407,1.5916427919458038,21.1,0.3,2721.6,5345.2,0.3373828531759806,24.1,924.8
1053,35,cnn1d,loso,Shaqra - University,25.17279,45.14198,01-04-2020 00:00,6946.7,6222.55419921875,-724.1458007812498,724.1458007812498,524387.1407891175,10.424313714155641,26.2,0.3,3047.1,5120.9,0.3730533790401567,29.9,922.7
1054,35,cnn1d,loso,Shaqra - University,25.17279,45.14198,01-05-2020 00:00,7207.3,6954.90283203125,-252.39716796875018,252.39716796875018,63704.33039864549,3.50196561775908,31.6,0.2,3356.9,4948.0,0.4042071548122193,16.2,922.5
1055,35,cnn1d,loso,Shaqra - University,25.17279,45.14198,01-09-2020 00:00,6670.5,6953.3955078125,282.8955078125,282.8955078125,80029.86834049225,4.240994045611274,33.4,0.0,2016.7,6662.2,0.2323681572549517,12.8,921.1
1056,35,cnn1d,loso,Shaqra - University,25.17279,45.14198,01-12-2020 00:00,3944.8,3658.455078125,-286.3449218750002,286.3449218750002,81993.41428359995,7.258794409729267,15.7,0.0,1477.4,4816.3,0.23474267918712363,53.2,929.8
1057,35,cnn1d,loso,Shaqra - University,25.17279,45.14198,01-01-2021 00:00,4399.0,3845.783203125,-553.216796875,553.216796875,306048.824344635,12.575967194248694,15.1,0.0,1464.0,5528.6,0.20936418499556672,43.2,930.1
1058,35,cnn1d,loso,Shaqra - University,25.17279,45.14198,01-02-2021 00:00,5016.8,4909.31640625,-107.48359375000018,107.48359375000018,11552.722925415079,2.142473165165049,16.7,0.0,1963.2,5167.6,0.2753127278846693,39.7,928.8
1059,35,cnn1d,loso,Shaqra - University,25.17279,45.14198,01-03-2021 00:00,6316.0,6058.24951171875,-257.75048828125,257.75048828125,66435.3142092228,4.08091336734088,23.1,0.0,2925.7,4811.0,0.37815864645132935,21.9,925.9
1060,35,cnn1d,loso,Shaqra - University,25.17279,45.14198,01-04-2021 00:00,6755.0,6228.17529296875,-526.82470703125,526.82470703125,277544.2719385624,7.799033412749814,27.1,0.0,3187.9,4723.0,0.40297564120390855,18.5,924.9
1061,35,cnn1d,loso,Shaqra - University,25.17279,45.14198,01-05-2021 00:00,7730.5,7577.44091796875,-153.05908203125,153.05908203125,23427.082592248917,1.9799376758456764,33.2,0.0,2729.1,6537.5,0.2945093130166404,11.6,920.7
1062,35,cnn1d,loso,Shaqra - University,25.17279,45.14198,01-07-2021 00:00,7615.5,7700.41845703125,84.91845703125,84.91845703125,7211.144344568253,1.1150739548453812,37.6,0.0,2574.2,6625.9,0.279801306507538,13.0,915.0
1063,35,cnn1d,loso,Shaqra - University,25.17279,45.14198,01-08-2021 00:00,7483.7,7190.01513671875,-293.6848632812498,293.6848632812498,86250.7989205264,3.9243270478673624,36.2,0.0,2113.4,7255.4,0.22557851592519856,11.5,917.7
1064,35,cnn1d,loso,Shaqra - University,25.17279,45.14198,01-09-2021 00:00,6809.4,7092.96240234375,283.56240234375036,283.56240234375036,80407.63602295896,4.164278825502253,32.3,0.0,1882.6,7070.6,0.2102711879551445,14.0,920.7
1065,35,cnn1d,loso,Shaqra - University,25.17279,45.14198,01-10-2021 00:00,5778.5,5744.2197265625,-34.2802734375,34.2802734375,1175.137146949768,0.5932382700960457,28.9,0.0,1691.3,6501.1,0.2064474390898882,17.3,925.4
1066,35,cnn1d,loso,Shaqra - University,25.17279,45.14198,01-11-2021 00:00,4729.9,4599.4462890625,-130.45371093749964,130.45371093749964,17018.170697364712,2.7580648837713198,21.7,0.0,1478.9,5897.1,0.20050162689804774,29.7,927.8
1067,35,cnn1d,loso,Shaqra - University,25.17279,45.14198,01-12-2021 00:00,3911.0,3686.81201171875,-224.18798828125,224.18798828125,50260.25408959389,5.732242093614165,16.1,0.0,1694.5,4351.2,0.28028185321798965,38.8,929.7
0,36,cnn1d,loso,Sharurah - TVTC,17.47586,47.08618,01-05-2017 00:00,7400.9,7409.14404296875,8.244042968750364,8.244042968750364,67.96424447060231,0.11139243833520739,34.5,3.8,2866.0,5908.4,0.3266320204230489,19.9,926.6
1,36,cnn1d,loso,Sharurah - TVTC,17.47586,47.08618,01-06-2017 00:00,7412.5,7402.7744140625,-9.7255859375,9.7255859375,94.58702182769775,0.13120520657672852,36.3,3.3,3404.4,5124.4,0.3991651815026733,10.1,923.4
2,36,cnn1d,loso,Sharurah - TVTC,17.47586,47.08618,01-09-2017 00:00,6528.3,6327.705078125,-200.59492187500018,200.59492187500018,40238.322682037426,3.0726976682290976,33.9,3.3,2007.4,6131.6,0.2466396363189581,14.3,925.6
3,36,cnn1d,loso,Sharurah - TVTC,17.47586,47.08618,01-10-2017 00:00,6073.3,5752.88720703125,-320.4127929687502,320.4127929687502,102664.35789803516,5.275761002564507,29.2,3.3,1451.7,6975.2,0.17226975518874083,17.7,930.1
4,36,cnn1d,loso,Sharurah - TVTC,17.47586,47.08618,01-11-2017 00:00,5262.7,5046.60595703125,-216.09404296874982,216.09404296874982,46696.635406579895,4.106144050938678,24.8,3.5,1092.0,7020.8,0.13460211024553792,28.9,932.6
5,36,cnn1d,loso,Sharurah - TVTC,17.47586,47.08618,01-03-2018 00:00,7122.5,6843.42138671875,-279.07861328125,279.07861328125,77884.87239098549,3.918267648736399,27.4,3.9,1905.3,7405.5,0.20463332903724707,18.0,930.4
6,36,cnn1d,loso,Sharurah - TVTC,17.47586,47.08618,01-04-2018 00:00,6758.0,6693.4375,-64.5625,64.5625,4168.31640625,0.9553492157443031,31.4,4.0,3578.9,4034.8,0.47006054874765224,24.4,927.5
7,36,cnn1d,loso,Sharurah - TVTC,17.47586,47.08618,01-05-2018 00:00,7276.2,7270.060546875,-6.139453124999818,6.139453124999818,37.69288467407003,0.08437719036035043,33.1,3.9,2861.0,5660.0,0.3357587137659899,21.8,926.2
8,36,cnn1d,loso,Sharurah - TVTC,17.47586,47.08618,01-06-2018 00:00,6892.3,6996.4775390625,104.17753906249982,104.17753906249982,10852.959645118675,1.5115061599538588,36.2,3.6,3875.3,3752.6,0.5080428427221123,14.7,922.9
9,36,cnn1d,loso,Sharurah - TVTC,17.47586,47.08618,01-07-2018 00:00,6505.0,6299.72705078125,-205.27294921875,205.27294921875,42136.983680963516,3.155617974154497,36.8,3.8,3845.5,3268.7,0.5405386410278036,11.9,920.8
10,36,cnn1d,loso,Sharurah - TVTC,17.47586,47.08618,01-08-2018 00:00,6688.9,6823.68212890625,134.78212890625036,134.78212890625036,18166.22227250109,2.015011869010605,36.6,3.7,3350.5,4163.6,0.4458950506381336,15.4,921.7
11,36,cnn1d,loso,Sharurah - TVTC,17.47586,47.08618,01-09-2018 00:00,6771.1,6651.634765625,-119.46523437500036,119.46523437500036,14271.94222427377,1.7643401275272905,34.1,3.7,1989.3,6609.0,0.23135968738006352,16.3,925.9
12,36,cnn1d,loso,Sharurah - TVTC,17.47586,47.08618,01-04-2019 00:00,6784.3,6727.083984375,-57.21601562500018,57.21601562500018,3273.672444000265,0.8433591619621801,30.9,4.0,3090.8,4821.7,0.3906224328593997,23.7,928.2
13,36,cnn1d,loso,Sharurah - TVTC,17.47586,47.08618,01-05-2019 00:00,7180.5,7100.015625,-80.484375,80.484375,6477.734619140625,1.120874242740756,33.2,3.5,2921.6,5517.5,0.34619805429488926,23.2,927.4
14,36,cnn1d,loso,Sharurah - TVTC,17.47586,47.08618,01-06-2019 00:00,7425.5,7426.02783203125,0.52783203125,0.52783203125,0.278606653213501,0.007108370227594101,36.5,3.4,3053.4,5649.9,0.35083244286649895,13.7,923.2
15,36,cnn1d,loso,Sharurah - TVTC,17.47586,47.08618,01-07-2019 00:00,7131.2,7475.263671875,344.0636718750002,344.0636718750002,118379.81030410778,4.8247654234210255,37.3,3.6,3780.9,4164.7,0.4758482682239227,15.3,920.5
16,36,cnn1d,loso,Sharurah - TVTC,17.47586,47.08618,01-08-2019 00:00,6987.6,7357.197265625,369.59726562499964,369.59726562499964,136602.13875747652,5.289330608864269,36.3,3.9,3195.1,4911.8,0.3941210573708816,15.6,922.3
17,36,cnn1d,loso,Sharurah - TVTC,17.47586,47.08618,01-09-2019 00:00,6840.7,6793.61328125,-47.08671874999982,47.08671874999982,2217.1590826415845,0.6883318775856245,34.7,3.8,2555.1,5726.3,0.30853478880382545,19.3,924.7
18,36,cnn1d,loso,Sharurah - TVTC,17.47586,47.08618,01-10-2019 00:00,6614.2,6685.2041015625,71.00410156250018,71.00410156250018,5041.582438697841,1.0735100475114177,30.5,3.7,1531.1,7635.1,0.1670375946411817,20.7,929.3
19,36,cnn1d,loso,Sharurah - TVTC,17.47586,47.08618,01-11-2019 00:00,5571.5,5413.01220703125,-158.48779296875,158.48779296875,25118.380520105362,2.8446162248721167,24.5,3.8,1426.3,6870.4,0.17191172393843338,36.2,932.1
20,36,cnn1d,loso,Sharurah - TVTC,17.47586,47.08618,01-12-2019 00:00,5309.2,5042.134765625,-267.0652343749998,267.0652343749998,71323.83941177359,5.030234957714907,22.0,3.5,1168.4,7408.1,0.13623272896869354,37.8,933.1
21,36,cnn1d,loso,Sharurah - TVTC,17.47586,47.08618,01-01-2020 00:00,5578.3,5583.7314453125,5.431445312499818,5.431445312499818,29.500598182676246,0.09736739351594245,19.9,3.4,1640.6,6715.3,0.19634031043933028,34.4,933.8
22,36,cnn1d,loso,Sharurah - TVTC,17.47586,47.08618,01-02-2020 00:00,6153.8,6560.931640625,407.1316406249998,407.1316406249998,165756.172798004,6.615938779697094,23.6,3.9,2103.2,6297.3,0.2503660496399024,23.6,932.7
23,36,cnn1d,loso,Sharurah - TVTC,17.47586,47.08618,01-03-2020 00:00,6779.9,6919.689453125,139.78945312500036,139.78945312500036,19541.091204986675,2.061821754376914,26.9,4.2,3186.7,4887.2,0.394691536927631,26.1,929.2
24,36,cnn1d,loso,Sharurah - TVTC,17.47586,47.08618,01-04-2020 00:00,7098.2,7096.537109375,-1.662890624999818,1.662890624999818,2.7652052307122856,0.023426933940996566,31.1,3.8,2729.7,5737.1,0.3224004346388246,34.4,927.9
25,36,cnn1d,loso,Sharurah - TVTC,17.47586,47.08618,01-05-2020 00:00,7522.2,7511.33251953125,-10.867480468749818,10.867480468749818,118.10213173865877,0.14447210216093456,34.6,3.7,2767.2,6153.8,0.3101894406456675,19.4,927.0
26,36,cnn1d,loso,Sharurah - TVTC,17.47586,47.08618,01-09-2020 00:00,7309.1,7232.77978515625,-76.32021484375036,76.32021484375036,5824.775193796213,1.0441807451498866,33.4,3.3,1963.5,7390.4,0.20991244293823969,15.2,925.1
27,36,cnn1d,loso,Sharurah - TVTC,17.47586,47.08618,01-10-2020 00:00,6800.6,6514.88623046875,-285.71376953125036,285.71376953125036,81632.35809975644,4.2013023781909,27.6,2.8,1365.0,8286.2,0.1414331896551724,17.3,930.4
28,36,cnn1d,loso,Sharurah - TVTC,17.47586,47.08618,01-11-2020 00:00,5977.3,5779.494140625,-197.80585937500018,197.80585937500018,39127.158003082346,3.309284449082365,25.1,3.2,1054.2,8351.0,0.11208693063411729,26.4,932.6
29,36,cnn1d,loso,Sharurah - TVTC,17.47586,47.08618,01-12-2020 00:00,5510.5,5303.65380859375,-206.84619140625,206.84619140625,42785.34689927101,3.7536737393385353,21.2,3.3,1098.5,7951.0,0.12138792198464003,35.8,934.1
30,36,cnn1d,loso,Sharurah - TVTC,17.47586,47.08618,01-01-2021 00:00,5912.8,5921.27783203125,8.477832031249818,8.477832031249818,71.87363595008541,0.1433810044522023,19.8,3.2,1163.1,8247.4,0.12359598321024387,26.6,934.3
31,36,cnn1d,loso,Sharurah - TVTC,17.47586,47.08618,01-02-2021 00:00,6299.1,6480.82470703125,181.72470703124964,181.72470703124964,33023.86914559351,2.8849312922679373,22.9,3.8,1854.5,6918.3,0.21139202991063288,25.7,932.3
32,36,cnn1d,loso,Sharurah - TVTC,17.47586,47.08618,01-03-2021 00:00,7471.9,7590.08984375,118.18984375000036,118.18984375000036,13968.8391656495,1.5817910270480116,27.7,3.6,1970.8,7876.3,0.20014014278315442,16.1,930.2
33,36,cnn1d,loso,Sharurah - TVTC,17.47586,47.08618,01-04-2021 00:00,7598.6,7268.154296875,-330.44570312500036,330.44570312500036,109194.36271377587,4.3487708673308285,30.1,3.7,2565.5,6611.2,0.27956672878049843,19.5,929.0
34,36,cnn1d,loso,Sharurah - TVTC,17.47586,47.08618,01-05-2021 00:00,7702.5,7567.1103515625,-135.3896484375,135.3896484375,18330.356904029846,1.7577364289191821,34.4,3.6,2769.7,6458.4,0.30013762312935494,13.7,925.9
35,36,cnn1d,loso,Sharurah - TVTC,17.47586,47.08618,01-07-2021 00:00,6678.1,6691.28173828125,13.181738281249636,13.181738281249636,173.7582241153621,0.19738755456266957,34.9,4.1,3336.1,4290.0,0.4374582027510785,27.5,920.1
36,36,cnn1d,loso,Sharurah - TVTC,17.47586,47.08618,01-08-2021 00:00,7125.3,7532.53759765625,407.2375976562498,407.2375976562498,165842.4609448336,5.715374758343506,36.7,4.1,3060.8,5235.1,0.36895333839607514,17.9,922.0
37,36,cnn1d,loso,Sharurah - TVTC,17.47586,47.08618,01-09-2021 00:00,7019.1,7075.90478515625,56.804785156249636,56.804785156249636,3226.783616647679,0.8092887287009678,34.0,3.4,2545.6,6044.4,0.29634458672875436,15.1,924.5
38,36,cnn1d,loso,Sharurah - TVTC,17.47586,47.08618,01-10-2021 00:00,6476.5,6377.7294921875,-98.7705078125,98.7705078125,9755.613213539124,1.525059952327646,29.9,3.3,1702.3,7160.0,0.1920833192286427,21.6,929.7
39,36,cnn1d,loso,Sharurah - TVTC,17.47586,47.08618,01-11-2021 00:00,5876.1,5407.02392578125,-469.07607421875036,469.07607421875036,220032.3634044746,7.982778955748716,25.1,3.1,1249.5,7711.1,0.13944378724638976,24.9,932.5
40,36,cnn1d,loso,Sharurah - TVTC,17.47586,47.08618,01-12-2021 00:00,5491.3,5485.13671875,-6.163281250000182,6.163281250000182,37.986035766603806,0.11223719793127641,21.0,2.5,1039.4,8066.4,0.11414702716949639,32.6,933.9
434,37,cnn1d,loso,Tabuk - University,28.38287,36.48396,01-01-2017 00:00,4028.6,4061.994140625,33.39414062500009,33.39414062500009,1115.1686280822814,0.8289266897929825,11.2,2.1,1282.3,5592.6,0.18651907664111475,36.7,929.7
435,37,cnn1d,loso,Tabuk - University,28.38287,36.48396,01-02-2017 00:00,5199.5,4890.42236328125,-309.07763671875,309.07763671875,95528.9855196476,5.944372280387538,11.5,2.3,1318.5,6873.2,0.1609556014014185,26.5,930.0
436,37,cnn1d,loso,Tabuk - University,28.38287,36.48396,01-03-2017 00:00,6312.4,5647.91357421875,-664.4864257812496,664.4864257812496,441542.2100475402,10.52668439549537,17.7,2.6,1617.6,7280.9,0.1817834466483115,25.8,925.4
437,37,cnn1d,loso,Tabuk - University,28.38287,36.48396,01-04-2017 00:00,6791.0,6706.9775390625,-84.0224609375,84.0224609375,7059.773941993713,1.2372619781696363,23.1,0.4,2492.4,6099.6,0.2900837988826816,21.2,926.3
438,37,cnn1d,loso,Tabuk - University,28.38287,36.48396,01-05-2017 00:00,7630.7,7838.25,207.55000000000018,207.55000000000018,43077.002500000075,2.719933951013671,27.5,0.0,1894.8,7888.3,0.19368093957947888,17.3,925.1
439,37,cnn1d,loso,Tabuk - University,28.38287,36.48396,01-09-2017 00:00,6626.0,6519.71484375,-106.28515625,106.28515625,11296.534439086914,1.6040621226984606,29.9,2.8,1888.1,6915.3,0.21447395324533702,22.4,924.5
440,37,cnn1d,loso,Tabuk - University,28.38287,36.48396,01-11-2017 00:00,4388.9,4243.3720703125,-145.52792968749964,145.52792968749964,21178.37831912984,3.3158178515687218,17.5,2.0,1375.6,5824.3,0.19105820914179364,39.6,928.5
441,37,cnn1d,loso,Tabuk - University,28.38287,36.48396,01-03-2018 00:00,6380.9,6337.388671875,-43.511328124999636,43.511328124999636,1893.2356752013843,0.6818995459104458,21.9,2.5,1814.9,7139.4,0.20268474364271916,18.7,926.5
442,37,cnn1d,loso,Tabuk - University,28.38287,36.48396,01-04-2018 00:00,7043.3,6959.12841796875,-84.17158203125018,84.17158203125018,7084.855221643478,1.195058879094319,22.4,2.5,2347.1,6530.4,0.2643874964798648,24.7,924.4
443,37,cnn1d,loso,Tabuk - University,28.38287,36.48396,01-05-2018 00:00,7448.6,7484.3466796875,35.746679687499636,35.746679687499636,1277.825108680699,0.47991138854952115,28.1,3.1,2752.3,6270.7,0.3050315859470243,18.8,923.8
444,37,cnn1d,loso,Tabuk - University,28.38287,36.48396,01-06-2018 00:00,8333.0,7991.361328125,-341.638671875,341.638671875,116716.98212051392,4.099828055622225,30.6,2.9,2058.5,8506.7,0.19483776928027863,19.4,922.6
445,37,cnn1d,loso,Tabuk - University,28.38287,36.48396,01-07-2018 00:00,8157.9,7825.41552734375,-332.48447265624964,332.48447265624964,110545.92455750442,4.075613487003391,31.6,2.8,1839.3,8659.4,0.17519311914808502,19.7,921.0
446,37,cnn1d,loso,Tabuk - University,28.38287,36.48396,01-08-2018 00:00,7802.0,7380.18017578125,-421.81982421875,421.81982421875,177931.96410393715,5.406560166864265,31.0,2.8,1266.2,9316.7,0.11964584376683139,23.9,922.0
447,37,cnn1d,loso,Tabuk - University,28.38287,36.48396,01-03-2019 00:00,6494.3,6389.61962890625,-104.68037109375018,104.68037109375018,10957.980092325248,1.6118807430169562,15.7,2.8,1643.5,7700.4,0.17589015293399973,29.7,926.7
448,37,cnn1d,loso,Tabuk - University,28.38287,36.48396,01-04-2019 00:00,6681.0,6328.525390625,-352.474609375,352.474609375,124238.35025405884,5.275776221748242,20.6,2.7,2060.7,6569.1,0.2387888479454912,23.4,925.8
449,37,cnn1d,loso,Tabuk - University,28.38287,36.48396,01-05-2019 00:00,7116.1,7470.61865234375,354.51865234374964,354.51865234374964,125683.47485962842,4.981923417936083,29.0,2.7,2054.7,6870.8,0.23020559072320876,13.4,924.7
450,37,cnn1d,loso,Tabuk - University,28.38287,36.48396,01-06-2019 00:00,7896.1,7691.8740234375,-204.22597656250036,204.22597656250036,41708.24950290695,2.586415781999979,31.4,3.0,1917.9,8159.0,0.19032639006043528,18.3,923.1
451,37,cnn1d,loso,Tabuk - University,28.38287,36.48396,01-07-2019 00:00,8313.3,7736.27099609375,-577.0290039062493,577.0290039062493,332962.47134903824,6.941034293316124,31.8,2.8,1500.0,9425.8,0.13728971791539293,18.7,921.0
452,37,cnn1d,loso,Tabuk - University,28.38287,36.48396,01-08-2019 00:00,7684.6,6975.34912109375,-709.2508789062504,709.2508789062504,503036.8092292886,9.229509394194237,31.3,2.7,1533.0,8704.4,0.14974505245472483,21.1,922.1
453,37,cnn1d,loso,Tabuk - University,28.38287,36.48396,01-09-2019 00:00,6747.2,6774.14453125,26.944531250000182,26.944531250000182,726.0077642822364,0.39934389450438973,30.0,2.7,1567.3,7724.1,0.16868286802849947,23.6,923.8
454,37,cnn1d,loso,Tabuk - University,28.38287,36.48396,01-10-2019 00:00,5138.7,6497.126953125,1358.4269531250002,1358.4269531250002,1845323.7869764715,26.435225896141052,25.8,2.5,2188.2,4966.1,0.3058580154592343,29.9,926.7
455,37,cnn1d,loso,Tabuk - University,28.38287,36.48396,01-11-2019 00:00,4226.5,4293.40478515625,66.90478515625,66.90478515625,4476.25027680397,1.582983204927245,18.8,2.1,1259.1,5771.2,0.1790961978862922,36.4,928.0
456,37,cnn1d,loso,Tabuk - University,28.38287,36.48396,01-12-2019 00:00,4025.8,4217.0947265625,191.29472656249982,191.29472656249982,36593.67241062158,4.75171957281782,13.1,2.1,865.8,6857.0,0.11210959755529082,39.5,929.3
457,37,cnn1d,loso,Tabuk - University,28.38287,36.48396,01-01-2020 00:00,4191.2,4284.96337890625,93.76337890625018,93.76337890625018,8791.57122391704,2.2371487618402885,10.3,1.9,1060.0,6498.1,0.1402468874452574,42.2,930.3
458,37,cnn1d,loso,Tabuk - University,28.38287,36.48396,01-09-2020 00:00,6244.6,6193.9775390625,-50.622460937500364,50.622460937500364,2562.6335513687504,0.8106597850542926,32.4,2.4,1627.6,6731.6,0.19470762752416496,18.1,924.0
459,37,cnn1d,loso,Tabuk - University,28.38287,36.48396,01-10-2020 00:00,5630.9,5903.86279296875,272.96279296875036,272.96279296875036,74508.68634530087,4.847587294548836,26.8,2.2,1270.6,7375.2,0.14696153045409333,17.6,927.6
460,37,cnn1d,loso,Tabuk - University,28.38287,36.48396,01-11-2020 00:00,4561.7,4523.6953125,-38.00468749999982,38.00468749999982,1444.3562719726424,0.8331255343402639,18.1,2.2,1000.6,6999.7,0.12507030986338014,40.3,928.0
461,37,cnn1d,loso,Tabuk - University,28.38287,36.48396,01-12-2020 00:00,3685.6,3926.61376953125,241.0137695312501,241.0137695312501,58087.637103662535,6.53933605196576,14.5,1.9,1259.4,5190.9,0.19524673271010654,43.1,929.5
462,37,cnn1d,loso,Tabuk - University,28.38287,36.48396,01-01-2021 00:00,4246.2,4153.81103515625,-92.38896484374982,92.38896484374982,8535.72082489964,2.1758034205583776,13.3,2.0,1255.2,6090.1,0.17088478346697888,41.5,930.0
463,37,cnn1d,loso,Tabuk - University,28.38287,36.48396,01-02-2021 00:00,5149.7,4841.9599609375,-307.7400390624998,307.7400390624998,94703.93164218891,5.975882848758177,14.4,2.4,1345.2,6825.2,0.16464310192891415,39.2,928.8
464,37,cnn1d,loso,Tabuk - University,28.38287,36.48396,01-09-2021 00:00,6587.6,6314.04150390625,-273.55849609375036,273.55849609375036,74834.25078507443,4.152627604799173,29.5,2.8,1565.9,7489.3,0.1729282622139765,24.4,924.1
465,37,cnn1d,loso,Tabuk - University,28.38287,36.48396,01-10-2021 00:00,5489.4,5535.08203125,45.682031250000364,45.682031250000364,2086.8479791260097,0.8321862362006844,25.3,2.4,1432.5,6797.3,0.17406255316046565,25.4,927.3
466,37,cnn1d,loso,Tabuk - University,28.38287,36.48396,01-11-2021 00:00,4362.8,4325.49853515625,-37.30146484375018,37.30146484375018,1391.3992794895307,0.8549891089151505,19.1,1.9,1072.8,6400.4,0.1435529625863084,34.5,928.8
467,37,cnn1d,loso,Tabuk - University,28.38287,36.48396,01-12-2021 00:00,3774.5,3874.113037109375,99.613037109375,99.613037109375,9922.75716215372,2.6391055003146113,13.7,2.1,1420.9,4968.0,0.2224013523454742,39.6,929.3
712,38,cnn1d,loso,Taif - University,21.43278,40.49173,01-01-2017 00:00,4868.6,4799.8466796875,-68.75332031250036,68.75332031250036,4727.0190539932755,1.4121784560756758,18.1,2.5,1127.7,6756.0,0.14304197267780358,43.8,851.0
713,38,cnn1d,loso,Taif - University,21.43278,40.49173,01-02-2017 00:00,4544.6,4679.16650390625,134.56650390624964,134.56650390624964,18108.143973550697,2.9610197576519304,15.9,3.1,1958.9,4114.3,0.32254824474741484,47.1,849.8
714,38,cnn1d,loso,Taif - University,21.43278,40.49173,01-05-2017 00:00,6424.3,6542.125,117.82499999999982,117.82499999999982,13882.730624999956,1.8340519589682893,26.0,2.6,2870.0,4672.9,0.38049026236593353,33.7,849.6
715,38,cnn1d,loso,Taif - University,21.43278,40.49173,01-09-2017 00:00,6560.7,6723.78857421875,163.08857421875018,163.08857421875018,26597.883040704786,2.485841056880366,28.0,2.5,2412.9,5620.2,0.30036972028233183,18.9,848.8
716,38,cnn1d,loso,Taif - University,21.43278,40.49173,01-11-2017 00:00,5215.9,5053.78271484375,-162.11728515624964,162.11728515624964,26282.014146432757,3.108136374475156,20.0,2.3,1409.4,6571.4,0.17659883720930236,42.1,850.6
717,38,cnn1d,loso,Taif - University,21.43278,40.49173,01-03-2018 00:00,6963.9,6818.5185546875,-145.38144531249964,145.38144531249964,21135.764641151323,2.0876440688766302,21.5,2.7,1815.4,7489.4,0.1951036024417505,29.7,849.6
718,38,cnn1d,loso,Taif - University,21.43278,40.49173,01-04-2018 00:00,6959.2,6332.4794921875,-626.7205078124998,626.7205078124998,392778.59491275763,9.00564012835527,21.9,3.1,2318.9,6303.2,0.2689484000417532,38.0,848.1
719,38,cnn1d,loso,Taif - University,21.43278,40.49173,01-05-2018 00:00,7434.2,6973.36328125,-460.8367187499998,460.8367187499998,212370.48134826645,6.198874374512386,26.6,2.8,2718.2,6136.2,0.3069886158294181,22.9,848.5
720,38,cnn1d,loso,Taif - University,21.43278,40.49173,01-06-2018 00:00,7557.7,7291.08984375,-266.6101562499998,266.6101562499998,71080.97541564931,3.5276625990711437,29.5,3.2,2904.7,5915.2,0.3293347997142825,15.5,847.2
721,38,cnn1d,loso,Taif - University,21.43278,40.49173,01-07-2018 00:00,7580.5,7391.3203125,-189.1796875,189.1796875,35788.954162597656,2.4956096233757665,28.3,4.2,2744.1,6186.4,0.3072728290689211,18.7,846.8
722,38,cnn1d,loso,Taif - University,21.43278,40.49173,01-08-2018 00:00,7265.2,7207.45166015625,-57.74833984374982,57.74833984374982,3334.8707547092226,0.7948623553893881,28.5,4.2,2426.0,6352.0,0.2763727500569606,19.5,846.9
723,38,cnn1d,loso,Taif - University,21.43278,40.49173,01-11-2018 00:00,4463.3,4348.71435546875,-114.58564453125018,114.58564453125018,13129.869932642025,2.56728529409294,18.3,2.3,1618.7,4984.8,0.2451275838570455,60.2,850.6
724,38,cnn1d,loso,Taif - University,21.43278,40.49173,01-12-2018 00:00,4686.2,4537.94140625,-148.25859374999982,148.25859374999982,21980.610620727486,3.1637274070675563,17.5,2.2,1426.5,5956.6,0.19321152361474175,54.9,851.2
725,38,cnn1d,loso,Taif - University,21.43278,40.49173,01-01-2019 00:00,5163.2,4791.13330078125,-372.0666992187498,372.0666992187498,138433.62866753564,7.206126030731907,18.2,2.7,1390.7,6733.5,0.1711799315624923,43.7,851.1
726,38,cnn1d,loso,Taif - University,21.43278,40.49173,01-02-2019 00:00,5702.3,6025.01708984375,322.7170898437498,322.7170898437498,104146.32007721889,5.659419705097063,17.7,3.3,1904.4,6095.4,0.238055951398785,43.6,849.8
727,38,cnn1d,loso,Taif - University,21.43278,40.49173,01-03-2019 00:00,7014.5,6363.1064453125,-651.3935546875,651.3935546875,424313.56308841705,9.286386124278282,18.7,3.7,1888.6,7502.6,0.20110316040548595,30.7,849.0
728,38,cnn1d,loso,Taif - University,21.43278,40.49173,01-02-2020 00:00,5953.4,5412.0390625,-541.3609374999996,541.3609374999996,293071.6646508785,9.09330697584573,17.5,3.0,1637.0,6898.4,0.19178948848325797,41.4,850.5
729,38,cnn1d,loso,Taif - University,21.43278,40.49173,01-04-2020 00:00,7457.6,7181.9375,-275.66250000000036,275.66250000000036,75989.8139062502,3.6963969641707832,23.0,3.2,2103.6,7390.6,0.22156685134081858,32.4,848.7
730,38,cnn1d,loso,Taif - University,21.43278,40.49173,01-05-2020 00:00,6566.1,7258.00732421875,691.9073242187496,691.9073242187496,478735.74530754995,10.537569093049902,25.9,2.6,2471.2,5410.9,0.31352050849392926,29.6,849.6
731,38,cnn1d,loso,Taif - University,21.43278,40.49173,01-09-2020 00:00,6771.3,6880.6767578125,109.37675781249982,109.37675781249982,11963.27514957424,1.6152992455289208,28.2,2.4,2112.4,6453.2,0.24661436443448212,20.6,848.3
732,38,cnn1d,loso,Taif - University,21.43278,40.49173,01-11-2020 00:00,5037.2,4889.3212890625,-147.87871093749982,147.87871093749982,21868.113148536628,2.935732369917808,20.2,2.2,1345.1,6446.9,0.17262577002053386,48.9,850.7
733,38,cnn1d,loso,Taif - University,21.43278,40.49173,01-01-2021 00:00,5078.9,4681.8974609375,-397.00253906249964,397.00253906249964,157611.01602207156,7.816703204680141,16.5,2.2,1373.4,6610.2,0.17202765669622727,46.8,850.6
734,38,cnn1d,loso,Taif - University,21.43278,40.49173,01-04-2021 00:00,6761.1,6954.07666015625,192.97666015624964,192.97666015624964,37239.99136506067,2.8542198777750607,22.8,2.5,2491.3,5707.1,0.30387636612021857,33.3,849.6
735,38,cnn1d,loso,Taif - University,21.43278,40.49173,01-07-2021 00:00,7142.4,7013.60595703125,-128.79404296874964,128.79404296874964,16587.90550423613,1.8032320084110334,29.3,4.4,3065.0,5167.7,0.37229584461962656,19.6,845.5
736,38,cnn1d,loso,Taif - University,21.43278,40.49173,01-10-2021 00:00,6174.0,6661.384765625,487.384765625,487.384765625,237543.90976333618,7.894149103093619,25.0,2.4,1625.4,7011.9,0.18818380743982496,24.6,850.8
797,39,cnn1d,loso,Thuwal - KAUST,22.3065,39.107,01-01-2017 00:00,4441.4,4210.13671875,-231.26328124999964,231.26328124999964,53482.70525451643,5.20699061669743,23.9,2.2,1551.0,5142.7,0.2317104142701346,83.6,1012.4
798,39,cnn1d,loso,Thuwal - KAUST,22.3065,39.107,01-02-2017 00:00,4529.6,4619.96826171875,90.36826171874964,90.36826171874964,8166.422726068431,1.9950605289374257,23.3,2.7,2316.1,3523.9,0.39659246575342466,65.1,1012.1
799,39,cnn1d,loso,Thuwal - KAUST,22.3065,39.107,01-03-2017 00:00,5726.5,5718.1669921875,-8.3330078125,8.3330078125,69.43901920318604,0.14551659499694403,24.6,2.6,2544.1,4485.6,0.36190733601718417,83.6,1008.4
800,39,cnn1d,loso,Thuwal - KAUST,22.3065,39.107,01-04-2017 00:00,6098.8,5657.91796875,-440.8820312500002,440.8820312500002,194376.96547912614,7.228996380435499,27.9,2.8,3026.8,3978.0,0.43210370031978074,80.6,1007.1
801,39,cnn1d,loso,Thuwal - KAUST,22.3065,39.107,01-05-2017 00:00,6160.8,5980.78466796875,-180.01533203125018,180.01533203125018,32405.51976632125,2.9219473450079563,29.8,2.6,2851.5,4210.5,0.4037807986406117,83.8,1005.5
802,39,cnn1d,loso,Thuwal - KAUST,22.3065,39.107,01-06-2017 00:00,6778.2,6170.53125,-607.6687499999998,607.6687499999998,369261.3097265623,8.965046029919446,29.9,2.5,2344.2,5721.0,0.29065615235828,92.4,1001.6
803,39,cnn1d,loso,Thuwal - KAUST,22.3065,39.107,01-09-2017 00:00,6160.3,6284.01123046875,123.71123046874982,123.71123046874982,15304.468544092133,2.0082013939053263,31.4,2.5,2630.7,4680.7,0.3598079711136034,93.7,1003.3
804,39,cnn1d,loso,Thuwal - KAUST,22.3065,39.107,01-10-2017 00:00,5630.4,5464.6337890625,-165.76621093749964,165.76621093749964,27478.436688575624,2.9441284977532614,29.0,2.1,1788.8,5825.1,0.23493873047978037,95.9,1007.0
805,39,cnn1d,loso,Thuwal - KAUST,22.3065,39.107,01-11-2017 00:00,4537.8,4305.39111328125,-232.40888671875018,232.40888671875018,54013.89062584886,5.121620316425364,27.5,2.3,1685.6,4843.0,0.25818705388597857,88.8,1009.6
806,39,cnn1d,loso,Thuwal - KAUST,22.3065,39.107,01-03-2018 00:00,6375.2,6018.77197265625,-356.4280273437498,356.4280273437498,127040.93867615687,5.590852480608448,26.0,0.0,2089.3,6161.7,0.2532177917828142,68.9,1008.3
807,39,cnn1d,loso,Thuwal - KAUST,22.3065,39.107,01-04-2018 00:00,7031.1,6828.060546875,-203.03945312500036,203.03945312500036,41225.01952529922,2.887733827210541,27.0,0.0,2507.9,6022.8,0.29398525326174874,65.5,1006.2
808,39,cnn1d,loso,Thuwal - KAUST,22.3065,39.107,01-05-2018 00:00,7120.5,7232.892578125,112.392578125,112.392578125,12632.091617584229,1.5784366003089672,30.2,0.0,3128.0,5108.0,0.37979601748421565,62.0,1003.9
809,39,cnn1d,loso,Thuwal - KAUST,22.3065,39.107,01-06-2018 00:00,7152.3,7380.87060546875,228.57060546874982,228.57060546874982,52244.52168435088,3.195763676981528,30.9,0.0,2970.5,5355.5,0.3567739610857555,68.2,1001.6
810,39,cnn1d,loso,Thuwal - KAUST,22.3065,39.107,01-07-2018 00:00,7036.3,7056.4990234375,20.199023437499818,20.199023437499818,408.000547828667,0.2870688207935963,31.9,0.0,2769.9,5444.7,0.3371923161200789,65.5,1001.7
811,39,cnn1d,loso,Thuwal - KAUST,22.3065,39.107,01-08-2018 00:00,6668.6,6639.25439453125,-29.345605468750364,29.345605468750364,861.1645603275513,0.4400564656562151,32.1,0.0,2421.2,5502.2,0.30557588913850114,69.5,1001.9
812,39,cnn1d,loso,Thuwal - KAUST,22.3065,39.107,01-09-2018 00:00,5840.5,5839.55810546875,-0.94189453125,0.94189453125,0.8871653079986572,0.016126950282510058,31.6,0.0,3004.4,3679.4,0.4495047727340734,79.2,1003.4
813,39,cnn1d,loso,Thuwal - KAUST,22.3065,39.107,01-10-2018 00:00,5111.6,4907.92919921875,-203.67080078125036,203.67080078125036,41481.79509087577,3.9844823691456757,29.9,0.0,2043.4,4577.8,0.3086147526128194,71.9,1007.7
814,39,cnn1d,loso,Thuwal - KAUST,22.3065,39.107,01-11-2018 00:00,4224.2,4093.26953125,-130.93046874999982,130.93046874999982,17142.78764709468,3.0995328997206526,26.9,0.0,1619.0,4521.7,0.26365072385884347,61.5,1009.8
815,39,cnn1d,loso,Thuwal - KAUST,22.3065,39.107,01-12-2018 00:00,3910.5,3848.305419921875,-62.194580078125,62.194580078125,3868.165791094303,1.5904508394866383,24.8,0.0,1644.6,4220.4,0.28040920716112533,66.4,1012.2
816,39,cnn1d,loso,Thuwal - KAUST,22.3065,39.107,01-01-2019 00:00,3951.5,3787.11279296875,-164.38720703125,164.38720703125,27023.15383553505,4.160121650797166,24.1,0.0,1959.2,3470.4,0.36083689406217767,67.7,1012.3
817,39,cnn1d,loso,Thuwal - KAUST,22.3065,39.107,01-02-2019 00:00,4607.3,4646.7783203125,39.47832031249982,39.47832031249982,1558.5377746963356,0.856864547837124,23.9,0.0,2080.2,4001.6,0.3420368969712914,57.9,1011.5
818,39,cnn1d,loso,Thuwal - KAUST,22.3065,39.107,01-03-2019 00:00,6107.7,5934.19775390625,-173.50224609374982,173.50224609374982,30103.029399576124,2.840713297865806,23.7,0.0,2209.2,5648.4,0.28115455100794134,60.6,1010.2
819,39,cnn1d,loso,Thuwal - KAUST,22.3065,39.107,01-04-2019 00:00,6768.1,6852.712890625,84.61289062499964,84.61289062499964,7159.341259918151,1.2501719925089705,26.2,0.0,2516.8,5741.0,0.30477851243672655,64.7,1007.5
820,39,cnn1d,loso,Thuwal - KAUST,22.3065,39.107,01-05-2019 00:00,6682.7,6569.07666015625,-113.62333984374982,113.62333984374982,12910.263357248265,1.700260970023341,30.2,0.0,2797.3,4946.6,0.36122625550433246,63.9,1005.1
821,39,cnn1d,loso,Thuwal - KAUST,22.3065,39.107,01-06-2019 00:00,6334.7,6252.5107421875,-82.18925781249982,82.18925781249982,6755.074099769562,1.297445148349564,31.8,0.0,2680.4,4588.4,0.36875412722870354,66.0,1002.1
822,39,cnn1d,loso,Thuwal - KAUST,22.3065,39.107,01-07-2019 00:00,6893.8,6700.6474609375,-193.15253906250018,193.15253906250018,37307.90334629066,2.801829746475096,31.8,0.0,2480.5,5709.7,0.3028619569729677,68.0,1000.9
823,39,cnn1d,loso,Thuwal - KAUST,22.3065,39.107,01-08-2019 00:00,6611.0,6392.60302734375,-218.39697265625,218.39697265625,47697.23766541481,3.3035391416767506,32.2,0.0,2337.3,5597.8,0.294552053534297,69.8,1002.5
824,39,cnn1d,loso,Thuwal - KAUST,22.3065,39.107,01-09-2019 00:00,5908.1,5661.30810546875,-246.79189453125036,246.79189453125036,60906.2392063238,4.177178695879392,30.9,0.0,2469.5,4619.7,0.34834678101901484,78.0,1002.8
825,39,cnn1d,loso,Thuwal - KAUST,22.3065,39.107,01-10-2019 00:00,5228.0,5059.17041015625,-168.82958984375,168.82958984375,28503.430406808853,3.229334159214805,31.1,0.0,1870.5,5032.4,0.2709730692897188,69.0,1007.6
826,39,cnn1d,loso,Thuwal - KAUST,22.3065,39.107,01-11-2019 00:00,4486.9,4356.1474609375,-130.75253906249964,130.75253906249964,17096.226471290494,2.9140952341817212,28.1,0.0,1567.2,5053.0,0.23673000815685327,63.0,1008.6
827,39,cnn1d,loso,Thuwal - KAUST,22.3065,39.107,01-12-2019 00:00,4316.6,4270.0029296875,-46.597070312500364,46.597070312500364,2171.286961708103,1.0794854819186481,24.8,0.0,1322.5,5637.5,0.19001436781609196,58.0,1011.5
828,39,cnn1d,loso,Thuwal - KAUST,22.3065,39.107,01-01-2020 00:00,4597.0,4128.5029296875,-468.4970703125,468.4970703125,219489.50489139557,10.19136546252991,21.6,0.2,1307.7,6020.4,0.17845007573586608,52.8,1014.3
829,39,cnn1d,loso,Thuwal - KAUST,22.3065,39.107,01-02-2020 00:00,4914.9,5065.017578125,150.11757812500036,150.11757812500036,22535.287262115588,3.054336367474422,22.7,2.6,1963.0,4774.1,0.2913716584287008,62.1,1012.8
830,39,cnn1d,loso,Thuwal - KAUST,22.3065,39.107,01-03-2020 00:00,6083.3,5498.45556640625,-584.8444335937502,584.8444335937502,342043.0115055945,9.613933779260437,24.1,2.6,2321.5,5308.6,0.304255514344504,66.8,1008.8
831,39,cnn1d,loso,Thuwal - KAUST,22.3065,39.107,01-04-2020 00:00,6790.1,5515.3916015625,-1274.7083984375004,1274.7083984375004,1624881.5010470971,18.77304308386475,26.0,2.4,2145.2,6306.7,0.2538127521622357,67.9,1007.6
832,39,cnn1d,loso,Thuwal - KAUST,22.3065,39.107,01-05-2020 00:00,6632.5,5836.90185546875,-795.59814453125,795.59814453125,632976.4075815678,11.995448843290614,29.3,2.5,2533.6,5336.2,0.32193956644387406,67.4,1005.5
833,39,cnn1d,loso,Thuwal - KAUST,22.3065,39.107,01-09-2020 00:00,6025.7,6322.421875,296.7218750000002,296.7218750000002,88043.87110351573,4.924272283718077,32.4,2.3,2314.2,5023.7,0.3153763338284795,74.8,1002.1
834,39,cnn1d,loso,Thuwal - KAUST,22.3065,39.107,01-10-2020 00:00,5569.3,5802.51611328125,233.21611328124982,233.21611328124982,54389.755494012745,4.187530089620775,31.3,2.3,1615.0,6168.2,0.20749820125398294,57.9,1006.8
835,39,cnn1d,loso,Thuwal - KAUST,22.3065,39.107,01-11-2020 00:00,4492.5,4662.552734375,170.052734375,170.052734375,28917.932468414307,3.7852584168057875,27.8,2.4,1422.6,5307.0,0.21139443651925818,63.7,1009.9
836,39,cnn1d,loso,Thuwal - KAUST,22.3065,39.107,01-12-2020 00:00,4028.1,4290.92919921875,262.8291992187501,262.8291992187501,69079.18796196942,6.524892609884316,25.5,2.1,1489.9,4741.3,0.23910322249325971,62.3,1011.3
837,39,cnn1d,loso,Thuwal - KAUST,22.3065,39.107,01-01-2021 00:00,4280.5,4381.38427734375,100.88427734375,100.88427734375,10177.63741517067,2.3568339526632403,24.9,2.5,1733.6,4544.0,0.2761564929272333,59.4,1011.7
838,39,cnn1d,loso,Thuwal - KAUST,22.3065,39.107,01-02-2021 00:00,4971.2,4667.20263671875,-303.9973632812498,303.9973632812498,92414.39688195217,6.1151706485607065,23.9,2.7,1647.6,5373.2,0.23467411121239745,63.0,1011.4
839,39,cnn1d,loso,Thuwal - KAUST,22.3065,39.107,01-09-2021 00:00,5790.5,5508.953125,-281.546875,281.546875,79268.64282226562,4.862220447284344,31.1,2.5,2674.1,4143.2,0.392252064600355,76.7,1002.9
840,39,cnn1d,loso,Thuwal - KAUST,22.3065,39.107,01-10-2021 00:00,5313.2,4941.64892578125,-371.5510742187498,371.5510742187498,138050.20075310694,6.99298114542554,29.3,0.2,1831.3,5239.4,0.25899840185554474,78.8,1006.7
841,39,cnn1d,loso,Thuwal - KAUST,22.3065,39.107,01-11-2021 00:00,4389.4,4322.5263671875,-66.87363281249964,66.87363281249964,4472.082765541028,1.523525602872822,27.4,0.0,1350.9,5247.1,0.20474386177629586,69.7,1009.5
842,39,cnn1d,loso,Thuwal - KAUST,22.3065,39.107,01-12-2021 00:00,3797.4,3872.830078125,75.43007812499991,75.43007812499991,5689.69668594359,1.9863611451256098,25.3,0.0,1589.8,4094.9,0.27966295494924975,62.9,1011.8
258,40,cnn1d,loso,Timaa - TVTC,27.6173,38.5252,01-01-2017 00:00,4235.7,4505.28515625,269.5851562500002,269.5851562500002,72676.15647033701,6.364595137757637,13.2,1.9,1325.4,5906.3,0.1832764080368378,36.9,921.5
259,40,cnn1d,loso,Timaa - TVTC,27.6173,38.5252,01-02-2017 00:00,5392.6,5334.5859375,-58.014062500000364,58.014062500000364,3365.6314477539486,1.0758087471720572,12.5,2.3,1649.3,6580.6,0.200403407088786,28.9,921.8
260,40,cnn1d,loso,Timaa - TVTC,27.6173,38.5252,01-03-2017 00:00,6511.6,6520.8017578125,9.201757812499636,9.201757812499636,84.6723468398981,0.14131331489187965,19.4,2.6,1990.0,7008.4,0.22115042674253202,25.2,917.2
261,40,cnn1d,loso,Timaa - TVTC,27.6173,38.5252,01-04-2017 00:00,6508.5,6610.40380859375,101.90380859375,101.90380859375,10384.386205911636,1.5657034430936467,25.1,3.1,2727.9,5257.1,0.34162805259862244,21.1,918.3
262,40,cnn1d,loso,Timaa - TVTC,27.6173,38.5252,01-05-2017 00:00,7872.0,7815.140625,-56.859375,56.859375,3232.988525390625,0.7222989710365854,29.8,2.6,2439.0,7320.8,0.24990266193979388,16.1,916.8
263,40,cnn1d,loso,Timaa - TVTC,27.6173,38.5252,01-06-2017 00:00,8158.9,7682.89892578125,-476.00107421874964,476.00107421874964,226577.0226574036,5.834132961780996,33.5,2.4,1845.5,8604.1,0.17660963099065993,14.6,914.7
264,40,cnn1d,loso,Timaa - TVTC,27.6173,38.5252,01-09-2017 00:00,6674.6,6809.583984375,134.98398437499964,134.98398437499964,18220.676037750145,2.022353165358218,33.0,2.3,2419.6,6025.1,0.2865229078593674,15.6,916.4
265,40,cnn1d,loso,Timaa - TVTC,27.6173,38.5252,01-10-2017 00:00,5879.9,5783.826171875,-96.07382812499964,96.07382812499964,9230.180450591972,1.6339364296161438,26.4,2.0,1347.0,7582.5,0.15084831177557534,24.0,918.5
266,40,cnn1d,loso,Timaa - TVTC,27.6173,38.5252,01-11-2017 00:00,4426.5,4702.3603515625,275.8603515625,275.8603515625,76098.9335641861,6.2320196896532245,20.3,2.0,1652.8,5246.3,0.23956747981620788,38.9,920.2
267,40,cnn1d,loso,Timaa - TVTC,27.6173,38.5252,01-03-2018 00:00,6509.7,6269.4580078125,-240.24199218749982,240.24199218749982,57716.21481021872,3.6905232527996654,22.8,2.4,2201.9,6702.4,0.24728501959727325,21.6,918.5
268,40,cnn1d,loso,Timaa - TVTC,27.6173,38.5252,01-04-2018 00:00,7333.9,7174.3232421875,-159.57675781249964,159.57675781249964,25464.741633949165,2.1758785613725253,23.4,2.8,2665.5,6450.5,0.29239798157086444,26.7,916.1
269,40,cnn1d,loso,Timaa - TVTC,27.6173,38.5252,01-05-2018 00:00,7389.0,7264.19677734375,-124.80322265625,124.80322265625,15575.844385385513,1.6890407721782381,28.8,3.0,3115.1,5636.0,0.35596667847470603,20.9,915.9
270,40,cnn1d,loso,Timaa - TVTC,27.6173,38.5252,01-06-2018 00:00,8218.7,7979.41357421875,-239.28642578125073,239.28642578125073,57257.99356316601,2.91148753186332,32.3,2.5,2262.5,8035.6,0.21970072149231412,17.1,914.3
271,40,cnn1d,loso,Timaa - TVTC,27.6173,38.5252,01-07-2018 00:00,8005.7,7808.91357421875,-196.78642578124982,196.78642578124982,38724.89737175934,2.458078941020146,33.4,2.5,2187.6,7878.7,0.2173191738771942,17.9,912.7
272,40,cnn1d,loso,Timaa - TVTC,27.6173,38.5252,01-08-2018 00:00,7533.6,7377.7509765625,-155.84902343750036,155.84902343750036,24288.918106422538,2.068719117520181,33.3,2.3,1625.7,8288.3,0.16398022997780917,20.1,913.6
273,40,cnn1d,loso,Timaa - TVTC,27.6173,38.5252,01-09-2018 00:00,6329.5,6468.5,139.0,139.0,19321.0,2.1960660399715617,33.7,2.2,2464.5,5371.6,0.3145059404550733,17.5,916.5
274,40,cnn1d,loso,Timaa - TVTC,27.6173,38.5252,01-10-2018 00:00,5447.3,5741.1044921875,293.8044921874998,293.8044921874998,86321.07962955465,5.3935801624199105,27.0,2.3,1906.8,5731.5,0.24963669926554335,25.4,919.5
275,40,cnn1d,loso,Timaa - TVTC,27.6173,38.5252,01-11-2018 00:00,3967.4,4041.73974609375,74.33974609374991,74.33974609374991,5526.397849283205,1.8737648357551522,18.0,2.2,1406.4,4995.9,0.2196710557143527,59.7,920.0
276,40,cnn1d,loso,Timaa - TVTC,27.6173,38.5252,01-12-2018 00:00,4013.6,4297.5458984375,283.9458984375001,283.9458984375001,80625.27323947912,7.074593841875126,14.7,2.1,1205.0,5996.9,0.16731695802496566,54.5,921.7
277,40,cnn1d,loso,Timaa - TVTC,27.6173,38.5252,01-01-2019 00:00,3942.3,4075.4443359375,133.14433593749982,133.14433593749982,17727.414192237804,3.377326330758689,14.2,2.1,1738.1,4375.9,0.28428197579326137,43.8,920.4
278,40,cnn1d,loso,Timaa - TVTC,27.6173,38.5252,01-02-2019 00:00,5130.1,4877.4990234375,-252.60097656250036,252.60097656250036,63807.25336032886,4.923899662043631,14.6,2.8,1621.0,6143.3,0.20877606480944838,47.0,920.4
279,40,cnn1d,loso,Timaa - TVTC,27.6173,38.5252,01-03-2019 00:00,6669.6,6604.3662109375,-65.23378906250036,65.23378906250036,4255.4472354507925,0.9780764822852999,16.7,2.7,1709.9,7841.6,0.17901900225095535,30.7,918.6
280,40,cnn1d,loso,Timaa - TVTC,27.6173,38.5252,01-04-2019 00:00,7251.2,6941.5732421875,-309.6267578124998,309.6267578124998,95868.72915348041,4.270007141059408,21.9,2.8,2292.5,6982.3,0.24717514124293788,25.1,917.6
281,40,cnn1d,loso,Timaa - TVTC,27.6173,38.5252,01-05-2019 00:00,7953.8,7951.765625,-2.034375000000182,2.034375000000182,4.13868164062574,0.025577396967489528,30.3,2.5,2357.2,7511.2,0.2388634429086782,14.3,916.6
282,40,cnn1d,loso,Timaa - TVTC,27.6173,38.5252,01-06-2019 00:00,8149.4,8041.634765625,-107.76523437499964,107.76523437499964,11613.345739898603,1.3223701668220929,33.7,2.6,2203.0,8039.6,0.21508210805850075,15.5,914.9
283,40,cnn1d,loso,Timaa - TVTC,27.6173,38.5252,01-07-2019 00:00,8239.6,7786.5947265625,-453.00527343750036,453.00527343750036,205213.77776218447,5.497903702091126,33.7,2.5,1707.7,9016.2,0.15924243978403377,16.9,912.7
284,40,cnn1d,loso,Timaa - TVTC,27.6173,38.5252,01-08-2019 00:00,7711.6,7644.671875,-66.92812500000036,66.92812500000036,4479.373916015674,0.8678889594896048,33.7,2.4,1671.9,8426.6,0.1655592414715057,17.9,913.8
285,40,cnn1d,loso,Timaa - TVTC,27.6173,38.5252,01-09-2019 00:00,6725.4,7057.35595703125,331.95595703125036,331.95595703125036,110194.75740853333,4.935854477521788,32.9,2.1,1825.0,7172.7,0.2028296120119586,18.2,915.5
286,40,cnn1d,loso,Timaa - TVTC,27.6173,38.5252,01-10-2019 00:00,5224.5,6129.44189453125,904.94189453125,904.94189453125,818919.832477808,17.32111961970045,28.1,2.2,1902.4,5422.5,0.2597168562028151,26.7,918.7
287,40,cnn1d,loso,Timaa - TVTC,27.6173,38.5252,01-11-2019 00:00,4375.6,4400.978515625,25.378515624999636,25.378515624999636,644.0690553283507,0.5800008141740478,19.9,2.2,1342.1,5845.2,0.1867321525468535,42.5,920.1
288,40,cnn1d,loso,Timaa - TVTC,27.6173,38.5252,01-12-2019 00:00,4303.5,4414.177734375,110.677734375,110.677734375,12249.560886383057,2.571807467758801,14.3,1.9,876.6,7341.8,0.10666309743989098,41.7,921.1
289,40,cnn1d,loso,Timaa - TVTC,27.6173,38.5252,01-01-2020 00:00,4477.6,4410.93701171875,-66.66298828125036,66.66298828125036,4443.954006586123,1.4888107084431472,11.1,1.9,1155.3,6835.6,0.14457695628777734,39.6,922.2
290,40,cnn1d,loso,Timaa - TVTC,27.6173,38.5252,01-02-2020 00:00,5507.3,5567.70361328125,60.40361328124982,60.40361328124982,3648.5964974307794,1.0967917723975418,14.6,2.1,1300.9,7610.3,0.1459848280815154,33.6,921.0
291,40,cnn1d,loso,Timaa - TVTC,27.6173,38.5252,01-03-2020 00:00,6387.8,6661.72265625,273.9226562499998,273.9226562499998,75033.62160705557,4.28821591549516,19.4,2.8,2117.1,6558.9,0.2440179806362379,28.3,917.6
292,40,cnn1d,loso,Timaa - TVTC,27.6173,38.5252,01-04-2020 00:00,7732.1,7605.60498046875,-126.49501953125036,126.49501953125036,16000.989966211411,1.6359723688422336,23.9,3.2,2158.2,7770.5,0.2173698470091754,24.8,916.5
293,40,cnn1d,loso,Timaa - TVTC,27.6173,38.5252,01-05-2020 00:00,7826.2,7558.79296875,-267.4070312499998,267.4070312499998,71506.52036193838,3.416818267486134,29.2,2.9,2584.8,6907.7,0.27229918356597316,18.1,917.1
294,40,cnn1d,loso,Timaa - TVTC,27.6173,38.5252,01-09-2020 00:00,6710.6,7366.73291015625,656.1329101562496,656.1329101562496,430510.3957901092,9.777559535008042,33.4,2.0,1992.1,6882.4,0.22447461828835427,14.5,916.3
295,40,cnn1d,loso,Timaa - TVTC,27.6173,38.5252,01-10-2020 00:00,5854.3,6075.8837890625,221.58378906249982,221.58378906249982,49099.37557529441,3.784974959645044,27.3,2.1,1244.5,7751.5,0.1383392618941752,16.0,920.0
296,40,cnn1d,loso,Timaa - TVTC,27.6173,38.5252,01-11-2020 00:00,4608.5,4555.267578125,-53.232421875,53.232421875,2833.6907386779785,1.1550921530866878,19.7,2.1,1158.3,6697.6,0.1474433228528876,45.0,919.9
297,40,cnn1d,loso,Timaa - TVTC,27.6173,38.5252,01-12-2020 00:00,3823.8,4285.70947265625,461.9094726562498,461.9094726562498,213360.3609295748,12.07985440285187,15.0,1.9,1186.1,5481.4,0.1778927634045744,45.8,921.7
298,40,cnn1d,loso,Timaa - TVTC,27.6173,38.5252,01-01-2021 00:00,4346.5,4385.87548828125,39.37548828125,39.37548828125,1550.429077386856,0.9059125337915565,14.4,2.1,1335.1,5998.3,0.18205743584149234,46.3,922.0
299,40,cnn1d,loso,Timaa - TVTC,27.6173,38.5252,01-02-2021 00:00,5093.9,5900.9638671875,807.0638671875004,807.0638671875004,651352.0857196433,15.843732055743152,15.4,2.4,1537.8,6355.2,0.19483086278981376,43.6,921.0
300,40,cnn1d,loso,Timaa - TVTC,27.6173,38.5252,01-03-2021 00:00,6610.4,6767.33544921875,156.93544921875036,156.93544921875036,24628.735221490973,2.374068879625293,20.9,2.7,2135.2,6826.1,0.23826900114938682,25.7,918.7
301,40,cnn1d,loso,Timaa - TVTC,27.6173,38.5252,01-04-2021 00:00,7631.2,7392.1923828125,-239.00761718749982,239.00761718749982,57124.64107364646,3.1319794683339426,25.4,2.9,2302.7,7431.0,0.2365698552451791,19.5,918.8
302,40,cnn1d,loso,Timaa - TVTC,27.6173,38.5252,01-05-2021 00:00,8199.1,8036.8291015625,-162.27089843750036,162.27089843750036,26331.844479713556,1.9791306172323835,30.6,2.3,2093.4,8362.2,0.200218064960404,14.4,916.1
303,40,cnn1d,loso,Timaa - TVTC,27.6173,38.5252,01-07-2021 00:00,8089.8,8231.2421875,141.44218749999982,141.44218749999982,20005.892404785103,1.748401536502754,34.9,2.5,1961.6,8305.6,0.1910550101293439,16.6,911.9
304,40,cnn1d,loso,Timaa - TVTC,27.6173,38.5252,01-08-2021 00:00,7626.9,7535.71923828125,-91.18076171874964,91.18076171874964,8313.9313076114,1.1955153695308662,34.4,2.3,1896.3,7943.6,0.19271537312371062,16.0,913.8
305,40,cnn1d,loso,Timaa - TVTC,27.6173,38.5252,01-09-2021 00:00,6691.9,7032.0205078125,340.12050781250036,340.12050781250036,115681.95983463312,5.08257008939913,31.2,2.3,1884.6,7036.9,0.21124250406321807,22.2,915.8
306,40,cnn1d,loso,Timaa - TVTC,27.6173,38.5252,01-10-2021 00:00,5692.4,5687.515625,-4.884374999999636,4.884374999999636,23.857119140621446,0.08580519640221412,27.4,1.8,1514.6,6928.6,0.17938696228917944,22.2,919.2
307,40,cnn1d,loso,Timaa - TVTC,27.6173,38.5252,01-11-2021 00:00,4512.3,4523.63330078125,11.333300781249818,11.333300781249818,128.44370659827774,0.25116461186644984,20.3,1.9,1236.1,6313.6,0.16372836006728742,33.7,920.8
308,40,cnn1d,loso,Timaa - TVTC,27.6173,38.5252,01-12-2021 00:00,3793.3,4150.9375,357.6374999999998,357.6374999999998,127904.58140624987,9.428136451111165,15.1,2.1,1524.0,4748.1,0.24298081982111253,40.2,921.2
906,41,cnn1d,loso,Umluj - SWCC,25.00411,37.27382,01-01-2017 00:00,4448.2,4201.3681640625,-246.83183593749982,246.83183593749982,60925.95523227683,5.549027380457259,21.5,3.1,1233.7,6085.1,0.16856588511777887,58.2,1015.2
907,41,cnn1d,loso,Umluj - SWCC,25.00411,37.27382,01-02-2017 00:00,5284.5,5327.107421875,42.607421875,42.607421875,1815.3923988342285,0.8062715843504589,21.2,3.5,1716.4,5960.5,0.2235798304002918,46.3,1015.4
908,41,cnn1d,loso,Umluj - SWCC,25.00411,37.27382,01-03-2017 00:00,6148.7,6503.05859375,354.3585937500002,354.3585937500002,125570.01296447766,5.763146579764832,23.1,3.3,2006.1,6196.2,0.24457774038989066,61.4,1010.9
909,41,cnn1d,loso,Umluj - SWCC,25.00411,37.27382,01-04-2017 00:00,6404.3,6221.31787109375,-182.98212890625018,182.98212890625018,33482.45949906356,2.8571760989686643,27.0,3.6,2766.8,4908.7,0.3604716305126702,57.2,1009.5
910,41,cnn1d,loso,Umluj - SWCC,25.00411,37.27382,01-05-2017 00:00,7035.7,6955.625,-80.07499999999982,80.07499999999982,6412.005624999971,1.1381241383231209,29.3,2.9,2419.5,6147.7,0.28241432440003733,61.5,1008.2
911,41,cnn1d,loso,Umluj - SWCC,25.00411,37.27382,01-06-2017 00:00,7460.0,7179.720703125,-280.279296875,280.279296875,78556.48425674438,3.7570951323726542,30.5,3.1,2041.9,7201.9,0.22089400463013048,65.7,1004.4
912,41,cnn1d,loso,Umluj - SWCC,25.00411,37.27382,01-09-2017 00:00,6164.3,6185.1669921875,20.866992187499818,20.866992187499818,435.43136295317845,0.3385135731145437,30.6,3.1,2512.2,5045.0,0.3324247075636479,69.0,1006.3
913,41,cnn1d,loso,Umluj - SWCC,25.00411,37.27382,01-10-2017 00:00,5632.0,5621.80615234375,-10.19384765625,10.19384765625,103.91453003883362,0.18099871548739346,28.0,3.3,1424.7,6765.1,0.17396029207062444,65.7,1010.5
914,41,cnn1d,loso,Umluj - SWCC,25.00411,37.27382,01-11-2017 00:00,4545.7,4434.7841796875,-110.91582031249982,110.91582031249982,12302.319195594748,2.440016285995552,26.0,2.8,1284.1,5939.8,0.17775716718116252,59.8,1012.2
915,41,cnn1d,loso,Umluj - SWCC,25.00411,37.27382,01-03-2018 00:00,6422.2,6579.84912109375,157.64912109375018,157.64912109375018,24853.24538163191,2.4547525940293076,25.9,2.4,1836.6,6863.6,0.21109859543458767,55.8,1010.6
916,41,cnn1d,loso,Umluj - SWCC,25.00411,37.27382,01-04-2018 00:00,7208.7,7085.7880859375,-122.91191406249982,122.91191406249982,15107.338618507341,1.7050496492085925,26.9,2.4,2349.4,6564.8,0.26355702138161585,58.2,1008.6
917,41,cnn1d,loso,Umluj - SWCC,25.00411,37.27382,01-05-2018 00:00,7035.2,6794.05712890625,-241.14287109374982,241.14287109374982,58149.88427933684,3.4276619157060186,31.4,2.8,3193.0,4945.1,0.3923520231995183,51.6,1006.2
918,41,cnn1d,loso,Umluj - SWCC,25.00411,37.27382,01-06-2018 00:00,7620.7,7563.5947265625,-57.10527343749982,57.10527343749982,3261.0122543716225,0.7493441998438439,31.7,2.7,2406.9,6873.3,0.2593586345121872,59.8,1004.3
919,41,cnn1d,loso,Umluj - SWCC,25.00411,37.27382,01-07-2018 00:00,7427.1,7561.80517578125,134.70517578124964,134.70517578124964,18145.484382257364,1.8136981564978207,32.4,2.2,2274.3,6839.9,0.24953369467424458,59.9,1003.7
920,41,cnn1d,loso,Umluj - SWCC,25.00411,37.27382,01-08-2018 00:00,7125.3,6981.39208984375,-143.90791015625018,143.90791015625018,20709.486605539376,2.019675103592132,32.3,2.3,1768.9,7281.4,0.1954520844612886,67.8,1004.4
921,41,cnn1d,loso,Umluj - SWCC,25.00411,37.27382,01-09-2018 00:00,5939.5,5563.59130859375,-375.90869140625,375.90869140625,141307.3442747593,6.328961889153127,31.8,0.3,2915.1,4050.2,0.41851750821931577,71.9,1005.9
922,41,cnn1d,loso,Umluj - SWCC,25.00411,37.27382,01-10-2018 00:00,5176.9,4864.6298828125,-312.27011718749964,312.27011718749964,97512.62608829475,6.031990519181356,30.1,0.2,1812.5,5230.3,0.2573550292497302,59.8,1010.1
923,41,cnn1d,loso,Umluj - SWCC,25.00411,37.27382,01-11-2018 00:00,4267.1,4481.8876953125,214.78769531249964,214.78769531249964,46133.75405765518,5.03357538638653,26.0,0.1,1205.0,5602.3,0.1770158506309403,57.5,1012.5
924,41,cnn1d,loso,Umluj - SWCC,25.00411,37.27382,01-12-2018 00:00,4118.4,4401.052734375,282.65273437500036,282.65273437500036,79892.56824966452,6.863168569711547,23.0,0.2,1223.5,5806.4,0.1740423050114511,56.9,1015.3
925,41,cnn1d,loso,Umluj - SWCC,25.00411,37.27382,01-01-2019 00:00,3911.3,3891.0087890625,-20.291210937500182,20.291210937500182,411.733241310127,0.5187843156367494,21.9,0.4,1748.0,4060.0,0.3009641873278237,55.3,1014.9
926,41,cnn1d,loso,Umluj - SWCC,25.00411,37.27382,01-02-2019 00:00,5000.7,4597.1787109375,-403.5212890624998,403.5212890624998,162829.43072666152,8.069296079798825,22.2,0.4,1729.3,5524.6,0.23839589737934075,50.3,1014.4
927,41,cnn1d,loso,Umluj - SWCC,25.00411,37.27382,01-03-2019 00:00,6381.1,5585.88720703125,-795.2127929687504,795.2127929687504,632363.3861011607,12.462001739022273,22.6,0.8,1890.3,6770.1,0.21826936400166275,51.1,1012.9
928,41,cnn1d,loso,Umluj - SWCC,25.00411,37.27382,01-04-2019 00:00,6939.8,5410.33544921875,-1529.4645507812502,1529.4645507812502,2339261.8120964915,22.039029234001703,25.3,0.5,2371.0,6279.5,0.27408820299404657,54.6,1010.1
929,41,cnn1d,loso,Umluj - SWCC,25.00411,37.27382,01-05-2019 00:00,7286.7,6502.048828125,-784.6511718749998,784.6511718749998,615677.4615248105,10.768265083988634,29.2,0.1,2464.0,6381.8,0.2785502724456805,62.3,1007.2
930,41,cnn1d,loso,Umluj - SWCC,25.00411,37.27382,01-06-2019 00:00,7548.1,7349.33642578125,-198.76357421875036,198.76357421875036,39506.958436212684,2.6332928050602185,32.5,0.0,2346.2,6909.1,0.2534979957429797,55.3,1005.1
931,41,cnn1d,loso,Umluj - SWCC,25.00411,37.27382,01-07-2019 00:00,7719.4,7492.5283203125,-226.87167968749964,226.87167968749964,51470.75904422744,2.9389807457509605,32.1,0.0,1789.5,7975.2,0.18326215859166178,62.8,1003.3
932,41,cnn1d,loso,Umluj - SWCC,25.00411,37.27382,01-08-2019 00:00,7172.1,7148.77490234375,-23.325097656250364,23.325097656250364,544.0601806736162,0.3252199168479296,32.6,0.0,1825.1,7252.6,0.20105313019817792,63.7,1004.6
933,41,cnn1d,loso,Umluj - SWCC,25.00411,37.27382,01-09-2019 00:00,6201.0,6241.19091796875,40.19091796875,40.19091796875,1615.3098871707916,0.6481360743226898,30.9,0.0,2219.7,5567.2,0.28505567042083496,69.9,1005.5
934,41,cnn1d,loso,Umluj - SWCC,25.00411,37.27382,01-10-2019 00:00,5237.5,6135.92822265625,898.42822265625,898.42822265625,807173.2712652683,17.15376081443914,30.6,0.0,1872.5,5319.4,0.2603623520905463,64.3,1009.2
935,41,cnn1d,loso,Umluj - SWCC,25.00411,37.27382,01-11-2019 00:00,4663.0,5214.9775390625,551.9775390625,551.9775390625,304679.2036294937,11.837390929927086,27.4,0.0,1263.6,6261.0,0.16792919224942188,54.2,1011.1
936,41,cnn1d,loso,Umluj - SWCC,25.00411,37.27382,01-12-2019 00:00,4424.3,5072.888671875,648.5886718749998,648.5886718749998,420667.26528457616,14.659690162850616,22.9,0.0,962.1,7000.3,0.12083040289359992,48.7,1014.7
937,41,cnn1d,loso,Umluj - SWCC,25.00411,37.27382,01-01-2020 00:00,4496.6,4356.94140625,-139.65859375000036,139.65859375000036,19504.52280822764,3.1058709636169626,19.7,0.0,1133.8,6545.9,0.14763597536362097,46.8,1017.4
938,41,cnn1d,loso,Umluj - SWCC,25.00411,37.27382,01-02-2020 00:00,5487.1,5433.99560546875,-53.104394531250364,53.104394531250364,2820.0767185306936,0.9678043872218541,20.7,0.0,1317.3,7167.4,0.15525593126451143,54.0,1015.8
939,41,cnn1d,loso,Umluj - SWCC,25.00411,37.27382,01-03-2020 00:00,6296.2,6569.84423828125,273.6442382812502,273.6442382812502,74881.16914452563,4.346180843703348,23.6,2.9,2293.7,5856.0,0.28144594279544033,56.4,1011.7
940,41,cnn1d,loso,Umluj - SWCC,25.00411,37.27382,01-04-2020 00:00,7289.3,7214.54541015625,-74.75458984375018,74.75458984375018,5588.2487027073175,1.0255386641206998,25.4,3.3,2294.6,6871.1,0.25034640016583565,59.8,1010.4
941,41,cnn1d,loso,Umluj - SWCC,25.00411,37.27382,01-05-2020 00:00,7382.4,7229.3642578125,-153.03574218749964,153.03574218749964,23419.938386878857,2.0729809030599755,29.0,3.0,2402.8,6623.9,0.26618808645462905,60.8,1008.0
942,41,cnn1d,loso,Umluj - SWCC,25.00411,37.27382,01-09-2020 00:00,6252.2,6292.82421875,40.62421875000018,40.62421875000018,1650.3271490478664,0.6497587849077154,33.6,2.7,2145.4,5735.0,0.27224506370235013,62.0,1005.2
943,41,cnn1d,loso,Umluj - SWCC,25.00411,37.27382,01-10-2020 00:00,5538.8,5526.59765625,-12.202343750000182,12.202343750000182,148.8971929931685,0.22030663230302922,31.4,2.1,1499.9,6507.8,0.1873072168038263,51.7,1009.4
944,41,cnn1d,loso,Umluj - SWCC,25.00411,37.27382,01-11-2020 00:00,4650.6,4452.814453125,-197.78554687500036,197.78554687500036,39119.12255264296,4.252903859179468,26.5,3.1,1069.4,6695.2,0.1377276356798805,54.8,1012.4
945,41,cnn1d,loso,Umluj - SWCC,25.00411,37.27382,01-12-2020 00:00,4134.5,4322.71533203125,188.21533203125,188.21533203125,35425.01121163368,4.552311815969283,24.3,2.7,1242.8,5702.6,0.17893857805166008,52.8,1013.9
946,41,cnn1d,loso,Umluj - SWCC,25.00411,37.27382,01-01-2021 00:00,4551.5,4796.125,244.625,244.625,59841.390625,5.374601779633088,23.3,3.1,1358.5,6064.5,0.1830122591943958,52.0,1014.6
947,41,cnn1d,loso,Umluj - SWCC,25.00411,37.27382,01-02-2021 00:00,5326.6,5324.60693359375,-1.9930664062503638,1.9930664062503638,3.97231369972374,0.03741723437559351,22.6,3.3,1338.4,6747.1,0.1655308886277905,53.8,1014.3
948,41,cnn1d,loso,Umluj - SWCC,25.00411,37.27382,01-03-2021 00:00,6299.4,6350.708984375,51.308984375000364,51.308984375000364,2632.6118775940313,0.8145058954027427,24.5,3.4,2221.2,5961.2,0.27146069612827534,57.6,1011.2
949,41,cnn1d,loso,Umluj - SWCC,25.00411,37.27382,01-04-2021 00:00,7206.9,6933.7763671875,-273.12363281249964,273.12363281249964,74596.51880069713,3.7897519434500224,26.6,3.0,2338.7,6639.8,0.2604778080971209,61.1,1009.8
950,41,cnn1d,loso,Umluj - SWCC,25.00411,37.27382,01-05-2021 00:00,7448.6,7000.47265625,-448.12734375000036,448.12734375000036,200818.116216431,6.016262703729565,30.5,2.7,2210.7,7041.8,0.23893001891380705,62.0,1006.4
951,41,cnn1d,loso,Umluj - SWCC,25.00411,37.27382,01-07-2021 00:00,7250.6,7276.2490234375,25.649023437499636,25.649023437499636,657.8724032974056,0.3537503577290105,32.1,3.0,2348.7,6507.2,0.2652130218272564,63.0,1002.3
952,41,cnn1d,loso,Umluj - SWCC,25.00411,37.27382,01-08-2021 00:00,6928.1,7271.15625,343.05624999999964,343.05624999999964,117687.59066406226,4.9516642369480754,33.0,2.8,2195.7,6375.9,0.256159876802464,64.7,1003.3
953,41,cnn1d,loso,Umluj - SWCC,25.00411,37.27382,01-09-2021 00:00,6136.1,6765.0712890625,628.9712890624996,628.9712890624996,395604.88246494246,10.250342873527153,30.8,3.1,2252.4,5489.1,0.2909513660143383,70.8,1005.4
954,41,cnn1d,loso,Umluj - SWCC,25.00411,37.27382,01-10-2021 00:00,5448.4,5580.37353515625,131.97353515625036,131.97353515625036,17417.01398163805,2.422243872627751,28.9,2.9,1623.5,6044.3,0.2117295704113305,68.1,1009.6
955,41,cnn1d,loso,Umluj - SWCC,25.00411,37.27382,01-11-2021 00:00,4539.7,4341.35888671875,-198.34111328124982,198.34111328124982,39339.197217645575,4.3690356913727735,26.8,2.5,1257.1,6067.4,0.17162946276196325,59.8,1011.9
956,41,cnn1d,loso,Umluj - SWCC,25.00411,37.27382,01-12-2021 00:00,3847.4,3879.815673828125,32.41567382812491,32.41567382812491,1050.7759097313822,0.8425345383408253,23.3,2.9,1361.4,4889.2,0.2178030909032733,53.6,1014.6
957,42,cnn1d,loso,Wadi Addawasir - TVTC,20.43008,44.89433,01-01-2017 00:00,4977.4,4664.20751953125,-313.19248046874964,313.19248046874964,98089.52982216813,6.292290763626586,18.6,2.7,1579.1,5955.5,0.20957980516550312,28.5,941.9
958,42,cnn1d,loso,Wadi Addawasir - TVTC,20.43008,44.89433,01-02-2017 00:00,5020.4,4750.8271484375,-269.57285156249964,269.57285156249964,72669.52229953746,5.369549270227465,18.1,3.5,2572.6,3716.9,0.409030924556801,36.1,942.0
959,42,cnn1d,loso,Wadi Addawasir - TVTC,20.43008,44.89433,01-03-2017 00:00,5831.1,5891.3232421875,60.223242187499636,60.223242187499636,3626.838899574236,1.0327938500025662,25.2,3.2,2967.1,3884.9,0.4330268534734384,32.7,937.2
960,42,cnn1d,loso,Wadi Addawasir - TVTC,20.43008,44.89433,01-04-2017 00:00,6901.4,7086.51953125,185.11953125000036,185.11953125000036,34269.24085021986,2.6823475128234904,29.6,3.0,2843.7,5392.9,0.34525168151907343,16.8,937.4
961,42,cnn1d,loso,Wadi Addawasir - TVTC,20.43008,44.89433,01-05-2017 00:00,6876.1,6905.69873046875,29.598730468749636,29.598730468749636,876.084845361688,0.4304581153379043,33.6,2.5,3274.7,4561.7,0.41788321167883213,19.0,935.2
962,42,cnn1d,loso,Wadi Addawasir - TVTC,20.43008,44.89433,01-05-2019 00:00,6581.4,6829.29638671875,247.89638671875036,247.89638671875036,61452.61854821223,3.7666208818602485,32.1,3.1,3115.5,4327.2,0.4185980894030392,20.8,935.8
963,42,cnn1d,loso,Wadi Addawasir - TVTC,20.43008,44.89433,01-02-2020 00:00,5844.4,6205.23193359375,360.83193359375036,360.83193359375036,130199.68430100467,6.17397737310503,20.9,3.3,2203.6,5644.7,0.2807741803957545,21.8,941.5
964,42,cnn1d,loso,Wadi Addawasir - TVTC,20.43008,44.89433,01-04-2020 00:00,6929.7,6796.18896484375,-133.51103515624982,133.51103515624982,17825.196508493376,1.9266495686140788,30.1,3.2,2829.1,5323.9,0.3470011038881393,27.1,936.0
965,42,cnn1d,loso,Wadi Addawasir - TVTC,20.43008,44.89433,01-05-2020 00:00,6863.4,6823.052734375,-40.347265624999636,40.347265624999636,1627.9018434142772,0.5878612003525897,33.5,2.8,3240.3,4594.4,0.4135831620866147,15.0,935.3
966,42,cnn1d,loso,Wadi Addawasir - TVTC,20.43008,44.89433,01-09-2020 00:00,7092.6,6842.3515625,-250.24843750000036,250.24843750000036,62624.28047119159,3.5283032667851053,32.6,1.9,2038.8,6992.3,0.2257532305034824,12.4,933.7
967,42,cnn1d,loso,Wadi Addawasir - TVTC,20.43008,44.89433,01-11-2020 00:00,5538.1,5433.9755859375,-104.12441406250036,104.12441406250036,10841.893603859024,1.8801468746050154,22.6,2.5,1207.5,7472.4,0.13911450592748764,27.0,941.0
968,42,cnn1d,loso,Wadi Addawasir - TVTC,20.43008,44.89433,01-01-2021 00:00,5181.0,5014.01025390625,-166.98974609375,166.98974609375,27885.575300455093,3.223118048518626,17.4,2.9,1607.7,6255.2,0.2044665454221725,30.7,942.8
969,42,cnn1d,loso,Wadi Addawasir - TVTC,20.43008,44.89433,01-04-2021 00:00,7354.2,6952.158203125,-402.0417968749998,402.0417968749998,161637.6064344786,5.466832515773297,29.0,2.7,2725.9,6052.8,0.3105129461081937,14.1,937.4
970,42,cnn1d,loso,Wadi Addawasir - TVTC,20.43008,44.89433,01-07-2021 00:00,6964.2,7060.189453125,95.98945312500018,95.98945312500018,9213.975111236607,1.3783270601792048,36.0,2.6,3141.6,4847.9,0.3932160961261656,18.5,928.1
971,42,cnn1d,loso,Wadi Addawasir - TVTC,20.43008,44.89433,01-10-2021 00:00,6404.1,6475.88916015625,71.78916015624964,71.78916015624964,5153.6835159396605,1.1209874948275265,28.2,2.0,1683.5,7204.1,0.18942121607633106,18.2,938.5
1308,43,cnn1d,loso,Yanbu - RCJY,23.98655,38.20451,01-01-2017 00:00,4068.4,4585.90576171875,517.5057617187499,517.5057617187499,267812.21341210353,12.720129822995524,22.4,2.4,1403.7,5130.4,0.21482683154527787,53.9,1014.2
1309,43,cnn1d,loso,Yanbu - RCJY,23.98655,38.20451,01-02-2017 00:00,4398.5,5209.71630859375,811.21630859375,811.21630859375,658071.8993284702,18.44302167997613,21.6,3.5,1896.4,4096.8,0.3164252819862511,38.0,1014.4
1310,43,cnn1d,loso,Yanbu - RCJY,23.98655,38.20451,01-09-2017 00:00,6309.4,6177.1640625,-132.23593749999964,132.23593749999964,17486.34316650381,2.095855984721204,32.5,0.0,2707.0,4926.1,0.3546396614743682,56.4,1004.7
1311,43,cnn1d,loso,Yanbu - RCJY,23.98655,38.20451,01-11-2017 00:00,4643.4,5152.84619140625,509.44619140625036,509.44619140625036,259535.4219383339,10.971404389159892,26.5,0.0,1566.3,5473.5,0.22249211625330265,56.0,1011.7
1312,43,cnn1d,loso,Yanbu - RCJY,23.98655,38.20451,01-04-2018 00:00,7540.4,6596.16552734375,-944.2344726562496,944.2344726562496,891578.7393524258,12.52233930104835,26.8,0.0,2414.7,6962.9,0.25749658761303534,56.5,1007.9
1313,43,cnn1d,loso,Yanbu - RCJY,23.98655,38.20451,01-05-2018 00:00,7572.4,6993.75,-578.6499999999996,578.6499999999996,334835.8224999996,7.641566742380218,31.5,0.0,3416.5,5288.5,0.39247558874210225,44.0,1005.7
1314,43,cnn1d,loso,Yanbu - RCJY,23.98655,38.20451,01-06-2018 00:00,7806.4,7008.595703125,-797.8042968749996,797.8042968749996,636491.6961122126,10.219874678148694,32.0,0.0,2673.0,6763.5,0.2832618025751073,52.8,1002.9
1315,43,cnn1d,loso,Yanbu - RCJY,23.98655,38.20451,01-01-2019 00:00,4003.2,3724.29248046875,-278.9075195312498,278.9075195312498,77789.4044510745,6.967114296843771,22.5,0.0,1845.6,3937.3,0.31914783240242783,52.7,1014.3
1316,43,cnn1d,loso,Yanbu - RCJY,23.98655,38.20451,01-02-2019 00:00,5492.9,6275.3271484375,782.4271484375004,782.4271484375004,612192.2426120383,14.244336296628383,22.8,0.0,2272.0,5237.1,0.30256621965348707,42.4,1013.4
1317,43,cnn1d,loso,Yanbu - RCJY,23.98655,38.20451,01-03-2019 00:00,6508.9,5794.1435546875,-714.7564453124996,714.7564453124996,510876.77611576027,10.981217184355263,23.0,0.0,2012.5,6677.6,0.23158536725699358,44.1,1012.0
1318,43,cnn1d,loso,Yanbu - RCJY,23.98655,38.20451,01-04-2019 00:00,6712.6,6909.650390625,197.05039062499964,197.05039062499964,38828.856445464946,2.935530057280333,26.3,0.0,2464.4,5801.4,0.29814416027486756,44.9,1009.1
1319,43,cnn1d,loso,Yanbu - RCJY,23.98655,38.20451,01-10-2021 00:00,5533.9,5454.185546875,-79.71445312499964,79.71445312499964,6354.394037017764,1.4404751283001074,29.6,0.0,1817.2,5649.4,0.24337717301047332,64.9,1008.4
