record_id,fold,model_name,cv_strategy,station_name,latitude,longitude,date,actual_ghi,predicted_ghi,residual_error,absolute_error,squared_error,relative_error_pct,air_temperature_c,wind_speed_m_s,dhi_wh_m2,dni_wh_m2,diffuse_fraction,relative_humidity_pct,barometric_pressure_mb
1214,1,dt,loso,Afif - TVTC,23.92118,42.94815,01-01-2017 00:00,4723.7,4977.4,253.69999999999982,253.69999999999982,64363.68999999991,5.370789846942013,17.4,4.3,1542.9,5834.3,0.20914439082578756,32.4,898.9
1215,1,dt,loso,Afif - TVTC,23.92118,42.94815,01-02-2017 00:00,4872.1,4770.5,-101.60000000000036,101.60000000000036,10322.560000000074,2.085343075881044,14.3,4.5,2397.0,3992.9,0.3751232413652796,39.3,898.9
1216,1,dt,loso,Afif - TVTC,23.92118,42.94815,01-03-2017 00:00,5521.8,5246.1,-275.6999999999998,275.6999999999998,76010.4899999999,4.99293708573291,21.7,4.7,2974.0,3598.1,0.45251898175621186,36.2,895.0
1217,1,dt,loso,Afif - TVTC,23.92118,42.94815,01-04-2017 00:00,6322.8,6136.1,-186.69999999999982,186.69999999999982,34856.889999999934,2.952805718985257,27.9,5.0,3415.9,3770.1,0.47535485666573896,20.6,896.1
1218,1,dt,loso,Afif - TVTC,23.92118,42.94815,01-05-2017 00:00,6918.2,6756.9,-161.30000000000018,161.30000000000018,26017.690000000057,2.3315313231765513,31.0,3.5,3460.3,4369.2,0.44195670221597805,21.4,894.7
1219,1,dt,loso,Afif - TVTC,23.92118,42.94815,01-06-2017 00:00,7910.8,8038.0,127.19999999999982,127.19999999999982,16179.839999999953,1.6079284016787154,34.5,3.8,2742.9,6769.5,0.2883499432319919,8.7,891.7
1220,1,dt,loso,Afif - TVTC,23.92118,42.94815,01-09-2017 00:00,6954.4,7331.7,377.3000000000002,377.3000000000002,142355.29000000012,5.425342229379964,31.6,3.1,2286.2,6573.0,0.2580594184576485,10.0,894.3
1221,1,dt,loso,Afif - TVTC,23.92118,42.94815,01-10-2017 00:00,6326.5,5854.3,-472.1999999999998,472.1999999999998,222972.83999999982,7.463842566980159,27.5,3.8,1532.0,7682.0,0.1662687215107445,13.0,897.3
1222,1,dt,loso,Afif - TVTC,23.92118,42.94815,01-11-2017 00:00,4973.7,4348.2,-625.5,625.5,391250.25,12.576150551903009,21.4,4.3,1611.6,5986.5,0.21210565799344572,32.7,898.5
1223,1,dt,loso,Afif - TVTC,23.92118,42.94815,01-03-2018 00:00,6556.4,6662.6,106.20000000000073,106.20000000000073,11278.440000000155,1.619791348910999,24.7,4.3,2421.9,6007.3,0.28732264034546573,25.7,896.8
1224,1,dt,loso,Afif - TVTC,23.92118,42.94815,01-04-2018 00:00,6654.2,7040.3,386.10000000000036,386.10000000000036,149073.21000000028,5.8023503952391025,24.7,4.9,3076.3,4729.0,0.3941296298668853,35.1,894.3
1225,1,dt,loso,Afif - TVTC,23.92118,42.94815,01-05-2018 00:00,7499.6,7466.0,-33.600000000000364,33.600000000000364,1128.9600000000244,0.44802389460771724,30.7,4.3,3497.6,5083.6,0.4075886822355847,19.1,893.8
1226,1,dt,loso,Afif - TVTC,23.92118,42.94815,01-06-2018 00:00,7850.1,7665.1,-185.0,185.0,34225.0,2.35665787696972,34.3,3.4,3047.3,6214.8,0.3290074605111152,12.1,891.7
1227,1,dt,loso,Afif - TVTC,23.92118,42.94815,01-07-2018 00:00,7727.5,7785.4,57.899999999999636,57.899999999999636,3352.409999999958,0.7492720802329297,34.1,3.4,2838.8,6323.6,0.30983148520038417,13.2,890.2
1228,1,dt,loso,Afif - TVTC,23.92118,42.94815,01-08-2018 00:00,7555.9,7666.6,110.70000000000073,110.70000000000073,12254.490000000162,1.4650802683995385,34.2,3.0,2169.3,7267.0,0.2298888335470471,13.2,890.9
1229,1,dt,loso,Afif - TVTC,23.92118,42.94815,01-09-2018 00:00,6637.8,6724.6,86.80000000000018,86.80000000000018,7534.240000000032,1.3076621772273973,33.8,3.3,2582.3,5525.6,0.3184918412905931,13.6,894.3
1230,1,dt,loso,Afif - TVTC,23.92118,42.94815,01-10-2018 00:00,5498.5,5257.5,-241.0,241.0,58081.0,4.383013549149768,26.4,3.9,1913.0,5582.8,0.25520958403372557,33.6,898.2
1231,1,dt,loso,Afif - TVTC,23.92118,42.94815,01-11-2018 00:00,4236.3,3883.0,-353.3000000000002,353.3000000000002,124820.89000000013,8.339824847154361,20.0,4.2,1777.1,4318.1,0.2915572909830686,60.4,898.4
1232,1,dt,loso,Afif - TVTC,23.92118,42.94815,01-12-2018 00:00,4387.7,4308.0,-79.69999999999982,79.69999999999982,6352.089999999971,1.816441415775915,18.5,4.2,1505.2,5596.8,0.21194029850746268,45.7,899.6
1233,1,dt,loso,Afif - TVTC,23.92118,42.94815,01-01-2019 00:00,4414.1,4230.9,-183.20000000000073,183.20000000000073,33562.24000000027,4.150336421920679,18.4,4.6,2204.3,3976.2,0.35665399239543727,40.4,899.2
1234,1,dt,loso,Afif - TVTC,23.92118,42.94815,01-02-2019 00:00,5097.9,5130.1,32.20000000000073,32.20000000000073,1036.8400000000468,0.6316326330449936,17.9,4.7,2182.2,4812.9,0.31196123000385984,41.5,898.0
1235,1,dt,loso,Afif - TVTC,23.92118,42.94815,01-03-2019 00:00,6589.6,6289.7,-299.90000000000055,299.90000000000055,89940.01000000033,4.551110841325733,20.0,4.4,2364.1,6282.7,0.2734075033538419,26.4,896.3
1236,1,dt,loso,Afif - TVTC,23.92118,42.94815,01-04-2019 00:00,7156.5,7158.4,1.8999999999996362,1.8999999999996362,3.6099999999986174,0.026549290854462886,24.4,4.0,2643.4,6163.0,0.3001680595930233,28.6,895.4
1237,1,dt,loso,Afif - TVTC,23.92118,42.94815,01-05-2019 00:00,6958.5,6957.6,-0.8999999999996362,0.8999999999996362,0.8099999999993451,0.012933821944379338,30.0,3.6,2892.2,5191.5,0.3577817088709378,26.4,894.9
1238,1,dt,loso,Afif - TVTC,23.92118,42.94815,01-06-2019 00:00,7610.3,7617.1,6.800000000000182,6.800000000000182,46.240000000002475,0.08935258794003104,35.1,3.4,2739.2,6325.8,0.30217319360176503,13.3,892.4
1239,1,dt,loso,Afif - TVTC,23.92118,42.94815,01-07-2019 00:00,7836.3,7916.7,80.39999999999964,80.39999999999964,6464.159999999942,1.0259944106274599,35.4,3.3,2634.9,6860.6,0.2774893370543942,12.2,889.8
1240,1,dt,loso,Afif - TVTC,23.92118,42.94815,01-08-2019 00:00,7641.6,7872.0,230.39999999999964,230.39999999999964,53084.15999999983,3.015075376884417,34.3,3.3,2137.6,7414.8,0.22377622377622378,13.5,891.2
1241,1,dt,loso,Afif - TVTC,23.92118,42.94815,01-09-2019 00:00,6736.4,6987.8,251.40000000000055,251.40000000000055,63201.960000000276,3.7319636601152033,33.6,3.5,2220.0,6283.9,0.2610566916356025,14.2,893.4
1242,1,dt,loso,Afif - TVTC,23.92118,42.94815,01-10-2019 00:00,5849.9,5562.0,-287.89999999999964,287.89999999999964,82886.40999999979,4.921451648746126,29.1,3.2,1861.0,6245.0,0.22958302491981247,21.6,896.5
1243,1,dt,loso,Afif - TVTC,23.92118,42.94815,01-11-2019 00:00,4843.5,4780.8,-62.69999999999982,62.69999999999982,3931.289999999977,1.2945184267575063,21.8,4.5,1732.7,5494.2,0.23975701891544093,39.2,898.0
1244,1,dt,loso,Afif - TVTC,23.92118,42.94815,01-12-2019 00:00,4592.8,3858.7,-734.1000000000004,734.1000000000004,538902.8100000005,15.983713638738903,18.3,4.1,1308.8,6414.6,0.16945904653390992,38.5,898.7
1245,1,dt,loso,Afif - TVTC,23.92118,42.94815,01-01-2020 00:00,5030.2,4191.2,-839.0,839.0,703921.0,16.679257285992605,14.3,3.7,1246.2,7255.0,0.14659106949607115,36.0,899.4
1246,1,dt,loso,Afif - TVTC,23.92118,42.94815,01-02-2020 00:00,5601.3,4856.0,-745.3000000000002,745.3000000000002,555472.0900000003,13.305839715780268,18.6,4.4,2050.5,5828.9,0.2602355509302739,30.9,898.8
1247,1,dt,loso,Afif - TVTC,23.92118,42.94815,01-03-2020 00:00,6705.5,6384.4,-321.10000000000036,321.10000000000036,103105.21000000024,4.788606367906947,21.7,4.2,2476.1,6175.9,0.2861881645862228,22.1,895.8
1248,1,dt,loso,Afif - TVTC,23.92118,42.94815,01-04-2020 00:00,7324.1,7286.0,-38.100000000000364,38.100000000000364,1451.6100000000276,0.5202004341830445,26.4,4.0,2808.9,6139.0,0.3139172319762179,27.2,894.6
1249,1,dt,loso,Afif - TVTC,23.92118,42.94815,01-05-2020 00:00,7113.0,7129.9,16.899999999999636,16.899999999999636,285.6099999999877,0.23759313932236237,31.2,4.0,3419.7,4699.0,0.4212127557367559,20.2,894.9
1250,1,dt,loso,Afif - TVTC,23.92118,42.94815,01-09-2020 00:00,6862.5,6828.0,-34.5,34.5,1190.25,0.5027322404371585,32.1,2.9,2037.5,6866.3,0.2288348794896561,12.9,893.9
1251,1,dt,loso,Afif - TVTC,23.92118,42.94815,01-10-2020 00:00,6419.3,6238.0,-181.30000000000018,181.30000000000018,32869.69000000007,2.8242954839312726,25.8,2.7,1220.8,8472.9,0.1259374645388242,14.6,898.2
1252,1,dt,loso,Afif - TVTC,23.92118,42.94815,01-11-2020 00:00,5000.4,5571.5,571.1000000000004,571.1000000000004,326155.2100000004,11.42108631309496,22.5,4.7,1439.3,6489.2,0.18153496878350256,33.5,898.3
1253,1,dt,loso,Afif - TVTC,23.92118,42.94815,01-12-2020 00:00,4332.4,4204.4,-128.0,128.0,16384.0,2.954482503923922,18.0,4.6,1616.9,5196.0,0.23732918434146988,43.7,899.3
1254,1,dt,loso,Afif - TVTC,23.92118,42.94815,01-01-2021 00:00,4835.5,4711.8,-123.69999999999982,123.69999999999982,15301.689999999955,2.5581635818426185,16.9,4.6,1669.7,5767.6,0.2245035160609361,38.5,899.6
1255,1,dt,loso,Afif - TVTC,23.92118,42.94815,01-02-2021 00:00,5430.2,5578.3,148.10000000000036,148.10000000000036,21933.610000000106,2.727339692829,18.4,5.0,2034.9,5682.9,0.2636632200886263,37.3,898.3
1256,1,dt,loso,Afif - TVTC,23.92118,42.94815,01-03-2021 00:00,6626.1,6779.9,153.79999999999927,153.79999999999927,23654.439999999777,2.3211240397820627,24.6,4.6,2908.1,5271.0,0.35555256690833953,20.5,896.4
1257,1,dt,loso,Afif - TVTC,23.92118,42.94815,01-04-2021 00:00,7084.3,6912.2,-172.10000000000036,172.10000000000036,29618.410000000124,2.429315528704323,26.9,3.9,3134.9,5236.5,0.3744773872948372,22.3,896.4
1258,1,dt,loso,Afif - TVTC,23.92118,42.94815,01-05-2021 00:00,8037.0,7638.5,-398.5,398.5,158802.25,4.958317780266269,32.6,3.2,2602.0,7173.4,0.2661783661026659,12.3,893.4
1259,1,dt,loso,Afif - TVTC,23.92118,42.94815,01-08-2021 00:00,7523.6,7522.8,-0.8000000000001819,0.8000000000001819,0.640000000000291,0.010633207507046917,35.3,3.3,2449.3,6776.8,0.26547511949794605,12.7,891.1
1260,1,dt,loso,Afif - TVTC,23.92118,42.94815,01-09-2021 00:00,6930.7,7078.2,147.5,147.5,21756.25,2.128212157502128,32.7,3.3,2300.2,6470.7,0.26225358857129827,13.1,893.2
1261,1,dt,loso,Afif - TVTC,23.92118,42.94815,01-11-2021 00:00,5126.2,5571.5,445.3000000000002,445.3000000000002,198292.09000000017,8.686746517888498,23.0,3.9,1489.8,6500.4,0.18645340542164152,28.5,898.5
1262,1,dt,loso,Afif - TVTC,23.92118,42.94815,01-12-2021 00:00,4333.9,4453.5,119.60000000000036,119.60000000000036,14304.160000000087,2.7596391241145475,18.2,4.0,1642.5,5185.3,0.24056064911098743,37.5,899.5
1441,2,dt,loso,Al Ahsa - KFU,25.34616,49.5956,01-01-2017 00:00,3707.6,3769.1,61.5,61.5,3782.25,1.658754989750782,17.0,1.9,1691.9,3758.5,0.3104175840305299,37.9,1000.6
1442,2,dt,loso,Al Ahsa - KFU,25.34616,49.5956,01-02-2017 00:00,3725.0,4564.7,839.6999999999998,839.6999999999998,705096.0899999997,22.542281879194626,15.4,1.8,2081.7,2698.7,0.4354656514099238,44.8,1001.4
1443,2,dt,loso,Al Ahsa - KFU,25.34616,49.5956,01-03-2017 00:00,4575.6,4810.7,235.09999999999945,235.09999999999945,55272.00999999974,5.138123961884768,22.3,1.6,2750.5,2633.0,0.5109129748305006,40.7,995.9
1444,2,dt,loso,Al Ahsa - KFU,25.34616,49.5956,01-04-2017 00:00,6136.1,6285.3,149.19999999999982,149.19999999999982,22260.639999999945,2.4315118723619205,30.0,2.0,3259.5,3821.9,0.4602903380687435,21.6,993.7
1445,2,dt,loso,Al Ahsa - KFU,25.34616,49.5956,01-09-2017 00:00,6667.4,5769.9,-897.5,897.5,805506.25,13.461019287878335,35.7,1.2,2166.1,6297.6,0.2559282583267365,29.6,988.3
1446,2,dt,loso,Al Ahsa - KFU,25.34616,49.5956,01-11-2017 00:00,4347.2,4003.2,-344.0,344.0,118336.0,7.913139492086861,23.7,1.4,1673.0,4803.4,0.25832252485948987,37.8,998.8
1447,2,dt,loso,Al Ahsa - KFU,25.34616,49.5956,01-12-2017 00:00,4260.2,4651.8,391.60000000000036,391.60000000000036,153350.5600000003,9.192056710952548,17.8,1.6,1195.7,6085.2,0.16422420305182053,31.2,1002.5
1448,2,dt,loso,Al Ahsa - KFU,25.34616,49.5956,01-03-2019 00:00,5956.1,4844.9,-1111.2000000000007,1111.2000000000007,1234765.4400000016,18.65650341666528,21.4,1.9,2431.1,5091.9,0.32315565598830254,34.6,996.9
1449,2,dt,loso,Al Ahsa - KFU,25.34616,49.5956,01-05-2019 00:00,5879.3,6907.5,1028.1999999999998,1028.1999999999998,1057195.2399999995,17.48847651931352,34.3,1.7,3126.1,3401.6,0.47889762090782356,18.6,990.6
1450,2,dt,loso,Al Ahsa - KFU,25.34616,49.5956,01-07-2019 00:00,7450.6,7665.1,214.5,214.5,46010.25,2.878962768099213,38.8,2.0,2768.7,5921.1,0.3186149278464407,14.9,981.1
1451,2,dt,loso,Al Ahsa - KFU,25.34616,49.5956,01-08-2019 00:00,7203.9,7261.7,57.80000000000018,57.80000000000018,3340.840000000021,0.8023431752245337,38.7,1.9,2596.3,6001.1,0.30198664712587525,17.0,982.8
1452,2,dt,loso,Al Ahsa - KFU,25.34616,49.5956,01-11-2019 00:00,4107.6,4003.2,-104.40000000000055,104.40000000000055,10899.360000000113,2.5416301489921254,23.3,1.4,1743.9,4166.4,0.29506116440789815,43.8,999.0
1453,2,dt,loso,Al Ahsa - KFU,25.34616,49.5956,01-02-2020 00:00,4940.6,5154.1,213.5,213.5,45582.25,4.32133748937376,19.1,1.4,1896.0,4985.1,0.2755373414134368,32.7,1000.7
1454,2,dt,loso,Al Ahsa - KFU,25.34616,49.5956,01-09-2020 00:00,6638.8,6809.4,170.59999999999945,170.59999999999945,29104.359999999815,2.569741519551718,36.1,1.2,1902.2,6615.8,0.22331533223761446,21.4,987.9
1455,2,dt,loso,Al Ahsa - KFU,25.34616,49.5956,01-11-2020 00:00,4461.1,4308.0,-153.10000000000036,153.10000000000036,23439.61000000011,3.4318889959875447,24.4,0.0,1402.9,5489.3,0.20354893938074925,41.6,999.1
1456,2,dt,loso,Al Ahsa - KFU,25.34616,49.5956,01-04-2021 00:00,6957.6,7201.6,244.0,244.0,59536.0,3.506956421754628,30.1,0.0,2924.7,5225.1,0.35886770227490244,16.5,993.1
1457,2,dt,loso,Al Ahsa - KFU,25.34616,49.5956,01-07-2021 00:00,7299.4,7378.5,79.10000000000036,79.10000000000036,6256.810000000058,1.0836507110173488,39.7,0.0,2690.6,5825.2,0.3159538739754339,21.2,980.3
1458,2,dt,loso,Al Ahsa - KFU,25.34616,49.5956,01-10-2021 00:00,5573.0,4841.9,-731.1000000000004,731.1000000000004,534507.2100000005,13.118607572223226,31.2,0.0,1680.5,6010.6,0.21849930439078935,31.4,993.7
765,3,dt,loso,Al Baha - University,20.1794,41.6357,01-01-2017 00:00,5018.8,4868.6,-150.19999999999982,150.19999999999982,22560.039999999946,2.9927472702638047,18.5,2.5,1128.1,6915.1,0.1402551223393674,39.0,836.3
766,3,dt,loso,Al Baha - University,20.1794,41.6357,01-02-2017 00:00,5049.4,5953.4,904.0,904.0,817216.0,17.90311720204381,16.5,3.2,2030.9,4829.5,0.296032301323538,48.5,835.0
767,3,dt,loso,Al Baha - University,20.1794,41.6357,01-03-2018 00:00,6968.5,6963.9,-4.600000000000364,4.600000000000364,21.160000000003347,0.066011336729574,21.2,2.6,1712.1,7597.9,0.18389903329752952,29.4,834.9
768,3,dt,loso,Al Baha - University,20.1794,41.6357,01-04-2018 00:00,6852.4,5948.5,-903.8999999999996,903.8999999999996,817035.2099999994,13.190998774152119,21.6,3.3,2345.7,6034.2,0.27991980811226863,42.2,833.6
769,3,dt,loso,Al Baha - University,20.1794,41.6357,01-05-2018 00:00,7144.1,5984.3,-1159.8000000000002,1159.8000000000002,1345136.0400000005,16.234375218711946,26.5,2.8,2678.3,5692.9,0.31994218272171254,24.2,833.6
770,3,dt,loso,Al Baha - University,20.1794,41.6357,01-06-2018 00:00,6996.7,6919.4,-77.30000000000018,77.30000000000018,5975.290000000028,1.104806551660071,29.3,2.8,3295.4,4686.4,0.41286426620561784,17.9,832.4
771,3,dt,loso,Al Baha - University,20.1794,41.6357,01-07-2018 00:00,6665.0,6605.0,-60.0,60.0,3600.0,0.9002250562640659,28.6,3.1,3105.6,4438.7,0.4116485293532866,21.9,831.6
772,3,dt,loso,Al Baha - University,20.1794,41.6357,01-08-2018 00:00,6590.6,6236.9,-353.7000000000007,353.7000000000007,125103.69000000051,5.366734439959954,28.9,3.1,2628.8,5055.4,0.34210457822544965,23.4,831.9
773,3,dt,loso,Al Baha - University,20.1794,41.6357,01-03-2019 00:00,6846.4,5674.1,-1172.2999999999993,1172.2999999999993,1374287.2899999984,17.122867492404758,19.5,0.0,1944.9,7084.3,0.21540114295840163,35.4,834.0
774,3,dt,loso,Al Baha - University,20.1794,41.6357,01-04-2019 00:00,6864.9,6556.4,-308.5,308.5,95172.25,4.493874637649493,22.5,0.0,2381.3,5975.5,0.2849535707447827,40.4,834.1
775,3,dt,loso,Al Baha - University,20.1794,41.6357,01-05-2019 00:00,5895.8,5689.1,-206.69999999999982,206.69999999999982,42724.88999999993,3.505885545642658,24.1,0.0,2730.5,4082.4,0.4007838071893027,34.4,834.7
776,3,dt,loso,Al Baha - University,20.1794,41.6357,01-06-2019 00:00,6252.5,5393.4,-859.1000000000004,859.1000000000004,738052.8100000006,13.740103958416638,29.1,0.0,2752.9,4397.7,0.38498867227924927,18.4,833.2
777,3,dt,loso,Al Baha - University,20.1794,41.6357,01-07-2019 00:00,6914.6,6841.2,-73.40000000000055,73.40000000000055,5387.56000000008,1.0615219969340315,29.9,0.0,2950.1,4929.2,0.37441143248765757,16.4,831.3
778,3,dt,loso,Al Baha - University,20.1794,41.6357,01-08-2019 00:00,6362.0,5865.7,-496.3000000000002,496.3000000000002,246313.69000000018,7.80100597296448,27.8,0.0,2624.2,4751.7,0.3557803115552,28.3,832.4
779,3,dt,loso,Al Baha - University,20.1794,41.6357,01-09-2019 00:00,6709.8,6678.2,-31.600000000000364,31.600000000000364,998.560000000023,0.47095293451370174,28.4,0.0,2286.3,6008.3,0.2756371615267765,17.1,833.5
780,3,dt,loso,Al Baha - University,20.1794,41.6357,01-10-2019 00:00,6017.5,5462.0,-555.5,555.5,308580.25,9.231408392189447,23.9,0.0,1698.9,6532.6,0.2063900868614469,27.1,835.5
781,3,dt,loso,Al Baha - University,20.1794,41.6357,01-11-2019 00:00,4554.2,5318.9,764.6999999999998,764.6999999999998,584766.0899999997,16.791093935268538,19.3,0.0,1546.0,5047.1,0.2344875703386874,47.2,835.2
782,3,dt,loso,Al Baha - University,20.1794,41.6357,01-12-2019 00:00,4915.2,5215.9,300.6999999999998,300.6999999999998,90420.48999999989,6.11775716145833,17.2,0.0,1302.9,6612.5,0.16460317861384138,49.4,835.6
783,3,dt,loso,Al Baha - University,20.1794,41.6357,01-01-2020 00:00,5450.1,5225.9,-224.20000000000073,224.20000000000073,50265.64000000033,4.113685987413088,15.2,0.4,1087.9,7888.5,0.12119557951962927,41.3,835.8
784,3,dt,loso,Al Baha - University,20.1794,41.6357,01-02-2020 00:00,5930.5,6959.2,1028.6999999999998,1028.6999999999998,1058223.6899999997,17.345923615209507,18.2,3.3,1902.6,6379.0,0.2297382148377125,39.4,835.8
785,3,dt,loso,Al Baha - University,20.1794,41.6357,01-03-2020 00:00,6950.0,6023.0,-927.0,927.0,859329.0,13.338129496402878,20.2,3.1,2099.5,6879.2,0.23383117823292904,34.0,833.9
786,3,dt,loso,Al Baha - University,20.1794,41.6357,01-04-2020 00:00,6931.5,7732.1,800.6000000000004,800.6000000000004,640960.3600000006,11.550169515977787,22.8,3.0,2117.6,6560.4,0.24401935929937774,37.2,834.1
787,3,dt,loso,Al Baha - University,20.1794,41.6357,01-09-2020 00:00,6908.0,6174.0,-734.0,734.0,538756.0,10.62536189924725,27.6,2.6,2028.7,6740.8,0.23133588003877076,16.0,833.4
788,3,dt,loso,Al Baha - University,20.1794,41.6357,01-10-2020 00:00,6661.9,6370.7,-291.1999999999998,291.1999999999998,84797.4399999999,4.371125354628557,22.9,2.5,1150.5,8582.6,0.11820488847335381,15.4,835.9
789,3,dt,loso,Al Baha - University,20.1794,41.6357,01-11-2020 00:00,5160.2,5674.1,513.9000000000005,513.9000000000005,264093.21000000054,9.958916321072838,20.3,2.1,1240.5,6777.1,0.15472211135501895,38.4,836.0
790,3,dt,loso,Al Baha - University,20.1794,41.6357,01-12-2020 00:00,5136.3,5163.2,26.899999999999636,26.899999999999636,723.6099999999805,0.5237233027665759,17.7,2.2,1066.2,7527.1,0.12407340602562461,43.2,836.0
791,3,dt,loso,Al Baha - University,20.1794,41.6357,01-01-2021 00:00,5303.7,5674.1,370.40000000000055,370.40000000000055,137196.1600000004,6.983803759639508,16.4,2.3,1257.3,7177.5,0.14906103286384978,37.8,835.7
792,3,dt,loso,Al Baha - University,20.1794,41.6357,01-02-2021 00:00,5788.4,6959.2,1170.8000000000002,1170.8000000000002,1370772.6400000004,20.2266602169857,17.6,3.2,1576.4,6719.2,0.19002844881623993,39.8,834.9
793,3,dt,loso,Al Baha - University,20.1794,41.6357,01-09-2021 00:00,6325.3,7434.2,1108.8999999999996,1108.8999999999996,1229659.2099999993,17.531184291654146,27.8,2.7,2401.5,5279.2,0.312666814222662,18.5,833.0
794,3,dt,loso,Al Baha - University,20.1794,41.6357,01-10-2021 00:00,6161.8,6174.0,12.199999999999818,12.199999999999818,148.83999999999557,0.19799409263526593,24.0,2.8,1513.4,7088.0,0.17594810147185344,21.0,835.9
795,3,dt,loso,Al Baha - University,20.1794,41.6357,01-11-2021 00:00,5526.5,5491.3,-35.19999999999982,35.19999999999982,1239.0399999999872,0.6369311499140472,20.3,2.2,1123.8,7609.0,0.1286872480762184,30.8,836.0
796,3,dt,loso,Al Baha - University,20.1794,41.6357,01-12-2021 00:00,5053.8,5674.1,620.3000000000002,620.3000000000002,384772.0900000002,12.273932486445846,17.6,2.4,989.7,7569.3,0.11563266736768314,35.9,836.1
972,4,dt,loso,Al Dawadmi - TVTC,24.5569,44.47411,01-03-2017 00:00,5246.1,5521.8,275.6999999999998,275.6999999999998,76010.4899999999,5.255332532738602,21.4,3.4,3019.8,3091.2,0.4941580756013746,39.7,906.1
973,4,dt,loso,Al Dawadmi - TVTC,24.5569,44.47411,01-04-2017 00:00,6383.9,6322.8,-61.099999999999454,61.099999999999454,3733.209999999933,0.9570951925938604,27.9,3.2,3282.7,4047.5,0.44783225560012,22.1,907.1
974,4,dt,loso,Al Dawadmi - TVTC,24.5569,44.47411,01-05-2017 00:00,6876.5,6822.1,-54.399999999999636,54.399999999999636,2959.3599999999606,0.791100123609389,32.4,3.0,3718.9,3915.8,0.48710492881187206,19.0,905.0
975,4,dt,loso,Al Dawadmi - TVTC,24.5569,44.47411,01-06-2017 00:00,8289.8,8038.0,-251.79999999999927,251.79999999999927,63403.239999999634,3.0374677314289764,34.8,3.1,2772.7,7222.0,0.277417031026444,9.3,902.3
976,4,dt,loso,Al Dawadmi - TVTC,24.5569,44.47411,01-09-2017 00:00,6916.9,7008.4,91.5,91.5,8372.25,1.3228469401032257,32.6,2.6,2270.6,6564.4,0.25700056593095644,9.9,904.8
977,4,dt,loso,Al Dawadmi - TVTC,24.5569,44.47411,01-10-2017 00:00,6216.5,6005.1,-211.39999999999964,211.39999999999964,44689.959999999846,3.4006273626638723,28.2,2.6,1625.7,7341.2,0.1813001148668994,13.5,907.8
978,4,dt,loso,Al Dawadmi - TVTC,24.5569,44.47411,01-11-2017 00:00,4804.6,4899.4,94.79999999999927,94.79999999999927,8987.039999999863,1.9731091037755333,21.2,2.6,1679.9,5576.3,0.23151236184228657,35.9,909.7
979,4,dt,loso,Al Dawadmi - TVTC,24.5569,44.47411,01-03-2018 00:00,6327.1,6235.7,-91.40000000000055,91.40000000000055,8353.9600000001,1.4445796652494909,24.4,3.0,2484.1,5572.4,0.3083348848755663,24.9,907.6
980,4,dt,loso,Al Dawadmi - TVTC,24.5569,44.47411,01-04-2018 00:00,6297.0,5863.9,-433.10000000000036,433.10000000000036,187575.6100000003,6.87787835477212,24.7,3.4,3284.9,3896.5,0.4574177736931518,36.6,905.0
981,4,dt,loso,Al Dawadmi - TVTC,24.5569,44.47411,01-05-2018 00:00,7142.7,7086.7,-56.0,56.0,3136.0,0.7840172483794644,30.5,3.3,3567.3,4445.4,0.4452057358942679,21.3,904.4
982,4,dt,loso,Al Dawadmi - TVTC,24.5569,44.47411,01-06-2018 00:00,7910.4,7713.6,-196.79999999999927,196.79999999999927,38730.239999999714,2.4878640776698937,34.7,2.9,2829.1,6525.5,0.302428751630214,12.7,901.8
983,4,dt,loso,Al Dawadmi - TVTC,24.5569,44.47411,01-07-2018 00:00,7785.4,7713.6,-71.79999999999927,71.79999999999927,5155.239999999895,0.9222390628612439,34.9,3.2,2828.1,6413.4,0.3060217497159552,12.0,899.9
984,4,dt,loso,Al Dawadmi - TVTC,24.5569,44.47411,01-08-2018 00:00,7539.1,7504.7,-34.400000000000546,34.400000000000546,1183.3600000000376,0.4562878858219223,34.3,2.9,2127.4,7341.5,0.22467234842484346,13.3,901.1
985,4,dt,loso,Al Dawadmi - TVTC,24.5569,44.47411,01-09-2018 00:00,6587.5,6546.0,-41.5,41.5,1722.25,0.6299810246679317,34.1,2.7,2459.7,5713.5,0.3009469975040376,12.7,904.7
986,4,dt,loso,Al Dawadmi - TVTC,24.5569,44.47411,01-10-2018 00:00,5241.8,5224.4,-17.400000000000546,17.400000000000546,302.760000000019,0.3319470410927648,26.4,2.6,1941.9,5145.4,0.27399714983138856,33.2,909.2
987,4,dt,loso,Al Dawadmi - TVTC,24.5569,44.47411,01-11-2018 00:00,3903.4,3507.4,-396.0,396.0,156816.0,10.145001793308397,19.1,2.5,1894.2,3530.8,0.34916129032258064,68.3,909.7
988,4,dt,loso,Al Dawadmi - TVTC,24.5569,44.47411,01-12-2018 00:00,4189.0,4355.3,166.30000000000018,166.30000000000018,27655.69000000006,3.969921222248751,17.3,2.8,1538.3,5117.0,0.23113909215211936,51.3,910.8
989,4,dt,loso,Al Dawadmi - TVTC,24.5569,44.47411,01-01-2019 00:00,4230.9,4154.9,-76.0,76.0,5776.0,1.7963081141128368,17.2,3.3,2265.2,3549.2,0.3895844799119428,40.5,910.2
990,4,dt,loso,Al Dawadmi - TVTC,24.5569,44.47411,01-02-2019 00:00,4990.8,4614.9,-375.90000000000055,375.90000000000055,141300.8100000004,7.531858619860554,16.6,1.2,2211.8,4629.8,0.3232869504209542,44.5,909.2
991,4,dt,loso,Al Dawadmi - TVTC,24.5569,44.47411,01-03-2019 00:00,6375.6,6418.6,43.0,43.0,1849.0,0.6744463266202396,19.4,2.2,2453.7,5810.6,0.2969035489999153,27.7,907.1
992,4,dt,loso,Al Dawadmi - TVTC,24.5569,44.47411,01-04-2019 00:00,6715.8,6715.8,0.0,0.0,0.0,0.0,23.9,0.0,2811.0,5298.9,0.346613398438945,30.4,906.2
993,4,dt,loso,Al Dawadmi - TVTC,24.5569,44.47411,01-05-2019 00:00,6851.1,6907.5,56.399999999999636,56.399999999999636,3180.959999999959,0.8232254674431789,30.5,0.0,2928.4,5014.1,0.3687000314762355,24.5,905.4
994,4,dt,loso,Al Dawadmi - TVTC,24.5569,44.47411,01-06-2019 00:00,7720.3,7713.6,-6.699999999999818,6.699999999999818,44.88999999999756,0.08678419232413012,35.5,0.0,2823.5,6364.0,0.30731972789115647,12.4,902.6
995,4,dt,loso,Al Dawadmi - TVTC,24.5569,44.47411,01-07-2019 00:00,7893.1,8069.1,176.0,176.0,30976.0,2.229795644296918,35.6,0.0,2362.3,7327.5,0.24379244153646107,11.8,899.9
996,4,dt,loso,Al Dawadmi - TVTC,24.5569,44.47411,01-08-2019 00:00,7492.7,7351.9,-140.80000000000018,140.80000000000018,19824.64000000005,1.8791623847211312,34.7,0.0,2126.7,7272.2,0.22627115939099254,12.5,901.3
997,4,dt,loso,Al Dawadmi - TVTC,24.5569,44.47411,01-09-2019 00:00,6612.8,6678.2,65.39999999999964,65.39999999999964,4277.159999999953,0.9889910476651288,33.6,0.0,2180.7,6265.0,0.2582023988538546,14.3,904.0
998,4,dt,loso,Al Dawadmi - TVTC,24.5569,44.47411,01-10-2019 00:00,5699.9,5849.9,150.0,150.0,22500.0,2.6316251162301096,28.9,0.0,1730.5,6196.8,0.2182962673293555,22.4,907.6
999,4,dt,loso,Al Dawadmi - TVTC,24.5569,44.47411,01-11-2019 00:00,4333.7,4379.7,46.0,46.0,2116.0,1.0614486466529756,20.7,0.0,1715.3,4642.1,0.2698115581841633,42.7,909.3
1000,4,dt,loso,Al Dawadmi - TVTC,24.5569,44.47411,01-12-2019 00:00,4303.7,4362.8,59.100000000000364,59.100000000000364,3492.810000000043,1.3732369821316628,17.0,0.0,1231.7,6041.3,0.16935239928502682,43.1,909.8
1001,4,dt,loso,Al Dawadmi - TVTC,24.5569,44.47411,01-01-2020 00:00,4790.7,4929.4,138.69999999999982,138.69999999999982,19237.689999999948,2.8951927693238946,13.4,0.4,1199.6,6866.6,0.1487193474002628,38.2,910.5
1002,4,dt,loso,Al Dawadmi - TVTC,24.5569,44.47411,01-02-2020 00:00,5383.8,5446.5,62.69999999999982,62.69999999999982,3931.289999999977,1.164604925888774,17.8,2.6,2133.3,5392.1,0.2834799479097457,29.3,910.0
1003,4,dt,loso,Al Dawadmi - TVTC,24.5569,44.47411,01-03-2020 00:00,6521.3,6373.3,-148.0,148.0,21904.0,2.269486145400457,21.1,1.7,2573.1,5764.2,0.30862509445503944,23.4,906.8
1004,4,dt,loso,Al Dawadmi - TVTC,24.5569,44.47411,01-04-2020 00:00,6967.3,6946.7,-20.600000000000364,20.600000000000364,424.36000000001496,0.295666901095121,26.2,3.5,2964.8,5243.9,0.3611777747999074,30.7,905.4
1005,4,dt,loso,Al Dawadmi - TVTC,24.5569,44.47411,01-05-2020 00:00,7165.5,7207.3,41.80000000000018,41.80000000000018,1747.2400000000152,0.5833507780336359,31.2,3.2,3466.1,4717.4,0.4235473819270483,17.5,905.7
1006,4,dt,loso,Al Dawadmi - TVTC,24.5569,44.47411,01-09-2020 00:00,6828.0,6710.6,-117.39999999999964,117.39999999999964,13782.759999999915,1.7193907439953082,32.6,2.5,1985.2,6920.8,0.2229059061306984,13.3,904.4
1007,4,dt,loso,Al Dawadmi - TVTC,24.5569,44.47411,01-10-2020 00:00,6238.0,6225.2,-12.800000000000182,12.800000000000182,163.84000000000466,0.2051939724270629,25.7,2.3,1151.0,8358.0,0.12104322221053739,15.1,909.0
1008,4,dt,loso,Al Dawadmi - TVTC,24.5569,44.47411,01-11-2020 00:00,4682.5,4793.9,111.39999999999964,111.39999999999964,12409.95999999992,2.3790710090763403,21.6,3.1,1380.8,5990.7,0.1873160143797056,37.2,909.5
1009,4,dt,loso,Al Dawadmi - TVTC,24.5569,44.47411,01-12-2020 00:00,4216.5,4332.4,115.89999999999964,115.89999999999964,13432.809999999916,2.748725246057148,16.7,2.9,1559.0,5147.0,0.23247837757232329,48.9,910.8
1010,4,dt,loso,Al Dawadmi - TVTC,24.5569,44.47411,01-01-2021 00:00,4557.2,4399.0,-158.19999999999982,158.19999999999982,25027.239999999943,3.4714298253313403,15.8,2.8,1529.9,5629.5,0.21369109143224294,42.0,911.0
1011,4,dt,loso,Al Dawadmi - TVTC,24.5569,44.47411,01-02-2021 00:00,5139.4,4880.6,-258.7999999999993,258.7999999999993,66977.43999999962,5.035607269331036,17.3,3.2,1923.1,5428.2,0.26159998911757104,39.0,909.6
1012,4,dt,loso,Al Dawadmi - TVTC,24.5569,44.47411,01-03-2021 00:00,6455.2,6522.9,67.69999999999982,67.69999999999982,4583.289999999975,1.0487668856115973,23.6,3.5,2873.7,5092.8,0.3607230276784033,21.4,907.4
1013,4,dt,loso,Al Dawadmi - TVTC,24.5569,44.47411,01-04-2021 00:00,6912.2,7018.7,106.5,106.5,11342.25,1.5407540291079542,27.0,3.0,3148.5,5005.7,0.3861200363003115,19.1,907.3
1014,4,dt,loso,Al Dawadmi - TVTC,24.5569,44.47411,01-05-2021 00:00,7830.1,7806.4,-23.700000000000728,23.700000000000728,561.6900000000345,0.30267812671614314,32.9,2.7,2637.3,6773.4,0.2802448276961331,11.9,903.8
1015,4,dt,loso,Al Dawadmi - TVTC,24.5569,44.47411,01-07-2021 00:00,7685.7,7681.9,-3.800000000000182,3.800000000000182,14.440000000001383,0.04944247108266237,37.0,3.0,2674.9,6543.7,0.2901633653700128,13.7,898.7
1016,4,dt,loso,Al Dawadmi - TVTC,24.5569,44.47411,01-08-2021 00:00,7560.5,7340.4,-220.10000000000036,220.10000000000036,48444.01000000016,2.9111831228093425,35.9,2.8,2255.5,7093.0,0.24126865272503611,11.6,901.4
1017,4,dt,loso,Al Dawadmi - TVTC,24.5569,44.47411,01-09-2021 00:00,6912.3,6933.8,21.5,21.5,462.25,0.3110397407519928,32.1,2.6,1988.4,7041.3,0.22020665138376688,13.9,903.9
1018,4,dt,loso,Al Dawadmi - TVTC,24.5569,44.47411,01-10-2021 00:00,5993.7,5891.9,-101.80000000000018,101.80000000000018,10363.240000000036,1.6984500392078379,29.2,2.6,1604.3,6955.7,0.1874182242990654,16.6,908.1
1019,4,dt,loso,Al Dawadmi - TVTC,24.5569,44.47411,01-11-2021 00:00,4922.2,5126.2,204.0,204.0,41616.0,4.14448823696721,22.0,0.7,1472.2,6196.1,0.19198518576477186,30.6,909.7
1020,4,dt,loso,Al Dawadmi - TVTC,24.5569,44.47411,01-12-2021 00:00,4105.8,4047.2,-58.600000000000364,58.600000000000364,3433.960000000043,1.427249257148433,17.0,0.0,1702.3,4622.7,0.2691383399209486,38.8,910.8
1558,5,dt,loso,Al Dhahran - KFUPM,26.30355,50.14412,01-01-2017 00:00,3555.2,3545.2,-10.0,10.0,100.0,0.2812781278127813,17.2,1.8,1555.3,3773.0,0.2918942251750089,67.5,1010.7
1559,5,dt,loso,Al Dhahran - KFUPM,26.30355,50.14412,01-02-2017 00:00,3690.5,3358.2,-332.3000000000002,332.3000000000002,110423.29000000012,9.004199972903406,15.8,2.0,1718.0,3219.2,0.34797050960058334,65.0,1011.7
1560,5,dt,loso,Al Dhahran - KFUPM,26.30355,50.14412,01-03-2017 00:00,4160.6,3973.8,-186.80000000000018,186.80000000000018,34894.24000000007,4.489737057155222,21.4,1.6,2312.3,2650.6,0.4659171049184953,63.5,1006.1
1561,5,dt,loso,Al Dhahran - KFUPM,26.30355,50.14412,01-04-2017 00:00,6185.7,6412.9,227.19999999999982,227.19999999999982,51619.83999999992,3.672987697431169,28.5,2.2,2751.2,4626.0,0.3729328200401236,42.2,1003.5
1562,5,dt,loso,Al Dhahran - KFUPM,26.30355,50.14412,01-05-2017 00:00,6441.2,6547.2,106.0,106.0,11236.0,1.6456560889275291,34.1,2.2,2953.9,4460.6,0.3983950367523097,32.7,999.1
1563,5,dt,loso,Al Dhahran - KFUPM,26.30355,50.14412,01-06-2017 00:00,7197.4,6862.5,-334.89999999999964,334.89999999999964,112158.00999999976,4.653069163864724,36.5,2.3,1893.0,7104.6,0.21038943718324885,25.8,993.4
1564,5,dt,loso,Al Dhahran - KFUPM,26.30355,50.14412,01-09-2017 00:00,5932.9,6528.3,595.4000000000005,595.4000000000005,354501.1600000007,10.035564395152464,34.4,1.4,2000.7,5471.4,0.26775605251535717,58.9,997.7
1565,5,dt,loso,Al Dhahran - KFUPM,26.30355,50.14412,01-10-2017 00:00,5098.4,5653.9,555.5,555.5,308580.25,10.895575082378786,30.7,1.4,1640.5,5360.6,0.23432032109239975,57.9,1003.4
1566,5,dt,loso,Al Dhahran - KFUPM,26.30355,50.14412,01-11-2017 00:00,3809.0,3901.2,92.19999999999982,92.19999999999982,8500.839999999966,2.420582830139139,24.8,1.4,1532.9,4097.3,0.27226386274022235,60.8,1008.5
1567,5,dt,loso,Al Dhahran - KFUPM,26.30355,50.14412,01-12-2017 00:00,3810.2,4134.5,324.3000000000002,324.3000000000002,105170.49000000012,8.511364232848674,18.4,1.9,1158.9,5336.6,0.17841582634131323,56.7,1012.5
1568,5,dt,loso,Al Dhahran - KFUPM,26.30355,50.14412,01-03-2018 00:00,6090.6,6083.3,-7.300000000000182,7.300000000000182,53.29000000000266,0.11985682855548191,25.1,1.8,2337.3,5403.5,0.301945535345184,42.0,1005.6
1569,5,dt,loso,Al Dhahran - KFUPM,26.30355,50.14412,01-04-2018 00:00,5518.1,5561.4,43.29999999999927,43.29999999999927,1874.889999999937,0.784690382559201,27.4,2.1,3215.2,2999.0,0.5173956422387435,44.8,1002.6
1570,5,dt,loso,Al Dhahran - KFUPM,26.30355,50.14412,01-05-2018 00:00,6756.9,6918.2,161.30000000000018,161.30000000000018,26017.690000000057,2.387189391584901,32.7,1.8,3459.5,4251.6,0.4486389749841138,34.6,999.6
1571,5,dt,loso,Al Dhahran - KFUPM,26.30355,50.14412,01-06-2018 00:00,7695.9,7540.0,-155.89999999999964,155.89999999999964,24304.809999999885,2.0257539728946536,37.6,2.3,2660.0,6458.8,0.2917050489099443,26.5,992.6
1572,5,dt,loso,Al Dhahran - KFUPM,26.30355,50.14412,01-07-2018 00:00,7303.7,7390.4,86.69999999999982,86.69999999999982,7516.8899999999685,1.1870695674794942,38.1,2.1,2822.0,5758.1,0.32890059556415424,30.4,989.4
1573,5,dt,loso,Al Dhahran - KFUPM,26.30355,50.14412,01-08-2018 00:00,7003.3,6736.4,-266.90000000000055,266.90000000000055,71235.61000000029,3.811060500049984,37.4,2.0,2336.5,6207.6,0.27346355964934865,33.0,991.5
1574,5,dt,loso,Al Dhahran - KFUPM,26.30355,50.14412,01-09-2018 00:00,5998.5,6134.3,135.80000000000018,135.80000000000018,18441.64000000005,2.2638993081603767,35.3,1.4,2182.0,5226.8,0.29451463124932514,57.1,997.6
1575,5,dt,loso,Al Dhahran - KFUPM,26.30355,50.14412,01-10-2018 00:00,4738.8,5027.9,289.09999999999945,289.09999999999945,83578.80999999968,6.10070059930783,30.7,1.5,2069.9,4035.2,0.33904440549704346,60.6,1005.2
1576,5,dt,loso,Al Dhahran - KFUPM,26.30355,50.14412,01-11-2018 00:00,3505.6,3456.3,-49.29999999999973,49.29999999999973,2430.489999999973,1.4063213144682716,24.3,1.7,1717.6,3235.4,0.3467797294568948,69.9,1009.0
1577,5,dt,loso,Al Dhahran - KFUPM,26.30355,50.14412,01-12-2018 00:00,3640.3,4003.2,362.89999999999964,362.89999999999964,131696.40999999974,9.968958602312986,20.7,0.0,1605.0,4011.3,0.28577533251428877,70.3,1011.4
1578,5,dt,loso,Al Dhahran - KFUPM,26.30355,50.14412,01-01-2019 00:00,3714.1,3406.4,-307.6999999999998,307.6999999999998,94679.28999999989,8.28464500148084,19.2,0.0,1869.8,3402.5,0.3546459799328566,63.0,1011.3
1579,5,dt,loso,Al Dhahran - KFUPM,26.30355,50.14412,01-02-2019 00:00,4141.7,3911.3,-230.39999999999964,230.39999999999964,53084.15999999983,5.562933095105866,18.9,0.0,1766.8,3934.5,0.3098942346482381,65.3,1010.0
1580,5,dt,loso,Al Dhahran - KFUPM,26.30355,50.14412,01-03-2019 00:00,5494.2,4466.5,-1027.6999999999998,1027.6999999999998,1056167.2899999996,18.705180008008444,21.3,0.0,2258.4,4705.8,0.32428706814853103,55.3,1006.7
1581,5,dt,loso,Al Dhahran - KFUPM,26.30355,50.14412,01-04-2019 00:00,5799.0,5869.6,70.60000000000036,70.60000000000036,4984.3600000000515,1.2174512847042656,26.6,0.0,2842.8,3948.8,0.4185758878614759,46.2,1003.7
1582,5,dt,loso,Al Dhahran - KFUPM,26.30355,50.14412,01-05-2019 00:00,6486.3,6750.0,263.6999999999998,263.6999999999998,69537.6899999999,4.06549188289163,33.7,0.0,2927.1,4609.5,0.3883846827481888,32.9,999.9
1583,5,dt,loso,Al Dhahran - KFUPM,26.30355,50.14412,01-06-2019 00:00,7163.0,7093.5,-69.5,69.5,4830.25,0.9702638559262878,38.4,0.0,2113.4,6634.7,0.24158388678684514,26.6,993.7
1584,5,dt,loso,Al Dhahran - KFUPM,26.30355,50.14412,01-07-2019 00:00,7331.7,6766.3,-565.3999999999996,565.3999999999996,319677.15999999957,7.711717609831275,37.8,0.0,2237.7,6634.9,0.2522034127538715,32.7,990.1
1585,5,dt,loso,Al Dhahran - KFUPM,26.30355,50.14412,01-08-2019 00:00,6917.7,6808.1,-109.59999999999945,109.59999999999945,12012.15999999988,1.5843416164331998,37.5,0.0,2277.7,6200.9,0.2686410492298257,39.2,991.8
1586,5,dt,loso,Al Dhahran - KFUPM,26.30355,50.14412,01-10-2019 00:00,4902.0,4976.4,74.39999999999964,74.39999999999964,5535.359999999946,1.5177478580171284,32.3,0.0,1885.6,4587.5,0.2912978325686301,61.1,1003.2
1587,5,dt,loso,Al Dhahran - KFUPM,26.30355,50.14412,01-11-2019 00:00,3802.9,5038.1,1235.2000000000003,1235.2000000000003,1525719.0400000007,32.48047542664809,24.6,0.0,1557.1,4038.6,0.2782672409171328,57.4,1008.7
1588,5,dt,loso,Al Dhahran - KFUPM,26.30355,50.14412,01-12-2019 00:00,3380.7,3847.4,466.7000000000003,466.7000000000003,217808.89000000025,13.804833318543505,20.3,0.0,1309.2,4063.3,0.24368543508608656,69.5,1010.4
1589,5,dt,loso,Al Dhahran - KFUPM,26.30355,50.14412,01-01-2020 00:00,3705.0,3772.3,67.30000000000018,67.30000000000018,4529.2900000000245,1.8164642375168742,17.3,0.4,1189.9,4731.9,0.20093552636022835,65.3,1010.9
1590,5,dt,loso,Al Dhahran - KFUPM,26.30355,50.14412,01-02-2020 00:00,4564.7,4107.6,-457.09999999999945,457.09999999999945,208940.4099999995,10.013801564177262,19.2,2.1,1774.6,4549.5,0.28060909852785376,59.0,1010.6
1591,5,dt,loso,Al Dhahran - KFUPM,26.30355,50.14412,01-03-2020 00:00,5272.8,4780.0,-492.8000000000002,492.8000000000002,242851.84000000017,9.346077985131243,22.7,2.2,2344.4,4205.4,0.3579345934227,57.5,1005.4
1592,5,dt,loso,Al Dhahran - KFUPM,26.30355,50.14412,01-04-2020 00:00,5364.5,6972.2,1607.6999999999998,1607.6999999999998,2584699.2899999996,29.969242240656165,27.5,2.2,2802.5,3393.9,0.45227874249564265,51.5,1003.1
1593,5,dt,loso,Al Dhahran - KFUPM,26.30355,50.14412,01-05-2020 00:00,7000.4,6893.8,-106.59999999999945,106.59999999999945,11363.559999999883,1.5227701274212826,32.6,2.0,2665.9,5732.0,0.31744840972147803,35.9,999.9
1594,5,dt,loso,Al Dhahran - KFUPM,26.30355,50.14412,01-09-2020 00:00,6075.9,6528.3,452.40000000000055,452.40000000000055,204665.7600000005,7.445810497210299,35.3,1.5,1785.0,5939.9,0.23107095237478803,51.7,997.2
1595,5,dt,loso,Al Dhahran - KFUPM,26.30355,50.14412,01-10-2020 00:00,5253.3,5778.5,525.1999999999998,525.1999999999998,275835.0399999998,9.997525365008658,29.8,1.5,1278.3,6355.5,0.1674526448164741,59.2,1004.2
1596,5,dt,loso,Al Dhahran - KFUPM,26.30355,50.14412,01-11-2020 00:00,4139.8,4028.1,-111.70000000000027,111.70000000000027,12476.890000000061,2.698197980578778,25.6,1.6,1406.7,4882.3,0.2236762601367467,65.5,1008.5
1597,5,dt,loso,Al Dhahran - KFUPM,26.30355,50.14412,01-12-2020 00:00,3623.2,3772.3,149.10000000000036,149.10000000000036,22230.810000000107,4.11514683153015,19.9,2.0,1470.4,4221.3,0.2583410931707574,68.3,1011.4
1598,5,dt,loso,Al Dhahran - KFUPM,26.30355,50.14412,01-01-2021 00:00,4101.8,4132.0,30.199999999999818,30.199999999999818,912.039999999989,0.7362621288214886,18.5,1.9,1536.3,4773.8,0.24346682302974595,62.8,1011.3
1599,5,dt,loso,Al Dhahran - KFUPM,26.30355,50.14412,01-02-2021 00:00,4581.9,4793.9,212.0,212.0,44944.0,4.626901503742989,19.7,2.1,1666.3,4831.7,0.2564327485380117,65.0,1009.2
1600,5,dt,loso,Al Dhahran - KFUPM,26.30355,50.14412,01-10-2021 00:00,5254.1,5614.5,360.39999999999964,360.39999999999964,129888.15999999974,6.859405036067064,31.1,1.7,1623.6,5570.4,0.2256880733944954,59.5,1002.8
1601,5,dt,loso,Al Dhahran - KFUPM,26.30355,50.14412,01-11-2021 00:00,4294.0,4147.8,-146.19999999999982,146.19999999999982,21374.439999999948,3.40475081509082,25.5,1.7,1414.9,5161.5,0.21514810534639014,60.6,1007.0
1602,5,dt,loso,Al Dhahran - KFUPM,26.30355,50.14412,01-12-2021 00:00,3558.8,4003.2,444.39999999999964,444.39999999999964,197491.35999999967,12.487355288299415,20.4,1.9,1507.2,3965.8,0.2753882696875571,66.6,1010.5
138,6,dt,loso,Al Farshah - TQ TVTC,17.7749,43.17555,01-01-2017 00:00,5253.8,4597.0,-656.8000000000002,656.8000000000002,431386.2400000002,12.501427538162858,23.8,1.9,1323.8,6504.9,0.1690957630257897,53.8,895.8
139,6,dt,loso,Al Farshah - TQ TVTC,17.7749,43.17555,01-02-2017 00:00,4657.6,4482.8,-174.80000000000018,174.80000000000018,30555.040000000063,3.753005839917558,23.3,2.0,2326.0,3505.4,0.39887505573275717,58.6,894.9
140,6,dt,loso,Al Farshah - TQ TVTC,17.7749,43.17555,01-03-2017 00:00,5753.0,6424.3,671.3000000000002,671.3000000000002,450643.69000000024,11.668694594124808,26.4,2.1,2300.3,4717.9,0.3277621042432533,52.4,893.0
141,6,dt,loso,Al Farshah - TQ TVTC,17.7749,43.17555,01-04-2017 00:00,6995.7,6736.4,-259.3000000000002,259.3000000000002,67236.49000000009,3.706562602741687,29.3,2.3,2473.9,5866.1,0.2966306954436451,35.6,893.1
142,6,dt,loso,Al Farshah - TQ TVTC,17.7749,43.17555,01-05-2017 00:00,6580.1,6402.0,-178.10000000000036,178.10000000000036,31719.610000000128,2.7066457956566063,29.4,2.0,2776.4,4744.2,0.3691726723931601,53.1,892.2
143,6,dt,loso,Al Farshah - TQ TVTC,17.7749,43.17555,01-09-2017 00:00,6518.8,6414.2,-104.60000000000036,104.60000000000036,10941.160000000076,1.6045898018040188,31.1,2.4,2299.6,5606.0,0.2908824124671119,38.6,890.6
144,6,dt,loso,Al Farshah - TQ TVTC,17.7749,43.17555,01-10-2017 00:00,6485.5,6216.5,-269.0,269.0,72361.0,4.14771413152417,29.3,2.3,1323.0,7616.6,0.1479931988008412,28.0,893.4
145,6,dt,loso,Al Farshah - TQ TVTC,17.7749,43.17555,01-11-2017 00:00,5619.6,4868.6,-751.0,751.0,564001.0,13.363940493985336,25.7,2.2,1173.5,7198.1,0.14017631038272252,38.8,894.6
146,6,dt,loso,Al Farshah - TQ TVTC,17.7749,43.17555,01-03-2018 00:00,6971.5,5674.1,-1297.3999999999996,1297.3999999999996,1683246.759999999,18.610055224844004,26.8,2.3,1745.2,7193.5,0.19524091870182464,32.2,893.4
147,6,dt,loso,Al Farshah - TQ TVTC,17.7749,43.17555,01-04-2018 00:00,6168.1,6267.0,98.89999999999964,98.89999999999964,9781.209999999928,1.6034110990418384,26.6,2.0,2591.0,4620.9,0.3592673220649205,46.4,892.3
148,6,dt,loso,Al Farshah - TQ TVTC,17.7749,43.17555,01-05-2018 00:00,6640.5,6402.0,-238.5,238.5,56882.25,3.5915970182968153,30.0,2.3,2684.8,4991.3,0.3497609463138834,39.7,891.0
149,6,dt,loso,Al Farshah - TQ TVTC,17.7749,43.17555,01-06-2018 00:00,5958.5,6540.2,581.6999999999998,581.6999999999998,338374.8899999998,9.762524125199292,31.3,2.1,3549.4,2937.0,0.5472064627528368,40.6,889.2
150,6,dt,loso,Al Farshah - TQ TVTC,17.7749,43.17555,01-07-2018 00:00,5318.7,6252.5,933.8000000000002,933.8000000000002,871982.4400000003,17.55692180420028,30.4,2.2,3802.2,1788.5,0.6800937270824763,43.6,889.0
151,6,dt,loso,Al Farshah - TQ TVTC,17.7749,43.17555,01-08-2018 00:00,5490.9,6252.5,761.6000000000004,761.6000000000004,580034.5600000005,13.870221639439809,29.2,2.0,3387.1,2519.3,0.5734626845455777,52.0,889.4
152,6,dt,loso,Al Farshah - TQ TVTC,17.7749,43.17555,01-09-2018 00:00,6400.2,6403.0,2.800000000000182,2.800000000000182,7.840000000001019,0.04374863285522612,30.5,2.4,2344.6,5328.5,0.3055609857814964,41.1,891.1
153,6,dt,loso,Al Farshah - TQ TVTC,17.7749,43.17555,01-10-2018 00:00,5778.6,4899.4,-879.2000000000007,879.2000000000007,772992.6400000013,15.214757899837341,27.5,2.2,1725.7,5794.8,0.22946612592247856,39.5,894.1
154,6,dt,loso,Al Farshah - TQ TVTC,17.7749,43.17555,01-11-2018 00:00,4929.0,4578.6,-350.39999999999964,350.39999999999964,122780.15999999974,7.108947048082769,25.0,2.0,1611.9,5364.2,0.23106033457089203,48.3,894.8
155,6,dt,loso,Al Farshah - TQ TVTC,17.7749,43.17555,01-12-2018 00:00,4963.4,4597.0,-366.39999999999964,366.39999999999964,134248.95999999973,7.382036507232938,23.3,1.9,1332.3,6167.7,0.17764,52.7,895.8
156,6,dt,loso,Al Farshah - TQ TVTC,17.7749,43.17555,01-01-2019 00:00,5345.5,4876.1,-469.39999999999964,469.39999999999964,220336.35999999967,8.78121784678701,23.6,1.8,1533.5,6242.8,0.19720175404755474,50.7,896.1
157,6,dt,loso,Al Farshah - TQ TVTC,17.7749,43.17555,01-02-2019 00:00,5318.9,5865.7,546.8000000000002,546.8000000000002,298990.2400000002,10.280321119028375,24.5,2.0,2299.9,4439.4,0.34126689715549097,50.5,894.9
158,6,dt,loso,Al Farshah - TQ TVTC,17.7749,43.17555,01-03-2019 00:00,5948.5,6424.3,475.8000000000002,475.8000000000002,226385.64000000016,7.99865512314029,25.7,2.2,2335.9,4903.6,0.3226604047240832,45.9,893.8
159,6,dt,loso,Al Farshah - TQ TVTC,17.7749,43.17555,01-04-2019 00:00,6412.9,6643.7,230.80000000000018,230.80000000000018,53268.64000000009,3.5989957741427463,28.1,2.3,2804.8,4668.9,0.37528934798025076,43.9,892.7
160,6,dt,loso,Al Farshah - TQ TVTC,17.7749,43.17555,01-05-2019 00:00,6343.7,6402.0,58.30000000000018,58.30000000000018,3398.8900000000212,0.9190220218484509,28.1,2.0,2697.1,4650.2,0.3670872293223361,43.4,892.5
161,6,dt,loso,Al Farshah - TQ TVTC,17.7749,43.17555,01-06-2019 00:00,6041.4,6252.5,211.10000000000036,211.10000000000036,44563.21000000015,3.4942231932995726,31.2,2.1,2832.6,4033.9,0.41252457583921937,43.9,889.6
162,6,dt,loso,Al Farshah - TQ TVTC,17.7749,43.17555,01-07-2019 00:00,5393.4,6252.5,859.1000000000004,859.1000000000004,738052.8100000006,15.928727704231104,31.2,2.2,3556.0,2203.4,0.6174254262596799,43.3,888.2
163,6,dt,loso,Al Farshah - TQ TVTC,17.7749,43.17555,01-08-2019 00:00,5735.8,5840.5,104.69999999999982,104.69999999999982,10962.089999999962,1.8253774538861154,28.8,2.2,2937.0,3449.6,0.4598691009300723,54.6,890.1
164,6,dt,loso,Al Farshah - TQ TVTC,17.7749,43.17555,01-09-2019 00:00,5977.4,6403.0,425.60000000000036,425.60000000000036,181135.3600000003,7.120152574698036,30.5,2.2,2295.6,4871.9,0.3202790373212417,42.2,890.4
165,6,dt,loso,Al Farshah - TQ TVTC,17.7749,43.17555,01-10-2019 00:00,5675.7,5674.1,-1.5999999999994543,1.5999999999994543,2.559999999998254,0.02819035537465783,27.5,2.3,1690.2,5970.7,0.22062681930321504,43.6,893.3
166,6,dt,loso,Al Farshah - TQ TVTC,17.7749,43.17555,01-11-2019 00:00,5069.7,4578.6,-491.09999999999945,491.09999999999945,241179.20999999947,9.68696372566423,25.3,2.0,1559.4,5647.2,0.2163849804346016,45.0,894.1
167,6,dt,loso,Al Farshah - TQ TVTC,17.7749,43.17555,01-12-2019 00:00,4828.7,4316.6,-512.0999999999995,512.0999999999995,262246.40999999945,10.605338911094073,23.3,1.9,1444.5,5780.9,0.1999197276275362,52.1,895.1
168,6,dt,loso,Al Farshah - TQ TVTC,17.7749,43.17555,01-01-2020 00:00,4697.5,4581.9,-115.60000000000036,115.60000000000036,13363.360000000084,2.4608834486429028,21.8,2.0,1669.2,5022.5,0.24944334025733372,53.2,896.0
169,6,dt,loso,Al Farshah - TQ TVTC,17.7749,43.17555,01-02-2020 00:00,5332.4,4959.4,-373.0,373.0,139129.0,6.994974120471083,25.5,2.1,2221.7,4481.5,0.3314387158372121,47.1,894.9
170,6,dt,loso,Al Farshah - TQ TVTC,17.7749,43.17555,01-03-2020 00:00,5972.7,5865.7,-107.0,107.0,11449.0,1.7914845882096873,25.5,2.1,2581.1,4564.0,0.36124057046087527,51.5,893.1
171,6,dt,loso,Al Farshah - TQ TVTC,17.7749,43.17555,01-04-2020 00:00,6299.4,5865.7,-433.6999999999998,433.6999999999998,188095.68999999983,6.884782677715336,27.4,2.0,2324.3,5260.8,0.3064297108805421,51.6,892.9
172,6,dt,loso,Al Farshah - TQ TVTC,17.7749,43.17555,01-05-2020 00:00,6540.7,6427.6,-113.09999999999945,113.09999999999945,12791.609999999877,1.7291727185163586,29.6,2.1,2439.4,5140.1,0.321841810145788,43.4,892.4
173,6,dt,loso,Al Farshah - TQ TVTC,17.7749,43.17555,01-09-2020 00:00,6443.4,6736.4,293.0,293.0,85849.0,4.547288698513208,30.1,2.2,2029.4,5886.9,0.2563571365410609,39.5,890.3
174,6,dt,loso,Al Farshah - TQ TVTC,17.7749,43.17555,01-10-2020 00:00,6347.6,6216.5,-131.10000000000036,131.10000000000036,17187.210000000094,2.065347532925836,28.2,2.4,1157.2,7732.7,0.13017019314053027,26.1,893.5
175,6,dt,loso,Al Farshah - TQ TVTC,17.7749,43.17555,01-11-2020 00:00,5099.8,4452.6,-647.1999999999998,647.1999999999998,418867.8399999998,12.69069375269618,25.1,2.0,1161.3,6380.2,0.15398793343499304,48.3,894.9
176,6,dt,loso,Al Farshah - TQ TVTC,17.7749,43.17555,01-12-2020 00:00,4810.2,4328.8,-481.39999999999964,481.39999999999964,231745.95999999964,10.007899879422885,23.5,1.9,1149.8,6247.7,0.15543088881378844,52.8,895.3
177,6,dt,loso,Al Farshah - TQ TVTC,17.7749,43.17555,01-01-2021 00:00,5225.9,5040.7,-185.19999999999982,185.19999999999982,34299.039999999935,3.543887177328304,22.5,2.0,1409.8,6365.1,0.18132709102367875,46.5,895.1
178,6,dt,loso,Al Farshah - TQ TVTC,17.7749,43.17555,01-02-2021 00:00,5356.4,4928.8,-427.59999999999945,427.59999999999945,182841.75999999954,7.982973639011266,23.4,2.1,1808.6,5374.7,0.2517784305263598,48.4,894.6
179,6,dt,loso,Al Farshah - TQ TVTC,17.7749,43.17555,01-03-2021 00:00,6647.1,6790.1,143.0,143.0,20449.0,2.1513141069037625,27.0,2.2,2144.3,6129.5,0.259167492566898,36.7,893.4
180,6,dt,loso,Al Farshah - TQ TVTC,17.7749,43.17555,01-04-2021 00:00,6493.8,6424.3,-69.5,69.5,4830.25,1.0702516246265668,27.3,2.2,2522.8,5110.4,0.3305035895823508,39.9,893.0
181,6,dt,loso,Al Farshah - TQ TVTC,17.7749,43.17555,01-07-2021 00:00,4964.4,5168.4,204.0,204.0,41616.0,4.109257916364515,29.2,2.0,3261.8,2070.0,0.611763381972317,55.4,888.1
182,6,dt,loso,Al Farshah - TQ TVTC,17.7749,43.17555,01-11-2021 00:00,5462.0,5308.3,-153.69999999999982,153.69999999999982,23623.689999999944,2.8139875503478544,26.0,2.2,1185.4,6978.5,0.14520021068361938,34.0,894.7
379,7,dt,loso,Al Hanakiyah - TVTC,24.85577,40.536,01-01-2017 00:00,4578.4,4565.9,-12.5,12.5,156.25,0.27302114275729517,18.8,3.1,1337.4,6122.4,0.17928094586986248,30.6,918.9
380,7,dt,loso,Al Hanakiyah - TVTC,24.85577,40.536,01-02-2017 00:00,5384.9,6589.6,1204.7000000000007,1204.7000000000007,1451302.0900000017,22.371817489646993,16.8,3.6,1986.1,5640.4,0.26042090080639874,27.4,919.0
381,7,dt,loso,Al Hanakiyah - TVTC,24.85577,40.536,01-03-2017 00:00,6075.7,6791.0,715.3000000000002,715.3000000000002,511654.09000000026,11.773129022170288,23.4,3.7,2622.9,5070.3,0.34093745125565433,24.6,914.7
382,7,dt,loso,Al Hanakiyah - TVTC,24.85577,40.536,01-04-2017 00:00,6605.0,6996.7,391.6999999999998,391.6999999999998,153428.88999999987,5.93035579106737,29.5,4.0,3217.4,4426.2,0.4209273117379245,17.9,915.5
383,7,dt,loso,Al Hanakiyah - TVTC,24.85577,40.536,01-05-2017 00:00,6870.0,6964.2,94.19999999999982,94.19999999999982,8873.639999999965,1.3711790393013072,32.4,3.1,3067.4,4924.9,0.38379440211203286,18.3,914.3
384,7,dt,loso,Al Hanakiyah - TVTC,24.85577,40.536,01-06-2017 00:00,8035.4,7800.8,-234.59999999999945,234.59999999999945,55037.15999999974,2.9195808547178665,37.2,3.1,2441.4,7385.0,0.24845314662541726,8.3,911.4
385,7,dt,loso,Al Hanakiyah - TVTC,24.85577,40.536,01-09-2017 00:00,6604.4,7400.6,796.2000000000007,796.2000000000007,633934.4400000011,12.055599297438082,34.7,2.9,2064.4,7253.3,0.22155682196250145,9.4,913.8
386,7,dt,loso,Al Hanakiyah - TVTC,24.85577,40.536,01-10-2017 00:00,6029.6,8158.9,2129.2999999999993,2129.2999999999993,4533918.4899999965,35.31411702268806,29.7,2.4,1326.4,8131.0,0.14024996299194284,13.2,916.2
387,7,dt,loso,Al Hanakiyah - TVTC,24.85577,40.536,01-11-2017 00:00,4578.6,4837.2,258.59999999999945,258.59999999999945,66873.95999999972,5.648014676975483,23.4,3.0,1614.0,5300.1,0.23343602204191433,32.3,917.9
388,7,dt,loso,Al Hanakiyah - TVTC,24.85577,40.536,01-03-2018 00:00,6591.4,7031.1,439.7000000000007,439.7000000000007,193336.09000000064,6.670813484237048,26.6,3.2,2257.7,6409.3,0.2604938271604938,20.0,916.2
389,7,dt,loso,Al Hanakiyah - TVTC,24.85577,40.536,01-04-2018 00:00,7158.4,7092.7,-65.69999999999982,65.69999999999982,4316.489999999976,0.9178028609745169,27.2,3.6,2787.1,5943.8,0.3192225314686917,23.2,913.6
390,7,dt,loso,Al Hanakiyah - TVTC,24.85577,40.536,01-05-2018 00:00,7165.7,7073.8,-91.89999999999964,91.89999999999964,8445.609999999933,1.2824985695744957,32.1,4.0,3523.0,4665.5,0.43023752824082556,17.6,913.2
391,7,dt,loso,Al Hanakiyah - TVTC,24.85577,40.536,01-06-2018 00:00,7916.7,7836.3,-80.39999999999964,80.39999999999964,6464.159999999942,1.0155746712645375,36.1,3.4,2643.9,6951.7,0.27553253574555003,11.4,911.2
392,7,dt,loso,Al Hanakiyah - TVTC,24.85577,40.536,01-07-2018 00:00,7658.0,7685.7,27.699999999999818,27.699999999999818,767.28999999999,0.3617132410551034,36.2,3.6,2644.2,6580.3,0.28664968290964277,13.5,910.0
393,7,dt,loso,Al Hanakiyah - TVTC,24.85577,40.536,01-08-2018 00:00,7446.5,7400.6,-45.899999999999636,45.899999999999636,2106.8099999999667,0.6163969650171173,36.8,3.1,2061.2,7241.3,0.22157484547164738,13.9,910.6
394,7,dt,loso,Al Hanakiyah - TVTC,24.85577,40.536,01-09-2018 00:00,6388.5,6277.8,-110.69999999999982,110.69999999999982,12254.48999999996,1.7328011270251205,36.4,3.2,2709.2,4977.0,0.3524758658374749,12.5,913.7
395,7,dt,loso,Al Hanakiyah - TVTC,24.85577,40.536,01-10-2018 00:00,5490.0,5328.4,-161.60000000000036,161.60000000000036,26114.560000000118,2.943533697632065,28.4,3.2,1816.7,5732.6,0.24064482799729775,28.3,917.5
396,7,dt,loso,Al Hanakiyah - TVTC,24.85577,40.536,01-11-2018 00:00,4315.5,4780.8,465.3000000000002,465.3000000000002,216504.09000000017,10.782064650677793,20.9,3.3,1603.0,4974.5,0.24370961611554542,53.6,918.0
397,7,dt,loso,Al Hanakiyah - TVTC,24.85577,40.536,01-12-2018 00:00,4308.0,4290.2,-17.800000000000182,17.800000000000182,316.84000000000646,0.4131847725162531,19.3,3.3,1387.7,5796.5,0.19315998997800732,47.5,919.3
398,7,dt,loso,Al Hanakiyah - TVTC,24.85577,40.536,01-01-2019 00:00,4019.8,4080.6,60.79999999999973,60.79999999999973,3696.6399999999667,1.5125130603512544,19.2,3.0,2013.6,3669.5,0.3543136668367616,43.8,918.6
399,7,dt,loso,Al Hanakiyah - TVTC,24.85577,40.536,01-02-2019 00:00,4920.6,4466.5,-454.10000000000036,454.10000000000036,206206.81000000032,9.228549363898718,18.4,3.7,1950.7,4946.3,0.2828331158474699,38.4,918.0
400,7,dt,loso,Al Hanakiyah - TVTC,24.85577,40.536,01-03-2019 00:00,6668.2,6834.9,166.69999999999982,166.69999999999982,27788.889999999938,2.4999250172460306,20.8,3.6,1915.2,7278.0,0.2083278945307401,24.4,916.3
401,7,dt,loso,Al Hanakiyah - TVTC,24.85577,40.536,01-04-2019 00:00,7259.4,7333.9,74.5,74.5,5550.25,1.0262556134115768,25.6,3.5,2515.2,6506.2,0.27880373334515707,23.9,915.1
402,7,dt,loso,Al Hanakiyah - TVTC,24.85577,40.536,01-05-2019 00:00,7359.8,7390.4,30.599999999999454,30.599999999999454,936.3599999999666,0.4157721677219416,32.5,3.2,2839.9,5829.9,0.3275623428452791,18.3,914.1
403,7,dt,loso,Al Hanakiyah - TVTC,24.85577,40.536,01-06-2019 00:00,7467.2,7581.9,114.69999999999982,114.69999999999982,13156.089999999958,1.5360509963574007,36.5,3.4,2732.8,6149.4,0.30767152282092275,12.4,912.3
404,7,dt,loso,Al Hanakiyah - TVTC,24.85577,40.536,01-07-2019 00:00,7958.2,7742.5,-215.69999999999982,215.69999999999982,46526.48999999992,2.7104119021889352,36.8,3.5,2221.4,7618.1,0.2257635042431018,12.2,909.8
405,7,dt,loso,Al Hanakiyah - TVTC,24.85577,40.536,01-08-2019 00:00,7554.9,7309.1,-245.79999999999927,245.79999999999927,60417.63999999964,3.2535175846139497,35.8,3.5,1981.2,7644.3,0.20582826866136825,14.1,911.2
406,7,dt,loso,Al Hanakiyah - TVTC,24.85577,40.536,01-09-2019 00:00,6635.6,6736.4,100.79999999999927,100.79999999999927,10160.639999999854,1.5190789077099172,35.8,3.0,2210.9,6222.8,0.2621506574812953,13.8,912.8
407,7,dt,loso,Al Hanakiyah - TVTC,24.85577,40.536,01-10-2019 00:00,5505.8,5328.4,-177.40000000000055,177.40000000000055,31470.760000000195,3.222056740164927,30.4,2.9,1988.0,5546.6,0.2638494412443925,23.0,916.3
408,7,dt,loso,Al Hanakiyah - TVTC,24.85577,40.536,01-11-2019 00:00,4778.9,4387.7,-391.1999999999998,391.1999999999998,153037.43999999986,8.18598422231057,23.6,3.2,1513.0,5907.5,0.20389461626575028,38.1,917.4
409,7,dt,loso,Al Hanakiyah - TVTC,24.85577,40.536,01-12-2019 00:00,4562.7,5205.4,642.6999999999998,642.6999999999998,413063.28999999975,14.085957875819139,19.0,2.8,1013.4,7183.7,0.12362908833611887,33.6,918.5
410,7,dt,loso,Al Hanakiyah - TVTC,24.85577,40.536,01-01-2020 00:00,4929.4,5606.5,677.1000000000004,677.1000000000004,458464.4100000005,13.735951637116086,14.8,2.9,1127.9,7413.2,0.13205559002938733,34.3,919.8
411,7,dt,loso,Al Hanakiyah - TVTC,24.85577,40.536,01-02-2020 00:00,5470.3,6384.4,914.0999999999995,914.0999999999995,835578.809999999,16.710235270460476,19.0,3.3,1798.4,6283.0,0.22253569926002922,29.9,918.9
412,7,dt,loso,Al Hanakiyah - TVTC,24.85577,40.536,01-03-2020 00:00,6632.6,7333.9,701.2999999999993,701.2999999999993,491821.68999999895,10.573530742092078,22.9,3.6,2292.7,6386.9,0.2641481174247661,21.5,915.6
413,7,dt,loso,Al Hanakiyah - TVTC,24.85577,40.536,01-04-2020 00:00,7323.4,7221.9,-101.5,101.5,10302.25,1.3859682661059072,27.1,3.7,2781.8,6290.0,0.3066425626667255,22.5,914.3
414,7,dt,loso,Al Hanakiyah - TVTC,24.85577,40.536,01-05-2020 00:00,7249.3,7234.4,-14.900000000000546,14.900000000000546,222.01000000001625,0.20553708633937823,32.8,3.5,2956.4,5654.4,0.34333627537511036,17.2,914.5
415,7,dt,loso,Al Hanakiyah - TVTC,24.85577,40.536,01-09-2020 00:00,6812.8,7018.5,205.69999999999982,205.69999999999982,42312.489999999925,3.019316580554248,34.8,3.0,2065.5,6758.2,0.23408547434749594,11.4,913.5
416,7,dt,loso,Al Hanakiyah - TVTC,24.85577,40.536,01-10-2020 00:00,6154.4,6614.2,459.8000000000002,459.8000000000002,211416.04000000015,7.471077603015732,28.6,2.8,1300.2,7893.3,0.14142600750530265,13.3,917.9
417,7,dt,loso,Al Hanakiyah - TVTC,24.85577,40.536,01-11-2020 00:00,4646.2,4557.2,-89.0,89.0,7921.0,1.9155438853256423,23.7,3.0,1459.6,5791.0,0.20130747800182053,37.9,917.7
418,7,dt,loso,Al Hanakiyah - TVTC,24.85577,40.536,01-12-2020 00:00,4199.4,4205.5,6.100000000000364,6.100000000000364,37.21000000000444,0.1452588465018899,19.2,3.1,1500.0,5290.1,0.22090985405222308,39.7,919.2
419,7,dt,loso,Al Hanakiyah - TVTC,24.85577,40.536,01-01-2021 00:00,4720.7,4778.9,58.19999999999982,58.19999999999982,3387.239999999979,1.232868006863385,18.6,3.4,1556.5,5938.4,0.20767455202871288,36.4,919.4
420,7,dt,loso,Al Hanakiyah - TVTC,24.85577,40.536,01-02-2021 00:00,5417.2,5541.5,124.30000000000018,124.30000000000018,15450.490000000045,2.2945433065052088,19.5,3.3,1664.4,6361.5,0.20737861174447728,35.0,918.1
421,7,dt,loso,Al Hanakiyah - TVTC,24.85577,40.536,01-03-2021 00:00,6589.8,6791.0,201.19999999999982,201.19999999999982,40481.43999999993,3.0532034356126108,25.6,3.5,2560.5,5854.2,0.3042889229562551,21.5,916.1
422,7,dt,loso,Al Hanakiyah - TVTC,24.85577,40.536,01-04-2021 00:00,7305.7,7400.9,95.19999999999982,95.19999999999982,9063.039999999964,1.303092106163678,28.2,3.7,2827.2,5988.0,0.32071875850803155,19.7,916.1
423,7,dt,loso,Al Hanakiyah - TVTC,24.85577,40.536,01-05-2021 00:00,7658.8,7685.7,26.899999999999636,26.899999999999636,723.6099999999805,0.3512299576957178,34.0,3.3,2655.1,6538.0,0.2888144369146425,12.3,913.3
424,7,dt,loso,Al Hanakiyah - TVTC,24.85577,40.536,01-07-2021 00:00,7663.1,7835.9,172.79999999999927,172.79999999999927,29859.83999999975,2.2549620910597445,38.1,3.8,2575.0,6684.3,0.278098776365384,12.3,908.7
425,7,dt,loso,Al Hanakiyah - TVTC,24.85577,40.536,01-08-2021 00:00,7545.6,7400.6,-145.0,145.0,21025.0,1.9216497031382527,37.2,3.3,2170.8,7263.2,0.23010387958448167,12.2,910.8
426,7,dt,loso,Al Hanakiyah - TVTC,24.85577,40.536,01-09-2021 00:00,6608.6,6443.4,-165.20000000000073,165.20000000000073,27291.04000000024,2.499773023030607,35.4,3.0,2459.0,5760.0,0.2991848156710062,13.1,912.6
427,7,dt,loso,Al Hanakiyah - TVTC,24.85577,40.536,01-10-2021 00:00,5924.8,6154.9,230.09999999999945,230.09999999999945,52946.00999999975,3.8836753983256727,31.0,2.5,1741.4,6635.7,0.20787623401893257,14.8,916.6
428,7,dt,loso,Al Hanakiyah - TVTC,24.85577,40.536,01-11-2021 00:00,4899.6,5252.1,352.5,352.5,124256.25,7.194464854273817,23.9,3.0,1283.7,6657.4,0.16165266776643036,26.8,918.3
429,7,dt,loso,Al Hanakiyah - TVTC,24.85577,40.536,01-12-2021 00:00,4052.8,3876.0,-176.80000000000018,176.80000000000018,31258.240000000063,4.362416107382554,19.1,3.0,1536.5,4967.0,0.23625739986161298,36.8,919.2
843,8,dt,loso,Al Jouf - TVTC,29.77634,40.02318,01-01-2017 00:00,3830.0,4047.2,217.19999999999982,217.19999999999982,47175.839999999924,5.671018276762398,9.7,3.8,1505.1,4813.8,0.2381901913307696,42.5,940.8
844,8,dt,loso,Al Jouf - TVTC,29.77634,40.02318,01-02-2017 00:00,4767.7,4885.0,117.30000000000018,117.30000000000018,13759.290000000043,2.4603058078318725,9.9,4.1,1533.8,5815.4,0.20870298808033527,26.7,941.3
845,8,dt,loso,Al Jouf - TVTC,29.77634,40.02318,01-03-2017 00:00,5740.9,5568.1,-172.79999999999927,172.79999999999927,29859.83999999975,3.0099810134299374,16.9,4.7,2227.6,5560.5,0.28602611676788947,35.9,935.8
846,8,dt,loso,Al Jouf - TVTC,29.77634,40.02318,01-04-2017 00:00,5726.0,6450.3,724.3000000000002,724.3000000000002,524610.4900000002,12.649318896262665,22.3,4.6,2852.7,4059.5,0.4127050721911982,24.8,937.1
847,8,dt,loso,Al Jouf - TVTC,29.77634,40.02318,01-09-2017 00:00,6433.7,6395.5,-38.19999999999982,38.19999999999982,1459.2399999999861,0.5937485428291623,32.5,3.6,2436.7,5772.3,0.2968327445486661,14.8,934.1
848,8,dt,loso,Al Jouf - TVTC,29.77634,40.02318,01-10-2017 00:00,5433.4,5714.3,280.90000000000055,280.90000000000055,78904.8100000003,5.169875216255026,24.8,3.4,1587.2,6530.3,0.19552817985833076,22.4,936.8
849,8,dt,loso,Al Jouf - TVTC,29.77634,40.02318,01-11-2017 00:00,3972.7,4320.6,347.90000000000055,347.90000000000055,121034.41000000038,8.757268356533354,17.6,3.6,1851.0,4120.6,0.30996717797575185,42.6,939.2
850,8,dt,loso,Al Jouf - TVTC,29.77634,40.02318,01-03-2018 00:00,6314.3,6668.2,353.89999999999964,353.89999999999964,125245.20999999974,5.604738450817979,21.3,4.0,2252.1,6351.2,0.2617716457638348,22.7,936.9
851,8,dt,loso,Al Jouf - TVTC,29.77634,40.02318,01-04-2018 00:00,7142.7,6818.8,-323.89999999999964,323.89999999999964,104911.20999999976,4.534699763394789,22.4,4.5,2528.4,6491.3,0.28031974455913167,27.4,934.4
852,8,dt,loso,Al Jouf - TVTC,29.77634,40.02318,01-05-2018 00:00,7350.8,7540.4,189.59999999999945,189.59999999999945,35948.15999999979,2.5793110953909704,27.7,4.7,2944.4,5943.9,0.3312669464352014,21.4,933.7
853,8,dt,loso,Al Jouf - TVTC,29.77634,40.02318,01-06-2018 00:00,8361.9,8157.9,-204.0,204.0,41616.0,2.4396369246223943,32.0,4.8,2348.1,8113.2,0.22445585156720485,15.9,931.5
854,8,dt,loso,Al Jouf - TVTC,29.77634,40.02318,01-07-2018 00:00,8295.6,8380.7,85.10000000000036,85.10000000000036,7242.010000000062,1.0258450262789955,32.9,5.1,1991.9,8626.0,0.18759830098230348,16.8,929.6
855,8,dt,loso,Al Jouf - TVTC,29.77634,40.02318,01-08-2018 00:00,7827.0,8347.3,520.2999999999993,520.2999999999993,270712.08999999927,6.6475022358502525,32.3,5.0,1515.3,8978.7,0.14439679817038306,19.8,930.8
856,8,dt,loso,Al Jouf - TVTC,29.77634,40.02318,01-10-2018 00:00,5122.5,4751.9,-370.60000000000036,370.60000000000036,137344.36000000028,7.234748657881901,25.7,3.4,2091.4,5041.5,0.29320472738998166,26.5,937.7
857,8,dt,loso,Al Jouf - TVTC,29.77634,40.02318,01-11-2018 00:00,3147.4,3071.3,-76.09999999999991,76.09999999999991,5791.209999999986,2.417868717036281,15.3,2.7,1697.3,2934.3,0.3664608342689351,73.8,939.3
858,8,dt,loso,Al Jouf - TVTC,29.77634,40.02318,01-12-2018 00:00,3644.8,3895.1,250.29999999999973,250.29999999999973,62650.089999999866,6.86731782265144,12.8,3.3,1163.8,5454.8,0.17583779046928352,59.7,940.7
859,8,dt,loso,Al Jouf - TVTC,29.77634,40.02318,01-01-2019 00:00,3527.3,4414.1,886.8000000000002,886.8000000000002,786414.2400000003,25.14104272389647,10.7,4.0,1616.7,3915.4,0.29223983659008335,50.6,939.3
860,8,dt,loso,Al Jouf - TVTC,29.77634,40.02318,01-02-2019 00:00,4881.0,4778.9,-102.10000000000036,102.10000000000036,10424.410000000074,2.0917844703954183,12.2,3.8,1560.2,6004.0,0.20626107189127735,51.2,939.5
861,8,dt,loso,Al Jouf - TVTC,29.77634,40.02318,01-05-2019 00:00,7611.7,7620.7,9.0,9.0,81.0,0.11823902676143307,29.8,3.8,2428.0,6984.7,0.2579493662817257,12.7,934.4
862,8,dt,loso,Al Jouf - TVTC,29.77634,40.02318,01-06-2019 00:00,7742.5,7872.0,129.5,129.5,16770.25,1.6725863739102356,33.2,4.3,2163.5,7565.8,0.22236954354372876,14.6,932.0
863,8,dt,loso,Al Jouf - TVTC,29.77634,40.02318,01-07-2019 00:00,8373.8,8295.1,-78.69999999999891,78.69999999999891,6193.689999999829,0.9398361556282563,33.2,4.4,1571.1,9475.9,0.14221960713315832,14.7,929.6
864,8,dt,loso,Al Jouf - TVTC,29.77634,40.02318,01-08-2019 00:00,7668.3,8157.9,489.59999999999945,489.59999999999945,239708.15999999948,6.384726732130974,33.0,4.8,1856.6,8185.3,0.1848853304653502,16.7,930.6
865,8,dt,loso,Al Jouf - TVTC,29.77634,40.02318,01-09-2019 00:00,6670.0,6307.4,-362.60000000000036,362.60000000000036,131478.76000000027,5.43628185907047,32.0,3.5,1744.2,7326.7,0.19228521976871094,17.4,933.1
866,8,dt,loso,Al Jouf - TVTC,29.77634,40.02318,01-10-2019 00:00,4920.7,4751.9,-168.80000000000018,168.80000000000018,28493.44000000006,3.4304062430142093,26.8,3.1,1912.3,4951.6,0.27860254374335286,30.7,936.8
867,8,dt,loso,Al Jouf - TVTC,29.77634,40.02318,01-11-2019 00:00,4056.3,3861.5,-194.80000000000018,194.80000000000018,37947.04000000007,4.802406133668619,17.3,3.2,1383.8,5332.8,0.2060268588273829,43.6,939.5
868,8,dt,loso,Al Jouf - TVTC,29.77634,40.02318,01-12-2019 00:00,3804.5,4025.8,221.30000000000018,221.30000000000018,48973.69000000008,5.816795899592592,12.5,2.6,903.1,6460.4,0.12264548108915597,47.4,939.6
869,8,dt,loso,Al Jouf - TVTC,29.77634,40.02318,01-01-2020 00:00,3948.7,4169.5,220.80000000000018,220.80000000000018,48752.64000000008,5.591713728568902,9.2,3.7,1333.4,5488.9,0.1954472831742961,48.9,940.4
870,8,dt,loso,Al Jouf - TVTC,29.77634,40.02318,01-02-2020 00:00,5013.3,5416.4,403.09999999999945,403.09999999999945,162489.60999999955,8.040611972154059,12.0,4.2,1454.2,6556.0,0.1815435319967042,45.4,939.6
871,8,dt,loso,Al Jouf - TVTC,29.77634,40.02318,01-03-2020 00:00,6023.0,6371.4,348.39999999999964,348.39999999999964,121382.55999999975,5.784492777685533,17.3,4.8,2141.1,6048.1,0.26145411029160354,33.1,935.6
872,8,dt,loso,Al Jouf - TVTC,29.77634,40.02318,01-04-2020 00:00,7187.5,6516.1,-671.3999999999996,671.3999999999996,450777.9599999995,9.341217391304344,21.9,4.1,2330.6,6828.2,0.25446565052190245,27.7,935.0
873,8,dt,loso,Al Jouf - TVTC,29.77634,40.02318,01-05-2020 00:00,7638.5,7681.9,43.399999999999636,43.399999999999636,1883.5599999999683,0.5681743797866026,28.1,4.2,2581.5,6901.0,0.27223833377273926,15.9,935.0
874,8,dt,loso,Al Jouf - TVTC,29.77634,40.02318,01-09-2020 00:00,6580.0,6476.5,-103.5,103.5,10712.25,1.5729483282674772,33.7,2.8,2126.1,6568.7,0.24452546349542256,11.5,933.6
875,8,dt,loso,Al Jouf - TVTC,29.77634,40.02318,01-10-2020 00:00,5708.7,5876.1,167.40000000000055,167.40000000000055,28022.760000000184,2.932366388144421,26.1,2.5,1173.8,7846.8,0.1301243819701572,14.1,938.5
876,8,dt,loso,Al Jouf - TVTC,29.77634,40.02318,01-11-2020 00:00,4067.3,4199.4,132.09999999999945,132.09999999999945,17450.409999999854,3.2478548422786484,17.6,3.0,1380.2,5315.3,0.20613845119856622,51.3,938.9
877,8,dt,loso,Al Jouf - TVTC,29.77634,40.02318,01-12-2020 00:00,3380.6,3512.9,132.30000000000018,132.30000000000018,17503.290000000048,3.9135064781399804,12.6,3.3,1274.2,4545.1,0.21896104342446687,58.8,941.1
878,8,dt,loso,Al Jouf - TVTC,29.77634,40.02318,01-01-2021 00:00,3944.0,4199.4,255.39999999999964,255.39999999999964,65229.159999999814,6.475659229208916,11.5,3.3,1446.4,5145.6,0.21941747572815534,45.9,941.2
879,8,dt,loso,Al Jouf - TVTC,29.77634,40.02318,01-03-2021 00:00,6384.4,6031.2,-353.1999999999998,353.1999999999998,124750.23999999987,5.5322348223795474,18.1,3.9,2155.5,6569.8,0.24704021638224477,27.5,937.1
880,8,dt,loso,Al Jouf - TVTC,29.77634,40.02318,01-04-2021 00:00,7284.1,7289.3,5.199999999999818,5.199999999999818,27.03999999999811,0.07138836644197387,23.9,3.5,2225.7,7076.1,0.23927626910920466,17.2,937.3
881,8,dt,loso,Al Jouf - TVTC,29.77634,40.02318,01-05-2021 00:00,8070.1,8093.5,23.399999999999636,23.399999999999636,547.559999999983,0.2899592322276011,30.0,3.7,2289.2,7930.5,0.22399874751705037,12.3,933.4
882,8,dt,loso,Al Jouf - TVTC,29.77634,40.02318,01-09-2021 00:00,6706.2,6307.4,-398.8000000000002,398.8000000000002,159041.44000000015,5.946735856371719,30.3,3.2,1641.3,7626.5,0.1770970456850601,18.9,933.6
1459,9,dt,loso,Al Jubail - SWCC,26.9042,49.76274,01-01-2017 00:00,3548.4,3558.8,10.400000000000091,10.400000000000091,108.16000000000189,0.2930898433096632,16.8,2.8,1516.8,3907.2,0.279646017699115,72.4,1018.6
1460,9,dt,loso,Al Jubail - SWCC,26.9042,49.76274,01-02-2017 00:00,3721.4,3067.4,-654.0,654.0,427716.0,17.574031278551082,15.2,0.5,1664.5,3479.3,0.32359345231152065,71.1,1019.5
1461,9,dt,loso,Al Jubail - SWCC,26.9042,49.76274,01-03-2017 00:00,3973.8,4356.1,382.3000000000002,382.3000000000002,146153.29000000012,9.620514369117725,20.7,0.0,2113.4,2693.2,0.43968709690841756,75.3,1013.7
1462,9,dt,loso,Al Jubail - SWCC,26.9042,49.76274,01-04-2017 00:00,5835.2,6168.1,332.90000000000055,332.90000000000055,110822.41000000037,5.705031532766667,26.4,0.0,2691.2,4230.3,0.3888174528642635,61.6,1010.9
1463,9,dt,loso,Al Jubail - SWCC,26.9042,49.76274,01-05-2017 00:00,6296.3,6218.7,-77.60000000000036,77.60000000000036,6021.760000000057,1.2324698632530273,31.9,0.0,2872.1,4323.0,0.3991744381593028,49.5,1006.2
1464,9,dt,loso,Al Jubail - SWCC,26.9042,49.76274,01-06-2017 00:00,6948.8,6862.5,-86.30000000000018,86.30000000000018,7447.690000000031,1.2419410545705758,34.2,0.0,1737.5,6898.8,0.2011856929472112,45.9,1000.6
1465,9,dt,loso,Al Jubail - SWCC,26.9042,49.76274,01-09-2017 00:00,5878.6,5932.9,54.29999999999927,54.29999999999927,2948.489999999921,0.9236893137821806,33.3,0.0,2004.8,5499.9,0.26713925939744426,69.1,1004.9
1466,9,dt,loso,Al Jubail - SWCC,26.9042,49.76274,01-10-2017 00:00,5021.3,4887.3,-134.0,134.0,17956.0,2.6686316292593553,29.9,0.0,1688.5,5317.2,0.24101802817705584,68.8,1010.9
1467,9,dt,loso,Al Jubail - SWCC,26.9042,49.76274,01-11-2017 00:00,3901.2,3910.5,9.300000000000182,9.300000000000182,86.49000000000338,0.23838818824977398,24.6,0.0,1591.9,4243.0,0.27282387016058546,63.6,1016.1
1468,9,dt,loso,Al Jubail - SWCC,26.9042,49.76274,01-03-2018 00:00,5957.0,4914.9,-1042.1000000000004,1042.1000000000004,1085972.4100000008,17.49370488500924,23.4,0.0,2331.4,5397.0,0.301666580404741,56.2,1013.4
1469,9,dt,loso,Al Jubail - SWCC,26.9042,49.76274,01-04-2018 00:00,5482.4,5838.9,356.5,356.5,127092.25,6.50262658689625,25.8,0.0,3245.7,2919.8,0.526429324466791,57.3,1010.2
1470,9,dt,loso,Al Jubail - SWCC,26.9042,49.76274,01-05-2018 00:00,6604.4,6521.1,-83.29999999999927,83.29999999999927,6938.8899999998785,1.2612803585488352,30.3,0.0,3285.3,4260.7,0.43536973230850784,48.8,1007.2
1471,9,dt,loso,Al Jubail - SWCC,26.9042,49.76274,01-06-2018 00:00,7665.1,7066.7,-598.4000000000005,598.4000000000005,358082.56000000064,7.806812696507554,35.1,0.0,2752.1,6272.2,0.3049654820872533,43.6,1000.0
1472,9,dt,loso,Al Jubail - SWCC,26.9042,49.76274,01-07-2018 00:00,7378.5,7066.7,-311.8000000000002,311.8000000000002,97219.2400000001,4.225791149962732,35.4,0.0,2726.8,5954.3,0.314107659167617,45.6,996.6
1473,9,dt,loso,Al Jubail - SWCC,26.9042,49.76274,01-08-2018 00:00,7059.7,5932.9,-1126.8000000000002,1126.8000000000002,1269678.2400000005,15.961018173576782,34.8,0.0,2176.3,6521.7,0.25020694412508626,48.0,998.5
1474,9,dt,loso,Al Jubail - SWCC,26.9042,49.76274,01-09-2018 00:00,6083.9,6611.0,527.1000000000004,527.1000000000004,277834.4100000004,8.663850490639234,33.1,0.0,2228.5,5429.9,0.2909876736655176,63.5,1005.0
1475,9,dt,loso,Al Jubail - SWCC,26.9042,49.76274,01-10-2018 00:00,4732.9,4887.3,154.40000000000055,154.40000000000055,23839.360000000168,3.2622704895518724,29.4,0.0,2129.6,4037.2,0.3453330738794837,62.0,1012.9
1476,9,dt,loso,Al Jubail - SWCC,26.9042,49.76274,01-11-2018 00:00,3456.3,3505.6,49.29999999999973,49.29999999999973,2430.489999999973,1.4263808118508152,23.7,0.0,1734.3,3167.3,0.3538232413905663,66.8,1016.9
1477,9,dt,loso,Al Jubail - SWCC,26.9042,49.76274,01-12-2018 00:00,3545.2,3714.1,168.9000000000001,168.9000000000001,28527.210000000032,4.764188198127048,19.9,0.0,1657.1,3825.6,0.3022415962937968,64.4,1019.3
1478,9,dt,loso,Al Jubail - SWCC,26.9042,49.76274,01-01-2019 00:00,3651.6,3736.1,84.5,84.5,7140.25,2.314054113265418,18.3,0.0,1940.7,3187.0,0.3784737796672972,59.2,1018.9
1479,9,dt,loso,Al Jubail - SWCC,26.9042,49.76274,01-02-2019 00:00,4125.3,3689.0,-436.3000000000002,436.3000000000002,190357.69000000015,10.576200518750154,17.8,0.0,1600.8,4369.5,0.26812722978744785,62.0,1017.9
1480,9,dt,loso,Al Jubail - SWCC,26.9042,49.76274,01-03-2019 00:00,5465.2,5494.2,29.0,29.0,841.0,0.5306301690697505,19.8,0.0,2306.3,4794.0,0.3248172612424827,57.8,1014.4
1481,9,dt,loso,Al Jubail - SWCC,26.9042,49.76274,01-04-2019 00:00,5869.6,5374.8,-494.8000000000002,494.8000000000002,244827.04000000018,8.429875971105359,24.6,0.0,2808.2,4115.9,0.40556895481001143,54.2,1011.1
1482,9,dt,loso,Al Jubail - SWCC,26.9042,49.76274,01-05-2019 00:00,6475.5,6547.2,71.69999999999982,71.69999999999982,5140.889999999974,1.1072504053740997,30.8,0.0,2917.2,4605.5,0.38778630013160165,43.9,1007.0
1483,9,dt,loso,Al Jubail - SWCC,26.9042,49.76274,01-06-2019 00:00,7163.6,7163.0,-0.6000000000003638,0.6000000000003638,0.3600000000004366,0.008375677033898651,35.4,0.0,2053.7,6714.8,0.23421337743057533,41.9,1000.8
1484,9,dt,loso,Al Jubail - SWCC,26.9042,49.76274,01-07-2019 00:00,6808.1,6917.7,109.59999999999945,109.59999999999945,12012.15999999988,1.6098470939028429,35.6,0.0,2048.9,6179.0,0.24901858311355268,43.0,996.9
1485,9,dt,loso,Al Jubail - SWCC,26.9042,49.76274,01-08-2019 00:00,6987.8,6917.7,-70.10000000000036,70.10000000000036,4914.010000000051,1.0031769655685676,35.0,0.0,2260.6,6317.2,0.26354076802909837,46.0,998.6
1486,9,dt,loso,Al Jubail - SWCC,26.9042,49.76274,01-09-2019 00:00,6346.6,6244.6,-102.0,102.0,10404.0,1.6071597390728893,33.4,0.0,1719.8,6676.0,0.20484051549584317,52.1,1003.8
1487,9,dt,loso,Al Jubail - SWCC,26.9042,49.76274,01-10-2019 00:00,4976.4,4887.3,-89.09999999999945,89.09999999999945,7938.809999999903,1.7904509283819519,31.1,0.0,1954.9,4757.8,0.29122409760603035,56.1,1010.2
1488,9,dt,loso,Al Jubail - SWCC,26.9042,49.76274,01-11-2019 00:00,3931.9,4036.0,104.09999999999991,104.09999999999991,10836.809999999981,2.6475749637579775,23.9,0.0,1529.9,4384.7,0.25866499847834173,53.6,1015.9
1489,9,dt,loso,Al Jubail - SWCC,26.9042,49.76274,01-12-2019 00:00,3531.3,3736.1,204.79999999999973,204.79999999999973,41943.03999999989,5.7995638999801695,19.6,0.0,1264.3,4553.2,0.21732703051138805,58.7,1018.0
1490,9,dt,loso,Al Jubail - SWCC,26.9042,49.76274,01-01-2020 00:00,3772.3,3705.0,-67.30000000000018,67.30000000000018,4529.2900000000245,1.784057471569074,16.6,2.7,1288.1,4840.3,0.21018536649043795,56.6,1018.5
1491,9,dt,loso,Al Jubail - SWCC,26.9042,49.76274,01-02-2020 00:00,4780.3,3929.6,-850.7000000000003,850.7000000000003,723690.4900000005,17.795954228814097,18.2,4.1,1833.4,5000.4,0.26828411718224127,54.0,1018.0
1492,9,dt,loso,Al Jubail - SWCC,26.9042,49.76274,01-03-2020 00:00,5488.2,5763.4,275.1999999999998,275.1999999999998,75735.0399999999,5.014394519150174,21.1,4.3,2332.8,4713.9,0.3310485759291584,54.9,1012.8
1493,9,dt,loso,Al Jubail - SWCC,26.9042,49.76274,01-04-2020 00:00,5407.2,5726.0,318.8000000000002,318.8000000000002,101633.44000000012,5.895842580263356,26.1,4.2,2869.8,3396.5,0.457973604838581,51.8,1009.7
1494,9,dt,loso,Al Jubail - SWCC,26.9042,49.76274,01-05-2020 00:00,6894.7,7000.4,105.69999999999982,105.69999999999982,11172.489999999962,1.5330616270468596,30.0,3.6,2616.7,5634.3,0.3171373166888862,47.2,1007.0
1495,9,dt,loso,Al Jubail - SWCC,26.9042,49.76274,01-11-2020 00:00,3905.2,4028.1,122.90000000000009,122.90000000000009,15104.410000000022,3.147085936699787,24.6,3.5,1498.6,4455.7,0.2516836571889223,58.9,1015.6
1496,9,dt,loso,Al Jubail - SWCC,26.9042,49.76274,01-12-2020 00:00,3358.2,4132.0,773.8000000000002,773.8000000000002,598766.4400000003,23.042105890060157,19.0,3.6,1436.2,3841.2,0.27214158487133816,61.7,1019.2
1497,9,dt,loso,Al Jubail - SWCC,26.9042,49.76274,01-01-2021 00:00,3883.0,3705.0,-178.0,178.0,31684.0,4.584084470770023,17.4,3.4,1497.3,4548.5,0.2476595322372556,59.1,1019.3
1498,9,dt,loso,Al Jubail - SWCC,26.9042,49.76274,01-02-2021 00:00,4494.8,4327.6,-167.19999999999982,167.19999999999982,27955.83999999994,3.719854053573014,18.4,3.8,1576.0,5087.3,0.23651944231837077,60.0,1017.3
1499,9,dt,loso,Al Jubail - SWCC,26.9042,49.76274,01-03-2021 00:00,5505.5,6199.7,694.1999999999998,694.1999999999998,481913.6399999997,12.609208972845334,21.9,4.5,2614.9,4175.9,0.385065088060317,52.5,1013.0
1500,9,dt,loso,Al Jubail - SWCC,26.9042,49.76274,01-04-2021 00:00,6685.9,6328.4,-357.5,357.5,127806.25,5.347073692397434,26.5,4.1,2655.6,5380.8,0.3304464685680155,47.7,1010.4
1501,9,dt,loso,Al Jubail - SWCC,26.9042,49.76274,01-05-2021 00:00,7350.3,7529.1,178.80000000000018,178.80000000000018,31969.440000000064,2.432553773315377,32.1,3.3,2539.0,6355.7,0.28545088648296174,42.6,1004.8
1502,9,dt,loso,Al Jubail - SWCC,26.9042,49.76274,01-07-2021 00:00,7340.4,6699.5,-640.8999999999996,640.8999999999996,410752.80999999953,8.731131818429509,35.9,3.5,2197.9,6751.2,0.24560011621280353,50.2,997.0
1503,9,dt,loso,Al Jubail - SWCC,26.9042,49.76274,01-08-2021 00:00,6824.9,5932.9,-892.0,892.0,795664.0,13.069788568330672,35.5,0.2,2101.2,6325.2,0.24935915693534605,55.2,1000.1
1504,9,dt,loso,Al Jubail - SWCC,26.9042,49.76274,01-09-2021 00:00,6263.2,6124.2,-139.0,139.0,19321.0,2.219312811342445,32.8,0.0,1628.3,6721.8,0.19500365265086644,55.3,1003.5
1505,9,dt,loso,Al Jubail - SWCC,26.9042,49.76274,01-10-2021 00:00,5176.8,5228.0,51.19999999999982,51.19999999999982,2621.4399999999814,0.9890279709472998,29.5,0.0,1558.9,5815.0,0.21140780319776512,58.5,1010.8
1506,9,dt,loso,Al Jubail - SWCC,26.9042,49.76274,01-11-2021 00:00,4147.8,4294.0,146.19999999999982,146.19999999999982,21374.439999999948,3.5247601137952604,24.0,0.0,1445.8,5032.5,0.22317583316610837,59.0,1014.7
1507,9,dt,loso,Al Jubail - SWCC,26.9042,49.76274,01-12-2021 00:00,3370.2,3714.1,343.9000000000001,343.9000000000001,118267.21000000006,10.20414218740728,19.1,0.0,1417.7,3890.0,0.2671025114456356,61.1,1018.4
513,10,dt,loso,Al Khafji - SWCC,28.50676,48.455128,01-02-2017 00:00,3949.1,3901.3,-47.79999999999973,47.79999999999973,2284.8399999999738,1.2104023701602828,12.5,3.5,1788.9,3785.9,0.3208904355313195,47.2,1019.5
514,10,dt,loso,Al Khafji - SWCC,28.50676,48.455128,01-11-2017 00:00,3938.1,4280.5,342.4000000000001,342.4000000000001,117237.76000000007,8.694548132348089,21.5,3.3,1571.4,4407.1,0.26284184996236515,48.1,1016.4
515,10,dt,loso,Al Khafji - SWCC,28.50676,48.455128,01-03-2018 00:00,5826.0,4848.6,-977.3999999999996,977.3999999999996,955310.7599999993,16.776519052523163,21.5,3.4,2206.8,5403.5,0.2899754280383165,44.9,1013.0
516,10,dt,loso,Al Khafji - SWCC,28.50676,48.455128,01-04-2018 00:00,5838.9,5482.4,-356.5,356.5,127092.25,6.105602082584049,24.3,3.7,3234.6,3462.7,0.4829707494064773,51.3,1009.9
517,10,dt,loso,Al Khafji - SWCC,28.50676,48.455128,01-05-2018 00:00,6759.9,6876.9,117.0,117.0,13689.0,1.73079483424311,29.9,3.0,3162.2,4749.9,0.3996663338431011,38.4,1006.9
518,10,dt,loso,Al Khafji - SWCC,28.50676,48.455128,01-06-2018 00:00,7569.0,6432.2,-1136.8000000000002,1136.8000000000002,1292314.2400000005,15.01915708812261,34.8,3.8,3187.7,5639.7,0.36111425787887713,29.1,1000.0
519,10,dt,loso,Al Khafji - SWCC,28.50676,48.455128,01-07-2018 00:00,7416.9,7448.6,31.700000000000728,31.700000000000728,1004.8900000000461,0.4274022839730983,36.4,4.0,2899.6,5875.5,0.3304349807979396,21.6,996.6
520,10,dt,loso,Al Khafji - SWCC,28.50676,48.455128,01-03-2020 00:00,5678.3,4669.5,-1008.8000000000002,1008.8000000000002,1017677.4400000004,17.765880633288134,19.3,3.6,2138.4,5343.2,0.2858212147134303,56.6,1012.8
521,10,dt,loso,Al Khafji - SWCC,28.50676,48.455128,01-04-2020 00:00,6194.9,5568.6,-626.2999999999993,626.2999999999993,392251.6899999991,10.10992913525641,24.3,3.5,3297.2,3990.5,0.45243355242394717,51.8,1009.8
522,10,dt,loso,Al Khafji - SWCC,28.50676,48.455128,01-09-2020 00:00,6394.5,6750.1,355.60000000000036,355.60000000000036,126451.36000000026,5.561029009304877,33.0,2.7,1898.9,6518.8,0.22558418570393338,40.8,1004.1
523,10,dt,loso,Al Khafji - SWCC,28.50676,48.455128,01-10-2020 00:00,5466.9,5247.7,-219.19999999999982,219.19999999999982,48048.63999999992,4.009584956739648,26.6,2.5,1368.7,6781.2,0.16794071092896848,42.6,1011.6
524,10,dt,loso,Al Khafji - SWCC,28.50676,48.455128,01-11-2020 00:00,3736.1,3901.2,165.0999999999999,165.0999999999999,27258.00999999997,4.419046599395089,22.4,3.6,1507.8,4169.5,0.2655839923907491,56.9,1015.9
525,10,dt,loso,Al Khafji - SWCC,28.50676,48.455128,01-12-2020 00:00,3067.4,3456.3,388.9000000000001,388.9000000000001,151243.21000000008,12.678489926321971,15.5,3.1,1282.8,3681.1,0.25842583452527246,64.4,1019.5
526,10,dt,loso,Al Khafji - SWCC,28.50676,48.455128,01-01-2021 00:00,3791.6,4028.1,236.5,236.5,55932.25,6.237472307205402,13.9,2.9,1545.4,4379.7,0.26082260215017466,53.9,1019.7
527,10,dt,loso,Al Khafji - SWCC,28.50676,48.455128,01-02-2021 00:00,4392.6,4889.0,496.39999999999964,496.39999999999964,246412.95999999964,11.300824113281418,16.0,0.0,1477.9,5060.7,0.22602697825222526,57.1,1017.6
528,10,dt,loso,Al Khafji - SWCC,28.50676,48.455128,01-03-2021 00:00,5763.4,5488.2,-275.1999999999998,275.1999999999998,75735.0399999999,4.774959225457192,20.1,0.0,2573.5,4760.7,0.3508903493223528,42.5,1013.2
529,10,dt,loso,Al Khafji - SWCC,28.50676,48.455128,01-04-2021 00:00,6385.6,6432.5,46.899999999999636,46.899999999999636,2199.609999999966,0.7344650463542914,25.6,0.0,2797.2,4953.7,0.360887122785741,34.3,1010.5
530,10,dt,loso,Al Khafji - SWCC,28.50676,48.455128,01-05-2021 00:00,7342.1,7261.7,-80.40000000000055,80.40000000000055,6464.160000000088,1.095054548426207,32.1,0.0,2642.0,6220.9,0.29809655981676425,26.7,1004.7
531,10,dt,loso,Al Khafji - SWCC,28.50676,48.455128,01-07-2021 00:00,7678.7,7506.2,-172.5,172.5,29756.25,2.246474012528162,36.7,0.0,2200.3,7293.0,0.23177398797046342,30.0,996.9
532,10,dt,loso,Al Khafji - SWCC,28.50676,48.455128,01-08-2021 00:00,7239.3,7340.4,101.09999999999945,101.09999999999945,10221.20999999989,1.3965438647382957,35.8,0.0,2172.8,6851.9,0.24076146575509436,33.5,999.9
533,10,dt,loso,Al Khafji - SWCC,28.50676,48.455128,01-09-2021 00:00,6523.0,6263.2,-259.8000000000002,259.8000000000002,67496.0400000001,3.9828299862026704,32.2,0.0,1749.5,6997.5,0.2000114324911398,31.5,1003.5
534,10,dt,loso,Al Khafji - SWCC,28.50676,48.455128,01-10-2021 00:00,5078.8,6154.0,1075.1999999999998,1075.1999999999998,1156055.0399999996,21.170355202016218,27.6,0.0,1732.2,5432.1,0.2417821699258825,38.1,1011.0
1068,11,dt,loso,Al Qunfudhah - TVTC,19.15197,41.08111,01-01-2017 00:00,4603.3,4327.0,-276.3000000000002,276.3000000000002,76341.6900000001,6.002215801707474,26.5,2.3,1731.3,4826.3,0.26401427351470047,76.5,1012.8
1069,11,dt,loso,Al Qunfudhah - TVTC,19.15197,41.08111,01-02-2017 00:00,4068.8,4777.5,708.6999999999998,708.6999999999998,502255.68999999977,17.417911915060948,26.4,2.5,2493.3,2316.6,0.5183683652466788,71.1,1012.0
1070,11,dt,loso,Al Qunfudhah - TVTC,19.15197,41.08111,01-03-2017 00:00,5175.3,5625.9,450.59999999999945,450.59999999999945,203040.35999999952,8.706741638165893,28.0,2.6,2617.2,3455.6,0.4309708865762087,72.8,1008.9
1071,11,dt,loso,Al Qunfudhah - TVTC,19.15197,41.08111,01-04-2017 00:00,6063.9,6008.7,-55.19999999999982,55.19999999999982,3047.03999999998,0.9103052490971127,30.6,2.6,2708.7,4292.5,0.3868908187167914,65.0,1007.7
1072,11,dt,loso,Al Qunfudhah - TVTC,19.15197,41.08111,01-05-2017 00:00,5961.5,6008.7,47.19999999999982,47.19999999999982,2227.839999999983,0.7917470435293099,32.1,2.9,2791.6,3960.8,0.41342337539245305,71.3,1006.0
1073,11,dt,loso,Al Qunfudhah - TVTC,19.15197,41.08111,01-06-2017 00:00,5946.6,6019.8,73.19999999999982,73.19999999999982,5358.239999999973,1.2309555039854674,32.6,2.9,2959.5,3624.0,0.44953292321713373,74.7,1002.2
1074,11,dt,loso,Al Qunfudhah - TVTC,19.15197,41.08111,01-09-2017 00:00,5957.8,6127.2,169.39999999999964,169.39999999999964,28696.359999999877,2.843331431065152,32.2,2.8,3070.0,3642.6,0.4573488663111164,79.4,1004.5
1075,11,dt,loso,Al Qunfudhah - TVTC,19.15197,41.08111,01-10-2017 00:00,5667.9,5313.2,-354.6999999999998,354.6999999999998,125812.08999999987,6.258049718590657,30.5,2.5,2091.8,5201.7,0.2868033180228971,78.4,1007.8
1076,11,dt,loso,Al Qunfudhah - TVTC,19.15197,41.08111,01-11-2017 00:00,4737.6,5313.2,575.5999999999995,575.5999999999995,331315.35999999935,12.149611617696712,29.1,2.3,1912.1,4619.1,0.2927639637432631,74.2,1010.4
1077,11,dt,loso,Al Qunfudhah - TVTC,19.15197,41.08111,01-12-2017 00:00,4548.6,4643.4,94.79999999999927,94.79999999999927,8987.039999999863,2.0841577628281067,26.7,2.1,1658.6,5033.8,0.2478333632179786,73.0,1013.3
1078,11,dt,loso,Al Qunfudhah - TVTC,19.15197,41.08111,01-03-2018 00:00,6486.4,4611.0,-1875.3999999999996,1875.3999999999996,3517125.1599999988,28.912802170695606,27.8,2.3,2263.3,5829.9,0.2796545247862403,71.9,1009.3
1079,11,dt,loso,Al Qunfudhah - TVTC,19.15197,41.08111,01-04-2018 00:00,6652.1,6628.0,-24.100000000000364,24.100000000000364,580.8100000000176,0.36229160716165365,30.2,2.5,2627.6,5211.2,0.3352043680155126,70.7,1006.9
1080,11,dt,loso,Al Qunfudhah - TVTC,19.15197,41.08111,01-05-2018 00:00,6919.4,6863.4,-56.0,56.0,3136.0,0.8093187270572594,31.8,2.6,3245.1,4602.4,0.41352022937241156,70.7,1004.8
1081,11,dt,loso,Al Qunfudhah - TVTC,19.15197,41.08111,01-06-2018 00:00,6298.2,5243.7,-1054.5,1054.5,1111970.25,16.742878917786033,32.7,3.2,3832.3,2975.4,0.5629360870778677,72.1,1002.3
1082,11,dt,loso,Al Qunfudhah - TVTC,19.15197,41.08111,01-07-2018 00:00,6173.5,5653.7,-519.8000000000002,519.8000000000002,270192.0400000002,8.41985907507897,32.7,3.5,3603.3,3098.7,0.537645478961504,69.2,1002.6
1083,11,dt,loso,Al Qunfudhah - TVTC,19.15197,41.08111,01-08-2018 00:00,6225.0,6265.1,40.100000000000364,40.100000000000364,1608.010000000029,0.6441767068273151,33.0,3.5,3379.3,3438.1,0.4956875055006308,74.3,1002.8
1084,11,dt,loso,Al Qunfudhah - TVTC,19.15197,41.08111,01-09-2018 00:00,5957.2,6127.2,170.0,170.0,28900.0,2.8536896528570472,32.7,2.3,3243.1,3374.2,0.4900941471597178,80.7,1005.0
1085,11,dt,loso,Al Qunfudhah - TVTC,19.15197,41.08111,01-10-2018 00:00,5391.0,6160.8,769.8000000000002,769.8000000000002,592592.0400000003,14.279354479688372,30.8,1.8,2299.3,4418.2,0.3422850762932639,74.8,1008.8
1086,11,dt,loso,Al Qunfudhah - TVTC,19.15197,41.08111,01-11-2018 00:00,4418.4,5313.2,894.8000000000002,894.8000000000002,800667.0400000003,20.251674814412464,29.1,1.6,2037.1,3856.6,0.3456402599385785,75.7,1010.4
1087,11,dt,loso,Al Qunfudhah - TVTC,19.15197,41.08111,01-12-2018 00:00,4109.2,4354.0,244.80000000000018,244.80000000000018,59927.04000000009,5.957363963788577,27.5,1.6,2033.3,3567.0,0.3630698355445244,77.8,1012.5
1088,11,dt,loso,Al Qunfudhah - TVTC,19.15197,41.08111,01-01-2019 00:00,4616.3,4777.5,161.19999999999982,161.19999999999982,25985.43999999994,3.4919740918051208,26.8,1.6,2196.5,3983.3,0.3554322146347778,79.1,1012.9
1089,11,dt,loso,Al Qunfudhah - TVTC,19.15197,41.08111,01-02-2019 00:00,4805.2,4637.0,-168.19999999999982,168.19999999999982,28291.23999999994,3.5003745941896245,26.6,2.0,2694.3,3153.1,0.46076888873687455,75.9,1011.7
1090,11,dt,loso,Al Qunfudhah - TVTC,19.15197,41.08111,01-03-2019 00:00,6154.0,4637.0,-1517.0,1517.0,2301289.0,24.650633734156646,26.9,2.3,2688.8,4702.5,0.3637790375170809,71.5,1010.3
1091,11,dt,loso,Al Qunfudhah - TVTC,19.15197,41.08111,01-04-2019 00:00,6536.0,6409.8,-126.19999999999982,126.19999999999982,15926.439999999953,1.9308445532435714,29.8,2.0,2894.4,4666.4,0.3828166331605122,71.1,1007.6
1092,11,dt,loso,Al Qunfudhah - TVTC,19.15197,41.08111,01-05-2019 00:00,6425.8,6185.7,-240.10000000000036,240.10000000000036,57648.01000000018,3.736499735441507,32.6,2.2,2897.1,4598.5,0.3865067506270345,60.9,1006.1
1093,11,dt,loso,Al Qunfudhah - TVTC,19.15197,41.08111,01-06-2019 00:00,6387.9,5168.4,-1219.5,1219.5,1487180.25,19.090781007842956,33.3,2.9,3510.2,3458.7,0.5036949877312058,73.4,1002.6
1094,11,dt,loso,Al Qunfudhah - TVTC,19.15197,41.08111,01-07-2019 00:00,6463.4,5771.5,-691.8999999999996,691.8999999999996,478725.6099999995,10.704892162019984,33.0,3.3,3579.8,3504.5,0.5053145688353119,70.0,1001.2
1095,11,dt,loso,Al Qunfudhah - TVTC,19.15197,41.08111,01-08-2019 00:00,6034.5,6265.1,230.60000000000036,230.60000000000036,53176.36000000017,3.8213605103985477,32.9,3.4,3219.6,3438.2,0.4835831656102617,76.4,1003.8
1096,11,dt,loso,Al Qunfudhah - TVTC,19.15197,41.08111,01-09-2019 00:00,5989.8,6135.9,146.09999999999945,146.09999999999945,21345.20999999984,2.439146549133518,32.1,2.5,2896.6,3898.3,0.4262903059647677,82.2,1003.8
1097,11,dt,loso,Al Qunfudhah - TVTC,19.15197,41.08111,01-10-2019 00:00,5564.8,5313.2,-251.60000000000036,251.60000000000036,63302.56000000018,4.521276595744688,30.9,1.8,2124.4,4919.2,0.30160713271622464,77.3,1008.3
1098,11,dt,loso,Al Qunfudhah - TVTC,19.15197,41.08111,01-11-2019 00:00,4206.5,4506.5,300.0,300.0,90000.0,7.131819802686319,28.7,1.4,1795.2,3890.5,0.31573948678263014,80.4,1009.6
1099,11,dt,loso,Al Qunfudhah - TVTC,19.15197,41.08111,01-12-2019 00:00,4460.9,4537.8,76.90000000000055,76.90000000000055,5913.610000000084,1.7238673810217793,27.6,1.8,1773.5,4714.4,0.273355014719709,79.0,1011.6
1100,11,dt,loso,Al Qunfudhah - TVTC,19.15197,41.08111,01-01-2020 00:00,4132.0,3736.1,-395.9000000000001,395.9000000000001,156736.81000000008,9.58131655372701,20.2,2.1,1493.0,4790.6,0.23760264816347315,62.9,1016.4
1101,11,dt,loso,Al Qunfudhah - TVTC,19.15197,41.08111,01-02-2020 00:00,5069.8,4637.0,-432.8000000000002,432.8000000000002,187315.84000000017,8.536825910292322,26.2,1.6,2509.8,3741.1,0.4015101825337152,79.0,1012.7
1102,11,dt,loso,Al Qunfudhah - TVTC,19.15197,41.08111,01-03-2020 00:00,5969.4,6012.5,43.100000000000364,43.100000000000364,1857.6100000000313,0.7220156129594326,27.1,1.2,2971.8,3975.4,0.4277694610778443,78.1,1009.3
1103,11,dt,loso,Al Qunfudhah - TVTC,19.15197,41.08111,01-04-2020 00:00,6822.3,6894.7,72.39999999999964,72.39999999999964,5241.7599999999475,1.0612256863521048,29.8,2.5,2477.4,5643.0,0.3050834934239693,74.4,1007.8
1104,11,dt,loso,Al Qunfudhah - TVTC,19.15197,41.08111,01-05-2020 00:00,6685.0,6438.9,-246.10000000000036,246.10000000000036,60565.21000000018,3.681376215407634,32.1,3.0,2890.0,4756.6,0.377945753668297,73.0,1006.0
1105,11,dt,loso,Al Qunfudhah - TVTC,19.15197,41.08111,01-10-2020 00:00,5807.6,4516.0,-1291.6000000000004,1291.6000000000004,1668230.560000001,22.23982367931676,30.6,2.3,1839.5,5788.0,0.24116683054736152,78.8,1007.5
1106,11,dt,loso,Al Qunfudhah - TVTC,19.15197,41.08111,01-11-2020 00:00,4494.5,4506.5,12.0,12.0,144.0,0.26699299143397487,29.2,2.3,1828.7,4301.2,0.29832460562162516,80.0,1010.2
1107,11,dt,loso,Al Qunfudhah - TVTC,19.15197,41.08111,01-12-2020 00:00,4492.0,4643.4,151.39999999999964,151.39999999999964,22921.95999999989,3.3704363312555574,27.4,2.1,1638.6,5006.1,0.24660255542010923,82.9,1011.5
1108,11,dt,loso,Al Qunfudhah - TVTC,19.15197,41.08111,01-01-2021 00:00,4590.6,4250.1,-340.5,340.5,115940.25,7.41733106783427,26.2,2.1,1968.1,4364.5,0.3107886176294097,83.6,1011.8
1109,11,dt,loso,Al Qunfudhah - TVTC,19.15197,41.08111,01-02-2021 00:00,5038.1,4412.1,-626.0,626.0,391876.0,12.425319068696531,26.0,2.6,2207.1,4209.1,0.3439886537202705,79.0,1011.5
1110,11,dt,loso,Al Qunfudhah - TVTC,19.15197,41.08111,01-04-2021 00:00,6796.6,6643.7,-152.90000000000055,152.90000000000055,23378.410000000167,2.2496542388841556,29.6,2.5,2874.2,4925.7,0.3684919037423557,72.7,1007.5
1111,11,dt,loso,Al Qunfudhah - TVTC,19.15197,41.08111,01-07-2021 00:00,5840.7,5428.8,-411.89999999999964,411.89999999999964,169661.6099999997,7.052236889413935,33.1,3.6,3441.2,2969.5,0.5367900541282543,74.3,1001.1
1112,11,dt,loso,Al Qunfudhah - TVTC,19.15197,41.08111,01-10-2021 00:00,5500.6,6131.4,630.7999999999993,630.7999999999993,397908.6399999991,11.467839872013947,30.6,0.0,2343.9,4448.1,0.3450971731448763,86.1,1007.4
430,12,dt,loso,Al Uwayqilah,30.327166,42.253735,01-04-2021 00:00,6817.4,6698.7,-118.69999999999982,118.69999999999982,14089.689999999957,1.7411329832487432,24.9,3.9,2497.5,6127.0,0.2895820047538988,19.4,963.8
431,12,dt,loso,Al Uwayqilah,30.327166,42.253735,01-10-2021 00:00,4938.5,5984.3,1045.8000000000002,1045.8000000000002,1093697.6400000004,21.176470588235297,26.6,3.2,1705.0,5423.6,0.2391773980865808,22.2,963.8
432,12,dt,loso,Al Uwayqilah,30.327166,42.253735,01-11-2021 00:00,3868.8,3842.0,-26.800000000000182,26.800000000000182,718.2400000000098,0.6927212572373909,17.9,3.1,1358.3,4998.1,0.21369013907243092,37.7,967.4
433,12,dt,loso,Al Uwayqilah,30.327166,42.253735,01-12-2021 00:00,3175.3,3380.6,205.29999999999973,205.29999999999973,42148.08999999989,6.465530815985882,12.7,2.9,1420.0,3801.5,0.2719525040697118,47.4,968.6
1422,13,dt,loso,Al Wajh - TVTC,26.256,36.443,01-01-2017 00:00,4200.7,4551.4,350.6999999999998,350.6999999999998,122990.48999999987,8.348608565239122,19.5,2.9,1323.6,5446.0,0.19552115339163317,47.2,1013.9
1423,13,dt,loso,Al Wajh - TVTC,26.256,36.443,01-02-2017 00:00,5057.4,4793.9,-263.5,263.5,69432.25,5.2101870526357414,19.3,3.0,1525.6,6045.2,0.20151106884345116,35.9,1014.3
1424,13,dt,loso,Al Wajh - TVTC,26.256,36.443,01-03-2017 00:00,5541.5,6296.2,754.6999999999998,754.6999999999998,569572.0899999997,13.619056212216908,21.7,2.9,1725.0,5803.6,0.22912626517546422,52.4,1009.5
1425,13,dt,loso,Al Wajh - TVTC,26.256,36.443,01-11-2017 00:00,4630.7,3974.1,-656.5999999999999,656.5999999999999,431123.5599999999,14.179281750059387,24.2,2.6,1275.5,6355.6,0.16714497254655292,50.1,1011.1
1426,13,dt,loso,Al Wajh - TVTC,26.256,36.443,01-03-2018 00:00,6522.6,6422.2,-100.40000000000055,100.40000000000055,10080.160000000109,1.5392634838868018,24.1,2.7,1793.9,7248.1,0.19839637248396375,55.3,1009.5
1427,13,dt,loso,Al Wajh - TVTC,26.256,36.443,01-04-2018 00:00,7375.2,6422.2,-953.0,953.0,908209.0,12.92168347977004,25.3,2.7,2354.4,6860.2,0.25550756408308556,56.4,1007.2
1428,13,dt,loso,Al Wajh - TVTC,26.256,36.443,01-05-2018 00:00,7155.7,7145.1,-10.599999999999454,10.599999999999454,112.35999999998843,0.14813365568706702,29.8,2.8,2985.8,5446.4,0.35409501672161475,48.4,1005.1
1429,13,dt,loso,Al Wajh - TVTC,26.256,36.443,01-06-2018 00:00,8075.8,5173.6,-2902.2,2902.2,8422764.84,35.936996953862156,30.1,3.1,2297.0,7721.7,0.22927126273867865,58.8,1003.2
1430,13,dt,loso,Al Wajh - TVTC,26.256,36.443,01-01-2019 00:00,3929.6,4082.8,153.20000000000027,153.20000000000027,23470.240000000085,3.8986156351791603,19.5,2.6,1595.7,4439.3,0.2644076222038111,49.8,1014.0
1431,13,dt,loso,Al Wajh - TVTC,26.256,36.443,01-02-2019 00:00,5101.3,5956.1,854.8000000000002,854.8000000000002,730683.0400000003,16.756513045694238,20.5,2.9,1733.3,5780.7,0.23067607133351078,43.8,1013.3
1432,13,dt,loso,Al Wajh - TVTC,26.256,36.443,01-03-2019 00:00,6392.0,6155.0,-237.0,237.0,56169.0,3.7077596996245306,20.9,3.1,1869.6,6942.3,0.21216763694549415,44.3,1011.8
1433,13,dt,loso,Al Wajh - TVTC,26.256,36.443,01-07-2019 00:00,8071.9,5173.6,-2898.2999999999993,2898.2999999999993,8400142.889999995,35.9060444257238,30.5,2.6,1699.1,8707.4,0.16327295440349782,65.1,1002.0
1434,13,dt,loso,Al Wajh - TVTC,26.256,36.443,01-08-2019 00:00,7581.2,5173.6,-2407.5999999999995,2407.5999999999995,5796537.759999997,31.757505408114806,31.1,2.6,1678.4,8204.4,0.16983041243372327,65.5,1003.5
1435,13,dt,loso,Al Wajh - TVTC,26.256,36.443,01-11-2019 00:00,4649.9,3974.1,-675.7999999999997,675.7999999999997,456705.6399999996,14.533645884857735,25.9,2.4,1294.0,6403.2,0.16811308008106846,47.3,1010.2
1436,13,dt,loso,Al Wajh - TVTC,26.256,36.443,01-02-2020 00:00,5416.4,5487.1,70.70000000000073,70.70000000000073,4998.490000000103,1.3052950299091783,19.2,2.8,1261.4,7373.9,0.1460748323740924,49.1,1014.7
1437,13,dt,loso,Al Wajh - TVTC,26.256,36.443,01-04-2020 00:00,7491.1,6432.5,-1058.6000000000004,1058.6000000000004,1120633.9600000007,14.131435970685216,23.9,2.9,2108.3,7510.5,0.21918534536532627,56.7,1008.6
1438,13,dt,loso,Al Wajh - TVTC,26.256,36.443,01-01-2021 00:00,4163.9,5558.3,1394.4000000000005,1394.4000000000005,1944351.3600000015,33.48783592305292,21.4,0.0,933.3,6264.0,0.12967362761035386,46.8,1013.6
1439,13,dt,loso,Al Wajh - TVTC,26.256,36.443,01-04-2021 00:00,7780.5,7732.1,-48.399999999999636,48.399999999999636,2342.559999999965,0.6220679904890385,25.0,0.0,2188.7,7759.7,0.22000522697117122,56.0,1008.7
1440,13,dt,loso,Al Wajh - TVTC,26.256,36.443,01-07-2021 00:00,8133.6,7448.6,-685.0,685.0,469225.0,8.421855021146847,30.3,0.0,2075.4,8229.8,0.2013934712572294,64.9,1001.1
675,14,dt,loso,Arar - TVTC,31.027395,40.906419,01-01-2017 00:00,3512.9,3705.0,192.0999999999999,192.0999999999999,36902.40999999997,5.468416408095873,8.1,2.8,1302.8,4734.2,0.21580255093589532,50.1,952.2
676,14,dt,loso,Arar - TVTC,31.027395,40.906419,01-02-2017 00:00,4507.6,4565.9,58.29999999999927,58.29999999999927,3398.8899999999153,1.2933711953145637,9.0,3.4,1425.7,5677.6,0.2007095293736714,27.3,952.7
677,14,dt,loso,Arar - TVTC,31.027395,40.906419,01-03-2017 00:00,5568.1,5740.9,172.79999999999927,172.79999999999927,29859.83999999975,3.1033925396454674,16.2,4.1,2247.0,5276.1,0.2986800653985724,41.1,946.8
678,14,dt,loso,Arar - TVTC,31.027395,40.906419,01-04-2017 00:00,6069.7,6373.3,303.60000000000036,303.60000000000036,92172.96000000022,5.001894657067077,21.7,4.0,2775.9,4632.1,0.3747165226781858,26.0,947.9
679,14,dt,loso,Arar - TVTC,31.027395,40.906419,01-05-2017 00:00,7301.0,7271.1,-29.899999999999636,29.899999999999636,894.0099999999783,0.40953294069305074,28.4,4.1,2414.8,6512.4,0.2704991486692356,15.7,944.8
680,14,dt,loso,Arar - TVTC,31.027395,40.906419,01-11-2017 00:00,3901.3,5020.4,1119.0999999999995,1119.0999999999995,1252384.809999999,28.68531002486349,16.7,3.3,1737.8,4327.1,0.286533990667612,40.2,950.5
681,14,dt,loso,Arar - TVTC,31.027395,40.906419,01-03-2018 00:00,6026.1,6314.3,288.1999999999998,288.1999999999998,83059.23999999989,4.782529330744591,20.6,3.6,2377.8,5717.1,0.29374050327984286,23.7,947.5
682,14,dt,loso,Arar - TVTC,31.027395,40.906419,01-04-2018 00:00,6818.8,6817.4,-1.4000000000005457,1.4000000000005457,1.9600000000015279,0.02053147181323027,22.0,3.9,2498.6,6174.8,0.28807618696243686,27.2,945.0
683,14,dt,loso,Arar - TVTC,31.027395,40.906419,01-05-2018 00:00,7092.7,6075.7,-1017.0,1017.0,1034289.0,14.33868625488178,27.3,4.3,2895.7,5711.9,0.3364120079929365,25.5,944.0
684,14,dt,loso,Arar - TVTC,31.027395,40.906419,01-06-2018 00:00,8380.7,8361.9,-18.80000000000109,18.80000000000109,353.44000000004104,0.2243249370577767,32.0,4.5,2239.0,8282.5,0.21280235707836334,15.4,941.4
685,14,dt,loso,Arar - TVTC,31.027395,40.906419,01-07-2018 00:00,8347.3,8373.8,26.5,26.5,702.25,0.3174679237597786,33.6,4.4,1892.3,8928.8,0.17487131622478308,15.0,939.0
686,14,dt,loso,Arar - TVTC,31.027395,40.906419,01-08-2018 00:00,7877.4,7581.2,-296.1999999999998,296.1999999999998,87734.43999999989,3.760123898748316,33.2,3.9,1359.3,9382.7,0.12654068143734873,17.0,940.1
687,14,dt,loso,Arar - TVTC,31.027395,40.906419,01-11-2018 00:00,3071.3,3453.8,382.5,382.5,146306.25,12.454009702731742,14.7,2.6,1513.2,3155.0,0.3241506362195279,75.0,950.6
688,14,dt,loso,Arar - TVTC,31.027395,40.906419,01-12-2018 00:00,3390.0,3583.5,193.5,193.5,37442.25,5.707964601769912,11.7,2.7,1226.3,4918.7,0.19956061838893407,66.5,951.8
689,14,dt,loso,Arar - TVTC,31.027395,40.906419,01-01-2019 00:00,3484.3,3736.1,251.79999999999973,251.79999999999973,63403.23999999986,7.226702637545554,9.2,3.7,1518.7,4083.5,0.2710899289564814,55.5,950.5
690,14,dt,loso,Arar - TVTC,31.027395,40.906419,01-02-2019 00:00,4767.2,4597.0,-170.19999999999982,170.19999999999982,28968.03999999994,3.570229904346363,11.2,3.2,1491.0,6024.6,0.19838735430304966,54.4,950.6
691,14,dt,loso,Arar - TVTC,31.027395,40.906419,01-03-2019 00:00,5977.9,4878.4,-1099.5,1099.5,1208900.25,18.392746616704862,14.4,4.3,1759.4,6874.0,0.20378993212407628,38.3,947.3
692,14,dt,loso,Arar - TVTC,31.027395,40.906419,01-04-2019 00:00,6677.9,6387.8,-290.09999999999945,290.09999999999945,84158.00999999969,4.344180056604614,19.4,3.8,2353.1,6130.7,0.27736391711261466,33.3,946.8
693,14,dt,loso,Arar - TVTC,31.027395,40.906419,01-05-2019 00:00,7228.4,7265.2,36.80000000000018,36.80000000000018,1354.2400000000134,0.5091029826794337,29.5,4.1,2436.9,6413.1,0.27535593220338983,13.8,944.8
694,14,dt,loso,Arar - TVTC,31.027395,40.906419,01-06-2019 00:00,7792.8,7810.3,17.5,17.5,306.25,0.22456626629709475,33.8,4.4,2142.5,7696.6,0.2177536563303554,13.0,941.8
695,14,dt,loso,Arar - TVTC,31.027395,40.906419,01-07-2019 00:00,8295.1,8184.0,-111.10000000000036,111.10000000000036,12343.210000000081,1.3393449144675817,33.9,4.0,1512.2,9517.0,0.1371087658216371,13.0,939.1
696,14,dt,loso,Arar - TVTC,31.027395,40.906419,01-08-2019 00:00,7449.2,7509.3,60.100000000000364,60.100000000000364,3612.010000000044,0.8067980454277017,34.2,4.6,1847.9,7884.0,0.18988070161016865,14.7,939.9
697,14,dt,loso,Arar - TVTC,31.027395,40.906419,01-09-2019 00:00,6579.7,6670.0,90.30000000000018,90.30000000000018,8154.090000000033,1.372402997097135,31.8,3.5,1730.1,7316.8,0.19123677723861213,16.0,943.2
698,14,dt,loso,Arar - TVTC,31.027395,40.906419,01-10-2019 00:00,4677.5,4597.5,-80.0,80.0,6400.0,1.7103153393907,25.9,3.3,1919.6,4585.6,0.2950870073172231,33.3,947.2
699,14,dt,loso,Arar - TVTC,31.027395,40.906419,01-11-2019 00:00,3861.5,4067.3,205.80000000000018,205.80000000000018,42353.64000000007,5.329535154732621,16.3,3.3,1386.6,5025.0,0.21626427100879653,42.8,950.9
700,14,dt,loso,Arar - TVTC,31.027395,40.906419,01-12-2019 00:00,3586.5,4057.2,470.6999999999998,470.6999999999998,221558.48999999982,13.124215809284815,11.3,2.7,1018.9,5810.8,0.14918664070164137,52.7,950.5
701,14,dt,loso,Arar - TVTC,31.027395,40.906419,01-12-2020 00:00,3033.7,3380.6,346.9000000000001,346.9000000000001,120339.61000000006,11.434881497840923,11.1,2.2,1135.5,4234.8,0.21144070163678005,60.2,952.3
702,14,dt,loso,Arar - TVTC,31.027395,40.906419,01-01-2021 00:00,3818.0,4013.6,195.5999999999999,195.5999999999999,38259.359999999964,5.123101100052381,10.3,2.6,1205.0,5599.4,0.17709129386867323,45.0,952.5
703,14,dt,loso,Arar - TVTC,31.027395,40.906419,01-02-2021 00:00,4494.1,5013.3,519.1999999999998,519.1999999999998,269568.63999999984,11.55292494604036,12.8,4.0,1431.8,5623.1,0.2029511403421735,47.6,950.9
704,14,dt,loso,Arar - TVTC,31.027395,40.906419,01-03-2021 00:00,6031.2,6177.3,146.10000000000036,146.10000000000036,21345.210000000105,2.4224035017906944,17.6,3.9,2035.0,6328.9,0.24330754791425055,26.8,947.7
705,14,dt,loso,Arar - TVTC,31.027395,40.906419,01-04-2021 00:00,7221.9,7284.1,62.20000000000073,62.20000000000073,3868.8400000000906,0.8612691950871755,23.8,3.5,2373.1,6738.1,0.26045965405215554,16.2,947.8
706,14,dt,loso,Arar - TVTC,31.027395,40.906419,01-05-2021 00:00,7981.5,8005.7,24.199999999999818,24.199999999999818,585.6399999999912,0.3032011526655368,30.2,3.8,2280.7,7801.8,0.22620381849739646,11.4,943.1
707,14,dt,loso,Arar - TVTC,31.027395,40.906419,01-07-2021 00:00,8315.8,6960.1,-1355.699999999999,1355.699999999999,1837922.489999997,16.3027008826571,35.7,4.1,1694.9,9161.6,0.15611845438216737,12.6,938.1
708,14,dt,loso,Arar - TVTC,31.027395,40.906419,01-09-2021 00:00,6632.8,5993.7,-639.1000000000004,639.1000000000004,408448.81000000046,9.63544807622724,30.3,2.6,1476.5,7933.3,0.15691088014623053,17.3,943.7
709,14,dt,loso,Arar - TVTC,31.027395,40.906419,01-10-2021 00:00,5192.8,5948.5,755.6999999999998,755.6999999999998,571082.4899999998,14.552842397165303,25.3,2.5,1552.1,6211.4,0.19992271527017452,19.4,947.9
710,14,dt,loso,Arar - TVTC,31.027395,40.906419,01-11-2021 00:00,3895.1,3700.1,-195.0,195.0,38025.0,5.006289954044826,17.2,1.7,1242.6,5412.9,0.1867027270678386,35.3,950.9
711,14,dt,loso,Arar - TVTC,31.027395,40.906419,01-12-2021 00:00,3266.2,3380.6,114.40000000000009,114.40000000000009,13087.36000000002,3.5025411793521553,11.6,2.3,1379.0,4174.4,0.2483163467425361,43.8,951.7
234,15,dt,loso,Dammam - IAFU,26.394974,50.188715,01-01-2017 00:00,3406.4,3986.5,580.0999999999999,580.0999999999999,336516.0099999999,17.02970878346641,16.9,3.1,1650.3,3329.7,0.33138554216867466,61.2,1016.7
235,15,dt,loso,Dammam - IAFU,26.394974,50.188715,01-02-2017 00:00,3697.9,3721.4,23.5,23.5,552.25,0.6354958219530004,15.3,3.1,1811.4,3093.4,0.3693116946664492,59.1,1017.7
236,15,dt,loso,Dammam - IAFU,26.394974,50.188715,01-03-2017 00:00,4194.0,4160.6,-33.399999999999636,33.399999999999636,1115.5599999999756,0.7963757749165388,20.5,2.8,2367.4,2678.7,0.4691543964645964,61.7,1012.0
237,15,dt,loso,Dammam - IAFU,26.394974,50.188715,01-04-2017 00:00,6012.5,5505.5,-507.0,507.0,257049.0,8.432432432432432,26.9,3.3,2837.3,4293.9,0.39787132600403863,43.3,1009.4
238,15,dt,loso,Dammam - IAFU,26.394974,50.188715,01-05-2017 00:00,5818.6,6750.0,931.3999999999996,931.3999999999996,867505.9599999993,16.007286976248576,32.3,3.6,2971.0,3669.4,0.44741280645744236,34.6,1004.7
239,15,dt,loso,Dammam - IAFU,26.394974,50.188715,01-09-2017 00:00,6432.2,6824.9,392.6999999999998,392.6999999999998,154213.28999999986,6.105220608811912,33.6,2.2,2215.5,5997.2,0.26976511987531504,54.6,1003.5
240,15,dt,loso,Dammam - IAFU,26.394974,50.188715,01-11-2017 00:00,4137.7,3929.6,-208.0999999999999,208.0999999999999,43305.609999999964,5.029364139497787,24.5,2.6,1651.3,4544.7,0.26651065203357005,51.5,1014.5
241,15,dt,loso,Dammam - IAFU,26.394974,50.188715,01-03-2018 00:00,6251.9,6302.3,50.400000000000546,50.400000000000546,2540.160000000055,0.8061549289016227,23.8,2.7,2315.9,5841.9,0.2838878128907304,44.6,1011.7
242,15,dt,loso,Dammam - IAFU,26.394974,50.188715,01-04-2018 00:00,5642.3,5518.1,-124.19999999999982,124.19999999999982,15425.639999999954,2.201229994860249,25.9,3.1,3132.6,3279.8,0.4885222381635581,47.7,1008.5
243,15,dt,loso,Dammam - IAFU,26.394974,50.188715,01-05-2018 00:00,6885.3,6704.8,-180.5,180.5,32580.25,2.6215270213353086,30.9,2.6,3409.9,4513.0,0.430385338701738,38.7,1005.3
244,15,dt,loso,Dammam - IAFU,26.394974,50.188715,01-06-2018 00:00,7999.6,7806.4,-193.20000000000073,193.20000000000073,37326.24000000028,2.415120756037811,35.7,3.7,2649.2,6889.6,0.27772885478257225,30.4,998.2
245,15,dt,loso,Dammam - IAFU,26.394974,50.188715,01-07-2018 00:00,7608.6,7410.6,-198.0,198.0,39204.0,2.6023184291459662,36.1,3.3,2855.1,6132.0,0.31768868711820275,33.1,994.8
246,15,dt,loso,Dammam - IAFU,26.394974,50.188715,01-08-2018 00:00,7271.1,7326.4,55.29999999999927,55.29999999999927,3058.0899999999197,0.7605451719822209,35.5,1.0,2406.7,6500.8,0.2701880437833286,36.3,997.1
247,15,dt,loso,Dammam - IAFU,26.394974,50.188715,01-10-2018 00:00,5034.3,4732.9,-301.40000000000055,301.40000000000055,90841.96000000033,5.9869296625151565,29.6,0.0,2182.0,4403.9,0.33131386750482095,54.9,1011.3
248,15,dt,loso,Dammam - IAFU,26.394974,50.188715,01-01-2019 00:00,3912.7,3889.5,-23.199999999999818,23.199999999999818,538.2399999999916,0.5929409359265934,18.2,0.0,3909.6,5.1,0.9986972181776381,56.8,1017.6
249,15,dt,loso,Dammam - IAFU,26.394974,50.188715,01-02-2019 00:00,4356.1,5020.4,664.2999999999993,664.2999999999993,441294.48999999906,15.249879479350778,17.7,0.0,3558.3,817.9,0.8131026918330972,60.1,1016.2
250,15,dt,loso,Dammam - IAFU,26.394974,50.188715,01-03-2019 00:00,5804.1,5494.2,-309.90000000000055,309.90000000000055,96038.01000000034,5.339329094950131,19.7,0.0,2153.9,5480.2,0.28214196827392884,53.2,1013.0
251,15,dt,loso,Dammam - IAFU,26.394974,50.188715,01-07-2019 00:00,7556.3,7548.1,-8.199999999999818,8.199999999999818,67.23999999999701,0.10851871947910774,36.0,0.0,2343.0,6820.9,0.2556771680179836,32.5,995.5
252,15,dt,loso,Dammam - IAFU,26.394974,50.188715,01-08-2019 00:00,7217.5,7345.4,127.89999999999964,127.89999999999964,16358.409999999907,1.7720817457568359,35.6,0.0,2399.2,6436.4,0.2715378695278193,40.0,997.4
253,15,dt,loso,Dammam - IAFU,26.394974,50.188715,01-11-2019 00:00,4036.0,4080.6,44.59999999999991,44.59999999999991,1989.159999999992,1.1050545094152604,23.9,0.0,1681.9,4326.4,0.2799294309538472,50.4,1014.6
254,15,dt,loso,Dammam - IAFU,26.394974,50.188715,01-11-2020 00:00,4243.7,4261.2,17.5,17.5,306.25,0.41237599264792524,24.9,2.6,1467.4,5083.5,0.22399975575875072,56.0,1014.7
255,15,dt,loso,Dammam - IAFU,26.394974,50.188715,01-01-2021 00:00,4204.4,4494.8,290.40000000000055,290.40000000000055,84332.16000000032,6.907049757397027,17.6,2.9,1527.5,5119.4,0.22980637590455702,54.6,1018.0
256,15,dt,loso,Dammam - IAFU,26.394974,50.188715,01-04-2021 00:00,6972.2,6161.8,-810.3999999999996,810.3999999999996,656748.1599999995,11.623303978658095,27.3,3.1,2608.9,5894.7,0.3067994731643069,36.0,1009.2
257,15,dt,loso,Dammam - IAFU,26.394974,50.188715,01-07-2021 00:00,7612.0,7591.2,-20.800000000000182,20.800000000000182,432.64000000000755,0.27325275880189415,36.5,2.7,2515.5,6682.8,0.2734744463650892,41.1,995.7
1113,16,dt,loso,Duba - TVTC,27.34103,35.72295,01-01-2017 00:00,4044.4,4472.2,427.7999999999997,427.7999999999997,183012.83999999976,10.577588764711694,20.1,2.3,1299.0,5473.0,0.19181925575900768,40.8,1013.4
1114,16,dt,loso,Duba - TVTC,27.34103,35.72295,01-02-2017 00:00,5226.7,5844.4,617.6999999999998,617.6999999999998,381553.2899999998,11.818164424971776,19.9,2.5,1447.2,6666.4,0.17836718595937687,33.5,1014.0
1115,16,dt,loso,Duba - TVTC,27.34103,35.72295,01-03-2017 00:00,6089.8,6380.9,291.09999999999945,291.09999999999945,84739.20999999969,4.780124142007939,22.7,2.3,1688.2,6797.4,0.19894880739134532,45.1,1008.9
1116,16,dt,loso,Duba - TVTC,27.34103,35.72295,01-04-2017 00:00,6394.9,6230.3,-164.59999999999945,164.59999999999945,27093.15999999982,2.5739260973588243,27.3,2.7,2330.9,5691.7,0.2905417196420113,43.0,1007.8
1117,16,dt,loso,Duba - TVTC,27.34103,35.72295,01-05-2017 00:00,7236.6,6476.5,-760.1000000000004,760.1000000000004,577752.0100000006,10.503551391537465,30.0,2.3,1884.1,7278.6,0.20562716229932224,46.8,1006.3
1118,16,dt,loso,Duba - TVTC,27.34103,35.72295,01-06-2017 00:00,7382.0,6662.7,-719.3000000000002,719.3000000000002,517392.4900000003,9.743971823354107,32.8,2.8,1497.4,8077.4,0.1563896896018716,42.2,1002.4
1119,16,dt,loso,Duba - TVTC,27.34103,35.72295,01-09-2017 00:00,6391.5,6263.2,-128.30000000000018,128.30000000000018,16460.890000000047,2.0073535163889566,31.5,2.2,1794.8,6679.9,0.21178330796370376,54.7,1004.5
1120,16,dt,loso,Duba - TVTC,27.34103,35.72295,01-10-2017 00:00,5606.5,4555.6,-1050.8999999999996,1050.8999999999996,1104390.8099999991,18.744314634798886,27.8,2.2,1066.2,7652.5,0.12228887334120912,52.5,1008.1
1121,16,dt,loso,Duba - TVTC,27.34103,35.72295,01-11-2017 00:00,4452.6,4336.2,-116.40000000000055,116.40000000000055,13548.960000000126,2.6142029376094986,24.9,2.3,1155.1,6349.7,0.15391482784351349,45.2,1010.5
1122,16,dt,loso,Duba - TVTC,27.34103,35.72295,01-03-2018 00:00,6387.1,6508.9,121.79999999999927,121.79999999999927,14835.239999999823,1.9069687338541634,25.3,2.2,1788.4,7121.2,0.20072730537846817,42.9,1008.7
1123,16,dt,loso,Duba - TVTC,27.34103,35.72295,01-04-2018 00:00,7102.2,6864.9,-237.30000000000018,237.30000000000018,56311.29000000009,3.341218214074515,26.3,2.3,2444.0,6393.4,0.2765519270373639,46.3,1006.2
1124,16,dt,loso,Duba - TVTC,27.34103,35.72295,01-05-2018 00:00,7201.6,7249.3,47.69999999999982,47.69999999999982,2275.2899999999827,0.662352810486556,31.4,2.6,2961.0,5579.1,0.34671725155443145,38.2,1004.4
1125,16,dt,loso,Duba - TVTC,27.34103,35.72295,01-06-2018 00:00,7884.4,7820.6,-63.79999999999927,63.79999999999927,4070.4399999999073,0.8091928364872315,32.3,2.5,2185.4,7673.3,0.22167222858997637,44.0,1002.5
1126,16,dt,loso,Duba - TVTC,27.34103,35.72295,01-07-2018 00:00,7742.1,8071.9,329.7999999999993,329.7999999999993,108768.03999999951,4.259826145361068,31.2,2.0,1849.7,8097.8,0.18594621764262378,56.6,1001.7
1127,16,dt,loso,Duba - TVTC,27.34103,35.72295,01-08-2018 00:00,7342.3,6414.9,-927.4000000000005,927.4000000000005,860070.760000001,12.630919466652147,31.7,2.1,1394.7,8415.6,0.14216690621081923,61.0,1001.8
1128,16,dt,loso,Duba - TVTC,27.34103,35.72295,01-09-2018 00:00,6162.5,6778.2,615.6999999999998,615.6999999999998,379086.48999999976,9.991075050709936,31.8,2.4,2329.6,5452.0,0.2993728796134471,54.2,1003.9
1129,16,dt,loso,Duba - TVTC,27.34103,35.72295,01-10-2018 00:00,5367.0,6037.1,670.1000000000004,670.1000000000004,449034.0100000005,12.485559903111614,29.1,2.3,1544.3,6273.1,0.1975464988359301,49.0,1008.4
1130,16,dt,loso,Duba - TVTC,27.34103,35.72295,01-11-2018 00:00,4328.8,4239.8,-89.0,89.0,7921.0,2.055997043060432,24.8,2.1,1158.7,6127.4,0.1590288357283046,45.5,1010.5
1131,16,dt,loso,Duba - TVTC,27.34103,35.72295,01-12-2018 00:00,3974.1,4239.8,265.7000000000003,265.7000000000003,70596.49000000015,6.685790493445063,21.0,2.3,1126.7,6047.5,0.15704886956036912,43.5,1013.6
1132,16,dt,loso,Duba - TVTC,27.34103,35.72295,01-01-2019 00:00,3792.0,4137.7,345.6999999999998,345.6999999999998,119508.48999999987,9.116561181434594,19.0,2.2,1550.7,4377.5,0.2615802435815256,47.4,1013.3
1133,16,dt,loso,Duba - TVTC,27.34103,35.72295,01-02-2019 00:00,4931.3,5487.1,555.8000000000002,555.8000000000002,308913.6400000002,11.270861638918747,20.3,2.5,1629.7,5832.3,0.2183998927901367,40.4,1012.6
1134,16,dt,loso,Duba - TVTC,27.34103,35.72295,01-03-2019 00:00,6290.2,6392.0,101.80000000000018,101.80000000000018,10363.240000000036,1.6183905122253694,20.8,2.6,1821.7,7042.0,0.2055236526506989,41.5,1011.0
1135,16,dt,loso,Duba - TVTC,27.34103,35.72295,01-04-2019 00:00,7047.2,6299.1,-748.0999999999995,748.0999999999995,559653.6099999992,10.615563628107608,24.7,2.6,2103.9,6972.8,0.2317912897859354,39.1,1008.3
1136,16,dt,loso,Duba - TVTC,27.34103,35.72295,01-05-2019 00:00,7601.9,7309.1,-292.7999999999993,292.7999999999993,85731.83999999957,3.851668661781914,29.9,2.2,2119.4,7435.5,0.22181289181467104,42.9,1005.3
1137,16,dt,loso,Duba - TVTC,27.34103,35.72295,01-06-2019 00:00,7745.1,7309.1,-436.0,436.0,190096.0,5.629365663451731,32.3,2.1,1959.9,7861.7,0.19954997149140669,46.5,1003.4
1138,16,dt,loso,Duba - TVTC,27.34103,35.72295,01-07-2019 00:00,7879.6,8071.9,192.29999999999927,192.29999999999927,36979.28999999972,2.440479212142739,31.8,2.2,1560.2,8718.2,0.1517940535491905,53.4,1000.9
1139,16,dt,loso,Duba - TVTC,27.34103,35.72295,01-08-2019 00:00,7363.8,6414.9,-948.9000000000005,948.9000000000005,900411.210000001,12.886009940519846,31.6,1.9,1440.5,8349.2,0.14714444773588567,59.2,1002.6
1140,16,dt,loso,Duba - TVTC,27.34103,35.72295,01-09-2019 00:00,6733.8,5228.0,-1505.8000000000002,1505.8000000000002,2267433.6400000006,22.36181650776679,30.7,1.8,1607.9,7569.2,0.17520785433306818,56.5,1003.5
1141,16,dt,loso,Duba - TVTC,27.34103,35.72295,01-10-2019 00:00,5376.6,5224.5,-152.10000000000036,152.10000000000036,23134.41000000011,2.8289253431536725,30.1,1.9,1709.8,6070.2,0.21976863753213366,47.0,1007.3
1142,16,dt,loso,Duba - TVTC,27.34103,35.72295,01-11-2019 00:00,4825.1,5571.5,746.3999999999996,746.3999999999996,557112.9599999995,15.46910944850883,26.0,2.1,1253.5,6988.9,0.15207949141026886,42.5,1009.5
1143,16,dt,loso,Duba - TVTC,27.34103,35.72295,01-12-2019 00:00,4586.9,4424.3,-162.59999999999945,162.59999999999945,26438.759999999824,3.5448778041814615,21.1,2.4,960.2,7830.2,0.10923279941754642,40.6,1013.0
1144,16,dt,loso,Duba - TVTC,27.34103,35.72295,01-01-2020 00:00,4702.0,4555.6,-146.39999999999964,146.39999999999964,21432.959999999894,3.113568694172685,17.7,2.4,1041.6,7589.1,0.12068546004379713,43.4,1015.7
1145,16,dt,loso,Duba - TVTC,27.34103,35.72295,01-02-2020 00:00,5603.1,5149.7,-453.40000000000055,453.40000000000055,205571.5600000005,8.091949099605584,19.1,2.2,1084.3,8304.3,0.11549112753765206,45.8,1013.8
1146,16,dt,loso,Duba - TVTC,27.34103,35.72295,01-03-2020 00:00,6184.2,6299.1,114.90000000000055,114.90000000000055,13202.010000000126,1.8579606092946632,22.0,2.4,1922.0,6556.7,0.22668569474093905,43.7,1009.1
1147,16,dt,loso,Duba - TVTC,27.34103,35.72295,01-04-2020 00:00,7341.8,7491.1,149.30000000000018,149.30000000000018,22290.490000000053,2.0335612520090467,24.3,2.2,2114.0,7323.4,0.22400237353508382,49.0,1007.5
1148,16,dt,loso,Duba - TVTC,27.34103,35.72295,01-05-2020 00:00,7401.7,7116.1,-285.59999999999945,285.59999999999945,81567.3599999997,3.8585730305200086,29.2,2.3,2208.2,7030.1,0.23902666074927206,42.9,1006.1
1149,16,dt,loso,Duba - TVTC,27.34103,35.72295,01-09-2020 00:00,6361.4,6394.5,33.100000000000364,33.100000000000364,1095.610000000024,0.520325714465375,34.2,2.2,1908.9,6454.4,0.22824722298614186,45.7,1003.0
1150,16,dt,loso,Duba - TVTC,27.34103,35.72295,01-10-2020 00:00,5646.5,6747.2,1100.6999999999998,1100.6999999999998,1211540.4899999995,19.493491543433983,31.0,1.8,1375.3,7169.2,0.1609573409795775,39.5,1007.7
1151,16,dt,loso,Duba - TVTC,27.34103,35.72295,01-11-2020 00:00,4804.9,4929.4,124.5,124.5,15500.25,2.591104913733897,25.1,2.1,1022.6,7449.3,0.12070491861329809,44.9,1010.8
1152,16,dt,loso,Duba - TVTC,27.34103,35.72295,01-12-2020 00:00,4169.9,4448.2,278.3000000000002,278.3000000000002,77450.8900000001,6.674020959735251,22.7,2.3,1237.4,6179.5,0.16683520069031538,42.6,1012.4
1153,16,dt,loso,Duba - TVTC,27.34103,35.72295,01-01-2021 00:00,4525.7,4551.5,25.800000000000182,25.800000000000182,665.6400000000094,0.5700775570629998,21.7,2.4,1299.2,6481.0,0.16698799516721935,42.0,1013.1
1154,16,dt,loso,Duba - TVTC,27.34103,35.72295,01-02-2021 00:00,5247.7,5326.6,78.90000000000055,78.90000000000055,6225.210000000086,1.5035158259809163,21.4,2.6,1311.2,7016.4,0.15745232720111438,41.2,1012.5
1155,16,dt,loso,Duba - TVTC,27.34103,35.72295,01-03-2021 00:00,6446.8,6299.1,-147.69999999999982,147.69999999999982,21815.289999999946,2.29105913011106,23.4,2.5,1948.5,6919.7,0.21971764281364875,42.3,1009.6
1156,16,dt,loso,Duba - TVTC,27.34103,35.72295,01-04-2021 00:00,7415.4,7457.6,42.20000000000073,42.20000000000073,1780.8400000000613,0.5690859562532127,26.9,2.4,2056.9,7514.4,0.21490288675519525,39.1,1008.2
1157,16,dt,loso,Duba - TVTC,27.34103,35.72295,01-05-2021 00:00,7911.0,8239.6,328.60000000000036,328.60000000000036,107977.96000000024,4.153710024017196,31.7,2.6,1888.0,8243.7,0.18634582547844883,40.0,1004.5
1158,16,dt,loso,Duba - TVTC,27.34103,35.72295,01-07-2021 00:00,7761.3,8157.9,396.59999999999945,396.59999999999945,157291.55999999956,5.109968690812099,32.2,2.3,1646.0,8452.1,0.16300096057674215,51.6,1000.2
1159,16,dt,loso,Duba - TVTC,27.34103,35.72295,01-08-2021 00:00,7187.6,8075.8,888.1999999999998,888.1999999999998,788899.2399999996,12.357393288441202,32.9,2.1,1773.1,7564.6,0.18988616040352546,54.4,1001.4
1160,16,dt,loso,Duba - TVTC,27.34103,35.72295,01-09-2021 00:00,6412.8,6747.2,334.39999999999964,334.39999999999964,111823.35999999975,5.214570858283428,31.6,2.6,1661.4,7003.2,0.19174572398033377,51.6,1003.5
1161,16,dt,loso,Duba - TVTC,27.34103,35.72295,01-10-2021 00:00,5379.8,6037.1,657.3000000000002,657.3000000000002,432043.2900000002,12.21792631696346,28.6,2.1,1384.0,6668.9,0.1718635522606763,52.6,1007.7
1162,16,dt,loso,Duba - TVTC,27.34103,35.72295,01-11-2021 00:00,4362.8,4239.8,-123.0,123.0,15129.0,2.8192903639864304,25.9,2.0,1130.9,6184.3,0.1545959098862642,43.7,1010.3
1163,16,dt,loso,Duba - TVTC,27.34103,35.72295,01-12-2021 00:00,3703.4,3847.4,144.0,144.0,20736.0,3.8883188421450563,21.3,2.0,1345.8,4909.8,0.21513523882601188,42.1,1012.8
475,17,dt,loso,Farasan - SWCC,16.692097,42.098767,01-01-2017 00:00,4822.5,5447.3,624.8000000000002,624.8000000000002,390375.0400000002,12.955935717988599,26.9,3.1,1908.0,4814.5,0.28382298252138344,77.1,1012.4
476,17,dt,loso,Farasan - SWCC,16.692097,42.098767,01-02-2017 00:00,4637.0,5393.4,756.3999999999996,756.3999999999996,572140.9599999995,16.312270864783258,27.0,3.8,2883.1,2564.2,0.5292713821526261,75.2,1011.6
477,17,dt,loso,Farasan - SWCC,16.692097,42.098767,01-04-2017 00:00,6131.4,6438.9,307.5,307.5,94556.25,5.015167824640376,30.4,3.5,2685.1,4453.1,0.37615925583480425,71.8,1007.2
478,17,dt,loso,Farasan - SWCC,16.692097,42.098767,01-05-2017 00:00,6306.4,6209.3,-97.09999999999945,97.09999999999945,9428.409999999894,1.5397056958010824,32.6,3.2,2936.2,4173.1,0.41300831305473107,71.0,1005.7
479,17,dt,loso,Farasan - SWCC,16.692097,42.098767,01-06-2017 00:00,6265.1,6034.5,-230.60000000000036,230.60000000000036,53176.36000000017,3.6807074108952826,33.6,3.5,3288.5,3596.8,0.4776117235269342,69.4,1001.8
480,17,dt,loso,Farasan - SWCC,16.692097,42.098767,01-03-2018 00:00,6545.1,6433.7,-111.40000000000055,111.40000000000055,12409.960000000121,1.7020366380956826,28.1,3.4,2369.4,5679.6,0.2943719716734998,73.7,1008.6
481,17,dt,loso,Farasan - SWCC,16.692097,42.098767,01-04-2018 00:00,6577.0,6640.5,63.5,63.5,4032.25,0.9654857837920024,30.6,3.5,2690.8,5046.4,0.34777438866773513,72.6,1006.2
482,17,dt,loso,Farasan - SWCC,16.692097,42.098767,01-05-2018 00:00,6800.7,6626.3,-174.39999999999964,174.39999999999964,30415.359999999873,2.5644418956872035,32.3,3.6,3095.0,4629.2,0.4006887444654463,70.4,1004.2
483,17,dt,loso,Farasan - SWCC,16.692097,42.098767,01-06-2018 00:00,6138.8,5771.5,-367.3000000000002,367.3000000000002,134909.29000000012,5.983254056167333,33.8,1.1,3848.0,2741.4,0.5839681913376028,65.6,1001.7
484,17,dt,loso,Farasan - SWCC,16.692097,42.098767,01-07-2018 00:00,6003.1,5393.4,-609.7000000000007,609.7000000000007,371734.0900000009,10.15641918342191,34.4,0.0,3812.7,2586.4,0.5958181619290213,60.8,1001.8
485,17,dt,loso,Farasan - SWCC,16.692097,42.098767,01-08-2018 00:00,5969.5,5692.1,-277.39999999999964,277.39999999999964,76950.75999999979,4.646955356395002,34.1,0.0,3396.6,3092.8,0.5234074028415571,64.3,1002.3
486,17,dt,loso,Farasan - SWCC,16.692097,42.098767,01-09-2018 00:00,5995.6,5858.4,-137.20000000000073,137.20000000000073,18823.8400000002,2.2883447861765416,33.5,0.0,2910.5,3904.2,0.4270914346926497,71.6,1004.4
487,17,dt,loso,Farasan - SWCC,16.692097,42.098767,01-01-2019 00:00,4754.0,5069.8,315.8000000000002,315.8000000000002,99729.64000000012,6.642827092974342,26.6,0.0,2404.7,3782.8,0.3886383838383838,78.6,1012.6
488,17,dt,loso,Farasan - SWCC,16.692097,42.098767,01-02-2019 00:00,5113.6,5391.0,277.39999999999964,277.39999999999964,76950.75999999979,5.4247496871088785,27.0,0.0,2633.7,3600.6,0.4224532024445407,77.0,1011.2
489,17,dt,loso,Farasan - SWCC,16.692097,42.098767,01-03-2019 00:00,5900.8,6012.5,111.69999999999982,111.69999999999982,12476.88999999996,1.8929636659435978,27.7,0.0,2817.3,4176.4,0.402833979152666,73.1,1009.7
490,17,dt,loso,Farasan - SWCC,16.692097,42.098767,01-08-2019 00:00,5428.8,5840.7,411.89999999999964,411.89999999999964,169661.6099999997,7.587312113174176,33.2,0.0,3152.4,2806.4,0.5290326911458683,71.9,1003.2
491,17,dt,loso,Farasan - SWCC,16.692097,42.098767,01-10-2019 00:00,5322.0,5231.0,-91.0,91.0,8281.0,1.7098835024426908,31.6,0.0,2084.0,4717.2,0.3064165147326942,71.0,1007.7
492,17,dt,loso,Farasan - SWCC,16.692097,42.098767,01-11-2019 00:00,4776.9,5111.6,334.7000000000007,334.7000000000007,112024.09000000049,7.006636102911947,29.9,0.0,1984.7,4517.0,0.3052586246673947,74.1,1008.9
493,17,dt,loso,Farasan - SWCC,16.692097,42.098767,01-12-2019 00:00,4425.7,4224.2,-201.5,201.5,40602.25,4.552952075377906,27.9,0.0,2029.3,4060.3,0.3332402785076195,78.6,1011.0
494,17,dt,loso,Farasan - SWCC,16.692097,42.098767,01-01-2020 00:00,4308.7,4068.8,-239.89999999999964,239.89999999999964,57552.00999999983,5.567804674263691,26.7,0.6,2129.0,3638.2,0.36915660979331394,72.3,1013.0
495,17,dt,loso,Farasan - SWCC,16.692097,42.098767,01-02-2020 00:00,4715.1,4908.3,193.19999999999982,193.19999999999982,37326.23999999993,4.097474072660172,26.8,3.6,2773.8,2876.3,0.4909293640820516,77.2,1012.1
496,17,dt,loso,Farasan - SWCC,16.692097,42.098767,01-03-2020 00:00,5697.6,6298.2,600.5999999999995,600.5999999999995,360720.35999999935,10.541280539174378,28.0,3.6,4136.7,2097.6,0.6635388094894376,76.8,1008.7
497,17,dt,loso,Farasan - SWCC,16.692097,42.098767,01-04-2020 00:00,6395.2,5958.5,-436.6999999999998,436.6999999999998,190706.88999999984,6.82855891918939,30.3,3.4,6394.6,0.9,0.9998592760534751,74.9,1007.3
498,17,dt,loso,Farasan - SWCC,16.692097,42.098767,01-05-2020 00:00,6369.6,5297.0,-1072.6000000000004,1072.6000000000004,1150470.7600000007,16.83936196935444,33.1,3.5,6369.4,0.3,0.9999529020205032,69.1,1005.5
499,17,dt,loso,Farasan - SWCC,16.692097,42.098767,01-09-2020 00:00,5849.7,5790.5,-59.19999999999982,59.19999999999982,3504.6399999999785,1.0120177103099273,33.2,3.0,2483.6,4366.3,0.3625746361260748,73.9,1003.1
500,17,dt,loso,Farasan - SWCC,16.692097,42.098767,01-10-2020 00:00,5608.0,5807.6,199.60000000000036,199.60000000000036,39840.16000000014,3.5592011412268256,31.8,3.0,1654.5,5751.2,0.2234089957735258,69.5,1007.3
501,17,dt,loso,Farasan - SWCC,16.692097,42.098767,01-11-2020 00:00,4516.0,5777.2,1261.1999999999998,1261.1999999999998,1590625.4399999995,27.927369353410093,29.4,3.4,1890.4,4170.0,0.3119266055045872,74.2,1010.2
502,17,dt,loso,Farasan - SWCC,16.692097,42.098767,01-12-2020 00:00,4354.0,4470.6,116.60000000000036,116.60000000000036,13595.560000000085,2.677997243913651,27.8,3.5,1916.8,4141.7,0.31638194272509695,77.8,1011.4
503,17,dt,loso,Farasan - SWCC,16.692097,42.098767,01-01-2021 00:00,4412.1,4068.8,-343.3000000000002,343.3000000000002,117854.89000000013,7.78087532014234,26.3,3.6,2203.7,3635.5,0.3773975887107823,78.0,1011.7
504,17,dt,loso,Farasan - SWCC,16.692097,42.098767,01-02-2021 00:00,4754.9,4810.7,55.80000000000018,55.80000000000018,3113.6400000000203,1.1735262571242335,26.3,3.7,2326.4,3596.9,0.3927540391335911,77.0,1011.0
505,17,dt,loso,Farasan - SWCC,16.692097,42.098767,01-03-2021 00:00,6018.8,6392.7,373.89999999999964,373.89999999999964,139801.20999999973,6.212201767794238,28.1,3.5,2220.3,5150.2,0.3012414354521403,75.4,1008.6
506,17,dt,loso,Farasan - SWCC,16.692097,42.098767,01-04-2021 00:00,6227.9,5500.6,-727.2999999999993,727.2999999999993,528965.289999999,11.67809373946273,29.8,3.5,2461.4,4867.0,0.3358714043993232,72.9,1007.3
507,17,dt,loso,Farasan - SWCC,16.692097,42.098767,01-05-2021 00:00,6185.8,5083.3,-1102.5,1102.5,1215506.25,17.823078664036988,32.4,3.2,2516.2,4683.6,0.34948193005361256,70.1,1004.5
508,17,dt,loso,Farasan - SWCC,16.692097,42.098767,01-07-2021 00:00,5243.7,5168.4,-75.30000000000018,75.30000000000018,5670.090000000027,1.4360089249957126,33.9,4.5,3023.3,2656.4,0.5322992411571034,65.7,1001.0
509,17,dt,loso,Farasan - SWCC,16.692097,42.098767,01-08-2021 00:00,5280.7,5175.3,-105.39999999999964,105.39999999999964,11109.159999999923,1.9959475069592978,34.0,3.7,2857.8,2952.7,0.49183374924705275,69.8,1002.0
510,17,dt,loso,Farasan - SWCC,16.692097,42.098767,01-09-2021 00:00,5434.2,5653.7,219.5,219.5,48180.25,4.039233005778219,33.4,3.5,2661.9,3514.2,0.4310001457230291,72.5,1003.1
511,17,dt,loso,Farasan - SWCC,16.692097,42.098767,01-11-2021 00:00,4738.7,5228.0,489.3000000000002,489.3000000000002,239414.49000000017,10.325616730326887,30.0,2.8,1771.0,4685.4,0.2743014683105136,71.6,1009.6
512,17,dt,loso,Farasan - SWCC,16.692097,42.098767,01-12-2021 00:00,4203.0,4470.6,267.60000000000036,267.60000000000036,71609.7600000002,6.366880799428988,27.7,3.3,1834.2,4076.7,0.3103080749124499,76.0,1011.8
183,18,dt,loso,Hada Al Sham - KAU,21.80117,39.72854,01-01-2017 00:00,4408.1,4250.1,-158.0,158.0,24964.0,3.584310700755427,24.6,1.7,1576.4,4993.9,0.23992816157557498,61.0,987.8
184,18,dt,loso,Hada Al Sham - KAU,21.80117,39.72854,01-02-2017 00:00,4151.0,4364.7,213.69999999999982,213.69999999999982,45667.68999999992,5.148157070585397,24.0,2.8,2232.5,2989.1,0.42755094223992646,46.8,987.3
185,18,dt,loso,Hada Al Sham - KAU,21.80117,39.72854,01-03-2017 00:00,5374.8,4622.3,-752.5,752.5,566256.25,14.00052094961673,26.9,2.0,2605.2,3849.1,0.40363788482097207,50.7,983.8
186,18,dt,loso,Hada Al Sham - KAU,21.80117,39.72854,01-04-2017 00:00,5999.1,6547.2,548.0999999999995,548.0999999999995,300413.6099999994,9.136370455568326,31.7,2.1,2869.7,3937.6,0.42156214651917795,38.0,982.8
187,18,dt,loso,Hada Al Sham - KAU,21.80117,39.72854,01-05-2017 00:00,6750.0,6883.0,133.0,133.0,17689.0,1.9703703703703703,34.6,2.1,2984.3,4711.6,0.38777790771709614,33.4,981.4
188,18,dt,loso,Hada Al Sham - KAU,21.80117,39.72854,01-06-2017 00:00,7303.9,7416.9,113.0,113.0,12769.0,1.5471186626322924,35.2,2.0,2732.3,5928.5,0.3154789395898763,34.0,977.8
189,18,dt,loso,Hada Al Sham - KAU,21.80117,39.72854,01-09-2017 00:00,6183.4,6627.9,444.5,444.5,197580.25,7.188601740142964,35.3,2.3,2651.4,4646.0,0.3633348863978952,43.3,979.9
190,18,dt,loso,Hada Al Sham - KAU,21.80117,39.72854,01-10-2017 00:00,5780.6,5698.0,-82.60000000000036,82.60000000000036,6822.76000000006,1.4289174134172986,31.6,1.7,1732.9,6069.7,0.22209263578807065,49.6,983.2
191,18,dt,loso,Hada Al Sham - KAU,21.80117,39.72854,01-11-2017 00:00,4581.6,4634.7,53.099999999999454,53.099999999999454,2819.609999999942,1.1589837611314704,28.4,1.7,1667.8,4858.2,0.2555623659209317,57.2,985.6
192,18,dt,loso,Hada Al Sham - KAU,21.80117,39.72854,01-03-2018 00:00,6510.6,6500.1,-10.5,10.5,110.25,0.1612754584830891,28.2,2.0,2220.1,6090.5,0.2671407599932616,38.4,984.3
193,18,dt,loso,Hada Al Sham - KAU,21.80117,39.72854,01-04-2018 00:00,7066.7,6918.0,-148.69999999999982,148.69999999999982,22111.689999999944,2.104235357380387,29.6,2.1,2751.0,5662.1,0.32699005122963,35.2,982.2
194,18,dt,loso,Hada Al Sham - KAU,21.80117,39.72854,01-05-2018 00:00,7265.9,7070.3,-195.59999999999945,195.59999999999945,38259.35999999979,2.6920271404781166,33.9,2.5,3206.6,5161.2,0.38320705561796414,28.4,980.4
195,18,dt,loso,Hada Al Sham - KAU,21.80117,39.72854,01-06-2018 00:00,7274.0,7035.2,-238.80000000000018,238.80000000000018,57025.44000000009,3.282925488039595,35.1,2.4,3182.3,5201.8,0.37956369795207595,30.0,978.2
196,18,dt,loso,Hada Al Sham - KAU,21.80117,39.72854,01-07-2018 00:00,7251.2,7178.2,-73.0,73.0,5329.0,1.006729920564872,34.5,2.2,2989.0,5476.0,0.35310100413467216,30.4,978.4
197,18,dt,loso,Hada Al Sham - KAU,21.80117,39.72854,01-08-2018 00:00,6941.3,6950.1,8.800000000000182,8.800000000000182,77.4400000000032,0.1267774048089001,34.5,2.4,2558.4,5718.3,0.30910870274384716,35.0,978.6
198,18,dt,loso,Hada Al Sham - KAU,21.80117,39.72854,01-09-2018 00:00,6064.4,6627.9,563.5,563.5,317532.25,9.291933249785634,34.4,2.2,3019.6,3925.1,0.43480639912451224,48.7,980.2
199,18,dt,loso,Hada Al Sham - KAU,21.80117,39.72854,01-10-2018 00:00,5283.7,5214.2,-69.5,69.5,4830.25,1.3153661260101823,31.2,2.1,2017.2,4820.8,0.29499853758408895,45.6,984.2
200,18,dt,loso,Hada Al Sham - KAU,21.80117,39.72854,01-11-2018 00:00,3986.5,3692.9,-293.5999999999999,293.5999999999999,86200.95999999995,7.3648563903173185,26.0,1.7,1778.7,3773.0,0.32038834951456313,61.1,986.1
201,18,dt,loso,Hada Al Sham - KAU,21.80117,39.72854,01-12-2018 00:00,3945.8,3834.7,-111.10000000000036,111.10000000000036,12343.210000000081,2.8156520857620855,24.3,1.7,1787.3,3944.5,0.31182176628633235,58.4,988.0
202,18,dt,loso,Hada Al Sham - KAU,21.80117,39.72854,01-01-2019 00:00,4115.1,4019.8,-95.30000000000018,95.30000000000018,9082.090000000035,2.3158610969356803,23.8,1.8,1989.4,3655.1,0.3524492869164674,60.7,988.1
203,18,dt,loso,Hada Al Sham - KAU,21.80117,39.72854,01-02-2019 00:00,4777.5,4607.3,-170.19999999999982,170.19999999999982,28968.03999999994,3.562532705389845,24.0,2.3,2181.9,4078.1,0.34854632587859424,49.5,987.1
204,18,dt,loso,Hada Al Sham - KAU,21.80117,39.72854,01-03-2019 00:00,6230.3,6107.7,-122.60000000000036,122.60000000000036,15030.76000000009,1.9678025135226291,24.6,2.5,2349.6,5648.3,0.2937771164930794,41.6,985.8
205,18,dt,loso,Hada Al Sham - KAU,21.80117,39.72854,01-04-2019 00:00,6906.5,6893.6,-12.899999999999636,12.899999999999636,166.40999999999062,0.18678056902917015,29.1,2.3,2751.7,5575.1,0.3304630830571168,37.4,983.2
206,18,dt,loso,Hada Al Sham - KAU,21.80117,39.72854,01-05-2019 00:00,6841.2,7003.8,162.60000000000036,162.60000000000036,26438.76000000012,2.376776004209793,33.1,2.0,2958.4,4915.1,0.3757414110624246,35.9,981.4
207,18,dt,loso,Hada Al Sham - KAU,21.80117,39.72854,01-06-2019 00:00,6968.9,7695.9,727.0,727.0,528529.0,10.432062448880025,35.6,2.4,3095.0,4821.7,0.3909457223338007,28.9,978.8
208,18,dt,loso,Hada Al Sham - KAU,21.80117,39.72854,01-07-2019 00:00,7390.4,7665.1,274.7000000000007,274.7000000000007,75460.0900000004,3.716984195713368,34.8,2.2,2747.2,5982.0,0.3147138340283187,28.6,977.5
209,18,dt,loso,Hada Al Sham - KAU,21.80117,39.72854,01-08-2019 00:00,6803.0,7003.8,200.80000000000018,200.80000000000018,40320.64000000007,2.951638982801708,33.9,2.2,2516.4,5552.8,0.3118524760818916,41.9,979.3
210,18,dt,loso,Hada Al Sham - KAU,21.80117,39.72854,01-09-2019 00:00,6277.8,7003.8,726.0,726.0,527076.0,11.56456083341298,33.9,2.0,2587.3,4885.0,0.34625215797010295,42.5,979.5
211,18,dt,loso,Hada Al Sham - KAU,21.80117,39.72854,01-10-2019 00:00,5533.9,5254.1,-279.7999999999993,279.7999999999993,78288.03999999959,5.056108711758422,30.5,1.6,1940.5,5294.1,0.26822491913858404,55.3,983.7
212,18,dt,loso,Hada Al Sham - KAU,21.80117,39.72854,01-11-2019 00:00,4597.5,4634.7,37.19999999999982,37.19999999999982,1383.8399999999865,0.8091353996737318,27.5,1.6,1673.9,4939.0,0.253126464939739,53.8,985.0
213,18,dt,loso,Hada Al Sham - KAU,21.80117,39.72854,01-12-2019 00:00,4264.9,4327.0,62.100000000000364,62.100000000000364,3856.4100000000453,1.4560716546695203,24.1,2.2,1568.1,4959.9,0.24021139705882352,51.5,987.3
214,18,dt,loso,Hada Al Sham - KAU,21.80117,39.72854,01-01-2020 00:00,4793.9,5057.4,263.5,263.5,69432.25,5.496568555873089,21.1,2.6,1408.0,6102.4,0.18747337025990626,45.1,989.5
215,18,dt,loso,Hada Al Sham - KAU,21.80117,39.72854,01-02-2020 00:00,4873.9,4810.7,-63.19999999999982,63.19999999999982,3994.239999999977,1.296702845770324,23.2,1.9,2217.0,4158.9,0.3477156166188303,50.2,988.3
216,18,dt,loso,Hada Al Sham - KAU,21.80117,39.72854,01-03-2020 00:00,6432.5,6308.6,-123.89999999999964,123.89999999999964,15351.20999999991,1.9261562378546389,25.7,2.0,2599.8,5377.8,0.32588748495788206,42.3,984.6
217,18,dt,loso,Hada Al Sham - KAU,21.80117,39.72854,01-04-2020 00:00,7119.5,7354.2,234.69999999999982,234.69999999999982,55084.08999999992,3.296579815998312,28.8,1.8,2288.5,6487.8,0.26075908982145096,39.0,983.7
218,18,dt,loso,Hada Al Sham - KAU,21.80117,39.72854,01-05-2020 00:00,7050.0,6427.6,-622.3999999999996,622.3999999999996,387381.75999999954,8.828368794326236,33.2,1.9,2672.2,5689.8,0.3195646974408036,32.7,982.0
219,18,dt,loso,Hada Al Sham - KAU,21.80117,39.72854,01-09-2020 00:00,6392.7,6667.4,274.6999999999998,274.6999999999998,75460.0899999999,4.297088866988907,35.3,1.7,2400.9,5322.1,0.3108766023565972,39.7,979.1
220,18,dt,loso,Hada Al Sham - KAU,21.80117,39.72854,01-10-2020 00:00,6037.1,5871.0,-166.10000000000036,166.10000000000036,27589.21000000012,2.7513209984926594,32.1,1.9,1615.5,6810.4,0.1917302602689327,34.0,983.7
221,18,dt,loso,Hada Al Sham - KAU,21.80117,39.72854,01-11-2020 00:00,4634.0,4634.7,0.6999999999998181,0.6999999999998181,0.48999999999974536,0.015105740181264957,27.5,1.2,1625.3,5119.0,0.24098868674287915,56.3,986.2
222,18,dt,loso,Hada Al Sham - KAU,21.80117,39.72854,01-12-2020 00:00,4165.0,4176.4,11.399999999999636,11.399999999999636,129.9599999999917,0.2737094837935087,25.3,1.3,1731.9,4494.3,0.2781632456393948,51.3,987.1
223,18,dt,loso,Hada Al Sham - KAU,21.80117,39.72854,01-01-2021 00:00,4611.0,4348.2,-262.8000000000002,262.8000000000002,69063.8400000001,5.6994144437215395,24.0,1.8,1760.7,5016.3,0.2598052235502435,51.5,987.5
224,18,dt,loso,Hada Al Sham - KAU,21.80117,39.72854,01-02-2021 00:00,4965.1,5057.4,92.29999999999927,92.29999999999927,8519.289999999866,1.8589756500372454,23.6,1.9,1893.5,4859.5,0.2803938990078484,52.3,987.0
225,18,dt,loso,Hada Al Sham - KAU,21.80117,39.72854,01-03-2021 00:00,6314.5,6518.8,204.30000000000018,204.30000000000018,41738.49000000007,3.2354105629899466,27.5,1.6,2368.3,5520.5,0.30021042490619615,43.5,984.3
226,18,dt,loso,Hada Al Sham - KAU,21.80117,39.72854,01-04-2021 00:00,6643.7,6759.9,116.19999999999982,116.19999999999982,13502.439999999957,1.7490253924770809,30.1,1.8,2883.8,4884.1,0.3712457678394418,39.1,983.2
227,18,dt,loso,Hada Al Sham - KAU,21.80117,39.72854,01-05-2021 00:00,7513.3,7093.5,-419.8000000000002,419.8000000000002,176232.04000000015,5.587424966392932,33.2,1.6,2374.0,6797.4,0.2588481584054779,34.8,980.7
228,18,dt,loso,Hada Al Sham - KAU,21.80117,39.72854,01-07-2021 00:00,6766.8,6627.9,-138.90000000000055,138.90000000000055,19293.210000000152,2.052668912927832,34.3,2.0,3150.5,4548.7,0.4091983582709892,38.0,977.1
229,18,dt,loso,Hada Al Sham - KAU,21.80117,39.72854,01-08-2021 00:00,6800.4,6808.1,7.700000000000728,7.700000000000728,59.290000000011204,0.11322863360979836,35.3,1.8,2800.2,5117.3,0.35367224502683925,39.6,978.0
230,18,dt,loso,Hada Al Sham - KAU,21.80117,39.72854,01-09-2021 00:00,6135.9,6524.3,388.40000000000055,388.40000000000055,150854.56000000043,6.3299597451066765,33.5,1.6,2779.0,4433.0,0.3853300055463117,47.7,979.4
231,18,dt,loso,Hada Al Sham - KAU,21.80117,39.72854,01-10-2021 00:00,5756.3,5407.9,-348.40000000000055,348.40000000000055,121382.56000000038,6.052499001094462,31.8,1.4,1873.8,5781.3,0.24477799114315946,44.2,983.1
232,18,dt,loso,Hada Al Sham - KAU,21.80117,39.72854,01-11-2021 00:00,4633.4,5078.8,445.40000000000055,445.40000000000055,198381.1600000005,9.612811326455747,27.7,1.2,1433.6,5484.8,0.2072155411655874,50.8,985.4
233,18,dt,loso,Hada Al Sham - KAU,21.80117,39.72854,01-12-2021 00:00,4082.8,3834.7,-248.10000000000036,248.10000000000036,61553.61000000018,6.076712060350748,24.9,1.2,1664.7,4401.5,0.2744222083017375,53.1,987.4
1508,19,dt,loso,Hafar Al Batin - TVTC,28.33202,45.95708,01-01-2017 00:00,3902.6,3830.0,-72.59999999999991,72.59999999999991,5270.759999999987,1.8602982626966615,12.7,4.3,1535.2,4742.4,0.24455205811138017,43.6,973.2
1509,19,dt,loso,Hafar Al Batin - TVTC,28.33202,45.95708,01-02-2017 00:00,4710.6,5740.9,1030.2999999999993,1030.2999999999993,1061518.0899999985,21.871948371757295,12.3,4.4,1876.9,5046.3,0.27110295816963254,36.8,973.8
1510,19,dt,loso,Hafar Al Batin - TVTC,28.33202,45.95708,01-03-2017 00:00,5192.7,3901.3,-1291.3999999999996,1291.3999999999996,1667713.959999999,24.869528376374518,20.7,5.1,2670.1,3775.7,0.41423872909491455,40.2,967.8
1511,19,dt,loso,Hafar Al Batin - TVTC,28.33202,45.95708,01-04-2017 00:00,5980.1,6610.5,630.3999999999996,630.3999999999996,397404.15999999957,10.541629738633127,27.7,5.3,3244.6,3715.0,0.4662049543077188,25.5,967.4
1512,19,dt,loso,Hafar Al Batin - TVTC,28.33202,45.95708,01-05-2017 00:00,6822.1,6876.5,54.399999999999636,54.399999999999636,2959.3599999999606,0.7974084226264586,34.1,4.8,3760.3,3863.1,0.49325760159508886,17.2,964.0
1513,19,dt,loso,Hafar Al Batin - TVTC,28.33202,45.95708,01-06-2017 00:00,8093.5,8070.1,-23.399999999999636,23.399999999999636,547.559999999983,0.28912089948723835,37.2,5.5,2295.8,7768.6,0.22811096538293388,11.3,960.3
1514,19,dt,loso,Hafar Al Batin - TVTC,28.33202,45.95708,01-09-2017 00:00,6699.5,7016.5,317.0,317.0,100489.0,4.731696395253377,36.3,4.2,2163.1,6523.4,0.24901859206815172,12.1,963.1
1515,19,dt,loso,Hafar Al Batin - TVTC,28.33202,45.95708,01-10-2017 00:00,5477.1,5614.5,137.39999999999964,137.39999999999964,18878.7599999999,2.5086268280659403,29.6,4.5,1988.4,5629.1,0.2610305218247457,20.9,967.5
1516,19,dt,loso,Hafar Al Batin - TVTC,28.33202,45.95708,01-11-2017 00:00,4058.3,4759.5,701.1999999999998,701.1999999999998,491681.43999999977,17.278170662592707,21.0,4.1,1820.8,4263.4,0.29926695374905493,35.2,971.6
1517,19,dt,loso,Hafar Al Batin - TVTC,28.33202,45.95708,01-03-2018 00:00,5984.3,6647.4,663.0999999999995,663.0999999999995,439701.6099999993,11.080661063115143,23.6,4.4,2586.4,5077.5,0.3374783073891883,24.3,968.4
1518,19,dt,loso,Hafar Al Batin - TVTC,28.33202,45.95708,01-04-2018 00:00,6230.0,6333.4,103.39999999999964,103.39999999999964,10691.559999999925,1.6597110754414068,25.1,4.5,3517.5,3686.9,0.48824329576369996,36.1,965.4
1519,19,dt,loso,Hafar Al Batin - TVTC,28.33202,45.95708,01-05-2018 00:00,7129.9,6812.8,-317.09999999999945,317.09999999999945,100552.40999999965,4.447467706419437,31.6,4.3,3506.6,4693.5,0.42762893135449564,22.2,963.7
1520,19,dt,loso,Hafar Al Batin - TVTC,28.33202,45.95708,01-06-2018 00:00,7805.1,7850.1,45.0,45.0,2025.0,0.5765461044701542,36.0,6.1,3209.5,5972.5,0.3495425833151819,13.8,959.1
1521,19,dt,loso,Hafar Al Batin - TVTC,28.33202,45.95708,01-07-2018 00:00,7640.7,7704.7,64.0,64.0,4096.0,0.8376195898281572,37.0,6.6,2769.3,6397.1,0.3021142433234421,12.5,956.4
1522,19,dt,loso,Hafar Al Batin - TVTC,28.33202,45.95708,01-08-2018 00:00,7509.3,7449.2,-60.100000000000364,60.100000000000364,3612.010000000044,0.800340910604189,36.3,5.4,1881.0,7857.0,0.19316081330868762,13.9,958.2
1523,19,dt,loso,Hafar Al Batin - TVTC,28.33202,45.95708,01-09-2018 00:00,6395.5,6433.7,38.19999999999982,38.19999999999982,1459.2399999999861,0.5972949730279075,36.6,4.0,2380.7,5730.7,0.2935005054614493,13.1,963.0
1524,19,dt,loso,Hafar Al Batin - TVTC,28.33202,45.95708,01-10-2018 00:00,5214.2,6019.7,805.5,805.5,648830.25,15.448199148479153,28.5,4.0,2070.6,5040.5,0.2911785799665312,28.0,968.9
1525,19,dt,loso,Hafar Al Batin - TVTC,28.33202,45.95708,01-11-2018 00:00,3269.8,3147.4,-122.40000000000009,122.40000000000009,14981.760000000022,3.743348217016334,17.4,3.9,1705.9,3019.9,0.3609759194210504,78.1,972.2
1526,19,dt,loso,Hafar Al Batin - TVTC,28.33202,45.95708,01-12-2018 00:00,3483.6,3640.3,156.70000000000027,156.70000000000027,24554.890000000087,4.498220231943974,15.0,4.1,1556.9,3977.4,0.28131832390726924,66.6,973.8
1527,19,dt,loso,Hafar Al Batin - TVTC,28.33202,45.95708,01-02-2019 00:00,4466.5,5678.3,1211.8000000000002,1211.8000000000002,1468459.2400000005,27.13086309190642,14.4,4.3,1811.9,4751.4,0.2760653939329301,49.9,972.1
1528,19,dt,loso,Hafar Al Batin - TVTC,28.33202,45.95708,01-03-2019 00:00,5871.1,5568.1,-303.0,303.0,91809.0,5.1608727495699265,18.1,5.7,2266.7,5595.6,0.28829986136372304,34.5,968.5
1529,19,dt,loso,Hafar Al Batin - TVTC,28.33202,45.95708,01-04-2019 00:00,6712.2,6665.8,-46.399999999999636,46.399999999999636,2152.9599999999664,0.6912785673847567,23.8,4.9,2708.0,5520.2,0.32911207797574193,30.9,966.9
1530,19,dt,loso,Hafar Al Batin - TVTC,28.33202,45.95708,01-05-2019 00:00,7069.7,7095.6,25.900000000000546,25.900000000000546,670.8100000000283,0.36635217901750494,32.8,4.4,3250.1,4945.1,0.396585806325654,17.4,964.2
1531,19,dt,loso,Hafar Al Batin - TVTC,28.33202,45.95708,01-06-2019 00:00,8091.9,8070.1,-21.799999999999272,21.799999999999272,475.2399999999683,0.26940520767680365,37.6,5.1,2219.0,7868.3,0.21997957828160164,11.3,960.2
1532,19,dt,loso,Hafar Al Batin - TVTC,28.33202,45.95708,01-07-2019 00:00,8045.2,7668.3,-376.89999999999964,376.89999999999964,142053.60999999972,4.684780987421067,37.1,5.7,1892.6,8414.4,0.18362278063452023,12.4,956.9
1533,19,dt,loso,Hafar Al Batin - TVTC,28.33202,45.95708,01-08-2019 00:00,7512.5,7566.4,53.899999999999636,53.899999999999636,2905.209999999961,0.7174708818635559,37.1,5.8,2008.3,7588.7,0.20926331145149527,12.1,958.2
1534,19,dt,loso,Hafar Al Batin - TVTC,28.33202,45.95708,01-09-2019 00:00,6538.0,6073.3,-464.6999999999998,464.6999999999998,215946.08999999982,7.107678189048635,35.7,3.8,1896.7,6757.5,0.21916526079822513,14.8,962.5
1535,19,dt,loso,Hafar Al Batin - TVTC,28.33202,45.95708,01-10-2019 00:00,4904.8,6008.7,1103.8999999999996,1103.8999999999996,1218595.2099999993,22.50652422117109,29.7,4.0,2146.8,4383.0,0.32876964072406506,32.7,967.1
1536,19,dt,loso,Hafar Al Batin - TVTC,28.33202,45.95708,01-11-2019 00:00,3795.8,3885.5,89.69999999999982,89.69999999999982,8046.089999999967,2.363138205384894,19.4,3.7,1668.2,4093.0,0.289557731028258,46.4,971.4
1537,19,dt,loso,Hafar Al Batin - TVTC,28.33202,45.95708,01-12-2019 00:00,3700.1,3644.8,-55.29999999999973,55.29999999999973,3058.0899999999697,1.494554201237797,14.5,4.5,1121.3,5525.4,0.16870025727052523,52.2,972.1
1538,19,dt,loso,Hafar Al Batin - TVTC,28.33202,45.95708,01-01-2020 00:00,4174.6,4761.4,586.7999999999993,586.7999999999993,344334.2399999991,14.056436544818645,12.1,4.8,1183.7,6099.9,0.1625157888956011,45.0,972.7
1539,19,dt,loso,Hafar Al Batin - TVTC,28.33202,45.95708,01-02-2020 00:00,4878.4,5568.1,689.7000000000007,689.7000000000007,475686.090000001,14.137832076090536,15.4,5.4,1817.0,5455.0,0.24986248624862487,36.6,971.9
1540,19,dt,loso,Hafar Al Batin - TVTC,28.33202,45.95708,01-03-2020 00:00,5863.8,6069.7,205.89999999999964,205.89999999999964,42394.80999999985,3.5113748763600334,19.9,5.3,2339.1,5400.9,0.3022093023255814,33.9,967.6
1541,19,dt,loso,Hafar Al Batin - TVTC,28.33202,45.95708,01-04-2020 00:00,6630.8,6566.1,-64.69999999999982,64.69999999999982,4186.0899999999765,0.9757495324847651,25.9,4.9,3014.2,5000.1,0.3761027163944449,27.8,965.5
1542,19,dt,loso,Hafar Al Batin - TVTC,28.33202,45.95708,01-05-2020 00:00,7335.8,7125.3,-210.5,210.5,44310.25,2.869489353581068,31.5,4.8,3154.7,5501.1,0.3644608239561912,16.4,964.7
1543,19,dt,loso,Hafar Al Batin - TVTC,28.33202,45.95708,01-09-2020 00:00,6631.2,7483.7,852.5,852.5,726756.25,12.855893352636025,35.5,4.0,1854.5,7033.9,0.20864272534989425,12.4,962.4
1544,19,dt,loso,Hafar Al Batin - TVTC,28.33202,45.95708,01-10-2020 00:00,5695.4,5977.3,281.90000000000055,281.90000000000055,79467.6100000003,4.9496084559469145,27.2,3.1,1214.4,7657.2,0.13688624374408223,16.8,968.7
1545,19,dt,loso,Hafar Al Batin - TVTC,28.33202,45.95708,01-11-2020 00:00,3830.6,4096.6,266.00000000000045,266.00000000000045,70756.00000000025,6.944081867070445,20.3,4.4,1696.9,4056.9,0.2949181410546074,47.0,970.9
1546,19,dt,loso,Hafar Al Batin - TVTC,28.33202,45.95708,01-12-2020 00:00,3067.8,3067.4,-0.40000000000009095,0.40000000000009095,0.16000000000007275,0.013038659625793432,13.5,3.1,1335.2,3665.1,0.26702397856128635,65.9,974.4
1547,19,dt,loso,Hafar Al Batin - TVTC,28.33202,45.95708,01-01-2021 00:00,3939.0,3774.5,-164.5,164.5,27060.25,4.176186849454176,13.3,3.4,1482.7,4943.7,0.2307201543632516,43.7,974.3
1548,19,dt,loso,Hafar Al Batin - TVTC,28.33202,45.95708,01-02-2021 00:00,4359.8,3949.1,-410.7000000000003,410.7000000000003,168674.49000000022,9.420156887930645,15.5,4.1,1756.2,4525.7,0.27956509973097315,47.8,972.5
1549,19,dt,loso,Hafar Al Batin - TVTC,28.33202,45.95708,01-03-2021 00:00,5652.9,6069.7,416.8000000000002,416.8000000000002,173722.24000000017,7.373206672681282,21.2,5.0,2619.0,4537.6,0.3659559008467708,26.9,968.6
1550,19,dt,loso,Hafar Al Batin - TVTC,28.33202,45.95708,01-04-2021 00:00,6570.6,6626.1,55.5,55.5,3080.25,0.8446717194776733,27.8,4.7,2763.5,5212.9,0.3464595556892834,17.3,967.3
1551,19,dt,loso,Hafar Al Batin - TVTC,28.33202,45.95708,01-05-2021 00:00,7198.4,7248.4,50.0,50.0,2500.0,0.6945987997332741,34.0,4.2,2706.7,5982.7,0.31149446451998986,12.9,962.4
1552,19,dt,loso,Hafar Al Batin - TVTC,28.33202,45.95708,01-07-2021 00:00,7820.6,7742.5,-78.10000000000036,78.10000000000036,6099.610000000057,0.9986446052732573,39.4,4.5,2191.7,7567.2,0.22458473803399973,12.5,956.0
1553,19,dt,loso,Hafar Al Batin - TVTC,28.33202,45.95708,01-08-2021 00:00,7351.9,7504.7,152.80000000000018,152.80000000000018,23347.840000000055,2.078374297800571,37.9,4.0,2074.4,7244.1,0.2226109352363578,13.2,958.8
1554,19,dt,loso,Hafar Al Batin - TVTC,28.33202,45.95708,01-09-2021 00:00,6662.7,7648.0,985.3000000000002,985.3000000000002,970816.0900000003,14.78829903792757,33.6,4.1,1649.2,7565.5,0.17897489880299955,15.7,962.5
1555,19,dt,loso,Hafar Al Batin - TVTC,28.33202,45.95708,01-10-2021 00:00,5328.4,5614.5,286.10000000000036,286.10000000000036,81853.21000000021,5.369341641017948,29.2,3.6,1722.6,5921.6,0.22534732215274322,20.3,968.0
1556,19,dt,loso,Hafar Al Batin - TVTC,28.33202,45.95708,01-11-2021 00:00,4208.3,4507.6,299.3000000000002,299.3000000000002,89580.4900000001,7.11213554166766,20.6,3.8,1460.7,5313.9,0.2156142060047826,32.2,971.0
1557,19,dt,loso,Hafar Al Batin - TVTC,28.33202,45.95708,01-12-2021 00:00,3209.2,3527.3,318.10000000000036,318.10000000000036,101187.61000000023,9.912127633054979,14.3,3.7,1624.8,3357.8,0.32609480993858625,48.7,973.2
1371,20,dt,loso,Hagl - SWCC,29.28997,34.93002,01-01-2017 00:00,3583.5,3772.3,188.80000000000018,188.80000000000018,35645.44000000007,5.268592158504261,16.9,6.9,1209.4,4966.8,0.1958161976619928,50.7,1015.9
1372,20,dt,loso,Hagl - SWCC,29.28997,34.93002,01-02-2017 00:00,4743.2,4818.4,75.19999999999982,75.19999999999982,5655.039999999973,1.5854275594535296,17.7,6.5,1326.0,6195.3,0.1762993099597144,45.7,1016.2
1373,20,dt,loso,Hagl - SWCC,29.28997,34.93002,01-03-2017 00:00,5558.3,5678.3,120.0,120.0,14400.0,2.1589334868574923,21.3,6.1,1606.2,6199.7,0.20576743232682973,50.5,1010.3
1374,20,dt,loso,Hagl - SWCC,29.28997,34.93002,01-04-2017 00:00,6497.3,7047.2,549.8999999999996,549.8999999999996,302390.0099999996,8.46351561417819,24.9,6.7,2098.2,6201.1,0.25281650259660454,47.1,1010.0
1375,20,dt,loso,Hagl - SWCC,29.28997,34.93002,01-05-2017 00:00,7248.7,7309.1,60.400000000000546,60.400000000000546,3648.160000000066,0.8332528591333694,27.9,6.1,1730.9,7562.2,0.18625646985397767,46.4,1008.0
1376,20,dt,loso,Hagl - SWCC,29.28997,34.93002,01-06-2017 00:00,7480.6,7363.8,-116.80000000000018,116.80000000000018,13642.240000000042,1.5613720824532815,29.7,7.3,1297.0,8543.8,0.13179822778635883,49.7,1005.2
1377,20,dt,loso,Hagl - SWCC,29.28997,34.93002,01-09-2017 00:00,6280.5,5978.9,-301.60000000000036,301.60000000000036,90962.56000000022,4.802165432688486,29.5,7.6,1554.4,7044.8,0.180761001023351,60.7,1006.9
1378,20,dt,loso,Hagl - SWCC,29.28997,34.93002,01-10-2017 00:00,5308.3,5571.5,263.1999999999998,263.1999999999998,69274.2399999999,4.958272893393362,26.5,6.7,1177.5,7072.0,0.14273592338929633,57.8,1010.4
1379,20,dt,loso,Hagl - SWCC,29.28997,34.93002,01-11-2017 00:00,4213.1,4551.5,338.39999999999964,338.39999999999964,114514.55999999975,8.03209038475231,22.7,6.9,1172.9,6017.5,0.16312027147307523,55.3,1012.8
1380,20,dt,loso,Hagl - SWCC,29.28997,34.93002,01-03-2018 00:00,6067.1,6509.7,442.59999999999945,442.59999999999945,195894.7599999995,7.2950833182245125,23.4,6.1,1877.6,6505.4,0.2239770965048312,43.1,1010.2
1381,20,dt,loso,Hagl - SWCC,29.28997,34.93002,01-04-2018 00:00,6662.6,6516.1,-146.5,146.5,21462.25,2.198841293188845,24.8,5.9,2386.5,5939.1,0.2866460074949553,44.6,1008.0
1382,20,dt,loso,Hagl - SWCC,29.28997,34.93002,01-05-2018 00:00,6864.1,7092.1,228.0,228.0,51984.0,3.3216299296338923,29.3,4.9,2875.1,5215.4,0.3553674062171683,42.7,1005.5
1383,20,dt,loso,Hagl - SWCC,29.28997,34.93002,01-06-2018 00:00,7953.3,7742.1,-211.19999999999982,211.19999999999982,44605.43999999992,2.6555014899475666,30.3,6.8,1845.1,8272.2,0.18237079062595749,46.0,1004.5
1384,20,dt,loso,Hagl - SWCC,29.28997,34.93002,01-07-2018 00:00,7799.3,7711.6,-87.69999999999982,87.69999999999982,7691.289999999968,1.1244598874257923,31.4,5.3,1649.4,8439.4,0.16348822456585524,47.3,1002.7
1385,20,dt,loso,Hagl - SWCC,29.28997,34.93002,01-08-2018 00:00,7365.1,7342.3,-22.800000000000182,22.800000000000182,519.8400000000083,0.30956809819283077,31.2,7.0,1215.1,8765.8,0.12174252822891722,52.4,1003.6
1386,20,dt,loso,Hagl - SWCC,29.28997,34.93002,01-09-2018 00:00,6092.9,5569.3,-523.5999999999995,523.5999999999995,274156.95999999944,8.593608954684953,29.9,7.8,1860.6,6244.5,0.22955916645075322,54.5,1006.4
1387,20,dt,loso,Hagl - SWCC,29.28997,34.93002,01-10-2018 00:00,5005.6,5078.8,73.19999999999982,73.19999999999982,5358.239999999973,1.4623621543870826,27.4,6.5,1624.0,5618.9,0.2242195805547502,54.2,1010.0
1388,20,dt,loso,Hagl - SWCC,29.28997,34.93002,01-11-2018 00:00,4118.3,4328.8,210.5,210.5,44310.25,5.111332345870869,23.5,5.7,1182.7,5706.6,0.17167201312179758,50.7,1011.9
1389,20,dt,loso,Hagl - SWCC,29.28997,34.93002,01-12-2018 00:00,3741.9,3974.1,232.19999999999982,232.19999999999982,53916.83999999992,6.205403671931366,19.4,5.5,994.5,5997.1,0.1422421191143658,48.5,1015.3
1390,20,dt,loso,Hagl - SWCC,29.28997,34.93002,01-01-2019 00:00,3689.0,3847.4,158.4000000000001,158.4000000000001,25090.56000000003,4.293846570886421,17.9,4.6,1455.0,4569.2,0.24152584575545302,44.6,1014.3
1391,20,dt,loso,Hagl - SWCC,29.28997,34.93002,01-02-2019 00:00,4761.4,4472.2,-289.1999999999998,289.1999999999998,83636.6399999999,6.073843827445706,18.8,5.2,1379.3,6049.8,0.18566178944959685,45.7,1014.3
1392,20,dt,loso,Hagl - SWCC,29.28997,34.93002,01-03-2019 00:00,5880.7,6392.0,511.3000000000002,511.3000000000002,261427.69000000018,8.694543166629828,20.0,5.6,1746.0,6498.0,0.21179039301310043,45.0,1012.4
1393,20,dt,loso,Hagl - SWCC,29.28997,34.93002,01-04-2019 00:00,6665.1,6148.7,-516.4000000000005,516.4000000000005,266668.96000000054,7.747820737873408,23.0,6.0,2146.5,6370.0,0.25204015734163093,44.9,1010.3
1394,20,dt,loso,Hagl - SWCC,29.28997,34.93002,01-05-2019 00:00,7078.2,7119.5,41.30000000000018,41.30000000000018,1705.690000000015,0.5834816761323527,28.3,5.8,2163.4,6630.6,0.2460086422560837,40.5,1007.0
1395,20,dt,loso,Hagl - SWCC,29.28997,34.93002,01-06-2019 00:00,7575.9,7745.1,169.20000000000073,169.20000000000073,28628.640000000247,2.233398012117382,30.6,5.4,1772.0,7819.5,0.1847469113277381,47.5,1005.0
1396,20,dt,loso,Hagl - SWCC,29.28997,34.93002,01-07-2019 00:00,7943.0,7879.6,-63.399999999999636,63.399999999999636,4019.559999999954,0.7981870829661292,31.4,5.9,1405.7,9070.0,0.13418673692450145,47.4,1002.5
1397,20,dt,loso,Hagl - SWCC,29.28997,34.93002,01-08-2019 00:00,7335.0,7363.8,28.800000000000182,28.800000000000182,829.4400000000105,0.3926380368098184,31.8,5.1,1369.2,8400.7,0.14014473024288884,50.6,1003.6
1398,20,dt,loso,Hagl - SWCC,29.28997,34.93002,01-09-2019 00:00,6414.9,6346.5,-68.39999999999964,68.39999999999964,4678.55999999995,1.0662675957536305,29.3,7.6,1303.6,7710.3,0.14462108521283795,57.5,1006.0
1399,20,dt,loso,Hagl - SWCC,29.28997,34.93002,01-10-2019 00:00,5094.8,4818.4,-276.40000000000055,276.40000000000055,76396.9600000003,5.425139357776567,27.3,6.3,1307.9,6387.8,0.16995205114544484,56.2,1009.2
1400,20,dt,loso,Hagl - SWCC,29.28997,34.93002,01-11-2019 00:00,4235.4,4389.4,154.0,154.0,23716.0,3.6360202106058463,24.5,5.1,1197.9,5960.9,0.16733251382913342,44.3,1011.4
1401,20,dt,loso,Hagl - SWCC,29.28997,34.93002,01-12-2019 00:00,3858.7,4424.3,565.6000000000004,565.6000000000004,319903.3600000004,14.657786301085867,19.7,4.3,967.5,6272.7,0.1336289052788597,44.5,1014.8
1402,20,dt,loso,Hagl - SWCC,29.28997,34.93002,01-01-2020 00:00,3731.0,3700.1,-30.90000000000009,30.90000000000009,954.8100000000056,0.828196194049855,16.7,4.4,1121.0,5386.5,0.17226277372262774,47.9,1017.4
1403,20,dt,loso,Hagl - SWCC,29.28997,34.93002,01-02-2020 00:00,4778.0,4364.7,-413.3000000000002,413.3000000000002,170816.89000000016,8.650062787777317,18.1,4.6,1219.8,6475.9,0.1585040996920358,51.2,1015.7
1404,20,dt,loso,Hagl - SWCC,29.28997,34.93002,01-03-2020 00:00,5607.3,4710.6,-896.6999999999998,896.6999999999998,804070.8899999997,15.991653737092715,20.7,4.7,1968.0,5681.5,0.2572717171056932,50.0,1010.5
1405,20,dt,loso,Hagl - SWCC,29.28997,34.93002,01-04-2020 00:00,6767.8,6148.7,-619.1000000000004,619.1000000000004,383284.81000000046,9.14772895180118,23.5,6.0,2123.8,6580.8,0.24398593846931507,49.7,1009.2
1406,20,dt,loso,Hagl - SWCC,29.28997,34.93002,01-05-2020 00:00,7163.3,6647.1,-516.1999999999998,516.1999999999998,266462.4399999998,7.206175924504067,27.5,5.8,1935.2,7163.8,0.2126827123859765,43.3,1008.0
1407,20,dt,loso,Hagl - SWCC,29.28997,34.93002,01-09-2020 00:00,6086.8,5569.3,-517.5,517.5,267806.25,8.502004337254386,32.1,6.5,1840.4,6202.2,0.22883147240941984,52.7,1004.9
1408,20,dt,loso,Hagl - SWCC,29.28997,34.93002,01-10-2020 00:00,5200.8,5632.0,431.1999999999998,431.1999999999998,185933.43999999986,8.291032148900165,28.9,5.8,1280.4,6602.2,0.1624337147641641,55.2,1009.6
1409,20,dt,loso,Hagl - SWCC,29.28997,34.93002,01-11-2020 00:00,4228.7,4818.4,589.6999999999998,589.6999999999998,347746.0899999998,13.945184099132119,23.7,5.4,1018.4,6326.1,0.13866158349785554,50.6,1012.3
1410,20,dt,loso,Hagl - SWCC,29.28997,34.93002,01-12-2020 00:00,3585.6,3586.5,0.900000000000091,0.900000000000091,0.8100000000001637,0.02510040160642824,21.0,5.4,1127.8,5298.5,0.17549756469508113,49.1,1014.0
1411,20,dt,loso,Hagl - SWCC,29.28997,34.93002,01-01-2021 00:00,3970.8,3586.5,-384.3000000000002,384.3000000000002,147686.49000000014,9.678150498640077,19.8,5.7,1159.1,5757.5,0.16758233814301823,45.2,1015.0
1412,20,dt,loso,Hagl - SWCC,29.28997,34.93002,01-02-2021 00:00,4891.3,5247.7,356.39999999999964,356.39999999999964,127020.95999999974,7.28640647680575,19.8,5.9,1226.0,6526.8,0.15813641523062635,49.4,1014.2
1413,20,dt,loso,Hagl - SWCC,29.28997,34.93002,01-03-2021 00:00,6155.0,5763.4,-391.60000000000036,391.60000000000036,153350.5600000003,6.362307067424863,21.1,6.9,1819.4,6718.9,0.21308691425693643,46.2,1012.2
1414,20,dt,loso,Hagl - SWCC,29.28997,34.93002,01-04-2021 00:00,7286.0,7324.1,38.100000000000364,38.100000000000364,1451.6100000000276,0.5229206697776607,24.8,6.5,1940.6,7505.9,0.2054305827555179,41.6,1010.7
1415,20,dt,loso,Hagl - SWCC,29.28997,34.93002,01-05-2021 00:00,7801.4,7896.1,94.70000000000073,94.70000000000073,8968.090000000138,1.2138846873638158,29.1,5.5,1874.0,8142.2,0.18709690301711226,41.3,1006.8
1416,20,dt,loso,Hagl - SWCC,29.28997,34.93002,01-07-2021 00:00,7859.4,7363.8,-495.59999999999945,495.59999999999945,245619.35999999946,6.305824872127637,31.6,4.9,1346.5,9040.0,0.12963943580609444,47.4,1001.9
1417,20,dt,loso,Hagl - SWCC,29.28997,34.93002,01-08-2021 00:00,7092.8,7509.3,416.5,416.5,173472.25,5.8721520415068795,32.2,5.0,1620.8,7617.8,0.17543783690169504,50.8,1003.0
1418,20,dt,loso,Hagl - SWCC,29.28997,34.93002,01-09-2021 00:00,6335.6,6346.5,10.899999999999636,10.899999999999636,118.80999999999207,0.17204368962686462,29.5,3.8,1365.9,7494.1,0.1541647855530474,53.8,1006.6
1419,20,dt,loso,Hagl - SWCC,29.28997,34.93002,01-10-2021 00:00,5029.6,4530.7,-498.90000000000055,498.90000000000055,248901.21000000054,9.919277874980127,26.9,0.0,1368.1,6158.4,0.1817710755331163,55.8,1010.4
1420,20,dt,loso,Hagl - SWCC,29.28997,34.93002,01-11-2021 00:00,4057.2,4316.6,259.40000000000055,259.40000000000055,67288.36000000028,6.393571921522245,24.3,0.0,1119.1,5762.7,0.16261733848702375,50.2,1012.2
1421,20,dt,loso,Hagl - SWCC,29.28997,34.93002,01-12-2021 00:00,3391.2,3531.3,140.10000000000036,140.10000000000036,19628.0100000001,4.131280962491164,19.7,0.0,1366.7,4299.0,0.2412235028328362,47.9,1014.6
309,21,dt,loso,Hail - TVTC,27.65261,41.70826,01-01-2017 00:00,4169.5,3948.7,-220.80000000000018,220.80000000000018,48752.64000000008,5.295598992684979,12.2,3.4,1329.8,5620.2,0.19133812949640286,35.6,912.4
310,21,dt,loso,Hail - TVTC,27.65261,41.70826,01-02-2017 00:00,5086.2,4885.0,-201.19999999999982,201.19999999999982,40481.43999999993,3.9558019739687746,10.8,3.5,1599.7,6100.3,0.20775324675324675,28.4,912.7
311,21,dt,loso,Hail - TVTC,27.65261,41.70826,01-03-2017 00:00,5446.5,5111.7,-334.8000000000002,334.8000000000002,112091.04000000012,6.147066923712479,18.1,3.8,2366.2,4584.1,0.34044573615527385,28.3,908.3
312,21,dt,loso,Hail - TVTC,27.65261,41.70826,01-04-2017 00:00,5863.9,6331.3,467.40000000000055,467.40000000000055,218462.7600000005,7.970804413444988,23.9,4.0,2984.1,3896.2,0.4337165530572795,20.2,909.6
313,21,dt,loso,Hail - TVTC,27.65261,41.70826,01-05-2017 00:00,6227.4,6581.4,354.0,354.0,125316.0,5.684555352153387,29.0,3.4,3023.5,4219.2,0.41745481657392963,14.9,907.7
314,21,dt,loso,Hail - TVTC,27.65261,41.70826,01-09-2017 00:00,6546.0,6612.8,66.80000000000018,66.80000000000018,4462.240000000024,1.0204705163458627,32.6,3.0,2359.7,5922.3,0.28491910166626416,9.2,907.7
315,21,dt,loso,Hail - TVTC,27.65261,41.70826,01-10-2017 00:00,5714.3,5433.4,-280.90000000000055,280.90000000000055,78904.8100000003,4.9157377106557325,26.8,3.1,1668.9,6630.7,0.2010819798544508,14.4,909.5
316,21,dt,loso,Hail - TVTC,27.65261,41.70826,01-11-2017 00:00,4206.8,3944.8,-262.0,262.0,68644.0,6.228011790434534,19.1,3.5,1758.8,4498.5,0.28107969891167117,37.9,911.7
317,21,dt,loso,Hail - TVTC,27.65261,41.70826,01-03-2018 00:00,6241.9,6230.3,-11.599999999999454,11.599999999999454,134.55999999998733,0.18584084974125595,22.4,3.5,2453.4,5651.8,0.30269456645116716,19.7,909.8
318,21,dt,loso,Hail - TVTC,27.65261,41.70826,01-04-2018 00:00,6813.9,6665.8,-148.09999999999945,148.09999999999945,21933.609999999837,2.1734982902596083,22.3,3.7,2866.1,5310.2,0.3505375292002495,31.2,907.1
319,21,dt,loso,Hail - TVTC,27.65261,41.70826,01-05-2018 00:00,6997.7,6784.3,-213.39999999999964,213.39999999999964,45539.559999999845,3.0495734312702694,27.9,3.5,3265.7,4853.3,0.4022293385884961,19.1,907.0
320,21,dt,loso,Hail - TVTC,27.65261,41.70826,01-06-2018 00:00,8237.7,8361.9,124.19999999999891,124.19999999999891,15425.639999999728,1.5077023926581314,32.6,3.2,2404.7,7785.7,0.23597699795886323,11.1,904.9
321,21,dt,loso,Hail - TVTC,27.65261,41.70826,01-07-2018 00:00,8175.3,8347.3,171.9999999999991,171.9999999999991,29583.999999999687,2.103898327890097,33.5,3.0,2293.6,7876.0,0.22553492762743862,11.3,903.1
322,21,dt,loso,Hail - TVTC,27.65261,41.70826,01-09-2018 00:00,6236.9,6637.8,400.90000000000055,400.90000000000055,160720.81000000043,6.427872821433735,33.6,2.7,2592.3,5069.1,0.3383585245516485,10.2,907.7
323,21,dt,loso,Hail - TVTC,27.65261,41.70826,01-11-2018 00:00,3453.8,3692.9,239.0999999999999,239.0999999999999,57168.809999999954,6.922809658926397,16.0,3.4,1609.1,3496.3,0.3151760880636189,67.2,912.0
324,21,dt,loso,Hail - TVTC,27.65261,41.70826,01-12-2018 00:00,3842.0,4232.3,390.3000000000002,390.3000000000002,152334.09000000014,10.15877147319105,14.2,3.7,1358.8,5098.9,0.21041547300122335,52.8,913.2
325,21,dt,loso,Hail - TVTC,27.65261,41.70826,01-01-2019 00:00,3652.9,3067.8,-585.0999999999999,585.0999999999999,342342.0099999999,16.0174108242766,13.9,3.6,1815.2,3568.0,0.3371972061227523,39.3,911.7
326,21,dt,loso,Hail - TVTC,27.65261,41.70826,01-02-2019 00:00,4848.6,4930.5,81.89999999999964,81.89999999999964,6707.609999999941,1.689147382749652,13.5,3.5,1713.1,5424.7,0.24000392277732635,41.7,911.5
327,21,dt,loso,Hail - TVTC,27.65261,41.70826,01-03-2019 00:00,6418.6,5470.3,-948.3000000000002,948.3000000000002,899272.8900000004,14.774249836412928,15.9,3.7,1872.9,7074.5,0.20932337885866287,27.6,909.2
328,21,dt,loso,Hail - TVTC,27.65261,41.70826,01-04-2019 00:00,6834.9,5422.8,-1412.0999999999995,1412.0999999999995,1994026.4099999985,20.660141333450373,20.7,3.5,2247.6,6405.1,0.2597570700474996,23.6,908.6
329,21,dt,loso,Hail - TVTC,27.65261,41.70826,01-05-2019 00:00,6724.6,6965.7,241.09999999999945,241.09999999999945,58129.20999999974,3.5853433661481637,29.3,3.5,2655.1,5407.0,0.3293310675878493,14.8,907.8
330,21,dt,loso,Hail - TVTC,27.65261,41.70826,01-07-2019 00:00,8184.0,8199.1,15.100000000000364,15.100000000000364,228.010000000011,0.18450635386119701,33.7,3.1,1864.7,8552.2,0.17900719023893863,10.2,903.2
331,21,dt,loso,Hail - TVTC,27.65261,41.70826,01-08-2019 00:00,7644.2,8361.9,717.6999999999998,717.6999999999998,515093.28999999975,9.388817665681168,33.2,3.3,1908.1,7915.6,0.1942343516190437,11.1,904.4
332,21,dt,loso,Hail - TVTC,27.65261,41.70826,01-09-2019 00:00,6659.0,6828.0,169.0,169.0,28561.0,2.537918606397357,33.0,3.0,2017.6,6718.7,0.23094445016769113,11.4,906.6
333,21,dt,loso,Hail - TVTC,27.65261,41.70826,01-10-2019 00:00,5007.4,5447.3,439.90000000000055,439.90000000000055,193512.01000000047,8.784998202660073,27.4,2.8,1944.4,4869.2,0.28537043559938946,24.9,909.9
334,21,dt,loso,Hail - TVTC,27.65261,41.70826,01-11-2019 00:00,4172.4,4047.2,-125.19999999999982,125.19999999999982,15675.039999999954,3.000671076598596,18.1,3.3,1514.5,4990.9,0.2328065914471055,44.6,911.9
335,21,dt,loso,Hail - TVTC,27.65261,41.70826,01-12-2019 00:00,4280.9,4424.3,143.40000000000055,143.40000000000055,20563.560000000158,3.3497629003247114,13.8,3.0,973.4,6996.3,0.1221375961454007,39.3,912.0
336,21,dt,loso,Hail - TVTC,27.65261,41.70826,01-01-2020 00:00,4555.6,4804.9,249.29999999999927,249.29999999999927,62150.489999999634,5.4723856352620786,10.4,3.3,1023.4,7158.7,0.1250779139829628,36.5,912.6
337,21,dt,loso,Hail - TVTC,27.65261,41.70826,01-02-2020 00:00,5484.9,5422.8,-62.099999999999454,62.099999999999454,3856.409999999932,1.1321993108351922,13.9,3.7,1484.5,7092.4,0.17308118317807134,33.9,911.9
338,21,dt,loso,Hail - TVTC,27.65261,41.70826,01-03-2020 00:00,6371.4,6023.0,-348.39999999999964,348.39999999999964,121382.55999999975,5.468185955990829,18.4,4.0,2168.0,6380.4,0.25361471152496373,26.2,908.6
339,21,dt,loso,Hail - TVTC,27.65261,41.70826,01-04-2020 00:00,7199.2,7289.3,90.10000000000036,90.10000000000036,8118.010000000066,1.2515279475497327,22.9,3.9,2498.0,6482.3,0.2781644265781767,24.9,907.6
340,21,dt,loso,Hail - TVTC,27.65261,41.70826,01-05-2020 00:00,7321.9,7466.7,144.80000000000018,144.80000000000018,20967.04000000005,1.97762875756293,28.9,3.6,2969.7,5666.2,0.3438784608436874,13.3,908.3
341,21,dt,loso,Hail - TVTC,27.65261,41.70826,01-09-2020 00:00,6805.0,6828.0,23.0,23.0,529.0,0.33798677443056574,32.5,2.8,1980.6,7021.5,0.22001532975639015,8.9,907.5
342,21,dt,loso,Hail - TVTC,27.65261,41.70826,01-10-2020 00:00,5948.5,5985.7,37.19999999999982,37.19999999999982,1383.8399999999865,0.6253677397663246,25.6,2.5,1173.5,8055.1,0.1271590490431918,11.7,911.6
343,21,dt,loso,Hail - TVTC,27.65261,41.70826,01-11-2020 00:00,4203.6,3944.8,-258.8000000000002,258.8000000000002,66977.44000000009,6.156627652488347,18.9,3.4,1584.9,4907.3,0.24412371769199961,43.5,911.6
344,21,dt,loso,Hail - TVTC,27.65261,41.70826,01-12-2020 00:00,3597.5,3830.0,232.5,232.5,54056.25,6.4628214037526055,13.6,3.4,1356.6,4611.2,0.2273199504004826,52.0,913.3
345,21,dt,loso,Hail - TVTC,27.65261,41.70826,01-01-2021 00:00,4205.5,4044.4,-161.0999999999999,161.0999999999999,25953.20999999997,3.8306978956128854,13.0,3.3,1441.0,5379.0,0.21129032258064517,43.9,913.5
346,21,dt,loso,Hail - TVTC,27.65261,41.70826,01-02-2021 00:00,4818.3,4793.9,-24.400000000000546,24.400000000000546,595.3600000000266,0.5064026731419908,14.5,3.7,1657.8,5456.1,0.23303673090709734,41.7,912.1
347,21,dt,loso,Hail - TVTC,27.65261,41.70826,01-03-2021 00:00,6358.1,6668.2,310.09999999999945,310.09999999999945,96162.00999999966,4.877243201585371,20.4,3.9,2499.7,5803.7,0.3010453549148541,20.8,909.7
348,21,dt,loso,Hail - TVTC,27.65261,41.70826,01-04-2021 00:00,7385.1,6556.4,-828.7000000000007,828.7000000000007,686743.6900000012,11.221242772609724,24.5,3.5,2608.9,6535.3,0.2853065331029505,15.1,910.1
349,21,dt,loso,Hail - TVTC,27.65261,41.70826,01-05-2021 00:00,7637.6,7620.7,-16.900000000000546,16.900000000000546,285.61000000001843,0.22127369854405238,30.6,3.2,2423.3,6979.4,0.25772384527848385,9.9,906.7
350,21,dt,loso,Hail - TVTC,27.65261,41.70826,01-07-2021 00:00,7810.3,8089.8,279.5,279.5,78120.25,3.5786077359384403,35.4,3.1,2111.9,7682.1,0.2156320196038391,9.8,902.3
351,21,dt,loso,Hail - TVTC,27.65261,41.70826,01-08-2021 00:00,7648.0,6614.2,-1033.8000000000002,1033.8000000000002,1068742.4400000004,13.517259414225943,34.5,3.0,1929.6,7915.2,0.1960019502681619,8.7,904.5
352,21,dt,loso,Hail - TVTC,27.65261,41.70826,01-09-2021 00:00,6641.5,6828.0,186.5,186.5,34782.25,2.8081005796883236,31.3,2.9,2018.3,6679.7,0.23204184870085076,13.4,906.8
353,21,dt,loso,Hail - TVTC,27.65261,41.70826,01-10-2021 00:00,5596.1,5192.8,-403.3000000000002,403.3000000000002,162650.89000000016,7.2068047390146734,27.8,3.1,1749.6,6239.5,0.21899838529997118,15.0,910.3
354,21,dt,loso,Hail - TVTC,27.65261,41.70826,01-11-2021 00:00,4565.9,4208.3,-357.59999999999945,357.59999999999945,127877.75999999962,7.83197179088459,19.1,2.9,1364.3,6071.7,0.18347229693383538,28.5,912.3
586,22,dt,loso,Jazan - University,16.96035,42.545865,01-01-2017 00:00,4845.9,4603.3,-242.59999999999945,242.59999999999945,58854.75999999973,5.006293980478332,26.4,2.8,1898.2,4808.7,0.28302196245657457,75.7,1013.9
587,22,dt,loso,Jazan - University,16.96035,42.545865,01-02-2017 00:00,4480.2,4754.9,274.6999999999998,274.6999999999998,75460.0899999999,6.131422704343552,26.6,3.1,2707.0,2575.1,0.5124855644535317,73.7,1013.3
588,22,dt,loso,Jazan - University,16.96035,42.545865,01-09-2017 00:00,6127.2,5840.5,-286.6999999999998,286.6999999999998,82196.8899999999,4.679135657396524,32.8,3.0,2719.6,4304.0,0.38720883877213963,70.6,1005.7
589,22,dt,loso,Jazan - University,16.96035,42.545865,01-10-2017 00:00,5777.2,5667.9,-109.30000000000018,109.30000000000018,11946.49000000004,1.891919961226895,31.4,3.0,2056.1,5247.3,0.28152641235588904,71.2,1009.0
590,22,dt,loso,Jazan - University,16.96035,42.545865,01-11-2017 00:00,4930.5,5667.9,737.3999999999996,737.3999999999996,543758.7599999994,14.955886826893817,29.3,2.9,1890.4,4789.9,0.2829813032348847,68.3,1011.7
591,22,dt,loso,Jazan - University,16.96035,42.545865,01-03-2018 00:00,6358.3,4637.0,-1721.3000000000002,1721.3000000000002,2962873.6900000004,27.071701555447213,28.2,3.0,2313.2,5432.7,0.29863540711860465,69.3,1010.3
592,22,dt,loso,Jazan - University,16.96035,42.545865,01-04-2018 00:00,6438.9,6580.1,141.20000000000073,141.20000000000073,19937.440000000206,2.1929211511283095,30.8,3.2,2756.7,4729.8,0.3682228010418753,67.3,1007.8
593,22,dt,loso,Jazan - University,16.96035,42.545865,01-05-2018 00:00,6626.3,6298.2,-328.10000000000036,328.10000000000036,107649.61000000023,4.951481218779716,32.2,3.1,3065.2,4422.6,0.4093592243382569,65.3,1005.9
594,22,dt,loso,Jazan - University,16.96035,42.545865,01-06-2018 00:00,5771.5,6265.1,493.60000000000036,493.60000000000036,243640.96000000037,8.5523694013688,33.4,3.4,3795.9,2355.7,0.6170589765264322,64.7,1003.3
595,22,dt,loso,Jazan - University,16.96035,42.545865,01-07-2018 00:00,5564.3,5969.5,405.1999999999998,405.1999999999998,164187.03999999986,7.28213791492191,33.6,3.1,3912.7,1901.7,0.6729327187671987,62.7,1003.3
596,22,dt,loso,Jazan - University,16.96035,42.545865,01-08-2018 00:00,5592.4,5957.2,364.8000000000002,364.8000000000002,133079.04000000012,6.523138545168447,33.1,0.9,3454.5,2489.2,0.5812036273701566,66.9,1003.9
597,22,dt,loso,Jazan - University,16.96035,42.545865,01-09-2018 00:00,6013.7,5981.7,-32.0,32.0,1024.0,0.5321183298135923,33.1,0.2,2776.4,4092.0,0.40422805893657915,68.8,1006.0
598,22,dt,loso,Jazan - University,16.96035,42.545865,01-10-2018 00:00,5312.8,5322.0,9.199999999999818,9.199999999999818,84.63999999999665,0.17316669176328522,31.0,0.0,2103.8,4681.1,0.3100708927176524,69.3,1009.9
599,22,dt,loso,Jazan - University,16.96035,42.545865,01-01-2019 00:00,4555.0,4805.2,250.19999999999982,250.19999999999982,62600.039999999906,5.492864983534574,26.5,0.0,2345.3,3542.5,0.3983321444342539,75.3,1014.3
600,22,dt,loso,Jazan - University,16.96035,42.545865,01-02-2019 00:00,5009.4,4637.0,-372.39999999999964,372.39999999999964,138681.75999999972,7.434024034814541,27.1,0.0,2780.7,3202.9,0.46472023530984685,72.5,1012.8
601,22,dt,loso,Jazan - University,16.96035,42.545865,01-03-2019 00:00,5803.7,5969.4,165.69999999999982,165.69999999999982,27456.48999999994,2.8550752106414845,28.0,0.0,2850.6,3932.9,0.42022554728385053,69.4,1011.3
602,22,dt,loso,Jazan - University,16.96035,42.545865,01-04-2019 00:00,6218.7,5969.4,-249.30000000000018,249.30000000000018,62150.49000000009,4.0088764532780194,30.3,0.0,2973.3,4159.3,0.41686061183860024,69.9,1008.8
603,22,dt,loso,Jazan - University,16.96035,42.545865,01-05-2019 00:00,6336.4,6362.0,25.600000000000364,25.600000000000364,655.3600000000187,0.40401489804937135,32.9,0.0,2598.0,4736.9,0.35419705790126654,58.4,1007.0
604,22,dt,loso,Jazan - University,16.96035,42.545865,01-06-2019 00:00,5858.4,6387.9,529.5,529.5,280370.25,9.038303973781238,33.8,0.0,3270.2,3108.3,0.5126910715685505,66.0,1003.7
605,22,dt,loso,Jazan - University,16.96035,42.545865,01-07-2019 00:00,5692.1,5969.5,277.39999999999964,277.39999999999964,76950.75999999979,4.873421057254785,33.8,0.0,3737.2,2264.7,0.6226694879954681,62.9,1002.2
606,22,dt,loso,Jazan - University,16.96035,42.545865,01-08-2019 00:00,5297.0,5958.5,661.5,661.5,437582.25,12.488200868416085,32.4,0.0,3286.6,2389.9,0.5789835285827535,67.5,1004.8
607,22,dt,loso,Jazan - University,16.96035,42.545865,01-09-2019 00:00,5832.6,6225.0,392.39999999999964,392.39999999999964,153977.75999999972,6.727702911223118,32.5,0.0,2756.8,3856.2,0.41687585059730836,68.1,1004.9
608,22,dt,loso,Jazan - University,16.96035,42.545865,01-10-2019 00:00,5463.7,5283.7,-180.0,180.0,32400.0,3.294470779874444,30.9,0.0,1948.9,4979.8,0.28127931646629234,65.4,1009.4
609,22,dt,loso,Jazan - University,16.96035,42.545865,01-11-2019 00:00,4841.9,4732.9,-109.0,109.0,11881.0,2.2511823870794525,29.3,0.0,1881.3,4659.0,0.2876473556258887,63.9,1010.6
610,22,dt,loso,Jazan - University,16.96035,42.545865,01-12-2019 00:00,4326.8,4208.8,-118.0,118.0,13924.0,2.7271886844781363,27.8,0.0,1920.6,4072.9,0.320447151080337,60.2,1012.5
611,22,dt,loso,Jazan - University,16.96035,42.545865,01-01-2020 00:00,4546.7,4348.2,-198.5,198.5,39402.25,4.365803769767084,26.3,0.3,1938.8,4213.2,0.31514954486345903,62.6,1014.6
612,22,dt,loso,Jazan - University,16.96035,42.545865,01-02-2020 00:00,4908.3,4715.1,-193.19999999999982,193.19999999999982,37326.23999999993,3.9361897194547977,26.8,3.2,2796.9,3092.3,0.4749201928954696,63.9,1013.8
613,22,dt,loso,Jazan - University,16.96035,42.545865,01-03-2020 00:00,5625.9,5999.1,373.2000000000007,373.2000000000007,139278.24000000054,6.633605289820308,28.1,3.3,2985.8,3471.4,0.4623985628445766,64.9,1010.4
614,22,dt,loso,Jazan - University,16.96035,42.545865,01-04-2020 00:00,6391.6,6427.6,36.0,36.0,1296.0,0.5632392515176168,30.8,3.3,2487.2,5109.0,0.32742687133040205,66.0,1008.9
615,22,dt,loso,Jazan - University,16.96035,42.545865,01-09-2020 00:00,5985.6,5849.7,-135.90000000000055,135.90000000000055,18468.810000000147,2.270449077786697,32.7,2.6,2576.3,4338.2,0.37259382457155255,68.5,1004.8
616,22,dt,loso,Jazan - University,16.96035,42.545865,01-10-2020 00:00,5765.0,5328.4,-436.60000000000036,436.60000000000036,190619.56000000032,7.573287077189946,31.4,2.7,1720.7,5828.1,0.2279435142009326,66.3,1009.0
617,22,dt,loso,Jazan - University,16.96035,42.545865,01-11-2020 00:00,4773.8,4516.0,-257.8000000000002,257.8000000000002,66460.8400000001,5.4003100255561645,29.5,2.8,1916.2,4469.8,0.3000626370184779,69.0,1011.9
618,22,dt,loso,Jazan - University,16.96035,42.545865,01-12-2020 00:00,4470.6,4203.0,-267.60000000000036,267.60000000000036,71609.7600000002,5.985773721648108,27.6,2.6,1809.1,4512.5,0.28617754998734496,68.5,1013.1
619,22,dt,loso,Jazan - University,16.96035,42.545865,01-01-2021 00:00,4567.8,5038.1,470.3000000000002,470.3000000000002,221182.09000000017,10.295984938044576,25.9,2.5,2039.8,4135.8,0.3302998898892415,67.5,1013.5
620,22,dt,loso,Jazan - University,16.96035,42.545865,01-02-2021 00:00,4771.7,5038.1,266.40000000000055,266.40000000000055,70968.9600000003,5.582915941907507,26.2,2.8,2167.7,3835.3,0.3611027819423621,66.7,1012.9
621,22,dt,loso,Jazan - University,16.96035,42.545865,01-03-2021 00:00,6135.9,4637.0,-1498.8999999999996,1498.8999999999996,2246701.209999999,24.428364217148253,28.4,2.7,2459.1,4951.1,0.3318533912714906,66.9,1010.2
622,22,dt,loso,Jazan - University,16.96035,42.545865,01-04-2021 00:00,6471.7,6577.0,105.30000000000018,105.30000000000018,11088.090000000038,1.6270840737364245,30.2,2.8,2649.0,4894.8,0.3511492881571622,65.2,1008.9
623,22,dt,loso,Jazan - University,16.96035,42.545865,01-05-2021 00:00,6409.8,6580.1,170.30000000000018,170.30000000000018,29002.090000000062,2.6568691690848416,32.3,2.6,2731.9,4649.9,0.37008588691105154,66.1,1006.3
624,22,dt,loso,Jazan - University,16.96035,42.545865,01-07-2021 00:00,5168.4,4964.4,-204.0,204.0,41616.0,3.947062920826562,33.0,3.2,3252.6,2258.3,0.5902121250612423,65.4,1002.7
625,22,dt,loso,Jazan - University,16.96035,42.545865,01-08-2021 00:00,5508.7,6160.8,652.1000000000004,652.1000000000004,425234.4100000005,11.837638644326255,33.2,2.6,3038.2,2985.1,0.5044078827220959,70.0,1003.7
626,22,dt,loso,Jazan - University,16.96035,42.545865,01-09-2021 00:00,5653.7,5954.7,301.0,301.0,90601.0,5.323947149654209,32.9,2.0,2713.4,3697.1,0.42327431557600814,69.5,1004.7
627,22,dt,loso,Jazan - University,16.96035,42.545865,01-10-2021 00:00,5472.3,5977.4,505.09999999999945,505.09999999999945,255126.00999999946,9.230122617546542,31.5,0.3,2142.3,4702.2,0.31299583607275916,70.3,1008.9
628,22,dt,loso,Jazan - University,16.96035,42.545865,01-11-2021 00:00,4887.3,5021.3,134.0,134.0,17956.0,2.74180017596628,29.7,0.0,1707.7,5022.5,0.2537368874624826,68.8,1011.3
629,22,dt,loso,Jazan - University,16.96035,42.545865,01-12-2021 00:00,4518.0,4389.4,-128.60000000000036,128.60000000000036,16537.960000000094,2.8463922089420177,27.5,0.0,1608.2,4876.1,0.24801443486575267,70.3,1013.5
1603,23,dt,loso,Jeddah - KAU,21.49604,39.24492,01-01-2017 00:00,4179.9,3269.8,-910.0999999999995,910.0999999999995,828282.009999999,21.77324816383166,25.6,3.4,1566.2,4609.3,0.2536150918953931,80.0,1007.6
1604,23,dt,loso,Jeddah - KAU,21.49604,39.24492,01-02-2017 00:00,4052.3,4045.3,-7.0,7.0,49.0,0.17274140611504576,24.8,4.4,2134.6,2999.4,0.41577717179587065,63.8,1007.1
1605,23,dt,loso,Jeddah - KAU,21.49604,39.24492,01-03-2017 00:00,5072.3,5561.4,489.09999999999945,489.09999999999945,239218.80999999947,9.642568460067412,26.8,4.1,2542.8,3507.3,0.4202905737095255,72.5,1003.5
1606,23,dt,loso,Jeddah - KAU,21.49604,39.24492,01-04-2017 00:00,5700.8,5961.5,260.6999999999998,260.6999999999998,67964.4899999999,4.573042380016836,30.9,4.2,2830.8,3692.8,0.4339321846833037,60.5,1002.2
1607,23,dt,loso,Jeddah - KAU,21.49604,39.24492,01-05-2017 00:00,6236.0,6369.6,133.60000000000036,133.60000000000036,17848.960000000097,2.142398973701096,33.5,4.2,2791.6,4368.0,0.3899100508408291,55.1,1000.6
1608,23,dt,loso,Jeddah - KAU,21.49604,39.24492,01-06-2017 00:00,6628.0,6652.1,24.100000000000364,24.100000000000364,580.8100000000176,0.36360893180447135,33.7,3.9,2515.2,5244.5,0.32413624238050437,65.0,996.9
1609,23,dt,loso,Jeddah - KAU,21.49604,39.24492,01-09-2017 00:00,5981.7,6127.2,145.5,145.5,21170.25,2.432418877576609,33.9,3.6,2723.3,4310.0,0.3872008872079963,77.9,998.8
1610,23,dt,loso,Jeddah - KAU,21.49604,39.24492,01-10-2017 00:00,5562.0,5653.9,91.89999999999964,91.89999999999964,8445.609999999933,1.652283351312471,31.4,3.6,1835.5,5582.8,0.24742865616111506,85.1,1002.5
1611,23,dt,loso,Jeddah - KAU,21.49604,39.24492,01-11-2017 00:00,4469.3,4206.5,-262.8000000000002,262.8000000000002,69063.8400000001,5.88011545432171,29.2,3.3,1802.6,4521.0,0.28505914352583966,83.0,1005.0
1612,23,dt,loso,Jeddah - KAU,21.49604,39.24492,01-03-2018 00:00,6348.6,6678.2,329.59999999999945,329.59999999999945,108636.15999999964,5.1916958069495545,28.5,3.3,2259.9,5876.0,0.2777689007976991,50.1,1003.6
1613,23,dt,loso,Jeddah - KAU,21.49604,39.24492,01-04-2018 00:00,6918.0,6724.6,-193.39999999999964,193.39999999999964,37403.55999999986,2.7956056663775604,29.7,3.7,2655.6,5662.2,0.3192671139003102,46.4,1001.4
1614,23,dt,loso,Jeddah - KAU,21.49604,39.24492,01-05-2018 00:00,7145.1,7120.5,-24.600000000000364,24.600000000000364,605.1600000000179,0.3442918923458085,33.4,4.0,3077.0,5216.1,0.37103133930617016,40.2,999.3
1615,23,dt,loso,Jeddah - KAU,21.49604,39.24492,01-06-2018 00:00,7049.4,7035.2,-14.199999999999818,14.199999999999818,201.63999999999484,0.20143558317019633,33.9,4.2,3198.7,4900.1,0.39495974712303056,46.2,997.1
1616,23,dt,loso,Jeddah - KAU,21.49604,39.24492,01-07-2018 00:00,6883.0,6750.0,-133.0,133.0,17689.0,1.9322969635333431,34.7,3.8,3023.7,4886.1,0.38227262383372523,44.2,997.2
1617,23,dt,loso,Jeddah - KAU,21.49604,39.24492,01-08-2018 00:00,6584.6,6668.6,84.0,84.0,7056.0,1.2757039151960634,34.5,4.1,2592.3,5172.4,0.3338570711038418,50.0,997.4
1618,23,dt,loso,Jeddah - KAU,21.49604,39.24492,01-09-2018 00:00,5723.0,6127.2,404.1999999999998,404.1999999999998,163377.63999999984,7.0627293377599125,33.4,3.0,3065.4,3435.0,0.47157098024736943,64.1,998.9
1619,23,dt,loso,Jeddah - KAU,21.49604,39.24492,01-10-2018 00:00,5027.9,4776.9,-251.0,251.0,63001.0,4.9921438373873785,31.3,2.8,2094.4,4373.8,0.32379951145604646,61.2,1003.1
1620,23,dt,loso,Jeddah - KAU,21.49604,39.24492,01-11-2018 00:00,3939.4,4109.2,169.79999999999973,169.79999999999973,28832.039999999906,4.310301061075283,27.7,2.9,1792.8,3701.1,0.3263255610768307,58.3,1005.1
1621,23,dt,loso,Jeddah - KAU,21.49604,39.24492,01-12-2018 00:00,3797.9,4047.2,249.29999999999973,249.29999999999973,62150.48999999987,6.56415387450959,25.7,3.7,1753.3,3762.9,0.31784561836046554,62.6,1007.5
1622,23,dt,loso,Jeddah - KAU,21.49604,39.24492,01-01-2019 00:00,3970.1,4047.2,77.09999999999991,77.09999999999991,5944.409999999986,1.942016573889824,25.1,3.4,2042.4,3345.4,0.37907865919299155,65.3,1007.5
1623,23,dt,loso,Jeddah - KAU,21.49604,39.24492,01-02-2019 00:00,4629.8,4414.1,-215.69999999999982,215.69999999999982,46526.48999999992,4.65894855069333,25.0,4.1,2151.7,3871.2,0.35725315047568446,56.0,1006.5
1624,23,dt,loso,Jeddah - KAU,21.49604,39.24492,01-03-2019 00:00,6041.3,6130.1,88.80000000000018,88.80000000000018,7885.440000000032,1.4698823100988228,25.1,4.4,2348.2,5361.8,0.3045654993514915,51.9,1005.3
1625,23,dt,loso,Jeddah - KAU,21.49604,39.24492,01-04-2019 00:00,6618.6,6391.6,-227.0,227.0,51529.0,3.429728341341069,28.6,3.8,2576.9,5463.5,0.3204940052733695,49.1,1002.5
1626,23,dt,loso,Jeddah - KAU,21.49604,39.24492,01-05-2019 00:00,6524.3,6392.7,-131.60000000000036,131.60000000000036,17318.560000000096,2.0170746286958043,33.6,2.6,2746.2,4804.7,0.3636917453548584,43.8,1000.3
1627,23,dt,loso,Jeddah - KAU,21.49604,39.24492,01-06-2019 00:00,6589.8,6547.2,-42.600000000000364,42.600000000000364,1814.760000000031,0.6464536101247438,34.9,4.5,3057.6,4456.4,0.40692041522491346,43.8,997.4
1628,23,dt,loso,Jeddah - KAU,21.49604,39.24492,01-07-2019 00:00,6880.8,6965.7,84.89999999999964,84.89999999999964,7208.009999999938,1.233868154865708,34.9,4.2,2642.1,5472.3,0.3256063294883171,43.7,996.2
1629,23,dt,loso,Jeddah - KAU,21.49604,39.24492,01-08-2019 00:00,6475.4,6668.6,193.20000000000073,193.20000000000073,37326.24000000028,2.983599468758698,34.1,3.7,2437.3,5252.1,0.31696881421177203,54.8,998.0
1630,23,dt,loso,Jeddah - KAU,21.49604,39.24492,01-09-2019 00:00,5790.5,6063.9,273.39999999999964,273.39999999999964,74747.5599999998,4.721526638459539,32.9,3.7,2502.0,4294.4,0.36813607203813786,61.3,998.2
1631,23,dt,loso,Jeddah - KAU,21.49604,39.24492,01-10-2019 00:00,5083.3,5977.4,894.0999999999995,894.0999999999995,799414.809999999,17.58896779651013,31.6,2.7,2204.6,4315.5,0.3381236484103004,62.8,1002.5
1632,23,dt,loso,Jeddah - KAU,21.49604,39.24492,01-11-2019 00:00,4252.7,4206.5,-46.19999999999982,46.19999999999982,2134.4399999999832,1.0863686599101705,29.2,2.8,1605.0,4497.7,0.2629983449948384,59.6,1003.8
1633,23,dt,loso,Jeddah - KAU,21.49604,39.24492,01-12-2019 00:00,4059.6,4047.2,-12.400000000000091,12.400000000000091,153.76000000000226,0.30544881269090773,25.7,4.0,1565.7,4614.5,0.25334131581502217,57.4,1006.5
1634,23,dt,loso,Jeddah - KAU,21.49604,39.24492,01-01-2020 00:00,4583.7,4067.3,-516.3999999999996,516.3999999999996,266668.9599999996,11.266007810284261,22.6,4.4,1415.2,5733.1,0.1979771414182393,52.3,1009.2
1635,23,dt,loso,Jeddah - KAU,21.49604,39.24492,01-02-2020 00:00,4780.0,4529.6,-250.39999999999964,250.39999999999964,62700.159999999814,5.2384937238493645,23.9,3.9,2208.5,4053.1,0.35270537881691577,58.5,1007.7
1636,23,dt,loso,Jeddah - KAU,21.49604,39.24492,01-03-2020 00:00,5935.3,6090.6,155.30000000000018,155.30000000000018,24118.090000000055,2.6165484474247327,25.7,4.0,2378.5,4998.4,0.32242540904716077,57.1,1003.9
1637,23,dt,loso,Jeddah - KAU,21.49604,39.24492,01-04-2020 00:00,6537.0,6510.6,-26.399999999999636,26.399999999999636,696.9599999999808,0.4038549793483194,28.2,3.3,2184.2,5974.0,0.26773062685396287,54.4,1002.7
1638,23,dt,loso,Jeddah - KAU,21.49604,39.24492,01-05-2020 00:00,6427.6,6391.6,-36.0,36.0,1296.0,0.5600846350115128,31.9,3.8,2462.4,5198.2,0.3214369631621544,48.8,1000.7
1639,23,dt,loso,Jeddah - KAU,21.49604,39.24492,01-09-2020 00:00,5847.3,6212.3,365.0,365.0,133225.0,6.242197253433209,34.2,2.7,2430.1,4579.5,0.3466816936772426,60.5,997.6
1640,23,dt,loso,Jeddah - KAU,21.49604,39.24492,01-10-2020 00:00,5407.9,5750.3,342.40000000000055,342.40000000000055,117237.76000000037,6.331478022892445,32.3,2.3,1707.8,5708.9,0.23026413364434317,52.5,1002.1
1641,23,dt,loso,Jeddah - KAU,21.49604,39.24492,01-11-2020 00:00,4208.8,4439.9,231.09999999999945,231.09999999999945,53407.209999999744,5.490876259266287,28.5,3.4,1550.9,4592.0,0.25247033160233767,64.0,1005.1
1642,23,dt,loso,Jeddah - KAU,21.49604,39.24492,01-12-2020 00:00,3885.5,4033.0,147.5,147.5,21756.25,3.796165229700167,26.5,3.1,1687.9,4103.0,0.29147455490510976,60.3,1006.3
1643,23,dt,loso,Jeddah - KAU,21.49604,39.24492,01-01-2021 00:00,4281.3,4203.6,-77.69999999999982,77.69999999999982,6037.289999999972,1.8148693153948525,25.4,3.3,1719.6,4525.4,0.2753562850280224,61.7,1006.7
1644,23,dt,loso,Jeddah - KAU,21.49604,39.24492,01-02-2021 00:00,4820.6,4581.9,-238.70000000000073,238.70000000000073,56977.690000000344,4.951665767746769,24.7,3.7,1769.2,4875.9,0.26624129057501017,60.2,1006.5
1645,23,dt,loso,Jeddah - KAU,21.49604,39.24492,01-09-2021 00:00,5596.1,6127.2,531.0999999999995,531.0999999999995,282067.20999999944,9.4905380532871,32.6,4.0,2585.6,3944.4,0.3959571209800919,66.2,998.3
1646,23,dt,loso,Jeddah - KAU,21.49604,39.24492,01-10-2021 00:00,5173.6,4841.9,-331.7000000000007,331.7000000000007,110024.89000000048,6.411396319777345,30.9,0.7,1797.1,5048.1,0.26253433062584,69.1,1002.3
1647,23,dt,loso,Jeddah - KAU,21.49604,39.24492,01-11-2021 00:00,4184.6,4486.9,302.2999999999993,302.2999999999993,91385.28999999956,7.224107441571459,28.4,0.0,1386.1,4797.1,0.22417194979945654,67.6,1004.8
1648,23,dt,loso,Jeddah - KAU,21.49604,39.24492,01-12-2021 00:00,3625.7,4109.2,483.5,483.5,233772.25,13.335355931268445,26.1,0.0,1689.8,3558.4,0.32197705880111277,66.8,1007.0
41,24,dt,loso,Layla - TVTC,22.27948,46.73319,01-01-2017 00:00,4876.1,4260.2,-615.9000000000005,615.9000000000005,379332.8100000007,12.630996082935141,18.6,2.3,1507.6,6091.5,0.19839191483201957,32.7,954.8
42,24,dt,loso,Layla - TVTC,22.27948,46.73319,01-02-2017 00:00,4616.1,4754.9,138.79999999999927,138.79999999999927,19265.4399999998,3.0068672689066367,16.9,2.5,2531.8,3249.8,0.4379064618790646,44.6,955.1
43,24,dt,loso,Layla - TVTC,22.27948,46.73319,01-03-2017 00:00,5561.4,5831.1,269.7000000000007,269.7000000000007,72738.09000000039,4.8494983277592105,24.2,2.9,2994.1,3519.2,0.4596901724164402,42.2,949.9
44,24,dt,loso,Layla - TVTC,22.27948,46.73319,01-04-2017 00:00,7234.4,7321.9,87.5,87.5,7656.25,1.2094990600464448,30.7,2.5,2940.1,5645.8,0.3424335247324101,18.9,949.4
45,24,dt,loso,Layla - TVTC,22.27948,46.73319,01-05-2017 00:00,7183.5,7158.3,-25.199999999999818,25.199999999999818,635.0399999999909,0.35080392566297514,35.5,2.4,3519.0,4607.1,0.43304906412670285,17.6,946.3
46,24,dt,loso,Layla - TVTC,22.27948,46.73319,01-06-2017 00:00,7708.1,7754.9,46.79999999999927,46.79999999999927,2190.239999999932,0.607153513836085,37.8,2.7,3129.9,5882.6,0.3472843273231623,9.8,942.4
47,24,dt,loso,Layla - TVTC,22.27948,46.73319,01-09-2017 00:00,7081.8,6742.2,-339.60000000000036,339.60000000000036,115328.16000000025,4.795391002287559,35.2,2.3,2113.6,6908.4,0.23427178009310573,12.0,945.2
48,24,dt,loso,Layla - TVTC,22.27948,46.73319,01-10-2017 00:00,6346.5,6154.4,-192.10000000000036,192.10000000000036,36902.41000000014,3.0268652012920563,30.2,2.1,1599.1,7406.4,0.1775692632280273,17.5,950.2
49,24,dt,loso,Layla - TVTC,22.27948,46.73319,01-11-2017 00:00,5221.3,4260.2,-961.1000000000004,961.1000000000004,923713.2100000007,18.407293202842208,23.5,2.0,1532.9,6449.1,0.1920446003507893,33.0,953.4
50,24,dt,loso,Layla - TVTC,22.27948,46.73319,01-03-2018 00:00,6698.7,6879.1,180.40000000000055,180.40000000000055,32544.160000000196,2.693059847433092,25.9,2.6,2424.9,6159.7,0.28247093632784287,22.2,950.9
51,24,dt,loso,Layla - TVTC,22.27948,46.73319,01-04-2018 00:00,6787.2,6285.3,-501.89999999999964,501.89999999999964,251903.60999999964,7.394801980198015,28.6,3.1,3720.5,3832.4,0.49259224933469264,30.9,948.0
52,24,dt,loso,Layla - TVTC,22.27948,46.73319,01-05-2018 00:00,7406.8,6918.2,-488.60000000000036,488.60000000000036,238729.96000000034,6.596640924555819,33.3,2.8,3444.5,5047.0,0.40564093505269977,17.9,946.1
53,24,dt,loso,Layla - TVTC,22.27948,46.73319,01-06-2018 00:00,7584.6,6892.3,-692.3000000000002,692.3000000000002,479279.29000000027,9.12770614139177,37.8,2.6,3746.8,4811.7,0.4377869953847053,12.2,941.7
54,24,dt,loso,Layla - TVTC,22.27948,46.73319,01-07-2018 00:00,7466.0,6892.3,-573.6999999999998,573.6999999999998,329131.68999999977,7.684168229306186,38.9,2.7,3551.7,4934.3,0.41853641291539,10.9,939.0
55,24,dt,loso,Layla - TVTC,22.27948,46.73319,01-08-2018 00:00,7273.2,7130.1,-143.09999999999945,143.09999999999945,20477.609999999844,1.967497112687668,38.0,2.8,3072.9,5420.4,0.36180283282116493,13.1,940.5
56,24,dt,loso,Layla - TVTC,22.27948,46.73319,01-09-2018 00:00,6883.2,6676.1,-207.09999999999945,207.09999999999945,42890.40999999977,3.0087749883774912,36.0,2.4,2311.1,6303.5,0.2682771109511759,14.7,945.1
57,24,dt,loso,Layla - TVTC,22.27948,46.73319,01-10-2018 00:00,5925.0,5376.6,-548.3999999999996,548.3999999999996,300742.5599999996,9.25569620253164,29.4,2.3,1934.9,6075.4,0.24155150244060775,29.1,951.2
58,24,dt,loso,Layla - TVTC,22.27948,46.73319,01-11-2018 00:00,4780.8,4333.5,-447.3000000000002,447.3000000000002,200077.29000000015,9.356174698795185,23.6,2.7,1932.0,4908.4,0.28243962341383544,41.1,953.2
59,24,dt,loso,Layla - TVTC,22.27948,46.73319,01-12-2018 00:00,4692.0,5029.6,337.60000000000036,337.60000000000036,113973.76000000024,7.195225916453546,19.0,2.2,1472.6,6052.0,0.19570475507003693,45.1,955.5
60,24,dt,loso,Layla - TVTC,22.27948,46.73319,01-01-2019 00:00,4759.5,5956.1,1196.6000000000004,1196.6000000000004,1431851.5600000008,25.141296354659108,18.4,2.5,2151.3,4667.5,0.31549539508417906,34.2,955.3
61,24,dt,loso,Layla - TVTC,22.27948,46.73319,01-02-2019 00:00,5422.8,5956.1,533.3000000000002,533.3000000000002,284408.8900000002,9.834402891495172,19.4,2.8,2465.4,4623.9,0.3477635309551014,32.3,953.5
62,24,dt,loso,Layla - TVTC,22.27948,46.73319,01-03-2019 00:00,6304.4,6450.3,145.90000000000055,145.90000000000055,21286.810000000158,2.3142567095996536,22.9,2.7,3166.7,4375.8,0.4198475306595956,24.4,950.8
63,24,dt,loso,Layla - TVTC,22.27948,46.73319,01-04-2019 00:00,6610.5,6781.6,171.10000000000036,171.10000000000036,29275.210000000123,2.5883064821117974,27.4,2.4,3325.2,4240.9,0.4394866575910971,33.1,949.0
64,24,dt,loso,Layla - TVTC,22.27948,46.73319,01-05-2019 00:00,6704.8,7071.3,366.5,366.5,134322.25,5.466233146402577,33.6,2.4,3436.5,4137.9,0.4536993029150824,20.8,947.0
65,24,dt,loso,Layla - TVTC,22.27948,46.73319,01-06-2019 00:00,7413.6,7549.8,136.19999999999982,136.19999999999982,18550.43999999995,1.8371641307866597,38.1,2.4,2893.3,5815.2,0.33223861744272837,11.8,942.6
66,24,dt,loso,Layla - TVTC,22.27948,46.73319,01-07-2019 00:00,7562.4,7754.9,192.5,192.5,37056.25,2.5454882048027083,38.7,2.7,3026.4,5803.0,0.3427639477201169,11.6,939.5
67,24,dt,loso,Layla - TVTC,22.27948,46.73319,01-08-2019 00:00,7529.1,7350.3,-178.80000000000018,178.80000000000018,31969.440000000064,2.374785830975816,38.0,2.3,2532.8,6574.1,0.27811878905006093,12.1,941.0
68,24,dt,loso,Layla - TVTC,22.27948,46.73319,01-09-2019 00:00,6903.7,7314.8,411.10000000000036,411.10000000000036,169003.2100000003,5.954777872734915,35.5,2.4,2127.3,6621.3,0.24315890542486798,16.9,944.7
69,24,dt,loso,Layla - TVTC,22.27948,46.73319,01-10-2019 00:00,6062.9,6391.5,328.60000000000036,328.60000000000036,107977.96000000024,5.41984858730971,30.9,2.0,1746.7,6659.7,0.2077821659687857,21.8,949.6
70,24,dt,loso,Layla - TVTC,22.27948,46.73319,01-11-2019 00:00,4899.4,4835.5,-63.899999999999636,63.899999999999636,4083.2099999999537,1.3042413356737486,22.7,2.0,1723.7,5485.0,0.23911384854412032,41.9,953.3
71,24,dt,loso,Layla - TVTC,22.27948,46.73319,01-12-2019 00:00,4472.2,4375.6,-96.59999999999945,96.59999999999945,9331.559999999894,2.160010732972574,18.8,2.3,1374.2,5895.9,0.18902078375813264,43.1,954.4
72,24,dt,loso,Layla - TVTC,22.27948,46.73319,01-01-2020 00:00,5040.7,5057.4,16.699999999999818,16.699999999999818,278.8899999999939,0.33130319201697817,16.3,2.4,1473.9,6498.5,0.18487531985349456,35.5,955.1
73,24,dt,loso,Layla - TVTC,22.27948,46.73319,01-02-2020 00:00,5617.1,5303.0,-314.10000000000036,314.10000000000036,98658.81000000023,5.591853447508507,19.8,2.6,2383.7,5143.7,0.3166697664532242,25.9,954.4
74,24,dt,loso,Layla - TVTC,22.27948,46.73319,01-03-2020 00:00,6578.6,6328.4,-250.20000000000073,250.20000000000073,62600.040000000365,3.8032408111148377,24.3,2.6,3107.7,4811.8,0.392411137066734,23.7,949.9
75,24,dt,loso,Layla - TVTC,22.27948,46.73319,01-04-2020 00:00,6680.1,6521.1,-159.0,159.0,25281.0,2.3802038891633357,29.2,2.7,3371.3,4290.1,0.44003706894301303,34.9,948.0
76,24,dt,loso,Layla - TVTC,22.27948,46.73319,01-05-2020 00:00,7397.1,7182.2,-214.90000000000055,214.90000000000055,46182.010000000235,2.905192575468772,34.1,2.6,3319.9,5199.9,0.38966877156740776,16.1,946.8
77,24,dt,loso,Layla - TVTC,22.27948,46.73319,01-09-2020 00:00,7018.5,6580.0,-438.5,438.5,192282.25,6.247773740827813,35.0,2.2,2071.4,6883.4,0.23131728235136467,14.4,944.7
78,24,dt,loso,Layla - TVTC,22.27948,46.73319,01-10-2020 00:00,6364.6,6005.1,-359.5,359.5,129240.25,5.648430380542375,28.0,2.2,1289.4,8065.7,0.1378285640987269,17.0,950.6
79,24,dt,loso,Layla - TVTC,22.27948,46.73319,01-11-2020 00:00,5140.4,5510.5,370.10000000000036,370.10000000000036,136974.01000000027,7.199828807096731,23.2,2.0,1265.0,6865.6,0.1555850736722997,34.8,953.5
80,24,dt,loso,Layla - TVTC,22.27948,46.73319,01-12-2020 00:00,4621.5,4818.4,196.89999999999964,196.89999999999964,38769.609999999855,4.260521475711341,18.0,2.3,1407.7,6100.6,0.1874858489937802,44.0,955.6
81,24,dt,loso,Layla - TVTC,22.27948,46.73319,01-01-2021 00:00,4847.6,4818.4,-29.200000000000728,29.200000000000728,852.6400000000425,0.6023599306873654,17.1,2.1,1504.9,6045.3,0.19931922333183227,36.7,955.8
82,24,dt,loso,Layla - TVTC,22.27948,46.73319,01-02-2021 00:00,5678.9,5578.3,-100.59999999999945,100.59999999999945,10120.35999999989,1.7714698269030877,19.6,2.6,1881.4,6161.0,0.23393514373818763,31.9,953.9
83,24,dt,loso,Layla - TVTC,22.27948,46.73319,01-03-2021 00:00,6715.8,6589.8,-126.0,126.0,15876.0,1.8761726078799248,25.6,2.7,2776.8,5583.3,0.3321491369720458,18.4,950.8
84,24,dt,loso,Layla - TVTC,22.27948,46.73319,01-04-2021 00:00,7200.0,7201.6,1.6000000000003638,1.6000000000003638,2.560000000001164,0.022222222222227275,29.8,2.3,2991.0,5516.0,0.35159280592453274,15.4,949.1
85,24,dt,loso,Layla - TVTC,22.27948,46.73319,01-05-2021 00:00,7908.5,7855.3,-53.19999999999982,53.19999999999982,2830.2399999999807,0.6726939369033296,35.3,2.1,2868.5,6453.2,0.30772284025446,11.3,944.8
86,24,dt,loso,Layla - TVTC,22.27948,46.73319,01-07-2021 00:00,7298.5,7251.2,-47.30000000000018,47.30000000000018,2237.2900000000172,0.6480783722682768,37.9,2.4,3041.2,5476.1,0.35706151010296694,22.0,938.4
87,24,dt,loso,Layla - TVTC,22.27948,46.73319,01-08-2021 00:00,7328.8,7531.5,202.69999999999982,202.69999999999982,41087.28999999993,2.7658006767820082,38.3,2.5,2865.8,5796.8,0.3308244637868538,14.4,941.1
88,24,dt,loso,Layla - TVTC,22.27948,46.73319,01-09-2021 00:00,7008.4,6766.3,-242.09999999999945,242.09999999999945,58612.409999999734,3.454426117230744,34.3,2.5,2223.0,6629.5,0.2511155040948885,14.4,944.2
89,24,dt,loso,Layla - TVTC,22.27948,46.73319,01-10-2021 00:00,6124.2,5978.9,-145.30000000000018,145.30000000000018,21112.09000000005,2.3725547826654942,30.4,2.3,1722.3,6798.2,0.20213602488116894,20.8,950.0
90,24,dt,loso,Layla - TVTC,22.27948,46.73319,01-11-2021 00:00,5205.4,4467.8,-737.5999999999995,737.5999999999995,544053.7599999992,14.169900487954806,24.0,1.9,1438.3,6557.9,0.179872939646332,28.4,953.1
91,24,dt,loso,Layla - TVTC,22.27948,46.73319,01-12-2021 00:00,4724.3,5029.6,305.3000000000002,305.3000000000002,93208.09000000011,6.462333044048857,18.4,1.7,1425.4,6196.0,0.18702600572073375,37.4,955.3
355,25,dt,loso,Madinah - Taibah University,24.4846,39.5418,01-01-2017 00:00,4222.1,4578.4,356.2999999999993,356.2999999999993,126949.68999999948,8.43892849529853,20.8,2.6,1233.5,5525.1,0.1825082117598319,29.3,942.8
356,25,dt,loso,Madinah - Taibah University,24.4846,39.5418,01-02-2017 00:00,4885.0,5181.0,296.0,296.0,87616.0,6.059365404298874,19.0,3.4,1754.9,5120.1,0.25525818181818183,26.1,943.0
357,25,dt,loso,Madinah - Taibah University,24.4846,39.5418,01-03-2017 00:00,5364.2,5072.3,-291.89999999999964,291.89999999999964,85205.60999999978,5.441631557361762,24.7,2.8,2255.1,4567.7,0.33052412499267164,22.9,938.5
358,25,dt,loso,Madinah - Taibah University,24.4846,39.5418,01-04-2017 00:00,6008.7,6019.7,11.0,11.0,121.0,0.183067884900228,31.1,3.3,2710.5,4359.3,0.3833913264873122,14.2,938.7
359,25,dt,loso,Madinah - Taibah University,24.4846,39.5418,01-05-2017 00:00,6402.0,6019.7,-382.3000000000002,382.3000000000002,146153.29000000012,5.97157138394252,33.5,3.2,2688.4,4873.5,0.3555191155661937,16.9,937.3
360,25,dt,loso,Madinah - Taibah University,24.4846,39.5418,01-09-2017 00:00,6414.2,6518.8,104.60000000000036,104.60000000000036,10941.160000000076,1.630756758442212,36.7,2.7,2421.1,5438.2,0.30805542478337766,10.7,936.4
361,25,dt,loso,Madinah - Taibah University,24.4846,39.5418,01-10-2017 00:00,5871.0,6244.6,373.60000000000036,373.60000000000036,139576.96000000028,6.363481519332318,32.0,2.2,1478.9,6881.4,0.17689556594859038,14.9,939.1
362,25,dt,loso,Madinah - Taibah University,24.4846,39.5418,01-11-2017 00:00,4467.8,4407.8,-60.0,60.0,3600.0,1.342942835399973,25.8,2.1,1559.4,5081.5,0.23481756990769326,31.9,941.1
363,25,dt,loso,Madinah - Taibah University,24.4846,39.5418,01-03-2018 00:00,6500.1,6681.2,181.09999999999945,181.09999999999945,32797.2099999998,2.786110982907947,27.9,2.0,1970.9,6658.6,0.22839098441392897,17.7,939.6
364,25,dt,loso,Madinah - Taibah University,24.4846,39.5418,01-04-2018 00:00,7350.0,7620.7,270.6999999999998,270.6999999999998,73278.4899999999,3.682993197278909,28.9,2.5,2356.2,6789.1,0.25764053666910874,17.9,937.0
365,25,dt,loso,Madinah - Taibah University,24.4846,39.5418,01-05-2018 00:00,7147.6,7200.0,52.399999999999636,52.399999999999636,2745.759999999962,0.733113212826678,33.4,2.7,3111.0,5224.7,0.3732140072219489,14.6,936.4
366,25,dt,loso,Madinah - Taibah University,24.4846,39.5418,01-06-2018 00:00,7666.6,7637.6,-29.0,29.0,841.0,0.3782641588187723,37.1,2.8,2342.5,7021.4,0.25016285949230554,9.8,934.3
367,25,dt,loso,Madinah - Taibah University,24.4846,39.5418,01-12-2018 00:00,4058.1,3842.0,-216.0999999999999,216.0999999999999,46699.20999999996,5.3251521648061875,20.6,1.8,1306.6,5278.1,0.19842969307637398,43.9,943.0
368,25,dt,loso,Madinah - Taibah University,24.4846,39.5418,01-01-2019 00:00,3951.3,3986.5,35.19999999999982,35.19999999999982,1239.0399999999872,0.8908460506668645,20.2,2.0,1825.2,3850.2,0.32159847764034255,43.2,942.5
369,25,dt,loso,Madinah - Taibah University,24.4846,39.5418,01-02-2019 00:00,4928.8,4543.3,-385.5,385.5,148610.25,7.821376399935074,19.7,2.3,1636.1,5366.0,0.23365847388640548,34.2,942.0
370,25,dt,loso,Madinah - Taibah University,24.4846,39.5418,01-03-2019 00:00,6546.7,6522.6,-24.099999999999454,24.099999999999454,580.8099999999737,0.36812439855193385,22.0,2.5,1678.1,7233.4,0.1883072434494754,23.0,940.4
371,25,dt,loso,Madinah - Taibah University,24.4846,39.5418,01-04-2019 00:00,6879.1,6817.4,-61.70000000000073,61.70000000000073,3806.89000000009,0.8969196551874624,27.1,2.5,2332.0,6259.7,0.2714247471396813,20.0,938.6
372,25,dt,loso,Madinah - Taibah University,24.4846,39.5418,01-05-2019 00:00,6784.8,6392.7,-392.10000000000036,392.10000000000036,153742.4100000003,5.779094446409626,33.7,2.4,2539.7,5503.5,0.31575740998607515,15.4,937.1
373,25,dt,loso,Madinah - Taibah University,24.4846,39.5418,01-07-2019 00:00,7652.5,7504.7,-147.80000000000018,147.80000000000018,21844.840000000055,1.9313949689643932,36.6,3.0,2073.5,7454.2,0.2176285987174239,12.1,932.9
374,25,dt,loso,Madinah - Taibah University,24.4846,39.5418,01-11-2019 00:00,4642.0,4407.8,-234.19999999999982,234.19999999999982,54849.63999999991,5.0452391210685015,25.4,2.0,1378.9,5787.4,0.19241449562535762,31.5,940.6
375,25,dt,loso,Madinah - Taibah University,24.4846,39.5418,01-09-2020 00:00,6649.2,6538.0,-111.19999999999982,111.19999999999982,12365.439999999959,1.6723816398965263,36.4,2.1,2010.6,6596.9,0.2335869880917804,9.2,936.0
376,25,dt,loso,Madinah - Taibah University,24.4846,39.5418,01-01-2021 00:00,4856.0,4407.8,-448.1999999999998,448.1999999999998,200883.23999999985,9.229818780889618,20.3,2.0,1812.8,5565.0,0.24571010328282142,31.5,943.0
377,25,dt,loso,Madinah - Taibah University,24.4846,39.5418,01-04-2021 00:00,7540.0,7617.1,77.10000000000036,77.10000000000036,5944.410000000056,1.0225464190981481,29.8,2.6,2805.7,6357.5,0.3061921599441243,15.7,939.1
378,25,dt,loso,Madinah - Taibah University,24.4846,39.5418,01-10-2021 00:00,5769.9,5778.5,8.600000000000364,8.600000000000364,73.96000000000626,0.14904937693894807,32.9,1.7,1698.3,6348.0,0.2110659557809179,12.4,939.3
468,26,dt,loso,Mahd ad Dahab,23.419423,40.743138,01-04-2021 00:00,6614.9,6654.2,39.30000000000018,39.30000000000018,1544.4900000000143,0.5941132896944804,26.5,3.3,2715.3,5076.9,0.3484638484638485,25.5,904.0
469,26,dt,loso,Mahd ad Dahab,23.419423,40.743138,01-07-2021 00:00,6812.8,7142.7,329.89999999999964,329.89999999999964,108834.00999999976,4.842355565993419,34.7,4.2,3481.0,4221.5,0.4519311911716975,20.9,897.5
470,26,dt,loso,Mahd ad Dahab,23.419423,40.743138,01-08-2021 00:00,6508.0,6466.1,-41.899999999999636,41.899999999999636,1755.6099999999694,0.6438229870928033,34.7,3.3,2185.4,5636.9,0.27938074479373076,19.4,899.4
471,26,dt,loso,Mahd ad Dahab,23.419423,40.743138,01-09-2021 00:00,6019.7,6400.2,380.5,380.5,144780.25,6.320913002309085,32.8,2.9,2329.5,4973.0,0.31900034234851077,19.1,900.9
472,26,dt,loso,Mahd ad Dahab,23.419423,40.743138,01-10-2021 00:00,5795.7,6062.9,267.1999999999998,267.1999999999998,71395.83999999991,4.610314543540897,28.6,2.4,1604.5,6522.6,0.1974258960760911,20.4,904.8
473,26,dt,loso,Mahd ad Dahab,23.419423,40.743138,01-11-2021 00:00,4780.9,4512.3,-268.59999999999945,268.59999999999945,72145.9599999997,5.618189043903857,22.7,2.5,1246.2,6306.3,0.1650049652432969,29.0,905.9
474,26,dt,loso,Mahd ad Dahab,23.419423,40.743138,01-12-2021 00:00,4056.8,4216.5,159.69999999999982,159.69999999999982,25504.089999999942,3.936600276079664,18.5,2.6,1470.4,5001.9,0.2271835359918422,40.9,906.8
1320,27,dt,loso,Majmaah - University,25.85891,45.41889,01-01-2017 00:00,4179.1,3842.0,-337.10000000000036,337.10000000000036,113636.41000000025,8.066330071067942,14.0,3.1,1611.9,4846.9,0.2495664829380071,40.7,936.6
1321,27,dt,loso,Majmaah - University,25.85891,45.41889,01-02-2017 00:00,4783.2,4872.1,88.90000000000055,88.90000000000055,7903.210000000097,1.8585883927078222,12.6,3.3,1949.1,4732.1,0.2917290307130455,39.6,937.0
1322,27,dt,loso,Majmaah - University,25.85891,45.41889,01-03-2017 00:00,4958.5,5020.4,61.899999999999636,61.899999999999636,3831.609999999955,1.2483613996168124,20.4,4.2,2868.3,3001.6,0.488645462443994,40.8,932.1
1323,27,dt,loso,Majmaah - University,25.85891,45.41889,01-04-2017 00:00,6331.3,6230.0,-101.30000000000018,101.30000000000018,10261.690000000037,1.5999873643643514,27.1,3.7,3386.2,3876.1,0.4662710160692894,25.8,932.5
1324,27,dt,loso,Majmaah - University,25.85891,45.41889,01-05-2017 00:00,6955.8,7071.3,115.5,115.5,13340.25,1.6604847752954368,32.4,3.3,3634.7,4113.2,0.4691206649543747,19.4,929.8
1325,27,dt,loso,Majmaah - University,25.85891,45.41889,01-06-2017 00:00,7907.4,7666.6,-240.79999999999927,240.79999999999927,57984.63999999965,3.0452487543313764,34.9,3.0,2535.3,7085.1,0.2635337408007983,10.0,926.7
1326,27,dt,loso,Majmaah - University,25.85891,45.41889,01-09-2017 00:00,6766.3,6916.9,150.59999999999945,150.59999999999945,22680.359999999837,2.225736369951073,32.7,2.5,2161.9,6542.7,0.24836293454035796,10.3,929.3
1327,27,dt,loso,Majmaah - University,25.85891,45.41889,01-10-2017 00:00,5844.2,5822.8,-21.399999999999636,21.399999999999636,457.9599999999844,0.36617501112213197,28.1,2.7,1768.2,6498.1,0.21390464899652806,15.7,932.9
1328,27,dt,loso,Majmaah - University,25.85891,45.41889,01-11-2017 00:00,4333.5,4080.6,-252.9000000000001,252.9000000000001,63958.41000000005,5.835929387331259,20.3,2.8,1633.2,4861.8,0.2514549653579677,34.6,935.5
1329,27,dt,loso,Majmaah - University,25.85891,45.41889,01-03-2018 00:00,6130.1,6327.1,197.0,197.0,38809.0,3.2136506745403826,23.7,3.4,2598.0,5142.9,0.3356198891601752,26.2,933.4
1330,27,dt,loso,Majmaah - University,25.85891,45.41889,01-04-2018 00:00,6129.9,6297.0,167.10000000000036,167.10000000000036,27922.41000000012,2.7259824793226706,24.4,3.7,3363.6,3562.8,0.48562023562023565,39.6,930.6
1331,27,dt,loso,Majmaah - University,25.85891,45.41889,01-05-2018 00:00,7065.5,7172.9,107.39999999999964,107.39999999999964,11534.759999999922,1.5200622744320946,30.8,3.7,3902.2,3921.6,0.49876019325647386,21.9,929.4
1332,27,dt,loso,Majmaah - University,25.85891,45.41889,01-06-2018 00:00,7908.9,7916.7,7.800000000000182,7.800000000000182,60.84000000000284,0.09862307021204192,35.1,3.3,2888.6,6422.5,0.31023187378505224,13.7,926.0
1333,27,dt,loso,Majmaah - University,25.85891,45.41889,01-07-2018 00:00,7835.9,7916.7,80.80000000000018,80.80000000000018,6528.640000000029,1.0311514950420524,35.6,3.4,2710.9,6677.0,0.28876532557867046,12.5,923.8
1334,27,dt,loso,Majmaah - University,25.85891,45.41889,01-08-2018 00:00,7566.4,7512.5,-53.899999999999636,53.899999999999636,2905.209999999961,0.7123599069570686,34.7,3.0,2030.7,7539.3,0.21219435736677117,13.9,925.3
1335,27,dt,loso,Majmaah - University,25.85891,45.41889,01-09-2018 00:00,6466.1,6587.5,121.39999999999964,121.39999999999964,14737.959999999912,1.877484109432264,34.3,2.5,2471.2,5573.8,0.307172156619018,13.8,929.3
1336,27,dt,loso,Majmaah - University,25.85891,45.41889,01-10-2018 00:00,5257.5,5122.5,-135.0,135.0,18225.0,2.5677603423680457,26.7,2.5,2007.8,5048.0,0.2845602199608832,30.6,934.6
1337,27,dt,loso,Majmaah - University,25.85891,45.41889,01-11-2018 00:00,3507.4,3692.9,185.5,185.5,34410.25,5.288817927809773,18.2,3.0,1777.1,3202.3,0.35689038840020887,73.9,936.1
1338,27,dt,loso,Majmaah - University,25.85891,45.41889,01-12-2018 00:00,3834.7,3692.9,-141.79999999999973,141.79999999999973,20107.23999999992,3.6978120843872984,16.0,2.8,1580.7,4396.7,0.26444608023555394,63.4,937.4
1339,27,dt,loso,Majmaah - University,25.85891,45.41889,01-01-2019 00:00,3751.2,3924.8,173.60000000000036,173.60000000000036,30136.960000000126,4.627852420558765,15.9,3.4,2300.2,2693.9,0.4605834885164493,45.9,936.6
1340,27,dt,loso,Majmaah - University,25.85891,45.41889,01-02-2019 00:00,4669.5,4990.8,321.3000000000002,321.3000000000002,103233.69000000012,6.880822357854163,15.1,3.1,1931.1,4659.4,0.29301266975191564,50.2,935.6
1341,27,dt,loso,Majmaah - University,25.85891,45.41889,01-03-2019 00:00,6289.7,6177.3,-112.39999999999964,112.39999999999964,12633.759999999918,1.7870486668680483,18.6,3.7,2521.7,5628.1,0.3094186360401482,34.0,933.0
1342,27,dt,loso,Majmaah - University,25.85891,45.41889,01-04-2019 00:00,6665.8,6299.3,-366.5,366.5,134322.25,5.49821476791983,22.9,3.5,2687.9,5345.6,0.3345864193688928,37.5,931.8
1343,27,dt,loso,Majmaah - University,25.85891,45.41889,01-05-2019 00:00,7049.7,6931.7,-118.0,118.0,13924.0,1.673830092060655,31.1,3.2,3170.8,4996.2,0.3882453777396841,23.5,930.0
1344,27,dt,loso,Majmaah - University,25.85891,45.41889,01-06-2019 00:00,7681.9,7910.4,228.5,228.5,52212.25,2.9745245316913786,35.7,2.7,2665.1,6546.3,0.2893262696224244,12.5,926.9
1345,27,dt,loso,Majmaah - University,25.85891,45.41889,01-07-2019 00:00,7979.4,7820.6,-158.79999999999927,158.79999999999927,25217.43999999977,1.9901245707697228,35.7,3.0,2278.9,7614.0,0.23035712480667955,12.5,924.1
1346,27,dt,loso,Majmaah - University,25.85891,45.41889,01-08-2019 00:00,7647.6,7506.2,-141.40000000000055,141.40000000000055,19993.960000000156,1.8489460745854978,35.2,3.3,2120.6,7502.3,0.2203701586839726,12.7,925.4
1347,27,dt,loso,Majmaah - University,25.85891,45.41889,01-09-2019 00:00,6796.3,6812.8,16.5,16.5,272.25,0.2427791592484146,33.4,2.3,2047.6,6776.3,0.23205158716667235,15.0,928.7
1348,27,dt,loso,Majmaah - University,25.85891,45.41889,01-10-2019 00:00,5595.0,5505.8,-89.19999999999982,89.19999999999982,7956.639999999968,1.5942806076854301,29.0,2.5,1924.1,5750.9,0.25069706840390876,26.0,932.5
1349,27,dt,loso,Majmaah - University,25.85891,45.41889,01-11-2019 00:00,3986.5,4080.6,94.09999999999991,94.09999999999991,8854.809999999983,2.360466574689575,20.0,2.6,1744.2,4032.4,0.301942319011183,49.9,935.5
1350,27,dt,loso,Majmaah - University,25.85891,45.41889,01-12-2019 00:00,4336.2,4239.8,-96.39999999999964,96.39999999999964,9292.95999999993,2.2231446888981052,16.1,2.8,1230.7,6304.0,0.1633376245902292,45.6,936.0
1351,27,dt,loso,Majmaah - University,25.85891,45.41889,01-01-2020 00:00,4748.2,4790.7,42.5,42.5,1806.25,0.895076028810918,12.9,2.7,1206.0,6848.5,0.14972996461605315,40.3,936.7
1352,27,dt,loso,Majmaah - University,25.85891,45.41889,01-02-2020 00:00,5303.0,6031.2,728.1999999999998,728.1999999999998,530275.2399999998,13.731849896285118,17.0,2.7,2049.9,5507.8,0.27123331172182014,31.2,936.0
1353,27,dt,loso,Majmaah - University,25.85891,45.41889,01-03-2020 00:00,6373.3,6069.7,-303.60000000000036,303.60000000000036,92172.96000000022,4.763623240707331,20.6,2.9,2846.5,5154.7,0.35575913612958054,26.9,932.4
1354,27,dt,loso,Majmaah - University,25.85891,45.41889,01-04-2020 00:00,7018.7,6946.7,-72.0,72.0,5184.0,1.0258309943436819,25.8,3.6,3119.7,5160.7,0.3767571614897831,31.5,930.7
1355,27,dt,loso,Majmaah - University,25.85891,45.41889,01-05-2020 00:00,7073.8,6784.3,-289.5,289.5,83810.25,4.09256693714835,30.8,2.6,3267.9,4921.1,0.39905971425082426,17.8,930.6
1356,27,dt,loso,Majmaah - University,25.85891,45.41889,01-09-2020 00:00,6787.4,7387.0,599.6000000000004,599.6000000000004,359520.16000000044,8.834015970769373,32.8,1.8,2086.8,6745.1,0.23627984918307496,13.6,928.9
1357,27,dt,loso,Majmaah - University,25.85891,45.41889,01-10-2020 00:00,6164.0,5985.7,-178.30000000000018,178.30000000000018,31790.890000000065,2.8926022063595096,25.4,1.5,1186.7,8279.5,0.1253618136105301,16.4,934.1
1358,27,dt,loso,Majmaah - University,25.85891,45.41889,01-11-2020 00:00,4415.4,4332.4,-83.0,83.0,6889.0,1.8797843909951535,21.3,2.4,1622.1,5097.0,0.24141626110639816,39.5,935.3
1359,27,dt,loso,Majmaah - University,25.85891,45.41889,01-12-2020 00:00,3855.8,3774.5,-81.30000000000018,81.30000000000018,6609.69000000003,2.1085118522745003,15.0,2.1,1507.5,4625.1,0.24581743469327852,58.6,937.6
1360,27,dt,loso,Majmaah - University,25.85891,45.41889,01-01-2021 00:00,4355.3,3774.5,-580.8000000000002,580.8000000000002,337328.6400000002,13.335476316212436,14.5,2.0,1537.6,5340.9,0.22353710838118773,46.1,937.7
1361,27,dt,loso,Majmaah - University,25.85891,45.41889,01-02-2021 00:00,4928.3,5049.4,121.09999999999945,121.09999999999945,14665.209999999868,2.4572367753586315,16.1,2.5,1963.9,5057.5,0.27970205372148005,44.0,936.1
1362,27,dt,loso,Majmaah - University,25.85891,45.41889,01-03-2021 00:00,6328.4,6578.6,250.20000000000073,250.20000000000073,62600.040000000365,3.953605966753061,22.7,2.9,2965.9,4796.5,0.3820854374935587,23.9,933.2
1363,27,dt,loso,Majmaah - University,25.85891,45.41889,01-04-2021 00:00,6740.4,7122.5,382.10000000000036,382.10000000000036,146000.41000000027,5.668803038395353,26.8,2.2,3155.4,4764.8,0.39839903032751695,19.4,932.5
1364,27,dt,loso,Majmaah - University,25.85891,45.41889,01-05-2021 00:00,7892.9,7910.4,17.5,17.5,306.25,0.22171825311355775,32.7,2.1,2866.7,6559.5,0.3041204302900426,12.9,928.5
1365,27,dt,loso,Majmaah - University,25.85891,45.41889,01-07-2021 00:00,7874.2,7591.2,-283.0,283.0,80089.0,3.5940159000279395,37.4,2.2,2531.9,7053.2,0.2641495654714088,13.9,922.9
1366,27,dt,loso,Majmaah - University,25.85891,45.41889,01-08-2021 00:00,7591.7,7545.6,-46.099999999999454,46.099999999999454,2125.2099999999496,0.6072421196833312,35.9,2.0,2223.4,7254.2,0.23459525618299992,12.5,925.6
1367,27,dt,loso,Majmaah - University,25.85891,45.41889,01-09-2021 00:00,6960.1,6809.4,-150.70000000000073,150.70000000000073,22710.49000000022,2.1651987758796674,31.9,1.8,1863.0,7363.6,0.20191619881646544,15.6,928.5
1368,27,dt,loso,Majmaah - University,25.85891,45.41889,01-10-2021 00:00,5851.7,5863.3,11.600000000000364,11.600000000000364,134.56000000000844,0.1982329921219537,28.6,1.8,1752.6,6505.0,0.21224084479751984,18.9,933.2
1369,27,dt,loso,Majmaah - University,25.85891,45.41889,01-11-2021 00:00,4731.8,4723.7,-8.100000000000364,8.100000000000364,65.6100000000059,0.17118221395664152,21.1,1.4,1544.8,5806.2,0.21014827914569445,31.7,935.6
1370,27,dt,loso,Majmaah - University,25.85891,45.41889,01-12-2021 00:00,3769.1,3911.0,141.9000000000001,141.9000000000001,20135.610000000026,3.7648244939110156,16.0,1.7,1762.6,3957.5,0.3081414660582857,39.9,937.0
883,28,dt,loso,Makkah - UQU,21.331,39.949,01-01-2017 00:00,4250.1,4098.6,-151.5,151.5,22952.25,3.564622008893908,25.2,2.2,1664.4,4531.1,0.26864659833750304,50.6,979.9
884,28,dt,loso,Makkah - UQU,21.331,39.949,01-03-2018 00:00,6678.2,6808.1,129.90000000000055,129.90000000000055,16874.01000000014,1.9451349165943002,29.5,2.4,2243.4,6226.5,0.2648673538058301,31.1,976.4
885,28,dt,loso,Makkah - UQU,21.331,39.949,01-04-2018 00:00,6886.4,6800.4,-86.0,86.0,7396.0,1.2488382899628254,30.8,2.6,2751.8,5487.3,0.3339927904746878,31.7,974.3
886,28,dt,loso,Makkah - UQU,21.331,39.949,01-05-2018 00:00,7479.2,7145.1,-334.09999999999945,334.09999999999945,111622.80999999963,4.467055300032082,35.1,2.9,3080.4,5602.1,0.3547826086956522,21.8,972.7
887,28,dt,loso,Makkah - UQU,21.331,39.949,01-06-2018 00:00,7310.5,7406.8,96.30000000000018,96.30000000000018,9273.690000000035,1.317283359551333,36.7,2.7,3313.7,5070.5,0.39523150688199227,21.8,970.5
888,28,dt,loso,Makkah - UQU,21.331,39.949,01-07-2018 00:00,7288.7,7145.1,-143.59999999999945,143.59999999999945,20620.959999999843,1.9701730075322,36.3,2.7,3111.1,5304.7,0.3696737089759738,21.9,970.7
889,28,dt,loso,Makkah - UQU,21.331,39.949,01-08-2018 00:00,6950.1,7290.2,340.09999999999945,340.09999999999945,115668.00999999963,4.89345477043495,36.0,2.8,2721.4,5482.6,0.3317162359824476,24.3,971.0
890,28,dt,loso,Makkah - UQU,21.331,39.949,01-02-2020 00:00,3893.2,3692.9,-200.29999999999973,200.29999999999973,40120.08999999989,5.144867974930642,24.2,2.4,1823.6,3176.5,0.36471270574588505,44.3,979.7
891,28,dt,loso,Makkah - UQU,21.331,39.949,01-03-2020 00:00,5865.7,4873.9,-991.8000000000002,991.8000000000002,983667.2400000003,16.908467872547185,27.3,2.4,2373.9,4809.8,0.33045645001879254,33.4,976.3
892,28,dt,loso,Makkah - UQU,21.331,39.949,01-04-2020 00:00,6403.0,6162.5,-240.5,240.5,57840.25,3.7560518506949867,30.5,2.4,2255.5,5559.8,0.28860056555730423,29.6,975.3
893,28,dt,loso,Makkah - UQU,21.331,39.949,01-05-2020 00:00,6591.3,6718.8,127.5,127.5,16256.25,1.934368030585772,34.8,2.4,2609.2,5162.5,0.33573092116267994,23.1,973.9
894,28,dt,loso,Makkah - UQU,21.331,39.949,01-10-2020 00:00,5902.6,6766.3,863.6999999999998,863.6999999999998,745977.6899999997,14.632534815166192,32.4,1.6,1686.9,6382.7,0.20904381877664321,29.7,975.5
895,28,dt,loso,Makkah - UQU,21.331,39.949,01-11-2020 00:00,4337.1,5328.4,991.2999999999993,991.2999999999993,982675.6899999985,22.856286458693578,28.2,1.4,1719.9,4421.1,0.2800683927699072,48.5,977.9
896,28,dt,loso,Makkah - UQU,21.331,39.949,01-12-2020 00:00,4176.4,4098.6,-77.79999999999927,77.79999999999927,6052.8399999998865,1.8628483861698897,26.2,1.5,1694.1,4523.4,0.27247285886610373,44.5,979.0
897,28,dt,loso,Makkah - UQU,21.331,39.949,01-01-2021 00:00,4565.6,4603.3,37.69999999999982,37.69999999999982,1421.2899999999863,0.8257403189066018,25.0,1.7,1817.5,4750.3,0.2767288894302506,46.3,979.2
898,28,dt,loso,Makkah - UQU,21.331,39.949,01-02-2021 00:00,4889.0,4873.9,-15.100000000000364,15.100000000000364,228.010000000011,0.308856616895078,24.5,1.9,1934.3,4678.4,0.2925128918596035,43.5,978.6
899,28,dt,loso,Makkah - UQU,21.331,39.949,01-03-2021 00:00,6393.8,6162.5,-231.30000000000018,231.30000000000018,53499.69000000008,3.6175670180487374,29.1,1.8,2538.4,5233.3,0.3266209452243396,33.2,976.3
900,28,dt,loso,Makkah - UQU,21.331,39.949,01-05-2021 00:00,7485.0,6800.4,-684.6000000000004,684.6000000000004,468677.1600000005,9.146292585170347,34.6,2.0,2709.8,5090.8,0.34738353459990257,26.3,972.9
901,28,dt,loso,Makkah - UQU,21.331,39.949,01-07-2021 00:00,6611.6,6604.4,-7.200000000000728,7.200000000000728,51.84000000001048,0.10889950995221621,35.7,2.4,3277.3,4124.0,0.4428005890857012,25.6,969.5
902,28,dt,loso,Makkah - UQU,21.331,39.949,01-09-2021 00:00,5954.7,6183.4,228.69999999999982,228.69999999999982,52303.689999999915,3.84066367743127,34.9,2.1,2873.8,4043.6,0.4154451094341805,34.2,971.5
903,28,dt,loso,Makkah - UQU,21.331,39.949,01-10-2021 00:00,5698.0,6524.3,826.3000000000002,826.3000000000002,682771.6900000003,14.501579501579503,33.1,1.8,1969.6,5525.6,0.26278151350197454,33.1,975.3
904,28,dt,loso,Makkah - UQU,21.331,39.949,01-11-2021 00:00,4622.3,5999.1,1376.8000000000002,1376.8000000000002,1895578.2400000005,29.78603725418082,28.7,1.5,2303.9,3887.6,0.37210692077848667,43.1,977.6
905,28,dt,loso,Makkah - UQU,21.331,39.949,01-12-2021 00:00,4094.5,4058.3,-36.19999999999982,36.19999999999982,1310.4399999999869,0.8841128342898966,25.9,1.8,1703.2,4285.1,0.28442128817861495,47.7,979.4
1164,29,dt,loso,Najran - University,17.63228,44.53735,01-01-2017 00:00,5782.0,6908.0,1126.0,1126.0,1267876.0,19.47423037011415,20.0,1.7,1286.2,7774.0,0.14196154610273504,25.2,885.4
1165,29,dt,loso,Najran - University,17.63228,44.53735,01-02-2017 00:00,5517.5,6459.8,942.3000000000002,942.3000000000002,887929.2900000004,17.078386950611694,19.3,2.2,2425.5,4577.2,0.34636640153083814,33.4,884.7
1166,29,dt,loso,Najran - University,17.63228,44.53735,01-03-2017 00:00,6515.7,6566.1,50.400000000000546,50.400000000000546,2540.160000000055,0.7735162760716507,26.1,2.2,2536.9,5407.0,0.31935195558856483,29.7,881.4
1167,29,dt,loso,Najran - University,17.63228,44.53735,01-04-2017 00:00,7486.0,7540.0,54.0,54.0,2916.0,0.7213465134918514,28.2,2.2,2597.4,6505.3,0.2853439089500917,15.8,882.4
1168,29,dt,loso,Najran - University,17.63228,44.53735,01-05-2017 00:00,7278.9,7335.8,56.900000000000546,56.900000000000546,3237.610000000062,0.7817115223454167,31.1,2.3,3150.9,5212.9,0.37673067266075233,21.0,880.9
1169,29,dt,loso,Najran - University,17.63228,44.53735,01-06-2017 00:00,7522.5,7412.5,-110.0,110.0,12100.0,1.4622798271851114,33.5,2.1,3465.6,5206.2,0.3996402131045458,10.1,878.2
1170,29,dt,loso,Najran - University,17.63228,44.53735,01-09-2017 00:00,7352.4,7387.0,34.600000000000364,34.600000000000364,1197.160000000025,0.47059463576519733,30.8,2.2,2186.3,7026.5,0.23731113233761728,13.5,879.8
1171,29,dt,loso,Najran - University,17.63228,44.53735,01-10-2017 00:00,6898.2,6971.5,73.30000000000018,73.30000000000018,5372.890000000027,1.062596039546551,25.9,1.9,1430.4,8301.3,0.14698356916057834,18.0,883.4
1172,29,dt,loso,Najran - University,17.63228,44.53735,01-11-2017 00:00,5964.5,6971.5,1007.0,1007.0,1014049.0,16.883225752368176,21.3,1.8,1290.5,7865.8,0.14094120987735223,30.8,885.0
1173,29,dt,loso,Najran - University,17.63228,44.53735,01-03-2018 00:00,7078.5,6971.5,-107.0,107.0,11449.0,1.5116196934378754,24.3,2.2,1944.5,7299.1,0.21036176381496385,21.3,883.1
1174,29,dt,loso,Najran - University,17.63228,44.53735,01-04-2018 00:00,6781.6,6304.4,-477.2000000000007,477.2000000000007,227719.8400000007,7.036687507372902,26.8,2.0,3338.2,4304.0,0.43681138939048963,35.7,881.1
1175,29,dt,loso,Najran - University,17.63228,44.53735,01-05-2018 00:00,8046.4,7805.1,-241.29999999999927,241.29999999999927,58225.689999999646,2.998856631537076,30.4,2.4,3251.0,6126.8,0.3466697946213398,20.4,880.1
1176,29,dt,loso,Najran - University,17.63228,44.53735,01-06-2018 00:00,7486.6,6812.8,-673.8000000000002,673.8000000000002,454006.44000000024,9.000080143189166,33.5,2.5,4190.2,4106.1,0.5050685245229801,15.8,877.8
1177,29,dt,loso,Najran - University,17.63228,44.53735,01-07-2018 00:00,7172.9,6387.9,-785.0,785.0,616225.0,10.94396966359492,34.5,2.8,4208.9,3609.7,0.5383188806180135,16.3,876.1
1178,29,dt,loso,Najran - University,17.63228,44.53735,01-08-2018 00:00,7150.9,6812.8,-338.09999999999945,338.09999999999945,114311.60999999964,4.728076186214316,33.9,2.6,3639.1,4356.4,0.4551435182290038,17.5,876.5
1179,29,dt,loso,Najran - University,17.63228,44.53735,01-09-2018 00:00,7522.8,7637.6,114.80000000000018,114.80000000000018,13179.04000000004,1.5260275429361432,31.1,2.3,2429.9,6918.0,0.25994073535232515,15.2,880.1
1180,29,dt,loso,Najran - University,17.63228,44.53735,01-10-2018 00:00,6618.4,6299.1,-319.2999999999993,319.2999999999993,101952.48999999954,4.824428864982462,25.9,2.1,2020.6,6779.8,0.22960319985455208,32.0,883.9
1181,29,dt,loso,Najran - University,17.63228,44.53735,01-11-2018 00:00,5677.8,6184.2,506.39999999999964,506.39999999999964,256440.95999999964,8.918947479657607,23.6,1.9,1838.0,6375.2,0.22378610042370817,35.4,884.5
1182,29,dt,loso,Najran - University,17.63228,44.53735,01-12-2018 00:00,5783.6,6846.4,1062.7999999999993,1062.7999999999993,1129543.8399999985,18.37609793208381,19.9,1.8,1091.4,8418.9,0.11475978675751555,33.9,885.6
1183,29,dt,loso,Najran - University,17.63228,44.53735,01-01-2019 00:00,5863.7,6358.1,494.40000000000055,494.40000000000055,244431.36000000054,8.431536401930531,20.4,1.8,1886.8,6776.7,0.21778726842500143,31.2,885.6
1184,29,dt,loso,Najran - University,17.63228,44.53735,01-02-2019 00:00,6352.1,6235.7,-116.40000000000055,116.40000000000055,13548.960000000126,1.8324648541427329,22.1,2.1,2522.7,5702.1,0.30671870440618615,32.8,884.1
1185,29,dt,loso,Najran - University,17.63228,44.53735,01-03-2019 00:00,7040.3,6432.5,-607.8000000000002,607.8000000000002,369420.8400000002,8.633154837151828,25.2,2.3,3158.5,5215.9,0.3771613488727551,24.2,882.3
1186,29,dt,loso,Najran - University,17.63228,44.53735,01-04-2019 00:00,6897.5,6755.0,-142.5,142.5,20306.25,2.065965929684668,27.7,2.2,3202.8,4689.7,0.4058029775102946,30.3,881.6
1187,29,dt,loso,Najran - University,17.63228,44.53735,01-05-2019 00:00,7130.1,7182.2,52.099999999999454,52.099999999999454,2714.409999999943,0.7307050392000035,29.3,2.2,2986.3,5303.9,0.36022050131480543,30.6,881.5
1188,29,dt,loso,Najran - University,17.63228,44.53735,01-06-2019 00:00,7670.6,7425.5,-245.10000000000036,245.10000000000036,60074.01000000018,3.195317185096346,33.6,2.3,3098.2,5848.0,0.3463146363819275,14.8,878.4
1189,29,dt,loso,Najran - University,17.63228,44.53735,01-07-2019 00:00,7272.5,6812.8,-459.6999999999998,459.6999999999998,211324.08999999982,6.32107253351667,34.9,2.8,3849.4,4295.5,0.4726147650677111,13.7,876.0
1190,29,dt,loso,Najran - University,17.63228,44.53735,01-08-2019 00:00,7070.3,6876.9,-193.40000000000055,193.40000000000055,37403.56000000021,2.735386051511259,33.4,2.7,3201.5,4958.3,0.39235030270349763,18.6,877.5
1191,29,dt,loso,Najran - University,17.63228,44.53735,01-09-2019 00:00,7108.8,7000.4,-108.40000000000055,108.40000000000055,11750.560000000118,1.5248705829394629,31.5,2.3,2532.0,6208.4,0.28968925907281134,19.3,879.5
1192,29,dt,loso,Najran - University,17.63228,44.53735,01-10-2019 00:00,6696.1,6387.1,-309.0,309.0,95481.0,4.614626424336554,27.0,2.1,1835.1,7261.1,0.20174358523339414,22.2,882.8
1193,29,dt,loso,Najran - University,17.63228,44.53735,01-11-2019 00:00,5674.1,5136.3,-537.8000000000002,537.8000000000002,289228.8400000002,9.478155125923056,22.0,2.0,1644.5,6569.2,0.20021427614838622,37.5,884.5
1194,29,dt,loso,Najran - University,17.63228,44.53735,01-12-2019 00:00,5493.6,5345.5,-148.10000000000036,148.10000000000036,21933.610000000106,2.695864278433092,20.0,1.8,1343.5,7390.3,0.15382765806407292,38.2,885.0
1195,29,dt,loso,Najran - University,17.63228,44.53735,01-01-2020 00:00,5907.3,5446.5,-460.8000000000002,460.8000000000002,212336.64000000016,7.800518003148649,18.5,1.9,1569.5,7353.5,0.1758937577048078,33.1,885.3
1196,29,dt,loso,Najran - University,17.63228,44.53735,01-02-2020 00:00,6317.6,7047.2,729.5999999999995,729.5999999999995,532316.1599999992,11.548689375712287,22.0,2.1,2253.5,6185.2,0.2670435019612025,27.4,884.9
1197,29,dt,loso,Najran - University,17.63228,44.53735,01-03-2020 00:00,7091.8,6235.7,-856.1000000000004,856.1000000000004,732907.2100000007,12.071688428889708,24.9,2.2,3119.6,5320.5,0.3696164737384628,26.0,882.0
1198,29,dt,loso,Najran - University,17.63228,44.53735,01-04-2020 00:00,7092.1,7180.5,88.39999999999964,88.39999999999964,7814.559999999936,1.2464573257568228,28.3,1.8,2923.7,5397.4,0.35135979618079344,35.2,881.0
1199,29,dt,loso,Najran - University,17.63228,44.53735,01-05-2020 00:00,7241.7,7335.8,94.10000000000036,94.10000000000036,8854.810000000069,1.2994186447933547,33.6,2.2,3215.9,5163.0,0.38380933058038647,23.9,881.1
1200,29,dt,loso,Najran - University,17.63228,44.53735,01-09-2020 00:00,7666.8,7872.0,205.19999999999982,205.19999999999982,42107.03999999993,2.6764751917357934,30.5,2.1,2282.6,7432.1,0.23496350890917886,15.5,879.5
1201,29,dt,loso,Najran - University,17.63228,44.53735,01-10-2020 00:00,7295.8,6908.0,-387.8000000000002,387.8000000000002,150388.84000000014,5.315386934948877,25.1,1.8,1371.9,9097.3,0.13104153134910024,16.7,883.6
1202,29,dt,loso,Najran - University,17.63228,44.53735,01-12-2020 00:00,5877.6,5450.1,-427.5,427.5,182756.25,7.273376888525929,19.0,1.4,1236.4,8347.2,0.1290120622730498,36.5,885.7
1203,29,dt,loso,Najran - University,17.63228,44.53735,01-01-2021 00:00,6173.5,6312.4,138.89999999999964,138.89999999999964,19293.209999999897,2.2499392564995486,17.8,1.6,1484.0,8075.2,0.1552431165787932,28.3,885.7
1204,29,dt,loso,Najran - University,17.63228,44.53735,01-02-2021 00:00,6579.8,6358.1,-221.69999999999982,221.69999999999982,49150.88999999992,3.3694033253290345,20.8,1.9,1926.2,7125.9,0.21279040222710752,30.6,884.3
1205,29,dt,loso,Najran - University,17.63228,44.53735,01-03-2021 00:00,7761.2,7631.2,-130.0,130.0,16900.0,1.674998711539453,25.3,1.7,2329.1,7704.3,0.2321346702015269,16.8,882.8
1206,29,dt,loso,Najran - University,17.63228,44.53735,01-04-2021 00:00,7654.8,7341.8,-313.0,313.0,97969.0,4.088937660030307,27.2,1.9,3048.7,6030.8,0.3357784018943774,19.8,882.3
1207,29,dt,loso,Najran - University,17.63228,44.53735,01-05-2021 00:00,8035.1,7805.1,-230.0,230.0,52900.0,2.862441039937275,31.9,2.2,3182.8,6322.6,0.3348412481326404,13.3,879.8
1208,29,dt,loso,Najran - University,17.63228,44.53735,01-07-2021 00:00,7113.9,6918.2,-195.69999999999982,195.69999999999982,38298.489999999925,2.7509523608709685,33.3,2.7,3549.2,4540.4,0.43873615506329117,23.4,875.0
1209,29,dt,loso,Najran - University,17.63228,44.53735,01-08-2021 00:00,7387.7,7584.6,196.90000000000055,196.90000000000055,38769.61000000021,2.665240873343538,33.9,2.5,3338.4,5179.2,0.39194139194139194,17.8,877.0
1210,29,dt,loso,Najran - University,17.63228,44.53735,01-09-2021 00:00,7591.2,7523.6,-67.59999999999945,67.59999999999945,4569.759999999927,0.8905047950258121,30.9,2.1,2482.8,6939.1,0.2635137286534563,15.1,879.2
1211,29,dt,loso,Najran - University,17.63228,44.53735,01-10-2021 00:00,7029.5,6971.5,-58.0,58.0,3364.0,0.8250942456789246,26.9,1.9,1824.4,7831.0,0.1889512604345755,20.8,883.3
1212,29,dt,loso,Najran - University,17.63228,44.53735,01-11-2021 00:00,6370.7,6971.5,600.8000000000002,600.8000000000002,360960.64000000025,9.430674808105863,22.5,1.3,1258.6,8607.1,0.12757330954721913,25.3,885.1
1213,29,dt,loso,Najran - University,17.63228,44.53735,01-12-2021 00:00,5952.6,6971.5,1018.8999999999996,1018.8999999999996,1038157.2099999993,17.116890098444372,19.0,1.1,1067.6,8876.4,0.10736122284794851,32.0,885.6
92,30,dt,loso,Osfan - KAU,21.89252,39.2539,01-01-2017 00:00,4327.0,4441.4,114.39999999999964,114.39999999999964,13087.359999999917,2.6438641090824966,24.4,2.9,1567.1,4919.9,0.24157545860952673,71.7,1001.7
93,30,dt,loso,Osfan - KAU,21.89252,39.2539,01-02-2017 00:00,4364.7,4151.0,-213.69999999999982,213.69999999999982,45667.68999999992,4.89609824272,23.8,3.9,2375.4,3136.0,0.4309975686758356,54.7,1001.3
94,30,dt,loso,Osfan - KAU,21.89252,39.2539,01-03-2017 00:00,5568.6,6012.5,443.89999999999964,443.89999999999964,197047.20999999967,7.971482958014575,25.9,3.6,2671.2,4086.5,0.395282418574367,64.0,997.8
95,30,dt,loso,Osfan - KAU,21.89252,39.2539,01-04-2017 00:00,6123.2,5700.8,-422.39999999999964,422.39999999999964,178421.7599999997,6.898353801933624,30.2,3.8,2994.4,4025.6,0.42655270655270655,53.4,996.6
96,30,dt,loso,Osfan - KAU,21.89252,39.2539,01-05-2017 00:00,6547.2,5700.8,-846.3999999999996,846.3999999999996,716392.9599999994,12.927663734115342,32.7,3.6,2983.5,4517.1,0.39776817854571633,49.6,995.2
97,30,dt,loso,Osfan - KAU,21.89252,39.2539,01-10-2017 00:00,5653.9,5573.0,-80.89999999999964,80.89999999999964,6544.809999999941,1.4308707264012388,30.6,2.7,1764.7,5868.9,0.23117533011947183,72.4,996.7
98,30,dt,loso,Osfan - KAU,21.89252,39.2539,01-11-2017 00:00,4491.7,4469.3,-22.399999999999636,22.399999999999636,501.7599999999837,0.498697597791474,28.1,3.0,1781.3,4614.5,0.27851089777666593,69.8,999.3
99,30,dt,loso,Osfan - KAU,21.89252,39.2539,01-03-2018 00:00,6460.5,6348.6,-111.89999999999964,111.89999999999964,12521.609999999919,1.7320640817274149,28.2,3.2,2231.4,6115.0,0.26734879708616893,49.9,997.8
100,30,dt,loso,Osfan - KAU,21.89252,39.2539,01-04-2018 00:00,7129.6,7378.5,248.89999999999964,248.89999999999964,61951.20999999982,3.4910794434470325,29.4,3.2,2679.4,5946.1,0.31063706451799894,46.2,995.7
101,30,dt,loso,Osfan - KAU,21.89252,39.2539,01-05-2018 00:00,7282.0,7310.5,28.5,28.5,812.25,0.3913759956056029,33.3,3.7,3148.5,5293.3,0.37296548129545837,39.5,993.8
102,30,dt,loso,Osfan - KAU,21.89252,39.2539,01-06-2018 00:00,7254.0,7125.3,-128.69999999999982,128.69999999999982,16563.68999999995,1.7741935483870943,33.9,3.3,3114.1,5273.3,0.3712831151489139,46.5,991.6
103,30,dt,loso,Osfan - KAU,21.89252,39.2539,01-07-2018 00:00,7178.2,6950.1,-228.09999999999945,228.09999999999945,52029.60999999975,3.177676854921839,34.7,3.0,2931.9,5391.5,0.35224787947233105,44.5,991.7
104,30,dt,loso,Osfan - KAU,21.89252,39.2539,01-08-2018 00:00,6917.8,6628.0,-289.8000000000002,289.8000000000002,83984.04000000011,4.1891930960710075,34.5,3.2,2527.4,5710.6,0.30679776644816703,51.0,992.0
105,30,dt,loso,Osfan - KAU,21.89252,39.2539,01-09-2018 00:00,6019.8,5957.2,-62.600000000000364,62.600000000000364,3918.7600000000457,1.0399016578623934,33.7,2.9,3098.6,3795.7,0.4494437433822143,64.1,993.4
106,30,dt,loso,Osfan - KAU,21.89252,39.2539,01-10-2018 00:00,5231.0,5297.0,66.0,66.0,4356.0,1.261709042248136,31.5,2.7,2130.2,4637.2,0.3147737683600792,59.5,997.4
107,30,dt,loso,Osfan - KAU,21.89252,39.2539,01-11-2018 00:00,4096.6,3945.8,-150.80000000000018,150.80000000000018,22740.640000000054,3.681101401161943,27.7,3.1,1787.2,4049.0,0.30622665432987217,56.0,999.3
108,30,dt,loso,Osfan - KAU,21.89252,39.2539,01-12-2018 00:00,3975.6,3945.8,-29.799999999999727,29.799999999999727,888.0399999999837,0.7495723915886842,25.3,3.0,1781.4,4062.4,0.30483589445223996,62.7,1001.6
109,30,dt,loso,Osfan - KAU,21.89252,39.2539,01-01-2019 00:00,4045.3,3951.5,-93.80000000000018,93.80000000000018,8798.440000000033,2.3187402664820946,24.7,3.2,2080.9,3446.8,0.3764495178826636,64.3,1001.7
110,30,dt,loso,Osfan - KAU,21.89252,39.2539,01-02-2019 00:00,4778.0,5072.3,294.3000000000002,294.3000000000002,86612.4900000001,6.159480954374219,24.5,3.7,2226.6,4016.0,0.35667830711562487,54.3,1000.8
111,30,dt,loso,Osfan - KAU,21.89252,39.2539,01-03-2019 00:00,6251.3,6083.3,-168.0,168.0,28224.0,2.687441012269448,24.9,4.0,2396.7,5632.6,0.2984942647553336,51.1,999.6
112,30,dt,loso,Osfan - KAU,21.89252,39.2539,01-04-2019 00:00,6915.2,6894.7,-20.5,20.5,420.25,0.29644840351689034,28.4,3.6,2699.6,5723.3,0.3205071887354712,48.7,996.9
113,30,dt,loso,Osfan - KAU,21.89252,39.2539,01-05-2019 00:00,6965.7,6950.1,-15.599999999999454,15.599999999999454,243.35999999998296,0.22395452000516036,33.6,3.1,2870.1,5217.8,0.354863437975247,41.3,994.8
114,30,dt,loso,Osfan - KAU,21.89252,39.2539,01-06-2019 00:00,7003.8,6931.7,-72.10000000000036,72.10000000000036,5198.410000000053,1.0294411605128697,35.0,3.7,3122.0,4851.0,0.3915715539947322,43.0,992.2
115,30,dt,loso,Osfan - KAU,21.89252,39.2539,01-07-2019 00:00,7240.6,7378.5,137.89999999999964,137.89999999999964,19016.409999999898,1.9045382979311056,34.6,3.2,2705.0,5875.9,0.31523499865981425,45.7,990.9
116,30,dt,loso,Osfan - KAU,21.89252,39.2539,01-08-2019 00:00,6971.0,6628.0,-343.0,343.0,117649.0,4.920384449863721,34.4,3.3,2505.4,5849.7,0.2998647532644732,51.7,992.6
117,30,dt,loso,Osfan - KAU,21.89252,39.2539,01-09-2019 00:00,6188.8,6160.3,-28.5,28.5,812.25,0.46050930713547056,32.9,3.0,2592.7,4759.2,0.35265713625049305,61.5,992.8
118,30,dt,loso,Osfan - KAU,21.89252,39.2539,01-10-2019 00:00,5377.9,5407.9,30.0,30.0,900.0,0.5578385615202961,31.6,2.9,2163.3,4866.9,0.3077152854826321,59.4,996.8
119,30,dt,loso,Osfan - KAU,21.89252,39.2539,01-11-2019 00:00,4634.7,5214.2,579.5,579.5,335820.25,12.50350616005351,28.9,2.7,1693.7,5039.4,0.25154832098142016,57.3,998.2
120,30,dt,loso,Osfan - KAU,21.89252,39.2539,01-12-2019 00:00,4307.9,4408.1,100.20000000000073,100.20000000000073,10040.040000000146,2.325959284105962,25.2,3.7,1560.3,5176.9,0.2315947277800867,55.0,1000.8
121,30,dt,loso,Osfan - KAU,21.89252,39.2539,01-01-2020 00:00,4818.4,4793.9,-24.5,24.5,600.25,0.5084675410924788,21.9,4.0,1405.7,6219.5,0.1843492629701516,49.7,1003.4
122,30,dt,loso,Osfan - KAU,21.89252,39.2539,01-02-2020 00:00,4959.4,5272.8,313.40000000000055,313.40000000000055,98219.56000000035,6.319312820099217,23.4,3.5,2221.3,4385.6,0.3362091147134057,56.3,1002.0
123,30,dt,loso,Osfan - KAU,21.89252,39.2539,01-03-2020 00:00,6308.6,6083.3,-225.30000000000018,225.30000000000018,50760.090000000084,3.571315347303684,25.6,3.6,2436.8,5455.8,0.30874490028634416,54.4,998.1
124,30,dt,loso,Osfan - KAU,21.89252,39.2539,01-09-2020 00:00,6212.3,6025.7,-186.60000000000036,186.60000000000036,34819.560000000136,3.003718429567155,34.7,2.8,2468.7,5044.1,0.3285991907145139,56.4,992.0
125,30,dt,loso,Osfan - KAU,21.89252,39.2539,01-10-2020 00:00,5750.3,5925.0,174.69999999999982,174.69999999999982,30520.089999999935,3.0381023598768726,32.8,3.1,1698.5,6251.9,0.21363704970819078,45.7,996.6
126,30,dt,loso,Osfan - KAU,21.89252,39.2539,01-11-2020 00:00,4439.9,5228.0,788.1000000000004,788.1000000000004,621101.6100000006,17.75039978377892,28.3,2.6,1592.7,4940.1,0.24380051432770022,61.0,999.5
127,30,dt,loso,Osfan - KAU,21.89252,39.2539,01-12-2020 00:00,4033.0,4125.3,92.30000000000018,92.30000000000018,8519.290000000034,2.288618894123486,26.2,2.1,1688.5,4413.6,0.27670801855099064,58.3,1000.7
128,30,dt,loso,Osfan - KAU,21.89252,39.2539,01-01-2021 00:00,4348.2,4470.6,122.40000000000055,122.40000000000055,14981.760000000133,2.8149579136194416,25.2,3.3,1805.4,4510.2,0.28586357590727723,58.4,1000.9
129,30,dt,loso,Osfan - KAU,21.89252,39.2539,01-02-2021 00:00,5016.3,4780.3,-236.0,236.0,55696.0,4.704662799274365,24.5,3.5,1814.4,5131.2,0.26123013130615064,58.0,1000.7
130,30,dt,loso,Osfan - KAU,21.89252,39.2539,01-03-2021 00:00,6161.8,4822.5,-1339.3000000000002,1339.3000000000002,1793724.4900000005,21.735531825116038,27.4,3.3,2445.2,5248.1,0.3178349992850922,57.5,997.9
131,30,dt,loso,Osfan - KAU,21.89252,39.2539,01-04-2021 00:00,6718.8,6628.0,-90.80000000000018,90.80000000000018,8244.640000000032,1.3514318032982107,29.7,3.4,2720.1,5245.5,0.3414808677312443,50.7,996.7
132,30,dt,loso,Osfan - KAU,21.89252,39.2539,01-05-2021 00:00,7387.0,7427.1,40.100000000000364,40.100000000000364,1608.010000000029,0.5428455394612205,32.4,2.7,2251.1,6793.0,0.24890259948474694,53.1,994.1
133,30,dt,loso,Osfan - KAU,21.89252,39.2539,01-07-2021 00:00,6627.9,5961.5,-666.3999999999996,666.3999999999996,444088.9599999995,10.054466724000054,33.9,3.2,3104.8,4465.3,0.41013989247169785,53.2,990.2
134,30,dt,loso,Osfan - KAU,21.89252,39.2539,01-08-2021 00:00,6560.8,5961.5,-599.3000000000002,599.3000000000002,359160.4900000002,9.134556761370566,34.7,3.1,2739.0,4890.9,0.3589824244092321,56.1,991.1
135,30,dt,loso,Osfan - KAU,21.89252,39.2539,01-09-2021 00:00,5972.5,6013.7,41.19999999999982,41.19999999999982,1697.439999999985,0.6898283800753423,32.8,3.2,2714.6,4315.4,0.3861450924608819,63.8,992.7
136,30,dt,loso,Osfan - KAU,21.89252,39.2539,01-10-2021 00:00,5533.7,5253.3,-280.39999999999964,280.39999999999964,78624.1599999998,5.067134105571311,31.1,2.5,1853.6,5513.5,0.25160510920172113,65.5,996.5
137,30,dt,loso,Osfan - KAU,21.89252,39.2539,01-11-2021 00:00,4506.5,5176.9,670.3999999999996,670.3999999999996,449436.1599999995,14.87628980361699,28.5,2.5,1386.1,5330.4,0.20637236655996424,62.1,998.9
737,31,dt,loso,Rania - TVTC,21.21501,42.84853,01-02-2017 00:00,4696.4,4242.8,-453.59999999999945,453.59999999999945,205752.9599999995,9.658461800528054,17.8,3.4,2489.3,3360.3,0.4255504649890591,36.1,912.8
738,31,dt,loso,Rania - TVTC,21.21501,42.84853,01-03-2017 00:00,5689.1,5895.8,206.69999999999982,206.69999999999982,42724.88999999993,3.633263609358243,24.9,3.8,2849.3,3924.0,0.42066644028759986,33.7,909.1
739,31,dt,loso,Rania - TVTC,21.21501,42.84853,01-05-2017 00:00,6588.7,6469.9,-118.80000000000018,118.80000000000018,14113.440000000042,1.8030871036775111,32.0,3.1,3045.4,4398.2,0.40912999086463536,24.7,908.4
740,31,dt,loso,Rania - TVTC,21.21501,42.84853,01-09-2017 00:00,6773.0,6501.4,-271.60000000000036,271.60000000000036,73766.5600000002,4.010039864166549,32.2,2.4,2290.2,6135.3,0.27181769627915253,10.7,907.5
741,31,dt,loso,Rania - TVTC,21.21501,42.84853,01-11-2017 00:00,5252.1,4901.4,-350.7000000000007,350.7000000000007,122990.49000000051,6.677329068372664,23.2,3.4,1461.4,6553.3,0.18233995034124795,27.3,912.5
742,31,dt,loso,Rania - TVTC,21.21501,42.84853,01-03-2018 00:00,6647.4,5192.8,-1454.5999999999995,1454.5999999999995,2115861.1599999983,21.882239672653963,25.9,3.7,2201.4,6323.8,0.25822268099282125,21.7,910.6
743,31,dt,loso,Rania - TVTC,21.21501,42.84853,01-04-2018 00:00,6467.7,6199.7,-268.0,268.0,71824.0,4.143667764429396,26.5,3.7,2885.1,4650.2,0.38287792125064696,33.9,908.7
744,31,dt,loso,Rania - TVTC,21.21501,42.84853,01-05-2018 00:00,7521.3,7397.1,-124.19999999999982,124.19999999999982,15425.639999999954,1.6513102788081824,32.2,3.4,3333.3,5330.2,0.3847521209672765,15.8,907.5
745,31,dt,loso,Rania - TVTC,21.21501,42.84853,01-03-2019 00:00,6513.2,6813.9,300.6999999999998,300.6999999999998,90420.48999999989,4.616778234968984,23.5,4.0,2723.0,5245.0,0.3417419678714859,21.2,910.1
746,31,dt,loso,Rania - TVTC,21.21501,42.84853,01-04-2019 00:00,6275.2,6450.3,175.10000000000036,175.10000000000036,30660.010000000126,2.7903493115757327,26.6,3.3,2881.5,4203.2,0.4067215266701484,30.5,909.1
747,31,dt,loso,Rania - TVTC,21.21501,42.84853,01-05-2019 00:00,6095.7,6209.3,113.60000000000036,113.60000000000036,12904.960000000083,1.863608773397647,29.9,3.5,2986.6,3704.0,0.446387468986339,27.3,908.9
748,31,dt,loso,Rania - TVTC,21.21501,42.84853,01-06-2019 00:00,7328.3,7521.9,193.59999999999945,193.59999999999945,37480.95999999979,2.641813244545112,35.5,3.5,3051.8,5318.3,0.3646073523613816,11.0,905.7
749,31,dt,loso,Rania - TVTC,21.21501,42.84853,01-08-2019 00:00,7292.2,7328.8,36.600000000000364,36.600000000000364,1339.5600000000265,0.5019061462933047,34.7,4.5,2803.0,5779.2,0.3266062315024119,14.6,904.7
750,31,dt,loso,Rania - TVTC,21.21501,42.84853,01-09-2019 00:00,6885.3,6546.0,-339.3000000000002,339.3000000000002,115124.49000000012,4.92788985229402,33.3,2.4,2417.9,6088.5,0.28424480391234835,13.3,906.8
751,31,dt,loso,Rania - TVTC,21.21501,42.84853,01-10-2019 00:00,6154.9,6346.6,191.70000000000073,191.70000000000073,36748.890000000276,3.114591626184028,29.1,2.4,1826.4,6564.4,0.21766696858464035,17.7,910.3
752,31,dt,loso,Rania - TVTC,21.21501,42.84853,01-11-2019 00:00,4930.5,4543.3,-387.1999999999998,387.1999999999998,149923.83999999985,7.853158908832772,23.2,3.3,1798.3,5284.9,0.2538824260221369,36.1,911.8
753,31,dt,loso,Rania - TVTC,21.21501,42.84853,01-02-2020 00:00,5547.4,5617.1,69.70000000000073,69.70000000000073,4858.090000000101,1.2564444604679803,21.0,3.0,2340.1,4962.5,0.32044751184509623,24.9,912.6
754,31,dt,loso,Rania - TVTC,21.21501,42.84853,01-03-2020 00:00,6522.9,6515.7,-7.199999999999818,7.199999999999818,51.83999999999738,0.1103803522972883,24.5,3.1,2867.5,5040.8,0.36259373063743155,19.3,909.6
755,31,dt,loso,Rania - TVTC,21.21501,42.84853,01-04-2020 00:00,6893.6,6929.7,36.099999999999454,36.099999999999454,1303.2099999999607,0.5236741325287143,28.8,2.6,2695.2,5478.2,0.32975261213203805,24.1,908.5
756,31,dt,loso,Rania - TVTC,21.21501,42.84853,01-05-2020 00:00,6454.6,6652.3,197.69999999999982,197.69999999999982,39085.28999999993,3.0629318625476376,32.0,2.8,3106.1,4200.3,0.42512044235191065,20.0,908.6
757,31,dt,loso,Rania - TVTC,21.21501,42.84853,01-09-2020 00:00,7093.5,6699.5,-394.0,394.0,155236.0,5.554380771128498,32.2,2.1,2153.8,6819.7,0.2400178302780409,10.8,906.9
758,31,dt,loso,Rania - TVTC,21.21501,42.84853,01-11-2020 00:00,5419.3,5714.3,295.0,295.0,87025.0,5.443507464063624,23.5,3.0,1298.6,7125.5,0.15415296589546656,25.1,912.2
759,31,dt,loso,Rania - TVTC,21.21501,42.84853,01-01-2021 00:00,5111.7,5384.9,273.1999999999998,273.1999999999998,74638.2399999999,5.344601600250402,18.4,2.7,1789.6,5867.5,0.23371772603204866,30.1,913.5
760,31,dt,loso,Rania - TVTC,21.21501,42.84853,01-04-2021 00:00,6991.2,6958.5,-32.69999999999982,32.69999999999982,1069.2899999999881,0.467730861654649,27.9,2.6,2861.2,5265.2,0.3520870250049222,20.4,909.9
761,31,dt,loso,Rania - TVTC,21.21501,42.84853,01-05-2021 00:00,7704.7,7640.7,-64.0,64.0,4096.0,0.8306618038340233,33.4,2.4,2755.5,6359.7,0.30229726171669297,10.9,907.0
762,31,dt,loso,Rania - TVTC,21.21501,42.84853,01-07-2021 00:00,7095.6,6973.1,-122.5,122.5,15006.25,1.7264220080049606,36.1,4.2,3245.5,4820.7,0.40235798765217823,14.2,902.2
763,31,dt,loso,Rania - TVTC,21.21501,42.84853,01-08-2021 00:00,7290.2,7303.7,13.5,13.5,182.25,0.18518010479822228,36.0,3.4,2841.0,5704.4,0.33245956889086525,12.7,904.4
764,31,dt,loso,Rania - TVTC,21.21501,42.84853,01-10-2021 00:00,6307.4,5993.7,-313.6999999999998,313.6999999999998,98407.68999999989,4.973523163268538,28.6,2.4,1759.3,6942.6,0.2021742378101334,14.5,910.8
630,32,dt,loso,Riyadh - K.A.CARE City T2,24.52958,46.43635,01-01-2017 00:00,4453.5,4327.6,-125.89999999999964,125.89999999999964,15850.809999999909,2.826990007858979,15.5,4.1,1592.1,5395.1,0.22785951454087472,35.4,915.1
631,32,dt,loso,Riyadh - K.A.CARE City T2,24.52958,46.43635,01-02-2017 00:00,4382.4,4872.1,489.7000000000007,489.7000000000007,239806.09000000072,11.174242424242442,12.5,4.0,2183.0,3572.6,0.3792827854611161,45.5,915.3
632,32,dt,loso,Riyadh - K.A.CARE City T2,24.52958,46.43635,01-03-2017 00:00,5313.7,5246.1,-67.59999999999945,67.59999999999945,4569.759999999927,1.2721832244951625,19.9,5.0,2812.6,3552.7,0.4418644839991831,40.5,911.5
633,32,dt,loso,Riyadh - K.A.CARE City T2,24.52958,46.43635,01-04-2017 00:00,6906.3,7018.7,112.39999999999964,112.39999999999964,12633.759999999918,1.6274995294151662,27.5,4.2,3176.3,4950.9,0.39082340781572994,20.8,912.2
634,32,dt,loso,Riyadh - K.A.CARE City T2,24.52958,46.43635,01-05-2017 00:00,7135.2,6812.8,-322.39999999999964,322.39999999999964,103941.75999999976,4.518443771723282,32.1,4.1,3651.4,4332.6,0.45733967935871744,19.4,909.9
635,32,dt,loso,Riyadh - K.A.CARE City T2,24.52958,46.43635,01-06-2017 00:00,8050.4,7907.4,-143.0,143.0,20449.0,1.7763092517142007,35.0,4.2,2687.6,7045.4,0.2761327442720641,10.3,906.8
636,32,dt,loso,Riyadh - K.A.CARE City T2,24.52958,46.43635,01-09-2017 00:00,7016.5,7314.8,298.3000000000002,298.3000000000002,88982.8900000001,4.251407396850284,33.0,3.3,2178.3,6788.4,0.24293218240824382,11.4,909.2
637,32,dt,loso,Riyadh - K.A.CARE City T2,24.52958,46.43635,01-10-2017 00:00,6247.4,6216.5,-30.899999999999636,30.899999999999636,954.8099999999775,0.49460575599448786,28.3,3.5,1682.9,7268.5,0.18800411108876824,17.3,913.0
638,32,dt,loso,Riyadh - K.A.CARE City T2,24.52958,46.43635,01-11-2017 00:00,4778.9,4387.7,-391.1999999999998,391.1999999999998,153037.43999999986,8.18598422231057,20.5,3.7,1551.5,5817.6,0.21054131440745816,36.4,914.9
639,32,dt,loso,Riyadh - K.A.CARE City T2,24.52958,46.43635,01-03-2018 00:00,6516.1,6556.4,40.29999999999927,40.29999999999927,1624.0899999999413,0.6184681020855921,23.4,4.2,2321.5,6119.7,0.2750201393166848,24.6,912.7
640,32,dt,loso,Riyadh - K.A.CARE City T2,24.52958,46.43635,01-04-2018 00:00,6333.4,6129.9,-203.5,203.5,41412.25,3.2131240723781858,23.9,4.4,3398.0,3732.5,0.47654442184980017,37.1,910.3
641,32,dt,loso,Riyadh - K.A.CARE City T2,24.52958,46.43635,01-05-2018 00:00,6973.1,6863.4,-109.70000000000073,109.70000000000073,12034.09000000016,1.5731883954052104,30.2,4.7,3305.2,4630.5,0.4164975994556246,19.2,909.3
642,32,dt,loso,Riyadh - K.A.CARE City T2,24.52958,46.43635,01-06-2018 00:00,7410.6,7180.5,-230.10000000000036,230.10000000000036,52946.01000000017,3.1050117399400907,34.9,4.2,2911.6,5774.3,0.33520993794540577,12.7,906.1
643,32,dt,loso,Riyadh - K.A.CARE City T2,24.52958,46.43635,01-07-2018 00:00,7248.4,6587.5,-660.8999999999996,660.8999999999996,436788.80999999953,9.117874289498367,35.5,4.1,2646.8,5873.9,0.3106317556069337,11.9,903.8
644,32,dt,loso,Riyadh - K.A.CARE City T2,24.52958,46.43635,01-08-2018 00:00,6973.3,6930.7,-42.600000000000364,42.600000000000364,1814.760000000031,0.610901581747528,34.9,3.8,2200.2,6321.8,0.2581788312602675,13.1,905.2
645,32,dt,loso,Riyadh - K.A.CARE City T2,24.52958,46.43635,01-09-2018 00:00,6134.3,6075.9,-58.400000000000546,58.400000000000546,3410.5600000000636,0.9520238658037681,34.1,3.8,2148.2,5530.4,0.2797645404110124,14.1,909.3
646,32,dt,loso,Riyadh - K.A.CARE City T2,24.52958,46.43635,01-10-2018 00:00,4837.2,5086.2,249.0,249.0,62001.0,5.1476060530885634,26.6,3.3,1889.3,4590.4,0.29157214068552556,31.7,914.0
647,32,dt,loso,Riyadh - K.A.CARE City T2,24.52958,46.43635,01-11-2018 00:00,4170.4,3972.7,-197.69999999999982,197.69999999999982,39085.28999999993,4.740552464991364,18.6,4.2,1939.7,3934.5,0.33020666643968544,61.9,914.7
648,32,dt,loso,Riyadh - K.A.CARE City T2,24.52958,46.43635,01-12-2018 00:00,4232.3,4058.1,-174.20000000000027,174.20000000000027,30345.640000000094,4.11596531436808,16.2,4.0,1421.4,5444.5,0.2070231142312006,53.7,915.9
649,32,dt,loso,Riyadh - K.A.CARE City T2,24.52958,46.43635,01-01-2019 00:00,4320.6,3707.6,-613.0000000000005,613.0000000000005,375769.0000000006,14.187844280886925,16.3,4.2,2091.7,4040.2,0.34111776121593634,38.3,915.5
650,32,dt,loso,Riyadh - K.A.CARE City T2,24.52958,46.43635,01-02-2019 00:00,5126.5,5130.1,3.600000000000364,3.600000000000364,12.96000000000262,0.07022334926363726,15.8,4.3,2088.4,5041.8,0.29289500995764495,39.8,914.1
651,32,dt,loso,Riyadh - K.A.CARE City T2,24.52958,46.43635,01-03-2019 00:00,6260.1,5863.7,-396.40000000000055,396.40000000000055,157132.96000000043,6.332167217776082,18.5,4.7,2449.2,5593.9,0.30450945530951995,29.3,912.0
652,32,dt,loso,Riyadh - K.A.CARE City T2,24.52958,46.43635,01-04-2019 00:00,6572.3,6508.5,-63.80000000000018,63.80000000000018,4070.4400000000232,0.9707408365412441,23.0,4.5,3001.1,4740.9,0.38763885300955825,33.8,911.1
653,32,dt,loso,Riyadh - K.A.CARE City T2,24.52958,46.43635,01-05-2019 00:00,6652.3,6863.4,211.09999999999945,211.09999999999945,44563.209999999766,3.173338544563526,30.0,3.7,3106.9,4519.9,0.40736612996276295,23.2,910.1
654,32,dt,loso,Riyadh - K.A.CARE City T2,24.52958,46.43635,01-06-2019 00:00,7644.4,7617.1,-27.299999999999272,27.299999999999272,745.2899999999603,0.3571241693265564,35.7,3.7,2665.4,6523.1,0.2900799912934647,12.2,907.0
655,32,dt,loso,Riyadh - K.A.CARE City T2,24.52958,46.43635,01-07-2019 00:00,8069.1,7893.1,-176.0,176.0,30976.0,2.181160228526106,35.8,4.2,2377.9,7498.8,0.24075855295797177,11.8,904.2
656,32,dt,loso,Riyadh - K.A.CARE City T2,24.52958,46.43635,01-08-2019 00:00,7727.3,7648.0,-79.30000000000018,79.30000000000018,6288.490000000029,1.0262316721235125,35.2,3.8,2122.5,7538.9,0.21968865795847395,12.1,905.5
657,32,dt,loso,Riyadh - K.A.CARE City T2,24.52958,46.43635,01-09-2019 00:00,6933.8,6912.3,-21.5,21.5,462.25,0.31007528339438695,33.4,3.6,2000.0,7014.8,0.22185739006966324,15.8,908.7
658,32,dt,loso,Riyadh - K.A.CARE City T2,24.52958,46.43635,01-10-2019 00:00,5863.3,5851.7,-11.600000000000364,11.600000000000364,134.56000000000844,0.1978408063718446,28.9,3.5,1793.0,6434.5,0.21792768155575812,23.9,912.5
659,32,dt,loso,Riyadh - K.A.CARE City T2,24.52958,46.43635,01-11-2019 00:00,4330.5,4236.3,-94.19999999999982,94.19999999999982,8873.639999999965,2.175268444752334,19.7,3.8,1792.0,4585.7,0.28097903632971133,45.1,914.6
660,32,dt,loso,Riyadh - K.A.CARE City T2,24.52958,46.43635,01-12-2019 00:00,4290.2,4308.0,17.800000000000182,17.800000000000182,316.84000000000646,0.4148990723043257,15.8,3.9,1308.1,5898.7,0.18150913026586002,47.8,914.8
661,32,dt,loso,Riyadh - K.A.CARE City T2,24.52958,46.43635,01-01-2020 00:00,4711.8,4597.3,-114.5,114.5,13110.25,2.4300691879960947,12.9,3.8,1245.2,6602.5,0.15867069332415867,42.8,915.0
662,32,dt,loso,Riyadh - K.A.CARE City T2,24.52958,46.43635,01-02-2020 00:00,5374.6,5383.8,9.199999999999818,9.199999999999818,84.63999999999665,0.17117552934171504,17.1,4.2,2102.5,5382.8,0.2808838657101252,28.7,914.9
663,32,dt,loso,Riyadh - K.A.CARE City T2,24.52958,46.43635,01-03-2020 00:00,6459.8,5547.4,-912.4000000000005,912.4000000000005,832473.7600000009,14.124276293383703,20.8,4.1,2661.8,5521.4,0.32527617557923555,25.9,911.5
664,32,dt,loso,Riyadh - K.A.CARE City T2,24.52958,46.43635,01-04-2020 00:00,6450.3,6201.2,-249.10000000000036,249.10000000000036,62050.81000000018,3.8618358836023186,25.4,4.7,3234.6,4214.9,0.43420363782804217,31.9,910.6
665,32,dt,loso,Riyadh - K.A.CARE City T2,24.52958,46.43635,01-05-2020 00:00,7466.7,7425.5,-41.19999999999982,41.19999999999982,1697.439999999985,0.5517832509676271,31.1,4.1,3115.5,5659.6,0.35503868901778896,16.7,910.4
666,32,dt,loso,Riyadh - K.A.CARE City T2,24.52958,46.43635,01-09-2020 00:00,6797.3,6626.0,-171.30000000000018,171.30000000000018,29343.69000000006,2.520118282259135,32.8,3.3,1985.8,6821.4,0.22547461168135163,15.0,908.8
667,32,dt,loso,Riyadh - K.A.CARE City T2,24.52958,46.43635,01-10-2020 00:00,6225.2,6238.0,12.800000000000182,12.800000000000182,163.84000000000466,0.20561588382702858,25.8,3.0,1182.8,8258.0,0.125285992712482,16.5,913.4
668,32,dt,loso,Riyadh - K.A.CARE City T2,24.52958,46.43635,01-11-2020 00:00,4766.4,4891.3,124.90000000000055,124.90000000000055,15600.010000000137,2.620426317556239,21.3,3.7,1291.5,6331.5,0.16942148760330578,37.4,914.8
669,32,dt,loso,Riyadh - K.A.CARE City T2,24.52958,46.43635,01-12-2020 00:00,4173.6,4058.1,-115.50000000000045,115.50000000000045,13340.250000000106,2.767395054629108,15.1,4.1,1383.0,5451.7,0.2023497739476495,52.1,916.0
670,32,dt,loso,Riyadh - K.A.CARE City T2,24.52958,46.43635,01-01-2021 00:00,4551.4,4778.9,227.5,227.5,51756.25,4.998462011688712,14.3,4.1,1493.6,5712.0,0.20728322415898742,43.8,916.0
671,32,dt,loso,Riyadh - K.A.CARE City T2,24.52958,46.43635,01-02-2021 00:00,5049.4,4466.5,-582.8999999999996,582.8999999999996,339772.40999999957,11.54394581534439,16.2,4.3,1831.4,5467.6,0.2509110837100973,40.3,914.7
672,32,dt,loso,Riyadh - K.A.CARE City T2,24.52958,46.43635,01-10-2021 00:00,5891.9,5924.8,32.900000000000546,32.900000000000546,1082.410000000036,0.558393726981119,28.5,3.5,1655.6,6715.0,0.1977874943253769,20.3,913.1
673,32,dt,loso,Riyadh - K.A.CARE City T2,24.52958,46.43635,01-11-2021 00:00,4901.4,4780.9,-120.5,120.5,14520.25,2.4584812502550295,21.6,3.1,1419.9,6272.1,0.18459438377535103,31.1,914.8
674,32,dt,loso,Riyadh - K.A.CARE City T2,24.52958,46.43635,01-12-2021 00:00,4047.2,4052.8,5.600000000000364,5.600000000000364,31.360000000004074,0.13836726625816279,16.2,3.1,1548.3,4877.7,0.24094304388422036,38.6,915.8
1263,33,dt,loso,Riyadh - K.A.CARE HQ,24.707744,46.6792,01-01-2017 00:00,4098.6,4977.4,878.7999999999993,878.7999999999993,772289.4399999987,21.441467818279392,17.1,2.6,1584.2,4669.2,0.25333418620270576,33.9,941.6
1264,33,dt,loso,Riyadh - K.A.CARE HQ,24.707744,46.6792,01-02-2017 00:00,4242.8,4965.1,722.3000000000002,722.3000000000002,521717.29000000027,17.024135005185258,14.6,2.7,2143.2,3405.3,0.3862665585293322,41.5,942.2
1265,33,dt,loso,Riyadh - K.A.CARE HQ,24.707744,46.6792,01-03-2017 00:00,4810.7,3893.2,-917.5,917.5,841806.25,19.072068513937683,22.3,3.1,2674.1,3030.1,0.46879492303916415,36.8,937.6
1266,33,dt,loso,Riyadh - K.A.CARE HQ,24.707744,46.6792,01-04-2017 00:00,6469.9,7071.3,601.4000000000005,601.4000000000005,361681.96000000066,9.29535232383809,30.2,3.1,3096.4,4439.3,0.41089746141698846,19.4,937.4
1267,33,dt,loso,Riyadh - K.A.CARE HQ,24.707744,46.6792,01-05-2017 00:00,6540.2,6876.1,335.90000000000055,335.90000000000055,112828.81000000036,5.135928564875701,35.4,3.0,3515.4,3740.9,0.4844617780411504,17.1,934.6
1268,33,dt,loso,Riyadh - K.A.CARE HQ,24.707744,46.6792,01-06-2017 00:00,7492.8,7350.3,-142.5,142.5,20306.25,1.901825752722614,38.1,3.4,2536.9,6475.5,0.28148994718388,9.9,931.1
1269,33,dt,loso,Riyadh - K.A.CARE HQ,24.707744,46.6792,01-09-2017 00:00,6676.1,6766.3,90.19999999999982,90.19999999999982,8136.039999999967,1.3510882101825887,36.2,2.6,2089.3,6434.0,0.24512806072765247,10.9,933.6
1270,33,dt,loso,Riyadh - K.A.CARE HQ,24.707744,46.6792,01-10-2017 00:00,5822.8,5769.9,-52.900000000000546,52.900000000000546,2798.4100000000576,0.908497630006192,31.4,2.4,1702.9,6489.5,0.20786338557687614,16.8,937.9
1271,33,dt,loso,Riyadh - K.A.CARE HQ,24.707744,46.6792,01-11-2017 00:00,4407.8,4677.5,269.6999999999998,269.6999999999998,72738.0899999999,6.118698670538586,23.2,2.5,1544.6,5084.4,0.23300648664957005,32.7,941.0
1272,33,dt,loso,Riyadh - K.A.CARE HQ,24.707744,46.6792,01-03-2018 00:00,6302.3,6286.7,-15.600000000000364,15.600000000000364,243.36000000001135,0.24752868000571795,26.2,2.7,2322.3,5757.1,0.2874347104983043,21.9,938.5
1273,33,dt,loso,Riyadh - K.A.CARE HQ,24.707744,46.6792,01-04-2018 00:00,6082.4,6105.1,22.700000000000728,22.700000000000728,515.290000000033,0.37320794423255177,27.1,3.1,3386.4,3416.9,0.4977584407566916,31.5,935.7
1274,33,dt,loso,Riyadh - K.A.CARE HQ,24.707744,46.6792,01-05-2018 00:00,7086.7,6876.1,-210.59999999999945,210.59999999999945,44352.35999999977,2.971764008635888,33.3,3.2,3467.3,4535.6,0.4332554449012233,16.8,934.2
1275,33,dt,loso,Riyadh - K.A.CARE HQ,24.707744,46.6792,01-06-2018 00:00,7754.9,7787.4,32.5,32.5,1056.25,0.41908986576229224,37.8,3.5,3174.8,5832.1,0.3524853168126658,11.3,930.2
1276,33,dt,loso,Riyadh - K.A.CARE HQ,24.707744,46.6792,01-07-2018 00:00,7531.5,7378.5,-153.0,153.0,23409.0,2.031467835092611,38.3,3.2,2885.3,5908.8,0.32809497276583166,10.5,927.8
1277,33,dt,loso,Riyadh - K.A.CARE HQ,24.707744,46.6792,01-08-2018 00:00,7326.4,7271.1,-55.29999999999927,55.29999999999927,3058.0899999999197,0.7548045424765133,37.6,3.1,2438.2,6450.5,0.27430332894574005,11.6,929.4
1278,33,dt,loso,Riyadh - K.A.CARE HQ,24.707744,46.6792,01-09-2018 00:00,6539.8,6501.4,-38.400000000000546,38.400000000000546,1474.560000000042,0.5871739196917419,37.4,2.9,2324.2,5837.6,0.2847656154279693,12.6,933.7
1279,33,dt,loso,Riyadh - K.A.CARE HQ,24.707744,46.6792,01-10-2018 00:00,5113.3,5283.7,170.39999999999964,170.39999999999964,29036.159999999876,3.3324858701816757,29.6,2.4,2007.3,4774.6,0.2959790029342809,28.3,939.4
1280,33,dt,loso,Riyadh - K.A.CARE HQ,24.707744,46.6792,01-11-2018 00:00,3924.8,3986.5,61.69999999999982,61.69999999999982,3806.8899999999776,1.5720546269873577,21.4,2.7,1902.8,3547.2,0.3491376146788991,53.4,941.1
1281,33,dt,loso,Riyadh - K.A.CARE HQ,24.707744,46.6792,01-12-2018 00:00,3989.0,4059.6,70.59999999999991,70.59999999999991,4984.359999999987,1.769867134620203,18.5,2.6,1469.9,4769.5,0.23558354970029172,48.2,942.7
1282,33,dt,loso,Riyadh - K.A.CARE HQ,24.707744,46.6792,01-01-2019 00:00,4154.9,4059.6,-95.29999999999973,95.29999999999973,9082.089999999947,2.2936773448217704,18.2,2.7,2126.0,3618.2,0.3701124612652763,34.7,942.0
1283,33,dt,loso,Riyadh - K.A.CARE HQ,24.707744,46.6792,01-02-2019 00:00,4844.9,4759.5,-85.39999999999964,85.39999999999964,7293.159999999938,1.762678280253455,18.0,3.1,2038.2,4674.0,0.30365602931974617,34.9,940.5
1284,33,dt,loso,Riyadh - K.A.CARE HQ,24.707744,46.6792,01-03-2019 00:00,6177.3,6384.4,207.09999999999945,207.09999999999945,42890.40999999977,3.352597413109278,20.7,3.3,2522.5,5358.4,0.32007765610526717,27.1,938.1
1285,33,dt,loso,Riyadh - K.A.CARE HQ,24.707744,46.6792,01-04-2019 00:00,6201.2,6199.7,-1.5,1.5,2.25,0.02418886667096691,25.6,3.1,2914.4,4333.6,0.4020971302428256,30.0,936.7
1286,33,dt,loso,Riyadh - K.A.CARE HQ,24.707744,46.6792,01-05-2019 00:00,6293.4,6209.3,-84.09999999999945,84.09999999999945,7072.8099999999085,1.3363205898242518,33.1,2.7,3011.6,4159.6,0.4199576082106202,20.4,935.0
1287,33,dt,loso,Riyadh - K.A.CARE HQ,24.707744,46.6792,01-06-2019 00:00,7447.6,7581.9,134.29999999999927,134.29999999999927,18036.489999999805,1.8032654814973854,38.8,2.9,2646.8,6268.4,0.2968862167982771,10.8,931.2
1288,33,dt,loso,Riyadh - K.A.CARE HQ,24.707744,46.6792,01-07-2019 00:00,7800.8,8037.0,236.19999999999982,236.19999999999982,55790.439999999915,3.027894574915391,38.8,3.5,2377.1,7142.7,0.2497006239626883,10.6,928.3
1289,33,dt,loso,Riyadh - K.A.CARE HQ,24.707744,46.6792,01-08-2019 00:00,7400.6,7351.9,-48.70000000000073,48.70000000000073,2371.690000000071,0.6580547523173895,38.0,3.0,2153.1,7024.4,0.23460637428493597,11.0,929.6
1290,33,dt,loso,Riyadh - K.A.CARE HQ,24.707744,46.6792,01-09-2019 00:00,6625.9,6649.2,23.300000000000182,23.300000000000182,542.8900000000085,0.3516503418403565,36.8,2.8,1975.7,6583.0,0.23084113241496954,14.0,933.3
1291,33,dt,loso,Riyadh - K.A.CARE HQ,24.707744,46.6792,01-10-2019 00:00,5582.8,5639.6,56.80000000000018,56.80000000000018,3226.2400000000207,1.017410618327724,31.9,2.5,1800.4,5925.4,0.23303735535478529,21.7,937.6
1292,33,dt,loso,Riyadh - K.A.CARE HQ,24.707744,46.6792,01-11-2019 00:00,4037.4,4052.8,15.400000000000091,15.400000000000091,237.1600000000028,0.381433595878538,22.2,2.5,1709.9,4156.5,0.291473476067094,40.6,940.8
1293,33,dt,loso,Riyadh - K.A.CARE HQ,24.707744,46.6792,01-12-2019 00:00,3868.2,3895.1,26.90000000000009,26.90000000000009,723.6100000000049,0.6954138875963004,17.9,2.5,1249.2,5068.1,0.19774270653602014,44.3,941.8
1294,33,dt,loso,Riyadh - K.A.CARE HQ,24.707744,46.6792,01-01-2020 00:00,4365.8,4446.7,80.89999999999964,80.89999999999964,6544.809999999941,1.8530395345641035,15.0,2.7,1284.0,5824.0,0.18064153066966798,38.5,942.2
1295,33,dt,loso,Riyadh - K.A.CARE HQ,24.707744,46.6792,01-02-2020 00:00,5206.5,5154.1,-52.399999999999636,52.399999999999636,2745.759999999962,1.0064342648612243,18.9,3.1,2164.8,4979.0,0.30303199977602957,26.8,941.5
1296,33,dt,loso,Riyadh - K.A.CARE HQ,24.707744,46.6792,01-03-2020 00:00,6299.3,6455.2,155.89999999999964,155.89999999999964,24304.809999999885,2.4748781610655093,23.1,3.0,2696.3,5170.0,0.342765976380255,24.0,937.3
1297,33,dt,loso,Riyadh - K.A.CARE HQ,24.707744,46.6792,01-04-2020 00:00,6176.2,5601.3,-574.8999999999996,574.8999999999996,330510.0099999996,9.308312554645246,27.8,3.1,3111.0,3991.0,0.43804562095184457,29.4,936.0
1298,33,dt,loso,Riyadh - K.A.CARE HQ,24.707744,46.6792,01-05-2020 00:00,7168.5,7298.5,130.0,130.0,16900.0,1.8134895724349585,33.9,3.0,3117.4,5301.3,0.3702947010821148,14.7,935.2
1299,33,dt,loso,Riyadh - K.A.CARE HQ,24.707744,46.6792,01-09-2020 00:00,6645.7,6948.8,303.10000000000036,303.10000000000036,91869.61000000022,4.560843853920586,35.6,2.8,2015.4,6533.6,0.23574687097906188,14.1,933.2
1300,33,dt,loso,Riyadh - K.A.CARE HQ,24.707744,46.6792,01-10-2020 00:00,6005.1,6485.5,480.39999999999964,480.39999999999964,230784.15999999965,7.9998667799037415,28.3,2.4,1236.0,7759.2,0.13740661686232655,15.9,938.5
1301,33,dt,loso,Riyadh - K.A.CARE HQ,24.707744,46.6792,01-11-2020 00:00,4552.7,4530.7,-22.0,22.0,484.0,0.48322973180749884,23.6,2.7,1309.7,5832.6,0.18337230303963709,34.3,940.6
1302,33,dt,loso,Riyadh - K.A.CARE HQ,24.707744,46.6792,01-12-2020 00:00,3870.4,4330.5,460.0999999999999,460.0999999999999,211692.00999999992,11.887660190161222,17.3,2.5,1472.9,4618.6,0.24179594516949848,46.6,942.6
1303,33,dt,loso,Riyadh - K.A.CARE HQ,24.707744,46.6792,01-01-2021 00:00,4261.2,4355.3,94.10000000000036,94.10000000000036,8854.810000000069,2.20829813198161,16.6,2.4,1517.5,5078.2,0.2300741392119108,38.3,942.7
1304,33,dt,loso,Riyadh - K.A.CARE HQ,24.707744,46.6792,01-02-2021 00:00,4898.9,4880.6,-18.299999999999272,18.299999999999272,334.8899999999734,0.3735532466471917,18.3,2.9,1792.8,5224.7,0.2554755967224795,36.0,941.2
1305,33,dt,loso,Riyadh - K.A.CARE HQ,24.707744,46.6792,01-10-2021 00:00,5736.8,5925.0,188.19999999999982,188.19999999999982,35419.23999999993,3.280574536326869,31.2,2.7,1698.3,6358.3,0.21079611746890747,19.3,938.2
1306,33,dt,loso,Riyadh - K.A.CARE HQ,24.707744,46.6792,01-11-2021 00:00,4751.9,4642.0,-109.89999999999964,109.89999999999964,12078.00999999992,2.3127591068835547,24.0,2.5,1483.4,5832.1,0.20277492994327115,28.5,940.6
1307,33,dt,loso,Riyadh - K.A.CARE HQ,24.707744,46.6792,01-12-2021 00:00,3876.0,3779.4,-96.59999999999991,96.59999999999991,9331.559999999983,2.4922600619195023,18.1,2.5,1548.0,4454.6,0.2578882484256822,35.1,942.2
535,34,dt,loso,Riyadh - KSU,24.72359,46.61639,01-01-2017 00:00,4379.7,4105.8,-273.89999999999964,273.89999999999964,75021.2099999998,6.253853003630377,16.9,1.9,1684.0,4945.2,0.2540276353104447,36.5,942.7
536,34,dt,loso,Riyadh - KSU,24.72359,46.61639,01-02-2017 00:00,4482.8,4770.5,287.6999999999998,287.6999999999998,82771.28999999989,6.417863835103057,14.5,2.0,2240.0,3624.6,0.381952733349248,44.1,943.2
537,34,dt,loso,Riyadh - KSU,24.72359,46.61639,01-03-2017 00:00,5128.6,4810.7,-317.90000000000055,317.90000000000055,101060.41000000035,6.198572709901348,22.3,2.2,2825.4,3235.2,0.4661914661914662,39.3,938.5
538,34,dt,loso,Riyadh - KSU,24.72359,46.61639,01-04-2017 00:00,6876.9,7207.3,330.40000000000055,330.40000000000055,109164.16000000037,4.804490395381649,29.7,2.2,3292.8,4711.6,0.4113737444405577,21.4,938.4
539,34,dt,loso,Riyadh - KSU,24.72359,46.61639,01-05-2017 00:00,7158.3,7071.3,-87.0,87.0,7569.0,1.2153723649469845,34.7,2.1,3808.4,4143.5,0.4789295640035715,19.2,935.5
540,34,dt,loso,Riyadh - KSU,24.72359,46.61639,01-06-2017 00:00,8177.0,7907.4,-269.60000000000036,269.60000000000036,72684.16000000019,3.297052708817419,37.0,2.3,2797.7,7017.4,0.2850403969394097,11.4,932.0
541,34,dt,loso,Riyadh - KSU,24.72359,46.61639,01-09-2017 00:00,6742.2,7081.8,339.60000000000036,339.60000000000036,115328.16000000025,5.036931565364426,35.1,1.6,2054.9,6637.3,0.23640735371942662,12.7,934.6
542,34,dt,loso,Riyadh - KSU,24.72359,46.61639,01-10-2017 00:00,5978.9,5871.0,-107.89999999999964,107.89999999999964,11642.409999999922,1.8046797905969265,30.4,1.4,1745.2,6675.4,0.20725363988314371,19.1,938.9
543,34,dt,loso,Riyadh - KSU,24.72359,46.61639,01-11-2017 00:00,4498.9,4415.4,-83.5,83.5,6972.25,1.8560092467047502,22.8,1.6,1577.4,5164.4,0.23397312290486225,35.5,941.8
544,34,dt,loso,Riyadh - KSU,24.72359,46.61639,01-03-2018 00:00,6286.7,6302.3,15.600000000000364,15.600000000000364,243.36000000001135,0.24814290486265234,25.9,1.9,2318.5,5733.3,0.2879480364638963,23.0,939.4
545,34,dt,loso,Riyadh - KSU,24.72359,46.61639,01-04-2018 00:00,6105.1,6082.4,-22.700000000000728,22.700000000000728,515.290000000033,0.3718202814040839,26.9,2.2,3399.3,3434.4,0.4974318451205057,33.4,936.7
546,34,dt,loso,Riyadh - KSU,24.72359,46.61639,01-05-2018 00:00,7141.6,7406.8,265.1999999999998,265.1999999999998,70331.0399999999,3.7134535678279352,33.1,2.2,3500.5,4557.7,0.4344022238216972,18.1,935.1
547,34,dt,loso,Riyadh - KSU,24.72359,46.61639,01-06-2018 00:00,7787.4,7754.9,-32.5,32.5,1056.25,0.41734083262706423,37.5,2.4,3191.4,5845.5,0.3531520764864058,12.6,931.0
548,34,dt,loso,Riyadh - KSU,24.72359,46.61639,01-07-2018 00:00,7549.8,7410.6,-139.19999999999982,139.19999999999982,19376.63999999995,1.8437574505284886,38.0,2.2,2897.7,5911.1,0.3289551357733176,11.8,928.6
549,34,dt,loso,Riyadh - KSU,24.72359,46.61639,01-08-2018 00:00,7345.4,7301.0,-44.399999999999636,44.399999999999636,1971.3599999999676,0.6044599341084167,37.0,1.9,2459.3,6446.6,0.2761427817514232,13.3,930.3
550,34,dt,loso,Riyadh - KSU,24.72359,46.61639,01-09-2018 00:00,6565.6,6539.8,-25.800000000000182,25.800000000000182,665.6400000000094,0.3929572316315368,36.4,1.7,2366.5,5812.3,0.2893456252751015,14.3,934.6
551,34,dt,loso,Riyadh - KSU,24.72359,46.61639,01-10-2018 00:00,5125.0,5113.3,-11.699999999999818,11.699999999999818,136.88999999999575,0.22829268292682572,29.1,1.5,2006.4,4792.2,0.29511958344365014,30.6,940.2
552,34,dt,loso,Riyadh - KSU,24.72359,46.61639,01-11-2018 00:00,3889.5,3924.8,35.30000000000018,35.30000000000018,1246.0900000000129,0.9075716673094274,21.3,1.9,1887.6,3492.5,0.3508484972398282,56.6,941.9
553,34,dt,loso,Riyadh - KSU,24.72359,46.61639,01-12-2018 00:00,3977.8,3989.0,11.199999999999818,11.199999999999818,125.43999999999592,0.2815626728342254,18.4,1.8,1442.7,4760.7,0.2325660121868653,50.5,943.5
554,34,dt,loso,Riyadh - KSU,24.72359,46.61639,01-01-2019 00:00,4125.2,4154.9,29.699999999999818,29.699999999999818,882.0899999999892,0.7199650926015665,18.2,1.9,2100.8,3592.9,0.368969211584734,36.5,942.9
555,34,dt,loso,Riyadh - KSU,24.72359,46.61639,01-02-2019 00:00,4913.4,4878.4,-35.0,35.0,1225.0,0.7123376887694876,18.1,2.2,2046.4,4755.0,0.30087923074661105,36.8,941.6
556,34,dt,loso,Riyadh - KSU,24.72359,46.61639,01-03-2019 00:00,6189.1,6289.7,100.59999999999945,100.59999999999945,10120.35999999989,1.6254382705078194,21.0,2.4,2525.2,5356.4,0.3203917986195696,28.0,939.2
557,34,dt,loso,Riyadh - KSU,24.72359,46.61639,01-04-2019 00:00,6199.7,6201.2,1.5,1.5,2.25,0.024194719099311257,25.7,2.2,2922.9,4329.2,0.40304187752513065,31.3,937.7
558,34,dt,loso,Riyadh - KSU,24.72359,46.61639,01-05-2019 00:00,6209.3,6227.4,18.099999999999454,18.099999999999454,327.60999999998023,0.29149823651618467,32.9,1.8,2962.2,4113.4,0.41865000847984624,21.9,935.9
559,34,dt,loso,Riyadh - KSU,24.72359,46.61639,01-06-2019 00:00,7261.7,7447.6,185.90000000000055,185.90000000000055,34558.8100000002,2.5600066100224543,38.0,1.9,2606.6,6062.2,0.300687523071244,12.3,932.0
560,34,dt,loso,Riyadh - KSU,24.72359,46.61639,01-07-2019 00:00,7737.8,7387.0,-350.8000000000002,350.8000000000002,123060.64000000013,4.5335883584481405,38.0,2.3,2394.1,7027.0,0.2541210686650179,11.9,929.0
561,34,dt,loso,Riyadh - KSU,24.72359,46.61639,01-08-2019 00:00,7412.5,7400.6,-11.899999999999636,11.899999999999636,141.60999999999135,0.1605396290050541,37.3,2.0,2176.6,7002.8,0.237117894415757,12.4,930.4
562,34,dt,loso,Riyadh - KSU,24.72359,46.61639,01-09-2019 00:00,6639.2,7163.0,523.8000000000002,523.8000000000002,274366.4400000002,7.889504759609594,35.9,1.7,2004.4,6547.9,0.23436970171766663,15.8,934.0
563,34,dt,loso,Riyadh - KSU,24.72359,46.61639,01-10-2019 00:00,5614.5,5639.6,25.100000000000364,25.100000000000364,630.0100000000183,0.44705672811470953,31.2,1.6,1800.2,5991.1,0.23105258429273678,23.6,938.3
564,34,dt,loso,Riyadh - KSU,24.72359,46.61639,01-11-2019 00:00,4052.7,3795.8,-256.89999999999964,256.89999999999964,65997.60999999981,6.3389838872850115,22.1,1.7,1703.6,4160.2,0.2905283263412804,42.8,941.5
565,34,dt,loso,Riyadh - KSU,24.72359,46.61639,01-12-2019 00:00,3978.1,4058.1,80.0,80.0,6400.0,2.011010281290063,17.8,1.8,1288.7,5120.3,0.2010766110157591,46.3,942.3
566,34,dt,loso,Riyadh - KSU,24.72359,46.61639,01-01-2020 00:00,4446.7,4552.7,106.0,106.0,11236.0,2.383790226460072,14.8,1.8,1305.5,5841.8,0.1826563877268339,40.8,942.8
567,34,dt,loso,Riyadh - KSU,24.72359,46.61639,01-02-2020 00:00,5154.1,5206.5,52.399999999999636,52.399999999999636,2745.759999999962,1.016666343299502,19.0,2.2,2118.4,4982.2,0.2983409852688505,27.8,942.4
568,34,dt,loso,Riyadh - KSU,24.72359,46.61639,01-03-2020 00:00,6235.7,6299.3,63.600000000000364,63.600000000000364,4044.9600000000464,1.019933608095328,23.1,2.0,2676.4,5101.0,0.34412528608532417,24.9,938.4
569,34,dt,loso,Riyadh - KSU,24.72359,46.61639,01-04-2020 00:00,6285.3,6383.9,98.59999999999945,98.59999999999945,9721.959999999892,1.5687397578476676,28.4,2.3,3200.1,3992.3,0.4449279795339525,29.0,936.7
570,34,dt,loso,Riyadh - KSU,24.72359,46.61639,01-05-2020 00:00,7182.2,7265.9,83.69999999999982,83.69999999999982,7005.68999999997,1.1653810810058174,33.5,2.0,3132.4,5272.8,0.37267405891590916,16.3,936.2
571,34,dt,loso,Riyadh - KSU,24.72359,46.61639,01-09-2020 00:00,6630.2,6361.4,-268.8000000000002,268.8000000000002,72253.4400000001,4.054176344604992,35.1,1.6,2016.9,6497.7,0.23687548446198295,15.2,934.1
572,34,dt,loso,Riyadh - KSU,24.72359,46.61639,01-10-2020 00:00,5985.7,5854.3,-131.39999999999964,131.39999999999964,17265.959999999905,2.195231969527368,27.8,1.4,1247.3,7725.2,0.1390136528280858,17.0,939.5
573,34,dt,loso,Riyadh - KSU,24.72359,46.61639,01-11-2020 00:00,4530.7,4316.6,-214.09999999999945,214.09999999999945,45838.809999999765,4.725539099918323,23.5,1.8,1331.9,5734.9,0.18847285900266036,36.1,941.6
574,34,dt,loso,Riyadh - KSU,24.72359,46.61639,01-12-2020 00:00,3933.7,3855.8,-77.89999999999964,77.89999999999964,6068.4099999999435,1.98032386811398,17.5,1.7,1489.7,4640.4,0.24301398019608167,49.0,943.6
575,34,dt,loso,Riyadh - KSU,24.72359,46.61639,01-01-2021 00:00,4327.6,4101.8,-225.80000000000018,225.80000000000018,50985.64000000008,5.217672612995659,16.7,1.6,1550.3,5067.0,0.2342798422317259,40.7,943.8
576,34,dt,loso,Riyadh - KSU,24.72359,46.61639,01-02-2021 00:00,4880.6,5430.2,549.5999999999995,549.5999999999995,302060.1599999994,11.260910543785588,18.5,2.0,1799.3,5203.8,0.25692907426711026,37.6,942.2
577,34,dt,loso,Riyadh - KSU,24.72359,46.61639,01-03-2021 00:00,6313.1,6514.2,201.09999999999945,201.09999999999945,40441.20999999978,3.1854397997813986,25.3,2.2,2866.7,4834.0,0.37226485903878864,20.6,939.3
578,34,dt,loso,Riyadh - KSU,24.72359,46.61639,01-04-2021 00:00,6907.5,6931.7,24.199999999999818,24.199999999999818,585.6399999999912,0.3503438291711881,29.6,1.9,3077.5,5034.0,0.3793996178265426,16.8,938.1
579,34,dt,loso,Riyadh - KSU,24.72359,46.61639,01-05-2021 00:00,7581.9,7580.5,-1.3999999999996362,1.3999999999996362,1.9599999999989814,0.018465028554842933,35.5,1.8,2738.9,6268.5,0.30407220729622314,12.8,934.2
580,34,dt,loso,Riyadh - KSU,24.72359,46.61639,01-07-2021 00:00,7521.9,6784.8,-737.0999999999995,737.0999999999995,543316.4099999992,9.799385793483022,39.5,2.0,2563.7,6441.0,0.28470687529845523,16.3,928.0
581,34,dt,loso,Riyadh - KSU,24.72359,46.61639,01-08-2021 00:00,7314.8,7016.5,-298.3000000000002,298.3000000000002,88982.8900000001,4.0780335757642066,38.6,1.8,2211.4,6769.8,0.24622544871509375,13.5,930.7
582,34,dt,loso,Riyadh - KSU,24.72359,46.61639,01-09-2021 00:00,6750.1,6587.6,-162.5,162.5,26406.25,2.4073717426408496,34.3,2.1,1875.2,6940.9,0.21270176154989168,15.4,933.7
583,34,dt,loso,Riyadh - KSU,24.72359,46.61639,01-10-2021 00:00,5645.1,5780.6,135.5,135.5,18360.25,2.400311774813555,30.8,1.6,1681.4,6241.3,0.2122256301513373,20.7,939.0
584,34,dt,loso,Riyadh - KSU,24.72359,46.61639,01-11-2021 00:00,4651.8,4467.8,-184.0,184.0,33856.0,3.9554581022399926,23.7,1.5,1465.7,5656.9,0.20578159660798026,30.5,941.5
585,34,dt,loso,Riyadh - KSU,24.72359,46.61639,01-12-2021 00:00,3779.4,3795.8,16.40000000000009,16.40000000000009,268.960000000003,0.4339313118484439,18.2,1.6,1528.9,4263.2,0.26396298406450164,37.3,943.2
1021,35,dt,loso,Shaqra - University,25.17279,45.14198,01-01-2017 00:00,4376.5,4327.6,-48.899999999999636,48.899999999999636,2391.2099999999646,1.1173312007311695,15.8,2.0,1651.9,5148.0,0.24293004308886898,37.4,928.8
1022,35,dt,loso,Shaqra - University,25.17279,45.14198,01-02-2017 00:00,4770.5,4581.9,-188.60000000000036,188.60000000000036,35569.96000000014,3.953463997484548,13.7,2.0,2193.4,4202.8,0.3429223601513398,42.1,929.2
1023,35,dt,loso,Shaqra - University,25.17279,45.14198,01-03-2017 00:00,5267.3,5246.1,-21.199999999999818,21.199999999999818,449.43999999999227,0.40248324568564187,21.5,2.4,2988.1,3208.7,0.48220049057578107,39.0,924.4
1024,35,dt,loso,Shaqra - University,25.17279,45.14198,01-04-2017 00:00,6521.1,6678.1,157.0,157.0,24649.0,2.4075692751222952,28.1,2.1,3339.2,4171.1,0.44461606061009545,23.4,924.6
1025,35,dt,loso,Shaqra - University,25.17279,45.14198,01-05-2017 00:00,7071.3,7158.3,87.0,87.0,7569.0,1.2303253998557548,33.2,2.1,3783.9,4083.1,0.4809838566162451,18.9,922.0
1026,35,dt,loso,Shaqra - University,25.17279,45.14198,01-06-2017 00:00,8038.0,7785.4,-252.60000000000036,252.60000000000036,63806.760000000184,3.1425727792983373,36.1,1.9,2708.2,7005.7,0.2787963639732754,9.7,918.9
1027,35,dt,loso,Shaqra - University,25.17279,45.14198,01-09-2017 00:00,6905.7,6883.2,-22.5,22.5,506.25,0.3258178026847387,34.1,1.6,2195.5,6640.8,0.24846372350418164,10.2,921.5
1028,35,dt,loso,Shaqra - University,25.17279,45.14198,01-10-2017 00:00,6051.4,5891.9,-159.5,159.5,25440.25,2.6357537098853157,28.9,1.6,1753.7,6887.0,0.2029580936729663,15.4,925.4
1029,35,dt,loso,Shaqra - University,25.17279,45.14198,01-11-2017 00:00,4543.3,4780.3,237.0,237.0,56169.0,5.2164726080162,21.5,1.8,1716.0,5058.0,0.2533215234720992,35.9,927.9
1030,35,dt,loso,Shaqra - University,25.17279,45.14198,01-03-2018 00:00,6267.0,6130.1,-136.89999999999964,136.89999999999964,18741.6099999999,2.1844582734960847,24.3,2.0,2527.2,5471.2,0.3159631926385277,24.0,925.5
1031,35,dt,loso,Shaqra - University,25.17279,45.14198,01-06-2018 00:00,7855.3,7908.5,53.19999999999982,53.19999999999982,2830.2399999999807,0.6772497549425206,35.5,1.2,2937.8,6331.1,0.31695238917239366,12.5,918.2
1032,35,dt,loso,Shaqra - University,25.17279,45.14198,01-07-2018 00:00,7713.6,7785.4,71.79999999999927,71.79999999999927,5155.239999999895,0.9308234806056741,35.7,1.4,2713.8,6471.7,0.2954439061564422,11.7,916.1
1033,35,dt,loso,Shaqra - University,25.17279,45.14198,01-08-2018 00:00,7504.7,7512.5,7.800000000000182,7.800000000000182,60.84000000000284,0.1039348674830464,35.2,1.2,2103.0,7323.4,0.22309683442247305,12.9,917.5
1034,35,dt,loso,Shaqra - University,25.17279,45.14198,01-09-2018 00:00,6501.4,6545.1,43.70000000000073,43.70000000000073,1909.6900000000635,0.6721629187559715,35.1,1.0,2424.8,5671.4,0.2994985301746499,12.5,921.5
1035,35,dt,loso,Shaqra - University,25.17279,45.14198,01-10-2018 00:00,5224.4,5241.8,17.400000000000546,17.400000000000546,302.760000000019,0.3330525993415617,27.1,0.8,1942.9,5105.2,0.27566294462337365,31.4,926.9
1036,35,dt,loso,Shaqra - University,25.17279,45.14198,01-11-2018 00:00,3692.9,3889.5,196.5999999999999,196.5999999999999,38651.55999999996,5.323729318421834,18.7,0.8,1877.7,3227.1,0.36783027738598967,68.3,928.3
1037,35,dt,loso,Shaqra - University,25.17279,45.14198,01-12-2018 00:00,4008.8,3977.8,-31.0,31.0,961.0,0.7732987427659149,16.9,0.4,1548.2,4811.6,0.24343532815497343,54.8,929.5
1038,35,dt,loso,Shaqra - University,25.17279,45.14198,01-01-2019 00:00,4012.7,4154.9,142.19999999999982,142.19999999999982,20220.83999999995,3.5437485982007084,16.3,0.5,2337.2,3045.2,0.43423008323424495,41.7,928.9
1039,35,dt,loso,Shaqra - University,25.17279,45.14198,01-02-2019 00:00,4614.9,4990.8,375.90000000000055,375.90000000000055,141300.8100000004,8.145355262302555,16.2,0.5,2060.4,4302.8,0.3237993462408851,43.0,927.8
1040,35,dt,loso,Shaqra - University,25.17279,45.14198,01-03-2019 00:00,6134.1,6373.3,239.19999999999982,239.19999999999982,57216.63999999991,3.8995125609298804,19.3,0.9,2454.1,5459.8,0.31009995071961993,28.2,925.3
1041,35,dt,loso,Shaqra - University,25.17279,45.14198,01-04-2019 00:00,6514.2,6715.8,201.60000000000036,201.60000000000036,40642.56000000014,3.094777562862675,23.6,0.5,2805.7,4983.8,0.36018999935811025,33.3,924.1
1042,35,dt,loso,Shaqra - University,25.17279,45.14198,01-05-2019 00:00,6931.7,6876.9,-54.80000000000018,54.80000000000018,3003.04000000002,0.7905708556342625,31.2,0.4,3084.3,4914.3,0.38560498087165257,22.6,922.3
1043,35,dt,loso,Shaqra - University,25.17279,45.14198,01-06-2019 00:00,7617.1,7704.7,87.59999999999945,87.59999999999945,7673.759999999905,1.1500439799923783,36.3,1.1,2765.3,6356.2,0.3031628569862413,11.4,919.0
1044,35,dt,loso,Shaqra - University,25.17279,45.14198,01-07-2019 00:00,7863.9,8069.1,205.20000000000073,205.20000000000073,42107.0400000003,2.6093922862701806,36.2,1.4,2246.1,7477.3,0.2309994446387066,11.4,916.3
1045,35,dt,loso,Shaqra - University,25.17279,45.14198,01-08-2019 00:00,7506.2,7727.3,221.10000000000036,221.10000000000036,48885.21000000016,2.9455649996003355,35.2,1.7,2065.5,7348.6,0.21940493515046577,12.1,917.7
1046,35,dt,loso,Shaqra - University,25.17279,45.14198,01-09-2019 00:00,6681.2,6691.9,10.699999999999818,10.699999999999818,114.4899999999961,0.1601508711009971,34.1,1.1,2028.3,6615.0,0.23466731456735276,13.9,920.9
1047,35,dt,loso,Shaqra - University,25.17279,45.14198,01-10-2019 00:00,5639.6,5630.4,-9.200000000000728,9.200000000000728,84.64000000001339,0.16313213703100798,29.2,1.0,1808.2,6042.5,0.2303234106512795,22.4,924.7
1048,35,dt,loso,Shaqra - University,25.17279,45.14198,01-11-2019 00:00,4080.6,4047.2,-33.40000000000009,33.40000000000009,1115.560000000006,0.818507082291822,20.4,0.2,1769.5,4173.6,0.29774023657687065,43.9,927.7
1049,35,dt,loso,Shaqra - University,25.17279,45.14198,01-12-2019 00:00,4239.8,4303.7,63.899999999999636,63.899999999999636,4083.2099999999537,1.5071465635171384,16.5,0.2,1230.8,6053.3,0.1689707719553548,44.1,928.4
1050,35,dt,loso,Shaqra - University,25.17279,45.14198,01-01-2020 00:00,4597.3,4477.6,-119.69999999999982,119.69999999999982,14328.089999999956,2.6037021730145913,13.1,0.4,1230.6,6521.2,0.15875022575401843,38.8,929.1
1051,35,dt,loso,Shaqra - University,25.17279,45.14198,01-02-2020 00:00,5296.2,5303.0,6.800000000000182,6.800000000000182,46.240000000002475,0.12839394282693598,17.4,0.4,2156.0,5290.3,0.28953977143010623,28.6,928.3
1052,35,dt,loso,Shaqra - University,25.17279,45.14198,01-03-2020 00:00,6388.6,6373.3,-15.300000000000182,15.300000000000182,234.09000000000557,0.23948908994146106,21.1,0.3,2721.6,5345.2,0.3373828531759806,24.1,924.8
1053,35,dt,loso,Shaqra - University,25.17279,45.14198,01-04-2020 00:00,6946.7,7018.7,72.0,72.0,5184.0,1.0364633567017434,26.2,0.3,3047.1,5120.9,0.3730533790401567,29.9,922.7
1054,35,dt,loso,Shaqra - University,25.17279,45.14198,01-05-2020 00:00,7207.3,7070.3,-137.0,137.0,18769.0,1.9008505265494708,31.6,0.2,3356.9,4948.0,0.4042071548122193,16.2,922.5
1055,35,dt,loso,Shaqra - University,25.17279,45.14198,01-09-2020 00:00,6670.5,6710.6,40.100000000000364,40.100000000000364,1608.010000000029,0.6011543362566578,33.4,0.0,2016.7,6662.2,0.2323681572549517,12.8,921.1
1056,35,dt,loso,Shaqra - University,25.17279,45.14198,01-12-2020 00:00,3944.8,3774.5,-170.30000000000018,170.30000000000018,29002.090000000062,4.317075643885627,15.7,0.0,1477.4,4816.3,0.23474267918712363,53.2,929.8
1057,35,dt,loso,Shaqra - University,25.17279,45.14198,01-01-2021 00:00,4399.0,4446.7,47.69999999999982,47.69999999999982,2275.2899999999827,1.084337349397586,15.1,0.0,1464.0,5528.6,0.20936418499556672,43.2,930.1
1058,35,dt,loso,Shaqra - University,25.17279,45.14198,01-02-2021 00:00,5016.8,5568.1,551.3000000000002,551.3000000000002,303931.6900000002,10.989076702280341,16.7,0.0,1963.2,5167.6,0.2753127278846693,39.7,928.8
1059,35,dt,loso,Shaqra - University,25.17279,45.14198,01-03-2021 00:00,6316.0,6455.2,139.19999999999982,139.19999999999982,19376.63999999995,2.2039265357821374,23.1,0.0,2925.7,4811.0,0.37815864645132935,21.9,925.9
1060,35,dt,loso,Shaqra - University,25.17279,45.14198,01-04-2021 00:00,6755.0,6906.3,151.30000000000018,151.30000000000018,22891.690000000053,2.239822353811994,27.1,0.0,3187.9,4723.0,0.40297564120390855,18.5,924.9
1061,35,dt,loso,Shaqra - University,25.17279,45.14198,01-05-2021 00:00,7730.5,7785.4,54.899999999999636,54.899999999999636,3014.00999999996,0.7101739861587173,33.2,0.0,2729.1,6537.5,0.2945093130166404,11.6,920.7
1062,35,dt,loso,Shaqra - University,25.17279,45.14198,01-07-2021 00:00,7615.5,7704.7,89.19999999999982,89.19999999999982,7956.639999999968,1.171295384413365,37.6,0.0,2574.2,6625.9,0.279801306507538,13.0,915.0
1063,35,dt,loso,Shaqra - University,25.17279,45.14198,01-08-2021 00:00,7483.7,7648.0,164.30000000000018,164.30000000000018,26994.49000000006,2.195438085439023,36.2,0.0,2113.4,7255.4,0.22557851592519856,11.5,917.7
1064,35,dt,loso,Shaqra - University,25.17279,45.14198,01-09-2021 00:00,6809.4,7560.5,751.1000000000004,751.1000000000004,564151.2100000005,11.030340411783717,32.3,0.0,1882.6,7070.6,0.2102711879551445,14.0,920.7
1065,35,dt,loso,Shaqra - University,25.17279,45.14198,01-10-2021 00:00,5778.5,5795.7,17.199999999999818,17.199999999999818,295.8399999999937,0.297655100804704,28.9,0.0,1691.3,6501.1,0.2064474390898882,17.3,925.4
1066,35,dt,loso,Shaqra - University,25.17279,45.14198,01-11-2021 00:00,4729.9,4922.2,192.30000000000018,192.30000000000018,36979.290000000066,4.065625066069054,21.7,0.0,1478.9,5897.1,0.20050162689804774,29.7,927.8
1067,35,dt,loso,Shaqra - University,25.17279,45.14198,01-12-2021 00:00,3911.0,3942.3,31.300000000000182,31.300000000000182,979.6900000000114,0.8003068268984961,16.1,0.0,1694.5,4351.2,0.28028185321798965,38.8,929.7
0,36,dt,loso,Sharurah - TVTC,17.47586,47.08618,01-05-2017 00:00,7400.9,7305.7,-95.19999999999982,95.19999999999982,9063.039999999964,1.2863300409409644,34.5,3.8,2866.0,5908.4,0.3266320204230489,19.9,926.6
1,36,dt,loso,Sharurah - TVTC,17.47586,47.08618,01-06-2017 00:00,7412.5,7406.8,-5.699999999999818,5.699999999999818,32.48999999999793,0.07689713322090816,36.3,3.3,3404.4,5124.4,0.3991651815026733,10.1,923.4
2,36,dt,loso,Sharurah - TVTC,17.47586,47.08618,01-09-2017 00:00,6528.3,6433.7,-94.60000000000036,94.60000000000036,8949.160000000069,1.4490755633166423,33.9,3.3,2007.4,6131.6,0.2466396363189581,14.3,925.6
3,36,dt,loso,Sharurah - TVTC,17.47586,47.08618,01-10-2017 00:00,6073.3,5924.8,-148.5,148.5,22052.25,2.4451286779839627,29.2,3.3,1451.7,6975.2,0.17226975518874083,17.7,930.1
4,36,dt,loso,Sharurah - TVTC,17.47586,47.08618,01-11-2017 00:00,5262.7,5419.3,156.60000000000036,156.60000000000036,24523.560000000114,2.975658882322769,24.8,3.5,1092.0,7020.8,0.13460211024553792,28.9,932.6
5,36,dt,loso,Sharurah - TVTC,17.47586,47.08618,01-03-2018 00:00,7122.5,5695.4,-1427.1000000000004,1427.1000000000004,2036614.410000001,20.03650403650404,27.4,3.9,1905.3,7405.5,0.20463332903724707,18.0,930.4
6,36,dt,loso,Sharurah - TVTC,17.47586,47.08618,01-04-2018 00:00,6758.0,7135.2,377.1999999999998,377.1999999999998,142279.83999999985,5.581532997928378,31.4,4.0,3578.9,4034.8,0.47006054874765224,24.4,927.5
7,36,dt,loso,Sharurah - TVTC,17.47586,47.08618,01-05-2018 00:00,7276.2,7066.7,-209.5,209.5,43890.25,2.879250158049531,33.1,3.9,2861.0,5660.0,0.3357587137659899,21.8,926.2
8,36,dt,loso,Sharurah - TVTC,17.47586,47.08618,01-06-2018 00:00,6892.3,7135.2,242.89999999999964,242.89999999999964,59000.40999999982,3.5242226832842394,36.2,3.6,3875.3,3752.6,0.5080428427221123,14.7,922.9
9,36,dt,loso,Sharurah - TVTC,17.47586,47.08618,01-07-2018 00:00,6505.0,5697.6,-807.3999999999996,807.3999999999996,651894.7599999994,12.411990776325897,36.8,3.8,3845.5,3268.7,0.5405386410278036,11.9,920.8
10,36,dt,loso,Sharurah - TVTC,17.47586,47.08618,01-08-2018 00:00,6688.9,6521.1,-167.79999999999927,167.79999999999927,28156.839999999756,2.5086337065885167,36.6,3.7,3350.5,4163.6,0.4458950506381336,15.4,921.7
11,36,dt,loso,Sharurah - TVTC,17.47586,47.08618,01-09-2018 00:00,6771.1,6625.9,-145.20000000000073,145.20000000000073,21083.040000000212,2.144407851013878,34.1,3.7,1989.3,6609.0,0.23135968738006352,16.3,925.9
12,36,dt,loso,Sharurah - TVTC,17.47586,47.08618,01-04-2019 00:00,6784.3,6964.2,179.89999999999964,179.89999999999964,32364.009999999867,2.6517105670444945,30.9,4.0,3090.8,4821.7,0.3906224328593997,23.7,928.2
13,36,dt,loso,Sharurah - TVTC,17.47586,47.08618,01-05-2019 00:00,7180.5,6901.4,-279.10000000000036,279.10000000000036,77896.8100000002,3.8869159529280743,33.2,3.5,2921.6,5517.5,0.34619805429488926,23.2,927.4
14,36,dt,loso,Sharurah - TVTC,17.47586,47.08618,01-06-2019 00:00,7425.5,7466.7,41.19999999999982,41.19999999999982,1697.439999999985,0.554844791596523,36.5,3.4,3053.4,5649.9,0.35083244286649895,13.7,923.2
15,36,dt,loso,Sharurah - TVTC,17.47586,47.08618,01-07-2019 00:00,7131.2,7086.7,-44.5,44.5,1980.25,0.6240183980255778,37.3,3.6,3780.9,4164.7,0.4758482682239227,15.3,920.5
16,36,dt,loso,Sharurah - TVTC,17.47586,47.08618,01-08-2019 00:00,6987.6,7049.4,61.79999999999927,61.79999999999927,3819.23999999991,0.8844238365103794,36.3,3.9,3195.1,4911.8,0.3941210573708816,15.6,922.3
17,36,dt,loso,Sharurah - TVTC,17.47586,47.08618,01-09-2019 00:00,6840.7,6915.2,74.5,74.5,5550.25,1.0890698320347332,34.7,3.8,2555.1,5726.3,0.30853478880382545,19.3,924.7
18,36,dt,loso,Sharurah - TVTC,17.47586,47.08618,01-10-2019 00:00,6614.2,6747.2,133.0,133.0,17689.0,2.0108251942789757,30.5,3.7,1531.1,7635.1,0.1670375946411817,20.7,929.3
19,36,dt,loso,Sharurah - TVTC,17.47586,47.08618,01-11-2019 00:00,5571.5,4724.3,-847.1999999999998,847.1999999999998,717747.8399999997,15.205958897962843,24.5,3.8,1426.3,6870.4,0.17191172393843338,36.2,932.1
20,36,dt,loso,Sharurah - TVTC,17.47586,47.08618,01-12-2019 00:00,5309.2,4562.7,-746.5,746.5,557262.25,14.060498756874859,22.0,3.5,1168.4,7408.1,0.13623272896869354,37.8,933.1
21,36,dt,loso,Sharurah - TVTC,17.47586,47.08618,01-01-2020 00:00,5578.3,4898.9,-679.4000000000005,679.4000000000005,461584.36000000074,12.179337791083315,19.9,3.4,1640.6,6715.3,0.19634031043933028,34.4,933.8
22,36,dt,loso,Sharurah - TVTC,17.47586,47.08618,01-02-2020 00:00,6153.8,6299.4,145.59999999999945,145.59999999999945,21199.35999999984,2.3660177451330795,23.6,3.9,2103.2,6297.3,0.2503660496399024,23.6,932.7
23,36,dt,loso,Sharurah - TVTC,17.47586,47.08618,01-03-2020 00:00,6779.9,6514.2,-265.6999999999998,265.6999999999998,70596.4899999999,3.9189368574757717,26.9,4.2,3186.7,4887.2,0.394691536927631,26.1,929.2
24,36,dt,loso,Sharurah - TVTC,17.47586,47.08618,01-04-2020 00:00,7098.2,7303.7,205.5,205.5,42230.25,2.8951001662393283,31.1,3.8,2729.7,5737.1,0.3224004346388246,34.4,927.9
25,36,dt,loso,Sharurah - TVTC,17.47586,47.08618,01-05-2020 00:00,7522.2,7581.9,59.69999999999982,59.69999999999982,3564.0899999999783,0.7936507936507912,34.6,3.7,2767.2,6153.8,0.3101894406456675,19.4,927.0
26,36,dt,loso,Sharurah - TVTC,17.47586,47.08618,01-09-2020 00:00,7309.1,7745.1,436.0,436.0,190096.0,5.965166709991654,33.4,3.3,1963.5,7390.4,0.20991244293823969,15.2,925.1
27,36,dt,loso,Sharurah - TVTC,17.47586,47.08618,01-10-2020 00:00,6800.6,5985.7,-814.9000000000005,814.9000000000005,664062.0100000009,11.982766226509433,27.6,2.8,1365.0,8286.2,0.1414331896551724,17.3,930.4
28,36,dt,loso,Sharurah - TVTC,17.47586,47.08618,01-11-2020 00:00,5977.3,5489.4,-487.90000000000055,487.90000000000055,238046.41000000053,8.162548307764384,25.1,3.2,1054.2,8351.0,0.11208693063411729,26.4,932.6
29,36,dt,loso,Sharurah - TVTC,17.47586,47.08618,01-12-2020 00:00,5510.5,5140.4,-370.10000000000036,370.10000000000036,136974.01000000027,6.716268941112428,21.2,3.3,1098.5,7951.0,0.12138792198464003,35.8,934.1
30,36,dt,loso,Sharurah - TVTC,17.47586,47.08618,01-01-2021 00:00,5912.8,5489.4,-423.40000000000055,423.40000000000055,179267.56000000046,7.16073603030714,19.8,3.2,1163.1,8247.4,0.12359598321024387,26.6,934.3
31,36,dt,loso,Sharurah - TVTC,17.47586,47.08618,01-02-2021 00:00,6299.1,6089.8,-209.30000000000018,209.30000000000018,43806.49000000008,3.322696893206969,22.9,3.8,1854.5,6918.3,0.21139202991063288,25.7,932.3
32,36,dt,loso,Sharurah - TVTC,17.47586,47.08618,01-03-2021 00:00,7471.9,7630.7,158.80000000000018,158.80000000000018,25217.440000000057,2.1252961094233083,27.7,3.6,1970.8,7876.3,0.20014014278315442,16.1,930.2
33,36,dt,loso,Sharurah - TVTC,17.47586,47.08618,01-04-2021 00:00,7598.6,7615.5,16.899999999999636,16.899999999999636,285.6099999999877,0.22240939120363798,30.1,3.7,2565.5,6611.2,0.27956672878049843,19.5,929.0
34,36,dt,loso,Sharurah - TVTC,17.47586,47.08618,01-05-2021 00:00,7702.5,7720.3,17.800000000000182,17.800000000000182,316.84000000000646,0.23109380071405622,34.4,3.6,2769.7,6458.4,0.30013762312935494,13.7,925.9
35,36,dt,loso,Sharurah - TVTC,17.47586,47.08618,01-07-2021 00:00,6678.1,6521.1,-157.0,157.0,24649.0,2.35096808972612,34.9,4.1,3336.1,4290.0,0.4374582027510785,27.5,920.1
36,36,dt,loso,Sharurah - TVTC,17.47586,47.08618,01-08-2021 00:00,7125.3,7273.2,147.89999999999964,147.89999999999964,21874.40999999989,2.0757020757020705,36.7,4.1,3060.8,5235.1,0.36895333839607514,17.9,922.0
37,36,dt,loso,Sharurah - TVTC,17.47586,47.08618,01-09-2021 00:00,7019.1,7261.7,242.59999999999945,242.59999999999945,58854.75999999973,3.45628356911854,34.0,3.4,2545.6,6044.4,0.29634458672875436,15.1,924.5
38,36,dt,loso,Sharurah - TVTC,17.47586,47.08618,01-10-2021 00:00,6476.5,6037.1,-439.39999999999964,439.39999999999964,193072.35999999967,6.784528680614524,29.9,3.3,1702.3,7160.0,0.1920833192286427,21.6,929.7
39,36,dt,loso,Sharurah - TVTC,17.47586,47.08618,01-11-2021 00:00,5876.1,5419.3,-456.8000000000002,456.8000000000002,208666.24000000017,7.773863617024899,25.1,3.1,1249.5,7711.1,0.13944378724638976,24.9,932.5
40,36,dt,loso,Sharurah - TVTC,17.47586,47.08618,01-12-2021 00:00,5491.3,5419.3,-72.0,72.0,5184.0,1.3111649336222753,21.0,2.5,1039.4,8066.4,0.11414702716949639,32.6,933.9
434,37,dt,loso,Tabuk - University,28.38287,36.48396,01-01-2017 00:00,4028.6,4169.5,140.9000000000001,140.9000000000001,19852.810000000027,3.49749292558209,11.2,2.1,1282.3,5592.6,0.18651907664111475,36.7,929.7
435,37,dt,loso,Tabuk - University,28.38287,36.48396,01-02-2017 00:00,5199.5,4208.3,-991.1999999999998,991.1999999999998,982477.4399999996,19.06337147802673,11.5,2.3,1318.5,6873.2,0.1609556014014185,26.5,930.0
436,37,dt,loso,Tabuk - University,28.38287,36.48396,01-03-2017 00:00,6312.4,5111.7,-1200.6999999999998,1200.6999999999998,1441680.4899999995,19.021291426398832,17.7,2.6,1617.6,7280.9,0.1817834466483115,25.8,925.4
437,37,dt,loso,Tabuk - University,28.38287,36.48396,01-04-2017 00:00,6791.0,6939.8,148.80000000000018,148.80000000000018,22141.440000000053,2.1911353261669886,23.1,0.4,2492.4,6099.6,0.2900837988826816,21.2,926.3
438,37,dt,loso,Tabuk - University,28.38287,36.48396,01-05-2017 00:00,7630.7,7471.9,-158.80000000000018,158.80000000000018,25217.440000000057,2.0810672677473914,27.5,0.0,1894.8,7888.3,0.19368093957947888,17.3,925.1
439,37,dt,loso,Tabuk - University,28.38287,36.48396,01-09-2017 00:00,6626.0,6124.2,-501.8000000000002,501.8000000000002,251803.2400000002,7.573196498641717,29.9,2.8,1888.1,6915.3,0.21447395324533702,22.4,924.5
440,37,dt,loso,Tabuk - University,28.38287,36.48396,01-11-2017 00:00,4388.9,4399.0,10.100000000000364,10.100000000000364,102.01000000000735,0.23012599968102176,17.5,2.0,1375.6,5824.3,0.19105820914179364,39.6,928.5
441,37,dt,loso,Tabuk - University,28.38287,36.48396,01-03-2018 00:00,6380.9,6446.8,65.90000000000055,65.90000000000055,4342.810000000072,1.0327696719898531,21.9,2.5,1814.9,7139.4,0.20268474364271916,18.7,926.5
442,37,dt,loso,Tabuk - University,28.38287,36.48396,01-04-2018 00:00,7043.3,7199.2,155.89999999999964,155.89999999999964,24304.809999999885,2.213451081169333,22.4,2.5,2347.1,6530.4,0.2643874964798648,24.7,924.4
443,37,dt,loso,Tabuk - University,28.38287,36.48396,01-05-2018 00:00,7448.6,7580.5,131.89999999999964,131.89999999999964,17397.609999999902,1.7708025669253231,28.1,3.1,2752.3,6270.7,0.3050315859470243,18.8,923.8
444,37,dt,loso,Tabuk - University,28.38287,36.48396,01-06-2018 00:00,8333.0,8149.4,-183.60000000000036,183.60000000000036,33708.96000000013,2.2032881315252655,30.6,2.9,2058.5,8506.7,0.19483776928027863,19.4,922.6
445,37,dt,loso,Tabuk - University,28.38287,36.48396,01-07-2018 00:00,8157.9,7799.3,-358.59999999999945,358.59999999999945,128593.95999999961,4.395739099523155,31.6,2.8,1839.3,8659.4,0.17519311914808502,19.7,921.0
446,37,dt,loso,Tabuk - University,28.38287,36.48396,01-08-2018 00:00,7802.0,6706.2,-1095.8000000000002,1095.8000000000002,1200777.6400000004,14.045116636759808,31.0,2.8,1266.2,9316.7,0.11964584376683139,23.9,922.0
447,37,dt,loso,Tabuk - University,28.38287,36.48396,01-03-2019 00:00,6494.3,6418.6,-75.69999999999982,75.69999999999982,5730.4899999999725,1.1656375590902763,15.7,2.8,1643.5,7700.4,0.17589015293399973,29.7,926.7
448,37,dt,loso,Tabuk - University,28.38287,36.48396,01-04-2019 00:00,6681.0,5206.5,-1474.5,1474.5,2174150.25,22.070049393803323,20.6,2.7,2060.7,6569.1,0.2387888479454912,23.4,925.8
449,37,dt,loso,Tabuk - University,28.38287,36.48396,01-05-2019 00:00,7116.1,6828.0,-288.10000000000036,288.10000000000036,83001.6100000002,4.048565927966166,29.0,2.7,2054.7,6870.8,0.23020559072320876,13.4,924.7
450,37,dt,loso,Tabuk - University,28.38287,36.48396,01-06-2019 00:00,7896.1,8149.4,253.29999999999927,253.29999999999927,64160.88999999963,3.2079127670622114,31.4,3.0,1917.9,8159.0,0.19032639006043528,18.3,923.1
451,37,dt,loso,Tabuk - University,28.38287,36.48396,01-07-2019 00:00,8313.3,8199.1,-114.19999999999891,114.19999999999891,13041.63999999975,1.3737023805227637,31.8,2.8,1500.0,9425.8,0.13728971791539293,18.7,921.0
452,37,dt,loso,Tabuk - University,28.38287,36.48396,01-08-2019 00:00,7684.6,7363.8,-320.8000000000002,320.8000000000002,102912.64000000012,4.174582932097964,31.3,2.7,1533.0,8704.4,0.14974505245472483,21.1,922.1
453,37,dt,loso,Tabuk - University,28.38287,36.48396,01-09-2019 00:00,6747.2,5632.0,-1115.1999999999998,1115.1999999999998,1243671.0399999996,16.528337680815746,30.0,2.7,1567.3,7724.1,0.16868286802849947,23.6,923.8
454,37,dt,loso,Tabuk - University,28.38287,36.48396,01-10-2019 00:00,5138.7,6394.9,1256.1999999999998,1256.1999999999998,1578038.4399999995,24.445871523926282,25.8,2.5,2188.2,4966.1,0.3058580154592343,29.9,926.7
455,37,dt,loso,Tabuk - University,28.38287,36.48396,01-11-2019 00:00,4226.5,4375.6,149.10000000000036,149.10000000000036,22230.810000000107,3.527741630190474,18.8,2.1,1259.1,5771.2,0.1790961978862922,36.4,928.0
456,37,dt,loso,Tabuk - University,28.38287,36.48396,01-12-2019 00:00,4025.8,4280.9,255.09999999999945,255.09999999999945,65076.00999999972,6.336628744597333,13.1,2.1,865.8,6857.0,0.11210959755529082,39.5,929.3
457,37,dt,loso,Tabuk - University,28.38287,36.48396,01-01-2020 00:00,4191.2,4965.1,773.9000000000005,773.9000000000005,598921.2100000009,18.464878793662926,10.3,1.9,1060.0,6498.1,0.1402468874452574,42.2,930.3
458,37,dt,loso,Tabuk - University,28.38287,36.48396,01-09-2020 00:00,6244.6,6263.2,18.599999999999454,18.599999999999454,345.9599999999797,0.2978573487493107,32.4,2.4,1627.6,6731.6,0.19470762752416496,18.1,924.0
459,37,dt,loso,Tabuk - University,28.38287,36.48396,01-10-2020 00:00,5630.9,5948.5,317.60000000000036,317.60000000000036,100869.76000000023,5.640306167752941,26.8,2.2,1270.6,7375.2,0.14696153045409333,17.6,927.6
460,37,dt,loso,Tabuk - University,28.38287,36.48396,01-11-2020 00:00,4561.7,4280.9,-280.8000000000002,280.8000000000002,78848.6400000001,6.155599886007414,18.1,2.2,1000.6,6999.7,0.12507030986338014,40.3,928.0
461,37,dt,loso,Tabuk - University,28.38287,36.48396,01-12-2020 00:00,3685.6,3978.1,292.5,292.5,85556.25,7.9362925982201,14.5,1.9,1259.4,5190.9,0.19524673271010654,43.1,929.5
462,37,dt,loso,Tabuk - University,28.38287,36.48396,01-01-2021 00:00,4246.2,4539.7,293.5,293.5,86142.25,6.912062550044746,13.3,2.0,1255.2,6090.1,0.17088478346697888,41.5,930.0
463,37,dt,loso,Tabuk - University,28.38287,36.48396,01-02-2021 00:00,5149.7,5247.7,98.0,98.0,9604.0,1.903023477095753,14.4,2.4,1345.2,6825.2,0.16464310192891415,39.2,928.8
464,37,dt,loso,Tabuk - University,28.38287,36.48396,01-09-2021 00:00,6587.6,5632.0,-955.6000000000004,955.6000000000004,913171.3600000007,14.506041654016641,29.5,2.8,1565.9,7489.3,0.1729282622139765,24.4,924.1
465,37,dt,loso,Tabuk - University,28.38287,36.48396,01-10-2021 00:00,5489.4,5912.8,423.40000000000055,423.40000000000055,179267.56000000046,7.713046963238251,25.3,2.4,1432.5,6797.3,0.17406255316046565,25.4,927.3
466,37,dt,loso,Tabuk - University,28.38287,36.48396,01-11-2021 00:00,4362.8,4608.5,245.69999999999982,245.69999999999982,60368.48999999991,5.631704410011914,19.1,1.9,1072.8,6400.4,0.1435529625863084,34.5,928.8
467,37,dt,loso,Tabuk - University,28.38287,36.48396,01-12-2021 00:00,3774.5,3939.0,164.5,164.5,27060.25,4.358193138163995,13.7,2.1,1420.9,4968.0,0.2224013523454742,39.6,929.3
712,38,dt,loso,Taif - University,21.43278,40.49173,01-01-2017 00:00,4868.6,5136.3,267.6999999999998,267.6999999999998,71663.2899999999,5.498500595653777,18.1,2.5,1127.7,6756.0,0.14304197267780358,43.8,851.0
713,38,dt,loso,Taif - University,21.43278,40.49173,01-02-2017 00:00,4544.6,5930.5,1385.8999999999996,1385.8999999999996,1920718.809999999,30.49553316023411,15.9,3.1,1958.9,4114.3,0.32254824474741484,47.1,849.8
714,38,dt,loso,Taif - University,21.43278,40.49173,01-05-2017 00:00,6424.3,6493.8,69.5,69.5,4830.25,1.0818299269959373,26.0,2.6,2870.0,4672.9,0.38049026236593353,33.7,849.6
715,38,dt,loso,Taif - University,21.43278,40.49173,01-09-2017 00:00,6560.7,6803.0,242.30000000000018,242.30000000000018,58709.29000000009,3.6932034691420155,28.0,2.5,2412.9,5620.2,0.30036972028233183,18.9,848.8
716,38,dt,loso,Taif - University,21.43278,40.49173,01-11-2017 00:00,5215.9,5788.4,572.5,572.5,327756.25,10.976053988765123,20.0,2.3,1409.4,6571.4,0.17659883720930236,42.1,850.6
717,38,dt,loso,Taif - University,21.43278,40.49173,01-03-2018 00:00,6963.9,6017.5,-946.3999999999996,946.3999999999996,895672.9599999993,13.590086015020313,21.5,2.7,1815.4,7489.4,0.1951036024417505,29.7,849.6
718,38,dt,loso,Taif - University,21.43278,40.49173,01-04-2018 00:00,6959.2,6852.4,-106.80000000000018,106.80000000000018,11406.240000000038,1.5346591562248562,21.9,3.1,2318.9,6303.2,0.2689484000417532,38.0,848.1
719,38,dt,loso,Taif - University,21.43278,40.49173,01-05-2018 00:00,7434.2,6161.8,-1272.3999999999996,1272.3999999999996,1619001.759999999,17.115493260875407,26.6,2.8,2718.2,6136.2,0.3069886158294181,22.9,848.5
720,38,dt,loso,Taif - University,21.43278,40.49173,01-06-2018 00:00,7557.7,7305.7,-252.0,252.0,63504.0,3.3343477512999984,29.5,3.2,2904.7,5915.2,0.3293347997142825,15.5,847.2
721,38,dt,loso,Taif - University,21.43278,40.49173,01-07-2018 00:00,7580.5,7448.6,-131.89999999999964,131.89999999999964,17397.609999999902,1.7399907657806166,28.3,4.2,2744.1,6186.4,0.3072728290689211,18.7,846.8
722,38,dt,loso,Taif - University,21.43278,40.49173,01-08-2018 00:00,7265.2,7301.0,35.80000000000018,35.80000000000018,1281.640000000013,0.4927600066068406,28.5,4.2,2426.0,6352.0,0.2763727500569606,19.5,846.9
723,38,dt,loso,Taif - University,21.43278,40.49173,01-11-2018 00:00,4463.3,4697.5,234.19999999999982,234.19999999999982,54849.63999999991,5.2472385902807295,18.3,2.3,1618.7,4984.8,0.2451275838570455,60.2,850.6
724,38,dt,loso,Taif - University,21.43278,40.49173,01-12-2018 00:00,4686.2,5225.9,539.6999999999998,539.6999999999998,291276.0899999998,11.516793990866796,17.5,2.2,1426.5,5956.6,0.19321152361474175,54.9,851.2
725,38,dt,loso,Taif - University,21.43278,40.49173,01-01-2019 00:00,5163.2,5136.3,-26.899999999999636,26.899999999999636,723.6099999999805,0.5209947319491718,18.2,2.7,1390.7,6733.5,0.1711799315624923,43.7,851.1
726,38,dt,loso,Taif - University,21.43278,40.49173,01-02-2019 00:00,5702.3,5101.3,-601.0,601.0,361201.0,10.5396068253161,17.7,3.3,1904.4,6095.4,0.238055951398785,43.6,849.8
727,38,dt,loso,Taif - University,21.43278,40.49173,01-03-2019 00:00,7014.5,5111.7,-1902.8000000000002,1902.8000000000002,3620647.840000001,27.126666191460547,18.7,3.7,1888.6,7502.6,0.20110316040548595,30.7,849.0
728,38,dt,loso,Taif - University,21.43278,40.49173,01-02-2020 00:00,5953.4,5136.3,-817.0999999999995,817.0999999999995,667652.4099999991,13.724930291934012,17.5,3.0,1637.0,6898.4,0.19178948848325797,41.4,850.5
729,38,dt,loso,Taif - University,21.43278,40.49173,01-04-2020 00:00,7457.6,7415.4,-42.20000000000073,42.20000000000073,1780.8400000000613,0.565865694057079,23.0,3.2,2103.6,7390.6,0.22156685134081858,32.4,848.7
730,38,dt,loso,Taif - University,21.43278,40.49173,01-05-2020 00:00,6566.1,6912.2,346.09999999999945,346.09999999999945,119785.20999999963,5.271013234644605,25.9,2.6,2471.2,5410.9,0.31352050849392926,29.6,849.6
731,38,dt,loso,Taif - University,21.43278,40.49173,01-09-2020 00:00,6771.3,6766.3,-5.0,5.0,25.0,0.07384106449278573,28.2,2.4,2112.4,6453.2,0.24661436443448212,20.6,848.3
732,38,dt,loso,Taif - University,21.43278,40.49173,01-11-2020 00:00,5037.2,4828.7,-208.5,208.5,43472.25,4.13920431986024,20.2,2.2,1345.1,6446.9,0.17262577002053386,48.9,850.7
733,38,dt,loso,Taif - University,21.43278,40.49173,01-01-2021 00:00,5078.9,5225.9,147.0,147.0,21609.0,2.894327511862805,16.5,2.2,1373.4,6610.2,0.17202765669622727,46.8,850.6
734,38,dt,loso,Taif - University,21.43278,40.49173,01-04-2021 00:00,6761.1,6912.2,151.09999999999945,151.09999999999945,22831.209999999835,2.234843442635066,22.8,2.5,2491.3,5707.1,0.30387636612021857,33.3,849.6
735,38,dt,loso,Taif - University,21.43278,40.49173,01-07-2021 00:00,7142.4,7125.3,-17.099999999999454,17.099999999999454,292.4099999999813,0.23941532258063752,29.3,4.4,3065.0,5167.7,0.37229584461962656,19.6,845.5
736,38,dt,loso,Taif - University,21.43278,40.49173,01-10-2021 00:00,6174.0,7144.1,970.1000000000004,970.1000000000004,941094.0100000007,15.712666018788473,25.0,2.4,1625.4,7011.9,0.18818380743982496,24.6,850.8
797,39,dt,loso,Thuwal - KAUST,22.3065,39.107,01-01-2017 00:00,4441.4,4232.3,-209.09999999999945,209.09999999999945,43722.80999999977,4.70797496284954,23.9,2.2,1551.0,5142.7,0.2317104142701346,83.6,1012.4
798,39,dt,loso,Thuwal - KAUST,22.3065,39.107,01-02-2017 00:00,4529.6,5072.3,542.6999999999998,542.6999999999998,294523.2899999998,11.981190392087598,23.3,2.7,2316.1,3523.9,0.39659246575342466,65.1,1012.1
799,39,dt,loso,Thuwal - KAUST,22.3065,39.107,01-03-2017 00:00,5726.5,5272.8,-453.6999999999998,453.6999999999998,205843.68999999983,7.92281498297389,24.6,2.6,2544.1,4485.6,0.36190733601718417,83.6,1008.4
800,39,dt,loso,Thuwal - KAUST,22.3065,39.107,01-04-2017 00:00,6098.8,5969.4,-129.40000000000055,129.40000000000055,16744.360000000142,2.121728864694703,27.9,2.8,3026.8,3978.0,0.43210370031978074,80.6,1007.1
801,39,dt,loso,Thuwal - KAUST,22.3065,39.107,01-05-2017 00:00,6160.8,5969.4,-191.40000000000055,191.40000000000055,36633.96000000021,3.106739384495529,29.8,2.6,2851.5,4210.5,0.4037807986406117,83.8,1005.5
802,39,dt,loso,Thuwal - KAUST,22.3065,39.107,01-06-2017 00:00,6778.2,6432.2,-346.0,346.0,119716.0,5.1046000413089025,29.9,2.5,2344.2,5721.0,0.29065615235828,92.4,1001.6
803,39,dt,loso,Thuwal - KAUST,22.3065,39.107,01-09-2017 00:00,6160.3,6796.6,636.3000000000002,636.3000000000002,404877.69000000024,10.32904241676542,31.4,2.5,2630.7,4680.7,0.3598079711136034,93.7,1003.3
804,39,dt,loso,Thuwal - KAUST,22.3065,39.107,01-10-2017 00:00,5630.4,5448.4,-182.0,182.0,33124.0,3.2324524012503555,29.0,2.1,1788.8,5825.1,0.23493873047978037,95.9,1007.0
805,39,dt,loso,Thuwal - KAUST,22.3065,39.107,01-11-2017 00:00,4537.8,4491.7,-46.100000000000364,46.100000000000364,2125.2100000000337,1.015910793776728,27.5,2.3,1685.6,4843.0,0.25818705388597857,88.8,1009.6
806,39,dt,loso,Thuwal - KAUST,22.3065,39.107,01-03-2018 00:00,6375.2,6067.1,-308.09999999999945,308.09999999999945,94925.60999999967,4.8327895595432215,26.0,0.0,2089.3,6161.7,0.2532177917828142,68.9,1008.3
807,39,dt,loso,Thuwal - KAUST,22.3065,39.107,01-04-2018 00:00,7031.1,6822.3,-208.80000000000018,208.80000000000018,43597.440000000075,2.969663352818196,27.0,0.0,2507.9,6022.8,0.29398525326174874,65.5,1006.2
808,39,dt,loso,Thuwal - KAUST,22.3065,39.107,01-05-2018 00:00,7120.5,6919.4,-201.10000000000036,201.10000000000036,40441.210000000145,2.824239870795595,30.2,0.0,3128.0,5108.0,0.37979601748421565,62.0,1003.9
809,39,dt,loso,Thuwal - KAUST,22.3065,39.107,01-06-2018 00:00,7152.3,6409.8,-742.5,742.5,551306.25,10.381275953189881,30.9,0.0,2970.5,5355.5,0.3567739610857555,68.2,1001.6
810,39,dt,loso,Thuwal - KAUST,22.3065,39.107,01-07-2018 00:00,7036.3,6409.8,-626.5,626.5,392502.25,8.903827295595697,31.9,0.0,2769.9,5444.7,0.3371923161200789,65.5,1001.7
811,39,dt,loso,Thuwal - KAUST,22.3065,39.107,01-08-2018 00:00,6668.6,6201.0,-467.60000000000036,467.60000000000036,218649.76000000033,7.01196652970639,32.1,0.0,2421.2,5502.2,0.30557588913850114,69.5,1001.9
812,39,dt,loso,Thuwal - KAUST,22.3065,39.107,01-09-2018 00:00,5840.5,5592.4,-248.10000000000036,248.10000000000036,61553.61000000018,4.247923979111383,31.6,0.0,3004.4,3679.4,0.4495047727340734,79.2,1003.4
813,39,dt,loso,Thuwal - KAUST,22.3065,39.107,01-10-2018 00:00,5111.6,4776.9,-334.7000000000007,334.7000000000007,112024.09000000049,6.547851944596618,29.9,0.0,2043.4,4577.8,0.3086147526128194,71.9,1007.7
814,39,dt,loso,Thuwal - KAUST,22.3065,39.107,01-11-2018 00:00,4224.2,4206.5,-17.699999999999818,17.699999999999818,313.28999999999354,0.41901425121916147,26.9,0.0,1619.0,4521.7,0.26365072385884347,61.5,1009.8
815,39,dt,loso,Thuwal - KAUST,22.3065,39.107,01-12-2018 00:00,3910.5,4036.0,125.5,125.5,15750.25,3.209308272599412,24.8,0.0,1644.6,4220.4,0.28040920716112533,66.4,1012.2
816,39,dt,loso,Thuwal - KAUST,22.3065,39.107,01-01-2019 00:00,3951.5,4045.3,93.80000000000018,93.80000000000018,8798.440000000033,2.373782108060235,24.1,0.0,1959.2,3470.4,0.36083689406217767,67.7,1012.3
817,39,dt,loso,Thuwal - KAUST,22.3065,39.107,01-02-2019 00:00,4607.3,4629.8,22.5,22.5,506.25,0.4883554359386191,23.9,0.0,2080.2,4001.6,0.3420368969712914,57.9,1011.5
818,39,dt,loso,Thuwal - KAUST,22.3065,39.107,01-03-2019 00:00,6107.7,6230.3,122.60000000000036,122.60000000000036,15030.76000000009,2.0073022578057267,23.7,0.0,2209.2,5648.4,0.28115455100794134,60.6,1010.2
819,39,dt,loso,Thuwal - KAUST,22.3065,39.107,01-04-2019 00:00,6768.1,6712.6,-55.5,55.5,3080.25,0.820023344808735,26.2,0.0,2516.8,5741.0,0.30477851243672655,64.7,1007.5
820,39,dt,loso,Thuwal - KAUST,22.3065,39.107,01-05-2019 00:00,6682.7,6185.8,-496.89999999999964,496.89999999999964,246909.60999999964,7.435617340296581,30.2,0.0,2797.3,4946.6,0.36122625550433246,63.9,1005.1
821,39,dt,loso,Thuwal - KAUST,22.3065,39.107,01-06-2019 00:00,6334.7,6185.8,-148.89999999999964,148.89999999999964,22171.20999999989,2.3505454086223443,31.8,0.0,2680.4,4588.4,0.36875412722870354,66.0,1002.1
822,39,dt,loso,Thuwal - KAUST,22.3065,39.107,01-07-2019 00:00,6893.8,6915.2,21.399999999999636,21.399999999999636,457.9599999999844,0.3104238591197835,31.8,0.0,2480.5,5709.7,0.3028619569729677,68.0,1000.9
823,39,dt,loso,Thuwal - KAUST,22.3065,39.107,01-08-2019 00:00,6611.0,6201.0,-410.0,410.0,168100.0,6.201784903947965,32.2,0.0,2337.3,5597.8,0.294552053534297,69.8,1002.5
824,39,dt,loso,Thuwal - KAUST,22.3065,39.107,01-09-2019 00:00,5908.1,5377.9,-530.2000000000007,530.2000000000007,281112.0400000008,8.974120275553913,30.9,0.0,2469.5,4619.7,0.34834678101901484,78.0,1002.8
825,39,dt,loso,Thuwal - KAUST,22.3065,39.107,01-10-2019 00:00,5228.0,4738.7,-489.3000000000002,489.3000000000002,239414.49000000017,9.359219586840094,31.1,0.0,1870.5,5032.4,0.2709730692897188,69.0,1007.6
826,39,dt,loso,Thuwal - KAUST,22.3065,39.107,01-11-2019 00:00,4486.9,4506.5,19.600000000000364,19.600000000000364,384.16000000001424,0.4368272080946837,28.1,0.0,1567.2,5053.0,0.23673000815685327,63.0,1008.6
827,39,dt,loso,Thuwal - KAUST,22.3065,39.107,01-12-2019 00:00,4316.6,4013.6,-303.00000000000045,303.00000000000045,91809.00000000028,7.019413427234407,24.8,0.0,1322.5,5637.5,0.19001436781609196,58.0,1011.5
828,39,dt,loso,Thuwal - KAUST,22.3065,39.107,01-01-2020 00:00,4597.0,3974.1,-622.9000000000001,622.9000000000001,388004.4100000001,13.550141396562978,21.6,0.2,1307.7,6020.4,0.17845007573586608,52.8,1014.3
829,39,dt,loso,Thuwal - KAUST,22.3065,39.107,01-02-2020 00:00,4914.9,5957.0,1042.1000000000004,1042.1000000000004,1085972.4100000008,21.202872896701873,22.7,2.6,1963.0,4774.1,0.2913716584287008,62.1,1012.8
830,39,dt,loso,Thuwal - KAUST,22.3065,39.107,01-03-2020 00:00,6083.3,5957.0,-126.30000000000018,126.30000000000018,15951.690000000046,2.0761757598671804,24.1,2.6,2321.5,5308.6,0.304255514344504,66.8,1008.8
831,39,dt,loso,Thuwal - KAUST,22.3065,39.107,01-04-2020 00:00,6790.1,6591.4,-198.70000000000073,198.70000000000073,39481.690000000286,2.9263192000117924,26.0,2.4,2145.2,6306.7,0.2538127521622357,67.9,1007.6
832,39,dt,loso,Thuwal - KAUST,22.3065,39.107,01-05-2020 00:00,6632.5,6628.0,-4.5,4.5,20.25,0.06784771956275915,29.3,2.5,2533.6,5336.2,0.32193956644387406,67.4,1005.5
833,39,dt,loso,Thuwal - KAUST,22.3065,39.107,01-09-2020 00:00,6025.7,5998.5,-27.199999999999818,27.199999999999818,739.8399999999901,0.45139983736329087,32.4,2.3,2314.2,5023.7,0.3153763338284795,74.8,1002.1
834,39,dt,loso,Thuwal - KAUST,22.3065,39.107,01-10-2020 00:00,5569.3,6075.9,506.59999999999945,506.59999999999945,256643.55999999944,9.096295764279164,31.3,2.3,1615.0,6168.2,0.20749820125398294,57.9,1006.8
835,39,dt,loso,Thuwal - KAUST,22.3065,39.107,01-11-2020 00:00,4492.5,4439.9,-52.600000000000364,52.600000000000364,2766.7600000000384,1.1708402893711822,27.8,2.4,1422.6,5307.0,0.21139443651925818,63.7,1009.9
836,39,dt,loso,Thuwal - KAUST,22.3065,39.107,01-12-2020 00:00,4028.1,3931.9,-96.19999999999982,96.19999999999982,9254.439999999964,2.388222735284621,25.5,2.1,1489.9,4741.3,0.23910322249325971,62.3,1011.3
837,39,dt,loso,Thuwal - KAUST,22.3065,39.107,01-01-2021 00:00,4280.5,4611.0,330.5,330.5,109230.25,7.721060623758906,24.9,2.5,1733.6,4544.0,0.2761564929272333,59.4,1011.7
838,39,dt,loso,Thuwal - KAUST,22.3065,39.107,01-02-2021 00:00,4971.2,4837.2,-134.0,134.0,17956.0,2.6955262310910846,23.9,2.7,1647.6,5373.2,0.23467411121239745,63.0,1011.4
839,39,dt,loso,Thuwal - KAUST,22.3065,39.107,01-09-2021 00:00,5790.5,5939.5,149.0,149.0,22201.0,2.5731802089629565,31.1,2.5,2674.1,4143.2,0.392252064600355,76.7,1002.9
840,39,dt,loso,Thuwal - KAUST,22.3065,39.107,01-10-2021 00:00,5313.2,4516.0,-797.1999999999998,797.1999999999998,635527.8399999997,15.004140630881574,29.3,0.2,1831.3,5239.4,0.25899840185554474,78.8,1006.7
841,39,dt,loso,Thuwal - KAUST,22.3065,39.107,01-11-2021 00:00,4389.4,4518.0,128.60000000000036,128.60000000000036,16537.960000000094,2.9297853920809307,27.4,0.0,1350.9,5247.1,0.20474386177629586,69.7,1009.5
842,39,dt,loso,Thuwal - KAUST,22.3065,39.107,01-12-2021 00:00,3797.4,3625.7,-171.70000000000027,171.70000000000027,29480.890000000094,4.521514720598311,25.3,0.0,1589.8,4094.9,0.27966295494924975,62.9,1011.8
258,40,dt,loso,Timaa - TVTC,27.6173,38.5252,01-01-2017 00:00,4235.7,4290.2,54.5,54.5,2970.25,1.2866822485067404,13.2,1.9,1325.4,5906.3,0.1832764080368378,36.9,921.5
259,40,dt,loso,Timaa - TVTC,27.6173,38.5252,01-02-2017 00:00,5392.6,5111.7,-280.90000000000055,280.90000000000055,78904.8100000003,5.2089900975410846,12.5,2.3,1649.3,6580.6,0.200403407088786,28.9,921.8
260,40,dt,loso,Timaa - TVTC,27.6173,38.5252,01-03-2017 00:00,6511.6,5844.4,-667.2000000000007,667.2000000000007,445155.84000000096,10.246329627126984,19.4,2.6,1990.0,7008.4,0.22115042674253202,25.2,917.2
261,40,dt,loso,Timaa - TVTC,27.6173,38.5252,01-04-2017 00:00,6508.5,6572.3,63.80000000000018,63.80000000000018,4070.4400000000232,0.9802565875393745,25.1,3.1,2727.9,5257.1,0.34162805259862244,21.1,918.3
262,40,dt,loso,Timaa - TVTC,27.6173,38.5252,01-05-2017 00:00,7872.0,7666.8,-205.19999999999982,205.19999999999982,42107.03999999993,2.6067073170731687,29.8,2.6,2439.0,7320.8,0.24990266193979388,16.1,916.8
263,40,dt,loso,Timaa - TVTC,27.6173,38.5252,01-06-2017 00:00,8158.9,8315.8,156.89999999999964,156.89999999999964,24617.609999999884,1.923053352780395,33.5,2.4,1845.5,8604.1,0.17660963099065993,14.6,914.7
264,40,dt,loso,Timaa - TVTC,27.6173,38.5252,01-09-2017 00:00,6674.6,6539.8,-134.80000000000018,134.80000000000018,18171.040000000048,2.0195966799508613,33.0,2.3,2419.6,6025.1,0.2865229078593674,15.6,916.4
265,40,dt,loso,Timaa - TVTC,27.6173,38.5252,01-10-2017 00:00,5879.9,5876.1,-3.7999999999992724,3.7999999999992724,14.43999999999447,0.06462694943790324,26.4,2.0,1347.0,7582.5,0.15084831177557534,24.0,918.5
266,40,dt,loso,Timaa - TVTC,27.6173,38.5252,01-11-2017 00:00,4426.5,4333.9,-92.60000000000036,92.60000000000036,8574.760000000068,2.091946232915404,20.3,2.0,1652.8,5246.3,0.23956747981620788,38.9,920.2
267,40,dt,loso,Timaa - TVTC,27.6173,38.5252,01-03-2018 00:00,6509.7,6589.8,80.10000000000036,80.10000000000036,6416.010000000058,1.2304714502972542,22.8,2.4,2201.9,6702.4,0.24728501959727325,21.6,918.5
268,40,dt,loso,Timaa - TVTC,27.6173,38.5252,01-04-2018 00:00,7333.9,6153.8,-1180.0999999999995,1180.0999999999995,1392636.0099999986,16.0910293295518,23.4,2.8,2665.5,6450.5,0.29239798157086444,26.7,916.1
269,40,dt,loso,Timaa - TVTC,27.6173,38.5252,01-05-2018 00:00,7389.0,7466.7,77.69999999999982,77.69999999999982,6037.289999999972,1.0515631343889542,28.8,3.0,3115.1,5636.0,0.35596667847470603,20.9,915.9
270,40,dt,loso,Timaa - TVTC,27.6173,38.5252,01-06-2018 00:00,8218.7,7958.2,-260.5000000000009,260.5000000000009,67860.25000000048,3.16960103179336,32.3,2.5,2262.5,8035.6,0.21970072149231412,17.1,914.3
271,40,dt,loso,Timaa - TVTC,27.6173,38.5252,01-07-2018 00:00,8005.7,7884.4,-121.30000000000018,121.30000000000018,14713.690000000044,1.5151704410607465,33.4,2.5,2187.6,7878.7,0.2173191738771942,17.9,912.7
272,40,dt,loso,Timaa - TVTC,27.6173,38.5252,01-08-2018 00:00,7533.6,7802.0,268.39999999999964,268.39999999999964,72038.55999999981,3.562705744929378,33.3,2.3,1625.7,8288.3,0.16398022997780917,20.1,913.6
273,40,dt,loso,Timaa - TVTC,27.6173,38.5252,01-09-2018 00:00,6329.5,6025.7,-303.8000000000002,303.8000000000002,92294.4400000001,4.799747215419862,33.7,2.2,2464.5,5371.6,0.3145059404550733,17.5,916.5
274,40,dt,loso,Timaa - TVTC,27.6173,38.5252,01-10-2018 00:00,5447.3,5192.8,-254.5,254.5,64770.25,4.67203935894847,27.0,2.3,1906.8,5731.5,0.24963669926554335,25.4,919.5
275,40,dt,loso,Timaa - TVTC,27.6173,38.5252,01-11-2018 00:00,3967.4,4080.6,113.19999999999982,113.19999999999982,12814.239999999958,2.8532540202651564,18.0,2.2,1406.4,4995.9,0.2196710557143527,59.7,920.0
276,40,dt,loso,Timaa - TVTC,27.6173,38.5252,01-12-2018 00:00,4013.6,3974.1,-39.5,39.5,1560.25,0.984153876818816,14.7,2.1,1205.0,5996.9,0.16731695802496566,54.5,921.7
277,40,dt,loso,Timaa - TVTC,27.6173,38.5252,01-01-2019 00:00,3942.3,3266.2,-676.1000000000004,676.1000000000004,457111.2100000005,17.149887121730977,14.2,2.1,1738.1,4375.9,0.28428197579326137,43.8,920.4
278,40,dt,loso,Timaa - TVTC,27.6173,38.5252,01-02-2019 00:00,5130.1,4880.6,-249.5,249.5,62250.25,4.8634529541334475,14.6,2.8,1621.0,6143.3,0.20877606480944838,47.0,920.4
279,40,dt,loso,Timaa - TVTC,27.6173,38.5252,01-03-2019 00:00,6669.6,6494.3,-175.30000000000018,175.30000000000018,30730.090000000062,2.6283435288473096,16.7,2.7,1709.9,7841.6,0.17901900225095535,30.7,918.6
280,40,dt,loso,Timaa - TVTC,27.6173,38.5252,01-04-2019 00:00,7251.2,7047.2,-204.0,204.0,41616.0,2.8133274492497797,21.9,2.8,2292.5,6982.3,0.24717514124293788,25.1,917.6
281,40,dt,loso,Timaa - TVTC,27.6173,38.5252,01-05-2019 00:00,7953.8,7666.8,-287.0,287.0,82369.0,3.608338152832608,30.3,2.5,2357.2,7511.2,0.2388634429086782,14.3,916.6
282,40,dt,loso,Timaa - TVTC,27.6173,38.5252,01-06-2019 00:00,8149.4,8070.1,-79.29999999999927,79.29999999999927,6288.489999999884,0.9730777725967467,33.7,2.6,2203.0,8039.6,0.21508210805850075,15.5,914.9
283,40,dt,loso,Timaa - TVTC,27.6173,38.5252,01-07-2019 00:00,8239.6,8184.0,-55.600000000000364,55.600000000000364,3091.3600000000406,0.6747900383513807,33.7,2.5,1707.7,9016.2,0.15924243978403377,16.9,912.7
284,40,dt,loso,Timaa - TVTC,27.6173,38.5252,01-08-2019 00:00,7711.6,7799.3,87.69999999999982,87.69999999999982,7691.289999999968,1.1372477825613336,33.7,2.4,1671.9,8426.6,0.1655592414715057,17.9,913.8
285,40,dt,loso,Timaa - TVTC,27.6173,38.5252,01-09-2019 00:00,6725.4,7248.7,523.3000000000002,523.3000000000002,273842.8900000002,7.780949831980257,32.9,2.1,1825.0,7172.7,0.2028296120119586,18.2,915.5
286,40,dt,loso,Timaa - TVTC,27.6173,38.5252,01-10-2019 00:00,5224.5,4622.3,-602.1999999999998,602.1999999999998,362644.8399999998,11.526461862379172,28.1,2.2,1902.4,5422.5,0.2597168562028151,26.7,918.7
287,40,dt,loso,Timaa - TVTC,27.6173,38.5252,01-11-2019 00:00,4375.6,4597.0,221.39999999999964,221.39999999999964,49017.95999999984,5.059877502513932,19.9,2.2,1342.1,5845.2,0.1867321525468535,42.5,920.1
288,40,dt,loso,Timaa - TVTC,27.6173,38.5252,01-12-2019 00:00,4303.5,4025.8,-277.6999999999998,277.6999999999998,77117.28999999989,6.452887184849537,14.3,1.9,876.6,7341.8,0.10666309743989098,41.7,921.1
289,40,dt,loso,Timaa - TVTC,27.6173,38.5252,01-01-2020 00:00,4477.6,4597.3,119.69999999999982,119.69999999999982,14328.089999999956,2.673307128819006,11.1,1.9,1155.3,6835.6,0.14457695628777734,39.6,922.2
290,40,dt,loso,Timaa - TVTC,27.6173,38.5252,01-02-2020 00:00,5507.3,5484.9,-22.400000000000546,22.400000000000546,501.76000000002443,0.4067328818114238,14.6,2.1,1300.9,7610.3,0.1459848280815154,33.6,921.0
291,40,dt,loso,Timaa - TVTC,27.6173,38.5252,01-03-2020 00:00,6387.8,5470.3,-917.5,917.5,841806.25,14.363317574125677,19.4,2.8,2117.1,6558.9,0.2440179806362379,28.3,917.6
292,40,dt,loso,Timaa - TVTC,27.6173,38.5252,01-04-2020 00:00,7732.1,7457.6,-274.5,274.5,75350.25,3.5501351508645773,23.9,3.2,2158.2,7770.5,0.2173698470091754,24.8,916.5
293,40,dt,loso,Timaa - TVTC,27.6173,38.5252,01-05-2020 00:00,7826.2,7591.2,-235.0,235.0,55225.0,3.0027344049474842,29.2,2.9,2584.8,6907.7,0.27229918356597316,18.1,917.1
294,40,dt,loso,Timaa - TVTC,27.6173,38.5252,01-09-2020 00:00,6710.6,6805.0,94.39999999999964,94.39999999999964,8911.359999999931,1.406729651595977,33.4,2.0,1992.1,6882.4,0.22447461828835427,14.5,916.3
295,40,dt,loso,Timaa - TVTC,27.6173,38.5252,01-10-2020 00:00,5854.3,5985.7,131.39999999999964,131.39999999999964,17265.959999999905,2.244504039765636,27.3,2.1,1244.5,7751.5,0.1383392618941752,16.0,920.0
296,40,dt,loso,Timaa - TVTC,27.6173,38.5252,01-11-2020 00:00,4608.5,4555.6,-52.899999999999636,52.899999999999636,2798.4099999999617,1.1478789193880794,19.7,2.1,1158.3,6697.6,0.1474433228528876,45.0,919.9
297,40,dt,loso,Timaa - TVTC,27.6173,38.5252,01-12-2020 00:00,3823.8,4134.5,310.6999999999998,310.6999999999998,96534.48999999989,8.1254249699252,15.0,1.9,1186.1,5481.4,0.1778927634045744,45.8,921.7
298,40,dt,loso,Timaa - TVTC,27.6173,38.5252,01-01-2021 00:00,4346.5,4290.2,-56.30000000000018,56.30000000000018,3169.6900000000205,1.2952950649948276,14.4,2.1,1335.1,5998.3,0.18205743584149234,46.3,922.0
299,40,dt,loso,Timaa - TVTC,27.6173,38.5252,01-02-2021 00:00,5093.9,4646.2,-447.6999999999998,447.6999999999998,200435.28999999983,8.788943638469538,15.4,2.4,1537.8,6355.2,0.19483086278981376,43.6,921.0
300,40,dt,loso,Timaa - TVTC,27.6173,38.5252,01-03-2021 00:00,6610.4,5470.3,-1140.0999999999995,1140.0999999999995,1299828.0099999988,17.2470652305458,20.9,2.7,2135.2,6826.1,0.23826900114938682,25.7,918.7
301,40,dt,loso,Timaa - TVTC,27.6173,38.5252,01-04-2021 00:00,7631.2,7471.9,-159.30000000000018,159.30000000000018,25376.490000000056,2.0874829646713517,25.4,2.9,2302.7,7431.0,0.2365698552451791,19.5,918.8
302,40,dt,loso,Timaa - TVTC,27.6173,38.5252,01-05-2021 00:00,8199.1,8070.1,-129.0,129.0,16641.0,1.5733434157407518,30.6,2.3,2093.4,8362.2,0.200218064960404,14.4,916.1
303,40,dt,loso,Timaa - TVTC,27.6173,38.5252,01-07-2021 00:00,8089.8,8133.6,43.80000000000018,43.80000000000018,1918.440000000016,0.5414225320774331,34.9,2.5,1961.6,8305.6,0.1910550101293439,16.6,911.9
304,40,dt,loso,Timaa - TVTC,27.6173,38.5252,01-08-2021 00:00,7626.9,7449.2,-177.69999999999982,177.69999999999982,31577.289999999935,2.3299112352331854,34.4,2.3,1896.3,7943.6,0.19271537312371062,16.0,913.8
305,40,dt,loso,Timaa - TVTC,27.6173,38.5252,01-09-2021 00:00,6691.9,6828.0,136.10000000000036,136.10000000000036,18523.210000000097,2.0338020592059114,31.2,2.3,1884.6,7036.9,0.21124250406321807,22.2,915.8
306,40,dt,loso,Timaa - TVTC,27.6173,38.5252,01-10-2021 00:00,5692.4,5876.1,183.70000000000073,183.70000000000073,33745.690000000264,3.2271098306514077,27.4,1.8,1514.6,6928.6,0.17938696228917944,22.2,919.2
307,40,dt,loso,Timaa - TVTC,27.6173,38.5252,01-11-2021 00:00,4512.3,4246.2,-266.10000000000036,266.10000000000036,70809.2100000002,5.897214280965369,20.3,1.9,1236.1,6313.6,0.16372836006728742,33.7,920.8
308,40,dt,loso,Timaa - TVTC,27.6173,38.5252,01-12-2021 00:00,3793.3,3266.2,-527.1000000000004,527.1000000000004,277834.4100000004,13.895552684997241,15.1,2.1,1524.0,4748.1,0.24298081982111253,40.2,921.2
906,41,dt,loso,Umluj - SWCC,25.00411,37.27382,01-01-2017 00:00,4448.2,4597.0,148.80000000000018,148.80000000000018,22141.440000000053,3.34517332853739,21.5,3.1,1233.7,6085.1,0.16856588511777887,58.2,1015.2
907,41,dt,loso,Umluj - SWCC,25.00411,37.27382,01-02-2017 00:00,5284.5,5057.4,-227.10000000000036,227.10000000000036,51574.41000000016,4.297473743968216,21.2,3.5,1716.4,5960.5,0.2235798304002918,46.3,1015.4
908,41,dt,loso,Umluj - SWCC,25.00411,37.27382,01-03-2017 00:00,6148.7,6375.2,226.5,226.5,51302.25,3.6837054987233073,23.1,3.3,2006.1,6196.2,0.24457774038989066,61.4,1010.9
909,41,dt,loso,Umluj - SWCC,25.00411,37.27382,01-04-2017 00:00,6404.3,6508.5,104.19999999999982,104.19999999999982,10857.639999999961,1.6270318379838518,27.0,3.6,2766.8,4908.7,0.3604716305126702,57.2,1009.5
910,41,dt,loso,Umluj - SWCC,25.00411,37.27382,01-05-2017 00:00,7035.7,6391.6,-644.0999999999995,644.0999999999995,414864.8099999993,9.154739400486084,29.3,2.9,2419.5,6147.7,0.28241432440003733,61.5,1008.2
911,41,dt,loso,Umluj - SWCC,25.00411,37.27382,01-06-2017 00:00,7460.0,6414.9,-1045.1000000000004,1045.1000000000004,1092234.0100000007,14.009383378016091,30.5,3.1,2041.9,7201.9,0.22089400463013048,65.7,1004.4
912,41,dt,loso,Umluj - SWCC,25.00411,37.27382,01-09-2017 00:00,6164.3,6135.9,-28.400000000000546,28.400000000000546,806.560000000031,0.46071735639083994,30.6,3.1,2512.2,5045.0,0.3324247075636479,69.0,1006.3
913,41,dt,loso,Umluj - SWCC,25.00411,37.27382,01-10-2017 00:00,5632.0,6414.9,782.8999999999996,782.8999999999996,612932.4099999995,13.90092329545454,28.0,3.3,1424.7,6765.1,0.17396029207062444,65.7,1010.5
914,41,dt,loso,Umluj - SWCC,25.00411,37.27382,01-11-2017 00:00,4545.7,5029.6,483.90000000000055,483.90000000000055,234159.21000000052,10.64522515784149,26.0,2.8,1284.1,5939.8,0.17775716718116252,59.8,1012.2
915,41,dt,loso,Umluj - SWCC,25.00411,37.27382,01-03-2018 00:00,6422.2,5677.8,-744.3999999999996,744.3999999999996,554131.3599999994,11.591043567624796,25.9,2.4,1836.6,6863.6,0.21109859543458767,55.8,1010.6
916,41,dt,loso,Umluj - SWCC,25.00411,37.27382,01-04-2018 00:00,7208.7,7375.2,166.5,166.5,27722.25,2.309709101502351,26.9,2.4,2349.4,6564.8,0.26355702138161585,58.2,1008.6
917,41,dt,loso,Umluj - SWCC,25.00411,37.27382,01-05-2018 00:00,7035.2,6997.7,-37.5,37.5,1406.25,0.5330338867409598,31.4,2.8,3193.0,4945.1,0.3923520231995183,51.6,1006.2
918,41,dt,loso,Umluj - SWCC,25.00411,37.27382,01-06-2018 00:00,7620.7,6822.3,-798.3999999999996,798.3999999999996,637442.5599999995,10.476727859645434,31.7,2.7,2406.9,6873.3,0.2593586345121872,59.8,1004.3
919,41,dt,loso,Umluj - SWCC,25.00411,37.27382,01-07-2018 00:00,7427.1,6822.3,-604.8000000000002,604.8000000000002,365783.0400000002,8.143151431918247,32.4,2.2,2274.3,6839.9,0.24953369467424458,59.9,1003.7
920,41,dt,loso,Umluj - SWCC,25.00411,37.27382,01-08-2018 00:00,7125.3,6733.8,-391.5,391.5,153272.25,5.4945054945054945,32.3,2.3,1768.9,7281.4,0.1954520844612886,67.8,1004.4
921,41,dt,loso,Umluj - SWCC,25.00411,37.27382,01-09-2018 00:00,5939.5,5957.8,18.300000000000182,18.300000000000182,334.89000000000664,0.3081067429918374,31.8,0.3,2915.1,4050.2,0.41851750821931577,71.9,1005.9
922,41,dt,loso,Umluj - SWCC,25.00411,37.27382,01-10-2018 00:00,5176.9,6092.9,916.0,916.0,839056.0,17.693986748826518,30.1,0.2,1812.5,5230.3,0.2573550292497302,59.8,1010.1
923,41,dt,loso,Umluj - SWCC,25.00411,37.27382,01-11-2018 00:00,4267.1,5029.6,762.5,762.5,581406.25,17.86927890136158,26.0,0.1,1205.0,5602.3,0.1770158506309403,57.5,1012.5
924,41,dt,loso,Umluj - SWCC,25.00411,37.27382,01-12-2018 00:00,4118.4,4597.0,478.60000000000036,478.60000000000036,229057.96000000034,11.62101787101788,23.0,0.2,1223.5,5806.4,0.1740423050114511,56.9,1015.3
925,41,dt,loso,Umluj - SWCC,25.00411,37.27382,01-01-2019 00:00,3911.3,3795.8,-115.5,115.5,13340.25,2.952982384373482,21.9,0.4,1748.0,4060.0,0.3009641873278237,55.3,1014.9
926,41,dt,loso,Umluj - SWCC,25.00411,37.27382,01-02-2019 00:00,5000.7,5138.7,138.0,138.0,19044.0,2.7596136540884277,22.2,0.4,1729.3,5524.6,0.23839589737934075,50.3,1014.4
927,41,dt,loso,Umluj - SWCC,25.00411,37.27382,01-03-2019 00:00,6381.1,6067.1,-314.0,314.0,98596.0,4.9207816834088165,22.6,0.8,1890.3,6770.1,0.21826936400166275,51.1,1012.9
928,41,dt,loso,Umluj - SWCC,25.00411,37.27382,01-04-2019 00:00,6939.8,6698.7,-241.10000000000036,241.10000000000036,58129.210000000174,3.4741635205625574,25.3,0.5,2371.0,6279.5,0.27408820299404657,54.6,1010.1
929,41,dt,loso,Umluj - SWCC,25.00411,37.27382,01-05-2019 00:00,7286.7,6391.6,-895.0999999999995,895.0999999999995,801204.0099999991,12.2840243182785,29.2,0.1,2464.0,6381.8,0.2785502724456805,62.3,1007.2
930,41,dt,loso,Umluj - SWCC,25.00411,37.27382,01-06-2019 00:00,7548.1,6391.6,-1156.5,1156.5,1337492.25,15.321736595964547,32.5,0.0,2346.2,6909.1,0.2534979957429797,55.3,1005.1
931,41,dt,loso,Umluj - SWCC,25.00411,37.27382,01-07-2019 00:00,7719.4,7581.2,-138.19999999999982,138.19999999999982,19099.23999999995,1.7902945824805012,32.1,0.0,1789.5,7975.2,0.18326215859166178,62.8,1003.3
932,41,dt,loso,Umluj - SWCC,25.00411,37.27382,01-08-2019 00:00,7172.1,6733.8,-438.3000000000002,438.3000000000002,192106.89000000016,6.111180825699588,32.6,0.0,1825.1,7252.6,0.20105313019817792,63.7,1004.6
933,41,dt,loso,Umluj - SWCC,25.00411,37.27382,01-09-2019 00:00,6201.0,6668.6,467.60000000000036,467.60000000000036,218649.76000000033,7.540719238832453,30.9,0.0,2219.7,5567.2,0.28505567042083496,69.9,1005.5
934,41,dt,loso,Umluj - SWCC,25.00411,37.27382,01-10-2019 00:00,5237.5,6092.9,855.3999999999996,855.3999999999996,731709.1599999993,16.33221957040572,30.6,0.0,1872.5,5319.4,0.2603623520905463,64.3,1009.2
935,41,dt,loso,Umluj - SWCC,25.00411,37.27382,01-11-2019 00:00,4663.0,5094.8,431.8000000000002,431.8000000000002,186451.24000000017,9.2601329616127,27.4,0.0,1263.6,6261.0,0.16792919224942188,54.2,1011.1
936,41,dt,loso,Umluj - SWCC,25.00411,37.27382,01-12-2019 00:00,4424.3,4280.9,-143.40000000000055,143.40000000000055,20563.560000000158,3.2411906968334097,22.9,0.0,962.1,7000.3,0.12083040289359992,48.7,1014.7
937,41,dt,loso,Umluj - SWCC,25.00411,37.27382,01-01-2020 00:00,4496.6,4452.6,-44.0,44.0,1936.0,0.9785171018102565,19.7,0.0,1133.8,6545.9,0.14763597536362097,46.8,1017.4
938,41,dt,loso,Umluj - SWCC,25.00411,37.27382,01-02-2020 00:00,5487.1,6290.2,803.0999999999995,803.0999999999995,644969.6099999992,14.636146598385293,20.7,0.0,1317.3,7167.4,0.15525593126451143,54.0,1015.8
939,41,dt,loso,Umluj - SWCC,25.00411,37.27382,01-03-2020 00:00,6296.2,6251.9,-44.30000000000018,44.30000000000018,1962.4900000000162,0.703598996219945,23.6,2.9,2293.7,5856.0,0.28144594279544033,56.4,1011.7
940,41,dt,loso,Umluj - SWCC,25.00411,37.27382,01-04-2020 00:00,7289.3,7415.4,126.09999999999945,126.09999999999945,15901.209999999863,1.729932915369095,25.4,3.3,2294.6,6871.1,0.25034640016583565,59.8,1010.4
941,41,dt,loso,Umluj - SWCC,25.00411,37.27382,01-05-2020 00:00,7382.4,6409.8,-972.5999999999995,972.5999999999995,945950.759999999,13.174577373211957,29.0,3.0,2402.8,6623.9,0.26618808645462905,60.8,1008.0
942,41,dt,loso,Umluj - SWCC,25.00411,37.27382,01-09-2020 00:00,6252.2,5878.6,-373.59999999999945,373.59999999999945,139576.95999999958,5.975496625187925,33.6,2.7,2145.4,5735.0,0.27224506370235013,62.0,1005.2
943,41,dt,loso,Umluj - SWCC,25.00411,37.27382,01-10-2020 00:00,5538.8,5795.7,256.89999999999964,256.89999999999964,65997.60999999981,4.638188777352489,31.4,2.1,1499.9,6507.8,0.1873072168038263,51.7,1009.4
944,41,dt,loso,Umluj - SWCC,25.00411,37.27382,01-11-2020 00:00,4650.6,4825.1,174.5,174.5,30450.25,3.7522040166860187,26.5,3.1,1069.4,6695.2,0.1377276356798805,54.8,1012.4
945,41,dt,loso,Umluj - SWCC,25.00411,37.27382,01-12-2020 00:00,4134.5,4597.0,462.5,462.5,213906.25,11.186358689079695,24.3,2.7,1242.8,5702.6,0.17893857805166008,52.8,1013.9
946,41,dt,loso,Umluj - SWCC,25.00411,37.27382,01-01-2021 00:00,4551.5,4597.0,45.5,45.5,2070.25,0.9996704383170383,23.3,3.1,1358.5,6064.5,0.1830122591943958,52.0,1014.6
947,41,dt,loso,Umluj - SWCC,25.00411,37.27382,01-02-2021 00:00,5326.6,5466.9,140.29999999999927,140.29999999999927,19684.089999999796,2.6339503623324307,22.6,3.3,1338.4,6747.1,0.1655308886277905,53.8,1014.3
948,41,dt,loso,Umluj - SWCC,25.00411,37.27382,01-03-2021 00:00,6299.4,6251.9,-47.5,47.5,2256.25,0.7540400673079977,24.5,3.4,2221.2,5961.2,0.27146069612827534,57.6,1011.2
949,41,dt,loso,Umluj - SWCC,25.00411,37.27382,01-04-2021 00:00,7206.9,7491.1,284.2000000000007,284.2000000000007,80769.6400000004,3.9434430892616903,26.6,3.0,2338.7,6639.8,0.2604778080971209,61.1,1009.8
950,41,dt,loso,Umluj - SWCC,25.00411,37.27382,01-05-2021 00:00,7448.6,6409.8,-1038.8000000000002,1038.8000000000002,1079105.4400000004,13.946244931933519,30.5,2.7,2210.7,7041.8,0.23893001891380705,62.0,1006.4
951,41,dt,loso,Umluj - SWCC,25.00411,37.27382,01-07-2021 00:00,7250.6,6391.6,-859.0,859.0,737881.0,11.847295396243068,32.1,3.0,2348.7,6507.2,0.2652130218272564,63.0,1002.3
952,41,dt,loso,Umluj - SWCC,25.00411,37.27382,01-08-2021 00:00,6928.1,6824.9,-103.20000000000073,103.20000000000073,10650.24000000015,1.4895858893491827,33.0,2.8,2195.7,6375.9,0.256159876802464,64.7,1003.3
953,41,dt,loso,Umluj - SWCC,25.00411,37.27382,01-09-2021 00:00,6136.1,6577.0,440.89999999999964,440.89999999999964,194392.80999999968,7.185345740779968,30.8,3.1,2252.4,5489.1,0.2909513660143383,70.8,1005.4
954,41,dt,loso,Umluj - SWCC,25.00411,37.27382,01-10-2021 00:00,5448.4,5253.3,-195.09999999999945,195.09999999999945,38064.009999999784,3.580867777696194,28.9,2.9,1623.5,6044.3,0.2117295704113305,68.1,1009.6
955,41,dt,loso,Umluj - SWCC,25.00411,37.27382,01-11-2021 00:00,4539.7,5029.6,489.90000000000055,489.90000000000055,240002.01000000053,10.791461990880467,26.8,2.5,1257.1,6067.4,0.17162946276196325,59.8,1011.9
956,41,dt,loso,Umluj - SWCC,25.00411,37.27382,01-12-2021 00:00,3847.4,4498.9,651.4999999999995,651.4999999999995,424452.2499999994,16.933513541612506,23.3,2.9,1361.4,4889.2,0.2178030909032733,53.6,1014.6
957,42,dt,loso,Wadi Addawasir - TVTC,20.43008,44.89433,01-01-2017 00:00,4977.4,4885.0,-92.39999999999964,92.39999999999964,8537.759999999933,1.8563908868083667,18.6,2.7,1579.1,5955.5,0.20957980516550312,28.5,941.9
958,42,dt,loso,Wadi Addawasir - TVTC,20.43008,44.89433,01-02-2017 00:00,5020.4,4958.5,-61.899999999999636,61.899999999999636,3831.609999999955,1.2329694845032197,18.1,3.5,2572.6,3716.9,0.409030924556801,36.1,942.0
959,42,dt,loso,Wadi Addawasir - TVTC,20.43008,44.89433,01-03-2017 00:00,5831.1,6331.3,500.1999999999998,500.1999999999998,250200.0399999998,8.578141345543719,25.2,3.2,2967.1,3884.9,0.4330268534734384,32.7,937.2
960,42,dt,loso,Wadi Addawasir - TVTC,20.43008,44.89433,01-04-2017 00:00,6901.4,6893.6,-7.799999999999272,7.799999999999272,60.83999999998865,0.11302054655576077,29.6,3.0,2843.7,5392.9,0.34525168151907343,16.8,937.4
961,42,dt,loso,Wadi Addawasir - TVTC,20.43008,44.89433,01-05-2017 00:00,6876.1,6611.6,-264.5,264.5,69960.25,3.846657262110789,33.6,2.5,3274.7,4561.7,0.41788321167883213,19.0,935.2
962,42,dt,loso,Wadi Addawasir - TVTC,20.43008,44.89433,01-05-2019 00:00,6581.4,6611.6,30.200000000000728,30.200000000000728,912.040000000044,0.458868933661542,32.1,3.1,3115.5,4327.2,0.4185980894030392,20.8,935.8
963,42,dt,loso,Wadi Addawasir - TVTC,20.43008,44.89433,01-02-2020 00:00,5844.4,5206.5,-637.8999999999996,637.8999999999996,406916.4099999995,10.914721784956534,20.9,3.3,2203.6,5644.7,0.2807741803957545,21.8,941.5
964,42,dt,loso,Wadi Addawasir - TVTC,20.43008,44.89433,01-04-2020 00:00,6929.7,6957.6,27.900000000000546,27.900000000000546,778.4100000000304,0.4026148318109088,30.1,3.2,2829.1,5323.9,0.3470011038881393,27.1,936.0
965,42,dt,loso,Wadi Addawasir - TVTC,20.43008,44.89433,01-05-2020 00:00,6863.4,7095.6,232.20000000000073,232.20000000000073,53916.84000000034,3.383162863886714,33.5,2.8,3240.3,4594.4,0.4135831620866147,15.0,935.3
966,42,dt,loso,Wadi Addawasir - TVTC,20.43008,44.89433,01-09-2020 00:00,7092.6,6905.7,-186.90000000000055,186.90000000000055,34931.610000000204,2.635140851027839,32.6,1.9,2038.8,6992.3,0.2257532305034824,12.4,933.7
967,42,dt,loso,Wadi Addawasir - TVTC,20.43008,44.89433,01-11-2020 00:00,5538.1,5601.3,63.19999999999982,63.19999999999982,3994.239999999977,1.1411856051714453,22.6,2.5,1207.5,7472.4,0.13911450592748764,27.0,941.0
968,42,dt,loso,Wadi Addawasir - TVTC,20.43008,44.89433,01-01-2021 00:00,5181.0,4920.7,-260.3000000000002,260.3000000000002,67756.0900000001,5.024126616483308,17.4,2.9,1607.7,6255.2,0.2044665454221725,30.7,942.8
969,42,dt,loso,Wadi Addawasir - TVTC,20.43008,44.89433,01-04-2021 00:00,7354.2,7299.4,-54.80000000000018,54.80000000000018,3003.04000000002,0.7451524299040029,29.0,2.7,2725.9,6052.8,0.3105129461081937,14.1,937.4
970,42,dt,loso,Wadi Addawasir - TVTC,20.43008,44.89433,01-07-2021 00:00,6964.2,7003.8,39.600000000000364,39.600000000000364,1568.1600000000287,0.5686223830447196,36.0,2.6,3141.6,4847.9,0.3932160961261656,18.5,928.1
971,42,dt,loso,Wadi Addawasir - TVTC,20.43008,44.89433,01-10-2021 00:00,6404.1,6412.8,8.699999999999818,8.699999999999818,75.68999999999683,0.13585047079214593,28.2,2.0,1683.5,7204.1,0.18942121607633106,18.2,938.5
1308,43,dt,loso,Yanbu - RCJY,23.98655,38.20451,01-01-2017 00:00,4068.4,4261.2,192.79999999999973,192.79999999999973,37171.839999999895,4.73896372038147,22.4,2.4,1403.7,5130.4,0.21482683154527787,53.9,1014.2
1309,43,dt,loso,Yanbu - RCJY,23.98655,38.20451,01-02-2017 00:00,4398.5,5040.7,642.1999999999998,642.1999999999998,412420.8399999998,14.600431965442763,21.6,3.5,1896.4,4096.8,0.3164252819862511,38.0,1014.4
1310,43,dt,loso,Yanbu - RCJY,23.98655,38.20451,01-09-2017 00:00,6309.4,6083.9,-225.5,225.5,50850.25,3.574032396107395,32.5,0.0,2707.0,4926.1,0.3546396614743682,56.4,1004.7
1311,43,dt,loso,Yanbu - RCJY,23.98655,38.20451,01-11-2017 00:00,4643.4,4294.0,-349.39999999999964,349.39999999999964,122080.35999999974,7.524658655295681,26.5,0.0,1566.3,5473.5,0.22249211625330265,56.0,1011.7
1312,43,dt,loso,Yanbu - RCJY,23.98655,38.20451,01-04-2018 00:00,7540.4,7375.2,-165.19999999999982,165.19999999999982,27291.03999999994,2.1908652060898604,26.8,0.0,2414.7,6962.9,0.25749658761303534,56.5,1007.9
1313,43,dt,loso,Yanbu - RCJY,23.98655,38.20451,01-05-2018 00:00,7572.4,7521.3,-51.099999999999454,51.099999999999454,2611.209999999944,0.6748190798161673,31.5,0.0,3416.5,5288.5,0.39247558874210225,44.0,1005.7
1314,43,dt,loso,Yanbu - RCJY,23.98655,38.20451,01-06-2018 00:00,7806.4,7836.3,29.900000000000546,29.900000000000546,894.0100000000326,0.38301906128305685,32.0,0.0,2673.0,6763.5,0.2832618025751073,52.8,1002.9
1315,43,dt,loso,Yanbu - RCJY,23.98655,38.20451,01-01-2019 00:00,4003.2,3797.4,-205.79999999999973,205.79999999999973,42353.63999999989,5.14088729016786,22.5,0.0,1845.6,3937.3,0.31914783240242783,52.7,1014.3
1316,43,dt,loso,Yanbu - RCJY,23.98655,38.20451,01-02-2019 00:00,5492.9,6508.5,1015.6000000000004,1015.6000000000004,1031443.3600000007,18.4893225800579,22.8,0.0,2272.0,5237.1,0.30256621965348707,42.4,1013.4
1317,43,dt,loso,Yanbu - RCJY,23.98655,38.20451,01-03-2019 00:00,6508.9,6665.1,156.20000000000073,156.20000000000073,24398.440000000228,2.3997910553242594,23.0,0.0,2012.5,6677.6,0.23158536725699358,44.1,1012.0
1318,43,dt,loso,Yanbu - RCJY,23.98655,38.20451,01-04-2019 00:00,6712.6,6107.7,-604.9000000000005,604.9000000000005,365904.01000000065,9.011411375621972,26.3,0.0,2464.4,5801.4,0.29814416027486756,44.9,1009.1
1319,43,dt,loso,Yanbu - RCJY,23.98655,38.20451,01-10-2021 00:00,5533.9,4887.3,-646.5999999999995,646.5999999999995,418091.5599999993,11.684345579067195,29.6,0.0,1817.2,5649.4,0.24337717301047332,64.9,1008.4
