record_id,fold,model_name,cv_strategy,station_name,latitude,longitude,date,actual_ghi,predicted_ghi,residual_error,absolute_error,squared_error,relative_error_pct,air_temperature_c,wind_speed_m_s,dhi_wh_m2,dni_wh_m2,diffuse_fraction,relative_humidity_pct,barometric_pressure_mb
1214,1,hgb,loso,Afif - TVTC,23.92118,42.94815,01-01-2017 00:00,4723.7,4871.766111428858,148.06611142885777,148.06611142885777,21923.573353662923,3.1345367281761702,17.4,4.3,1542.9,5834.3,0.20914439082578756,32.4,898.9
1215,1,hgb,loso,Afif - TVTC,23.92118,42.94815,01-02-2017 00:00,4872.1,5065.778246916338,193.67824691633723,193.67824691633723,37511.263328585694,3.975251881454347,14.3,4.5,2397.0,3992.9,0.3751232413652796,39.3,898.9
1216,1,hgb,loso,Afif - TVTC,23.92118,42.94815,01-03-2017 00:00,5521.8,5529.974973033098,8.174973033097558,8.174973033097558,66.83018409187228,0.14804906068849935,21.7,4.7,2974.0,3598.1,0.45251898175621186,36.2,895.0
1217,1,hgb,loso,Afif - TVTC,23.92118,42.94815,01-04-2017 00:00,6322.8,6521.148223312565,198.3482233125651,198.3482233125651,39342.01769125119,3.1370314308939884,27.9,5.0,3415.9,3770.1,0.47535485666573896,20.6,896.1
1218,1,hgb,loso,Afif - TVTC,23.92118,42.94815,01-05-2017 00:00,6918.2,6896.121853410436,-22.078146589563403,22.078146589563403,487.4445568302501,0.31913137217142323,31.0,3.5,3460.3,4369.2,0.44195670221597805,21.4,894.7
1219,1,hgb,loso,Afif - TVTC,23.92118,42.94815,01-06-2017 00:00,7910.8,7857.744600727011,-53.055399272989234,53.055399272989234,2814.8753920163067,0.670670466615124,34.5,3.8,2742.9,6769.5,0.2883499432319919,8.7,891.7
1220,1,hgb,loso,Afif - TVTC,23.92118,42.94815,01-09-2017 00:00,6954.4,7085.286486537052,130.8864865370524,130.8864865370524,17131.272358014,1.8820672744888474,31.6,3.1,2286.2,6573.0,0.2580594184576485,10.0,894.3
1221,1,hgb,loso,Afif - TVTC,23.92118,42.94815,01-10-2017 00:00,6326.5,6273.580067882271,-52.91993211772933,52.91993211772933,2800.5192153450803,0.8364803938627887,27.5,3.8,1532.0,7682.0,0.1662687215107445,13.0,897.3
1222,1,hgb,loso,Afif - TVTC,23.92118,42.94815,01-11-2017 00:00,4973.7,5139.366106858146,165.66610685814612,165.66610685814612,27445.258961534688,3.330842368018701,21.4,4.3,1611.6,5986.5,0.21210565799344572,32.7,898.5
1223,1,hgb,loso,Afif - TVTC,23.92118,42.94815,01-03-2018 00:00,6556.4,6621.836686058144,65.436686058144,65.436686058144,4281.959882272098,0.9980581730544813,24.7,4.3,2421.9,6007.3,0.28732264034546573,25.7,896.8
1224,1,hgb,loso,Afif - TVTC,23.92118,42.94815,01-04-2018 00:00,6654.2,6582.965056291494,-71.23494370850585,71.23494370850585,5074.417205153997,1.0705260393211184,24.7,4.9,3076.3,4729.0,0.3941296298668853,35.1,894.3
1225,1,hgb,loso,Afif - TVTC,23.92118,42.94815,01-05-2018 00:00,7499.6,7329.052050851619,-170.54794914838112,170.54794914838112,29086.60295871879,2.2740939403218987,30.7,4.3,3497.6,5083.6,0.4075886822355847,19.1,893.8
1226,1,hgb,loso,Afif - TVTC,23.92118,42.94815,01-06-2018 00:00,7850.1,7717.561797120016,-132.53820287998406,132.53820287998406,17566.375222655814,1.688363242251488,34.3,3.4,3047.3,6214.8,0.3290074605111152,12.1,891.7
1227,1,hgb,loso,Afif - TVTC,23.92118,42.94815,01-07-2018 00:00,7727.5,7633.312330299569,-94.18766970043089,94.18766970043089,8871.317123597466,1.218863406023046,34.1,3.4,2838.8,6323.6,0.30983148520038417,13.2,890.2
1228,1,hgb,loso,Afif - TVTC,23.92118,42.94815,01-08-2018 00:00,7555.9,7478.064251857484,-77.83574814251551,77.83574814251551,6058.403688905107,1.0301320576306663,34.2,3.0,2169.3,7267.0,0.2298888335470471,13.2,890.9
1229,1,hgb,loso,Afif - TVTC,23.92118,42.94815,01-09-2018 00:00,6637.8,6819.711341751404,181.9113417514036,181.9113417514036,33091.73625779595,2.7405366499654042,33.8,3.3,2582.3,5525.6,0.3184918412905931,13.6,894.3
1230,1,hgb,loso,Afif - TVTC,23.92118,42.94815,01-10-2018 00:00,5498.5,5433.344079721679,-65.15592027832099,65.15592027832099,4245.293947314921,1.184976271316195,26.4,3.9,1913.0,5582.8,0.25520958403372557,33.6,898.2
1231,1,hgb,loso,Afif - TVTC,23.92118,42.94815,01-11-2018 00:00,4236.3,4169.733264337906,-66.56673566209429,66.56673566209429,4431.130296707135,1.5713413984395412,20.0,4.2,1777.1,4318.1,0.2915572909830686,60.4,898.4
1232,1,hgb,loso,Afif - TVTC,23.92118,42.94815,01-12-2018 00:00,4387.7,4425.056090597229,37.35609059722901,37.35609059722901,1395.477504708382,0.8513820588743307,18.5,4.2,1505.2,5596.8,0.21194029850746268,45.7,899.6
1233,1,hgb,loso,Afif - TVTC,23.92118,42.94815,01-01-2019 00:00,4414.1,4735.590117900266,321.49011790026543,321.49011790026543,103355.89590752657,7.283254069918339,18.4,4.6,2204.3,3976.2,0.35665399239543727,40.4,899.2
1234,1,hgb,loso,Afif - TVTC,23.92118,42.94815,01-02-2019 00:00,5097.9,5216.055330336576,118.1553303365763,118.1553303365763,13960.682086945468,2.3177255406456836,17.9,4.7,2182.2,4812.9,0.31196123000385984,41.5,898.0
1235,1,hgb,loso,Afif - TVTC,23.92118,42.94815,01-03-2019 00:00,6589.6,6550.403287958608,-39.19671204139195,39.19671204139195,1536.3822348558006,0.5948268793461203,20.0,4.4,2364.1,6282.7,0.2734075033538419,26.4,896.3
1236,1,hgb,loso,Afif - TVTC,23.92118,42.94815,01-04-2019 00:00,7156.5,7045.4831678620185,-111.01683213798151,111.01683213798151,12324.737017952764,1.551272719038378,24.4,4.0,2643.4,6163.0,0.3001680595930233,28.6,895.4
1237,1,hgb,loso,Afif - TVTC,23.92118,42.94815,01-05-2019 00:00,6958.5,7053.536991260295,95.0369912602946,95.0369912602946,9032.029707809312,1.3657683589896472,30.0,3.6,2892.2,5191.5,0.3577817088709378,26.4,894.9
1238,1,hgb,loso,Afif - TVTC,23.92118,42.94815,01-06-2019 00:00,7610.3,7712.088819102988,101.78881910298787,101.78881910298787,10360.96369438079,1.3375138838546163,35.1,3.4,2739.2,6325.8,0.30217319360176503,13.3,892.4
1239,1,hgb,loso,Afif - TVTC,23.92118,42.94815,01-07-2019 00:00,7836.3,7870.105506851882,33.805506851881546,33.805506851881546,1142.8122935126103,0.43139628207038455,35.4,3.3,2634.9,6860.6,0.2774893370543942,12.2,889.8
1240,1,hgb,loso,Afif - TVTC,23.92118,42.94815,01-08-2019 00:00,7641.6,7741.326250356425,99.72625035642432,99.72625035642432,9945.32501015222,1.3050441053761557,34.3,3.3,2137.6,7414.8,0.22377622377622378,13.5,891.2
1241,1,hgb,loso,Afif - TVTC,23.92118,42.94815,01-09-2019 00:00,6736.4,6745.21004930229,8.810049302290281,8.810049302290281,77.61696870878546,0.13078275194896802,33.6,3.5,2220.0,6283.9,0.2610566916356025,14.2,893.4
1242,1,hgb,loso,Afif - TVTC,23.92118,42.94815,01-10-2019 00:00,5849.9,6020.244008814842,170.3440088148427,170.3440088148427,29017.08133911121,2.911913174837907,29.1,3.2,1861.0,6245.0,0.22958302491981247,21.6,896.5
1243,1,hgb,loso,Afif - TVTC,23.92118,42.94815,01-11-2019 00:00,4843.5,5145.20327238147,301.70327238147,301.70327238147,91024.86456568749,6.229034218673893,21.8,4.5,1732.7,5494.2,0.23975701891544093,39.2,898.0
1244,1,hgb,loso,Afif - TVTC,23.92118,42.94815,01-12-2019 00:00,4592.8,4944.107551923833,351.30755192383276,351.30755192383276,123416.99603871645,7.64909318768143,18.3,4.1,1308.8,6414.6,0.16945904653390992,38.5,898.7
1245,1,hgb,loso,Afif - TVTC,23.92118,42.94815,01-01-2020 00:00,5030.2,5177.089496757352,146.8894967573524,146.8894967573524,21576.52425762824,2.920152215763834,14.3,3.7,1246.2,7255.0,0.14659106949607115,36.0,899.4
1246,1,hgb,loso,Afif - TVTC,23.92118,42.94815,01-02-2020 00:00,5601.3,5547.129849858187,-54.17015014181288,54.17015014181288,2934.4051663865503,0.9670996044099206,18.6,4.4,2050.5,5828.9,0.2602355509302739,30.9,898.8
1247,1,hgb,loso,Afif - TVTC,23.92118,42.94815,01-03-2020 00:00,6705.5,6678.459616784656,-27.040383215344264,27.040383215344264,731.1823244326717,0.4032567775012193,21.7,4.2,2476.1,6175.9,0.2861881645862228,22.1,895.8
1248,1,hgb,loso,Afif - TVTC,23.92118,42.94815,01-04-2020 00:00,7324.1,7240.5530243014,-83.54697569860036,83.54697569860036,6980.09714838252,1.1407132029682876,26.4,4.0,2808.9,6139.0,0.3139172319762179,27.2,894.6
1249,1,hgb,loso,Afif - TVTC,23.92118,42.94815,01-05-2020 00:00,7113.0,7089.418864578314,-23.581135421685758,23.581135421685758,556.0699477758827,0.33152165642746745,31.2,4.0,3419.7,4699.0,0.4212127557367559,20.2,894.9
1250,1,hgb,loso,Afif - TVTC,23.92118,42.94815,01-09-2020 00:00,6862.5,6975.979630925473,113.47963092547343,113.47963092547343,12877.626634981665,1.6536193941781192,32.1,2.9,2037.5,6866.3,0.2288348794896561,12.9,893.9
1251,1,hgb,loso,Afif - TVTC,23.92118,42.94815,01-10-2020 00:00,6419.3,6707.582960725329,288.28296072532885,288.28296072532885,83107.0654445615,4.49087845598942,25.8,2.7,1220.8,8472.9,0.1259374645388242,14.6,898.2
1252,1,hgb,loso,Afif - TVTC,23.92118,42.94815,01-11-2020 00:00,5000.4,5383.398201790573,382.99820179057315,382.99820179057315,146687.6225748126,7.659351287708446,22.5,4.7,1439.3,6489.2,0.18153496878350256,33.5,898.3
1253,1,hgb,loso,Afif - TVTC,23.92118,42.94815,01-12-2020 00:00,4332.4,4447.19972149761,114.79972149761034,114.79972149761034,13178.976055928897,2.6497950673439745,18.0,4.6,1616.9,5196.0,0.23732918434146988,43.7,899.3
1254,1,hgb,loso,Afif - TVTC,23.92118,42.94815,01-01-2021 00:00,4835.5,4964.713014581576,129.21301458157632,129.21301458157632,16696.003137258653,2.672174843999097,16.9,4.6,1669.7,5767.6,0.2245035160609361,38.5,899.6
1255,1,hgb,loso,Afif - TVTC,23.92118,42.94815,01-02-2021 00:00,5430.2,5438.203111160606,8.00311116060584,8.00311116060584,64.04978824901376,0.14738151745066186,18.4,5.0,2034.9,5682.9,0.2636632200886263,37.3,898.3
1256,1,hgb,loso,Afif - TVTC,23.92118,42.94815,01-03-2021 00:00,6626.1,6701.9337762779305,75.83377627793016,75.83377627793016,5750.761624571162,1.1444707486746375,24.6,4.6,2908.1,5271.0,0.35555256690833953,20.5,896.4
1257,1,hgb,loso,Afif - TVTC,23.92118,42.94815,01-04-2021 00:00,7084.3,7142.99140541164,58.69140541163961,58.69140541163961,3444.681069193439,0.8284714849969596,26.9,3.9,3134.9,5236.5,0.3744773872948372,22.3,896.4
1258,1,hgb,loso,Afif - TVTC,23.92118,42.94815,01-05-2021 00:00,8037.0,7977.452920528238,-59.54707947176212,59.54707947176212,3545.8546736163535,0.7409117764310329,32.6,3.2,2602.0,7173.4,0.2661783661026659,12.3,893.4
1259,1,hgb,loso,Afif - TVTC,23.92118,42.94815,01-08-2021 00:00,7523.6,7451.694863808877,-71.90513619112335,71.90513619112335,5170.348610663997,0.9557277924281373,35.3,3.3,2449.3,6776.8,0.26547511949794605,12.7,891.1
1260,1,hgb,loso,Afif - TVTC,23.92118,42.94815,01-09-2021 00:00,6930.7,7137.226249109347,206.5262491093472,206.5262491093472,42653.09157117613,2.9798757572733954,32.7,3.3,2300.2,6470.7,0.26225358857129827,13.1,893.2
1261,1,hgb,loso,Afif - TVTC,23.92118,42.94815,01-11-2021 00:00,5126.2,5528.906744163997,402.7067441639974,402.7067441639974,162172.72179516728,7.855853149779514,23.0,3.9,1489.8,6500.4,0.18645340542164152,28.5,898.5
1262,1,hgb,loso,Afif - TVTC,23.92118,42.94815,01-12-2021 00:00,4333.9,4664.327114848573,330.4271148485732,330.4271148485732,109182.07822715217,7.624244095354604,18.2,4.0,1642.5,5185.3,0.24056064911098743,37.5,899.5
1441,2,hgb,loso,Al Ahsa - KFU,25.34616,49.5956,01-01-2017 00:00,3707.6,3629.7645663274075,-77.83543367259244,77.83543367259244,6058.354735000537,2.0993481948590045,17.0,1.9,1691.9,3758.5,0.3104175840305299,37.9,1000.6
1442,2,hgb,loso,Al Ahsa - KFU,25.34616,49.5956,01-02-2017 00:00,3725.0,3880.4018122896537,155.40181228965366,155.40181228965366,24149.723262908752,4.1718607326081525,15.4,1.8,2081.7,2698.7,0.4354656514099238,44.8,1001.4
1443,2,hgb,loso,Al Ahsa - KFU,25.34616,49.5956,01-03-2017 00:00,4575.6,4488.859698224934,-86.74030177506665,86.74030177506665,7523.879952029632,1.8957142620654484,22.3,1.6,2750.5,2633.0,0.5109129748305006,40.7,995.9
1444,2,hgb,loso,Al Ahsa - KFU,25.34616,49.5956,01-04-2017 00:00,6136.1,6379.542535019793,243.44253501979256,243.44253501979256,59264.26785686293,3.967382132295636,30.0,2.0,3259.5,3821.9,0.4602903380687435,21.6,993.7
1445,2,hgb,loso,Al Ahsa - KFU,25.34616,49.5956,01-09-2017 00:00,6667.4,6942.867242447839,275.46724244783945,275.46724244783945,75882.20166181677,4.131554165759359,35.7,1.2,2166.1,6297.6,0.2559282583267365,29.6,988.3
1446,2,hgb,loso,Al Ahsa - KFU,25.34616,49.5956,01-11-2017 00:00,4347.2,4321.168913136343,-26.031086863657038,26.031086863657038,677.617483303258,0.5988012252405466,23.7,1.4,1673.0,4803.4,0.25832252485948987,37.8,998.8
1447,2,hgb,loso,Al Ahsa - KFU,25.34616,49.5956,01-12-2017 00:00,4260.2,4382.143445774483,121.94344577448283,121.94344577448283,14870.203967354233,2.8623878168743917,17.8,1.6,1195.7,6085.2,0.16422420305182053,31.2,1002.5
1448,2,hgb,loso,Al Ahsa - KFU,25.34616,49.5956,01-03-2019 00:00,5956.1,5854.48397295767,-101.61602704233064,101.61602704233064,10325.816951867673,1.7060832934693948,21.4,1.9,2431.1,5091.9,0.32315565598830254,34.6,996.9
1449,2,hgb,loso,Al Ahsa - KFU,25.34616,49.5956,01-05-2019 00:00,5879.3,6237.071261139167,357.7712611391671,357.7712611391671,128000.2752971101,6.085269694337201,34.3,1.7,3126.1,3401.6,0.47889762090782356,18.6,990.6
1450,2,hgb,loso,Al Ahsa - KFU,25.34616,49.5956,01-07-2019 00:00,7450.6,7474.170272742975,23.57027274297434,23.57027274297434,555.557757178199,0.31635402172944915,38.8,2.0,2768.7,5921.1,0.3186149278464407,14.9,981.1
1451,2,hgb,loso,Al Ahsa - KFU,25.34616,49.5956,01-08-2019 00:00,7203.9,7247.515642649219,43.61564264921981,43.61564264921981,1902.3242837044418,0.6054448652704759,38.7,1.9,2596.3,6001.1,0.30198664712587525,17.0,982.8
1452,2,hgb,loso,Al Ahsa - KFU,25.34616,49.5956,01-11-2019 00:00,4107.6,3951.0541103453384,-156.545889654662,156.545889654662,24506.61556776961,3.8111279008341126,23.3,1.4,1743.9,4166.4,0.29506116440789815,43.8,999.0
1453,2,hgb,loso,Al Ahsa - KFU,25.34616,49.5956,01-02-2020 00:00,4940.6,4955.143032629968,14.543032629967456,14.543032629967456,211.49979807629813,0.29435762113847413,19.1,1.4,1896.0,4985.1,0.2755373414134368,32.7,1000.7
1454,2,hgb,loso,Al Ahsa - KFU,25.34616,49.5956,01-09-2020 00:00,6638.8,6676.953353345195,38.15335334519477,38.15335334519477,1455.6783714832852,0.5747025568656199,36.1,1.2,1902.2,6615.8,0.22331533223761446,21.4,987.9
1455,2,hgb,loso,Al Ahsa - KFU,25.34616,49.5956,01-11-2020 00:00,4461.1,4297.340163162512,-163.75983683748836,163.75983683748836,26817.28416104081,3.670839856481324,24.4,0.0,1402.9,5489.3,0.20354893938074925,41.6,999.1
1456,2,hgb,loso,Al Ahsa - KFU,25.34616,49.5956,01-04-2021 00:00,6957.6,6945.918560911007,-11.681439088993102,11.681439088993102,136.456019189856,0.16789466323147495,30.1,0.0,2924.7,5225.1,0.35886770227490244,16.5,993.1
1457,2,hgb,loso,Al Ahsa - KFU,25.34616,49.5956,01-07-2021 00:00,7299.4,7338.782817456292,39.38281745629229,39.38281745629229,1551.0063107956405,0.5395349954282858,39.7,0.0,2690.6,5825.2,0.3159538739754339,21.2,980.3
1458,2,hgb,loso,Al Ahsa - KFU,25.34616,49.5956,01-10-2021 00:00,5573.0,5604.673829032765,31.673829032764843,31.673829032764843,1003.231445596817,0.5683443214205067,31.2,0.0,1680.5,6010.6,0.21849930439078935,31.4,993.7
765,3,hgb,loso,Al Baha - University,20.1794,41.6357,01-01-2017 00:00,5018.8,5185.307262603096,166.50726260309602,166.50726260309602,27724.66849957638,3.3176708098170082,18.5,2.5,1128.1,6915.1,0.1402551223393674,39.0,836.3
766,3,hgb,loso,Al Baha - University,20.1794,41.6357,01-02-2017 00:00,5049.4,5095.011476083448,45.611476083448,45.611476083448,2080.4067505109488,0.9033048695577296,16.5,3.2,2030.9,4829.5,0.296032301323538,48.5,835.0
767,3,hgb,loso,Al Baha - University,20.1794,41.6357,01-03-2018 00:00,6968.5,6799.472128264317,-169.02787173568322,169.02787173568322,28570.42142349458,2.4255990777883794,21.2,2.6,1712.1,7597.9,0.18389903329752952,29.4,834.9
768,3,hgb,loso,Al Baha - University,20.1794,41.6357,01-04-2018 00:00,6852.4,6325.111483566213,-527.2885164337868,527.2885164337868,278033.1795629438,7.694946536013466,21.6,3.3,2345.7,6034.2,0.27991980811226863,42.2,833.6
769,3,hgb,loso,Al Baha - University,20.1794,41.6357,01-05-2018 00:00,7144.1,6625.262162183498,-518.8378378165025,518.8378378165025,269192.7019501034,7.2624660603365365,26.5,2.8,2678.3,5692.9,0.31994218272171254,24.2,833.6
770,3,hgb,loso,Al Baha - University,20.1794,41.6357,01-06-2018 00:00,6996.7,7103.228101077802,106.5281010778026,106.5281010778026,11348.236319242527,1.5225477879257738,29.3,2.8,3295.4,4686.4,0.41286426620561784,17.9,832.4
771,3,hgb,loso,Al Baha - University,20.1794,41.6357,01-07-2018 00:00,6665.0,6584.062992270679,-80.93700772932061,80.93700772932061,6550.799220176104,1.2143587056162133,28.6,3.1,3105.6,4438.7,0.4116485293532866,21.9,831.6
772,3,hgb,loso,Al Baha - University,20.1794,41.6357,01-08-2018 00:00,6590.6,6447.429231534971,-143.17076846502914,143.17076846502914,20497.868942866982,2.1723480178592105,28.9,3.1,2628.8,5055.4,0.34210457822544965,23.4,831.9
773,3,hgb,loso,Al Baha - University,20.1794,41.6357,01-03-2019 00:00,6846.4,6501.495401979793,-344.9045980202063,344.9045980202063,118959.18173548012,5.037751198004884,19.5,0.0,1944.9,7084.3,0.21540114295840163,35.4,834.0
774,3,hgb,loso,Al Baha - University,20.1794,41.6357,01-04-2019 00:00,6864.9,6744.470329941735,-120.42967005826449,120.42967005826449,14503.305430342447,1.7542814907466169,22.5,0.0,2381.3,5975.5,0.2849535707447827,40.4,834.1
775,3,hgb,loso,Al Baha - University,20.1794,41.6357,01-05-2019 00:00,5895.8,5897.2969194074285,1.4969194074283223,1.4969194074283223,2.2407677123355594,0.02538958932508434,24.1,0.0,2730.5,4082.4,0.4007838071893027,34.4,834.7
776,3,hgb,loso,Al Baha - University,20.1794,41.6357,01-06-2019 00:00,6252.5,6301.328533905234,48.8285339052336,48.8285339052336,2384.225723334547,0.7809441648178105,29.1,0.0,2752.9,4397.7,0.38498867227924927,18.4,833.2
777,3,hgb,loso,Al Baha - University,20.1794,41.6357,01-07-2019 00:00,6914.6,6723.2538177573115,-191.34618224268888,191.34618224268888,36613.361458852305,2.7672776768387015,29.9,0.0,2950.1,4929.2,0.37441143248765757,16.4,831.3
778,3,hgb,loso,Al Baha - University,20.1794,41.6357,01-08-2019 00:00,6362.0,6225.349335067983,-136.6506649320172,136.6506649320172,18673.404226362436,2.1479199140524554,27.8,0.0,2624.2,4751.7,0.3557803115552,28.3,832.4
779,3,hgb,loso,Al Baha - University,20.1794,41.6357,01-09-2019 00:00,6709.8,6484.863177385575,-224.93682261442518,224.93682261442518,50596.57416787338,3.3523625534952632,28.4,0.0,2286.3,6008.3,0.2756371615267765,17.1,833.5
780,3,hgb,loso,Al Baha - University,20.1794,41.6357,01-10-2019 00:00,6017.5,6055.085922870068,37.585922870068316,37.585922870068316,1412.7015979947246,0.6246102678864697,23.9,0.0,1698.9,6532.6,0.2063900868614469,27.1,835.5
781,3,hgb,loso,Al Baha - University,20.1794,41.6357,01-11-2019 00:00,4554.2,4534.305146012861,-19.89485398713896,19.89485398713896,395.8052151695789,0.43684629544462167,19.3,0.0,1546.0,5047.1,0.2344875703386874,47.2,835.2
782,3,hgb,loso,Al Baha - University,20.1794,41.6357,01-12-2019 00:00,4915.2,5022.855531701401,107.65553170140083,107.65553170140083,11589.713505911319,2.1902573995239427,17.2,0.0,1302.9,6612.5,0.16460317861384138,49.4,835.6
783,3,hgb,loso,Al Baha - University,20.1794,41.6357,01-01-2020 00:00,5450.1,5259.4854477019335,-190.61455229806688,190.61455229806688,36333.90754779248,3.4974505476609026,15.2,0.4,1087.9,7888.5,0.12119557951962927,41.3,835.8
784,3,hgb,loso,Al Baha - University,20.1794,41.6357,01-02-2020 00:00,5930.5,5838.91702868394,-91.58297131606014,91.58297131606014,8387.440635078294,1.5442706570451081,18.2,3.3,1902.6,6379.0,0.2297382148377125,39.4,835.8
785,3,hgb,loso,Al Baha - University,20.1794,41.6357,01-03-2020 00:00,6950.0,6489.45402936007,-460.5459706399297,460.5459706399297,212102.591072675,6.626560728632082,20.2,3.1,2099.5,6879.2,0.23383117823292904,34.0,833.9
786,3,hgb,loso,Al Baha - University,20.1794,41.6357,01-04-2020 00:00,6931.5,7113.533577669648,182.03357766964837,182.03357766964837,33136.22339921191,2.6261787155687566,22.8,3.0,2117.6,6560.4,0.24401935929937774,37.2,834.1
787,3,hgb,loso,Al Baha - University,20.1794,41.6357,01-09-2020 00:00,6908.0,6549.203079138754,-358.7969208612458,358.7969208612458,128735.23041951106,5.193933423005874,27.6,2.6,2028.7,6740.8,0.23133588003877076,16.0,833.4
788,3,hgb,loso,Al Baha - University,20.1794,41.6357,01-10-2020 00:00,6661.9,6471.112632793102,-190.78736720689722,190.78736720689722,36399.81948573944,2.8638581666926437,22.9,2.5,1150.5,8582.6,0.11820488847335381,15.4,835.9
789,3,hgb,loso,Al Baha - University,20.1794,41.6357,01-11-2020 00:00,5160.2,5468.919407756522,308.71940775652183,308.71940775652183,95307.67272553759,5.982702371158518,20.3,2.1,1240.5,6777.1,0.15472211135501895,38.4,836.0
790,3,hgb,loso,Al Baha - University,20.1794,41.6357,01-12-2020 00:00,5136.3,5074.086307453399,-62.21369254660112,62.21369254660112,3870.543540283012,1.2112550385803227,17.7,2.2,1066.2,7527.1,0.12407340602562461,43.2,836.0
791,3,hgb,loso,Al Baha - University,20.1794,41.6357,01-01-2021 00:00,5303.7,5374.7502399720515,71.05023997205171,71.05023997205171,5048.136600086135,1.3396353483804084,16.4,2.3,1257.3,7177.5,0.14906103286384978,37.8,835.7
792,3,hgb,loso,Al Baha - University,20.1794,41.6357,01-02-2021 00:00,5788.4,5636.686527828796,-151.71347217120365,151.71347217120365,23016.977638242584,2.6209915031995656,17.6,3.2,1576.4,6719.2,0.19002844881623993,39.8,834.9
793,3,hgb,loso,Al Baha - University,20.1794,41.6357,01-09-2021 00:00,6325.3,6273.500653540775,-51.79934645922549,51.79934645922549,2683.1722936028764,0.8189231571502614,27.8,2.7,2401.5,5279.2,0.312666814222662,18.5,833.0
794,3,hgb,loso,Al Baha - University,20.1794,41.6357,01-10-2021 00:00,6161.8,5982.21101916385,-179.58898083614986,179.58898083614986,32252.202037767,2.9145538777005076,24.0,2.8,1513.4,7088.0,0.17594810147185344,21.0,835.9
795,3,hgb,loso,Al Baha - University,20.1794,41.6357,01-11-2021 00:00,5526.5,5860.095001398345,333.5950013983447,333.5950013983447,111285.62495796161,6.036279768358721,20.3,2.2,1123.8,7609.0,0.1286872480762184,30.8,836.0
796,3,hgb,loso,Al Baha - University,20.1794,41.6357,01-12-2021 00:00,5053.8,5374.038370097725,320.23837009772524,320.23837009772524,102552.61368284764,6.336585739398576,17.6,2.4,989.7,7569.3,0.11563266736768314,35.9,836.1
972,4,hgb,loso,Al Dawadmi - TVTC,24.5569,44.47411,01-03-2017 00:00,5246.1,5103.355328044054,-142.74467195594661,142.74467195594661,20376.04137181081,2.720967422579566,21.4,3.4,3019.8,3091.2,0.4941580756013746,39.7,906.1
973,4,hgb,loso,Al Dawadmi - TVTC,24.5569,44.47411,01-04-2017 00:00,6383.9,6426.161723908494,42.26172390849479,42.26172390849479,1786.05330771784,0.6620047918747911,27.9,3.2,3282.7,4047.5,0.44783225560012,22.1,907.1
974,4,hgb,loso,Al Dawadmi - TVTC,24.5569,44.47411,01-05-2017 00:00,6876.5,6959.403230487038,82.90323048703794,82.90323048703794,6872.945625186938,1.205602130255769,32.4,3.0,3718.9,3915.8,0.48710492881187206,19.0,905.0
975,4,hgb,loso,Al Dawadmi - TVTC,24.5569,44.47411,01-06-2017 00:00,8289.8,7985.815115168804,-303.9848848311949,303.9848848311949,92406.81020583483,3.6669748948249046,34.8,3.1,2772.7,7222.0,0.277417031026444,9.3,902.3
976,4,hgb,loso,Al Dawadmi - TVTC,24.5569,44.47411,01-09-2017 00:00,6916.9,6994.3004480626405,77.40044806264086,77.40044806264086,5990.8293602975655,1.1190048730304163,32.6,2.6,2270.6,6564.4,0.25700056593095644,9.9,904.8
977,4,hgb,loso,Al Dawadmi - TVTC,24.5569,44.47411,01-10-2017 00:00,6216.5,6234.289522393178,17.78952239317823,17.78952239317823,316.46710697738973,0.2861662091720137,28.2,2.6,1625.7,7341.2,0.1813001148668994,13.5,907.8
978,4,hgb,loso,Al Dawadmi - TVTC,24.5569,44.47411,01-11-2017 00:00,4804.6,4771.982249518323,-32.61775048167692,32.61775048167692,1063.917646484935,0.6788858694100844,21.2,2.6,1679.9,5576.3,0.23151236184228657,35.9,909.7
979,4,hgb,loso,Al Dawadmi - TVTC,24.5569,44.47411,01-03-2018 00:00,6327.1,6461.22942878327,134.12942878326976,134.12942878326976,17990.703665726232,2.119919533171117,24.4,3.0,2484.1,5572.4,0.3083348848755663,24.9,907.6
980,4,hgb,loso,Al Dawadmi - TVTC,24.5569,44.47411,01-04-2018 00:00,6297.0,6055.949612376585,-241.0503876234152,241.0503876234152,58105.289373398715,3.828019495369465,24.7,3.4,3284.9,3896.5,0.4574177736931518,36.6,905.0
981,4,hgb,loso,Al Dawadmi - TVTC,24.5569,44.47411,01-05-2018 00:00,7142.7,7144.23176151979,1.5317615197900523,1.5317615197900523,2.3462933535095307,0.021445133069988274,30.5,3.3,3567.3,4445.4,0.4452057358942679,21.3,904.4
982,4,hgb,loso,Al Dawadmi - TVTC,24.5569,44.47411,01-06-2018 00:00,7910.4,7782.595069034485,-127.80493096551436,127.80493096551436,16334.100379099891,1.6156569954176068,34.7,2.9,2829.1,6525.5,0.302428751630214,12.7,901.8
983,4,hgb,loso,Al Dawadmi - TVTC,24.5569,44.47411,01-07-2018 00:00,7785.4,7767.547131893128,-17.852868106871938,17.852868106871938,318.7248996413652,0.22931214975302408,34.9,3.2,2828.1,6413.4,0.3060217497159552,12.0,899.9
984,4,hgb,loso,Al Dawadmi - TVTC,24.5569,44.47411,01-08-2018 00:00,7539.1,7521.344752477613,-17.755247522387435,17.755247522387435,315.24881458124514,0.23550884750683018,34.3,2.9,2127.4,7341.5,0.22467234842484346,13.3,901.1
985,4,hgb,loso,Al Dawadmi - TVTC,24.5569,44.47411,01-09-2018 00:00,6587.5,6657.29912101965,69.79912101964965,69.79912101964965,4871.917295115697,1.0595691995392735,34.1,2.7,2459.7,5713.5,0.3009469975040376,12.7,904.7
986,4,hgb,loso,Al Dawadmi - TVTC,24.5569,44.47411,01-10-2018 00:00,5241.8,5084.977487588046,-156.82251241195445,156.82251241195445,24593.300399197607,2.991768331717243,26.4,2.6,1941.9,5145.4,0.27399714983138856,33.2,909.2
987,4,hgb,loso,Al Dawadmi - TVTC,24.5569,44.47411,01-11-2018 00:00,3903.4,3916.4777473566432,13.077747356643158,13.077747356643158,171.02747592418712,0.3350347737009571,19.1,2.5,1894.2,3530.8,0.34916129032258064,68.3,909.7
988,4,hgb,loso,Al Dawadmi - TVTC,24.5569,44.47411,01-12-2018 00:00,4189.0,4216.700108117853,27.700108117853233,27.700108117853233,767.2959897407586,0.6612582506052335,17.3,2.8,1538.3,5117.0,0.23113909215211936,51.3,910.8
989,4,hgb,loso,Al Dawadmi - TVTC,24.5569,44.47411,01-01-2019 00:00,4230.9,4203.192046279416,-27.707953720583646,27.707953720583646,767.7306993820051,0.6548950275493074,17.2,3.3,2265.2,3549.2,0.3895844799119428,40.5,910.2
990,4,hgb,loso,Al Dawadmi - TVTC,24.5569,44.47411,01-02-2019 00:00,4990.8,4874.651417040166,-116.14858295983413,116.14858295983413,13490.493323577472,2.3272538062000905,16.6,1.2,2211.8,4629.8,0.3232869504209542,44.5,909.2
991,4,hgb,loso,Al Dawadmi - TVTC,24.5569,44.47411,01-03-2019 00:00,6375.6,6364.640235782527,-10.959764217473094,10.959764217473094,120.1164317026036,0.17190169109531797,19.4,2.2,2453.7,5810.6,0.2969035489999153,27.7,907.1
992,4,hgb,loso,Al Dawadmi - TVTC,24.5569,44.47411,01-04-2019 00:00,6715.8,6591.016966996201,-124.78303300379957,124.78303300379957,15570.805325627334,1.8580516543643284,23.9,0.0,2811.0,5298.9,0.346613398438945,30.4,906.2
993,4,hgb,loso,Al Dawadmi - TVTC,24.5569,44.47411,01-05-2019 00:00,6851.1,6770.728416099825,-80.37158390017521,80.37158390017521,6459.591498622903,1.1731194100243056,30.5,0.0,2928.4,5014.1,0.3687000314762355,24.5,905.4
994,4,hgb,loso,Al Dawadmi - TVTC,24.5569,44.47411,01-06-2019 00:00,7720.3,7742.398498309948,22.0984983099479,22.0984983099479,488.3436275547702,0.2862388548365724,35.5,0.0,2823.5,6364.0,0.30731972789115647,12.4,902.6
995,4,hgb,loso,Al Dawadmi - TVTC,24.5569,44.47411,01-07-2019 00:00,7893.1,7809.850244861444,-83.2497551385568,83.2497551385568,6930.521730629664,1.0547155761178346,35.6,0.0,2362.3,7327.5,0.24379244153646107,11.8,899.9
996,4,hgb,loso,Al Dawadmi - TVTC,24.5569,44.47411,01-08-2019 00:00,7492.7,7457.566895914742,-35.1331040852574,35.1331040852574,1234.3350026655303,0.4688977816442324,34.7,0.0,2126.7,7272.2,0.22627115939099254,12.5,901.3
997,4,hgb,loso,Al Dawadmi - TVTC,24.5569,44.47411,01-09-2019 00:00,6612.8,6794.266992046129,181.46699204612923,181.46699204612923,32930.269202269934,2.7441778376199073,33.6,0.0,2180.7,6265.0,0.2582023988538546,14.3,904.0
998,4,hgb,loso,Al Dawadmi - TVTC,24.5569,44.47411,01-10-2019 00:00,5699.9,5764.373024854474,64.47302485447472,64.47302485447472,4156.770933885715,1.1311255435090917,28.9,0.0,1730.5,6196.8,0.2182962673293555,22.4,907.6
999,4,hgb,loso,Al Dawadmi - TVTC,24.5569,44.47411,01-11-2019 00:00,4333.7,4198.977454297606,-134.7225457023942,134.7225457023942,18150.164320533695,3.108718778466304,20.7,0.0,1715.3,4642.1,0.2698115581841633,42.7,909.3
1000,4,hgb,loso,Al Dawadmi - TVTC,24.5569,44.47411,01-12-2019 00:00,4303.7,4278.476616138871,-25.22338386112915,25.22338386112915,636.2190934058705,0.586086015780123,17.0,0.0,1231.7,6041.3,0.16935239928502682,43.1,909.8
1001,4,hgb,loso,Al Dawadmi - TVTC,24.5569,44.47411,01-01-2020 00:00,4790.7,4764.797094442263,-25.90290555773663,25.90290555773663,670.9605163330232,0.5406914554811746,13.4,0.4,1199.6,6866.6,0.1487193474002628,38.2,910.5
1002,4,hgb,loso,Al Dawadmi - TVTC,24.5569,44.47411,01-02-2020 00:00,5383.8,5609.434738385375,225.63473838537448,225.63473838537448,50911.03516623638,4.190994063400841,17.8,2.6,2133.3,5392.1,0.2834799479097457,29.3,910.0
1003,4,hgb,loso,Al Dawadmi - TVTC,24.5569,44.47411,01-03-2020 00:00,6521.3,6439.310131172273,-81.98986882772715,81.98986882772715,6722.338590387904,1.2572626443765378,21.1,1.7,2573.1,5764.2,0.30862509445503944,23.4,906.8
1004,4,hgb,loso,Al Dawadmi - TVTC,24.5569,44.47411,01-04-2020 00:00,6967.3,6885.096221230281,-82.20377876971907,82.20377876971907,6757.461244020915,1.1798512877257914,26.2,3.5,2964.8,5243.9,0.3611777747999074,30.7,905.4
1005,4,hgb,loso,Al Dawadmi - TVTC,24.5569,44.47411,01-05-2020 00:00,7165.5,7166.972520427089,1.4725204270889662,1.4725204270889662,2.1683164081942716,0.020550142029013552,31.2,3.2,3466.1,4717.4,0.4235473819270483,17.5,905.7
1006,4,hgb,loso,Al Dawadmi - TVTC,24.5569,44.47411,01-09-2020 00:00,6828.0,6744.2662222668705,-83.7337777331295,83.7337777331295,7011.3455334611335,1.2263294922836776,32.6,2.5,1985.2,6920.8,0.2229059061306984,13.3,904.4
1007,4,hgb,loso,Al Dawadmi - TVTC,24.5569,44.47411,01-10-2020 00:00,6238.0,6293.679397300629,55.67939730062881,55.67939730062881,3100.1952837612703,0.8925841183172301,25.7,2.3,1151.0,8358.0,0.12104322221053739,15.1,909.0
1008,4,hgb,loso,Al Dawadmi - TVTC,24.5569,44.47411,01-11-2020 00:00,4682.5,4726.3268787560255,43.82687875602551,43.82687875602551,1920.79530149536,0.9359717833641326,21.6,3.1,1380.8,5990.7,0.1873160143797056,37.2,909.5
1009,4,hgb,loso,Al Dawadmi - TVTC,24.5569,44.47411,01-12-2020 00:00,4216.5,4284.3672800375825,67.86728003758253,67.86728003758253,4605.967699699649,1.6095643314972734,16.7,2.9,1559.0,5147.0,0.23247837757232329,48.9,910.8
1010,4,hgb,loso,Al Dawadmi - TVTC,24.5569,44.47411,01-01-2021 00:00,4557.2,4520.174099617632,-37.02590038236758,37.02590038236758,1370.9172991250077,0.8124703849374085,15.8,2.8,1529.9,5629.5,0.21369109143224294,42.0,911.0
1011,4,hgb,loso,Al Dawadmi - TVTC,24.5569,44.47411,01-02-2021 00:00,5139.4,5123.357565806649,-16.042434193350346,16.042434193350346,257.35969484797636,0.31214605193894907,17.3,3.2,1923.1,5428.2,0.26159998911757104,39.0,909.6
1012,4,hgb,loso,Al Dawadmi - TVTC,24.5569,44.47411,01-03-2021 00:00,6455.2,6536.030001851172,80.8300018511718,80.8300018511718,6533.489199260437,1.2521688228276708,23.6,3.5,2873.7,5092.8,0.3607230276784033,21.4,907.4
1013,4,hgb,loso,Al Dawadmi - TVTC,24.5569,44.47411,01-04-2021 00:00,6912.2,6913.958697482066,1.7586974820660544,1.7586974820660544,3.0930168334254797,0.025443382455167016,27.0,3.0,3148.5,5005.7,0.3861200363003115,19.1,907.3
1014,4,hgb,loso,Al Dawadmi - TVTC,24.5569,44.47411,01-05-2021 00:00,7830.1,7750.142309753618,-79.9576902463823,79.9576902463823,6393.232229536419,1.021157970477801,32.9,2.7,2637.3,6773.4,0.2802448276961331,11.9,903.8
1015,4,hgb,loso,Al Dawadmi - TVTC,24.5569,44.47411,01-07-2021 00:00,7685.7,7751.388360729163,65.68836072916292,65.68836072916292,4314.960735284633,0.8546828620576254,37.0,3.0,2674.9,6543.7,0.2901633653700128,13.7,898.7
1016,4,hgb,loso,Al Dawadmi - TVTC,24.5569,44.47411,01-08-2021 00:00,7560.5,7593.855816131206,33.355816131205756,33.355816131205756,1112.6104697788062,0.4411853201667318,35.9,2.8,2255.5,7093.0,0.24126865272503611,11.6,901.4
1017,4,hgb,loso,Al Dawadmi - TVTC,24.5569,44.47411,01-09-2021 00:00,6912.3,7057.723053252641,145.42305325264078,145.42305325264078,21147.864417320397,2.103830175956495,32.1,2.6,1988.4,7041.3,0.22020665138376688,13.9,903.9
1018,4,hgb,loso,Al Dawadmi - TVTC,24.5569,44.47411,01-10-2021 00:00,5993.7,6005.070507970007,11.370507970007566,11.370507970007566,129.28845149600556,0.18970765920896218,29.2,2.6,1604.3,6955.7,0.1874182242990654,16.6,908.1
1019,4,hgb,loso,Al Dawadmi - TVTC,24.5569,44.47411,01-11-2021 00:00,4922.2,5064.28612764325,142.08612764325062,142.08612764325062,20188.46766865411,2.8866386502631065,22.0,0.7,1472.2,6196.1,0.19198518576477186,30.6,909.7
1020,4,hgb,loso,Al Dawadmi - TVTC,24.5569,44.47411,01-12-2021 00:00,4105.8,4127.228893577089,21.428893577089184,21.428893577089184,459.1974799382141,0.52191761842002,17.0,0.0,1702.3,4622.7,0.2691383399209486,38.8,910.8
1558,5,hgb,loso,Al Dhahran - KFUPM,26.30355,50.14412,01-01-2017 00:00,3555.2,3505.3238627509727,-49.876137249027124,49.876137249027124,2487.629066883791,1.4029066507939674,17.2,1.8,1555.3,3773.0,0.2918942251750089,67.5,1010.7
1559,5,hgb,loso,Al Dhahran - KFUPM,26.30355,50.14412,01-02-2017 00:00,3690.5,3626.8267695242475,-63.67323047575246,63.67323047575246,4054.280279218292,1.7253280172267298,15.8,2.0,1718.0,3219.2,0.34797050960058334,65.0,1011.7
1560,5,hgb,loso,Al Dhahran - KFUPM,26.30355,50.14412,01-03-2017 00:00,4160.6,4285.140607122757,124.54060712275623,124.54060712275623,15510.36282250472,2.9933328635955445,21.4,1.6,2312.3,2650.6,0.4659171049184953,63.5,1006.1
1561,5,hgb,loso,Al Dhahran - KFUPM,26.30355,50.14412,01-04-2017 00:00,6185.7,6450.356034829165,264.65603482916504,264.65603482916504,70042.81677149622,4.278513908355805,28.5,2.2,2751.2,4626.0,0.3729328200401236,42.2,1003.5
1562,5,hgb,loso,Al Dhahran - KFUPM,26.30355,50.14412,01-05-2017 00:00,6441.2,6504.18109359793,62.98109359793034,62.98109359793034,3966.618150791262,0.9777850959127233,34.1,2.2,2953.9,4460.6,0.3983950367523097,32.7,999.1
1563,5,hgb,loso,Al Dhahran - KFUPM,26.30355,50.14412,01-06-2017 00:00,7197.4,6992.357760086408,-205.0422399135914,205.0422399135914,42042.320148782776,2.8488376346123796,36.5,2.3,1893.0,7104.6,0.21038943718324885,25.8,993.4
1564,5,hgb,loso,Al Dhahran - KFUPM,26.30355,50.14412,01-09-2017 00:00,5932.9,5591.275764377826,-341.6242356221737,341.6242356221737,116707.11836443447,5.758132374086429,34.4,1.4,2000.7,5471.4,0.26775605251535717,58.9,997.7
1565,5,hgb,loso,Al Dhahran - KFUPM,26.30355,50.14412,01-10-2017 00:00,5098.4,5273.790506817034,175.3905068170343,175.3905068170343,30761.829881536152,3.440108795250163,30.7,1.4,1640.5,5360.6,0.23432032109239975,57.9,1003.4
1566,5,hgb,loso,Al Dhahran - KFUPM,26.30355,50.14412,01-11-2017 00:00,3809.0,3850.1785764905335,41.17857649053349,41.17857649053349,1695.6751617867171,1.081086282240312,24.8,1.4,1532.9,4097.3,0.27226386274022235,60.8,1008.5
1567,5,hgb,loso,Al Dhahran - KFUPM,26.30355,50.14412,01-12-2017 00:00,3810.2,3798.0443167190565,-12.155683280943322,12.155683280943322,147.760636026605,0.31903005828941583,18.4,1.9,1158.9,5336.6,0.17841582634131323,56.7,1012.5
1568,5,hgb,loso,Al Dhahran - KFUPM,26.30355,50.14412,01-03-2018 00:00,6090.6,6047.583036867381,-43.01696313261891,43.01696313261891,1850.4591171530947,0.7062844897484469,25.1,1.8,2337.3,5403.5,0.301945535345184,42.0,1005.6
1569,5,hgb,loso,Al Dhahran - KFUPM,26.30355,50.14412,01-04-2018 00:00,5518.1,5672.182174683156,154.08217468315524,154.08217468315524,23741.31655509037,2.792304863687777,27.4,2.1,3215.2,2999.0,0.5173956422387435,44.8,1002.6
1570,5,hgb,loso,Al Dhahran - KFUPM,26.30355,50.14412,01-05-2018 00:00,6756.9,6963.1375981230485,206.23759812304888,206.23759812304888,42533.94687956422,3.0522517444841406,32.7,1.8,3459.5,4251.6,0.4486389749841138,34.6,999.6
1571,5,hgb,loso,Al Dhahran - KFUPM,26.30355,50.14412,01-06-2018 00:00,7695.9,7710.627476960513,14.72747696051374,14.72747696051374,216.89857762246305,0.1913678317092704,37.6,2.3,2660.0,6458.8,0.2917050489099443,26.5,992.6
1572,5,hgb,loso,Al Dhahran - KFUPM,26.30355,50.14412,01-07-2018 00:00,7303.7,7238.829586270557,-64.87041372944259,64.87041372944259,4208.170577429054,0.8881856282355873,38.1,2.1,2822.0,5758.1,0.32890059556415424,30.4,989.4
1573,5,hgb,loso,Al Dhahran - KFUPM,26.30355,50.14412,01-08-2018 00:00,7003.3,6909.950487103191,-93.34951289680885,93.34951289680885,8714.131558071482,1.332936085799678,37.4,2.0,2336.5,6207.6,0.27346355964934865,33.0,991.5
1574,5,hgb,loso,Al Dhahran - KFUPM,26.30355,50.14412,01-09-2018 00:00,5998.5,5848.956593909556,-149.54340609044357,149.54340609044357,22363.230305131314,2.4930133548461044,35.3,1.4,2182.0,5226.8,0.29451463124932514,57.1,997.6
1575,5,hgb,loso,Al Dhahran - KFUPM,26.30355,50.14412,01-10-2018 00:00,4738.8,4915.10497003191,176.30497003190976,176.30497003190976,31083.4424579526,3.720456023295133,30.7,1.5,2069.9,4035.2,0.33904440549704346,60.6,1005.2
1576,5,hgb,loso,Al Dhahran - KFUPM,26.30355,50.14412,01-11-2018 00:00,3505.6,3699.3134079356682,193.71340793566833,193.71340793566833,37524.88441405065,5.525827474203227,24.3,1.7,1717.6,3235.4,0.3467797294568948,69.9,1009.0
1577,5,hgb,loso,Al Dhahran - KFUPM,26.30355,50.14412,01-12-2018 00:00,3640.3,3777.332129135788,137.03212913578773,137.03212913578773,18777.804415487204,3.7643086870803977,20.7,0.0,1605.0,4011.3,0.28577533251428877,70.3,1011.4
1578,5,hgb,loso,Al Dhahran - KFUPM,26.30355,50.14412,01-01-2019 00:00,3714.1,3635.4652247738004,-78.63477522619951,78.63477522619951,6183.42787487492,2.117195962041935,19.2,0.0,1869.8,3402.5,0.3546459799328566,63.0,1011.3
1579,5,hgb,loso,Al Dhahran - KFUPM,26.30355,50.14412,01-02-2019 00:00,4141.7,3859.411527441558,-282.28847255844175,282.28847255844175,79686.78173937813,6.815763395669454,18.9,0.0,1766.8,3934.5,0.3098942346482381,65.3,1010.0
1580,5,hgb,loso,Al Dhahran - KFUPM,26.30355,50.14412,01-03-2019 00:00,5494.2,5192.744313912706,-301.45568608729354,301.45568608729354,90875.53067436087,5.486798552788278,21.3,0.0,2258.4,4705.8,0.32428706814853103,55.3,1006.7
1581,5,hgb,loso,Al Dhahran - KFUPM,26.30355,50.14412,01-04-2019 00:00,5799.0,5830.221384038874,31.22138403887402,31.22138403887402,974.7748213028575,0.5383925511100883,26.6,0.0,2842.8,3948.8,0.4185758878614759,46.2,1003.7
1582,5,hgb,loso,Al Dhahran - KFUPM,26.30355,50.14412,01-05-2019 00:00,6486.3,6587.044586488692,100.74458648869222,100.74458648869222,10149.471706777587,1.5531903625902628,33.7,0.0,2927.1,4609.5,0.3883846827481888,32.9,999.9
1583,5,hgb,loso,Al Dhahran - KFUPM,26.30355,50.14412,01-06-2019 00:00,7163.0,7003.6901802367365,-159.30981976326348,159.30981976326348,25379.618673003493,2.224065611660805,38.4,0.0,2113.4,6634.7,0.24158388678684514,26.6,993.7
1584,5,hgb,loso,Al Dhahran - KFUPM,26.30355,50.14412,01-07-2019 00:00,7331.7,7178.221605614145,-153.4783943858547,153.4783943858547,23555.617543259956,2.093353443073976,37.8,0.0,2237.7,6634.9,0.2522034127538715,32.7,990.1
1585,5,hgb,loso,Al Dhahran - KFUPM,26.30355,50.14412,01-08-2019 00:00,6917.7,6782.980684254292,-134.71931574570772,134.71931574570772,18149.29403499169,1.9474581977493637,37.5,0.0,2277.7,6200.9,0.2686410492298257,39.2,991.8
1586,5,hgb,loso,Al Dhahran - KFUPM,26.30355,50.14412,01-10-2019 00:00,4902.0,5010.509764340235,108.50976434023505,108.50976434023505,11774.368957173347,2.213581483888924,32.3,0.0,1885.6,4587.5,0.2912978325686301,61.1,1003.2
1587,5,hgb,loso,Al Dhahran - KFUPM,26.30355,50.14412,01-11-2019 00:00,3802.9,3875.8722544741877,72.9722544741876,72.9722544741876,5324.949923045591,1.918858094459165,24.6,0.0,1557.1,4038.6,0.2782672409171328,57.4,1008.7
1588,5,hgb,loso,Al Dhahran - KFUPM,26.30355,50.14412,01-12-2019 00:00,3380.7,3590.5144254243087,209.81442542430887,209.81442542430887,44022.09311613287,6.206242063013839,20.3,0.0,1309.2,4063.3,0.24368543508608656,69.5,1010.4
1589,5,hgb,loso,Al Dhahran - KFUPM,26.30355,50.14412,01-01-2020 00:00,3705.0,3594.679998521776,-110.32000147822419,110.32000147822419,12170.502726155386,2.977597880653824,17.3,0.4,1189.9,4731.9,0.20093552636022835,65.3,1010.9
1590,5,hgb,loso,Al Dhahran - KFUPM,26.30355,50.14412,01-02-2020 00:00,4564.7,4320.272626923,-244.42737307700008,244.42737307700008,59744.740709322985,5.354730279689796,19.2,2.1,1774.6,4549.5,0.28060909852785376,59.0,1010.6
1591,5,hgb,loso,Al Dhahran - KFUPM,26.30355,50.14412,01-03-2020 00:00,5272.8,5282.415338305787,9.61533830578719,9.61533830578719,92.45473073473848,0.18235734914632057,22.7,2.2,2344.4,4205.4,0.3579345934227,57.5,1005.4
1592,5,hgb,loso,Al Dhahran - KFUPM,26.30355,50.14412,01-04-2020 00:00,5364.5,5338.570011940605,-25.929988059395328,25.929988059395328,672.3642807603843,0.48336262576932293,27.5,2.2,2802.5,3393.9,0.45227874249564265,51.5,1003.1
1593,5,hgb,loso,Al Dhahran - KFUPM,26.30355,50.14412,01-05-2020 00:00,7000.4,7026.736248622756,26.336248622756102,26.336248622756102,693.5979915196227,0.37621062543220535,32.6,2.0,2665.9,5732.0,0.31744840972147803,35.9,999.9
1594,5,hgb,loso,Al Dhahran - KFUPM,26.30355,50.14412,01-09-2020 00:00,6075.9,6074.203677106706,-1.6963228932936545,1.6963228932936545,2.877511358312155,0.027918874459646383,35.3,1.5,1785.0,5939.9,0.23107095237478803,51.7,997.2
1595,5,hgb,loso,Al Dhahran - KFUPM,26.30355,50.14412,01-10-2020 00:00,5253.3,5634.948751207929,381.6487512079284,381.6487512079284,145655.76929857122,7.264933493383747,29.8,1.5,1278.3,6355.5,0.1674526448164741,59.2,1004.2
1596,5,hgb,loso,Al Dhahran - KFUPM,26.30355,50.14412,01-11-2020 00:00,4139.8,4203.201540808786,63.401540808786194,63.401540808786194,4019.7553769281812,1.5315121698822696,25.6,1.6,1406.7,4882.3,0.2236762601367467,65.5,1008.5
1597,5,hgb,loso,Al Dhahran - KFUPM,26.30355,50.14412,01-12-2020 00:00,3623.2,3681.5105329301828,58.310532930182944,58.310532930182944,3400.1182506019495,1.609365558903261,19.9,2.0,1470.4,4221.3,0.2583410931707574,68.3,1011.4
1598,5,hgb,loso,Al Dhahran - KFUPM,26.30355,50.14412,01-01-2021 00:00,4101.8,4013.8173712088883,-87.98262879111189,87.98262879111189,7740.942968994591,2.1449760785779874,18.5,1.9,1536.3,4773.8,0.24346682302974595,62.8,1011.3
1599,5,hgb,loso,Al Dhahran - KFUPM,26.30355,50.14412,01-02-2021 00:00,4581.9,4496.415242147335,-85.48475785266419,85.48475785266419,7307.643825128632,1.8657054464886662,19.7,2.1,1666.3,4831.7,0.2564327485380117,65.0,1009.2
1600,5,hgb,loso,Al Dhahran - KFUPM,26.30355,50.14412,01-10-2021 00:00,5254.1,5433.815102039358,179.7151020393576,179.7151020393576,32297.51790101671,3.4204735737682492,31.1,1.7,1623.6,5570.4,0.2256880733944954,59.5,1002.8
1601,5,hgb,loso,Al Dhahran - KFUPM,26.30355,50.14412,01-11-2021 00:00,4294.0,4281.38998887675,-12.610011123249933,12.610011123249933,159.01238052848703,0.2936658389205853,25.5,1.7,1414.9,5161.5,0.21514810534639014,60.6,1007.0
1602,5,hgb,loso,Al Dhahran - KFUPM,26.30355,50.14412,01-12-2021 00:00,3558.8,3712.2117253926563,153.41172539265608,153.41172539265608,23535.157487951717,4.310771197950322,20.4,1.9,1507.2,3965.8,0.2753882696875571,66.6,1010.5
138,6,hgb,loso,Al Farshah - TQ TVTC,17.7749,43.17555,01-01-2017 00:00,5253.8,5021.844520696417,-231.95547930358316,231.95547930358316,53803.34437895499,4.415003983851368,23.8,1.9,1323.8,6504.9,0.1690957630257897,53.8,895.8
139,6,hgb,loso,Al Farshah - TQ TVTC,17.7749,43.17555,01-02-2017 00:00,4657.6,4639.62995813423,-17.970041865770327,17.970041865770327,322.92240465753827,0.3858219225732207,23.3,2.0,2326.0,3505.4,0.39887505573275717,58.6,894.9
140,6,hgb,loso,Al Farshah - TQ TVTC,17.7749,43.17555,01-03-2017 00:00,5753.0,5435.112601256674,-317.88739874332623,317.88739874332623,101052.3982797985,5.52559358149359,26.4,2.1,2300.3,4717.9,0.3277621042432533,52.4,893.0
141,6,hgb,loso,Al Farshah - TQ TVTC,17.7749,43.17555,01-04-2017 00:00,6995.7,6943.911666869881,-51.7883331301191,51.7883331301191,2682.0314483961915,0.740288078821549,29.3,2.3,2473.9,5866.1,0.2966306954436451,35.6,893.1
142,6,hgb,loso,Al Farshah - TQ TVTC,17.7749,43.17555,01-05-2017 00:00,6580.1,6378.348598872372,-201.75140112762801,201.75140112762801,40703.627856961066,3.0660841192022614,29.4,2.0,2776.4,4744.2,0.3691726723931601,53.1,892.2
143,6,hgb,loso,Al Farshah - TQ TVTC,17.7749,43.17555,01-09-2017 00:00,6518.8,6201.532952010601,-317.26704798939954,317.26704798939954,100658.37973990795,4.8669547767902,31.1,2.4,2299.6,5606.0,0.2908824124671119,38.6,890.6
144,6,hgb,loso,Al Farshah - TQ TVTC,17.7749,43.17555,01-10-2017 00:00,6485.5,6244.520218799958,-240.97978120004245,240.97978120004245,58071.25494722033,3.7156700516543433,29.3,2.3,1323.0,7616.6,0.1479931988008412,28.0,893.4
145,6,hgb,loso,Al Farshah - TQ TVTC,17.7749,43.17555,01-11-2017 00:00,5619.6,5316.690774383857,-302.909225616143,302.909225616143,91753.99896337141,5.390227518260071,25.7,2.2,1173.5,7198.1,0.14017631038272252,38.8,894.6
146,6,hgb,loso,Al Farshah - TQ TVTC,17.7749,43.17555,01-03-2018 00:00,6971.5,6044.612230503849,-926.8877694961511,926.8877694961511,859120.9372415502,13.295385060548679,26.8,2.3,1745.2,7193.5,0.19524091870182464,32.2,893.4
147,6,hgb,loso,Al Farshah - TQ TVTC,17.7749,43.17555,01-04-2018 00:00,6168.1,5973.6790545275235,-194.4209454724769,194.4209454724769,37799.50403841183,3.15203945254579,26.6,2.0,2591.0,4620.9,0.3592673220649205,46.4,892.3
148,6,hgb,loso,Al Farshah - TQ TVTC,17.7749,43.17555,01-05-2018 00:00,6640.5,6601.18335191886,-39.31664808113965,39.31664808113965,1545.798816336182,0.592073610136882,30.0,2.3,2684.8,4991.3,0.3497609463138834,39.7,891.0
149,6,hgb,loso,Al Farshah - TQ TVTC,17.7749,43.17555,01-06-2018 00:00,5958.5,6338.916513652174,380.4165136521742,380.4165136521742,144716.72385927485,6.384434230967092,31.3,2.1,3549.4,2937.0,0.5472064627528368,40.6,889.2
150,6,hgb,loso,Al Farshah - TQ TVTC,17.7749,43.17555,01-07-2018 00:00,5318.7,6125.3591581360415,806.6591581360417,806.6591581360417,650698.9974047475,15.166472223213223,30.4,2.2,3802.2,1788.5,0.6800937270824763,43.6,889.0
151,6,hgb,loso,Al Farshah - TQ TVTC,17.7749,43.17555,01-08-2018 00:00,5490.9,5390.507949909262,-100.39205009073794,100.39205009073794,10078.563721421235,1.828335065121163,29.2,2.0,3387.1,2519.3,0.5734626845455777,52.0,889.4
152,6,hgb,loso,Al Farshah - TQ TVTC,17.7749,43.17555,01-09-2018 00:00,6400.2,6337.037757171494,-63.16224282850544,63.16224282850544,3989.4689191270872,0.9868792042202655,30.5,2.4,2344.6,5328.5,0.3055609857814964,41.1,891.1
153,6,hgb,loso,Al Farshah - TQ TVTC,17.7749,43.17555,01-10-2018 00:00,5778.6,5419.194269396183,-359.4057306038176,359.4057306038176,129172.47919086389,6.21959870217384,27.5,2.2,1725.7,5794.8,0.22946612592247856,39.5,894.1
154,6,hgb,loso,Al Farshah - TQ TVTC,17.7749,43.17555,01-11-2018 00:00,4929.0,4787.753512713008,-141.2464872869923,141.2464872869923,19950.570170914478,2.8656215720631426,25.0,2.0,1611.9,5364.2,0.23106033457089203,48.3,894.8
155,6,hgb,loso,Al Farshah - TQ TVTC,17.7749,43.17555,01-12-2018 00:00,4963.4,4890.232291762402,-73.16770823759725,73.16770823759725,5353.513528742157,1.4741449054599116,23.3,1.9,1332.3,6167.7,0.17764,52.7,895.8
156,6,hgb,loso,Al Farshah - TQ TVTC,17.7749,43.17555,01-01-2019 00:00,5345.5,5220.167116066007,-125.33288393399289,125.33288393399289,15708.331795211732,2.344642857244278,23.6,1.8,1533.5,6242.8,0.19720175404755474,50.7,896.1
157,6,hgb,loso,Al Farshah - TQ TVTC,17.7749,43.17555,01-02-2019 00:00,5318.9,5169.115979840839,-149.78402015916072,149.78402015916072,22435.252695039864,2.8160713711323906,24.5,2.0,2299.9,4439.4,0.34126689715549097,50.5,894.9
158,6,hgb,loso,Al Farshah - TQ TVTC,17.7749,43.17555,01-03-2019 00:00,5948.5,5499.6746022485095,-448.8253977514905,448.8253977514905,201444.23766678368,7.545186143590662,25.7,2.2,2335.9,4903.6,0.3226604047240832,45.9,893.8
159,6,hgb,loso,Al Farshah - TQ TVTC,17.7749,43.17555,01-04-2019 00:00,6412.9,6611.72857309853,198.8285730985308,198.8285730985308,39532.80148039781,3.100447115946464,28.1,2.3,2804.8,4668.9,0.37528934798025076,43.9,892.7
160,6,hgb,loso,Al Farshah - TQ TVTC,17.7749,43.17555,01-05-2019 00:00,6343.7,6413.863312879065,70.16331287906542,70.16331287906542,4922.890474165627,1.1060313835626752,28.1,2.0,2697.1,4650.2,0.3670872293223361,43.4,892.5
161,6,hgb,loso,Al Farshah - TQ TVTC,17.7749,43.17555,01-06-2019 00:00,6041.4,6074.639801715415,33.239801715415524,33.239801715415524,1104.884418080141,0.5502003130965591,31.2,2.1,2832.6,4033.9,0.41252457583921937,43.9,889.6
162,6,hgb,loso,Al Farshah - TQ TVTC,17.7749,43.17555,01-07-2019 00:00,5393.4,5974.405533354262,581.0055333542623,581.0055333542623,337567.4297882708,10.772528152079621,31.2,2.2,3556.0,2203.4,0.6174254262596799,43.3,888.2
163,6,hgb,loso,Al Farshah - TQ TVTC,17.7749,43.17555,01-08-2019 00:00,5735.8,5645.539736742824,-90.26026325717612,90.26026325717612,8146.915123254737,1.5736298904629888,28.8,2.2,2937.0,3449.6,0.4598691009300723,54.6,890.1
164,6,hgb,loso,Al Farshah - TQ TVTC,17.7749,43.17555,01-09-2019 00:00,5977.4,5755.126862753881,-222.2731372461185,222.2731372461185,49405.34754123183,3.718558859138062,30.5,2.2,2295.6,4871.9,0.3202790373212417,42.2,890.4
165,6,hgb,loso,Al Farshah - TQ TVTC,17.7749,43.17555,01-10-2019 00:00,5675.7,5526.846313973919,-148.85368602608105,148.85368602608105,22157.419843551117,2.622648942440246,27.5,2.3,1690.2,5970.7,0.22062681930321504,43.6,893.3
166,6,hgb,loso,Al Farshah - TQ TVTC,17.7749,43.17555,01-11-2019 00:00,5069.7,4914.798954122775,-154.90104587722453,154.90104587722453,23994.33401385802,3.055428247770569,25.3,2.0,1559.4,5647.2,0.2163849804346016,45.0,894.1
167,6,hgb,loso,Al Farshah - TQ TVTC,17.7749,43.17555,01-12-2019 00:00,4828.7,4633.171680680243,-195.52831931975652,195.52831931975652,38231.32365600867,4.04929524136427,23.3,1.9,1444.5,5780.9,0.1999197276275362,52.1,895.1
168,6,hgb,loso,Al Farshah - TQ TVTC,17.7749,43.17555,01-01-2020 00:00,4697.5,4879.018244864905,181.51824486490477,181.51824486490477,32948.87321883553,3.864145712930384,21.8,2.0,1669.2,5022.5,0.24944334025733372,53.2,896.0
169,6,hgb,loso,Al Farshah - TQ TVTC,17.7749,43.17555,01-02-2020 00:00,5332.4,5040.976680239409,-291.42331976059086,291.42331976059086,84927.55130028358,5.465143645649068,25.5,2.1,2221.7,4481.5,0.3314387158372121,47.1,894.9
170,6,hgb,loso,Al Farshah - TQ TVTC,17.7749,43.17555,01-03-2020 00:00,5972.7,5563.186996783627,-409.51300321637245,409.51300321637245,167700.89980329268,6.856413401248555,25.5,2.1,2581.1,4564.0,0.36124057046087527,51.5,893.1
171,6,hgb,loso,Al Farshah - TQ TVTC,17.7749,43.17555,01-04-2020 00:00,6299.4,5976.883917454096,-322.5160825459034,322.5160825459034,104016.62350075596,5.119790496648942,27.4,2.0,2324.3,5260.8,0.3064297108805421,51.6,892.9
172,6,hgb,loso,Al Farshah - TQ TVTC,17.7749,43.17555,01-05-2020 00:00,6540.7,6492.288012925574,-48.41198707442618,48.41198707442618,2343.7204924944076,0.7401652281013681,29.6,2.1,2439.4,5140.1,0.321841810145788,43.4,892.4
173,6,hgb,loso,Al Farshah - TQ TVTC,17.7749,43.17555,01-09-2020 00:00,6443.4,6372.389028705414,-71.01097129458594,71.01097129458594,5042.558044200508,1.1020729939874283,30.1,2.2,2029.4,5886.9,0.2563571365410609,39.5,890.3
174,6,hgb,loso,Al Farshah - TQ TVTC,17.7749,43.17555,01-10-2020 00:00,6347.6,5943.174927987423,-404.4250720125774,404.4250720125774,163559.63887237842,6.371306824824774,28.2,2.4,1157.2,7732.7,0.13017019314053027,26.1,893.5
175,6,hgb,loso,Al Farshah - TQ TVTC,17.7749,43.17555,01-11-2020 00:00,5099.8,4703.782301635458,-396.0176983645424,396.0176983645424,156830.0174179497,7.765357432929573,25.1,2.0,1161.3,6380.2,0.15398793343499304,48.3,894.9
176,6,hgb,loso,Al Farshah - TQ TVTC,17.7749,43.17555,01-12-2020 00:00,4810.2,4601.588489343088,-208.61151065691138,208.61151065691138,43518.76237855865,4.336857316887269,23.5,1.9,1149.8,6247.7,0.15543088881378844,52.8,895.3
177,6,hgb,loso,Al Farshah - TQ TVTC,17.7749,43.17555,01-01-2021 00:00,5225.9,4991.561549303359,-234.3384506966404,234.3384506966404,54914.50947490176,4.484174031203055,22.5,2.0,1409.8,6365.1,0.18132709102367875,46.5,895.1
178,6,hgb,loso,Al Farshah - TQ TVTC,17.7749,43.17555,01-02-2021 00:00,5356.4,5068.791770448192,-287.6082295518072,287.6082295518072,82718.49370592502,5.36943151280351,23.4,2.1,1808.6,5374.7,0.2517784305263598,48.4,894.6
179,6,hgb,loso,Al Farshah - TQ TVTC,17.7749,43.17555,01-03-2021 00:00,6647.1,6623.985222867444,-23.11477713255681,23.11477713255681,534.2929218877712,0.3477422805818599,27.0,2.2,2144.3,6129.5,0.259167492566898,36.7,893.4
180,6,hgb,loso,Al Farshah - TQ TVTC,17.7749,43.17555,01-04-2021 00:00,6493.8,6076.0666254306925,-417.73337456930767,417.73337456930767,174501.1722290615,6.4328032056624425,27.3,2.2,2522.8,5110.4,0.3305035895823508,39.9,893.0
181,6,hgb,loso,Al Farshah - TQ TVTC,17.7749,43.17555,01-07-2021 00:00,4964.4,5443.779097498274,479.37909749827395,479.37909749827395,229804.31911825965,9.656335055561074,29.2,2.0,3261.8,2070.0,0.611763381972317,55.4,888.1
182,6,hgb,loso,Al Farshah - TQ TVTC,17.7749,43.17555,01-11-2021 00:00,5462.0,5442.413661225096,-19.586338774904107,19.586338774904107,383.6246666053121,0.3585928007122685,26.0,2.2,1185.4,6978.5,0.14520021068361938,34.0,894.7
379,7,hgb,loso,Al Hanakiyah - TVTC,24.85577,40.536,01-01-2017 00:00,4578.4,4612.663752924544,34.26375292454395,34.26375292454395,1174.0047644741942,0.7483783182890082,18.8,3.1,1337.4,6122.4,0.17928094586986248,30.6,918.9
380,7,hgb,loso,Al Hanakiyah - TVTC,24.85577,40.536,01-02-2017 00:00,5384.9,5487.887459796109,102.98745979610976,102.98745979610976,10606.416875255325,1.9125231628462882,16.8,3.6,1986.1,5640.4,0.26042090080639874,27.4,919.0
381,7,hgb,loso,Al Hanakiyah - TVTC,24.85577,40.536,01-03-2017 00:00,6075.7,6315.316423226073,239.6164232260735,239.6164232260735,57416.03027965677,3.9438488277247643,23.4,3.7,2622.9,5070.3,0.34093745125565433,24.6,914.7
382,7,hgb,loso,Al Hanakiyah - TVTC,24.85577,40.536,01-04-2017 00:00,6605.0,6686.046400945761,81.04640094576098,81.04640094576098,6568.5191062610465,1.2270461914573956,29.5,4.0,3217.4,4426.2,0.4209273117379245,17.9,915.5
383,7,hgb,loso,Al Hanakiyah - TVTC,24.85577,40.536,01-05-2017 00:00,6870.0,6923.248983090877,53.24898309087712,53.24898309087712,2835.454200212517,0.7750943681350381,32.4,3.1,3067.4,4924.9,0.38379440211203286,18.3,914.3
384,7,hgb,loso,Al Hanakiyah - TVTC,24.85577,40.536,01-06-2017 00:00,8035.4,7950.867229624187,-84.53277037581302,84.53277037581302,7145.78926740993,1.052004509742054,37.2,3.1,2441.4,7385.0,0.24845314662541726,8.3,911.4
385,7,hgb,loso,Al Hanakiyah - TVTC,24.85577,40.536,01-09-2017 00:00,6604.4,7474.494484966868,870.0944849668685,870.0944849668685,757064.4127697602,13.174466794362374,34.7,2.9,2064.4,7253.3,0.22155682196250145,9.4,913.8
386,7,hgb,loso,Al Hanakiyah - TVTC,24.85577,40.536,01-10-2017 00:00,6029.6,7022.157524513173,992.5575245131722,992.5575245131722,985170.4394677165,16.461415757482623,29.7,2.4,1326.4,8131.0,0.14024996299194284,13.2,916.2
387,7,hgb,loso,Al Hanakiyah - TVTC,24.85577,40.536,01-11-2017 00:00,4578.6,4597.957652479632,19.357652479631724,19.357652479631724,374.7187095221922,0.4227854033903753,23.4,3.0,1614.0,5300.1,0.23343602204191433,32.3,917.9
388,7,hgb,loso,Al Hanakiyah - TVTC,24.85577,40.536,01-03-2018 00:00,6591.4,6675.227721858813,83.82772185881367,83.82772185881367,7027.086952038628,1.2717741581274642,26.6,3.2,2257.7,6409.3,0.2604938271604938,20.0,916.2
389,7,hgb,loso,Al Hanakiyah - TVTC,24.85577,40.536,01-04-2018 00:00,7158.4,7340.524763974782,182.12476397478258,182.12476397478258,33169.42965287026,2.5442104936128547,27.2,3.6,2787.1,5943.8,0.3192225314686917,23.2,913.6
390,7,hgb,loso,Al Hanakiyah - TVTC,24.85577,40.536,01-05-2018 00:00,7165.7,7134.501837169514,-31.19816283048567,31.19816283048567,973.3253639974977,0.4353819282203507,32.1,4.0,3523.0,4665.5,0.43023752824082556,17.6,913.2
391,7,hgb,loso,Al Hanakiyah - TVTC,24.85577,40.536,01-06-2018 00:00,7916.7,7865.106765381989,-51.59323461801068,51.59323461801068,2661.861858349096,0.6517012722221467,36.1,3.4,2643.9,6951.7,0.27553253574555003,11.4,911.2
392,7,hgb,loso,Al Hanakiyah - TVTC,24.85577,40.536,01-07-2018 00:00,7658.0,7709.704420403874,51.70442040387388,51.70442040387388,2673.3470893005297,0.6751687177314427,36.2,3.6,2644.2,6580.3,0.28664968290964277,13.5,910.0
393,7,hgb,loso,Al Hanakiyah - TVTC,24.85577,40.536,01-08-2018 00:00,7446.5,7514.803978823096,68.30397882309626,68.30397882309626,4665.433523065982,0.9172628593714667,36.8,3.1,2061.2,7241.3,0.22157484547164738,13.9,910.6
394,7,hgb,loso,Al Hanakiyah - TVTC,24.85577,40.536,01-09-2018 00:00,6388.5,6484.994557816327,96.49455781632696,96.49455781632696,9311.199688168466,1.5104415405232365,36.4,3.2,2709.2,4977.0,0.3524758658374749,12.5,913.7
395,7,hgb,loso,Al Hanakiyah - TVTC,24.85577,40.536,01-10-2018 00:00,5490.0,5597.732407483363,107.7324074833632,107.7324074833632,11606.271622161412,1.9623389341231912,28.4,3.2,1816.7,5732.6,0.24064482799729775,28.3,917.5
396,7,hgb,loso,Al Hanakiyah - TVTC,24.85577,40.536,01-11-2018 00:00,4315.5,4260.0057197456945,-55.49428025430552,55.49428025430552,3079.6151409434037,1.285929330420705,20.9,3.3,1603.0,4974.5,0.24370961611554542,53.6,918.0
397,7,hgb,loso,Al Hanakiyah - TVTC,24.85577,40.536,01-12-2018 00:00,4308.0,4316.317947861064,8.317947861063658,8.317947861063658,69.18825661937348,0.19308142667278685,19.3,3.3,1387.7,5796.5,0.19315998997800732,47.5,919.3
398,7,hgb,loso,Al Hanakiyah - TVTC,24.85577,40.536,01-01-2019 00:00,4019.8,4159.918999189525,140.1189991895244,140.1189991895244,19633.33393387394,3.485720662458938,19.2,3.0,2013.6,3669.5,0.3543136668367616,43.8,918.6
399,7,hgb,loso,Al Hanakiyah - TVTC,24.85577,40.536,01-02-2019 00:00,4920.6,4819.681478597294,-100.91852140270657,100.91852140270657,10184.547962108545,2.050939344850355,18.4,3.7,1950.7,4946.3,0.2828331158474699,38.4,918.0
400,7,hgb,loso,Al Hanakiyah - TVTC,24.85577,40.536,01-03-2019 00:00,6668.2,6898.794983864548,230.59498386454834,230.59498386454834,53174.04658349131,3.4581293882089374,20.8,3.6,1915.2,7278.0,0.2083278945307401,24.4,916.3
401,7,hgb,loso,Al Hanakiyah - TVTC,24.85577,40.536,01-04-2019 00:00,7259.4,7134.563994953565,-124.83600504643437,124.83600504643437,15584.028155953387,1.719646321272204,25.6,3.5,2515.2,6506.2,0.27880373334515707,23.9,915.1
402,7,hgb,loso,Al Hanakiyah - TVTC,24.85577,40.536,01-05-2019 00:00,7359.8,7402.679135362541,42.87913536254109,42.87913536254109,1838.620249439122,0.582612779729627,32.5,3.2,2839.9,5829.9,0.3275623428452791,18.3,914.1
403,7,hgb,loso,Al Hanakiyah - TVTC,24.85577,40.536,01-06-2019 00:00,7467.2,7534.343333861261,67.14333386126145,67.14333386126145,4508.227282004819,0.8991768515810673,36.5,3.4,2732.8,6149.4,0.30767152282092275,12.4,912.3
404,7,hgb,loso,Al Hanakiyah - TVTC,24.85577,40.536,01-07-2019 00:00,7958.2,7852.019031981498,-106.18096801850152,106.18096801850152,11274.397969346042,1.3342334701126073,36.8,3.5,2221.4,7618.1,0.2257635042431018,12.2,909.8
405,7,hgb,loso,Al Hanakiyah - TVTC,24.85577,40.536,01-08-2019 00:00,7554.9,7436.741019627074,-118.15898037292573,118.15898037292573,13961.544642769446,1.5640045582724555,35.8,3.5,1981.2,7644.3,0.20582826866136825,14.1,911.2
406,7,hgb,loso,Al Hanakiyah - TVTC,24.85577,40.536,01-09-2019 00:00,6635.6,6733.424217057361,97.82421705736033,97.82421705736033,9569.577442885547,1.474233182490812,35.8,3.0,2210.9,6222.8,0.2621506574812953,13.8,912.8
407,7,hgb,loso,Al Hanakiyah - TVTC,24.85577,40.536,01-10-2019 00:00,5505.8,5648.219022128196,142.41902212819605,142.41902212819605,20283.177863951594,2.586708963787207,30.4,2.9,1988.0,5546.6,0.2638494412443925,23.0,916.3
408,7,hgb,loso,Al Hanakiyah - TVTC,24.85577,40.536,01-11-2019 00:00,4778.9,4693.479337672961,-85.42066232703837,85.42066232703837,7296.689552389913,1.78745448381507,23.6,3.2,1513.0,5907.5,0.20389461626575028,38.1,917.4
409,7,hgb,loso,Al Hanakiyah - TVTC,24.85577,40.536,01-12-2019 00:00,4562.7,4743.572346306405,180.87234630640523,180.87234630640523,32714.805658384183,3.964151627466308,19.0,2.8,1013.4,7183.7,0.12362908833611887,33.6,918.5
410,7,hgb,loso,Al Hanakiyah - TVTC,24.85577,40.536,01-01-2020 00:00,4929.4,4856.0465488575,-73.35345114249958,73.35345114249958,5380.728794515073,1.4880807226538644,14.8,2.9,1127.9,7413.2,0.13205559002938733,34.3,919.8
411,7,hgb,loso,Al Hanakiyah - TVTC,24.85577,40.536,01-02-2020 00:00,5470.3,5609.299352703259,138.9993527032584,138.9993527032584,19320.82005192483,2.540982262458337,19.0,3.3,1798.4,6283.0,0.22253569926002922,29.9,918.9
412,7,hgb,loso,Al Hanakiyah - TVTC,24.85577,40.536,01-03-2020 00:00,6632.6,6749.546120517311,116.94612051731019,116.94612051731019,13676.39510404924,1.7632017687982116,22.9,3.6,2292.7,6386.9,0.2641481174247661,21.5,915.6
413,7,hgb,loso,Al Hanakiyah - TVTC,24.85577,40.536,01-04-2020 00:00,7323.4,7566.967595656303,243.56759565630364,243.56759565630364,59325.173653792626,3.32588136188524,27.1,3.7,2781.8,6290.0,0.3066425626667255,22.5,914.3
414,7,hgb,loso,Al Hanakiyah - TVTC,24.85577,40.536,01-05-2020 00:00,7249.3,7287.1429933760965,37.842993376096274,37.842993376096274,1432.0921476632664,0.5220227246230156,32.8,3.5,2956.4,5654.4,0.34333627537511036,17.2,914.5
415,7,hgb,loso,Al Hanakiyah - TVTC,24.85577,40.536,01-09-2020 00:00,6812.8,6987.774931791302,174.97493179130197,174.97493179130197,30616.226755370775,2.568326265137711,34.8,3.0,2065.5,6758.2,0.23408547434749594,11.4,913.5
416,7,hgb,loso,Al Hanakiyah - TVTC,24.85577,40.536,01-10-2020 00:00,6154.4,6300.256697720395,145.85669772039546,145.85669772039546,21274.176269898813,2.3699580417326707,28.6,2.8,1300.2,7893.3,0.14142600750530265,13.3,917.9
417,7,hgb,loso,Al Hanakiyah - TVTC,24.85577,40.536,01-11-2020 00:00,4646.2,4614.141607107336,-32.058392892663505,32.058392892663505,1027.7405548603779,0.6899916683023439,23.7,3.0,1459.6,5791.0,0.20130747800182053,37.9,917.7
418,7,hgb,loso,Al Hanakiyah - TVTC,24.85577,40.536,01-12-2020 00:00,4199.4,4239.143440971998,39.7434409719981,39.7434409719981,1579.5411002946971,0.9464076051816475,19.2,3.1,1500.0,5290.1,0.22090985405222308,39.7,919.2
419,7,hgb,loso,Al Hanakiyah - TVTC,24.85577,40.536,01-01-2021 00:00,4720.7,4648.311443694496,-72.3885563055037,72.3885563055037,5240.103083995079,1.5334284386956107,18.6,3.4,1556.5,5938.4,0.20767455202871288,36.4,919.4
420,7,hgb,loso,Al Hanakiyah - TVTC,24.85577,40.536,01-02-2021 00:00,5417.2,5531.377761503829,114.17776150382906,114.17776150382906,13036.56122202527,2.107689609093795,19.5,3.3,1664.4,6361.5,0.20737861174447728,35.0,918.1
421,7,hgb,loso,Al Hanakiyah - TVTC,24.85577,40.536,01-03-2021 00:00,6589.8,6740.034017006775,150.2340170067746,150.2340170067746,22570.259865991837,2.2797963065157454,25.6,3.5,2560.5,5854.2,0.3042889229562551,21.5,916.1
422,7,hgb,loso,Al Hanakiyah - TVTC,24.85577,40.536,01-04-2021 00:00,7305.7,7457.559094645268,151.85909464526776,151.85909464526776,23061.18462648039,2.078638523964408,28.2,3.7,2827.2,5988.0,0.32071875850803155,19.7,916.1
423,7,hgb,loso,Al Hanakiyah - TVTC,24.85577,40.536,01-05-2021 00:00,7658.8,7740.372277314621,81.5722773146208,81.5722773146208,6654.0364262934,1.0650790896043871,34.0,3.3,2655.1,6538.0,0.2888144369146425,12.3,913.3
424,7,hgb,loso,Al Hanakiyah - TVTC,24.85577,40.536,01-07-2021 00:00,7663.1,7697.020352016175,33.92035201617455,33.92035201617455,1150.5902809011966,0.44264530041594846,38.1,3.8,2575.0,6684.3,0.278098776365384,12.3,908.7
425,7,hgb,loso,Al Hanakiyah - TVTC,24.85577,40.536,01-08-2021 00:00,7545.6,7549.926953974065,4.326953974064963,4.326953974064963,18.72253069367658,0.05734406772244703,37.2,3.3,2170.8,7263.2,0.23010387958448167,12.2,910.8
426,7,hgb,loso,Al Hanakiyah - TVTC,24.85577,40.536,01-09-2021 00:00,6608.6,6712.4756902270665,103.87569022706612,103.87569022706612,10790.159020149398,1.5718259574957798,35.4,3.0,2459.0,5760.0,0.2991848156710062,13.1,912.6
427,7,hgb,loso,Al Hanakiyah - TVTC,24.85577,40.536,01-10-2021 00:00,5924.8,6124.664224346617,199.86422434661654,199.86422434661654,39945.70817367467,3.3733497222963904,31.0,2.5,1741.4,6635.7,0.20787623401893257,14.8,916.6
428,7,hgb,loso,Al Hanakiyah - TVTC,24.85577,40.536,01-11-2021 00:00,4899.6,5156.823798749015,257.22379874901435,257.22379874901435,66164.08264287343,5.249893843354852,23.9,3.0,1283.7,6657.4,0.16165266776643036,26.8,918.3
429,7,hgb,loso,Al Hanakiyah - TVTC,24.85577,40.536,01-12-2021 00:00,4052.8,4109.496905794969,56.6969057949691,56.6969057949691,3214.5391267236005,1.3989564201285307,19.1,3.0,1536.5,4967.0,0.23625739986161298,36.8,919.2
843,8,hgb,loso,Al Jouf - TVTC,29.77634,40.02318,01-01-2017 00:00,3830.0,3961.4836971360546,131.48369713605462,131.48369713605462,17287.962612565738,3.432994703291243,9.7,3.8,1505.1,4813.8,0.2381901913307696,42.5,940.8
844,8,hgb,loso,Al Jouf - TVTC,29.77634,40.02318,01-02-2017 00:00,4767.7,4802.55223680586,34.85223680586023,34.85223680586023,1214.6784103717584,0.7310073369939432,9.9,4.1,1533.8,5815.4,0.20870298808033527,26.7,941.3
845,8,hgb,loso,Al Jouf - TVTC,29.77634,40.02318,01-03-2017 00:00,5740.9,5489.449100047884,-251.45089995211583,251.45089995211583,63227.555086728964,4.379990941352677,16.9,4.7,2227.6,5560.5,0.28602611676788947,35.9,935.8
846,8,hgb,loso,Al Jouf - TVTC,29.77634,40.02318,01-04-2017 00:00,5726.0,5816.675016810399,90.67501681039903,90.67501681039903,8221.958673566147,1.5835664828920542,22.3,4.6,2852.7,4059.5,0.4127050721911982,24.8,937.1
847,8,hgb,loso,Al Jouf - TVTC,29.77634,40.02318,01-09-2017 00:00,6433.7,6599.401461851321,165.70146185132126,165.70146185132126,27456.974459664874,2.5755235999707984,32.5,3.6,2436.7,5772.3,0.2968327445486661,14.8,934.1
848,8,hgb,loso,Al Jouf - TVTC,29.77634,40.02318,01-10-2017 00:00,5433.4,5567.512871677848,134.1128716778485,134.1128716778485,17986.262349679055,2.468304775607327,24.8,3.4,1587.2,6530.3,0.19552817985833076,22.4,936.8
849,8,hgb,loso,Al Jouf - TVTC,29.77634,40.02318,01-11-2017 00:00,3972.7,3990.0196296636664,17.319629663666547,17.319629663666547,299.9695716865582,0.4359662109816132,17.6,3.6,1851.0,4120.6,0.30996717797575185,42.6,939.2
850,8,hgb,loso,Al Jouf - TVTC,29.77634,40.02318,01-03-2018 00:00,6314.3,6389.888245400963,75.58824540096248,75.58824540096248,5713.582842796125,1.1970962007025716,21.3,4.0,2252.1,6351.2,0.2617716457638348,22.7,936.9
851,8,hgb,loso,Al Jouf - TVTC,29.77634,40.02318,01-04-2018 00:00,7142.7,7068.28525142369,-74.41474857630965,74.41474857630965,5537.554805675379,1.041829400315142,22.4,4.5,2528.4,6491.3,0.28031974455913167,27.4,934.4
852,8,hgb,loso,Al Jouf - TVTC,29.77634,40.02318,01-05-2018 00:00,7350.8,7258.1210751795625,-92.67892482043771,92.67892482043771,8589.383105872346,1.2608005226701544,27.7,4.7,2944.4,5943.9,0.3312669464352014,21.4,933.7
853,8,hgb,loso,Al Jouf - TVTC,29.77634,40.02318,01-06-2018 00:00,8361.9,8159.105034611785,-202.79496538821422,202.79496538821422,41125.797986807,2.425225910238274,32.0,4.8,2348.1,8113.2,0.22445585156720485,15.9,931.5
854,8,hgb,loso,Al Jouf - TVTC,29.77634,40.02318,01-07-2018 00:00,8295.6,8232.601813652698,-62.99818634730218,62.99818634730218,3968.771483049411,0.7594168757811632,32.9,5.1,1991.9,8626.0,0.18759830098230348,16.8,929.6
855,8,hgb,loso,Al Jouf - TVTC,29.77634,40.02318,01-08-2018 00:00,7827.0,8124.799962314171,297.79996231417135,297.79996231417135,88684.81755432188,3.8047778499319196,32.3,5.0,1515.3,8978.7,0.14439679817038306,19.8,930.8
856,8,hgb,loso,Al Jouf - TVTC,29.77634,40.02318,01-10-2018 00:00,5122.5,5027.5408307242205,-94.95916927577946,94.95916927577946,9017.243829546138,1.8537661156813952,25.7,3.4,2091.4,5041.5,0.29320472738998166,26.5,937.7
857,8,hgb,loso,Al Jouf - TVTC,29.77634,40.02318,01-11-2018 00:00,3147.4,3377.176948594446,229.7769485944459,229.7769485944459,52797.44610537464,7.3005321406381745,15.3,2.7,1697.3,2934.3,0.3664608342689351,73.8,939.3
858,8,hgb,loso,Al Jouf - TVTC,29.77634,40.02318,01-12-2018 00:00,3644.8,3809.834708567506,165.03470856750573,165.03470856750573,27236.45503196155,4.5279496424359555,12.8,3.3,1163.8,5454.8,0.17583779046928352,59.7,940.7
859,8,hgb,loso,Al Jouf - TVTC,29.77634,40.02318,01-01-2019 00:00,3527.3,3566.7269764625385,39.42697646253828,39.42697646253828,1554.4864729775475,1.1177664633725024,10.7,4.0,1616.7,3915.4,0.29223983659008335,50.6,939.3
860,8,hgb,loso,Al Jouf - TVTC,29.77634,40.02318,01-02-2019 00:00,4881.0,4668.725513425189,-212.2744865748109,212.2744865748109,45060.45765059958,4.348995832305079,12.2,3.8,1560.2,6004.0,0.20626107189127735,51.2,939.5
861,8,hgb,loso,Al Jouf - TVTC,29.77634,40.02318,01-05-2019 00:00,7611.7,7760.526063929272,148.8260639292721,148.8260639292721,22149.197304679783,1.9552276617479947,29.8,3.8,2428.0,6984.7,0.2579493662817257,12.7,934.4
862,8,hgb,loso,Al Jouf - TVTC,29.77634,40.02318,01-06-2019 00:00,7742.5,7818.609179932613,76.10917993261319,76.10917993261319,5792.60727001489,0.9830052299982329,33.2,4.3,2163.5,7565.8,0.22236954354372876,14.6,932.0
863,8,hgb,loso,Al Jouf - TVTC,29.77634,40.02318,01-07-2019 00:00,8373.8,8152.835045930745,-220.96495406925442,220.96495406925442,48825.510926827716,2.6387656030625815,33.2,4.4,1571.1,9475.9,0.14221960713315832,14.7,929.6
864,8,hgb,loso,Al Jouf - TVTC,29.77634,40.02318,01-08-2019 00:00,7668.3,7865.077049446048,196.77704944604739,196.77704944604739,38721.20718869218,2.5661104735866798,33.0,4.8,1856.6,8185.3,0.1848853304653502,16.7,930.6
865,8,hgb,loso,Al Jouf - TVTC,29.77634,40.02318,01-09-2019 00:00,6670.0,6894.093663447503,224.09366344750288,224.09366344750288,50217.96999732269,3.3597250891679593,32.0,3.5,1744.2,7326.7,0.19228521976871094,17.4,933.1
866,8,hgb,loso,Al Jouf - TVTC,29.77634,40.02318,01-10-2019 00:00,4920.7,4975.055644340052,54.355644340052095,54.355644340052095,2954.536071622237,1.1046323559666733,26.8,3.1,1912.3,4951.6,0.27860254374335286,30.7,936.8
867,8,hgb,loso,Al Jouf - TVTC,29.77634,40.02318,01-11-2019 00:00,4056.3,3987.577212707672,-68.72278729232812,68.72278729232812,4722.8214932265755,1.694223486732444,17.3,3.2,1383.8,5332.8,0.2060268588273829,43.6,939.5
868,8,hgb,loso,Al Jouf - TVTC,29.77634,40.02318,01-12-2019 00:00,3804.5,4001.4789317459213,196.97893174592127,196.97893174592127,38800.69955176431,5.177524819185734,12.5,2.6,903.1,6460.4,0.12264548108915597,47.4,939.6
869,8,hgb,loso,Al Jouf - TVTC,29.77634,40.02318,01-01-2020 00:00,3948.7,4020.7063170006154,72.00631700061558,72.00631700061558,5184.90968799314,1.8235448882066396,9.2,3.7,1333.4,5488.9,0.1954472831742961,48.9,940.4
870,8,hgb,loso,Al Jouf - TVTC,29.77634,40.02318,01-02-2020 00:00,5013.3,5219.00023767394,205.70023767394014,205.70023767394014,42312.58777911546,4.103090532661922,12.0,4.2,1454.2,6556.0,0.1815435319967042,45.4,939.6
871,8,hgb,loso,Al Jouf - TVTC,29.77634,40.02318,01-03-2020 00:00,6023.0,6176.826313896836,153.82631389683593,153.82631389683593,23662.534847087896,2.5539816353451092,17.3,4.8,2141.1,6048.1,0.26145411029160354,33.1,935.6
872,8,hgb,loso,Al Jouf - TVTC,29.77634,40.02318,01-04-2020 00:00,7187.5,6930.7877577840945,-256.71224221590546,256.71224221590546,65901.17530351771,3.571648587351728,21.9,4.1,2330.6,6828.2,0.25446565052190245,27.7,935.0
873,8,hgb,loso,Al Jouf - TVTC,29.77634,40.02318,01-05-2020 00:00,7638.5,7686.556421640007,48.0564216400071,48.0564216400071,2309.419660842143,0.6291342755777587,28.1,4.2,2581.5,6901.0,0.27223833377273926,15.9,935.0
874,8,hgb,loso,Al Jouf - TVTC,29.77634,40.02318,01-09-2020 00:00,6580.0,6929.409255285751,349.409255285751,349.409255285751,122086.8276793431,5.3101710529749395,33.7,2.8,2126.1,6568.7,0.24452546349542256,11.5,933.6
875,8,hgb,loso,Al Jouf - TVTC,29.77634,40.02318,01-10-2020 00:00,5708.7,5855.268128189486,146.56812818948583,146.56812818948583,21482.216200969553,2.567451927575207,26.1,2.5,1173.8,7846.8,0.1301243819701572,14.1,938.5
876,8,hgb,loso,Al Jouf - TVTC,29.77634,40.02318,01-11-2020 00:00,4067.3,4018.252241922943,-49.0477580770571,49.0477580770571,2405.6825723855195,1.205904606915081,17.6,3.0,1380.2,5315.3,0.20613845119856622,51.3,938.9
877,8,hgb,loso,Al Jouf - TVTC,29.77634,40.02318,01-12-2020 00:00,3380.6,3461.716501224086,81.11650122408628,81.11650122408628,6579.886770837191,2.3994705444029543,12.6,3.3,1274.2,4545.1,0.21896104342446687,58.8,941.1
878,8,hgb,loso,Al Jouf - TVTC,29.77634,40.02318,01-01-2021 00:00,3944.0,4122.864014110301,178.86401411030056,178.86401411030056,31992.3355436498,4.535091635656708,11.5,3.3,1446.4,5145.6,0.21941747572815534,45.9,941.2
879,8,hgb,loso,Al Jouf - TVTC,29.77634,40.02318,01-03-2021 00:00,6384.4,6493.34459762851,108.94459762851056,108.94459762851056,11868.92535243807,1.7064187336086487,18.1,3.9,2155.5,6569.8,0.24704021638224477,27.5,937.1
880,8,hgb,loso,Al Jouf - TVTC,29.77634,40.02318,01-04-2021 00:00,7284.1,7320.09630747625,35.99630747624997,35.99630747624997,1295.7341519247293,0.4941764593601126,23.9,3.5,2225.7,7076.1,0.23927626910920466,17.2,937.3
881,8,hgb,loso,Al Jouf - TVTC,29.77634,40.02318,01-05-2021 00:00,8070.1,8102.858971019458,32.75897101945793,32.75897101945793,1073.1501822536845,0.4059301745883933,30.0,3.7,2289.2,7930.5,0.22399874751705037,12.3,933.4
882,8,hgb,loso,Al Jouf - TVTC,29.77634,40.02318,01-09-2021 00:00,6706.2,6575.243742328452,-130.95625767154797,130.95625767154797,17149.54142333687,1.9527639747032297,30.3,3.2,1641.3,7626.5,0.1770970456850601,18.9,933.6
1459,9,hgb,loso,Al Jubail - SWCC,26.9042,49.76274,01-01-2017 00:00,3548.4,3522.740143382836,-25.659856617164223,25.659856617164223,658.4282416134266,0.7231387841608675,16.8,2.8,1516.8,3907.2,0.279646017699115,72.4,1018.6
1460,9,hgb,loso,Al Jubail - SWCC,26.9042,49.76274,01-02-2017 00:00,3721.4,3482.6767918044284,-238.72320819557171,238.72320819557171,56988.77013118628,6.414876342117798,15.2,0.5,1664.5,3479.3,0.32359345231152065,71.1,1019.5
1461,9,hgb,loso,Al Jubail - SWCC,26.9042,49.76274,01-03-2017 00:00,3973.8,4158.31494572946,184.51494572946012,184.51494572946012,34045.76519754562,4.643287174227694,20.7,0.0,2113.4,2693.2,0.43968709690841756,75.3,1013.7
1462,9,hgb,loso,Al Jubail - SWCC,26.9042,49.76274,01-04-2017 00:00,5835.2,5867.758391923598,32.55839192359781,32.55839192359781,1060.0488846505991,0.5579653126473438,26.4,0.0,2691.2,4230.3,0.3888174528642635,61.6,1010.9
1463,9,hgb,loso,Al Jubail - SWCC,26.9042,49.76274,01-05-2017 00:00,6296.3,6387.646315494162,91.3463154941619,91.3463154941619,8344.149354358962,1.4507935691463543,31.9,0.0,2872.1,4323.0,0.3991744381593028,49.5,1006.2
1464,9,hgb,loso,Al Jubail - SWCC,26.9042,49.76274,01-06-2017 00:00,6948.8,6701.7467686901855,-247.0532313098147,247.0532313098147,61035.2991006208,3.5553366237309274,34.2,0.0,1737.5,6898.8,0.2011856929472112,45.9,1000.6
1465,9,hgb,loso,Al Jubail - SWCC,26.9042,49.76274,01-09-2017 00:00,5878.6,5921.617790360335,43.0177903603344,43.0177903603344,1850.5302874856793,0.7317693049422379,33.3,0.0,2004.8,5499.9,0.26713925939744426,69.1,1004.9
1466,9,hgb,loso,Al Jubail - SWCC,26.9042,49.76274,01-10-2017 00:00,5021.3,5081.235130830278,59.93513083027756,59.93513083027756,3592.219907642487,1.193617804757285,29.9,0.0,1688.5,5317.2,0.24101802817705584,68.8,1010.9
1467,9,hgb,loso,Al Jubail - SWCC,26.9042,49.76274,01-11-2017 00:00,3901.2,3787.6729977668538,-113.52700223314605,113.52700223314605,12888.380236044748,2.910053374170667,24.6,0.0,1591.9,4243.0,0.27282387016058546,63.6,1016.1
1468,9,hgb,loso,Al Jubail - SWCC,26.9042,49.76274,01-03-2018 00:00,5957.0,6058.562285178675,101.56228517867476,101.56228517867476,10314.897770714459,1.704923370466254,23.4,0.0,2331.4,5397.0,0.301666580404741,56.2,1013.4
1469,9,hgb,loso,Al Jubail - SWCC,26.9042,49.76274,01-04-2018 00:00,5482.4,5363.956743423697,-118.4432565763027,118.4432565763027,14028.805028399873,2.160427122725498,25.8,0.0,3245.7,2919.8,0.526429324466791,57.3,1010.2
1470,9,hgb,loso,Al Jubail - SWCC,26.9042,49.76274,01-05-2018 00:00,6604.4,6667.745615503935,63.34561550393573,63.34561550393573,4012.6670035724633,0.9591426246734863,30.3,0.0,3285.3,4260.7,0.43536973230850784,48.8,1007.2
1471,9,hgb,loso,Al Jubail - SWCC,26.9042,49.76274,01-06-2018 00:00,7665.1,7600.153114227131,-64.94688577286979,64.94688577286979,4218.097971594197,0.847306437918224,35.1,0.0,2752.1,6272.2,0.3049654820872533,43.6,1000.0
1472,9,hgb,loso,Al Jubail - SWCC,26.9042,49.76274,01-07-2018 00:00,7378.5,7469.831827577342,91.33182757734176,91.33182757734176,8341.502728617284,1.2378102267038256,35.4,0.0,2726.8,5954.3,0.314107659167617,45.6,996.6
1473,9,hgb,loso,Al Jubail - SWCC,26.9042,49.76274,01-08-2018 00:00,7059.7,6880.2792741555,-179.42072584449943,179.42072584449943,32191.796862567026,2.541478049272624,34.8,0.0,2176.3,6521.7,0.25020694412508626,48.0,998.5
1474,9,hgb,loso,Al Jubail - SWCC,26.9042,49.76274,01-09-2018 00:00,6083.9,6330.03009105779,246.1300910577902,246.1300910577902,60580.02172411609,4.045597249425372,33.1,0.0,2228.5,5429.9,0.2909876736655176,63.5,1005.0
1475,9,hgb,loso,Al Jubail - SWCC,26.9042,49.76274,01-10-2018 00:00,4732.9,4674.069750205169,-58.830249794830706,58.830249794830706,3460.9982909221785,1.2430063976595895,29.4,0.0,2129.6,4037.2,0.3453330738794837,62.0,1012.9
1476,9,hgb,loso,Al Jubail - SWCC,26.9042,49.76274,01-11-2018 00:00,3456.3,3624.4639900592847,168.16399005928452,168.16399005928452,28279.12755265914,4.8654338471569165,23.7,0.0,1734.3,3167.3,0.3538232413905663,66.8,1016.9
1477,9,hgb,loso,Al Jubail - SWCC,26.9042,49.76274,01-12-2018 00:00,3545.2,3653.2539492723395,108.05394927233965,108.05394927233965,11675.655953349351,3.0478943154783837,19.9,0.0,1657.1,3825.6,0.3022415962937968,64.4,1019.3
1478,9,hgb,loso,Al Jubail - SWCC,26.9042,49.76274,01-01-2019 00:00,3651.6,3686.8247744447494,35.22477444474953,35.22477444474953,1240.7847346834794,0.9646394579020027,18.3,0.0,1940.7,3187.0,0.3784737796672972,59.2,1018.9
1479,9,hgb,loso,Al Jubail - SWCC,26.9042,49.76274,01-02-2019 00:00,4125.3,3914.2747471038283,-211.02525289617188,211.02525289617188,44531.657359893296,5.1153916780881845,17.8,0.0,1600.8,4369.5,0.26812722978744785,62.0,1017.9
1480,9,hgb,loso,Al Jubail - SWCC,26.9042,49.76274,01-03-2019 00:00,5465.2,5224.238499223299,-240.96150077670063,240.96150077670063,58062.4448565599,4.409015237808326,19.8,0.0,2306.3,4794.0,0.3248172612424827,57.8,1014.4
1481,9,hgb,loso,Al Jubail - SWCC,26.9042,49.76274,01-04-2019 00:00,5869.6,5785.61706282088,-83.9829371791202,83.9829371791202,7053.1337372320495,1.4308119323143007,24.6,0.0,2808.2,4115.9,0.40556895481001143,54.2,1011.1
1482,9,hgb,loso,Al Jubail - SWCC,26.9042,49.76274,01-05-2019 00:00,6475.5,6549.604132920463,74.10413292046269,74.10413292046269,5491.422515893602,1.1443770044083499,30.8,0.0,2917.2,4605.5,0.38778630013160165,43.9,1007.0
1483,9,hgb,loso,Al Jubail - SWCC,26.9042,49.76274,01-06-2019 00:00,7163.6,7014.904174841203,-148.69582515879756,148.69582515879756,22110.448419655695,2.0757136796973246,35.4,0.0,2053.7,6714.8,0.23421337743057533,41.9,1000.8
1484,9,hgb,loso,Al Jubail - SWCC,26.9042,49.76274,01-07-2019 00:00,6808.1,6533.728894216342,-274.3711057836581,274.3711057836581,75279.5036889473,4.030068679714724,35.6,0.0,2048.9,6179.0,0.24901858311355268,43.0,996.9
1485,9,hgb,loso,Al Jubail - SWCC,26.9042,49.76274,01-08-2019 00:00,6987.8,7116.166905299934,128.36690529993393,128.36690529993393,16478.062376282207,1.8370145868504242,35.0,0.0,2260.6,6317.2,0.26354076802909837,46.0,998.6
1486,9,hgb,loso,Al Jubail - SWCC,26.9042,49.76274,01-09-2019 00:00,6346.6,6053.988157340426,-292.611842659574,292.611842659574,85621.69046463129,4.610529144101944,33.4,0.0,1719.8,6676.0,0.20484051549584317,52.1,1003.8
1487,9,hgb,loso,Al Jubail - SWCC,26.9042,49.76274,01-10-2019 00:00,4976.4,4998.407973497765,22.007973497765306,22.007973497765306,484.3508974783401,0.4422468752062798,31.1,0.0,1954.9,4757.8,0.29122409760603035,56.1,1010.2
1488,9,hgb,loso,Al Jubail - SWCC,26.9042,49.76274,01-11-2019 00:00,3931.9,3861.770154364788,-70.12984563521195,70.12984563521195,4918.195248818656,1.7836121375216039,23.9,0.0,1529.9,4384.7,0.25866499847834173,53.6,1015.9
1489,9,hgb,loso,Al Jubail - SWCC,26.9042,49.76274,01-12-2019 00:00,3531.3,3465.725611652689,-65.57438834731101,65.57438834731101,4300.000407123958,1.8569475362419225,19.6,0.0,1264.3,4553.2,0.21732703051138805,58.7,1018.0
1490,9,hgb,loso,Al Jubail - SWCC,26.9042,49.76274,01-01-2020 00:00,3772.3,3710.083185941636,-62.21681405836398,62.21681405836398,3870.9319515730376,1.6493071616351822,16.6,2.7,1288.1,4840.3,0.21018536649043795,56.6,1018.5
1491,9,hgb,loso,Al Jubail - SWCC,26.9042,49.76274,01-02-2020 00:00,4780.3,4593.725059236955,-186.57494076304556,186.57494076304556,34810.20852073396,3.9029964806193242,18.2,4.1,1833.4,5000.4,0.26828411718224127,54.0,1018.0
1492,9,hgb,loso,Al Jubail - SWCC,26.9042,49.76274,01-03-2020 00:00,5488.2,5349.771832179281,-138.42816782071895,138.42816782071895,19162.35764620113,2.5222872311635682,21.1,4.3,2332.8,4713.9,0.3310485759291584,54.9,1012.8
1493,9,hgb,loso,Al Jubail - SWCC,26.9042,49.76274,01-04-2020 00:00,5407.2,5699.614603293404,292.41460329340407,292.41460329340407,85506.30021923888,5.4078747465121335,26.1,4.2,2869.8,3396.5,0.457973604838581,51.8,1009.7
1494,9,hgb,loso,Al Jubail - SWCC,26.9042,49.76274,01-05-2020 00:00,6894.7,6835.552982864788,-59.14701713521208,59.14701713521208,3498.3696359930714,0.8578620844302448,30.0,3.6,2616.7,5634.3,0.3171373166888862,47.2,1007.0
1495,9,hgb,loso,Al Jubail - SWCC,26.9042,49.76274,01-11-2020 00:00,3905.2,3969.588939557143,64.3889395571432,64.3889395571432,4145.935537293441,1.6488000501163373,24.6,3.5,1498.6,4455.7,0.2516836571889223,58.9,1015.6
1496,9,hgb,loso,Al Jubail - SWCC,26.9042,49.76274,01-12-2020 00:00,3358.2,3614.7055664001255,256.50556640012564,256.50556640012564,65795.10559424927,7.638186123522293,19.0,3.6,1436.2,3841.2,0.27214158487133816,61.7,1019.2
1497,9,hgb,loso,Al Jubail - SWCC,26.9042,49.76274,01-01-2021 00:00,3883.0,3835.8262114564272,-47.173788543572755,47.173788543572755,2225.3663255537163,1.2148799521909028,17.4,3.4,1497.3,4548.5,0.2476595322372556,59.1,1019.3
1498,9,hgb,loso,Al Jubail - SWCC,26.9042,49.76274,01-02-2021 00:00,4494.8,4424.204581446472,-70.59541855352836,70.59541855352836,4983.713120747856,1.5706019968303009,18.4,3.8,1576.0,5087.3,0.23651944231837077,60.0,1017.3
1499,9,hgb,loso,Al Jubail - SWCC,26.9042,49.76274,01-03-2021 00:00,5505.5,5732.838517451768,227.33851745176798,227.33851745176798,51682.80151716782,4.129298291740405,21.9,4.5,2614.9,4175.9,0.385065088060317,52.5,1013.0
1500,9,hgb,loso,Al Jubail - SWCC,26.9042,49.76274,01-04-2021 00:00,6685.9,6597.832845173264,-88.06715482673553,88.06715482673553,7755.823759276207,1.3172071796876341,26.5,4.1,2655.6,5380.8,0.3304464685680155,47.7,1010.4
1501,9,hgb,loso,Al Jubail - SWCC,26.9042,49.76274,01-05-2021 00:00,7350.3,7443.93810755238,93.63810755237955,93.63810755237955,8768.095185991,1.2739358604734439,32.1,3.3,2539.0,6355.7,0.28545088648296174,42.6,1004.8
1502,9,hgb,loso,Al Jubail - SWCC,26.9042,49.76274,01-07-2021 00:00,7340.4,7163.500572233688,-176.89942776631142,176.89942776631142,31293.40754404843,2.4099426157472537,35.9,3.5,2197.9,6751.2,0.24560011621280353,50.2,997.0
1503,9,hgb,loso,Al Jubail - SWCC,26.9042,49.76274,01-08-2021 00:00,6824.9,6339.352421881603,-485.5475781183968,485.5475781183968,235756.45061664065,7.114354468466891,35.5,0.2,2101.2,6325.2,0.24935915693534605,55.2,1000.1
1504,9,hgb,loso,Al Jubail - SWCC,26.9042,49.76274,01-09-2021 00:00,6263.2,6454.9534734723575,191.75347347235765,191.75347347235765,36769.394588714174,3.061589498536813,32.8,0.0,1628.3,6721.8,0.19500365265086644,55.3,1003.5
1505,9,hgb,loso,Al Jubail - SWCC,26.9042,49.76274,01-10-2021 00:00,5176.8,5188.952635529846,12.152635529845611,12.152635529845611,147.6865503212659,0.23475188397940058,29.5,0.0,1558.9,5815.0,0.21140780319776512,58.5,1010.8
1506,9,hgb,loso,Al Jubail - SWCC,26.9042,49.76274,01-11-2021 00:00,4147.8,4099.627628715991,-48.17237128400939,48.17237128400939,2320.577355124452,1.161395710593794,24.0,0.0,1445.8,5032.5,0.22317583316610837,59.0,1014.7
1507,9,hgb,loso,Al Jubail - SWCC,26.9042,49.76274,01-12-2021 00:00,3370.2,3415.8381612655544,45.63816126555457,45.63816126555457,2082.8417637007656,1.3541677427320211,19.1,0.0,1417.7,3890.0,0.2671025114456356,61.1,1018.4
513,10,hgb,loso,Al Khafji - SWCC,28.50676,48.455128,01-02-2017 00:00,3949.1,4182.980422624893,233.88042262489353,233.88042262489353,54700.052087198805,5.922372758980363,12.5,3.5,1788.9,3785.9,0.3208904355313195,47.2,1019.5
514,10,hgb,loso,Al Khafji - SWCC,28.50676,48.455128,01-11-2017 00:00,3938.1,4028.1572859864737,90.05728598647374,90.05728598647374,8110.31475924952,2.2868206999942546,21.5,3.3,1571.4,4407.1,0.26284184996236515,48.1,1016.4
515,10,hgb,loso,Al Khafji - SWCC,28.50676,48.455128,01-03-2018 00:00,5826.0,5125.766174052006,-700.2338259479939,700.2338259479939,490327.41100176534,12.019118193408751,21.5,3.4,2206.8,5403.5,0.2899754280383165,44.9,1013.0
516,10,hgb,loso,Al Khafji - SWCC,28.50676,48.455128,01-04-2018 00:00,5838.9,5780.595544197454,-58.30445580254582,58.30445580254582,3399.4095664310184,0.9985520526562507,24.3,3.7,3234.6,3462.7,0.4829707494064773,51.3,1009.9
517,10,hgb,loso,Al Khafji - SWCC,28.50676,48.455128,01-05-2018 00:00,6759.9,6944.625276309685,184.7252763096858,184.7252763096858,34123.42770768976,2.732662854623379,29.9,3.0,3162.2,4749.9,0.3996663338431011,38.4,1006.9
518,10,hgb,loso,Al Khafji - SWCC,28.50676,48.455128,01-06-2018 00:00,7569.0,7155.700827588617,-413.29917241138264,413.29917241138264,170816.2059159338,5.460419770265328,34.8,3.8,3187.7,5639.7,0.36111425787887713,29.1,1000.0
519,10,hgb,loso,Al Khafji - SWCC,28.50676,48.455128,01-07-2018 00:00,7416.9,7465.957286245763,49.05728624576295,49.05728624576295,2406.617333798723,0.661425747222734,36.4,4.0,2899.6,5875.5,0.3304349807979396,21.6,996.6
520,10,hgb,loso,Al Khafji - SWCC,28.50676,48.455128,01-03-2020 00:00,5678.3,5525.478012983875,-152.8219870161256,152.8219870161256,23354.55971555686,2.6913334451530493,19.3,3.6,2138.4,5343.2,0.2858212147134303,56.6,1012.8
521,10,hgb,loso,Al Khafji - SWCC,28.50676,48.455128,01-04-2020 00:00,6194.9,5956.105474855092,-238.7945251449073,238.7945251449073,57022.82523918177,3.8546953969379216,24.3,3.5,3297.2,3990.5,0.45243355242394717,51.8,1009.8
522,10,hgb,loso,Al Khafji - SWCC,28.50676,48.455128,01-09-2020 00:00,6394.5,6422.4830904229175,27.983090422917485,27.983090422917485,783.0533496171763,0.4376118605507465,33.0,2.7,1898.9,6518.8,0.22558418570393338,40.8,1004.1
523,10,hgb,loso,Al Khafji - SWCC,28.50676,48.455128,01-10-2020 00:00,5466.9,4988.610129910083,-478.2898700899168,478.2898700899168,228761.19983062948,8.748831514933816,26.6,2.5,1368.7,6781.2,0.16794071092896848,42.6,1011.6
524,10,hgb,loso,Al Khafji - SWCC,28.50676,48.455128,01-11-2020 00:00,3736.1,3917.110578423928,181.0105784239281,181.0105784239281,32764.829501365028,4.8449072140448095,22.4,3.6,1507.8,4169.5,0.2655839923907491,56.9,1015.9
525,10,hgb,loso,Al Khafji - SWCC,28.50676,48.455128,01-12-2020 00:00,3067.4,3309.643132653023,242.2431326530227,242.2431326530227,58681.73531754996,7.897344091185457,15.5,3.1,1282.8,3681.1,0.25842583452527246,64.4,1019.5
526,10,hgb,loso,Al Khafji - SWCC,28.50676,48.455128,01-01-2021 00:00,3791.6,3741.246935825538,-50.353064174461906,50.353064174461906,2535.431071757479,1.328016251040772,13.9,2.9,1545.4,4379.7,0.26082260215017466,53.9,1019.7
527,10,hgb,loso,Al Khafji - SWCC,28.50676,48.455128,01-02-2021 00:00,4392.6,4324.211995766755,-68.38800423324574,68.38800423324574,4676.919123006437,1.5568912314630454,16.0,0.0,1477.9,5060.7,0.22602697825222526,57.1,1017.6
528,10,hgb,loso,Al Khafji - SWCC,28.50676,48.455128,01-03-2021 00:00,5763.4,5587.888186545482,-175.51181345451732,175.51181345451732,30804.396662093288,3.0452825320907335,20.1,0.0,2573.5,4760.7,0.3508903493223528,42.5,1013.2
529,10,hgb,loso,Al Khafji - SWCC,28.50676,48.455128,01-04-2021 00:00,6385.6,6365.885633868781,-19.71436613121932,19.71436613121932,388.6562319557675,0.30873161693841333,25.6,0.0,2797.2,4953.7,0.360887122785741,34.3,1010.5
530,10,hgb,loso,Al Khafji - SWCC,28.50676,48.455128,01-05-2021 00:00,7342.1,7404.970984383134,62.87098438313387,62.87098438313387,3952.7606773042635,0.8563079280196929,32.1,0.0,2642.0,6220.9,0.29809655981676425,26.7,1004.7
531,10,hgb,loso,Al Khafji - SWCC,28.50676,48.455128,01-07-2021 00:00,7678.7,7758.576276749168,79.87627674916803,79.87627674916803,6380.219587309681,1.04023176773631,36.7,0.0,2200.3,7293.0,0.23177398797046342,30.0,996.9
532,10,hgb,loso,Al Khafji - SWCC,28.50676,48.455128,01-08-2021 00:00,7239.3,7326.706990744303,87.40699074430268,87.40699074430268,7639.982030974614,1.2073956148288187,35.8,0.0,2172.8,6851.9,0.24076146575509436,33.5,999.9
533,10,hgb,loso,Al Khafji - SWCC,28.50676,48.455128,01-09-2021 00:00,6523.0,6604.0203984767895,81.02039847678952,81.02039847678952,6564.304969337758,1.24207264259987,32.2,0.0,1749.5,6997.5,0.2000114324911398,31.5,1003.5
534,10,hgb,loso,Al Khafji - SWCC,28.50676,48.455128,01-10-2021 00:00,5078.8,5005.0235934806415,-73.77640651935872,73.77640651935872,5442.958158909675,1.4526346089501203,27.6,0.0,1732.2,5432.1,0.2417821699258825,38.1,1011.0
1068,11,hgb,loso,Al Qunfudhah - TVTC,19.15197,41.08111,01-01-2017 00:00,4603.3,4491.065044908469,-112.23495509153145,112.23495509153145,12596.685144398081,2.4381412267619194,26.5,2.3,1731.3,4826.3,0.26401427351470047,76.5,1012.8
1069,11,hgb,loso,Al Qunfudhah - TVTC,19.15197,41.08111,01-02-2017 00:00,4068.8,4365.138345728136,296.3383457281361,296.3383457281361,87816.41514888834,7.28318781282285,26.4,2.5,2493.3,2316.6,0.5183683652466788,71.1,1012.0
1070,11,hgb,loso,Al Qunfudhah - TVTC,19.15197,41.08111,01-03-2017 00:00,5175.3,5399.58853917499,224.28853917498964,224.28853917498964,50305.34880525086,4.333826815353499,28.0,2.6,2617.2,3455.6,0.4309708865762087,72.8,1008.9
1071,11,hgb,loso,Al Qunfudhah - TVTC,19.15197,41.08111,01-04-2017 00:00,6063.9,6023.829683196276,-40.07031680372347,40.07031680372347,1605.6302887507636,0.6608010818734391,30.6,2.6,2708.7,4292.5,0.3868908187167914,65.0,1007.7
1072,11,hgb,loso,Al Qunfudhah - TVTC,19.15197,41.08111,01-05-2017 00:00,5961.5,5987.226244675181,25.72624467518108,25.72624467518108,661.8396650872828,0.431539791582338,32.1,2.9,2791.6,3960.8,0.41342337539245305,71.3,1006.0
1073,11,hgb,loso,Al Qunfudhah - TVTC,19.15197,41.08111,01-06-2017 00:00,5946.6,5727.774894812431,-218.82510518756953,218.82510518756953,47884.42666035087,3.6798356235087195,32.6,2.9,2959.5,3624.0,0.44953292321713373,74.7,1002.2
1074,11,hgb,loso,Al Qunfudhah - TVTC,19.15197,41.08111,01-09-2017 00:00,5957.8,6115.23302289685,157.43302289685016,157.43302289685016,24785.156698440147,2.642469080815908,32.2,2.8,3070.0,3642.6,0.4573488663111164,79.4,1004.5
1075,11,hgb,loso,Al Qunfudhah - TVTC,19.15197,41.08111,01-10-2017 00:00,5667.9,5616.537459854882,-51.36254014511724,51.36254014511724,2638.11053015878,0.9062005353855438,30.5,2.5,2091.8,5201.7,0.2868033180228971,78.4,1007.8
1076,11,hgb,loso,Al Qunfudhah - TVTC,19.15197,41.08111,01-11-2017 00:00,4737.6,4800.514194771079,62.914194771078655,62.914194771078655,3958.1959036932208,1.3279760801055103,29.1,2.3,1912.1,4619.1,0.2927639637432631,74.2,1010.4
1077,11,hgb,loso,Al Qunfudhah - TVTC,19.15197,41.08111,01-12-2017 00:00,4548.6,4730.6426511868085,182.04265118680814,182.04265118680814,33139.526851121904,4.002168825282683,26.7,2.1,1658.6,5033.8,0.2478333632179786,73.0,1013.3
1078,11,hgb,loso,Al Qunfudhah - TVTC,19.15197,41.08111,01-03-2018 00:00,6486.4,6176.463868573167,-309.9361314268326,309.9361314268326,96060.40556383086,4.778245736106817,27.8,2.3,2263.3,5829.9,0.2796545247862403,71.9,1009.3
1079,11,hgb,loso,Al Qunfudhah - TVTC,19.15197,41.08111,01-04-2018 00:00,6652.1,6665.809466690184,13.709466690183945,13.709466690183945,187.9494769292631,0.20609231205459846,30.2,2.5,2627.6,5211.2,0.3352043680155126,70.7,1006.9
1080,11,hgb,loso,Al Qunfudhah - TVTC,19.15197,41.08111,01-05-2018 00:00,6919.4,6805.645179927334,-113.754820072666,113.754820072666,12940.159089764617,1.6439983246042436,31.8,2.6,3245.1,4602.4,0.41352022937241156,70.7,1004.8
1081,11,hgb,loso,Al Qunfudhah - TVTC,19.15197,41.08111,01-06-2018 00:00,6298.2,6005.891907449857,-292.30809255014265,292.30809255014265,85444.02097030276,4.64113703201141,32.7,3.2,3832.3,2975.4,0.5629360870778677,72.1,1002.3
1082,11,hgb,loso,Al Qunfudhah - TVTC,19.15197,41.08111,01-07-2018 00:00,6173.5,5975.432291202541,-198.0677087974591,198.0677087974591,39230.81726827505,3.208353588684848,32.7,3.5,3603.3,3098.7,0.537645478961504,69.2,1002.6
1083,11,hgb,loso,Al Qunfudhah - TVTC,19.15197,41.08111,01-08-2018 00:00,6225.0,6031.563956702728,-193.43604329727168,193.43604329727168,37417.502846503965,3.1074063180284606,33.0,3.5,3379.3,3438.1,0.4956875055006308,74.3,1002.8
1084,11,hgb,loso,Al Qunfudhah - TVTC,19.15197,41.08111,01-09-2018 00:00,5957.2,5808.777068315958,-148.42293168404194,148.42293168404194,22029.36664968578,2.4914881434909346,32.7,2.3,3243.1,3374.2,0.4900941471597178,80.7,1005.0
1085,11,hgb,loso,Al Qunfudhah - TVTC,19.15197,41.08111,01-10-2018 00:00,5391.0,5681.131838665034,290.1318386650337,290.1318386650337,84176.48380715314,5.381781462901756,30.8,1.8,2299.3,4418.2,0.3422850762932639,74.8,1008.8
1086,11,hgb,loso,Al Qunfudhah - TVTC,19.15197,41.08111,01-11-2018 00:00,4418.4,4584.387188366215,165.98718836621538,165.98718836621538,27551.746701721466,3.756726153499353,29.1,1.6,2037.1,3856.6,0.3456402599385785,75.7,1010.4
1087,11,hgb,loso,Al Qunfudhah - TVTC,19.15197,41.08111,01-12-2018 00:00,4109.2,4386.082946727455,276.8829467274554,276.8829467274554,76664.16618847892,6.738122912670481,27.5,1.6,2033.3,3567.0,0.3630698355445244,77.8,1012.5
1088,11,hgb,loso,Al Qunfudhah - TVTC,19.15197,41.08111,01-01-2019 00:00,4616.3,4600.316222147598,-15.983777852402454,15.983777852402454,255.4811544349512,0.3462465145766621,26.8,1.6,2196.5,3983.3,0.3554322146347778,79.1,1012.9
1089,11,hgb,loso,Al Qunfudhah - TVTC,19.15197,41.08111,01-02-2019 00:00,4805.2,4582.297355232566,-222.90264476743414,222.90264476743414,49685.589044316934,4.638779754587408,26.6,2.0,2694.3,3153.1,0.46076888873687455,75.9,1011.7
1090,11,hgb,loso,Al Qunfudhah - TVTC,19.15197,41.08111,01-03-2019 00:00,6154.0,5999.348292656931,-154.65170734306867,154.65170734306867,23917.150584126157,2.5130274186393997,26.9,2.3,2688.8,4702.5,0.3637790375170809,71.5,1010.3
1091,11,hgb,loso,Al Qunfudhah - TVTC,19.15197,41.08111,01-04-2019 00:00,6536.0,6473.360921851833,-62.639078148166845,62.639078148166845,3923.654111252153,0.9583702287051231,29.8,2.0,2894.4,4666.4,0.3828166331605122,71.1,1007.6
1092,11,hgb,loso,Al Qunfudhah - TVTC,19.15197,41.08111,01-05-2019 00:00,6425.8,6351.977435313857,-73.82256468614287,73.82256468614287,5449.771056839748,1.1488462866280131,32.6,2.2,2897.1,4598.5,0.3865067506270345,60.9,1006.1
1093,11,hgb,loso,Al Qunfudhah - TVTC,19.15197,41.08111,01-06-2019 00:00,6387.9,6020.282855687146,-367.61714431285327,367.61714431285327,135142.36479273718,5.754898234362674,33.3,2.9,3510.2,3458.7,0.5036949877312058,73.4,1002.6
1094,11,hgb,loso,Al Qunfudhah - TVTC,19.15197,41.08111,01-07-2019 00:00,6463.4,6033.309690382259,-430.0903096177408,430.0903096177408,184977.67442708413,6.6542424980310795,33.0,3.3,3579.8,3504.5,0.5053145688353119,70.0,1001.2
1095,11,hgb,loso,Al Qunfudhah - TVTC,19.15197,41.08111,01-08-2019 00:00,6034.5,5828.3062443778645,-206.19375562213554,206.19375562213554,42515.864857560955,3.416915330551588,32.9,3.4,3219.6,3438.2,0.4835831656102617,76.4,1003.8
1096,11,hgb,loso,Al Qunfudhah - TVTC,19.15197,41.08111,01-09-2019 00:00,5989.8,5940.520401219449,-49.27959878055117,49.27959878055117,2428.4788559721,0.8227252793173591,32.1,2.5,2896.6,3898.3,0.4262903059647677,82.2,1003.8
1097,11,hgb,loso,Al Qunfudhah - TVTC,19.15197,41.08111,01-10-2019 00:00,5564.8,5335.019855185783,-229.78014481421724,229.78014481421724,52798.91495084264,4.129171665005341,30.9,1.8,2124.4,4919.2,0.30160713271622464,77.3,1008.3
1098,11,hgb,loso,Al Qunfudhah - TVTC,19.15197,41.08111,01-11-2019 00:00,4206.5,4192.078026939374,-14.421973060626442,14.421973060626442,207.99330696143483,0.3428497102252809,28.7,1.4,1795.2,3890.5,0.31573948678263014,80.4,1009.6
1099,11,hgb,loso,Al Qunfudhah - TVTC,19.15197,41.08111,01-12-2019 00:00,4460.9,4449.938874038043,-10.961125961956895,10.961125961956895,120.14628235388548,0.24571557223781962,27.6,1.8,1773.5,4714.4,0.273355014719709,79.0,1011.6
1100,11,hgb,loso,Al Qunfudhah - TVTC,19.15197,41.08111,01-01-2020 00:00,4132.0,4005.709866237148,-126.29013376285184,126.29013376285184,15949.19788583901,3.0563923950351364,20.2,2.1,1493.0,4790.6,0.23760264816347315,62.9,1016.4
1101,11,hgb,loso,Al Qunfudhah - TVTC,19.15197,41.08111,01-02-2020 00:00,5069.8,4692.193477334652,-377.60652266534817,377.60652266534817,142586.6859594161,7.448154220390315,26.2,1.6,2509.8,3741.1,0.4015101825337152,79.0,1012.7
1102,11,hgb,loso,Al Qunfudhah - TVTC,19.15197,41.08111,01-03-2020 00:00,5969.4,5940.140557511231,-29.2594424887684,29.2594424887684,856.1149747535455,0.4901571764125105,27.1,1.2,2971.8,3975.4,0.4277694610778443,78.1,1009.3
1103,11,hgb,loso,Al Qunfudhah - TVTC,19.15197,41.08111,01-04-2020 00:00,6822.3,6697.644305612162,-124.6556943878386,124.6556943878386,15539.042143314215,1.8271799010280785,29.8,2.5,2477.4,5643.0,0.3050834934239693,74.4,1007.8
1104,11,hgb,loso,Al Qunfudhah - TVTC,19.15197,41.08111,01-05-2020 00:00,6685.0,6585.876003993079,-99.1239960069206,99.1239960069206,9825.566584380013,1.4827822888095827,32.1,3.0,2890.0,4756.6,0.377945753668297,73.0,1006.0
1105,11,hgb,loso,Al Qunfudhah - TVTC,19.15197,41.08111,01-10-2020 00:00,5807.6,5768.595839523884,-39.00416047611634,39.00416047611634,1521.324534446636,0.6716054906694046,30.6,2.3,1839.5,5788.0,0.24116683054736152,78.8,1007.5
1106,11,hgb,loso,Al Qunfudhah - TVTC,19.15197,41.08111,01-11-2020 00:00,4494.5,4457.319361828689,-37.18063817131133,37.18063817131133,1382.399854825973,0.8272474840652204,29.2,2.3,1828.7,4301.2,0.29832460562162516,80.0,1010.2
1107,11,hgb,loso,Al Qunfudhah - TVTC,19.15197,41.08111,01-12-2020 00:00,4492.0,4588.475132575988,96.47513257598803,96.47513257598803,9307.451205554466,2.1477099861083713,27.4,2.1,1638.6,5006.1,0.24660255542010923,82.9,1011.5
1108,11,hgb,loso,Al Qunfudhah - TVTC,19.15197,41.08111,01-01-2021 00:00,4590.6,4371.37972440846,-219.22027559154049,219.22027559154049,48057.52923043096,4.775416625093462,26.2,2.1,1968.1,4364.5,0.3107886176294097,83.6,1011.8
1109,11,hgb,loso,Al Qunfudhah - TVTC,19.15197,41.08111,01-02-2021 00:00,5038.1,4913.845385928645,-124.25461407135572,124.25461407135572,15439.20911802155,2.4662990824190807,26.0,2.6,2207.1,4209.1,0.3439886537202705,79.0,1011.5
1110,11,hgb,loso,Al Qunfudhah - TVTC,19.15197,41.08111,01-04-2021 00:00,6796.6,6747.571178199645,-49.02882180035522,49.02882180035522,2403.825367130987,0.721372771685184,29.6,2.5,2874.2,4925.7,0.3684919037423557,72.7,1007.5
1111,11,hgb,loso,Al Qunfudhah - TVTC,19.15197,41.08111,01-07-2021 00:00,5840.7,5605.219834424593,-235.48016557540723,235.48016557540723,55450.908379421206,4.0317113629429215,33.1,3.6,3441.2,2969.5,0.5367900541282543,74.3,1001.1
1112,11,hgb,loso,Al Qunfudhah - TVTC,19.15197,41.08111,01-10-2021 00:00,5500.6,6003.548797832594,502.9487978325933,502.9487978325933,252957.4932412508,9.143526121379363,30.6,0.0,2343.9,4448.1,0.3450971731448763,86.1,1007.4
430,12,hgb,loso,Al Uwayqilah,30.327166,42.253735,01-04-2021 00:00,6817.4,6699.790902568543,-117.60909743145658,117.60909743145658,13831.899798641845,1.7251312440440136,24.9,3.9,2497.5,6127.0,0.2895820047538988,19.4,963.8
431,12,hgb,loso,Al Uwayqilah,30.327166,42.253735,01-10-2021 00:00,4938.5,5169.76943646626,231.26943646626023,231.26943646626023,53485.552243421575,4.682989500177386,26.6,3.2,1705.0,5423.6,0.2391773980865808,22.2,963.8
432,12,hgb,loso,Al Uwayqilah,30.327166,42.253735,01-11-2021 00:00,3868.8,3948.7675381146028,79.96753811460258,79.96753811460258,6394.807152110416,2.0669855798853023,17.9,3.1,1358.3,4998.1,0.21369013907243092,37.7,967.4
433,12,hgb,loso,Al Uwayqilah,30.327166,42.253735,01-12-2021 00:00,3175.3,3204.7154693950256,29.41546939502541,29.41546939502541,865.2698397296766,0.9263839446674459,12.7,2.9,1420.0,3801.5,0.2719525040697118,47.4,968.6
1422,13,hgb,loso,Al Wajh - TVTC,26.256,36.443,01-01-2017 00:00,4200.7,4051.84874026503,-148.85125973496997,148.85125973496997,22156.697524687494,3.543487031565453,19.5,2.9,1323.6,5446.0,0.19552115339163317,47.2,1013.9
1423,13,hgb,loso,Al Wajh - TVTC,26.256,36.443,01-02-2017 00:00,5057.4,4921.895378957805,-135.50462104219423,135.50462104219423,18361.502323788667,2.6793336703087407,19.3,3.0,1525.6,6045.2,0.20151106884345116,35.9,1014.3
1424,13,hgb,loso,Al Wajh - TVTC,26.256,36.443,01-03-2017 00:00,5541.5,5459.841699236496,-81.65830076350358,81.65830076350358,6668.078083582809,1.47357756498247,21.7,2.9,1725.0,5803.6,0.22912626517546422,52.4,1009.5
1425,13,hgb,loso,Al Wajh - TVTC,26.256,36.443,01-11-2017 00:00,4630.7,4490.501898878592,-140.1981011214075,140.1981011214075,19655.5075580484,3.0275790079557625,24.2,2.6,1275.5,6355.6,0.16714497254655292,50.1,1011.1
1426,13,hgb,loso,Al Wajh - TVTC,26.256,36.443,01-03-2018 00:00,6522.6,6798.632430854289,276.0324308542886,276.0324308542886,76193.90288332761,4.231938657196341,24.1,2.7,1793.9,7248.1,0.19839637248396375,55.3,1009.5
1427,13,hgb,loso,Al Wajh - TVTC,26.256,36.443,01-04-2018 00:00,7375.2,7288.753791633973,-86.44620836602644,86.44620836602644,7472.94694086246,1.1721201915341475,25.3,2.7,2354.4,6860.2,0.25550756408308556,56.4,1007.2
1428,13,hgb,loso,Al Wajh - TVTC,26.256,36.443,01-05-2018 00:00,7155.7,6805.7173707187,-349.9826292812995,349.9826292812995,122487.84079865154,4.890962858718218,29.8,2.8,2985.8,5446.4,0.35409501672161475,48.4,1005.1
1429,13,hgb,loso,Al Wajh - TVTC,26.256,36.443,01-06-2018 00:00,8075.8,7080.939783444159,-994.8602165558414,994.8602165558414,989746.8504855356,12.319029898658231,30.1,3.1,2297.0,7721.7,0.22927126273867865,58.8,1003.2
1430,13,hgb,loso,Al Wajh - TVTC,26.256,36.443,01-01-2019 00:00,3929.6,3944.240926709665,14.64092670966511,14.64092670966511,214.3567349177852,0.37258058605621713,19.5,2.6,1595.7,4439.3,0.2644076222038111,49.8,1014.0
1431,13,hgb,loso,Al Wajh - TVTC,26.256,36.443,01-02-2019 00:00,5101.3,5268.679807102029,167.3798071020292,167.3798071020292,28015.999825512503,3.2811206379163975,20.5,2.9,1733.3,5780.7,0.23067607133351078,43.8,1013.3
1432,13,hgb,loso,Al Wajh - TVTC,26.256,36.443,01-03-2019 00:00,6392.0,6431.928498192759,39.928498192759434,39.928498192759434,1594.2849679291935,0.62466361377909,20.9,3.1,1869.6,6942.3,0.21216763694549415,44.3,1011.8
1433,13,hgb,loso,Al Wajh - TVTC,26.256,36.443,01-07-2019 00:00,8071.9,7152.553885422077,-919.3461145779229,919.3461145779229,845197.2783895233,11.389463627868569,30.5,2.6,1699.1,8707.4,0.16327295440349782,65.1,1002.0
1434,13,hgb,loso,Al Wajh - TVTC,26.256,36.443,01-08-2019 00:00,7581.2,6581.508874842233,-999.6911251577667,999.6911251577667,999382.3457192015,13.18644970661329,31.1,2.6,1678.4,8204.4,0.16983041243372327,65.5,1003.5
1435,13,hgb,loso,Al Wajh - TVTC,26.256,36.443,01-11-2019 00:00,4649.9,4596.8214488028325,-53.078551197167144,53.078551197167144,2817.3325971902937,1.1414987676545119,25.9,2.4,1294.0,6403.2,0.16811308008106846,47.3,1010.2
1436,13,hgb,loso,Al Wajh - TVTC,26.256,36.443,01-02-2020 00:00,5416.4,5465.3174662300025,48.9174662300029,48.9174662300029,2392.918502363474,0.9031361463334115,19.2,2.8,1261.4,7373.9,0.1460748323740924,49.1,1014.7
1437,13,hgb,loso,Al Wajh - TVTC,26.256,36.443,01-04-2020 00:00,7491.1,7381.063359999827,-110.03664000017307,110.03664000017307,12108.062142527688,1.4688982926429104,23.9,2.9,2108.3,7510.5,0.21918534536532627,56.7,1008.6
1438,13,hgb,loso,Al Wajh - TVTC,26.256,36.443,01-01-2021 00:00,4163.9,5070.535440753962,906.635440753962,906.635440753962,821987.822431131,21.77370832041985,21.4,0.0,933.3,6264.0,0.12967362761035386,46.8,1013.6
1439,13,hgb,loso,Al Wajh - TVTC,26.256,36.443,01-04-2021 00:00,7780.5,7591.915317928617,-188.5846820713832,188.5846820713832,35564.18231196469,2.4238118639082735,25.0,0.0,2188.7,7759.7,0.22000522697117122,56.0,1008.7
1440,13,hgb,loso,Al Wajh - TVTC,26.256,36.443,01-07-2021 00:00,8133.6,7894.920289946642,-238.67971005335858,238.67971005335858,56968.00399115532,2.9344903862171554,30.3,0.0,2075.4,8229.8,0.2013934712572294,64.9,1001.1
675,14,hgb,loso,Arar - TVTC,31.027395,40.906419,01-01-2017 00:00,3512.9,3583.0925402558382,70.19254025583814,70.19254025583814,4926.992707567458,1.9981365895937298,8.1,2.8,1302.8,4734.2,0.21580255093589532,50.1,952.2
676,14,hgb,loso,Arar - TVTC,31.027395,40.906419,01-02-2017 00:00,4507.6,4515.214067697459,7.6140676974582675,7.6140676974582675,57.974026901477444,0.16891622365467804,9.0,3.4,1425.7,5677.6,0.2007095293736714,27.3,952.7
677,14,hgb,loso,Arar - TVTC,31.027395,40.906419,01-03-2017 00:00,5568.1,5446.020494811428,-122.07950518857251,122.07950518857251,14903.405587086703,2.1924804724874285,16.2,4.1,2247.0,5276.1,0.2986800653985724,41.1,946.8
678,14,hgb,loso,Arar - TVTC,31.027395,40.906419,01-04-2017 00:00,6069.7,5901.5772841006,-168.12271589939974,168.12271589939974,28265.247601390278,2.7698686244690798,21.7,4.0,2775.9,4632.1,0.3747165226781858,26.0,947.9
679,14,hgb,loso,Arar - TVTC,31.027395,40.906419,01-05-2017 00:00,7301.0,7294.28459244996,-6.715407550040254,6.715407550040254,45.09669856313765,0.09197928434516169,28.4,4.1,2414.8,6512.4,0.2704991486692356,15.7,944.8
680,14,hgb,loso,Arar - TVTC,31.027395,40.906419,01-11-2017 00:00,3901.3,4480.7585435310375,579.4585435310373,579.4585435310373,335772.2036711111,14.852960385795436,16.7,3.3,1737.8,4327.1,0.286533990667612,40.2,950.5
681,14,hgb,loso,Arar - TVTC,31.027395,40.906419,01-03-2018 00:00,6026.1,6216.999462788175,190.8994627881748,190.8994627881748,36442.60489281373,3.16787744624508,20.6,3.6,2377.8,5717.1,0.29374050327984286,23.7,947.5
682,14,hgb,loso,Arar - TVTC,31.027395,40.906419,01-04-2018 00:00,6818.8,6961.804400382102,143.00440038210218,143.00440038210218,20450.258528644586,2.097207725437059,22.0,3.9,2498.6,6174.8,0.28807618696243686,27.2,945.0
683,14,hgb,loso,Arar - TVTC,31.027395,40.906419,01-05-2018 00:00,7092.7,7114.078653162773,21.378653162772935,21.378653162772935,457.0468110541412,0.3014176993637534,27.3,4.3,2895.7,5711.9,0.3364120079929365,25.5,944.0
684,14,hgb,loso,Arar - TVTC,31.027395,40.906419,01-06-2018 00:00,8380.7,8183.08923133144,-197.61076866856092,197.61076866856092,39050.0158937795,2.3579267682718736,32.0,4.5,2239.0,8282.5,0.21280235707836334,15.4,941.4
685,14,hgb,loso,Arar - TVTC,31.027395,40.906419,01-07-2018 00:00,8347.3,8104.475728037033,-242.82427196296612,242.82427196296612,58963.627054344535,2.9090157531533087,33.6,4.4,1892.3,8928.8,0.17487131622478308,15.0,939.0
686,14,hgb,loso,Arar - TVTC,31.027395,40.906419,01-08-2018 00:00,7877.4,7618.638588210883,-258.7614117891162,258.7614117891162,66957.46823109657,3.2848580977113793,33.2,3.9,1359.3,9382.7,0.12654068143734873,17.0,940.1
687,14,hgb,loso,Arar - TVTC,31.027395,40.906419,01-11-2018 00:00,3071.3,3231.720140006757,160.4201400067568,160.4201400067568,25734.621319787457,5.223199948124794,14.7,2.6,1513.2,3155.0,0.3241506362195279,75.0,950.6
688,14,hgb,loso,Arar - TVTC,31.027395,40.906419,01-12-2018 00:00,3390.0,3527.6668845631607,137.6668845631607,137.6668845631607,18952.17110532661,4.060970046110935,11.7,2.7,1226.3,4918.7,0.19956061838893407,66.5,951.8
689,14,hgb,loso,Arar - TVTC,31.027395,40.906419,01-01-2019 00:00,3484.3,3538.198312439853,53.898312439852816,53.898312439852816,2905.028083863993,1.5468906936788684,9.2,3.7,1518.7,4083.5,0.2710899289564814,55.5,950.5
690,14,hgb,loso,Arar - TVTC,31.027395,40.906419,01-02-2019 00:00,4767.2,4539.843233305814,-227.35676669418626,227.35676669418626,51691.099361634646,4.769188762673818,11.2,3.2,1491.0,6024.6,0.19838735430304966,54.4,950.6
691,14,hgb,loso,Arar - TVTC,31.027395,40.906419,01-03-2019 00:00,5977.9,6051.398562907287,73.49856290728712,73.49856290728712,5402.038749436442,1.229504724188881,14.4,4.3,1759.4,6874.0,0.20378993212407628,38.3,947.3
692,14,hgb,loso,Arar - TVTC,31.027395,40.906419,01-04-2019 00:00,6677.9,6352.998973880861,-324.9010261191388,324.9010261191388,105560.67677326931,4.865317332082523,19.4,3.8,2353.1,6130.7,0.27736391711261466,33.3,946.8
693,14,hgb,loso,Arar - TVTC,31.027395,40.906419,01-05-2019 00:00,7228.4,7279.652931881383,51.25293188138312,51.25293188138312,2626.8630264376984,0.7090494698879851,29.5,4.1,2436.9,6413.1,0.27535593220338983,13.8,944.8
694,14,hgb,loso,Arar - TVTC,31.027395,40.906419,01-06-2019 00:00,7792.8,7821.529368530799,28.729368530798638,28.729368530798638,825.3766161784431,0.3686655442305543,33.8,4.4,2142.5,7696.6,0.2177536563303554,13.0,941.8
695,14,hgb,loso,Arar - TVTC,31.027395,40.906419,01-07-2019 00:00,8295.1,7868.618676026812,-426.4813239731884,426.4813239731884,181886.3196979237,5.141364467856787,33.9,4.0,1512.2,9517.0,0.1371087658216371,13.0,939.1
696,14,hgb,loso,Arar - TVTC,31.027395,40.906419,01-08-2019 00:00,7449.2,7664.127965101071,214.9279651010711,214.9279651010711,46194.03018248724,2.8852489542644997,34.2,4.6,1847.9,7884.0,0.18988070161016865,14.7,939.9
697,14,hgb,loso,Arar - TVTC,31.027395,40.906419,01-09-2019 00:00,6579.7,6730.669829232957,150.96982923295764,150.96982923295764,22791.88933862839,2.294478915952971,31.8,3.5,1730.1,7316.8,0.19123677723861213,16.0,943.2
698,14,hgb,loso,Arar - TVTC,31.027395,40.906419,01-10-2019 00:00,4677.5,4732.989223035548,55.48922303554809,55.48922303554809,3079.053873088801,1.186300866607121,25.9,3.3,1919.6,4585.6,0.2950870073172231,33.3,947.2
699,14,hgb,loso,Arar - TVTC,31.027395,40.906419,01-11-2019 00:00,3861.5,4028.0812655510504,166.58126555105036,166.58126555105036,27749.31803258956,4.313900441565463,16.3,3.3,1386.6,5025.0,0.21626427100879653,42.8,950.9
700,14,hgb,loso,Arar - TVTC,31.027395,40.906419,01-12-2019 00:00,3586.5,3705.2244181739366,118.72441817393656,118.72441817393656,14095.487470739758,3.310314183017888,11.3,2.7,1018.9,5810.8,0.14918664070164137,52.7,950.5
701,14,hgb,loso,Arar - TVTC,31.027395,40.906419,01-12-2020 00:00,3033.7,3373.7087233557368,340.00872335573695,340.00872335573695,115605.93195799807,11.20772401212173,11.1,2.2,1135.5,4234.8,0.21144070163678005,60.2,952.3
702,14,hgb,loso,Arar - TVTC,31.027395,40.906419,01-01-2021 00:00,3818.0,3992.8371440862625,174.83714408626247,174.83714408626247,30568.026952240503,4.5792861206459525,10.3,2.6,1205.0,5599.4,0.17709129386867323,45.0,952.5
703,14,hgb,loso,Arar - TVTC,31.027395,40.906419,01-02-2021 00:00,4494.1,4865.77115862704,371.6711586270394,371.6711586270394,138139.4501551659,8.27020223464185,12.8,4.0,1431.8,5623.1,0.2029511403421735,47.6,950.9
704,14,hgb,loso,Arar - TVTC,31.027395,40.906419,01-03-2021 00:00,6031.2,6148.995962531065,117.79596253106502,117.79596253106502,13875.888788620074,1.953109870855966,17.6,3.9,2035.0,6328.9,0.24330754791425055,26.8,947.7
705,14,hgb,loso,Arar - TVTC,31.027395,40.906419,01-04-2021 00:00,7221.9,7216.417838755852,-5.482161244147392,5.482161244147392,30.054091906831676,0.07591023476020704,23.8,3.5,2373.1,6738.1,0.26045965405215554,16.2,947.8
706,14,hgb,loso,Arar - TVTC,31.027395,40.906419,01-05-2021 00:00,7981.5,7921.085571240841,-60.41442875915891,60.41442875915891,3649.903202295487,0.7569307618763254,30.2,3.8,2280.7,7801.8,0.22620381849739646,11.4,943.1
707,14,hgb,loso,Arar - TVTC,31.027395,40.906419,01-07-2021 00:00,8315.8,7808.743365780064,-507.0566342199354,507.0566342199354,257106.43030644936,6.09750876908939,35.7,4.1,1694.9,9161.6,0.15611845438216737,12.6,938.1
708,14,hgb,loso,Arar - TVTC,31.027395,40.906419,01-09-2021 00:00,6632.8,6883.816290940979,251.01629094097916,251.01629094097916,63009.178317766295,3.7844694690172953,30.3,2.6,1476.5,7933.3,0.15691088014623053,17.3,943.7
709,14,hgb,loso,Arar - TVTC,31.027395,40.906419,01-10-2021 00:00,5192.8,5444.896057712927,252.09605771292718,252.09605771292718,63552.42231439951,4.854723034064997,25.3,2.5,1552.1,6211.4,0.19992271527017452,19.4,947.9
710,14,hgb,loso,Arar - TVTC,31.027395,40.906419,01-11-2021 00:00,3895.1,4139.526048965379,244.42604896537932,244.42604896537932,59744.09341282601,6.27521883816537,17.2,1.7,1242.6,5412.9,0.1867027270678386,35.3,950.9
711,14,hgb,loso,Arar - TVTC,31.027395,40.906419,01-12-2021 00:00,3266.2,3557.404011832137,291.204011832137,291.204011832137,84799.77650713138,8.91568219435849,11.6,2.3,1379.0,4174.4,0.2483163467425361,43.8,951.7
234,15,hgb,loso,Dammam - IAFU,26.394974,50.188715,01-01-2017 00:00,3406.4,3451.18360594383,44.783605943830025,44.783605943830025,2005.571361332248,1.3146901697930373,16.9,3.1,1650.3,3329.7,0.33138554216867466,61.2,1016.7
235,15,hgb,loso,Dammam - IAFU,26.394974,50.188715,01-02-2017 00:00,3697.9,3706.7835681497368,8.883568149736675,8.883568149736675,78.91778307101589,0.240232784816698,15.3,3.1,1811.4,3093.4,0.3693116946664492,59.1,1017.7
236,15,hgb,loso,Dammam - IAFU,26.394974,50.188715,01-03-2017 00:00,4194.0,4558.9383273228605,364.93832732286046,364.93832732286046,133179.98274920724,8.701438419715318,20.5,2.8,2367.4,2678.7,0.4691543964645964,61.7,1012.0
237,15,hgb,loso,Dammam - IAFU,26.394974,50.188715,01-04-2017 00:00,6012.5,6051.100819832556,38.600819832556226,38.600819832556226,1490.0232917454662,0.6420094774645526,26.9,3.3,2837.3,4293.9,0.39787132600403863,43.3,1009.4
238,15,hgb,loso,Dammam - IAFU,26.394974,50.188715,01-05-2017 00:00,5818.6,6159.565547656428,340.9655476564276,340.9655476564276,116257.50468864759,5.859924168295253,32.3,3.6,2971.0,3669.4,0.44741280645744236,34.6,1004.7
239,15,hgb,loso,Dammam - IAFU,26.394974,50.188715,01-09-2017 00:00,6432.2,6695.792703778571,263.5927037785714,263.5927037785714,69481.11348529768,4.098017844261238,33.6,2.2,2215.5,5997.2,0.26976511987531504,54.6,1003.5
240,15,hgb,loso,Dammam - IAFU,26.394974,50.188715,01-11-2017 00:00,4137.7,4182.636328834651,44.93632883465125,44.93632883465125,2019.2736491359092,1.086021916394404,24.5,2.6,1651.3,4544.7,0.26651065203357005,51.5,1014.5
241,15,hgb,loso,Dammam - IAFU,26.394974,50.188715,01-03-2018 00:00,6251.9,6337.408226041436,85.5082260414365,85.5082260414365,7311.656720753399,1.3677158310503448,23.8,2.7,2315.9,5841.9,0.2838878128907304,44.6,1011.7
242,15,hgb,loso,Dammam - IAFU,26.394974,50.188715,01-04-2018 00:00,5642.3,5627.544417150003,-14.755582849997154,14.755582849997154,217.72722524313014,0.2615171623273692,25.9,3.1,3132.6,3279.8,0.4885222381635581,47.7,1008.5
243,15,hgb,loso,Dammam - IAFU,26.394974,50.188715,01-05-2018 00:00,6885.3,6829.100930148185,-56.199069851814784,56.199069851814784,3158.335452209157,0.816218172800238,30.9,2.6,3409.9,4513.0,0.430385338701738,38.7,1005.3
244,15,hgb,loso,Dammam - IAFU,26.394974,50.188715,01-06-2018 00:00,7999.6,7847.323501621817,-152.27649837818353,152.27649837818353,23188.131958320933,1.903551407297659,35.7,3.7,2649.2,6889.6,0.27772885478257225,30.4,998.2
245,15,hgb,loso,Dammam - IAFU,26.394974,50.188715,01-07-2018 00:00,7608.6,7696.408555958457,87.80855595845696,87.80855595845696,7710.342499509468,1.1540698151888251,36.1,3.3,2855.1,6132.0,0.31768868711820275,33.1,994.8
246,15,hgb,loso,Dammam - IAFU,26.394974,50.188715,01-08-2018 00:00,7271.1,7398.566313559747,127.4663135597466,127.4663135597466,16247.661092511638,1.7530540572918345,35.5,1.0,2406.7,6500.8,0.2701880437833286,36.3,997.1
247,15,hgb,loso,Dammam - IAFU,26.394974,50.188715,01-10-2018 00:00,5034.3,4982.351657633247,-51.94834236675342,51.94834236675342,2698.6302746534284,1.0318880950033456,29.6,0.0,2182.0,4403.9,0.33131386750482095,54.9,1011.3
248,15,hgb,loso,Dammam - IAFU,26.394974,50.188715,01-01-2019 00:00,3912.7,4567.018788914268,654.3187889142682,654.3187889142682,428133.0775262347,16.722948064361393,18.2,0.0,3909.6,5.1,0.9986972181776381,56.8,1017.6
249,15,hgb,loso,Dammam - IAFU,26.394974,50.188715,01-02-2019 00:00,4356.1,5232.398769905073,876.2987699050727,876.2987699050727,767899.5341371436,20.116589837356184,17.7,0.0,3558.3,817.9,0.8131026918330972,60.1,1016.2
250,15,hgb,loso,Dammam - IAFU,26.394974,50.188715,01-03-2019 00:00,5804.1,5674.281860022003,-129.81813997799782,129.81813997799782,16852.749467347036,2.236662703571575,19.7,0.0,2153.9,5480.2,0.28214196827392884,53.2,1013.0
251,15,hgb,loso,Dammam - IAFU,26.394974,50.188715,01-07-2019 00:00,7556.3,7454.433301968038,-101.86669803196219,101.86669803196219,10376.824167934969,1.3481028814626494,36.0,0.0,2343.0,6820.9,0.2556771680179836,32.5,995.5
252,15,hgb,loso,Dammam - IAFU,26.394974,50.188715,01-08-2019 00:00,7217.5,7393.012634024111,175.51263402411132,175.51263402411132,30804.68470208164,2.4317649327899042,35.6,0.0,2399.2,6436.4,0.2715378695278193,40.0,997.4
253,15,hgb,loso,Dammam - IAFU,26.394974,50.188715,01-11-2019 00:00,4036.0,4119.009781142134,83.00978114213376,83.00978114213376,6890.623765264946,2.0567339232441464,23.9,0.0,1681.9,4326.4,0.2799294309538472,50.4,1014.6
254,15,hgb,loso,Dammam - IAFU,26.394974,50.188715,01-11-2020 00:00,4243.7,4265.904025468167,22.204025468166947,22.204025468166947,493.01874699100637,0.5232232596122945,24.9,2.6,1467.4,5083.5,0.22399975575875072,56.0,1014.7
255,15,hgb,loso,Dammam - IAFU,26.394974,50.188715,01-01-2021 00:00,4204.4,4310.424936245884,106.02493624588442,106.02493624588442,11241.287105943855,2.521761398674827,17.6,2.9,1527.5,5119.4,0.22980637590455702,54.6,1018.0
256,15,hgb,loso,Dammam - IAFU,26.394974,50.188715,01-04-2021 00:00,6972.2,6420.389073398587,-551.8109266014126,551.8109266014126,304495.29871670954,7.914444889725088,27.3,3.1,2608.9,5894.7,0.3067994731643069,36.0,1009.2
257,15,hgb,loso,Dammam - IAFU,26.394974,50.188715,01-07-2021 00:00,7612.0,7519.131933807891,-92.86806619210893,92.86806619210893,8624.477718261925,1.2200218890187722,36.5,2.7,2515.5,6682.8,0.2734744463650892,41.1,995.7
1113,16,hgb,loso,Duba - TVTC,27.34103,35.72295,01-01-2017 00:00,4044.4,4128.632919759433,84.23291975943312,84.23291975943312,7095.184771199098,2.082704968831795,20.1,2.3,1299.0,5473.0,0.19181925575900768,40.8,1013.4
1114,16,hgb,loso,Duba - TVTC,27.34103,35.72295,01-02-2017 00:00,5226.7,5618.017891006086,391.31789100608603,391.31789100608603,153129.69182145104,7.4869016971719455,19.9,2.5,1447.2,6666.4,0.17836718595937687,33.5,1014.0
1115,16,hgb,loso,Duba - TVTC,27.34103,35.72295,01-03-2017 00:00,6089.8,6232.888792712393,143.08879271239311,143.08879271239311,20474.402599890203,2.3496468309697054,22.7,2.3,1688.2,6797.4,0.19894880739134532,45.1,1008.9
1116,16,hgb,loso,Duba - TVTC,27.34103,35.72295,01-04-2017 00:00,6394.9,6561.587780984558,166.68778098455823,166.68778098455823,27784.81632955605,2.6065736912939723,27.3,2.7,2330.9,5691.7,0.2905417196420113,43.0,1007.8
1117,16,hgb,loso,Duba - TVTC,27.34103,35.72295,01-05-2017 00:00,7236.6,7240.4874364811785,3.887436481178156,3.887436481178156,15.112162395194805,0.0537191012516673,30.0,2.3,1884.1,7278.6,0.20562716229932224,46.8,1006.3
1118,16,hgb,loso,Duba - TVTC,27.34103,35.72295,01-06-2017 00:00,7382.0,7418.468829037303,36.468829037303294,36.468829037303294,1329.975491352056,0.49402369327151574,32.8,2.8,1497.4,8077.4,0.1563896896018716,42.2,1002.4
1119,16,hgb,loso,Duba - TVTC,27.34103,35.72295,01-09-2017 00:00,6391.5,6287.945437439576,-103.55456256042362,103.55456256042362,10723.54742708069,1.6201918573171183,31.5,2.2,1794.8,6679.9,0.21178330796370376,54.7,1004.5
1120,16,hgb,loso,Duba - TVTC,27.34103,35.72295,01-10-2017 00:00,5606.5,5306.02286690231,-300.47713309769006,300.47713309769006,90286.50751460694,5.359442309777759,27.8,2.2,1066.2,7652.5,0.12228887334120912,52.5,1008.1
1121,16,hgb,loso,Duba - TVTC,27.34103,35.72295,01-11-2017 00:00,4452.6,4350.458242142319,-102.14175785768111,102.14175785768111,10432.938698257161,2.2939800983174123,24.9,2.3,1155.1,6349.7,0.15391482784351349,45.2,1010.5
1122,16,hgb,loso,Duba - TVTC,27.34103,35.72295,01-03-2018 00:00,6387.1,6490.063984197273,102.96398419727302,102.96398419727302,10601.582041776288,1.6120615646736862,25.3,2.2,1788.4,7121.2,0.20072730537846817,42.9,1008.7
1123,16,hgb,loso,Duba - TVTC,27.34103,35.72295,01-04-2018 00:00,7102.2,6983.448936967647,-118.75106303235316,118.75106303235316,14101.814971313914,1.6720320891041247,26.3,2.3,2444.0,6393.4,0.2765519270373639,46.3,1006.2
1124,16,hgb,loso,Duba - TVTC,27.34103,35.72295,01-05-2018 00:00,7201.6,7220.524835902806,18.92483590280608,18.92483590280608,358.14941394813803,0.2627865460842879,31.4,2.6,2961.0,5579.1,0.34671725155443145,38.2,1004.4
1125,16,hgb,loso,Duba - TVTC,27.34103,35.72295,01-06-2018 00:00,7884.4,7915.428709451437,31.028709451436953,31.028709451436953,962.7808102216928,0.3935456020932088,32.3,2.5,2185.4,7673.3,0.22167222858997637,44.0,1002.5
1126,16,hgb,loso,Duba - TVTC,27.34103,35.72295,01-07-2018 00:00,7742.1,7660.6586070493995,-81.44139295060086,81.44139295060086,6632.700485734179,1.0519289721212701,31.2,2.0,1849.7,8097.8,0.18594621764262378,56.6,1001.7
1127,16,hgb,loso,Duba - TVTC,27.34103,35.72295,01-08-2018 00:00,7342.3,7153.866061765497,-188.43393823450333,188.43393823450333,35507.34907856461,2.5664156767566477,31.7,2.1,1394.7,8415.6,0.14216690621081923,61.0,1001.8
1128,16,hgb,loso,Duba - TVTC,27.34103,35.72295,01-09-2018 00:00,6162.5,6392.291081763882,229.79108176388218,229.79108176388218,52803.941258215185,3.7288613673652278,31.8,2.4,2329.6,5452.0,0.2993728796134471,54.2,1003.9
1129,16,hgb,loso,Duba - TVTC,27.34103,35.72295,01-10-2018 00:00,5367.0,5691.389504843719,324.3895048437189,324.3895048437189,105228.55085275312,6.044149521962342,29.1,2.3,1544.3,6273.1,0.1975464988359301,49.0,1008.4
1130,16,hgb,loso,Duba - TVTC,27.34103,35.72295,01-11-2018 00:00,4328.8,4265.188802213651,-63.611197786349294,63.611197786349294,4046.3844838140494,1.4694880286996232,24.8,2.1,1158.7,6127.4,0.1590288357283046,45.5,1010.5
1131,16,hgb,loso,Duba - TVTC,27.34103,35.72295,01-12-2018 00:00,3974.1,4060.3612653771415,86.26126537714163,86.26126537714163,7441.005904465653,2.170586179943676,21.0,2.3,1126.7,6047.5,0.15704886956036912,43.5,1013.6
1132,16,hgb,loso,Duba - TVTC,27.34103,35.72295,01-01-2019 00:00,3792.0,3952.228508463975,160.22850846397478,160.22850846397478,25673.174924590036,4.2254353497883645,19.0,2.2,1550.7,4377.5,0.2615802435815256,47.4,1013.3
1133,16,hgb,loso,Duba - TVTC,27.34103,35.72295,01-02-2019 00:00,4931.3,5373.414847244745,442.11484724474485,442.11484724474485,195465.53815424407,8.965482676875162,20.3,2.5,1629.7,5832.3,0.2183998927901367,40.4,1012.6
1134,16,hgb,loso,Duba - TVTC,27.34103,35.72295,01-03-2019 00:00,6290.2,6068.427448367919,-221.77255163208065,221.77255163208065,49183.06465740388,3.525683629011488,20.8,2.6,1821.7,7042.0,0.2055236526506989,41.5,1011.0
1135,16,hgb,loso,Duba - TVTC,27.34103,35.72295,01-04-2019 00:00,7047.2,7031.179007603296,-16.02099239670406,16.02099239670406,256.6721973752493,0.22733840953434076,24.7,2.6,2103.9,6972.8,0.2317912897859354,39.1,1008.3
1136,16,hgb,loso,Duba - TVTC,27.34103,35.72295,01-05-2019 00:00,7601.9,7736.479456607783,134.57945660778296,134.57945660778296,18111.630140846137,1.7703397388519049,29.9,2.2,2119.4,7435.5,0.22181289181467104,42.9,1005.3
1137,16,hgb,loso,Duba - TVTC,27.34103,35.72295,01-06-2019 00:00,7745.1,7932.985099739835,187.8850997398349,187.8850997398349,35300.81070424771,2.42585763566429,32.3,2.1,1959.9,7861.7,0.19954997149140669,46.5,1003.4
1138,16,hgb,loso,Duba - TVTC,27.34103,35.72295,01-07-2019 00:00,7879.6,7859.11204826556,-20.487951734440685,20.487951734440685,419.75616627277105,0.2600125861013336,31.8,2.2,1560.2,8718.2,0.1517940535491905,53.4,1000.9
1139,16,hgb,loso,Duba - TVTC,27.34103,35.72295,01-08-2019 00:00,7363.8,7058.469140325563,-305.3308596744373,305.3308596744373,93226.93386953093,4.146376323018513,31.6,1.9,1440.5,8349.2,0.14714444773588567,59.2,1002.6
1140,16,hgb,loso,Duba - TVTC,27.34103,35.72295,01-09-2019 00:00,6733.8,6635.586096724859,-98.21390327514109,98.21390327514109,9645.97079653877,1.4585212402379204,30.7,1.8,1607.9,7569.2,0.17520785433306818,56.5,1003.5
1141,16,hgb,loso,Duba - TVTC,27.34103,35.72295,01-10-2019 00:00,5376.6,5789.27480404291,412.6748040429093,412.6748040429093,170300.49389185358,7.675386006824188,30.1,1.9,1709.8,6070.2,0.21976863753213366,47.0,1007.3
1142,16,hgb,loso,Duba - TVTC,27.34103,35.72295,01-11-2019 00:00,4825.1,5010.231914406812,185.13191440681203,185.13191440681203,34273.825731931174,3.836851348299766,26.0,2.1,1253.5,6988.9,0.15207949141026886,42.5,1009.5
1143,16,hgb,loso,Duba - TVTC,27.34103,35.72295,01-12-2019 00:00,4586.9,5164.214262350584,577.3142623505846,577.3142623505846,333291.75751339964,12.586153226592788,21.1,2.4,960.2,7830.2,0.10923279941754642,40.6,1013.0
1144,16,hgb,loso,Duba - TVTC,27.34103,35.72295,01-01-2020 00:00,4702.0,4707.8787936112785,5.878793611278525,5.878793611278525,34.560214324009195,0.1250275119370167,17.7,2.4,1041.6,7589.1,0.12068546004379713,43.4,1015.7
1145,16,hgb,loso,Duba - TVTC,27.34103,35.72295,01-02-2020 00:00,5603.1,5275.521348662228,-327.5786513377725,327.5786513377725,107307.77281227392,5.846382383640707,19.1,2.2,1084.3,8304.3,0.11549112753765206,45.8,1013.8
1146,16,hgb,loso,Duba - TVTC,27.34103,35.72295,01-03-2020 00:00,6184.2,6553.143585428216,368.94358542821647,368.94358542821647,136119.36922862765,5.965906429743806,22.0,2.4,1922.0,6556.7,0.22668569474093905,43.7,1009.1
1147,16,hgb,loso,Duba - TVTC,27.34103,35.72295,01-04-2020 00:00,7341.8,7340.504262153907,-1.2957378460932887,1.2957378460932887,1.6789365657984752,0.017648776132464634,24.3,2.2,2114.0,7323.4,0.22400237353508382,49.0,1007.5
1148,16,hgb,loso,Duba - TVTC,27.34103,35.72295,01-05-2020 00:00,7401.7,7427.338591135193,25.638591135193565,25.638591135193565,657.3373553976261,0.34638787218062833,29.2,2.3,2208.2,7030.1,0.23902666074927206,42.9,1006.1
1149,16,hgb,loso,Duba - TVTC,27.34103,35.72295,01-09-2020 00:00,6361.4,6650.561895090266,289.1618950902666,289.1618950902666,83614.60157219435,4.545570080332421,34.2,2.2,1908.9,6454.4,0.22824722298614186,45.7,1003.0
1150,16,hgb,loso,Duba - TVTC,27.34103,35.72295,01-10-2020 00:00,5646.5,6754.481170477234,1107.9811704772337,1107.9811704772337,1227622.2741321009,19.622441697994045,31.0,1.8,1375.3,7169.2,0.1609573409795775,39.5,1007.7
1151,16,hgb,loso,Duba - TVTC,27.34103,35.72295,01-11-2020 00:00,4804.9,5080.722499409583,275.82249940958354,275.82249940958354,76078.05118054971,5.740442036454111,25.1,2.1,1022.6,7449.3,0.12070491861329809,44.9,1010.8
1152,16,hgb,loso,Duba - TVTC,27.34103,35.72295,01-12-2020 00:00,4169.9,4554.2541866532965,384.3541866532969,384.3541866532969,147728.14079791738,9.217347817772534,22.7,2.3,1237.4,6179.5,0.16683520069031538,42.6,1012.4
1153,16,hgb,loso,Duba - TVTC,27.34103,35.72295,01-01-2021 00:00,4525.7,4808.234524685664,282.5345246856641,282.5345246856641,79825.75763935414,6.242891148013879,21.7,2.4,1299.2,6481.0,0.16698799516721935,42.0,1013.1
1154,16,hgb,loso,Duba - TVTC,27.34103,35.72295,01-02-2021 00:00,5247.7,5266.192045312492,18.492045312492337,18.492045312492337,341.9557398392698,0.3523838121937675,21.4,2.6,1311.2,7016.4,0.15745232720111438,41.2,1012.5
1155,16,hgb,loso,Duba - TVTC,27.34103,35.72295,01-03-2021 00:00,6446.8,6767.926590310659,321.1265903106587,321.1265903106587,103122.28700454962,4.981178108684288,23.4,2.5,1948.5,6919.7,0.21971764281364875,42.3,1009.6
1156,16,hgb,loso,Duba - TVTC,27.34103,35.72295,01-04-2021 00:00,7415.4,7542.894743691138,127.49474369113796,127.49474369113796,16254.909668868962,1.7193238893537497,26.9,2.4,2056.9,7514.4,0.21490288675519525,39.1,1008.2
1157,16,hgb,loso,Duba - TVTC,27.34103,35.72295,01-05-2021 00:00,7911.0,8129.368128911299,218.3681289112992,218.3681289112992,47684.639724221786,2.7603100608178384,31.7,2.6,1888.0,8243.7,0.18634582547844883,40.0,1004.5
1158,16,hgb,loso,Duba - TVTC,27.34103,35.72295,01-07-2021 00:00,7761.3,7980.2941382108365,218.99413821083635,218.99413821083635,47958.43257070689,2.821616716411379,32.2,2.3,1646.0,8452.1,0.16300096057674215,51.6,1000.2
1159,16,hgb,loso,Duba - TVTC,27.34103,35.72295,01-08-2021 00:00,7187.6,7150.475959652024,-37.124040347976006,37.124040347976006,1378.1943717581505,0.51650120134643,32.9,2.1,1773.1,7564.6,0.18988616040352546,54.4,1001.4
1160,16,hgb,loso,Duba - TVTC,27.34103,35.72295,01-09-2021 00:00,6412.8,6489.756875230252,76.95687523025208,76.95687523025208,5922.360645204586,1.2000510733260366,31.6,2.6,1661.4,7003.2,0.19174572398033377,51.6,1003.5
1161,16,hgb,loso,Duba - TVTC,27.34103,35.72295,01-10-2021 00:00,5379.8,6084.420004621819,704.6200046218191,704.6200046218191,496489.3509132524,13.097513004606473,28.6,2.1,1384.0,6668.9,0.1718635522606763,52.6,1007.7
1162,16,hgb,loso,Duba - TVTC,27.34103,35.72295,01-11-2021 00:00,4362.8,4305.409161599047,-57.390838400952816,57.390838400952816,3293.7083323642805,1.3154588429667373,25.9,2.0,1130.9,6184.3,0.1545959098862642,43.7,1010.3
1163,16,hgb,loso,Duba - TVTC,27.34103,35.72295,01-12-2021 00:00,3703.4,3919.3776439985213,215.97764399852122,215.97764399852122,46646.34270715197,5.83187460167741,21.3,2.0,1345.8,4909.8,0.21513523882601188,42.1,1012.8
475,17,hgb,loso,Farasan - SWCC,16.692097,42.098767,01-01-2017 00:00,4822.5,5062.289498735403,239.78949873540296,239.78949873540296,57499.003703775816,4.972306868541274,26.9,3.1,1908.0,4814.5,0.28382298252138344,77.1,1012.4
476,17,hgb,loso,Farasan - SWCC,16.692097,42.098767,01-02-2017 00:00,4637.0,4956.984754367716,319.98475436771605,319.98475436771605,102390.24302776757,6.900684804134484,27.0,3.8,2883.1,2564.2,0.5292713821526261,75.2,1011.6
477,17,hgb,loso,Farasan - SWCC,16.692097,42.098767,01-04-2017 00:00,6131.4,6137.720078872455,6.3200788724552694,6.3200788724552694,39.94339695405547,0.10307725596854339,30.4,3.5,2685.1,4453.1,0.37615925583480425,71.8,1007.2
478,17,hgb,loso,Farasan - SWCC,16.692097,42.098767,01-05-2017 00:00,6306.4,6260.804894575528,-45.59510542447151,45.59510542447151,2078.9136386686714,0.7229973586272915,32.6,3.2,2936.2,4173.1,0.41300831305473107,71.0,1005.7
479,17,hgb,loso,Farasan - SWCC,16.692097,42.098767,01-06-2017 00:00,6265.1,6207.775773183545,-57.32422681645494,57.32422681645494,3286.0669801043714,0.9149770445237096,33.6,3.5,3288.5,3596.8,0.4776117235269342,69.4,1001.8
480,17,hgb,loso,Farasan - SWCC,16.692097,42.098767,01-03-2018 00:00,6545.1,6503.862189144267,-41.23781085573319,41.23781085573319,1700.557044173226,0.6300562383421672,28.1,3.4,2369.4,5679.6,0.2943719716734998,73.7,1008.6
481,17,hgb,loso,Farasan - SWCC,16.692097,42.098767,01-04-2018 00:00,6577.0,6574.091840657402,-2.9081593425980827,2.9081593425980827,8.457390761940513,0.04421711027213141,30.6,3.5,2690.8,5046.4,0.34777438866773513,72.6,1006.2
482,17,hgb,loso,Farasan - SWCC,16.692097,42.098767,01-05-2018 00:00,6800.7,6763.679916179353,-37.020083820646505,37.020083820646505,1370.4866060876932,0.5443569606165028,32.3,3.6,3095.0,4629.2,0.4006887444654463,70.4,1004.2
483,17,hgb,loso,Farasan - SWCC,16.692097,42.098767,01-06-2018 00:00,6138.8,5882.02960147622,-256.7703985237804,256.7703985237804,65931.037558061,4.182745789466677,33.8,1.1,3848.0,2741.4,0.5839681913376028,65.6,1001.7
484,17,hgb,loso,Farasan - SWCC,16.692097,42.098767,01-07-2018 00:00,6003.1,5717.463954142961,-285.6360458570398,285.6360458570398,81587.95069284494,4.75814239071546,34.4,0.0,3812.7,2586.4,0.5958181619290213,60.8,1001.8
485,17,hgb,loso,Farasan - SWCC,16.692097,42.098767,01-08-2018 00:00,5969.5,5944.031108455681,-25.468891544319376,25.468891544319376,648.664436496303,0.42665033159091004,34.1,0.0,3396.6,3092.8,0.5234074028415571,64.3,1002.3
486,17,hgb,loso,Farasan - SWCC,16.692097,42.098767,01-09-2018 00:00,5995.6,5965.218808177398,-30.381191822601977,30.381191822601977,923.0168165617372,0.5067247952265324,33.5,0.0,2910.5,3904.2,0.4270914346926497,71.6,1004.4
487,17,hgb,loso,Farasan - SWCC,16.692097,42.098767,01-01-2019 00:00,4754.0,4761.0698259285655,7.0698259285654785,7.0698259285654785,49.98243866021673,0.14871320842586197,26.6,0.0,2404.7,3782.8,0.3886383838383838,78.6,1012.6
488,17,hgb,loso,Farasan - SWCC,16.692097,42.098767,01-02-2019 00:00,5113.6,5248.03554004591,134.43554004590987,134.43554004590987,18072.914427435437,2.6289803669804024,27.0,0.0,2633.7,3600.6,0.4224532024445407,77.0,1011.2
489,17,hgb,loso,Farasan - SWCC,16.692097,42.098767,01-03-2019 00:00,5900.8,5843.529711375318,-57.27028862468251,57.27028862468251,3279.8859591544388,0.9705512578749069,27.7,0.0,2817.3,4176.4,0.402833979152666,73.1,1009.7
490,17,hgb,loso,Farasan - SWCC,16.692097,42.098767,01-08-2019 00:00,5428.8,5467.418206636804,38.618206636803734,38.618206636803734,1491.3658838428719,0.7113580650752235,33.2,0.0,3152.4,2806.4,0.5290326911458683,71.9,1003.2
491,17,hgb,loso,Farasan - SWCC,16.692097,42.098767,01-10-2019 00:00,5322.0,5355.321683274463,33.321683274462885,33.321683274462885,1110.3345762436195,0.6261120495013696,31.6,0.0,2084.0,4717.2,0.3064165147326942,71.0,1007.7
492,17,hgb,loso,Farasan - SWCC,16.692097,42.098767,01-11-2019 00:00,4776.9,4986.858291047962,209.95829104796212,209.95829104796212,44082.48397978077,4.395283364691791,29.9,0.0,1984.7,4517.0,0.3052586246673947,74.1,1008.9
493,17,hgb,loso,Farasan - SWCC,16.692097,42.098767,01-12-2019 00:00,4425.7,4451.312754106574,25.612754106574357,25.612754106574357,656.0131729238416,0.5787277516906785,27.9,0.0,2029.3,4060.3,0.3332402785076195,78.6,1011.0
494,17,hgb,loso,Farasan - SWCC,16.692097,42.098767,01-01-2020 00:00,4308.7,4393.8000135824295,85.10001358242971,85.10001358242971,7242.012311729721,1.9750740033520484,26.7,0.6,2129.0,3638.2,0.36915660979331394,72.3,1013.0
495,17,hgb,loso,Farasan - SWCC,16.692097,42.098767,01-02-2020 00:00,4715.1,4672.368923432329,-42.73107656767115,42.73107656767115,1825.9449046321747,0.9062602398182679,26.8,3.6,2773.8,2876.3,0.4909293640820516,77.2,1012.1
496,17,hgb,loso,Farasan - SWCC,16.692097,42.098767,01-03-2020 00:00,5697.6,5660.185465595642,-37.414534404358164,37.414534404358164,1399.8473846949007,0.6566718338310545,28.0,3.6,4136.7,2097.6,0.6635388094894376,76.8,1008.7
497,17,hgb,loso,Farasan - SWCC,16.692097,42.098767,01-04-2020 00:00,6395.2,5806.9143683105285,-588.2856316894713,588.2856316894713,346079.9844522803,9.198862141754304,30.3,3.4,6394.6,0.9,0.9998592760534751,74.9,1007.3
498,17,hgb,loso,Farasan - SWCC,16.692097,42.098767,01-05-2020 00:00,6369.6,5678.11645210644,-691.4835478935602,691.4835478935602,478149.4970074655,10.855996418826303,33.1,3.5,6369.4,0.3,0.9999529020205032,69.1,1005.5
499,17,hgb,loso,Farasan - SWCC,16.692097,42.098767,01-09-2020 00:00,5849.7,5747.354820439669,-102.34517956033051,102.34517956033051,10474.535779236294,1.7495799709443305,33.2,3.0,2483.6,4366.3,0.3625746361260748,73.9,1003.1
500,17,hgb,loso,Farasan - SWCC,16.692097,42.098767,01-10-2020 00:00,5608.0,5717.744862920429,109.74486292042911,109.74486292042911,12043.934937423777,1.9569340749006618,31.8,3.0,1654.5,5751.2,0.2234089957735258,69.5,1007.3
501,17,hgb,loso,Farasan - SWCC,16.692097,42.098767,01-11-2020 00:00,4516.0,4849.073378633983,333.07337863398334,333.07337863398334,110937.87555465683,7.375406967094405,29.4,3.4,1890.4,4170.0,0.3119266055045872,74.2,1010.2
502,17,hgb,loso,Farasan - SWCC,16.692097,42.098767,01-12-2020 00:00,4354.0,4530.086230580574,176.086230580574,176.086230580574,31006.360600075077,4.044240481868949,27.8,3.5,1916.8,4141.7,0.31638194272509695,77.8,1011.4
503,17,hgb,loso,Farasan - SWCC,16.692097,42.098767,01-01-2021 00:00,4412.1,4481.462943940073,69.36294394007291,69.36294394007291,4811.217992033698,1.5721072491573833,26.3,3.6,2203.7,3635.5,0.3773975887107823,78.0,1011.7
504,17,hgb,loso,Farasan - SWCC,16.692097,42.098767,01-02-2021 00:00,4754.9,4647.369432680035,-107.53056731996458,107.53056731996458,11562.822908153434,2.261468533932671,26.3,3.7,2326.4,3596.9,0.3927540391335911,77.0,1011.0
505,17,hgb,loso,Farasan - SWCC,16.692097,42.098767,01-03-2021 00:00,6018.8,6159.00166556165,140.20166556164986,140.20166556164986,19656.507026260715,2.329395652981489,28.1,3.5,2220.3,5150.2,0.3012414354521403,75.4,1008.6
506,17,hgb,loso,Farasan - SWCC,16.692097,42.098767,01-04-2021 00:00,6227.9,6218.650093485886,-9.249906514113718,9.249906514113718,85.56077051984339,0.1485236839723457,29.8,3.5,2461.4,4867.0,0.3358714043993232,72.9,1007.3
507,17,hgb,loso,Farasan - SWCC,16.692097,42.098767,01-05-2021 00:00,6185.8,6320.883902921807,135.08390292180684,135.08390292180684,18247.660828588134,2.1837741750752824,32.4,3.2,2516.2,4683.6,0.34948193005361256,70.1,1004.5
508,17,hgb,loso,Farasan - SWCC,16.692097,42.098767,01-07-2021 00:00,5243.7,5419.310114283409,175.61011428340953,175.61011428340953,30838.912238632154,3.3489733257701535,33.9,4.5,3023.3,2656.4,0.5322992411571034,65.7,1001.0
509,17,hgb,loso,Farasan - SWCC,16.692097,42.098767,01-08-2021 00:00,5280.7,5504.5380090050285,223.83800900502865,223.83800900502865,50103.45427533529,4.23879426979432,34.0,3.7,2857.8,2952.7,0.49183374924705275,69.8,1002.0
510,17,hgb,loso,Farasan - SWCC,16.692097,42.098767,01-09-2021 00:00,5434.2,5607.221541914483,173.02154191448335,173.02154191448335,29936.45396646532,3.183937689346792,33.4,3.5,2661.9,3514.2,0.4310001457230291,72.5,1003.1
511,17,hgb,loso,Farasan - SWCC,16.692097,42.098767,01-11-2021 00:00,4738.7,5090.368612863269,351.6686128632691,351.6686128632691,123670.81327317585,7.421204399165787,30.0,2.8,1771.0,4685.4,0.2743014683105136,71.6,1009.6
512,17,hgb,loso,Farasan - SWCC,16.692097,42.098767,01-12-2021 00:00,4203.0,4418.568494499235,215.56849449923538,215.56849449923538,46469.77582066687,5.128919688299676,27.7,3.3,1834.2,4076.7,0.3103080749124499,76.0,1011.8
183,18,hgb,loso,Hada Al Sham - KAU,21.80117,39.72854,01-01-2017 00:00,4408.1,4265.225000460578,-142.8749995394228,142.8749995394228,20413.265493390063,3.2411923399973404,24.6,1.7,1576.4,4993.9,0.23992816157557498,61.0,987.8
184,18,hgb,loso,Hada Al Sham - KAU,21.80117,39.72854,01-02-2017 00:00,4151.0,4363.1320011984935,212.13200119849353,212.13200119849353,44999.985932477655,5.1103830691036745,24.0,2.8,2232.5,2989.1,0.42755094223992646,46.8,987.3
185,18,hgb,loso,Hada Al Sham - KAU,21.80117,39.72854,01-03-2017 00:00,5374.8,5660.193750649441,285.39375064944124,285.39375064944124,81449.59290975545,5.309848750640791,26.9,2.0,2605.2,3849.1,0.40363788482097207,50.7,983.8
186,18,hgb,loso,Hada Al Sham - KAU,21.80117,39.72854,01-04-2017 00:00,5999.1,6153.653527829485,154.55352782948466,154.55352782948466,23886.79296453929,2.5762785722772525,31.7,2.1,2869.7,3937.6,0.42156214651917795,38.0,982.8
187,18,hgb,loso,Hada Al Sham - KAU,21.80117,39.72854,01-05-2017 00:00,6750.0,6735.29640917973,-14.70359082026971,14.70359082026971,216.1955830099197,0.21783097511510682,34.6,2.1,2984.3,4711.6,0.38777790771709614,33.4,981.4
188,18,hgb,loso,Hada Al Sham - KAU,21.80117,39.72854,01-06-2017 00:00,7303.9,7431.821531648274,127.92153164827414,127.92153164827414,16363.918259240403,1.7514140616420562,35.2,2.0,2732.3,5928.5,0.3154789395898763,34.0,977.8
189,18,hgb,loso,Hada Al Sham - KAU,21.80117,39.72854,01-09-2017 00:00,6183.4,6374.494587150759,191.09458715075925,191.09458715075925,36517.14123831912,3.0904451782313815,35.3,2.3,2651.4,4646.0,0.3633348863978952,43.3,979.9
190,18,hgb,loso,Hada Al Sham - KAU,21.80117,39.72854,01-10-2017 00:00,5780.6,5758.768953126949,-21.83104687305149,21.83104687305149,476.5946075733713,0.37766056937085235,31.6,1.7,1732.9,6069.7,0.22209263578807065,49.6,983.2
191,18,hgb,loso,Hada Al Sham - KAU,21.80117,39.72854,01-11-2017 00:00,4581.6,4522.658802758269,-58.94119724173106,58.94119724173106,3474.0647322886452,1.2864762799400002,28.4,1.7,1667.8,4858.2,0.2555623659209317,57.2,985.6
192,18,hgb,loso,Hada Al Sham - KAU,21.80117,39.72854,01-03-2018 00:00,6510.6,6561.681351141881,51.08135114188099,51.08135114188099,2609.304434480146,0.7845874595564308,28.2,2.0,2220.1,6090.5,0.2671407599932616,38.4,984.3
193,18,hgb,loso,Hada Al Sham - KAU,21.80117,39.72854,01-04-2018 00:00,7066.7,7124.183498991034,57.48349899103414,57.48349899103414,3304.352656252223,0.8134419034490519,29.6,2.1,2751.0,5662.1,0.32699005122963,35.2,982.2
194,18,hgb,loso,Hada Al Sham - KAU,21.80117,39.72854,01-05-2018 00:00,7265.9,7299.585470838689,33.68547083868907,33.68547083868907,1134.7109456241717,0.46361043833095794,33.9,2.5,3206.6,5161.2,0.38320705561796414,28.4,980.4
195,18,hgb,loso,Hada Al Sham - KAU,21.80117,39.72854,01-06-2018 00:00,7274.0,7333.748740338488,59.74874033848755,59.74874033848755,3569.9119720360095,0.8214014344031833,35.1,2.4,3182.3,5201.8,0.37956369795207595,30.0,978.2
196,18,hgb,loso,Hada Al Sham - KAU,21.80117,39.72854,01-07-2018 00:00,7251.2,7212.903457604197,-38.296542395803044,38.296542395803044,1466.62515947354,0.5281407545758363,34.5,2.2,2989.0,5476.0,0.35310100413467216,30.4,978.4
197,18,hgb,loso,Hada Al Sham - KAU,21.80117,39.72854,01-08-2018 00:00,6941.3,6821.89981452125,-119.40018547875025,119.40018547875025,14256.40429235996,1.7201415509882911,34.5,2.4,2558.4,5718.3,0.30910870274384716,35.0,978.6
198,18,hgb,loso,Hada Al Sham - KAU,21.80117,39.72854,01-09-2018 00:00,6064.4,6288.195839977059,223.7958399770596,223.7958399770596,50084.57799103766,3.690321218538678,34.4,2.2,3019.6,3925.1,0.43480639912451224,48.7,980.2
199,18,hgb,loso,Hada Al Sham - KAU,21.80117,39.72854,01-10-2018 00:00,5283.7,5241.668209490397,-42.031790509602615,42.031790509602615,1766.6714134431204,0.7954991863580941,31.2,2.1,2017.2,4820.8,0.29499853758408895,45.6,984.2
200,18,hgb,loso,Hada Al Sham - KAU,21.80117,39.72854,01-11-2018 00:00,3986.5,3943.845868044608,-42.65413195539213,42.65413195539213,1819.374972868004,1.0699644288321117,26.0,1.7,1778.7,3773.0,0.32038834951456313,61.1,986.1
201,18,hgb,loso,Hada Al Sham - KAU,21.80117,39.72854,01-12-2018 00:00,3945.8,3976.293782929249,30.493782929248937,30.493782929248937,929.8707973361538,0.7728162331909609,24.3,1.7,1787.3,3944.5,0.31182176628633235,58.4,988.0
202,18,hgb,loso,Hada Al Sham - KAU,21.80117,39.72854,01-01-2019 00:00,4115.1,4093.5216649828462,-21.57833501715413,21.57833501715413,465.6245421125402,0.5243696390647646,23.8,1.8,1989.4,3655.1,0.3524492869164674,60.7,988.1
203,18,hgb,loso,Hada Al Sham - KAU,21.80117,39.72854,01-02-2019 00:00,4777.5,4540.265396243301,-237.23460375669856,237.23460375669856,56280.25721959778,4.965664128868625,24.0,2.3,2181.9,4078.1,0.34854632587859424,49.5,987.1
204,18,hgb,loso,Hada Al Sham - KAU,21.80117,39.72854,01-03-2019 00:00,6230.3,6309.352444886892,79.05244488689186,79.05244488689186,6249.289042595075,1.2688384971332338,24.6,2.5,2349.6,5648.3,0.2937771164930794,41.6,985.8
205,18,hgb,loso,Hada Al Sham - KAU,21.80117,39.72854,01-04-2019 00:00,6906.5,6865.878260905524,-40.62173909447574,40.62173909447574,1650.125687059659,0.5881667862806883,29.1,2.3,2751.7,5575.1,0.3304630830571168,37.4,983.2
206,18,hgb,loso,Hada Al Sham - KAU,21.80117,39.72854,01-05-2019 00:00,6841.2,6821.0084640996265,-20.19153590037331,20.19153590037331,407.69812201606425,0.2951461132604413,33.1,2.0,2958.4,4915.1,0.3757414110624246,35.9,981.4
207,18,hgb,loso,Hada Al Sham - KAU,21.80117,39.72854,01-06-2019 00:00,6968.9,6730.5139416338725,-238.38605836612714,238.38605836612714,56827.91282333858,3.4207128580712474,35.6,2.4,3095.0,4821.7,0.3909457223338007,28.9,978.8
208,18,hgb,loso,Hada Al Sham - KAU,21.80117,39.72854,01-07-2019 00:00,7390.4,7419.172709442535,28.772709442535415,28.772709442535415,827.8688086645667,0.38932546875047924,34.8,2.2,2747.2,5982.0,0.3147138340283187,28.6,977.5
209,18,hgb,loso,Hada Al Sham - KAU,21.80117,39.72854,01-08-2019 00:00,6803.0,6721.846705154601,-81.1532948453987,81.1532948453987,6585.857264264216,1.1929045251418302,33.9,2.2,2516.4,5552.8,0.3118524760818916,41.9,979.3
210,18,hgb,loso,Hada Al Sham - KAU,21.80117,39.72854,01-09-2019 00:00,6277.8,6386.118870097013,108.31887009701313,108.31887009701313,11732.977619093606,1.7254272212719923,33.9,2.0,2587.3,4885.0,0.34625215797010295,42.5,979.5
211,18,hgb,loso,Hada Al Sham - KAU,21.80117,39.72854,01-10-2019 00:00,5533.9,5412.4231869994965,-121.47681300050317,121.47681300050317,14756.616096759217,2.195139286949587,30.5,1.6,1940.5,5294.1,0.26822491913858404,55.3,983.7
212,18,hgb,loso,Hada Al Sham - KAU,21.80117,39.72854,01-11-2019 00:00,4597.5,4554.138987078659,-43.36101292134117,43.36101292134117,1880.177441564716,0.9431432935582635,27.5,1.6,1673.9,4939.0,0.253126464939739,53.8,985.0
213,18,hgb,loso,Hada Al Sham - KAU,21.80117,39.72854,01-12-2019 00:00,4264.9,4240.417865201168,-24.482134798831794,24.482134798831794,599.3749243081706,0.5740377218418203,24.1,2.2,1568.1,4959.9,0.24021139705882352,51.5,987.3
214,18,hgb,loso,Hada Al Sham - KAU,21.80117,39.72854,01-01-2020 00:00,4793.9,4736.191299097586,-57.70870090241351,57.70870090241351,3330.294159844222,1.2037944242143874,21.1,2.6,1408.0,6102.4,0.18747337025990626,45.1,989.5
215,18,hgb,loso,Hada Al Sham - KAU,21.80117,39.72854,01-02-2020 00:00,4873.9,4805.958938611586,-67.9410613884138,67.9410613884138,4615.987822584212,1.3939773361869099,23.2,1.9,2217.0,4158.9,0.3477156166188303,50.2,988.3
216,18,hgb,loso,Hada Al Sham - KAU,21.80117,39.72854,01-03-2020 00:00,6432.5,6464.574077188569,32.07407718856939,32.07407718856939,1028.7464274983074,0.49862537409357777,25.7,2.0,2599.8,5377.8,0.32588748495788206,42.3,984.6
217,18,hgb,loso,Hada Al Sham - KAU,21.80117,39.72854,01-04-2020 00:00,7119.5,7147.384589975344,27.88458997534417,27.88458997534417,777.5503580930646,0.3916650042186133,28.8,1.8,2288.5,6487.8,0.26075908982145096,39.0,983.7
218,18,hgb,loso,Hada Al Sham - KAU,21.80117,39.72854,01-05-2020 00:00,7050.0,6975.323889159292,-74.67611084070813,74.67611084070813,5576.521530293727,1.0592356147618176,33.2,1.9,2672.2,5689.8,0.3195646974408036,32.7,982.0
219,18,hgb,loso,Hada Al Sham - KAU,21.80117,39.72854,01-09-2020 00:00,6392.7,6397.026372601745,4.326372601744879,4.326372601744879,18.717499889128753,0.0676767657131553,35.3,1.7,2400.9,5322.1,0.3108766023565972,39.7,979.1
220,18,hgb,loso,Hada Al Sham - KAU,21.80117,39.72854,01-10-2020 00:00,6037.1,6162.686844524864,125.58684452486341,125.58684452486341,15772.055517712215,2.080251188896381,32.1,1.9,1615.5,6810.4,0.1917302602689327,34.0,983.7
221,18,hgb,loso,Hada Al Sham - KAU,21.80117,39.72854,01-11-2020 00:00,4634.0,4596.876620552971,-37.12337944702904,37.12337944702904,1378.145301568098,0.8011087493963971,27.5,1.2,1625.3,5119.0,0.24098868674287915,56.3,986.2
222,18,hgb,loso,Hada Al Sham - KAU,21.80117,39.72854,01-12-2020 00:00,4165.0,4252.916533643686,87.91653364368631,87.91653364368631,7729.316887921426,2.1108411439060335,25.3,1.3,1731.9,4494.3,0.2781632456393948,51.3,987.1
223,18,hgb,loso,Hada Al Sham - KAU,21.80117,39.72854,01-01-2021 00:00,4611.0,4693.387471685933,82.38747168593272,82.38747168593272,6787.695490800366,1.78675930787102,24.0,1.8,1760.7,5016.3,0.2598052235502435,51.5,987.5
224,18,hgb,loso,Hada Al Sham - KAU,21.80117,39.72854,01-02-2021 00:00,4965.1,4979.1134511062,14.013451106199682,14.013451106199682,196.37681190584908,0.2822390506978647,23.6,1.9,1893.5,4859.5,0.2803938990078484,52.3,987.0
225,18,hgb,loso,Hada Al Sham - KAU,21.80117,39.72854,01-03-2021 00:00,6314.5,6100.56256288863,-213.93743711136995,213.93743711136995,45769.22699778137,3.388034477969276,27.5,1.6,2368.3,5520.5,0.30021042490619615,43.5,984.3
226,18,hgb,loso,Hada Al Sham - KAU,21.80117,39.72854,01-04-2021 00:00,6643.7,6673.648867158522,29.948867158522262,29.948867158522262,896.9346440788133,0.45078596502735313,30.1,1.8,2883.8,4884.1,0.3712457678394418,39.1,983.2
227,18,hgb,loso,Hada Al Sham - KAU,21.80117,39.72854,01-05-2021 00:00,7513.3,7457.321392174666,-55.97860782533462,55.97860782533462,3133.604534062614,0.7450601975874066,33.2,1.6,2374.0,6797.4,0.2588481584054779,34.8,980.7
228,18,hgb,loso,Hada Al Sham - KAU,21.80117,39.72854,01-07-2021 00:00,6766.8,6846.704599630829,79.90459963082867,79.90459963082867,6384.745042163026,1.1808328845366889,34.3,2.0,3150.5,4548.7,0.4091983582709892,38.0,977.1
229,18,hgb,loso,Hada Al Sham - KAU,21.80117,39.72854,01-08-2021 00:00,6800.4,6956.782442571185,156.3824425711855,156.3824425711855,24455.468344530127,2.29960653154499,35.3,1.8,2800.2,5117.3,0.35367224502683925,39.6,978.0
230,18,hgb,loso,Hada Al Sham - KAU,21.80117,39.72854,01-09-2021 00:00,6135.9,6364.677173508118,228.77717350811872,228.77717350811872,52338.995118363855,3.7285023143812435,33.5,1.6,2779.0,4433.0,0.3853300055463117,47.7,979.4
231,18,hgb,loso,Hada Al Sham - KAU,21.80117,39.72854,01-10-2021 00:00,5756.3,5996.300485599689,240.00048559968855,240.00048559968855,57600.23308808631,4.169353327652981,31.8,1.4,1873.8,5781.3,0.24477799114315946,44.2,983.1
232,18,hgb,loso,Hada Al Sham - KAU,21.80117,39.72854,01-11-2021 00:00,4633.4,4842.752116997015,209.3521169970154,209.3521169970154,43828.30889113202,4.518326002439147,27.7,1.2,1433.6,5484.8,0.2072155411655874,50.8,985.4
233,18,hgb,loso,Hada Al Sham - KAU,21.80117,39.72854,01-12-2021 00:00,4082.8,3994.6363015098996,-88.16369849010061,88.16369849010061,7772.837731453369,2.159393026601857,24.9,1.2,1664.7,4401.5,0.2744222083017375,53.1,987.4
1508,19,hgb,loso,Hafar Al Batin - TVTC,28.33202,45.95708,01-01-2017 00:00,3902.6,3876.663946984327,-25.93605301567277,25.93605301567277,672.6788460317886,0.6645839444389066,12.7,4.3,1535.2,4742.4,0.24455205811138017,43.6,973.2
1509,19,hgb,loso,Hafar Al Batin - TVTC,28.33202,45.95708,01-02-2017 00:00,4710.6,4800.229338333927,89.62933833392708,89.62933833392708,8033.41829017757,1.9027159668391942,12.3,4.4,1876.9,5046.3,0.27110295816963254,36.8,973.8
1510,19,hgb,loso,Hafar Al Batin - TVTC,28.33202,45.95708,01-03-2017 00:00,5192.7,5239.994059979759,47.29405997975937,47.29405997975937,2236.7281093690767,0.9107797481032867,20.7,5.1,2670.1,3775.7,0.41423872909491455,40.2,967.8
1511,19,hgb,loso,Hafar Al Batin - TVTC,28.33202,45.95708,01-04-2017 00:00,5980.1,6002.546213569267,22.446213569266547,22.446213569266547,503.83250359712565,0.37534846523079124,27.7,5.3,3244.6,3715.0,0.4662049543077188,25.5,967.4
1512,19,hgb,loso,Hafar Al Batin - TVTC,28.33202,45.95708,01-05-2017 00:00,6822.1,6869.061944887641,46.96194488764104,46.96194488764104,2205.4242676298345,0.6883796028736172,34.1,4.8,3760.3,3863.1,0.49325760159508886,17.2,964.0
1513,19,hgb,loso,Hafar Al Batin - TVTC,28.33202,45.95708,01-06-2017 00:00,8093.5,8142.395024905519,48.89502490551877,48.89502490551877,2390.7234605113003,0.6041270761168687,37.2,5.5,2295.8,7768.6,0.22811096538293388,11.3,960.3
1514,19,hgb,loso,Hafar Al Batin - TVTC,28.33202,45.95708,01-09-2017 00:00,6699.5,6947.808814421706,248.3088144217063,248.3088144217063,61657.26731951338,3.7063783031824213,36.3,4.2,2163.1,6523.4,0.24901859206815172,12.1,963.1
1515,19,hgb,loso,Hafar Al Batin - TVTC,28.33202,45.95708,01-10-2017 00:00,5477.1,5781.227719329168,304.12771932916803,304.12771932916803,92493.66966436121,5.552714380405105,29.6,4.5,1988.4,5629.1,0.2610305218247457,20.9,967.5
1516,19,hgb,loso,Hafar Al Batin - TVTC,28.33202,45.95708,01-11-2017 00:00,4058.3,4550.176481399324,491.8764813993239,491.8764813993239,241942.47295377942,12.120259256322202,21.0,4.1,1820.8,4263.4,0.29926695374905493,35.2,971.6
1517,19,hgb,loso,Hafar Al Batin - TVTC,28.33202,45.95708,01-03-2018 00:00,5984.3,5515.574545120581,-468.725454879419,468.725454879419,219703.55205191823,7.832586181832779,23.6,4.4,2586.4,5077.5,0.3374783073891883,24.3,968.4
1518,19,hgb,loso,Hafar Al Batin - TVTC,28.33202,45.95708,01-04-2018 00:00,6230.0,6321.368737375713,91.36873737571295,91.36873737571295,8348.246169632006,1.4665928952762914,25.1,4.5,3517.5,3686.9,0.48824329576369996,36.1,965.4
1519,19,hgb,loso,Hafar Al Batin - TVTC,28.33202,45.95708,01-05-2018 00:00,7129.9,7132.492392665718,2.592392665718762,2.592392665718762,6.72049973327243,0.03635945336847308,31.6,4.3,3506.6,4693.5,0.42762893135449564,22.2,963.7
1520,19,hgb,loso,Hafar Al Batin - TVTC,28.33202,45.95708,01-06-2018 00:00,7805.1,7619.463175513541,-185.63682448645977,185.63682448645977,34461.03060541667,2.378404177863958,36.0,6.1,3209.5,5972.5,0.3495425833151819,13.8,959.1
1521,19,hgb,loso,Hafar Al Batin - TVTC,28.33202,45.95708,01-07-2018 00:00,7640.7,7684.286708918276,43.5867089182766,43.5867089182766,1899.8011943265728,0.5704543944700957,37.0,6.6,2769.3,6397.1,0.3021142433234421,12.5,956.4
1522,19,hgb,loso,Hafar Al Batin - TVTC,28.33202,45.95708,01-08-2018 00:00,7509.3,7630.811723981468,121.5117239814681,121.5117239814681,14765.099064948488,1.6181498139835684,36.3,5.4,1881.0,7857.0,0.19316081330868762,13.9,958.2
1523,19,hgb,loso,Hafar Al Batin - TVTC,28.33202,45.95708,01-09-2018 00:00,6395.5,6559.563591424677,164.06359142467682,164.06359142467682,26916.862031163288,2.5652973407032573,36.6,4.0,2380.7,5730.7,0.2935005054614493,13.1,963.0
1524,19,hgb,loso,Hafar Al Batin - TVTC,28.33202,45.95708,01-10-2018 00:00,5214.2,5549.2848198710735,335.0848198710737,335.0848198710737,112281.83650802991,6.426389855990827,28.5,4.0,2070.6,5040.5,0.2911785799665312,28.0,968.9
1525,19,hgb,loso,Hafar Al Batin - TVTC,28.33202,45.95708,01-11-2018 00:00,3269.8,3513.8708954850695,244.0708954850693,244.0708954850693,59570.60202288361,7.464398296075273,17.4,3.9,1705.9,3019.9,0.3609759194210504,78.1,972.2
1526,19,hgb,loso,Hafar Al Batin - TVTC,28.33202,45.95708,01-12-2018 00:00,3483.6,3487.0809547853073,3.4809547853074037,3.4809547853074037,12.117046217354513,0.09992406663530268,15.0,4.1,1556.9,3977.4,0.28131832390726924,66.6,973.8
1527,19,hgb,loso,Hafar Al Batin - TVTC,28.33202,45.95708,01-02-2019 00:00,4466.5,4650.086643485985,183.5866434859854,183.5866434859854,33704.05566645031,4.110302104242368,14.4,4.3,1811.9,4751.4,0.2760653939329301,49.9,972.1
1528,19,hgb,loso,Hafar Al Batin - TVTC,28.33202,45.95708,01-03-2019 00:00,5871.1,5827.706736223139,-43.393263776861204,43.393263776861204,1882.9753412082546,0.7390993813231116,18.1,5.7,2266.7,5595.6,0.28829986136372304,34.5,968.5
1529,19,hgb,loso,Hafar Al Batin - TVTC,28.33202,45.95708,01-04-2019 00:00,6712.2,6614.044142098858,-98.15585790114164,98.15585790114164,9634.57244030911,1.4623500178949025,23.8,4.9,2708.0,5520.2,0.32911207797574193,30.9,966.9
1530,19,hgb,loso,Hafar Al Batin - TVTC,28.33202,45.95708,01-05-2019 00:00,7069.7,7109.334478093762,39.63447809376248,39.63447809376248,1570.891853764938,0.5606246105741755,32.8,4.4,3250.1,4945.1,0.396585806325654,17.4,964.2
1531,19,hgb,loso,Hafar Al Batin - TVTC,28.33202,45.95708,01-06-2019 00:00,8091.9,8092.138523492744,0.23852349274420703,0.23852349274420703,0.056893456590895786,0.0029476821604840276,37.6,5.1,2219.0,7868.3,0.21997957828160164,11.3,960.2
1532,19,hgb,loso,Hafar Al Batin - TVTC,28.33202,45.95708,01-07-2019 00:00,8045.2,7979.0490858113935,-66.1509141886063,66.1509141886063,4375.943447988353,0.8222407670238937,37.1,5.7,1892.6,8414.4,0.18362278063452023,12.4,956.9
1533,19,hgb,loso,Hafar Al Batin - TVTC,28.33202,45.95708,01-08-2019 00:00,7512.5,7549.0419933914345,36.54199339143452,36.54199339143452,1335.3172810196438,0.48641588541011,37.1,5.8,2008.3,7588.7,0.20926331145149527,12.1,958.2
1534,19,hgb,loso,Hafar Al Batin - TVTC,28.33202,45.95708,01-09-2019 00:00,6538.0,6500.978629935433,-37.021370064567236,37.021370064567236,1370.5818414576352,0.5662491597517166,35.7,3.8,1896.7,6757.5,0.21916526079822513,14.8,962.5
1535,19,hgb,loso,Hafar Al Batin - TVTC,28.33202,45.95708,01-10-2019 00:00,4904.8,5389.220725247854,484.4207252478536,484.4207252478536,234663.4390496565,9.876462348064214,29.7,4.0,2146.8,4383.0,0.32876964072406506,32.7,967.1
1536,19,hgb,loso,Hafar Al Batin - TVTC,28.33202,45.95708,01-11-2019 00:00,3795.8,3726.4246004985425,-69.37539950145765,69.37539950145765,4812.94605598685,1.8276884846793204,19.4,3.7,1668.2,4093.0,0.289557731028258,46.4,971.4
1537,19,hgb,loso,Hafar Al Batin - TVTC,28.33202,45.95708,01-12-2019 00:00,3700.1,3689.3883422490553,-10.711657750944596,10.711657750944596,114.73961177337144,0.28949643931095365,14.5,4.5,1121.3,5525.4,0.16870025727052523,52.2,972.1
1538,19,hgb,loso,Hafar Al Batin - TVTC,28.33202,45.95708,01-01-2020 00:00,4174.6,4030.655903044966,-143.94409695503418,143.94409695503418,20719.90304820028,3.448093157548847,12.1,4.8,1183.7,6099.9,0.1625157888956011,45.0,972.7
1539,19,hgb,loso,Hafar Al Batin - TVTC,28.33202,45.95708,01-02-2020 00:00,4878.4,5021.264601556567,142.86460155656732,142.86460155656732,20410.29437791674,2.9285134789391467,15.4,5.4,1817.0,5455.0,0.24986248624862487,36.6,971.9
1540,19,hgb,loso,Hafar Al Batin - TVTC,28.33202,45.95708,01-03-2020 00:00,5863.8,6072.906662317606,209.1066623176057,209.1066623176057,43725.59622560918,3.5660606145776748,19.9,5.3,2339.1,5400.9,0.3022093023255814,33.9,967.6
1541,19,hgb,loso,Hafar Al Batin - TVTC,28.33202,45.95708,01-04-2020 00:00,6630.8,6613.340538458024,-17.459461541976452,17.459461541976452,304.8327973357548,0.26330852298329693,25.9,4.9,3014.2,5000.1,0.3761027163944449,27.8,965.5
1542,19,hgb,loso,Hafar Al Batin - TVTC,28.33202,45.95708,01-05-2020 00:00,7335.8,7313.376754490264,-22.42324550973626,22.42324550973626,502.80193918990744,0.30566871383811256,31.5,4.8,3154.7,5501.1,0.3644608239561912,16.4,964.7
1543,19,hgb,loso,Hafar Al Batin - TVTC,28.33202,45.95708,01-09-2020 00:00,6631.2,6952.30483107298,321.10483107298023,321.10483107298023,103108.31253840718,4.842333681279108,35.5,4.0,1854.5,7033.9,0.20864272534989425,12.4,962.4
1544,19,hgb,loso,Hafar Al Batin - TVTC,28.33202,45.95708,01-10-2020 00:00,5695.4,5983.506527800143,288.10652780014334,288.10652780014334,83005.37136105477,5.058582852831115,27.2,3.1,1214.4,7657.2,0.13688624374408223,16.8,968.7
1545,19,hgb,loso,Hafar Al Batin - TVTC,28.33202,45.95708,01-11-2020 00:00,3830.6,4015.674220733144,185.0742207331441,185.0742207331441,34252.467179980544,4.831468196448183,20.3,4.4,1696.9,4056.9,0.2949181410546074,47.0,970.9
1546,19,hgb,loso,Hafar Al Batin - TVTC,28.33202,45.95708,01-12-2020 00:00,3067.8,3199.436876468748,131.6368764687477,131.6368764687477,17328.26724644834,4.29092106619557,13.5,3.1,1335.2,3665.1,0.26702397856128635,65.9,974.4
1547,19,hgb,loso,Hafar Al Batin - TVTC,28.33202,45.95708,01-01-2021 00:00,3939.0,3914.7073751407092,-24.292624859290754,24.292624859290754,590.1316225542312,0.616720610796922,13.3,3.4,1482.7,4943.7,0.2307201543632516,43.7,974.3
1548,19,hgb,loso,Hafar Al Batin - TVTC,28.33202,45.95708,01-02-2021 00:00,4359.8,4428.610150540525,68.81015054052477,68.81015054052477,4734.836817409682,1.5782868604184774,15.5,4.1,1756.2,4525.7,0.27956509973097315,47.8,972.5
1549,19,hgb,loso,Hafar Al Batin - TVTC,28.33202,45.95708,01-03-2021 00:00,5652.9,5800.210875185769,147.31087518576896,147.31087518576896,21700.4939479972,2.605934567846043,21.2,5.0,2619.0,4537.6,0.3659559008467708,26.9,968.6
1550,19,hgb,loso,Hafar Al Batin - TVTC,28.33202,45.95708,01-04-2021 00:00,6570.6,6572.438043963191,1.8380439631910122,1.8380439631910122,3.3784056106229228,0.027973761348902875,27.8,4.7,2763.5,5212.9,0.3464595556892834,17.3,967.3
1551,19,hgb,loso,Hafar Al Batin - TVTC,28.33202,45.95708,01-05-2021 00:00,7198.4,7248.167155789073,49.76715578907351,49.76715578907351,2476.7697953339134,0.6913641335445866,34.0,4.2,2706.7,5982.7,0.31149446451998986,12.9,962.4
1552,19,hgb,loso,Hafar Al Batin - TVTC,28.33202,45.95708,01-07-2021 00:00,7820.6,7734.402199201703,-86.19780079829707,86.19780079829707,7430.060862462902,1.102189100558743,39.4,4.5,2191.7,7567.2,0.22458473803399973,12.5,956.0
1553,19,hgb,loso,Hafar Al Batin - TVTC,28.33202,45.95708,01-08-2021 00:00,7351.9,7409.844566446883,57.94456644688307,57.94456644688307,3357.5727807172475,0.788157706808894,37.9,4.0,2074.4,7244.1,0.2226109352363578,13.2,958.8
1554,19,hgb,loso,Hafar Al Batin - TVTC,28.33202,45.95708,01-09-2021 00:00,6662.7,6994.448731572157,331.74873157215734,331.74873157215734,110057.2208997353,4.979193593770654,33.6,4.1,1649.2,7565.5,0.17897489880299955,15.7,962.5
1555,19,hgb,loso,Hafar Al Batin - TVTC,28.33202,45.95708,01-10-2021 00:00,5328.4,5527.310937854836,198.91093785483645,198.91093785483645,39565.561198290605,3.733033140433084,29.2,3.6,1722.6,5921.6,0.22534732215274322,20.3,968.0
1556,19,hgb,loso,Hafar Al Batin - TVTC,28.33202,45.95708,01-11-2021 00:00,4208.3,4290.919060191932,82.61906019193157,82.61906019193157,6825.909106998011,1.9632407431012893,20.6,3.8,1460.7,5313.9,0.2156142060047826,32.2,971.0
1557,19,hgb,loso,Hafar Al Batin - TVTC,28.33202,45.95708,01-12-2021 00:00,3209.2,3316.0897466816623,106.88974668166247,106.88974668166247,11425.417945669973,3.330728738678253,14.3,3.7,1624.8,3357.8,0.32609480993858625,48.7,973.2
1371,20,hgb,loso,Hagl - SWCC,29.28997,34.93002,01-01-2017 00:00,3583.5,3674.964275602405,91.464275602405,91.464275602405,8365.713711472697,2.5523726971509695,16.9,6.9,1209.4,4966.8,0.1958161976619928,50.7,1015.9
1372,20,hgb,loso,Hagl - SWCC,29.28997,34.93002,01-02-2017 00:00,4743.2,4581.911238250941,-161.28876174905872,161.28876174905872,26014.06466654463,3.400420849828359,17.7,6.5,1326.0,6195.3,0.1762993099597144,45.7,1016.2
1373,20,hgb,loso,Hagl - SWCC,29.28997,34.93002,01-03-2017 00:00,5558.3,5130.619771322369,-427.680228677631,427.680228677631,182910.37800175077,7.694443061325064,21.3,6.1,1606.2,6199.7,0.20576743232682973,50.5,1010.3
1374,20,hgb,loso,Hagl - SWCC,29.28997,34.93002,01-04-2017 00:00,6497.3,6439.23628484822,-58.06371515178034,58.06371515178034,3371.395017227086,0.8936591376691909,24.9,6.7,2098.2,6201.1,0.25281650259660454,47.1,1010.0
1375,20,hgb,loso,Hagl - SWCC,29.28997,34.93002,01-05-2017 00:00,7248.7,7197.731849314295,-50.96815068570504,50.96815068570504,2597.752384320735,0.7031350543643003,27.9,6.1,1730.9,7562.2,0.18625646985397767,46.4,1008.0
1376,20,hgb,loso,Hagl - SWCC,29.28997,34.93002,01-06-2017 00:00,7480.6,7035.18453655023,-445.41546344976996,445.41546344976996,198394.93508017337,5.9542745695501695,29.7,7.3,1297.0,8543.8,0.13179822778635883,49.7,1005.2
1377,20,hgb,loso,Hagl - SWCC,29.28997,34.93002,01-09-2017 00:00,6280.5,6131.065889697696,-149.43411030230436,149.43411030230436,22330.553321841267,2.379334611930648,29.5,7.6,1554.4,7044.8,0.180761001023351,60.7,1006.9
1378,20,hgb,loso,Hagl - SWCC,29.28997,34.93002,01-10-2017 00:00,5308.3,5008.9119001203435,-299.3880998796567,299.3880998796567,89633.23434955129,5.639999620964465,26.5,6.7,1177.5,7072.0,0.14273592338929633,57.8,1010.4
1379,20,hgb,loso,Hagl - SWCC,29.28997,34.93002,01-11-2017 00:00,4213.1,4267.287036501105,54.18703650110456,54.18703650110456,2936.2349247720376,1.2861559540743053,22.7,6.9,1172.9,6017.5,0.16312027147307523,55.3,1012.8
1380,20,hgb,loso,Hagl - SWCC,29.28997,34.93002,01-03-2018 00:00,6067.1,6108.659404131021,41.55940413102053,41.55940413102053,1727.184071725486,0.6849961947391756,23.4,6.1,1877.6,6505.4,0.2239770965048312,43.1,1010.2
1381,20,hgb,loso,Hagl - SWCC,29.28997,34.93002,01-04-2018 00:00,6662.6,6579.059902453558,-83.54009754644267,83.54009754644267,6978.947898069156,1.253866321652848,24.8,5.9,2386.5,5939.1,0.2866460074949553,44.6,1008.0
1382,20,hgb,loso,Hagl - SWCC,29.28997,34.93002,01-05-2018 00:00,6864.1,6939.771296024292,75.67129602429122,75.67129602429122,5726.145041995913,1.1024212354757539,29.3,4.9,2875.1,5215.4,0.3553674062171683,42.7,1005.5
1383,20,hgb,loso,Hagl - SWCC,29.28997,34.93002,01-06-2018 00:00,7953.3,7804.226300791375,-149.07369920862493,149.07369920862493,22222.96779574358,1.8743628331463031,30.3,6.8,1845.1,8272.2,0.18237079062595749,46.0,1004.5
1384,20,hgb,loso,Hagl - SWCC,29.28997,34.93002,01-07-2018 00:00,7799.3,7876.071468689727,76.77146868972704,76.77146868972704,5893.858404777739,0.984337936606196,31.4,5.3,1649.4,8439.4,0.16348822456585524,47.3,1002.7
1385,20,hgb,loso,Hagl - SWCC,29.28997,34.93002,01-08-2018 00:00,7365.1,7391.57173994714,26.471739947139213,26.471739947139213,700.753015828966,0.3594213241794302,31.2,7.0,1215.1,8765.8,0.12174252822891722,52.4,1003.6
1386,20,hgb,loso,Hagl - SWCC,29.28997,34.93002,01-09-2018 00:00,6092.9,5907.133043930953,-185.7669560690465,185.7669560690465,34509.36196715905,3.0489086653161306,29.9,7.8,1860.6,6244.5,0.22955916645075322,54.5,1006.4
1387,20,hgb,loso,Hagl - SWCC,29.28997,34.93002,01-10-2018 00:00,5005.6,5002.529294419916,-3.0707055800839953,3.0707055800839953,9.429232759558985,0.06134540474836173,27.4,6.5,1624.0,5618.9,0.2242195805547502,54.2,1010.0
1388,20,hgb,loso,Hagl - SWCC,29.28997,34.93002,01-11-2018 00:00,4118.3,4192.252570473451,73.95257047345058,73.95257047345058,5468.982679630674,1.7957062495070921,23.5,5.7,1182.7,5706.6,0.17167201312179758,50.7,1011.9
1389,20,hgb,loso,Hagl - SWCC,29.28997,34.93002,01-12-2018 00:00,3741.9,3937.5751408739884,195.6751408739883,195.6751408739883,38288.76075605517,5.229299042571643,19.4,5.5,994.5,5997.1,0.1422421191143658,48.5,1015.3
1390,20,hgb,loso,Hagl - SWCC,29.28997,34.93002,01-01-2019 00:00,3689.0,3746.656699417885,57.65669941788519,57.65669941788519,3324.2949877643628,1.5629357391673946,17.9,4.6,1455.0,4569.2,0.24152584575545302,44.6,1014.3
1391,20,hgb,loso,Hagl - SWCC,29.28997,34.93002,01-02-2019 00:00,4761.4,4546.192186657756,-215.20781334224375,215.20781334224375,46314.40292355003,4.519843183564578,18.8,5.2,1379.3,6049.8,0.18566178944959685,45.7,1014.3
1392,20,hgb,loso,Hagl - SWCC,29.28997,34.93002,01-03-2019 00:00,5880.7,5385.799679800679,-494.90032019932096,494.90032019932096,244926.3269333904,8.415670246727787,20.0,5.6,1746.0,6498.0,0.21179039301310043,45.0,1012.4
1393,20,hgb,loso,Hagl - SWCC,29.28997,34.93002,01-04-2019 00:00,6665.1,6579.116307005218,-85.98369299478236,85.98369299478236,7393.195461020985,1.290058558683026,23.0,6.0,2146.5,6370.0,0.25204015734163093,44.9,1010.3
1394,20,hgb,loso,Hagl - SWCC,29.28997,34.93002,01-05-2019 00:00,7078.2,6893.027627193224,-185.17237280677546,185.17237280677546,34288.80765089143,2.616094103116265,28.3,5.8,2163.4,6630.6,0.2460086422560837,40.5,1007.0
1395,20,hgb,loso,Hagl - SWCC,29.28997,34.93002,01-06-2019 00:00,7575.9,7335.689473025495,-240.21052697450432,240.21052697450432,57701.097269369064,3.1707193465397423,30.6,5.4,1772.0,7819.5,0.1847469113277381,47.5,1005.0
1396,20,hgb,loso,Hagl - SWCC,29.28997,34.93002,01-07-2019 00:00,7943.0,7860.920653481559,-82.07934651844062,82.07934651844062,6737.019124894249,1.03335448216594,31.4,5.9,1405.7,9070.0,0.13418673692450145,47.4,1002.5
1397,20,hgb,loso,Hagl - SWCC,29.28997,34.93002,01-08-2019 00:00,7335.0,7313.1579066200065,-21.842093379993457,21.842093379993457,477.077043220354,0.29777905085198986,31.8,5.1,1369.2,8400.7,0.14014473024288884,50.6,1003.6
1398,20,hgb,loso,Hagl - SWCC,29.28997,34.93002,01-09-2019 00:00,6414.9,6220.067560528227,-194.8324394717729,194.8324394717729,37959.679470522045,3.037185918280455,29.3,7.6,1303.6,7710.3,0.14462108521283795,57.5,1006.0
1399,20,hgb,loso,Hagl - SWCC,29.28997,34.93002,01-10-2019 00:00,5094.8,4958.041471427489,-136.75852857251084,136.75852857251084,18702.895137318264,2.6842766854932645,27.3,6.3,1307.9,6387.8,0.16995205114544484,56.2,1009.2
1400,20,hgb,loso,Hagl - SWCC,29.28997,34.93002,01-11-2019 00:00,4235.4,4369.690739192787,134.29073919278744,134.29073919278744,18034.002632945256,3.1706742974167126,24.5,5.1,1197.9,5960.9,0.16733251382913342,44.3,1011.4
1401,20,hgb,loso,Hagl - SWCC,29.28997,34.93002,01-12-2019 00:00,3858.7,4135.3737216456675,276.6737216456677,276.6737216456677,76548.3482492644,7.170127805884564,19.7,4.3,967.5,6272.7,0.1336289052788597,44.5,1014.8
1402,20,hgb,loso,Hagl - SWCC,29.28997,34.93002,01-01-2020 00:00,3731.0,3782.502111627858,51.502111627858085,51.502111627858085,2652.467502128355,1.380383586916593,16.7,4.4,1121.0,5386.5,0.17226277372262774,47.9,1017.4
1403,20,hgb,loso,Hagl - SWCC,29.28997,34.93002,01-02-2020 00:00,4778.0,4672.281172499003,-105.71882750099667,105.71882750099667,11176.470488185489,2.2126167329635136,18.1,4.6,1219.8,6475.9,0.1585040996920358,51.2,1015.7
1404,20,hgb,loso,Hagl - SWCC,29.28997,34.93002,01-03-2020 00:00,5607.3,5427.0841764675515,-180.21582353244867,180.21582353244867,32477.74305147868,3.2139500924232456,20.7,4.7,1968.0,5681.5,0.2572717171056932,50.0,1010.5
1405,20,hgb,loso,Hagl - SWCC,29.28997,34.93002,01-04-2020 00:00,6767.8,6707.453252232369,-60.346747767631314,60.346747767631314,3641.729966130115,0.8916745141350411,23.5,6.0,2123.8,6580.8,0.24398593846931507,49.7,1009.2
1406,20,hgb,loso,Hagl - SWCC,29.28997,34.93002,01-05-2020 00:00,7163.3,6867.235538590514,-296.0644614094863,296.0644614094863,87654.1653096892,4.13307360308079,27.5,5.8,1935.2,7163.8,0.2126827123859765,43.3,1008.0
1407,20,hgb,loso,Hagl - SWCC,29.28997,34.93002,01-09-2020 00:00,6086.8,6043.278152718117,-43.52184728188331,43.52184728188331,1894.1511908275738,0.7150201630065602,32.1,6.5,1840.4,6202.2,0.22883147240941984,52.7,1004.9
1408,20,hgb,loso,Hagl - SWCC,29.28997,34.93002,01-10-2020 00:00,5200.8,5378.061450751244,177.2614507512435,177.2614507512435,31421.621922435526,3.4083496914175413,28.9,5.8,1280.4,6602.2,0.1624337147641641,55.2,1009.6
1409,20,hgb,loso,Hagl - SWCC,29.28997,34.93002,01-11-2020 00:00,4228.7,4295.871231208522,67.17123120852193,67.17123120852193,4511.974302068711,1.5884605483605347,23.7,5.4,1018.4,6326.1,0.13866158349785554,50.6,1012.3
1410,20,hgb,loso,Hagl - SWCC,29.28997,34.93002,01-12-2020 00:00,3585.6,3881.13847288825,295.53847288825,295.53847288825,87342.98895711888,8.242371510716477,21.0,5.4,1127.8,5298.5,0.17549756469508113,49.1,1014.0
1411,20,hgb,loso,Hagl - SWCC,29.28997,34.93002,01-01-2021 00:00,3970.8,4034.757126184281,63.957126184280696,63.957126184280696,4090.5139897520035,1.6106861636013068,19.8,5.7,1159.1,5757.5,0.16758233814301823,45.2,1015.0
1412,20,hgb,loso,Hagl - SWCC,29.28997,34.93002,01-02-2021 00:00,4891.3,4828.587708985198,-62.71229101480185,62.71229101480185,3932.8314443251966,1.2821190892973617,19.8,5.9,1226.0,6526.8,0.15813641523062635,49.4,1014.2
1413,20,hgb,loso,Hagl - SWCC,29.28997,34.93002,01-03-2021 00:00,6155.0,5678.6408906311035,-476.3591093688965,476.3591093688965,226918.0010787283,7.739384392670942,21.1,6.9,1819.4,6718.9,0.21308691425693643,46.2,1012.2
1414,20,hgb,loso,Hagl - SWCC,29.28997,34.93002,01-04-2021 00:00,7286.0,7298.098278403306,12.098278403305812,12.098278403305812,146.36834032389584,0.16604828991635756,24.8,6.5,1940.6,7505.9,0.2054305827555179,41.6,1010.7
1415,20,hgb,loso,Hagl - SWCC,29.28997,34.93002,01-05-2021 00:00,7801.4,7736.361399797879,-65.0386002021205,65.0386002021205,4230.019516251269,0.8336785731038083,29.1,5.5,1874.0,8142.2,0.18709690301711226,41.3,1006.8
1416,20,hgb,loso,Hagl - SWCC,29.28997,34.93002,01-07-2021 00:00,7859.4,7755.11972156867,-104.28027843132986,104.28027843132986,10874.37646971568,1.3268223837866742,31.6,4.9,1346.5,9040.0,0.12963943580609444,47.4,1001.9
1417,20,hgb,loso,Hagl - SWCC,29.28997,34.93002,01-08-2021 00:00,7092.8,7112.814806095582,20.014806095581662,20.014806095581662,400.59246304373283,0.28218483667355154,32.2,5.0,1620.8,7617.8,0.17543783690169504,50.8,1003.0
1418,20,hgb,loso,Hagl - SWCC,29.28997,34.93002,01-09-2021 00:00,6335.6,6352.814280863493,17.214280863492604,17.214280863492604,296.33146564720766,0.271707192112706,29.5,3.8,1365.9,7494.1,0.1541647855530474,53.8,1006.6
1419,20,hgb,loso,Hagl - SWCC,29.28997,34.93002,01-10-2021 00:00,5029.6,4796.750868920451,-232.8491310795498,232.8491310795498,54218.71784450137,4.629575534427187,26.9,0.0,1368.1,6158.4,0.1817710755331163,55.8,1010.4
1420,20,hgb,loso,Hagl - SWCC,29.28997,34.93002,01-11-2021 00:00,4057.2,4079.863449446073,22.663449446073173,22.663449446073173,513.6319407947144,0.5585982807372862,24.3,0.0,1119.1,5762.7,0.16261733848702375,50.2,1012.2
1421,20,hgb,loso,Hagl - SWCC,29.28997,34.93002,01-12-2021 00:00,3391.2,3630.1563369462606,238.95633694626076,238.95633694626076,57100.13096677491,7.046365208370512,19.7,0.0,1366.7,4299.0,0.2412235028328362,47.9,1014.6
309,21,hgb,loso,Hail - TVTC,27.65261,41.70826,01-01-2017 00:00,4169.5,4135.053869500731,-34.4461304992692,34.4461304992692,1186.535906372684,0.8261453531423241,12.2,3.4,1329.8,5620.2,0.19133812949640286,35.6,912.4
310,21,hgb,loso,Hail - TVTC,27.65261,41.70826,01-02-2017 00:00,5086.2,4963.581901673524,-122.61809832647577,122.61809832647577,15035.19803720128,2.4107997783507487,10.8,3.5,1599.7,6100.3,0.20775324675324675,28.4,912.7
311,21,hgb,loso,Hail - TVTC,27.65261,41.70826,01-03-2017 00:00,5446.5,5285.963380278128,-160.53661972187183,160.53661972187183,25772.006271724887,2.9475189520218823,18.1,3.8,2366.2,4584.1,0.34044573615527385,28.3,908.3
312,21,hgb,loso,Hail - TVTC,27.65261,41.70826,01-04-2017 00:00,5863.9,5873.599927522783,9.699927522783582,9.699927522783582,94.08859394725445,0.16541768315939193,23.9,4.0,2984.1,3896.2,0.4337165530572795,20.2,909.6
313,21,hgb,loso,Hail - TVTC,27.65261,41.70826,01-05-2017 00:00,6227.4,6437.961023227729,210.5610232277295,210.5610232277295,44335.94450270844,3.3812028009719866,29.0,3.4,3023.5,4219.2,0.41745481657392963,14.9,907.7
314,21,hgb,loso,Hail - TVTC,27.65261,41.70826,01-09-2017 00:00,6546.0,6857.264047051929,311.2640470519291,311.2640470519291,96885.30698714552,4.755026688847068,32.6,3.0,2359.7,5922.3,0.28491910166626416,9.2,907.7
315,21,hgb,loso,Hail - TVTC,27.65261,41.70826,01-10-2017 00:00,5714.3,5740.546512158026,26.246512158026235,26.246512158026235,688.879400461419,0.45931281448342287,26.8,3.1,1668.9,6630.7,0.2010819798544508,14.4,909.5
316,21,hgb,loso,Hail - TVTC,27.65261,41.70826,01-11-2017 00:00,4206.8,4203.155761283239,-3.6442387167608103,3.6442387167608103,13.280475824738478,0.08662733471429139,19.1,3.5,1758.8,4498.5,0.28107969891167117,37.9,911.7
317,21,hgb,loso,Hail - TVTC,27.65261,41.70826,01-03-2018 00:00,6241.9,6446.536718587961,204.6367185879617,204.6367185879617,41876.18659444863,3.278436350918177,22.4,3.5,2453.4,5651.8,0.30269456645116716,19.7,909.8
318,21,hgb,loso,Hail - TVTC,27.65261,41.70826,01-04-2018 00:00,6813.9,6616.574675263511,-197.32532473648826,197.32532473648826,38937.283782360544,2.8959234026987226,22.3,3.7,2866.1,5310.2,0.3505375292002495,31.2,907.1
319,21,hgb,loso,Hail - TVTC,27.65261,41.70826,01-05-2018 00:00,6997.7,6897.154171568253,-100.54582843174649,100.54582843174649,10109.4636150262,1.4368410825234932,27.9,3.5,3265.7,4853.3,0.4022293385884961,19.1,907.0
320,21,hgb,loso,Hail - TVTC,27.65261,41.70826,01-06-2018 00:00,8237.7,8202.261035696507,-35.438964303493776,35.438964303493776,1255.920190904306,0.4302045996272476,32.6,3.2,2404.7,7785.7,0.23597699795886323,11.1,904.9
321,21,hgb,loso,Hail - TVTC,27.65261,41.70826,01-07-2018 00:00,8175.3,8278.344987334463,103.04498733446326,103.04498733446326,10618.269414759694,1.2604428869211315,33.5,3.0,2293.6,7876.0,0.22553492762743862,11.3,903.1
322,21,hgb,loso,Hail - TVTC,27.65261,41.70826,01-09-2018 00:00,6236.9,6709.083231673023,472.18323167302333,472.18323167302333,222957.00427318003,7.570800103785909,33.6,2.7,2592.3,5069.1,0.3383585245516485,10.2,907.7
323,21,hgb,loso,Hail - TVTC,27.65261,41.70826,01-11-2018 00:00,3453.8,3451.4988680875454,-2.301131912454821,2.301131912454821,5.295208078517981,0.06662609046426606,16.0,3.4,1609.1,3496.3,0.3151760880636189,67.2,912.0
324,21,hgb,loso,Hail - TVTC,27.65261,41.70826,01-12-2018 00:00,3842.0,3816.513953697044,-25.486046302955856,25.486046302955856,649.5385561564099,0.6633536257927084,14.2,3.7,1358.8,5098.9,0.21041547300122335,52.8,913.2
325,21,hgb,loso,Hail - TVTC,27.65261,41.70826,01-01-2019 00:00,3652.9,3660.2054444725854,7.30544447258535,7.30544447258535,53.369518942027845,0.19999026725575159,13.9,3.6,1815.2,3568.0,0.3371972061227523,39.3,911.7
326,21,hgb,loso,Hail - TVTC,27.65261,41.70826,01-02-2019 00:00,4848.6,4476.108505170166,-372.49149482983466,372.49149482983466,138749.91372056474,7.682454622568054,13.5,3.5,1713.1,5424.7,0.24000392277732635,41.7,911.5
327,21,hgb,loso,Hail - TVTC,27.65261,41.70826,01-03-2019 00:00,6418.6,6555.770699041261,137.17069904126038,137.17069904126038,18815.800675468032,2.137081280049549,15.9,3.7,1872.9,7074.5,0.20932337885866287,27.6,909.2
328,21,hgb,loso,Hail - TVTC,27.65261,41.70826,01-04-2019 00:00,6834.9,6468.051975227027,-366.8480247729731,366.8480247729731,134577.47327983187,5.3672771331398135,20.7,3.5,2247.6,6405.1,0.2597570700474996,23.6,908.6
329,21,hgb,loso,Hail - TVTC,27.65261,41.70826,01-05-2019 00:00,6724.6,6896.901172193773,172.3011721937728,172.3011721937728,29687.693939348144,2.56225161636042,29.3,3.5,2655.1,5407.0,0.3293310675878493,14.8,907.8
330,21,hgb,loso,Hail - TVTC,27.65261,41.70826,01-07-2019 00:00,8184.0,8166.991517431276,-17.008482568723593,17.008482568723593,289.28847929057434,0.20782603334217492,33.7,3.1,1864.7,8552.2,0.17900719023893863,10.2,903.2
331,21,hgb,loso,Hail - TVTC,27.65261,41.70826,01-08-2019 00:00,7644.2,7708.589917198412,64.38991719841215,64.38991719841215,4146.061436818372,0.842336898542845,33.2,3.3,1908.1,7915.6,0.1942343516190437,11.1,904.4
332,21,hgb,loso,Hail - TVTC,27.65261,41.70826,01-09-2019 00:00,6659.0,6798.512318473553,139.51231847355302,139.51231847355302,19463.687005866082,2.0950941353589583,33.0,3.0,2017.6,6718.7,0.23094445016769113,11.4,906.6
333,21,hgb,loso,Hail - TVTC,27.65261,41.70826,01-10-2019 00:00,5007.4,5344.5502685277015,337.1502685277019,337.1502685277019,113670.30356830149,6.733040470657466,27.4,2.8,1944.4,4869.2,0.28537043559938946,24.9,909.9
334,21,hgb,loso,Hail - TVTC,27.65261,41.70826,01-11-2019 00:00,4172.4,4044.36092556818,-128.0390744318197,128.0390744318197,16394.004581357065,3.068715234201412,18.1,3.3,1514.5,4990.9,0.2328065914471055,44.6,911.9
335,21,hgb,loso,Hail - TVTC,27.65261,41.70826,01-12-2019 00:00,4280.9,4382.666269220619,101.7662692206195,101.7662692206195,10356.373551083609,2.3772166885612727,13.8,3.0,973.4,6996.3,0.1221375961454007,39.3,912.0
336,21,hgb,loso,Hail - TVTC,27.65261,41.70826,01-01-2020 00:00,4555.6,4567.380990645886,11.78099064588605,11.78099064588605,138.7917405984546,0.2586045887673643,10.4,3.3,1023.4,7158.7,0.1250779139829628,36.5,912.6
337,21,hgb,loso,Hail - TVTC,27.65261,41.70826,01-02-2020 00:00,5484.9,5870.462568021192,385.5625680211924,385.5625680211924,148658.49385909663,7.02952775841296,13.9,3.7,1484.5,7092.4,0.17308118317807134,33.9,911.9
338,21,hgb,loso,Hail - TVTC,27.65261,41.70826,01-03-2020 00:00,6371.4,6358.009186277267,-13.390813722732673,13.390813722732673,179.31389215692568,0.21017066457501765,18.4,4.0,2168.0,6380.4,0.25361471152496373,26.2,908.6
339,21,hgb,loso,Hail - TVTC,27.65261,41.70826,01-04-2020 00:00,7199.2,7124.815914260438,-74.38408573956167,74.38408573956167,5532.992211310462,1.0332271049500177,22.9,3.9,2498.0,6482.3,0.2781644265781767,24.9,907.6
340,21,hgb,loso,Hail - TVTC,27.65261,41.70826,01-05-2020 00:00,7321.9,7183.939133523844,-137.9608664761554,137.9608664761554,19033.200678851576,1.8842222165852498,28.9,3.6,2969.7,5666.2,0.3438784608436874,13.3,908.3
341,21,hgb,loso,Hail - TVTC,27.65261,41.70826,01-09-2020 00:00,6805.0,6872.9826607476225,67.9826607476225,67.9826607476225,4621.642162326333,0.9990104444911463,32.5,2.8,1980.6,7021.5,0.22001532975639015,8.9,907.5
342,21,hgb,loso,Hail - TVTC,27.65261,41.70826,01-10-2020 00:00,5948.5,5939.622427571448,-8.877572428552412,8.877572428552412,78.81129222419398,0.1492405216197766,25.6,2.5,1173.5,8055.1,0.1271590490431918,11.7,911.6
343,21,hgb,loso,Hail - TVTC,27.65261,41.70826,01-11-2020 00:00,4203.6,4225.097094992955,21.49709499295477,21.49709499295477,462.1250931361211,0.5113972545664375,18.9,3.4,1584.9,4907.3,0.24412371769199961,43.5,911.6
344,21,hgb,loso,Hail - TVTC,27.65261,41.70826,01-12-2020 00:00,3597.5,3630.7624247278613,33.262424727861344,33.262424727861344,1106.3888987766418,0.9245983246104613,13.6,3.4,1356.6,4611.2,0.2273199504004826,52.0,913.3
345,21,hgb,loso,Hail - TVTC,27.65261,41.70826,01-01-2021 00:00,4205.5,4209.96017639618,4.460176396180032,4.460176396180032,19.893173485041494,0.10605579351278163,13.0,3.3,1441.0,5379.0,0.21129032258064517,43.9,913.5
346,21,hgb,loso,Hail - TVTC,27.65261,41.70826,01-02-2021 00:00,4818.3,4766.436602757837,-51.863397242163046,51.863397242163046,2689.811973498405,1.0763837295760545,14.5,3.7,1657.8,5456.1,0.23303673090709734,41.7,912.1
347,21,hgb,loso,Hail - TVTC,27.65261,41.70826,01-03-2021 00:00,6358.1,6214.070973472475,-144.02902652752528,144.02902652752528,20744.360482466578,2.2652840711458655,20.4,3.9,2499.7,5803.7,0.3010453549148541,20.8,909.7
348,21,hgb,loso,Hail - TVTC,27.65261,41.70826,01-04-2021 00:00,7385.1,7169.721866613992,-215.3781333860088,215.3781333860088,46387.7403408414,2.9163875016724052,24.5,3.5,2608.9,6535.3,0.2853065331029505,15.1,910.1
349,21,hgb,loso,Hail - TVTC,27.65261,41.70826,01-05-2021 00:00,7637.6,7601.794306561718,-35.805693438282105,35.805693438282105,1282.0476825962382,0.46880817846289546,30.6,3.2,2423.3,6979.4,0.25772384527848385,9.9,906.7
350,21,hgb,loso,Hail - TVTC,27.65261,41.70826,01-07-2021 00:00,7810.3,7758.096435151604,-52.20356484839613,52.20356484839613,2725.2121828807,0.6683938497675649,35.4,3.1,2111.9,7682.1,0.2156320196038391,9.8,902.3
351,21,hgb,loso,Hail - TVTC,27.65261,41.70826,01-08-2021 00:00,7648.0,7569.007642065822,-78.99235793417756,78.99235793417756,6239.792612001225,1.0328498683862128,34.5,3.0,1929.6,7915.2,0.1960019502681619,8.7,904.5
352,21,hgb,loso,Hail - TVTC,27.65261,41.70826,01-09-2021 00:00,6641.5,6568.88728156605,-72.61271843395025,72.61271843395025,5272.6068783681385,1.0933180521561432,31.3,2.9,2018.3,6679.7,0.23204184870085076,13.4,906.8
353,21,hgb,loso,Hail - TVTC,27.65261,41.70826,01-10-2021 00:00,5596.1,5773.615911825656,177.51591182565608,177.51591182565608,31511.898951294104,3.17213616314319,27.8,3.1,1749.6,6239.5,0.21899838529997118,15.0,910.3
354,21,hgb,loso,Hail - TVTC,27.65261,41.70826,01-11-2021 00:00,4565.9,4708.383053041892,142.48305304189216,142.48305304189216,20301.420404138655,3.1205907497293452,19.1,2.9,1364.3,6071.7,0.18347229693383538,28.5,912.3
586,22,hgb,loso,Jazan - University,16.96035,42.545865,01-01-2017 00:00,4845.9,4702.54394578706,-143.35605421293985,143.35605421293985,20550.95827950335,2.958295759568705,26.4,2.8,1898.2,4808.7,0.28302196245657457,75.7,1013.9
587,22,hgb,loso,Jazan - University,16.96035,42.545865,01-02-2017 00:00,4480.2,4555.923838349506,75.72383834950597,75.72383834950597,5734.099694382111,1.6901887940160252,26.6,3.1,2707.0,2575.1,0.5124855644535317,73.7,1013.3
588,22,hgb,loso,Jazan - University,16.96035,42.545865,01-09-2017 00:00,6127.2,6036.145939463239,-91.05406053676052,91.05406053676052,8290.841940232049,1.4860631371060276,32.8,3.0,2719.6,4304.0,0.38720883877213963,70.6,1005.7
589,22,hgb,loso,Jazan - University,16.96035,42.545865,01-10-2017 00:00,5777.2,5505.587586354683,-271.61241364531725,271.61241364531725,73773.30324623492,4.7014542277455735,31.4,3.0,2056.1,5247.3,0.28152641235588904,71.2,1009.0
590,22,hgb,loso,Jazan - University,16.96035,42.545865,01-11-2017 00:00,4930.5,4866.820536886226,-63.679463113773636,63.679463113773636,4055.074022458457,1.291541691791373,29.3,2.9,1890.4,4789.9,0.2829813032348847,68.3,1011.7
591,22,hgb,loso,Jazan - University,16.96035,42.545865,01-03-2018 00:00,6358.3,6174.978309026234,-183.32169097376664,183.32169097376664,33606.84238148119,2.88318718798683,28.2,3.0,2313.2,5432.7,0.29863540711860465,69.3,1010.3
592,22,hgb,loso,Jazan - University,16.96035,42.545865,01-04-2018 00:00,6438.9,6535.790383203073,96.89038320307372,96.89038320307372,9387.746357238471,1.5047660812106685,30.8,3.2,2756.7,4729.8,0.3682228010418753,67.3,1007.8
593,22,hgb,loso,Jazan - University,16.96035,42.545865,01-05-2018 00:00,6626.3,6284.855271158743,-341.44472884125753,341.44472884125753,116584.50285347988,5.152871569975062,32.2,3.1,3065.2,4422.6,0.4093592243382569,65.3,1005.9
594,22,hgb,loso,Jazan - University,16.96035,42.545865,01-06-2018 00:00,5771.5,6020.066046333583,248.56604633358256,248.56604633358256,61785.079389908715,4.30678413468912,33.4,3.4,3795.9,2355.7,0.6170589765264322,64.7,1003.3
595,22,hgb,loso,Jazan - University,16.96035,42.545865,01-07-2018 00:00,5564.3,5768.757383426739,204.4573834267385,204.4573834267385,41802.82163770836,3.6744493184540463,33.6,3.1,3912.7,1901.7,0.6729327187671987,62.7,1003.3
596,22,hgb,loso,Jazan - University,16.96035,42.545865,01-08-2018 00:00,5592.4,5641.540994223744,49.1409942237442,49.1409942237442,2414.837313298061,0.8787102893881732,33.1,0.9,3454.5,2489.2,0.5812036273701566,66.9,1003.9
597,22,hgb,loso,Jazan - University,16.96035,42.545865,01-09-2018 00:00,6013.7,6004.380356469799,-9.319643530200665,9.319643530200665,86.85575553001111,0.15497353592963842,33.1,0.2,2776.4,4092.0,0.40422805893657915,68.8,1006.0
598,22,hgb,loso,Jazan - University,16.96035,42.545865,01-10-2018 00:00,5312.8,5274.070122652048,-38.729877347952424,38.729877347952424,1500.0033993874383,0.7289918187763971,31.0,0.0,2103.8,4681.1,0.3100708927176524,69.3,1009.9
599,22,hgb,loso,Jazan - University,16.96035,42.545865,01-01-2019 00:00,4555.0,4360.891924754317,-194.1080752456828,194.1080752456828,37677.944875583664,4.261428655229041,26.5,0.0,2345.3,3542.5,0.3983321444342539,75.3,1014.3
600,22,hgb,loso,Jazan - University,16.96035,42.545865,01-02-2019 00:00,5009.4,5149.781735989316,140.38173598931644,140.38173598931644,19707.03179937414,2.8023662711964796,27.1,0.0,2780.7,3202.9,0.46472023530984685,72.5,1012.8
601,22,hgb,loso,Jazan - University,16.96035,42.545865,01-03-2019 00:00,5803.7,5767.243295405533,-36.45670459446683,36.45670459446683,1329.0913098882188,0.6281631475518519,28.0,0.0,2850.6,3932.9,0.42022554728385053,69.4,1011.3
602,22,hgb,loso,Jazan - University,16.96035,42.545865,01-04-2019 00:00,6218.7,6247.491899935243,28.791899935243237,28.791899935243237,828.9735018810595,0.46298904811686103,30.3,0.0,2973.3,4159.3,0.41686061183860024,69.9,1008.8
603,22,hgb,loso,Jazan - University,16.96035,42.545865,01-05-2019 00:00,6336.4,6317.0694520829875,-19.330547917012154,19.330547917012154,373.6700827719029,0.30507145882539227,32.9,0.0,2598.0,4736.9,0.35419705790126654,58.4,1007.0
604,22,hgb,loso,Jazan - University,16.96035,42.545865,01-06-2019 00:00,5858.4,5830.17993933078,-28.220060669219492,28.220060669219492,796.3718241744289,0.481702524054682,33.8,0.0,3270.2,3108.3,0.5126910715685505,66.0,1003.7
605,22,hgb,loso,Jazan - University,16.96035,42.545865,01-07-2019 00:00,5692.1,5894.113926747631,202.01392674763065,202.01392674763065,40809.62659999708,3.549022799101046,33.8,0.0,3737.2,2264.7,0.6226694879954681,62.9,1002.2
606,22,hgb,loso,Jazan - University,16.96035,42.545865,01-08-2019 00:00,5297.0,5607.358641978244,310.3586419782441,310.3586419782441,96322.48665057991,5.859139927850559,32.4,0.0,3286.6,2389.9,0.5789835285827535,67.5,1004.8
607,22,hgb,loso,Jazan - University,16.96035,42.545865,01-09-2019 00:00,5832.6,5875.67035078647,43.070350786470044,43.070350786470044,1855.0551168695808,0.7384417032964723,32.5,0.0,2756.8,3856.2,0.41687585059730836,68.1,1004.9
608,22,hgb,loso,Jazan - University,16.96035,42.545865,01-10-2019 00:00,5463.7,5191.542568043051,-272.15743195694904,272.15743195694904,74069.66776940135,4.981192817265755,30.9,0.0,1948.9,4979.8,0.28127931646629234,65.4,1009.4
609,22,hgb,loso,Jazan - University,16.96035,42.545865,01-11-2019 00:00,4841.9,4787.002280924137,-54.89771907586237,54.89771907586237,3013.759559732303,1.133805305269881,29.3,0.0,1881.3,4659.0,0.2876473556258887,63.9,1010.6
610,22,hgb,loso,Jazan - University,16.96035,42.545865,01-12-2019 00:00,4326.8,4201.235014932739,-125.56498506726075,125.56498506726075,15766.565474941415,2.902028868153387,27.8,0.0,1920.6,4072.9,0.320447151080337,60.2,1012.5
611,22,hgb,loso,Jazan - University,16.96035,42.545865,01-01-2020 00:00,4546.7,4459.457150246694,-87.24284975330556,87.24284975330556,7611.314833077849,1.9188169387315102,26.3,0.3,1938.8,4213.2,0.31514954486345903,62.6,1014.6
612,22,hgb,loso,Jazan - University,16.96035,42.545865,01-02-2020 00:00,4908.3,4885.400220978628,-22.899779021372524,22.899779021372524,524.3998792276932,0.46655214679975804,26.8,3.2,2796.9,3092.3,0.4749201928954696,63.9,1013.8
613,22,hgb,loso,Jazan - University,16.96035,42.545865,01-03-2020 00:00,5625.9,5639.759525986976,13.859525986976223,13.859525986976223,192.08646058366924,0.24635215675671845,28.1,3.3,2985.8,3471.4,0.4623985628445766,64.9,1010.4
614,22,hgb,loso,Jazan - University,16.96035,42.545865,01-04-2020 00:00,6391.6,6504.798870194837,113.19887019483667,113.19887019483667,12813.984213387483,1.7710568589216575,30.8,3.3,2487.2,5109.0,0.32742687133040205,66.0,1008.9
615,22,hgb,loso,Jazan - University,16.96035,42.545865,01-09-2020 00:00,5985.6,5794.049628516935,-191.55037148306565,191.55037148306565,36691.54481530045,3.2001866393187925,32.7,2.6,2576.3,4338.2,0.37259382457155255,68.5,1004.8
616,22,hgb,loso,Jazan - University,16.96035,42.545865,01-10-2020 00:00,5765.0,5660.349962310698,-104.65003768930183,104.65003768930183,10951.630388372292,1.8152651810806906,31.4,2.7,1720.7,5828.1,0.2279435142009326,66.3,1009.0
617,22,hgb,loso,Jazan - University,16.96035,42.545865,01-11-2020 00:00,4773.8,4709.813425699633,-63.986574300367465,63.986574300367465,4094.2816906964463,1.3403698165060844,29.5,2.8,1916.2,4469.8,0.3000626370184779,69.0,1011.9
618,22,hgb,loso,Jazan - University,16.96035,42.545865,01-12-2020 00:00,4470.6,4423.6595577346325,-46.94044226536789,46.94044226536789,2203.405120068336,1.0499808138810873,27.6,2.6,1809.1,4512.5,0.28617754998734496,68.5,1013.1
619,22,hgb,loso,Jazan - University,16.96035,42.545865,01-01-2021 00:00,4567.8,4450.175402632378,-117.6245973676223,117.6245973676223,13835.545905895258,2.5750820387850233,25.9,2.5,2039.8,4135.8,0.3302998898892415,67.5,1013.5
620,22,hgb,loso,Jazan - University,16.96035,42.545865,01-02-2021 00:00,4771.7,4601.239979342224,-170.4600206577761,170.4600206577761,29056.61864264946,3.5723121876433157,26.2,2.8,2167.7,3835.3,0.3611027819423621,66.7,1012.9
621,22,hgb,loso,Jazan - University,16.96035,42.545865,01-03-2021 00:00,6135.9,6004.321218884762,-131.5787811152377,131.5787811152377,17312.97563977163,2.1444088253595677,28.4,2.7,2459.1,4951.1,0.3318533912714906,66.9,1010.2
622,22,hgb,loso,Jazan - University,16.96035,42.545865,01-04-2021 00:00,6471.7,6423.3013427870355,-48.39865721296428,48.39865721296428,2342.4300200180196,0.7478507534799864,30.2,2.8,2649.0,4894.8,0.3511492881571622,65.2,1008.9
623,22,hgb,loso,Jazan - University,16.96035,42.545865,01-05-2021 00:00,6409.8,6541.520636114982,131.72063611498197,131.72063611498197,17350.325978535493,2.054988238556304,32.3,2.6,2731.9,4649.9,0.37008588691105154,66.1,1006.3
624,22,hgb,loso,Jazan - University,16.96035,42.545865,01-07-2021 00:00,5168.4,5314.686147643437,146.2861476434373,146.2861476434373,21399.636992357533,2.8303952411469178,33.0,3.2,3252.6,2258.3,0.5902121250612423,65.4,1002.7
625,22,hgb,loso,Jazan - University,16.96035,42.545865,01-08-2021 00:00,5508.7,5490.657987316614,-18.04201268338602,18.04201268338602,325.514221667462,0.32751851949436384,33.2,2.6,3038.2,2985.1,0.5044078827220959,70.0,1003.7
626,22,hgb,loso,Jazan - University,16.96035,42.545865,01-09-2021 00:00,5653.7,5677.706478770656,24.00647877065603,24.00647877065603,576.3110229659587,0.4246153628713238,32.9,2.0,2713.4,3697.1,0.42327431557600814,69.5,1004.7
627,22,hgb,loso,Jazan - University,16.96035,42.545865,01-10-2021 00:00,5472.3,5561.645142591175,89.34514259117441,89.34514259117441,7982.554504637287,1.6326799077385088,31.5,0.3,2142.3,4702.2,0.31299583607275916,70.3,1008.9
628,22,hgb,loso,Jazan - University,16.96035,42.545865,01-11-2021 00:00,4887.3,4950.433246704663,63.13324670466318,63.13324670466318,3985.8068394718644,1.2917816934639408,29.7,0.0,1707.7,5022.5,0.2537368874624826,68.8,1011.3
629,22,hgb,loso,Jazan - University,16.96035,42.545865,01-12-2021 00:00,4518.0,4415.178484772912,-102.82151522708773,102.82151522708773,10572.263993594233,2.2758192834680773,27.5,0.0,1608.2,4876.1,0.24801443486575267,70.3,1013.5
1603,23,hgb,loso,Jeddah - KAU,21.49604,39.24492,01-01-2017 00:00,4179.9,4154.254379875773,-25.645620124226298,25.645620124226298,657.6978315561208,0.6135462600594822,25.6,3.4,1566.2,4609.3,0.2536150918953931,80.0,1007.6
1604,23,hgb,loso,Jeddah - KAU,21.49604,39.24492,01-02-2017 00:00,4052.3,4074.6802464110747,22.380246411074495,22.380246411074495,500.8754294204128,0.5522850334643165,24.8,4.4,2134.6,2999.4,0.41577717179587065,63.8,1007.1
1605,23,hgb,loso,Jeddah - KAU,21.49604,39.24492,01-03-2017 00:00,5072.3,5303.656574189125,231.35657418912524,231.35657418912524,53525.86442052821,4.561176866295867,26.8,4.1,2542.8,3507.3,0.4202905737095255,72.5,1003.5
1606,23,hgb,loso,Jeddah - KAU,21.49604,39.24492,01-04-2017 00:00,5700.8,5793.488231530255,92.6882315302546,92.6882315302546,8591.108264206083,1.6258811312492034,30.9,4.2,2830.8,3692.8,0.4339321846833037,60.5,1002.2
1607,23,hgb,loso,Jeddah - KAU,21.49604,39.24492,01-05-2017 00:00,6236.0,6058.162145416012,-177.8378545839878,177.8378545839878,31626.30252303559,2.85179369121212,33.5,4.2,2791.6,4368.0,0.3899100508408291,55.1,1000.6
1608,23,hgb,loso,Jeddah - KAU,21.49604,39.24492,01-06-2017 00:00,6628.0,6541.892275849449,-86.1077241505509,86.1077241505509,7414.540158387365,1.2991509376969055,33.7,3.9,2515.2,5244.5,0.32413624238050437,65.0,996.9
1609,23,hgb,loso,Jeddah - KAU,21.49604,39.24492,01-09-2017 00:00,5981.7,6050.68154479729,68.98154479729055,68.98154479729055,4758.4535226206035,1.153209702881966,33.9,3.6,2723.3,4310.0,0.3872008872079963,77.9,998.8
1610,23,hgb,loso,Jeddah - KAU,21.49604,39.24492,01-10-2017 00:00,5562.0,5595.226361778223,33.22636177822278,33.22636177822278,1103.9911170173436,0.5973815494106937,31.4,3.6,1835.5,5582.8,0.24742865616111506,85.1,1002.5
1611,23,hgb,loso,Jeddah - KAU,21.49604,39.24492,01-11-2017 00:00,4469.3,4457.373561519122,-11.92643848087846,11.92643848087846,142.2399348381785,0.2668524932512577,29.2,3.3,1802.6,4521.0,0.28505914352583966,83.0,1005.0
1612,23,hgb,loso,Jeddah - KAU,21.49604,39.24492,01-03-2018 00:00,6348.6,6548.34558801358,199.74558801357944,199.74558801357944,39898.29993089061,3.14629348224143,28.5,3.3,2259.9,5876.0,0.2777689007976991,50.1,1003.6
1613,23,hgb,loso,Jeddah - KAU,21.49604,39.24492,01-04-2018 00:00,6918.0,7152.552531014451,234.55253101445123,234.55253101445123,55014.88980528511,3.390467346262666,29.7,3.7,2655.6,5662.2,0.3192671139003102,46.4,1001.4
1614,23,hgb,loso,Jeddah - KAU,21.49604,39.24492,01-05-2018 00:00,7145.1,7239.970970815627,94.8709708156266,94.8709708156266,9000.501103499475,1.3277766695445354,33.4,4.0,3077.0,5216.1,0.37103133930617016,40.2,999.3
1615,23,hgb,loso,Jeddah - KAU,21.49604,39.24492,01-06-2018 00:00,7049.4,7104.427553617865,55.027553617865124,55.027553617865124,3028.031657167021,0.7805991093974682,33.9,4.2,3198.7,4900.1,0.39495974712303056,46.2,997.1
1616,23,hgb,loso,Jeddah - KAU,21.49604,39.24492,01-07-2018 00:00,6883.0,6777.018770040579,-105.9812299594214,105.9812299594214,11232.02110371176,1.539753449940744,34.7,3.8,3023.7,4886.1,0.38227262383372523,44.2,997.2
1617,23,hgb,loso,Jeddah - KAU,21.49604,39.24492,01-08-2018 00:00,6584.6,6627.535798092241,42.935798092240475,42.935798092240475,1843.4827578176407,0.6520638777183196,34.5,4.1,2592.3,5172.4,0.3338570711038418,50.0,997.4
1618,23,hgb,loso,Jeddah - KAU,21.49604,39.24492,01-09-2018 00:00,5723.0,5887.530534496915,164.5305344969147,164.5305344969147,27070.296781840436,2.8749001309962376,33.4,3.0,3065.4,3435.0,0.47157098024736943,64.1,998.9
1619,23,hgb,loso,Jeddah - KAU,21.49604,39.24492,01-10-2018 00:00,5027.9,4985.428977687592,-42.47102231240751,42.47102231240751,1803.7877362610168,0.844706981292538,31.3,2.8,2094.4,4373.8,0.32379951145604646,61.2,1003.1
1620,23,hgb,loso,Jeddah - KAU,21.49604,39.24492,01-11-2018 00:00,3939.4,4140.161488157661,200.76148815766055,200.76148815766055,40305.175127278475,5.096245320547813,27.7,2.9,1792.8,3701.1,0.3263255610768307,58.3,1005.1
1621,23,hgb,loso,Jeddah - KAU,21.49604,39.24492,01-12-2018 00:00,3797.9,3885.53047786534,87.6304778653398,87.6304778653398,7679.100650907809,2.307340316104684,25.7,3.7,1753.3,3762.9,0.31784561836046554,62.6,1007.5
1622,23,hgb,loso,Jeddah - KAU,21.49604,39.24492,01-01-2019 00:00,3970.1,4095.491688848595,125.3916888485951,125.3916888485951,15723.075632302887,3.15840127071346,25.1,3.4,2042.4,3345.4,0.37907865919299155,65.3,1007.5
1623,23,hgb,loso,Jeddah - KAU,21.49604,39.24492,01-02-2019 00:00,4629.8,4389.8314034975765,-239.96859650242368,239.96859650242368,57584.92730734302,5.183130945233567,25.0,4.1,2151.7,3871.2,0.35725315047568446,56.0,1006.5
1624,23,hgb,loso,Jeddah - KAU,21.49604,39.24492,01-03-2019 00:00,6041.3,6226.493831786863,185.19383178686257,185.19383178686257,34296.75533190075,3.065463257690606,25.1,4.4,2348.2,5361.8,0.3045654993514915,51.9,1005.3
1625,23,hgb,loso,Jeddah - KAU,21.49604,39.24492,01-04-2019 00:00,6618.6,6567.287107205771,-51.31289279422981,51.31289279422981,2633.0129669121216,0.7752831836676912,28.6,3.8,2576.9,5463.5,0.3204940052733695,49.1,1002.5
1626,23,hgb,loso,Jeddah - KAU,21.49604,39.24492,01-05-2019 00:00,6524.3,6370.971462201135,-153.328537798865,153.328537798865,23509.640503537972,2.3501147678504206,33.6,2.6,2746.2,4804.7,0.3636917453548584,43.8,1000.3
1627,23,hgb,loso,Jeddah - KAU,21.49604,39.24492,01-06-2019 00:00,6589.8,6584.312855664157,-5.487144335843368,5.487144335843368,30.108752962377956,0.08326723627186512,34.9,4.5,3057.6,4456.4,0.40692041522491346,43.8,997.4
1628,23,hgb,loso,Jeddah - KAU,21.49604,39.24492,01-07-2019 00:00,6880.8,6949.250395292284,68.45039529228416,68.45039529228416,4685.456615669957,0.9948028614737262,34.9,4.2,2642.1,5472.3,0.3256063294883171,43.7,996.2
1629,23,hgb,loso,Jeddah - KAU,21.49604,39.24492,01-08-2019 00:00,6475.4,6497.437667355635,22.037667355635676,22.037667355635676,485.65878247765033,0.34032905080204584,34.1,3.7,2437.3,5252.1,0.31696881421177203,54.8,998.0
1630,23,hgb,loso,Jeddah - KAU,21.49604,39.24492,01-09-2019 00:00,5790.5,5897.206545988136,106.70654598813599,106.70654598813599,11386.28695671818,1.8427863912984368,32.9,3.7,2502.0,4294.4,0.36813607203813786,61.3,998.2
1631,23,hgb,loso,Jeddah - KAU,21.49604,39.24492,01-10-2019 00:00,5083.3,5372.592340804821,289.2923408048209,289.2923408048209,83690.05844833265,5.69103418654852,31.6,2.7,2204.6,4315.5,0.3381236484103004,62.8,1002.5
1632,23,hgb,loso,Jeddah - KAU,21.49604,39.24492,01-11-2019 00:00,4252.7,4436.379168128763,183.6791681287632,183.6791681287632,33738.036804474454,4.319118868689613,29.2,2.8,1605.0,4497.7,0.2629983449948384,59.6,1003.8
1633,23,hgb,loso,Jeddah - KAU,21.49604,39.24492,01-12-2019 00:00,4059.6,4196.756662663439,137.15666266343896,137.15666266343896,18811.950112972394,3.378575787354394,25.7,4.0,1565.7,4614.5,0.25334131581502217,57.4,1006.5
1634,23,hgb,loso,Jeddah - KAU,21.49604,39.24492,01-01-2020 00:00,4583.7,4478.225554752319,-105.4744452476807,105.4744452476807,11124.858600305995,2.301076537462764,22.6,4.4,1415.2,5733.1,0.1979771414182393,52.3,1009.2
1635,23,hgb,loso,Jeddah - KAU,21.49604,39.24492,01-02-2020 00:00,4780.0,4841.26819405329,61.268194053290244,61.268194053290244,3753.79160255163,1.2817613818679967,23.9,3.9,2208.5,4053.1,0.35270537881691577,58.5,1007.7
1636,23,hgb,loso,Jeddah - KAU,21.49604,39.24492,01-03-2020 00:00,5935.3,6065.860201588833,130.56020158883257,130.56020158883257,17045.966238916597,2.1997237138616845,25.7,4.0,2378.5,4998.4,0.32242540904716077,57.1,1003.9
1637,23,hgb,loso,Jeddah - KAU,21.49604,39.24492,01-04-2020 00:00,6537.0,6440.7505286169635,-96.24947138303651,96.24947138303651,9263.960741513964,1.4723798590031592,28.2,3.3,2184.2,5974.0,0.26773062685396287,54.4,1002.7
1638,23,hgb,loso,Jeddah - KAU,21.49604,39.24492,01-05-2020 00:00,6427.6,6405.593445702982,-22.006554297018738,22.006554297018738,484.28843202763386,0.34237591475852164,31.9,3.8,2462.4,5198.2,0.3214369631621544,48.8,1000.7
1639,23,hgb,loso,Jeddah - KAU,21.49604,39.24492,01-09-2020 00:00,5847.3,6018.943518197188,171.6435181971874,171.6435181971874,29461.497339108202,2.9354320489317702,34.2,2.7,2430.1,4579.5,0.3466816936772426,60.5,997.6
1640,23,hgb,loso,Jeddah - KAU,21.49604,39.24492,01-10-2020 00:00,5407.9,5508.917468038319,101.01746803831975,101.01746803831975,10204.528848872951,1.8679610946637282,32.3,2.3,1707.8,5708.9,0.23026413364434317,52.5,1002.1
1641,23,hgb,loso,Jeddah - KAU,21.49604,39.24492,01-11-2020 00:00,4208.8,4471.059910041042,262.2599100410416,262.2599100410416,68780.26041473524,6.231227666818134,28.5,3.4,1550.9,4592.0,0.25247033160233767,64.0,1005.1
1642,23,hgb,loso,Jeddah - KAU,21.49604,39.24492,01-12-2020 00:00,3885.5,4047.2700882509025,161.77008825090252,161.77008825090252,26169.561452704787,4.163430401515957,26.5,3.1,1687.9,4103.0,0.29147455490510976,60.3,1006.3
1643,23,hgb,loso,Jeddah - KAU,21.49604,39.24492,01-01-2021 00:00,4281.3,4146.4686285878,-134.8313714122005,134.8313714122005,18179.49871689476,3.149309121346332,25.4,3.3,1719.6,4525.4,0.2753562850280224,61.7,1006.7
1644,23,hgb,loso,Jeddah - KAU,21.49604,39.24492,01-02-2021 00:00,4820.6,4593.100603275259,-227.49939672474102,227.49939672474102,51755.975510121105,4.719317029513774,24.7,3.7,1769.2,4875.9,0.26624129057501017,60.2,1006.5
1645,23,hgb,loso,Jeddah - KAU,21.49604,39.24492,01-09-2021 00:00,5596.1,5732.74351070593,136.64351070592966,136.64351070592966,18671.449018041512,2.441763204837827,32.6,4.0,2585.6,3944.4,0.3959571209800919,66.2,998.3
1646,23,hgb,loso,Jeddah - KAU,21.49604,39.24492,01-10-2021 00:00,5173.6,5033.746803047987,-139.8531969520136,139.8531969520136,19558.916697698707,2.7032085385807485,30.9,0.7,1797.1,5048.1,0.26253433062584,69.1,1002.3
1647,23,hgb,loso,Jeddah - KAU,21.49604,39.24492,01-11-2021 00:00,4184.6,4346.92248328194,162.32248328193964,162.32248328193964,26348.588578815576,3.8790441925617656,28.4,0.0,1386.1,4797.1,0.22417194979945654,67.6,1004.8
1648,23,hgb,loso,Jeddah - KAU,21.49604,39.24492,01-12-2021 00:00,3625.7,3960.9983417269955,335.29834172699566,335.29834172699566,112424.97796487316,9.247823640317613,26.1,0.0,1689.8,3558.4,0.32197705880111277,66.8,1007.0
41,24,hgb,loso,Layla - TVTC,22.27948,46.73319,01-01-2017 00:00,4876.1,4849.349516137319,-26.750483862680994,26.750483862680994,715.5883868875563,0.548604086517524,18.6,2.3,1507.6,6091.5,0.19839191483201957,32.7,954.8
42,24,hgb,loso,Layla - TVTC,22.27948,46.73319,01-02-2017 00:00,4616.1,4197.867408609888,-418.23259139011225,418.23259139011225,174918.5005008886,9.060301800006764,16.9,2.5,2531.8,3249.8,0.4379064618790646,44.6,955.1
43,24,hgb,loso,Layla - TVTC,22.27948,46.73319,01-03-2017 00:00,5561.4,5764.098732202242,202.69873220224235,202.69873220224235,41086.77603639636,3.644742910098939,24.2,2.9,2994.1,3519.2,0.4596901724164402,42.2,949.9
44,24,hgb,loso,Layla - TVTC,22.27948,46.73319,01-04-2017 00:00,7234.4,7259.845735034272,25.44573503427273,25.44573503427273,647.4854314344146,0.3517324869273572,30.7,2.5,2940.1,5645.8,0.3424335247324101,18.9,949.4
45,24,hgb,loso,Layla - TVTC,22.27948,46.73319,01-05-2017 00:00,7183.5,7088.694033448381,-94.80596655161935,94.80596655161935,8988.171293786767,1.3197740175627388,35.5,2.4,3519.0,4607.1,0.43304906412670285,17.6,946.3
46,24,hgb,loso,Layla - TVTC,22.27948,46.73319,01-06-2017 00:00,7708.1,7749.086123995352,40.98612399535159,40.98612399535159,1679.8623601623353,0.5317279744081108,37.8,2.7,3129.9,5882.6,0.3472843273231623,9.8,942.4
47,24,hgb,loso,Layla - TVTC,22.27948,46.73319,01-09-2017 00:00,7081.8,7080.218278805299,-1.5817211947014584,1.5817211947014584,2.501841937767809,0.02233501644640428,35.2,2.3,2113.6,6908.4,0.23427178009310573,12.0,945.2
48,24,hgb,loso,Layla - TVTC,22.27948,46.73319,01-10-2017 00:00,6346.5,6550.7915929974215,204.2915929974215,204.2915929974215,41735.05496942412,3.2189646734014263,30.2,2.1,1599.1,7406.4,0.1775692632280273,17.5,950.2
49,24,hgb,loso,Layla - TVTC,22.27948,46.73319,01-11-2017 00:00,5221.3,4977.989438025906,-243.31056197409453,243.31056197409453,59200.029568149694,4.659961350125343,23.5,2.0,1532.9,6449.1,0.1920446003507893,33.0,953.4
50,24,hgb,loso,Layla - TVTC,22.27948,46.73319,01-03-2018 00:00,6698.7,6773.838482199358,75.1384821993579,75.1384821993579,5645.791507223224,1.121687524435456,25.9,2.6,2424.9,6159.7,0.28247093632784287,22.2,950.9
51,24,hgb,loso,Layla - TVTC,22.27948,46.73319,01-04-2018 00:00,6787.2,6708.754944673888,-78.4450553261122,78.4450553261122,6153.626705116803,1.1557793394347036,28.6,3.1,3720.5,3832.4,0.49259224933469264,30.9,948.0
52,24,hgb,loso,Layla - TVTC,22.27948,46.73319,01-05-2018 00:00,7406.8,7153.162675204439,-253.63732479556074,253.63732479556074,64331.89252944877,3.424384684284181,33.3,2.8,3444.5,5047.0,0.40564093505269977,17.9,946.1
53,24,hgb,loso,Layla - TVTC,22.27948,46.73319,01-06-2018 00:00,7584.6,7290.861638571128,-293.73836142887194,293.73836142887194,86282.2249749186,3.8728260083441697,37.8,2.6,3746.8,4811.7,0.4377869953847053,12.2,941.7
54,24,hgb,loso,Layla - TVTC,22.27948,46.73319,01-07-2018 00:00,7466.0,7277.994304668169,-188.0056953318308,188.0056953318308,35346.14147720518,2.5181582551812323,38.9,2.7,3551.7,4934.3,0.41853641291539,10.9,939.0
55,24,hgb,loso,Layla - TVTC,22.27948,46.73319,01-08-2018 00:00,7273.2,7357.058615588346,83.85861558834586,83.85861558834586,7032.267408393963,1.1529810205734183,38.0,2.8,3072.9,5420.4,0.36180283282116493,13.1,940.5
56,24,hgb,loso,Layla - TVTC,22.27948,46.73319,01-09-2018 00:00,6883.2,6830.3214745221885,-52.87852547781131,52.87852547781131,2796.1384567075397,0.7682259047799179,36.0,2.4,2311.1,6303.5,0.2682771109511759,14.7,945.1
57,24,hgb,loso,Layla - TVTC,22.27948,46.73319,01-10-2018 00:00,5925.0,6068.3516726429425,143.3516726429425,143.3516726429425,20549.70204952935,2.419437512961055,29.4,2.3,1934.9,6075.4,0.24155150244060775,29.1,951.2
58,24,hgb,loso,Layla - TVTC,22.27948,46.73319,01-11-2018 00:00,4780.8,4628.776691548897,-152.02330845110282,152.02330845110282,23111.08631241915,3.179871746383509,23.6,2.7,1932.0,4908.4,0.28243962341383544,41.1,953.2
59,24,hgb,loso,Layla - TVTC,22.27948,46.73319,01-12-2018 00:00,4692.0,4611.46587634903,-80.53412365097029,80.53412365097029,6485.745072229772,1.7164135475483864,19.0,2.2,1472.6,6052.0,0.19570475507003693,45.1,955.5
60,24,hgb,loso,Layla - TVTC,22.27948,46.73319,01-01-2019 00:00,4759.5,5170.94784630216,411.44784630215963,411.44784630215963,169289.3302266856,8.644770381387954,18.4,2.5,2151.3,4667.5,0.31549539508417906,34.2,955.3
61,24,hgb,loso,Layla - TVTC,22.27948,46.73319,01-02-2019 00:00,5422.8,5666.451288784493,243.65128878449286,243.65128878449286,59365.950526344335,4.493090078640054,19.4,2.8,2465.4,4623.9,0.3477635309551014,32.3,953.5
62,24,hgb,loso,Layla - TVTC,22.27948,46.73319,01-03-2019 00:00,6304.4,6130.003337110778,-174.39666288922126,174.39666288922126,30414.196026896683,2.7662690008441926,22.9,2.7,3166.7,4375.8,0.4198475306595956,24.4,950.8
63,24,hgb,loso,Layla - TVTC,22.27948,46.73319,01-04-2019 00:00,6610.5,6483.988136918108,-126.51186308189244,126.51186308189244,16005.2515004515,1.9138017257679818,27.4,2.4,3325.2,4240.9,0.4394866575910971,33.1,949.0
64,24,hgb,loso,Layla - TVTC,22.27948,46.73319,01-05-2019 00:00,6704.8,6756.751863199806,51.95186319980621,51.95186319980621,2698.9960899313787,0.7748458298503491,33.6,2.4,3436.5,4137.9,0.4536993029150824,20.8,947.0
65,24,hgb,loso,Layla - TVTC,22.27948,46.73319,01-06-2019 00:00,7413.6,7412.125860627146,-1.4741393728545518,1.4741393728545518,2.173086890600011,0.019884258293602994,38.1,2.4,2893.3,5815.2,0.33223861744272837,11.8,942.6
66,24,hgb,loso,Layla - TVTC,22.27948,46.73319,01-07-2019 00:00,7562.4,7539.863594024565,-22.536405975434718,22.536405975434718,507.88959428960965,0.2980060030603343,38.7,2.7,3026.4,5803.0,0.3427639477201169,11.6,939.5
67,24,hgb,loso,Layla - TVTC,22.27948,46.73319,01-08-2019 00:00,7529.1,7523.786814028343,-5.313185971657731,5.313185971657731,28.229945169420507,0.0705686731702027,38.0,2.3,2532.8,6574.1,0.27811878905006093,12.1,941.0
68,24,hgb,loso,Layla - TVTC,22.27948,46.73319,01-09-2019 00:00,6903.7,6953.213754361595,49.5137543615956,49.5137543615956,2451.6118709804273,0.7172060541679911,35.5,2.4,2127.3,6621.3,0.24315890542486798,16.9,944.7
69,24,hgb,loso,Layla - TVTC,22.27948,46.73319,01-10-2019 00:00,6062.9,6137.810831307755,74.91083130775496,74.91083130775496,5611.632647218921,1.235561056717989,30.9,2.0,1746.7,6659.7,0.2077821659687857,21.8,949.6
70,24,hgb,loso,Layla - TVTC,22.27948,46.73319,01-11-2019 00:00,4899.4,4717.138740455064,-182.26125954493546,182.26125954493546,33219.16673090633,3.7200730608836894,22.7,2.0,1723.7,5485.0,0.23911384854412032,41.9,953.3
71,24,hgb,loso,Layla - TVTC,22.27948,46.73319,01-12-2019 00:00,4472.2,4407.051336661564,-65.14866333843565,65.14866333843565,4244.34833478483,1.4567475367478122,18.8,2.3,1374.2,5895.9,0.18902078375813264,43.1,954.4
72,24,hgb,loso,Layla - TVTC,22.27948,46.73319,01-01-2020 00:00,5040.7,4947.9078647893975,-92.79213521060228,92.79213521060228,8610.380356942696,1.8408581191223894,16.3,2.4,1473.9,6498.5,0.18487531985349456,35.5,955.1
73,24,hgb,loso,Layla - TVTC,22.27948,46.73319,01-02-2020 00:00,5617.1,5701.132855040579,84.0328550405784,84.0328550405784,7061.520726270862,1.4960184978116535,19.8,2.6,2383.7,5143.7,0.3166697664532242,25.9,954.4
74,24,hgb,loso,Layla - TVTC,22.27948,46.73319,01-03-2020 00:00,6578.6,6593.4424182015,14.84241820149964,14.84241820149964,220.29737806820782,0.2256166692229295,24.3,2.6,3107.7,4811.8,0.392411137066734,23.7,949.9
75,24,hgb,loso,Layla - TVTC,22.27948,46.73319,01-04-2020 00:00,6680.1,6590.991160978193,-89.1088390218074,89.1088390218074,7940.385191814385,1.3339446867832427,29.2,2.7,3371.3,4290.1,0.44003706894301303,34.9,948.0
76,24,hgb,loso,Layla - TVTC,22.27948,46.73319,01-05-2020 00:00,7397.1,7290.808287928127,-106.29171207187301,106.29171207187301,11297.928055169954,1.4369376116569061,34.1,2.6,3319.9,5199.9,0.38966877156740776,16.1,946.8
77,24,hgb,loso,Layla - TVTC,22.27948,46.73319,01-09-2020 00:00,7018.5,7131.311383715319,112.8113837153187,112.8113837153187,12726.408295764873,1.6073432174299167,35.0,2.2,2071.4,6883.4,0.23131728235136467,14.4,944.7
78,24,hgb,loso,Layla - TVTC,22.27948,46.73319,01-10-2020 00:00,6364.6,6232.97020808289,-131.6297919171102,131.6297919171102,17326.402120141727,2.0681549809431887,28.0,2.2,1289.4,8065.7,0.1378285640987269,17.0,950.6
79,24,hgb,loso,Layla - TVTC,22.27948,46.73319,01-11-2020 00:00,5140.4,5120.497614700987,-19.902385299013076,19.902385299013076,396.1049405903718,0.38717580925634343,23.2,2.0,1265.0,6865.6,0.1555850736722997,34.8,953.5
80,24,hgb,loso,Layla - TVTC,22.27948,46.73319,01-12-2020 00:00,4621.5,4656.426407169886,34.92640716988626,34.92640716988626,1219.8539177966825,0.755737469866629,18.0,2.3,1407.7,6100.6,0.1874858489937802,44.0,955.6
81,24,hgb,loso,Layla - TVTC,22.27948,46.73319,01-01-2021 00:00,4847.6,4757.947347013215,-89.65265298678514,89.65265298678514,8037.598187568915,1.8494234876389375,17.1,2.1,1504.9,6045.3,0.19931922333183227,36.7,955.8
82,24,hgb,loso,Layla - TVTC,22.27948,46.73319,01-02-2021 00:00,5678.9,5708.023528270933,29.123528270933093,29.123528270933093,848.1798989478391,0.5128374909037506,19.6,2.6,1881.4,6161.0,0.23393514373818763,31.9,953.9
83,24,hgb,loso,Layla - TVTC,22.27948,46.73319,01-03-2021 00:00,6715.8,6728.632571599888,12.83257159988807,12.83257159988807,164.67489386625385,0.1910803120981576,25.6,2.7,2776.8,5583.3,0.3321491369720458,18.4,950.8
84,24,hgb,loso,Layla - TVTC,22.27948,46.73319,01-04-2021 00:00,7200.0,7159.73212404368,-40.267875956319585,40.267875956319585,1621.501834033541,0.5592760549488831,29.8,2.3,2991.0,5516.0,0.35159280592453274,15.4,949.1
85,24,hgb,loso,Layla - TVTC,22.27948,46.73319,01-05-2021 00:00,7908.5,7810.457644835884,-98.04235516411609,98.04235516411609,9612.30340612668,1.2397086067410519,35.3,2.1,2868.5,6453.2,0.30772284025446,11.3,944.8
86,24,hgb,loso,Layla - TVTC,22.27948,46.73319,01-07-2021 00:00,7298.5,7314.074369025281,15.574369025281158,15.574369025281158,242.56097053563715,0.21339136843572185,37.9,2.4,3041.2,5476.1,0.35706151010296694,22.0,938.4
87,24,hgb,loso,Layla - TVTC,22.27948,46.73319,01-08-2021 00:00,7328.8,7321.755114202083,-7.044885797917232,7.044885797917232,49.63041590569591,0.09612604789211374,38.3,2.5,2865.8,5796.8,0.3308244637868538,14.4,941.1
88,24,hgb,loso,Layla - TVTC,22.27948,46.73319,01-09-2021 00:00,7008.4,7145.247471296672,136.84747129667267,136.84747129667267,18727.23040029365,1.9526207307898047,34.3,2.5,2223.0,6629.5,0.2511155040948885,14.4,944.2
89,24,hgb,loso,Layla - TVTC,22.27948,46.73319,01-10-2021 00:00,6124.2,6033.893707953018,-90.30629204698198,90.30629204698198,8155.226383274801,1.4745810399232875,30.4,2.3,1722.3,6798.2,0.20213602488116894,20.8,950.0
90,24,hgb,loso,Layla - TVTC,22.27948,46.73319,01-11-2021 00:00,5205.4,5141.433360974548,-63.966639025451514,63.966639025451514,4091.7309082124166,1.2288515584864088,24.0,1.9,1438.3,6557.9,0.179872939646332,28.4,953.1
91,24,hgb,loso,Layla - TVTC,22.27948,46.73319,01-12-2021 00:00,4724.3,4701.743811514578,-22.556188485422354,22.556188485422354,508.7816389899,0.4774503838753329,18.4,1.7,1425.4,6196.0,0.18702600572073375,37.4,955.3
355,25,hgb,loso,Madinah - Taibah University,24.4846,39.5418,01-01-2017 00:00,4222.1,4264.01942739741,41.91942739740989,41.91942739740989,1757.238393326719,0.9928572842284619,20.8,2.6,1233.5,5525.1,0.1825082117598319,29.3,942.8
356,25,hgb,loso,Madinah - Taibah University,24.4846,39.5418,01-02-2017 00:00,4885.0,4865.581200223523,-19.41879977647659,19.41879977647659,377.0897847588872,0.3975189309411789,19.0,3.4,1754.9,5120.1,0.25525818181818183,26.1,943.0
357,25,hgb,loso,Madinah - Taibah University,24.4846,39.5418,01-03-2017 00:00,5364.2,5268.879161850857,-95.32083814914313,95.32083814914313,9086.06218545514,1.7769814352399822,24.7,2.8,2255.1,4567.7,0.33052412499267164,22.9,938.5
358,25,hgb,loso,Madinah - Taibah University,24.4846,39.5418,01-04-2017 00:00,6008.7,6362.655216382117,353.9552163821172,353.9552163821172,125284.29520411142,5.890712073861521,31.1,3.3,2710.5,4359.3,0.3833913264873122,14.2,938.7
359,25,hgb,loso,Madinah - Taibah University,24.4846,39.5418,01-05-2017 00:00,6402.0,6531.279183909256,129.27918390925606,129.27918390925606,16713.10739224325,2.019356199769698,33.5,3.2,2688.4,4873.5,0.3555191155661937,16.9,937.3
360,25,hgb,loso,Madinah - Taibah University,24.4846,39.5418,01-09-2017 00:00,6414.2,6461.850628819475,47.65062881947506,47.65062881947506,2270.582426891387,0.7428927819443588,36.7,2.7,2421.1,5438.2,0.30805542478337766,10.7,936.4
361,25,hgb,loso,Madinah - Taibah University,24.4846,39.5418,01-10-2017 00:00,5871.0,6108.7383951190395,237.73839511903952,237.73839511903952,56519.54451377656,4.04936799725838,32.0,2.2,1478.9,6881.4,0.17689556594859038,14.9,939.1
362,25,hgb,loso,Madinah - Taibah University,24.4846,39.5418,01-11-2017 00:00,4467.8,4617.500575128298,149.70057512829771,149.70057512829771,22410.262193743107,3.3506552470633806,25.8,2.1,1559.4,5081.5,0.23481756990769326,31.9,941.1
363,25,hgb,loso,Madinah - Taibah University,24.4846,39.5418,01-03-2018 00:00,6500.1,6539.041876909272,38.94187690927174,38.94187690927174,1516.4697772168715,0.5990965817336924,27.9,2.0,1970.9,6658.6,0.22839098441392897,17.7,939.6
364,25,hgb,loso,Madinah - Taibah University,24.4846,39.5418,01-04-2018 00:00,7350.0,7434.93982841696,84.93982841696015,84.93982841696015,7214.774451502632,1.1556439240402743,28.9,2.5,2356.2,6789.1,0.25764053666910874,17.9,937.0
365,25,hgb,loso,Madinah - Taibah University,24.4846,39.5418,01-05-2018 00:00,7147.6,7241.481690770112,93.88169077011207,93.88169077011207,8813.771861854946,1.3134715256885117,33.4,2.7,3111.0,5224.7,0.3732140072219489,14.6,936.4
366,25,hgb,loso,Madinah - Taibah University,24.4846,39.5418,01-06-2018 00:00,7666.6,7672.612549360061,6.012549360060802,6.012549360060802,36.150749807167564,0.0784252388289568,37.1,2.8,2342.5,7021.4,0.25016285949230554,9.8,934.3
367,25,hgb,loso,Madinah - Taibah University,24.4846,39.5418,01-12-2018 00:00,4058.1,4003.101331905837,-54.998668094162895,54.998668094162895,3024.8534921318915,1.3552812423095264,20.6,1.8,1306.6,5278.1,0.19842969307637398,43.9,943.0
368,25,hgb,loso,Madinah - Taibah University,24.4846,39.5418,01-01-2019 00:00,3951.3,3823.5980803228317,-127.70191967716846,127.70191967716846,16307.780289233986,3.2318963297438428,20.2,2.0,1825.2,3850.2,0.32159847764034255,43.2,942.5
369,25,hgb,loso,Madinah - Taibah University,24.4846,39.5418,01-02-2019 00:00,4928.8,4505.028817196156,-423.77118280384457,423.77118280384457,179582.01537496946,8.597857141775778,19.7,2.3,1636.1,5366.0,0.23365847388640548,34.2,942.0
370,25,hgb,loso,Madinah - Taibah University,24.4846,39.5418,01-03-2019 00:00,6546.7,6394.0076058009345,-152.69239419906535,152.69239419906535,23314.967246242766,2.3323566712857677,22.0,2.5,1678.1,7233.4,0.1883072434494754,23.0,940.4
371,25,hgb,loso,Madinah - Taibah University,24.4846,39.5418,01-04-2019 00:00,6879.1,6886.8967880904975,7.7967880904971025,7.7967880904971025,60.789904528117454,0.11334023477630943,27.1,2.5,2332.0,6259.7,0.2714247471396813,20.0,938.6
372,25,hgb,loso,Madinah - Taibah University,24.4846,39.5418,01-05-2019 00:00,6784.8,6620.293951289163,-164.5060487108376,164.5060487108376,27062.240062452474,2.424626351710258,33.7,2.4,2539.7,5503.5,0.31575740998607515,15.4,937.1
373,25,hgb,loso,Madinah - Taibah University,24.4846,39.5418,01-07-2019 00:00,7652.5,7594.9730790506865,-57.526920949313535,57.526920949313535,3309.3466339085685,0.7517402280210851,36.6,3.0,2073.5,7454.2,0.2176285987174239,12.1,932.9
374,25,hgb,loso,Madinah - Taibah University,24.4846,39.5418,01-11-2019 00:00,4642.0,4602.058810914456,-39.941189085543556,39.941189085543556,1595.2985855671436,0.8604306136480732,25.4,2.0,1378.9,5787.4,0.19241449562535762,31.5,940.6
375,25,hgb,loso,Madinah - Taibah University,24.4846,39.5418,01-09-2020 00:00,6649.2,6659.974922872063,10.774922872063144,10.774922872063144,116.09896289890946,0.16204840991492425,36.4,2.1,2010.6,6596.9,0.2335869880917804,9.2,936.0
376,25,hgb,loso,Madinah - Taibah University,24.4846,39.5418,01-01-2021 00:00,4856.0,4757.251253749891,-98.74874625010943,98.74874625010943,9751.314885968502,2.0335409030088436,20.3,2.0,1812.8,5565.0,0.24571010328282142,31.5,943.0
377,25,hgb,loso,Madinah - Taibah University,24.4846,39.5418,01-04-2021 00:00,7540.0,7596.725521389611,56.72552138961055,56.72552138961055,3217.784776923164,0.7523278698887341,29.8,2.6,2805.7,6357.5,0.3061921599441243,15.7,939.1
378,25,hgb,loso,Madinah - Taibah University,24.4846,39.5418,01-10-2021 00:00,5769.9,5900.576006656736,130.67600665673672,130.67600665673672,17076.2187157515,2.2647880666343734,32.9,1.7,1698.3,6348.0,0.2110659557809179,12.4,939.3
468,26,hgb,loso,Mahd ad Dahab,23.419423,40.743138,01-04-2021 00:00,6614.9,6539.981081850667,-74.91891814933297,74.91891814933297,5612.8442966664525,1.1325782422913873,26.5,3.3,2715.3,5076.9,0.3484638484638485,25.5,904.0
469,26,hgb,loso,Mahd ad Dahab,23.419423,40.743138,01-07-2021 00:00,6812.8,6961.638033518255,148.83803351825463,148.83803351825463,22152.76022158109,2.1846822674708584,34.7,4.2,3481.0,4221.5,0.4519311911716975,20.9,897.5
470,26,hgb,loso,Mahd ad Dahab,23.419423,40.743138,01-08-2021 00:00,6508.0,6201.955804009284,-306.0441959907157,306.0441959907157,93663.0498996036,4.702584449765146,34.7,3.3,2185.4,5636.9,0.27938074479373076,19.4,899.4
471,26,hgb,loso,Mahd ad Dahab,23.419423,40.743138,01-09-2021 00:00,6019.7,6209.806718994466,190.10671899446606,190.10671899446606,36140.56460684088,3.1580762993914324,32.8,2.9,2329.5,4973.0,0.31900034234851077,19.1,900.9
472,26,hgb,loso,Mahd ad Dahab,23.419423,40.743138,01-10-2021 00:00,5795.7,5897.547086887904,101.84708688790397,101.84708688790397,10372.829107552261,1.757287072966233,28.6,2.4,1604.5,6522.6,0.1974258960760911,20.4,904.8
473,26,hgb,loso,Mahd ad Dahab,23.419423,40.743138,01-11-2021 00:00,4780.9,5080.4476876319195,299.54768763191987,299.54768763191987,89728.81716563024,6.265508327551713,22.7,2.5,1246.2,6306.3,0.1650049652432969,29.0,905.9
474,26,hgb,loso,Mahd ad Dahab,23.419423,40.743138,01-12-2021 00:00,4056.8,4106.440932446609,49.64093244660853,49.64093244660853,2464.2221741687517,1.2236475164318805,18.5,2.6,1470.4,5001.9,0.2271835359918422,40.9,906.8
1320,27,hgb,loso,Majmaah - University,25.85891,45.41889,01-01-2017 00:00,4179.1,4009.0727450337017,-170.02725496629864,170.02725496629864,28909.267431374727,4.068513674386797,14.0,3.1,1611.9,4846.9,0.2495664829380071,40.7,936.6
1321,27,hgb,loso,Majmaah - University,25.85891,45.41889,01-02-2017 00:00,4783.2,4872.487078689852,89.28707868985202,89.28707868985202,7972.182420967827,1.8666808557002015,12.6,3.3,1949.1,4732.1,0.2917290307130455,39.6,937.0
1322,27,hgb,loso,Majmaah - University,25.85891,45.41889,01-03-2017 00:00,4958.5,5095.987483529263,137.48748352926305,137.48748352926305,18902.808127209377,2.7727636085361107,20.4,4.2,2868.3,3001.6,0.488645462443994,40.8,932.1
1323,27,hgb,loso,Majmaah - University,25.85891,45.41889,01-04-2017 00:00,6331.3,6203.479216887971,-127.82078311202895,127.82078311202895,16338.152595372345,2.018871055107623,27.1,3.7,3386.2,3876.1,0.4662710160692894,25.8,932.5
1324,27,hgb,loso,Majmaah - University,25.85891,45.41889,01-05-2017 00:00,6955.8,6999.949616965989,44.14961696598857,44.14961696598857,1949.1886782435058,0.634716595732893,32.4,3.3,3634.7,4113.2,0.4691206649543747,19.4,929.8
1325,27,hgb,loso,Majmaah - University,25.85891,45.41889,01-06-2017 00:00,7907.4,7850.988190560909,-56.411809439090575,56.411809439090575,3182.2922441922688,0.7134052841526998,34.9,3.0,2535.3,7085.1,0.2635337408007983,10.0,926.7
1326,27,hgb,loso,Majmaah - University,25.85891,45.41889,01-09-2017 00:00,6766.3,6973.125163597083,206.8251635970828,206.8251635970828,42776.64829696006,3.0566951450140074,32.7,2.5,2161.9,6542.7,0.24836293454035796,10.3,929.3
1327,27,hgb,loso,Majmaah - University,25.85891,45.41889,01-10-2017 00:00,5844.2,5765.217233912175,-78.98276608782453,78.98276608782453,6238.277338884004,1.3514726752647845,28.1,2.7,1768.2,6498.1,0.21390464899652806,15.7,932.9
1328,27,hgb,loso,Majmaah - University,25.85891,45.41889,01-11-2017 00:00,4333.5,4334.619305193845,1.119305193845321,1.119305193845321,1.2528441169691114,0.025829126430029326,20.3,2.8,1633.2,4861.8,0.2514549653579677,34.6,935.5
1329,27,hgb,loso,Majmaah - University,25.85891,45.41889,01-03-2018 00:00,6130.1,6393.228772800388,263.1287728003872,263.1287728003872,69236.75107543779,4.292405879192626,23.7,3.4,2598.0,5142.9,0.3356198891601752,26.2,933.4
1330,27,hgb,loso,Majmaah - University,25.85891,45.41889,01-04-2018 00:00,6129.9,6012.463992083079,-117.43600791692097,117.43600791692097,13791.215955463125,1.915789946278422,24.4,3.7,3363.6,3562.8,0.48562023562023565,39.6,930.6
1331,27,hgb,loso,Majmaah - University,25.85891,45.41889,01-05-2018 00:00,7065.5,6913.132069143419,-152.36793085658064,152.36793085658064,23215.98635351574,2.1565059918842353,30.8,3.7,3902.2,3921.6,0.49876019325647386,21.9,929.4
1332,27,hgb,loso,Majmaah - University,25.85891,45.41889,01-06-2018 00:00,7908.9,7708.8165841657965,-200.08341583420315,200.08341583420315,40033.37329188266,2.529851380523248,35.1,3.3,2888.6,6422.5,0.31023187378505224,13.7,926.0
1333,27,hgb,loso,Majmaah - University,25.85891,45.41889,01-07-2018 00:00,7835.9,7723.759409934582,-112.1405900654172,112.1405900654172,12575.511940219947,1.4311130829313443,35.6,3.4,2710.9,6677.0,0.28876532557867046,12.5,923.8
1334,27,hgb,loso,Majmaah - University,25.85891,45.41889,01-08-2018 00:00,7566.4,7468.9726119382285,-97.42738806177113,97.42738806177113,9492.095944538944,1.2876320054685335,34.7,3.0,2030.7,7539.3,0.21219435736677117,13.9,925.3
1335,27,hgb,loso,Majmaah - University,25.85891,45.41889,01-09-2018 00:00,6466.1,6664.132843436179,198.03284343617906,198.03284343617906,39217.00707941821,3.062631933254652,34.3,2.5,2471.2,5573.8,0.307172156619018,13.8,929.3
1336,27,hgb,loso,Majmaah - University,25.85891,45.41889,01-10-2018 00:00,5257.5,4991.721619567116,-265.77838043288375,265.77838043288375,70638.14750552668,5.055223593587898,26.7,2.5,2007.8,5048.0,0.2845602199608832,30.6,934.6
1337,27,hgb,loso,Majmaah - University,25.85891,45.41889,01-11-2018 00:00,3507.4,3563.2059460855717,55.80594608557158,55.80594608557158,3114.3036185057217,1.5910915802466663,18.2,3.0,1777.1,3202.3,0.35689038840020887,73.9,936.1
1338,27,hgb,loso,Majmaah - University,25.85891,45.41889,01-12-2018 00:00,3834.7,3832.9050389496824,-1.7949610503173972,1.7949610503173972,3.221885172156534,0.0468083826718491,16.0,2.8,1580.7,4396.7,0.26444608023555394,63.4,937.4
1339,27,hgb,loso,Majmaah - University,25.85891,45.41889,01-01-2019 00:00,3751.2,3811.3004218191036,60.10042181910376,60.10042181910376,3612.060702834203,1.6021652223049627,15.9,3.4,2300.2,2693.9,0.4605834885164493,45.9,936.6
1340,27,hgb,loso,Majmaah - University,25.85891,45.41889,01-02-2019 00:00,4669.5,4759.2370218347505,89.73702183475052,89.73702183475052,8052.733087770492,1.9217693936128175,15.1,3.1,1931.1,4659.4,0.29301266975191564,50.2,935.6
1341,27,hgb,loso,Majmaah - University,25.85891,45.41889,01-03-2019 00:00,6289.7,6131.341348328782,-158.35865167121756,158.35865167121756,25077.462559126016,2.5177457060148742,18.6,3.7,2521.7,5628.1,0.3094186360401482,34.0,933.0
1342,27,hgb,loso,Majmaah - University,25.85891,45.41889,01-04-2019 00:00,6665.8,6519.448933937411,-146.35106606258887,146.35106606258887,21418.634537656253,2.195551412622474,22.9,3.5,2687.9,5345.6,0.3345864193688928,37.5,931.8
1343,27,hgb,loso,Majmaah - University,25.85891,45.41889,01-05-2019 00:00,7049.7,6901.060196030881,-148.63980396911847,148.63980396911847,22093.79132397797,2.108455735267011,31.1,3.2,3170.8,4996.2,0.3882453777396841,23.5,930.0
1344,27,hgb,loso,Majmaah - University,25.85891,45.41889,01-06-2019 00:00,7681.9,7696.085557076835,14.185557076835721,14.185557076835721,201.230029580164,0.18466208980637241,35.7,2.7,2665.1,6546.3,0.2893262696224244,12.5,926.9
1345,27,hgb,loso,Majmaah - University,25.85891,45.41889,01-07-2019 00:00,7979.4,7895.788265969985,-83.6117340300143,83.6117340300143,6990.922067505852,1.0478448759307004,35.7,3.0,2278.9,7614.0,0.23035712480667955,12.5,924.1
1346,27,hgb,loso,Majmaah - University,25.85891,45.41889,01-08-2019 00:00,7647.6,7659.280967546882,11.68096754688122,11.68096754688122,136.44500283129227,0.1527403047607252,35.2,3.3,2120.6,7502.3,0.2203701586839726,12.7,925.4
1347,27,hgb,loso,Majmaah - University,25.85891,45.41889,01-09-2019 00:00,6796.3,6831.960801742532,35.660801742531476,35.660801742531476,1271.6927809201359,0.5247090584955266,33.4,2.3,2047.6,6776.3,0.23205158716667235,15.0,928.7
1348,27,hgb,loso,Majmaah - University,25.85891,45.41889,01-10-2019 00:00,5595.0,5527.898935123029,-67.10106487697067,67.10106487697067,4502.552907623427,1.1993041086143104,29.0,2.5,1924.1,5750.9,0.25069706840390876,26.0,932.5
1349,27,hgb,loso,Majmaah - University,25.85891,45.41889,01-11-2019 00:00,3986.5,3902.7102260437623,-83.7897739562377,83.7897739562377,7020.726219637409,2.101838052332565,20.0,2.6,1744.2,4032.4,0.301942319011183,49.9,935.5
1350,27,hgb,loso,Majmaah - University,25.85891,45.41889,01-12-2019 00:00,4336.2,4384.407852907498,48.20785290749791,48.20785290749791,2323.9970819509545,1.1117534455859488,16.1,2.8,1230.7,6304.0,0.1633376245902292,45.6,936.0
1351,27,hgb,loso,Majmaah - University,25.85891,45.41889,01-01-2020 00:00,4748.2,4681.379601095776,-66.82039890422402,66.82039890422402,4464.965709719623,1.4072785245824528,12.9,2.7,1206.0,6848.5,0.14972996461605315,40.3,936.7
1352,27,hgb,loso,Majmaah - University,25.85891,45.41889,01-02-2020 00:00,5303.0,5499.877342759543,196.87734275954335,196.87734275954335,38760.68809205872,3.712565392410774,17.0,2.7,2049.9,5507.8,0.27123331172182014,31.2,936.0
1353,27,hgb,loso,Majmaah - University,25.85891,45.41889,01-03-2020 00:00,6373.3,6088.089476554829,-285.210523445171,285.210523445171,81345.04268386845,4.475083919557702,20.6,2.9,2846.5,5154.7,0.35575913612958054,26.9,932.4
1354,27,hgb,loso,Majmaah - University,25.85891,45.41889,01-04-2020 00:00,7018.7,6888.180002759537,-130.51999724046254,130.51999724046254,17035.46967965035,1.8596035909849766,25.8,3.6,3119.7,5160.7,0.3767571614897831,31.5,930.7
1355,27,hgb,loso,Majmaah - University,25.85891,45.41889,01-05-2020 00:00,7073.8,6977.55072720068,-96.24927279932035,96.24927279932035,9263.92251439799,1.3606445305114698,30.8,2.6,3267.9,4921.1,0.39905971425082426,17.8,930.6
1356,27,hgb,loso,Majmaah - University,25.85891,45.41889,01-09-2020 00:00,6787.4,7037.995089125215,250.59508912521505,250.59508912521505,62797.89869367448,3.69206307459727,32.8,1.8,2086.8,6745.1,0.23627984918307496,13.6,928.9
1357,27,hgb,loso,Majmaah - University,25.85891,45.41889,01-10-2020 00:00,6164.0,6247.532171143436,83.53217114343624,83.53217114343624,6977.6236159363225,1.3551617641699587,25.4,1.5,1186.7,8279.5,0.1253618136105301,16.4,934.1
1358,27,hgb,loso,Majmaah - University,25.85891,45.41889,01-11-2020 00:00,4415.4,4493.861829499123,78.46182949912327,78.46182949912327,6156.2586883494905,1.7770038841129518,21.3,2.4,1622.1,5097.0,0.24141626110639816,39.5,935.3
1359,27,hgb,loso,Majmaah - University,25.85891,45.41889,01-12-2020 00:00,3855.8,3828.793856402172,-27.006143597828213,27.006143597828213,729.3317920265177,0.7004031225122728,15.0,2.1,1507.5,4625.1,0.24581743469327852,58.6,937.6
1360,27,hgb,loso,Majmaah - University,25.85891,45.41889,01-01-2021 00:00,4355.3,4132.361526980229,-222.93847301977075,222.93847301977075,49701.56275238705,5.118785686859016,14.5,2.0,1537.6,5340.9,0.22353710838118773,46.1,937.7
1361,27,hgb,loso,Majmaah - University,25.85891,45.41889,01-02-2021 00:00,4928.3,5007.128763653525,78.82876365352513,78.82876365352513,6213.973979143325,1.5995122791535648,16.1,2.5,1963.9,5057.5,0.27970205372148005,44.0,936.1
1362,27,hgb,loso,Majmaah - University,25.85891,45.41889,01-03-2021 00:00,6328.4,6474.910228120467,146.51022812046722,146.51022812046722,21465.246943911345,2.315122750149599,22.7,2.9,2965.9,4796.5,0.3820854374935587,23.9,933.2
1363,27,hgb,loso,Majmaah - University,25.85891,45.41889,01-04-2021 00:00,6740.4,6045.989920882619,-694.4100791173805,694.4100791173805,482205.35797980666,10.302208757898352,26.8,2.2,3155.4,4764.8,0.39839903032751695,19.4,932.5
1364,27,hgb,loso,Majmaah - University,25.85891,45.41889,01-05-2021 00:00,7892.9,7732.671221887703,-160.22877811229682,160.22877811229682,25673.26133535965,2.030036844661618,32.7,2.1,2866.7,6559.5,0.3041204302900426,12.9,928.5
1365,27,hgb,loso,Majmaah - University,25.85891,45.41889,01-07-2021 00:00,7874.2,7783.69346107555,-90.50653892445007,90.50653892445007,8191.433588082996,1.149406148236647,37.4,2.2,2531.9,7053.2,0.2641495654714088,13.9,922.9
1366,27,hgb,loso,Majmaah - University,25.85891,45.41889,01-08-2021 00:00,7591.7,7613.088573270485,21.388573270484812,21.388573270484812,457.47106654689736,0.28173628133994777,35.9,2.0,2223.4,7254.2,0.23459525618299992,12.5,925.6
1367,27,hgb,loso,Majmaah - University,25.85891,45.41889,01-09-2021 00:00,6960.1,7164.431087726979,204.3310877269787,204.3310877269787,41751.19341169026,2.935749310023975,31.9,1.8,1863.0,7363.6,0.20191619881646544,15.6,928.5
1368,27,hgb,loso,Majmaah - University,25.85891,45.41889,01-10-2021 00:00,5851.7,5833.496264681697,-18.20373531830319,18.20373531830319,331.37597953883886,0.3110845620640701,28.6,1.8,1752.6,6505.0,0.21224084479751984,18.9,933.2
1369,27,hgb,loso,Majmaah - University,25.85891,45.41889,01-11-2021 00:00,4731.8,4674.917644067742,-56.88235593225818,56.88235593225818,3235.6024164041073,1.202129336241138,21.1,1.4,1544.8,5806.2,0.21014827914569445,31.7,935.6
1370,27,hgb,loso,Majmaah - University,25.85891,45.41889,01-12-2021 00:00,3769.1,3826.5915857426357,57.491585742635834,57.491585742635834,3305.282431202848,1.5253398886374954,16.0,1.7,1762.6,3957.5,0.3081414660582857,39.9,937.0
883,28,hgb,loso,Makkah - UQU,21.331,39.949,01-01-2017 00:00,4250.1,4175.68554340789,-74.41445659211058,74.41445659211058,5537.51134989911,1.750887193056883,25.2,2.2,1664.4,4531.1,0.26864659833750304,50.6,979.9
884,28,hgb,loso,Makkah - UQU,21.331,39.949,01-03-2018 00:00,6678.2,6615.441013885538,-62.75898611446155,62.75898611446155,3938.6903381151774,0.93975900863199,29.5,2.4,2243.4,6226.5,0.2648673538058301,31.1,976.4
885,28,hgb,loso,Makkah - UQU,21.331,39.949,01-04-2018 00:00,6886.4,6761.162454135103,-125.23754586489667,125.23754586489667,15684.442894262098,1.8186214257797497,30.8,2.6,2751.8,5487.3,0.3339927904746878,31.7,974.3
886,28,hgb,loso,Makkah - UQU,21.331,39.949,01-05-2018 00:00,7479.2,7430.847027912564,-48.352972087435774,48.352972087435774,2338.009909688343,0.6464992524258714,35.1,2.9,3080.4,5602.1,0.3547826086956522,21.8,972.7
887,28,hgb,loso,Makkah - UQU,21.331,39.949,01-06-2018 00:00,7310.5,7182.285146538541,-128.21485346145892,128.21485346145892,16439.048648143384,1.7538452015793575,36.7,2.7,3313.7,5070.5,0.39523150688199227,21.8,970.5
888,28,hgb,loso,Makkah - UQU,21.331,39.949,01-07-2018 00:00,7288.7,7339.086793457171,50.386793457170825,50.386793457170825,2538.8289548955927,0.6913001420990139,36.3,2.7,3111.1,5304.7,0.3696737089759738,21.9,970.7
889,28,hgb,loso,Makkah - UQU,21.331,39.949,01-08-2018 00:00,6950.1,7033.2704691251065,83.17046912510614,83.17046912510614,6917.326934490234,1.196680179063699,36.0,2.8,2721.4,5482.6,0.3317162359824476,24.3,971.0
890,28,hgb,loso,Makkah - UQU,21.331,39.949,01-02-2020 00:00,3893.2,3962.994256523669,69.79425652366899,69.79425652366899,4871.238243691711,1.7927220929741343,24.2,2.4,1823.6,3176.5,0.36471270574588505,44.3,979.7
891,28,hgb,loso,Makkah - UQU,21.331,39.949,01-03-2020 00:00,5865.7,5819.83940984161,-45.86059015838964,45.86059015838964,2103.1937296757847,0.7818434314470506,27.3,2.4,2373.9,4809.8,0.33045645001879254,33.4,976.3
892,28,hgb,loso,Makkah - UQU,21.331,39.949,01-04-2020 00:00,6403.0,6198.655892937418,-204.34410706258222,204.34410706258222,41756.514091204066,3.1913807131435616,30.5,2.4,2255.5,5559.8,0.28860056555730423,29.6,975.3
893,28,hgb,loso,Makkah - UQU,21.331,39.949,01-05-2020 00:00,6591.3,6826.225404228469,234.92540422846923,234.92540422846923,55189.94555190967,3.564174051074435,34.8,2.4,2609.2,5162.5,0.33573092116267994,23.1,973.9
894,28,hgb,loso,Makkah - UQU,21.331,39.949,01-10-2020 00:00,5902.6,6071.036970967619,168.43697096761844,168.43697096761844,28371.013188746336,2.8536063932439673,32.4,1.6,1686.9,6382.7,0.20904381877664321,29.7,975.5
895,28,hgb,loso,Makkah - UQU,21.331,39.949,01-11-2020 00:00,4337.1,4717.225943748831,380.12594374883065,380.12594374883065,144495.73311093915,8.764518774038658,28.2,1.4,1719.9,4421.1,0.2800683927699072,48.5,977.9
896,28,hgb,loso,Makkah - UQU,21.331,39.949,01-12-2020 00:00,4176.4,4246.808962544823,70.40896254482323,70.40896254482323,4957.4220066383195,1.6858768926545167,26.2,1.5,1694.1,4523.4,0.27247285886610373,44.5,979.0
897,28,hgb,loso,Makkah - UQU,21.331,39.949,01-01-2021 00:00,4565.6,4494.334474807305,-71.26552519269535,71.26552519269535,5078.775080990696,1.5609235411051197,25.0,1.7,1817.5,4750.3,0.2767288894302506,46.3,979.2
898,28,hgb,loso,Makkah - UQU,21.331,39.949,01-02-2021 00:00,4889.0,4736.689546118406,-152.31045388159419,152.31045388159419,23198.47436161723,3.1153702982531026,24.5,1.9,1934.3,4678.4,0.2925128918596035,43.5,978.6
899,28,hgb,loso,Makkah - UQU,21.331,39.949,01-03-2021 00:00,6393.8,6486.678630839165,92.87863083916454,92.87863083916454,8626.440066557807,1.4526358478395405,29.1,1.8,2538.4,5233.3,0.3266209452243396,33.2,976.3
900,28,hgb,loso,Makkah - UQU,21.331,39.949,01-05-2021 00:00,7485.0,6780.414134356976,-704.5858656430237,704.5858656430237,496441.24206392904,9.413304818210069,34.6,2.0,2709.8,5090.8,0.34738353459990257,26.3,972.9
901,28,hgb,loso,Makkah - UQU,21.331,39.949,01-07-2021 00:00,6611.6,6661.055672915401,49.45567291540101,49.45567291540101,2445.863583515129,0.7480136867838497,35.7,2.4,3277.3,4124.0,0.4428005890857012,25.6,969.5
902,28,hgb,loso,Makkah - UQU,21.331,39.949,01-09-2021 00:00,5954.7,6187.745133200856,233.04513320085607,233.04513320085607,54310.03410860475,3.9136334861681705,34.9,2.1,2873.8,4043.6,0.4154451094341805,34.2,971.5
903,28,hgb,loso,Makkah - UQU,21.331,39.949,01-10-2021 00:00,5698.0,5932.787084664604,234.78708466460375,234.78708466460375,55124.97512530381,4.120517456381252,33.1,1.8,1969.6,5525.6,0.26278151350197454,33.1,975.3
904,28,hgb,loso,Makkah - UQU,21.331,39.949,01-11-2021 00:00,4622.3,5447.684882440329,825.3848824403285,825.3848824403285,681260.2041610349,17.85658400450703,28.7,1.5,2303.9,3887.6,0.37210692077848667,43.1,977.6
905,28,hgb,loso,Makkah - UQU,21.331,39.949,01-12-2021 00:00,4094.5,4031.894571241249,-62.605428758750804,62.605428758750804,3919.439710067022,1.5290127917633607,25.9,1.8,1703.2,4285.1,0.28442128817861495,47.7,979.4
1164,29,hgb,loso,Najran - University,17.63228,44.53735,01-01-2017 00:00,5782.0,5895.191258715051,113.19125871505094,113.19125871505094,12812.261049497594,1.9576488881883594,20.0,1.7,1286.2,7774.0,0.14196154610273504,25.2,885.4
1165,29,hgb,loso,Najran - University,17.63228,44.53735,01-02-2017 00:00,5517.5,5675.0802263443775,157.58022634437748,157.58022634437748,24831.52773474524,2.8560077271296325,19.3,2.2,2425.5,4577.2,0.34636640153083814,33.4,884.7
1166,29,hgb,loso,Najran - University,17.63228,44.53735,01-03-2017 00:00,6515.7,6582.15933047145,66.4593304714499,66.4593304714499,4416.84260671339,1.0199875757240189,26.1,2.2,2536.9,5407.0,0.31935195558856483,29.7,881.4
1167,29,hgb,loso,Najran - University,17.63228,44.53735,01-04-2017 00:00,7486.0,7546.891205918295,60.89120591829487,60.89120591829487,3707.7389581841885,0.8134010942865999,28.2,2.2,2597.4,6505.3,0.2853439089500917,15.8,882.4
1168,29,hgb,loso,Najran - University,17.63228,44.53735,01-05-2017 00:00,7278.9,7287.64407011096,8.74407011095991,8.74407011095991,76.45876210538246,0.12012900453310131,31.1,2.3,3150.9,5212.9,0.37673067266075233,21.0,880.9
1169,29,hgb,loso,Najran - University,17.63228,44.53735,01-06-2017 00:00,7522.5,7395.092237857712,-127.40776214228845,127.40776214228845,16232.73785410595,1.6936890946133394,33.5,2.1,3465.6,5206.2,0.3996402131045458,10.1,878.2
1170,29,hgb,loso,Najran - University,17.63228,44.53735,01-09-2017 00:00,7352.4,7159.045902812632,-193.3540971873672,193.3540971873672,37385.80689914183,2.6298092757108864,30.8,2.2,2186.3,7026.5,0.23731113233761728,13.5,879.8
1171,29,hgb,loso,Najran - University,17.63228,44.53735,01-10-2017 00:00,6898.2,6480.566172390134,-417.6338276098659,417.6338276098659,174418.01396406716,6.0542435361379185,25.9,1.9,1430.4,8301.3,0.14698356916057834,18.0,883.4
1172,29,hgb,loso,Najran - University,17.63228,44.53735,01-11-2017 00:00,5964.5,5778.758792405936,-185.74120759406378,185.74120759406378,34499.7961985011,3.1141119556385917,21.3,1.8,1290.5,7865.8,0.14094120987735223,30.8,885.0
1173,29,hgb,loso,Najran - University,17.63228,44.53735,01-03-2018 00:00,7078.5,6780.211294861029,-298.2887051389707,298.2887051389707,88976.15161348382,4.21401010297338,24.3,2.2,1944.5,7299.1,0.21036176381496385,21.3,883.1
1174,29,hgb,loso,Najran - University,17.63228,44.53735,01-04-2018 00:00,6781.6,6379.595151613848,-402.00484838615193,402.00484838615193,161607.898125973,5.9278761411193805,26.8,2.0,3338.2,4304.0,0.43681138939048963,35.7,881.1
1175,29,hgb,loso,Najran - University,17.63228,44.53735,01-05-2018 00:00,8046.4,7685.310938592945,-361.08906140705494,361.08906140705494,130385.3102678279,4.487585273004759,30.4,2.4,3251.0,6126.8,0.3466697946213398,20.4,880.1
1176,29,hgb,loso,Najran - University,17.63228,44.53735,01-06-2018 00:00,7486.6,7025.28904549668,-461.3109545033203,461.3109545033203,212807.79674476446,6.161821848413436,33.5,2.5,4190.2,4106.1,0.5050685245229801,15.8,877.8
1177,29,hgb,loso,Najran - University,17.63228,44.53735,01-07-2018 00:00,7172.9,6800.028434906363,-372.8715650936365,372.8715650936365,139033.20405537798,5.198337702932378,34.5,2.8,4208.9,3609.7,0.5383188806180135,16.3,876.1
1178,29,hgb,loso,Najran - University,17.63228,44.53735,01-08-2018 00:00,7150.9,7147.941537402399,-2.9584625976003736,2.9584625976003736,8.75250094140035,0.04137189161644511,33.9,2.6,3639.1,4356.4,0.4551435182290038,17.5,876.5
1179,29,hgb,loso,Najran - University,17.63228,44.53735,01-09-2018 00:00,7522.8,7361.755875846508,-161.0441241534918,161.0441241534918,25935.209924365277,2.1407471174760966,31.1,2.3,2429.9,6918.0,0.25994073535232515,15.2,880.1
1180,29,hgb,loso,Najran - University,17.63228,44.53735,01-10-2018 00:00,6618.4,6785.912821563675,167.51282156367506,167.51282156367506,28060.54538822364,2.5310168857076496,25.9,2.1,2020.6,6779.8,0.22960319985455208,32.0,883.9
1181,29,hgb,loso,Najran - University,17.63228,44.53735,01-11-2018 00:00,5677.8,6203.6331449142,525.8331449141997,525.8331449141997,276500.4962903577,9.26121288023882,23.6,1.9,1838.0,6375.2,0.22378610042370817,35.4,884.5
1182,29,hgb,loso,Najran - University,17.63228,44.53735,01-12-2018 00:00,5783.6,5867.842501712393,84.24250171239237,84.24250171239237,7096.799094762431,1.4565755189223384,19.9,1.8,1091.4,8418.9,0.11475978675751555,33.9,885.6
1183,29,hgb,loso,Najran - University,17.63228,44.53735,01-01-2019 00:00,5863.7,6302.804336835497,439.10433683549763,439.10433683549763,192812.61862774217,7.4885198225608,20.4,1.8,1886.8,6776.7,0.21778726842500143,31.2,885.6
1184,29,hgb,loso,Najran - University,17.63228,44.53735,01-02-2019 00:00,6352.1,6702.390530049532,350.2905300495313,350.2905300495313,122703.45544238159,5.514562586381374,22.1,2.1,2522.7,5702.1,0.30671870440618615,32.8,884.1
1185,29,hgb,loso,Najran - University,17.63228,44.53735,01-03-2019 00:00,7040.3,6765.614685609322,-274.6853143906783,274.6853143906783,75452.02194190577,3.901613772007986,25.2,2.3,3158.5,5215.9,0.3771613488727551,24.2,882.3
1186,29,hgb,loso,Najran - University,17.63228,44.53735,01-04-2019 00:00,6897.5,6762.6446945074085,-134.85530549259147,134.85530549259147,18185.953419500172,1.9551330988414857,27.7,2.2,3202.8,4689.7,0.4058029775102946,30.3,881.6
1187,29,hgb,loso,Najran - University,17.63228,44.53735,01-05-2019 00:00,7130.1,7228.662969619107,98.5629696191063,98.5629696191063,9714.658980136872,1.3823504525757884,29.3,2.2,2986.3,5303.9,0.36022050131480543,30.6,881.5
1188,29,hgb,loso,Najran - University,17.63228,44.53735,01-06-2019 00:00,7670.6,7505.486440948395,-165.11355905160508,165.11355905160508,27262.48738268788,2.152550765932327,33.6,2.3,3098.2,5848.0,0.3463146363819275,14.8,878.4
1189,29,hgb,loso,Najran - University,17.63228,44.53735,01-07-2019 00:00,7272.5,7113.13312712707,-159.3668728729299,159.3668728729299,25397.800169296595,2.191362982095977,34.9,2.8,3849.4,4295.5,0.4726147650677111,13.7,876.0
1190,29,hgb,loso,Najran - University,17.63228,44.53735,01-08-2019 00:00,7070.3,7101.855326038413,31.555326038413114,31.555326038413114,995.7386013905526,0.4463081628560756,33.4,2.7,3201.5,4958.3,0.39235030270349763,18.6,877.5
1191,29,hgb,loso,Najran - University,17.63228,44.53735,01-09-2019 00:00,7108.8,7211.110557815386,102.31055781538544,102.31055781538544,10467.450240495325,1.4392099625166754,31.5,2.3,2532.0,6208.4,0.28968925907281134,19.3,879.5
1192,29,hgb,loso,Najran - University,17.63228,44.53735,01-10-2019 00:00,6696.1,7050.630051336704,354.53005133670376,354.53005133670376,125691.55730080581,5.294575220452259,27.0,2.1,1835.1,7261.1,0.20174358523339414,22.2,882.8
1193,29,hgb,loso,Najran - University,17.63228,44.53735,01-11-2019 00:00,5674.1,5866.20509316714,192.10509316713978,192.10509316713978,36904.36682075546,3.385648704942454,22.0,2.0,1644.5,6569.2,0.20021427614838622,37.5,884.5
1194,29,hgb,loso,Najran - University,17.63228,44.53735,01-12-2019 00:00,5493.6,5582.754805245161,89.15480524516079,89.15480524516079,7948.579298302549,1.6228849068945825,20.0,1.8,1343.5,7390.3,0.15382765806407292,38.2,885.0
1195,29,hgb,loso,Najran - University,17.63228,44.53735,01-01-2020 00:00,5907.3,6054.8531959843285,147.55319598432834,147.55319598432834,21771.945645189608,2.497811114795733,18.5,1.9,1569.5,7353.5,0.1758937577048078,33.1,885.3
1196,29,hgb,loso,Najran - University,17.63228,44.53735,01-02-2020 00:00,6317.6,6556.406537523439,238.80653752343824,238.80653752343824,57028.56236393331,3.780019905081648,22.0,2.1,2253.5,6185.2,0.2670435019612025,27.4,884.9
1197,29,hgb,loso,Najran - University,17.63228,44.53735,01-03-2020 00:00,7091.8,6971.230893841387,-120.56910615861307,120.56910615861307,14536.909359886908,1.7001199435772731,24.9,2.2,3119.6,5320.5,0.3696164737384628,26.0,882.0
1198,29,hgb,loso,Najran - University,17.63228,44.53735,01-04-2020 00:00,7092.1,7036.729034055021,-55.370965944979616,55.370965944979616,3065.9438696800926,0.7807414721306751,28.3,1.8,2923.7,5397.4,0.35135979618079344,35.2,881.0
1199,29,hgb,loso,Najran - University,17.63228,44.53735,01-05-2020 00:00,7241.7,7313.009311243791,71.30931124379094,71.30931124379094,5085.01787006385,0.9847040231408501,33.6,2.2,3215.9,5163.0,0.38380933058038647,23.9,881.1
1200,29,hgb,loso,Najran - University,17.63228,44.53735,01-09-2020 00:00,7666.8,7887.9374562774365,221.13745627743629,221.13745627743629,48901.77456885504,2.884351440984978,30.5,2.1,2282.6,7432.1,0.23496350890917886,15.5,879.5
1201,29,hgb,loso,Najran - University,17.63228,44.53735,01-10-2020 00:00,7295.8,6636.380202177897,-659.4197978221027,659.4197978221027,434834.46975974285,9.038348060830927,25.1,1.8,1371.9,9097.3,0.13104153134910024,16.7,883.6
1202,29,hgb,loso,Najran - University,17.63228,44.53735,01-12-2020 00:00,5877.6,5839.510060750456,-38.08993924954393,38.08993924954393,1450.8434720339474,0.6480525937379871,19.0,1.4,1236.4,8347.2,0.1290120622730498,36.5,885.7
1203,29,hgb,loso,Najran - University,17.63228,44.53735,01-01-2021 00:00,6173.5,6149.488069918822,-24.011930081178434,24.011930081178434,576.5727862234017,0.38895164948859534,17.8,1.6,1484.0,8075.2,0.1552431165787932,28.3,885.7
1204,29,hgb,loso,Najran - University,17.63228,44.53735,01-02-2021 00:00,6579.8,6563.592675686611,-16.20732431338911,16.20732431338911,262.67736139937375,0.24631940656842316,20.8,1.9,1926.2,7125.9,0.21279040222710752,30.6,884.3
1205,29,hgb,loso,Najran - University,17.63228,44.53735,01-03-2021 00:00,7761.2,7587.65855190175,-173.54144809824993,173.54144809824993,30116.634208037573,2.2360130920250727,25.3,1.7,2329.1,7704.3,0.2321346702015269,16.8,882.8
1206,29,hgb,loso,Najran - University,17.63228,44.53735,01-04-2021 00:00,7654.8,7519.1950326701335,-135.60496732986667,135.60496732986667,18388.707164534208,1.7715024210935186,27.2,1.9,3048.7,6030.8,0.3357784018943774,19.8,882.3
1207,29,hgb,loso,Najran - University,17.63228,44.53735,01-05-2021 00:00,8035.1,7813.28981586975,-221.8101841302505,221.8101841302505,49199.75778389563,2.7605155396977072,31.9,2.2,3182.8,6322.6,0.3348412481326404,13.3,879.8
1208,29,hgb,loso,Najran - University,17.63228,44.53735,01-07-2021 00:00,7113.9,7032.328183607196,-81.57181639280407,81.57181639280407,6653.961229621338,1.1466539646720375,33.3,2.7,3549.2,4540.4,0.43873615506329117,23.4,875.0
1209,29,hgb,loso,Najran - University,17.63228,44.53735,01-08-2021 00:00,7387.7,7395.415818965397,7.715818965397375,7.715818965397375,59.53386230678582,0.10444142243725889,33.9,2.5,3338.4,5179.2,0.39194139194139194,17.8,877.0
1210,29,hgb,loso,Najran - University,17.63228,44.53735,01-09-2021 00:00,7591.2,7733.706448405005,142.50644840500536,142.50644840500536,20308.087837008454,1.8772585151887102,30.9,2.1,2482.8,6939.1,0.2635137286534563,15.1,879.2
1211,29,hgb,loso,Najran - University,17.63228,44.53735,01-10-2021 00:00,7029.5,6975.694965604617,-53.80503439538279,53.80503439538279,2894.9817262883253,0.7654176597963268,26.9,1.9,1824.4,7831.0,0.1889512604345755,20.8,883.3
1212,29,hgb,loso,Najran - University,17.63228,44.53735,01-11-2021 00:00,6370.7,6251.998392840857,-118.70160715914244,118.70160715914244,14090.071542163376,1.8632427701687795,22.5,1.3,1258.6,8607.1,0.12757330954721913,25.3,885.1
1213,29,hgb,loso,Najran - University,17.63228,44.53735,01-12-2021 00:00,5952.6,5931.560753990958,-21.039246009042472,21.039246009042472,442.64987262900956,0.353446326127112,19.0,1.1,1067.6,8876.4,0.10736122284794851,32.0,885.6
92,30,hgb,loso,Osfan - KAU,21.89252,39.2539,01-01-2017 00:00,4327.0,4274.305923032479,-52.69407696752114,52.69407696752114,2776.665747459042,1.217797017969058,24.4,2.9,1567.1,4919.9,0.24157545860952673,71.7,1001.7
93,30,hgb,loso,Osfan - KAU,21.89252,39.2539,01-02-2017 00:00,4364.7,4312.493158836068,-52.20684116393204,52.20684116393204,2725.554264316029,1.196115223587693,23.8,3.9,2375.4,3136.0,0.4309975686758356,54.7,1001.3
94,30,hgb,loso,Osfan - KAU,21.89252,39.2539,01-03-2017 00:00,5568.6,5673.12234627737,104.52234627736925,104.52234627736925,10924.920871326285,1.87699504861849,25.9,3.6,2671.2,4086.5,0.395282418574367,64.0,997.8
95,30,hgb,loso,Osfan - KAU,21.89252,39.2539,01-04-2017 00:00,6123.2,6043.872219868151,-79.32778013184907,79.32778013184907,6292.8967006469875,1.2955281573662314,30.2,3.8,2994.4,4025.6,0.42655270655270655,53.4,996.6
96,30,hgb,loso,Osfan - KAU,21.89252,39.2539,01-05-2017 00:00,6547.2,6375.443539339811,-171.75646066018908,171.75646066018908,29500.281778515076,2.6233574758704346,32.7,3.6,2983.5,4517.1,0.39776817854571633,49.6,995.2
97,30,hgb,loso,Osfan - KAU,21.89252,39.2539,01-10-2017 00:00,5653.9,5685.63464537067,31.734645370670478,31.734645370670478,1007.0877168022172,0.5612877017752432,30.6,2.7,1764.7,5868.9,0.23117533011947183,72.4,996.7
98,30,hgb,loso,Osfan - KAU,21.89252,39.2539,01-11-2017 00:00,4491.7,4507.796851772772,16.096851772772425,16.096851772772425,259.10863699460674,0.35836880853067715,28.1,3.0,1781.3,4614.5,0.27851089777666593,69.8,999.3
99,30,hgb,loso,Osfan - KAU,21.89252,39.2539,01-03-2018 00:00,6460.5,6570.348593508336,109.84859350833631,109.84859350833631,12066.713495759706,1.7003110209478571,28.2,3.2,2231.4,6115.0,0.26734879708616893,49.9,997.8
100,30,hgb,loso,Osfan - KAU,21.89252,39.2539,01-04-2018 00:00,7129.6,7286.092435051419,156.4924350514184,156.4924350514184,24489.882228322404,2.194967951237354,29.4,3.2,2679.4,5946.1,0.31063706451799894,46.2,995.7
101,30,hgb,loso,Osfan - KAU,21.89252,39.2539,01-05-2018 00:00,7282.0,7352.575665734667,70.57566573466738,70.57566573466738,4980.924593891504,0.969179699734515,33.3,3.7,3148.5,5293.3,0.37296548129545837,39.5,993.8
102,30,hgb,loso,Osfan - KAU,21.89252,39.2539,01-06-2018 00:00,7254.0,7281.275760820769,27.275760820769392,27.275760820769392,743.9671283518186,0.3760099368730272,33.9,3.3,3114.1,5273.3,0.3712831151489139,46.5,991.6
103,30,hgb,loso,Osfan - KAU,21.89252,39.2539,01-07-2018 00:00,7178.2,7158.232603823559,-19.96739617644107,19.96739617644107,398.6969100669535,0.27816717528685564,34.7,3.0,2931.9,5391.5,0.35224787947233105,44.5,991.7
104,30,hgb,loso,Osfan - KAU,21.89252,39.2539,01-08-2018 00:00,6917.8,6771.961339075282,-145.83866092471817,145.83866092471817,21268.91502031492,2.1081653260388875,34.5,3.2,2527.4,5710.6,0.30679776644816703,51.0,992.0
105,30,hgb,loso,Osfan - KAU,21.89252,39.2539,01-09-2018 00:00,6019.8,5970.263244329478,-49.536755670522325,49.536755670522325,2453.890162361026,0.8228970342955302,33.7,2.9,3098.6,3795.7,0.4494437433822143,64.1,993.4
106,30,hgb,loso,Osfan - KAU,21.89252,39.2539,01-10-2018 00:00,5231.0,5495.82573502354,264.8257350235399,264.8257350235399,70132.66993075816,5.062621583321351,31.5,2.7,2130.2,4637.2,0.3147737683600792,59.5,997.4
107,30,hgb,loso,Osfan - KAU,21.89252,39.2539,01-11-2018 00:00,4096.6,4276.042045333771,179.4420453337707,179.4420453337707,32199.447633567015,4.380267669134665,27.7,3.1,1787.2,4049.0,0.30622665432987217,56.0,999.3
108,30,hgb,loso,Osfan - KAU,21.89252,39.2539,01-12-2018 00:00,3975.6,4045.557568511498,69.95756851149827,69.95756851149827,4894.061392040974,1.759673219425955,25.3,3.0,1781.4,4062.4,0.30483589445223996,62.7,1001.6
109,30,hgb,loso,Osfan - KAU,21.89252,39.2539,01-01-2019 00:00,4045.3,4018.0972099107967,-27.202790089203518,27.202790089203518,739.9917886372691,0.6724542083208542,24.7,3.2,2080.9,3446.8,0.3764495178826636,64.3,1001.7
110,30,hgb,loso,Osfan - KAU,21.89252,39.2539,01-02-2019 00:00,4778.0,4960.717166753101,182.71716675310108,182.71716675310108,33385.56302628055,3.824134925766034,24.5,3.7,2226.6,4016.0,0.35667830711562487,54.3,1000.8
111,30,hgb,loso,Osfan - KAU,21.89252,39.2539,01-03-2019 00:00,6251.3,6349.4805501460205,98.18055014602032,98.18055014602032,9639.420426975212,1.570562125414239,24.9,4.0,2396.7,5632.6,0.2984942647553336,51.1,999.6
112,30,hgb,loso,Osfan - KAU,21.89252,39.2539,01-04-2019 00:00,6915.2,6903.793291523562,-11.406708476437416,11.406708476437416,130.1129982664292,0.16495124474255865,28.4,3.6,2699.6,5723.3,0.3205071887354712,48.7,996.9
113,30,hgb,loso,Osfan - KAU,21.89252,39.2539,01-05-2019 00:00,6965.7,7098.960160928894,133.26016092889404,133.26016092889404,17758.270490794737,1.9130907292719188,33.6,3.1,2870.1,5217.8,0.354863437975247,41.3,994.8
114,30,hgb,loso,Osfan - KAU,21.89252,39.2539,01-06-2019 00:00,7003.8,7096.630900724261,92.83090072426057,92.83090072426057,8617.576129277522,1.3254362021225703,35.0,3.7,3122.0,4851.0,0.3915715539947322,43.0,992.2
115,30,hgb,loso,Osfan - KAU,21.89252,39.2539,01-07-2019 00:00,7240.6,7319.226462447914,78.62646244791358,78.62646244791358,6182.120597073164,1.085910869926713,34.6,3.2,2705.0,5875.9,0.31523499865981425,45.7,990.9
116,30,hgb,loso,Osfan - KAU,21.89252,39.2539,01-08-2019 00:00,6971.0,7063.739946273623,92.73994627362299,92.73994627362299,8600.69763483448,1.3303678994925117,34.4,3.3,2505.4,5849.7,0.2998647532644732,51.7,992.6
117,30,hgb,loso,Osfan - KAU,21.89252,39.2539,01-09-2019 00:00,6188.8,6310.557697093473,121.75769709347242,121.75769709347242,14824.93680150578,1.9673878149798412,32.9,3.0,2592.7,4759.2,0.35265713625049305,61.5,992.8
118,30,hgb,loso,Osfan - KAU,21.89252,39.2539,01-10-2019 00:00,5377.9,5656.368201777509,278.4682017775094,278.4682017775094,77544.5394011997,5.17801003695698,31.6,2.9,2163.3,4866.9,0.3077152854826321,59.4,996.8
119,30,hgb,loso,Osfan - KAU,21.89252,39.2539,01-11-2019 00:00,4634.7,4743.217422194812,108.51742219481184,108.51742219481184,11776.030919807043,2.3414120049800817,28.9,2.7,1693.7,5039.4,0.25154832098142016,57.3,998.2
120,30,hgb,loso,Osfan - KAU,21.89252,39.2539,01-12-2019 00:00,4307.9,4426.011910594206,118.11191059420617,118.11191059420617,13950.42342421375,2.741751447206439,25.2,3.7,1560.3,5176.9,0.2315947277800867,55.0,1000.8
121,30,hgb,loso,Osfan - KAU,21.89252,39.2539,01-01-2020 00:00,4818.4,4772.447173956952,-45.952826043047935,45.952826043047935,2111.6622213426244,0.95369471283098,21.9,4.0,1405.7,6219.5,0.1843492629701516,49.7,1003.4
122,30,hgb,loso,Osfan - KAU,21.89252,39.2539,01-02-2020 00:00,4959.4,5104.227696900628,144.82769690062833,144.82769690062833,20975.06178954027,2.9202665020088787,23.4,3.5,2221.3,4385.6,0.3362091147134057,56.3,1002.0
123,30,hgb,loso,Osfan - KAU,21.89252,39.2539,01-03-2020 00:00,6308.6,6415.559232633849,106.95923263384884,106.95923263384884,11440.277445621796,1.695451171953347,25.6,3.6,2436.8,5455.8,0.30874490028634416,54.4,998.1
124,30,hgb,loso,Osfan - KAU,21.89252,39.2539,01-09-2020 00:00,6212.3,6192.004067500664,-20.29593249933623,20.29593249933623,411.92487601761263,0.3267056082181516,34.7,2.8,2468.7,5044.1,0.3285991907145139,56.4,992.0
125,30,hgb,loso,Osfan - KAU,21.89252,39.2539,01-10-2020 00:00,5750.3,5900.440778189102,150.1407781891021,150.1407781891021,22542.253275229155,2.6110077420152358,32.8,3.1,1698.5,6251.9,0.21363704970819078,45.7,996.6
126,30,hgb,loso,Osfan - KAU,21.89252,39.2539,01-11-2020 00:00,4439.9,4661.398790710477,221.4987907104778,221.4987907104778,49061.71428620405,4.988823863386063,28.3,2.6,1592.7,4940.1,0.24380051432770022,61.0,999.5
127,30,hgb,loso,Osfan - KAU,21.89252,39.2539,01-12-2020 00:00,4033.0,4143.4714631008965,110.47146310089647,110.47146310089647,12203.94415965273,2.7391882742597686,26.2,2.1,1688.5,4413.6,0.27670801855099064,58.3,1000.7
128,30,hgb,loso,Osfan - KAU,21.89252,39.2539,01-01-2021 00:00,4348.2,4279.516778390833,-68.68322160916705,68.68322160916705,4717.384930613952,1.5795782532810598,25.2,3.3,1805.4,4510.2,0.28586357590727723,58.4,1000.9
129,30,hgb,loso,Osfan - KAU,21.89252,39.2539,01-02-2021 00:00,5016.3,4951.521267182445,-64.77873281755546,64.77873281755546,4196.2842254482375,1.2913648070800283,24.5,3.5,1814.4,5131.2,0.26123013130615064,58.0,1000.7
130,30,hgb,loso,Osfan - KAU,21.89252,39.2539,01-03-2021 00:00,6161.8,6066.541875527053,-95.2581244729472,95.2581244729472,9074.110278103502,1.5459463869802201,27.4,3.3,2445.2,5248.1,0.3178349992850922,57.5,997.9
131,30,hgb,loso,Osfan - KAU,21.89252,39.2539,01-04-2021 00:00,6718.8,6848.048961659084,129.24896165908376,129.24896165908376,16705.294089951305,1.9236911600149393,29.7,3.4,2720.1,5245.5,0.3414808677312443,50.7,996.7
132,30,hgb,loso,Osfan - KAU,21.89252,39.2539,01-05-2021 00:00,7387.0,7244.532036044257,-142.46796395574256,142.46796395574256,20297.120753694762,1.9286308915086308,32.4,2.7,2251.1,6793.0,0.24890259948474694,53.1,994.1
133,30,hgb,loso,Osfan - KAU,21.89252,39.2539,01-07-2021 00:00,6627.9,6470.568739260803,-157.3312607391963,157.3312607391963,24753.12560578497,2.3737723975798715,33.9,3.2,3104.8,4465.3,0.41013989247169785,53.2,990.2
134,30,hgb,loso,Osfan - KAU,21.89252,39.2539,01-08-2021 00:00,6560.8,6532.191562317388,-28.60843768261202,28.60843768261202,818.4427066398954,0.4360510560085968,34.7,3.1,2739.0,4890.9,0.3589824244092321,56.1,991.1
135,30,hgb,loso,Osfan - KAU,21.89252,39.2539,01-09-2021 00:00,5972.5,5944.944427112442,-27.5555728875579,27.5555728875579,759.3095971615161,0.46137417978330514,32.8,3.2,2714.6,4315.4,0.3861450924608819,63.8,992.7
136,30,hgb,loso,Osfan - KAU,21.89252,39.2539,01-10-2021 00:00,5533.7,5575.286976269315,41.58697626931553,41.58697626931553,1729.4765952246128,0.7515220606342146,31.1,2.5,1853.6,5513.5,0.25160510920172113,65.5,996.5
137,30,hgb,loso,Osfan - KAU,21.89252,39.2539,01-11-2021 00:00,4506.5,4709.124144675549,202.62414467554936,202.62414467554936,41056.544005497955,4.496264166771316,28.5,2.5,1386.1,5330.4,0.20637236655996424,62.1,998.9
737,31,hgb,loso,Rania - TVTC,21.21501,42.84853,01-02-2017 00:00,4696.4,4476.994236302688,-219.40576369731207,219.40576369731207,48138.88914360074,4.671786127615026,17.8,3.4,2489.3,3360.3,0.4255504649890591,36.1,912.8
738,31,hgb,loso,Rania - TVTC,21.21501,42.84853,01-03-2017 00:00,5689.1,5866.15751780276,177.05751780275932,177.05751780275932,31349.364610474433,3.1122236874507268,24.9,3.8,2849.3,3924.0,0.42066644028759986,33.7,909.1
739,31,hgb,loso,Rania - TVTC,21.21501,42.84853,01-05-2017 00:00,6588.7,6543.25444745404,-45.4455525459598,45.4455525459598,2065.2982462075934,0.6897499134269249,32.0,3.1,3045.4,4398.2,0.40912999086463536,24.7,908.4
740,31,hgb,loso,Rania - TVTC,21.21501,42.84853,01-09-2017 00:00,6773.0,6586.292277991502,-186.70772200849842,186.70772200849842,34859.77345760273,2.7566473056031064,32.2,2.4,2290.2,6135.3,0.27181769627915253,10.7,907.5
741,31,hgb,loso,Rania - TVTC,21.21501,42.84853,01-11-2017 00:00,5252.1,5148.524994491481,-103.5750055085191,103.5750055085191,10727.781766089762,1.972068420413151,23.2,3.4,1461.4,6553.3,0.18233995034124795,27.3,912.5
742,31,hgb,loso,Rania - TVTC,21.21501,42.84853,01-03-2018 00:00,6647.4,6186.578084007164,-460.8219159928358,460.8219159928358,212356.8382593082,6.932363269742092,25.9,3.7,2201.4,6323.8,0.25822268099282125,21.7,910.6
743,31,hgb,loso,Rania - TVTC,21.21501,42.84853,01-04-2018 00:00,6467.7,6453.413080036109,-14.286919963890796,14.286919963890796,204.1160820546214,0.22089645413192935,26.5,3.7,2885.1,4650.2,0.38287792125064696,33.9,908.7
744,31,hgb,loso,Rania - TVTC,21.21501,42.84853,01-05-2018 00:00,7521.3,7452.1212705483285,-69.17872945167164,69.17872945167164,4785.6966085475815,0.9197709099713033,32.2,3.4,3333.3,5330.2,0.3847521209672765,15.8,907.5
745,31,hgb,loso,Rania - TVTC,21.21501,42.84853,01-03-2019 00:00,6513.2,6574.956253849029,61.756253849029235,61.756253849029235,3813.8348894657383,0.9481706971846287,23.5,4.0,2723.0,5245.0,0.3417419678714859,21.2,910.1
746,31,hgb,loso,Rania - TVTC,21.21501,42.84853,01-04-2019 00:00,6275.2,6042.4690060850435,-232.73099391495634,232.73099391495634,54163.71552864345,3.7087422538716908,26.6,3.3,2881.5,4203.2,0.4067215266701484,30.5,909.1
747,31,hgb,loso,Rania - TVTC,21.21501,42.84853,01-05-2019 00:00,6095.7,5912.551006463774,-183.14899353622604,183.14899353622604,33543.55383333257,3.0045604858543897,29.9,3.5,2986.6,3704.0,0.446387468986339,27.3,908.9
748,31,hgb,loso,Rania - TVTC,21.21501,42.84853,01-06-2019 00:00,7328.3,6918.635694277464,-409.6643057225365,409.6643057225365,167824.84338312782,5.59016832993377,35.5,3.5,3051.8,5318.3,0.3646073523613816,11.0,905.7
749,31,hgb,loso,Rania - TVTC,21.21501,42.84853,01-08-2019 00:00,7292.2,7344.199392495851,51.99939249585077,51.99939249585077,2703.9368199375413,0.7130823687755515,34.7,4.5,2803.0,5779.2,0.3266062315024119,14.6,904.7
750,31,hgb,loso,Rania - TVTC,21.21501,42.84853,01-09-2019 00:00,6885.3,7050.503684995617,165.20368499561664,165.20368499561664,27292.257536130932,2.399368001330612,33.3,2.4,2417.9,6088.5,0.28424480391234835,13.3,906.8
751,31,hgb,loso,Rania - TVTC,21.21501,42.84853,01-10-2019 00:00,6154.9,5789.296059018055,-365.603940981945,365.603940981945,133666.24166152952,5.940046807940747,29.1,2.4,1826.4,6564.4,0.21766696858464035,17.7,910.3
752,31,hgb,loso,Rania - TVTC,21.21501,42.84853,01-11-2019 00:00,4930.5,4759.925970752635,-170.5740292473647,170.5740292473647,29095.49945368083,3.459568588325012,23.2,3.3,1798.3,5284.9,0.2538824260221369,36.1,911.8
753,31,hgb,loso,Rania - TVTC,21.21501,42.84853,01-02-2020 00:00,5547.4,5423.512313786059,-123.88768621394047,123.88768621394047,15348.158795443775,2.233256772793389,21.0,3.0,2340.1,4962.5,0.32044751184509623,24.9,912.6
754,31,hgb,loso,Rania - TVTC,21.21501,42.84853,01-03-2020 00:00,6522.9,6431.729400920632,-91.170599079368,91.170599079368,8312.078136490858,1.397700395213295,24.5,3.1,2867.5,5040.8,0.36259373063743155,19.3,909.6
755,31,hgb,loso,Rania - TVTC,21.21501,42.84853,01-04-2020 00:00,6893.6,6791.524819307263,-102.07518069273738,102.07518069273738,10419.342513454985,1.4807238698609924,28.8,2.6,2695.2,5478.2,0.32975261213203805,24.1,908.5
756,31,hgb,loso,Rania - TVTC,21.21501,42.84853,01-05-2020 00:00,6454.6,6631.199771358797,176.59977135879672,176.59977135879672,31187.479243979276,2.736029674322138,32.0,2.8,3106.1,4200.3,0.42512044235191065,20.0,908.6
757,31,hgb,loso,Rania - TVTC,21.21501,42.84853,01-09-2020 00:00,7093.5,7256.36409943793,162.86409943793024,162.86409943793024,26524.714885728026,2.2959624929573588,32.2,2.1,2153.8,6819.7,0.2400178302780409,10.8,906.9
758,31,hgb,loso,Rania - TVTC,21.21501,42.84853,01-11-2020 00:00,5419.3,5603.064909756526,183.7649097565254,183.7649097565254,33769.54205782393,3.3909344335343197,23.5,3.0,1298.6,7125.5,0.15415296589546656,25.1,912.2
759,31,hgb,loso,Rania - TVTC,21.21501,42.84853,01-01-2021 00:00,5111.7,5423.774207637833,312.07420763783284,312.07420763783284,97390.3110727812,6.105096301383744,18.4,2.7,1789.6,5867.5,0.23371772603204866,30.1,913.5
760,31,hgb,loso,Rania - TVTC,21.21501,42.84853,01-04-2021 00:00,6991.2,6845.783242582586,-145.41675741741346,145.41675741741346,21146.033337794874,2.079997102320252,27.9,2.6,2861.2,5265.2,0.3520870250049222,20.4,909.9
761,31,hgb,loso,Rania - TVTC,21.21501,42.84853,01-05-2021 00:00,7704.7,7656.735990879328,-47.96400912067202,47.96400912067202,2300.5461709279084,0.6225292239888902,33.4,2.4,2755.5,6359.7,0.30229726171669297,10.9,907.0
762,31,hgb,loso,Rania - TVTC,21.21501,42.84853,01-07-2021 00:00,7095.6,6972.1473068613095,-123.45269313869085,123.45269313869085,15240.567443195767,1.7398485418948482,36.1,4.2,3245.5,4820.7,0.40235798765217823,14.2,902.2
763,31,hgb,loso,Rania - TVTC,21.21501,42.84853,01-08-2021 00:00,7290.2,7296.379098423449,6.179098423449432,6.179098423449432,38.18125732667525,0.08475896989725154,36.0,3.4,2841.0,5704.4,0.33245956889086525,12.7,904.4
764,31,hgb,loso,Rania - TVTC,21.21501,42.84853,01-10-2021 00:00,6307.4,6274.902819653854,-32.4971803461458,32.4971803461458,1056.0667304499245,0.5152230768009924,28.6,2.4,1759.3,6942.6,0.2021742378101334,14.5,910.8
630,32,hgb,loso,Riyadh - K.A.CARE City T2,24.52958,46.43635,01-01-2017 00:00,4453.5,4455.158770050643,1.6587700506433976,1.6587700506433976,2.7515180809114996,0.037246436525056645,15.5,4.1,1592.1,5395.1,0.22785951454087472,35.4,915.1
631,32,hgb,loso,Riyadh - K.A.CARE City T2,24.52958,46.43635,01-02-2017 00:00,4382.4,4407.332530792222,24.93253079222268,24.93253079222268,621.631091705132,0.5689241235903314,12.5,4.0,2183.0,3572.6,0.3792827854611161,45.5,915.3
632,32,hgb,loso,Riyadh - K.A.CARE City T2,24.52958,46.43635,01-03-2017 00:00,5313.7,5316.145624488098,2.445624488098474,2.445624488098474,5.981079136786923,0.046024888271796946,19.9,5.0,2812.6,3552.7,0.4418644839991831,40.5,911.5
633,32,hgb,loso,Riyadh - K.A.CARE City T2,24.52958,46.43635,01-04-2017 00:00,6906.3,7004.557884107064,98.25788410706355,98.25788410706355,9654.611789197132,1.4227282931101104,27.5,4.2,3176.3,4950.9,0.39082340781572994,20.8,912.2
634,32,hgb,loso,Riyadh - K.A.CARE City T2,24.52958,46.43635,01-05-2017 00:00,7135.2,7049.430697695916,-85.7693023040838,85.7693023040838,7356.373217729314,1.202058839332938,32.1,4.1,3651.4,4332.6,0.45733967935871744,19.4,909.9
635,32,hgb,loso,Riyadh - K.A.CARE City T2,24.52958,46.43635,01-06-2017 00:00,8050.4,8043.642169570945,-6.757830429054593,6.757830429054593,45.66827210785618,0.08394403295556238,35.0,4.2,2687.6,7045.4,0.2761327442720641,10.3,906.8
636,32,hgb,loso,Riyadh - K.A.CARE City T2,24.52958,46.43635,01-09-2017 00:00,7016.5,6971.477507332345,-45.02249266765466,45.02249266765466,2027.0248460090177,0.6416659683268675,33.0,3.3,2178.3,6788.4,0.24293218240824382,11.4,909.2
637,32,hgb,loso,Riyadh - K.A.CARE City T2,24.52958,46.43635,01-10-2017 00:00,6247.4,6230.078849849805,-17.321150150194626,17.321150150194626,300.02224252558733,0.277253739958937,28.3,3.5,1682.9,7268.5,0.18800411108876824,17.3,913.0
638,32,hgb,loso,Riyadh - K.A.CARE City T2,24.52958,46.43635,01-11-2017 00:00,4778.9,4736.162508145126,-42.73749185487395,42.73749185487395,1826.4932100454173,0.8942955879987854,20.5,3.7,1551.5,5817.6,0.21054131440745816,36.4,914.9
639,32,hgb,loso,Riyadh - K.A.CARE City T2,24.52958,46.43635,01-03-2018 00:00,6516.1,6579.338414527135,63.23841452713441,63.23841452713441,3999.0970719056845,0.9704948439578029,23.4,4.2,2321.5,6119.7,0.2750201393166848,24.6,912.7
640,32,hgb,loso,Riyadh - K.A.CARE City T2,24.52958,46.43635,01-04-2018 00:00,6333.4,6088.972173917742,-244.42782608225752,244.42782608225752,59744.96216329833,3.8593461029187726,23.9,4.4,3398.0,3732.5,0.47654442184980017,37.1,910.3
641,32,hgb,loso,Riyadh - K.A.CARE City T2,24.52958,46.43635,01-05-2018 00:00,6973.1,6885.694980721529,-87.40501927847163,87.40501927847163,7639.637395069997,1.2534600002648983,30.2,4.7,3305.2,4630.5,0.4164975994556246,19.2,909.3
642,32,hgb,loso,Riyadh - K.A.CARE City T2,24.52958,46.43635,01-06-2018 00:00,7410.6,7432.697341157972,22.09734115797164,22.09734115797164,488.29248625178747,0.29818558764434244,34.9,4.2,2911.6,5774.3,0.33520993794540577,12.7,906.1
643,32,hgb,loso,Riyadh - K.A.CARE City T2,24.52958,46.43635,01-07-2018 00:00,7248.4,7308.299239897475,59.89923989747513,59.89923989747513,3587.918940295276,0.8263787856282093,35.5,4.1,2646.8,5873.9,0.3106317556069337,11.9,903.8
644,32,hgb,loso,Riyadh - K.A.CARE City T2,24.52958,46.43635,01-08-2018 00:00,6973.3,6945.515757718953,-27.784242281047227,27.784242281047227,771.9641191319324,0.3984375013415058,34.9,3.8,2200.2,6321.8,0.2581788312602675,13.1,905.2
645,32,hgb,loso,Riyadh - K.A.CARE City T2,24.52958,46.43635,01-09-2018 00:00,6134.3,6048.433260814976,-85.86673918502402,85.86673918502402,7373.096898268939,1.3997805647755084,34.1,3.8,2148.2,5530.4,0.2797645404110124,14.1,909.3
646,32,hgb,loso,Riyadh - K.A.CARE City T2,24.52958,46.43635,01-10-2018 00:00,4837.2,4882.904197151726,45.704197151726476,45.704197151726476,2088.8736372838825,0.9448482004408848,26.6,3.3,1889.3,4590.4,0.29157214068552556,31.7,914.0
647,32,hgb,loso,Riyadh - K.A.CARE City T2,24.52958,46.43635,01-11-2018 00:00,4170.4,4177.901745192463,7.501745192463204,7.501745192463204,56.2761809326448,0.17988071150161147,18.6,4.2,1939.7,3934.5,0.33020666643968544,61.9,914.7
648,32,hgb,loso,Riyadh - K.A.CARE City T2,24.52958,46.43635,01-12-2018 00:00,4232.3,4164.798956715607,-67.50104328439284,67.50104328439284,4556.390844481475,1.5949021403112453,16.2,4.0,1421.4,5444.5,0.2070231142312006,53.7,915.9
649,32,hgb,loso,Riyadh - K.A.CARE City T2,24.52958,46.43635,01-01-2019 00:00,4320.6,4173.909159586091,-146.69084041390943,146.69084041390943,21518.202661339044,3.3951497573001297,16.3,4.2,2091.7,4040.2,0.34111776121593634,38.3,915.5
650,32,hgb,loso,Riyadh - K.A.CARE City T2,24.52958,46.43635,01-02-2019 00:00,5126.5,4950.361230974873,-176.13876902512675,176.13876902512675,31024.86595368695,3.4358484155881546,15.8,4.3,2088.4,5041.8,0.29289500995764495,39.8,914.1
651,32,hgb,loso,Riyadh - K.A.CARE City T2,24.52958,46.43635,01-03-2019 00:00,6260.1,6117.719590834287,-142.380409165713,142.380409165713,20272.180914195847,2.2744110983165284,18.5,4.7,2449.2,5593.9,0.30450945530951995,29.3,912.0
652,32,hgb,loso,Riyadh - K.A.CARE City T2,24.52958,46.43635,01-04-2019 00:00,6572.3,6550.312173873627,-21.987826126372966,21.987826126372966,483.4644977636096,0.33455298946142087,23.0,4.5,3001.1,4740.9,0.38763885300955825,33.8,911.1
653,32,hgb,loso,Riyadh - K.A.CARE City T2,24.52958,46.43635,01-05-2019 00:00,6652.3,6743.917002599067,91.61700259906684,91.61700259906684,8393.675165237419,1.3772229544528483,30.0,3.7,3106.9,4519.9,0.40736612996276295,23.2,910.1
654,32,hgb,loso,Riyadh - K.A.CARE City T2,24.52958,46.43635,01-06-2019 00:00,7644.4,7748.031720851823,103.63172085182305,103.63172085182305,10739.533566710175,1.3556553928604345,35.7,3.7,2665.4,6523.1,0.2900799912934647,12.2,907.0
655,32,hgb,loso,Riyadh - K.A.CARE City T2,24.52958,46.43635,01-07-2019 00:00,8069.1,7886.10237958545,-182.9976204145505,182.9976204145505,33488.129077387915,2.2678814293359917,35.8,4.2,2377.9,7498.8,0.24075855295797177,11.8,904.2
656,32,hgb,loso,Riyadh - K.A.CARE City T2,24.52958,46.43635,01-08-2019 00:00,7727.3,7617.629493853623,-109.67050614637719,109.67050614637719,12027.619918402557,1.4192603645047712,35.2,3.8,2122.5,7538.9,0.21968865795847395,12.1,905.5
657,32,hgb,loso,Riyadh - K.A.CARE City T2,24.52958,46.43635,01-09-2019 00:00,6933.8,6993.6904444967495,59.890444496749296,59.890444496749296,3586.865342018208,0.8637463511602482,33.4,3.6,2000.0,7014.8,0.22185739006966324,15.8,908.7
658,32,hgb,loso,Riyadh - K.A.CARE City T2,24.52958,46.43635,01-10-2019 00:00,5863.3,5675.540766039426,-187.75923396057442,187.75923396057442,35253.529937461724,3.2022791595274747,28.9,3.5,1793.0,6434.5,0.21792768155575812,23.9,912.5
659,32,hgb,loso,Riyadh - K.A.CARE City T2,24.52958,46.43635,01-11-2019 00:00,4330.5,4266.888534424278,-63.61146557572192,63.61146557572192,4046.418552691255,1.468917343856874,19.7,3.8,1792.0,4585.7,0.28097903632971133,45.1,914.6
660,32,hgb,loso,Riyadh - K.A.CARE City T2,24.52958,46.43635,01-12-2019 00:00,4290.2,4294.573800474255,4.373800474255404,4.373800474255404,19.130130588596796,0.10194863815802072,15.8,3.9,1308.1,5898.7,0.18150913026586002,47.8,914.8
661,32,hgb,loso,Riyadh - K.A.CARE City T2,24.52958,46.43635,01-01-2020 00:00,4711.8,4746.679371815285,34.879371815284685,34.879371815284685,1216.5705782288758,0.7402557794321636,12.9,3.8,1245.2,6602.5,0.15867069332415867,42.8,915.0
662,32,hgb,loso,Riyadh - K.A.CARE City T2,24.52958,46.43635,01-02-2020 00:00,5374.6,5446.666563140491,72.06656314049087,72.06656314049087,5193.589522882357,1.3408730536317284,17.1,4.2,2102.5,5382.8,0.2808838657101252,28.7,914.9
663,32,hgb,loso,Riyadh - K.A.CARE City T2,24.52958,46.43635,01-03-2020 00:00,6459.8,6316.017568432443,-143.78243156755707,143.78243156755707,20673.38762747923,2.225803145105995,20.8,4.1,2661.8,5521.4,0.32527617557923555,25.9,911.5
664,32,hgb,loso,Riyadh - K.A.CARE City T2,24.52958,46.43635,01-04-2020 00:00,6450.3,6142.278152159488,-308.02184784051224,308.02184784051224,94877.45874708367,4.775310417197839,25.4,4.7,3234.6,4214.9,0.43420363782804217,31.9,910.6
665,32,hgb,loso,Riyadh - K.A.CARE City T2,24.52958,46.43635,01-05-2020 00:00,7466.7,7402.280713714082,-64.41928628591813,64.41928628591813,4149.84444558708,0.8627544468897658,31.1,4.1,3115.5,5659.6,0.35503868901778896,16.7,910.4
666,32,hgb,loso,Riyadh - K.A.CARE City T2,24.52958,46.43635,01-09-2020 00:00,6797.3,6707.690018283601,-89.60998171639949,89.60998171639949,8029.948823213451,1.3183172982860767,32.8,3.3,1985.8,6821.4,0.22547461168135163,15.0,908.8
667,32,hgb,loso,Riyadh - K.A.CARE City T2,24.52958,46.43635,01-10-2020 00:00,6225.2,6144.916041010656,-80.28395898934377,80.28395898934377,6445.514071002633,1.2896607175567656,25.8,3.0,1182.8,8258.0,0.125285992712482,16.5,913.4
668,32,hgb,loso,Riyadh - K.A.CARE City T2,24.52958,46.43635,01-11-2020 00:00,4766.4,4949.804365583703,183.4043655837031,183.4043655837031,33637.16131516062,3.847859298080378,21.3,3.7,1291.5,6331.5,0.16942148760330578,37.4,914.8
669,32,hgb,loso,Riyadh - K.A.CARE City T2,24.52958,46.43635,01-12-2020 00:00,4173.6,4055.221580663386,-118.37841933661457,118.37841933661457,14013.450164635362,2.8363623571165073,15.1,4.1,1383.0,5451.7,0.2023497739476495,52.1,916.0
670,32,hgb,loso,Riyadh - K.A.CARE City T2,24.52958,46.43635,01-01-2021 00:00,4551.4,4565.710334695329,14.310334695329402,14.310334695329402,204.78567909234846,0.3144161070292526,14.3,4.1,1493.6,5712.0,0.20728322415898742,43.8,916.0
671,32,hgb,loso,Riyadh - K.A.CARE City T2,24.52958,46.43635,01-02-2021 00:00,5049.4,5156.816131831409,107.41613183140907,107.41613183140907,11538.225377622653,2.1273048645662667,16.2,4.3,1831.4,5467.6,0.2509110837100973,40.3,914.7
672,32,hgb,loso,Riyadh - K.A.CARE City T2,24.52958,46.43635,01-10-2021 00:00,5891.9,5919.922986386525,28.02298638652519,28.02298638652519,785.2877660193761,0.47561883919491493,28.5,3.5,1655.6,6715.0,0.1977874943253769,20.3,913.1
673,32,hgb,loso,Riyadh - K.A.CARE City T2,24.52958,46.43635,01-11-2021 00:00,4901.4,4918.747936096971,17.347936096971353,17.347936096971353,300.95088682460164,0.3539383869296804,21.6,3.1,1419.9,6272.1,0.18459438377535103,31.1,914.8
674,32,hgb,loso,Riyadh - K.A.CARE City T2,24.52958,46.43635,01-12-2021 00:00,4047.2,4036.741953316889,-10.458046683110751,10.458046683110751,109.37074042612379,0.25840202320396205,16.2,3.1,1548.3,4877.7,0.24094304388422036,38.6,915.8
1263,33,hgb,loso,Riyadh - K.A.CARE HQ,24.707744,46.6792,01-01-2017 00:00,4098.6,4473.455897446286,374.8558974462858,374.8558974462858,140516.94385026032,9.145949774222558,17.1,2.6,1584.2,4669.2,0.25333418620270576,33.9,941.6
1264,33,hgb,loso,Riyadh - K.A.CARE HQ,24.707744,46.6792,01-02-2017 00:00,4242.8,4271.229266244,28.429266244000246,28.429266244000246,808.2231791722519,0.670059070519474,14.6,2.7,2143.2,3405.3,0.3862665585293322,41.5,942.2
1265,33,hgb,loso,Riyadh - K.A.CARE HQ,24.707744,46.6792,01-03-2017 00:00,4810.7,4705.974552772303,-104.72544722769726,104.72544722769726,10967.419297041204,2.176927416544313,22.3,3.1,2674.1,3030.1,0.46879492303916415,36.8,937.6
1266,33,hgb,loso,Riyadh - K.A.CARE HQ,24.707744,46.6792,01-04-2017 00:00,6469.9,6598.829326604064,128.92932660406404,128.92932660406404,16622.771258577417,1.9927560952111167,30.2,3.1,3096.4,4439.3,0.41089746141698846,19.4,937.4
1267,33,hgb,loso,Riyadh - K.A.CARE HQ,24.707744,46.6792,01-05-2017 00:00,6540.2,6775.658883097158,235.45888309715792,235.45888309715792,55440.88562936108,3.600178635166477,35.4,3.0,3515.4,3740.9,0.4844617780411504,17.1,934.6
1268,33,hgb,loso,Riyadh - K.A.CARE HQ,24.707744,46.6792,01-06-2017 00:00,7492.8,7532.823774625678,40.023774625678016,40.023774625678016,1601.9025352870674,0.5341631249423181,38.1,3.4,2536.9,6475.5,0.28148994718388,9.9,931.1
1269,33,hgb,loso,Riyadh - K.A.CARE HQ,24.707744,46.6792,01-09-2017 00:00,6676.1,6773.086755426007,96.98675542600631,96.98675542600631,9406.430728063964,1.4527456962299292,36.2,2.6,2089.3,6434.0,0.24512806072765247,10.9,933.6
1270,33,hgb,loso,Riyadh - K.A.CARE HQ,24.707744,46.6792,01-10-2017 00:00,5822.8,5920.373677034367,97.57367703436648,97.57367703436648,9520.622450006857,1.6757174732837548,31.4,2.4,1702.9,6489.5,0.20786338557687614,16.8,937.9
1271,33,hgb,loso,Riyadh - K.A.CARE HQ,24.707744,46.6792,01-11-2017 00:00,4407.8,4533.5445531815785,125.74455318157834,125.74455318157834,15811.692654834784,2.8527735646258527,23.2,2.5,1544.6,5084.4,0.23300648664957005,32.7,941.0
1272,33,hgb,loso,Riyadh - K.A.CARE HQ,24.707744,46.6792,01-03-2018 00:00,6302.3,6297.1939804724425,-5.106019527557692,5.106019527557692,26.071435415800472,0.08101835088075292,26.2,2.7,2322.3,5757.1,0.2874347104983043,21.9,938.5
1273,33,hgb,loso,Riyadh - K.A.CARE HQ,24.707744,46.6792,01-04-2018 00:00,6082.4,6143.701140991337,61.30114099133698,61.30114099133698,3757.8298868397746,1.0078446171139186,27.1,3.1,3386.4,3416.9,0.4977584407566916,31.5,935.7
1274,33,hgb,loso,Riyadh - K.A.CARE HQ,24.707744,46.6792,01-05-2018 00:00,7086.7,6972.24022286602,-114.45977713397951,114.45977713397951,13101.040581560259,1.6151350718102857,33.3,3.2,3467.3,4535.6,0.4332554449012233,16.8,934.2
1275,33,hgb,loso,Riyadh - K.A.CARE HQ,24.707744,46.6792,01-06-2018 00:00,7754.9,7745.784213392135,-9.11578660786472,9.11578660786472,83.09756548012578,0.11754873187100698,37.8,3.5,3174.8,5832.1,0.3524853168126658,11.3,930.2
1276,33,hgb,loso,Riyadh - K.A.CARE HQ,24.707744,46.6792,01-07-2018 00:00,7531.5,7513.034704358199,-18.465295641801276,18.465295641801276,340.9671431391252,0.24517421020781088,38.3,3.2,2885.3,5908.8,0.32809497276583166,10.5,927.8
1277,33,hgb,loso,Riyadh - K.A.CARE HQ,24.707744,46.6792,01-08-2018 00:00,7326.4,7325.815830367498,-0.5841696325014709,0.5841696325014709,0.3412541595369036,0.007973488104682668,37.6,3.1,2438.2,6450.5,0.27430332894574005,11.6,929.4
1278,33,hgb,loso,Riyadh - K.A.CARE HQ,24.707744,46.6792,01-09-2018 00:00,6539.8,6739.633899313658,199.83389931365764,199.83389931365764,39933.58731490106,3.0556576548771774,37.4,2.9,2324.2,5837.6,0.2847656154279693,12.6,933.7
1279,33,hgb,loso,Riyadh - K.A.CARE HQ,24.707744,46.6792,01-10-2018 00:00,5113.3,5526.345870408194,413.0458704081939,413.0458704081939,170606.8910612625,8.077872810282868,29.6,2.4,2007.3,4774.6,0.2959790029342809,28.3,939.4
1280,33,hgb,loso,Riyadh - K.A.CARE HQ,24.707744,46.6792,01-11-2018 00:00,3924.8,3936.949571289809,12.149571289808591,12.149571289808591,147.6120825261412,0.30955899128130326,21.4,2.7,1902.8,3547.2,0.3491376146788991,53.4,941.1
1281,33,hgb,loso,Riyadh - K.A.CARE HQ,24.707744,46.6792,01-12-2018 00:00,3989.0,3949.1599844707075,-39.84001552929249,39.84001552929249,1587.2268373742666,0.9987469423237024,18.5,2.6,1469.9,4769.5,0.23558354970029172,48.2,942.7
1282,33,hgb,loso,Riyadh - K.A.CARE HQ,24.707744,46.6792,01-01-2019 00:00,4154.9,4241.49458050094,86.59458050094054,86.59458050094054,7498.621372133871,2.0841555874013946,18.2,2.7,2126.0,3618.2,0.3701124612652763,34.7,942.0
1283,33,hgb,loso,Riyadh - K.A.CARE HQ,24.707744,46.6792,01-02-2019 00:00,4844.9,4898.634841660561,53.73484166056096,53.73484166056096,2887.4332082855576,1.109101150912526,18.0,3.1,2038.2,4674.0,0.30365602931974617,34.9,940.5
1284,33,hgb,loso,Riyadh - K.A.CARE HQ,24.707744,46.6792,01-03-2019 00:00,6177.3,6193.828728601508,16.528728601508192,16.528728601508192,273.1988691823149,0.2675720557769283,20.7,3.3,2522.5,5358.4,0.32007765610526717,27.1,938.1
1285,33,hgb,loso,Riyadh - K.A.CARE HQ,24.707744,46.6792,01-04-2019 00:00,6201.2,6176.15124740639,-25.048752593609606,25.048752593609606,627.4400064958639,0.4039339578405729,25.6,3.1,2914.4,4333.6,0.4020971302428256,30.0,936.7
1286,33,hgb,loso,Riyadh - K.A.CARE HQ,24.707744,46.6792,01-05-2019 00:00,6293.4,6281.144306488051,-12.255693511948266,12.255693511948266,150.20202345881083,0.19473882975733733,33.1,2.7,3011.6,4159.6,0.4199576082106202,20.4,935.0
1287,33,hgb,loso,Riyadh - K.A.CARE HQ,24.707744,46.6792,01-06-2019 00:00,7447.6,7500.754734591301,53.15473459130044,53.15473459130044,2825.4258094715915,0.7137162923801015,38.8,2.9,2646.8,6268.4,0.2968862167982771,10.8,931.2
1288,33,hgb,loso,Riyadh - K.A.CARE HQ,24.707744,46.6792,01-07-2019 00:00,7800.8,7742.431114052695,-58.36888594730499,58.36888594730499,3406.926846729498,0.7482423078056736,38.8,3.5,2377.1,7142.7,0.2497006239626883,10.6,928.3
1289,33,hgb,loso,Riyadh - K.A.CARE HQ,24.707744,46.6792,01-08-2019 00:00,7400.6,7358.541559848474,-42.058440151526156,42.058440151526156,1768.9123879795075,0.5683112200568353,38.0,3.0,2153.1,7024.4,0.23460637428493597,11.0,929.6
1290,33,hgb,loso,Riyadh - K.A.CARE HQ,24.707744,46.6792,01-09-2019 00:00,6625.9,6547.728238400933,-78.17176159906649,78.17176159906649,6110.824311501286,1.179790845003192,36.8,2.8,1975.7,6583.0,0.23084113241496954,14.0,933.3
1291,33,hgb,loso,Riyadh - K.A.CARE HQ,24.707744,46.6792,01-10-2019 00:00,5582.8,5848.082862776236,265.28286277623556,265.28286277623556,70374.99728275502,4.751788757903482,31.9,2.5,1800.4,5925.4,0.23303735535478529,21.7,937.6
1292,33,hgb,loso,Riyadh - K.A.CARE HQ,24.707744,46.6792,01-11-2019 00:00,4037.4,3987.473202399982,-49.92679760001829,49.92679760001829,2492.685118593192,1.236607658394469,22.2,2.5,1709.9,4156.5,0.291473476067094,40.6,940.8
1293,33,hgb,loso,Riyadh - K.A.CARE HQ,24.707744,46.6792,01-12-2019 00:00,3868.2,3878.548746992714,10.348746992714041,10.348746992714041,107.0965643192079,0.2675339173960509,17.9,2.5,1249.2,5068.1,0.19774270653602014,44.3,941.8
1294,33,hgb,loso,Riyadh - K.A.CARE HQ,24.707744,46.6792,01-01-2020 00:00,4365.8,4332.665332107896,-33.13466789210452,33.13466789210452,1097.906216320062,0.758959821615844,15.0,2.7,1284.0,5824.0,0.18064153066966798,38.5,942.2
1295,33,hgb,loso,Riyadh - K.A.CARE HQ,24.707744,46.6792,01-02-2020 00:00,5206.5,5179.27990528068,-27.220094719319604,27.220094719319604,740.9335565287311,0.5228098476773189,18.9,3.1,2164.8,4979.0,0.30303199977602957,26.8,941.5
1296,33,hgb,loso,Riyadh - K.A.CARE HQ,24.707744,46.6792,01-03-2020 00:00,6299.3,6353.356992837174,54.05699283717422,54.05699283717422,2922.158474598305,0.8581428545580339,23.1,3.0,2696.3,5170.0,0.342765976380255,24.0,937.3
1297,33,hgb,loso,Riyadh - K.A.CARE HQ,24.707744,46.6792,01-04-2020 00:00,6176.2,5907.106462449297,-269.0935375507024,269.0935375507024,72411.3319515513,4.356943388340766,27.8,3.1,3111.0,3991.0,0.43804562095184457,29.4,936.0
1298,33,hgb,loso,Riyadh - K.A.CARE HQ,24.707744,46.6792,01-05-2020 00:00,7168.5,7277.622474331594,109.12247433159428,109.12247433159428,11907.714404249451,1.5222497639895973,33.9,3.0,3117.4,5301.3,0.3702947010821148,14.7,935.2
1299,33,hgb,loso,Riyadh - K.A.CARE HQ,24.707744,46.6792,01-09-2020 00:00,6645.7,6777.62907433531,131.92907433531036,131.92907433531036,17405.280654971848,1.985179504571533,35.6,2.8,2015.4,6533.6,0.23574687097906188,14.1,933.2
1300,33,hgb,loso,Riyadh - K.A.CARE HQ,24.707744,46.6792,01-10-2020 00:00,6005.1,6097.292038273208,92.1920382732078,92.1920382732078,8499.371920968611,1.5352290265475643,28.3,2.4,1236.0,7759.2,0.13740661686232655,15.9,938.5
1301,33,hgb,loso,Riyadh - K.A.CARE HQ,24.707744,46.6792,01-11-2020 00:00,4552.7,4593.936780149334,41.236780149333754,41.236780149333754,1700.4720370844864,0.9057653732803338,23.6,2.7,1309.7,5832.6,0.18337230303963709,34.3,940.6
1302,33,hgb,loso,Riyadh - K.A.CARE HQ,24.707744,46.6792,01-12-2020 00:00,3870.4,3918.701765919818,48.30176591981808,48.30176591981808,2333.0605909728993,1.2479786564649151,17.3,2.5,1472.9,4618.6,0.24179594516949848,46.6,942.6
1303,33,hgb,loso,Riyadh - K.A.CARE HQ,24.707744,46.6792,01-01-2021 00:00,4261.2,4235.474525437564,-25.72547456243592,25.72547456243592,661.8000414625376,0.6037143190283469,16.6,2.4,1517.5,5078.2,0.2300741392119108,38.3,942.7
1304,33,hgb,loso,Riyadh - K.A.CARE HQ,24.707744,46.6792,01-02-2021 00:00,4898.9,4922.820341408953,23.92034140895339,23.92034140895339,572.1827331208902,0.4882798466789155,18.3,2.9,1792.8,5224.7,0.2554755967224795,36.0,941.2
1305,33,hgb,loso,Riyadh - K.A.CARE HQ,24.707744,46.6792,01-10-2021 00:00,5736.8,5690.817476030616,-45.9825239693846,45.9825239693846,2114.3925105950293,0.8015361171626098,31.2,2.7,1698.3,6358.3,0.21079611746890747,19.3,938.2
1306,33,hgb,loso,Riyadh - K.A.CARE HQ,24.707744,46.6792,01-11-2021 00:00,4751.9,4732.879472855048,-19.020527144951302,19.020527144951302,361.7804528718293,0.40027204160338603,24.0,2.5,1483.4,5832.1,0.20277492994327115,28.5,940.6
1307,33,hgb,loso,Riyadh - K.A.CARE HQ,24.707744,46.6792,01-12-2021 00:00,3876.0,4147.774731789095,271.7747317890953,271.7747317890953,73861.5048390347,7.0117319863027685,18.1,2.5,1548.0,4454.6,0.2578882484256822,35.1,942.2
535,34,hgb,loso,Riyadh - KSU,24.72359,46.61639,01-01-2017 00:00,4379.7,4251.7699884509275,-127.93001154907233,127.93001154907233,16366.087854945781,2.920976586274684,16.9,1.9,1684.0,4945.2,0.2540276353104447,36.5,942.7
536,34,hgb,loso,Riyadh - KSU,24.72359,46.61639,01-02-2017 00:00,4482.8,4543.055549393713,60.2555493937125,60.2555493937125,3630.731232738127,1.344149848168834,14.5,2.0,2240.0,3624.6,0.381952733349248,44.1,943.2
537,34,hgb,loso,Riyadh - KSU,24.72359,46.61639,01-03-2017 00:00,5128.6,4950.581508632678,-178.01849136732199,178.01849136732199,31690.583268697294,3.4710933074781027,22.3,2.2,2825.4,3235.2,0.4661914661914662,39.3,938.5
538,34,hgb,loso,Riyadh - KSU,24.72359,46.61639,01-04-2017 00:00,6876.9,7101.079566425502,224.17956642550234,224.17956642550234,50256.47800272622,3.2598927776396684,29.7,2.2,3292.8,4711.6,0.4113737444405577,21.4,938.4
539,34,hgb,loso,Riyadh - KSU,24.72359,46.61639,01-05-2017 00:00,7158.3,7063.147717987385,-95.15228201261561,95.15228201261561,9053.956772208334,1.3292580921813224,34.7,2.1,3808.4,4143.5,0.4789295640035715,19.2,935.5
540,34,hgb,loso,Riyadh - KSU,24.72359,46.61639,01-06-2017 00:00,8177.0,7953.1479815846815,-223.85201841531853,223.85201841531853,50109.726148612106,2.737581245142699,37.0,2.3,2797.7,7017.4,0.2850403969394097,11.4,932.0
541,34,hgb,loso,Riyadh - KSU,24.72359,46.61639,01-09-2017 00:00,6742.2,6997.458628194278,255.25862819427857,255.25862819427857,65156.96726762495,3.785984221682516,35.1,1.6,2054.9,6637.3,0.23640735371942662,12.7,934.6
542,34,hgb,loso,Riyadh - KSU,24.72359,46.61639,01-10-2017 00:00,5978.9,6073.6217698823675,94.72176988236788,94.72176988236788,8972.213689648255,1.5842675054335726,30.4,1.4,1745.2,6675.4,0.20725363988314371,19.1,938.9
543,34,hgb,loso,Riyadh - KSU,24.72359,46.61639,01-11-2017 00:00,4498.9,4452.714525306374,-46.18547469362602,46.18547469362602,2133.0980726755697,1.0265948274828518,22.8,1.6,1577.4,5164.4,0.23397312290486225,35.5,941.8
544,34,hgb,loso,Riyadh - KSU,24.72359,46.61639,01-03-2018 00:00,6286.7,6192.885233843574,-93.81476615642623,93.81476615642623,8801.210348984936,1.4922736277606095,25.9,1.9,2318.5,5733.3,0.2879480364638963,23.0,939.4
545,34,hgb,loso,Riyadh - KSU,24.72359,46.61639,01-04-2018 00:00,6105.1,6091.206652118529,-13.893347881471527,13.893347881471527,193.02511535558938,0.22756953827900486,26.9,2.2,3399.3,3434.4,0.4974318451205057,33.4,936.7
546,34,hgb,loso,Riyadh - KSU,24.72359,46.61639,01-05-2018 00:00,7141.6,7063.3540830079255,-78.24591699207485,78.24591699207485,6122.423525930668,1.0956356697669267,33.1,2.2,3500.5,4557.7,0.4344022238216972,18.1,935.1
547,34,hgb,loso,Riyadh - KSU,24.72359,46.61639,01-06-2018 00:00,7787.4,7681.828481843544,-105.57151815645557,105.57151815645557,11145.345445858828,1.355670931972874,37.5,2.4,3191.4,5845.5,0.3531520764864058,12.6,931.0
548,34,hgb,loso,Riyadh - KSU,24.72359,46.61639,01-07-2018 00:00,7549.8,7489.484469251941,-60.315530748059246,60.315530748059246,3637.9632494200805,0.7989023649376042,38.0,2.2,2897.7,5911.1,0.3289551357733176,11.8,928.6
549,34,hgb,loso,Riyadh - KSU,24.72359,46.61639,01-08-2018 00:00,7345.4,7353.794728824366,8.394728824366211,8.394728824366211,70.47147203464492,0.11428552324401955,37.0,1.9,2459.3,6446.6,0.2761427817514232,13.3,930.3
550,34,hgb,loso,Riyadh - KSU,24.72359,46.61639,01-09-2018 00:00,6565.6,6642.478446348682,76.87844634868179,76.87844634868179,5910.295512987144,1.170927963151605,36.4,1.7,2366.5,5812.3,0.2893456252751015,14.3,934.6
551,34,hgb,loso,Riyadh - KSU,24.72359,46.61639,01-10-2018 00:00,5125.0,5306.185423734718,181.18542373471792,181.18542373471792,32828.157773929284,3.5353253411652275,29.1,1.5,2006.4,4792.2,0.29511958344365014,30.6,940.2
552,34,hgb,loso,Riyadh - KSU,24.72359,46.61639,01-11-2018 00:00,3889.5,3910.2514855079717,20.751485507971665,20.751485507971665,430.62415078755805,0.5335257875812229,21.3,1.9,1887.6,3492.5,0.3508484972398282,56.6,941.9
553,34,hgb,loso,Riyadh - KSU,24.72359,46.61639,01-12-2018 00:00,3977.8,3867.413765436548,-110.38623456345204,110.38623456345204,12185.120781097452,2.7750574328385547,18.4,1.8,1442.7,4760.7,0.2325660121868653,50.5,943.5
554,34,hgb,loso,Riyadh - KSU,24.72359,46.61639,01-01-2019 00:00,4125.2,4073.5801208786606,-51.61987912133918,51.61987912133918,2664.611920501669,1.2513303384402983,18.2,1.9,2100.8,3592.9,0.368969211584734,36.5,942.9
555,34,hgb,loso,Riyadh - KSU,24.72359,46.61639,01-02-2019 00:00,4913.4,4936.800632783492,23.400632783492256,23.400632783492256,547.5896146678525,0.47626150493532504,18.1,2.2,2046.4,4755.0,0.30087923074661105,36.8,941.6
556,34,hgb,loso,Riyadh - KSU,24.72359,46.61639,01-03-2019 00:00,6189.1,6229.144476544579,40.044476544579084,40.044476544579084,1603.5601017293443,0.6470161500796413,21.0,2.4,2525.2,5356.4,0.3203917986195696,28.0,939.2
557,34,hgb,loso,Riyadh - KSU,24.72359,46.61639,01-04-2019 00:00,6199.7,6143.427274907465,-56.27272509253453,56.27272509253453,3166.6195893399654,0.9076685177110914,25.7,2.2,2922.9,4329.2,0.40304187752513065,31.3,937.7
558,34,hgb,loso,Riyadh - KSU,24.72359,46.61639,01-05-2019 00:00,6209.3,6300.892707572927,91.59270757292688,91.59270757292688,8389.224080539698,1.475089101395115,32.9,1.8,2962.2,4113.4,0.41865000847984624,21.9,935.9
559,34,hgb,loso,Riyadh - KSU,24.72359,46.61639,01-06-2019 00:00,7261.7,7180.01081519231,-81.68918480769025,81.68918480769025,6673.122914544972,1.1249319692040467,38.0,1.9,2606.6,6062.2,0.300687523071244,12.3,932.0
560,34,hgb,loso,Riyadh - KSU,24.72359,46.61639,01-07-2019 00:00,7737.8,7691.123679611027,-46.67632038897318,46.67632038897318,2178.6788850540734,0.6032246942150634,38.0,2.3,2394.1,7027.0,0.2541210686650179,11.9,929.0
561,34,hgb,loso,Riyadh - KSU,24.72359,46.61639,01-08-2019 00:00,7412.5,7434.562000734507,22.06200073450691,22.06200073450691,486.7318764093834,0.29763238764933436,37.3,2.0,2176.6,7002.8,0.237117894415757,12.4,930.4
562,34,hgb,loso,Riyadh - KSU,24.72359,46.61639,01-09-2019 00:00,6639.2,6637.9479946538895,-1.252005346110309,1.252005346110309,1.5675173866887944,0.018857774221446993,35.9,1.7,2004.4,6547.9,0.23436970171766663,15.8,934.0
563,34,hgb,loso,Riyadh - KSU,24.72359,46.61639,01-10-2019 00:00,5614.5,5572.677961187819,-41.822038812180836,41.822038812180836,1749.0829304075603,0.7448933798589515,31.2,1.6,1800.2,5991.1,0.23105258429273678,23.6,938.3
564,34,hgb,loso,Riyadh - KSU,24.72359,46.61639,01-11-2019 00:00,4052.7,3998.1458141135317,-54.554185886468076,54.554185886468076,2976.159197735313,1.3461195224533788,22.1,1.7,1703.6,4160.2,0.2905283263412804,42.8,941.5
565,34,hgb,loso,Riyadh - KSU,24.72359,46.61639,01-12-2019 00:00,3978.1,3862.261381056687,-115.83861894331312,115.83861894331312,13418.585638694101,2.911908170818057,17.8,1.8,1288.7,5120.3,0.2010766110157591,46.3,942.3
566,34,hgb,loso,Riyadh - KSU,24.72359,46.61639,01-01-2020 00:00,4446.7,4447.213081514533,0.5130815145330416,0.5130815145330416,0.2632526405555198,0.011538478299256565,14.8,1.8,1305.5,5841.8,0.1826563877268339,40.8,942.8
567,34,hgb,loso,Riyadh - KSU,24.72359,46.61639,01-02-2020 00:00,5154.1,5119.602114171193,-34.49788582880774,34.49788582880774,1190.104126657454,0.6693289968919449,19.0,2.2,2118.4,4982.2,0.2983409852688505,27.8,942.4
568,34,hgb,loso,Riyadh - KSU,24.72359,46.61639,01-03-2020 00:00,6235.7,6396.6053912452135,160.90539124521365,160.90539124521365,25890.54493177528,2.58039019268428,23.1,2.0,2676.4,5101.0,0.34412528608532417,24.9,938.4
569,34,hgb,loso,Riyadh - KSU,24.72359,46.61639,01-04-2020 00:00,6285.3,6378.397410404395,93.0974104043944,93.0974104043944,8667.127824004241,1.4811927895946795,28.4,2.3,3200.1,3992.3,0.4449279795339525,29.0,936.7
570,34,hgb,loso,Riyadh - KSU,24.72359,46.61639,01-05-2020 00:00,7182.2,7160.394210544588,-21.805789455412196,21.805789455412196,475.4924537737657,0.30360877524173924,33.5,2.0,3132.4,5272.8,0.37267405891590916,16.3,936.2
571,34,hgb,loso,Riyadh - KSU,24.72359,46.61639,01-09-2020 00:00,6630.2,6510.100095424434,-120.09990457556614,120.09990457556614,14423.987079060093,1.8114069647305684,35.1,1.6,2016.9,6497.7,0.23687548446198295,15.2,934.1
572,34,hgb,loso,Riyadh - KSU,24.72359,46.61639,01-10-2020 00:00,5985.7,5871.222637642889,-114.4773623571109,114.4773623571109,13105.066492241272,1.912514198124044,27.8,1.4,1247.3,7725.2,0.1390136528280858,17.0,939.5
573,34,hgb,loso,Riyadh - KSU,24.72359,46.61639,01-11-2020 00:00,4530.7,4519.3953261267025,-11.30467387329736,11.30467387329736,127.79565138161196,0.24951274357819675,23.5,1.8,1331.9,5734.9,0.18847285900266036,36.1,941.6
574,34,hgb,loso,Riyadh - KSU,24.72359,46.61639,01-12-2020 00:00,3933.7,3971.210882253947,37.51088225394733,37.51088225394733,1407.0662874695006,0.9535776051541126,17.5,1.7,1489.7,4640.4,0.24301398019608167,49.0,943.6
575,34,hgb,loso,Riyadh - KSU,24.72359,46.61639,01-01-2021 00:00,4327.6,4299.2178808092885,-28.38211919071182,28.38211919071182,805.5446897557721,0.655839707706623,16.7,1.6,1550.3,5067.0,0.2342798422317259,40.7,943.8
576,34,hgb,loso,Riyadh - KSU,24.72359,46.61639,01-02-2021 00:00,4880.6,4920.955542384174,40.35554238417353,40.35554238417353,1628.5698011208262,0.8268561730970276,18.5,2.0,1799.3,5203.8,0.25692907426711026,37.6,942.2
577,34,hgb,loso,Riyadh - KSU,24.72359,46.61639,01-03-2021 00:00,6313.1,6266.58377268571,-46.51622731429052,46.51622731429052,2163.759403554747,0.7368206952890104,25.3,2.2,2866.7,4834.0,0.37226485903878864,20.6,939.3
578,34,hgb,loso,Riyadh - KSU,24.72359,46.61639,01-04-2021 00:00,6907.5,6806.110267085502,-101.38973291449838,101.38973291449838,10279.877940473316,1.4678209614838709,29.6,1.9,3077.5,5034.0,0.3793996178265426,16.8,938.1
579,34,hgb,loso,Riyadh - KSU,24.72359,46.61639,01-05-2021 00:00,7581.9,7539.389231772798,-42.51076822720188,42.51076822720188,1807.1654152668768,0.5606875351455688,35.5,1.8,2738.9,6268.5,0.30407220729622314,12.8,934.2
580,34,hgb,loso,Riyadh - KSU,24.72359,46.61639,01-07-2021 00:00,7521.9,7323.800636506218,-198.0993634937813,198.0993634937813,39243.3578166413,2.633634633454065,39.5,2.0,2563.7,6441.0,0.28470687529845523,16.3,928.0
581,34,hgb,loso,Riyadh - KSU,24.72359,46.61639,01-08-2021 00:00,7314.8,7102.504846925512,-212.29515307448855,212.29515307448855,45069.23201892053,2.902268730170183,38.6,1.8,2211.4,6769.8,0.24622544871509375,13.5,930.7
582,34,hgb,loso,Riyadh - KSU,24.72359,46.61639,01-09-2021 00:00,6750.1,6534.295005271774,-215.80499472822612,215.80499472822612,46571.795749649704,3.197063669104548,34.3,2.1,1875.2,6940.9,0.21270176154989168,15.4,933.7
583,34,hgb,loso,Riyadh - KSU,24.72359,46.61639,01-10-2021 00:00,5645.1,5617.468073909036,-27.631926090964043,27.631926090964043,763.5233394964995,0.4894851480215416,30.8,1.6,1681.4,6241.3,0.2122256301513373,20.7,939.0
584,34,hgb,loso,Riyadh - KSU,24.72359,46.61639,01-11-2021 00:00,4651.8,4656.954127950233,5.154127950232578,5.154127950232578,26.565034927368675,0.11079857152570138,23.7,1.5,1465.7,5656.9,0.20578159660798026,30.5,941.5
585,34,hgb,loso,Riyadh - KSU,24.72359,46.61639,01-12-2021 00:00,3779.4,3755.6383326884643,-23.761667311535803,23.761667311535803,564.6168334241091,0.6287153334268879,18.2,1.6,1528.9,4263.2,0.26396298406450164,37.3,943.2
1021,35,hgb,loso,Shaqra - University,25.17279,45.14198,01-01-2017 00:00,4376.5,4357.430398270089,-19.069601729910573,19.069601729910573,363.6497101374083,0.43572721878008847,15.8,2.0,1651.9,5148.0,0.24293004308886898,37.4,928.8
1022,35,hgb,loso,Shaqra - University,25.17279,45.14198,01-02-2017 00:00,4770.5,4734.183372355162,-36.31662764483826,36.31662764483826,1318.8974434938307,0.7612750790239653,13.7,2.0,2193.4,4202.8,0.3429223601513398,42.1,929.2
1023,35,hgb,loso,Shaqra - University,25.17279,45.14198,01-03-2017 00:00,5267.3,5326.919256055856,59.61925605585566,59.61925605585566,3554.4556926536816,1.1318750793737902,21.5,2.4,2988.1,3208.7,0.48220049057578107,39.0,924.4
1024,35,hgb,loso,Shaqra - University,25.17279,45.14198,01-04-2017 00:00,6521.1,6540.4400957995595,19.340095799559094,19.340095799559094,374.0393055361233,0.29657720015885497,28.1,2.1,3339.2,4171.1,0.44461606061009545,23.4,924.6
1025,35,hgb,loso,Shaqra - University,25.17279,45.14198,01-05-2017 00:00,7071.3,7086.416836930249,15.11683693024861,15.11683693024861,228.5187587757282,0.21377733839956742,33.2,2.1,3783.9,4083.1,0.4809838566162451,18.9,922.0
1026,35,hgb,loso,Shaqra - University,25.17279,45.14198,01-06-2017 00:00,8038.0,7953.9674337280085,-84.03256627199153,84.03256627199153,7061.472194256648,1.045441232545304,36.1,1.9,2708.2,7005.7,0.2787963639732754,9.7,918.9
1027,35,hgb,loso,Shaqra - University,25.17279,45.14198,01-09-2017 00:00,6905.7,6876.267545504137,-29.432454495862657,29.432454495862657,866.2693776510259,0.4262052289538013,34.1,1.6,2195.5,6640.8,0.24846372350418164,10.2,921.5
1028,35,hgb,loso,Shaqra - University,25.17279,45.14198,01-10-2017 00:00,6051.4,6171.4043705750155,120.00437057501586,120.00437057501586,14401.048957105731,1.9830844197213184,28.9,1.6,1753.7,6887.0,0.2029580936729663,15.4,925.4
1029,35,hgb,loso,Shaqra - University,25.17279,45.14198,01-11-2017 00:00,4543.3,4774.476135921283,231.17613592128237,231.17613592128237,53442.405819495216,5.088286838229532,21.5,1.8,1716.0,5058.0,0.2533215234720992,35.9,927.9
1030,35,hgb,loso,Shaqra - University,25.17279,45.14198,01-03-2018 00:00,6267.0,6487.909447051691,220.90944705169113,220.90944705169113,48800.983796683926,3.524963252779498,24.3,2.0,2527.2,5471.2,0.3159631926385277,24.0,925.5
1031,35,hgb,loso,Shaqra - University,25.17279,45.14198,01-06-2018 00:00,7855.3,7812.547446307114,-42.75255369288607,42.75255369288607,1827.7808472631061,0.5442510622495139,35.5,1.2,2937.8,6331.1,0.31695238917239366,12.5,918.2
1032,35,hgb,loso,Shaqra - University,25.17279,45.14198,01-07-2018 00:00,7713.6,7697.708058824597,-15.89194117540319,15.89194117540319,252.5537943224753,0.20602495819595507,35.7,1.4,2713.8,6471.7,0.2954439061564422,11.7,916.1
1033,35,hgb,loso,Shaqra - University,25.17279,45.14198,01-08-2018 00:00,7504.7,7562.127271002742,57.4272710027426,57.4272710027426,3297.891454822441,0.7652174104593468,35.2,1.2,2103.0,7323.4,0.22309683442247305,12.9,917.5
1034,35,hgb,loso,Shaqra - University,25.17279,45.14198,01-09-2018 00:00,6501.4,6410.6749219165085,-90.7250780834911,90.7250780834911,8231.039793255557,1.3954698693126266,35.1,1.0,2424.8,5671.4,0.2994985301746499,12.5,921.5
1035,35,hgb,loso,Shaqra - University,25.17279,45.14198,01-10-2018 00:00,5224.4,5395.087692706536,170.68769270653593,170.68769270653593,29134.28844148084,3.2671252719266506,27.1,0.8,1942.9,5105.2,0.27566294462337365,31.4,926.9
1036,35,hgb,loso,Shaqra - University,25.17279,45.14198,01-11-2018 00:00,3692.9,3707.763391772573,14.863391772572868,14.863391772572868,220.92041498498682,0.40248562843762,18.7,0.8,1877.7,3227.1,0.36783027738598967,68.3,928.3
1037,35,hgb,loso,Shaqra - University,25.17279,45.14198,01-12-2018 00:00,4008.8,4031.39795545372,22.597955453719806,22.597955453719806,510.6675906883047,0.5637087271432799,16.9,0.4,1548.2,4811.6,0.24343532815497343,54.8,929.5
1038,35,hgb,loso,Shaqra - University,25.17279,45.14198,01-01-2019 00:00,4012.7,4093.7908189568248,81.09081895682493,81.09081895682493,6575.720919088558,2.0208542616399168,16.3,0.5,2337.2,3045.2,0.43423008323424495,41.7,928.9
1039,35,hgb,loso,Shaqra - University,25.17279,45.14198,01-02-2019 00:00,4614.9,4792.843180603416,177.9431806034163,177.9431806034163,31663.77552326003,3.8558404429872004,16.2,0.5,2060.4,4302.8,0.3237993462408851,43.0,927.8
1040,35,hgb,loso,Shaqra - University,25.17279,45.14198,01-03-2019 00:00,6134.1,6079.159819602388,-54.940180397612494,54.940180397612494,3018.423422122204,0.8956518543488449,19.3,0.9,2454.1,5459.8,0.31009995071961993,28.2,925.3
1041,35,hgb,loso,Shaqra - University,25.17279,45.14198,01-04-2019 00:00,6514.2,6374.49728961586,-139.70271038414012,139.70271038414012,19516.84728867493,2.1445873688885837,23.6,0.5,2805.7,4983.8,0.36018999935811025,33.3,924.1
1042,35,hgb,loso,Shaqra - University,25.17279,45.14198,01-05-2019 00:00,6931.7,6925.567872463137,-6.132127536862754,6.132127536862754,37.60298812835047,0.08846498747583932,31.2,0.4,3084.3,4914.3,0.38560498087165257,22.6,922.3
1043,35,hgb,loso,Shaqra - University,25.17279,45.14198,01-06-2019 00:00,7617.1,7657.8491648329355,40.749164832935094,40.749164832935094,1660.4944345817141,0.534969540020941,36.3,1.1,2765.3,6356.2,0.3031628569862413,11.4,919.0
1044,35,hgb,loso,Shaqra - University,25.17279,45.14198,01-07-2019 00:00,7863.9,7836.234213207679,-27.665786792320432,27.665786792320432,765.3957588381317,0.3518074593054392,36.2,1.4,2246.1,7477.3,0.2309994446387066,11.4,916.3
1045,35,hgb,loso,Shaqra - University,25.17279,45.14198,01-08-2019 00:00,7506.2,7374.188057747456,-132.01194225254403,132.01194225254403,17427.15289728902,1.7587053669305912,35.2,1.7,2065.5,7348.6,0.21940493515046577,12.1,917.7
1046,35,hgb,loso,Shaqra - University,25.17279,45.14198,01-09-2019 00:00,6681.2,6656.722471997964,-24.477528002035797,24.477528002035797,599.1493770904466,0.366364245974313,34.1,1.1,2028.3,6615.0,0.23466731456735276,13.9,920.9
1047,35,hgb,loso,Shaqra - University,25.17279,45.14198,01-10-2019 00:00,5639.6,5560.645353629879,-78.95464637012174,78.95464637012174,6233.836183430977,1.4000043685743977,29.2,1.0,1808.2,6042.5,0.2303234106512795,22.4,924.7
1048,35,hgb,loso,Shaqra - University,25.17279,45.14198,01-11-2019 00:00,4080.6,4069.4372111135444,-11.162788886455473,11.162788886455473,124.60785572357383,0.27355753777521624,20.4,0.2,1769.5,4173.6,0.29774023657687065,43.9,927.7
1049,35,hgb,loso,Shaqra - University,25.17279,45.14198,01-12-2019 00:00,4239.8,4230.191131262151,-9.608868737848752,9.608868737848752,92.33035842120707,0.22663495301308437,16.5,0.2,1230.8,6053.3,0.1689707719553548,44.1,928.4
1050,35,hgb,loso,Shaqra - University,25.17279,45.14198,01-01-2020 00:00,4597.3,4538.568419404339,-58.7315805956614,58.7315805956614,3449.3985592646704,1.2775233418672132,13.1,0.4,1230.6,6521.2,0.15875022575401843,38.8,929.1
1051,35,hgb,loso,Shaqra - University,25.17279,45.14198,01-02-2020 00:00,5296.2,5655.570415126655,359.37041512665473,359.37041512665473,129147.09526830415,6.785438901979811,17.4,0.4,2156.0,5290.3,0.28953977143010623,28.6,928.3
1052,35,hgb,loso,Shaqra - University,25.17279,45.14198,01-03-2020 00:00,6388.6,6378.952784612394,-9.647215387606593,9.647215387606593,93.06876473487343,0.15100672115340752,21.1,0.3,2721.6,5345.2,0.3373828531759806,24.1,924.8
1053,35,hgb,loso,Shaqra - University,25.17279,45.14198,01-04-2020 00:00,6946.7,6947.014336606038,0.3143366060385233,0.3143366060385233,0.09880750189581781,0.004524977414290574,26.2,0.3,3047.1,5120.9,0.3730533790401567,29.9,922.7
1054,35,hgb,loso,Shaqra - University,25.17279,45.14198,01-05-2020 00:00,7207.3,7089.436206699858,-117.86379330014188,117.86379330014188,13891.87377109857,1.6353390770488516,31.6,0.2,3356.9,4948.0,0.4042071548122193,16.2,922.5
1055,35,hgb,loso,Shaqra - University,25.17279,45.14198,01-09-2020 00:00,6670.5,6652.319256654927,-18.180743345073097,18.180743345073097,330.5394285794197,0.2725544313780541,33.4,0.0,2016.7,6662.2,0.2323681572549517,12.8,921.1
1056,35,hgb,loso,Shaqra - University,25.17279,45.14198,01-12-2020 00:00,3944.8,3990.3672915586076,45.567291558607394,45.567291558607394,2076.3780599871325,1.1551229861743915,15.7,0.0,1477.4,4816.3,0.23474267918712363,53.2,929.8
1057,35,hgb,loso,Shaqra - University,25.17279,45.14198,01-01-2021 00:00,4399.0,4340.513370152446,-58.48662984755356,58.48662984755356,3420.6858709247426,1.3295437564799628,15.1,0.0,1464.0,5528.6,0.20936418499556672,43.2,930.1
1058,35,hgb,loso,Shaqra - University,25.17279,45.14198,01-02-2021 00:00,5016.8,5135.386151567976,118.58615156797623,118.58615156797623,14062.675343703031,2.3637807281130647,16.7,0.0,1963.2,5167.6,0.2753127278846693,39.7,928.8
1059,35,hgb,loso,Shaqra - University,25.17279,45.14198,01-03-2021 00:00,6316.0,6374.46995649271,58.46995649270957,58.46995649270957,3418.73581225935,0.9257434530194675,23.1,0.0,2925.7,4811.0,0.37815864645132935,21.9,925.9
1060,35,hgb,loso,Shaqra - University,25.17279,45.14198,01-04-2021 00:00,6755.0,6903.953286115661,148.95328611566129,148.95328611566129,22187.081444654053,2.2050819558203005,27.1,0.0,3187.9,4723.0,0.40297564120390855,18.5,924.9
1061,35,hgb,loso,Shaqra - University,25.17279,45.14198,01-05-2021 00:00,7730.5,7675.214544841752,-55.285455158247714,55.285455158247714,3056.481552054619,0.7151601469277241,33.2,0.0,2729.1,6537.5,0.2945093130166404,11.6,920.7
1062,35,hgb,loso,Shaqra - University,25.17279,45.14198,01-07-2021 00:00,7615.5,7648.971201436208,33.47120143620759,33.47120143620759,1120.3213255831852,0.4395141676345295,37.6,0.0,2574.2,6625.9,0.279801306507538,13.0,915.0
1063,35,hgb,loso,Shaqra - University,25.17279,45.14198,01-08-2021 00:00,7483.7,7443.111994624336,-40.58800537566367,40.58800537566367,1647.386180374903,0.542352116943005,36.2,0.0,2113.4,7255.4,0.22557851592519856,11.5,917.7
1064,35,hgb,loso,Shaqra - University,25.17279,45.14198,01-09-2021 00:00,6809.4,7014.377304398771,204.9773043987716,204.9773043987716,42015.695318586666,3.0102109495516727,32.3,0.0,1882.6,7070.6,0.2102711879551445,14.0,920.7
1065,35,hgb,loso,Shaqra - University,25.17279,45.14198,01-10-2021 00:00,5778.5,5718.746927401747,-59.75307259825331,59.75307259825331,3570.429684932131,1.0340585376525622,28.9,0.0,1691.3,6501.1,0.2064474390898882,17.3,925.4
1066,35,hgb,loso,Shaqra - University,25.17279,45.14198,01-11-2021 00:00,4729.9,4760.300392570506,30.400392570506483,30.400392570506483,924.1838684409058,0.6427280189963104,21.7,0.0,1478.9,5897.1,0.20050162689804774,29.7,927.8
1067,35,hgb,loso,Shaqra - University,25.17279,45.14198,01-12-2021 00:00,3911.0,3968.736982443048,57.736982443047964,57.736982443047964,3333.559141628829,1.476271604271234,16.1,0.0,1694.5,4351.2,0.28028185321798965,38.8,929.7
0,36,hgb,loso,Sharurah - TVTC,17.47586,47.08618,01-05-2017 00:00,7400.9,7452.068296413084,51.168296413084136,51.168296413084136,2618.194557817239,0.6913793783605255,34.5,3.8,2866.0,5908.4,0.3266320204230489,19.9,926.6
1,36,hgb,loso,Sharurah - TVTC,17.47586,47.08618,01-06-2017 00:00,7412.5,7462.370668988766,49.87066898876583,49.87066898876583,2487.08362538705,0.6727914872008881,36.3,3.3,3404.4,5124.4,0.3991651815026733,10.1,923.4
2,36,hgb,loso,Sharurah - TVTC,17.47586,47.08618,01-09-2017 00:00,6528.3,6190.952644008724,-337.34735599127634,337.34735599127634,113803.23859430493,5.167460992774172,33.9,3.3,2007.4,6131.6,0.2466396363189581,14.3,925.6
3,36,hgb,loso,Sharurah - TVTC,17.47586,47.08618,01-10-2017 00:00,6073.3,6030.975200768353,-42.324799231647376,42.324799231647376,1791.3886299992582,0.6968995312539702,29.2,3.3,1451.7,6975.2,0.17226975518874083,17.7,930.1
4,36,hgb,loso,Sharurah - TVTC,17.47586,47.08618,01-11-2017 00:00,5262.7,4970.85340218615,-291.84659781385017,291.84659781385017,85174.43665551921,5.545567822863743,24.8,3.5,1092.0,7020.8,0.13460211024553792,28.9,932.6
5,36,hgb,loso,Sharurah - TVTC,17.47586,47.08618,01-03-2018 00:00,7122.5,6620.58324012024,-501.9167598797603,501.9167598797603,251920.433848197,7.046918355630191,27.4,3.9,1905.3,7405.5,0.20463332903724707,18.0,930.4
6,36,hgb,loso,Sharurah - TVTC,17.47586,47.08618,01-04-2018 00:00,6758.0,6863.944540028052,105.94454002805196,105.94454002805196,11224.245561755504,1.5676907373195024,31.4,4.0,3578.9,4034.8,0.47006054874765224,24.4,927.5
7,36,hgb,loso,Sharurah - TVTC,17.47586,47.08618,01-05-2018 00:00,7276.2,7181.862060720005,-94.33793927999523,94.33793927999523,8899.646787596066,1.2965275731837391,33.1,3.9,2861.0,5660.0,0.3357587137659899,21.8,926.2
8,36,hgb,loso,Sharurah - TVTC,17.47586,47.08618,01-06-2018 00:00,6892.3,6859.097151857499,-33.20284814250135,33.20284814250135,1102.4291247740055,0.48173828972188315,36.2,3.6,3875.3,3752.6,0.5080428427221123,14.7,922.9
9,36,hgb,loso,Sharurah - TVTC,17.47586,47.08618,01-07-2018 00:00,6505.0,6598.210175010852,93.21017501085225,93.21017501085225,8688.136725553706,1.4329004613505343,36.8,3.8,3845.5,3268.7,0.5405386410278036,11.9,920.8
10,36,hgb,loso,Sharurah - TVTC,17.47586,47.08618,01-08-2018 00:00,6688.9,6947.050265858761,258.1502658587615,258.1502658587615,66641.55976294924,3.859382945757322,36.6,3.7,3350.5,4163.6,0.4458950506381336,15.4,921.7
11,36,hgb,loso,Sharurah - TVTC,17.47586,47.08618,01-09-2018 00:00,6771.1,6600.875848149265,-170.22415185073532,170.22415185073532,28976.2618733022,2.513980769014419,34.1,3.7,1989.3,6609.0,0.23135968738006352,16.3,925.9
12,36,hgb,loso,Sharurah - TVTC,17.47586,47.08618,01-04-2019 00:00,6784.3,6880.671971128506,96.37197112850572,96.37197112850572,9287.55681919354,1.4205145870392777,30.9,4.0,3090.8,4821.7,0.3906224328593997,23.7,928.2
13,36,hgb,loso,Sharurah - TVTC,17.47586,47.08618,01-05-2019 00:00,7180.5,7112.741391613243,-67.75860838675726,67.75860838675726,4591.229010509931,0.9436474951153437,33.2,3.5,2921.6,5517.5,0.34619805429488926,23.2,927.4
14,36,hgb,loso,Sharurah - TVTC,17.47586,47.08618,01-06-2019 00:00,7425.5,7451.4956737323555,25.9956737323555,25.9956737323555,675.7750527990777,0.35008650908835093,36.5,3.4,3053.4,5649.9,0.35083244286649895,13.7,923.2
15,36,hgb,loso,Sharurah - TVTC,17.47586,47.08618,01-07-2019 00:00,7131.2,7195.62406544052,64.42406544052028,64.42406544052028,4150.460207884439,0.903411283381763,37.3,3.6,3780.9,4164.7,0.4758482682239227,15.3,920.5
16,36,hgb,loso,Sharurah - TVTC,17.47586,47.08618,01-08-2019 00:00,6987.6,7066.777553971595,79.17755397159453,79.17755397159453,6269.0850529247655,1.1331151464250175,36.3,3.9,3195.1,4911.8,0.3941210573708816,15.6,922.3
17,36,hgb,loso,Sharurah - TVTC,17.47586,47.08618,01-09-2019 00:00,6840.7,6855.629002375606,14.929002375606615,14.929002375606615,222.87511193086794,0.21823793435769168,34.7,3.8,2555.1,5726.3,0.30853478880382545,19.3,924.7
18,36,hgb,loso,Sharurah - TVTC,17.47586,47.08618,01-10-2019 00:00,6614.2,6616.349610691933,2.1496106919330487,2.1496106919330487,4.62082612687288,0.03249993486639425,30.5,3.7,1531.1,7635.1,0.1670375946411817,20.7,929.3
19,36,hgb,loso,Sharurah - TVTC,17.47586,47.08618,01-11-2019 00:00,5571.5,5047.032437287079,-524.4675627129209,524.4675627129209,275066.2243380316,9.413399671774583,24.5,3.8,1426.3,6870.4,0.17191172393843338,36.2,932.1
20,36,hgb,loso,Sharurah - TVTC,17.47586,47.08618,01-12-2019 00:00,5309.2,4815.030518003178,-494.16948199682156,494.16948199682156,244203.47693700696,9.307795562360084,22.0,3.5,1168.4,7408.1,0.13623272896869354,37.8,933.1
21,36,hgb,loso,Sharurah - TVTC,17.47586,47.08618,01-01-2020 00:00,5578.3,5658.279181711718,79.9791817117175,79.9791817117175,6396.669507275928,1.4337554758926108,19.9,3.4,1640.6,6715.3,0.19634031043933028,34.4,933.8
22,36,hgb,loso,Sharurah - TVTC,17.47586,47.08618,01-02-2020 00:00,6153.8,6345.450096453852,191.6500964538518,191.6500964538518,36729.759470770696,3.1143374249057785,23.6,3.9,2103.2,6297.3,0.2503660496399024,23.6,932.7
23,36,hgb,loso,Sharurah - TVTC,17.47586,47.08618,01-03-2020 00:00,6779.9,6917.584265591243,137.68426559124327,137.68426559124327,18956.956991400017,2.030771332781358,26.9,4.2,3186.7,4887.2,0.394691536927631,26.1,929.2
24,36,hgb,loso,Sharurah - TVTC,17.47586,47.08618,01-04-2020 00:00,7098.2,7149.012015106955,50.81201510695519,50.81201510695519,2581.860879229442,0.7158436660978161,31.1,3.8,2729.7,5737.1,0.3224004346388246,34.4,927.9
25,36,hgb,loso,Sharurah - TVTC,17.47586,47.08618,01-05-2020 00:00,7522.2,7488.836707522045,-33.36329247795493,33.36329247795493,1113.109284969564,0.44353104780456415,34.6,3.7,2767.2,6153.8,0.3101894406456675,19.4,927.0
26,36,hgb,loso,Sharurah - TVTC,17.47586,47.08618,01-09-2020 00:00,7309.1,7532.994121397501,223.89412139750038,223.89412139750038,50128.57759635864,3.0632242190899066,33.4,3.3,1963.5,7390.4,0.20991244293823969,15.2,925.1
27,36,hgb,loso,Sharurah - TVTC,17.47586,47.08618,01-10-2020 00:00,6800.6,6521.683347306094,-278.91665269390614,278.91665269390614,77794.49914997307,4.101353596651856,27.6,2.8,1365.0,8286.2,0.1414331896551724,17.3,930.4
28,36,hgb,loso,Sharurah - TVTC,17.47586,47.08618,01-11-2020 00:00,5977.3,5881.50321604877,-95.79678395123028,95.79678395123028,9177.023815398692,1.6026765253748396,25.1,3.2,1054.2,8351.0,0.11208693063411729,26.4,932.6
29,36,hgb,loso,Sharurah - TVTC,17.47586,47.08618,01-12-2020 00:00,5510.5,5211.6075766107815,-298.8924233892185,298.8924233892185,89336.68075947984,5.424052688308112,21.2,3.3,1098.5,7951.0,0.12138792198464003,35.8,934.1
30,36,hgb,loso,Sharurah - TVTC,17.47586,47.08618,01-01-2021 00:00,5912.8,5674.272478403896,-238.52752159610463,238.52752159610463,56895.37855878016,4.034087430593029,19.8,3.2,1163.1,8247.4,0.12359598321024387,26.6,934.3
31,36,hgb,loso,Sharurah - TVTC,17.47586,47.08618,01-02-2021 00:00,6299.1,6469.0400663312375,169.94006633123718,169.94006633123718,28879.62614466529,2.6978467770195294,22.9,3.8,1854.5,6918.3,0.21139202991063288,25.7,932.3
32,36,hgb,loso,Sharurah - TVTC,17.47586,47.08618,01-03-2021 00:00,7471.9,7562.038186579817,90.13818657981756,90.13818657981756,8124.892679898002,1.2063623252428106,27.7,3.6,1970.8,7876.3,0.20014014278315442,16.1,930.2
33,36,hgb,loso,Sharurah - TVTC,17.47586,47.08618,01-04-2021 00:00,7598.6,7549.0988410440095,-49.50115895599083,49.50115895599083,2450.3647379862714,0.6514510430341225,30.1,3.7,2565.5,6611.2,0.27956672878049843,19.5,929.0
34,36,hgb,loso,Sharurah - TVTC,17.47586,47.08618,01-05-2021 00:00,7702.5,7705.910865110694,3.4108651106944308,3.4108651106944308,11.634000803352532,0.04428257203108641,34.4,3.6,2769.7,6458.4,0.30013762312935494,13.7,925.9
35,36,hgb,loso,Sharurah - TVTC,17.47586,47.08618,01-07-2021 00:00,6678.1,6841.750620538581,163.65062053858037,163.65062053858037,26781.525602662423,2.4505566035036965,34.9,4.1,3336.1,4290.0,0.4374582027510785,27.5,920.1
36,36,hgb,loso,Sharurah - TVTC,17.47586,47.08618,01-08-2021 00:00,7125.3,7270.622171203183,145.32217120318273,145.32217120318273,21118.533443207154,2.0395235457199377,36.7,4.1,3060.8,5235.1,0.36895333839607514,17.9,922.0
37,36,hgb,loso,Sharurah - TVTC,17.47586,47.08618,01-09-2021 00:00,7019.1,7154.251533443259,135.1515334432588,135.1515334432588,18265.936992064304,1.9254823758495934,34.0,3.4,2545.6,6044.4,0.29634458672875436,15.1,924.5
38,36,hgb,loso,Sharurah - TVTC,17.47586,47.08618,01-10-2021 00:00,6476.5,6378.979940503696,-97.52005949630438,97.52005949630438,9510.162004162747,1.5057524819934283,29.9,3.3,1702.3,7160.0,0.1920833192286427,21.6,929.7
39,36,hgb,loso,Sharurah - TVTC,17.47586,47.08618,01-11-2021 00:00,5876.1,5764.513719605818,-111.58628039418272,111.58628039418272,12451.497972209167,1.8989853881687293,25.1,3.1,1249.5,7711.1,0.13944378724638976,24.9,932.5
40,36,hgb,loso,Sharurah - TVTC,17.47586,47.08618,01-12-2021 00:00,5491.3,4988.453144076835,-502.8468559231651,502.8468559231651,252854.96051181236,9.157155062064813,21.0,2.5,1039.4,8066.4,0.11414702716949639,32.6,933.9
434,37,hgb,loso,Tabuk - University,28.38287,36.48396,01-01-2017 00:00,4028.6,4051.5720283812757,22.972028381275777,22.972028381275777,527.7140879501397,0.5702236107152802,11.2,2.1,1282.3,5592.6,0.18651907664111475,36.7,929.7
435,37,hgb,loso,Tabuk - University,28.38287,36.48396,01-02-2017 00:00,5199.5,5289.4525756928215,89.95257569282148,89.95257569282148,8091.465873772779,1.7300235732824596,11.5,2.3,1318.5,6873.2,0.1609556014014185,26.5,930.0
436,37,hgb,loso,Tabuk - University,28.38287,36.48396,01-03-2017 00:00,6312.4,5922.449074867375,-389.95092513262443,389.95092513262443,152061.72401178966,6.177538260132826,17.7,2.6,1617.6,7280.9,0.1817834466483115,25.8,925.4
437,37,hgb,loso,Tabuk - University,28.38287,36.48396,01-04-2017 00:00,6791.0,6697.014786591934,-93.98521340806565,93.98521340806565,8833.220339359643,1.383967212605885,23.1,0.4,2492.4,6099.6,0.2900837988826816,21.2,926.3
438,37,hgb,loso,Tabuk - University,28.38287,36.48396,01-05-2017 00:00,7630.7,7496.035233529564,-134.664766470436,134.664766470436,18134.599328537064,1.7647760555445244,27.5,0.0,1894.8,7888.3,0.19368093957947888,17.3,925.1
439,37,hgb,loso,Tabuk - University,28.38287,36.48396,01-09-2017 00:00,6626.0,6440.641701214802,-185.3582987851978,185.3582987851978,34357.69892854266,2.7974388588167494,29.9,2.8,1888.1,6915.3,0.21447395324533702,22.4,924.5
440,37,hgb,loso,Tabuk - University,28.38287,36.48396,01-11-2017 00:00,4388.9,4422.499188047972,33.59918804797235,33.59918804797235,1128.905437483008,0.7655491819811877,17.5,2.0,1375.6,5824.3,0.19105820914179364,39.6,928.5
441,37,hgb,loso,Tabuk - University,28.38287,36.48396,01-03-2018 00:00,6380.9,6461.126803968436,80.2268039684368,80.2268039684368,6436.3400749899865,1.257296054920729,21.9,2.5,1814.9,7139.4,0.20268474364271916,18.7,926.5
442,37,hgb,loso,Tabuk - University,28.38287,36.48396,01-04-2018 00:00,7043.3,7076.67264846873,33.372648468729494,33.372648468729494,1113.733665817393,0.4738211984258727,22.4,2.5,2347.1,6530.4,0.2643874964798648,24.7,924.4
443,37,hgb,loso,Tabuk - University,28.38287,36.48396,01-05-2018 00:00,7448.6,7493.521210045768,44.92121004576802,44.92121004576802,2017.9151119760097,0.6030825933164355,28.1,3.1,2752.3,6270.7,0.3050315859470243,18.8,923.8
444,37,hgb,loso,Tabuk - University,28.38287,36.48396,01-06-2018 00:00,8333.0,8133.387163389221,-199.6128366107787,199.6128366107787,39845.284539801425,2.395449857323637,30.6,2.9,2058.5,8506.7,0.19483776928027863,19.4,922.6
445,37,hgb,loso,Tabuk - University,28.38287,36.48396,01-07-2018 00:00,8157.9,8132.937465819158,-24.96253418084143,24.96253418084143,623.1281127296768,0.30599215706053556,31.6,2.8,1839.3,8659.4,0.17519311914808502,19.7,921.0
446,37,hgb,loso,Tabuk - University,28.38287,36.48396,01-08-2018 00:00,7802.0,7182.727942874731,-619.2720571252694,619.2720571252694,383497.8807361629,7.937350129777869,31.0,2.8,1266.2,9316.7,0.11964584376683139,23.9,922.0
447,37,hgb,loso,Tabuk - University,28.38287,36.48396,01-03-2019 00:00,6494.3,6222.842402929355,-271.45759707064553,271.45759707064553,73689.22700736894,4.179936206683484,15.7,2.8,1643.5,7700.4,0.17589015293399973,29.7,926.7
448,37,hgb,loso,Tabuk - University,28.38287,36.48396,01-04-2019 00:00,6681.0,6254.388594046703,-426.61140595329744,426.61140595329744,181997.29168944914,6.385442388164907,20.6,2.7,2060.7,6569.1,0.2387888479454912,23.4,925.8
449,37,hgb,loso,Tabuk - University,28.38287,36.48396,01-05-2019 00:00,7116.1,6990.949871914151,-125.15012808584925,125.15012808584925,15662.554559904473,1.7586898453626179,29.0,2.7,2054.7,6870.8,0.23020559072320876,13.4,924.7
450,37,hgb,loso,Tabuk - University,28.38287,36.48396,01-06-2019 00:00,7896.1,7849.687128931438,-46.41287106856271,46.41287106856271,2154.154600827025,0.5877948742868341,31.4,3.0,1917.9,8159.0,0.19032639006043528,18.3,923.1
451,37,hgb,loso,Tabuk - University,28.38287,36.48396,01-07-2019 00:00,8313.3,7982.536871964001,-330.7631280359983,330.7631280359983,109404.24686815821,3.97872238504563,31.8,2.8,1500.0,9425.8,0.13728971791539293,18.7,921.0
452,37,hgb,loso,Tabuk - University,28.38287,36.48396,01-08-2019 00:00,7684.6,7426.538822793108,-258.06117720689235,258.06117720689235,66595.5711814071,3.3581601801901515,31.3,2.7,1533.0,8704.4,0.14974505245472483,21.1,922.1
453,37,hgb,loso,Tabuk - University,28.38287,36.48396,01-09-2019 00:00,6747.2,6636.3538587783905,-110.84614122160929,110.84614122160929,12286.86702372095,1.6428465322149823,30.0,2.7,1567.3,7724.1,0.16868286802849947,23.6,923.8
454,37,hgb,loso,Tabuk - University,28.38287,36.48396,01-10-2019 00:00,5138.7,5570.669468802758,431.96946880275846,431.96946880275846,186597.62197773732,8.406201350589807,25.8,2.5,2188.2,4966.1,0.3058580154592343,29.9,926.7
455,37,hgb,loso,Tabuk - University,28.38287,36.48396,01-11-2019 00:00,4226.5,4247.846057923456,21.3460579234561,21.3460579234561,455.654188871543,0.5050528315025695,18.8,2.1,1259.1,5771.2,0.1790961978862922,36.4,928.0
456,37,hgb,loso,Tabuk - University,28.38287,36.48396,01-12-2019 00:00,4025.8,4416.015229640544,390.21522964054384,390.21522964054384,152267.92544342237,9.692861782516365,13.1,2.1,865.8,6857.0,0.11210959755529082,39.5,929.3
457,37,hgb,loso,Tabuk - University,28.38287,36.48396,01-01-2020 00:00,4191.2,4438.6289284564045,247.42892845640472,247.42892845640472,61221.07463708465,5.903534273153387,10.3,1.9,1060.0,6498.1,0.1402468874452574,42.2,930.3
458,37,hgb,loso,Tabuk - University,28.38287,36.48396,01-09-2020 00:00,6244.6,6112.547701306803,-132.05229869319737,132.05229869319737,17437.809590157416,2.114663848656397,32.4,2.4,1627.6,6731.6,0.19470762752416496,18.1,924.0
459,37,hgb,loso,Tabuk - University,28.38287,36.48396,01-10-2020 00:00,5630.9,5718.302654989585,87.40265498958524,87.40265498958524,7639.224099228471,1.5521968955155527,26.8,2.2,1270.6,7375.2,0.14696153045409333,17.6,927.6
460,37,hgb,loso,Tabuk - University,28.38287,36.48396,01-11-2020 00:00,4561.7,4491.645477695835,-70.0545223041645,70.0545223041645,4907.63609526468,1.5357108600777012,18.1,2.2,1000.6,6999.7,0.12507030986338014,40.3,928.0
461,37,hgb,loso,Tabuk - University,28.38287,36.48396,01-12-2020 00:00,3685.6,3857.788024847343,172.18802484734306,172.18802484734306,29648.71590082923,4.6719129815319915,14.5,1.9,1259.4,5190.9,0.19524673271010654,43.1,929.5
462,37,hgb,loso,Tabuk - University,28.38287,36.48396,01-01-2021 00:00,4246.2,4305.34924079435,59.14924079435059,59.14924079435059,3498.632686548068,1.3929923412545473,13.3,2.0,1255.2,6090.1,0.17088478346697888,41.5,930.0
463,37,hgb,loso,Tabuk - University,28.38287,36.48396,01-02-2021 00:00,5149.7,5084.5412008692565,-65.15879913074332,65.15879913074332,4245.669104160556,1.2652931069915396,14.4,2.4,1345.2,6825.2,0.16464310192891415,39.2,928.8
464,37,hgb,loso,Tabuk - University,28.38287,36.48396,01-09-2021 00:00,6587.6,6474.494821617683,-113.10517838231772,113.10517838231772,12792.781376895911,1.7169405911457543,29.5,2.8,1565.9,7489.3,0.1729282622139765,24.4,924.1
465,37,hgb,loso,Tabuk - University,28.38287,36.48396,01-10-2021 00:00,5489.4,5556.032369058492,66.63236905849226,66.63236905849226,4439.872606347117,1.2138370142181707,25.3,2.4,1432.5,6797.3,0.17406255316046565,25.4,927.3
466,37,hgb,loso,Tabuk - University,28.38287,36.48396,01-11-2021 00:00,4362.8,4231.152869289939,-131.647130710061,131.647130710061,17330.967024191883,3.017491764693797,19.1,1.9,1072.8,6400.4,0.1435529625863084,34.5,928.8
467,37,hgb,loso,Tabuk - University,28.38287,36.48396,01-12-2021 00:00,3774.5,3907.8211207147506,133.32112071475058,133.32112071475058,17774.521228637095,3.5321531518015785,13.7,2.1,1420.9,4968.0,0.2224013523454742,39.6,929.3
712,38,hgb,loso,Taif - University,21.43278,40.49173,01-01-2017 00:00,4868.6,4954.807809686101,86.20780968610052,86.20780968610052,7431.786450874926,1.770689924949688,18.1,2.5,1127.7,6756.0,0.14304197267780358,43.8,851.0
713,38,hgb,loso,Taif - University,21.43278,40.49173,01-02-2017 00:00,4544.6,4788.290276579937,243.69027657993684,243.69027657993684,59384.95089960611,5.362194177263936,15.9,3.1,1958.9,4114.3,0.32254824474741484,47.1,849.8
714,38,hgb,loso,Taif - University,21.43278,40.49173,01-05-2017 00:00,6424.3,6148.356600113329,-275.9433998866716,275.9433998866716,76144.75994101555,4.295306879919549,26.0,2.6,2870.0,4672.9,0.38049026236593353,33.7,849.6
715,38,hgb,loso,Taif - University,21.43278,40.49173,01-09-2017 00:00,6560.7,6715.361114710527,154.66111471052682,154.66111471052682,23920.060403502735,2.3573873932739926,28.0,2.5,2412.9,5620.2,0.30036972028233183,18.9,848.8
716,38,hgb,loso,Taif - University,21.43278,40.49173,01-11-2017 00:00,5215.9,5177.797181478828,-38.102818521171685,38.102818521171685,1451.824779257344,0.7305128265720525,20.0,2.3,1409.4,6571.4,0.17659883720930236,42.1,850.6
717,38,hgb,loso,Taif - University,21.43278,40.49173,01-03-2018 00:00,6963.9,6536.605058279826,-427.2949417201735,427.2949417201735,182580.96721964647,6.13585694395631,21.5,2.7,1815.4,7489.4,0.1951036024417505,29.7,849.6
718,38,hgb,loso,Taif - University,21.43278,40.49173,01-04-2018 00:00,6959.2,6452.870950748496,-506.3290492515034,506.3290492515034,256369.10611593138,7.275678946595922,21.9,3.1,2318.9,6303.2,0.2689484000417532,38.0,848.1
719,38,hgb,loso,Taif - University,21.43278,40.49173,01-05-2018 00:00,7434.2,6915.587279010881,-518.6127209891192,518.6127209891192,268959.154371738,6.976039398847478,26.6,2.8,2718.2,6136.2,0.3069886158294181,22.9,848.5
720,38,hgb,loso,Taif - University,21.43278,40.49173,01-06-2018 00:00,7557.7,7500.653156881637,-57.04684311836263,57.04684311836263,3254.342309771078,0.7548175121844296,29.5,3.2,2904.7,5915.2,0.3293347997142825,15.5,847.2
721,38,hgb,loso,Taif - University,21.43278,40.49173,01-07-2018 00:00,7580.5,7612.947418193947,32.44741819394676,32.44741819394676,1052.8349474528673,0.4280379683918839,28.3,4.2,2744.1,6186.4,0.3072728290689211,18.7,846.8
722,38,hgb,loso,Taif - University,21.43278,40.49173,01-08-2018 00:00,7265.2,7473.571792348267,208.37179234826726,208.37179234826726,43418.803846429415,2.8680806082181807,28.5,4.2,2426.0,6352.0,0.2763727500569606,19.5,846.9
723,38,hgb,loso,Taif - University,21.43278,40.49173,01-11-2018 00:00,4463.3,4849.473063035919,386.17306303591886,386.17306303591886,149129.63461454376,8.652187014897471,18.3,2.3,1618.7,4984.8,0.2451275838570455,60.2,850.6
724,38,hgb,loso,Taif - University,21.43278,40.49173,01-12-2018 00:00,4686.2,4902.294362994864,216.09436299486424,216.09436299486424,46696.77371815615,4.611291942189071,17.5,2.2,1426.5,5956.6,0.19321152361474175,54.9,851.2
725,38,hgb,loso,Taif - University,21.43278,40.49173,01-01-2019 00:00,5163.2,5251.716000399598,88.51600039959794,88.51600039959794,7835.082326741623,1.7143631933606667,18.2,2.7,1390.7,6733.5,0.1711799315624923,43.7,851.1
726,38,hgb,loso,Taif - University,21.43278,40.49173,01-02-2019 00:00,5702.3,5795.101215819847,92.80121581984713,92.80121581984713,8612.065657641846,1.6274348213851801,17.7,3.3,1904.4,6095.4,0.238055951398785,43.6,849.8
727,38,hgb,loso,Taif - University,21.43278,40.49173,01-03-2019 00:00,7014.5,6615.295622431138,-399.2043775688617,399.2043775688617,159364.13507014228,5.691130908387792,18.7,3.7,1888.6,7502.6,0.20110316040548595,30.7,849.0
728,38,hgb,loso,Taif - University,21.43278,40.49173,01-02-2020 00:00,5953.4,5818.007577586511,-135.39242241348893,135.39242241348893,18331.10804699262,2.274203352932592,17.5,3.0,1637.0,6898.4,0.19178948848325797,41.4,850.5
729,38,hgb,loso,Taif - University,21.43278,40.49173,01-04-2020 00:00,7457.6,7439.839726706272,-17.76027329372846,17.76027329372846,315.4273074679244,0.23814998516585043,23.0,3.2,2103.6,7390.6,0.22156685134081858,32.4,848.7
730,38,hgb,loso,Taif - University,21.43278,40.49173,01-05-2020 00:00,6566.1,6583.109759875993,17.00975987599304,17.00975987599304,289.3319310389428,0.25905423121781634,25.9,2.6,2471.2,5410.9,0.31352050849392926,29.6,849.6
731,38,hgb,loso,Taif - University,21.43278,40.49173,01-09-2020 00:00,6771.3,6964.188983938976,192.8889839389758,192.8889839389758,37206.160125010465,2.8486255805971648,28.2,2.4,2112.4,6453.2,0.24661436443448212,20.6,848.3
732,38,hgb,loso,Taif - University,21.43278,40.49173,01-11-2020 00:00,5037.2,5274.42100414338,237.22100414338001,237.22100414338001,56273.804806793516,4.709382278713969,20.2,2.2,1345.1,6446.9,0.17262577002053386,48.9,850.7
733,38,hgb,loso,Taif - University,21.43278,40.49173,01-01-2021 00:00,5078.9,5234.718864119599,155.8188641195993,155.8188641195993,24279.518415522154,3.0679647978814177,16.5,2.2,1373.4,6610.2,0.17202765669622727,46.8,850.6
734,38,hgb,loso,Taif - University,21.43278,40.49173,01-04-2021 00:00,6761.1,6818.099384273156,56.999384273155556,56.999384273155556,3248.929807518853,0.8430489753613398,22.8,2.5,2491.3,5707.1,0.30387636612021857,33.3,849.6
735,38,hgb,loso,Taif - University,21.43278,40.49173,01-07-2021 00:00,7142.4,7204.50245353553,62.10245353553,62.10245353553,3856.714735132663,0.8694899968572191,29.3,4.4,3065.0,5167.7,0.37229584461962656,19.6,845.5
736,38,hgb,loso,Taif - University,21.43278,40.49173,01-10-2021 00:00,6174.0,6243.456064266895,69.45606426689483,69.45606426689483,4824.144863447024,1.124976745495543,25.0,2.4,1625.4,7011.9,0.18818380743982496,24.6,850.8
797,39,hgb,loso,Thuwal - KAUST,22.3065,39.107,01-01-2017 00:00,4441.4,4358.789346806241,-82.61065319375848,82.61065319375848,6824.520021099438,1.8600138063168932,23.9,2.2,1551.0,5142.7,0.2317104142701346,83.6,1012.4
798,39,hgb,loso,Thuwal - KAUST,22.3065,39.107,01-02-2017 00:00,4529.6,4862.3100887392275,332.7100887392271,332.7100887392271,110696.00314886437,7.345242156906284,23.3,2.7,2316.1,3523.9,0.39659246575342466,65.1,1012.1
799,39,hgb,loso,Thuwal - KAUST,22.3065,39.107,01-03-2017 00:00,5726.5,5740.265422763099,13.765422763099195,13.765422763099195,189.4868638468495,0.2403810837876398,24.6,2.6,2544.1,4485.6,0.36190733601718417,83.6,1008.4
800,39,hgb,loso,Thuwal - KAUST,22.3065,39.107,01-04-2017 00:00,6098.8,6008.525529105808,-90.27447089419184,90.27447089419184,8149.4800952262885,1.4802005459138163,27.9,2.8,3026.8,3978.0,0.43210370031978074,80.6,1007.1
801,39,hgb,loso,Thuwal - KAUST,22.3065,39.107,01-05-2017 00:00,6160.8,5939.147157749371,-221.65284225062896,221.65284225062896,49129.98247778221,3.5977931802790053,29.8,2.6,2851.5,4210.5,0.4037807986406117,83.8,1005.5
802,39,hgb,loso,Thuwal - KAUST,22.3065,39.107,01-06-2017 00:00,6778.2,6392.693254990925,-385.5067450090746,385.5067450090746,148615.4504474917,5.687450134387811,29.9,2.5,2344.2,5721.0,0.29065615235828,92.4,1001.6
803,39,hgb,loso,Thuwal - KAUST,22.3065,39.107,01-09-2017 00:00,6160.3,6251.721809491151,91.42180949115118,91.42180949115118,8357.94725063634,1.4840480088818917,31.4,2.5,2630.7,4680.7,0.3598079711136034,93.7,1003.3
804,39,hgb,loso,Thuwal - KAUST,22.3065,39.107,01-10-2017 00:00,5630.4,5392.226574253,-238.17342574699978,238.17342574699978,56726.58073206162,4.230133307526993,29.0,2.1,1788.8,5825.1,0.23493873047978037,95.9,1007.0
805,39,hgb,loso,Thuwal - KAUST,22.3065,39.107,01-11-2017 00:00,4537.8,4513.631227892024,-24.16877210797611,24.16877210797611,584.129545207284,0.5326099014495154,27.5,2.3,1685.6,4843.0,0.25818705388597857,88.8,1009.6
806,39,hgb,loso,Thuwal - KAUST,22.3065,39.107,01-03-2018 00:00,6375.2,6544.436513196027,169.23651319602686,169.23651319602686,28640.997398748976,2.6546071212828912,26.0,0.0,2089.3,6161.7,0.2532177917828142,68.9,1008.3
807,39,hgb,loso,Thuwal - KAUST,22.3065,39.107,01-04-2018 00:00,7031.1,6968.539322585579,-62.56067741442166,62.56067741442166,3913.8383585513284,0.8897708383385482,27.0,0.0,2507.9,6022.8,0.29398525326174874,65.5,1006.2
808,39,hgb,loso,Thuwal - KAUST,22.3065,39.107,01-05-2018 00:00,7120.5,7067.3752377229575,-53.124762277042464,53.124762277042464,2822.240366992274,0.7460819082514215,30.2,0.0,3128.0,5108.0,0.37979601748421565,62.0,1003.9
809,39,hgb,loso,Thuwal - KAUST,22.3065,39.107,01-06-2018 00:00,7152.3,6980.101264447318,-172.1987355526826,172.1987355526826,29652.40452594271,2.4075994512629864,30.9,0.0,2970.5,5355.5,0.3567739610857555,68.2,1001.6
810,39,hgb,loso,Thuwal - KAUST,22.3065,39.107,01-07-2018 00:00,7036.3,6836.078060938627,-200.22193906137363,200.22193906137363,40088.82488149642,2.845557168701926,31.9,0.0,2769.9,5444.7,0.3371923161200789,65.5,1001.7
811,39,hgb,loso,Thuwal - KAUST,22.3065,39.107,01-08-2018 00:00,6668.6,6470.637508732983,-197.96249126701696,197.96249126701696,39189.14794864377,2.968576481825525,32.1,0.0,2421.2,5502.2,0.30557588913850114,69.5,1001.9
812,39,hgb,loso,Thuwal - KAUST,22.3065,39.107,01-09-2018 00:00,5840.5,5894.609176765862,54.109176765861775,54.109176765861775,2927.803010279276,0.9264476802647338,31.6,0.0,3004.4,3679.4,0.4495047727340734,79.2,1003.4
813,39,hgb,loso,Thuwal - KAUST,22.3065,39.107,01-10-2018 00:00,5111.6,4928.9210379822325,-182.67896201776784,182.67896201776784,33371.60316388906,3.5738117618312826,29.9,0.0,2043.4,4577.8,0.3086147526128194,71.9,1007.7
814,39,hgb,loso,Thuwal - KAUST,22.3065,39.107,01-11-2018 00:00,4224.2,4373.302989237644,149.10298923764458,149.10298923764458,22231.701399601156,3.529733185872937,26.9,0.0,1619.0,4521.7,0.26365072385884347,61.5,1009.8
815,39,hgb,loso,Thuwal - KAUST,22.3065,39.107,01-12-2018 00:00,3910.5,3882.896180679508,-27.60381932049222,27.60381932049222,761.9708410783796,0.7058897665386069,24.8,0.0,1644.6,4220.4,0.28040920716112533,66.4,1012.2
816,39,hgb,loso,Thuwal - KAUST,22.3065,39.107,01-01-2019 00:00,3951.5,4000.3006652756294,48.8006652756294,48.8006652756294,2381.504931344021,1.23499089651093,24.1,0.0,1959.2,3470.4,0.36083689406217767,67.7,1012.3
817,39,hgb,loso,Thuwal - KAUST,22.3065,39.107,01-02-2019 00:00,4607.3,4464.217254660107,-143.08274533989334,143.08274533989334,20472.672014000767,3.105566065589246,23.9,0.0,2080.2,4001.6,0.3420368969712914,57.9,1011.5
818,39,hgb,loso,Thuwal - KAUST,22.3065,39.107,01-03-2019 00:00,6107.7,5940.42583874695,-167.2741612530499,167.2741612530499,27980.64502291134,2.7387422639135828,23.7,0.0,2209.2,5648.4,0.28115455100794134,60.6,1010.2
819,39,hgb,loso,Thuwal - KAUST,22.3065,39.107,01-04-2019 00:00,6768.1,6641.737274099524,-126.36272590047611,126.36272590047611,15967.538496998855,1.867033966703744,26.2,0.0,2516.8,5741.0,0.30477851243672655,64.7,1007.5
820,39,hgb,loso,Thuwal - KAUST,22.3065,39.107,01-05-2019 00:00,6682.7,6656.393533514476,-26.306466485523742,26.306466485523742,692.0301789539839,0.39365026838738454,30.2,0.0,2797.3,4946.6,0.36122625550433246,63.9,1005.1
821,39,hgb,loso,Thuwal - KAUST,22.3065,39.107,01-06-2019 00:00,6334.7,6177.148031518365,-157.5519684816345,157.5519684816345,24822.622772437953,2.48712596463344,31.8,0.0,2680.4,4588.4,0.36875412722870354,66.0,1002.1
822,39,hgb,loso,Thuwal - KAUST,22.3065,39.107,01-07-2019 00:00,6893.8,6642.017276942354,-251.78272305764585,251.78272305764585,63394.53963032319,3.6523067547310024,31.8,0.0,2480.5,5709.7,0.3028619569729677,68.0,1000.9
823,39,hgb,loso,Thuwal - KAUST,22.3065,39.107,01-08-2019 00:00,6611.0,6357.01548962324,-253.98451037676023,253.98451037676023,64508.13151132262,3.841847078759041,32.2,0.0,2337.3,5597.8,0.294552053534297,69.8,1002.5
824,39,hgb,loso,Thuwal - KAUST,22.3065,39.107,01-09-2019 00:00,5908.1,6015.410709969895,107.31070996989456,107.31070996989456,11515.588474242828,1.8163319843925214,30.9,0.0,2469.5,4619.7,0.34834678101901484,78.0,1002.8
825,39,hgb,loso,Thuwal - KAUST,22.3065,39.107,01-10-2019 00:00,5228.0,5259.735076418256,31.73507641825563,31.73507641825563,1007.1150752725246,0.6070213545955553,31.1,0.0,1870.5,5032.4,0.2709730692897188,69.0,1007.6
826,39,hgb,loso,Thuwal - KAUST,22.3065,39.107,01-11-2019 00:00,4486.9,4586.092419114965,99.19241911496556,99.19241911496556,9839.136009878985,2.210711607456497,28.1,0.0,1567.2,5053.0,0.23673000815685327,63.0,1008.6
827,39,hgb,loso,Thuwal - KAUST,22.3065,39.107,01-12-2019 00:00,4316.6,4331.621877740153,15.021877740152377,15.021877740152377,225.65681084008548,0.34800254228217525,24.8,0.0,1322.5,5637.5,0.19001436781609196,58.0,1011.5
828,39,hgb,loso,Thuwal - KAUST,22.3065,39.107,01-01-2020 00:00,4597.0,4462.412417643421,-134.58758235657933,134.58758235657933,18113.817324589025,2.927726394530766,21.6,0.2,1307.7,6020.4,0.17845007573586608,52.8,1014.3
829,39,hgb,loso,Thuwal - KAUST,22.3065,39.107,01-02-2020 00:00,4914.9,5300.073950860128,385.17395086012857,385.17395086012857,148358.97242120074,7.836862415514631,22.7,2.6,1963.0,4774.1,0.2913716584287008,62.1,1012.8
830,39,hgb,loso,Thuwal - KAUST,22.3065,39.107,01-03-2020 00:00,6083.3,6062.417723196636,-20.88227680336422,20.88227680336422,436.0694844923234,0.34327218456042313,24.1,2.6,2321.5,5308.6,0.304255514344504,66.8,1008.8
831,39,hgb,loso,Thuwal - KAUST,22.3065,39.107,01-04-2020 00:00,6790.1,6756.801167965596,-33.29883203440477,33.29883203440477,1108.8122148555012,0.4904026749886565,26.0,2.4,2145.2,6306.7,0.2538127521622357,67.9,1007.6
832,39,hgb,loso,Thuwal - KAUST,22.3065,39.107,01-05-2020 00:00,6632.5,6535.4740428034775,-97.02595719652254,97.02595719652254,9414.036369901423,1.4628866520395407,29.3,2.5,2533.6,5336.2,0.32193956644387406,67.4,1005.5
833,39,hgb,loso,Thuwal - KAUST,22.3065,39.107,01-09-2020 00:00,6025.7,6047.401806147687,21.70180614768742,21.70180614768742,470.9683900718035,0.360154109027788,32.4,2.3,2314.2,5023.7,0.3153763338284795,74.8,1002.1
834,39,hgb,loso,Thuwal - KAUST,22.3065,39.107,01-10-2020 00:00,5569.3,5740.347732724363,171.0477327243625,171.0477327243625,29257.326870144952,3.0712608895976605,31.3,2.3,1615.0,6168.2,0.20749820125398294,57.9,1006.8
835,39,hgb,loso,Thuwal - KAUST,22.3065,39.107,01-11-2020 00:00,4492.5,4437.986034838908,-54.51396516109162,54.51396516109162,2971.7723975847107,1.2134438544483388,27.8,2.4,1422.6,5307.0,0.21139443651925818,63.7,1009.9
836,39,hgb,loso,Thuwal - KAUST,22.3065,39.107,01-12-2020 00:00,4028.1,4208.357999289471,180.25799928947117,180.25799928947117,32492.94630784299,4.475013015800779,25.5,2.1,1489.9,4741.3,0.23910322249325971,62.3,1011.3
837,39,hgb,loso,Thuwal - KAUST,22.3065,39.107,01-01-2021 00:00,4280.5,4292.004498932322,11.504498932322349,11.504498932322349,132.35349568380607,0.26876530621007705,24.9,2.5,1733.6,4544.0,0.2761564929272333,59.4,1011.7
838,39,hgb,loso,Thuwal - KAUST,22.3065,39.107,01-02-2021 00:00,4971.2,4756.06497906105,-215.13502093895022,215.13502093895022,46283.077234402546,4.3276275534870905,23.9,2.7,1647.6,5373.2,0.23467411121239745,63.0,1011.4
839,39,hgb,loso,Thuwal - KAUST,22.3065,39.107,01-09-2021 00:00,5790.5,5807.59189220488,17.091892204880423,17.091892204880423,292.1327791432522,0.295171266814272,31.1,2.5,2674.1,4143.2,0.392252064600355,76.7,1002.9
840,39,hgb,loso,Thuwal - KAUST,22.3065,39.107,01-10-2021 00:00,5313.2,5075.7379968236655,-237.4620031763343,237.4620031763343,56388.2029525174,4.469284107060421,29.3,0.2,1831.3,5239.4,0.25899840185554474,78.8,1006.7
841,39,hgb,loso,Thuwal - KAUST,22.3065,39.107,01-11-2021 00:00,4389.4,4437.555727050236,48.15572705023624,48.15572705023624,2318.974047736854,1.0970913348119615,27.4,0.0,1350.9,5247.1,0.20474386177629586,69.7,1009.5
842,39,hgb,loso,Thuwal - KAUST,22.3065,39.107,01-12-2021 00:00,3797.4,3862.551884141021,65.15188414102113,65.15188414102113,4244.768007125041,1.7156971649291919,25.3,0.0,1589.8,4094.9,0.27966295494924975,62.9,1011.8
258,40,hgb,loso,Timaa - TVTC,27.6173,38.5252,01-01-2017 00:00,4235.7,4430.93214951785,195.2321495178503,195.2321495178503,38115.592205360255,4.6092062591271885,13.2,1.9,1325.4,5906.3,0.1832764080368378,36.9,921.5
259,40,hgb,loso,Timaa - TVTC,27.6173,38.5252,01-02-2017 00:00,5392.6,5495.941448099032,103.34144809903137,103.34144809903137,10679.454895204794,1.9163566387091824,12.5,2.3,1649.3,6580.6,0.200403407088786,28.9,921.8
260,40,hgb,loso,Timaa - TVTC,27.6173,38.5252,01-03-2017 00:00,6511.6,6598.023777876467,86.42377787646637,86.42377787646637,7469.069382440799,1.3272279912228389,19.4,2.6,1990.0,7008.4,0.22115042674253202,25.2,917.2
261,40,hgb,loso,Timaa - TVTC,27.6173,38.5252,01-04-2017 00:00,6508.5,6767.493258041129,258.9932580411287,258.9932580411287,67077.50771075867,3.9793079517727383,25.1,3.1,2727.9,5257.1,0.34162805259862244,21.1,918.3
262,40,hgb,loso,Timaa - TVTC,27.6173,38.5252,01-05-2017 00:00,7872.0,7864.387379148557,-7.612620851443353,7.612620851443353,57.95199622783012,0.09670504130390438,29.8,2.6,2439.0,7320.8,0.24990266193979388,16.1,916.8
263,40,hgb,loso,Timaa - TVTC,27.6173,38.5252,01-06-2017 00:00,8158.9,7966.276191659997,-192.62380834000305,192.62380834000305,37103.93153940623,2.3609041456569275,33.5,2.4,1845.5,8604.1,0.17660963099065993,14.6,914.7
264,40,hgb,loso,Timaa - TVTC,27.6173,38.5252,01-09-2017 00:00,6674.6,6611.746299454135,-62.85370054586565,62.85370054586565,3950.587672309352,0.9416849031532324,33.0,2.3,2419.6,6025.1,0.2865229078593674,15.6,916.4
265,40,hgb,loso,Timaa - TVTC,27.6173,38.5252,01-10-2017 00:00,5879.9,5743.954244973855,-135.94575502614498,135.94575502614498,18481.248309628623,2.312041956940509,26.4,2.0,1347.0,7582.5,0.15084831177557534,24.0,918.5
266,40,hgb,loso,Timaa - TVTC,27.6173,38.5252,01-11-2017 00:00,4426.5,4452.19855218692,25.698552186920097,25.698552186920097,660.4155845038557,0.580561441023836,20.3,2.0,1652.8,5246.3,0.23956747981620788,38.9,920.2
267,40,hgb,loso,Timaa - TVTC,27.6173,38.5252,01-03-2018 00:00,6509.7,6788.331202911332,278.63120291133237,278.63120291133237,77635.34723581607,4.280246446246868,22.8,2.4,2201.9,6702.4,0.24728501959727325,21.6,918.5
268,40,hgb,loso,Timaa - TVTC,27.6173,38.5252,01-04-2018 00:00,7333.9,7058.936939188224,-274.9630608117759,274.9630608117759,75604.68481098037,3.749206572379988,23.4,2.8,2665.5,6450.5,0.29239798157086444,26.7,916.1
269,40,hgb,loso,Timaa - TVTC,27.6173,38.5252,01-05-2018 00:00,7389.0,7186.606468797181,-202.39353120281885,202.39353120281885,40963.14147274641,2.739119382904572,28.8,3.0,3115.1,5636.0,0.35596667847470603,20.9,915.9
270,40,hgb,loso,Timaa - TVTC,27.6173,38.5252,01-06-2018 00:00,8218.7,8108.91095762374,-109.78904237626102,109.78904237626102,12053.633825896439,1.3358443838595035,32.3,2.5,2262.5,8035.6,0.21970072149231412,17.1,914.3
271,40,hgb,loso,Timaa - TVTC,27.6173,38.5252,01-07-2018 00:00,8005.7,8029.366103413727,23.666103413726887,23.666103413726887,560.0844507892155,0.2956156665091983,33.4,2.5,2187.6,7878.7,0.2173191738771942,17.9,912.7
272,40,hgb,loso,Timaa - TVTC,27.6173,38.5252,01-08-2018 00:00,7533.6,7553.295830873706,19.695830873705745,19.695830873705745,387.9257538056204,0.2614398278871422,33.3,2.3,1625.7,8288.3,0.16398022997780917,20.1,913.6
273,40,hgb,loso,Timaa - TVTC,27.6173,38.5252,01-09-2018 00:00,6329.5,6332.923920646533,3.423920646532679,3.423920646532679,11.723232593752757,0.05409464644178338,33.7,2.2,2464.5,5371.6,0.3145059404550733,17.5,916.5
274,40,hgb,loso,Timaa - TVTC,27.6173,38.5252,01-10-2018 00:00,5447.3,5458.7930922499845,11.493092249984329,11.493092249984329,132.09116946664986,0.2109869522512865,27.0,2.3,1906.8,5731.5,0.24963669926554335,25.4,919.5
275,40,hgb,loso,Timaa - TVTC,27.6173,38.5252,01-11-2018 00:00,3967.4,3950.079750910604,-17.32024908939593,17.32024908939593,299.9910285187205,0.43656422567414244,18.0,2.2,1406.4,4995.9,0.2196710557143527,59.7,920.0
276,40,hgb,loso,Timaa - TVTC,27.6173,38.5252,01-12-2018 00:00,4013.6,4216.368243869914,202.7682438699144,202.7682438699144,41114.960722089076,5.05202919747644,14.7,2.1,1205.0,5996.9,0.16731695802496566,54.5,921.7
277,40,hgb,loso,Timaa - TVTC,27.6173,38.5252,01-01-2019 00:00,3942.3,3899.516296640961,-42.78370335903901,42.78370335903901,1830.4452731142458,1.0852472759312841,14.2,2.1,1738.1,4375.9,0.28428197579326137,43.8,920.4
278,40,hgb,loso,Timaa - TVTC,27.6173,38.5252,01-02-2019 00:00,5130.1,5283.875972296599,153.7759722965984,153.7759722965984,23647.049655764204,2.9975238747119626,14.6,2.8,1621.0,6143.3,0.20877606480944838,47.0,920.4
279,40,hgb,loso,Timaa - TVTC,27.6173,38.5252,01-03-2019 00:00,6669.6,6370.96303552855,-298.6369644714505,298.6369644714505,89184.03654872238,4.477584329966572,16.7,2.7,1709.9,7841.6,0.17901900225095535,30.7,918.6
280,40,hgb,loso,Timaa - TVTC,27.6173,38.5252,01-04-2019 00:00,7251.2,7173.665389203486,-77.53461079651424,77.53461079651424,6011.615871366943,1.0692659255918227,21.9,2.8,2292.5,6982.3,0.24717514124293788,25.1,917.6
281,40,hgb,loso,Timaa - TVTC,27.6173,38.5252,01-05-2019 00:00,7953.8,7883.385389860938,-70.41461013906246,70.41461013906246,4958.217321036158,0.8852952065561425,30.3,2.5,2357.2,7511.2,0.2388634429086782,14.3,916.6
282,40,hgb,loso,Timaa - TVTC,27.6173,38.5252,01-06-2019 00:00,8149.4,8138.0271185800875,-11.372881419912119,11.372881419912119,129.3424317913823,0.13955483127484378,33.7,2.6,2203.0,8039.6,0.21508210805850075,15.5,914.9
283,40,hgb,loso,Timaa - TVTC,27.6173,38.5252,01-07-2019 00:00,8239.6,8190.467089511551,-49.13291048844894,49.13291048844894,2414.042893065936,0.5963021322448777,33.7,2.5,1707.7,9016.2,0.15924243978403377,16.9,912.7
284,40,hgb,loso,Timaa - TVTC,27.6173,38.5252,01-08-2019 00:00,7711.6,8029.462168180258,317.86216818025787,317.86216818025787,101036.35796025454,4.1218705350414675,33.7,2.4,1671.9,8426.6,0.1655592414715057,17.9,913.8
285,40,hgb,loso,Timaa - TVTC,27.6173,38.5252,01-09-2019 00:00,6725.4,7097.241220184855,371.84122018485505,371.84122018485505,138265.89302856184,5.528908617849571,32.9,2.1,1825.0,7172.7,0.2028296120119586,18.2,915.5
286,40,hgb,loso,Timaa - TVTC,27.6173,38.5252,01-10-2019 00:00,5224.5,5307.32479983099,82.82479983098983,82.82479983098983,6859.947467043533,1.5853153379460205,28.1,2.2,1902.4,5422.5,0.2597168562028151,26.7,918.7
287,40,hgb,loso,Timaa - TVTC,27.6173,38.5252,01-11-2019 00:00,4375.6,4465.103054604368,89.50305460436721,89.50305460436721,8010.796783512338,2.0455035790375535,19.9,2.2,1342.1,5845.2,0.1867321525468535,42.5,920.1
288,40,hgb,loso,Timaa - TVTC,27.6173,38.5252,01-12-2019 00:00,4303.5,4592.737855050717,289.23785505071737,289.23785505071737,83658.53679433979,6.720991171156439,14.3,1.9,876.6,7341.8,0.10666309743989098,41.7,921.1
289,40,hgb,loso,Timaa - TVTC,27.6173,38.5252,01-01-2020 00:00,4477.6,4643.22571829683,165.6257182968293,165.6257182968293,27431.878561340654,3.6989842392538255,11.1,1.9,1155.3,6835.6,0.14457695628777734,39.6,922.2
290,40,hgb,loso,Timaa - TVTC,27.6173,38.5252,01-02-2020 00:00,5507.3,5700.314818482065,193.01481848206458,193.01481848206458,37254.72015366434,3.504708631853441,14.6,2.1,1300.9,7610.3,0.1459848280815154,33.6,921.0
291,40,hgb,loso,Timaa - TVTC,27.6173,38.5252,01-03-2020 00:00,6387.8,6523.734779467702,135.93477946770145,135.93477946770145,18478.264268932628,2.1280375006684844,19.4,2.8,2117.1,6558.9,0.2440179806362379,28.3,917.6
292,40,hgb,loso,Timaa - TVTC,27.6173,38.5252,01-04-2020 00:00,7732.1,7457.947385127831,-274.1526148721696,274.1526148721696,75159.65624124814,3.545642385279155,23.9,3.2,2158.2,7770.5,0.2173698470091754,24.8,916.5
293,40,hgb,loso,Timaa - TVTC,27.6173,38.5252,01-05-2020 00:00,7826.2,7656.8960204789955,-169.3039795210043,169.3039795210043,28663.837481648643,2.1632973795840162,29.2,2.9,2584.8,6907.7,0.27229918356597316,18.1,917.1
294,40,hgb,loso,Timaa - TVTC,27.6173,38.5252,01-09-2020 00:00,6710.6,6792.042613548061,81.44261354806076,81.44261354806076,6632.8993015387705,1.2136413070077303,33.4,2.0,1992.1,6882.4,0.22447461828835427,14.5,916.3
295,40,hgb,loso,Timaa - TVTC,27.6173,38.5252,01-10-2020 00:00,5854.3,5990.028233254854,135.72823325485388,135.72823325485388,18422.15330248402,2.3184365894274954,27.3,2.1,1244.5,7751.5,0.1383392618941752,16.0,920.0
296,40,hgb,loso,Timaa - TVTC,27.6173,38.5252,01-11-2020 00:00,4608.5,4719.2901434904325,110.79014349043246,110.79014349043246,12274.455894630613,2.4040391340009215,19.7,2.1,1158.3,6697.6,0.1474433228528876,45.0,919.9
297,40,hgb,loso,Timaa - TVTC,27.6173,38.5252,01-12-2020 00:00,3823.8,3914.2347260840756,90.43472608407546,90.43472608407546,8178.439681901759,2.3650485403021984,15.0,1.9,1186.1,5481.4,0.1778927634045744,45.8,921.7
298,40,hgb,loso,Timaa - TVTC,27.6173,38.5252,01-01-2021 00:00,4346.5,4540.711243852325,194.21124385232542,194.21124385232542,37718.00723866741,4.468221416135406,14.4,2.1,1335.1,5998.3,0.18205743584149234,46.3,922.0
299,40,hgb,loso,Timaa - TVTC,27.6173,38.5252,01-02-2021 00:00,5093.9,5012.94596591841,-80.95403408158927,80.95403408158927,6553.555634083117,1.589234851127609,15.4,2.4,1537.8,6355.2,0.19483086278981376,43.6,921.0
300,40,hgb,loso,Timaa - TVTC,27.6173,38.5252,01-03-2021 00:00,6610.4,6686.808696098886,76.40869609888614,76.40869609888614,5838.288839531938,1.155886120338953,20.9,2.7,2135.2,6826.1,0.23826900114938682,25.7,918.7
301,40,hgb,loso,Timaa - TVTC,27.6173,38.5252,01-04-2021 00:00,7631.2,7571.6454169736935,-59.55458302630632,59.55458302630632,3546.7483594372125,0.780409149626616,25.4,2.9,2302.7,7431.0,0.2365698552451791,19.5,918.8
302,40,hgb,loso,Timaa - TVTC,27.6173,38.5252,01-05-2021 00:00,8199.1,8101.6100921447505,-97.48990785524984,97.48990785524984,9504.282133625104,1.1890318188002322,30.6,2.3,2093.4,8362.2,0.200218064960404,14.4,916.1
303,40,hgb,loso,Timaa - TVTC,27.6173,38.5252,01-07-2021 00:00,8089.8,8085.608901530186,-4.191098469814278,4.191098469814278,17.565306383679587,0.05180719510759572,34.9,2.5,1961.6,8305.6,0.1910550101293439,16.6,911.9
304,40,hgb,loso,Timaa - TVTC,27.6173,38.5252,01-08-2021 00:00,7626.9,7812.313968944655,185.4139689446556,185.4139689446556,34378.33987980971,2.431052838566857,34.4,2.3,1896.3,7943.6,0.19271537312371062,16.0,913.8
305,40,hgb,loso,Timaa - TVTC,27.6173,38.5252,01-09-2021 00:00,6691.9,6790.171290895545,98.27129089554546,98.27129089554546,9657.246614276917,1.468511049112292,31.2,2.3,1884.6,7036.9,0.21124250406321807,22.2,915.8
306,40,hgb,loso,Timaa - TVTC,27.6173,38.5252,01-10-2021 00:00,5692.4,5887.661582056625,195.26158205662523,195.26158205662523,38127.085427256185,3.43021541101513,27.4,1.8,1514.6,6928.6,0.17938696228917944,22.2,919.2
307,40,hgb,loso,Timaa - TVTC,27.6173,38.5252,01-11-2021 00:00,4512.3,4433.425675330657,-78.87432466934297,78.87432466934297,6221.159092044924,1.7479849449137461,20.3,1.9,1236.1,6313.6,0.16372836006728742,33.7,920.8
308,40,hgb,loso,Timaa - TVTC,27.6173,38.5252,01-12-2021 00:00,3793.3,3922.65685448111,129.35685448110962,129.35685448110962,16733.19580124697,3.410140365410318,15.1,2.1,1524.0,4748.1,0.24298081982111253,40.2,921.2
906,41,hgb,loso,Umluj - SWCC,25.00411,37.27382,01-01-2017 00:00,4448.2,4316.478055076876,-131.72194492312337,131.72194492312337,17350.67077433035,2.9612415116928954,21.5,3.1,1233.7,6085.1,0.16856588511777887,58.2,1015.2
907,41,hgb,loso,Umluj - SWCC,25.00411,37.27382,01-02-2017 00:00,5284.5,5004.697195005916,-279.802804994084,279.802804994084,78289.60968255739,5.294782950025244,21.2,3.5,1716.4,5960.5,0.2235798304002918,46.3,1015.4
908,41,hgb,loso,Umluj - SWCC,25.00411,37.27382,01-03-2017 00:00,6148.7,6171.568467067697,22.868467067697566,22.868467067697566,522.9667860263681,0.3719236109697589,23.1,3.3,2006.1,6196.2,0.24457774038989066,61.4,1010.9
909,41,hgb,loso,Umluj - SWCC,25.00411,37.27382,01-04-2017 00:00,6404.3,6616.466841466673,212.16684146667285,212.16684146667285,45014.76861794429,3.3128810559572917,27.0,3.6,2766.8,4908.7,0.3604716305126702,57.2,1009.5
910,41,hgb,loso,Umluj - SWCC,25.00411,37.27382,01-05-2017 00:00,7035.7,6761.342544796732,-274.3574552032678,274.3574552032678,75272.0132256131,3.8995047430002394,29.3,2.9,2419.5,6147.7,0.28241432440003733,61.5,1008.2
911,41,hgb,loso,Umluj - SWCC,25.00411,37.27382,01-06-2017 00:00,7460.0,7229.0793271839575,-230.9206728160425,230.9206728160425,53324.35713381375,3.095451378231133,30.5,3.1,2041.9,7201.9,0.22089400463013048,65.7,1004.4
912,41,hgb,loso,Umluj - SWCC,25.00411,37.27382,01-09-2017 00:00,6164.3,6186.857788145744,22.55778814574387,22.55778814574387,508.8538060282627,0.3659424126947726,30.6,3.1,2512.2,5045.0,0.3324247075636479,69.0,1006.3
913,41,hgb,loso,Umluj - SWCC,25.00411,37.27382,01-10-2017 00:00,5632.0,5793.2888565890125,161.28885658901254,161.28885658901254,26014.095259791055,2.8637936184128647,28.0,3.3,1424.7,6765.1,0.17396029207062444,65.7,1010.5
914,41,hgb,loso,Umluj - SWCC,25.00411,37.27382,01-11-2017 00:00,4545.7,4387.8738545538845,-157.82614544611533,157.82614544611533,24909.09218637835,3.471987712478063,26.0,2.8,1284.1,5939.8,0.17775716718116252,59.8,1012.2
915,41,hgb,loso,Umluj - SWCC,25.00411,37.27382,01-03-2018 00:00,6422.2,6614.026503425246,191.8265034252463,191.8265034252463,36797.40741635603,2.986928208795215,25.9,2.4,1836.6,6863.6,0.21109859543458767,55.8,1010.6
916,41,hgb,loso,Umluj - SWCC,25.00411,37.27382,01-04-2018 00:00,7208.7,6917.284810930693,-291.4151890693065,291.4151890693065,84922.81242029966,4.042548435491926,26.9,2.4,2349.4,6564.8,0.26355702138161585,58.2,1008.6
917,41,hgb,loso,Umluj - SWCC,25.00411,37.27382,01-05-2018 00:00,7035.2,6982.995799955105,-52.204200044894606,52.204200044894606,2725.278502327374,0.7420428707768736,31.4,2.8,3193.0,4945.1,0.3923520231995183,51.6,1006.2
918,41,hgb,loso,Umluj - SWCC,25.00411,37.27382,01-06-2018 00:00,7620.7,7513.579736495168,-107.12026350483211,107.12026350483211,11474.750853344665,1.4056486084589621,31.7,2.7,2406.9,6873.3,0.2593586345121872,59.8,1004.3
919,41,hgb,loso,Umluj - SWCC,25.00411,37.27382,01-07-2018 00:00,7427.1,7394.68679638226,-32.41320361774069,32.41320361774069,1050.6157687651182,0.43641803150274927,32.4,2.2,2274.3,6839.9,0.24953369467424458,59.9,1003.7
920,41,hgb,loso,Umluj - SWCC,25.00411,37.27382,01-08-2018 00:00,7125.3,7047.352402993295,-77.94759700670511,77.94759700670511,6075.8278791197035,1.0939553002218168,32.3,2.3,1768.9,7281.4,0.1954520844612886,67.8,1004.4
921,41,hgb,loso,Umluj - SWCC,25.00411,37.27382,01-09-2018 00:00,5939.5,6025.995370577524,86.49537057752423,86.49537057752423,7481.449131343244,1.4562736017766518,31.8,0.3,2915.1,4050.2,0.41851750821931577,71.9,1005.9
922,41,hgb,loso,Umluj - SWCC,25.00411,37.27382,01-10-2018 00:00,5176.9,5319.288058014807,142.38805801480703,142.38805801480703,20274.35906522805,2.7504502311191454,30.1,0.2,1812.5,5230.3,0.2573550292497302,59.8,1010.1
923,41,hgb,loso,Umluj - SWCC,25.00411,37.27382,01-11-2018 00:00,4267.1,4183.2126944924885,-83.88730550751188,83.88730550751188,7037.080025310634,1.9659090601933837,26.0,0.1,1205.0,5602.3,0.1770158506309403,57.5,1012.5
924,41,hgb,loso,Umluj - SWCC,25.00411,37.27382,01-12-2018 00:00,4118.4,4141.326266404558,22.92626640455819,22.92626640455819,525.6136912527736,0.5566789628146415,23.0,0.2,1223.5,5806.4,0.1740423050114511,56.9,1015.3
925,41,hgb,loso,Umluj - SWCC,25.00411,37.27382,01-01-2019 00:00,3911.3,3980.5758222891723,69.27582228917208,69.27582228917208,4799.1395538409515,1.7711712803715407,21.9,0.4,1748.0,4060.0,0.3009641873278237,55.3,1014.9
926,41,hgb,loso,Umluj - SWCC,25.00411,37.27382,01-02-2019 00:00,5000.7,5610.92783135483,610.2278313548304,610.2278313548304,372378.0061600194,12.20284822834464,22.2,0.4,1729.3,5524.6,0.23839589737934075,50.3,1014.4
927,41,hgb,loso,Umluj - SWCC,25.00411,37.27382,01-03-2019 00:00,6381.1,6436.145177340972,55.04517734097135,55.04517734097135,3029.9715484989856,0.8626283452848466,22.6,0.8,1890.3,6770.1,0.21826936400166275,51.1,1012.9
928,41,hgb,loso,Umluj - SWCC,25.00411,37.27382,01-04-2019 00:00,6939.8,6747.569544089259,-192.2304559107415,192.2304559107415,36952.54817965154,2.769971121800938,25.3,0.5,2371.0,6279.5,0.27408820299404657,54.6,1010.1
929,41,hgb,loso,Umluj - SWCC,25.00411,37.27382,01-05-2019 00:00,7286.7,6934.596181104861,-352.10381889513883,352.10381889513883,123977.09928054073,4.832143753621514,29.2,0.1,2464.0,6381.8,0.2785502724456805,62.3,1007.2
930,41,hgb,loso,Umluj - SWCC,25.00411,37.27382,01-06-2019 00:00,7548.1,7526.341775340872,-21.758224659128246,21.758224659128246,473.4203403170965,0.2882609485715378,32.5,0.0,2346.2,6909.1,0.2534979957429797,55.3,1005.1
931,41,hgb,loso,Umluj - SWCC,25.00411,37.27382,01-07-2019 00:00,7719.4,7268.069343770719,-451.330656229281,451.330656229281,203699.3612523534,5.846706430930914,32.1,0.0,1789.5,7975.2,0.18326215859166178,62.8,1003.3
932,41,hgb,loso,Umluj - SWCC,25.00411,37.27382,01-08-2019 00:00,7172.1,7174.768769892169,2.6687698921687115,2.6687698921687115,7.122332737346196,0.0372104389532872,32.6,0.0,1825.1,7252.6,0.20105313019817792,63.7,1004.6
933,41,hgb,loso,Umluj - SWCC,25.00411,37.27382,01-09-2019 00:00,6201.0,6452.500368381414,251.50036838141386,251.50036838141386,63252.43529598688,4.0558033927014,30.9,0.0,2219.7,5567.2,0.28505567042083496,69.9,1005.5
934,41,hgb,loso,Umluj - SWCC,25.00411,37.27382,01-10-2019 00:00,5237.5,5672.657534633085,435.15753463308465,435.15753463308465,189362.07994794426,8.308497081299945,30.6,0.0,1872.5,5319.4,0.2603623520905463,64.3,1009.2
935,41,hgb,loso,Umluj - SWCC,25.00411,37.27382,01-11-2019 00:00,4663.0,4828.086252524063,165.08625252406273,165.08625252406273,27253.470772438606,3.5403442531430995,27.4,0.0,1263.6,6261.0,0.16792919224942188,54.2,1011.1
936,41,hgb,loso,Umluj - SWCC,25.00411,37.27382,01-12-2019 00:00,4424.3,4570.509150912094,146.20915091209372,146.20915091209372,21377.115810435396,3.3046843774629595,22.9,0.0,962.1,7000.3,0.12083040289359992,48.7,1014.7
937,41,hgb,loso,Umluj - SWCC,25.00411,37.27382,01-01-2020 00:00,4496.6,4461.270138206441,-35.32986179355976,35.32986179355976,1248.1991343520335,0.7857016811270684,19.7,0.0,1133.8,6545.9,0.14763597536362097,46.8,1017.4
938,41,hgb,loso,Umluj - SWCC,25.00411,37.27382,01-02-2020 00:00,5487.1,5450.140958227362,-36.95904177263856,36.95904177263856,1365.9707687516418,0.6735623876480937,20.7,0.0,1317.3,7167.4,0.15525593126451143,54.0,1015.8
939,41,hgb,loso,Umluj - SWCC,25.00411,37.27382,01-03-2020 00:00,6296.2,6370.811947439224,74.61194743922442,74.61194743922442,5566.942700673588,1.1850314068680223,23.6,2.9,2293.7,5856.0,0.28144594279544033,56.4,1011.7
940,41,hgb,loso,Umluj - SWCC,25.00411,37.27382,01-04-2020 00:00,7289.3,7472.035358979416,182.73535897941565,182.73535897941565,33392.2114213359,2.5068985908031727,25.4,3.3,2294.6,6871.1,0.25034640016583565,59.8,1010.4
941,41,hgb,loso,Umluj - SWCC,25.00411,37.27382,01-05-2020 00:00,7382.4,6869.257926965922,-513.1420730340778,513.1420730340778,263314.78711771086,6.95088417092108,29.0,3.0,2402.8,6623.9,0.26618808645462905,60.8,1008.0
942,41,hgb,loso,Umluj - SWCC,25.00411,37.27382,01-09-2020 00:00,6252.2,6278.108492397482,25.908492397482405,25.908492397482405,671.2499783104035,0.4143900130751161,33.6,2.7,2145.4,5735.0,0.27224506370235013,62.0,1005.2
943,41,hgb,loso,Umluj - SWCC,25.00411,37.27382,01-10-2020 00:00,5538.8,5670.481163300462,131.68116330046178,131.68116330046178,17339.92876816288,2.377431272125041,31.4,2.1,1499.9,6507.8,0.1873072168038263,51.7,1009.4
944,41,hgb,loso,Umluj - SWCC,25.00411,37.27382,01-11-2020 00:00,4650.6,4761.113233716381,110.51323371638046,110.51323371638046,12213.17482645133,2.376322059871424,26.5,3.1,1069.4,6695.2,0.1377276356798805,54.8,1012.4
945,41,hgb,loso,Umluj - SWCC,25.00411,37.27382,01-12-2020 00:00,4134.5,4179.118194393508,44.61819439350802,44.61819439350802,1990.7832709368704,1.0791678411780872,24.3,2.7,1242.8,5702.6,0.17893857805166008,52.8,1013.9
946,41,hgb,loso,Umluj - SWCC,25.00411,37.27382,01-01-2021 00:00,4551.5,4595.3209264707875,43.820926470787526,43.820926470787526,1920.2735967581668,0.9627798851101291,23.3,3.1,1358.5,6064.5,0.1830122591943958,52.0,1014.6
947,41,hgb,loso,Umluj - SWCC,25.00411,37.27382,01-02-2021 00:00,5326.6,5151.6244591401755,-174.97554085982483,174.97554085982483,30616.43989918823,3.2849386261372135,22.6,3.3,1338.4,6747.1,0.1655308886277905,53.8,1014.3
948,41,hgb,loso,Umluj - SWCC,25.00411,37.27382,01-03-2021 00:00,6299.4,6577.332577307532,277.9325773075325,277.9325773075325,77246.51752880753,4.412048406316991,24.5,3.4,2221.2,5961.2,0.27146069612827534,57.6,1011.2
949,41,hgb,loso,Umluj - SWCC,25.00411,37.27382,01-04-2021 00:00,7206.9,6402.357036484304,-804.5429635156952,804.5429635156952,647289.3801426173,11.163509463371147,26.6,3.0,2338.7,6639.8,0.2604778080971209,61.1,1009.8
950,41,hgb,loso,Umluj - SWCC,25.00411,37.27382,01-05-2021 00:00,7448.6,7507.400018571937,58.80001857193656,58.80001857193656,3457.4421840600844,0.7894103398213969,30.5,2.7,2210.7,7041.8,0.23893001891380705,62.0,1006.4
951,41,hgb,loso,Umluj - SWCC,25.00411,37.27382,01-07-2021 00:00,7250.6,7099.370452342242,-151.2295476577583,151.2295476577583,22870.37608477019,2.085752181305799,32.1,3.0,2348.7,6507.2,0.2652130218272564,63.0,1002.3
952,41,hgb,loso,Umluj - SWCC,25.00411,37.27382,01-08-2021 00:00,6928.1,6991.459227912286,63.35922791228586,63.35922791228586,4014.3917616409835,0.9145253087034809,33.0,2.8,2195.7,6375.9,0.256159876802464,64.7,1003.3
953,41,hgb,loso,Umluj - SWCC,25.00411,37.27382,01-09-2021 00:00,6136.1,6596.563049756195,460.4630497561948,460.4630497561948,212026.2201907759,7.504164693472967,30.8,3.1,2252.4,5489.1,0.2909513660143383,70.8,1005.4
954,41,hgb,loso,Umluj - SWCC,25.00411,37.27382,01-10-2021 00:00,5448.4,5240.562504266694,-207.83749573330533,207.83749573330533,43196.42463269171,3.8146519296179675,28.9,2.9,1623.5,6044.3,0.2117295704113305,68.1,1009.6
955,41,hgb,loso,Umluj - SWCC,25.00411,37.27382,01-11-2021 00:00,4539.7,4591.110720339778,51.41072033977798,51.41072033977798,2643.0621658548616,1.1324695539303915,26.8,2.5,1257.1,6067.4,0.17162946276196325,59.8,1011.9
956,41,hgb,loso,Umluj - SWCC,25.00411,37.27382,01-12-2021 00:00,3847.4,3863.2059187175637,15.8059187175636,15.8059187175636,249.82706650622734,0.4108207807236991,23.3,2.9,1361.4,4889.2,0.2178030909032733,53.6,1014.6
957,42,hgb,loso,Wadi Addawasir - TVTC,20.43008,44.89433,01-01-2017 00:00,4977.4,4886.382019247748,-91.01798075225179,91.01798075225179,8284.272820217277,1.8286250000452402,18.6,2.7,1579.1,5955.5,0.20957980516550312,28.5,941.9
958,42,hgb,loso,Wadi Addawasir - TVTC,20.43008,44.89433,01-02-2017 00:00,5020.4,5224.887664848511,204.48766484851149,204.48766484851149,41815.20507519716,4.073134906551499,18.1,3.5,2572.6,3716.9,0.409030924556801,36.1,942.0
959,42,hgb,loso,Wadi Addawasir - TVTC,20.43008,44.89433,01-03-2017 00:00,5831.1,5927.468557760889,96.3685577608885,96.3685577608885,9286.898924913705,1.6526651534168255,25.2,3.2,2967.1,3884.9,0.4330268534734384,32.7,937.2
960,42,hgb,loso,Wadi Addawasir - TVTC,20.43008,44.89433,01-04-2017 00:00,6901.4,6922.704968451861,21.304968451860987,21.304968451860987,453.9016807347919,0.30870502292087093,29.6,3.0,2843.7,5392.9,0.34525168151907343,16.8,937.4
961,42,hgb,loso,Wadi Addawasir - TVTC,20.43008,44.89433,01-05-2017 00:00,6876.1,6943.538296869073,67.43829686907247,67.43829686907247,4547.92388460115,0.9807637595304384,33.6,2.5,3274.7,4561.7,0.41788321167883213,19.0,935.2
962,42,hgb,loso,Wadi Addawasir - TVTC,20.43008,44.89433,01-05-2019 00:00,6581.4,6698.432288015429,117.032288015429,117.032288015429,13696.556438126327,1.778227854490367,32.1,3.1,3115.5,4327.2,0.4185980894030392,20.8,935.8
963,42,hgb,loso,Wadi Addawasir - TVTC,20.43008,44.89433,01-02-2020 00:00,5844.4,5812.903338755748,-31.4966612442513,31.4966612442513,992.0396695351218,0.5389203552845682,20.9,3.3,2203.6,5644.7,0.2807741803957545,21.8,941.5
964,42,hgb,loso,Wadi Addawasir - TVTC,20.43008,44.89433,01-04-2020 00:00,6929.7,6928.456333480613,-1.2436665193872614,1.2436665193872614,1.5467064114448252,0.017946902743080674,30.1,3.2,2829.1,5323.9,0.3470011038881393,27.1,936.0
965,42,hgb,loso,Wadi Addawasir - TVTC,20.43008,44.89433,01-05-2020 00:00,6863.4,6937.0892900006875,73.68929000068783,73.68929000068783,5430.111460805472,1.0736557682881347,33.5,2.8,3240.3,4594.4,0.4135831620866147,15.0,935.3
966,42,hgb,loso,Wadi Addawasir - TVTC,20.43008,44.89433,01-09-2020 00:00,7092.6,7031.929641354269,-60.67035864573154,60.67035864573154,3680.8924182016917,0.8554036410587308,32.6,1.9,2038.8,6992.3,0.2257532305034824,12.4,933.7
967,42,hgb,loso,Wadi Addawasir - TVTC,20.43008,44.89433,01-11-2020 00:00,5538.1,5498.090295803424,-40.00970419657642,40.00970419657642,1600.7764298975449,0.7224445964604543,22.6,2.5,1207.5,7472.4,0.13911450592748764,27.0,941.0
968,42,hgb,loso,Wadi Addawasir - TVTC,20.43008,44.89433,01-01-2021 00:00,5181.0,5227.921749955862,46.92174995586174,46.92174995586174,2201.6506189204115,0.9056504527284645,17.4,2.9,1607.7,6255.2,0.2044665454221725,30.7,942.8
969,42,hgb,loso,Wadi Addawasir - TVTC,20.43008,44.89433,01-04-2021 00:00,7354.2,7331.832352475615,-22.367647524384665,22.367647524384665,500.31165577511143,0.3041479362049532,29.0,2.7,2725.9,6052.8,0.3105129461081937,14.1,937.4
970,42,hgb,loso,Wadi Addawasir - TVTC,20.43008,44.89433,01-07-2021 00:00,6964.2,6984.695770634852,20.495770634852306,20.495770634852306,420.0766139164741,0.2943018671900909,36.0,2.6,3141.6,4847.9,0.3932160961261656,18.5,928.1
971,42,hgb,loso,Wadi Addawasir - TVTC,20.43008,44.89433,01-10-2021 00:00,6404.1,6201.526840747748,-202.57315925225248,202.57315925225248,41035.884849438444,3.163179201640394,28.2,2.0,1683.5,7204.1,0.18942121607633106,18.2,938.5
1308,43,hgb,loso,Yanbu - RCJY,23.98655,38.20451,01-01-2017 00:00,4068.4,4222.481783483924,154.08178348392403,154.08178348392403,23741.196001586843,3.787282063807001,22.4,2.4,1403.7,5130.4,0.21482683154527787,53.9,1014.2
1309,43,hgb,loso,Yanbu - RCJY,23.98655,38.20451,01-02-2017 00:00,4398.5,4561.185066248126,162.68506624812562,162.68506624812562,26466.43078015702,3.698648772266128,21.6,3.5,1896.4,4096.8,0.3164252819862511,38.0,1014.4
1310,43,hgb,loso,Yanbu - RCJY,23.98655,38.20451,01-09-2017 00:00,6309.4,6429.772487719527,120.37248771952727,120.37248771952727,14489.535799787744,1.907827808024967,32.5,0.0,2707.0,4926.1,0.3546396614743682,56.4,1004.7
1311,43,hgb,loso,Yanbu - RCJY,23.98655,38.20451,01-11-2017 00:00,4643.4,4702.991405092112,59.59140509211193,59.59140509211193,3551.1355608521835,1.2833571325346067,26.5,0.0,1566.3,5473.5,0.22249211625330265,56.0,1011.7
1312,43,hgb,loso,Yanbu - RCJY,23.98655,38.20451,01-04-2018 00:00,7540.4,7327.815251773162,-212.5847482268373,212.5847482268373,45192.2751786678,2.8192768052999484,26.8,0.0,2414.7,6962.9,0.25749658761303534,56.5,1007.9
1313,43,hgb,loso,Yanbu - RCJY,23.98655,38.20451,01-05-2018 00:00,7572.4,7287.500072053683,-284.8999279463169,284.8999279463169,81167.96894381655,3.762346520869433,31.5,0.0,3416.5,5288.5,0.39247558874210225,44.0,1005.7
1314,43,hgb,loso,Yanbu - RCJY,23.98655,38.20451,01-06-2018 00:00,7806.4,7673.834648160124,-132.5653518398758,132.5653518398758,17573.57250843006,1.6981624287747976,32.0,0.0,2673.0,6763.5,0.2832618025751073,52.8,1002.9
1315,43,hgb,loso,Yanbu - RCJY,23.98655,38.20451,01-01-2019 00:00,4003.2,4054.467869683649,51.267869683649224,51.267869683649224,2628.3944618996393,1.2806722043277685,22.5,0.0,1845.6,3937.3,0.31914783240242783,52.7,1014.3
1316,43,hgb,loso,Yanbu - RCJY,23.98655,38.20451,01-02-2019 00:00,5492.9,6382.636240832681,889.7362408326817,889.7362408326817,791630.5782510717,16.197932619066098,22.8,0.0,2272.0,5237.1,0.30256621965348707,42.4,1013.4
1317,43,hgb,loso,Yanbu - RCJY,23.98655,38.20451,01-03-2019 00:00,6508.9,6412.42254326768,-96.4774567323193,96.4774567323193,9307.899657536542,1.4822390378146737,23.0,0.0,2012.5,6677.6,0.23158536725699358,44.1,1012.0
1318,43,hgb,loso,Yanbu - RCJY,23.98655,38.20451,01-04-2019 00:00,6712.6,6583.5854338977015,-129.0145661022989,129.0145661022989,16644.758266564448,1.9219760763683056,26.3,0.0,2464.4,5801.4,0.29814416027486756,44.9,1009.1
1319,43,hgb,loso,Yanbu - RCJY,23.98655,38.20451,01-10-2021 00:00,5533.9,5374.19527205293,-159.70472794706984,159.70472794706984,25505.60012864759,2.885934475633276,29.6,0.0,1817.2,5649.4,0.24337717301047332,64.9,1008.4
