record_id,fold,model_name,cv_strategy,station_name,latitude,longitude,date,actual_ghi,predicted_ghi,residual_error,absolute_error,squared_error,relative_error_pct,air_temperature_c,wind_speed_m_s,dhi_wh_m2,dni_wh_m2,diffuse_fraction,relative_humidity_pct,barometric_pressure_mb
1214,1,knn,loso,Afif - TVTC,23.92118,42.94815,01-01-2017 00:00,4723.7,4380.0599999999995,-343.6400000000003,343.6400000000003,118088.44960000023,7.274805766665968,17.4,4.3,1542.9,5834.3,0.20914439082578756,32.4,898.9
1215,1,knn,loso,Afif - TVTC,23.92118,42.94815,01-02-2017 00:00,4872.1,4995.039999999999,122.93999999999869,122.93999999999869,15114.243599999678,2.5233472219371254,14.3,4.5,2397.0,3992.9,0.3751232413652796,39.3,898.9
1216,1,knn,loso,Afif - TVTC,23.92118,42.94815,01-03-2017 00:00,5521.8,5365.74,-156.0600000000004,156.0600000000004,24354.723600000125,2.8262523090296714,21.7,4.7,2974.0,3598.1,0.45251898175621186,36.2,895.0
1217,1,knn,loso,Afif - TVTC,23.92118,42.94815,01-04-2017 00:00,6322.8,6400.140000000001,77.34000000000106,77.34000000000106,5981.4756000001635,1.223192256595196,27.9,5.0,3415.9,3770.1,0.47535485666573896,20.6,896.1
1218,1,knn,loso,Afif - TVTC,23.92118,42.94815,01-05-2017 00:00,6918.2,6887.3,-30.899999999999636,30.899999999999636,954.8099999999775,0.446647972015837,31.0,3.5,3460.3,4369.2,0.44195670221597805,21.4,894.7
1219,1,knn,loso,Afif - TVTC,23.92118,42.94815,01-06-2017 00:00,7910.8,7688.5599999999995,-222.2400000000007,222.2400000000007,49390.61760000031,2.8093239621782966,34.5,3.8,2742.9,6769.5,0.2883499432319919,8.7,891.7
1220,1,knn,loso,Afif - TVTC,23.92118,42.94815,01-09-2017 00:00,6954.4,6979.160000000001,24.760000000001128,24.760000000001128,613.0576000000558,0.35603359024504094,31.6,3.1,2286.2,6573.0,0.2580594184576485,10.0,894.3
1221,1,knn,loso,Afif - TVTC,23.92118,42.94815,01-10-2017 00:00,6326.5,6125.460000000001,-201.03999999999905,201.03999999999905,40417.08159999962,3.177744408440671,27.5,3.8,1532.0,7682.0,0.1662687215107445,13.0,897.3
1222,1,knn,loso,Afif - TVTC,23.92118,42.94815,01-11-2017 00:00,4973.7,4665.700000000001,-307.9999999999991,307.9999999999991,94863.99999999945,6.19257293363088,21.4,4.3,1611.6,5986.5,0.21210565799344572,32.7,898.5
1223,1,knn,loso,Afif - TVTC,23.92118,42.94815,01-03-2018 00:00,6556.4,6381.08,-175.3199999999997,175.3199999999997,30737.102399999898,2.674028430236101,24.7,4.3,2421.9,6007.3,0.28732264034546573,25.7,896.8
1224,1,knn,loso,Afif - TVTC,23.92118,42.94815,01-04-2018 00:00,6654.2,6670.38,16.18000000000029,16.18000000000029,261.7924000000094,0.24315469928767233,24.7,4.9,3076.3,4729.0,0.3941296298668853,35.1,894.3
1225,1,knn,loso,Afif - TVTC,23.92118,42.94815,01-05-2018 00:00,7499.6,7217.24,-282.3600000000006,282.3600000000006,79727.16960000033,3.7650008000426767,30.7,4.3,3497.6,5083.6,0.4075886822355847,19.1,893.8
1226,1,knn,loso,Afif - TVTC,23.92118,42.94815,01-06-2018 00:00,7850.1,7653.540000000001,-196.5599999999995,196.5599999999995,38635.8335999998,2.503917147552254,34.3,3.4,3047.3,6214.8,0.3290074605111152,12.1,891.7
1227,1,knn,loso,Afif - TVTC,23.92118,42.94815,01-07-2018 00:00,7727.5,7758.839999999999,31.339999999999236,31.339999999999236,982.1955999999522,0.40556454221933663,34.1,3.4,2838.8,6323.6,0.30983148520038417,13.2,890.2
1228,1,knn,loso,Afif - TVTC,23.92118,42.94815,01-08-2018 00:00,7555.9,7159.840000000001,-396.0599999999986,396.0599999999986,156863.52359999888,5.241731626940518,34.2,3.0,2169.3,7267.0,0.2298888335470471,13.2,890.9
1229,1,knn,loso,Afif - TVTC,23.92118,42.94815,01-09-2018 00:00,6637.8,6784.639999999999,146.83999999999924,146.83999999999924,21561.985599999774,2.212178733917853,33.8,3.3,2582.3,5525.6,0.3184918412905931,13.6,894.3
1230,1,knn,loso,Afif - TVTC,23.92118,42.94815,01-10-2018 00:00,5498.5,5652.98,154.47999999999956,154.47999999999956,23864.070399999866,2.809493498226781,26.4,3.9,1913.0,5582.8,0.25520958403372557,33.6,898.2
1231,1,knn,loso,Afif - TVTC,23.92118,42.94815,01-11-2018 00:00,4236.3,5412.58,1176.2799999999997,1176.2799999999997,1383634.6383999994,27.76668319052002,20.0,4.2,1777.1,4318.1,0.2915572909830686,60.4,898.4
1232,1,knn,loso,Afif - TVTC,23.92118,42.94815,01-12-2018 00:00,4387.7,4311.0599999999995,-76.64000000000033,76.64000000000033,5873.689600000051,1.7467010050823968,18.5,4.2,1505.2,5596.8,0.21194029850746268,45.7,899.6
1233,1,knn,loso,Afif - TVTC,23.92118,42.94815,01-01-2019 00:00,4414.1,4563.5,149.39999999999964,149.39999999999964,22320.35999999989,3.3846084139462094,18.4,4.6,2204.3,3976.2,0.35665399239543727,40.4,899.2
1234,1,knn,loso,Afif - TVTC,23.92118,42.94815,01-02-2019 00:00,5097.9,5493.24,395.34000000000015,395.34000000000015,156293.7156000001,7.754957923851001,17.9,4.7,2182.2,4812.9,0.31196123000385984,41.5,898.0
1235,1,knn,loso,Afif - TVTC,23.92118,42.94815,01-03-2019 00:00,6589.6,6765.0,175.39999999999964,175.39999999999964,30765.159999999873,2.6617700619157403,20.0,4.4,2364.1,6282.7,0.2734075033538419,26.4,896.3
1236,1,knn,loso,Afif - TVTC,23.92118,42.94815,01-04-2019 00:00,7156.5,6835.959999999999,-320.5400000000009,320.5400000000009,102745.89160000056,4.479005100258519,24.4,4.0,2643.4,6163.0,0.3001680595930233,28.6,895.4
1237,1,knn,loso,Afif - TVTC,23.92118,42.94815,01-05-2019 00:00,6958.5,6896.06,-62.4399999999996,62.4399999999996,3898.75359999995,0.8973198246748523,30.0,3.6,2892.2,5191.5,0.3577817088709378,26.4,894.9
1238,1,knn,loso,Afif - TVTC,23.92118,42.94815,01-06-2019 00:00,7610.3,7605.659999999999,-4.640000000001237,4.640000000001237,21.529600000011477,0.06097000118262403,35.1,3.4,2739.2,6325.8,0.30217319360176503,13.3,892.4
1239,1,knn,loso,Afif - TVTC,23.92118,42.94815,01-07-2019 00:00,7836.3,7729.4400000000005,-106.85999999999967,106.85999999999967,11419.05959999993,1.3636537651697824,35.4,3.3,2634.9,6860.6,0.2774893370543942,12.2,889.8
1240,1,knn,loso,Afif - TVTC,23.92118,42.94815,01-08-2019 00:00,7641.6,7437.08,-204.52000000000044,204.52000000000044,41828.43040000018,2.676402847571195,34.3,3.3,2137.6,7414.8,0.22377622377622378,13.5,891.2
1241,1,knn,loso,Afif - TVTC,23.92118,42.94815,01-09-2019 00:00,6736.4,6837.44,101.03999999999996,101.03999999999996,10209.081599999992,1.4999109316548895,33.6,3.5,2220.0,6283.9,0.2610566916356025,14.2,893.4
1242,1,knn,loso,Afif - TVTC,23.92118,42.94815,01-10-2019 00:00,5849.9,6447.4800000000005,597.5800000000008,597.5800000000008,357101.856400001,10.21521735414282,29.1,3.2,1861.0,6245.0,0.22958302491981247,21.6,896.5
1243,1,knn,loso,Afif - TVTC,23.92118,42.94815,01-11-2019 00:00,4843.5,4693.82,-149.6800000000003,149.6800000000003,22404.102400000087,3.0903272426964032,21.8,4.5,1732.7,5494.2,0.23975701891544093,39.2,898.0
1244,1,knn,loso,Afif - TVTC,23.92118,42.94815,01-12-2019 00:00,4592.8,4748.4800000000005,155.6800000000003,155.6800000000003,24236.26240000009,3.389653370492952,18.3,4.1,1308.8,6414.6,0.16945904653390992,38.5,898.7
1245,1,knn,loso,Afif - TVTC,23.92118,42.94815,01-01-2020 00:00,5030.2,4617.4,-412.8000000000002,412.8000000000002,170403.84000000014,8.206433143811383,14.3,3.7,1246.2,7255.0,0.14659106949607115,36.0,899.4
1246,1,knn,loso,Afif - TVTC,23.92118,42.94815,01-02-2020 00:00,5601.3,5691.219999999999,89.91999999999916,89.91999999999916,8085.60639999985,1.605341617124581,18.6,4.4,2050.5,5828.9,0.2602355509302739,30.9,898.8
1247,1,knn,loso,Afif - TVTC,23.92118,42.94815,01-03-2020 00:00,6705.5,6761.4400000000005,55.94000000000051,55.94000000000051,3129.283600000057,0.8342405488032288,21.7,4.2,2476.1,6175.9,0.2861881645862228,22.1,895.8
1248,1,knn,loso,Afif - TVTC,23.92118,42.94815,01-04-2020 00:00,7324.1,6975.0199999999995,-349.08000000000084,349.08000000000084,121856.84640000058,4.766182875711703,26.4,4.0,2808.9,6139.0,0.3139172319762179,27.2,894.6
1249,1,knn,loso,Afif - TVTC,23.92118,42.94815,01-05-2020 00:00,7113.0,6933.719999999999,-179.28000000000065,179.28000000000065,32141.318400000237,2.5204555040067573,31.2,4.0,3419.7,4699.0,0.4212127557367559,20.2,894.9
1250,1,knn,loso,Afif - TVTC,23.92118,42.94815,01-09-2020 00:00,6862.5,6946.4800000000005,83.98000000000047,83.98000000000047,7052.640400000079,1.223752276867038,32.1,2.9,2037.5,6866.3,0.2288348794896561,12.9,893.9
1251,1,knn,loso,Afif - TVTC,23.92118,42.94815,01-10-2020 00:00,6419.3,6192.44,-226.86000000000058,226.86000000000058,51465.459600000264,3.534030190207664,25.8,2.7,1220.8,8472.9,0.1259374645388242,14.6,898.2
1252,1,knn,loso,Afif - TVTC,23.92118,42.94815,01-11-2020 00:00,5000.4,4707.4,-293.0,293.0,85849.0,5.859531237501001,22.5,4.7,1439.3,6489.2,0.18153496878350256,33.5,898.3
1253,1,knn,loso,Afif - TVTC,23.92118,42.94815,01-12-2020 00:00,4332.4,4419.719999999999,87.31999999999971,87.31999999999971,7624.782399999949,2.015511033145594,18.0,4.6,1616.9,5196.0,0.23732918434146988,43.7,899.3
1254,1,knn,loso,Afif - TVTC,23.92118,42.94815,01-01-2021 00:00,4835.5,4419.719999999999,-415.78000000000065,415.78000000000065,172873.00840000054,8.598490331920187,16.9,4.6,1669.7,5767.6,0.2245035160609361,38.5,899.6
1255,1,knn,loso,Afif - TVTC,23.92118,42.94815,01-02-2021 00:00,5430.2,5554.3,124.10000000000036,124.10000000000036,15400.81000000009,2.285367021472512,18.4,5.0,2034.9,5682.9,0.2636632200886263,37.3,898.3
1256,1,knn,loso,Afif - TVTC,23.92118,42.94815,01-03-2021 00:00,6626.1,6756.719999999999,130.61999999999898,130.61999999999898,17061.584399999734,1.9712953320957873,24.6,4.6,2908.1,5271.0,0.35555256690833953,20.5,896.4
1257,1,knn,loso,Afif - TVTC,23.92118,42.94815,01-04-2021 00:00,7084.3,7032.44,-51.86000000000058,51.86000000000058,2689.45960000006,0.7320412743672711,26.9,3.9,3134.9,5236.5,0.3744773872948372,22.3,896.4
1258,1,knn,loso,Afif - TVTC,23.92118,42.94815,01-05-2021 00:00,8037.0,7864.9,-172.10000000000036,172.10000000000036,29618.410000000124,2.141346273485136,32.6,3.2,2602.0,7173.4,0.2661783661026659,12.3,893.4
1259,1,knn,loso,Afif - TVTC,23.92118,42.94815,01-08-2021 00:00,7523.6,7142.0599999999995,-381.5400000000009,381.5400000000009,145572.77160000068,5.071242490297209,35.3,3.3,2449.3,6776.8,0.26547511949794605,12.7,891.1
1260,1,knn,loso,Afif - TVTC,23.92118,42.94815,01-09-2021 00:00,6930.7,6981.68,50.98000000000047,50.98000000000047,2598.960400000048,0.7355678358607424,32.7,3.3,2300.2,6470.7,0.26225358857129827,13.1,893.2
1261,1,knn,loso,Afif - TVTC,23.92118,42.94815,01-11-2021 00:00,5126.2,5094.06,-32.13999999999942,32.13999999999942,1032.9795999999626,0.6269751472825762,23.0,3.9,1489.8,6500.4,0.18645340542164152,28.5,898.5
1262,1,knn,loso,Afif - TVTC,23.92118,42.94815,01-12-2021 00:00,4333.9,4319.9800000000005,-13.919999999999163,13.919999999999163,193.7663999999767,0.32118876762267623,18.2,4.0,1642.5,5185.3,0.24056064911098743,37.5,899.5
1441,2,knn,loso,Al Ahsa - KFU,25.34616,49.5956,01-01-2017 00:00,3707.6,4166.9,459.2999999999997,459.2999999999997,210956.48999999976,12.388067752724128,17.0,1.9,1691.9,3758.5,0.3104175840305299,37.9,1000.6
1442,2,knn,loso,Al Ahsa - KFU,25.34616,49.5956,01-02-2017 00:00,3725.0,4351.339999999999,626.3399999999992,626.3399999999992,392301.795599999,16.814496644295282,15.4,1.8,2081.7,2698.7,0.4354656514099238,44.8,1001.4
1443,2,knn,loso,Al Ahsa - KFU,25.34616,49.5956,01-03-2017 00:00,4575.6,4875.2,299.59999999999945,299.59999999999945,89760.15999999967,6.5477751551708945,22.3,1.6,2750.5,2633.0,0.5109129748305006,40.7,995.9
1444,2,knn,loso,Al Ahsa - KFU,25.34616,49.5956,01-04-2017 00:00,6136.1,6604.88,468.77999999999975,468.77999999999975,219754.68839999975,7.639706002183792,30.0,2.0,3259.5,3821.9,0.4602903380687435,21.6,993.7
1445,2,knn,loso,Al Ahsa - KFU,25.34616,49.5956,01-09-2017 00:00,6667.4,6028.139999999999,-639.2600000000002,639.2600000000002,408653.34760000027,9.587845337012931,35.7,1.2,2166.1,6297.6,0.2559282583267365,29.6,988.3
1446,2,knn,loso,Al Ahsa - KFU,25.34616,49.5956,01-11-2017 00:00,4347.2,4133.8,-213.39999999999964,213.39999999999964,45539.559999999845,4.908906882591085,23.7,1.4,1673.0,4803.4,0.25832252485948987,37.8,998.8
1447,2,knn,loso,Al Ahsa - KFU,25.34616,49.5956,01-12-2017 00:00,4260.2,6486.4400000000005,2226.2400000000007,2226.2400000000007,4956144.537600003,52.256701563306905,17.8,1.6,1195.7,6085.2,0.16422420305182053,31.2,1002.5
1448,2,knn,loso,Al Ahsa - KFU,25.34616,49.5956,01-03-2019 00:00,5956.1,6145.659999999999,189.55999999999858,189.55999999999858,35932.99359999946,3.1826194993367904,21.4,1.9,2431.1,5091.9,0.32315565598830254,34.6,996.9
1449,2,knn,loso,Al Ahsa - KFU,25.34616,49.5956,01-05-2019 00:00,5879.3,6961.38,1082.08,1082.08,1170897.1264,18.40491214940554,34.3,1.7,3126.1,3401.6,0.47889762090782356,18.6,990.6
1450,2,knn,loso,Al Ahsa - KFU,25.34616,49.5956,01-07-2019 00:00,7450.6,7367.18,-83.42000000000007,83.42000000000007,6958.896400000012,1.1196413711647393,38.8,2.0,2768.7,5921.1,0.3186149278464407,14.9,981.1
1451,2,knn,loso,Al Ahsa - KFU,25.34616,49.5956,01-08-2019 00:00,7203.9,7367.18,163.28000000000065,163.28000000000065,26660.358400000216,2.266550063160242,38.7,1.9,2596.3,6001.1,0.30198664712587525,17.0,982.8
1452,2,knn,loso,Al Ahsa - KFU,25.34616,49.5956,01-11-2019 00:00,4107.6,4133.8,26.199999999999818,26.199999999999818,686.4399999999905,0.6378420488849892,23.3,1.4,1743.9,4166.4,0.29506116440789815,43.8,999.0
1453,2,knn,loso,Al Ahsa - KFU,25.34616,49.5956,01-02-2020 00:00,4940.6,4535.58,-405.02000000000044,405.02000000000044,164041.20040000035,8.19778974213659,19.1,1.4,1896.0,4985.1,0.2755373414134368,32.7,1000.7
1454,2,knn,loso,Al Ahsa - KFU,25.34616,49.5956,01-09-2020 00:00,6638.8,6534.4,-104.40000000000055,104.40000000000055,10899.360000000113,1.5725733566307247,36.1,1.2,1902.2,6615.8,0.22331533223761446,21.4,987.9
1455,2,knn,loso,Al Ahsa - KFU,25.34616,49.5956,01-11-2020 00:00,4461.1,4336.16,-124.94000000000051,124.94000000000051,15610.003600000127,2.800654547084811,24.4,0.0,1402.9,5489.3,0.20354893938074925,41.6,999.1
1456,2,knn,loso,Al Ahsa - KFU,25.34616,49.5956,01-04-2021 00:00,6957.6,7119.62,162.01999999999953,162.01999999999953,26250.480399999848,2.328676555133947,30.1,0.0,2924.7,5225.1,0.35886770227490244,16.5,993.1
1457,2,knn,loso,Al Ahsa - KFU,25.34616,49.5956,01-07-2021 00:00,7299.4,7321.4800000000005,22.080000000000837,22.080000000000837,487.526400000037,0.3024906156670526,39.7,0.0,2690.6,5825.2,0.3159538739754339,21.2,980.3
1458,2,knn,loso,Al Ahsa - KFU,25.34616,49.5956,01-10-2021 00:00,5573.0,6155.4,582.3999999999996,582.3999999999996,339189.7599999996,10.450385788623715,31.2,0.0,1680.5,6010.6,0.21849930439078935,31.4,993.7
765,3,knn,loso,Al Baha - University,20.1794,41.6357,01-01-2017 00:00,5018.8,5268.22,249.42000000000007,249.42000000000007,62210.33640000004,4.969713875826892,18.5,2.5,1128.1,6915.1,0.1402551223393674,39.0,836.3
766,3,knn,loso,Al Baha - University,20.1794,41.6357,01-02-2017 00:00,5049.4,5438.5599999999995,389.15999999999985,389.15999999999985,151445.5055999999,7.707054303481599,16.5,3.2,2030.9,4829.5,0.296032301323538,48.5,835.0
767,3,knn,loso,Al Baha - University,20.1794,41.6357,01-03-2018 00:00,6968.5,6562.780000000001,-405.71999999999935,405.71999999999935,164608.71839999946,5.8221998995479565,21.2,2.6,1712.1,7597.9,0.18389903329752952,29.4,834.9
768,3,knn,loso,Al Baha - University,20.1794,41.6357,01-04-2018 00:00,6852.4,6875.08,22.68000000000029,22.68000000000029,514.3824000000131,0.3309789270912424,21.6,3.3,2345.7,6034.2,0.27991980811226863,42.2,833.6
769,3,knn,loso,Al Baha - University,20.1794,41.6357,01-05-2018 00:00,7144.1,7036.639999999999,-107.46000000000095,107.46000000000095,11547.651600000203,1.5041782729805144,26.5,2.8,2678.3,5692.9,0.31994218272171254,24.2,833.6
770,3,knn,loso,Al Baha - University,20.1794,41.6357,01-06-2018 00:00,6996.7,7294.280000000001,297.58000000000084,297.58000000000084,88553.8564000005,4.253147912587375,29.3,2.8,3295.4,4686.4,0.41286426620561784,17.9,832.4
771,3,knn,loso,Al Baha - University,20.1794,41.6357,01-07-2018 00:00,6665.0,7159.959999999999,494.9599999999991,494.9599999999991,244985.40159999914,7.426256564141022,28.6,3.1,3105.6,4438.7,0.4116485293532866,21.9,831.6
772,3,knn,loso,Al Baha - University,20.1794,41.6357,01-08-2018 00:00,6590.6,7279.659999999999,689.0599999999986,689.0599999999986,474803.68359999807,10.455193760810829,28.9,3.1,2628.8,5055.4,0.34210457822544965,23.4,831.9
773,3,knn,loso,Al Baha - University,20.1794,41.6357,01-03-2019 00:00,6846.4,6081.62,-764.7799999999997,764.7799999999997,584888.4483999996,11.170542182752977,19.5,0.0,1944.9,7084.3,0.21540114295840163,35.4,834.0
774,3,knn,loso,Al Baha - University,20.1794,41.6357,01-04-2019 00:00,6864.9,7106.140000000001,241.2400000000016,241.2400000000016,58196.73760000077,3.514107998659873,22.5,0.0,2381.3,5975.5,0.2849535707447827,40.4,834.1
775,3,knn,loso,Al Baha - University,20.1794,41.6357,01-05-2019 00:00,5895.8,7306.68,1410.88,1410.88,1990582.3744000003,23.93025543607314,24.1,0.0,2730.5,4082.4,0.4007838071893027,34.4,834.7
776,3,knn,loso,Al Baha - University,20.1794,41.6357,01-06-2019 00:00,6252.5,7142.420000000001,889.920000000001,889.920000000001,791957.6064000018,14.233026789284303,29.1,0.0,2752.9,4397.7,0.38498867227924927,18.4,833.2
777,3,knn,loso,Al Baha - University,20.1794,41.6357,01-07-2019 00:00,6914.6,6717.62,-196.98000000000047,196.98000000000047,38801.12040000019,2.848754808665728,29.9,0.0,2950.1,4929.2,0.37441143248765757,16.4,831.3
778,3,knn,loso,Al Baha - University,20.1794,41.6357,01-08-2019 00:00,6362.0,6081.620000000001,-280.3799999999992,280.3799999999992,78612.94439999956,4.407104684061603,27.8,0.0,2624.2,4751.7,0.3557803115552,28.3,832.4
779,3,knn,loso,Al Baha - University,20.1794,41.6357,01-09-2019 00:00,6709.8,6717.62,7.819999999999709,7.819999999999709,61.152399999995446,0.1165459477182585,28.4,0.0,2286.3,6008.3,0.2756371615267765,17.1,833.5
780,3,knn,loso,Al Baha - University,20.1794,41.6357,01-10-2019 00:00,6017.5,6416.160000000001,398.66000000000076,398.66000000000076,158929.79560000062,6.625010386373091,23.9,0.0,1698.9,6532.6,0.2063900868614469,27.1,835.5
781,3,knn,loso,Al Baha - University,20.1794,41.6357,01-11-2019 00:00,4554.2,4687.32,133.1199999999999,133.1199999999999,17720.93439999997,2.9230161169909072,19.3,0.0,1546.0,5047.1,0.2344875703386874,47.2,835.2
782,3,knn,loso,Al Baha - University,20.1794,41.6357,01-12-2019 00:00,4915.2,5106.14,190.9400000000005,190.9400000000005,36458.083600000195,3.884684244791677,17.2,0.0,1302.9,6612.5,0.16460317861384138,49.4,835.6
783,3,knn,loso,Al Baha - University,20.1794,41.6357,01-01-2020 00:00,5450.1,5715.280000000001,265.1800000000003,265.1800000000003,70320.43240000015,4.865598796352366,15.2,0.4,1087.9,7888.5,0.12119557951962927,41.3,835.8
784,3,knn,loso,Al Baha - University,20.1794,41.6357,01-02-2020 00:00,5930.5,6063.6,133.10000000000036,133.10000000000036,17715.610000000095,2.244330157659563,18.2,3.3,1902.6,6379.0,0.2297382148377125,39.4,835.8
785,3,knn,loso,Al Baha - University,20.1794,41.6357,01-03-2020 00:00,6950.0,6063.599999999999,-886.4000000000005,886.4000000000005,785704.960000001,12.753956834532381,20.2,3.1,2099.5,6879.2,0.23383117823292904,34.0,833.9
786,3,knn,loso,Al Baha - University,20.1794,41.6357,01-04-2020 00:00,6931.5,6082.38,-849.1199999999999,849.1199999999999,721004.7743999998,12.250162302531917,22.8,3.0,2117.6,6560.4,0.24401935929937774,37.2,834.1
787,3,knn,loso,Al Baha - University,20.1794,41.6357,01-09-2020 00:00,6908.0,7001.520000000001,93.52000000000135,93.52000000000135,8745.990400000252,1.3537927041111948,27.6,2.6,2028.7,6740.8,0.23133588003877076,16.0,833.4
788,3,knn,loso,Al Baha - University,20.1794,41.6357,01-10-2020 00:00,6661.9,6192.66,-469.2399999999998,469.2399999999998,220186.1775999998,7.043636199882913,22.9,2.5,1150.5,8582.6,0.11820488847335381,15.4,835.9
789,3,knn,loso,Al Baha - University,20.1794,41.6357,01-11-2020 00:00,5160.2,5053.96,-106.23999999999978,106.23999999999978,11286.937599999954,2.0588349288787215,20.3,2.1,1240.5,6777.1,0.15472211135501895,38.4,836.0
790,3,knn,loso,Al Baha - University,20.1794,41.6357,01-12-2020 00:00,5136.3,5065.26,-71.03999999999996,71.03999999999996,5046.681599999994,1.3830967817300384,17.7,2.2,1066.2,7527.1,0.12407340602562461,43.2,836.0
791,3,knn,loso,Al Baha - University,20.1794,41.6357,01-01-2021 00:00,5303.7,5157.179999999999,-146.52000000000044,146.52000000000044,21468.11040000013,2.7625996945528675,16.4,2.3,1257.3,7177.5,0.14906103286384978,37.8,835.7
792,3,knn,loso,Al Baha - University,20.1794,41.6357,01-02-2021 00:00,5788.4,5604.6,-183.79999999999927,183.79999999999927,33782.43999999973,3.1753161495404476,17.6,3.2,1576.4,6719.2,0.19002844881623993,39.8,834.9
793,3,knn,loso,Al Baha - University,20.1794,41.6357,01-09-2021 00:00,6325.3,6895.399999999999,570.0999999999985,570.0999999999985,325014.0099999983,9.013011240573546,27.8,2.7,2401.5,5279.2,0.312666814222662,18.5,833.0
794,3,knn,loso,Al Baha - University,20.1794,41.6357,01-10-2021 00:00,6161.8,6454.960000000001,293.16000000000076,293.16000000000076,85942.78560000045,4.757700671881605,24.0,2.8,1513.4,7088.0,0.17594810147185344,21.0,835.9
795,3,knn,loso,Al Baha - University,20.1794,41.6357,01-11-2021 00:00,5526.5,5913.280000000001,386.78000000000065,386.78000000000065,149598.7684000005,6.998642902379457,20.3,2.2,1123.8,7609.0,0.1286872480762184,30.8,836.0
796,3,knn,loso,Al Baha - University,20.1794,41.6357,01-12-2021 00:00,5053.8,5640.639999999999,586.8399999999992,586.8399999999992,344381.1855999991,11.6118564248684,17.6,2.4,989.7,7569.3,0.11563266736768314,35.9,836.1
972,4,knn,loso,Al Dawadmi - TVTC,24.5569,44.47411,01-03-2017 00:00,5246.1,5293.719999999999,47.61999999999898,47.61999999999898,2267.664399999903,0.9077219267646248,21.4,3.4,3019.8,3091.2,0.4941580756013746,39.7,906.1
973,4,knn,loso,Al Dawadmi - TVTC,24.5569,44.47411,01-04-2017 00:00,6383.9,6539.639999999999,155.73999999999978,155.73999999999978,24254.94759999993,2.439574554739263,27.9,3.2,3282.7,4047.5,0.44783225560012,22.1,907.1
974,4,knn,loso,Al Dawadmi - TVTC,24.5569,44.47411,01-05-2017 00:00,6876.5,6905.5199999999995,29.019999999999527,29.019999999999527,842.1603999999726,0.42201701446956336,32.4,3.0,3718.9,3915.8,0.48710492881187206,19.0,905.0
975,4,knn,loso,Al Dawadmi - TVTC,24.5569,44.47411,01-06-2017 00:00,8289.8,7843.1,-446.6999999999989,446.6999999999989,199540.88999999902,5.38854978407198,34.8,3.1,2772.7,7222.0,0.277417031026444,9.3,902.3
976,4,knn,loso,Al Dawadmi - TVTC,24.5569,44.47411,01-09-2017 00:00,6916.9,7001.339999999999,84.4399999999996,84.4399999999996,7130.113599999932,1.22077809423296,32.6,2.6,2270.6,6564.4,0.25700056593095644,9.9,904.8
977,4,knn,loso,Al Dawadmi - TVTC,24.5569,44.47411,01-10-2017 00:00,6216.5,6133.4800000000005,-83.01999999999953,83.01999999999953,6892.320399999921,1.335478162953423,28.2,2.6,1625.7,7341.2,0.1813001148668994,13.5,907.8
978,4,knn,loso,Al Dawadmi - TVTC,24.5569,44.47411,01-11-2017 00:00,4804.6,4325.84,-478.7600000000002,478.7600000000002,229211.13760000022,9.964617241809936,21.2,2.6,1679.9,5576.3,0.23151236184228657,35.9,909.7
979,4,knn,loso,Al Dawadmi - TVTC,24.5569,44.47411,01-03-2018 00:00,6327.1,6109.340000000001,-217.7599999999993,217.7599999999993,47419.4175999997,3.4417031499423003,24.4,3.0,2484.1,5572.4,0.3083348848755663,24.9,907.6
980,4,knn,loso,Al Dawadmi - TVTC,24.5569,44.47411,01-04-2018 00:00,6297.0,6342.6,45.600000000000364,45.600000000000364,2079.3600000000333,0.7241543592186813,24.7,3.4,3284.9,3896.5,0.4574177736931518,36.6,905.0
981,4,knn,loso,Al Dawadmi - TVTC,24.5569,44.47411,01-05-2018 00:00,7142.7,7267.76,125.0600000000004,125.0600000000004,15640.0036000001,1.7508785193274308,30.5,3.3,3567.3,4445.4,0.4452057358942679,21.3,904.4
982,4,knn,loso,Al Dawadmi - TVTC,24.5569,44.47411,01-06-2018 00:00,7910.4,7755.62,-154.77999999999975,154.77999999999975,23956.848399999923,1.9566646440129418,34.7,2.9,2829.1,6525.5,0.302428751630214,12.7,901.8
983,4,knn,loso,Al Dawadmi - TVTC,24.5569,44.47411,01-07-2018 00:00,7785.4,7666.039999999999,-119.36000000000058,119.36000000000058,14246.809600000139,1.5331261078428928,34.9,3.2,2828.1,6413.4,0.3060217497159552,12.0,899.9
984,4,knn,loso,Al Dawadmi - TVTC,24.5569,44.47411,01-08-2018 00:00,7539.1,7190.1,-349.0,349.0,121801.0,4.629199771856056,34.3,2.9,2127.4,7341.5,0.22467234842484346,13.3,901.1
985,4,knn,loso,Al Dawadmi - TVTC,24.5569,44.47411,01-09-2018 00:00,6587.5,6613.9800000000005,26.480000000000473,26.480000000000473,701.1904000000251,0.40197343453511153,34.1,2.7,2459.7,5713.5,0.3009469975040376,12.7,904.7
986,4,knn,loso,Al Dawadmi - TVTC,24.5569,44.47411,01-10-2018 00:00,5241.8,5305.6,63.80000000000018,63.80000000000018,4070.4400000000232,1.2171391506734364,26.4,2.6,1941.9,5145.4,0.27399714983138856,33.2,909.2
987,4,knn,loso,Al Dawadmi - TVTC,24.5569,44.47411,01-11-2018 00:00,3903.4,4440.8,537.4000000000001,537.4000000000001,288798.7600000001,13.76748475687862,19.1,2.5,1894.2,3530.8,0.34916129032258064,68.3,909.7
988,4,knn,loso,Al Dawadmi - TVTC,24.5569,44.47411,01-12-2018 00:00,4189.0,4388.8,199.80000000000018,199.80000000000018,39920.04000000007,4.769634757698739,17.3,2.8,1538.3,5117.0,0.23113909215211936,51.3,910.8
989,4,knn,loso,Al Dawadmi - TVTC,24.5569,44.47411,01-01-2019 00:00,4230.9,4219.9,-11.0,11.0,121.0,0.25999196388475265,17.2,3.3,2265.2,3549.2,0.3895844799119428,40.5,910.2
990,4,knn,loso,Al Dawadmi - TVTC,24.5569,44.47411,01-02-2019 00:00,4990.8,4790.8,-200.0,200.0,40000.0,4.00737356736395,16.6,1.2,2211.8,4629.8,0.3232869504209542,44.5,909.2
991,4,knn,loso,Al Dawadmi - TVTC,24.5569,44.47411,01-03-2019 00:00,6375.6,6690.0199999999995,314.41999999999916,314.41999999999916,98859.93639999947,4.931614279440353,19.4,2.2,2453.7,5810.6,0.2969035489999153,27.7,907.1
992,4,knn,loso,Al Dawadmi - TVTC,24.5569,44.47411,01-04-2019 00:00,6715.8,6421.62,-294.1800000000003,294.1800000000003,86541.87240000017,4.380416331635848,23.9,0.0,2811.0,5298.9,0.346613398438945,30.4,906.2
993,4,knn,loso,Al Dawadmi - TVTC,24.5569,44.47411,01-05-2019 00:00,6851.1,6717.259999999999,-133.84000000000106,133.84000000000106,17913.145600000284,1.9535549035921393,30.5,0.0,2928.4,5014.1,0.3687000314762355,24.5,905.4
994,4,knn,loso,Al Dawadmi - TVTC,24.5569,44.47411,01-06-2019 00:00,7720.3,7262.520000000001,-457.77999999999884,457.77999999999884,209562.52839999893,5.9295623227076515,35.5,0.0,2823.5,6364.0,0.30731972789115647,12.4,902.6
995,4,knn,loso,Al Dawadmi - TVTC,24.5569,44.47411,01-07-2019 00:00,7893.1,6843.660000000001,-1049.4399999999996,1049.4399999999996,1101324.313599999,13.295663300857704,35.6,0.0,2362.3,7327.5,0.24379244153646107,11.8,899.9
996,4,knn,loso,Al Dawadmi - TVTC,24.5569,44.47411,01-08-2019 00:00,7492.7,6664.24,-828.46,828.46,686345.9716,11.056895378168084,34.7,0.0,2126.7,7272.2,0.22627115939099254,12.5,901.3
997,4,knn,loso,Al Dawadmi - TVTC,24.5569,44.47411,01-09-2019 00:00,6612.8,6580.82,-31.980000000000473,31.980000000000473,1022.7204000000303,0.4836075489958939,33.6,0.0,2180.7,6265.0,0.2582023988538546,14.3,904.0
998,4,knn,loso,Al Dawadmi - TVTC,24.5569,44.47411,01-10-2019 00:00,5699.9,6229.18,529.2800000000007,529.2800000000007,280137.3184000007,9.285776943455161,28.9,0.0,1730.5,6196.8,0.2182962673293555,22.4,907.6
999,4,knn,loso,Al Dawadmi - TVTC,24.5569,44.47411,01-11-2019 00:00,4333.7,4471.139999999999,137.4399999999996,137.4399999999996,18889.75359999989,3.1714239564344466,20.7,0.0,1715.3,4642.1,0.2698115581841633,42.7,909.3
1000,4,knn,loso,Al Dawadmi - TVTC,24.5569,44.47411,01-12-2019 00:00,4303.7,5313.24,1009.54,1009.54,1019171.0116,23.457490066686802,17.0,0.0,1231.7,6041.3,0.16935239928502682,43.1,909.8
1001,4,knn,loso,Al Dawadmi - TVTC,24.5569,44.47411,01-01-2020 00:00,4790.7,5386.58,595.8800000000001,595.8800000000001,355072.9744000001,12.438265806667086,13.4,0.4,1199.6,6866.6,0.1487193474002628,38.2,910.5
1002,4,knn,loso,Al Dawadmi - TVTC,24.5569,44.47411,01-02-2020 00:00,5383.8,5543.68,159.8800000000001,159.8800000000001,25561.614400000035,2.969649689810173,17.8,2.6,2133.3,5392.1,0.2834799479097457,29.3,910.0
1003,4,knn,loso,Al Dawadmi - TVTC,24.5569,44.47411,01-03-2020 00:00,6521.3,6649.520000000001,128.22000000000116,128.22000000000116,16440.368400000298,1.9661723889408733,21.1,1.7,2573.1,5764.2,0.30862509445503944,23.4,906.8
1004,4,knn,loso,Al Dawadmi - TVTC,24.5569,44.47411,01-04-2020 00:00,6967.3,6968.0199999999995,0.7199999999993452,0.7199999999993452,0.5183999999990571,0.010333988776130568,26.2,3.5,2964.8,5243.9,0.3611777747999074,30.7,905.4
1005,4,knn,loso,Al Dawadmi - TVTC,24.5569,44.47411,01-05-2020 00:00,7165.5,7068.56,-96.9399999999996,96.9399999999996,9397.363599999922,1.3528713976693825,31.2,3.2,3466.1,4717.4,0.4235473819270483,17.5,905.7
1006,4,knn,loso,Al Dawadmi - TVTC,24.5569,44.47411,01-09-2020 00:00,6828.0,7042.719999999999,214.71999999999935,214.71999999999935,46104.67839999972,3.1446983011130545,32.6,2.5,1985.2,6920.8,0.2229059061306984,13.3,904.4
1007,4,knn,loso,Al Dawadmi - TVTC,24.5569,44.47411,01-10-2020 00:00,6238.0,6325.44,87.4399999999996,87.4399999999996,7645.75359999993,1.401731324142347,25.7,2.3,1151.0,8358.0,0.12104322221053739,15.1,909.0
1008,4,knn,loso,Al Dawadmi - TVTC,24.5569,44.47411,01-11-2020 00:00,4682.5,4606.900000000001,-75.59999999999945,75.59999999999945,5715.359999999918,1.6145221569674202,21.6,3.1,1380.8,5990.7,0.1873160143797056,37.2,909.5
1009,4,knn,loso,Al Dawadmi - TVTC,24.5569,44.47411,01-12-2020 00:00,4216.5,4301.02,84.52000000000044,84.52000000000044,7143.630400000074,2.0045061069607595,16.7,2.9,1559.0,5147.0,0.23247837757232329,48.9,910.8
1010,4,knn,loso,Al Dawadmi - TVTC,24.5569,44.47411,01-01-2021 00:00,4557.2,4230.139999999999,-327.0600000000004,327.0600000000004,106968.24360000026,7.176775212850004,15.8,2.8,1529.9,5629.5,0.21369109143224294,42.0,911.0
1011,4,knn,loso,Al Dawadmi - TVTC,24.5569,44.47411,01-02-2021 00:00,5139.4,5281.6,142.20000000000073,142.20000000000073,20220.840000000208,2.7668599447406454,17.3,3.2,1923.1,5428.2,0.26159998911757104,39.0,909.6
1012,4,knn,loso,Al Dawadmi - TVTC,24.5569,44.47411,01-03-2021 00:00,6455.2,6334.94,-120.26000000000022,120.26000000000022,14462.467600000053,1.8629941752385706,23.6,3.5,2873.7,5092.8,0.3607230276784033,21.4,907.4
1013,4,knn,loso,Al Dawadmi - TVTC,24.5569,44.47411,01-04-2021 00:00,6912.2,6837.5599999999995,-74.64000000000033,74.64000000000033,5571.129600000049,1.0798298660339738,27.0,3.0,3148.5,5005.7,0.3861200363003115,19.1,907.3
1014,4,knn,loso,Al Dawadmi - TVTC,24.5569,44.47411,01-05-2021 00:00,7830.1,7258.88,-571.2200000000003,571.2200000000003,326292.2884000003,7.2951814153075984,32.9,2.7,2637.3,6773.4,0.2802448276961331,11.9,903.8
1015,4,knn,loso,Al Dawadmi - TVTC,24.5569,44.47411,01-07-2021 00:00,7685.7,7049.08,-636.6199999999999,636.6199999999999,405285.0243999999,8.283175247537633,37.0,3.0,2674.9,6543.7,0.2901633653700128,13.7,898.7
1016,4,knn,loso,Al Dawadmi - TVTC,24.5569,44.47411,01-08-2021 00:00,7560.5,7271.06,-289.4399999999996,289.4399999999996,83775.51359999977,3.828318232921098,35.9,2.8,2255.5,7093.0,0.24126865272503611,11.6,901.4
1017,4,knn,loso,Al Dawadmi - TVTC,24.5569,44.47411,01-09-2021 00:00,6912.3,7147.58,235.27999999999975,235.27999999999975,55356.67839999988,3.4037874513548276,32.1,2.6,1988.4,7041.3,0.22020665138376688,13.9,903.9
1018,4,knn,loso,Al Dawadmi - TVTC,24.5569,44.47411,01-10-2021 00:00,5993.7,5954.38,-39.31999999999971,39.31999999999971,1546.062399999977,0.6560221565977562,29.2,2.6,1604.3,6955.7,0.1874182242990654,16.6,908.1
1019,4,knn,loso,Al Dawadmi - TVTC,24.5569,44.47411,01-11-2021 00:00,4922.2,5130.08,207.8800000000001,207.8800000000001,43214.094400000045,4.223314777944824,22.0,0.7,1472.2,6196.1,0.19198518576477186,30.6,909.7
1020,4,knn,loso,Al Dawadmi - TVTC,24.5569,44.47411,01-12-2021 00:00,4105.8,5912.66,1806.8599999999997,1806.8599999999997,3264743.059599999,44.0075015831263,17.0,0.0,1702.3,4622.7,0.2691383399209486,38.8,910.8
1558,5,knn,loso,Al Dhahran - KFUPM,26.30355,50.14412,01-01-2017 00:00,3555.2,4220.78,665.5799999999999,665.5799999999999,442996.7363999999,18.721309630963095,17.2,1.8,1555.3,3773.0,0.2918942251750089,67.5,1010.7
1559,5,knn,loso,Al Dhahran - KFUPM,26.30355,50.14412,01-02-2017 00:00,3690.5,4181.44,490.9399999999996,490.9399999999996,241022.0835999996,13.302804498035487,15.8,2.0,1718.0,3219.2,0.34797050960058334,65.0,1011.7
1560,5,knn,loso,Al Dhahran - KFUPM,26.30355,50.14412,01-03-2017 00:00,4160.6,4483.88,323.27999999999975,323.27999999999975,104509.95839999983,7.770033168293028,21.4,1.6,2312.3,2650.6,0.4659171049184953,63.5,1006.1
1561,5,knn,loso,Al Dhahran - KFUPM,26.30355,50.14412,01-04-2017 00:00,6185.7,6162.4,-23.300000000000182,23.300000000000182,542.8900000000085,0.37667523481578774,28.5,2.2,2751.2,4626.0,0.3729328200401236,42.2,1003.5
1562,5,knn,loso,Al Dhahran - KFUPM,26.30355,50.14412,01-05-2017 00:00,6441.2,7007.3200000000015,566.1200000000017,566.1200000000017,320491.85440000193,8.789045519468448,34.1,2.2,2953.9,4460.6,0.3983950367523097,32.7,999.1
1563,5,knn,loso,Al Dhahran - KFUPM,26.30355,50.14412,01-06-2017 00:00,7197.4,6830.2,-367.1999999999998,367.1999999999998,134835.83999999988,5.101842331953203,36.5,2.3,1893.0,7104.6,0.21038943718324885,25.8,993.4
1564,5,knn,loso,Al Dhahran - KFUPM,26.30355,50.14412,01-09-2017 00:00,5932.9,5978.46,45.5600000000004,45.5600000000004,2075.7136000000364,0.767921252675764,34.4,1.4,2000.7,5471.4,0.26775605251535717,58.9,997.7
1565,5,knn,loso,Al Dhahran - KFUPM,26.30355,50.14412,01-10-2017 00:00,5098.4,5912.72,814.3200000000006,814.3200000000006,663117.062400001,15.97206966891575,30.7,1.4,1640.5,5360.6,0.23432032109239975,57.9,1003.4
1566,5,knn,loso,Al Dhahran - KFUPM,26.30355,50.14412,01-11-2017 00:00,3809.0,4307.08,498.0799999999999,498.0799999999999,248083.68639999992,13.076398004725649,24.8,1.4,1532.9,4097.3,0.27226386274022235,60.8,1008.5
1567,5,knn,loso,Al Dhahran - KFUPM,26.30355,50.14412,01-12-2017 00:00,3810.2,4228.56,418.3600000000006,418.3600000000006,175025.0896000005,10.980001049813675,18.4,1.9,1158.9,5336.6,0.17841582634131323,56.7,1012.5
1568,5,knn,loso,Al Dhahran - KFUPM,26.30355,50.14412,01-03-2018 00:00,6090.6,5663.14,-427.46000000000004,427.46000000000004,182722.05160000004,7.01835615538699,25.1,1.8,2337.3,5403.5,0.301945535345184,42.0,1005.6
1569,5,knn,loso,Al Dhahran - KFUPM,26.30355,50.14412,01-04-2018 00:00,5518.1,5969.360000000001,451.2600000000002,451.2600000000002,203635.5876000002,8.177814827567463,27.4,2.1,3215.2,2999.0,0.5173956422387435,44.8,1002.6
1570,5,knn,loso,Al Dhahran - KFUPM,26.30355,50.14412,01-05-2018 00:00,6756.9,6738.840000000001,-18.05999999999858,18.05999999999858,326.16359999994876,0.2672823336145064,32.7,1.8,3459.5,4251.6,0.4486389749841138,34.6,999.6
1571,5,knn,loso,Al Dhahran - KFUPM,26.30355,50.14412,01-06-2018 00:00,7695.9,7257.58,-438.3199999999997,438.3199999999997,192124.42239999975,5.69550020140594,37.6,2.3,2660.0,6458.8,0.2917050489099443,26.5,992.6
1572,5,knn,loso,Al Dhahran - KFUPM,26.30355,50.14412,01-07-2018 00:00,7303.7,7007.3200000000015,-296.3799999999983,296.3799999999983,87841.10439999899,4.057943234251109,38.1,2.1,2822.0,5758.1,0.32890059556415424,30.4,989.4
1573,5,knn,loso,Al Dhahran - KFUPM,26.30355,50.14412,01-08-2018 00:00,7003.3,7007.3200000000015,4.020000000001346,4.020000000001346,16.16040000001082,0.05740151071639578,37.4,2.0,2336.5,6207.6,0.27346355964934865,33.0,991.5
1574,5,knn,loso,Al Dhahran - KFUPM,26.30355,50.14412,01-09-2018 00:00,5998.5,6043.46,44.960000000000036,44.960000000000036,2021.4016000000033,0.7495207135117118,35.3,1.4,2182.0,5226.8,0.29451463124932514,57.1,997.6
1575,5,knn,loso,Al Dhahran - KFUPM,26.30355,50.14412,01-10-2018 00:00,4738.8,5475.58,736.7799999999997,736.7799999999997,542844.7683999996,15.547818012999064,30.7,1.5,2069.9,4035.2,0.33904440549704346,60.6,1005.2
1576,5,knn,loso,Al Dhahran - KFUPM,26.30355,50.14412,01-11-2018 00:00,3505.6,4067.34,561.7400000000002,561.7400000000002,315551.82760000025,16.02407576449111,24.3,1.7,1717.6,3235.4,0.3467797294568948,69.9,1009.0
1577,5,knn,loso,Al Dhahran - KFUPM,26.30355,50.14412,01-12-2018 00:00,3640.3,4046.2599999999998,405.9599999999996,405.9599999999996,164803.52159999966,11.151828146031908,20.7,0.0,1605.0,4011.3,0.28577533251428877,70.3,1011.4
1578,5,knn,loso,Al Dhahran - KFUPM,26.30355,50.14412,01-01-2019 00:00,3714.1,3771.2399999999993,57.13999999999942,57.13999999999942,3264.9795999999333,1.5384615384615228,19.2,0.0,1869.8,3402.5,0.3546459799328566,63.0,1011.3
1579,5,knn,loso,Al Dhahran - KFUPM,26.30355,50.14412,01-02-2019 00:00,4141.7,3912.46,-229.23999999999978,229.23999999999978,52550.9775999999,5.534925272231204,18.9,0.0,1766.8,3934.5,0.3098942346482381,65.3,1010.0
1580,5,knn,loso,Al Dhahran - KFUPM,26.30355,50.14412,01-03-2019 00:00,5494.2,5748.32,254.1199999999999,254.1199999999999,64576.97439999994,4.625241163408684,21.3,0.0,2258.4,4705.8,0.32428706814853103,55.3,1006.7
1581,5,knn,loso,Al Dhahran - KFUPM,26.30355,50.14412,01-04-2019 00:00,5799.0,6074.0,275.0,275.0,75625.0,4.742196930505259,26.6,0.0,2842.8,3948.8,0.4185758878614759,46.2,1003.7
1582,5,knn,loso,Al Dhahran - KFUPM,26.30355,50.14412,01-05-2019 00:00,6486.3,6781.960000000001,295.66000000000076,295.66000000000076,87414.83560000046,4.558222715569751,33.7,0.0,2927.1,4609.5,0.3883846827481888,32.9,999.9
1583,5,knn,loso,Al Dhahran - KFUPM,26.30355,50.14412,01-06-2019 00:00,7163.0,6887.32,-275.6800000000003,275.6800000000003,75999.46240000016,3.848666759737544,38.4,0.0,2113.4,6634.7,0.24158388678684514,26.6,993.7
1584,5,knn,loso,Al Dhahran - KFUPM,26.30355,50.14412,01-07-2019 00:00,7331.7,7239.960000000001,-91.73999999999887,91.73999999999887,8416.227599999793,1.2512786938908969,37.8,0.0,2237.7,6634.9,0.2522034127538715,32.7,990.1
1585,5,knn,loso,Al Dhahran - KFUPM,26.30355,50.14412,01-08-2019 00:00,6917.7,7261.719999999999,344.0199999999995,344.0199999999995,118349.76039999968,4.9730401723116,37.5,0.0,2277.7,6200.9,0.2686410492298257,39.2,991.8
1586,5,knn,loso,Al Dhahran - KFUPM,26.30355,50.14412,01-10-2019 00:00,4902.0,5300.56,398.5600000000004,398.5600000000004,158850.07360000032,8.130558955528363,32.3,0.0,1885.6,4587.5,0.2912978325686301,61.1,1003.2
1587,5,knn,loso,Al Dhahran - KFUPM,26.30355,50.14412,01-11-2019 00:00,3802.9,3978.1399999999994,175.23999999999933,175.23999999999933,30709.057599999764,4.608062268268935,24.6,0.0,1557.1,4038.6,0.2782672409171328,57.4,1008.7
1588,5,knn,loso,Al Dhahran - KFUPM,26.30355,50.14412,01-12-2019 00:00,3380.7,4123.3,742.6000000000004,742.6000000000004,551454.7600000006,21.965865057532476,20.3,0.0,1309.2,4063.3,0.24368543508608656,69.5,1010.4
1589,5,knn,loso,Al Dhahran - KFUPM,26.30355,50.14412,01-01-2020 00:00,3705.0,4220.04,515.04,515.04,265266.2016,13.901214574898784,17.3,0.4,1189.9,4731.9,0.20093552636022835,65.3,1010.9
1590,5,knn,loso,Al Dhahran - KFUPM,26.30355,50.14412,01-02-2020 00:00,4564.7,4246.38,-318.3199999999997,318.3199999999997,101327.62239999982,6.973514141126465,19.2,2.1,1774.6,4549.5,0.28060909852785376,59.0,1010.6
1591,5,knn,loso,Al Dhahran - KFUPM,26.30355,50.14412,01-03-2020 00:00,5272.8,5228.66,-44.14000000000033,44.14000000000033,1948.339600000029,0.8371263844636687,22.7,2.2,2344.4,4205.4,0.3579345934227,57.5,1005.4
1592,5,knn,loso,Al Dhahran - KFUPM,26.30355,50.14412,01-04-2020 00:00,5364.5,6086.76,722.2600000000002,722.2600000000002,521659.5076000003,13.463696523441145,27.5,2.2,2802.5,3393.9,0.45227874249564265,51.5,1003.1
1593,5,knn,loso,Al Dhahran - KFUPM,26.30355,50.14412,01-05-2020 00:00,7000.4,6592.44,-407.96000000000004,407.96000000000004,166431.36160000003,5.827666990457689,32.6,2.0,2665.9,5732.0,0.31744840972147803,35.9,999.9
1594,5,knn,loso,Al Dhahran - KFUPM,26.30355,50.14412,01-09-2020 00:00,6075.9,6367.76,291.8600000000006,291.8600000000006,85182.25960000034,4.803568195658267,35.3,1.5,1785.0,5939.9,0.23107095237478803,51.7,997.2
1595,5,knn,loso,Al Dhahran - KFUPM,26.30355,50.14412,01-10-2020 00:00,5253.3,5581.460000000001,328.16000000000076,328.16000000000076,107688.9856000005,6.24674014429027,29.8,1.5,1278.3,6355.5,0.1674526448164741,59.2,1004.2
1596,5,knn,loso,Al Dhahran - KFUPM,26.30355,50.14412,01-11-2020 00:00,4139.8,4230.16,90.35999999999967,90.35999999999967,8164.929599999941,2.1827141407797397,25.6,1.6,1406.7,4882.3,0.2236762601367467,65.5,1008.5
1597,5,knn,loso,Al Dhahran - KFUPM,26.30355,50.14412,01-12-2020 00:00,3623.2,4330.160000000001,706.960000000001,706.960000000001,499792.44160000136,19.512033561492633,19.9,2.0,1470.4,4221.3,0.2583410931707574,68.3,1011.4
1598,5,knn,loso,Al Dhahran - KFUPM,26.30355,50.14412,01-01-2021 00:00,4101.8,4218.38,116.57999999999993,116.57999999999993,13590.896399999983,2.842166853576477,18.5,1.9,1536.3,4773.8,0.24346682302974595,62.8,1011.3
1599,5,knn,loso,Al Dhahran - KFUPM,26.30355,50.14412,01-02-2021 00:00,4581.9,4434.92,-146.97999999999956,146.97999999999956,21603.120399999872,3.207839542547842,19.7,2.1,1666.3,4831.7,0.2564327485380117,65.0,1009.2
1600,5,knn,loso,Al Dhahran - KFUPM,26.30355,50.14412,01-10-2021 00:00,5254.1,4678.88,-575.2200000000003,575.2200000000003,330878.0484000003,10.948021545079085,31.1,1.7,1623.6,5570.4,0.2256880733944954,59.5,1002.8
1601,5,knn,loso,Al Dhahran - KFUPM,26.30355,50.14412,01-11-2021 00:00,4294.0,4640.9400000000005,346.9400000000005,346.9400000000005,120367.36360000035,8.079646017699126,25.5,1.7,1414.9,5161.5,0.21514810534639014,60.6,1007.0
1602,5,knn,loso,Al Dhahran - KFUPM,26.30355,50.14412,01-12-2021 00:00,3558.8,4085.7400000000007,526.9400000000005,526.9400000000005,277665.76360000053,14.806676407777916,20.4,1.9,1507.2,3965.8,0.2753882696875571,66.6,1010.5
138,6,knn,loso,Al Farshah - TQ TVTC,17.7749,43.17555,01-01-2017 00:00,5253.8,4915.02,-338.77999999999975,338.77999999999975,114771.88839999982,6.448285050820353,23.8,1.9,1323.8,6504.9,0.1690957630257897,53.8,895.8
139,6,knn,loso,Al Farshah - TQ TVTC,17.7749,43.17555,01-02-2017 00:00,4657.6,4985.34,327.7399999999998,327.7399999999998,107413.50759999985,7.036671246994154,23.3,2.0,2326.0,3505.4,0.39887505573275717,58.6,894.9
140,6,knn,loso,Al Farshah - TQ TVTC,17.7749,43.17555,01-03-2017 00:00,5753.0,5439.92,-313.0799999999999,313.0799999999999,98019.08639999996,5.4420302450895175,26.4,2.1,2300.3,4717.9,0.3277621042432533,52.4,893.0
141,6,knn,loso,Al Farshah - TQ TVTC,17.7749,43.17555,01-04-2017 00:00,6995.7,6757.2,-238.5,238.5,56882.25,3.409237102791715,29.3,2.3,2473.9,5866.1,0.2966306954436451,35.6,893.1
142,6,knn,loso,Al Farshah - TQ TVTC,17.7749,43.17555,01-05-2017 00:00,6580.1,6968.459999999999,388.35999999999876,388.35999999999876,150823.48959999904,5.902037962948873,29.4,2.0,2776.4,4744.2,0.3691726723931601,53.1,892.2
143,6,knn,loso,Al Farshah - TQ TVTC,17.7749,43.17555,01-09-2017 00:00,6518.8,6814.5,295.6999999999998,295.6999999999998,87438.48999999989,4.5361109406639235,31.1,2.4,2299.6,5606.0,0.2908824124671119,38.6,890.6
144,6,knn,loso,Al Farshah - TQ TVTC,17.7749,43.17555,01-10-2017 00:00,6485.5,6449.639999999999,-35.86000000000058,35.86000000000058,1285.9396000000418,0.5529257574589558,29.3,2.3,1323.0,7616.6,0.1479931988008412,28.0,893.4
145,6,knn,loso,Al Farshah - TQ TVTC,17.7749,43.17555,01-11-2017 00:00,5619.6,5546.9400000000005,-72.65999999999985,72.65999999999985,5279.475599999979,1.2929745889387119,25.7,2.2,1173.5,7198.1,0.14017631038272252,38.8,894.6
146,6,knn,loso,Al Farshah - TQ TVTC,17.7749,43.17555,01-03-2018 00:00,6971.5,6644.38,-327.1199999999999,327.1199999999999,107007.49439999992,4.692247005665924,26.8,2.3,1745.2,7193.5,0.19524091870182464,32.2,893.4
147,6,knn,loso,Al Farshah - TQ TVTC,17.7749,43.17555,01-04-2018 00:00,6168.1,5670.400000000001,-497.6999999999998,497.6999999999998,247705.2899999998,8.068935328545255,26.6,2.0,2591.0,4620.9,0.3592673220649205,46.4,892.3
148,6,knn,loso,Al Farshah - TQ TVTC,17.7749,43.17555,01-05-2018 00:00,6640.5,6550.539999999999,-89.96000000000095,89.96000000000095,8092.80160000017,1.3547172652661839,30.0,2.3,2684.8,4991.3,0.3497609463138834,39.7,891.0
149,6,knn,loso,Al Farshah - TQ TVTC,17.7749,43.17555,01-06-2018 00:00,5958.5,6980.740000000001,1022.2400000000007,1022.2400000000007,1044974.6176000014,17.155995636485706,31.3,2.1,3549.4,2937.0,0.5472064627528368,40.6,889.2
150,6,knn,loso,Al Farshah - TQ TVTC,17.7749,43.17555,01-07-2018 00:00,5318.7,6974.780000000001,1656.0800000000008,1656.0800000000008,2742600.9664000026,31.13693195705719,30.4,2.2,3802.2,1788.5,0.6800937270824763,43.6,889.0
151,6,knn,loso,Al Farshah - TQ TVTC,17.7749,43.17555,01-08-2018 00:00,5490.9,6320.88,829.9800000000005,829.9800000000005,688866.8004000008,15.115554827077538,29.2,2.0,3387.1,2519.3,0.5734626845455777,52.0,889.4
152,6,knn,loso,Al Farshah - TQ TVTC,17.7749,43.17555,01-09-2018 00:00,6400.2,6709.5199999999995,309.3199999999997,309.3199999999997,95678.86239999982,4.832973969563447,30.5,2.4,2344.6,5328.5,0.3055609857814964,41.1,891.1
153,6,knn,loso,Al Farshah - TQ TVTC,17.7749,43.17555,01-10-2018 00:00,5778.6,4868.68,-909.9200000000001,909.9200000000001,827954.4064000001,15.746374554390338,27.5,2.2,1725.7,5794.8,0.22946612592247856,39.5,894.1
154,6,knn,loso,Al Farshah - TQ TVTC,17.7749,43.17555,01-11-2018 00:00,4929.0,4469.1,-459.89999999999964,459.89999999999964,211508.00999999966,9.330493000608636,25.0,2.0,1611.9,5364.2,0.23106033457089203,48.3,894.8
155,6,knn,loso,Al Farshah - TQ TVTC,17.7749,43.17555,01-12-2018 00:00,4963.4,4902.58,-60.81999999999971,60.81999999999971,3699.0723999999645,1.2253697062497424,23.3,1.9,1332.3,6167.7,0.17764,52.7,895.8
156,6,knn,loso,Al Farshah - TQ TVTC,17.7749,43.17555,01-01-2019 00:00,5345.5,4918.48,-427.02000000000044,427.02000000000044,182346.08040000038,7.988401459171274,23.6,1.8,1533.5,6242.8,0.19720175404755474,50.7,896.1
157,6,knn,loso,Al Farshah - TQ TVTC,17.7749,43.17555,01-02-2019 00:00,5318.9,4714.5199999999995,-604.3800000000001,604.3800000000001,365275.18440000014,11.362875782586627,24.5,2.0,2299.9,4439.4,0.34126689715549097,50.5,894.9
158,6,knn,loso,Al Farshah - TQ TVTC,17.7749,43.17555,01-03-2019 00:00,5948.5,5562.9800000000005,-385.5199999999995,385.5199999999995,148625.67039999962,6.480961586954686,25.7,2.2,2335.9,4903.6,0.3226604047240832,45.9,893.8
159,6,knn,loso,Al Farshah - TQ TVTC,17.7749,43.17555,01-04-2019 00:00,6412.9,7012.780000000001,599.880000000001,599.880000000001,359856.0144000012,9.354270298928737,28.1,2.3,2804.8,4668.9,0.37528934798025076,43.9,892.7
160,6,knn,loso,Al Farshah - TQ TVTC,17.7749,43.17555,01-05-2019 00:00,6343.7,6890.340000000001,546.6400000000012,546.6400000000012,298815.28960000136,8.617053139335109,28.1,2.0,2697.1,4650.2,0.3670872293223361,43.4,892.5
161,6,knn,loso,Al Farshah - TQ TVTC,17.7749,43.17555,01-06-2019 00:00,6041.4,6925.4800000000005,884.0800000000008,884.0800000000008,781597.4464000015,14.63369417684644,31.2,2.1,2832.6,4033.9,0.41252457583921937,43.9,889.6
162,6,knn,loso,Al Farshah - TQ TVTC,17.7749,43.17555,01-07-2019 00:00,5393.4,6888.56,1495.1600000000008,1495.1600000000008,2235503.425600002,27.72203063002931,31.2,2.2,3556.0,2203.4,0.6174254262596799,43.3,888.2
163,6,knn,loso,Al Farshah - TQ TVTC,17.7749,43.17555,01-08-2019 00:00,5735.8,5408.5599999999995,-327.2400000000007,327.2400000000007,107086.01760000046,5.705219847275021,28.8,2.2,2937.0,3449.6,0.4598691009300723,54.6,890.1
164,6,knn,loso,Al Farshah - TQ TVTC,17.7749,43.17555,01-09-2019 00:00,5977.4,6345.64,368.2400000000007,368.2400000000007,135600.6976000005,6.160538026566747,30.5,2.2,2295.6,4871.9,0.3202790373212417,42.2,890.4
165,6,knn,loso,Al Farshah - TQ TVTC,17.7749,43.17555,01-10-2019 00:00,5675.7,6264.0199999999995,588.3199999999997,588.3199999999997,346120.42239999963,10.365593671265213,27.5,2.3,1690.2,5970.7,0.22062681930321504,43.6,893.3
166,6,knn,loso,Al Farshah - TQ TVTC,17.7749,43.17555,01-11-2019 00:00,5069.7,4726.0,-343.6999999999998,343.6999999999998,118129.68999999987,6.779493855652205,25.3,2.0,1559.4,5647.2,0.2163849804346016,45.0,894.1
167,6,knn,loso,Al Farshah - TQ TVTC,17.7749,43.17555,01-12-2019 00:00,4828.7,4674.44,-154.26000000000022,154.26000000000022,23796.147600000066,3.1946486632012805,23.3,1.9,1444.5,5780.9,0.1999197276275362,52.1,895.1
168,6,knn,loso,Al Farshah - TQ TVTC,17.7749,43.17555,01-01-2020 00:00,4697.5,4575.64,-121.85999999999967,121.85999999999967,14849.85959999992,2.5941458222458684,21.8,2.0,1669.2,5022.5,0.24944334025733372,53.2,896.0
169,6,knn,loso,Al Farshah - TQ TVTC,17.7749,43.17555,01-02-2020 00:00,5332.4,5747.9800000000005,415.58000000000084,415.58000000000084,172706.7364000007,7.793488860550612,25.5,2.1,2221.7,4481.5,0.3314387158372121,47.1,894.9
170,6,knn,loso,Al Farshah - TQ TVTC,17.7749,43.17555,01-03-2020 00:00,5972.7,5742.88,-229.8199999999997,229.8199999999997,52817.23239999987,3.8478410099285036,25.5,2.1,2581.1,4564.0,0.36124057046087527,51.5,893.1
171,6,knn,loso,Al Farshah - TQ TVTC,17.7749,43.17555,01-04-2020 00:00,6299.4,6098.3,-201.09999999999945,201.09999999999945,40441.20999999978,3.192367527066061,27.4,2.0,2324.3,5260.8,0.3064297108805421,51.6,892.9
172,6,knn,loso,Al Farshah - TQ TVTC,17.7749,43.17555,01-05-2020 00:00,6540.7,6890.339999999999,349.6399999999994,349.6399999999994,122248.1295999996,5.345605210451472,29.6,2.1,2439.4,5140.1,0.321841810145788,43.4,892.4
173,6,knn,loso,Al Farshah - TQ TVTC,17.7749,43.17555,01-09-2020 00:00,6443.4,6957.660000000001,514.2600000000011,514.2600000000011,264463.34760000114,7.9811900549399555,30.1,2.2,2029.4,5886.9,0.2563571365410609,39.5,890.3
174,6,knn,loso,Al Farshah - TQ TVTC,17.7749,43.17555,01-10-2020 00:00,6347.6,5600.1,-747.5,747.5,558756.25,11.776104354401664,28.2,2.4,1157.2,7732.7,0.13017019314053027,26.1,893.5
175,6,knn,loso,Al Farshah - TQ TVTC,17.7749,43.17555,01-11-2020 00:00,5099.8,4635.76,-464.03999999999996,464.03999999999996,215333.12159999995,9.099180360014117,25.1,2.0,1161.3,6380.2,0.15398793343499304,48.3,894.9
176,6,knn,loso,Al Farshah - TQ TVTC,17.7749,43.17555,01-12-2020 00:00,4810.2,5227.719999999999,417.5199999999995,417.5199999999995,174322.9503999996,8.679888570121815,23.5,1.9,1149.8,6247.7,0.15543088881378844,52.8,895.3
177,6,knn,loso,Al Farshah - TQ TVTC,17.7749,43.17555,01-01-2021 00:00,5225.9,4942.320000000001,-283.579999999999,283.579999999999,80417.61639999945,5.4264337243345455,22.5,2.0,1409.8,6365.1,0.18132709102367875,46.5,895.1
178,6,knn,loso,Al Farshah - TQ TVTC,17.7749,43.17555,01-02-2021 00:00,5356.4,4615.5199999999995,-740.8800000000001,740.8800000000001,548903.1744000001,13.831677992681653,23.4,2.1,1808.6,5374.7,0.2517784305263598,48.4,894.6
179,6,knn,loso,Al Farshah - TQ TVTC,17.7749,43.17555,01-03-2021 00:00,6647.1,7057.74,410.6399999999994,410.6399999999994,168625.20959999954,6.177731642370348,27.0,2.2,2144.3,6129.5,0.259167492566898,36.7,893.4
180,6,knn,loso,Al Farshah - TQ TVTC,17.7749,43.17555,01-04-2021 00:00,6493.8,6283.820000000001,-209.97999999999956,209.97999999999956,44091.600399999814,3.2335458437278564,27.3,2.2,2522.8,5110.4,0.3305035895823508,39.9,893.0
181,6,knn,loso,Al Farshah - TQ TVTC,17.7749,43.17555,01-07-2021 00:00,4964.4,5689.68,725.2800000000007,725.2800000000007,526031.0784000009,14.609620497945386,29.2,2.0,3261.8,2070.0,0.611763381972317,55.4,888.1
182,6,knn,loso,Al Farshah - TQ TVTC,17.7749,43.17555,01-11-2021 00:00,5462.0,5837.58,375.5799999999999,375.5799999999999,141060.33639999994,6.876235811058219,26.0,2.2,1185.4,6978.5,0.14520021068361938,34.0,894.7
379,7,knn,loso,Al Hanakiyah - TVTC,24.85577,40.536,01-01-2017 00:00,4578.4,4658.699999999999,80.29999999999927,80.29999999999927,6448.089999999883,1.7538878210728481,18.8,3.1,1337.4,6122.4,0.17928094586986248,30.6,918.9
380,7,knn,loso,Al Hanakiyah - TVTC,24.85577,40.536,01-02-2017 00:00,5384.9,5707.139999999999,322.2399999999998,322.2399999999998,103838.61759999985,5.9841408382699735,16.8,3.6,1986.1,5640.4,0.26042090080639874,27.4,919.0
381,7,knn,loso,Al Hanakiyah - TVTC,24.85577,40.536,01-03-2017 00:00,6075.7,6342.660000000001,266.96000000000095,266.96000000000095,71267.64160000051,4.393896999522704,23.4,3.7,2622.9,5070.3,0.34093745125565433,24.6,914.7
382,7,knn,loso,Al Hanakiyah - TVTC,24.85577,40.536,01-04-2017 00:00,6605.0,6797.24,192.23999999999978,192.23999999999978,36956.217599999916,2.9105223315669915,29.5,4.0,3217.4,4426.2,0.4209273117379245,17.9,915.5
383,7,knn,loso,Al Hanakiyah - TVTC,24.85577,40.536,01-05-2017 00:00,6870.0,6597.859999999999,-272.14000000000124,272.14000000000124,74060.17960000067,3.9612809315866264,32.4,3.1,3067.4,4924.9,0.38379440211203286,18.3,914.3
384,7,knn,loso,Al Hanakiyah - TVTC,24.85577,40.536,01-06-2017 00:00,8035.4,7545.08,-490.3199999999997,490.3199999999997,240413.70239999972,6.101998655947429,37.2,3.1,2441.4,7385.0,0.24845314662541726,8.3,911.4
385,7,knn,loso,Al Hanakiyah - TVTC,24.85577,40.536,01-09-2017 00:00,6604.4,7266.160000000001,661.7600000000011,661.7600000000011,437926.2976000015,10.019986675549651,34.7,2.9,2064.4,7253.3,0.22155682196250145,9.4,913.8
386,7,knn,loso,Al Hanakiyah - TVTC,24.85577,40.536,01-10-2017 00:00,6029.6,6139.659999999999,110.05999999999858,110.05999999999858,12113.203599999688,1.8253283799920157,29.7,2.4,1326.4,8131.0,0.14024996299194284,13.2,916.2
387,7,knn,loso,Al Hanakiyah - TVTC,24.85577,40.536,01-11-2017 00:00,4578.6,4766.539999999999,187.9399999999987,187.9399999999987,35321.44359999951,4.104748176298402,23.4,3.0,1614.0,5300.1,0.23343602204191433,32.3,917.9
388,7,knn,loso,Al Hanakiyah - TVTC,24.85577,40.536,01-03-2018 00:00,6591.4,6735.4800000000005,144.08000000000084,144.08000000000084,20759.04640000024,2.1858785690445255,26.6,3.2,2257.7,6409.3,0.2604938271604938,20.0,916.2
389,7,knn,loso,Al Hanakiyah - TVTC,24.85577,40.536,01-04-2018 00:00,7158.4,6996.92,-161.47999999999956,161.47999999999956,26075.79039999986,2.2558113544926184,27.2,3.6,2787.1,5943.8,0.3192225314686917,23.2,913.6
390,7,knn,loso,Al Hanakiyah - TVTC,24.85577,40.536,01-05-2018 00:00,7165.7,7243.339999999999,77.63999999999942,77.63999999999942,6027.969599999909,1.0834949830442164,32.1,4.0,3523.0,4665.5,0.43023752824082556,17.6,913.2
391,7,knn,loso,Al Hanakiyah - TVTC,24.85577,40.536,01-06-2018 00:00,7916.7,7336.460000000001,-580.2399999999989,580.2399999999989,336678.4575999987,7.329316508141003,36.1,3.4,2643.9,6951.7,0.27553253574555003,11.4,911.2
392,7,knn,loso,Al Hanakiyah - TVTC,24.85577,40.536,01-07-2018 00:00,7658.0,7563.58,-94.42000000000007,94.42000000000007,8915.136400000014,1.2329589971271881,36.2,3.6,2644.2,6580.3,0.28664968290964277,13.5,910.0
393,7,knn,loso,Al Hanakiyah - TVTC,24.85577,40.536,01-08-2018 00:00,7446.5,7454.6,8.100000000000364,8.100000000000364,65.6100000000059,0.10877593500302643,36.8,3.1,2061.2,7241.3,0.22157484547164738,13.9,910.6
394,7,knn,loso,Al Hanakiyah - TVTC,24.85577,40.536,01-09-2018 00:00,6388.5,6614.38,225.8800000000001,225.8800000000001,51021.774400000046,3.5357282617202808,36.4,3.2,2709.2,4977.0,0.3524758658374749,12.5,913.7
395,7,knn,loso,Al Hanakiyah - TVTC,24.85577,40.536,01-10-2018 00:00,5490.0,5725.4400000000005,235.4400000000005,235.4400000000005,55431.99360000024,4.288524590163944,28.4,3.2,1816.7,5732.6,0.24064482799729775,28.3,917.5
396,7,knn,loso,Al Hanakiyah - TVTC,24.85577,40.536,01-11-2018 00:00,4315.5,4365.56,50.0600000000004,50.0600000000004,2506.00360000004,1.1600046344571986,20.9,3.3,1603.0,4974.5,0.24370961611554542,53.6,918.0
397,7,knn,loso,Al Hanakiyah - TVTC,24.85577,40.536,01-12-2018 00:00,4308.0,4223.5199999999995,-84.48000000000047,84.48000000000047,7136.87040000008,1.9610027855153316,19.3,3.3,1387.7,5796.5,0.19315998997800732,47.5,919.3
398,7,knn,loso,Al Hanakiyah - TVTC,24.85577,40.536,01-01-2019 00:00,4019.8,4067.4399999999996,47.63999999999942,47.63999999999942,2269.5695999999443,1.1851335887357435,19.2,3.0,2013.6,3669.5,0.3543136668367616,43.8,918.6
399,7,knn,loso,Al Hanakiyah - TVTC,24.85577,40.536,01-02-2019 00:00,4920.6,4967.64,47.039999999999964,47.039999999999964,2212.7615999999966,0.9559809779295201,18.4,3.7,1950.7,4946.3,0.2828331158474699,38.4,918.0
400,7,knn,loso,Al Hanakiyah - TVTC,24.85577,40.536,01-03-2019 00:00,6668.2,6492.36,-175.84000000000015,175.84000000000015,30919.705600000052,2.636993491496958,20.8,3.6,1915.2,7278.0,0.2083278945307401,24.4,916.3
401,7,knn,loso,Al Hanakiyah - TVTC,24.85577,40.536,01-04-2019 00:00,7259.4,6941.26,-318.1399999999994,318.1399999999994,101213.05959999963,4.382455850345751,25.6,3.5,2515.2,6506.2,0.27880373334515707,23.9,915.1
402,7,knn,loso,Al Hanakiyah - TVTC,24.85577,40.536,01-05-2019 00:00,7359.8,6894.3,-465.5,465.5,216690.25,6.324900133155792,32.5,3.2,2839.9,5829.9,0.3275623428452791,18.3,914.1
403,7,knn,loso,Al Hanakiyah - TVTC,24.85577,40.536,01-06-2019 00:00,7467.2,7023.4800000000005,-443.71999999999935,443.71999999999935,196887.43839999943,5.942254124705369,36.5,3.4,2732.8,6149.4,0.30767152282092275,12.4,912.3
404,7,knn,loso,Al Hanakiyah - TVTC,24.85577,40.536,01-07-2019 00:00,7958.2,7534.82,-423.3800000000001,423.3800000000001,179250.6244000001,5.3200472468648705,36.8,3.5,2221.4,7618.1,0.2257635042431018,12.2,909.8
405,7,knn,loso,Al Hanakiyah - TVTC,24.85577,40.536,01-08-2019 00:00,7554.9,7469.44,-85.46000000000004,85.46000000000004,7303.411600000006,1.1311863823478807,35.8,3.5,1981.2,7644.3,0.20582826866136825,14.1,911.2
406,7,knn,loso,Al Hanakiyah - TVTC,24.85577,40.536,01-09-2019 00:00,6635.6,6813.68,178.07999999999993,178.07999999999993,31712.486399999972,2.6837060702875384,35.8,3.0,2210.9,6222.8,0.2621506574812953,13.8,912.8
407,7,knn,loso,Al Hanakiyah - TVTC,24.85577,40.536,01-10-2019 00:00,5505.8,5801.46,295.65999999999985,295.65999999999985,87414.83559999992,5.369973482509351,30.4,2.9,1988.0,5546.6,0.2638494412443925,23.0,916.3
408,7,knn,loso,Al Hanakiyah - TVTC,24.85577,40.536,01-11-2019 00:00,4778.9,4905.2,126.30000000000018,126.30000000000018,15951.690000000046,2.6428676055159177,23.6,3.2,1513.0,5907.5,0.20389461626575028,38.1,917.4
409,7,knn,loso,Al Hanakiyah - TVTC,24.85577,40.536,01-12-2019 00:00,4562.7,4859.08,296.3800000000001,296.3800000000001,87841.10440000007,6.495715256317534,19.0,2.8,1013.4,7183.7,0.12362908833611887,33.6,918.5
410,7,knn,loso,Al Hanakiyah - TVTC,24.85577,40.536,01-01-2020 00:00,4929.4,5331.96,402.5600000000004,402.5600000000004,162054.55360000033,8.166511137258093,14.8,2.9,1127.9,7413.2,0.13205559002938733,34.3,919.8
411,7,knn,loso,Al Hanakiyah - TVTC,24.85577,40.536,01-02-2020 00:00,5470.3,6160.24,689.9399999999996,689.9399999999996,476017.2035999994,12.612470979653759,19.0,3.3,1798.4,6283.0,0.22253569926002922,29.9,918.9
412,7,knn,loso,Al Hanakiyah - TVTC,24.85577,40.536,01-03-2020 00:00,6632.6,6786.94,154.33999999999924,154.33999999999924,23820.835599999766,2.326990923619685,22.9,3.6,2292.7,6386.9,0.2641481174247661,21.5,915.6
413,7,knn,loso,Al Hanakiyah - TVTC,24.85577,40.536,01-04-2020 00:00,7323.4,6998.7,-324.6999999999998,324.6999999999998,105430.08999999988,4.433732965562441,27.1,3.7,2781.8,6290.0,0.3066425626667255,22.5,914.3
414,7,knn,loso,Al Hanakiyah - TVTC,24.85577,40.536,01-05-2020 00:00,7249.3,7109.540000000001,-139.7599999999993,139.7599999999993,19532.857599999807,1.9279102809926378,32.8,3.5,2956.4,5654.4,0.34333627537511036,17.2,914.5
415,7,knn,loso,Al Hanakiyah - TVTC,24.85577,40.536,01-09-2020 00:00,6812.8,6887.2,74.39999999999964,74.39999999999964,5535.359999999946,1.0920620009394029,34.8,3.0,2065.5,6758.2,0.23408547434749594,11.4,913.5
416,7,knn,loso,Al Hanakiyah - TVTC,24.85577,40.536,01-10-2020 00:00,6154.4,6245.42,91.02000000000044,91.02000000000044,8284.64040000008,1.4789418952294364,28.6,2.8,1300.2,7893.3,0.14142600750530265,13.3,917.9
417,7,knn,loso,Al Hanakiyah - TVTC,24.85577,40.536,01-11-2020 00:00,4646.2,4678.78,32.57999999999993,32.57999999999993,1061.4563999999953,0.7012181998192055,23.7,3.0,1459.6,5791.0,0.20130747800182053,37.9,917.7
418,7,knn,loso,Al Hanakiyah - TVTC,24.85577,40.536,01-12-2020 00:00,4199.4,4335.5599999999995,136.15999999999985,136.15999999999985,18539.54559999996,3.242367957327234,19.2,3.1,1500.0,5290.1,0.22090985405222308,39.7,919.2
419,7,knn,loso,Al Hanakiyah - TVTC,24.85577,40.536,01-01-2021 00:00,4720.7,4929.839999999999,209.13999999999942,209.13999999999942,43739.539599999756,4.430275171055128,18.6,3.4,1556.5,5938.4,0.20767455202871288,36.4,919.4
420,7,knn,loso,Al Hanakiyah - TVTC,24.85577,40.536,01-02-2021 00:00,5417.2,5280.759999999999,-136.4400000000005,136.4400000000005,18615.873600000137,2.51864431809792,19.5,3.3,1664.4,6361.5,0.20737861174447728,35.0,918.1
421,7,knn,loso,Al Hanakiyah - TVTC,24.85577,40.536,01-03-2021 00:00,6589.8,6748.219999999999,158.41999999999916,158.41999999999916,25096.896399999736,2.4040183313605747,25.6,3.5,2560.5,5854.2,0.3042889229562551,21.5,916.1
422,7,knn,loso,Al Hanakiyah - TVTC,24.85577,40.536,01-04-2021 00:00,7305.7,7084.719999999999,-220.98000000000047,220.98000000000047,48832.16040000021,3.024761487605575,28.2,3.7,2827.2,5988.0,0.32071875850803155,19.7,916.1
423,7,knn,loso,Al Hanakiyah - TVTC,24.85577,40.536,01-05-2021 00:00,7658.8,7537.1,-121.69999999999982,121.69999999999982,14810.889999999956,1.58902177886875,34.0,3.3,2655.1,6538.0,0.2888144369146425,12.3,913.3
424,7,knn,loso,Al Hanakiyah - TVTC,24.85577,40.536,01-07-2021 00:00,7663.1,7548.2,-114.90000000000055,114.90000000000055,13202.010000000126,1.4993931959650864,38.1,3.8,2575.0,6684.3,0.278098776365384,12.3,908.7
425,7,knn,loso,Al Hanakiyah - TVTC,24.85577,40.536,01-08-2021 00:00,7545.6,7602.92,57.31999999999971,57.31999999999971,3285.5823999999666,0.7596480067854074,37.2,3.3,2170.8,7263.2,0.23010387958448167,12.2,910.8
426,7,knn,loso,Al Hanakiyah - TVTC,24.85577,40.536,01-09-2021 00:00,6608.6,7094.26,485.65999999999985,485.65999999999985,235865.63559999986,7.348908997367065,35.4,3.0,2459.0,5760.0,0.2991848156710062,13.1,912.6
427,7,knn,loso,Al Hanakiyah - TVTC,24.85577,40.536,01-10-2021 00:00,5924.8,5948.0599999999995,23.25999999999931,23.25999999999931,541.0275999999678,0.3925870915473823,31.0,2.5,1741.4,6635.7,0.20787623401893257,14.8,916.6
428,7,knn,loso,Al Hanakiyah - TVTC,24.85577,40.536,01-11-2021 00:00,4899.6,5474.5199999999995,574.9199999999992,574.9199999999992,330533.006399999,11.734019103600275,23.9,3.0,1283.7,6657.4,0.16165266776643036,26.8,918.3
429,7,knn,loso,Al Hanakiyah - TVTC,24.85577,40.536,01-12-2021 00:00,4052.8,4524.039999999999,471.2399999999989,471.2399999999989,222067.13759999894,11.62751677852346,19.1,3.0,1536.5,4967.0,0.23625739986161298,36.8,919.2
843,8,knn,loso,Al Jouf - TVTC,29.77634,40.02318,01-01-2017 00:00,3830.0,4208.4,378.39999999999964,378.39999999999964,143186.55999999974,9.879895561357694,9.7,3.8,1505.1,4813.8,0.2381901913307696,42.5,940.8
844,8,knn,loso,Al Jouf - TVTC,29.77634,40.02318,01-02-2017 00:00,4767.7,4372.280000000001,-395.41999999999916,395.41999999999916,156356.97639999934,8.293726534807123,9.9,4.1,1533.8,5815.4,0.20870298808033527,26.7,941.3
845,8,knn,loso,Al Jouf - TVTC,29.77634,40.02318,01-03-2017 00:00,5740.9,6496.860000000001,755.960000000001,755.960000000001,571475.5216000014,13.167970178891828,16.9,4.7,2227.6,5560.5,0.28602611676788947,35.9,935.8
846,8,knn,loso,Al Jouf - TVTC,29.77634,40.02318,01-04-2017 00:00,5726.0,5876.58,150.57999999999993,150.57999999999993,22674.33639999998,2.629758994062171,22.3,4.6,2852.7,4059.5,0.4127050721911982,24.8,937.1
847,8,knn,loso,Al Jouf - TVTC,29.77634,40.02318,01-09-2017 00:00,6433.7,7020.1,586.4000000000005,586.4000000000005,343864.96000000066,9.114506427094838,32.5,3.6,2436.7,5772.3,0.2968327445486661,14.8,934.1
848,8,knn,loso,Al Jouf - TVTC,29.77634,40.02318,01-10-2017 00:00,5433.4,5390.4400000000005,-42.95999999999913,42.95999999999913,1845.561599999925,0.7906651452129262,24.8,3.4,1587.2,6530.3,0.19552817985833076,22.4,936.8
849,8,knn,loso,Al Jouf - TVTC,29.77634,40.02318,01-11-2017 00:00,3972.7,4290.82,318.1199999999999,318.1199999999999,101200.33439999993,8.007652226445488,17.6,3.6,1851.0,4120.6,0.30996717797575185,42.6,939.2
850,8,knn,loso,Al Jouf - TVTC,29.77634,40.02318,01-03-2018 00:00,6314.3,6602.140000000001,287.84000000000106,287.84000000000106,82851.8656000006,4.5585417227563,21.3,4.0,2252.1,6351.2,0.2617716457638348,22.7,936.9
851,8,knn,loso,Al Jouf - TVTC,29.77634,40.02318,01-04-2018 00:00,7142.7,6699.88,-442.8199999999997,442.8199999999997,196089.55239999975,6.19961639156061,22.4,4.5,2528.4,6491.3,0.28031974455913167,27.4,934.4
852,8,knn,loso,Al Jouf - TVTC,29.77634,40.02318,01-05-2018 00:00,7350.8,7158.94,-191.86000000000058,191.86000000000058,36810.25960000022,2.610056048321279,27.7,4.7,2944.4,5943.9,0.3312669464352014,21.4,933.7
853,8,knn,loso,Al Jouf - TVTC,29.77634,40.02318,01-06-2018 00:00,8361.9,7936.840000000001,-425.0599999999986,425.0599999999986,180676.0035999988,5.083294466568586,32.0,4.8,2348.1,8113.2,0.22445585156720485,15.9,931.5
854,8,knn,loso,Al Jouf - TVTC,29.77634,40.02318,01-07-2018 00:00,8295.6,7946.340000000001,-349.2599999999993,349.2599999999993,121982.54759999951,4.210183711847236,32.9,5.1,1991.9,8626.0,0.18759830098230348,16.8,929.6
855,8,knn,loso,Al Jouf - TVTC,29.77634,40.02318,01-08-2018 00:00,7827.0,7996.3200000000015,169.32000000000153,169.32000000000153,28669.262400000516,2.163280950555788,32.3,5.0,1515.3,8978.7,0.14439679817038306,19.8,930.8
856,8,knn,loso,Al Jouf - TVTC,29.77634,40.02318,01-10-2018 00:00,5122.5,5559.82,437.3199999999997,437.3199999999997,191248.78239999973,8.537237676915563,25.7,3.4,2091.4,5041.5,0.29320472738998166,26.5,937.7
857,8,knn,loso,Al Jouf - TVTC,29.77634,40.02318,01-11-2018 00:00,3147.4,3302.3,154.9000000000001,154.9000000000001,23994.010000000028,4.921522526529837,15.3,2.7,1697.3,2934.3,0.3664608342689351,73.8,939.3
858,8,knn,loso,Al Jouf - TVTC,29.77634,40.02318,01-12-2018 00:00,3644.8,3600.44,-44.36000000000013,44.36000000000013,1967.8096000000112,1.2170763827919262,12.8,3.3,1163.8,5454.8,0.17583779046928352,59.7,940.7
859,8,knn,loso,Al Jouf - TVTC,29.77634,40.02318,01-01-2019 00:00,3527.3,3605.4199999999996,78.11999999999944,78.11999999999944,6102.734399999912,2.2147251438777373,10.7,4.0,1616.7,3915.4,0.29223983659008335,50.6,939.3
860,8,knn,loso,Al Jouf - TVTC,29.77634,40.02318,01-02-2019 00:00,4881.0,4241.179999999999,-639.8200000000006,639.8200000000006,409369.6324000008,13.108379430444595,12.2,3.8,1560.2,6004.0,0.20626107189127735,51.2,939.5
861,8,knn,loso,Al Jouf - TVTC,29.77634,40.02318,01-05-2019 00:00,7611.7,7498.38,-113.31999999999971,113.31999999999971,12841.422399999934,1.48876072362284,29.8,3.8,2428.0,6984.7,0.2579493662817257,12.7,934.4
862,8,knn,loso,Al Jouf - TVTC,29.77634,40.02318,01-06-2019 00:00,7742.5,7819.960000000001,77.46000000000095,77.46000000000095,6000.051600000146,1.0004520503713392,33.2,4.3,2163.5,7565.8,0.22236954354372876,14.6,932.0
863,8,knn,loso,Al Jouf - TVTC,29.77634,40.02318,01-07-2019 00:00,8373.8,8103.5,-270.2999999999993,270.2999999999993,73062.0899999996,3.2279251952518484,33.2,4.4,1571.1,9475.9,0.14221960713315832,14.7,929.6
864,8,knn,loso,Al Jouf - TVTC,29.77634,40.02318,01-08-2019 00:00,7668.3,7787.860000000001,119.5600000000004,119.5600000000004,14294.593600000097,1.5591460949623828,33.0,4.8,1856.6,8185.3,0.1848853304653502,16.7,930.6
865,8,knn,loso,Al Jouf - TVTC,29.77634,40.02318,01-09-2019 00:00,6670.0,6913.339999999999,243.33999999999924,243.33999999999924,59214.35559999963,3.648275862068954,32.0,3.5,1744.2,7326.7,0.19228521976871094,17.4,933.1
866,8,knn,loso,Al Jouf - TVTC,29.77634,40.02318,01-10-2019 00:00,4920.7,5230.22,309.52000000000044,309.52000000000044,95802.63040000027,6.290161968825584,26.8,3.1,1912.3,4951.6,0.27860254374335286,30.7,936.8
867,8,knn,loso,Al Jouf - TVTC,29.77634,40.02318,01-11-2019 00:00,4056.3,4080.4,24.09999999999991,24.09999999999991,580.8099999999956,0.5941375144836405,17.3,3.2,1383.8,5332.8,0.2060268588273829,43.6,939.5
868,8,knn,loso,Al Jouf - TVTC,29.77634,40.02318,01-12-2019 00:00,3804.5,4162.5599999999995,358.0599999999995,358.0599999999995,128206.96359999964,9.411486397686936,12.5,2.6,903.1,6460.4,0.12264548108915597,47.4,939.6
869,8,knn,loso,Al Jouf - TVTC,29.77634,40.02318,01-01-2020 00:00,3948.7,4038.54,89.84000000000015,89.84000000000015,8071.225600000026,2.275179172892348,9.2,3.7,1333.4,5488.9,0.1954472831742961,48.9,940.4
870,8,knn,loso,Al Jouf - TVTC,29.77634,40.02318,01-02-2020 00:00,5013.3,5444.42,431.1199999999999,431.1199999999999,185864.4543999999,8.599525262800947,12.0,4.2,1454.2,6556.0,0.1815435319967042,45.4,939.6
871,8,knn,loso,Al Jouf - TVTC,29.77634,40.02318,01-03-2020 00:00,6023.0,6428.7,405.6999999999998,405.6999999999998,164592.48999999985,6.735845923958157,17.3,4.8,2141.1,6048.1,0.26145411029160354,33.1,935.6
872,8,knn,loso,Al Jouf - TVTC,29.77634,40.02318,01-04-2020 00:00,7187.5,6920.4,-267.10000000000036,267.10000000000036,71342.41000000019,3.7161739130434834,21.9,4.1,2330.6,6828.2,0.25446565052190245,27.7,935.0
873,8,knn,loso,Al Jouf - TVTC,29.77634,40.02318,01-05-2020 00:00,7638.5,7271.719999999999,-366.78000000000065,366.78000000000065,134527.56840000048,4.8017280879753965,28.1,4.2,2581.5,6901.0,0.27223833377273926,15.9,935.0
874,8,knn,loso,Al Jouf - TVTC,29.77634,40.02318,01-09-2020 00:00,6580.0,7138.3,558.3000000000002,558.3000000000002,311698.8900000002,8.484802431610944,33.7,2.8,2126.1,6568.7,0.24452546349542256,11.5,933.6
875,8,knn,loso,Al Jouf - TVTC,29.77634,40.02318,01-10-2020 00:00,5708.7,5938.58,229.8800000000001,229.8800000000001,52844.81440000005,4.02683623241719,26.1,2.5,1173.8,7846.8,0.1301243819701572,14.1,938.5
876,8,knn,loso,Al Jouf - TVTC,29.77634,40.02318,01-11-2020 00:00,4067.3,4236.199999999999,168.89999999999873,168.89999999999873,28527.20999999957,4.152631967152625,17.6,3.0,1380.2,5315.3,0.20613845119856622,51.3,938.9
877,8,knn,loso,Al Jouf - TVTC,29.77634,40.02318,01-12-2020 00:00,3380.6,3836.3599999999997,455.75999999999976,455.75999999999976,207717.1775999998,13.48163047979648,12.6,3.3,1274.2,4545.1,0.21896104342446687,58.8,941.1
878,8,knn,loso,Al Jouf - TVTC,29.77634,40.02318,01-01-2021 00:00,3944.0,4884.46,940.46,940.46,884465.0116000001,23.84533468559838,11.5,3.3,1446.4,5145.6,0.21941747572815534,45.9,941.2
879,8,knn,loso,Al Jouf - TVTC,29.77634,40.02318,01-03-2021 00:00,6384.4,6253.02,-131.3799999999992,131.3799999999992,17260.70439999979,2.0578284568635925,18.1,3.9,2155.5,6569.8,0.24704021638224477,27.5,937.1
880,8,knn,loso,Al Jouf - TVTC,29.77634,40.02318,01-04-2021 00:00,7284.1,7028.56,-255.53999999999996,255.53999999999996,65300.691599999984,3.5081890693428144,23.9,3.5,2225.7,7076.1,0.23927626910920466,17.2,937.3
881,8,knn,loso,Al Jouf - TVTC,29.77634,40.02318,01-05-2021 00:00,8070.1,7519.58,-550.5200000000004,550.5200000000004,303072.2704000005,6.821724637860751,30.0,3.7,2289.2,7930.5,0.22399874751705037,12.3,933.4
882,8,knn,loso,Al Jouf - TVTC,29.77634,40.02318,01-09-2021 00:00,6706.2,7142.58,436.3800000000001,436.3800000000001,190427.5044000001,6.50711282097164,30.3,3.2,1641.3,7626.5,0.1770970456850601,18.9,933.6
1459,9,knn,loso,Al Jubail - SWCC,26.9042,49.76274,01-01-2017 00:00,3548.4,3845.2,296.7999999999997,296.7999999999997,88090.23999999985,8.364333220606463,16.8,2.8,1516.8,3907.2,0.279646017699115,72.4,1018.6
1460,9,knn,loso,Al Jubail - SWCC,26.9042,49.76274,01-02-2017 00:00,3721.4,4352.0599999999995,630.6599999999994,630.6599999999994,397732.03559999925,16.946847960444977,15.2,0.5,1664.5,3479.3,0.32359345231152065,71.1,1019.5
1461,9,knn,loso,Al Jubail - SWCC,26.9042,49.76274,01-03-2017 00:00,3973.8,5285.3,1311.5,1311.5,1720032.25,33.003674065126575,20.7,0.0,2113.4,2693.2,0.43968709690841756,75.3,1013.7
1462,9,knn,loso,Al Jubail - SWCC,26.9042,49.76274,01-04-2017 00:00,5835.2,6430.32,595.1199999999999,595.1199999999999,354167.81439999986,10.198793528927883,26.4,0.0,2691.2,4230.3,0.3888174528642635,61.6,1010.9
1463,9,knn,loso,Al Jubail - SWCC,26.9042,49.76274,01-05-2017 00:00,6296.3,6492.34,196.03999999999996,196.03999999999996,38431.68159999999,3.113574639073741,31.9,0.0,2872.1,4323.0,0.3991744381593028,49.5,1006.2
1464,9,knn,loso,Al Jubail - SWCC,26.9042,49.76274,01-06-2017 00:00,6948.8,7096.32,147.51999999999953,147.51999999999953,21762.15039999986,2.122956481694674,34.2,0.0,1737.5,6898.8,0.2011856929472112,45.9,1000.6
1465,9,knn,loso,Al Jubail - SWCC,26.9042,49.76274,01-09-2017 00:00,5878.6,5568.459999999999,-310.14000000000124,310.14000000000124,96186.81960000077,5.275745925900745,33.3,0.0,2004.8,5499.9,0.26713925939744426,69.1,1004.9
1466,9,knn,loso,Al Jubail - SWCC,26.9042,49.76274,01-10-2017 00:00,5021.3,4865.62,-155.6800000000003,155.6800000000003,24236.26240000009,3.1003923286798294,29.9,0.0,1688.5,5317.2,0.24101802817705584,68.8,1010.9
1467,9,knn,loso,Al Jubail - SWCC,26.9042,49.76274,01-11-2017 00:00,3901.2,3983.9199999999996,82.7199999999998,82.7199999999998,6842.598399999967,2.120373218496868,24.6,0.0,1591.9,4243.0,0.27282387016058546,63.6,1016.1
1468,9,knn,loso,Al Jubail - SWCC,26.9042,49.76274,01-03-2018 00:00,5957.0,6282.18,325.1800000000003,325.1800000000003,105742.03240000019,5.4587879805271164,23.4,0.0,2331.4,5397.0,0.301666580404741,56.2,1013.4
1469,9,knn,loso,Al Jubail - SWCC,26.9042,49.76274,01-04-2018 00:00,5482.4,5584.660000000001,102.26000000000113,102.26000000000113,10457.10760000023,1.8652415000729814,25.8,0.0,3245.7,2919.8,0.526429324466791,57.3,1010.2
1470,9,knn,loso,Al Jubail - SWCC,26.9042,49.76274,01-05-2018 00:00,6604.4,6186.78,-417.6199999999999,417.6199999999999,174406.4643999999,6.323360184119677,30.3,0.0,3285.3,4260.7,0.43536973230850784,48.8,1007.2
1471,9,knn,loso,Al Jubail - SWCC,26.9042,49.76274,01-06-2018 00:00,7665.1,7124.74,-540.3600000000006,540.3600000000006,291988.9296000006,7.049614486438541,35.1,0.0,2752.1,6272.2,0.3049654820872533,43.6,1000.0
1472,9,knn,loso,Al Jubail - SWCC,26.9042,49.76274,01-07-2018 00:00,7378.5,6877.460000000001,-501.03999999999905,501.03999999999905,251041.08159999904,6.790540082672616,35.4,0.0,2726.8,5954.3,0.314107659167617,45.6,996.6
1473,9,knn,loso,Al Jubail - SWCC,26.9042,49.76274,01-08-2018 00:00,7059.7,7050.0,-9.699999999999818,9.699999999999818,94.08999999999646,0.137399606215559,34.8,0.0,2176.3,6521.7,0.25020694412508626,48.0,998.5
1474,9,knn,loso,Al Jubail - SWCC,26.9042,49.76274,01-09-2018 00:00,6083.9,5723.56,-360.33999999999924,360.33999999999924,129844.91559999945,5.922845543154872,33.1,0.0,2228.5,5429.9,0.2909876736655176,63.5,1005.0
1475,9,knn,loso,Al Jubail - SWCC,26.9042,49.76274,01-10-2018 00:00,4732.9,4954.459999999999,221.5599999999995,221.5599999999995,49088.83359999977,4.681273637727387,29.4,0.0,2129.6,4037.2,0.3453330738794837,62.0,1012.9
1476,9,knn,loso,Al Jubail - SWCC,26.9042,49.76274,01-11-2018 00:00,3456.3,3901.8599999999997,445.5599999999995,445.5599999999995,198523.71359999955,12.891242079680568,23.7,0.0,1734.3,3167.3,0.3538232413905663,66.8,1016.9
1477,9,knn,loso,Al Jubail - SWCC,26.9042,49.76274,01-12-2018 00:00,3545.2,3737.6,192.4000000000001,192.4000000000001,37017.76000000004,5.427056301478057,19.9,0.0,1657.1,3825.6,0.3022415962937968,64.4,1019.3
1478,9,knn,loso,Al Jubail - SWCC,26.9042,49.76274,01-01-2019 00:00,3651.6,3799.84,148.24000000000024,148.24000000000024,21975.09760000007,4.059590316573564,18.3,0.0,1940.7,3187.0,0.3784737796672972,59.2,1018.9
1479,9,knn,loso,Al Jubail - SWCC,26.9042,49.76274,01-02-2019 00:00,4125.3,4870.820000000001,745.5200000000004,745.5200000000004,555800.0704000007,18.07189780137203,17.8,0.0,1600.8,4369.5,0.26812722978744785,62.0,1017.9
1480,9,knn,loso,Al Jubail - SWCC,26.9042,49.76274,01-03-2019 00:00,5465.2,5231.0,-234.19999999999982,234.19999999999982,54849.63999999991,4.2852960550391535,19.8,0.0,2306.3,4794.0,0.3248172612424827,57.8,1014.4
1481,9,knn,loso,Al Jubail - SWCC,26.9042,49.76274,01-04-2019 00:00,5869.6,6134.539999999999,264.9399999999987,264.9399999999987,70193.20359999931,4.513765844350529,24.6,0.0,2808.2,4115.9,0.40556895481001143,54.2,1011.1
1482,9,knn,loso,Al Jubail - SWCC,26.9042,49.76274,01-05-2019 00:00,6475.5,6776.839999999999,301.33999999999924,301.33999999999924,90805.79559999955,4.6535402671608255,30.8,0.0,2917.2,4605.5,0.38778630013160165,43.9,1007.0
1483,9,knn,loso,Al Jubail - SWCC,26.9042,49.76274,01-06-2019 00:00,7163.6,7006.5599999999995,-157.04000000000087,157.04000000000087,24661.561600000274,2.192193869004423,35.4,0.0,2053.7,6714.8,0.23421337743057533,41.9,1000.8
1484,9,knn,loso,Al Jubail - SWCC,26.9042,49.76274,01-07-2019 00:00,6808.1,7006.5599999999995,198.45999999999913,198.45999999999913,39386.37159999966,2.9150570643791824,35.6,0.0,2048.9,6179.0,0.24901858311355268,43.0,996.9
1485,9,knn,loso,Al Jubail - SWCC,26.9042,49.76274,01-08-2019 00:00,6987.8,7061.5199999999995,73.71999999999935,73.71999999999935,5434.638399999903,1.0549815392541193,35.0,0.0,2260.6,6317.2,0.26354076802909837,46.0,998.6
1486,9,knn,loso,Al Jubail - SWCC,26.9042,49.76274,01-09-2019 00:00,6346.6,6251.780000000001,-94.81999999999971,94.81999999999971,8990.832399999945,1.4940282986165776,33.4,0.0,1719.8,6676.0,0.20484051549584317,52.1,1003.8
1487,9,knn,loso,Al Jubail - SWCC,26.9042,49.76274,01-10-2019 00:00,4976.4,4865.62,-110.77999999999975,110.77999999999975,12272.208399999943,2.2261072261072212,31.1,0.0,1954.9,4757.8,0.29122409760603035,56.1,1010.2
1488,9,knn,loso,Al Jubail - SWCC,26.9042,49.76274,01-11-2019 00:00,3931.9,3918.7599999999998,-13.140000000000327,13.140000000000327,172.6596000000086,0.33418957755793194,23.9,0.0,1529.9,4384.7,0.25866499847834173,53.6,1015.9
1489,9,knn,loso,Al Jubail - SWCC,26.9042,49.76274,01-12-2019 00:00,3531.3,3994.2599999999998,462.9599999999996,462.9599999999996,214331.9615999996,13.11018605046299,19.6,0.0,1264.3,4553.2,0.21732703051138805,58.7,1018.0
1490,9,knn,loso,Al Jubail - SWCC,26.9042,49.76274,01-01-2020 00:00,3772.3,3980.06,207.75999999999976,207.75999999999976,43164.2175999999,5.507515308962695,16.6,2.7,1288.1,4840.3,0.21018536649043795,56.6,1018.5
1491,9,knn,loso,Al Jubail - SWCC,26.9042,49.76274,01-02-2020 00:00,4780.3,4569.5,-210.80000000000018,210.80000000000018,44436.64000000008,4.409765077505599,18.2,4.1,1833.4,5000.4,0.26828411718224127,54.0,1018.0
1492,9,knn,loso,Al Jubail - SWCC,26.9042,49.76274,01-03-2020 00:00,5488.2,5265.460000000001,-222.73999999999887,222.73999999999887,49613.1075999995,4.058525563937153,21.1,4.3,2332.8,4713.9,0.3310485759291584,54.9,1012.8
1493,9,knn,loso,Al Jubail - SWCC,26.9042,49.76274,01-04-2020 00:00,5407.2,4842.2,-565.0,565.0,319225.0,10.449030921733984,26.1,4.2,2869.8,3396.5,0.457973604838581,51.8,1009.7
1494,9,knn,loso,Al Jubail - SWCC,26.9042,49.76274,01-05-2020 00:00,6894.7,6732.82,-161.8800000000001,161.8800000000001,26205.134400000035,2.347890408574704,30.0,3.6,2616.7,5634.3,0.3171373166888862,47.2,1007.0
1495,9,knn,loso,Al Jubail - SWCC,26.9042,49.76274,01-11-2020 00:00,3905.2,4160.179999999999,254.97999999999956,254.97999999999956,65014.800399999775,6.52924306053466,24.6,3.5,1498.6,4455.7,0.2516836571889223,58.9,1015.6
1496,9,knn,loso,Al Jubail - SWCC,26.9042,49.76274,01-12-2020 00:00,3358.2,3681.5800000000004,323.38000000000056,323.38000000000056,104574.62440000036,9.62956345661368,19.0,3.6,1436.2,3841.2,0.27214158487133816,61.7,1019.2
1497,9,knn,loso,Al Jubail - SWCC,26.9042,49.76274,01-01-2021 00:00,3883.0,3908.2399999999993,25.239999999999327,25.239999999999327,637.057599999966,0.6500128766417544,17.4,3.4,1497.3,4548.5,0.2476595322372556,59.1,1019.3
1498,9,knn,loso,Al Jubail - SWCC,26.9042,49.76274,01-02-2021 00:00,4494.8,4693.9,199.09999999999945,199.09999999999945,39640.80999999978,4.429563050636279,18.4,3.8,1576.0,5087.3,0.23651944231837077,60.0,1017.3
1499,9,knn,loso,Al Jubail - SWCC,26.9042,49.76274,01-03-2021 00:00,5505.5,5740.14,234.64000000000033,234.64000000000033,55055.929600000156,4.261919898283541,21.9,4.5,2614.9,4175.9,0.385065088060317,52.5,1013.0
1500,9,knn,loso,Al Jubail - SWCC,26.9042,49.76274,01-04-2021 00:00,6685.9,5999.24,-686.6599999999999,686.6599999999999,471501.9555999998,10.270270270270268,26.5,4.1,2655.6,5380.8,0.3304464685680155,47.7,1010.4
1501,9,knn,loso,Al Jubail - SWCC,26.9042,49.76274,01-05-2021 00:00,7350.3,7091.74,-258.5600000000004,258.5600000000004,66853.2736000002,3.517679550494543,32.1,3.3,2539.0,6355.7,0.28545088648296174,42.6,1004.8
1502,9,knn,loso,Al Jubail - SWCC,26.9042,49.76274,01-07-2021 00:00,7340.4,6729.26,-611.1399999999994,611.1399999999994,373492.0995999993,8.325704321290385,35.9,3.5,2197.9,6751.2,0.24560011621280353,50.2,997.0
1503,9,knn,loso,Al Jubail - SWCC,26.9042,49.76274,01-08-2021 00:00,6824.9,5876.86,-948.04,948.04,898779.8415999999,13.89089950035898,35.5,0.2,2101.2,6325.2,0.24935915693534605,55.2,1000.1
1504,9,knn,loso,Al Jubail - SWCC,26.9042,49.76274,01-09-2021 00:00,6263.2,6876.759999999999,613.5599999999995,613.5599999999995,376455.87359999935,9.7962702771746,32.8,0.0,1628.3,6721.8,0.19500365265086644,55.3,1003.5
1505,9,knn,loso,Al Jubail - SWCC,26.9042,49.76274,01-10-2021 00:00,5176.8,4763.5,-413.3000000000002,413.3000000000002,170816.89000000016,7.983696492041418,29.5,0.0,1558.9,5815.0,0.21140780319776512,58.5,1010.8
1506,9,knn,loso,Al Jubail - SWCC,26.9042,49.76274,01-11-2021 00:00,4147.8,4228.5599999999995,80.75999999999931,80.75999999999931,6522.177599999888,1.9470562707941392,24.0,0.0,1445.8,5032.5,0.22317583316610837,59.0,1014.7
1507,9,knn,loso,Al Jubail - SWCC,26.9042,49.76274,01-12-2021 00:00,3370.2,3983.9199999999996,613.7199999999998,613.7199999999998,376652.23839999974,18.210195240638534,19.1,0.0,1417.7,3890.0,0.2671025114456356,61.1,1018.4
513,10,knn,loso,Al Khafji - SWCC,28.50676,48.455128,01-02-2017 00:00,3949.1,4810.58,861.48,861.48,742147.7904,21.814590666227748,12.5,3.5,1788.9,3785.9,0.3208904355313195,47.2,1019.5
514,10,knn,loso,Al Khafji - SWCC,28.50676,48.455128,01-11-2017 00:00,3938.1,3956.66,18.559999999999945,18.559999999999945,344.473599999998,0.47129326324877346,21.5,3.3,1571.4,4407.1,0.26284184996236515,48.1,1016.4
515,10,knn,loso,Al Khafji - SWCC,28.50676,48.455128,01-03-2018 00:00,5826.0,4981.2,-844.8000000000002,844.8000000000002,713687.0400000003,14.500514933058707,21.5,3.4,2206.8,5403.5,0.2899754280383165,44.9,1013.0
516,10,knn,loso,Al Khafji - SWCC,28.50676,48.455128,01-04-2018 00:00,5838.9,6084.2,245.30000000000018,245.30000000000018,60172.09000000009,4.201133775197387,24.3,3.7,3234.6,3462.7,0.4829707494064773,51.3,1009.9
517,10,knn,loso,Al Khafji - SWCC,28.50676,48.455128,01-05-2018 00:00,6759.9,6370.4,-389.5,389.5,151710.25,5.761919555023003,29.9,3.0,3162.2,4749.9,0.3996663338431011,38.4,1006.9
518,10,knn,loso,Al Khafji - SWCC,28.50676,48.455128,01-06-2018 00:00,7569.0,7209.360000000001,-359.6399999999994,359.6399999999994,129340.92959999958,4.751486325802609,34.8,3.8,3187.7,5639.7,0.36111425787887713,29.1,1000.0
519,10,knn,loso,Al Khafji - SWCC,28.50676,48.455128,01-07-2018 00:00,7416.9,7267.68,-149.21999999999935,149.21999999999935,22266.608399999805,2.011891760708643,36.4,4.0,2899.6,5875.5,0.3304349807979396,21.6,996.6
520,10,knn,loso,Al Khafji - SWCC,28.50676,48.455128,01-03-2020 00:00,5678.3,4958.98,-719.3200000000006,719.3200000000006,517421.2624000009,12.667875948787499,19.3,3.6,2138.4,5343.2,0.2858212147134303,56.6,1012.8
521,10,knn,loso,Al Khafji - SWCC,28.50676,48.455128,01-04-2020 00:00,6194.9,6162.179999999999,-32.720000000000255,32.720000000000255,1070.5984000000167,0.528176403170354,24.3,3.5,3297.2,3990.5,0.45243355242394717,51.8,1009.8
522,10,knn,loso,Al Khafji - SWCC,28.50676,48.455128,01-09-2020 00:00,6394.5,5930.24,-464.2600000000002,464.2600000000002,215537.3476000002,7.260301821878181,33.0,2.7,1898.9,6518.8,0.22558418570393338,40.8,1004.1
523,10,knn,loso,Al Khafji - SWCC,28.50676,48.455128,01-10-2020 00:00,5466.9,5304.3,-162.59999999999945,162.59999999999945,26438.759999999824,2.974263293639896,26.6,2.5,1368.7,6781.2,0.16794071092896848,42.6,1011.6
524,10,knn,loso,Al Khafji - SWCC,28.50676,48.455128,01-11-2020 00:00,3736.1,3915.8599999999997,179.75999999999976,179.75999999999976,32313.657599999915,4.811434383447975,22.4,3.6,1507.8,4169.5,0.2655839923907491,56.9,1015.9
525,10,knn,loso,Al Khafji - SWCC,28.50676,48.455128,01-12-2020 00:00,3067.4,3738.78,671.3800000000001,671.3800000000001,450751.1044000001,21.887592097541894,15.5,3.1,1282.8,3681.1,0.25842583452527246,64.4,1019.5
526,10,knn,loso,Al Khafji - SWCC,28.50676,48.455128,01-01-2021 00:00,3791.6,3680.0800000000004,-111.51999999999953,111.51999999999953,12436.710399999894,2.9412385272707966,13.9,2.9,1545.4,4379.7,0.26082260215017466,53.9,1019.7
527,10,knn,loso,Al Khafji - SWCC,28.50676,48.455128,01-02-2021 00:00,4392.6,5209.58,816.9799999999996,816.9799999999996,667456.3203999993,18.599007421572633,16.0,0.0,1477.9,5060.7,0.22602697825222526,57.1,1017.6
528,10,knn,loso,Al Khafji - SWCC,28.50676,48.455128,01-03-2021 00:00,5763.4,6275.84,512.4400000000005,512.4400000000005,262594.7536000005,8.89127945310061,20.1,0.0,2573.5,4760.7,0.3508903493223528,42.5,1013.2
529,10,knn,loso,Al Khafji - SWCC,28.50676,48.455128,01-04-2021 00:00,6385.6,6031.9,-353.7000000000007,353.7000000000007,125103.69000000051,5.539025306940627,25.6,0.0,2797.2,4953.7,0.360887122785741,34.3,1010.5
530,10,knn,loso,Al Khafji - SWCC,28.50676,48.455128,01-05-2021 00:00,7342.1,6953.38,-388.72000000000025,388.72000000000025,151103.2384000002,5.294398060500405,32.1,0.0,2642.0,6220.9,0.29809655981676425,26.7,1004.7
531,10,knn,loso,Al Khafji - SWCC,28.50676,48.455128,01-07-2021 00:00,7678.7,6939.459999999999,-739.2400000000007,739.2400000000007,546475.7776000011,9.627150429109104,36.7,0.0,2200.3,7293.0,0.23177398797046342,30.0,996.9
532,10,knn,loso,Al Khafji - SWCC,28.50676,48.455128,01-08-2021 00:00,7239.3,6682.140000000001,-557.159999999999,557.159999999999,310427.2655999988,7.696324230243241,35.8,0.0,2172.8,6851.9,0.24076146575509436,33.5,999.9
533,10,knn,loso,Al Khafji - SWCC,28.50676,48.455128,01-09-2021 00:00,6523.0,6869.340000000001,346.34000000000106,346.34000000000106,119951.39560000073,5.309520159435858,32.2,0.0,1749.5,6997.5,0.2000114324911398,31.5,1003.5
534,10,knn,loso,Al Khafji - SWCC,28.50676,48.455128,01-10-2021 00:00,5078.8,3978.1400000000003,-1100.6599999999999,1100.6599999999999,1211452.4355999997,21.671654721587775,27.6,0.0,1732.2,5432.1,0.2417821699258825,38.1,1011.0
1068,11,knn,loso,Al Qunfudhah - TVTC,19.15197,41.08111,01-01-2017 00:00,4603.3,4482.719999999999,-120.58000000000084,120.58000000000084,14539.536400000201,2.6194251949688447,26.5,2.3,1731.3,4826.3,0.26401427351470047,76.5,1012.8
1069,11,knn,loso,Al Qunfudhah - TVTC,19.15197,41.08111,01-02-2017 00:00,4068.8,5038.58,969.7799999999997,969.7799999999997,940473.2483999995,23.834545812033024,26.4,2.5,2493.3,2316.6,0.5183683652466788,71.1,1012.0
1070,11,knn,loso,Al Qunfudhah - TVTC,19.15197,41.08111,01-03-2017 00:00,5175.3,5330.9400000000005,155.64000000000033,155.64000000000033,24223.809600000102,3.0073618920642344,28.0,2.6,2617.2,3455.6,0.4309708865762087,72.8,1008.9
1071,11,knn,loso,Al Qunfudhah - TVTC,19.15197,41.08111,01-04-2017 00:00,6063.9,6172.5,108.60000000000036,108.60000000000036,11793.96000000008,1.7909266313758534,30.6,2.6,2708.7,4292.5,0.3868908187167914,65.0,1007.7
1072,11,knn,loso,Al Qunfudhah - TVTC,19.15197,41.08111,01-05-2017 00:00,5961.5,6144.66,183.15999999999985,183.15999999999985,33547.58559999995,3.072381112136205,32.1,2.9,2791.6,3960.8,0.41342337539245305,71.3,1006.0
1073,11,knn,loso,Al Qunfudhah - TVTC,19.15197,41.08111,01-06-2017 00:00,5946.6,5777.44,-169.16000000000076,169.16000000000076,28615.105600000257,2.844650724783923,32.6,2.9,2959.5,3624.0,0.44953292321713373,74.7,1002.2
1074,11,knn,loso,Al Qunfudhah - TVTC,19.15197,41.08111,01-09-2017 00:00,5957.8,5974.08,16.279999999999745,16.279999999999745,265.0383999999917,0.2732552284400239,32.2,2.8,3070.0,3642.6,0.4573488663111164,79.4,1004.5
1075,11,knn,loso,Al Qunfudhah - TVTC,19.15197,41.08111,01-10-2017 00:00,5667.9,5853.639999999999,185.73999999999978,185.73999999999978,34499.34759999992,3.2770514652693197,30.5,2.5,2091.8,5201.7,0.2868033180228971,78.4,1007.8
1076,11,knn,loso,Al Qunfudhah - TVTC,19.15197,41.08111,01-11-2017 00:00,4737.6,5443.02,705.4200000000001,705.4200000000001,497617.3764000001,14.88981762917933,29.1,2.3,1912.1,4619.1,0.2927639637432631,74.2,1010.4
1077,11,knn,loso,Al Qunfudhah - TVTC,19.15197,41.08111,01-12-2017 00:00,4548.6,4804.860000000001,256.2600000000002,256.2600000000002,65669.1876000001,5.6338213955942535,26.7,2.1,1658.6,5033.8,0.2478333632179786,73.0,1013.3
1078,11,knn,loso,Al Qunfudhah - TVTC,19.15197,41.08111,01-03-2018 00:00,6486.4,6291.64,-194.7599999999993,194.7599999999993,37931.45759999973,3.002590034533783,27.8,2.3,2263.3,5829.9,0.2796545247862403,71.9,1009.3
1079,11,knn,loso,Al Qunfudhah - TVTC,19.15197,41.08111,01-04-2018 00:00,6652.1,6671.6,19.5,19.5,380.25,0.29314051201876096,30.2,2.5,2627.6,5211.2,0.3352043680155126,70.7,1006.9
1080,11,knn,loso,Al Qunfudhah - TVTC,19.15197,41.08111,01-05-2018 00:00,6919.4,6444.679999999999,-474.72000000000025,474.72000000000025,225359.07840000023,6.860710466225399,31.8,2.6,3245.1,4602.4,0.41352022937241156,70.7,1004.8
1081,11,knn,loso,Al Qunfudhah - TVTC,19.15197,41.08111,01-06-2018 00:00,6298.2,5792.960000000001,-505.2399999999989,505.2399999999989,255267.45759999886,8.021974532406066,32.7,3.2,3832.3,2975.4,0.5629360870778677,72.1,1002.3
1082,11,knn,loso,Al Qunfudhah - TVTC,19.15197,41.08111,01-07-2018 00:00,6173.5,5792.960000000001,-380.53999999999905,380.53999999999905,144810.6915999993,6.164088442536634,32.7,3.5,3603.3,3098.7,0.537645478961504,69.2,1002.6
1083,11,knn,loso,Al Qunfudhah - TVTC,19.15197,41.08111,01-08-2018 00:00,6225.0,5956.8,-268.1999999999998,268.1999999999998,71931.2399999999,4.308433734939756,33.0,3.5,3379.3,3438.1,0.4956875055006308,74.3,1002.8
1084,11,knn,loso,Al Qunfudhah - TVTC,19.15197,41.08111,01-09-2018 00:00,5957.2,5974.08,16.88000000000011,16.88000000000011,284.9344000000037,0.28335459611898395,32.7,2.3,3243.1,3374.2,0.4900941471597178,80.7,1005.0
1085,11,knn,loso,Al Qunfudhah - TVTC,19.15197,41.08111,01-10-2018 00:00,5391.0,5315.52,-75.47999999999956,75.47999999999956,5697.230399999934,1.4001112966054454,30.8,1.8,2299.3,4418.2,0.3422850762932639,74.8,1008.8
1086,11,knn,loso,Al Qunfudhah - TVTC,19.15197,41.08111,01-11-2018 00:00,4418.4,4777.66,359.2600000000002,359.2600000000002,129067.74760000016,8.130997646206778,29.1,1.6,2037.1,3856.6,0.3456402599385785,75.7,1010.4
1087,11,knn,loso,Al Qunfudhah - TVTC,19.15197,41.08111,01-12-2018 00:00,4109.2,4147.82,38.61999999999989,38.61999999999989,1491.5043999999916,0.9398423050715442,27.5,1.6,2033.3,3567.0,0.3630698355445244,77.8,1012.5
1088,11,knn,loso,Al Qunfudhah - TVTC,19.15197,41.08111,01-01-2019 00:00,4616.3,5074.360000000001,458.0600000000004,458.0600000000004,209818.96360000037,9.922665338041297,26.8,1.6,2196.5,3983.3,0.3554322146347778,79.1,1012.9
1089,11,knn,loso,Al Qunfudhah - TVTC,19.15197,41.08111,01-02-2019 00:00,4805.2,4499.360000000001,-305.83999999999924,305.83999999999924,93538.10559999953,6.364771497544311,26.6,2.0,2694.3,3153.1,0.46076888873687455,75.9,1011.7
1090,11,knn,loso,Al Qunfudhah - TVTC,19.15197,41.08111,01-03-2019 00:00,6154.0,6427.12,273.1199999999999,273.1199999999999,74594.53439999995,4.438089047773803,26.9,2.3,2688.8,4702.5,0.3637790375170809,71.5,1010.3
1091,11,knn,loso,Al Qunfudhah - TVTC,19.15197,41.08111,01-04-2019 00:00,6536.0,6284.5599999999995,-251.4400000000005,251.4400000000005,63222.07360000026,3.847001223990216,29.8,2.0,2894.4,4666.4,0.3828166331605122,71.1,1007.6
1092,11,knn,loso,Al Qunfudhah - TVTC,19.15197,41.08111,01-05-2019 00:00,6425.8,5426.84,-998.96,998.96,997921.0816,15.546079865542033,32.6,2.2,2897.1,4598.5,0.3865067506270345,60.9,1006.1
1093,11,knn,loso,Al Qunfudhah - TVTC,19.15197,41.08111,01-06-2019 00:00,6387.9,5893.34,-494.5599999999995,494.5599999999995,244589.5935999995,7.742137478670603,33.3,2.9,3510.2,3458.7,0.5036949877312058,73.4,1002.6
1094,11,knn,loso,Al Qunfudhah - TVTC,19.15197,41.08111,01-07-2019 00:00,6463.4,6133.219999999999,-330.1800000000003,330.1800000000003,109018.83240000019,5.108456849336267,33.0,3.3,3579.8,3504.5,0.5053145688353119,70.0,1001.2
1095,11,knn,loso,Al Qunfudhah - TVTC,19.15197,41.08111,01-08-2019 00:00,6034.5,5796.76,-237.73999999999978,237.73999999999978,56520.3075999999,3.939680172342361,32.9,3.4,3219.6,3438.2,0.4835831656102617,76.4,1003.8
1096,11,knn,loso,Al Qunfudhah - TVTC,19.15197,41.08111,01-09-2019 00:00,5989.8,5974.08,-15.720000000000255,15.720000000000255,247.118400000008,0.2624461584694022,32.1,2.5,2896.6,3898.3,0.4262903059647677,82.2,1003.8
1097,11,knn,loso,Al Qunfudhah - TVTC,19.15197,41.08111,01-10-2019 00:00,5564.8,5688.24,123.4399999999996,123.4399999999996,15237.433599999902,2.2182288671650303,30.9,1.8,2124.4,4919.2,0.30160713271622464,77.3,1008.3
1098,11,knn,loso,Al Qunfudhah - TVTC,19.15197,41.08111,01-11-2019 00:00,4206.5,4333.68,127.18000000000029,127.18000000000029,16174.752400000074,3.0234161416854937,28.7,1.4,1795.2,3890.5,0.31573948678263014,80.4,1009.6
1099,11,knn,loso,Al Qunfudhah - TVTC,19.15197,41.08111,01-12-2019 00:00,4460.9,5074.360000000001,613.460000000001,613.460000000001,376333.17160000117,13.751933466340896,27.6,1.8,1773.5,4714.4,0.273355014719709,79.0,1011.6
1100,11,knn,loso,Al Qunfudhah - TVTC,19.15197,41.08111,01-01-2020 00:00,4132.0,4107.36,-24.640000000000327,24.640000000000327,607.1296000000161,0.5963213939980718,20.2,2.1,1493.0,4790.6,0.23760264816347315,62.9,1016.4
1101,11,knn,loso,Al Qunfudhah - TVTC,19.15197,41.08111,01-02-2020 00:00,5069.8,4497.999999999999,-571.8000000000011,571.8000000000011,326955.2400000013,11.278551422146851,26.2,1.6,2509.8,3741.1,0.4015101825337152,79.0,1012.7
1102,11,knn,loso,Al Qunfudhah - TVTC,19.15197,41.08111,01-03-2020 00:00,5969.4,5802.08,-167.3199999999997,167.3199999999997,27995.982399999903,2.802961771702344,27.1,1.2,2971.8,3975.4,0.4277694610778443,78.1,1009.3
1103,11,knn,loso,Al Qunfudhah - TVTC,19.15197,41.08111,01-04-2020 00:00,6822.3,6109.179999999999,-713.1200000000008,713.1200000000008,508540.13440000114,10.452779854301347,29.8,2.5,2477.4,5643.0,0.3050834934239693,74.4,1007.8
1104,11,knn,loso,Al Qunfudhah - TVTC,19.15197,41.08111,01-05-2020 00:00,6685.0,5987.76,-697.2399999999998,697.2399999999998,486143.6175999997,10.429917726252802,32.1,3.0,2890.0,4756.6,0.377945753668297,73.0,1006.0
1105,11,knn,loso,Al Qunfudhah - TVTC,19.15197,41.08111,01-10-2020 00:00,5807.6,5509.76,-297.84000000000015,297.84000000000015,88708.66560000008,5.128452372752947,30.6,2.3,1839.5,5788.0,0.24116683054736152,78.8,1007.5
1106,11,knn,loso,Al Qunfudhah - TVTC,19.15197,41.08111,01-11-2020 00:00,4494.5,4624.320000000001,129.82000000000062,129.82000000000062,16853.23240000016,2.888419178996565,29.2,2.3,1828.7,4301.2,0.29832460562162516,80.0,1010.2
1107,11,knn,loso,Al Qunfudhah - TVTC,19.15197,41.08111,01-12-2020 00:00,4492.0,4935.6,443.60000000000036,443.60000000000036,196780.9600000003,9.875333926981309,27.4,2.1,1638.6,5006.1,0.24660255542010923,82.9,1011.5
1108,11,knn,loso,Al Qunfudhah - TVTC,19.15197,41.08111,01-01-2021 00:00,4590.6,4768.5,177.89999999999964,177.89999999999964,31648.40999999987,3.8753104169389543,26.2,2.1,1968.1,4364.5,0.3107886176294097,83.6,1011.8
1109,11,knn,loso,Al Qunfudhah - TVTC,19.15197,41.08111,01-02-2021 00:00,5038.1,4754.8,-283.3000000000002,283.3000000000002,80258.8900000001,5.623151584922891,26.0,2.6,2207.1,4209.1,0.3439886537202705,79.0,1011.5
1110,11,knn,loso,Al Qunfudhah - TVTC,19.15197,41.08111,01-04-2021 00:00,6796.6,6267.5199999999995,-529.0800000000008,529.0800000000008,279925.6464000009,7.784480475531895,29.6,2.5,2874.2,4925.7,0.3684919037423557,72.7,1007.5
1111,11,knn,loso,Al Qunfudhah - TVTC,19.15197,41.08111,01-07-2021 00:00,5840.7,5078.0199999999995,-762.6800000000003,762.6800000000003,581680.7824000005,13.058023867002246,33.1,3.6,3441.2,2969.5,0.5367900541282543,74.3,1001.1
1112,11,knn,loso,Al Qunfudhah - TVTC,19.15197,41.08111,01-10-2021 00:00,5500.6,5468.0599999999995,-32.54000000000087,32.54000000000087,1058.8516000000568,0.5915718285278128,30.6,0.0,2343.9,4448.1,0.3450971731448763,86.1,1007.4
430,12,knn,loso,Al Uwayqilah,30.327166,42.253735,01-04-2021 00:00,6817.4,6795.08,-22.31999999999971,22.31999999999971,498.182399999987,0.32739754158476414,24.9,3.9,2497.5,6127.0,0.2895820047538988,19.4,963.8
431,12,knn,loso,Al Uwayqilah,30.327166,42.253735,01-10-2021 00:00,4938.5,5446.9,508.39999999999964,508.39999999999964,258470.55999999962,10.294623873645836,26.6,3.2,1705.0,5423.6,0.2391773980865808,22.2,963.8
432,12,knn,loso,Al Uwayqilah,30.327166,42.253735,01-11-2021 00:00,3868.8,4439.08,570.2799999999997,570.2799999999997,325219.2783999997,14.740488006617031,17.9,3.1,1358.3,4998.1,0.21369013907243092,37.7,967.4
433,12,knn,loso,Al Uwayqilah,30.327166,42.253735,01-12-2021 00:00,3175.3,3675.2400000000002,499.94000000000005,499.94000000000005,249940.00360000005,15.744654048436368,12.7,2.9,1420.0,3801.5,0.2719525040697118,47.4,968.6
1422,13,knn,loso,Al Wajh - TVTC,26.256,36.443,01-01-2017 00:00,4200.7,4255.339999999999,54.63999999999942,54.63999999999942,2985.529599999936,1.300735591687086,19.5,2.9,1323.6,5446.0,0.19552115339163317,47.2,1013.9
1423,13,knn,loso,Al Wajh - TVTC,26.256,36.443,01-02-2017 00:00,5057.4,4513.06,-544.3399999999992,544.3399999999992,296306.0355999992,10.763238027444919,19.3,3.0,1525.6,6045.2,0.20151106884345116,35.9,1014.3
1424,13,knn,loso,Al Wajh - TVTC,26.256,36.443,01-03-2017 00:00,5541.5,5998.360000000001,456.8600000000006,456.8600000000006,208721.05960000053,8.244338175584238,21.7,2.9,1725.0,5803.6,0.22912626517546422,52.4,1009.5
1425,13,knn,loso,Al Wajh - TVTC,26.256,36.443,01-11-2017 00:00,4630.7,4226.0199999999995,-404.6800000000003,404.6800000000003,163765.90240000022,8.739067527587627,24.2,2.6,1275.5,6355.6,0.16714497254655292,50.1,1011.1
1426,13,knn,loso,Al Wajh - TVTC,26.256,36.443,01-03-2018 00:00,6522.6,6744.339999999999,221.73999999999887,221.73999999999887,49168.6275999995,3.3995645908073295,24.1,2.7,1793.9,7248.1,0.19839637248396375,55.3,1009.5
1427,13,knn,loso,Al Wajh - TVTC,26.256,36.443,01-04-2018 00:00,7375.2,6928.040000000001,-447.15999999999894,447.15999999999894,199952.06559999907,6.063022019741823,25.3,2.7,2354.4,6860.2,0.25550756408308556,56.4,1007.2
1428,13,knn,loso,Al Wajh - TVTC,26.256,36.443,01-05-2018 00:00,7155.7,6680.62,-475.0799999999999,475.0799999999999,225701.00639999993,6.639182749416548,29.8,2.8,2985.8,5446.4,0.35409501672161475,48.4,1005.1
1429,13,knn,loso,Al Wajh - TVTC,26.256,36.443,01-06-2018 00:00,8075.8,7413.799999999998,-662.0000000000018,662.0000000000018,438244.0000000024,8.197330295450628,30.1,3.1,2297.0,7721.7,0.22927126273867865,58.8,1003.2
1430,13,knn,loso,Al Wajh - TVTC,26.256,36.443,01-01-2019 00:00,3929.6,3902.88,-26.7199999999998,26.7199999999998,713.9583999999893,0.6799674267100927,19.5,2.6,1595.7,4439.3,0.2644076222038111,49.8,1014.0
1431,13,knn,loso,Al Wajh - TVTC,26.256,36.443,01-02-2019 00:00,5101.3,4799.280000000001,-302.0199999999995,302.0199999999995,91216.08039999972,5.920451649579509,20.5,2.9,1733.3,5780.7,0.23067607133351078,43.8,1013.3
1432,13,knn,loso,Al Wajh - TVTC,26.256,36.443,01-03-2019 00:00,6392.0,6367.52,-24.479999999999563,24.479999999999563,599.2703999999786,0.3829787234042485,20.9,3.1,1869.6,6942.3,0.21216763694549415,44.3,1011.8
1433,13,knn,loso,Al Wajh - TVTC,26.256,36.443,01-07-2019 00:00,8071.9,7196.26,-875.6399999999994,875.6399999999994,766745.409599999,10.848003567933194,30.5,2.6,1699.1,8707.4,0.16327295440349782,65.1,1002.0
1434,13,knn,loso,Al Wajh - TVTC,26.256,36.443,01-08-2019 00:00,7581.2,6249.88,-1331.3199999999997,1331.3199999999997,1772412.9423999991,17.560808315306282,31.1,2.6,1678.4,8204.4,0.16983041243372327,65.5,1003.5
1435,13,knn,loso,Al Wajh - TVTC,26.256,36.443,01-11-2019 00:00,4649.9,4799.719999999999,149.8199999999997,149.8199999999997,22446.032399999913,3.2220047742962152,25.9,2.4,1294.0,6403.2,0.16811308008106846,47.3,1010.2
1436,13,knn,loso,Al Wajh - TVTC,26.256,36.443,01-02-2020 00:00,5416.4,5520.0,103.60000000000036,103.60000000000036,10732.960000000076,1.912709548777793,19.2,2.8,1261.4,7373.9,0.1460748323740924,49.1,1014.7
1437,13,knn,loso,Al Wajh - TVTC,26.256,36.443,01-04-2020 00:00,7491.1,7089.5199999999995,-401.58000000000084,401.58000000000084,161266.49640000067,5.360761436905139,23.9,2.9,2108.3,7510.5,0.21918534536532627,56.7,1008.6
1438,13,knn,loso,Al Wajh - TVTC,26.256,36.443,01-01-2021 00:00,4163.9,6316.879999999999,2152.9799999999996,2152.9799999999996,4635322.880399998,51.70585268618362,21.4,0.0,933.3,6264.0,0.12967362761035386,46.8,1013.6
1439,13,knn,loso,Al Wajh - TVTC,26.256,36.443,01-04-2021 00:00,7780.5,7254.160000000001,-526.3399999999992,526.3399999999992,277033.7955999992,6.764860870124018,25.0,0.0,2188.7,7759.7,0.22000522697117122,56.0,1008.7
1440,13,knn,loso,Al Wajh - TVTC,26.256,36.443,01-07-2021 00:00,8133.6,7254.159999999999,-879.4400000000014,879.4400000000014,773414.7136000025,10.812432379266271,30.3,0.0,2075.4,8229.8,0.2013934712572294,64.9,1001.1
675,14,knn,loso,Arar - TVTC,31.027395,40.906419,01-01-2017 00:00,3512.9,3827.46,314.55999999999995,314.55999999999995,98947.99359999997,8.954425118847674,8.1,2.8,1302.8,4734.2,0.21580255093589532,50.1,952.2
676,14,knn,loso,Arar - TVTC,31.027395,40.906419,01-02-2017 00:00,4507.6,4251.56,-256.03999999999996,256.03999999999996,65556.48159999998,5.680184577158575,9.0,3.4,1425.7,5677.6,0.2007095293736714,27.3,952.7
677,14,knn,loso,Arar - TVTC,31.027395,40.906419,01-03-2017 00:00,5568.1,5205.0,-363.10000000000036,363.10000000000036,131841.61000000028,6.521075411720341,16.2,4.1,2247.0,5276.1,0.2986800653985724,41.1,946.8
678,14,knn,loso,Arar - TVTC,31.027395,40.906419,01-04-2017 00:00,6069.7,6027.379999999999,-42.32000000000062,42.32000000000062,1790.9824000000524,0.6972338006820867,21.7,4.0,2775.9,4632.1,0.3747165226781858,26.0,947.9
679,14,knn,loso,Arar - TVTC,31.027395,40.906419,01-05-2017 00:00,7301.0,7339.62,38.61999999999989,38.61999999999989,1491.5043999999916,0.5289686344336377,28.4,4.1,2414.8,6512.4,0.2704991486692356,15.7,944.8
680,14,knn,loso,Arar - TVTC,31.027395,40.906419,01-11-2017 00:00,3901.3,4265.639999999999,364.33999999999924,364.33999999999924,132743.63559999946,9.338938302617056,16.7,3.3,1737.8,4327.1,0.286533990667612,40.2,950.5
681,14,knn,loso,Arar - TVTC,31.027395,40.906419,01-03-2018 00:00,6026.1,6599.44,573.3399999999992,573.3399999999992,328718.7555999991,9.51427955062145,20.6,3.6,2377.8,5717.1,0.29374050327984286,23.7,947.5
682,14,knn,loso,Arar - TVTC,31.027395,40.906419,01-04-2018 00:00,6818.8,6872.040000000001,53.24000000000069,53.24000000000069,2834.497600000074,0.7807825423828341,22.0,3.9,2498.6,6174.8,0.28807618696243686,27.2,945.0
683,14,knn,loso,Arar - TVTC,31.027395,40.906419,01-05-2018 00:00,7092.7,7297.9,205.19999999999982,205.19999999999982,42107.03999999993,2.893115456737206,27.3,4.3,2895.7,5711.9,0.3364120079929365,25.5,944.0
684,14,knn,loso,Arar - TVTC,31.027395,40.906419,01-06-2018 00:00,8380.7,8006.06,-374.6400000000003,374.6400000000003,140355.12960000025,4.470270979751098,32.0,4.5,2239.0,8282.5,0.21280235707836334,15.4,941.4
685,14,knn,loso,Arar - TVTC,31.027395,40.906419,01-07-2018 00:00,8347.3,7574.520000000001,-772.7799999999979,772.7799999999979,597188.9283999968,9.257843853701173,33.6,4.4,1892.3,8928.8,0.17487131622478308,15.0,939.0
686,14,knn,loso,Arar - TVTC,31.027395,40.906419,01-08-2018 00:00,7877.4,7467.8,-409.59999999999945,409.59999999999945,167772.15999999957,5.199685175311644,33.2,3.9,1359.3,9382.7,0.12654068143734873,17.0,940.1
687,14,knn,loso,Arar - TVTC,31.027395,40.906419,01-11-2018 00:00,3071.3,3317.5199999999995,246.21999999999935,246.21999999999935,60624.28839999968,8.01680070328523,14.7,2.6,1513.2,3155.0,0.3241506362195279,75.0,950.6
688,14,knn,loso,Arar - TVTC,31.027395,40.906419,01-12-2018 00:00,3390.0,4048.06,658.06,658.06,433042.9635999999,19.4117994100295,11.7,2.7,1226.3,4918.7,0.19956061838893407,66.5,951.8
689,14,knn,loso,Arar - TVTC,31.027395,40.906419,01-01-2019 00:00,3484.3,3792.4799999999996,308.1799999999994,308.1799999999994,94974.91239999962,8.84481818442727,9.2,3.7,1518.7,4083.5,0.2710899289564814,55.5,950.5
690,14,knn,loso,Arar - TVTC,31.027395,40.906419,01-02-2019 00:00,4767.2,3974.4799999999996,-792.7200000000003,792.7200000000003,628404.9984000004,16.62862896459138,11.2,3.2,1491.0,6024.6,0.19838735430304966,54.4,950.6
691,14,knn,loso,Arar - TVTC,31.027395,40.906419,01-03-2019 00:00,5977.9,6320.96,343.0600000000004,343.0600000000004,117690.16360000028,5.73880459693204,14.4,4.3,1759.4,6874.0,0.20378993212407628,38.3,947.3
692,14,knn,loso,Arar - TVTC,31.027395,40.906419,01-04-2019 00:00,6677.9,6540.719999999999,-137.1800000000003,137.1800000000003,18818.35240000008,2.054238607945616,19.4,3.8,2353.1,6130.7,0.27736391711261466,33.3,946.8
693,14,knn,loso,Arar - TVTC,31.027395,40.906419,01-05-2019 00:00,7228.4,7459.1,230.70000000000073,230.70000000000073,53222.49000000033,3.1915776658735093,29.5,4.1,2436.9,6413.1,0.27535593220338983,13.8,944.8
694,14,knn,loso,Arar - TVTC,31.027395,40.906419,01-06-2019 00:00,7792.8,7963.719999999999,170.91999999999916,170.91999999999916,29213.646399999714,2.1933066420285283,33.8,4.4,2142.5,7696.6,0.2177536563303554,13.0,941.8
695,14,knn,loso,Arar - TVTC,31.027395,40.906419,01-07-2019 00:00,8295.1,7757.339999999999,-537.7600000000011,537.7600000000011,289185.81760000123,6.48286337717449,33.9,4.0,1512.2,9517.0,0.1371087658216371,13.0,939.1
696,14,knn,loso,Arar - TVTC,31.027395,40.906419,01-08-2019 00:00,7449.2,7542.18,92.98000000000047,92.98000000000047,8645.280400000089,1.2481877248563669,34.2,4.6,1847.9,7884.0,0.18988070161016865,14.7,939.9
697,14,knn,loso,Arar - TVTC,31.027395,40.906419,01-09-2019 00:00,6579.7,6342.94,-236.76000000000022,236.76000000000022,56055.2976000001,3.5983403498639785,31.8,3.5,1730.1,7316.8,0.19123677723861213,16.0,943.2
698,14,knn,loso,Arar - TVTC,31.027395,40.906419,01-10-2019 00:00,4677.5,4716.38,38.88000000000011,38.88000000000011,1511.6544000000085,0.8312132549438825,25.9,3.3,1919.6,4585.6,0.2950870073172231,33.3,947.2
699,14,knn,loso,Arar - TVTC,31.027395,40.906419,01-11-2019 00:00,3861.5,3981.4799999999996,119.97999999999956,119.97999999999956,14395.200399999896,3.107082739867916,16.3,3.3,1386.6,5025.0,0.21626427100879653,42.8,950.9
700,14,knn,loso,Arar - TVTC,31.027395,40.906419,01-12-2019 00:00,3586.5,3865.5199999999995,279.0199999999995,279.0199999999995,77852.16039999973,7.77972954133555,11.3,2.7,1018.9,5810.8,0.14918664070164137,52.7,950.5
701,14,knn,loso,Arar - TVTC,31.027395,40.906419,01-12-2020 00:00,3033.7,3515.3,481.60000000000036,481.60000000000036,231938.56000000035,15.875004120381067,11.1,2.2,1135.5,4234.8,0.21144070163678005,60.2,952.3
702,14,knn,loso,Arar - TVTC,31.027395,40.906419,01-01-2021 00:00,3818.0,4123.18,305.1800000000003,305.1800000000003,93134.83240000017,7.993190151912004,10.3,2.6,1205.0,5599.4,0.17709129386867323,45.0,952.5
703,14,knn,loso,Arar - TVTC,31.027395,40.906419,01-02-2021 00:00,4494.1,4907.58,413.47999999999956,413.47999999999956,170965.71039999963,9.200507331835063,12.8,4.0,1431.8,5623.1,0.2029511403421735,47.6,950.9
704,14,knn,loso,Arar - TVTC,31.027395,40.906419,01-03-2021 00:00,6031.2,6239.92,208.72000000000025,208.72000000000025,43564.03840000011,3.460671176548618,17.6,3.9,2035.0,6328.9,0.24330754791425055,26.8,947.7
705,14,knn,loso,Arar - TVTC,31.027395,40.906419,01-04-2021 00:00,7221.9,7052.6,-169.29999999999927,169.29999999999927,28662.489999999754,2.3442584361456027,23.8,3.5,2373.1,6738.1,0.26045965405215554,16.2,947.8
706,14,knn,loso,Arar - TVTC,31.027395,40.906419,01-05-2021 00:00,7981.5,7470.780000000001,-510.71999999999935,510.71999999999935,260834.91839999933,6.398797218567929,30.2,3.8,2280.7,7801.8,0.22620381849739646,11.4,943.1
707,14,knn,loso,Arar - TVTC,31.027395,40.906419,01-07-2021 00:00,8315.8,7507.88,-807.9199999999992,807.9199999999992,652734.7263999986,9.71548137280838,35.7,4.1,1694.9,9161.6,0.15611845438216737,12.6,938.1
708,14,knn,loso,Arar - TVTC,31.027395,40.906419,01-09-2021 00:00,6632.8,6780.9400000000005,148.14000000000033,148.14000000000033,21945.459600000097,2.233445905198413,30.3,2.6,1476.5,7933.3,0.15691088014623053,17.3,943.7
709,14,knn,loso,Arar - TVTC,31.027395,40.906419,01-10-2021 00:00,5192.8,5577.5,384.6999999999998,384.6999999999998,147994.08999999985,7.408334617162221,25.3,2.5,1552.1,6211.4,0.19992271527017452,19.4,947.9
710,14,knn,loso,Arar - TVTC,31.027395,40.906419,01-11-2021 00:00,3895.1,4051.7799999999997,156.67999999999984,156.67999999999984,24548.62239999995,4.0224897948704745,17.2,1.7,1242.6,5412.9,0.1867027270678386,35.3,950.9
711,14,knn,loso,Arar - TVTC,31.027395,40.906419,01-12-2021 00:00,3266.2,3874.12,607.9200000000001,607.9200000000001,369566.7264000001,18.61245484048742,11.6,2.3,1379.0,4174.4,0.2483163467425361,43.8,951.7
234,15,knn,loso,Dammam - IAFU,26.394974,50.188715,01-01-2017 00:00,3406.4,3703.8599999999997,297.4599999999996,297.4599999999996,88482.45159999975,8.73238609675903,16.9,3.1,1650.3,3329.7,0.33138554216867466,61.2,1016.7
235,15,knn,loso,Dammam - IAFU,26.394974,50.188715,01-02-2017 00:00,3697.9,3857.78,159.8800000000001,159.8800000000001,25561.614400000035,4.323534979312585,15.3,3.1,1811.4,3093.4,0.3693116946664492,59.1,1017.7
236,15,knn,loso,Dammam - IAFU,26.394974,50.188715,01-03-2017 00:00,4194.0,4608.58,414.5799999999999,414.5799999999999,171876.57639999993,9.885073915116832,20.5,2.8,2367.4,2678.7,0.4691543964645964,61.7,1012.0
237,15,knn,loso,Dammam - IAFU,26.394974,50.188715,01-04-2017 00:00,6012.5,6325.38,312.8800000000001,312.8800000000001,97893.89440000006,5.2038253638253655,26.9,3.3,2837.3,4293.9,0.39787132600403863,43.3,1009.4
238,15,knn,loso,Dammam - IAFU,26.394974,50.188715,01-05-2017 00:00,5818.6,6392.96,574.3599999999997,574.3599999999997,329889.4095999996,9.87110301447083,32.3,3.6,2971.0,3669.4,0.44741280645744236,34.6,1004.7
239,15,knn,loso,Dammam - IAFU,26.394974,50.188715,01-09-2017 00:00,6432.2,5399.360000000001,-1032.8399999999992,1032.8399999999992,1066758.4655999984,16.057336525605535,33.6,2.2,2215.5,5997.2,0.26976511987531504,54.6,1003.5
240,15,knn,loso,Dammam - IAFU,26.394974,50.188715,01-11-2017 00:00,4137.7,4029.0,-108.69999999999982,108.69999999999982,11815.68999999996,2.6270633443700566,24.5,2.6,1651.3,4544.7,0.26651065203357005,51.5,1014.5
241,15,knn,loso,Dammam - IAFU,26.394974,50.188715,01-03-2018 00:00,6251.9,5436.62,-815.2799999999997,815.2799999999997,664681.4783999996,13.040515683232293,23.8,2.7,2315.9,5841.9,0.2838878128907304,44.6,1011.7
242,15,knn,loso,Dammam - IAFU,26.394974,50.188715,01-04-2018 00:00,5642.3,5744.18,101.88000000000011,101.88000000000011,10379.534400000022,1.8056466334650783,25.9,3.1,3132.6,3279.8,0.4885222381635581,47.7,1008.5
243,15,knn,loso,Dammam - IAFU,26.394974,50.188715,01-05-2018 00:00,6885.3,6458.4,-426.90000000000055,426.90000000000055,182243.61000000045,6.200165570127671,30.9,2.6,3409.9,4513.0,0.430385338701738,38.7,1005.3
244,15,knn,loso,Dammam - IAFU,26.394974,50.188715,01-06-2018 00:00,7999.6,6887.58,-1112.0200000000004,1112.0200000000004,1236588.480400001,13.900945047252367,35.7,3.7,2649.2,6889.6,0.27772885478257225,30.4,998.2
245,15,knn,loso,Dammam - IAFU,26.394974,50.188715,01-07-2018 00:00,7608.6,7110.339999999999,-498.2600000000011,498.2600000000011,248263.02760000114,6.5486423257892525,36.1,3.3,2855.1,6132.0,0.31768868711820275,33.1,994.8
246,15,knn,loso,Dammam - IAFU,26.394974,50.188715,01-08-2018 00:00,7271.1,6619.12,-651.9800000000005,651.9800000000005,425077.92040000064,8.966731306129752,35.5,1.0,2406.7,6500.8,0.2701880437833286,36.3,997.1
247,15,knn,loso,Dammam - IAFU,26.394974,50.188715,01-10-2018 00:00,5034.3,5052.539999999999,18.239999999998872,18.239999999998872,332.69759999995887,0.3623145223764748,29.6,0.0,2182.0,4403.9,0.33131386750482095,54.9,1011.3
248,15,knn,loso,Dammam - IAFU,26.394974,50.188715,01-01-2019 00:00,3912.7,5702.92,1790.2200000000003,1790.2200000000003,3204887.6484000008,45.754082858384244,18.2,0.0,3909.6,5.1,0.9986972181776381,56.8,1017.6
249,15,knn,loso,Dammam - IAFU,26.394974,50.188715,01-02-2019 00:00,4356.1,5783.160000000001,1427.0600000000004,1427.0600000000004,2036500.243600001,32.76003764835519,17.7,0.0,3558.3,817.9,0.8131026918330972,60.1,1016.2
250,15,knn,loso,Dammam - IAFU,26.394974,50.188715,01-03-2019 00:00,5804.1,5875.0,70.89999999999964,70.89999999999964,5026.809999999949,1.2215502834203344,19.7,0.0,2153.9,5480.2,0.28214196827392884,53.2,1013.0
251,15,knn,loso,Dammam - IAFU,26.394974,50.188715,01-07-2019 00:00,7556.3,7135.08,-421.22000000000025,421.22000000000025,177426.28840000022,5.574421343779366,36.0,0.0,2343.0,6820.9,0.2556771680179836,32.5,995.5
252,15,knn,loso,Dammam - IAFU,26.394974,50.188715,01-08-2019 00:00,7217.5,7135.08,-82.42000000000007,82.42000000000007,6793.056400000012,1.141946657429859,35.6,0.0,2399.2,6436.4,0.2715378695278193,40.0,997.4
253,15,knn,loso,Dammam - IAFU,26.394974,50.188715,01-11-2019 00:00,4036.0,3844.9799999999996,-191.02000000000044,191.02000000000044,36488.640400000164,4.732903865213093,23.9,0.0,1681.9,4326.4,0.2799294309538472,50.4,1014.6
254,15,knn,loso,Dammam - IAFU,26.394974,50.188715,01-11-2020 00:00,4243.7,4198.099999999999,-45.600000000000364,45.600000000000364,2079.3600000000333,1.0745340151283165,24.9,2.6,1467.4,5083.5,0.22399975575875072,56.0,1014.7
255,15,knn,loso,Dammam - IAFU,26.394974,50.188715,01-01-2021 00:00,4204.4,4052.3199999999997,-152.07999999999993,152.07999999999993,23128.326399999976,3.6171629721244396,17.6,2.9,1527.5,5119.4,0.22980637590455702,54.6,1018.0
256,15,knn,loso,Dammam - IAFU,26.394974,50.188715,01-04-2021 00:00,6972.2,6681.719999999999,-290.4800000000005,290.4800000000005,84378.63040000027,4.1662602908694595,27.3,3.1,2608.9,5894.7,0.3067994731643069,36.0,1009.2
257,15,knn,loso,Dammam - IAFU,26.394974,50.188715,01-07-2021 00:00,7612.0,6955.1,-656.8999999999996,656.8999999999996,431517.6099999995,8.629795060430894,36.5,2.7,2515.5,6682.8,0.2734744463650892,41.1,995.7
1113,16,knn,loso,Duba - TVTC,27.34103,35.72295,01-01-2017 00:00,4044.4,4317.959999999999,273.55999999999904,273.55999999999904,74835.07359999948,6.763920482642642,20.1,2.3,1299.0,5473.0,0.19181925575900768,40.8,1013.4
1114,16,knn,loso,Duba - TVTC,27.34103,35.72295,01-02-2017 00:00,5226.7,4927.12,-299.5799999999999,299.5799999999999,89748.17639999995,5.731723649721621,19.9,2.5,1447.2,6666.4,0.17836718595937687,33.5,1014.0
1115,16,knn,loso,Duba - TVTC,27.34103,35.72295,01-03-2017 00:00,6089.8,5586.58,-503.22000000000025,503.22000000000025,253230.36840000027,8.263325560773756,22.7,2.3,1688.2,6797.4,0.19894880739134532,45.1,1008.9
1116,16,knn,loso,Duba - TVTC,27.34103,35.72295,01-04-2017 00:00,6394.9,6661.539999999999,266.6399999999994,266.6399999999994,71096.88959999969,4.169572628188078,27.3,2.7,2330.9,5691.7,0.2905417196420113,43.0,1007.8
1117,16,knn,loso,Duba - TVTC,27.34103,35.72295,01-05-2017 00:00,7236.6,7337.18,100.57999999999993,100.57999999999993,10116.336399999986,1.3898792250504368,30.0,2.3,1884.1,7278.6,0.20562716229932224,46.8,1006.3
1118,16,knn,loso,Duba - TVTC,27.34103,35.72295,01-06-2017 00:00,7382.0,6636.339999999999,-745.6600000000008,745.6600000000008,556008.8356000012,10.101056624221089,32.8,2.8,1497.4,8077.4,0.1563896896018716,42.2,1002.4
1119,16,knn,loso,Duba - TVTC,27.34103,35.72295,01-09-2017 00:00,6391.5,6084.160000000001,-307.33999999999924,307.33999999999924,94457.87559999953,4.808573887193917,31.5,2.2,1794.8,6679.9,0.21178330796370376,54.7,1004.5
1120,16,knn,loso,Duba - TVTC,27.34103,35.72295,01-10-2017 00:00,5606.5,5285.5,-321.0,321.0,103041.0,5.725497190760724,27.8,2.2,1066.2,7652.5,0.12228887334120912,52.5,1008.1
1121,16,knn,loso,Duba - TVTC,27.34103,35.72295,01-11-2017 00:00,4452.6,4351.04,-101.5600000000004,101.5600000000004,10314.433600000082,2.28091452185241,24.9,2.3,1155.1,6349.7,0.15391482784351349,45.2,1010.5
1122,16,knn,loso,Duba - TVTC,27.34103,35.72295,01-03-2018 00:00,6387.1,6137.14,-249.96000000000004,249.96000000000004,62480.00160000002,3.9135131749933465,25.3,2.2,1788.4,7121.2,0.20072730537846817,42.9,1008.7
1123,16,knn,loso,Duba - TVTC,27.34103,35.72295,01-04-2018 00:00,7102.2,6856.140000000001,-246.05999999999858,246.05999999999858,60545.5235999993,3.4645602770972173,26.3,2.3,2444.0,6393.4,0.2765519270373639,46.3,1006.2
1124,16,knn,loso,Duba - TVTC,27.34103,35.72295,01-05-2018 00:00,7201.6,7122.719999999999,-78.88000000000102,78.88000000000102,6222.054400000161,1.0953121528549352,31.4,2.6,2961.0,5579.1,0.34671725155443145,38.2,1004.4
1125,16,knn,loso,Duba - TVTC,27.34103,35.72295,01-06-2018 00:00,7884.4,7485.379999999999,-399.02000000000044,399.02000000000044,159216.96040000036,5.060879711836037,32.3,2.5,2185.4,7673.3,0.22167222858997637,44.0,1002.5
1126,16,knn,loso,Duba - TVTC,27.34103,35.72295,01-07-2018 00:00,7742.1,7228.460000000001,-513.6399999999994,513.6399999999994,263826.0495999994,6.634375686183327,31.2,2.0,1849.7,8097.8,0.18594621764262378,56.6,1001.7
1127,16,knn,loso,Duba - TVTC,27.34103,35.72295,01-08-2018 00:00,7342.3,6527.679999999999,-814.6200000000008,814.6200000000008,663605.7444000012,11.094888522670018,31.7,2.1,1394.7,8415.6,0.14216690621081923,61.0,1001.8
1128,16,knn,loso,Duba - TVTC,27.34103,35.72295,01-09-2018 00:00,6162.5,6913.82,751.3199999999997,751.3199999999997,564481.7423999995,12.191805273833667,31.8,2.4,2329.6,5452.0,0.2993728796134471,54.2,1003.9
1129,16,knn,loso,Duba - TVTC,27.34103,35.72295,01-10-2018 00:00,5367.0,5061.5,-305.5,305.5,93330.25,5.692193031488727,29.1,2.3,1544.3,6273.1,0.1975464988359301,49.0,1008.4
1130,16,knn,loso,Duba - TVTC,27.34103,35.72295,01-11-2018 00:00,4328.8,4240.4,-88.40000000000055,88.40000000000055,7814.560000000097,2.0421363888375654,24.8,2.1,1158.7,6127.4,0.1590288357283046,45.5,1010.5
1131,16,knn,loso,Duba - TVTC,27.34103,35.72295,01-12-2018 00:00,3974.1,4146.48,172.37999999999965,172.37999999999965,29714.864399999882,4.33758586849852,21.0,2.3,1126.7,6047.5,0.15704886956036912,43.5,1013.6
1132,16,knn,loso,Duba - TVTC,27.34103,35.72295,01-01-2019 00:00,3792.0,4066.1,274.0999999999999,274.0999999999999,75130.80999999995,7.228375527426158,19.0,2.2,1550.7,4377.5,0.2615802435815256,47.4,1013.3
1133,16,knn,loso,Duba - TVTC,27.34103,35.72295,01-02-2019 00:00,4931.3,5271.0,339.6999999999998,339.6999999999998,115396.08999999988,6.888650051710499,20.3,2.5,1629.7,5832.3,0.2183998927901367,40.4,1012.6
1134,16,knn,loso,Duba - TVTC,27.34103,35.72295,01-03-2019 00:00,6290.2,6258.34,-31.859999999999673,31.859999999999673,1015.0595999999791,0.5065021779911557,20.8,2.6,1821.7,7042.0,0.2055236526506989,41.5,1011.0
1135,16,knn,loso,Duba - TVTC,27.34103,35.72295,01-04-2019 00:00,7047.2,5737.46,-1309.7399999999998,1309.7399999999998,1715418.8675999995,18.58525371778862,24.7,2.6,2103.9,6972.8,0.2317912897859354,39.1,1008.3
1136,16,knn,loso,Duba - TVTC,27.34103,35.72295,01-05-2019 00:00,7601.9,6925.0199999999995,-676.8800000000001,676.8800000000001,458166.5344000001,8.904089767031929,29.9,2.2,2119.4,7435.5,0.22181289181467104,42.9,1005.3
1137,16,knn,loso,Duba - TVTC,27.34103,35.72295,01-06-2019 00:00,7745.1,7323.220000000001,-421.8799999999992,421.8799999999992,177982.73439999932,5.447056848846357,32.3,2.1,1959.9,7861.7,0.19954997149140669,46.5,1003.4
1138,16,knn,loso,Duba - TVTC,27.34103,35.72295,01-07-2019 00:00,7879.6,6801.479999999999,-1078.1200000000017,1078.1200000000017,1162342.7344000037,13.682420427432888,31.8,2.2,1560.2,8718.2,0.1517940535491905,53.4,1000.9
1139,16,knn,loso,Duba - TVTC,27.34103,35.72295,01-08-2019 00:00,7363.8,6527.68,-836.1199999999999,836.1199999999999,699096.6543999998,11.354463727966538,31.6,1.9,1440.5,8349.2,0.14714444773588567,59.2,1002.6
1140,16,knn,loso,Duba - TVTC,27.34103,35.72295,01-09-2019 00:00,6733.8,5727.700000000001,-1006.0999999999995,1006.0999999999995,1012237.2099999989,14.941043690041274,30.7,1.8,1607.9,7569.2,0.17520785433306818,56.5,1003.5
1141,16,knn,loso,Duba - TVTC,27.34103,35.72295,01-10-2019 00:00,5376.6,4670.139999999999,-706.460000000001,706.460000000001,499085.73160000134,13.139530558345438,30.1,1.9,1709.8,6070.2,0.21976863753213366,47.0,1007.3
1142,16,knn,loso,Duba - TVTC,27.34103,35.72295,01-11-2019 00:00,4825.1,4351.039999999999,-474.0600000000013,474.0600000000013,224732.88360000125,9.824874095873687,26.0,2.1,1253.5,6988.9,0.15207949141026886,42.5,1009.5
1143,16,knn,loso,Duba - TVTC,27.34103,35.72295,01-12-2019 00:00,4586.9,4801.219999999999,214.3199999999997,214.3199999999997,45933.06239999988,4.672436721969079,21.1,2.4,960.2,7830.2,0.10923279941754642,40.6,1013.0
1144,16,knn,loso,Duba - TVTC,27.34103,35.72295,01-01-2020 00:00,4702.0,4706.320000000001,4.3200000000006185,4.3200000000006185,18.662400000005345,0.09187579753297785,17.7,2.4,1041.6,7589.1,0.12068546004379713,43.4,1015.7
1145,16,knn,loso,Duba - TVTC,27.34103,35.72295,01-02-2020 00:00,5603.1,4974.639999999999,-628.460000000001,628.460000000001,394961.9716000012,11.21629098177796,19.1,2.2,1084.3,8304.3,0.11549112753765206,45.8,1013.8
1146,16,knn,loso,Duba - TVTC,27.34103,35.72295,01-03-2020 00:00,6184.2,6068.5199999999995,-115.68000000000029,115.68000000000029,13381.862400000067,1.87057339672068,22.0,2.4,1922.0,6556.7,0.22668569474093905,43.7,1009.1
1147,16,knn,loso,Duba - TVTC,27.34103,35.72295,01-04-2020 00:00,7341.8,7161.4,-180.40000000000055,180.40000000000055,32544.160000000196,2.457163093519308,24.3,2.2,2114.0,7323.4,0.22400237353508382,49.0,1007.5
1148,16,knn,loso,Duba - TVTC,27.34103,35.72295,01-05-2020 00:00,7401.7,6734.719999999999,-666.9800000000005,666.9800000000005,444862.3204000006,9.0111731088804,29.2,2.3,2208.2,7030.1,0.23902666074927206,42.9,1006.1
1149,16,knn,loso,Duba - TVTC,27.34103,35.72295,01-09-2020 00:00,6361.4,6001.1,-360.2999999999993,360.2999999999993,129816.08999999947,5.663847580721214,34.2,2.2,1908.9,6454.4,0.22824722298614186,45.7,1003.0
1150,16,knn,loso,Duba - TVTC,27.34103,35.72295,01-10-2020 00:00,5646.5,5620.7,-25.800000000000182,25.800000000000182,665.6400000000094,0.4569202160630511,31.0,1.8,1375.3,7169.2,0.1609573409795775,39.5,1007.7
1151,16,knn,loso,Duba - TVTC,27.34103,35.72295,01-11-2020 00:00,4804.9,5111.340000000001,306.4400000000014,306.4400000000014,93905.47360000087,6.3776561426877025,25.1,2.1,1022.6,7449.3,0.12070491861329809,44.9,1010.8
1152,16,knn,loso,Duba - TVTC,27.34103,35.72295,01-12-2020 00:00,4169.9,4549.76,379.8600000000006,379.8600000000006,144293.61960000044,9.109570972925026,22.7,2.3,1237.4,6179.5,0.16683520069031538,42.6,1012.4
1153,16,knn,loso,Duba - TVTC,27.34103,35.72295,01-01-2021 00:00,4525.7,4835.76,310.0600000000004,310.0600000000004,96137.20360000026,6.8510948582539815,21.7,2.4,1299.2,6481.0,0.16698799516721935,42.0,1013.1
1154,16,knn,loso,Duba - TVTC,27.34103,35.72295,01-02-2021 00:00,5247.7,4849.4,-398.3000000000002,398.3000000000002,158642.89000000013,7.589991805934032,21.4,2.6,1311.2,7016.4,0.15745232720111438,41.2,1012.5
1155,16,knn,loso,Duba - TVTC,27.34103,35.72295,01-03-2021 00:00,6446.8,6770.6,323.8000000000002,323.8000000000002,104846.44000000012,5.022646894583362,23.4,2.5,1948.5,6919.7,0.21971764281364875,42.3,1009.6
1156,16,knn,loso,Duba - TVTC,27.34103,35.72295,01-04-2021 00:00,7415.4,7337.18,-78.21999999999935,78.21999999999935,6118.3683999998975,1.0548318364484632,26.9,2.4,2056.9,7514.4,0.21490288675519525,39.1,1008.2
1157,16,knn,loso,Duba - TVTC,27.34103,35.72295,01-05-2021 00:00,7911.0,6925.0199999999995,-985.9800000000005,985.9800000000005,972156.5604000009,12.463405384907098,31.7,2.6,1888.0,8243.7,0.18634582547844883,40.0,1004.5
1158,16,knn,loso,Duba - TVTC,27.34103,35.72295,01-07-2021 00:00,7761.3,6555.38,-1205.92,1205.92,1454243.0464,15.537603236571194,32.2,2.3,1646.0,8452.1,0.16300096057674215,51.6,1000.2
1159,16,knn,loso,Duba - TVTC,27.34103,35.72295,01-08-2021 00:00,7187.6,6357.56,-830.04,830.04,688966.4016,11.548221937781735,32.9,2.1,1773.1,7564.6,0.18988616040352546,54.4,1001.4
1160,16,knn,loso,Duba - TVTC,27.34103,35.72295,01-09-2021 00:00,6412.8,6239.9,-172.90000000000055,172.90000000000055,29894.41000000019,2.696170159680647,31.6,2.6,1661.4,7003.2,0.19174572398033377,51.6,1003.5
1161,16,knn,loso,Duba - TVTC,27.34103,35.72295,01-10-2021 00:00,5379.8,4849.28,-530.5200000000004,530.5200000000004,281451.47040000046,9.86133313506079,28.6,2.1,1384.0,6668.9,0.1718635522606763,52.6,1007.7
1162,16,knn,loso,Duba - TVTC,27.34103,35.72295,01-11-2021 00:00,4362.8,4516.92,154.1199999999999,154.1199999999999,23752.974399999966,3.532593747134865,25.9,2.0,1130.9,6184.3,0.1545959098862642,43.7,1010.3
1163,16,knn,loso,Duba - TVTC,27.34103,35.72295,01-12-2021 00:00,3703.4,4009.5,306.0999999999999,306.0999999999999,93697.20999999995,8.265377760976397,21.3,2.0,1345.8,4909.8,0.21513523882601188,42.1,1012.8
475,17,knn,loso,Farasan - SWCC,16.692097,42.098767,01-01-2017 00:00,4822.5,4930.08,107.57999999999993,107.57999999999993,11573.456399999985,2.230793157076204,26.9,3.1,1908.0,4814.5,0.28382298252138344,77.1,1012.4
476,17,knn,loso,Farasan - SWCC,16.692097,42.098767,01-02-2017 00:00,4637.0,5226.9800000000005,589.9800000000005,589.9800000000005,348076.40040000057,12.723312486521468,27.0,3.8,2883.1,2564.2,0.5292713821526261,75.2,1011.6
477,17,knn,loso,Farasan - SWCC,16.692097,42.098767,01-04-2017 00:00,6131.4,5829.76,-301.6399999999994,301.6399999999994,90986.68959999965,4.919594219917139,30.4,3.5,2685.1,4453.1,0.37615925583480425,71.8,1007.2
478,17,knn,loso,Farasan - SWCC,16.692097,42.098767,01-05-2017 00:00,6306.4,6241.780000000001,-64.61999999999898,64.61999999999898,4175.744399999869,1.0246733477102465,32.6,3.2,2936.2,4173.1,0.41300831305473107,71.0,1005.7
479,17,knn,loso,Farasan - SWCC,16.692097,42.098767,01-06-2017 00:00,6265.1,6236.9,-28.200000000000728,28.200000000000728,795.240000000041,0.4501125281320446,33.6,3.5,3288.5,3596.8,0.4776117235269342,69.4,1001.8
480,17,knn,loso,Farasan - SWCC,16.692097,42.098767,01-03-2018 00:00,6545.1,6090.819999999999,-454.28000000000156,454.28000000000156,206370.31840000142,6.940764846984791,28.1,3.4,2369.4,5679.6,0.2943719716734998,73.7,1008.6
481,17,knn,loso,Farasan - SWCC,16.692097,42.098767,01-04-2018 00:00,6577.0,6425.18,-151.8199999999997,151.8199999999997,23049.31239999991,2.30834727079215,30.6,3.5,2690.8,5046.4,0.34777438866773513,72.6,1006.2
482,17,knn,loso,Farasan - SWCC,16.692097,42.098767,01-05-2018 00:00,6800.7,6409.9400000000005,-390.7599999999993,390.7599999999993,152693.37759999945,5.745879100680802,32.3,3.6,3095.0,4629.2,0.4006887444654463,70.4,1004.2
483,17,knn,loso,Farasan - SWCC,16.692097,42.098767,01-06-2018 00:00,6138.8,5995.280000000001,-143.51999999999953,143.51999999999953,20597.990399999864,2.3379162051215143,33.8,1.1,3848.0,2741.4,0.5839681913376028,65.6,1001.7
484,17,knn,loso,Farasan - SWCC,16.692097,42.098767,01-07-2018 00:00,6003.1,5534.32,-468.78000000000065,468.78000000000065,219754.68840000062,7.808965367893266,34.4,0.0,3812.7,2586.4,0.5958181619290213,60.8,1001.8
485,17,knn,loso,Farasan - SWCC,16.692097,42.098767,01-08-2018 00:00,5969.5,5756.5,-213.0,213.0,45369.0,3.5681380350113074,34.1,0.0,3396.6,3092.8,0.5234074028415571,64.3,1002.3
486,17,knn,loso,Farasan - SWCC,16.692097,42.098767,01-09-2018 00:00,5995.6,5780.0,-215.60000000000036,215.60000000000036,46483.36000000015,3.5959703782774093,33.5,0.0,2910.5,3904.2,0.4270914346926497,71.6,1004.4
487,17,knn,loso,Farasan - SWCC,16.692097,42.098767,01-01-2019 00:00,4754.0,5963.38,1209.38,1209.38,1462599.9844000002,25.439209087084564,26.6,0.0,2404.7,3782.8,0.3886383838383838,78.6,1012.6
488,17,knn,loso,Farasan - SWCC,16.692097,42.098767,01-02-2019 00:00,5113.6,4677.4800000000005,-436.1199999999999,436.1199999999999,190200.6543999999,8.52862953692115,27.0,0.0,2633.7,3600.6,0.4224532024445407,77.0,1011.2
489,17,knn,loso,Farasan - SWCC,16.692097,42.098767,01-03-2019 00:00,5900.8,5116.44,-784.3600000000006,784.3600000000006,615220.6096000009,13.292434924078101,27.7,0.0,2817.3,4176.4,0.402833979152666,73.1,1009.7
490,17,knn,loso,Farasan - SWCC,16.692097,42.098767,01-08-2019 00:00,5428.8,5837.24,408.4399999999996,408.4399999999996,166823.2335999997,7.52357795461243,33.2,0.0,3152.4,2806.4,0.5290326911458683,71.9,1003.2
491,17,knn,loso,Farasan - SWCC,16.692097,42.098767,01-10-2019 00:00,5322.0,5424.68,102.68000000000029,102.68000000000029,10543.18240000006,1.9293498684705053,31.6,0.0,2084.0,4717.2,0.3064165147326942,71.0,1007.7
492,17,knn,loso,Farasan - SWCC,16.692097,42.098767,01-11-2019 00:00,4776.9,5364.4,587.5,587.5,345156.25,12.298771169586972,29.9,0.0,1984.7,4517.0,0.3052586246673947,74.1,1008.9
493,17,knn,loso,Farasan - SWCC,16.692097,42.098767,01-12-2019 00:00,4425.7,5066.42,640.7200000000003,640.7200000000003,410522.1184000003,14.477257834918777,27.9,0.0,2029.3,4060.3,0.3332402785076195,78.6,1011.0
494,17,knn,loso,Farasan - SWCC,16.692097,42.098767,01-01-2020 00:00,4308.7,4121.8,-186.89999999999964,186.89999999999964,34931.60999999986,4.337735279782757,26.7,0.6,2129.0,3638.2,0.36915660979331394,72.3,1013.0
495,17,knn,loso,Farasan - SWCC,16.692097,42.098767,01-02-2020 00:00,4715.1,5110.7,395.59999999999945,395.59999999999945,156499.35999999958,8.39006595830416,26.8,3.6,2773.8,2876.3,0.4909293640820516,77.2,1012.1
496,17,knn,loso,Farasan - SWCC,16.692097,42.098767,01-03-2020 00:00,5697.6,6379.160000000001,681.5600000000004,681.5600000000004,464524.03360000055,11.962229710755413,28.0,3.6,4136.7,2097.6,0.6635388094894376,76.8,1008.7
497,17,knn,loso,Farasan - SWCC,16.692097,42.098767,01-04-2020 00:00,6395.2,5746.5599999999995,-648.6400000000003,648.6400000000003,420733.8496000004,10.142606955216419,30.3,3.4,6394.6,0.9,0.9998592760534751,74.9,1007.3
498,17,knn,loso,Farasan - SWCC,16.692097,42.098767,01-05-2020 00:00,6369.6,5781.58,-588.0200000000004,588.0200000000004,345767.5204000005,9.231662898769159,33.1,3.5,6369.4,0.3,0.9999529020205032,69.1,1005.5
499,17,knn,loso,Farasan - SWCC,16.692097,42.098767,01-09-2020 00:00,5849.7,6041.199999999999,191.4999999999991,191.4999999999991,36672.24999999965,3.2736721541275466,33.2,3.0,2483.6,4366.3,0.3625746361260748,73.9,1003.1
500,17,knn,loso,Farasan - SWCC,16.692097,42.098767,01-10-2020 00:00,5608.0,5368.54,-239.46000000000004,239.46000000000004,57341.091600000014,4.26997146932953,31.8,3.0,1654.5,5751.2,0.2234089957735258,69.5,1007.3
501,17,knn,loso,Farasan - SWCC,16.692097,42.098767,01-11-2020 00:00,4516.0,4832.9800000000005,316.9800000000005,316.9800000000005,100476.3204000003,7.019043401240046,29.4,3.4,1890.4,4170.0,0.3119266055045872,74.2,1010.2
502,17,knn,loso,Farasan - SWCC,16.692097,42.098767,01-12-2020 00:00,4354.0,5146.6,792.6000000000004,792.6000000000004,628214.7600000006,18.203950390445574,27.8,3.5,1916.8,4141.7,0.31638194272509695,77.8,1011.4
503,17,knn,loso,Farasan - SWCC,16.692097,42.098767,01-01-2021 00:00,4412.1,5166.04,753.9399999999996,753.9399999999996,568425.5235999994,17.088007978060325,26.3,3.6,2203.7,3635.5,0.3773975887107823,78.0,1011.7
504,17,knn,loso,Farasan - SWCC,16.692097,42.098767,01-02-2021 00:00,4754.9,4892.24,137.34000000000015,137.34000000000015,18862.27560000004,2.8883888199541556,26.3,3.7,2326.4,3596.9,0.3927540391335911,77.0,1011.0
505,17,knn,loso,Farasan - SWCC,16.692097,42.098767,01-03-2021 00:00,6018.8,5442.719999999999,-576.0800000000008,576.0800000000008,331868.166400001,9.571343124875405,28.1,3.5,2220.3,5150.2,0.3012414354521403,75.4,1008.6
506,17,knn,loso,Farasan - SWCC,16.692097,42.098767,01-04-2021 00:00,6227.9,6150.839999999999,-77.0600000000004,77.0600000000004,5938.243600000062,1.23733521732848,29.8,3.5,2461.4,4867.0,0.3358714043993232,72.9,1007.3
507,17,knn,loso,Farasan - SWCC,16.692097,42.098767,01-05-2021 00:00,6185.8,6313.860000000001,128.0600000000004,128.0600000000004,16399.363600000102,2.070225354844974,32.4,3.2,2516.2,4683.6,0.34948193005361256,70.1,1004.5
508,17,knn,loso,Farasan - SWCC,16.692097,42.098767,01-07-2021 00:00,5243.7,5798.3,554.6000000000004,554.6000000000004,307581.1600000004,10.576501325400011,33.9,4.5,3023.3,2656.4,0.5322992411571034,65.7,1001.0
509,17,knn,loso,Farasan - SWCC,16.692097,42.098767,01-08-2021 00:00,5280.7,5696.68,415.9800000000005,415.9800000000005,173039.36040000038,7.877364743310555,34.0,3.7,2857.8,2952.7,0.49183374924705275,69.8,1002.0
510,17,knn,loso,Farasan - SWCC,16.692097,42.098767,01-09-2021 00:00,5434.2,5880.9800000000005,446.78000000000065,446.78000000000065,199612.3684000006,8.221633359096108,33.4,3.5,2661.9,3514.2,0.4310001457230291,72.5,1003.1
511,17,knn,loso,Farasan - SWCC,16.692097,42.098767,01-11-2021 00:00,4738.7,5116.76,378.0600000000004,378.0600000000004,142929.3636000003,7.9781374638614055,30.0,2.8,1771.0,4685.4,0.2743014683105136,71.6,1009.6
512,17,knn,loso,Farasan - SWCC,16.692097,42.098767,01-12-2021 00:00,4203.0,5120.9800000000005,917.9800000000005,917.9800000000005,842687.2804000009,21.841065905305747,27.7,3.3,1834.2,4076.7,0.3103080749124499,76.0,1011.8
183,18,knn,loso,Hada Al Sham - KAU,21.80117,39.72854,01-01-2017 00:00,4408.1,4036.580000000001,-371.5199999999995,371.5199999999995,138027.11039999966,8.428120959143385,24.6,1.7,1576.4,4993.9,0.23992816157557498,61.0,987.8
184,18,knn,loso,Hada Al Sham - KAU,21.80117,39.72854,01-02-2017 00:00,4151.0,4557.42,406.4200000000001,406.4200000000001,165177.21640000006,9.79089376053963,24.0,2.8,2232.5,2989.1,0.42755094223992646,46.8,987.3
185,18,knn,loso,Hada Al Sham - KAU,21.80117,39.72854,01-03-2017 00:00,5374.8,5551.039999999999,176.23999999999887,176.23999999999887,31060.537599999603,3.279005730445763,26.9,2.0,2605.2,3849.1,0.40363788482097207,50.7,983.8
186,18,knn,loso,Hada Al Sham - KAU,21.80117,39.72854,01-04-2017 00:00,5999.1,5836.039999999999,-163.0600000000013,163.0600000000013,26588.563600000427,2.7180743778233616,31.7,2.1,2869.7,3937.6,0.42156214651917795,38.0,982.8
187,18,knn,loso,Hada Al Sham - KAU,21.80117,39.72854,01-05-2017 00:00,6750.0,6508.52,-241.47999999999956,241.47999999999956,58312.59039999979,3.5774814814814753,34.6,2.1,2984.3,4711.6,0.38777790771709614,33.4,981.4
188,18,knn,loso,Hada Al Sham - KAU,21.80117,39.72854,01-06-2017 00:00,7303.9,7331.4800000000005,27.580000000000837,27.580000000000837,760.6564000000461,0.37760648420707893,35.2,2.0,2732.3,5928.5,0.3154789395898763,34.0,977.8
189,18,knn,loso,Hada Al Sham - KAU,21.80117,39.72854,01-09-2017 00:00,6183.4,6560.1799999999985,376.77999999999884,376.77999999999884,141963.16839999912,6.093411391790906,35.3,2.3,2651.4,4646.0,0.3633348863978952,43.3,979.9
190,18,knn,loso,Hada Al Sham - KAU,21.80117,39.72854,01-10-2017 00:00,5780.6,5663.6,-117.0,117.0,13689.0,2.0240113483029445,31.6,1.7,1732.9,6069.7,0.22209263578807065,49.6,983.2
191,18,knn,loso,Hada Al Sham - KAU,21.80117,39.72854,01-11-2017 00:00,4581.6,4662.66,81.05999999999949,81.05999999999949,6570.7235999999175,1.7692509167103083,28.4,1.7,1667.8,4858.2,0.2555623659209317,57.2,985.6
192,18,knn,loso,Hada Al Sham - KAU,21.80117,39.72854,01-03-2018 00:00,6510.6,6798.42,287.8199999999997,287.8199999999997,82840.35239999983,4.420790710533587,28.2,2.0,2220.1,6090.5,0.2671407599932616,38.4,984.3
193,18,knn,loso,Hada Al Sham - KAU,21.80117,39.72854,01-04-2018 00:00,7066.7,6945.92,-120.77999999999975,120.77999999999975,14587.808399999938,1.7091428814014993,29.6,2.1,2751.0,5662.1,0.32699005122963,35.2,982.2
194,18,knn,loso,Hada Al Sham - KAU,21.80117,39.72854,01-05-2018 00:00,7265.9,7231.280000000001,-34.61999999999898,34.61999999999898,1198.5443999999295,0.47647228836068467,33.9,2.5,3206.6,5161.2,0.38320705561796414,28.4,980.4
195,18,knn,loso,Hada Al Sham - KAU,21.80117,39.72854,01-06-2018 00:00,7274.0,7259.719999999999,-14.280000000000655,14.280000000000655,203.9184000000187,0.1963156447621756,35.1,2.4,3182.3,5201.8,0.37956369795207595,30.0,978.2
196,18,knn,loso,Hada Al Sham - KAU,21.80117,39.72854,01-07-2018 00:00,7251.2,7222.58,-28.61999999999989,28.61999999999989,819.1043999999938,0.39469329214474697,34.5,2.2,2989.0,5476.0,0.35310100413467216,30.4,978.4
197,18,knn,loso,Hada Al Sham - KAU,21.80117,39.72854,01-08-2018 00:00,6941.3,7124.68,183.3800000000001,183.3800000000001,33628.22440000004,2.64186823793814,34.5,2.4,2558.4,5718.3,0.30910870274384716,35.0,978.6
198,18,knn,loso,Hada Al Sham - KAU,21.80117,39.72854,01-09-2018 00:00,6064.4,6237.14,172.7400000000007,172.7400000000007,29839.10760000024,2.8484268847701455,34.4,2.2,3019.6,3925.1,0.43480639912451224,48.7,980.2
199,18,knn,loso,Hada Al Sham - KAU,21.80117,39.72854,01-10-2018 00:00,5283.7,5152.2,-131.5,131.5,17292.25,2.488786267199122,31.2,2.1,2017.2,4820.8,0.29499853758408895,45.6,984.2
200,18,knn,loso,Hada Al Sham - KAU,21.80117,39.72854,01-11-2018 00:00,3986.5,3802.84,-183.65999999999985,183.65999999999985,33730.995599999944,4.607048789665116,26.0,1.7,1778.7,3773.0,0.32038834951456313,61.1,986.1
201,18,knn,loso,Hada Al Sham - KAU,21.80117,39.72854,01-12-2018 00:00,3945.8,3762.72,-183.08000000000038,183.08000000000038,33518.28640000014,4.639870241776075,24.3,1.7,1787.3,3944.5,0.31182176628633235,58.4,988.0
202,18,knn,loso,Hada Al Sham - KAU,21.80117,39.72854,01-01-2019 00:00,4115.1,3780.44,-334.6600000000003,334.6600000000003,111997.3156000002,8.132487667371395,23.8,1.8,1989.4,3655.1,0.3524492869164674,60.7,988.1
203,18,knn,loso,Hada Al Sham - KAU,21.80117,39.72854,01-02-2019 00:00,4777.5,4554.4,-223.10000000000036,223.10000000000036,49773.61000000016,4.669806384092106,24.0,2.3,2181.9,4078.1,0.34854632587859424,49.5,987.1
204,18,knn,loso,Hada Al Sham - KAU,21.80117,39.72854,01-03-2019 00:00,6230.3,6317.0,86.69999999999982,86.69999999999982,7516.8899999999685,1.3915862799544134,24.6,2.5,2349.6,5648.3,0.2937771164930794,41.6,985.8
205,18,knn,loso,Hada Al Sham - KAU,21.80117,39.72854,01-04-2019 00:00,6906.5,6800.659999999999,-105.84000000000106,105.84000000000106,11202.105600000223,1.5324694128719476,29.1,2.3,2751.7,5575.1,0.3304630830571168,37.4,983.2
206,18,knn,loso,Hada Al Sham - KAU,21.80117,39.72854,01-05-2019 00:00,6841.2,6285.240000000001,-555.9599999999991,555.9599999999991,309091.52159999905,8.126644448342384,33.1,2.0,2958.4,4915.1,0.3757414110624246,35.9,981.4
207,18,knn,loso,Hada Al Sham - KAU,21.80117,39.72854,01-06-2019 00:00,6968.9,6676.360000000001,-292.53999999999905,292.53999999999905,85579.65159999944,4.197793051988105,35.6,2.4,3095.0,4821.7,0.3909457223338007,28.9,978.8
208,18,knn,loso,Hada Al Sham - KAU,21.80117,39.72854,01-07-2019 00:00,7390.4,6937.2,-453.1999999999998,453.1999999999998,205390.23999999985,6.132279714223856,34.8,2.2,2747.2,5982.0,0.3147138340283187,28.6,977.5
209,18,knn,loso,Hada Al Sham - KAU,21.80117,39.72854,01-08-2019 00:00,6803.0,6921.42,118.42000000000007,118.42000000000007,14023.296400000017,1.740702631192122,33.9,2.2,2516.4,5552.8,0.3118524760818916,41.9,979.3
210,18,knn,loso,Hada Al Sham - KAU,21.80117,39.72854,01-09-2019 00:00,6277.8,6786.24,508.4399999999996,508.4399999999996,258511.2335999996,8.09901557870591,33.9,2.0,2587.3,4885.0,0.34625215797010295,42.5,979.5
211,18,knn,loso,Hada Al Sham - KAU,21.80117,39.72854,01-10-2019 00:00,5533.9,4569.54,-964.3599999999997,964.3599999999997,929990.2095999994,17.426408138925527,30.5,1.6,1940.5,5294.1,0.26822491913858404,55.3,983.7
212,18,knn,loso,Hada Al Sham - KAU,21.80117,39.72854,01-11-2019 00:00,4597.5,4632.4400000000005,34.94000000000051,34.94000000000051,1220.8036000000357,0.7599782490484069,27.5,1.6,1673.9,4939.0,0.253126464939739,53.8,985.0
213,18,knn,loso,Hada Al Sham - KAU,21.80117,39.72854,01-12-2019 00:00,4264.9,4330.52,65.6200000000008,65.6200000000008,4305.984400000105,1.5386058289760793,24.1,2.2,1568.1,4959.9,0.24021139705882352,51.5,987.3
214,18,knn,loso,Hada Al Sham - KAU,21.80117,39.72854,01-01-2020 00:00,4793.9,4803.620000000001,9.720000000001164,9.720000000001164,94.47840000002263,0.20275767120718338,21.1,2.6,1408.0,6102.4,0.18747337025990626,45.1,989.5
215,18,knn,loso,Hada Al Sham - KAU,21.80117,39.72854,01-02-2020 00:00,4873.9,4457.44,-416.46000000000004,416.46000000000004,173438.93160000004,8.544697265023904,23.2,1.9,2217.0,4158.9,0.3477156166188303,50.2,988.3
216,18,knn,loso,Hada Al Sham - KAU,21.80117,39.72854,01-03-2020 00:00,6432.5,6571.139999999999,138.63999999999942,138.63999999999942,19221.04959999984,2.155305091333065,25.7,2.0,2599.8,5377.8,0.32588748495788206,42.3,984.6
217,18,knn,loso,Hada Al Sham - KAU,21.80117,39.72854,01-04-2020 00:00,7119.5,7398.719999999999,279.21999999999935,279.21999999999935,77963.80839999963,3.921904628133989,28.8,1.8,2288.5,6487.8,0.26075908982145096,39.0,983.7
218,18,knn,loso,Hada Al Sham - KAU,21.80117,39.72854,01-05-2020 00:00,7050.0,6274.74,-775.2600000000002,775.2600000000002,601028.0676000003,10.996595744680853,33.2,1.9,2672.2,5689.8,0.3195646974408036,32.7,982.0
219,18,knn,loso,Hada Al Sham - KAU,21.80117,39.72854,01-09-2020 00:00,6392.7,6227.800000000001,-164.89999999999873,164.89999999999873,27192.00999999958,2.5795047476027144,35.3,1.7,2400.9,5322.1,0.3108766023565972,39.7,979.1
220,18,knn,loso,Hada Al Sham - KAU,21.80117,39.72854,01-10-2020 00:00,6037.1,6549.759999999999,512.659999999999,512.659999999999,262820.27559999895,8.49182554537773,32.1,1.9,1615.5,6810.4,0.1917302602689327,34.0,983.7
221,18,knn,loso,Hada Al Sham - KAU,21.80117,39.72854,01-11-2020 00:00,4634.0,4087.2400000000002,-546.7599999999998,546.7599999999998,298946.49759999977,11.798877859300815,27.5,1.2,1625.3,5119.0,0.24098868674287915,56.3,986.2
222,18,knn,loso,Hada Al Sham - KAU,21.80117,39.72854,01-12-2020 00:00,4165.0,4326.320000000001,161.32000000000062,161.32000000000062,26024.1424000002,3.8732292917167017,25.3,1.3,1731.9,4494.3,0.2781632456393948,51.3,987.1
223,18,knn,loso,Hada Al Sham - KAU,21.80117,39.72854,01-01-2021 00:00,4611.0,4308.16,-302.84000000000015,302.84000000000015,91712.06560000009,6.567772717414881,24.0,1.8,1760.7,5016.3,0.2598052235502435,51.5,987.5
224,18,knn,loso,Hada Al Sham - KAU,21.80117,39.72854,01-02-2021 00:00,4965.1,4446.4800000000005,-518.6199999999999,518.6199999999999,268966.7043999999,10.445308251596138,23.6,1.9,1893.5,4859.5,0.2803938990078484,52.3,987.0
225,18,knn,loso,Hada Al Sham - KAU,21.80117,39.72854,01-03-2021 00:00,6314.5,6318.02,3.5200000000004366,3.5200000000004366,12.390400000003073,0.05574471454589336,27.5,1.6,2368.3,5520.5,0.30021042490619615,43.5,984.3
226,18,knn,loso,Hada Al Sham - KAU,21.80117,39.72854,01-04-2021 00:00,6643.7,6550.22,-93.47999999999956,93.47999999999956,8738.51039999992,1.4070472778722634,30.1,1.8,2883.8,4884.1,0.3712457678394418,39.1,983.2
227,18,knn,loso,Hada Al Sham - KAU,21.80117,39.72854,01-05-2021 00:00,7513.3,7172.660000000001,-340.6399999999994,340.6399999999994,116035.6095999996,4.533826680686242,33.2,1.6,2374.0,6797.4,0.2588481584054779,34.8,980.7
228,18,knn,loso,Hada Al Sham - KAU,21.80117,39.72854,01-07-2021 00:00,6766.8,6514.2,-252.60000000000036,252.60000000000036,63806.760000000184,3.732931370810433,34.3,2.0,3150.5,4548.7,0.4091983582709892,38.0,977.1
229,18,knn,loso,Hada Al Sham - KAU,21.80117,39.72854,01-08-2021 00:00,6800.4,7178.94,378.53999999999996,378.53999999999996,143292.53159999996,5.566437268395977,35.3,1.8,2800.2,5117.3,0.35367224502683925,39.6,978.0
230,18,knn,loso,Hada Al Sham - KAU,21.80117,39.72854,01-09-2021 00:00,6135.9,6211.539999999999,75.63999999999942,75.63999999999942,5721.409599999912,1.2327449925846157,33.5,1.6,2779.0,4433.0,0.3853300055463117,47.7,979.4
231,18,knn,loso,Hada Al Sham - KAU,21.80117,39.72854,01-10-2021 00:00,5756.3,6200.039999999999,443.7399999999989,443.7399999999989,196905.187599999,7.708771259315861,31.8,1.4,1873.8,5781.3,0.24477799114315946,44.2,983.1
232,18,knn,loso,Hada Al Sham - KAU,21.80117,39.72854,01-11-2021 00:00,4633.4,4353.9,-279.5,279.5,78120.25,6.03228730521863,27.7,1.2,1433.6,5484.8,0.2072155411655874,50.8,985.4
233,18,knn,loso,Hada Al Sham - KAU,21.80117,39.72854,01-12-2021 00:00,4082.8,4047.78,-35.01999999999998,35.01999999999998,1226.4003999999986,0.8577446850200837,24.9,1.2,1664.7,4401.5,0.2744222083017375,53.1,987.4
1508,19,knn,loso,Hafar Al Batin - TVTC,28.33202,45.95708,01-01-2017 00:00,3902.6,4130.16,227.55999999999995,227.55999999999995,51783.55359999998,5.830984471890533,12.7,4.3,1535.2,4742.4,0.24455205811138017,43.6,973.2
1509,19,knn,loso,Hafar Al Batin - TVTC,28.33202,45.95708,01-02-2017 00:00,4710.6,5336.839999999999,626.2399999999989,626.2399999999989,392176.5375999986,13.29427249182692,12.3,4.4,1876.9,5046.3,0.27110295816963254,36.8,973.8
1510,19,knn,loso,Hafar Al Batin - TVTC,28.33202,45.95708,01-03-2017 00:00,5192.7,5651.84,459.1400000000003,459.1400000000003,210809.5396000003,8.842028231941,20.7,5.1,2670.1,3775.7,0.41423872909491455,40.2,967.8
1511,19,knn,loso,Hafar Al Batin - TVTC,28.33202,45.95708,01-04-2017 00:00,5980.1,6021.3,41.19999999999982,41.19999999999982,1697.439999999985,0.688951689771071,27.7,5.3,3244.6,3715.0,0.4662049543077188,25.5,967.4
1512,19,knn,loso,Hafar Al Batin - TVTC,28.33202,45.95708,01-05-2017 00:00,6822.1,7039.18,217.07999999999993,217.07999999999993,47123.72639999997,3.182011404113102,34.1,4.8,3760.3,3863.1,0.49325760159508886,17.2,964.0
1513,19,knn,loso,Hafar Al Batin - TVTC,28.33202,45.95708,01-06-2017 00:00,8093.5,7672.9,-420.60000000000036,420.60000000000036,176904.3600000003,5.196762834373267,37.2,5.5,2295.8,7768.6,0.22811096538293388,11.3,960.3
1514,19,knn,loso,Hafar Al Batin - TVTC,28.33202,45.95708,01-09-2017 00:00,6699.5,7153.379999999999,453.8799999999992,453.8799999999992,206007.05439999927,6.774833942831543,36.3,4.2,2163.1,6523.4,0.24901859206815172,12.1,963.1
1515,19,knn,loso,Hafar Al Batin - TVTC,28.33202,45.95708,01-10-2017 00:00,5477.1,6241.84,764.7399999999998,764.7399999999998,584827.2675999997,13.962498402439241,29.6,4.5,1988.4,5629.1,0.2610305218247457,20.9,967.5
1516,19,knn,loso,Hafar Al Batin - TVTC,28.33202,45.95708,01-11-2017 00:00,4058.3,4986.099999999999,927.7999999999993,927.7999999999993,860812.8399999987,22.861789419214922,21.0,4.1,1820.8,4263.4,0.29926695374905493,35.2,971.6
1517,19,knn,loso,Hafar Al Batin - TVTC,28.33202,45.95708,01-03-2018 00:00,5984.3,5926.4400000000005,-57.85999999999967,57.85999999999967,3347.779599999962,0.9668632922814644,23.6,4.4,2586.4,5077.5,0.3374783073891883,24.3,968.4
1518,19,knn,loso,Hafar Al Batin - TVTC,28.33202,45.95708,01-04-2018 00:00,6230.0,6575.160000000001,345.16000000000076,345.16000000000076,119135.42560000053,5.5402889245586,25.1,4.5,3517.5,3686.9,0.48824329576369996,36.1,965.4
1519,19,knn,loso,Hafar Al Batin - TVTC,28.33202,45.95708,01-05-2018 00:00,7129.9,6878.2,-251.69999999999982,251.69999999999982,63352.889999999905,3.5302037896744674,31.6,4.3,3506.6,4693.5,0.42762893135449564,22.2,963.7
1520,19,knn,loso,Hafar Al Batin - TVTC,28.33202,45.95708,01-06-2018 00:00,7805.1,7402.859999999999,-402.2400000000016,402.2400000000016,161797.0176000013,5.1535534458239045,36.0,6.1,3209.5,5972.5,0.3495425833151819,13.8,959.1
1521,19,knn,loso,Hafar Al Batin - TVTC,28.33202,45.95708,01-07-2018 00:00,7640.7,7341.4800000000005,-299.21999999999935,299.21999999999935,89532.6083999996,3.916133338568447,37.0,6.6,2769.3,6397.1,0.3021142433234421,12.5,956.4
1522,19,knn,loso,Hafar Al Batin - TVTC,28.33202,45.95708,01-08-2018 00:00,7509.3,7924.160000000001,414.8600000000006,414.8600000000006,172108.81960000048,5.524616142649789,36.3,5.4,1881.0,7857.0,0.19316081330868762,13.9,958.2
1523,19,knn,loso,Hafar Al Batin - TVTC,28.33202,45.95708,01-09-2018 00:00,6395.5,7183.82,788.3199999999997,788.3199999999997,621448.4223999996,12.326166836056597,36.6,4.0,2380.7,5730.7,0.2935005054614493,13.1,963.0
1524,19,knn,loso,Hafar Al Batin - TVTC,28.33202,45.95708,01-10-2018 00:00,5214.2,5791.660000000001,577.460000000001,577.460000000001,333460.0516000011,11.074757393272238,28.5,4.0,2070.6,5040.5,0.2911785799665312,28.0,968.9
1525,19,knn,loso,Hafar Al Batin - TVTC,28.33202,45.95708,01-11-2018 00:00,3269.8,3709.88,440.0799999999999,440.0799999999999,193670.40639999995,13.458927151507735,17.4,3.9,1705.9,3019.9,0.3609759194210504,78.1,972.2
1526,19,knn,loso,Hafar Al Batin - TVTC,28.33202,45.95708,01-12-2018 00:00,3483.6,3941.0399999999995,457.4399999999996,457.4399999999996,209251.35359999962,13.1312435411643,15.0,4.1,1556.9,3977.4,0.28131832390726924,66.6,973.8
1527,19,knn,loso,Hafar Al Batin - TVTC,28.33202,45.95708,01-02-2019 00:00,4466.5,4442.179999999999,-24.32000000000062,24.32000000000062,591.4624000000301,0.5444979290272164,14.4,4.3,1811.9,4751.4,0.2760653939329301,49.9,972.1
1528,19,knn,loso,Hafar Al Batin - TVTC,28.33202,45.95708,01-03-2019 00:00,5871.1,6533.819999999999,662.7199999999984,662.7199999999984,439197.79839999793,11.287833625725986,18.1,5.7,2266.7,5595.6,0.28829986136372304,34.5,968.5
1529,19,knn,loso,Hafar Al Batin - TVTC,28.33202,45.95708,01-04-2019 00:00,6712.2,6226.96,-485.2399999999998,485.2399999999998,235457.85759999978,7.229224397365987,23.8,4.9,2708.0,5520.2,0.32911207797574193,30.9,966.9
1530,19,knn,loso,Hafar Al Batin - TVTC,28.33202,45.95708,01-05-2019 00:00,7069.7,6930.9,-138.80000000000018,138.80000000000018,19265.44000000005,1.963308202611146,32.8,4.4,3250.1,4945.1,0.396585806325654,17.4,964.2
1531,19,knn,loso,Hafar Al Batin - TVTC,28.33202,45.95708,01-06-2019 00:00,8091.9,7481.780000000001,-610.119999999999,610.119999999999,372246.4143999987,7.5398855645769105,37.6,5.1,2219.0,7868.3,0.21997957828160164,11.3,960.2
1532,19,knn,loso,Hafar Al Batin - TVTC,28.33202,45.95708,01-07-2019 00:00,8045.2,8065.26,20.0600000000004,20.0600000000004,402.40360000001607,0.24934122209516732,37.1,5.7,1892.6,8414.4,0.18362278063452023,12.4,956.9
1533,19,knn,loso,Hafar Al Batin - TVTC,28.33202,45.95708,01-08-2019 00:00,7512.5,8065.26,552.7600000000002,552.7600000000002,305543.61760000023,7.357870216306159,37.1,5.8,2008.3,7588.7,0.20926331145149527,12.1,958.2
1534,19,knn,loso,Hafar Al Batin - TVTC,28.33202,45.95708,01-09-2019 00:00,6538.0,6703.979999999999,165.97999999999865,165.97999999999865,27549.360399999554,2.538696849189334,35.7,3.8,1896.7,6757.5,0.21916526079822513,14.8,962.5
1535,19,knn,loso,Hafar Al Batin - TVTC,28.33202,45.95708,01-10-2019 00:00,4904.8,5846.4,941.5999999999995,941.5999999999995,886610.559999999,19.19752079595497,29.7,4.0,2146.8,4383.0,0.32876964072406506,32.7,967.1
1536,19,knn,loso,Hafar Al Batin - TVTC,28.33202,45.95708,01-11-2019 00:00,3795.8,4007.0600000000004,211.26000000000022,211.26000000000022,44630.78760000009,5.565625164655677,19.4,3.7,1668.2,4093.0,0.289557731028258,46.4,971.4
1537,19,knn,loso,Hafar Al Batin - TVTC,28.33202,45.95708,01-12-2019 00:00,3700.1,3887.8599999999997,187.75999999999976,187.75999999999976,35253.817599999915,5.074457447096018,14.5,4.5,1121.3,5525.4,0.16870025727052523,52.2,972.1
1538,19,knn,loso,Hafar Al Batin - TVTC,28.33202,45.95708,01-01-2020 00:00,4174.6,4122.3,-52.30000000000018,52.30000000000018,2735.290000000019,1.2528146409236856,12.1,4.8,1183.7,6099.9,0.1625157888956011,45.0,972.7
1539,19,knn,loso,Hafar Al Batin - TVTC,28.33202,45.95708,01-02-2020 00:00,4878.4,5876.92,998.5200000000004,998.5200000000004,997042.1904000009,20.468186290587088,15.4,5.4,1817.0,5455.0,0.24986248624862487,36.6,971.9
1540,19,knn,loso,Hafar Al Batin - TVTC,28.33202,45.95708,01-03-2020 00:00,5863.8,6171.48,307.6799999999994,307.6799999999994,94666.98239999962,5.247109382993952,19.9,5.3,2339.1,5400.9,0.3022093023255814,33.9,967.6
1541,19,knn,loso,Hafar Al Batin - TVTC,28.33202,45.95708,01-04-2020 00:00,6630.8,6365.16,-265.6400000000003,265.6400000000003,70564.60960000017,4.0061531036978995,25.9,4.9,3014.2,5000.1,0.3761027163944449,27.8,965.5
1542,19,knn,loso,Hafar Al Batin - TVTC,28.33202,45.95708,01-05-2020 00:00,7335.8,7054.359999999999,-281.4400000000014,281.4400000000014,79208.4736000008,3.8365277134055105,31.5,4.8,3154.7,5501.1,0.3644608239561912,16.4,964.7
1543,19,knn,loso,Hafar Al Batin - TVTC,28.33202,45.95708,01-09-2020 00:00,6631.2,6829.5199999999995,198.3199999999997,198.3199999999997,39330.82239999989,2.990710580287123,35.5,4.0,1854.5,7033.9,0.20864272534989425,12.4,962.4
1544,19,knn,loso,Hafar Al Batin - TVTC,28.33202,45.95708,01-10-2020 00:00,5695.4,6587.42,892.0200000000004,892.0200000000004,795699.6804000008,15.662113284404967,27.2,3.1,1214.4,7657.2,0.13688624374408223,16.8,968.7
1545,19,knn,loso,Hafar Al Batin - TVTC,28.33202,45.95708,01-11-2020 00:00,3830.6,4622.32,791.7199999999998,791.7199999999998,626820.5583999996,20.668302615778202,20.3,4.4,1696.9,4056.9,0.2949181410546074,47.0,970.9
1546,19,knn,loso,Hafar Al Batin - TVTC,28.33202,45.95708,01-12-2020 00:00,3067.8,3865.0199999999995,797.2199999999993,797.2199999999993,635559.728399999,25.98670056718167,13.5,3.1,1335.2,3665.1,0.26702397856128635,65.9,974.4
1547,19,knn,loso,Hafar Al Batin - TVTC,28.33202,45.95708,01-01-2021 00:00,3939.0,3664.7400000000002,-274.25999999999976,274.25999999999976,75218.54759999987,6.962680883472956,13.3,3.4,1482.7,4943.7,0.2307201543632516,43.7,974.3
1548,19,knn,loso,Hafar Al Batin - TVTC,28.33202,45.95708,01-02-2021 00:00,4359.8,5090.4,730.5999999999995,730.5999999999995,533776.3599999992,16.757649433460237,15.5,4.1,1756.2,4525.7,0.27956509973097315,47.8,972.5
1549,19,knn,loso,Hafar Al Batin - TVTC,28.33202,45.95708,01-03-2021 00:00,5652.9,6220.2,567.3000000000002,567.3000000000002,321829.2900000002,10.035556970758376,21.2,5.0,2619.0,4537.6,0.3659559008467708,26.9,968.6
1550,19,knn,loso,Hafar Al Batin - TVTC,28.33202,45.95708,01-04-2021 00:00,6570.6,6850.460000000001,279.8600000000006,279.8600000000006,78321.61960000033,4.259276169604003,27.8,4.7,2763.5,5212.9,0.3464595556892834,17.3,967.3
1551,19,knn,loso,Hafar Al Batin - TVTC,28.33202,45.95708,01-05-2021 00:00,7198.4,7395.7,197.30000000000018,197.30000000000018,38927.29000000007,2.740886863747502,34.0,4.2,2706.7,5982.7,0.31149446451998986,12.9,962.4
1552,19,knn,loso,Hafar Al Batin - TVTC,28.33202,45.95708,01-07-2021 00:00,7820.6,7481.780000000001,-338.8199999999997,338.8199999999997,114798.9923999998,4.332404163363421,39.4,4.5,2191.7,7567.2,0.22458473803399973,12.5,956.0
1553,19,knn,loso,Hafar Al Batin - TVTC,28.33202,45.95708,01-08-2021 00:00,7351.9,7775.960000000001,424.0600000000013,424.0600000000013,179826.8836000011,5.768032753437905,37.9,4.0,2074.4,7244.1,0.2226109352363578,13.2,958.8
1554,19,knn,loso,Hafar Al Batin - TVTC,28.33202,45.95708,01-09-2021 00:00,6662.7,7191.079999999999,528.3799999999992,528.3799999999992,279185.42439999914,7.930418599066432,33.6,4.1,1649.2,7565.5,0.17897489880299955,15.7,962.5
1555,19,knn,loso,Hafar Al Batin - TVTC,28.33202,45.95708,01-10-2021 00:00,5328.4,5969.82,641.4200000000001,641.4200000000001,411419.6164000001,12.03775992793334,29.2,3.6,1722.6,5921.6,0.22534732215274322,20.3,968.0
1556,19,knn,loso,Hafar Al Batin - TVTC,28.33202,45.95708,01-11-2021 00:00,4208.3,4278.66,70.35999999999967,70.35999999999967,4950.529599999954,1.6719340351210625,20.6,3.8,1460.7,5313.9,0.2156142060047826,32.2,971.0
1557,19,knn,loso,Hafar Al Batin - TVTC,28.33202,45.95708,01-12-2021 00:00,3209.2,3532.7599999999998,323.55999999999995,323.55999999999995,104691.07359999996,10.082263492459179,14.3,3.7,1624.8,3357.8,0.32609480993858625,48.7,973.2
1371,20,knn,loso,Hagl - SWCC,29.28997,34.93002,01-01-2017 00:00,3583.5,4568.5,985.0,985.0,970225.0,27.487093623552393,16.9,6.9,1209.4,4966.8,0.1958161976619928,50.7,1015.9
1372,20,knn,loso,Hagl - SWCC,29.28997,34.93002,01-02-2017 00:00,4743.2,4558.0599999999995,-185.14000000000033,185.14000000000033,34276.81960000012,3.903272052622709,17.7,6.5,1326.0,6195.3,0.1762993099597144,45.7,1016.2
1373,20,knn,loso,Hagl - SWCC,29.28997,34.93002,01-03-2017 00:00,5558.3,5121.299999999999,-437.0000000000009,437.0000000000009,190969.0000000008,7.862116114639384,21.3,6.1,1606.2,6199.7,0.20576743232682973,50.5,1010.3
1374,20,knn,loso,Hagl - SWCC,29.28997,34.93002,01-04-2017 00:00,6497.3,5458.839999999999,-1038.460000000001,1038.460000000001,1078399.1716000019,15.98294676250136,24.9,6.7,2098.2,6201.1,0.25281650259660454,47.1,1010.0
1375,20,knn,loso,Hagl - SWCC,29.28997,34.93002,01-05-2017 00:00,7248.7,5518.879999999999,-1729.8200000000006,1729.8200000000006,2992277.232400002,23.863865244802525,27.9,6.1,1730.9,7562.2,0.18625646985397767,46.4,1008.0
1376,20,knn,loso,Hagl - SWCC,29.28997,34.93002,01-06-2017 00:00,7480.6,6485.6,-995.0,995.0,990025.0,13.301072106515518,29.7,7.3,1297.0,8543.8,0.13179822778635883,49.7,1005.2
1377,20,knn,loso,Hagl - SWCC,29.28997,34.93002,01-09-2017 00:00,6280.5,5729.06,-551.4399999999996,551.4399999999996,304086.07359999954,8.780192659820072,29.5,7.6,1554.4,7044.8,0.180761001023351,60.7,1006.9
1378,20,knn,loso,Hagl - SWCC,29.28997,34.93002,01-10-2017 00:00,5308.3,5071.719999999999,-236.58000000000084,236.58000000000084,55970.096400000395,4.456794077199873,26.5,6.7,1177.5,7072.0,0.14273592338929633,57.8,1010.4
1379,20,knn,loso,Hagl - SWCC,29.28997,34.93002,01-11-2017 00:00,4213.1,4174.26,-38.840000000000146,38.840000000000146,1508.5456000000113,0.9218864968787863,22.7,6.9,1172.9,6017.5,0.16312027147307523,55.3,1012.8
1380,20,knn,loso,Hagl - SWCC,29.28997,34.93002,01-03-2018 00:00,6067.1,6136.56,69.46000000000004,69.46000000000004,4824.691600000005,1.1448632789965556,23.4,6.1,1877.6,6505.4,0.2239770965048312,43.1,1010.2
1381,20,knn,loso,Hagl - SWCC,29.28997,34.93002,01-04-2018 00:00,6662.6,5504.28,-1158.3200000000006,1158.3200000000006,1341705.2224000015,17.385405097109246,24.8,5.9,2386.5,5939.1,0.2866460074949553,44.6,1008.0
1382,20,knn,loso,Hagl - SWCC,29.28997,34.93002,01-05-2018 00:00,6864.1,5816.5,-1047.6000000000004,1047.6000000000004,1097465.7600000007,15.262015413528363,29.3,4.9,2875.1,5215.4,0.3553674062171683,42.7,1005.5
1383,20,knn,loso,Hagl - SWCC,29.28997,34.93002,01-06-2018 00:00,7953.3,7367.94,-585.3600000000006,585.3600000000006,342646.3296000007,7.359963788616053,30.3,6.8,1845.1,8272.2,0.18237079062595749,46.0,1004.5
1384,20,knn,loso,Hagl - SWCC,29.28997,34.93002,01-07-2018 00:00,7799.3,7329.280000000001,-470.0199999999995,470.0199999999995,220918.80039999954,6.026438270101156,31.4,5.3,1649.4,8439.4,0.16348822456585524,47.3,1002.7
1385,20,knn,loso,Hagl - SWCC,29.28997,34.93002,01-08-2018 00:00,7365.1,6607.2,-757.9000000000005,757.9000000000005,574412.4100000008,10.29042375527828,31.2,7.0,1215.1,8765.8,0.12174252822891722,52.4,1003.6
1386,20,knn,loso,Hagl - SWCC,29.28997,34.93002,01-09-2018 00:00,6092.9,5061.76,-1031.1399999999994,1031.1399999999994,1063249.6995999988,16.923632424625374,29.9,7.8,1860.6,6244.5,0.22955916645075322,54.5,1006.4
1387,20,knn,loso,Hagl - SWCC,29.28997,34.93002,01-10-2018 00:00,5005.6,4422.68,-582.9200000000001,582.9200000000001,339795.7264000001,11.645357199936072,27.4,6.5,1624.0,5618.9,0.2242195805547502,54.2,1010.0
1388,20,knn,loso,Hagl - SWCC,29.28997,34.93002,01-11-2018 00:00,4118.3,3869.1400000000003,-249.15999999999985,249.15999999999985,62080.70559999993,6.0500692033120425,23.5,5.7,1182.7,5706.6,0.17167201312179758,50.7,1011.9
1389,20,knn,loso,Hagl - SWCC,29.28997,34.93002,01-12-2018 00:00,3741.9,3829.78,87.88000000000011,87.88000000000011,7722.894400000019,2.348539512012617,19.4,5.5,994.5,5997.1,0.1422421191143658,48.5,1015.3
1390,20,knn,loso,Hagl - SWCC,29.28997,34.93002,01-01-2019 00:00,3689.0,3610.0399999999995,-78.96000000000049,78.96000000000049,6234.681600000077,2.140417457305516,17.9,4.6,1455.0,4569.2,0.24152584575545302,44.6,1014.3
1391,20,knn,loso,Hagl - SWCC,29.28997,34.93002,01-02-2019 00:00,4761.4,4544.64,-216.7599999999993,216.7599999999993,46984.8975999997,4.55244255891123,18.8,5.2,1379.3,6049.8,0.18566178944959685,45.7,1014.3
1392,20,knn,loso,Hagl - SWCC,29.28997,34.93002,01-03-2019 00:00,5880.7,5721.620000000001,-159.07999999999902,159.07999999999902,25306.446399999688,2.7051201387589745,20.0,5.6,1746.0,6498.0,0.21179039301310043,45.0,1012.4
1393,20,knn,loso,Hagl - SWCC,29.28997,34.93002,01-04-2019 00:00,6665.1,5491.780000000001,-1173.3199999999997,1173.3199999999997,1376679.8223999992,17.60393692517741,23.0,6.0,2146.5,6370.0,0.25204015734163093,44.9,1010.3
1394,20,knn,loso,Hagl - SWCC,29.28997,34.93002,01-05-2019 00:00,7078.2,6048.42,-1029.7799999999997,1029.7799999999997,1060446.8483999996,14.54861405442061,28.3,5.8,2163.4,6630.6,0.2460086422560837,40.5,1007.0
1395,20,knn,loso,Hagl - SWCC,29.28997,34.93002,01-06-2019 00:00,7575.9,5824.4,-1751.5,1751.5,3067752.25,23.119365355931308,30.6,5.4,1772.0,7819.5,0.1847469113277381,47.5,1005.0
1396,20,knn,loso,Hagl - SWCC,29.28997,34.93002,01-07-2019 00:00,7943.0,7658.660000000001,-284.33999999999924,284.33999999999924,80849.23559999956,3.5797557597884833,31.4,5.9,1405.7,9070.0,0.13418673692450145,47.4,1002.5
1397,20,knn,loso,Hagl - SWCC,29.28997,34.93002,01-08-2019 00:00,7335.0,6626.360000000001,-708.6399999999994,708.6399999999994,502170.6495999992,9.661077027948185,31.8,5.1,1369.2,8400.7,0.14014473024288884,50.6,1003.6
1398,20,knn,loso,Hagl - SWCC,29.28997,34.93002,01-09-2019 00:00,6414.9,6332.5,-82.39999999999964,82.39999999999964,6789.75999999994,1.28450950131724,29.3,7.6,1303.6,7710.3,0.14462108521283795,57.5,1006.0
1399,20,knn,loso,Hagl - SWCC,29.28997,34.93002,01-10-2019 00:00,5094.8,4691.9,-402.90000000000055,402.90000000000055,162328.41000000044,7.908063123184434,27.3,6.3,1307.9,6387.8,0.16995205114544484,56.2,1009.2
1400,20,knn,loso,Hagl - SWCC,29.28997,34.93002,01-11-2019 00:00,4235.4,4588.5599999999995,353.15999999999985,353.15999999999985,124721.9855999999,8.33829154271143,24.5,5.1,1197.9,5960.9,0.16733251382913342,44.3,1011.4
1401,20,knn,loso,Hagl - SWCC,29.28997,34.93002,01-12-2019 00:00,3858.7,4265.44,406.7399999999998,406.7399999999998,165437.42759999982,10.54085572861326,19.7,4.3,967.5,6272.7,0.1336289052788597,44.5,1014.8
1402,20,knn,loso,Hagl - SWCC,29.28997,34.93002,01-01-2020 00:00,3731.0,4218.58,487.5799999999999,487.5799999999999,237734.25639999993,13.068346287858482,16.7,4.4,1121.0,5386.5,0.17226277372262774,47.9,1017.4
1403,20,knn,loso,Hagl - SWCC,29.28997,34.93002,01-02-2020 00:00,4778.0,4740.679999999999,-37.32000000000062,37.32000000000062,1392.7824000000462,0.7810799497697911,18.1,4.6,1219.8,6475.9,0.1585040996920358,51.2,1015.7
1404,20,knn,loso,Hagl - SWCC,29.28997,34.93002,01-03-2020 00:00,5607.3,5257.42,-349.8800000000001,349.8800000000001,122416.01440000007,6.2397232179480335,20.7,4.7,1968.0,5681.5,0.2572717171056932,50.0,1010.5
1405,20,knn,loso,Hagl - SWCC,29.28997,34.93002,01-04-2020 00:00,6767.8,5490.280000000001,-1277.5199999999995,1277.5199999999995,1632057.3503999987,18.876444339371723,23.5,6.0,2123.8,6580.8,0.24398593846931507,49.7,1009.2
1406,20,knn,loso,Hagl - SWCC,29.28997,34.93002,01-05-2020 00:00,7163.3,6144.64,-1018.6599999999999,1018.6599999999999,1037668.1955999997,14.220540812195495,27.5,5.8,1935.2,7163.8,0.2126827123859765,43.3,1008.0
1407,20,knn,loso,Hagl - SWCC,29.28997,34.93002,01-09-2020 00:00,6086.8,5225.72,-861.0799999999999,861.0799999999999,741458.7663999998,14.14667805743576,32.1,6.5,1840.4,6202.2,0.22883147240941984,52.7,1004.9
1408,20,knn,loso,Hagl - SWCC,29.28997,34.93002,01-10-2020 00:00,5200.8,4783.860000000001,-416.9399999999996,416.9399999999996,173838.96359999967,8.016843562528834,28.9,5.8,1280.4,6602.2,0.1624337147641641,55.2,1009.6
1409,20,knn,loso,Hagl - SWCC,29.28997,34.93002,01-11-2020 00:00,4228.7,5012.4400000000005,783.7400000000007,783.7400000000007,614248.3876000011,18.53382836332681,23.7,5.4,1018.4,6326.1,0.13866158349785554,50.6,1012.3
1410,20,knn,loso,Hagl - SWCC,29.28997,34.93002,01-12-2020 00:00,3585.6,4365.5,779.9000000000001,779.9000000000001,608244.0100000001,21.750892458723786,21.0,5.4,1127.8,5298.5,0.17549756469508113,49.1,1014.0
1411,20,knn,loso,Hagl - SWCC,29.28997,34.93002,01-01-2021 00:00,3970.8,4365.5,394.6999999999998,394.6999999999998,155788.08999999985,9.94006245592827,19.8,5.7,1159.1,5757.5,0.16758233814301823,45.2,1015.0
1412,20,knn,loso,Hagl - SWCC,29.28997,34.93002,01-02-2021 00:00,4891.3,4649.5,-241.80000000000018,241.80000000000018,58467.240000000085,4.9434710608631685,19.8,5.9,1226.0,6526.8,0.15813641523062635,49.4,1014.2
1413,20,knn,loso,Hagl - SWCC,29.28997,34.93002,01-03-2021 00:00,6155.0,5288.159999999999,-866.840000000001,866.840000000001,751411.5856000019,14.083509341998393,21.1,6.9,1819.4,6718.9,0.21308691425693643,46.2,1012.2
1414,20,knn,loso,Hagl - SWCC,29.28997,34.93002,01-04-2021 00:00,7286.0,5688.379999999999,-1597.6200000000008,1597.6200000000008,2552389.6644000025,21.92725775459787,24.8,6.5,1940.6,7505.9,0.2054305827555179,41.6,1010.7
1415,20,knn,loso,Hagl - SWCC,29.28997,34.93002,01-05-2021 00:00,7801.4,5777.340000000001,-2024.0599999999986,2024.0599999999986,4096818.8835999942,25.944830415053694,29.1,5.5,1874.0,8142.2,0.18709690301711226,41.3,1006.8
1416,20,knn,loso,Hagl - SWCC,29.28997,34.93002,01-07-2021 00:00,7859.4,6743.62,-1115.7799999999997,1115.7799999999997,1244965.0083999995,14.19675802224088,31.6,4.9,1346.5,9040.0,0.12963943580609444,47.4,1001.9
1417,20,knn,loso,Hagl - SWCC,29.28997,34.93002,01-08-2021 00:00,7092.8,5832.14,-1260.6599999999999,1260.6599999999999,1589263.6355999997,17.773798781863295,32.2,5.0,1620.8,7617.8,0.17543783690169504,50.8,1003.0
1418,20,knn,loso,Hagl - SWCC,29.28997,34.93002,01-09-2021 00:00,6335.6,6023.4400000000005,-312.15999999999985,312.15999999999985,97443.8655999999,4.927078729717783,29.5,3.8,1365.9,7494.1,0.1541647855530474,53.8,1006.6
1419,20,knn,loso,Hagl - SWCC,29.28997,34.93002,01-10-2021 00:00,5029.6,4409.14,-620.46,620.46,384970.61160000006,12.336169874343884,26.9,0.0,1368.1,6158.4,0.1817710755331163,55.8,1010.4
1420,20,knn,loso,Hagl - SWCC,29.28997,34.93002,01-11-2021 00:00,4057.2,4219.0599999999995,161.85999999999967,161.85999999999967,26198.659599999894,3.9894508528048824,24.3,0.0,1119.1,5762.7,0.16261733848702375,50.2,1012.2
1421,20,knn,loso,Hagl - SWCC,29.28997,34.93002,01-12-2021 00:00,3391.2,4081.2799999999997,690.0799999999999,690.0799999999999,476210.4063999999,20.34913894786506,19.7,0.0,1366.7,4299.0,0.2412235028328362,47.9,1014.6
309,21,knn,loso,Hail - TVTC,27.65261,41.70826,01-01-2017 00:00,4169.5,4251.219999999999,81.71999999999935,81.71999999999935,6678.158399999893,1.9599472358795862,12.2,3.4,1329.8,5620.2,0.19133812949640286,35.6,912.4
310,21,knn,loso,Hail - TVTC,27.65261,41.70826,01-02-2017 00:00,5086.2,4750.66,-335.53999999999996,335.53999999999996,112587.09159999997,6.597066572293657,10.8,3.5,1599.7,6100.3,0.20775324675324675,28.4,912.7
311,21,knn,loso,Hail - TVTC,27.65261,41.70826,01-03-2017 00:00,5446.5,5702.08,255.57999999999993,255.57999999999993,65321.13639999996,4.692554851739648,18.1,3.8,2366.2,4584.1,0.34044573615527385,28.3,908.3
312,21,knn,loso,Hail - TVTC,27.65261,41.70826,01-04-2017 00:00,5863.9,6425.5,561.6000000000004,561.6000000000004,315394.5600000004,9.577243813844035,23.9,4.0,2984.1,3896.2,0.4337165530572795,20.2,909.6
313,21,knn,loso,Hail - TVTC,27.65261,41.70826,01-05-2017 00:00,6227.4,6763.1,535.7000000000007,535.7000000000007,286974.4900000008,8.602305938272806,29.0,3.4,3023.5,4219.2,0.41745481657392963,14.9,907.7
314,21,knn,loso,Hail - TVTC,27.65261,41.70826,01-09-2017 00:00,6546.0,6759.839999999999,213.83999999999924,213.83999999999924,45727.54559999967,3.266727772685598,32.6,3.0,2359.7,5922.3,0.28491910166626416,9.2,907.7
315,21,knn,loso,Hail - TVTC,27.65261,41.70826,01-10-2017 00:00,5714.3,5699.0,-15.300000000000182,15.300000000000182,234.09000000000557,0.2677493306266766,26.8,3.1,1668.9,6630.7,0.2010819798544508,14.4,909.5
316,21,knn,loso,Hail - TVTC,27.65261,41.70826,01-11-2017 00:00,4206.8,4468.92,262.1199999999999,262.1199999999999,68706.89439999995,6.2308643149187,19.1,3.5,1758.8,4498.5,0.28107969891167117,37.9,911.7
317,21,knn,loso,Hail - TVTC,27.65261,41.70826,01-03-2018 00:00,6241.9,6326.219999999999,84.31999999999971,84.31999999999971,7109.862399999951,1.3508707284640848,22.4,3.5,2453.4,5651.8,0.30269456645116716,19.7,909.8
318,21,knn,loso,Hail - TVTC,27.65261,41.70826,01-04-2018 00:00,6813.9,6638.44,-175.46000000000004,175.46000000000004,30786.211600000013,2.5750304524574776,22.3,3.7,2866.1,5310.2,0.3505375292002495,31.2,907.1
319,21,knn,loso,Hail - TVTC,27.65261,41.70826,01-05-2018 00:00,6997.7,7007.840000000001,10.140000000001237,10.140000000001237,102.81960000002509,0.14490475441932688,27.9,3.5,3265.7,4853.3,0.4022293385884961,19.1,907.0
320,21,knn,loso,Hail - TVTC,27.65261,41.70826,01-06-2018 00:00,8237.7,7327.719999999999,-909.9800000000014,909.9800000000014,828063.6004000026,11.046529978027863,32.6,3.2,2404.7,7785.7,0.23597699795886323,11.1,904.9
321,21,knn,loso,Hail - TVTC,27.65261,41.70826,01-07-2018 00:00,8175.3,7622.860000000001,-552.4399999999996,552.4399999999996,305189.95359999954,6.757427861974478,33.5,3.0,2293.6,7876.0,0.22553492762743862,11.3,903.1
322,21,knn,loso,Hail - TVTC,27.65261,41.70826,01-09-2018 00:00,6236.9,5977.82,-259.0799999999999,259.0799999999999,67122.44639999996,4.153986756241081,33.6,2.7,2592.3,5069.1,0.3383585245516485,10.2,907.7
323,21,knn,loso,Hail - TVTC,27.65261,41.70826,01-11-2018 00:00,3453.8,3783.1,329.2999999999997,329.2999999999997,108438.48999999982,9.53442584978863,16.0,3.4,1609.1,3496.3,0.3151760880636189,67.2,912.0
324,21,knn,loso,Hail - TVTC,27.65261,41.70826,01-12-2018 00:00,3842.0,4028.84,186.84000000000015,186.84000000000015,34909.185600000055,4.863092139510675,14.2,3.7,1358.8,5098.9,0.21041547300122335,52.8,913.2
325,21,knn,loso,Hail - TVTC,27.65261,41.70826,01-01-2019 00:00,3652.9,4009.6400000000003,356.74000000000024,356.74000000000024,127263.42760000017,9.765939390621156,13.9,3.6,1815.2,3568.0,0.3371972061227523,39.3,911.7
326,21,knn,loso,Hail - TVTC,27.65261,41.70826,01-02-2019 00:00,4848.6,4595.6,-253.0,253.0,64009.0,5.218001072474529,13.5,3.5,1713.1,5424.7,0.24000392277732635,41.7,911.5
327,21,knn,loso,Hail - TVTC,27.65261,41.70826,01-03-2019 00:00,6418.6,6620.38,201.77999999999975,201.77999999999975,40715.1683999999,3.1436761910696998,15.9,3.7,1872.9,7074.5,0.20932337885866287,27.6,909.2
328,21,knn,loso,Hail - TVTC,27.65261,41.70826,01-04-2019 00:00,6834.9,6799.18,-35.719999999999345,35.719999999999345,1275.9183999999532,0.522611888981541,20.7,3.5,2247.6,6405.1,0.2597570700474996,23.6,908.6
329,21,knn,loso,Hail - TVTC,27.65261,41.70826,01-05-2019 00:00,6724.6,6719.8,-4.800000000000182,4.800000000000182,23.040000000001747,0.071379710317345,29.3,3.5,2655.1,5407.0,0.3293310675878493,14.8,907.8
330,21,knn,loso,Hail - TVTC,27.65261,41.70826,01-07-2019 00:00,8184.0,6931.9,-1252.1000000000004,1252.1000000000004,1567754.4100000008,15.299364613880748,33.7,3.1,1864.7,8552.2,0.17900719023893863,10.2,903.2
331,21,knn,loso,Hail - TVTC,27.65261,41.70826,01-08-2019 00:00,7644.2,6979.360000000001,-664.8399999999992,664.8399999999992,442012.22559999896,8.697312995473682,33.2,3.3,1908.1,7915.6,0.1942343516190437,11.1,904.4
332,21,knn,loso,Hail - TVTC,27.65261,41.70826,01-09-2019 00:00,6659.0,7629.360000000001,970.3600000000006,970.3600000000006,941598.5296000012,14.57215798167894,33.0,3.0,2017.6,6718.7,0.23094445016769113,11.4,906.6
333,21,knn,loso,Hail - TVTC,27.65261,41.70826,01-10-2019 00:00,5007.4,5472.52,465.1200000000008,465.1200000000008,216336.61440000075,9.288652793865095,27.4,2.8,1944.4,4869.2,0.28537043559938946,24.9,909.9
334,21,knn,loso,Hail - TVTC,27.65261,41.70826,01-11-2019 00:00,4172.4,4156.76,-15.639999999999418,15.639999999999418,244.60959999998178,0.3748442143610253,18.1,3.3,1514.5,4990.9,0.2328065914471055,44.6,911.9
335,21,knn,loso,Hail - TVTC,27.65261,41.70826,01-12-2019 00:00,4280.9,4176.54,-104.35999999999967,104.35999999999967,10891.009599999932,2.4378051344343405,13.8,3.0,973.4,6996.3,0.1221375961454007,39.3,912.0
336,21,knn,loso,Hail - TVTC,27.65261,41.70826,01-01-2020 00:00,4555.6,4609.08,53.47999999999956,53.47999999999956,2860.110399999953,1.1739397664412934,10.4,3.3,1023.4,7158.7,0.1250779139829628,36.5,912.6
337,21,knn,loso,Hail - TVTC,27.65261,41.70826,01-02-2020 00:00,5484.9,5250.280000000001,-234.61999999999898,234.61999999999898,55046.54439999952,4.27756203394773,13.9,3.7,1484.5,7092.4,0.17308118317807134,33.9,911.9
338,21,knn,loso,Hail - TVTC,27.65261,41.70826,01-03-2020 00:00,6371.4,6442.38,70.98000000000047,70.98000000000047,5038.160400000067,1.1140408701384386,18.4,4.0,2168.0,6380.4,0.25361471152496373,26.2,908.6
339,21,knn,loso,Hail - TVTC,27.65261,41.70826,01-04-2020 00:00,7199.2,7135.12,-64.07999999999993,64.07999999999993,4106.246399999991,0.8900988998777632,22.9,3.9,2498.0,6482.3,0.2781644265781767,24.9,907.6
340,21,knn,loso,Hail - TVTC,27.65261,41.70826,01-05-2020 00:00,7321.9,6894.359999999999,-427.5400000000009,427.5400000000009,182790.45160000076,5.839194744533535,28.9,3.6,2969.7,5666.2,0.3438784608436874,13.3,908.3
341,21,knn,loso,Hail - TVTC,27.65261,41.70826,01-09-2020 00:00,6805.0,6747.2,-57.80000000000018,57.80000000000018,3340.840000000021,0.8493754592211636,32.5,2.8,1980.6,7021.5,0.22001532975639015,8.9,907.5
342,21,knn,loso,Hail - TVTC,27.65261,41.70826,01-10-2020 00:00,5948.5,6015.179999999999,66.67999999999938,66.67999999999938,4446.222399999918,1.1209548625703856,25.6,2.5,1173.5,8055.1,0.1271590490431918,11.7,911.6
343,21,knn,loso,Hail - TVTC,27.65261,41.70826,01-11-2020 00:00,4203.6,4273.42,69.81999999999971,69.81999999999971,4874.832399999959,1.6609572747169024,18.9,3.4,1584.9,4907.3,0.24412371769199961,43.5,911.6
344,21,knn,loso,Hail - TVTC,27.65261,41.70826,01-12-2020 00:00,3597.5,4293.96,696.46,696.46,485056.53160000005,19.3595552466991,13.6,3.4,1356.6,4611.2,0.2273199504004826,52.0,913.3
345,21,knn,loso,Hail - TVTC,27.65261,41.70826,01-01-2021 00:00,4205.5,4452.84,247.34000000000015,247.34000000000015,61177.07560000007,5.881345856616339,13.0,3.3,1441.0,5379.0,0.21129032258064517,43.9,913.5
346,21,knn,loso,Hail - TVTC,27.65261,41.70826,01-02-2021 00:00,4818.3,4859.32,41.01999999999953,41.01999999999953,1682.6403999999611,0.8513376087001541,14.5,3.7,1657.8,5456.1,0.23303673090709734,41.7,912.1
347,21,knn,loso,Hail - TVTC,27.65261,41.70826,01-03-2021 00:00,6358.1,6586.160000000001,228.0600000000004,228.0600000000004,52011.363600000186,3.586920620940224,20.4,3.9,2499.7,5803.7,0.3010453549148541,20.8,909.7
348,21,knn,loso,Hail - TVTC,27.65261,41.70826,01-04-2021 00:00,7385.1,7126.7,-258.40000000000055,258.40000000000055,66770.56000000029,3.4989370489228384,24.5,3.5,2608.9,6535.3,0.2853065331029505,15.1,910.1
349,21,knn,loso,Hail - TVTC,27.65261,41.70826,01-05-2021 00:00,7637.6,7360.459999999999,-277.14000000000124,277.14000000000124,76806.57960000068,3.628626793757217,30.6,3.2,2423.3,6979.4,0.25772384527848385,9.9,906.7
350,21,knn,loso,Hail - TVTC,27.65261,41.70826,01-07-2021 00:00,7810.3,6931.9,-878.4000000000005,878.4000000000005,771586.560000001,11.246687067078096,35.4,3.1,2111.9,7682.1,0.2156320196038391,9.8,902.3
351,21,knn,loso,Hail - TVTC,27.65261,41.70826,01-08-2021 00:00,7648.0,7253.5599999999995,-394.4400000000005,394.4400000000005,155582.9136000004,5.157426778242685,34.5,3.0,1929.6,7915.2,0.1960019502681619,8.7,904.5
352,21,knn,loso,Hail - TVTC,27.65261,41.70826,01-09-2021 00:00,6641.5,6628.759999999999,-12.740000000000691,12.740000000000691,162.3076000000176,0.1918241361138401,31.3,2.9,2018.3,6679.7,0.23204184870085076,13.4,906.8
353,21,knn,loso,Hail - TVTC,27.65261,41.70826,01-10-2021 00:00,5596.1,6290.5199999999995,694.4199999999992,694.4199999999992,482219.13639999885,12.408999124390183,27.8,3.1,1749.6,6239.5,0.21899838529997118,15.0,910.3
354,21,knn,loso,Hail - TVTC,27.65261,41.70826,01-11-2021 00:00,4565.9,4568.780000000001,2.8800000000010186,2.8800000000010186,8.294400000005867,0.06307628287962984,19.1,2.9,1364.3,6071.7,0.18347229693383538,28.5,912.3
586,22,knn,loso,Jazan - University,16.96035,42.545865,01-01-2017 00:00,4845.9,4697.4800000000005,-148.41999999999916,148.41999999999916,22028.496399999753,3.06279535277243,26.4,2.8,1898.2,4808.7,0.28302196245657457,75.7,1013.9
587,22,knn,loso,Jazan - University,16.96035,42.545865,01-02-2017 00:00,4480.2,6263.62,1783.42,1783.42,3180586.8964000004,39.80670505780992,26.6,3.1,2707.0,2575.1,0.5124855644535317,73.7,1013.3
588,22,knn,loso,Jazan - University,16.96035,42.545865,01-09-2017 00:00,6127.2,5480.360000000001,-646.8399999999992,646.8399999999992,418401.985599999,10.556861209035109,32.8,3.0,2719.6,4304.0,0.38720883877213963,70.6,1005.7
589,22,knn,loso,Jazan - University,16.96035,42.545865,01-10-2017 00:00,5777.2,5129.280000000001,-647.9199999999992,647.9199999999992,419800.3263999989,11.215121512151201,31.4,3.0,2056.1,5247.3,0.28152641235588904,71.2,1009.0
590,22,knn,loso,Jazan - University,16.96035,42.545865,01-11-2017 00:00,4930.5,5311.76,381.2600000000002,381.2600000000002,145359.18760000018,7.732684311935914,29.3,2.9,1890.4,4789.9,0.2829813032348847,68.3,1011.7
591,22,knn,loso,Jazan - University,16.96035,42.545865,01-03-2018 00:00,6358.3,5901.240000000001,-457.0599999999995,457.0599999999995,208903.84359999953,7.1883994149379475,28.2,3.0,2313.2,5432.7,0.29863540711860465,69.3,1010.3
592,22,knn,loso,Jazan - University,16.96035,42.545865,01-04-2018 00:00,6438.9,6607.8,168.90000000000055,168.90000000000055,28527.210000000185,2.623118855705176,30.8,3.2,2756.7,4729.8,0.3682228010418753,67.3,1007.8
593,22,knn,loso,Jazan - University,16.96035,42.545865,01-05-2018 00:00,6626.3,6621.459999999999,-4.840000000001055,4.840000000001055,23.425600000010213,0.07304227095062184,32.2,3.1,3065.2,4422.6,0.4093592243382569,65.3,1005.9
594,22,knn,loso,Jazan - University,16.96035,42.545865,01-06-2018 00:00,5771.5,6133.5599999999995,362.0599999999995,362.0599999999995,131087.44359999962,6.273239192584241,33.4,3.4,3795.9,2355.7,0.6170589765264322,64.7,1003.3
595,22,knn,loso,Jazan - University,16.96035,42.545865,01-07-2018 00:00,5564.3,6115.719999999999,551.4199999999992,551.4199999999992,304064.0163999991,9.909961720252307,33.6,3.1,3912.7,1901.7,0.6729327187671987,62.7,1003.3
596,22,knn,loso,Jazan - University,16.96035,42.545865,01-08-2018 00:00,5592.4,5959.32,366.9200000000001,366.9200000000001,134630.28640000004,6.5610471353980415,33.1,0.9,3454.5,2489.2,0.5812036273701566,66.9,1003.9
597,22,knn,loso,Jazan - University,16.96035,42.545865,01-09-2018 00:00,6013.7,5494.0,-519.6999999999998,519.6999999999998,270088.0899999998,8.64193425012887,33.1,0.2,2776.4,4092.0,0.40422805893657915,68.8,1006.0
598,22,knn,loso,Jazan - University,16.96035,42.545865,01-10-2018 00:00,5312.8,5009.320000000001,-303.47999999999956,303.47999999999956,92100.11039999973,5.7122421322089965,31.0,0.0,2103.8,4681.1,0.3100708927176524,69.3,1009.9
599,22,knn,loso,Jazan - University,16.96035,42.545865,01-01-2019 00:00,4555.0,5162.04,607.04,607.04,368497.56159999996,13.32689352360044,26.5,0.0,2345.3,3542.5,0.3983321444342539,75.3,1014.3
600,22,knn,loso,Jazan - University,16.96035,42.545865,01-02-2019 00:00,5009.4,5627.88,618.4800000000005,618.4800000000005,382517.5104000006,12.346388789076547,27.1,0.0,2780.7,3202.9,0.46472023530984685,72.5,1012.8
601,22,knn,loso,Jazan - University,16.96035,42.545865,01-03-2019 00:00,5803.7,5583.039999999999,-220.66000000000076,220.66000000000076,48690.83560000034,3.8020573082688762,28.0,0.0,2850.6,3932.9,0.42022554728385053,69.4,1011.3
602,22,knn,loso,Jazan - University,16.96035,42.545865,01-04-2019 00:00,6218.7,6813.6,594.9000000000005,594.9000000000005,353906.01000000065,9.56630807081867,30.3,0.0,2973.3,4159.3,0.41686061183860024,69.9,1008.8
603,22,knn,loso,Jazan - University,16.96035,42.545865,01-05-2019 00:00,6336.4,6168.54,-167.85999999999967,167.85999999999967,28176.97959999989,2.649138311975249,32.9,0.0,2598.0,4736.9,0.35419705790126654,58.4,1007.0
604,22,knn,loso,Jazan - University,16.96035,42.545865,01-06-2019 00:00,5858.4,5947.3,88.90000000000055,88.90000000000055,7903.210000000097,1.5174791752014296,33.8,0.0,3270.2,3108.3,0.5126910715685505,66.0,1003.7
605,22,knn,loso,Jazan - University,16.96035,42.545865,01-07-2019 00:00,5692.1,6197.12,505.0199999999995,505.0199999999995,255045.20039999954,8.872296691906318,33.8,0.0,3737.2,2264.7,0.6226694879954681,62.9,1002.2
606,22,knn,loso,Jazan - University,16.96035,42.545865,01-08-2019 00:00,5297.0,5661.8,364.8000000000002,364.8000000000002,133079.04000000012,6.886917122899757,32.4,0.0,3286.6,2389.9,0.5789835285827535,67.5,1004.8
607,22,knn,loso,Jazan - University,16.96035,42.545865,01-09-2019 00:00,5832.6,6002.0,169.39999999999964,169.39999999999964,28696.359999999877,2.9043651201865313,32.5,0.0,2756.8,3856.2,0.41687585059730836,68.1,1004.9
608,22,knn,loso,Jazan - University,16.96035,42.545865,01-10-2019 00:00,5463.7,5074.9,-388.8000000000002,388.8000000000002,151165.44000000015,7.116056884528803,30.9,0.0,1948.9,4979.8,0.28127931646629234,65.4,1009.4
609,22,knn,loso,Jazan - University,16.96035,42.545865,01-11-2019 00:00,4841.9,5280.06,438.16000000000076,438.16000000000076,191984.18560000067,9.04934013507096,29.3,0.0,1881.3,4659.0,0.2876473556258887,63.9,1010.6
610,22,knn,loso,Jazan - University,16.96035,42.545865,01-12-2019 00:00,4326.8,4950.280000000001,623.4800000000005,623.4800000000005,388727.3104000006,14.409725432190083,27.8,0.0,1920.6,4072.9,0.320447151080337,60.2,1012.5
611,22,knn,loso,Jazan - University,16.96035,42.545865,01-01-2020 00:00,4546.7,3999.0800000000004,-547.6199999999994,547.6199999999994,299887.66439999937,12.044339850880846,26.3,0.3,1938.8,4213.2,0.31514954486345903,62.6,1014.6
612,22,knn,loso,Jazan - University,16.96035,42.545865,01-02-2020 00:00,4908.3,5671.9,763.5999999999995,763.5999999999995,583084.9599999991,15.557321272130869,26.8,3.2,2796.9,3092.3,0.4749201928954696,63.9,1013.8
613,22,knn,loso,Jazan - University,16.96035,42.545865,01-03-2020 00:00,5625.9,5526.12,-99.77999999999975,99.77999999999975,9956.048399999949,1.7735828934037177,28.1,3.3,2985.8,3471.4,0.4623985628445766,64.9,1010.4
614,22,knn,loso,Jazan - University,16.96035,42.545865,01-04-2020 00:00,6391.6,5550.040000000001,-841.5599999999995,841.5599999999995,708223.2335999991,13.166656236310148,30.8,3.3,2487.2,5109.0,0.32742687133040205,66.0,1008.9
615,22,knn,loso,Jazan - University,16.96035,42.545865,01-09-2020 00:00,5985.6,5940.76,-44.840000000000146,44.840000000000146,2010.625600000013,0.7491312483293261,32.7,2.6,2576.3,4338.2,0.37259382457155255,68.5,1004.8
616,22,knn,loso,Jazan - University,16.96035,42.545865,01-10-2020 00:00,5765.0,5440.4400000000005,-324.5599999999995,324.5599999999995,105339.19359999966,5.62983521248915,31.4,2.7,1720.7,5828.1,0.2279435142009326,66.3,1009.0
617,22,knn,loso,Jazan - University,16.96035,42.545865,01-11-2020 00:00,4773.8,5112.2,338.39999999999964,338.39999999999964,114514.55999999975,7.088692446269211,29.5,2.8,1916.2,4469.8,0.3000626370184779,69.0,1011.9
618,22,knn,loso,Jazan - University,16.96035,42.545865,01-12-2020 00:00,4470.6,4979.879999999999,509.27999999999884,509.27999999999884,259366.1183999988,11.39175949536972,27.6,2.6,1809.1,4512.5,0.28617754998734496,68.5,1013.1
619,22,knn,loso,Jazan - University,16.96035,42.545865,01-01-2021 00:00,4567.8,5142.240000000001,574.4400000000005,574.4400000000005,329981.3136000006,12.57585708656247,25.9,2.5,2039.8,4135.8,0.3302998898892415,67.5,1013.5
620,22,knn,loso,Jazan - University,16.96035,42.545865,01-02-2021 00:00,4771.7,4802.64,30.94000000000051,30.94000000000051,957.2836000000315,0.6484062283882162,26.2,2.8,2167.7,3835.3,0.3611027819423621,66.7,1012.9
621,22,knn,loso,Jazan - University,16.96035,42.545865,01-03-2021 00:00,6135.9,6001.5199999999995,-134.3800000000001,134.3800000000001,18057.98440000003,2.1900617676298526,28.4,2.7,2459.1,4951.1,0.3318533912714906,66.9,1010.2
622,22,knn,loso,Jazan - University,16.96035,42.545865,01-04-2021 00:00,6471.7,6253.12,-218.57999999999993,218.57999999999993,47777.21639999997,3.3774742339725257,30.2,2.8,2649.0,4894.8,0.3511492881571622,65.2,1008.9
623,22,knn,loso,Jazan - University,16.96035,42.545865,01-05-2021 00:00,6409.8,6141.9,-267.90000000000055,267.90000000000055,71770.4100000003,4.179537583075923,32.3,2.6,2731.9,4649.9,0.37008588691105154,66.1,1006.3
624,22,knn,loso,Jazan - University,16.96035,42.545865,01-07-2021 00:00,5168.4,5287.26,118.86000000000058,118.86000000000058,14127.699600000138,2.2997446018110166,33.0,3.2,3252.6,2258.3,0.5902121250612423,65.4,1002.7
625,22,knn,loso,Jazan - University,16.96035,42.545865,01-08-2021 00:00,5508.7,5540.7,32.0,32.0,1024.0,0.5808993047361446,33.2,2.6,3038.2,2985.1,0.5044078827220959,70.0,1003.7
626,22,knn,loso,Jazan - University,16.96035,42.545865,01-09-2021 00:00,5653.7,5798.78,145.07999999999993,145.07999999999993,21048.206399999977,2.56610715106921,32.9,2.0,2713.4,3697.1,0.42327431557600814,69.5,1004.7
627,22,knn,loso,Jazan - University,16.96035,42.545865,01-10-2021 00:00,5472.3,5315.6,-156.69999999999982,156.69999999999982,24554.88999999994,2.8635125998209126,31.5,0.3,2142.3,4702.2,0.31299583607275916,70.3,1008.9
628,22,knn,loso,Jazan - University,16.96035,42.545865,01-11-2021 00:00,4887.3,4984.1,96.80000000000018,96.80000000000018,9370.240000000034,1.9806437092054954,29.7,0.0,1707.7,5022.5,0.2537368874624826,68.8,1011.3
629,22,knn,loso,Jazan - University,16.96035,42.545865,01-12-2021 00:00,4518.0,4984.1,466.10000000000036,466.10000000000036,217249.21000000034,10.316511730854367,27.5,0.0,1608.2,4876.1,0.24801443486575267,70.3,1013.5
1603,23,knn,loso,Jeddah - KAU,21.49604,39.24492,01-01-2017 00:00,4179.9,4545.3,365.40000000000055,365.40000000000055,133517.1600000004,8.741835929089227,25.6,3.4,1566.2,4609.3,0.2536150918953931,80.0,1007.6
1604,23,knn,loso,Jeddah - KAU,21.49604,39.24492,01-02-2017 00:00,4052.3,4864.9,812.5999999999995,812.5999999999995,660318.7599999991,20.05280951558373,24.8,4.4,2134.6,2999.4,0.41577717179587065,63.8,1007.1
1605,23,knn,loso,Jeddah - KAU,21.49604,39.24492,01-03-2017 00:00,5072.3,5174.56,102.26000000000022,102.26000000000022,10457.107600000045,2.0160479466908545,26.8,4.1,2542.8,3507.3,0.4202905737095255,72.5,1003.5
1606,23,knn,loso,Jeddah - KAU,21.49604,39.24492,01-04-2017 00:00,5700.8,5979.14,278.34000000000015,278.34000000000015,77473.15560000009,4.882472635419592,30.9,4.2,2830.8,3692.8,0.4339321846833037,60.5,1002.2
1607,23,knn,loso,Jeddah - KAU,21.49604,39.24492,01-05-2017 00:00,6236.0,6159.18,-76.81999999999971,76.81999999999971,5901.312399999955,1.2318794098781223,33.5,4.2,2791.6,4368.0,0.3899100508408291,55.1,1000.6
1608,23,knn,loso,Jeddah - KAU,21.49604,39.24492,01-06-2017 00:00,6628.0,6322.320000000001,-305.6799999999994,305.6799999999994,93440.26239999963,4.611949305974643,33.7,3.9,2515.2,5244.5,0.32413624238050437,65.0,996.9
1609,23,knn,loso,Jeddah - KAU,21.49604,39.24492,01-09-2017 00:00,5981.7,6063.26,81.5600000000004,81.5600000000004,6652.033600000065,1.3634919838841868,33.9,3.6,2723.3,4310.0,0.3872008872079963,77.9,998.8
1610,23,knn,loso,Jeddah - KAU,21.49604,39.24492,01-10-2017 00:00,5562.0,5628.86,66.85999999999967,66.85999999999967,4470.259599999957,1.2020855807263515,31.4,3.6,1835.5,5582.8,0.24742865616111506,85.1,1002.5
1611,23,knn,loso,Jeddah - KAU,21.49604,39.24492,01-11-2017 00:00,4469.3,5571.719999999999,1102.4199999999992,1102.4199999999992,1215329.856399998,24.666502584297298,29.2,3.3,1802.6,4521.0,0.28505914352583966,83.0,1005.0
1612,23,knn,loso,Jeddah - KAU,21.49604,39.24492,01-03-2018 00:00,6348.6,6892.32,543.7199999999993,543.7199999999993,295631.4383999993,8.564407900954532,28.5,3.3,2259.9,5876.0,0.2777689007976991,50.1,1003.6
1613,23,knn,loso,Jeddah - KAU,21.49604,39.24492,01-04-2018 00:00,6918.0,6943.9,25.899999999999636,25.899999999999636,670.8099999999812,0.37438566059554257,29.7,3.7,2655.6,5662.2,0.3192671139003102,46.4,1001.4
1614,23,knn,loso,Jeddah - KAU,21.49604,39.24492,01-05-2018 00:00,7145.1,7234.42,89.31999999999971,89.31999999999971,7978.062399999948,1.2500874725336204,33.4,4.0,3077.0,5216.1,0.37103133930617016,40.2,999.3
1615,23,knn,loso,Jeddah - KAU,21.49604,39.24492,01-06-2018 00:00,7049.4,7217.160000000001,167.76000000000113,167.76000000000113,28143.41760000038,2.3797770022980838,33.9,4.2,3198.7,4900.1,0.39495974712303056,46.2,997.1
1616,23,knn,loso,Jeddah - KAU,21.49604,39.24492,01-07-2018 00:00,6883.0,7035.879999999999,152.8799999999992,152.8799999999992,23372.294399999755,2.221124509661473,34.7,3.8,3023.7,4886.1,0.38227262383372523,44.2,997.2
1617,23,knn,loso,Jeddah - KAU,21.49604,39.24492,01-08-2018 00:00,6584.6,6841.479999999999,256.8799999999983,256.8799999999983,65987.33439999912,3.9012240682805075,34.5,4.1,2592.3,5172.4,0.3338570711038418,50.0,997.4
1618,23,knn,loso,Jeddah - KAU,21.49604,39.24492,01-09-2018 00:00,5723.0,6022.7,299.6999999999998,299.6999999999998,89820.0899999999,5.236763934999123,33.4,3.0,3065.4,3435.0,0.47157098024736943,64.1,998.9
1619,23,knn,loso,Jeddah - KAU,21.49604,39.24492,01-10-2018 00:00,5027.9,5109.820000000001,81.92000000000098,81.92000000000098,6710.886400000161,1.6293084587999163,31.3,2.8,2094.4,4373.8,0.32379951145604646,61.2,1003.1
1620,23,knn,loso,Jeddah - KAU,21.49604,39.24492,01-11-2018 00:00,3939.4,4390.18,450.7800000000002,450.7800000000002,203202.60840000017,11.442859318677977,27.7,2.9,1792.8,3701.1,0.3263255610768307,58.3,1005.1
1621,23,knn,loso,Jeddah - KAU,21.49604,39.24492,01-12-2018 00:00,3797.9,4300.04,502.1399999999999,502.1399999999999,252144.57959999988,13.2215171542168,25.7,3.7,1753.3,3762.9,0.31784561836046554,62.6,1007.5
1622,23,knn,loso,Jeddah - KAU,21.49604,39.24492,01-01-2019 00:00,3970.1,5041.04,1070.94,1070.94,1146912.4836000002,26.975139165260327,25.1,3.4,2042.4,3345.4,0.37907865919299155,65.3,1007.5
1623,23,knn,loso,Jeddah - KAU,21.49604,39.24492,01-02-2019 00:00,4629.8,5396.74,766.9399999999996,766.9399999999996,588196.9635999994,16.565294397166173,25.0,4.1,2151.7,3871.2,0.35725315047568446,56.0,1006.5
1624,23,knn,loso,Jeddah - KAU,21.49604,39.24492,01-03-2019 00:00,6041.3,6280.2,238.89999999999964,238.89999999999964,57073.209999999825,3.9544468905699044,25.1,4.4,2348.2,5361.8,0.3045654993514915,51.9,1005.3
1625,23,knn,loso,Jeddah - KAU,21.49604,39.24492,01-04-2019 00:00,6618.6,6441.839999999999,-176.76000000000113,176.76000000000113,31244.097600000398,2.670655425618728,28.6,3.8,2576.9,5463.5,0.3204940052733695,49.1,1002.5
1626,23,knn,loso,Jeddah - KAU,21.49604,39.24492,01-05-2019 00:00,6524.3,6326.0,-198.30000000000018,198.30000000000018,39322.89000000007,3.039406526370648,33.6,2.6,2746.2,4804.7,0.3636917453548584,43.8,1000.3
1627,23,knn,loso,Jeddah - KAU,21.49604,39.24492,01-06-2019 00:00,6589.8,6442.32,-147.48000000000047,147.48000000000047,21750.35040000014,2.2380041882910024,34.9,4.5,3057.6,4456.4,0.40692041522491346,43.8,997.4
1628,23,knn,loso,Jeddah - KAU,21.49604,39.24492,01-07-2019 00:00,6880.8,7169.139999999999,288.33999999999924,288.33999999999924,83139.95559999956,4.190501104522719,34.9,4.2,2642.1,5472.3,0.3256063294883171,43.7,996.2
1629,23,knn,loso,Jeddah - KAU,21.49604,39.24492,01-08-2019 00:00,6475.4,6524.799999999999,49.399999999999636,49.399999999999636,2440.359999999964,0.7628872347654143,34.1,3.7,2437.3,5252.1,0.31696881421177203,54.8,998.0
1630,23,knn,loso,Jeddah - KAU,21.49604,39.24492,01-09-2019 00:00,5790.5,6143.3,352.8000000000002,352.8000000000002,124467.84000000013,6.092738105517662,32.9,3.7,2502.0,4294.4,0.36813607203813786,61.3,998.2
1631,23,knn,loso,Jeddah - KAU,21.49604,39.24492,01-10-2019 00:00,5083.3,6171.84,1088.54,1088.54,1184919.3316,21.41404205929219,31.6,2.7,2204.6,4315.5,0.3381236484103004,62.8,1002.5
1632,23,knn,loso,Jeddah - KAU,21.49604,39.24492,01-11-2019 00:00,4252.7,4798.26,545.5600000000004,545.5600000000004,297635.7136000004,12.828555976203363,29.2,2.8,1605.0,4497.7,0.2629983449948384,59.6,1003.8
1633,23,knn,loso,Jeddah - KAU,21.49604,39.24492,01-12-2019 00:00,4059.6,4540.9400000000005,481.3400000000006,481.3400000000006,231688.1956000006,11.856833185535535,25.7,4.0,1565.7,4614.5,0.25334131581502217,57.4,1006.5
1634,23,knn,loso,Jeddah - KAU,21.49604,39.24492,01-01-2020 00:00,4583.7,4474.32,-109.38000000000011,109.38000000000011,11963.984400000023,2.3862818247267517,22.6,4.4,1415.2,5733.1,0.1979771414182393,52.3,1009.2
1635,23,knn,loso,Jeddah - KAU,21.49604,39.24492,01-02-2020 00:00,4780.0,5690.94,910.9399999999996,910.9399999999996,829811.6835999993,19.057322175732207,23.9,3.9,2208.5,4053.1,0.35270537881691577,58.5,1007.7
1636,23,knn,loso,Jeddah - KAU,21.49604,39.24492,01-03-2020 00:00,5935.3,6205.68,270.3800000000001,270.3800000000001,73105.34440000006,4.55545633750611,25.7,4.0,2378.5,4998.4,0.32242540904716077,57.1,1003.9
1637,23,knn,loso,Jeddah - KAU,21.49604,39.24492,01-04-2020 00:00,6537.0,6219.120000000001,-317.8799999999992,317.8799999999992,101047.6943999995,4.862781092244137,28.2,3.3,2184.2,5974.0,0.26773062685396287,54.4,1002.7
1638,23,knn,loso,Jeddah - KAU,21.49604,39.24492,01-05-2020 00:00,6427.6,6618.7,191.09999999999945,191.09999999999945,36519.20999999979,2.9731159375194385,31.9,3.8,2462.4,5198.2,0.3214369631621544,48.8,1000.7
1639,23,knn,loso,Jeddah - KAU,21.49604,39.24492,01-09-2020 00:00,5847.3,6079.339999999999,232.03999999999905,232.03999999999905,53842.561599999564,3.9683272621551664,34.2,2.7,2430.1,4579.5,0.3466816936772426,60.5,997.6
1640,23,knn,loso,Jeddah - KAU,21.49604,39.24492,01-10-2020 00:00,5407.9,5304.08,-103.81999999999971,103.81999999999971,10778.59239999994,1.919784019674915,32.3,2.3,1707.8,5708.9,0.23026413364434317,52.5,1002.1
1641,23,knn,loso,Jeddah - KAU,21.49604,39.24492,01-11-2020 00:00,4208.8,4372.82,164.01999999999953,164.01999999999953,26902.560399999846,3.897072799847926,28.5,3.4,1550.9,4592.0,0.25247033160233767,64.0,1005.1
1642,23,knn,loso,Jeddah - KAU,21.49604,39.24492,01-12-2020 00:00,3885.5,3903.6399999999994,18.139999999999418,18.139999999999418,329.0595999999789,0.4668639814695514,26.5,3.1,1687.9,4103.0,0.29147455490510976,60.3,1006.3
1643,23,knn,loso,Jeddah - KAU,21.49604,39.24492,01-01-2021 00:00,4281.3,5092.7,811.3999999999996,811.3999999999996,658369.9599999994,18.952187419708956,25.4,3.3,1719.6,4525.4,0.2753562850280224,61.7,1006.7
1644,23,knn,loso,Jeddah - KAU,21.49604,39.24492,01-02-2021 00:00,4820.6,5605.120000000001,784.5200000000004,784.5200000000004,615471.6304000007,16.27432269841929,24.7,3.7,1769.2,4875.9,0.26624129057501017,60.2,1006.5
1645,23,knn,loso,Jeddah - KAU,21.49604,39.24492,01-09-2021 00:00,5596.1,5937.76,341.65999999999985,341.65999999999985,116731.5555999999,6.105323350190308,32.6,4.0,2585.6,3944.4,0.3959571209800919,66.2,998.3
1646,23,knn,loso,Jeddah - KAU,21.49604,39.24492,01-10-2021 00:00,5173.6,5248.9,75.29999999999927,75.29999999999927,5670.08999999989,1.4554662130817857,30.9,0.7,1797.1,5048.1,0.26253433062584,69.1,1002.3
1647,23,knn,loso,Jeddah - KAU,21.49604,39.24492,01-11-2021 00:00,4184.6,4769.959999999999,585.3599999999988,585.3599999999988,342646.32959999854,13.988433781006519,28.4,0.0,1386.1,4797.1,0.22417194979945654,67.6,1004.8
1648,23,knn,loso,Jeddah - KAU,21.49604,39.24492,01-12-2021 00:00,3625.7,3898.5,272.8000000000002,272.8000000000002,74419.8400000001,7.524064318614341,26.1,0.0,1689.8,3558.4,0.32197705880111277,66.8,1007.0
41,24,knn,loso,Layla - TVTC,22.27948,46.73319,01-01-2017 00:00,4876.1,4575.3,-300.8000000000002,300.8000000000002,90480.64000000012,6.168864461352314,18.6,2.3,1507.6,6091.5,0.19839191483201957,32.7,954.8
42,24,knn,loso,Layla - TVTC,22.27948,46.73319,01-02-2017 00:00,4616.1,4727.4,111.29999999999927,111.29999999999927,12387.689999999839,2.411126275427293,16.9,2.5,2531.8,3249.8,0.4379064618790646,44.6,955.1
43,24,knn,loso,Layla - TVTC,22.27948,46.73319,01-03-2017 00:00,5561.4,6004.879999999999,443.47999999999956,443.47999999999956,196674.51039999962,7.974251087855569,24.2,2.9,2994.1,3519.2,0.4596901724164402,42.2,949.9
44,24,knn,loso,Layla - TVTC,22.27948,46.73319,01-04-2017 00:00,7234.4,7054.62,-179.77999999999975,179.77999999999975,32320.848399999908,2.4850713258874233,30.7,2.5,2940.1,5645.8,0.3424335247324101,18.9,949.4
45,24,knn,loso,Layla - TVTC,22.27948,46.73319,01-05-2017 00:00,7183.5,7125.42,-58.07999999999993,58.07999999999993,3373.2863999999918,0.8085195239089571,35.5,2.4,3519.0,4607.1,0.43304906412670285,17.6,946.3
46,24,knn,loso,Layla - TVTC,22.27948,46.73319,01-06-2017 00:00,7708.1,7560.9800000000005,-147.1199999999999,147.1199999999999,21644.294399999966,1.9086415588796188,37.8,2.7,3129.9,5882.6,0.3472843273231623,9.8,942.4
47,24,knn,loso,Layla - TVTC,22.27948,46.73319,01-09-2017 00:00,7081.8,6344.74,-737.0600000000004,737.0600000000004,543257.4436000006,10.40780592504731,35.2,2.3,2113.6,6908.4,0.23427178009310573,12.0,945.2
48,24,knn,loso,Layla - TVTC,22.27948,46.73319,01-10-2017 00:00,6346.5,5915.42,-431.0799999999999,431.0799999999999,185829.96639999995,6.792405262743244,30.2,2.1,1599.1,7406.4,0.1775692632280273,17.5,950.2
49,24,knn,loso,Layla - TVTC,22.27948,46.73319,01-11-2017 00:00,5221.3,4822.9800000000005,-398.3199999999997,398.3199999999997,158658.82239999977,7.6287514603642705,23.5,2.0,1532.9,6449.1,0.1920446003507893,33.0,953.4
50,24,knn,loso,Layla - TVTC,22.27948,46.73319,01-03-2018 00:00,6698.7,5851.76,-846.9399999999996,846.9399999999996,717307.3635999993,12.643348709451082,25.9,2.6,2424.9,6159.7,0.28247093632784287,22.2,950.9
51,24,knn,loso,Layla - TVTC,22.27948,46.73319,01-04-2018 00:00,6787.2,7185.140000000001,397.9400000000014,397.9400000000014,158356.24360000112,5.863095238095259,28.6,3.1,3720.5,3832.4,0.49259224933469264,30.9,948.0
52,24,knn,loso,Layla - TVTC,22.27948,46.73319,01-05-2018 00:00,7406.8,7188.82,-217.98000000000047,217.98000000000047,47515.28040000021,2.9429713236485457,33.3,2.8,3444.5,5047.0,0.40564093505269977,17.9,946.1
53,24,knn,loso,Layla - TVTC,22.27948,46.73319,01-06-2018 00:00,7584.6,7396.139999999999,-188.46000000000095,188.46000000000095,35517.17160000036,2.4847717743849502,37.8,2.6,3746.8,4811.7,0.4377869953847053,12.2,941.7
54,24,knn,loso,Layla - TVTC,22.27948,46.73319,01-07-2018 00:00,7466.0,7586.82,120.81999999999971,120.81999999999971,14597.47239999993,1.61826948834717,38.9,2.7,3551.7,4934.3,0.41853641291539,10.9,939.0
55,24,knn,loso,Layla - TVTC,22.27948,46.73319,01-08-2018 00:00,7273.2,7346.94,73.73999999999978,73.73999999999978,5437.587599999968,1.0138590991585519,38.0,2.8,3072.9,5420.4,0.36180283282116493,13.1,940.5
56,24,knn,loso,Layla - TVTC,22.27948,46.73319,01-09-2018 00:00,6883.2,6344.74,-538.46,538.46,289939.17160000006,7.822814969781498,36.0,2.4,2311.1,6303.5,0.2682771109511759,14.7,945.1
57,24,knn,loso,Layla - TVTC,22.27948,46.73319,01-10-2018 00:00,5925.0,5351.879999999999,-573.1200000000008,573.1200000000008,328466.53440000094,9.672911392405076,29.4,2.3,1934.9,6075.4,0.24155150244060775,29.1,951.2
58,24,knn,loso,Layla - TVTC,22.27948,46.73319,01-11-2018 00:00,4780.8,4299.1,-481.6999999999998,481.6999999999998,232034.8899999998,10.075719544846047,23.6,2.7,1932.0,4908.4,0.28243962341383544,41.1,953.2
59,24,knn,loso,Layla - TVTC,22.27948,46.73319,01-12-2018 00:00,4692.0,4648.9400000000005,-43.05999999999949,43.05999999999949,1854.1635999999562,0.9177323103154197,19.0,2.2,1472.6,6052.0,0.19570475507003693,45.1,955.5
60,24,knn,loso,Layla - TVTC,22.27948,46.73319,01-01-2019 00:00,4759.5,4482.3,-277.1999999999998,277.1999999999998,76839.8399999999,5.824141191301604,18.4,2.5,2151.3,4667.5,0.31549539508417906,34.2,955.3
61,24,knn,loso,Layla - TVTC,22.27948,46.73319,01-02-2019 00:00,5422.8,4862.140000000001,-560.659999999999,560.659999999999,314339.6355999988,10.338939293353967,19.4,2.8,2465.4,4623.9,0.3477635309551014,32.3,953.5
62,24,knn,loso,Layla - TVTC,22.27948,46.73319,01-03-2019 00:00,6304.4,6528.259999999999,223.85999999999967,223.85999999999967,50113.29959999985,3.550853372247949,22.9,2.7,3166.7,4375.8,0.4198475306595956,24.4,950.8
63,24,knn,loso,Layla - TVTC,22.27948,46.73319,01-04-2019 00:00,6610.5,6295.26,-315.2399999999998,315.2399999999998,99376.25759999987,4.768776945768092,27.4,2.4,3325.2,4240.9,0.4394866575910971,33.1,949.0
64,24,knn,loso,Layla - TVTC,22.27948,46.73319,01-05-2019 00:00,6704.8,6782.58,77.77999999999975,77.77999999999975,6049.72839999996,1.1600644314520903,33.6,2.4,3436.5,4137.9,0.4536993029150824,20.8,947.0
65,24,knn,loso,Layla - TVTC,22.27948,46.73319,01-06-2019 00:00,7413.6,7511.18,97.57999999999993,97.57999999999993,9521.856399999986,1.3162296320276239,38.1,2.4,2893.3,5815.2,0.33223861744272837,11.8,942.6
66,24,knn,loso,Layla - TVTC,22.27948,46.73319,01-07-2019 00:00,7562.4,7116.579999999999,-445.8200000000006,445.8200000000006,198755.47240000055,5.895218449169584,38.7,2.7,3026.4,5803.0,0.3427639477201169,11.6,939.5
67,24,knn,loso,Layla - TVTC,22.27948,46.73319,01-08-2019 00:00,7529.1,7566.3,37.19999999999982,37.19999999999982,1383.8399999999865,0.4940829581224823,38.0,2.3,2532.8,6574.1,0.27811878905006093,12.1,941.0
68,24,knn,loso,Layla - TVTC,22.27948,46.73319,01-09-2019 00:00,6903.7,6344.74,-558.96,558.96,312436.28160000005,8.09652794878109,35.5,2.4,2127.3,6621.3,0.24315890542486798,16.9,944.7
69,24,knn,loso,Layla - TVTC,22.27948,46.73319,01-10-2019 00:00,6062.9,5768.840000000001,-294.0599999999986,294.0599999999986,86471.28359999917,4.850154216628983,30.9,2.0,1746.7,6659.7,0.2077821659687857,21.8,949.6
70,24,knn,loso,Layla - TVTC,22.27948,46.73319,01-11-2019 00:00,4899.4,4246.1,-653.2999999999993,653.2999999999993,426800.889999999,13.334285830918057,22.7,2.0,1723.7,5485.0,0.23911384854412032,41.9,953.3
71,24,knn,loso,Layla - TVTC,22.27948,46.73319,01-12-2019 00:00,4472.2,4230.54,-241.65999999999985,241.65999999999985,58399.55559999993,5.403604489960196,18.8,2.3,1374.2,5895.9,0.18902078375813264,43.1,954.4
72,24,knn,loso,Layla - TVTC,22.27948,46.73319,01-01-2020 00:00,5040.7,4566.339999999999,-474.3600000000006,474.3600000000006,225017.40960000057,9.410597734441657,16.3,2.4,1473.9,6498.5,0.18487531985349456,35.5,955.1
73,24,knn,loso,Layla - TVTC,22.27948,46.73319,01-02-2020 00:00,5617.1,5406.160000000001,-210.9399999999996,210.9399999999996,44495.68359999983,3.7553185807623075,19.8,2.6,2383.7,5143.7,0.3166697664532242,25.9,954.4
74,24,knn,loso,Layla - TVTC,22.27948,46.73319,01-03-2020 00:00,6578.6,6600.379999999999,21.779999999998836,21.779999999998836,474.3683999999493,0.33107348067976217,24.3,2.6,3107.7,4811.8,0.392411137066734,23.7,949.9
75,24,knn,loso,Layla - TVTC,22.27948,46.73319,01-04-2020 00:00,6680.1,6781.359999999999,101.2599999999984,101.2599999999984,10253.587599999675,1.5158455711740602,29.2,2.7,3371.3,4290.1,0.44003706894301303,34.9,948.0
76,24,knn,loso,Layla - TVTC,22.27948,46.73319,01-05-2020 00:00,7397.1,6907.26,-489.84000000000015,489.84000000000015,239943.22560000015,6.622054588960541,34.1,2.6,3319.9,5199.9,0.38966877156740776,16.1,946.8
77,24,knn,loso,Layla - TVTC,22.27948,46.73319,01-09-2020 00:00,7018.5,6817.079999999999,-201.42000000000098,201.42000000000098,40570.01640000039,2.869843983757227,35.0,2.2,2071.4,6883.4,0.23131728235136467,14.4,944.7
78,24,knn,loso,Layla - TVTC,22.27948,46.73319,01-10-2020 00:00,6364.6,6259.4800000000005,-105.11999999999989,105.11999999999989,11050.214399999977,1.6516356094648508,28.0,2.2,1289.4,8065.7,0.1378285640987269,17.0,950.6
79,24,knn,loso,Layla - TVTC,22.27948,46.73319,01-11-2020 00:00,5140.4,4786.76,-353.6399999999994,353.6399999999994,125061.24959999959,6.879620263014541,23.2,2.0,1265.0,6865.6,0.1555850736722997,34.8,953.5
80,24,knn,loso,Layla - TVTC,22.27948,46.73319,01-12-2020 00:00,4621.5,4353.9,-267.60000000000036,267.60000000000036,71609.7600000002,5.790327815644279,18.0,2.3,1407.7,6100.6,0.1874858489937802,44.0,955.6
81,24,knn,loso,Layla - TVTC,22.27948,46.73319,01-01-2021 00:00,4847.6,4190.64,-656.96,656.96,431596.4416,13.552273289875401,17.1,2.1,1504.9,6045.3,0.19931922333183227,36.7,955.8
82,24,knn,loso,Layla - TVTC,22.27948,46.73319,01-02-2021 00:00,5678.9,5659.08,-19.81999999999971,19.81999999999971,392.83239999998847,0.34901125217911405,19.6,2.6,1881.4,6161.0,0.23393514373818763,31.9,953.9
83,24,knn,loso,Layla - TVTC,22.27948,46.73319,01-03-2021 00:00,6715.8,6593.4,-122.40000000000055,122.40000000000055,14981.760000000133,1.8225676762262208,25.6,2.7,2776.8,5583.3,0.3321491369720458,18.4,950.8
84,24,knn,loso,Layla - TVTC,22.27948,46.73319,01-04-2021 00:00,7200.0,6791.240000000001,-408.7599999999993,408.7599999999993,167084.73759999944,5.677222222222213,29.8,2.3,2991.0,5516.0,0.35159280592453274,15.4,949.1
85,24,knn,loso,Layla - TVTC,22.27948,46.73319,01-05-2021 00:00,7908.5,6983.08,-925.4200000000001,925.4200000000001,856402.1764000001,11.701586900170703,35.3,2.1,2868.5,6453.2,0.30772284025446,11.3,944.8
86,24,knn,loso,Layla - TVTC,22.27948,46.73319,01-07-2021 00:00,7298.5,6908.42,-390.0799999999999,390.0799999999999,152162.40639999995,5.3446598616153995,37.9,2.4,3041.2,5476.1,0.35706151010296694,22.0,938.4
87,24,knn,loso,Layla - TVTC,22.27948,46.73319,01-08-2021 00:00,7328.8,6657.3,-671.5,671.5,450912.25,9.162482261761816,38.3,2.5,2865.8,5796.8,0.3308244637868538,14.4,941.1
88,24,knn,loso,Layla - TVTC,22.27948,46.73319,01-09-2021 00:00,7008.4,6816.659999999999,-191.7400000000007,191.7400000000007,36764.22760000027,2.735859825352444,34.3,2.5,2223.0,6629.5,0.2511155040948885,14.4,944.2
89,24,knn,loso,Layla - TVTC,22.27948,46.73319,01-10-2021 00:00,6124.2,5768.840000000001,-355.35999999999876,355.35999999999876,126280.72959999912,5.802553802945671,30.4,2.3,1722.3,6798.2,0.20213602488116894,20.8,950.0
90,24,knn,loso,Layla - TVTC,22.27948,46.73319,01-11-2021 00:00,5205.4,5516.159999999999,310.7599999999993,310.7599999999993,96571.77759999956,5.969954278249498,24.0,1.9,1438.3,6557.9,0.179872939646332,28.4,953.1
91,24,knn,loso,Layla - TVTC,22.27948,46.73319,01-12-2021 00:00,4724.3,4482.3,-242.0,242.0,58564.0,5.122452003471413,18.4,1.7,1425.4,6196.0,0.18702600572073375,37.4,955.3
355,25,knn,loso,Madinah - Taibah University,24.4846,39.5418,01-01-2017 00:00,4222.1,4622.539999999999,400.4399999999987,400.4399999999987,160352.19359999895,9.484379810994497,20.8,2.6,1233.5,5525.1,0.1825082117598319,29.3,942.8
356,25,knn,loso,Madinah - Taibah University,24.4846,39.5418,01-02-2017 00:00,4885.0,4826.4,-58.600000000000364,58.600000000000364,3433.960000000043,1.1995905834186358,19.0,3.4,1754.9,5120.1,0.25525818181818183,26.1,943.0
357,25,knn,loso,Madinah - Taibah University,24.4846,39.5418,01-03-2017 00:00,5364.2,5983.08,618.8800000000001,618.8800000000001,383012.45440000016,11.537228291264311,24.7,2.8,2255.1,4567.7,0.33052412499267164,22.9,938.5
358,25,knn,loso,Madinah - Taibah University,24.4846,39.5418,01-04-2017 00:00,6008.7,6923.4400000000005,914.7400000000007,914.7400000000007,836749.2676000013,15.223592457603155,31.1,3.3,2710.5,4359.3,0.3833913264873122,14.2,938.7
359,25,knn,loso,Madinah - Taibah University,24.4846,39.5418,01-05-2017 00:00,6402.0,6815.959999999999,413.9599999999991,413.9599999999991,171362.88159999927,6.466104342392988,33.5,3.2,2688.4,4873.5,0.3555191155661937,16.9,937.3
360,25,knn,loso,Madinah - Taibah University,24.4846,39.5418,01-09-2017 00:00,6414.2,7248.4,834.1999999999998,834.1999999999998,695889.6399999997,13.005519004708303,36.7,2.7,2421.1,5438.2,0.30805542478337766,10.7,936.4
361,25,knn,loso,Madinah - Taibah University,24.4846,39.5418,01-10-2017 00:00,5871.0,6132.02,261.02000000000044,261.02000000000044,68131.44040000023,4.44592062680975,32.0,2.2,1478.9,6881.4,0.17689556594859038,14.9,939.1
362,25,knn,loso,Madinah - Taibah University,24.4846,39.5418,01-11-2017 00:00,4467.8,4534.08,66.27999999999975,66.27999999999975,4393.038399999966,1.4835041855051645,25.8,2.1,1559.4,5081.5,0.23481756990769326,31.9,941.1
363,25,knn,loso,Madinah - Taibah University,24.4846,39.5418,01-03-2018 00:00,6500.1,6772.56,272.46000000000004,272.46000000000004,74234.45160000001,4.191627821110445,27.9,2.0,1970.9,6658.6,0.22839098441392897,17.7,939.6
364,25,knn,loso,Madinah - Taibah University,24.4846,39.5418,01-04-2018 00:00,7350.0,6560.82,-789.1800000000003,789.1800000000003,622805.0724000004,10.737142857142862,28.9,2.5,2356.2,6789.1,0.25764053666910874,17.9,937.0
365,25,knn,loso,Madinah - Taibah University,24.4846,39.5418,01-05-2018 00:00,7147.6,7128.0199999999995,-19.580000000000837,19.580000000000837,383.3764000000328,0.27393810509822647,33.4,2.7,3111.0,5224.7,0.3732140072219489,14.6,936.4
366,25,knn,loso,Madinah - Taibah University,24.4846,39.5418,01-06-2018 00:00,7666.6,7684.38,17.779999999999745,17.779999999999745,316.12839999999096,0.23191506013095434,37.1,2.8,2342.5,7021.4,0.25016285949230554,9.8,934.3
367,25,knn,loso,Madinah - Taibah University,24.4846,39.5418,01-12-2018 00:00,4058.1,4290.860000000001,232.76000000000067,232.76000000000067,54177.21760000032,5.735689115595985,20.6,1.8,1306.6,5278.1,0.19842969307637398,43.9,943.0
368,25,knn,loso,Madinah - Taibah University,24.4846,39.5418,01-01-2019 00:00,3951.3,4162.02,210.72000000000025,210.72000000000025,44402.918400000104,5.3329284033103095,20.2,2.0,1825.2,3850.2,0.32159847764034255,43.2,942.5
369,25,knn,loso,Madinah - Taibah University,24.4846,39.5418,01-02-2019 00:00,4928.8,4525.400000000001,-403.39999999999964,403.39999999999964,162731.5599999997,8.184547962993014,19.7,2.3,1636.1,5366.0,0.23365847388640548,34.2,942.0
370,25,knn,loso,Madinah - Taibah University,24.4846,39.5418,01-03-2019 00:00,6546.7,5690.92,-855.7799999999997,855.7799999999997,732359.4083999996,13.071929368995065,22.0,2.5,1678.1,7233.4,0.1883072434494754,23.0,940.4
371,25,knn,loso,Madinah - Taibah University,24.4846,39.5418,01-04-2019 00:00,6879.1,6934.6,55.5,55.5,3080.25,0.8067915861086479,27.1,2.5,2332.0,6259.7,0.2714247471396813,20.0,938.6
372,25,knn,loso,Madinah - Taibah University,24.4846,39.5418,01-05-2019 00:00,6784.8,6797.5999999999985,12.799999999998363,12.799999999998363,163.83999999995808,0.18865699799549526,33.7,2.4,2539.7,5503.5,0.31575740998607515,15.4,937.1
373,25,knn,loso,Madinah - Taibah University,24.4846,39.5418,01-07-2019 00:00,7652.5,7813.660000000001,161.16000000000076,161.16000000000076,25972.545600000245,2.1059784384188274,36.6,3.0,2073.5,7454.2,0.2176285987174239,12.1,932.9
374,25,knn,loso,Madinah - Taibah University,24.4846,39.5418,01-11-2019 00:00,4642.0,5037.4400000000005,395.4400000000005,395.4400000000005,156372.7936000004,8.518741921585535,25.4,2.0,1378.9,5787.4,0.19241449562535762,31.5,940.6
375,25,knn,loso,Madinah - Taibah University,24.4846,39.5418,01-09-2020 00:00,6649.2,6820.8,171.60000000000036,171.60000000000036,29446.560000000125,2.580761595379901,36.4,2.1,2010.6,6596.9,0.2335869880917804,9.2,936.0
376,25,knn,loso,Madinah - Taibah University,24.4846,39.5418,01-01-2021 00:00,4856.0,4808.08,-47.92000000000007,47.92000000000007,2296.326400000007,0.9868204283360805,20.3,2.0,1812.8,5565.0,0.24571010328282142,31.5,943.0
377,25,knn,loso,Madinah - Taibah University,24.4846,39.5418,01-04-2021 00:00,7540.0,7022.140000000001,-517.8599999999988,517.8599999999988,268178.97959999874,6.868169761273194,29.8,2.6,2805.7,6357.5,0.3061921599441243,15.7,939.1
378,25,knn,loso,Madinah - Taibah University,24.4846,39.5418,01-10-2021 00:00,5769.9,5785.9,16.0,16.0,256.0,0.2773011663980312,32.9,1.7,1698.3,6348.0,0.2110659557809179,12.4,939.3
468,26,knn,loso,Mahd ad Dahab,23.419423,40.743138,01-04-2021 00:00,6614.9,6508.9800000000005,-105.91999999999916,105.91999999999916,11219.046399999823,1.6012335787388952,26.5,3.3,2715.3,5076.9,0.3484638484638485,25.5,904.0
469,26,knn,loso,Mahd ad Dahab,23.419423,40.743138,01-07-2021 00:00,6812.8,7294.960000000001,482.16000000000076,482.16000000000076,232478.26560000074,7.077266322217015,34.7,4.2,3481.0,4221.5,0.4519311911716975,20.9,897.5
470,26,knn,loso,Mahd ad Dahab,23.419423,40.743138,01-08-2021 00:00,6508.0,7048.219999999999,540.2199999999993,540.2199999999993,291837.6483999993,8.300860479409947,34.7,3.3,2185.4,5636.9,0.27938074479373076,19.4,899.4
471,26,knn,loso,Mahd ad Dahab,23.419423,40.743138,01-09-2021 00:00,6019.7,6759.719999999999,740.0199999999995,740.0199999999995,547629.6003999993,12.293303653005957,32.8,2.9,2329.5,4973.0,0.31900034234851077,19.1,900.9
472,26,knn,loso,Mahd ad Dahab,23.419423,40.743138,01-10-2021 00:00,5795.7,6453.64,657.9400000000005,657.9400000000005,432885.0436000007,11.352209396621642,28.6,2.4,1604.5,6522.6,0.1974258960760911,20.4,904.8
473,26,knn,loso,Mahd ad Dahab,23.419423,40.743138,01-11-2021 00:00,4780.9,4805.0199999999995,24.11999999999989,24.11999999999989,581.7743999999948,0.5045075195046935,22.7,2.5,1246.2,6306.3,0.1650049652432969,29.0,905.9
474,26,knn,loso,Mahd ad Dahab,23.419423,40.743138,01-12-2021 00:00,4056.8,4489.6,432.8000000000002,432.8000000000002,187315.84000000017,10.668507197791367,18.5,2.6,1470.4,5001.9,0.2271835359918422,40.9,906.8
1320,27,knn,loso,Majmaah - University,25.85891,45.41889,01-01-2017 00:00,4179.1,4203.139999999999,24.039999999999054,24.039999999999054,577.9215999999545,0.5752434734751275,14.0,3.1,1611.9,4846.9,0.2495664829380071,40.7,936.6
1321,27,knn,loso,Majmaah - University,25.85891,45.41889,01-02-2017 00:00,4783.2,4857.8,74.60000000000036,74.60000000000036,5565.160000000054,1.5596253554106114,12.6,3.3,1949.1,4732.1,0.2917290307130455,39.6,937.0
1322,27,knn,loso,Majmaah - University,25.85891,45.41889,01-03-2017 00:00,4958.5,5117.740000000001,159.2400000000007,159.2400000000007,25357.37760000022,3.211455077140278,20.4,4.2,2868.3,3001.6,0.488645462443994,40.8,932.1
1323,27,knn,loso,Majmaah - University,25.85891,45.41889,01-04-2017 00:00,6331.3,6395.72,64.42000000000007,64.42000000000007,4149.93640000001,1.0174845608326897,27.1,3.7,3386.2,3876.1,0.4662710160692894,25.8,932.5
1324,27,knn,loso,Majmaah - University,25.85891,45.41889,01-05-2017 00:00,6955.8,6815.5599999999995,-140.2400000000007,140.2400000000007,19667.257600000194,2.016159176514573,32.4,3.3,3634.7,4113.2,0.4691206649543747,19.4,929.8
1325,27,knn,loso,Majmaah - University,25.85891,45.41889,01-06-2017 00:00,7907.4,7817.6,-89.79999999999927,89.79999999999927,8064.039999999869,1.135645091939187,34.9,3.0,2535.3,7085.1,0.2635337408007983,10.0,926.7
1326,27,knn,loso,Majmaah - University,25.85891,45.41889,01-09-2017 00:00,6766.3,6998.3,232.0,232.0,53824.0,3.428757223297814,32.7,2.5,2161.9,6542.7,0.24836293454035796,10.3,929.3
1327,27,knn,loso,Majmaah - University,25.85891,45.41889,01-10-2017 00:00,5844.2,6155.12,310.9200000000001,310.9200000000001,96671.24640000005,5.320146470004451,28.1,2.7,1768.2,6498.1,0.21390464899652806,15.7,932.9
1328,27,knn,loso,Majmaah - University,25.85891,45.41889,01-11-2017 00:00,4333.5,4304.98,-28.520000000000437,28.520000000000437,813.3904000000249,0.6581285335179518,20.3,2.8,1633.2,4861.8,0.2514549653579677,34.6,935.5
1329,27,knn,loso,Majmaah - University,25.85891,45.41889,01-03-2018 00:00,6130.1,5995.620000000001,-134.47999999999956,134.47999999999956,18084.870399999883,2.1937651914324325,23.7,3.4,2598.0,5142.9,0.3356198891601752,26.2,933.4
1330,27,knn,loso,Majmaah - University,25.85891,45.41889,01-04-2018 00:00,6129.9,6463.039999999999,333.1399999999994,333.1399999999994,110982.25959999961,5.4346726700272345,24.4,3.7,3363.6,3562.8,0.48562023562023565,39.6,930.6
1331,27,knn,loso,Majmaah - University,25.85891,45.41889,01-05-2018 00:00,7065.5,7136.379999999999,70.8799999999992,70.8799999999992,5023.974399999886,1.003184488005084,30.8,3.7,3902.2,3921.6,0.49876019325647386,21.9,929.4
1332,27,knn,loso,Majmaah - University,25.85891,45.41889,01-06-2018 00:00,7908.9,7661.719999999999,-247.1800000000003,247.1800000000003,61097.95240000015,3.1253398070528173,35.1,3.3,2888.6,6422.5,0.31023187378505224,13.7,926.0
1333,27,knn,loso,Majmaah - University,25.85891,45.41889,01-07-2018 00:00,7835.9,7661.719999999999,-174.1800000000003,174.1800000000003,30338.6724000001,2.222846131267631,35.6,3.4,2710.9,6677.0,0.28876532557867046,12.5,923.8
1334,27,knn,loso,Majmaah - University,25.85891,45.41889,01-08-2018 00:00,7566.4,7389.140000000001,-177.2599999999984,177.2599999999984,31421.107599999432,2.342725734827638,34.7,3.0,2030.7,7539.3,0.21219435736677117,13.9,925.3
1335,27,knn,loso,Majmaah - University,25.85891,45.41889,01-09-2018 00:00,6466.1,6818.9400000000005,352.84000000000015,352.84000000000015,124496.0656000001,5.45676683008305,34.3,2.5,2471.2,5573.8,0.307172156619018,13.8,929.3
1336,27,knn,loso,Majmaah - University,25.85891,45.41889,01-10-2018 00:00,5257.5,5771.94,514.4399999999996,514.4399999999996,264648.5135999996,9.784878744650491,26.7,2.5,2007.8,5048.0,0.2845602199608832,30.6,934.6
1337,27,knn,loso,Majmaah - University,25.85891,45.41889,01-11-2018 00:00,3507.4,3373.4199999999996,-133.98000000000047,133.98000000000047,17950.640400000128,3.819923590123752,18.2,3.0,1777.1,3202.3,0.35689038840020887,73.9,936.1
1338,27,knn,loso,Majmaah - University,25.85891,45.41889,01-12-2018 00:00,3834.7,3949.4800000000005,114.78000000000065,114.78000000000065,13174.44840000015,2.993193730930729,16.0,2.8,1580.7,4396.7,0.26444608023555394,63.4,937.4
1339,27,knn,loso,Majmaah - University,25.85891,45.41889,01-01-2019 00:00,3751.2,4148.9,397.6999999999998,397.6999999999998,158165.28999999986,10.60194071230539,15.9,3.4,2300.2,2693.9,0.4605834885164493,45.9,936.6
1340,27,knn,loso,Majmaah - University,25.85891,45.41889,01-02-2019 00:00,4669.5,4679.219999999999,9.719999999999345,9.719999999999345,94.47839999998727,0.2081593318342295,15.1,3.1,1931.1,4659.4,0.29301266975191564,50.2,935.6
1341,27,knn,loso,Majmaah - University,25.85891,45.41889,01-03-2019 00:00,6289.7,6789.660000000001,499.96000000000095,499.96000000000095,249960.00160000095,7.94886878547468,18.6,3.7,2521.7,5628.1,0.3094186360401482,34.0,933.0
1342,27,knn,loso,Majmaah - University,25.85891,45.41889,01-04-2019 00:00,6665.8,6212.719999999999,-453.08000000000084,453.08000000000084,205281.48640000075,6.797083620870725,22.9,3.5,2687.9,5345.6,0.3345864193688928,37.5,931.8
1343,27,knn,loso,Majmaah - University,25.85891,45.41889,01-05-2019 00:00,7049.7,6789.839999999999,-259.8600000000006,259.8600000000006,67527.2196000003,3.686114302736295,31.1,3.2,3170.8,4996.2,0.3882453777396841,23.5,930.0
1344,27,knn,loso,Majmaah - University,25.85891,45.41889,01-06-2019 00:00,7681.9,7446.74,-235.15999999999985,235.15999999999985,55300.22559999993,3.061221833140237,35.7,2.7,2665.1,6546.3,0.2893262696224244,12.5,926.9
1345,27,knn,loso,Majmaah - University,25.85891,45.41889,01-07-2019 00:00,7979.4,7503.0,-476.39999999999964,476.39999999999964,226956.95999999964,5.970373712309192,35.7,3.0,2278.9,7614.0,0.23035712480667955,12.5,924.1
1346,27,knn,loso,Majmaah - University,25.85891,45.41889,01-08-2019 00:00,7647.6,7202.06,-445.53999999999996,445.53999999999996,198505.89159999997,5.825880014645117,35.2,3.3,2120.6,7502.3,0.2203701586839726,12.7,925.4
1347,27,knn,loso,Majmaah - University,25.85891,45.41889,01-09-2019 00:00,6796.3,6607.4,-188.90000000000055,188.90000000000055,35683.2100000002,2.779453526183372,33.4,2.3,2047.6,6776.3,0.23205158716667235,15.0,928.7
1348,27,knn,loso,Majmaah - University,25.85891,45.41889,01-10-2019 00:00,5595.0,5567.74,-27.26000000000022,27.26000000000022,743.1076000000119,0.48722073279714423,29.0,2.5,1924.1,5750.9,0.25069706840390876,26.0,932.5
1349,27,knn,loso,Majmaah - University,25.85891,45.41889,01-11-2019 00:00,3986.5,4128.679999999999,142.17999999999938,142.17999999999938,20215.152399999824,3.566537062586213,20.0,2.6,1744.2,4032.4,0.301942319011183,49.9,935.5
1350,27,knn,loso,Majmaah - University,25.85891,45.41889,01-12-2019 00:00,4336.2,4486.28,150.07999999999993,150.07999999999993,22524.006399999977,3.4610949679442817,16.1,2.8,1230.7,6304.0,0.1633376245902292,45.6,936.0
1351,27,knn,loso,Majmaah - University,25.85891,45.41889,01-01-2020 00:00,4748.2,4851.9,103.69999999999982,103.69999999999982,10753.689999999962,2.1839855102986356,12.9,2.7,1206.0,6848.5,0.14972996461605315,40.3,936.7
1352,27,knn,loso,Majmaah - University,25.85891,45.41889,01-02-2020 00:00,5303.0,5513.0199999999995,210.01999999999953,210.01999999999953,44108.4003999998,3.9603997737129837,17.0,2.7,2049.9,5507.8,0.27123331172182014,31.2,936.0
1353,27,knn,loso,Majmaah - University,25.85891,45.41889,01-03-2020 00:00,6373.3,6368.839999999999,-4.460000000000946,4.460000000000946,19.891600000008438,0.06997944549920677,20.6,2.9,2846.5,5154.7,0.35575913612958054,26.9,932.4
1354,27,knn,loso,Majmaah - University,25.85891,45.41889,01-04-2020 00:00,7018.7,6687.160000000001,-331.53999999999905,331.53999999999905,109918.77159999937,4.723666775898657,25.8,3.6,3119.7,5160.7,0.3767571614897831,31.5,930.7
1355,27,knn,loso,Majmaah - University,25.85891,45.41889,01-05-2020 00:00,7073.8,6993.4,-80.40000000000055,80.40000000000055,6464.160000000088,1.1365885379852492,30.8,2.6,3267.9,4921.1,0.39905971425082426,17.8,930.6
1356,27,knn,loso,Majmaah - University,25.85891,45.41889,01-09-2020 00:00,6787.4,6920.8,133.40000000000055,133.40000000000055,17795.560000000147,1.965406488493393,32.8,1.8,2086.8,6745.1,0.23627984918307496,13.6,928.9
1357,27,knn,loso,Majmaah - University,25.85891,45.41889,01-10-2020 00:00,6164.0,6340.24,176.23999999999978,176.23999999999978,31060.537599999923,2.859182349123942,25.4,1.5,1186.7,8279.5,0.1253618136105301,16.4,934.1
1358,27,knn,loso,Majmaah - University,25.85891,45.41889,01-11-2020 00:00,4415.4,4740.32,324.9200000000001,324.9200000000001,105573.00640000004,7.3587896906282575,21.3,2.4,1622.1,5097.0,0.24141626110639816,39.5,935.3
1359,27,knn,loso,Majmaah - University,25.85891,45.41889,01-12-2020 00:00,3855.8,3997.5,141.69999999999982,141.69999999999982,20078.88999999995,3.6749831422791592,15.0,2.1,1507.5,4625.1,0.24581743469327852,58.6,937.6
1360,27,knn,loso,Majmaah - University,25.85891,45.41889,01-01-2021 00:00,4355.3,4072.7,-282.60000000000036,282.60000000000036,79862.7600000002,6.488646017495933,14.5,2.0,1537.6,5340.9,0.22353710838118773,46.1,937.7
1361,27,knn,loso,Majmaah - University,25.85891,45.41889,01-02-2021 00:00,4928.3,5177.960000000001,249.66000000000076,249.66000000000076,62330.11560000038,5.065844205912804,16.1,2.5,1963.9,5057.5,0.27970205372148005,44.0,936.1
1362,27,knn,loso,Majmaah - University,25.85891,45.41889,01-03-2021 00:00,6328.4,6392.76,64.36000000000058,64.36000000000058,4142.209600000075,1.017002717906589,22.7,2.9,2965.9,4796.5,0.3820854374935587,23.9,933.2
1363,27,knn,loso,Majmaah - University,25.85891,45.41889,01-04-2021 00:00,6740.4,6810.94,70.53999999999996,70.53999999999996,4975.8915999999945,1.0465254287579366,26.8,2.2,3155.4,4764.8,0.39839903032751695,19.4,932.5
1364,27,knn,loso,Majmaah - University,25.85891,45.41889,01-05-2021 00:00,7892.9,7818.780000000001,-74.11999999999898,74.11999999999898,5493.774399999849,0.9390718240443815,32.7,2.1,2866.7,6559.5,0.3041204302900426,12.9,928.5
1365,27,knn,loso,Majmaah - University,25.85891,45.41889,01-07-2021 00:00,7874.2,7070.8,-803.3999999999996,803.3999999999996,645451.5599999994,10.20294125117472,37.4,2.2,2531.9,7053.2,0.2641495654714088,13.9,922.9
1366,27,knn,loso,Majmaah - University,25.85891,45.41889,01-08-2021 00:00,7591.7,7261.44,-330.2600000000002,330.2600000000002,109071.66760000015,4.350277276499337,35.9,2.0,2223.4,7254.2,0.23459525618299992,12.5,925.6
1367,27,knn,loso,Majmaah - University,25.85891,45.41889,01-09-2021 00:00,6960.1,6673.58,-286.52000000000044,286.52000000000044,82093.71040000024,4.1166075200069026,31.9,1.8,1863.0,7363.6,0.20191619881646544,15.6,928.5
1368,27,knn,loso,Majmaah - University,25.85891,45.41889,01-10-2021 00:00,5851.7,5751.1,-100.59999999999945,100.59999999999945,10120.35999999989,1.7191585351265353,28.6,1.8,1752.6,6505.0,0.21224084479751984,18.9,933.2
1369,27,knn,loso,Majmaah - University,25.85891,45.41889,01-11-2021 00:00,4731.8,4763.2,31.399999999999636,31.399999999999636,985.9599999999772,0.6635952491652148,21.1,1.4,1544.8,5806.2,0.21014827914569445,31.7,935.6
1370,27,knn,loso,Majmaah - University,25.85891,45.41889,01-12-2021 00:00,3769.1,4046.9,277.8000000000002,277.8000000000002,77172.8400000001,7.370459791462158,16.0,1.7,1762.6,3957.5,0.3081414660582857,39.9,937.0
883,28,knn,loso,Makkah - UQU,21.331,39.949,01-01-2017 00:00,4250.1,4923.5,673.3999999999996,673.3999999999996,453467.55999999953,15.844333074515884,25.2,2.2,1664.4,4531.1,0.26864659833750304,50.6,979.9
884,28,knn,loso,Makkah - UQU,21.331,39.949,01-03-2018 00:00,6678.2,6677.68,-0.5199999999995271,0.5199999999995271,0.27039999999950814,0.007786529304296473,29.5,2.4,2243.4,6226.5,0.2648673538058301,31.1,976.4
885,28,knn,loso,Makkah - UQU,21.331,39.949,01-04-2018 00:00,6886.4,6507.16,-379.2399999999998,379.2399999999998,143822.97759999984,5.507086431226763,30.8,2.6,2751.8,5487.3,0.3339927904746878,31.7,974.3
886,28,knn,loso,Makkah - UQU,21.331,39.949,01-05-2018 00:00,7479.2,7496.08,16.88000000000011,16.88000000000011,284.9344000000037,0.2256925874425087,35.1,2.9,3080.4,5602.1,0.3547826086956522,21.8,972.7
887,28,knn,loso,Makkah - UQU,21.331,39.949,01-06-2018 00:00,7310.5,7201.079999999999,-109.42000000000098,109.42000000000098,11972.736400000214,1.4967512482046506,36.7,2.7,3313.7,5070.5,0.39523150688199227,21.8,970.5
888,28,knn,loso,Makkah - UQU,21.331,39.949,01-07-2018 00:00,7288.7,7315.0199999999995,26.31999999999971,26.31999999999971,692.7423999999846,0.3611069189292976,36.3,2.7,3111.1,5304.7,0.3696737089759738,21.9,970.7
889,28,knn,loso,Makkah - UQU,21.331,39.949,01-08-2018 00:00,6950.1,6820.42,-129.6800000000003,129.6800000000003,16816.902400000075,1.8658724334901697,36.0,2.8,2721.4,5482.6,0.3317162359824476,24.3,971.0
890,28,knn,loso,Makkah - UQU,21.331,39.949,01-02-2020 00:00,3893.2,4471.96,578.7600000000002,578.7600000000002,334963.13760000025,14.865920065755683,24.2,2.4,1823.6,3176.5,0.36471270574588505,44.3,979.7
891,28,knn,loso,Makkah - UQU,21.331,39.949,01-03-2020 00:00,5865.7,6471.280000000001,605.5800000000008,605.5800000000008,366727.136400001,10.324087491688987,27.3,2.4,2373.9,4809.8,0.33045645001879254,33.4,976.3
892,28,knn,loso,Makkah - UQU,21.331,39.949,01-04-2020 00:00,6403.0,7355.9400000000005,952.9400000000005,952.9400000000005,908094.643600001,14.882711229111361,30.5,2.4,2255.5,5559.8,0.28860056555730423,29.6,975.3
893,28,knn,loso,Makkah - UQU,21.331,39.949,01-05-2020 00:00,6591.3,6590.6,-0.6999999999998181,0.6999999999998181,0.48999999999974536,0.010620059775762263,34.8,2.4,2609.2,5162.5,0.33573092116267994,23.1,973.9
894,28,knn,loso,Makkah - UQU,21.331,39.949,01-10-2020 00:00,5902.6,6092.38,189.77999999999975,189.77999999999975,36016.44839999991,3.2151933046454055,32.4,1.6,1686.9,6382.7,0.20904381877664321,29.7,975.5
895,28,knn,loso,Makkah - UQU,21.331,39.949,01-11-2020 00:00,4337.1,4391.18,54.07999999999993,54.07999999999993,2924.6463999999924,1.2469161421226147,28.2,1.4,1719.9,4421.1,0.2800683927699072,48.5,977.9
896,28,knn,loso,Makkah - UQU,21.331,39.949,01-12-2020 00:00,4176.4,4317.240000000001,140.84000000000106,140.84000000000106,19835.905600000297,3.3722823484340836,26.2,1.5,1694.1,4523.4,0.27247285886610373,44.5,979.0
897,28,knn,loso,Makkah - UQU,21.331,39.949,01-01-2021 00:00,4565.6,4565.24,-0.3600000000005821,0.3600000000005821,0.1296000000004191,0.007885053443152752,25.0,1.7,1817.5,4750.3,0.2767288894302506,46.3,979.2
898,28,knn,loso,Makkah - UQU,21.331,39.949,01-02-2021 00:00,4889.0,5362.74,473.7399999999998,473.7399999999998,224429.5875999998,9.68991613826958,24.5,1.9,1934.3,4678.4,0.2925128918596035,43.5,978.6
899,28,knn,loso,Makkah - UQU,21.331,39.949,01-03-2021 00:00,6393.8,6358.960000000001,-34.839999999999236,34.839999999999236,1213.8255999999467,0.5449028746598148,29.1,1.8,2538.4,5233.3,0.3266209452243396,33.2,976.3
900,28,knn,loso,Makkah - UQU,21.331,39.949,01-05-2021 00:00,7485.0,6421.4,-1063.6000000000004,1063.6000000000004,1131244.9600000007,14.209752839011362,34.6,2.0,2709.8,5090.8,0.34738353459990257,26.3,972.9
901,28,knn,loso,Makkah - UQU,21.331,39.949,01-07-2021 00:00,6611.6,6689.139999999999,77.53999999999905,77.53999999999905,6012.451599999853,1.1727872224574845,35.7,2.4,3277.3,4124.0,0.4428005890857012,25.6,969.5
902,28,knn,loso,Makkah - UQU,21.331,39.949,01-09-2021 00:00,5954.7,6423.780000000001,469.08000000000084,469.08000000000084,220036.04640000078,7.87747493576504,34.9,2.1,2873.8,4043.6,0.4154451094341805,34.2,971.5
903,28,knn,loso,Makkah - UQU,21.331,39.949,01-10-2021 00:00,5698.0,6061.960000000001,363.96000000000095,363.96000000000095,132466.8816000007,6.387504387504404,33.1,1.8,1969.6,5525.6,0.26278151350197454,33.1,975.3
904,28,knn,loso,Makkah - UQU,21.331,39.949,01-11-2021 00:00,4622.3,6286.1799999999985,1663.8799999999983,1663.8799999999983,2768496.6543999943,35.99679813080064,28.7,1.5,2303.9,3887.6,0.37210692077848667,43.1,977.6
905,28,knn,loso,Makkah - UQU,21.331,39.949,01-12-2021 00:00,4094.5,4238.620000000001,144.1200000000008,144.1200000000008,20770.57440000023,3.519843692758598,25.9,1.8,1703.2,4285.1,0.28442128817861495,47.7,979.4
1164,29,knn,loso,Najran - University,17.63228,44.53735,01-01-2017 00:00,5782.0,5209.94,-572.0600000000004,572.0600000000004,327252.6436000005,9.893808370805957,20.0,1.7,1286.2,7774.0,0.14196154610273504,25.2,885.4
1165,29,knn,loso,Najran - University,17.63228,44.53735,01-02-2017 00:00,5517.5,5502.339999999999,-15.160000000000764,15.160000000000764,229.82560000002317,0.2747621205256142,19.3,2.2,2425.5,4577.2,0.34636640153083814,33.4,884.7
1166,29,knn,loso,Najran - University,17.63228,44.53735,01-03-2017 00:00,6515.7,6446.9,-68.80000000000018,68.80000000000018,4733.440000000025,1.0559111070184353,26.1,2.2,2536.9,5407.0,0.31935195558856483,29.7,881.4
1167,29,knn,loso,Najran - University,17.63228,44.53735,01-04-2017 00:00,7486.0,7025.3,-460.6999999999998,460.6999999999998,212244.48999999985,6.154154421586959,28.2,2.2,2597.4,6505.3,0.2853439089500917,15.8,882.4
1168,29,knn,loso,Najran - University,17.63228,44.53735,01-05-2017 00:00,7278.9,6852.3,-426.59999999999945,426.59999999999945,181987.55999999953,5.860775666652921,31.1,2.3,3150.9,5212.9,0.37673067266075233,21.0,880.9
1169,29,knn,loso,Najran - University,17.63228,44.53735,01-06-2017 00:00,7522.5,7685.62,163.1199999999999,163.1199999999999,26608.134399999963,2.1684280491857746,33.5,2.1,3465.6,5206.2,0.3996402131045458,10.1,878.2
1170,29,knn,loso,Najran - University,17.63228,44.53735,01-09-2017 00:00,7352.4,6593.5199999999995,-758.8800000000001,758.8800000000001,575898.8544000002,10.321527664436104,30.8,2.2,2186.3,7026.5,0.23731113233761728,13.5,879.8
1171,29,knn,loso,Najran - University,17.63228,44.53735,01-10-2017 00:00,6898.2,5943.18,-955.0199999999995,955.0199999999995,912063.200399999,13.844481169000602,25.9,1.9,1430.4,8301.3,0.14698356916057834,18.0,883.4
1172,29,knn,loso,Najran - University,17.63228,44.53735,01-11-2017 00:00,5964.5,5084.719999999999,-879.7800000000007,879.7800000000007,774012.8484000012,14.750272445301377,21.3,1.8,1290.5,7865.8,0.14094120987735223,30.8,885.0
1173,29,knn,loso,Najran - University,17.63228,44.53735,01-03-2018 00:00,7078.5,5332.9400000000005,-1745.5599999999995,1745.5599999999995,3046979.713599998,24.660026841845017,24.3,2.2,1944.5,7299.1,0.21036176381496385,21.3,883.1
1174,29,knn,loso,Najran - University,17.63228,44.53735,01-04-2018 00:00,6781.6,6222.18,-559.4200000000001,559.4200000000001,312950.73640000005,8.24908576147222,26.8,2.0,3338.2,4304.0,0.43681138939048963,35.7,881.1
1175,29,knn,loso,Najran - University,17.63228,44.53735,01-05-2018 00:00,8046.4,6944.280000000001,-1102.119999999999,1102.119999999999,1214668.4943999976,13.697057068999788,30.4,2.4,3251.0,6126.8,0.3466697946213398,20.4,880.1
1176,29,knn,loso,Najran - University,17.63228,44.53735,01-06-2018 00:00,7486.6,6879.18,-607.4200000000001,607.4200000000001,368959.05640000006,8.113429327064356,33.5,2.5,4190.2,4106.1,0.5050685245229801,15.8,877.8
1177,29,knn,loso,Najran - University,17.63228,44.53735,01-07-2018 00:00,7172.9,6974.9,-198.0,198.0,39204.0,2.7603898004991008,34.5,2.8,4208.9,3609.7,0.5383188806180135,16.3,876.1
1178,29,knn,loso,Najran - University,17.63228,44.53735,01-08-2018 00:00,7150.9,7265.0199999999995,114.11999999999989,114.11999999999989,13023.374399999975,1.5958830357017986,33.9,2.6,3639.1,4356.4,0.4551435182290038,17.5,876.5
1179,29,knn,loso,Najran - University,17.63228,44.53735,01-09-2018 00:00,7522.8,7027.82,-494.9800000000005,494.9800000000005,245005.20040000047,6.579730951241565,31.1,2.3,2429.9,6918.0,0.25994073535232515,15.2,880.1
1180,29,knn,loso,Najran - University,17.63228,44.53735,01-10-2018 00:00,6618.4,5736.92,-881.4799999999996,881.4799999999996,777006.9903999992,13.31862685845521,25.9,2.1,2020.6,6779.8,0.22960319985455208,32.0,883.9
1181,29,knn,loso,Najran - University,17.63228,44.53735,01-11-2018 00:00,5677.8,5132.5,-545.3000000000002,545.3000000000002,297352.0900000002,9.604071999718204,23.6,1.9,1838.0,6375.2,0.22378610042370817,35.4,884.5
1182,29,knn,loso,Najran - University,17.63228,44.53735,01-12-2018 00:00,5783.6,5511.1,-272.5,272.5,74256.25,4.711598312469742,19.9,1.8,1091.4,8418.9,0.11475978675751555,33.9,885.6
1183,29,knn,loso,Najran - University,17.63228,44.53735,01-01-2019 00:00,5863.7,5643.780000000001,-219.91999999999916,219.91999999999916,48364.80639999963,3.7505329399525755,20.4,1.8,1886.8,6776.7,0.21778726842500143,31.2,885.6
1184,29,knn,loso,Najran - University,17.63228,44.53735,01-02-2019 00:00,6352.1,5510.88,-841.2200000000003,841.2200000000003,707651.0884000005,13.243179420978892,22.1,2.1,2522.7,5702.1,0.30671870440618615,32.8,884.1
1185,29,knn,loso,Najran - University,17.63228,44.53735,01-03-2019 00:00,7040.3,6120.639999999999,-919.6600000000008,919.6600000000008,845774.5156000014,13.062795619504861,25.2,2.3,3158.5,5215.9,0.3771613488727551,24.2,882.3
1186,29,knn,loso,Najran - University,17.63228,44.53735,01-04-2019 00:00,6897.5,6504.64,-392.8599999999997,392.8599999999997,154338.97959999973,5.695686843059074,27.7,2.2,3202.8,4689.7,0.4058029775102946,30.3,881.6
1187,29,knn,loso,Najran - University,17.63228,44.53735,01-05-2019 00:00,7130.1,6462.44,-667.6600000000008,667.6600000000008,445769.875600001,9.363964039775048,29.3,2.2,2986.3,5303.9,0.36022050131480543,30.6,881.5
1188,29,knn,loso,Najran - University,17.63228,44.53735,01-06-2019 00:00,7670.6,7633.68,-36.92000000000007,36.92000000000007,1363.0864000000054,0.48131828018668776,33.6,2.3,3098.2,5848.0,0.3463146363819275,14.8,878.4
1189,29,knn,loso,Najran - University,17.63228,44.53735,01-07-2019 00:00,7272.5,6826.2,-446.3000000000002,446.3000000000002,199183.69000000018,6.136816775524237,34.9,2.8,3849.4,4295.5,0.4726147650677111,13.7,876.0
1190,29,knn,loso,Najran - University,17.63228,44.53735,01-08-2019 00:00,7070.3,7171.42,101.11999999999989,101.11999999999989,10225.254399999978,1.4302080534065016,33.4,2.7,3201.5,4958.3,0.39235030270349763,18.6,877.5
1191,29,knn,loso,Najran - University,17.63228,44.53735,01-09-2019 00:00,7108.8,5840.58,-1268.2200000000003,1268.2200000000003,1608381.9684000006,17.84014179608373,31.5,2.3,2532.0,6208.4,0.28968925907281134,19.3,879.5
1192,29,knn,loso,Najran - University,17.63228,44.53735,01-10-2019 00:00,6696.1,6012.219999999999,-683.880000000001,683.880000000001,467691.8544000014,10.213109123220994,27.0,2.1,1835.1,7261.1,0.20174358523339414,22.2,882.8
1193,29,knn,loso,Najran - University,17.63228,44.53735,01-11-2019 00:00,5674.1,4528.72,-1145.38,1145.38,1311895.3444000003,20.186108810207788,22.0,2.0,1644.5,6569.2,0.20021427614838622,37.5,884.5
1194,29,knn,loso,Najran - University,17.63228,44.53735,01-12-2019 00:00,5493.6,4666.9800000000005,-826.6199999999999,826.6199999999999,683300.6243999999,15.046963739624285,20.0,1.8,1343.5,7390.3,0.15382765806407292,38.2,885.0
1195,29,knn,loso,Najran - University,17.63228,44.53735,01-01-2020 00:00,5907.3,4965.879999999999,-941.420000000001,941.420000000001,886271.6164000018,15.936553078394544,18.5,1.9,1569.5,7353.5,0.1758937577048078,33.1,885.3
1196,29,knn,loso,Najran - University,17.63228,44.53735,01-02-2020 00:00,6317.6,6025.960000000001,-291.6399999999994,291.6399999999994,85053.88959999966,4.616309991135865,22.0,2.1,2253.5,6185.2,0.2670435019612025,27.4,884.9
1197,29,knn,loso,Najran - University,17.63228,44.53735,01-03-2020 00:00,7091.8,6524.459999999999,-567.340000000001,567.340000000001,321874.6756000012,7.999943596830157,24.9,2.2,3119.6,5320.5,0.3696164737384628,26.0,882.0
1198,29,knn,loso,Najran - University,17.63228,44.53735,01-04-2020 00:00,7092.1,6453.58,-638.5200000000004,638.5200000000004,407707.7904000006,9.003257145274326,28.3,1.8,2923.7,5397.4,0.35135979618079344,35.2,881.0
1199,29,knn,loso,Najran - University,17.63228,44.53735,01-05-2020 00:00,7241.7,6762.839999999999,-478.8600000000006,478.8600000000006,229306.89960000056,6.612535730560512,33.6,2.2,3215.9,5163.0,0.38380933058038647,23.9,881.1
1200,29,knn,loso,Najran - University,17.63228,44.53735,01-09-2020 00:00,7666.8,7502.08,-164.72000000000025,164.72000000000025,27132.678400000084,2.1484843741848,30.5,2.1,2282.6,7432.1,0.23496350890917886,15.5,879.5
1201,29,knn,loso,Najran - University,17.63228,44.53735,01-10-2020 00:00,7295.8,6124.82,-1170.9800000000005,1170.9800000000005,1371194.160400001,16.050056196715925,25.1,1.8,1371.9,9097.3,0.13104153134910024,16.7,883.6
1202,29,knn,loso,Najran - University,17.63228,44.53735,01-12-2020 00:00,5877.6,5209.9400000000005,-667.6599999999999,667.6599999999999,445769.8755999998,11.35939839390227,19.0,1.4,1236.4,8347.2,0.1290120622730498,36.5,885.7
1203,29,knn,loso,Najran - University,17.63228,44.53735,01-01-2021 00:00,6173.5,5114.26,-1059.2399999999998,1059.2399999999998,1121989.3775999995,17.157852109824244,17.8,1.6,1484.0,8075.2,0.1552431165787932,28.3,885.7
1204,29,knn,loso,Najran - University,17.63228,44.53735,01-02-2021 00:00,6579.8,6096.64,-483.15999999999985,483.15999999999985,233443.58559999985,7.343080336788351,20.8,1.9,1926.2,7125.9,0.21279040222710752,30.6,884.3
1205,29,knn,loso,Najran - University,17.63228,44.53735,01-03-2021 00:00,7761.2,7353.460000000001,-407.7399999999989,407.7399999999989,166251.90759999907,5.2535690357161124,25.3,1.7,2329.1,7704.3,0.2321346702015269,16.8,882.8
1206,29,knn,loso,Najran - University,17.63228,44.53735,01-04-2021 00:00,7654.8,6977.08,-677.7200000000003,677.7200000000003,459304.39840000035,8.853529811360197,27.2,1.9,3048.7,6030.8,0.3357784018943774,19.8,882.3
1207,29,knn,loso,Najran - University,17.63228,44.53735,01-05-2021 00:00,8035.1,7781.7,-253.40000000000055,253.40000000000055,64211.560000000274,3.153663302261335,31.9,2.2,3182.8,6322.6,0.3348412481326404,13.3,879.8
1208,29,knn,loso,Najran - University,17.63228,44.53735,01-07-2021 00:00,7113.9,6712.62,-401.27999999999975,401.27999999999975,161025.6383999998,5.6407877535529005,33.3,2.7,3549.2,4540.4,0.43873615506329117,23.4,875.0
1209,29,knn,loso,Najran - University,17.63228,44.53735,01-08-2021 00:00,7387.7,6604.32,-783.3800000000001,783.3800000000001,613684.2244000002,10.603841520364933,33.9,2.5,3338.4,5179.2,0.39194139194139194,17.8,877.0
1210,29,knn,loso,Najran - University,17.63228,44.53735,01-09-2021 00:00,7591.2,6939.780000000001,-651.4199999999992,651.4199999999992,424348.0163999989,8.581251975972167,30.9,2.1,2482.8,6939.1,0.2635137286534563,15.1,879.2
1211,29,knn,loso,Najran - University,17.63228,44.53735,01-10-2021 00:00,7029.5,6574.56,-454.9399999999996,454.9399999999996,206970.40359999964,6.4718685539512,26.9,1.9,1824.4,7831.0,0.1889512604345755,20.8,883.3
1212,29,knn,loso,Najran - University,17.63228,44.53735,01-11-2021 00:00,6370.7,5740.9,-629.8000000000002,629.8000000000002,396648.0400000002,9.88588381182602,22.5,1.3,1258.6,8607.1,0.12757330954721913,25.3,885.1
1213,29,knn,loso,Najran - University,17.63228,44.53735,01-12-2021 00:00,5952.6,5012.280000000001,-940.3199999999997,940.3199999999997,884201.7023999995,15.796794677955845,19.0,1.1,1067.6,8876.4,0.10736122284794851,32.0,885.6
92,30,knn,loso,Osfan - KAU,21.89252,39.2539,01-01-2017 00:00,4327.0,4681.0599999999995,354.0599999999995,354.0599999999995,125358.48359999964,8.182574532008308,24.4,2.9,1567.1,4919.9,0.24157545860952673,71.7,1001.7
93,30,knn,loso,Osfan - KAU,21.89252,39.2539,01-02-2017 00:00,4364.7,4911.0599999999995,546.3599999999997,546.3599999999997,298509.24959999963,12.517698810914831,23.8,3.9,2375.4,3136.0,0.4309975686758356,54.7,1001.3
94,30,knn,loso,Osfan - KAU,21.89252,39.2539,01-03-2017 00:00,5568.6,5461.12,-107.48000000000047,107.48000000000047,11551.950400000102,1.9301081061667291,25.9,3.6,2671.2,4086.5,0.395282418574367,64.0,997.8
95,30,knn,loso,Osfan - KAU,21.89252,39.2539,01-04-2017 00:00,6123.2,6194.64,71.44000000000051,71.44000000000051,5103.673600000073,1.166710216880071,30.2,3.8,2994.4,4025.6,0.42655270655270655,53.4,996.6
96,30,knn,loso,Osfan - KAU,21.89252,39.2539,01-05-2017 00:00,6547.2,6222.4,-324.8000000000002,324.8000000000002,105495.04000000012,4.960899315738029,32.7,3.6,2983.5,4517.1,0.39776817854571633,49.6,995.2
97,30,knn,loso,Osfan - KAU,21.89252,39.2539,01-10-2017 00:00,5653.9,5451.26,-202.63999999999942,202.63999999999942,41062.969599999764,3.5840747094925525,30.6,2.7,1764.7,5868.9,0.23117533011947183,72.4,996.7
98,30,knn,loso,Osfan - KAU,21.89252,39.2539,01-11-2017 00:00,4491.7,5383.4800000000005,891.7800000000007,891.7800000000007,795271.5684000012,19.853952846361082,28.1,3.0,1781.3,4614.5,0.27851089777666593,69.8,999.3
99,30,knn,loso,Osfan - KAU,21.89252,39.2539,01-03-2018 00:00,6460.5,6854.539999999999,394.03999999999905,394.03999999999905,155267.52159999925,6.0992183267548805,28.2,3.2,2231.4,6115.0,0.26734879708616893,49.9,997.8
100,30,knn,loso,Osfan - KAU,21.89252,39.2539,01-04-2018 00:00,7129.6,6896.660000000001,-232.9399999999996,232.9399999999996,54261.043599999815,3.267223967684016,29.4,3.2,2679.4,5946.1,0.31063706451799894,46.2,995.7
101,30,knn,loso,Osfan - KAU,21.89252,39.2539,01-05-2018 00:00,7282.0,6975.26,-306.7399999999998,306.7399999999998,94089.42759999986,4.212304312002194,33.3,3.7,3148.5,5293.3,0.37296548129545837,39.5,993.8
102,30,knn,loso,Osfan - KAU,21.89252,39.2539,01-06-2018 00:00,7254.0,7153.92,-100.07999999999993,100.07999999999993,10016.006399999986,1.379652605459056,33.9,3.3,3114.1,5273.3,0.3712831151489139,46.5,991.6
103,30,knn,loso,Osfan - KAU,21.89252,39.2539,01-07-2018 00:00,7178.2,6969.32,-208.8800000000001,208.8800000000001,43630.85440000005,2.9099217073918267,34.7,3.0,2931.9,5391.5,0.35224787947233105,44.5,991.7
104,30,knn,loso,Osfan - KAU,21.89252,39.2539,01-08-2018 00:00,6917.8,6697.879999999999,-219.92000000000098,219.92000000000098,48364.80640000043,3.1790453612420277,34.5,3.2,2527.4,5710.6,0.30679776644816703,51.0,992.0
105,30,knn,loso,Osfan - KAU,21.89252,39.2539,01-09-2018 00:00,6019.8,5921.06,-98.73999999999978,98.73999999999978,9749.587599999957,1.6402538290308613,33.7,2.9,3098.6,3795.7,0.4494437433822143,64.1,993.4
106,30,knn,loso,Osfan - KAU,21.89252,39.2539,01-10-2018 00:00,5231.0,4707.660000000001,-523.3399999999992,523.3399999999992,273884.7555999992,10.004588032880887,31.5,2.7,2130.2,4637.2,0.3147737683600792,59.5,997.4
107,30,knn,loso,Osfan - KAU,21.89252,39.2539,01-11-2018 00:00,4096.6,4309.5199999999995,212.91999999999916,212.91999999999916,45334.92639999964,5.197480837767884,27.7,3.1,1787.2,4049.0,0.30622665432987217,56.0,999.3
108,30,knn,loso,Osfan - KAU,21.89252,39.2539,01-12-2018 00:00,3975.6,3955.9799999999996,-19.620000000000346,19.620000000000346,384.94440000001356,0.4935104135224959,25.3,3.0,1781.4,4062.4,0.30483589445223996,62.7,1001.6
109,30,knn,loso,Osfan - KAU,21.89252,39.2539,01-01-2019 00:00,4045.3,4166.4,121.09999999999945,121.09999999999945,14665.209999999868,2.9935975082194015,24.7,3.2,2080.9,3446.8,0.3764495178826636,64.3,1001.7
110,30,knn,loso,Osfan - KAU,21.89252,39.2539,01-02-2019 00:00,4778.0,5113.9,335.89999999999964,335.89999999999964,112828.80999999975,7.030138133110081,24.5,3.7,2226.6,4016.0,0.35667830711562487,54.3,1000.8
111,30,knn,loso,Osfan - KAU,21.89252,39.2539,01-03-2019 00:00,6251.3,5883.539999999999,-367.7600000000011,367.7600000000011,135247.41760000083,5.882936349239376,24.9,4.0,2396.7,5632.6,0.2984942647553336,51.1,999.6
112,30,knn,loso,Osfan - KAU,21.89252,39.2539,01-04-2019 00:00,6915.2,6664.860000000001,-250.33999999999924,250.33999999999924,62670.11559999962,3.6201411383618582,28.4,3.6,2699.6,5723.3,0.3205071887354712,48.7,996.9
113,30,knn,loso,Osfan - KAU,21.89252,39.2539,01-05-2019 00:00,6965.7,6101.26,-864.4399999999996,864.4399999999996,747256.5135999994,12.40995162008125,33.6,3.1,2870.1,5217.8,0.354863437975247,41.3,994.8
114,30,knn,loso,Osfan - KAU,21.89252,39.2539,01-06-2019 00:00,7003.8,6448.26,-555.54,555.54,308624.69159999996,7.931979782403838,35.0,3.7,3122.0,4851.0,0.3915715539947322,43.0,992.2
115,30,knn,loso,Osfan - KAU,21.89252,39.2539,01-07-2019 00:00,7240.6,6939.9,-300.7000000000007,300.7000000000007,90420.49000000044,4.15297074828054,34.6,3.2,2705.0,5875.9,0.31523499865981425,45.7,990.9
116,30,knn,loso,Osfan - KAU,21.89252,39.2539,01-08-2019 00:00,6971.0,6604.7,-366.3000000000002,366.3000000000002,134175.69000000012,5.254626308994408,34.4,3.3,2505.4,5849.7,0.2998647532644732,51.7,992.6
117,30,knn,loso,Osfan - KAU,21.89252,39.2539,01-09-2019 00:00,6188.8,5801.08,-387.72000000000025,387.72000000000025,150326.7984000002,6.264865563598764,32.9,3.0,2592.7,4759.2,0.35265713625049305,61.5,992.8
118,30,knn,loso,Osfan - KAU,21.89252,39.2539,01-10-2019 00:00,5377.9,5590.1,212.20000000000073,212.20000000000073,45028.84000000031,3.945778091820241,31.6,2.9,2163.3,4866.9,0.3077152854826321,59.4,996.8
119,30,knn,loso,Osfan - KAU,21.89252,39.2539,01-11-2019 00:00,4634.7,4818.960000000001,184.26000000000113,184.26000000000113,33951.74760000042,3.975661855136279,28.9,2.7,1693.7,5039.4,0.25154832098142016,57.3,998.2
120,30,knn,loso,Osfan - KAU,21.89252,39.2539,01-12-2019 00:00,4307.9,4076.6799999999994,-231.22000000000025,231.22000000000025,53462.688400000116,5.367348359989792,25.2,3.7,1560.3,5176.9,0.2315947277800867,55.0,1000.8
121,30,knn,loso,Osfan - KAU,21.89252,39.2539,01-01-2020 00:00,4818.4,4326.74,-491.65999999999985,491.65999999999985,241729.55559999985,10.203802091980737,21.9,4.0,1405.7,6219.5,0.1843492629701516,49.7,1003.4
122,30,knn,loso,Osfan - KAU,21.89252,39.2539,01-02-2020 00:00,4959.4,5274.4,315.0,315.0,99225.0,6.3515747872726545,23.4,3.5,2221.3,4385.6,0.3362091147134057,56.3,1002.0
123,30,knn,loso,Osfan - KAU,21.89252,39.2539,01-03-2020 00:00,6308.6,5361.6,-947.0,947.0,896809.0,15.011254478014138,25.6,3.6,2436.8,5455.8,0.30874490028634416,54.4,998.1
124,30,knn,loso,Osfan - KAU,21.89252,39.2539,01-09-2020 00:00,6212.3,6013.92,-198.3800000000001,198.3800000000001,39354.624400000044,3.1933422403940583,34.7,2.8,2468.7,5044.1,0.3285991907145139,56.4,992.0
125,30,knn,loso,Osfan - KAU,21.89252,39.2539,01-10-2020 00:00,5750.3,5655.68,-94.61999999999989,94.61999999999989,8952.944399999978,1.6454793662939307,32.8,3.1,1698.5,6251.9,0.21363704970819078,45.7,996.6
126,30,knn,loso,Osfan - KAU,21.89252,39.2539,01-11-2020 00:00,4439.9,4569.04,129.14000000000033,129.14000000000033,16677.139600000086,2.90862406810965,28.3,2.6,1592.7,4940.1,0.24380051432770022,61.0,999.5
127,30,knn,loso,Osfan - KAU,21.89252,39.2539,01-12-2020 00:00,4033.0,4824.540000000001,791.5400000000009,791.5400000000009,626535.5716000014,19.62658070914954,26.2,2.1,1688.5,4413.6,0.27670801855099064,58.3,1000.7
128,30,knn,loso,Osfan - KAU,21.89252,39.2539,01-01-2021 00:00,4348.2,4756.06,407.8600000000006,407.8600000000006,166349.77960000047,9.379973322294296,25.2,3.3,1805.4,4510.2,0.28586357590727723,58.4,1000.9
129,30,knn,loso,Osfan - KAU,21.89252,39.2539,01-02-2021 00:00,5016.3,5274.4,258.09999999999945,258.09999999999945,66615.60999999972,5.1452265614097925,24.5,3.5,1814.4,5131.2,0.26123013130615064,58.0,1000.7
130,30,knn,loso,Osfan - KAU,21.89252,39.2539,01-03-2021 00:00,6161.8,6548.42,386.6199999999999,386.6199999999999,149475.0243999999,6.274465253659643,27.4,3.3,2445.2,5248.1,0.3178349992850922,57.5,997.9
131,30,knn,loso,Osfan - KAU,21.89252,39.2539,01-04-2021 00:00,6718.8,6194.64,-524.1599999999999,524.1599999999999,274743.70559999987,7.801393105911767,29.7,3.4,2720.1,5245.5,0.3414808677312443,50.7,996.7
132,30,knn,loso,Osfan - KAU,21.89252,39.2539,01-05-2021 00:00,7387.0,7036.1,-350.89999999999964,350.89999999999964,123130.80999999975,4.750236902666842,32.4,2.7,2251.1,6793.0,0.24890259948474694,53.1,994.1
133,30,knn,loso,Osfan - KAU,21.89252,39.2539,01-07-2021 00:00,6627.9,6273.1,-354.7999999999993,354.7999999999993,125883.03999999948,5.353128441889577,33.9,3.2,3104.8,4465.3,0.41013989247169785,53.2,990.2
134,30,knn,loso,Osfan - KAU,21.89252,39.2539,01-08-2021 00:00,6560.8,6134.9800000000005,-425.8199999999997,425.8199999999997,181322.67239999975,6.490367028411165,34.7,3.1,2739.0,4890.9,0.3589824244092321,56.1,991.1
135,30,knn,loso,Osfan - KAU,21.89252,39.2539,01-09-2021 00:00,5972.5,5782.74,-189.76000000000022,189.76000000000022,36008.85760000008,3.177228966094604,32.8,3.2,2714.6,4315.4,0.3861450924608819,63.8,992.7
136,30,knn,loso,Osfan - KAU,21.89252,39.2539,01-10-2021 00:00,5533.7,5451.26,-82.4399999999996,82.4399999999996,6796.353599999934,1.4897807976579793,31.1,2.5,1853.6,5513.5,0.25160510920172113,65.5,996.5
137,30,knn,loso,Osfan - KAU,21.89252,39.2539,01-11-2021 00:00,4506.5,4503.28,-3.2200000000002547,3.2200000000002547,10.36840000000164,0.07145234661045723,28.5,2.5,1386.1,5330.4,0.20637236655996424,62.1,998.9
737,31,knn,loso,Rania - TVTC,21.21501,42.84853,01-02-2017 00:00,4696.4,5111.5,415.10000000000036,415.10000000000036,172308.0100000003,8.83868495017461,17.8,3.4,2489.3,3360.3,0.4255504649890591,36.1,912.8
738,31,knn,loso,Rania - TVTC,21.21501,42.84853,01-03-2017 00:00,5689.1,6587.62,898.5199999999995,898.5199999999995,807338.1903999991,15.793710780264004,24.9,3.8,2849.3,3924.0,0.42066644028759986,33.7,909.1
739,31,knn,loso,Rania - TVTC,21.21501,42.84853,01-05-2017 00:00,6588.7,6793.42,204.72000000000025,204.72000000000025,41910.278400000105,3.107137978660438,32.0,3.1,3045.4,4398.2,0.40912999086463536,24.7,908.4
740,31,knn,loso,Rania - TVTC,21.21501,42.84853,01-09-2017 00:00,6773.0,6787.6,14.600000000000364,14.600000000000364,213.16000000001063,0.215561789458148,32.2,2.4,2290.2,6135.3,0.27181769627915253,10.7,907.5
741,31,knn,loso,Rania - TVTC,21.21501,42.84853,01-11-2017 00:00,5252.1,4960.46,-291.6400000000003,291.6400000000003,85053.88960000018,5.5528264884522445,23.2,3.4,1461.4,6553.3,0.18233995034124795,27.3,912.5
742,31,knn,loso,Rania - TVTC,21.21501,42.84853,01-03-2018 00:00,6647.4,5850.4,-797.0,797.0,635209.0,11.989650088756507,25.9,3.7,2201.4,6323.8,0.25822268099282125,21.7,910.6
743,31,knn,loso,Rania - TVTC,21.21501,42.84853,01-04-2018 00:00,6467.7,6501.9800000000005,34.280000000000655,34.280000000000655,1175.1184000000449,0.5300183991217999,26.5,3.7,2885.1,4650.2,0.38287792125064696,33.9,908.7
744,31,knn,loso,Rania - TVTC,21.21501,42.84853,01-05-2018 00:00,7521.3,7101.92,-419.3800000000001,419.3800000000001,175879.58440000008,5.575897783627832,32.2,3.4,3333.3,5330.2,0.3847521209672765,15.8,907.5
745,31,knn,loso,Rania - TVTC,21.21501,42.84853,01-03-2019 00:00,6513.2,6521.0,7.800000000000182,7.800000000000182,60.84000000000284,0.11975680157219465,23.5,4.0,2723.0,5245.0,0.3417419678714859,21.2,910.1
746,31,knn,loso,Rania - TVTC,21.21501,42.84853,01-04-2019 00:00,6275.2,6264.4,-10.800000000000182,10.800000000000182,116.64000000000392,0.17210606833248632,26.6,3.3,2881.5,4203.2,0.4067215266701484,30.5,909.1
747,31,knn,loso,Rania - TVTC,21.21501,42.84853,01-05-2019 00:00,6095.7,6695.5,599.8000000000002,599.8000000000002,359760.0400000002,9.839723083485083,29.9,3.5,2986.6,3704.0,0.446387468986339,27.3,908.9
748,31,knn,loso,Rania - TVTC,21.21501,42.84853,01-06-2019 00:00,7328.3,7169.740000000001,-158.5599999999995,158.5599999999995,25141.273599999837,2.1636668804497563,35.5,3.5,3051.8,5318.3,0.3646073523613816,11.0,905.7
749,31,knn,loso,Rania - TVTC,21.21501,42.84853,01-08-2019 00:00,7292.2,7419.82,127.61999999999989,127.61999999999989,16286.864399999971,1.750089136337455,34.7,4.5,2803.0,5779.2,0.3266062315024119,14.6,904.7
750,31,knn,loso,Rania - TVTC,21.21501,42.84853,01-09-2019 00:00,6885.3,7361.9400000000005,476.6400000000003,476.6400000000003,227185.6896000003,6.922574179774306,33.3,2.4,2417.9,6088.5,0.28424480391234835,13.3,906.8
751,31,knn,loso,Rania - TVTC,21.21501,42.84853,01-10-2019 00:00,6154.9,6098.42,-56.47999999999956,56.47999999999956,3189.9903999999506,0.9176428536613034,29.1,2.4,1826.4,6564.4,0.21766696858464035,17.7,910.3
752,31,knn,loso,Rania - TVTC,21.21501,42.84853,01-11-2019 00:00,4930.5,5409.219999999999,478.71999999999935,478.71999999999935,229172.83839999937,9.709360105465963,23.2,3.3,1798.3,5284.9,0.2538824260221369,36.1,911.8
753,31,knn,loso,Rania - TVTC,21.21501,42.84853,01-02-2020 00:00,5547.4,6036.82,489.4200000000001,489.4200000000001,239531.93640000006,8.82251144680391,21.0,3.0,2340.1,4962.5,0.32044751184509623,24.9,912.6
754,31,knn,loso,Rania - TVTC,21.21501,42.84853,01-03-2020 00:00,6522.9,6683.979999999999,161.07999999999902,161.07999999999902,25946.766399999684,2.4694537705621586,24.5,3.1,2867.5,5040.8,0.36259373063743155,19.3,909.6
755,31,knn,loso,Rania - TVTC,21.21501,42.84853,01-04-2020 00:00,6893.6,7081.92,188.3199999999997,188.3199999999997,35464.422399999894,2.731809214343735,28.8,2.6,2695.2,5478.2,0.32975261213203805,24.1,908.5
756,31,knn,loso,Rania - TVTC,21.21501,42.84853,01-05-2020 00:00,6454.6,6421.88,-32.720000000000255,32.720000000000255,1070.5984000000167,0.5069252935890721,32.0,2.8,3106.1,4200.3,0.42512044235191065,20.0,908.6
757,31,knn,loso,Rania - TVTC,21.21501,42.84853,01-09-2020 00:00,7093.5,6057.86,-1035.6400000000003,1035.6400000000003,1072550.2096000006,14.599844928455633,32.2,2.1,2153.8,6819.7,0.2400178302780409,10.8,906.9
758,31,knn,loso,Rania - TVTC,21.21501,42.84853,01-11-2020 00:00,5419.3,5428.08,8.779999999999745,8.779999999999745,77.08839999999553,0.1620135441846686,23.5,3.0,1298.6,7125.5,0.15415296589546656,25.1,912.2
759,31,knn,loso,Rania - TVTC,21.21501,42.84853,01-01-2021 00:00,5111.7,6024.24,912.54,912.54,832729.2516,17.851986618933037,18.4,2.7,1789.6,5867.5,0.23371772603204866,30.1,913.5
760,31,knn,loso,Rania - TVTC,21.21501,42.84853,01-04-2021 00:00,6991.2,7052.5,61.30000000000018,61.30000000000018,3757.6900000000223,0.8768165694015361,27.9,2.6,2861.2,5265.2,0.3520870250049222,20.4,909.9
761,31,knn,loso,Rania - TVTC,21.21501,42.84853,01-05-2021 00:00,7704.7,7208.5,-496.1999999999998,496.1999999999998,246214.43999999983,6.440224797850661,33.4,2.4,2755.5,6359.7,0.30229726171669297,10.9,907.0
762,31,knn,loso,Rania - TVTC,21.21501,42.84853,01-07-2021 00:00,7095.6,6841.719999999999,-253.88000000000102,253.88000000000102,64455.05440000052,3.577991995039193,36.1,4.2,3245.5,4820.7,0.40235798765217823,14.2,902.2
763,31,knn,loso,Rania - TVTC,21.21501,42.84853,01-08-2021 00:00,7290.2,7802.5199999999995,512.3199999999997,512.3199999999997,262471.7823999997,7.027516391868533,36.0,3.4,2841.0,5704.4,0.33245956889086525,12.7,904.4
764,31,knn,loso,Rania - TVTC,21.21501,42.84853,01-10-2021 00:00,6307.4,6148.26,-159.13999999999942,159.13999999999942,25325.539599999815,2.5230681421821894,28.6,2.4,1759.3,6942.6,0.2021742378101334,14.5,910.8
630,32,knn,loso,Riyadh - K.A.CARE City T2,24.52958,46.43635,01-01-2017 00:00,4453.5,4397.76,-55.73999999999978,55.73999999999978,3106.947599999976,1.2515998652744984,15.5,4.1,1592.1,5395.1,0.22785951454087472,35.4,915.1
631,32,knn,loso,Riyadh - K.A.CARE City T2,24.52958,46.43635,01-02-2017 00:00,4382.4,4722.08,339.6800000000003,339.6800000000003,115382.5024000002,7.751004016064264,12.5,4.0,2183.0,3572.6,0.3792827854611161,45.5,915.3
632,32,knn,loso,Riyadh - K.A.CARE City T2,24.52958,46.43635,01-03-2017 00:00,5313.7,5081.839999999999,-231.86000000000058,231.86000000000058,53759.05960000027,4.363437905790703,19.9,5.0,2812.6,3552.7,0.4418644839991831,40.5,911.5
633,32,knn,loso,Riyadh - K.A.CARE City T2,24.52958,46.43635,01-04-2017 00:00,6906.3,6909.9800000000005,3.680000000000291,3.680000000000291,13.542400000002141,0.05328468210185325,27.5,4.2,3176.3,4950.9,0.39082340781572994,20.8,912.2
634,32,knn,loso,Riyadh - K.A.CARE City T2,24.52958,46.43635,01-05-2017 00:00,7135.2,6807.12,-328.0799999999999,328.0799999999999,107636.48639999995,4.598049108644466,32.1,4.1,3651.4,4332.6,0.45733967935871744,19.4,909.9
635,32,knn,loso,Riyadh - K.A.CARE City T2,24.52958,46.43635,01-06-2017 00:00,8050.4,7842.280000000001,-208.11999999999898,208.11999999999898,43313.934399999576,2.585213157110193,35.0,4.2,2687.6,7045.4,0.2761327442720641,10.3,906.8
636,32,knn,loso,Riyadh - K.A.CARE City T2,24.52958,46.43635,01-09-2017 00:00,7016.5,6946.76,-69.73999999999978,69.73999999999978,4863.66759999997,0.9939428489987854,33.0,3.3,2178.3,6788.4,0.24293218240824382,11.4,909.2
637,32,knn,loso,Riyadh - K.A.CARE City T2,24.52958,46.43635,01-10-2017 00:00,6247.4,6089.3,-158.09999999999945,158.09999999999945,24995.609999999826,2.530652751544634,28.3,3.5,1682.9,7268.5,0.18800411108876824,17.3,913.0
638,32,knn,loso,Riyadh - K.A.CARE City T2,24.52958,46.43635,01-11-2017 00:00,4778.9,4757.7,-21.199999999999818,21.199999999999818,449.43999999999227,0.4436167318839026,20.5,3.7,1551.5,5817.6,0.21054131440745816,36.4,914.9
639,32,knn,loso,Riyadh - K.A.CARE City T2,24.52958,46.43635,01-03-2018 00:00,6516.1,5967.039999999999,-549.0600000000013,549.0600000000013,301466.88360000146,8.426205859333056,23.4,4.2,2321.5,6119.7,0.2750201393166848,24.6,912.7
640,32,knn,loso,Riyadh - K.A.CARE City T2,24.52958,46.43635,01-04-2018 00:00,6333.4,5688.320000000001,-645.079999999999,645.079999999999,416128.20639999874,10.185366469826619,23.9,4.4,3398.0,3732.5,0.47654442184980017,37.1,910.3
641,32,knn,loso,Riyadh - K.A.CARE City T2,24.52958,46.43635,01-05-2018 00:00,6973.1,6875.9,-97.20000000000073,97.20000000000073,9447.840000000142,1.3939280951083552,30.2,4.7,3305.2,4630.5,0.4164975994556246,19.2,909.3
642,32,knn,loso,Riyadh - K.A.CARE City T2,24.52958,46.43635,01-06-2018 00:00,7410.6,7525.2,114.59999999999945,114.59999999999945,13133.159999999874,1.5464334871670236,34.9,4.2,2911.6,5774.3,0.33520993794540577,12.7,906.1
643,32,knn,loso,Riyadh - K.A.CARE City T2,24.52958,46.43635,01-07-2018 00:00,7248.4,6910.12,-338.27999999999975,338.27999999999975,114433.35839999982,4.666960984493127,35.5,4.1,2646.8,5873.9,0.3106317556069337,11.9,903.8
644,32,knn,loso,Riyadh - K.A.CARE City T2,24.52958,46.43635,01-08-2018 00:00,6973.3,6920.0,-53.30000000000018,53.30000000000018,2840.8900000000194,0.7643439978202599,34.9,3.8,2200.2,6321.8,0.2581788312602675,13.1,905.2
645,32,knn,loso,Riyadh - K.A.CARE City T2,24.52958,46.43635,01-09-2018 00:00,6134.3,6558.280000000001,423.9800000000005,423.9800000000005,179759.0404000004,6.911628058621202,34.1,3.8,2148.2,5530.4,0.2797645404110124,14.1,909.3
646,32,knn,loso,Riyadh - K.A.CARE City T2,24.52958,46.43635,01-10-2018 00:00,4837.2,5030.360000000001,193.16000000000076,193.16000000000076,37310.785600000294,3.993219217729281,26.6,3.3,1889.3,4590.4,0.29157214068552556,31.7,914.0
647,32,knn,loso,Riyadh - K.A.CARE City T2,24.52958,46.43635,01-11-2018 00:00,4170.4,4255.119999999999,84.71999999999935,84.71999999999935,7177.478399999889,2.031459812008425,18.6,4.2,1939.7,3934.5,0.33020666643968544,61.9,914.7
648,32,knn,loso,Riyadh - K.A.CARE City T2,24.52958,46.43635,01-12-2018 00:00,4232.3,4379.42,147.1199999999999,147.1199999999999,21644.294399999966,3.476124093282609,16.2,4.0,1421.4,5444.5,0.2070231142312006,53.7,915.9
649,32,knn,loso,Riyadh - K.A.CARE City T2,24.52958,46.43635,01-01-2019 00:00,4320.6,4395.4,74.79999999999927,74.79999999999927,5595.039999999891,1.731241031338223,16.3,4.2,2091.7,4040.2,0.34111776121593634,38.3,915.5
650,32,knn,loso,Riyadh - K.A.CARE City T2,24.52958,46.43635,01-02-2019 00:00,5126.5,4981.96,-144.53999999999996,144.53999999999996,20891.81159999999,2.8194674729347504,15.8,4.3,2088.4,5041.8,0.29289500995764495,39.8,914.1
651,32,knn,loso,Riyadh - K.A.CARE City T2,24.52958,46.43635,01-03-2019 00:00,6260.1,6553.9,293.7999999999993,293.7999999999993,86318.43999999957,4.693215763326453,18.5,4.7,2449.2,5593.9,0.30450945530951995,29.3,912.0
652,32,knn,loso,Riyadh - K.A.CARE City T2,24.52958,46.43635,01-04-2019 00:00,6572.3,6299.08,-273.22000000000025,273.22000000000025,74649.16840000014,4.157144378680222,23.0,4.5,3001.1,4740.9,0.38763885300955825,33.8,911.1
653,32,knn,loso,Riyadh - K.A.CARE City T2,24.52958,46.43635,01-05-2019 00:00,6652.3,6564.879999999999,-87.42000000000098,87.42000000000098,7642.256400000172,1.314131954361664,30.0,3.7,3106.9,4519.9,0.40736612996276295,23.2,910.1
654,32,knn,loso,Riyadh - K.A.CARE City T2,24.52958,46.43635,01-06-2019 00:00,7644.4,7745.220000000001,100.82000000000153,100.82000000000153,10164.672400000309,1.318873946941572,35.7,3.7,2665.4,6523.1,0.2900799912934647,12.2,907.0
655,32,knn,loso,Riyadh - K.A.CARE City T2,24.52958,46.43635,01-07-2019 00:00,8069.1,7287.0199999999995,-782.0800000000008,782.0800000000008,611649.1264000013,9.692282906396015,35.8,4.2,2377.9,7498.8,0.24075855295797177,11.8,904.2
656,32,knn,loso,Riyadh - K.A.CARE City T2,24.52958,46.43635,01-08-2019 00:00,7727.3,7647.12,-80.18000000000029,80.18000000000029,6428.832400000047,1.0376198672240018,35.2,3.8,2122.5,7538.9,0.21968865795847395,12.1,905.5
657,32,knn,loso,Riyadh - K.A.CARE City T2,24.52958,46.43635,01-09-2019 00:00,6933.8,7054.6799999999985,120.87999999999829,120.87999999999829,14611.974399999586,1.7433441979866495,33.4,3.6,2000.0,7014.8,0.22185739006966324,15.8,908.7
658,32,knn,loso,Riyadh - K.A.CARE City T2,24.52958,46.43635,01-10-2019 00:00,5863.3,5943.0,79.69999999999982,79.69999999999982,6352.089999999971,1.3593027817099554,28.9,3.5,1793.0,6434.5,0.21792768155575812,23.9,912.5
659,32,knn,loso,Riyadh - K.A.CARE City T2,24.52958,46.43635,01-11-2019 00:00,4330.5,4172.139999999999,-158.36000000000058,158.36000000000058,25077.889600000184,3.6568525574414172,19.7,3.8,1792.0,4585.7,0.28097903632971133,45.1,914.6
660,32,knn,loso,Riyadh - K.A.CARE City T2,24.52958,46.43635,01-12-2019 00:00,4290.2,4386.9800000000005,96.78000000000065,96.78000000000065,9366.368400000127,2.255838888629916,15.8,3.9,1308.1,5898.7,0.18150913026586002,47.8,914.8
661,32,knn,loso,Riyadh - K.A.CARE City T2,24.52958,46.43635,01-01-2020 00:00,4711.8,4679.74,-32.0600000000004,32.0600000000004,1027.8436000000256,0.680419372638915,12.9,3.8,1245.2,6602.5,0.15867069332415867,42.8,915.0
662,32,knn,loso,Riyadh - K.A.CARE City T2,24.52958,46.43635,01-02-2020 00:00,5374.6,5404.6,30.0,30.0,900.0,0.5581810739403862,17.1,4.2,2102.5,5382.8,0.2808838657101252,28.7,914.9
663,32,knn,loso,Riyadh - K.A.CARE City T2,24.52958,46.43635,01-03-2020 00:00,6459.8,5933.32,-526.4800000000005,526.4800000000005,277181.1904000005,8.15009752623921,20.8,4.1,2661.8,5521.4,0.32527617557923555,25.9,911.5
664,32,knn,loso,Riyadh - K.A.CARE City T2,24.52958,46.43635,01-04-2020 00:00,6450.3,6292.76,-157.53999999999996,157.53999999999996,24818.851599999987,2.442367021688913,25.4,4.7,3234.6,4214.9,0.43420363782804217,31.9,910.6
665,32,knn,loso,Riyadh - K.A.CARE City T2,24.52958,46.43635,01-05-2020 00:00,7466.7,6987.340000000001,-479.35999999999876,479.35999999999876,229786.00959999883,6.419971339413647,31.1,4.1,3115.5,5659.6,0.35503868901778896,16.7,910.4
666,32,knn,loso,Riyadh - K.A.CARE City T2,24.52958,46.43635,01-09-2020 00:00,6797.3,6978.339999999999,181.03999999999905,181.03999999999905,32775.48159999966,2.6634104718049674,32.8,3.3,1985.8,6821.4,0.22547461168135163,15.0,908.8
667,32,knn,loso,Riyadh - K.A.CARE City T2,24.52958,46.43635,01-10-2020 00:00,6225.2,5904.4800000000005,-320.71999999999935,320.71999999999935,102861.31839999958,5.151962989140901,25.8,3.0,1182.8,8258.0,0.125285992712482,16.5,913.4
668,32,knn,loso,Riyadh - K.A.CARE City T2,24.52958,46.43635,01-11-2020 00:00,4766.4,4428.42,-337.97999999999956,337.97999999999956,114230.48039999971,7.090886203423959,21.3,3.7,1291.5,6331.5,0.16942148760330578,37.4,914.8
669,32,knn,loso,Riyadh - K.A.CARE City T2,24.52958,46.43635,01-12-2020 00:00,4173.6,4295.0,121.39999999999964,121.39999999999964,14737.959999999912,2.9087598236534316,15.1,4.1,1383.0,5451.7,0.2023497739476495,52.1,916.0
670,32,knn,loso,Riyadh - K.A.CARE City T2,24.52958,46.43635,01-01-2021 00:00,4551.4,4395.839999999999,-155.5600000000004,155.5600000000004,24198.913600000124,3.417849452915595,14.3,4.1,1493.6,5712.0,0.20728322415898742,43.8,916.0
671,32,knn,loso,Riyadh - K.A.CARE City T2,24.52958,46.43635,01-02-2021 00:00,5049.4,5051.18,1.7800000000006548,1.7800000000006548,3.168400000002331,0.03525171307483374,16.2,4.3,1831.4,5467.6,0.2509110837100973,40.3,914.7
672,32,knn,loso,Riyadh - K.A.CARE City T2,24.52958,46.43635,01-10-2021 00:00,5891.9,6139.9400000000005,248.04000000000087,248.04000000000087,61523.841600000436,4.209847417641184,28.5,3.5,1655.6,6715.0,0.1977874943253769,20.3,913.1
673,32,knn,loso,Riyadh - K.A.CARE City T2,24.52958,46.43635,01-11-2021 00:00,4901.4,5170.46,269.0600000000004,269.0600000000004,72393.28360000021,5.489451993308043,21.6,3.1,1419.9,6272.1,0.18459438377535103,31.1,914.8
674,32,knn,loso,Riyadh - K.A.CARE City T2,24.52958,46.43635,01-12-2021 00:00,4047.2,4376.14,328.9400000000005,328.9400000000005,108201.52360000034,8.127594386242354,16.2,3.1,1548.3,4877.7,0.24094304388422036,38.6,915.8
1263,33,knn,loso,Riyadh - K.A.CARE HQ,24.707744,46.6792,01-01-2017 00:00,4098.6,4658.460000000001,559.8600000000006,559.8600000000006,313443.21960000065,13.659786268481932,17.1,2.6,1584.2,4669.2,0.25333418620270576,33.9,941.6
1264,33,knn,loso,Riyadh - K.A.CARE HQ,24.707744,46.6792,01-02-2017 00:00,4242.8,4861.360000000001,618.5600000000004,618.5600000000004,382616.4736000005,14.579051569718118,14.6,2.7,2143.2,3405.3,0.3862665585293322,41.5,942.2
1265,33,knn,loso,Riyadh - K.A.CARE HQ,24.707744,46.6792,01-03-2017 00:00,4810.7,5015.7,205.0,205.0,42025.0,4.261334109381171,22.3,3.1,2674.1,3030.1,0.46879492303916415,36.8,937.6
1266,33,knn,loso,Riyadh - K.A.CARE HQ,24.707744,46.6792,01-04-2017 00:00,6469.9,6830.62,360.72000000000025,360.72000000000025,130118.91840000018,5.575356651571125,30.2,3.1,3096.4,4439.3,0.41089746141698846,19.4,937.4
1267,33,knn,loso,Riyadh - K.A.CARE HQ,24.707744,46.6792,01-05-2017 00:00,6540.2,7045.5199999999995,505.3199999999997,505.3199999999997,255348.3023999997,7.726369224182743,35.4,3.0,3515.4,3740.9,0.4844617780411504,17.1,934.6
1268,33,knn,loso,Riyadh - K.A.CARE HQ,24.707744,46.6792,01-06-2017 00:00,7492.8,7512.219999999999,19.419999999999163,19.419999999999163,377.1363999999675,0.25918214819558993,38.1,3.4,2536.9,6475.5,0.28148994718388,9.9,931.1
1269,33,knn,loso,Riyadh - K.A.CARE HQ,24.707744,46.6792,01-09-2017 00:00,6676.1,6819.920000000001,143.82000000000062,143.82000000000062,20684.192400000178,2.154251733796687,36.2,2.6,2089.3,6434.0,0.24512806072765247,10.9,933.6
1270,33,knn,loso,Riyadh - K.A.CARE HQ,24.707744,46.6792,01-10-2017 00:00,5822.8,6075.8,253.0,253.0,64009.0,4.34498866524696,31.4,2.4,1702.9,6489.5,0.20786338557687614,16.8,937.9
1271,33,knn,loso,Riyadh - K.A.CARE HQ,24.707744,46.6792,01-11-2017 00:00,4407.8,4483.56,75.76000000000022,75.76000000000022,5739.577600000033,1.7187712691138484,23.2,2.5,1544.6,5084.4,0.23300648664957005,32.7,941.0
1272,33,knn,loso,Riyadh - K.A.CARE HQ,24.707744,46.6792,01-03-2018 00:00,6302.3,5980.68,-321.6199999999999,321.6199999999999,103439.42439999993,5.103216286117765,26.2,2.7,2322.3,5757.1,0.2874347104983043,21.9,938.5
1273,33,knn,loso,Riyadh - K.A.CARE HQ,24.707744,46.6792,01-04-2018 00:00,6082.4,6331.960000000001,249.5600000000013,249.5600000000013,62280.19360000065,4.102985663553882,27.1,3.1,3386.4,3416.9,0.4977584407566916,31.5,935.7
1274,33,knn,loso,Riyadh - K.A.CARE HQ,24.707744,46.6792,01-05-2018 00:00,7086.7,7184.7,98.0,98.0,9604.0,1.3828721407707396,33.3,3.2,3467.3,4535.6,0.4332554449012233,16.8,934.2
1275,33,knn,loso,Riyadh - K.A.CARE HQ,24.707744,46.6792,01-06-2018 00:00,7754.9,7845.6,90.70000000000073,90.70000000000073,8226.490000000133,1.1695831022966219,37.8,3.5,3174.8,5832.1,0.3524853168126658,11.3,930.2
1276,33,knn,loso,Riyadh - K.A.CARE HQ,24.707744,46.6792,01-07-2018 00:00,7531.5,7499.24,-32.26000000000022,32.26000000000022,1040.707600000014,0.42833432915090247,38.3,3.2,2885.3,5908.8,0.32809497276583166,10.5,927.8
1277,33,knn,loso,Riyadh - K.A.CARE HQ,24.707744,46.6792,01-08-2018 00:00,7326.4,7536.8,210.40000000000055,210.40000000000055,44268.16000000023,2.8718060711945914,37.6,3.1,2438.2,6450.5,0.27430332894574005,11.6,929.4
1278,33,knn,loso,Riyadh - K.A.CARE HQ,24.707744,46.6792,01-09-2018 00:00,6539.8,6635.079999999999,95.27999999999884,95.27999999999884,9078.278399999777,1.4569252882350965,37.4,2.9,2324.2,5837.6,0.2847656154279693,12.6,933.7
1279,33,knn,loso,Riyadh - K.A.CARE HQ,24.707744,46.6792,01-10-2018 00:00,5113.3,5663.24,549.9399999999996,549.9399999999996,302434.0035999996,10.755089668120384,29.6,2.4,2007.3,4774.6,0.2959790029342809,28.3,939.4
1280,33,knn,loso,Riyadh - K.A.CARE HQ,24.707744,46.6792,01-11-2018 00:00,3924.8,4083.5199999999995,158.71999999999935,158.71999999999935,25192.038399999794,4.0440277211577484,21.4,2.7,1902.8,3547.2,0.3491376146788991,53.4,941.1
1281,33,knn,loso,Riyadh - K.A.CARE HQ,24.707744,46.6792,01-12-2018 00:00,3989.0,4457.74,468.7399999999998,468.7399999999998,219717.1875999998,11.75081474053647,18.5,2.6,1469.9,4769.5,0.23558354970029172,48.2,942.7
1282,33,knn,loso,Riyadh - K.A.CARE HQ,24.707744,46.6792,01-01-2019 00:00,4154.9,4676.6,521.7000000000007,521.7000000000007,272170.89000000077,12.556258875063197,18.2,2.7,2126.0,3618.2,0.3701124612652763,34.7,942.0
1283,33,knn,loso,Riyadh - K.A.CARE HQ,24.707744,46.6792,01-02-2019 00:00,4844.9,4533.82,-311.0799999999999,311.0799999999999,96770.76639999995,6.420772358562611,18.0,3.1,2038.2,4674.0,0.30365602931974617,34.9,940.5
1284,33,knn,loso,Riyadh - K.A.CARE HQ,24.707744,46.6792,01-03-2019 00:00,6177.3,6536.1,358.8000000000002,358.8000000000002,128737.44000000013,5.808362876985093,20.7,3.3,2522.5,5358.4,0.32007765610526717,27.1,938.1
1285,33,knn,loso,Riyadh - K.A.CARE HQ,24.707744,46.6792,01-04-2019 00:00,6201.2,6576.960000000001,375.7600000000011,375.7600000000011,141195.57760000083,6.059472360188369,25.6,3.1,2914.4,4333.6,0.4020971302428256,30.0,936.7
1286,33,knn,loso,Riyadh - K.A.CARE HQ,24.707744,46.6792,01-05-2019 00:00,6293.4,6654.4800000000005,361.08000000000084,361.08000000000084,130378.7664000006,5.737439222042153,33.1,2.7,3011.6,4159.6,0.4199576082106202,20.4,935.0
1287,33,knn,loso,Riyadh - K.A.CARE HQ,24.707744,46.6792,01-06-2019 00:00,7447.6,7480.9,33.29999999999927,33.29999999999927,1108.8899999999514,0.44712390568772853,38.8,2.9,2646.8,6268.4,0.2968862167982771,10.8,931.2
1288,33,knn,loso,Riyadh - K.A.CARE HQ,24.707744,46.6792,01-07-2019 00:00,7800.8,7467.38,-333.4200000000001,333.4200000000001,111168.89640000004,4.274177007486413,38.8,3.5,2377.1,7142.7,0.2497006239626883,10.6,928.3
1289,33,knn,loso,Riyadh - K.A.CARE HQ,24.707744,46.6792,01-08-2019 00:00,7400.6,7664.9800000000005,264.3800000000001,264.3800000000001,69896.78440000006,3.5724130475907367,38.0,3.0,2153.1,7024.4,0.23460637428493597,11.0,929.6
1290,33,knn,loso,Riyadh - K.A.CARE HQ,24.707744,46.6792,01-09-2019 00:00,6625.9,6994.759999999999,368.8599999999997,368.8599999999997,136057.69959999976,5.566941849409132,36.8,2.8,1975.7,6583.0,0.23084113241496954,14.0,933.3
1291,33,knn,loso,Riyadh - K.A.CARE HQ,24.707744,46.6792,01-10-2019 00:00,5582.8,5884.6,301.8000000000002,301.8000000000002,91083.2400000001,5.405889517804689,31.9,2.5,1800.4,5925.4,0.23303735535478529,21.7,937.6
1292,33,knn,loso,Riyadh - K.A.CARE HQ,24.707744,46.6792,01-11-2019 00:00,4037.4,4331.4,293.99999999999955,293.99999999999955,86435.99999999974,7.28191410313567,22.2,2.5,1709.9,4156.5,0.291473476067094,40.6,940.8
1293,33,knn,loso,Riyadh - K.A.CARE HQ,24.707744,46.6792,01-12-2019 00:00,3868.2,4362.26,494.0600000000004,494.0600000000004,244095.2836000004,12.772348896127408,17.9,2.5,1249.2,5068.1,0.19774270653602014,44.3,941.8
1294,33,knn,loso,Riyadh - K.A.CARE HQ,24.707744,46.6792,01-01-2020 00:00,4365.8,4176.94,-188.86000000000058,188.86000000000058,35668.09960000022,4.325896742865009,15.0,2.7,1284.0,5824.0,0.18064153066966798,38.5,942.2
1295,33,knn,loso,Riyadh - K.A.CARE HQ,24.707744,46.6792,01-02-2020 00:00,5206.5,5458.14,251.64000000000033,251.64000000000033,63322.689600000165,4.833189282627491,18.9,3.1,2164.8,4979.0,0.30303199977602957,26.8,941.5
1296,33,knn,loso,Riyadh - K.A.CARE HQ,24.707744,46.6792,01-03-2020 00:00,6299.3,6334.540000000001,35.24000000000069,35.24000000000069,1241.8576000000487,0.5594272379470845,23.1,3.0,2696.3,5170.0,0.342765976380255,24.0,937.3
1297,33,knn,loso,Riyadh - K.A.CARE HQ,24.707744,46.6792,01-04-2020 00:00,6176.2,6208.660000000001,32.460000000000946,32.460000000000946,1053.6516000000613,0.5255658819338905,27.8,3.1,3111.0,3991.0,0.43804562095184457,29.4,936.0
1298,33,knn,loso,Riyadh - K.A.CARE HQ,24.707744,46.6792,01-05-2020 00:00,7168.5,7263.62,95.11999999999989,95.11999999999989,9047.81439999998,1.3269163702308695,33.9,3.0,3117.4,5301.3,0.3702947010821148,14.7,935.2
1299,33,knn,loso,Riyadh - K.A.CARE HQ,24.707744,46.6792,01-09-2020 00:00,6645.7,6786.62,140.92000000000007,140.92000000000007,19858.44640000002,2.1204688746106517,35.6,2.8,2015.4,6533.6,0.23574687097906188,14.1,933.2
1300,33,knn,loso,Riyadh - K.A.CARE HQ,24.707744,46.6792,01-10-2020 00:00,6005.1,6106.28,101.17999999999938,101.17999999999938,10237.392399999875,1.6849011673410832,28.3,2.4,1236.0,7759.2,0.13740661686232655,15.9,938.5
1301,33,knn,loso,Riyadh - K.A.CARE HQ,24.707744,46.6792,01-11-2020 00:00,4552.7,4541.0599999999995,-11.640000000000327,11.640000000000327,135.4896000000076,0.25567245810179295,23.6,2.7,1309.7,5832.6,0.18337230303963709,34.3,940.6
1302,33,knn,loso,Riyadh - K.A.CARE HQ,24.707744,46.6792,01-12-2020 00:00,3870.4,4351.9,481.49999999999955,481.49999999999955,231842.24999999956,12.44057461761057,17.3,2.5,1472.9,4618.6,0.24179594516949848,46.6,942.6
1303,33,knn,loso,Riyadh - K.A.CARE HQ,24.707744,46.6792,01-01-2021 00:00,4261.2,4192.36,-68.84000000000015,68.84000000000015,4738.94560000002,1.6155073688162995,16.6,2.4,1517.5,5078.2,0.2300741392119108,38.3,942.7
1304,33,knn,loso,Riyadh - K.A.CARE HQ,24.707744,46.6792,01-02-2021 00:00,4898.9,5063.5,164.60000000000036,164.60000000000036,27093.16000000012,3.3599379452530234,18.3,2.9,1792.8,5224.7,0.2554755967224795,36.0,941.2
1305,33,knn,loso,Riyadh - K.A.CARE HQ,24.707744,46.6792,01-10-2021 00:00,5736.8,6066.3,329.5,329.5,108570.25,5.743620136661553,31.2,2.7,1698.3,6358.3,0.21079611746890747,19.3,938.2
1306,33,knn,loso,Riyadh - K.A.CARE HQ,24.707744,46.6792,01-11-2021 00:00,4751.9,5332.5599999999995,580.6599999999999,580.6599999999999,337166.0355999998,12.219533239335842,24.0,2.5,1483.4,5832.1,0.20277492994327115,28.5,940.6
1307,33,knn,loso,Riyadh - K.A.CARE HQ,24.707744,46.6792,01-12-2021 00:00,3876.0,4416.26,540.2600000000002,540.2600000000002,291880.86760000023,13.938596491228076,18.1,2.5,1548.0,4454.6,0.2578882484256822,35.1,942.2
535,34,knn,loso,Riyadh - KSU,24.72359,46.61639,01-01-2017 00:00,4379.7,4338.719999999999,-40.98000000000047,40.98000000000047,1679.3604000000387,0.9356805260634399,16.9,1.9,1684.0,4945.2,0.2540276353104447,36.5,942.7
536,34,knn,loso,Riyadh - KSU,24.72359,46.61639,01-02-2017 00:00,4482.8,4777.18,294.3800000000001,294.3800000000001,86659.58440000007,6.566877844204518,14.5,2.0,2240.0,3624.6,0.381952733349248,44.1,943.2
537,34,knn,loso,Riyadh - KSU,24.72359,46.61639,01-03-2017 00:00,5128.6,5091.86,-36.74000000000069,36.74000000000069,1349.8276000000508,0.7163748391373999,22.3,2.2,2825.4,3235.2,0.4661914661914662,39.3,938.5
538,34,knn,loso,Riyadh - KSU,24.72359,46.61639,01-04-2017 00:00,6876.9,6905.4800000000005,28.580000000000837,28.580000000000837,816.8164000000478,0.4155942357748526,29.7,2.2,3292.8,4711.6,0.4113737444405577,21.4,938.4
539,34,knn,loso,Riyadh - KSU,24.72359,46.61639,01-05-2017 00:00,7158.3,6955.74,-202.5600000000004,202.5600000000004,41030.55360000016,2.8297221407317434,34.7,2.1,3808.4,4143.5,0.4789295640035715,19.2,935.5
540,34,knn,loso,Riyadh - KSU,24.72359,46.61639,01-06-2017 00:00,8177.0,7777.08,-399.9200000000001,399.9200000000001,159936.00640000007,4.890791243732421,37.0,2.3,2797.7,7017.4,0.2850403969394097,11.4,932.0
541,34,knn,loso,Riyadh - KSU,24.72359,46.61639,01-09-2017 00:00,6742.2,6502.88,-239.3199999999997,239.3199999999997,57274.062399999864,3.5495832220936747,35.1,1.6,2054.9,6637.3,0.23640735371942662,12.7,934.6
542,34,knn,loso,Riyadh - KSU,24.72359,46.61639,01-10-2017 00:00,5978.9,6173.6,194.70000000000073,194.70000000000073,37908.09000000028,3.2564518556925313,30.4,1.4,1745.2,6675.4,0.20725363988314371,19.1,938.9
543,34,knn,loso,Riyadh - KSU,24.72359,46.61639,01-11-2017 00:00,4498.9,4718.460000000001,219.5600000000013,219.5600000000013,48206.593600000575,4.88030407432931,22.8,1.6,1577.4,5164.4,0.23397312290486225,35.5,941.8
544,34,knn,loso,Riyadh - KSU,24.72359,46.61639,01-03-2018 00:00,6286.7,5490.5,-796.1999999999998,796.1999999999998,633934.4399999997,12.664832105874305,25.9,1.9,2318.5,5733.3,0.2879480364638963,23.0,939.4
545,34,knn,loso,Riyadh - KSU,24.72359,46.61639,01-04-2018 00:00,6105.1,6006.3,-98.80000000000018,98.80000000000018,9761.440000000035,1.6183191102520873,26.9,2.2,3399.3,3434.4,0.4974318451205057,33.4,936.7
546,34,knn,loso,Riyadh - KSU,24.72359,46.61639,01-05-2018 00:00,7141.6,6729.7,-411.90000000000055,411.90000000000055,169661.61000000045,5.767615100257652,33.1,2.2,3500.5,4557.7,0.4344022238216972,18.1,935.1
547,34,knn,loso,Riyadh - KSU,24.72359,46.61639,01-06-2018 00:00,7787.4,7597.540000000001,-189.85999999999876,189.85999999999876,36046.81959999953,2.4380409379253507,37.5,2.4,3191.4,5845.5,0.3531520764864058,12.6,931.0
548,34,knn,loso,Riyadh - KSU,24.72359,46.61639,01-07-2018 00:00,7549.8,7145.4,-404.40000000000055,404.40000000000055,163539.36000000045,5.356433283000881,38.0,2.2,2897.7,5911.1,0.3289551357733176,11.8,928.6
549,34,knn,loso,Riyadh - KSU,24.72359,46.61639,01-08-2018 00:00,7345.4,7455.460000000001,110.06000000000131,110.06000000000131,12113.203600000288,1.4983527105399477,37.0,1.9,2459.3,6446.6,0.2761427817514232,13.3,930.3
550,34,knn,loso,Riyadh - KSU,24.72359,46.61639,01-09-2018 00:00,6565.6,6546.24,-19.360000000000582,19.360000000000582,374.80960000002256,0.29487023272816776,36.4,1.7,2366.5,5812.3,0.2893456252751015,14.3,934.6
551,34,knn,loso,Riyadh - KSU,24.72359,46.61639,01-10-2018 00:00,5125.0,4767.04,-357.96000000000004,357.96000000000004,128135.36160000003,6.9845853658536585,29.1,1.5,2006.4,4792.2,0.29511958344365014,30.6,940.2
552,34,knn,loso,Riyadh - KSU,24.72359,46.61639,01-11-2018 00:00,3889.5,4172.9400000000005,283.4400000000005,283.4400000000005,80338.23360000028,7.287311993829554,21.3,1.9,1887.6,3492.5,0.3508484972398282,56.6,941.9
553,34,knn,loso,Riyadh - KSU,24.72359,46.61639,01-12-2018 00:00,3977.8,4485.92,508.1199999999999,508.1199999999999,258185.93439999988,12.773895117904367,18.4,1.8,1442.7,4760.7,0.2325660121868653,50.5,943.5
554,34,knn,loso,Riyadh - KSU,24.72359,46.61639,01-01-2019 00:00,4125.2,4197.9,72.69999999999982,72.69999999999982,5285.289999999974,1.7623387956947498,18.2,1.9,2100.8,3592.9,0.368969211584734,36.5,942.9
555,34,knn,loso,Riyadh - KSU,24.72359,46.61639,01-02-2019 00:00,4913.4,4777.9400000000005,-135.45999999999913,135.45999999999913,18349.411599999763,2.7569503805918334,18.1,2.2,2046.4,4755.0,0.30087923074661105,36.8,941.6
556,34,knn,loso,Riyadh - KSU,24.72359,46.61639,01-03-2019 00:00,6189.1,6087.94,-101.16000000000076,101.16000000000076,10233.345600000155,1.6344864358307467,21.0,2.4,2525.2,5356.4,0.3203917986195696,28.0,939.2
557,34,knn,loso,Riyadh - KSU,24.72359,46.61639,01-04-2019 00:00,6199.7,5741.82,-457.8800000000001,457.8800000000001,209654.0944000001,7.385518654128427,25.7,2.2,2922.9,4329.2,0.40304187752513065,31.3,937.7
558,34,knn,loso,Riyadh - KSU,24.72359,46.61639,01-05-2019 00:00,6209.3,6901.219999999999,691.9199999999992,691.9199999999992,478753.2863999988,11.143285072391398,32.9,1.8,2962.2,4113.4,0.41865000847984624,21.9,935.9
559,34,knn,loso,Riyadh - KSU,24.72359,46.61639,01-06-2019 00:00,7261.7,7458.1,196.40000000000055,196.40000000000055,38572.96000000022,2.7046008510403974,38.0,1.9,2606.6,6062.2,0.300687523071244,12.3,932.0
560,34,knn,loso,Riyadh - KSU,24.72359,46.61639,01-07-2019 00:00,7737.8,6989.18,-748.6199999999999,748.6199999999999,560431.9043999999,9.674842978624413,38.0,2.3,2394.1,7027.0,0.2541210686650179,11.9,929.0
561,34,knn,loso,Riyadh - KSU,24.72359,46.61639,01-08-2019 00:00,7412.5,7404.7,-7.800000000000182,7.800000000000182,60.84000000000284,0.10522765598651174,37.3,2.0,2176.6,7002.8,0.237117894415757,12.4,930.4
562,34,knn,loso,Riyadh - KSU,24.72359,46.61639,01-09-2019 00:00,6639.2,7228.76,589.5600000000004,589.5600000000004,347580.99360000045,8.879985540426564,35.9,1.7,2004.4,6547.9,0.23436970171766663,15.8,934.0
563,34,knn,loso,Riyadh - KSU,24.72359,46.61639,01-10-2019 00:00,5614.5,6209.56,595.0600000000004,595.0600000000004,354096.4036000005,10.598628551073123,31.2,1.6,1800.2,5991.1,0.23105258429273678,23.6,938.3
564,34,knn,loso,Riyadh - KSU,24.72359,46.61639,01-11-2019 00:00,4052.7,4395.719999999999,343.0199999999995,343.0199999999995,117662.72039999967,8.46398697164852,22.1,1.7,1703.6,4160.2,0.2905283263412804,42.8,941.5
565,34,knn,loso,Riyadh - KSU,24.72359,46.61639,01-12-2019 00:00,3978.1,4177.92,199.82000000000016,199.82000000000016,39928.03240000006,5.023000930092259,17.8,1.8,1288.7,5120.3,0.2010766110157591,46.3,942.3
566,34,knn,loso,Riyadh - KSU,24.72359,46.61639,01-01-2020 00:00,4446.7,4137.8,-308.89999999999964,308.89999999999964,95419.20999999977,6.946724537297314,14.8,1.8,1305.5,5841.8,0.1826563877268339,40.8,942.8
567,34,knn,loso,Riyadh - KSU,24.72359,46.61639,01-02-2020 00:00,5154.1,4797.780000000001,-356.3199999999997,356.3199999999997,126963.9423999998,6.913331134436657,19.0,2.2,2118.4,4982.2,0.2983409852688505,27.8,942.4
568,34,knn,loso,Riyadh - KSU,24.72359,46.61639,01-03-2020 00:00,6235.7,6135.54,-100.15999999999985,100.15999999999985,10032.025599999972,1.6062350658306184,23.1,2.0,2676.4,5101.0,0.34412528608532417,24.9,938.4
569,34,knn,loso,Riyadh - KSU,24.72359,46.61639,01-04-2020 00:00,6285.3,6572.6,287.3000000000002,287.3000000000002,82541.29000000011,4.570983087521681,28.4,2.3,3200.1,3992.3,0.4449279795339525,29.0,936.7
570,34,knn,loso,Riyadh - KSU,24.72359,46.61639,01-05-2020 00:00,7182.2,6817.339999999999,-364.8600000000006,364.8600000000006,133122.81960000042,5.080059034836131,33.5,2.0,3132.4,5272.8,0.37267405891590916,16.3,936.2
571,34,knn,loso,Riyadh - KSU,24.72359,46.61639,01-09-2020 00:00,6630.2,6770.219999999999,140.01999999999953,140.01999999999953,19605.60039999987,2.1118518295073985,35.1,1.6,2016.9,6497.7,0.23687548446198295,15.2,934.1
572,34,knn,loso,Riyadh - KSU,24.72359,46.61639,01-10-2020 00:00,5985.7,5844.16,-141.53999999999996,141.53999999999996,20033.57159999999,2.364635715121038,27.8,1.4,1247.3,7725.2,0.1390136528280858,17.0,939.5
573,34,knn,loso,Riyadh - KSU,24.72359,46.61639,01-11-2020 00:00,4530.7,4525.14,-5.559999999999491,5.559999999999491,30.913599999994336,0.12271834374378111,23.5,1.8,1331.9,5734.9,0.18847285900266036,36.1,941.6
574,34,knn,loso,Riyadh - KSU,24.72359,46.61639,01-12-2020 00:00,3933.7,4328.780000000001,395.08000000000084,395.08000000000084,156088.20640000066,10.04347052393423,17.5,1.7,1489.7,4640.4,0.24301398019608167,49.0,943.6
575,34,knn,loso,Riyadh - KSU,24.72359,46.61639,01-01-2021 00:00,4327.6,4509.4400000000005,181.84000000000015,181.84000000000015,33065.785600000054,4.201867085682599,16.7,1.6,1550.3,5067.0,0.2342798422317259,40.7,943.8
576,34,knn,loso,Riyadh - KSU,24.72359,46.61639,01-02-2021 00:00,4880.6,4916.9400000000005,36.340000000000146,36.340000000000146,1320.5956000000106,0.7445805843543856,18.5,2.0,1799.3,5203.8,0.25692907426711026,37.6,942.2
577,34,knn,loso,Riyadh - KSU,24.72359,46.61639,01-03-2021 00:00,6313.1,6338.34,25.23999999999978,25.23999999999978,637.057599999989,0.39980358302576835,25.3,2.2,2866.7,4834.0,0.37226485903878864,20.6,939.3
578,34,knn,loso,Riyadh - KSU,24.72359,46.61639,01-04-2021 00:00,6907.5,6901.219999999999,-6.280000000000655,6.280000000000655,39.43840000000822,0.0909156713717069,29.6,1.9,3077.5,5034.0,0.3793996178265426,16.8,938.1
579,34,knn,loso,Riyadh - KSU,24.72359,46.61639,01-05-2021 00:00,7581.9,6943.6,-638.2999999999993,638.2999999999993,407426.8899999991,8.418734090399495,35.5,1.8,2738.9,6268.5,0.30407220729622314,12.8,934.2
580,34,knn,loso,Riyadh - KSU,24.72359,46.61639,01-07-2021 00:00,7521.9,7317.26,-204.63999999999942,204.63999999999942,41877.52959999976,2.7205892128318565,39.5,2.0,2563.7,6441.0,0.28470687529845523,16.3,928.0
581,34,knn,loso,Riyadh - KSU,24.72359,46.61639,01-08-2021 00:00,7314.8,6712.26,-602.54,602.54,363054.4516,8.23727237928583,38.6,1.8,2211.4,6769.8,0.24622544871509375,13.5,930.7
582,34,knn,loso,Riyadh - KSU,24.72359,46.61639,01-09-2021 00:00,6750.1,6351.6,-398.5,398.5,158802.25,5.90361624272233,34.3,2.1,1875.2,6940.9,0.21270176154989168,15.4,933.7
583,34,knn,loso,Riyadh - KSU,24.72359,46.61639,01-10-2021 00:00,5645.1,5810.1,165.0,165.0,27225.0,2.9228888770792367,30.8,1.6,1681.4,6241.3,0.2122256301513373,20.7,939.0
584,34,knn,loso,Riyadh - KSU,24.72359,46.61639,01-11-2021 00:00,4651.8,5354.4,702.5999999999995,702.5999999999995,493646.75999999925,15.103830775183788,23.7,1.5,1465.7,5656.9,0.20578159660798026,30.5,941.5
585,34,knn,loso,Riyadh - KSU,24.72359,46.61639,01-12-2021 00:00,3779.4,4273.92,494.52,494.52,244550.0304,13.084616605810446,18.2,1.6,1528.9,4263.2,0.26396298406450164,37.3,943.2
1021,35,knn,loso,Shaqra - University,25.17279,45.14198,01-01-2017 00:00,4376.5,4386.76,10.260000000000218,10.260000000000218,105.26760000000448,0.23443390837427666,15.8,2.0,1651.9,5148.0,0.24293004308886898,37.4,928.8
1022,35,knn,loso,Shaqra - University,25.17279,45.14198,01-02-2017 00:00,4770.5,4818.94,48.4399999999996,48.4399999999996,2346.433599999961,1.0154071900220019,13.7,2.0,2193.4,4202.8,0.3429223601513398,42.1,929.2
1023,35,knn,loso,Shaqra - University,25.17279,45.14198,01-03-2017 00:00,5267.3,5557.74,290.4399999999996,290.4399999999996,84355.39359999976,5.514020465893334,21.5,2.4,2988.1,3208.7,0.48220049057578107,39.0,924.4
1024,35,knn,loso,Shaqra - University,25.17279,45.14198,01-04-2017 00:00,6521.1,6596.76,75.65999999999985,75.65999999999985,5724.435599999978,1.1602337029028822,28.1,2.1,3339.2,4171.1,0.44461606061009545,23.4,924.6
1025,35,knn,loso,Shaqra - University,25.17279,45.14198,01-05-2017 00:00,7071.3,7040.4800000000005,-30.81999999999971,30.81999999999971,949.872399999982,0.4358463083167128,33.2,2.1,3783.9,4083.1,0.4809838566162451,18.9,922.0
1026,35,knn,loso,Shaqra - University,25.17279,45.14198,01-06-2017 00:00,8038.0,7799.699999999999,-238.3000000000011,238.3000000000011,56786.89000000052,2.9646678278178786,36.1,1.9,2708.2,7005.7,0.2787963639732754,9.7,918.9
1027,35,knn,loso,Shaqra - University,25.17279,45.14198,01-09-2017 00:00,6905.7,6072.040000000001,-833.659999999999,833.659999999999,694988.9955999983,12.072056417162619,34.1,1.6,2195.5,6640.8,0.24846372350418164,10.2,921.5
1028,35,knn,loso,Shaqra - University,25.17279,45.14198,01-10-2017 00:00,6051.4,5586.120000000001,-465.27999999999884,465.27999999999884,216485.47839999892,7.688799286115591,28.9,1.6,1753.7,6887.0,0.2029580936729663,15.4,925.4
1029,35,knn,loso,Shaqra - University,25.17279,45.14198,01-11-2017 00:00,4543.3,4301.1,-242.19999999999982,242.19999999999982,58660.83999999991,5.330926859331319,21.5,1.8,1716.0,5058.0,0.2533215234720992,35.9,927.9
1030,35,knn,loso,Shaqra - University,25.17279,45.14198,01-03-2018 00:00,6267.0,6060.040000000001,-206.95999999999913,206.95999999999913,42832.44159999964,3.302377533109927,24.3,2.0,2527.2,5471.2,0.3159631926385277,24.0,925.5
1031,35,knn,loso,Shaqra - University,25.17279,45.14198,01-06-2018 00:00,7855.3,7098.360000000001,-756.9399999999996,756.9399999999996,572958.1635999994,9.636041908011146,35.5,1.2,2937.8,6331.1,0.31695238917239366,12.5,918.2
1032,35,knn,loso,Shaqra - University,25.17279,45.14198,01-07-2018 00:00,7713.6,7098.360000000001,-615.2399999999998,615.2399999999998,378520.2575999997,7.976042314872429,35.7,1.4,2713.8,6471.7,0.2954439061564422,11.7,916.1
1033,35,knn,loso,Shaqra - University,25.17279,45.14198,01-08-2018 00:00,7504.7,7291.960000000001,-212.73999999999887,212.73999999999887,45258.30759999952,2.8347568856849557,35.2,1.2,2103.0,7323.4,0.22309683442247305,12.9,917.5
1034,35,knn,loso,Shaqra - University,25.17279,45.14198,01-09-2018 00:00,6501.4,6072.040000000001,-429.35999999999876,429.35999999999876,184350.00959999894,6.604116036545957,35.1,1.0,2424.8,5671.4,0.2994985301746499,12.5,921.5
1035,35,knn,loso,Shaqra - University,25.17279,45.14198,01-10-2018 00:00,5224.4,4527.16,-697.2399999999998,697.2399999999998,486143.6175999997,13.345838756603627,27.1,0.8,1942.9,5105.2,0.27566294462337365,31.4,926.9
1036,35,knn,loso,Shaqra - University,25.17279,45.14198,01-11-2018 00:00,3692.9,4297.719999999999,604.8199999999993,604.8199999999993,365807.2323999991,16.37791437623546,18.7,0.8,1877.7,3227.1,0.36783027738598967,68.3,928.3
1037,35,knn,loso,Shaqra - University,25.17279,45.14198,01-12-2018 00:00,4008.8,4516.320000000001,507.52000000000044,507.52000000000044,257576.55040000044,12.660147675114757,16.9,0.4,1548.2,4811.6,0.24343532815497343,54.8,929.5
1038,35,knn,loso,Shaqra - University,25.17279,45.14198,01-01-2019 00:00,4012.7,4268.22,255.52000000000044,255.52000000000044,65290.470400000224,6.367782291225371,16.3,0.5,2337.2,3045.2,0.43423008323424495,41.7,928.9
1039,35,knn,loso,Shaqra - University,25.17279,45.14198,01-02-2019 00:00,4614.9,4349.62,-265.27999999999975,265.27999999999975,70373.47839999986,5.748336908708743,16.2,0.5,2060.4,4302.8,0.3237993462408851,43.0,927.8
1040,35,knn,loso,Shaqra - University,25.17279,45.14198,01-03-2019 00:00,6134.1,5829.9400000000005,-304.15999999999985,304.15999999999985,92513.3055999999,4.9585106209549865,19.3,0.9,2454.1,5459.8,0.31009995071961993,28.2,925.3
1041,35,knn,loso,Shaqra - University,25.17279,45.14198,01-04-2019 00:00,6514.2,6486.26,-27.9399999999996,27.9399999999996,780.6435999999776,0.42890915231340154,23.6,0.5,2805.7,4983.8,0.36018999935811025,33.3,924.1
1042,35,knn,loso,Shaqra - University,25.17279,45.14198,01-05-2019 00:00,6931.7,6682.32,-249.3800000000001,249.3800000000001,62190.38440000005,3.5976744521545956,31.2,0.4,3084.3,4914.3,0.38560498087165257,22.6,922.3
1043,35,knn,loso,Shaqra - University,25.17279,45.14198,01-06-2019 00:00,7617.1,7814.82,197.71999999999935,197.71999999999935,39093.19839999974,2.59573853566317,36.3,1.1,2765.3,6356.2,0.3031628569862413,11.4,919.0
1044,35,knn,loso,Shaqra - University,25.17279,45.14198,01-07-2019 00:00,7863.9,7106.76,-757.1399999999994,757.1399999999994,573260.9795999991,9.628047152176395,36.2,1.4,2246.1,7477.3,0.2309994446387066,11.4,916.3
1045,35,knn,loso,Shaqra - University,25.17279,45.14198,01-08-2019 00:00,7506.2,7329.860000000001,-176.33999999999924,176.33999999999924,31095.795599999732,2.349257946763998,35.2,1.7,2065.5,7348.6,0.21940493515046577,12.1,917.7
1046,35,knn,loso,Shaqra - University,25.17279,45.14198,01-09-2019 00:00,6681.2,6072.039999999999,-609.1600000000008,609.1600000000008,371075.90560000093,9.11752379812011,34.1,1.1,2028.3,6615.0,0.23466731456735276,13.9,920.9
1047,35,knn,loso,Shaqra - University,25.17279,45.14198,01-10-2019 00:00,5639.6,5586.12,-53.48000000000047,53.48000000000047,2860.1104000000505,0.948294205262793,29.2,1.0,1808.2,6042.5,0.2303234106512795,22.4,924.7
1048,35,knn,loso,Shaqra - University,25.17279,45.14198,01-11-2019 00:00,4080.6,4269.1,188.50000000000045,188.50000000000045,35532.250000000175,4.619418712934384,20.4,0.2,1769.5,4173.6,0.29774023657687065,43.9,927.7
1049,35,knn,loso,Shaqra - University,25.17279,45.14198,01-12-2019 00:00,4239.8,4523.3,283.5,283.5,80372.25,6.686636162083117,16.5,0.2,1230.8,6053.3,0.1689707719553548,44.1,928.4
1050,35,knn,loso,Shaqra - University,25.17279,45.14198,01-01-2020 00:00,4597.3,4578.2,-19.100000000000364,19.100000000000364,364.8100000000139,0.41546124899398257,13.1,0.4,1230.6,6521.2,0.15875022575401843,38.8,929.1
1051,35,knn,loso,Shaqra - University,25.17279,45.14198,01-02-2020 00:00,5296.2,5638.84,342.6400000000003,342.6400000000003,117402.16960000023,6.469544201502971,17.4,0.4,2156.0,5290.3,0.28953977143010623,28.6,928.3
1052,35,knn,loso,Shaqra - University,25.17279,45.14198,01-03-2020 00:00,6388.6,6954.88,566.2799999999997,566.2799999999997,320673.0383999997,8.863913846539145,21.1,0.3,2721.6,5345.2,0.3373828531759806,24.1,924.8
1053,35,knn,loso,Shaqra - University,25.17279,45.14198,01-04-2020 00:00,6946.7,6875.139999999999,-71.5600000000004,71.5600000000004,5120.833600000057,1.0301294139663495,26.2,0.3,3047.1,5120.9,0.3730533790401567,29.9,922.7
1054,35,knn,loso,Shaqra - University,25.17279,45.14198,01-05-2020 00:00,7207.3,6752.040000000001,-455.2599999999993,455.2599999999993,207261.66759999937,6.316651173116136,31.6,0.2,3356.9,4948.0,0.4042071548122193,16.2,922.5
1055,35,knn,loso,Shaqra - University,25.17279,45.14198,01-09-2020 00:00,6670.5,7575.44,904.9399999999996,904.9399999999996,818916.4035999993,13.566299377857726,33.4,0.0,2016.7,6662.2,0.2323681572549517,12.8,921.1
1056,35,knn,loso,Shaqra - University,25.17279,45.14198,01-12-2020 00:00,3944.8,4119.54,174.73999999999978,174.73999999999978,30534.067599999922,4.42962887852362,15.7,0.0,1477.4,4816.3,0.23474267918712363,53.2,929.8
1057,35,knn,loso,Shaqra - University,25.17279,45.14198,01-01-2021 00:00,4399.0,4396.58,-2.4200000000000728,2.4200000000000728,5.856400000000352,0.05501250284155655,15.1,0.0,1464.0,5528.6,0.20936418499556672,43.2,930.1
1058,35,knn,loso,Shaqra - University,25.17279,45.14198,01-02-2021 00:00,5016.8,5269.66,252.85999999999967,252.85999999999967,63938.179599999836,5.04026471057247,16.7,0.0,1963.2,5167.6,0.2753127278846693,39.7,928.8
1059,35,knn,loso,Shaqra - University,25.17279,45.14198,01-03-2021 00:00,6316.0,6659.339999999999,343.33999999999924,343.33999999999924,117882.35559999947,5.436035465484472,23.1,0.0,2925.7,4811.0,0.37815864645132935,21.9,925.9
1060,35,knn,loso,Shaqra - University,25.17279,45.14198,01-04-2021 00:00,6755.0,6752.040000000001,-2.959999999999127,2.959999999999127,8.76159999999483,0.043819393042178044,27.1,0.0,3187.9,4723.0,0.40297564120390855,18.5,924.9
1061,35,knn,loso,Shaqra - University,25.17279,45.14198,01-05-2021 00:00,7730.5,7256.460000000001,-474.03999999999905,474.03999999999905,224713.9215999991,6.1320742513420745,33.2,0.0,2729.1,6537.5,0.2945093130166404,11.6,920.7
1062,35,knn,loso,Shaqra - University,25.17279,45.14198,01-07-2021 00:00,7615.5,7291.82,-323.6800000000003,323.6800000000003,104768.74240000019,4.250279036176224,37.6,0.0,2574.2,6625.9,0.279801306507538,13.0,915.0
1063,35,knn,loso,Shaqra - University,25.17279,45.14198,01-08-2021 00:00,7483.7,7249.6,-234.09999999999945,234.09999999999945,54802.80999999974,3.1281318064593644,36.2,0.0,2113.4,7255.4,0.22557851592519856,11.5,917.7
1064,35,knn,loso,Shaqra - University,25.17279,45.14198,01-09-2021 00:00,6809.4,7160.7,351.3000000000002,351.3000000000002,123411.69000000013,5.159044849766502,32.3,0.0,1882.6,7070.6,0.2102711879551445,14.0,920.7
1065,35,knn,loso,Shaqra - University,25.17279,45.14198,01-10-2021 00:00,5778.5,6717.82,939.3199999999997,939.3199999999997,882322.0623999995,16.255429609760313,28.9,0.0,1691.3,6501.1,0.2064474390898882,17.3,925.4
1066,35,knn,loso,Shaqra - University,25.17279,45.14198,01-11-2021 00:00,4729.9,4563.86,-166.03999999999996,166.03999999999996,27569.281599999988,3.510433624389522,21.7,0.0,1478.9,5897.1,0.20050162689804774,29.7,927.8
1067,35,knn,loso,Shaqra - University,25.17279,45.14198,01-12-2021 00:00,3911.0,3922.34,11.340000000000146,11.340000000000146,128.5956000000033,0.28995141907440924,16.1,0.0,1694.5,4351.2,0.28028185321798965,38.8,929.7
0,36,knn,loso,Sharurah - TVTC,17.47586,47.08618,01-05-2017 00:00,7400.9,7960.56,559.6600000000008,559.6600000000008,313219.31560000085,7.562053263792253,34.5,3.8,2866.0,5908.4,0.3266320204230489,19.9,926.6
1,36,knn,loso,Sharurah - TVTC,17.47586,47.08618,01-06-2017 00:00,7412.5,7660.3,247.80000000000018,247.80000000000018,61404.84000000009,3.343001686340643,36.3,3.3,3404.4,5124.4,0.3991651815026733,10.1,923.4
2,36,knn,loso,Sharurah - TVTC,17.47586,47.08618,01-09-2017 00:00,6528.3,6672.68,144.3800000000001,144.3800000000001,20845.584400000032,2.211601795260636,33.9,3.3,2007.4,6131.6,0.2466396363189581,14.3,925.6
3,36,knn,loso,Sharurah - TVTC,17.47586,47.08618,01-10-2017 00:00,6073.3,6136.26,62.960000000000036,62.960000000000036,3963.9616000000046,1.0366686974132684,29.2,3.3,1451.7,6975.2,0.17226975518874083,17.7,930.1
4,36,knn,loso,Sharurah - TVTC,17.47586,47.08618,01-11-2017 00:00,5262.7,6060.66,797.96,797.96,636740.1616000001,15.162559142645412,24.8,3.5,1092.0,7020.8,0.13460211024553792,28.9,932.6
5,36,knn,loso,Sharurah - TVTC,17.47586,47.08618,01-03-2018 00:00,7122.5,6864.74,-257.7600000000002,257.7600000000002,66440.2176000001,3.6189540189540224,27.4,3.9,1905.3,7405.5,0.20463332903724707,18.0,930.4
6,36,knn,loso,Sharurah - TVTC,17.47586,47.08618,01-04-2018 00:00,6758.0,7043.92,285.9200000000001,285.9200000000001,81750.24640000005,4.230837525895236,31.4,4.0,3578.9,4034.8,0.47006054874765224,24.4,927.5
7,36,knn,loso,Sharurah - TVTC,17.47586,47.08618,01-05-2018 00:00,7276.2,7840.220000000001,564.0200000000013,564.0200000000013,318118.56040000153,7.751573623594752,33.1,3.9,2861.0,5660.0,0.3357587137659899,21.8,926.2
8,36,knn,loso,Sharurah - TVTC,17.47586,47.08618,01-06-2018 00:00,6892.3,6973.280000000001,80.98000000000047,80.98000000000047,6557.7604000000765,1.1749343470249478,36.2,3.6,3875.3,3752.6,0.5080428427221123,14.7,922.9
9,36,knn,loso,Sharurah - TVTC,17.47586,47.08618,01-07-2018 00:00,6505.0,6922.339999999999,417.33999999999924,417.33999999999924,174172.67559999938,6.415680245964631,36.8,3.8,3845.5,3268.7,0.5405386410278036,11.9,920.8
10,36,knn,loso,Sharurah - TVTC,17.47586,47.08618,01-08-2018 00:00,6688.9,7030.7,341.8000000000002,341.8000000000002,116827.24000000012,5.109958289105835,36.6,3.7,3350.5,4163.6,0.4458950506381336,15.4,921.7
11,36,knn,loso,Sharurah - TVTC,17.47586,47.08618,01-09-2018 00:00,6771.1,6879.2,108.09999999999945,108.09999999999945,11685.609999999882,1.59649096897106,34.1,3.7,1989.3,6609.0,0.23135968738006352,16.3,925.9
12,36,knn,loso,Sharurah - TVTC,17.47586,47.08618,01-04-2019 00:00,6784.3,6831.24,46.9399999999996,46.9399999999996,2203.3635999999624,0.6918915731910381,30.9,4.0,3090.8,4821.7,0.3906224328593997,23.7,928.2
13,36,knn,loso,Sharurah - TVTC,17.47586,47.08618,01-05-2019 00:00,7180.5,7127.139999999999,-53.36000000000058,53.36000000000058,2847.289600000062,0.7431237379012684,33.2,3.5,2921.6,5517.5,0.34619805429488926,23.2,927.4
14,36,knn,loso,Sharurah - TVTC,17.47586,47.08618,01-06-2019 00:00,7425.5,7785.32,359.8199999999997,359.8199999999997,129470.43239999979,4.845734293986933,36.5,3.4,3053.4,5649.9,0.35083244286649895,13.7,923.2
15,36,knn,loso,Sharurah - TVTC,17.47586,47.08618,01-07-2019 00:00,7131.2,7359.759999999999,228.5599999999995,228.5599999999995,52239.67359999977,3.205070675342151,37.3,3.6,3780.9,4164.7,0.4758482682239227,15.3,920.5
16,36,knn,loso,Sharurah - TVTC,17.47586,47.08618,01-08-2019 00:00,6987.6,7259.6,272.0,272.0,73984.0,3.8926097658709713,36.3,3.9,3195.1,4911.8,0.3941210573708816,15.6,922.3
17,36,knn,loso,Sharurah - TVTC,17.47586,47.08618,01-09-2019 00:00,6840.7,6799.9,-40.80000000000018,40.80000000000018,1664.6400000000149,0.5964301898928499,34.7,3.8,2555.1,5726.3,0.30853478880382545,19.3,924.7
18,36,knn,loso,Sharurah - TVTC,17.47586,47.08618,01-10-2019 00:00,6614.2,6303.219999999999,-310.9800000000005,310.9800000000005,96708.5604000003,4.701702397871254,30.5,3.7,1531.1,7635.1,0.1670375946411817,20.7,929.3
19,36,knn,loso,Sharurah - TVTC,17.47586,47.08618,01-11-2019 00:00,5571.5,4988.5199999999995,-582.9800000000005,582.9800000000005,339865.68040000054,10.463609440904612,24.5,3.8,1426.3,6870.4,0.17191172393843338,36.2,932.1
20,36,knn,loso,Sharurah - TVTC,17.47586,47.08618,01-12-2019 00:00,5309.2,4760.26,-548.9399999999996,548.9399999999996,301335.1235999996,10.339410834023951,22.0,3.5,1168.4,7408.1,0.13623272896869354,37.8,933.1
21,36,knn,loso,Sharurah - TVTC,17.47586,47.08618,01-01-2020 00:00,5578.3,5361.9800000000005,-216.3199999999997,216.3199999999997,46794.34239999988,3.8778839431367924,19.9,3.4,1640.6,6715.3,0.19634031043933028,34.4,933.8
22,36,knn,loso,Sharurah - TVTC,17.47586,47.08618,01-02-2020 00:00,6153.8,6780.4800000000005,626.6800000000003,626.6800000000003,392727.82240000035,10.183626377197834,23.6,3.9,2103.2,6297.3,0.2503660496399024,23.6,932.7
23,36,knn,loso,Sharurah - TVTC,17.47586,47.08618,01-03-2020 00:00,6779.9,6423.860000000001,-356.03999999999905,356.03999999999905,126764.48159999933,5.251404887977685,26.9,4.2,3186.7,4887.2,0.394691536927631,26.1,929.2
24,36,knn,loso,Sharurah - TVTC,17.47586,47.08618,01-04-2020 00:00,7098.2,6973.360000000001,-124.83999999999924,124.83999999999924,15585.02559999981,1.7587557408920464,31.1,3.8,2729.7,5737.1,0.3224004346388246,34.4,927.9
25,36,knn,loso,Sharurah - TVTC,17.47586,47.08618,01-05-2020 00:00,7522.2,7708.3,186.10000000000036,186.10000000000036,34633.21000000014,2.4740102629549914,34.6,3.7,2767.2,6153.8,0.3101894406456675,19.4,927.0
26,36,knn,loso,Sharurah - TVTC,17.47586,47.08618,01-09-2020 00:00,7309.1,6906.960000000001,-402.1399999999994,402.1399999999994,161716.57959999953,5.501908579715688,33.4,3.3,1963.5,7390.4,0.20991244293823969,15.2,925.1
27,36,knn,loso,Sharurah - TVTC,17.47586,47.08618,01-10-2020 00:00,6800.6,6060.660000000001,-739.9399999999996,739.9399999999996,547511.2035999994,10.88051054318736,27.6,2.8,1365.0,8286.2,0.1414331896551724,17.3,930.4
28,36,knn,loso,Sharurah - TVTC,17.47586,47.08618,01-11-2020 00:00,5977.3,6149.12,171.8199999999997,171.8199999999997,29522.1123999999,2.8745420172987752,25.1,3.2,1054.2,8351.0,0.11208693063411729,26.4,932.6
29,36,knn,loso,Sharurah - TVTC,17.47586,47.08618,01-12-2020 00:00,5510.5,6060.66,550.1599999999999,550.1599999999999,302676.0255999998,9.98384901551583,21.2,3.3,1098.5,7951.0,0.12138792198464003,35.8,934.1
30,36,knn,loso,Sharurah - TVTC,17.47586,47.08618,01-01-2021 00:00,5912.8,5783.08,-129.72000000000025,129.72000000000025,16827.278400000065,2.19388445406576,19.8,3.2,1163.1,8247.4,0.12359598321024387,26.6,934.3
31,36,knn,loso,Sharurah - TVTC,17.47586,47.08618,01-02-2021 00:00,6299.1,5987.18,-311.9200000000001,311.9200000000001,97294.08640000004,4.951818513755935,22.9,3.8,1854.5,6918.3,0.21139202991063288,25.7,932.3
32,36,knn,loso,Sharurah - TVTC,17.47586,47.08618,01-03-2021 00:00,7471.9,7857.859999999999,385.9599999999991,385.9599999999991,148965.12159999931,5.165486690132351,27.7,3.6,1970.8,7876.3,0.20014014278315442,16.1,930.2
33,36,knn,loso,Sharurah - TVTC,17.47586,47.08618,01-04-2021 00:00,7598.6,7383.460000000001,-215.13999999999942,215.13999999999942,46285.21959999975,2.831311030979383,30.1,3.7,2565.5,6611.2,0.27956672878049843,19.5,929.0
34,36,knn,loso,Sharurah - TVTC,17.47586,47.08618,01-05-2021 00:00,7702.5,7914.779999999999,212.27999999999884,212.27999999999884,45062.798399999505,2.755988315481971,34.4,3.6,2769.7,6458.4,0.30013762312935494,13.7,925.9
35,36,knn,loso,Sharurah - TVTC,17.47586,47.08618,01-07-2021 00:00,6678.1,6588.2,-89.90000000000055,89.90000000000055,8082.010000000098,1.3461912819514614,34.9,4.1,3336.1,4290.0,0.4374582027510785,27.5,920.1
36,36,knn,loso,Sharurah - TVTC,17.47586,47.08618,01-08-2021 00:00,7125.3,7541.32,416.0199999999995,416.0199999999995,173072.6403999996,5.838631355872728,36.7,4.1,3060.8,5235.1,0.36895333839607514,17.9,922.0
37,36,knn,loso,Sharurah - TVTC,17.47586,47.08618,01-09-2021 00:00,7019.1,7002.219999999999,-16.88000000000102,16.88000000000102,284.9344000000344,0.2404866720804807,34.0,3.4,2545.6,6044.4,0.29634458672875436,15.1,924.5
38,36,knn,loso,Sharurah - TVTC,17.47586,47.08618,01-10-2021 00:00,6476.5,6337.62,-138.8800000000001,138.8800000000001,19287.65440000003,2.1443681000540433,29.9,3.3,1702.3,7160.0,0.1920833192286427,21.6,929.7
39,36,knn,loso,Sharurah - TVTC,17.47586,47.08618,01-11-2021 00:00,5876.1,5782.900000000001,-93.19999999999982,93.19999999999982,8686.239999999965,1.586086009428019,25.1,3.1,1249.5,7711.1,0.13944378724638976,24.9,932.5
40,36,knn,loso,Sharurah - TVTC,17.47586,47.08618,01-12-2021 00:00,5491.3,4695.76,-795.54,795.54,632883.8916,14.487279879081456,21.0,2.5,1039.4,8066.4,0.11414702716949639,32.6,933.9
434,37,knn,loso,Tabuk - University,28.38287,36.48396,01-01-2017 00:00,4028.6,4379.56,350.9600000000005,350.9600000000005,123172.92160000035,8.71171126445913,11.2,2.1,1282.3,5592.6,0.18651907664111475,36.7,929.7
435,37,knn,loso,Tabuk - University,28.38287,36.48396,01-02-2017 00:00,5199.5,4565.6,-633.8999999999996,633.8999999999996,401829.20999999956,12.19155688046927,11.5,2.3,1318.5,6873.2,0.1609556014014185,26.5,930.0
436,37,knn,loso,Tabuk - University,28.38287,36.48396,01-03-2017 00:00,6312.4,5443.719999999999,-868.6800000000003,868.6800000000003,754604.9424000005,13.761485330460685,17.7,2.6,1617.6,7280.9,0.1817834466483115,25.8,925.4
437,37,knn,loso,Tabuk - University,28.38287,36.48396,01-04-2017 00:00,6791.0,6616.4,-174.60000000000036,174.60000000000036,30485.160000000127,2.5710499190104605,23.1,0.4,2492.4,6099.6,0.2900837988826816,21.2,926.3
438,37,knn,loso,Tabuk - University,28.38287,36.48396,01-05-2017 00:00,7630.7,7520.88,-109.81999999999971,109.81999999999971,12060.432399999936,1.4391864442318492,27.5,0.0,1894.8,7888.3,0.19368093957947888,17.3,925.1
439,37,knn,loso,Tabuk - University,28.38287,36.48396,01-09-2017 00:00,6626.0,6491.0,-135.0,135.0,18225.0,2.037428312707516,29.9,2.8,1888.1,6915.3,0.21447395324533702,22.4,924.5
440,37,knn,loso,Tabuk - University,28.38287,36.48396,01-11-2017 00:00,4388.9,4229.539999999999,-159.36000000000058,159.36000000000058,25395.609600000185,3.63097814942242,17.5,2.0,1375.6,5824.3,0.19105820914179364,39.6,928.5
441,37,knn,loso,Tabuk - University,28.38287,36.48396,01-03-2018 00:00,6380.9,6447.9,67.0,67.0,4489.0,1.050008619473742,21.9,2.5,1814.9,7139.4,0.20268474364271916,18.7,926.5
442,37,knn,loso,Tabuk - University,28.38287,36.48396,01-04-2018 00:00,7043.3,6725.5599999999995,-317.7400000000007,317.7400000000007,100958.70760000045,4.5112376300881785,22.4,2.5,2347.1,6530.4,0.2643874964798648,24.7,924.4
443,37,knn,loso,Tabuk - University,28.38287,36.48396,01-05-2018 00:00,7448.6,7207.1,-241.5,241.5,58322.25,3.242220014499369,28.1,3.1,2752.3,6270.7,0.3050315859470243,18.8,923.8
444,37,knn,loso,Tabuk - University,28.38287,36.48396,01-06-2018 00:00,8333.0,7417.2,-915.8000000000002,915.8000000000002,838689.6400000004,10.990039601584066,30.6,2.9,2058.5,8506.7,0.19483776928027863,19.4,922.6
445,37,knn,loso,Tabuk - University,28.38287,36.48396,01-07-2018 00:00,8157.9,7752.780000000001,-405.119999999999,405.119999999999,164122.21439999918,4.965983892913605,31.6,2.8,1839.3,8659.4,0.17519311914808502,19.7,921.0
446,37,knn,loso,Tabuk - University,28.38287,36.48396,01-08-2018 00:00,7802.0,5667.4400000000005,-2134.5599999999995,2134.5599999999995,4556346.393599998,27.359138682389123,31.0,2.8,1266.2,9316.7,0.11964584376683139,23.9,922.0
447,37,knn,loso,Tabuk - University,28.38287,36.48396,01-03-2019 00:00,6494.3,6409.719999999999,-84.58000000000084,84.58000000000084,7153.776400000142,1.3023728500377383,15.7,2.8,1643.5,7700.4,0.17589015293399973,29.7,926.7
448,37,knn,loso,Tabuk - University,28.38287,36.48396,01-04-2019 00:00,6681.0,6312.320000000001,-368.6799999999994,368.6799999999994,135924.94239999953,5.5183355785062025,20.6,2.7,2060.7,6569.1,0.2387888479454912,23.4,925.8
449,37,knn,loso,Tabuk - University,28.38287,36.48396,01-05-2019 00:00,7116.1,8025.9800000000005,909.8800000000001,909.8800000000001,827881.6144000002,12.78621716951701,29.0,2.7,2054.7,6870.8,0.23020559072320876,13.4,924.7
450,37,knn,loso,Tabuk - University,28.38287,36.48396,01-06-2019 00:00,7896.1,7696.280000000001,-199.8199999999997,199.8199999999997,39928.03239999989,2.5306163802383415,31.4,3.0,1917.9,8159.0,0.19032639006043528,18.3,923.1
451,37,knn,loso,Tabuk - University,28.38287,36.48396,01-07-2019 00:00,8313.3,7517.0,-796.2999999999993,796.2999999999993,634093.6899999989,9.57862701935452,31.8,2.8,1500.0,9425.8,0.13728971791539293,18.7,921.0
452,37,knn,loso,Tabuk - University,28.38287,36.48396,01-08-2019 00:00,7684.6,7545.6,-139.0,139.0,19321.0,1.8088124300549149,31.3,2.7,1533.0,8704.4,0.14974505245472483,21.1,922.1
453,37,knn,loso,Tabuk - University,28.38287,36.48396,01-09-2019 00:00,6747.2,6765.42,18.220000000000255,18.220000000000255,331.9684000000093,0.2700379416646943,30.0,2.7,1567.3,7724.1,0.16868286802849947,23.6,923.8
454,37,knn,loso,Tabuk - University,28.38287,36.48396,01-10-2019 00:00,5138.7,6168.840000000001,1030.1400000000012,1030.1400000000012,1061188.4196000025,20.04670441940571,25.8,2.5,2188.2,4966.1,0.3058580154592343,29.9,926.7
455,37,knn,loso,Tabuk - University,28.38287,36.48396,01-11-2019 00:00,4226.5,4232.14,5.640000000000327,5.640000000000327,31.809600000003694,0.13344374778186036,18.8,2.1,1259.1,5771.2,0.1790961978862922,36.4,928.0
456,37,knn,loso,Tabuk - University,28.38287,36.48396,01-12-2019 00:00,4025.8,4866.3,840.5,840.5,706440.25,20.877837945253116,13.1,2.1,865.8,6857.0,0.11210959755529082,39.5,929.3
457,37,knn,loso,Tabuk - University,28.38287,36.48396,01-01-2020 00:00,4191.2,4628.780000000001,437.58000000000084,437.58000000000084,191476.25640000074,10.44044665012409,10.3,1.9,1060.0,6498.1,0.1402468874452574,42.2,930.3
458,37,knn,loso,Tabuk - University,28.38287,36.48396,01-09-2020 00:00,6244.6,6922.7,678.0999999999995,678.0999999999995,459819.6099999993,10.858982160586738,32.4,2.4,1627.6,6731.6,0.19470762752416496,18.1,924.0
459,37,knn,loso,Tabuk - University,28.38287,36.48396,01-10-2020 00:00,5630.9,6181.12,550.2200000000003,550.2200000000003,302742.04840000026,9.771439734323115,26.8,2.2,1270.6,7375.2,0.14696153045409333,17.6,927.6
460,37,knn,loso,Tabuk - University,28.38287,36.48396,01-11-2020 00:00,4561.7,5543.98,982.2799999999997,982.2799999999997,964873.9983999995,21.533200341977768,18.1,2.2,1000.6,6999.7,0.12507030986338014,40.3,928.0
461,37,knn,loso,Tabuk - University,28.38287,36.48396,01-12-2020 00:00,3685.6,4292.08,606.48,606.48,367817.9904,16.455393965704364,14.5,1.9,1259.4,5190.9,0.19524673271010654,43.1,929.5
462,37,knn,loso,Tabuk - University,28.38287,36.48396,01-01-2021 00:00,4246.2,4379.56,133.36000000000058,133.36000000000058,17784.889600000155,3.1406904997409586,13.3,2.0,1255.2,6090.1,0.17088478346697888,41.5,930.0
463,37,knn,loso,Tabuk - University,28.38287,36.48396,01-02-2021 00:00,5149.7,4803.26,-346.4399999999996,346.4399999999996,120020.67359999972,6.727382177602571,14.4,2.4,1345.2,6825.2,0.16464310192891415,39.2,928.8
464,37,knn,loso,Tabuk - University,28.38287,36.48396,01-09-2021 00:00,6587.6,6405.88,-181.72000000000025,181.72000000000025,33022.158400000095,2.7585159997571234,29.5,2.8,1565.9,7489.3,0.1729282622139765,24.4,924.1
465,37,knn,loso,Tabuk - University,28.38287,36.48396,01-10-2021 00:00,5489.4,4704.68,-784.7199999999993,784.7199999999993,615785.478399999,14.295187087842013,25.3,2.4,1432.5,6797.3,0.17406255316046565,25.4,927.3
466,37,knn,loso,Tabuk - University,28.38287,36.48396,01-11-2021 00:00,4362.8,4622.82,260.0199999999995,260.0199999999995,67610.40039999975,5.959933987347564,19.1,1.9,1072.8,6400.4,0.1435529625863084,34.5,928.8
467,37,knn,loso,Tabuk - University,28.38287,36.48396,01-12-2021 00:00,3774.5,4240.72,466.22000000000025,466.22000000000025,217361.08840000024,12.351834680090084,13.7,2.1,1420.9,4968.0,0.2224013523454742,39.6,929.3
712,38,knn,loso,Taif - University,21.43278,40.49173,01-01-2017 00:00,4868.6,5583.280000000001,714.6800000000003,714.6800000000003,510767.5024000004,14.679373947335995,18.1,2.5,1127.7,6756.0,0.14304197267780358,43.8,851.0
713,38,knn,loso,Taif - University,21.43278,40.49173,01-02-2017 00:00,4544.6,5315.28,770.6799999999994,770.6799999999994,593947.6623999991,16.958148131848773,15.9,3.1,1958.9,4114.3,0.32254824474741484,47.1,849.8
714,38,knn,loso,Taif - University,21.43278,40.49173,01-05-2017 00:00,6424.3,6784.460000000001,360.16000000000076,360.16000000000076,129715.22560000054,5.60621390657349,26.0,2.6,2870.0,4672.9,0.38049026236593353,33.7,849.6
715,38,knn,loso,Taif - University,21.43278,40.49173,01-09-2017 00:00,6560.7,6458.48,-102.22000000000025,102.22000000000025,10448.928400000052,1.5580654503330478,28.0,2.5,2412.9,5620.2,0.30036972028233183,18.9,848.8
716,38,knn,loso,Taif - University,21.43278,40.49173,01-11-2017 00:00,5215.9,5616.860000000001,400.96000000000095,400.96000000000095,160768.92160000076,7.68726394294371,20.0,2.3,1409.4,6571.4,0.17659883720930236,42.1,850.6
717,38,knn,loso,Taif - University,21.43278,40.49173,01-03-2018 00:00,6963.9,6116.0599999999995,-847.8400000000001,847.8400000000001,718832.6656000003,12.174787116414656,21.5,2.7,1815.4,7489.4,0.1951036024417505,29.7,849.6
718,38,knn,loso,Taif - University,21.43278,40.49173,01-04-2018 00:00,6959.2,6449.48,-509.72000000000025,509.72000000000025,259814.47840000025,7.324405104034951,21.9,3.1,2318.9,6303.2,0.2689484000417532,38.0,848.1
719,38,knn,loso,Taif - University,21.43278,40.49173,01-05-2018 00:00,7434.2,6715.839999999999,-718.3600000000006,718.3600000000006,516041.0896000008,9.662909257216654,26.6,2.8,2718.2,6136.2,0.3069886158294181,22.9,848.5
720,38,knn,loso,Taif - University,21.43278,40.49173,01-06-2018 00:00,7557.7,6893.339999999999,-664.3600000000006,664.3600000000006,441374.20960000076,8.79050504783202,29.5,3.2,2904.7,5915.2,0.3293347997142825,15.5,847.2
721,38,knn,loso,Taif - University,21.43278,40.49173,01-07-2018 00:00,7580.5,6647.6,-932.8999999999996,932.8999999999996,870302.4099999993,12.306576083371805,28.3,4.2,2744.1,6186.4,0.3072728290689211,18.7,846.8
722,38,knn,loso,Taif - University,21.43278,40.49173,01-08-2018 00:00,7265.2,6761.7,-503.5,503.5,253512.25,6.930297858283323,28.5,4.2,2426.0,6352.0,0.2763727500569606,19.5,846.9
723,38,knn,loso,Taif - University,21.43278,40.49173,01-11-2018 00:00,4463.3,4624.92,161.6199999999999,161.6199999999999,26121.024399999966,3.6210875361279746,18.3,2.3,1618.7,4984.8,0.2451275838570455,60.2,850.6
724,38,knn,loso,Taif - University,21.43278,40.49173,01-12-2018 00:00,4686.2,4506.26,-179.9399999999996,179.9399999999996,32378.403599999856,3.839784900345687,17.5,2.2,1426.5,5956.6,0.19321152361474175,54.9,851.2
725,38,knn,loso,Taif - University,21.43278,40.49173,01-01-2019 00:00,5163.2,4912.66,-250.53999999999996,250.53999999999996,62770.29159999998,4.852417105670901,18.2,2.7,1390.7,6733.5,0.1711799315624923,43.7,851.1
726,38,knn,loso,Taif - University,21.43278,40.49173,01-02-2019 00:00,5702.3,5659.2,-43.100000000000364,43.100000000000364,1857.6100000000313,0.7558353646774172,17.7,3.3,1904.4,6095.4,0.238055951398785,43.6,849.8
727,38,knn,loso,Taif - University,21.43278,40.49173,01-03-2019 00:00,7014.5,6302.56,-711.9399999999996,711.9399999999996,506858.5635999994,10.14954736617007,18.7,3.7,1888.6,7502.6,0.20110316040548595,30.7,849.0
728,38,knn,loso,Taif - University,21.43278,40.49173,01-02-2020 00:00,5953.4,5804.4,-149.0,149.0,22201.0,2.502771525514832,17.5,3.0,1637.0,6898.4,0.19178948848325797,41.4,850.5
729,38,knn,loso,Taif - University,21.43278,40.49173,01-04-2020 00:00,7457.6,6592.4,-865.2000000000007,865.2000000000007,748571.0400000012,11.60158764213689,23.0,3.2,2103.6,7390.6,0.22156685134081858,32.4,848.7
730,38,knn,loso,Taif - University,21.43278,40.49173,01-05-2020 00:00,6566.1,6870.74,304.6399999999994,304.6399999999994,92805.52959999965,4.639588187813152,25.9,2.6,2471.2,5410.9,0.31352050849392926,29.6,849.6
731,38,knn,loso,Taif - University,21.43278,40.49173,01-09-2020 00:00,6771.3,6459.779999999999,-311.52000000000135,311.52000000000135,97044.71040000084,4.600593682158541,28.2,2.4,2112.4,6453.2,0.24661436443448212,20.6,848.3
732,38,knn,loso,Taif - University,21.43278,40.49173,01-11-2020 00:00,5037.2,5131.1,93.90000000000055,93.90000000000055,8817.210000000103,1.8641308663543348,20.2,2.2,1345.1,6446.9,0.17262577002053386,48.9,850.7
733,38,knn,loso,Taif - University,21.43278,40.49173,01-01-2021 00:00,5078.9,5163.5,84.60000000000036,84.60000000000036,7157.160000000062,1.665715017031254,16.5,2.2,1373.4,6610.2,0.17202765669622727,46.8,850.6
734,38,knn,loso,Taif - University,21.43278,40.49173,01-04-2021 00:00,6761.1,6445.68,-315.4200000000001,315.4200000000001,99489.77640000005,4.665217198384879,22.8,2.5,2491.3,5707.1,0.30387636612021857,33.3,849.6
735,38,knn,loso,Taif - University,21.43278,40.49173,01-07-2021 00:00,7142.4,6849.7,-292.6999999999998,292.6999999999998,85673.28999999989,4.098062275985661,29.3,4.4,3065.0,5167.7,0.37229584461962656,19.6,845.5
736,38,knn,loso,Taif - University,21.43278,40.49173,01-10-2021 00:00,6174.0,5667.159999999999,-506.84000000000106,506.84000000000106,256886.78560000108,8.209264658244267,25.0,2.4,1625.4,7011.9,0.18818380743982496,24.6,850.8
797,39,knn,loso,Thuwal - KAUST,22.3065,39.107,01-01-2017 00:00,4441.4,4239.460000000001,-201.9399999999987,201.9399999999987,40779.763599999475,4.546764533705559,23.9,2.2,1551.0,5142.7,0.2317104142701346,83.6,1012.4
798,39,knn,loso,Thuwal - KAUST,22.3065,39.107,01-02-2017 00:00,4529.6,5226.4,696.7999999999993,696.7999999999993,485530.239999999,15.383256799717396,23.3,2.7,2316.1,3523.9,0.39659246575342466,65.1,1012.1
799,39,knn,loso,Thuwal - KAUST,22.3065,39.107,01-03-2017 00:00,5726.5,5455.16,-271.34000000000015,271.34000000000015,73625.39560000008,4.738321837073258,24.6,2.6,2544.1,4485.6,0.36190733601718417,83.6,1008.4
800,39,knn,loso,Thuwal - KAUST,22.3065,39.107,01-04-2017 00:00,6098.8,5717.0599999999995,-381.7400000000007,381.7400000000007,145725.42760000052,6.259264117531329,27.9,2.8,3026.8,3978.0,0.43210370031978074,80.6,1007.1
801,39,knn,loso,Thuwal - KAUST,22.3065,39.107,01-05-2017 00:00,6160.8,5745.42,-415.3800000000001,415.3800000000001,172540.5444000001,6.74230619400078,29.8,2.6,2851.5,4210.5,0.4037807986406117,83.8,1005.5
802,39,knn,loso,Thuwal - KAUST,22.3065,39.107,01-06-2017 00:00,6778.2,6187.5199999999995,-590.6800000000003,590.6800000000003,348902.86240000033,8.714407954914288,29.9,2.5,2344.2,5721.0,0.29065615235828,92.4,1001.6
803,39,knn,loso,Thuwal - KAUST,22.3065,39.107,01-09-2017 00:00,6160.3,5701.859999999999,-458.4400000000014,458.4400000000014,210167.2336000013,7.441845364673822,31.4,2.5,2630.7,4680.7,0.3598079711136034,93.7,1003.3
804,39,knn,loso,Thuwal - KAUST,22.3065,39.107,01-10-2017 00:00,5630.4,5073.42,-556.9799999999996,556.9799999999996,310226.7203999995,9.892369991474844,29.0,2.1,1788.8,5825.1,0.23493873047978037,95.9,1007.0
805,39,knn,loso,Thuwal - KAUST,22.3065,39.107,01-11-2017 00:00,4537.8,4643.279999999999,105.47999999999865,105.47999999999865,11126.030399999716,2.3244744149146865,27.5,2.3,1685.6,4843.0,0.25818705388597857,88.8,1009.6
806,39,knn,loso,Thuwal - KAUST,22.3065,39.107,01-03-2018 00:00,6375.2,6162.8,-212.39999999999964,212.39999999999964,45113.75999999984,3.331660183209933,26.0,0.0,2089.3,6161.7,0.2532177917828142,68.9,1008.3
807,39,knn,loso,Thuwal - KAUST,22.3065,39.107,01-04-2018 00:00,7031.1,6726.360000000001,-304.7399999999998,304.7399999999998,92866.46759999987,4.33417246234586,27.0,0.0,2507.9,6022.8,0.29398525326174874,65.5,1006.2
808,39,knn,loso,Thuwal - KAUST,22.3065,39.107,01-05-2018 00:00,7120.5,7290.540000000001,170.04000000000087,170.04000000000087,28913.601600000296,2.3880345481356766,30.2,0.0,3128.0,5108.0,0.37979601748421565,62.0,1003.9
809,39,knn,loso,Thuwal - KAUST,22.3065,39.107,01-06-2018 00:00,7152.3,6822.74,-329.5600000000004,329.5600000000004,108609.79360000027,4.607748556408434,30.9,0.0,2970.5,5355.5,0.3567739610857555,68.2,1001.6
810,39,knn,loso,Thuwal - KAUST,22.3065,39.107,01-07-2018 00:00,7036.3,6713.040000000001,-323.2599999999993,323.2599999999993,104497.02759999955,4.594175916319647,31.9,0.0,2769.9,5444.7,0.3371923161200789,65.5,1001.7
811,39,knn,loso,Thuwal - KAUST,22.3065,39.107,01-08-2018 00:00,6668.6,5763.740000000001,-904.8599999999997,904.8599999999997,818771.6195999994,13.568965000149952,32.1,0.0,2421.2,5502.2,0.30557588913850114,69.5,1001.9
812,39,knn,loso,Thuwal - KAUST,22.3065,39.107,01-09-2018 00:00,5840.5,5472.42,-368.0799999999999,368.0799999999999,135482.88639999996,6.302200154096395,31.6,0.0,3004.4,3679.4,0.4495047727340734,79.2,1003.4
813,39,knn,loso,Thuwal - KAUST,22.3065,39.107,01-10-2018 00:00,5111.6,5297.46,185.85999999999967,185.85999999999967,34543.93959999988,3.6360435088817527,29.9,0.0,2043.4,4577.8,0.3086147526128194,71.9,1007.7
814,39,knn,loso,Thuwal - KAUST,22.3065,39.107,01-11-2018 00:00,4224.2,3790.2200000000003,-433.97999999999956,433.97999999999956,188338.64039999963,10.273661284977027,26.9,0.0,1619.0,4521.7,0.26365072385884347,61.5,1009.8
815,39,knn,loso,Thuwal - KAUST,22.3065,39.107,01-12-2018 00:00,3910.5,3657.06,-253.44000000000005,253.44000000000005,64231.83360000003,6.48101265822785,24.8,0.0,1644.6,4220.4,0.28040920716112533,66.4,1012.2
816,39,knn,loso,Thuwal - KAUST,22.3065,39.107,01-01-2019 00:00,3951.5,3657.0600000000004,-294.4399999999996,294.4399999999996,86694.91359999977,7.451347589522955,24.1,0.0,1959.2,3470.4,0.36083689406217767,67.7,1012.3
817,39,knn,loso,Thuwal - KAUST,22.3065,39.107,01-02-2019 00:00,4607.3,4244.14,-363.15999999999985,363.15999999999985,131885.18559999988,7.882273782909727,23.9,0.0,2080.2,4001.6,0.3420368969712914,57.9,1011.5
818,39,knn,loso,Thuwal - KAUST,22.3065,39.107,01-03-2019 00:00,6107.7,5012.26,-1095.4399999999996,1095.4399999999996,1199988.793599999,17.935393028472248,23.7,0.0,2209.2,5648.4,0.28115455100794134,60.6,1010.2
819,39,knn,loso,Thuwal - KAUST,22.3065,39.107,01-04-2019 00:00,6768.1,6663.2,-104.90000000000055,104.90000000000055,11004.010000000115,1.549917997665527,26.2,0.0,2516.8,5741.0,0.30477851243672655,64.7,1007.5
820,39,knn,loso,Thuwal - KAUST,22.3065,39.107,01-05-2019 00:00,6682.7,5995.12,-687.5799999999999,687.5799999999999,472766.2563999999,10.288955063073308,30.2,0.0,2797.3,4946.6,0.36122625550433246,63.9,1005.1
821,39,knn,loso,Thuwal - KAUST,22.3065,39.107,01-06-2019 00:00,6334.7,5995.12,-339.5799999999999,339.5799999999999,115314.57639999995,5.3606327055740595,31.8,0.0,2680.4,4588.4,0.36875412722870354,66.0,1002.1
822,39,knn,loso,Thuwal - KAUST,22.3065,39.107,01-07-2019 00:00,6893.8,6160.339999999999,-733.460000000001,733.460000000001,537963.5716000014,10.63941512663554,31.8,0.0,2480.5,5709.7,0.3028619569729677,68.0,1000.9
823,39,knn,loso,Thuwal - KAUST,22.3065,39.107,01-08-2019 00:00,6611.0,5653.92,-957.0799999999999,957.0799999999999,916002.1263999998,14.477083648464678,32.2,0.0,2337.3,5597.8,0.294552053534297,69.8,1002.5
824,39,knn,loso,Thuwal - KAUST,22.3065,39.107,01-09-2019 00:00,5908.1,5378.56,-529.54,529.54,280412.61159999995,8.962949171476446,30.9,0.0,2469.5,4619.7,0.34834678101901484,78.0,1002.8
825,39,knn,loso,Thuwal - KAUST,22.3065,39.107,01-10-2019 00:00,5228.0,5369.5,141.5,141.5,20022.25,2.7065799540933435,31.1,0.0,1870.5,5032.4,0.2709730692897188,69.0,1007.6
826,39,knn,loso,Thuwal - KAUST,22.3065,39.107,01-11-2019 00:00,4486.9,4750.24,263.34000000000015,263.34000000000015,69347.95560000007,5.869085560186324,28.1,0.0,1567.2,5053.0,0.23673000815685327,63.0,1008.6
827,39,knn,loso,Thuwal - KAUST,22.3065,39.107,01-12-2019 00:00,4316.6,4705.379999999999,388.77999999999884,388.77999999999884,151149.8883999991,9.006625584951092,24.8,0.0,1322.5,5637.5,0.19001436781609196,58.0,1011.5
828,39,knn,loso,Thuwal - KAUST,22.3065,39.107,01-01-2020 00:00,4597.0,3982.9,-614.0999999999999,614.0999999999999,377118.8099999999,13.358712203611049,21.6,0.2,1307.7,6020.4,0.17845007573586608,52.8,1014.3
829,39,knn,loso,Thuwal - KAUST,22.3065,39.107,01-02-2020 00:00,4914.9,5151.8,236.90000000000055,236.90000000000055,56121.610000000255,4.820037030254951,22.7,2.6,1963.0,4774.1,0.2913716584287008,62.1,1012.8
830,39,knn,loso,Thuwal - KAUST,22.3065,39.107,01-03-2020 00:00,6083.3,5670.840000000001,-412.4599999999991,412.4599999999991,170123.2515999993,6.780201535350865,24.1,2.6,2321.5,5308.6,0.304255514344504,66.8,1008.8
831,39,knn,loso,Thuwal - KAUST,22.3065,39.107,01-04-2020 00:00,6790.1,6006.4400000000005,-783.6599999999999,783.6599999999999,614122.9955999998,11.54121441510434,26.0,2.4,2145.2,6306.7,0.2538127521622357,67.9,1007.6
832,39,knn,loso,Thuwal - KAUST,22.3065,39.107,01-05-2020 00:00,6632.5,5776.16,-856.3400000000001,856.3400000000001,733318.1956000002,12.911270260082928,29.3,2.5,2533.6,5336.2,0.32193956644387406,67.4,1005.5
833,39,knn,loso,Thuwal - KAUST,22.3065,39.107,01-09-2020 00:00,6025.7,5665.6,-360.09999999999945,360.09999999999945,129672.0099999996,5.976069170386834,32.4,2.3,2314.2,5023.7,0.3153763338284795,74.8,1002.1
834,39,knn,loso,Thuwal - KAUST,22.3065,39.107,01-10-2020 00:00,5569.3,5904.6,335.3000000000002,335.3000000000002,112426.09000000013,6.020505269962117,31.3,2.3,1615.0,6168.2,0.20749820125398294,57.9,1006.8
835,39,knn,loso,Thuwal - KAUST,22.3065,39.107,01-11-2020 00:00,4492.5,4502.1,9.600000000000364,9.600000000000364,92.16000000000699,0.21368948247079272,27.8,2.4,1422.6,5307.0,0.21139443651925818,63.7,1009.9
836,39,knn,loso,Thuwal - KAUST,22.3065,39.107,01-12-2020 00:00,4028.1,3972.94,-55.159999999999854,55.159999999999854,3042.625599999984,1.369380104764029,25.5,2.1,1489.9,4741.3,0.23910322249325971,62.3,1011.3
837,39,knn,loso,Thuwal - KAUST,22.3065,39.107,01-01-2021 00:00,4280.5,4314.699999999999,34.19999999999891,34.19999999999891,1169.6399999999253,0.7989720827005936,24.9,2.5,1733.6,4544.0,0.2761564929272333,59.4,1011.7
838,39,knn,loso,Thuwal - KAUST,22.3065,39.107,01-02-2021 00:00,4971.2,4379.379999999999,-591.8200000000006,591.8200000000006,350250.9124000007,11.904972642420354,23.9,2.7,1647.6,5373.2,0.23467411121239745,63.0,1011.4
839,39,knn,loso,Thuwal - KAUST,22.3065,39.107,01-09-2021 00:00,5790.5,5762.279999999999,-28.220000000001164,28.220000000001164,796.3684000000657,0.4873499697781049,31.1,2.5,2674.1,4143.2,0.392252064600355,76.7,1002.9
840,39,knn,loso,Thuwal - KAUST,22.3065,39.107,01-10-2021 00:00,5313.2,5865.4,552.1999999999998,552.1999999999998,304924.8399999998,10.392983512760669,29.3,0.2,1831.3,5239.4,0.25899840185554474,78.8,1006.7
841,39,knn,loso,Thuwal - KAUST,22.3065,39.107,01-11-2021 00:00,4389.4,4692.0599999999995,302.65999999999985,302.65999999999985,91603.07559999991,6.895247642046747,27.4,0.0,1350.9,5247.1,0.20474386177629586,69.7,1009.5
842,39,knn,loso,Thuwal - KAUST,22.3065,39.107,01-12-2021 00:00,3797.4,3773.0,-24.40000000000009,24.40000000000009,595.3600000000044,0.6425448991415202,25.3,0.0,1589.8,4094.9,0.27966295494924975,62.9,1011.8
258,40,knn,loso,Timaa - TVTC,27.6173,38.5252,01-01-2017 00:00,4235.7,4287.9400000000005,52.24000000000069,52.24000000000069,2729.0176000000724,1.2333262506787708,13.2,1.9,1325.4,5906.3,0.1832764080368378,36.9,921.5
259,40,knn,loso,Timaa - TVTC,27.6173,38.5252,01-02-2017 00:00,5392.6,5143.219999999999,-249.38000000000102,249.38000000000102,62190.384400000505,4.6244854059266585,12.5,2.3,1649.3,6580.6,0.200403407088786,28.9,921.8
260,40,knn,loso,Timaa - TVTC,27.6173,38.5252,01-03-2017 00:00,6511.6,5881.42,-630.1800000000003,630.1800000000003,397126.83240000036,9.677805762024699,19.4,2.6,1990.0,7008.4,0.22115042674253202,25.2,917.2
261,40,knn,loso,Timaa - TVTC,27.6173,38.5252,01-04-2017 00:00,6508.5,6438.9,-69.60000000000036,69.60000000000036,4844.160000000051,1.069370822770229,25.1,3.1,2727.9,5257.1,0.34162805259862244,21.1,918.3
262,40,knn,loso,Timaa - TVTC,27.6173,38.5252,01-05-2017 00:00,7872.0,7983.040000000001,111.04000000000087,111.04000000000087,12329.881600000193,1.4105691056910679,29.8,2.6,2439.0,7320.8,0.24990266193979388,16.1,916.8
263,40,knn,loso,Timaa - TVTC,27.6173,38.5252,01-06-2017 00:00,8158.9,6946.32,-1212.58,1212.58,1470350.2563999998,14.862052482565053,33.5,2.4,1845.5,8604.1,0.17660963099065993,14.6,914.7
264,40,knn,loso,Timaa - TVTC,27.6173,38.5252,01-09-2017 00:00,6674.6,7148.780000000001,474.1800000000003,474.1800000000003,224846.67240000027,7.10424594732269,33.0,2.3,2419.6,6025.1,0.2865229078593674,15.6,916.4
265,40,knn,loso,Timaa - TVTC,27.6173,38.5252,01-10-2017 00:00,5879.9,6258.92,379.02000000000044,379.02000000000044,143656.16040000034,6.44602799367337,26.4,2.0,1347.0,7582.5,0.15084831177557534,24.0,918.5
266,40,knn,loso,Timaa - TVTC,27.6173,38.5252,01-11-2017 00:00,4426.5,4275.58,-150.92000000000007,150.92000000000007,22776.84640000002,3.4094657178357632,20.3,2.0,1652.8,5246.3,0.23956747981620788,38.9,920.2
267,40,knn,loso,Timaa - TVTC,27.6173,38.5252,01-03-2018 00:00,6509.7,6478.26,-31.4399999999996,31.4399999999996,988.4735999999748,0.4829715655099252,22.8,2.4,2201.9,6702.4,0.24728501959727325,21.6,918.5
268,40,knn,loso,Timaa - TVTC,27.6173,38.5252,01-04-2018 00:00,7333.9,6637.860000000001,-696.039999999999,696.039999999999,484471.6815999987,9.490721171545822,23.4,2.8,2665.5,6450.5,0.29239798157086444,26.7,916.1
269,40,knn,loso,Timaa - TVTC,27.6173,38.5252,01-05-2018 00:00,7389.0,7027.360000000001,-361.6399999999994,361.6399999999994,130783.48959999958,4.894302341318168,28.8,3.0,3115.1,5636.0,0.35596667847470603,20.9,915.9
270,40,knn,loso,Timaa - TVTC,27.6173,38.5252,01-06-2018 00:00,8218.7,7245.859999999999,-972.840000000002,972.840000000002,946417.6656000038,11.836908513511892,32.3,2.5,2262.5,8035.6,0.21970072149231412,17.1,914.3
271,40,knn,loso,Timaa - TVTC,27.6173,38.5252,01-07-2018 00:00,8005.7,7501.06,-504.6399999999994,504.6399999999994,254661.52959999943,6.303508750015608,33.4,2.5,2187.6,7878.7,0.2173191738771942,17.9,912.7
272,40,knn,loso,Timaa - TVTC,27.6173,38.5252,01-08-2018 00:00,7533.6,6957.82,-575.7800000000007,575.7800000000007,331522.6084000008,7.642826802591067,33.3,2.3,1625.7,8288.3,0.16398022997780917,20.1,913.6
273,40,knn,loso,Timaa - TVTC,27.6173,38.5252,01-09-2018 00:00,6329.5,6128.0199999999995,-201.48000000000047,201.48000000000047,40594.19040000019,3.1831898254206568,33.7,2.2,2464.5,5371.6,0.3145059404550733,17.5,916.5
274,40,knn,loso,Timaa - TVTC,27.6173,38.5252,01-10-2018 00:00,5447.3,5369.2,-78.10000000000036,78.10000000000036,6099.610000000057,1.4337378150643505,27.0,2.3,1906.8,5731.5,0.24963669926554335,25.4,919.5
275,40,knn,loso,Timaa - TVTC,27.6173,38.5252,01-11-2018 00:00,3967.4,4159.42,192.01999999999998,192.01999999999998,36871.68039999999,4.839945556283712,18.0,2.2,1406.4,4995.9,0.2196710557143527,59.7,920.0
276,40,knn,loso,Timaa - TVTC,27.6173,38.5252,01-12-2018 00:00,4013.6,4269.92,256.32000000000016,256.32000000000016,65699.94240000009,6.386286625473395,14.7,2.1,1205.0,5996.9,0.16731695802496566,54.5,921.7
277,40,knn,loso,Timaa - TVTC,27.6173,38.5252,01-01-2019 00:00,3942.3,4012.2599999999993,69.95999999999913,69.95999999999913,4894.401599999878,1.7745985845825818,14.2,2.1,1738.1,4375.9,0.28428197579326137,43.8,920.4
278,40,knn,loso,Timaa - TVTC,27.6173,38.5252,01-02-2019 00:00,5130.1,4296.92,-833.1800000000003,833.1800000000003,694188.9124000005,16.241008947194015,14.6,2.8,1621.0,6143.3,0.20877606480944838,47.0,920.4
279,40,knn,loso,Timaa - TVTC,27.6173,38.5252,01-03-2019 00:00,6669.6,6497.359999999999,-172.2400000000016,172.2400000000016,29666.61760000055,2.582463715964999,16.7,2.7,1709.9,7841.6,0.17901900225095535,30.7,918.6
280,40,knn,loso,Timaa - TVTC,27.6173,38.5252,01-04-2019 00:00,7251.2,6890.24,-360.96000000000004,360.96000000000004,130292.12160000003,4.977934686672551,21.9,2.8,2292.5,6982.3,0.24717514124293788,25.1,917.6
281,40,knn,loso,Timaa - TVTC,27.6173,38.5252,01-05-2019 00:00,7953.8,7566.719999999999,-387.08000000000084,387.08000000000084,149830.92640000064,4.866604641806442,30.3,2.5,2357.2,7511.2,0.2388634429086782,14.3,916.6
282,40,knn,loso,Timaa - TVTC,27.6173,38.5252,01-06-2019 00:00,8149.4,7566.720000000001,-582.6799999999985,582.6799999999985,339515.98239999823,7.149974231231729,33.7,2.6,2203.0,8039.6,0.21508210805850075,15.5,914.9
283,40,knn,loso,Timaa - TVTC,27.6173,38.5252,01-07-2019 00:00,8239.6,7129.8,-1109.8000000000002,1109.8000000000002,1231656.0400000005,13.469100441769019,33.7,2.5,1707.7,9016.2,0.15924243978403377,16.9,912.7
284,40,knn,loso,Timaa - TVTC,27.6173,38.5252,01-08-2019 00:00,7711.6,7129.8,-581.8000000000002,581.8000000000002,338491.2400000002,7.5444784480522875,33.7,2.4,1671.9,8426.6,0.1655592414715057,17.9,913.8
285,40,knn,loso,Timaa - TVTC,27.6173,38.5252,01-09-2019 00:00,6725.4,7344.92,619.5200000000004,619.5200000000004,383805.0304000005,9.211645403990849,32.9,2.1,1825.0,7172.7,0.2028296120119586,18.2,915.5
286,40,knn,loso,Timaa - TVTC,27.6173,38.5252,01-10-2019 00:00,5224.5,6439.9800000000005,1215.4800000000005,1215.4800000000005,1477391.630400001,23.26500143554408,28.1,2.2,1902.4,5422.5,0.2597168562028151,26.7,918.7
287,40,knn,loso,Timaa - TVTC,27.6173,38.5252,01-11-2019 00:00,4375.6,4269.92,-105.68000000000029,105.68000000000029,11168.262400000061,2.415211628119579,19.9,2.2,1342.1,5845.2,0.1867321525468535,42.5,920.1
288,40,knn,loso,Timaa - TVTC,27.6173,38.5252,01-12-2019 00:00,4303.5,4585.159999999999,281.65999999999894,281.65999999999894,79332.3555999994,6.544905309631671,14.3,1.9,876.6,7341.8,0.10666309743989098,41.7,921.1
289,40,knn,loso,Timaa - TVTC,27.6173,38.5252,01-01-2020 00:00,4477.6,4103.4800000000005,-374.1199999999999,374.1199999999999,139965.7743999999,8.355368947650524,11.1,1.9,1155.3,6835.6,0.14457695628777734,39.6,922.2
290,40,knn,loso,Timaa - TVTC,27.6173,38.5252,01-02-2020 00:00,5507.3,5315.0,-192.30000000000018,192.30000000000018,36979.290000000066,3.49172915947924,14.6,2.1,1300.9,7610.3,0.1459848280815154,33.6,921.0
291,40,knn,loso,Timaa - TVTC,27.6173,38.5252,01-03-2020 00:00,6387.8,5973.280000000001,-414.5199999999995,414.5199999999995,171826.8303999996,6.489245123516696,19.4,2.8,2117.1,6558.9,0.2440179806362379,28.3,917.6
292,40,knn,loso,Timaa - TVTC,27.6173,38.5252,01-04-2020 00:00,7732.1,7736.780000000001,4.680000000000291,4.680000000000291,21.902400000002725,0.06052689437539984,23.9,3.2,2158.2,7770.5,0.2173698470091754,24.8,916.5
293,40,knn,loso,Timaa - TVTC,27.6173,38.5252,01-05-2020 00:00,7826.2,7488.960000000001,-337.2399999999989,337.2399999999989,113730.81759999924,4.309115534997813,29.2,2.9,2584.8,6907.7,0.27229918356597316,18.1,917.1
294,40,knn,loso,Timaa - TVTC,27.6173,38.5252,01-09-2020 00:00,6710.6,7058.5199999999995,347.91999999999916,347.91999999999916,121048.32639999942,5.18463326677196,33.4,2.0,1992.1,6882.4,0.22447461828835427,14.5,916.3
295,40,knn,loso,Timaa - TVTC,27.6173,38.5252,01-10-2020 00:00,5854.3,6069.2,214.89999999999964,214.89999999999964,46182.00999999984,3.6708060741676993,27.3,2.1,1244.5,7751.5,0.1383392618941752,16.0,920.0
296,40,knn,loso,Timaa - TVTC,27.6173,38.5252,01-11-2020 00:00,4608.5,4756.6,148.10000000000036,148.10000000000036,21933.610000000106,3.2136269935987927,19.7,2.1,1158.3,6697.6,0.1474433228528876,45.0,919.9
297,40,knn,loso,Timaa - TVTC,27.6173,38.5252,01-12-2020 00:00,3823.8,4045.1400000000003,221.34000000000015,221.34000000000015,48991.39560000006,5.7884826612270555,15.0,1.9,1186.1,5481.4,0.1778927634045744,45.8,921.7
298,40,knn,loso,Timaa - TVTC,27.6173,38.5252,01-01-2021 00:00,4346.5,4179.280000000001,-167.21999999999935,167.21999999999935,27962.52839999978,3.847233406188873,14.4,2.1,1335.1,5998.3,0.18205743584149234,46.3,922.0
299,40,knn,loso,Timaa - TVTC,27.6173,38.5252,01-02-2021 00:00,5093.9,6424.58,1330.6800000000003,1330.6800000000003,1770709.2624000008,26.123009874555848,15.4,2.4,1537.8,6355.2,0.19483086278981376,43.6,921.0
300,40,knn,loso,Timaa - TVTC,27.6173,38.5252,01-03-2021 00:00,6610.4,5862.120000000001,-748.2799999999988,748.2799999999988,559922.9583999983,11.319738593731074,20.9,2.7,2135.2,6826.1,0.23826900114938682,25.7,918.7
301,40,knn,loso,Timaa - TVTC,27.6173,38.5252,01-04-2021 00:00,7631.2,6722.280000000001,-908.9199999999992,908.9199999999992,826135.5663999985,11.91057762868224,25.4,2.9,2302.7,7431.0,0.2365698552451791,19.5,918.8
302,40,knn,loso,Timaa - TVTC,27.6173,38.5252,01-05-2021 00:00,8199.1,7589.0199999999995,-610.0800000000008,610.0800000000008,372197.60640000104,7.440816675000924,30.6,2.3,2093.4,8362.2,0.200218064960404,14.4,916.1
303,40,knn,loso,Timaa - TVTC,27.6173,38.5252,01-07-2021 00:00,8089.8,7050.12,-1039.6800000000003,1039.6800000000003,1080934.5024000006,12.851739227174964,34.9,2.5,1961.6,8305.6,0.1910550101293439,16.6,911.9
304,40,knn,loso,Timaa - TVTC,27.6173,38.5252,01-08-2021 00:00,7626.9,7258.359999999999,-368.5400000000009,368.5400000000009,135821.73160000064,4.832107409301301,34.4,2.3,1896.3,7943.6,0.19271537312371062,16.0,913.8
305,40,knn,loso,Timaa - TVTC,27.6173,38.5252,01-09-2021 00:00,6691.9,7265.840000000001,573.9400000000014,573.9400000000014,329407.1236000016,8.57663742733755,31.2,2.3,1884.6,7036.9,0.21124250406321807,22.2,915.8
306,40,knn,loso,Timaa - TVTC,27.6173,38.5252,01-10-2021 00:00,5692.4,5381.3,-311.09999999999945,311.09999999999945,96783.20999999966,5.4651816457030336,27.4,1.8,1514.6,6928.6,0.17938696228917944,22.2,919.2
307,40,knn,loso,Timaa - TVTC,27.6173,38.5252,01-11-2021 00:00,4512.3,4419.74,-92.5600000000004,92.5600000000004,8567.353600000075,2.05128205128206,20.3,1.9,1236.1,6313.6,0.16372836006728742,33.7,920.8
308,40,knn,loso,Timaa - TVTC,27.6173,38.5252,01-12-2021 00:00,3793.3,4387.339999999999,594.039999999999,594.039999999999,352883.5215999989,15.660243060132311,15.1,2.1,1524.0,4748.1,0.24298081982111253,40.2,921.2
906,41,knn,loso,Umluj - SWCC,25.00411,37.27382,01-01-2017 00:00,4448.2,4422.92,-25.279999999999745,25.279999999999745,639.0783999999871,0.5683197697945179,21.5,3.1,1233.7,6085.1,0.16856588511777887,58.2,1015.2
907,41,knn,loso,Umluj - SWCC,25.00411,37.27382,01-02-2017 00:00,5284.5,5078.7,-205.80000000000018,205.80000000000018,42353.64000000007,3.894408174850983,21.2,3.5,1716.4,5960.5,0.2235798304002918,46.3,1015.4
908,41,knn,loso,Umluj - SWCC,25.00411,37.27382,01-03-2017 00:00,6148.7,6322.92,174.22000000000025,174.22000000000025,30352.60840000009,2.833444467936316,23.1,3.3,2006.1,6196.2,0.24457774038989066,61.4,1010.9
909,41,knn,loso,Umluj - SWCC,25.00411,37.27382,01-04-2017 00:00,6404.3,6079.339999999999,-324.96000000000095,324.96000000000095,105599.00160000061,5.074090845213386,27.0,3.6,2766.8,4908.7,0.3604716305126702,57.2,1009.5
910,41,knn,loso,Umluj - SWCC,25.00411,37.27382,01-05-2017 00:00,7035.7,6679.44,-356.2600000000002,356.2600000000002,126921.18760000015,5.063604190059272,29.3,2.9,2419.5,6147.7,0.28241432440003733,61.5,1008.2
911,41,knn,loso,Umluj - SWCC,25.00411,37.27382,01-06-2017 00:00,7460.0,6928.839999999999,-531.1600000000008,531.1600000000008,282130.9456000008,7.120107238605907,30.5,3.1,2041.9,7201.9,0.22089400463013048,65.7,1004.4
912,41,knn,loso,Umluj - SWCC,25.00411,37.27382,01-09-2017 00:00,6164.3,5989.14,-175.15999999999985,175.15999999999985,30681.02559999995,2.8415229628668275,30.6,3.1,2512.2,5045.0,0.3324247075636479,69.0,1006.3
913,41,knn,loso,Umluj - SWCC,25.00411,37.27382,01-10-2017 00:00,5632.0,6037.139999999999,405.1399999999994,405.1399999999994,164138.41959999953,7.193536931818172,28.0,3.3,1424.7,6765.1,0.17396029207062444,65.7,1010.5
914,41,knn,loso,Umluj - SWCC,25.00411,37.27382,01-11-2017 00:00,4545.7,4915.299999999999,369.59999999999945,369.59999999999945,136604.1599999996,8.130760938909287,26.0,2.8,1284.1,5939.8,0.17775716718116252,59.8,1012.2
915,41,knn,loso,Umluj - SWCC,25.00411,37.27382,01-03-2018 00:00,6422.2,6956.540000000001,534.340000000001,534.340000000001,285519.2356000011,8.320201800006245,25.9,2.4,1836.6,6863.6,0.21109859543458767,55.8,1010.6
916,41,knn,loso,Umluj - SWCC,25.00411,37.27382,01-04-2018 00:00,7208.7,6846.38,-362.3199999999997,362.3199999999997,131275.7823999998,5.026148958896885,26.9,2.4,2349.4,6564.8,0.26355702138161585,58.2,1008.6
917,41,knn,loso,Umluj - SWCC,25.00411,37.27382,01-05-2018 00:00,7035.2,7203.020000000001,167.82000000000153,167.82000000000153,28163.552400000513,2.3854332499431647,31.4,2.8,3193.0,4945.1,0.3923520231995183,51.6,1006.2
918,41,knn,loso,Umluj - SWCC,25.00411,37.27382,01-06-2018 00:00,7620.7,7228.9,-391.8000000000002,391.8000000000002,153507.24000000014,5.141259989239836,31.7,2.7,2406.9,6873.3,0.2593586345121872,59.8,1004.3
919,41,knn,loso,Umluj - SWCC,25.00411,37.27382,01-07-2018 00:00,7427.1,7228.9,-198.20000000000073,198.20000000000073,39283.24000000029,2.6686055122457044,32.4,2.2,2274.3,6839.9,0.24953369467424458,59.9,1003.7
920,41,knn,loso,Umluj - SWCC,25.00411,37.27382,01-08-2018 00:00,7125.3,7054.6,-70.69999999999982,70.69999999999982,4998.489999999974,0.9922389232734036,32.3,2.3,1768.9,7281.4,0.1954520844612886,67.8,1004.4
921,41,knn,loso,Umluj - SWCC,25.00411,37.27382,01-09-2018 00:00,5939.5,5579.219999999999,-360.28000000000065,360.28000000000065,129801.67840000047,6.065830457109196,31.8,0.3,2915.1,4050.2,0.41851750821931577,71.9,1005.9
922,41,knn,loso,Umluj - SWCC,25.00411,37.27382,01-10-2018 00:00,5176.9,4473.900000000001,-702.9999999999991,702.9999999999991,494208.9999999987,13.579555332341734,30.1,0.2,1812.5,5230.3,0.2573550292497302,59.8,1010.1
923,41,knn,loso,Umluj - SWCC,25.00411,37.27382,01-11-2018 00:00,4267.1,4402.8,135.69999999999982,135.69999999999982,18414.48999999995,3.1801457664455905,26.0,0.1,1205.0,5602.3,0.1770158506309403,57.5,1012.5
924,41,knn,loso,Umluj - SWCC,25.00411,37.27382,01-12-2018 00:00,4118.4,4275.2,156.80000000000018,156.80000000000018,24586.240000000056,3.807303807303812,23.0,0.2,1223.5,5806.4,0.1740423050114511,56.9,1015.3
925,41,knn,loso,Umluj - SWCC,25.00411,37.27382,01-01-2019 00:00,3911.3,4188.94,277.6399999999994,277.6399999999994,77083.96959999968,7.098407179198716,21.9,0.4,1748.0,4060.0,0.3009641873278237,55.3,1014.9
926,41,knn,loso,Umluj - SWCC,25.00411,37.27382,01-02-2019 00:00,5000.7,5184.3,183.60000000000036,183.60000000000036,33708.96000000013,3.671485991961133,22.2,0.4,1729.3,5524.6,0.23839589737934075,50.3,1014.4
927,41,knn,loso,Umluj - SWCC,25.00411,37.27382,01-03-2019 00:00,6381.1,6107.28,-273.8200000000006,273.8200000000006,74977.39240000033,4.291109683283456,22.6,0.8,1890.3,6770.1,0.21826936400166275,51.1,1012.9
928,41,knn,loso,Umluj - SWCC,25.00411,37.27382,01-04-2019 00:00,6939.8,6716.479999999999,-223.32000000000153,223.32000000000153,49871.82240000068,3.2179601717628974,25.3,0.5,2371.0,6279.5,0.27408820299404657,54.6,1010.1
929,41,knn,loso,Umluj - SWCC,25.00411,37.27382,01-05-2019 00:00,7286.7,5608.38,-1678.3199999999997,1678.3199999999997,2816758.022399999,23.032648524023216,29.2,0.1,2464.0,6381.8,0.2785502724456805,62.3,1007.2
930,41,knn,loso,Umluj - SWCC,25.00411,37.27382,01-06-2019 00:00,7548.1,7302.120000000001,-245.97999999999956,245.97999999999956,60506.16039999978,3.258833348789756,32.5,0.0,2346.2,6909.1,0.2534979957429797,55.3,1005.1
931,41,knn,loso,Umluj - SWCC,25.00411,37.27382,01-07-2019 00:00,7719.4,6557.68,-1161.7199999999993,1161.7199999999993,1349593.3583999984,15.049356167577782,32.1,0.0,1789.5,7975.2,0.18326215859166178,62.8,1003.3
932,41,knn,loso,Umluj - SWCC,25.00411,37.27382,01-08-2019 00:00,7172.1,6436.379999999999,-735.7200000000012,735.7200000000012,541283.9184000017,10.258083406533668,32.6,0.0,1825.1,7252.6,0.20105313019817792,63.7,1004.6
933,41,knn,loso,Umluj - SWCC,25.00411,37.27382,01-09-2019 00:00,6201.0,5766.6,-434.39999999999964,434.39999999999964,188703.3599999997,7.005321722302849,30.9,0.0,2219.7,5567.2,0.28505567042083496,69.9,1005.5
934,41,knn,loso,Umluj - SWCC,25.00411,37.27382,01-10-2019 00:00,5237.5,6204.34,966.8400000000001,966.8400000000001,934779.5856000002,18.459952267303105,30.6,0.0,1872.5,5319.4,0.2603623520905463,64.3,1009.2
935,41,knn,loso,Umluj - SWCC,25.00411,37.27382,01-11-2019 00:00,4663.0,4809.0,146.0,146.0,21316.0,3.131031524769462,27.4,0.0,1263.6,6261.0,0.16792919224942188,54.2,1011.1
936,41,knn,loso,Umluj - SWCC,25.00411,37.27382,01-12-2019 00:00,4424.3,4467.7,43.399999999999636,43.399999999999636,1883.5599999999683,0.9809461383721636,22.9,0.0,962.1,7000.3,0.12083040289359992,48.7,1014.7
937,41,knn,loso,Umluj - SWCC,25.00411,37.27382,01-01-2020 00:00,4496.6,4440.4800000000005,-56.11999999999989,56.11999999999989,3149.454399999988,1.2480540853088975,19.7,0.0,1133.8,6545.9,0.14763597536362097,46.8,1017.4
938,41,knn,loso,Umluj - SWCC,25.00411,37.27382,01-02-2020 00:00,5487.1,5320.44,-166.66000000000076,166.66000000000076,27775.555600000254,3.0373056805963214,20.7,0.0,1317.3,7167.4,0.15525593126451143,54.0,1015.8
939,41,knn,loso,Umluj - SWCC,25.00411,37.27382,01-03-2020 00:00,6296.2,6313.4800000000005,17.280000000000655,17.280000000000655,298.59840000002265,0.2744512563133422,23.6,2.9,2293.7,5856.0,0.28144594279544033,56.4,1011.7
940,41,knn,loso,Umluj - SWCC,25.00411,37.27382,01-04-2020 00:00,7289.3,6826.280000000001,-463.0199999999995,463.0199999999995,214387.52039999957,6.3520502654575814,25.4,3.3,2294.6,6871.1,0.25034640016583565,59.8,1010.4
941,41,knn,loso,Umluj - SWCC,25.00411,37.27382,01-05-2020 00:00,7382.4,6795.38,-587.0199999999995,587.0199999999995,344592.4803999994,7.95161465106198,29.0,3.0,2402.8,6623.9,0.26618808645462905,60.8,1008.0
942,41,knn,loso,Umluj - SWCC,25.00411,37.27382,01-09-2020 00:00,6252.2,6488.16,235.96000000000004,235.96000000000004,55677.12160000002,3.7740315408976044,33.6,2.7,2145.4,5735.0,0.27224506370235013,62.0,1005.2
943,41,knn,loso,Umluj - SWCC,25.00411,37.27382,01-10-2020 00:00,5538.8,5537.5199999999995,-1.2800000000006548,1.2800000000006548,1.6384000000016763,0.023109698851748663,31.4,2.1,1499.9,6507.8,0.1873072168038263,51.7,1009.4
944,41,knn,loso,Umluj - SWCC,25.00411,37.27382,01-11-2020 00:00,4650.6,4658.780000000001,8.180000000000291,8.180000000000291,66.91240000000477,0.1758912828452305,26.5,3.1,1069.4,6695.2,0.1377276356798805,54.8,1012.4
945,41,knn,loso,Umluj - SWCC,25.00411,37.27382,01-12-2020 00:00,4134.5,4257.219999999999,122.71999999999935,122.71999999999935,15060.19839999984,2.968194461240763,24.3,2.7,1242.8,5702.6,0.17893857805166008,52.8,1013.9
946,41,knn,loso,Umluj - SWCC,25.00411,37.27382,01-01-2021 00:00,4551.5,4669.96,118.46000000000004,118.46000000000004,14032.77160000001,2.6026584642425585,23.3,3.1,1358.5,6064.5,0.1830122591943958,52.0,1014.6
947,41,knn,loso,Umluj - SWCC,25.00411,37.27382,01-02-2021 00:00,5326.6,5098.86,-227.7400000000007,227.7400000000007,51865.50760000032,4.275522847595101,22.6,3.3,1338.4,6747.1,0.1655308886277905,53.8,1014.3
948,41,knn,loso,Umluj - SWCC,25.00411,37.27382,01-03-2021 00:00,6299.4,6038.9,-260.5,260.5,67860.25,4.135314474394387,24.5,3.4,2221.2,5961.2,0.27146069612827534,57.6,1011.2
949,41,knn,loso,Umluj - SWCC,25.00411,37.27382,01-04-2021 00:00,7206.9,7125.360000000001,-81.53999999999905,81.53999999999905,6648.771599999845,1.131415726595333,26.6,3.0,2338.7,6639.8,0.2604778080971209,61.1,1009.8
950,41,knn,loso,Umluj - SWCC,25.00411,37.27382,01-05-2021 00:00,7448.6,7115.0199999999995,-333.58000000000084,333.58000000000084,111275.61640000055,4.478425475928374,30.5,2.7,2210.7,7041.8,0.23893001891380705,62.0,1006.4
951,41,knn,loso,Umluj - SWCC,25.00411,37.27382,01-07-2021 00:00,7250.6,7376.08,125.47999999999956,125.47999999999956,15745.230399999891,1.7306153973464202,32.1,3.0,2348.7,6507.2,0.2652130218272564,63.0,1002.3
952,41,knn,loso,Umluj - SWCC,25.00411,37.27382,01-08-2021 00:00,6928.1,7230.0,301.89999999999964,301.89999999999964,91143.60999999978,4.357616085218164,33.0,2.8,2195.7,6375.9,0.256159876802464,64.7,1003.3
953,41,knn,loso,Umluj - SWCC,25.00411,37.27382,01-09-2021 00:00,6136.1,6420.72,284.6199999999999,284.6199999999999,81008.54439999994,4.638451133456102,30.8,3.1,2252.4,5489.1,0.2909513660143383,70.8,1005.4
954,41,knn,loso,Umluj - SWCC,25.00411,37.27382,01-10-2021 00:00,5448.4,5764.62,316.22000000000025,316.22000000000025,99995.08840000017,5.803905733793412,28.9,2.9,1623.5,6044.3,0.2117295704113305,68.1,1009.6
955,41,knn,loso,Umluj - SWCC,25.00411,37.27382,01-11-2021 00:00,4539.7,5843.68,1303.9800000000005,1303.9800000000005,1700363.8404000013,28.723924488402332,26.8,2.5,1257.1,6067.4,0.17162946276196325,59.8,1011.9
956,41,knn,loso,Umluj - SWCC,25.00411,37.27382,01-12-2021 00:00,3847.4,4319.4400000000005,472.0400000000004,472.0400000000004,222821.7616000004,12.26906482299736,23.3,2.9,1361.4,4889.2,0.2178030909032733,53.6,1014.6
957,42,knn,loso,Wadi Addawasir - TVTC,20.43008,44.89433,01-01-2017 00:00,4977.4,4560.62,-416.77999999999975,416.77999999999975,173705.5683999998,8.373447984891706,18.6,2.7,1579.1,5955.5,0.20957980516550312,28.5,941.9
958,42,knn,loso,Wadi Addawasir - TVTC,20.43008,44.89433,01-02-2017 00:00,5020.4,5172.0,151.60000000000036,151.60000000000036,22982.56000000011,3.0196797067962784,18.1,3.5,2572.6,3716.9,0.409030924556801,36.1,942.0
959,42,knn,loso,Wadi Addawasir - TVTC,20.43008,44.89433,01-03-2017 00:00,5831.1,6278.7,447.59999999999945,447.59999999999945,200345.7599999995,7.67608169985079,25.2,3.2,2967.1,3884.9,0.4330268534734384,32.7,937.2
960,42,knn,loso,Wadi Addawasir - TVTC,20.43008,44.89433,01-04-2017 00:00,6901.4,7049.5199999999995,148.1199999999999,148.1199999999999,21939.534399999968,2.1462311994667735,29.6,3.0,2843.7,5392.9,0.34525168151907343,16.8,937.4
961,42,knn,loso,Wadi Addawasir - TVTC,20.43008,44.89433,01-05-2017 00:00,6876.1,7032.780000000001,156.6800000000003,156.6800000000003,24548.62240000009,2.2786172394235145,33.6,2.5,3274.7,4561.7,0.41788321167883213,19.0,935.2
962,42,knn,loso,Wadi Addawasir - TVTC,20.43008,44.89433,01-05-2019 00:00,6581.4,6813.539999999999,232.13999999999942,232.13999999999942,53888.97959999973,3.5272130549730973,32.1,3.1,3115.5,4327.2,0.4185980894030392,20.8,935.8
963,42,knn,loso,Wadi Addawasir - TVTC,20.43008,44.89433,01-02-2020 00:00,5844.4,5612.9,-231.5,231.5,53592.25,3.9610567380740545,20.9,3.3,2203.6,5644.7,0.2807741803957545,21.8,941.5
964,42,knn,loso,Wadi Addawasir - TVTC,20.43008,44.89433,01-04-2020 00:00,6929.7,6896.5199999999995,-33.18000000000029,33.18000000000029,1100.9124000000193,0.4788086064331831,30.1,3.2,2829.1,5323.9,0.3470011038881393,27.1,936.0
965,42,knn,loso,Wadi Addawasir - TVTC,20.43008,44.89433,01-05-2020 00:00,6863.4,7146.479999999999,283.079999999999,283.079999999999,80134.28639999944,4.12448640615437,33.5,2.8,3240.3,4594.4,0.4135831620866147,15.0,935.3
966,42,knn,loso,Wadi Addawasir - TVTC,20.43008,44.89433,01-09-2020 00:00,7092.6,6826.24,-266.3600000000006,266.3600000000006,70947.64960000031,3.7554634407692604,32.6,1.9,2038.8,6992.3,0.2257532305034824,12.4,933.7
967,42,knn,loso,Wadi Addawasir - TVTC,20.43008,44.89433,01-11-2020 00:00,5538.1,5293.58,-244.52000000000044,244.52000000000044,59790.030400000214,4.415232661020935,22.6,2.5,1207.5,7472.4,0.13911450592748764,27.0,941.0
968,42,knn,loso,Wadi Addawasir - TVTC,20.43008,44.89433,01-01-2021 00:00,5181.0,5026.76,-154.23999999999978,154.23999999999978,23789.977599999933,2.9770314611078903,17.4,2.9,1607.7,6255.2,0.2044665454221725,30.7,942.8
969,42,knn,loso,Wadi Addawasir - TVTC,20.43008,44.89433,01-04-2021 00:00,7354.2,7415.5,61.30000000000018,61.30000000000018,3757.6900000000223,0.833537298414514,29.0,2.7,2725.9,6052.8,0.3105129461081937,14.1,937.4
970,42,knn,loso,Wadi Addawasir - TVTC,20.43008,44.89433,01-07-2021 00:00,6964.2,6816.460000000001,-147.73999999999887,147.73999999999887,21827.10759999967,2.121420981591552,36.0,2.6,3141.6,4847.9,0.3932160961261656,18.5,928.1
971,42,knn,loso,Wadi Addawasir - TVTC,20.43008,44.89433,01-10-2021 00:00,6404.1,6073.4800000000005,-330.6199999999999,330.6199999999999,109309.58439999993,5.162630190034507,28.2,2.0,1683.5,7204.1,0.18942121607633106,18.2,938.5
1308,43,knn,loso,Yanbu - RCJY,23.98655,38.20451,01-01-2017 00:00,4068.4,4336.32,267.9199999999996,267.9199999999996,71781.12639999979,6.585389833841305,22.4,2.4,1403.7,5130.4,0.21482683154527787,53.9,1014.2
1309,43,knn,loso,Yanbu - RCJY,23.98655,38.20451,01-02-2017 00:00,4398.5,5361.4,962.8999999999996,962.8999999999996,927176.4099999993,21.89155393884278,21.6,3.5,1896.4,4096.8,0.3164252819862511,38.0,1014.4
1310,43,knn,loso,Yanbu - RCJY,23.98655,38.20451,01-09-2017 00:00,6309.4,5713.780000000001,-595.619999999999,595.619999999999,354763.1843999988,9.440200336006578,32.5,0.0,2707.0,4926.1,0.3546396614743682,56.4,1004.7
1311,43,knn,loso,Yanbu - RCJY,23.98655,38.20451,01-11-2017 00:00,4643.4,5130.84,487.4400000000005,487.4400000000005,237597.7536000005,10.49748029461172,26.5,0.0,1566.3,5473.5,0.22249211625330265,56.0,1011.7
1312,43,knn,loso,Yanbu - RCJY,23.98655,38.20451,01-04-2018 00:00,7540.4,6327.42,-1212.9799999999996,1212.9799999999996,1471320.4803999988,16.08641451381889,26.8,0.0,2414.7,6962.9,0.25749658761303534,56.5,1007.9
1313,43,knn,loso,Yanbu - RCJY,23.98655,38.20451,01-05-2018 00:00,7572.4,6841.960000000001,-730.4399999999987,730.4399999999987,533542.593599998,9.646083144049426,31.5,0.0,3416.5,5288.5,0.39247558874210225,44.0,1005.7
1314,43,knn,loso,Yanbu - RCJY,23.98655,38.20451,01-06-2018 00:00,7806.4,6859.4400000000005,-946.9599999999991,946.9599999999991,896733.2415999983,12.130559540889516,32.0,0.0,2673.0,6763.5,0.2832618025751073,52.8,1002.9
1315,43,knn,loso,Yanbu - RCJY,23.98655,38.20451,01-01-2019 00:00,4003.2,3959.94,-43.25999999999976,43.25999999999976,1871.4275999999795,1.0806354916067087,22.5,0.0,1845.6,3937.3,0.31914783240242783,52.7,1014.3
1316,43,knn,loso,Yanbu - RCJY,23.98655,38.20451,01-02-2019 00:00,5492.9,5707.9400000000005,215.04000000000087,215.04000000000087,46242.20160000038,3.9148719255766697,22.8,0.0,2272.0,5237.1,0.30256621965348707,42.4,1013.4
1317,43,knn,loso,Yanbu - RCJY,23.98655,38.20451,01-03-2019 00:00,6508.9,5505.379999999999,-1003.5200000000004,1003.5200000000004,1007052.3904000008,15.417658897816844,23.0,0.0,2012.5,6677.6,0.23158536725699358,44.1,1012.0
1318,43,knn,loso,Yanbu - RCJY,23.98655,38.20451,01-04-2019 00:00,6712.6,6581.44,-131.16000000000076,131.16000000000076,17202.9456000002,1.9539373715103052,26.3,0.0,2464.4,5801.4,0.29814416027486756,44.9,1009.1
1319,43,knn,loso,Yanbu - RCJY,23.98655,38.20451,01-10-2021 00:00,5533.9,4861.0,-672.8999999999996,672.8999999999996,452794.4099999995,12.159598113446208,29.6,0.0,1817.2,5649.4,0.24337717301047332,64.9,1008.4
