record_id,fold,model_name,cv_strategy,station_name,latitude,longitude,date,actual_ghi,predicted_ghi,residual_error,absolute_error,squared_error,relative_error_pct,air_temperature_c,wind_speed_m_s,dhi_wh_m2,dni_wh_m2,diffuse_fraction,relative_humidity_pct,barometric_pressure_mb
1214,1,lr,loso,Afif - TVTC,23.92118,42.94815,01-01-2017 00:00,4723.7,4798.037069504566,74.33706950456599,74.33706950456599,5525.999902526674,1.5737042891073942,17.4,4.3,1542.9,5834.3,0.20914439082578756,32.4,898.9
1215,1,lr,loso,Afif - TVTC,23.92118,42.94815,01-02-2017 00:00,4872.1,4664.69455364014,-207.40544635986043,207.40544635986043,43017.019179732946,4.257003065615657,14.3,4.5,2397.0,3992.9,0.3751232413652796,39.3,898.9
1216,1,lr,loso,Afif - TVTC,23.92118,42.94815,01-03-2017 00:00,5521.8,5466.496148091658,-55.30385190834204,55.30385190834204,3058.5160358998273,1.0015547812007324,21.7,4.7,2974.0,3598.1,0.45251898175621186,36.2,895.0
1217,1,lr,loso,Afif - TVTC,23.92118,42.94815,01-04-2017 00:00,6322.8,6416.851897845468,94.05189784546747,94.05189784546747,8845.759488334248,1.4875039198688471,27.9,5.0,3415.9,3770.1,0.47535485666573896,20.6,896.1
1218,1,lr,loso,Afif - TVTC,23.92118,42.94815,01-05-2017 00:00,6918.2,7065.256184449062,147.05618444906213,147.05618444906213,21625.521384716583,2.125642283383859,31.0,3.5,3460.3,4369.2,0.44195670221597805,21.4,894.7
1219,1,lr,loso,Afif - TVTC,23.92118,42.94815,01-06-2017 00:00,7910.8,7882.45558876707,-28.344411232929815,28.344411232929815,803.4056481414378,0.358300187502273,34.5,3.8,2742.9,6769.5,0.2883499432319919,8.7,891.7
1220,1,lr,loso,Afif - TVTC,23.92118,42.94815,01-09-2017 00:00,6954.4,6921.8467236282795,-32.55327637172013,32.55327637172013,1059.715802533592,0.4680961171592104,31.6,3.1,2286.2,6573.0,0.2580594184576485,10.0,894.3
1221,1,lr,loso,Afif - TVTC,23.92118,42.94815,01-10-2017 00:00,6326.5,6483.621328440989,157.1213284409887,157.1213284409887,24687.111851061043,2.483542692499624,27.5,3.8,1532.0,7682.0,0.1662687215107445,13.0,897.3
1222,1,lr,loso,Afif - TVTC,23.92118,42.94815,01-11-2017 00:00,4973.7,5169.442920978711,195.74292097871148,195.74292097871148,38315.29111327809,3.9355594623461707,21.4,4.3,1611.6,5986.5,0.21210565799344572,32.7,898.5
1223,1,lr,loso,Afif - TVTC,23.92118,42.94815,01-03-2018 00:00,6556.4,6608.514305904492,52.11430590449254,52.11430590449254,2715.900879907026,0.7948615994218252,24.7,4.3,2421.9,6007.3,0.28732264034546573,25.7,896.8
1224,1,lr,loso,Afif - TVTC,23.92118,42.94815,01-04-2018 00:00,6654.2,6728.690383315818,74.49038331581778,74.49038331581778,5548.817206537464,1.1194491195909018,24.7,4.9,3076.3,4729.0,0.3941296298668853,35.1,894.3
1225,1,lr,loso,Afif - TVTC,23.92118,42.94815,01-05-2018 00:00,7499.6,7621.743740803715,122.14374080371454,122.14374080371454,14919.093417524999,1.6286700731200934,30.7,4.3,3497.6,5083.6,0.4075886822355847,19.1,893.8
1226,1,lr,loso,Afif - TVTC,23.92118,42.94815,01-06-2018 00:00,7850.1,7945.6100838589955,95.51008385899513,95.51008385899513,9122.176118752282,1.2166734673315642,34.3,3.4,3047.3,6214.8,0.3290074605111152,12.1,891.7
1227,1,lr,loso,Afif - TVTC,23.92118,42.94815,01-07-2018 00:00,7727.5,7719.929345113498,-7.57065488650187,7.57065488650187,57.31481541051465,0.0979702994047476,34.1,3.4,2838.8,6323.6,0.30983148520038417,13.2,890.2
1228,1,lr,loso,Afif - TVTC,23.92118,42.94815,01-08-2018 00:00,7555.9,7372.771066158742,-183.128933841258,183.128933841258,33536.20640983585,2.423654810694398,34.2,3.0,2169.3,7267.0,0.2298888335470471,13.2,890.9
1229,1,lr,loso,Afif - TVTC,23.92118,42.94815,01-09-2018 00:00,6637.8,6583.101568267695,-54.698431732304925,54.698431732304925,2991.9184339736225,0.8240445890551827,33.8,3.3,2582.3,5525.6,0.3184918412905931,13.6,894.3
1230,1,lr,loso,Afif - TVTC,23.92118,42.94815,01-10-2018 00:00,5498.5,5619.670296996029,121.17029699602881,121.17029699602881,14682.240874105828,2.2036973173779906,26.4,3.9,1913.0,5582.8,0.25520958403372557,33.6,898.2
1231,1,lr,loso,Afif - TVTC,23.92118,42.94815,01-11-2018 00:00,4236.3,4264.130887685547,27.830887685547168,27.830887685547168,774.558309365541,0.6569621529529818,20.0,4.2,1777.1,4318.1,0.2915572909830686,60.4,898.4
1232,1,lr,loso,Afif - TVTC,23.92118,42.94815,01-12-2018 00:00,4387.7,4619.929154801246,232.2291548012463,232.2291548012463,53930.380339701216,5.29273092511444,18.5,4.2,1505.2,5596.8,0.21194029850746268,45.7,899.6
1233,1,lr,loso,Afif - TVTC,23.92118,42.94815,01-01-2019 00:00,4414.1,4412.5363206890315,-1.563679310968837,1.563679310968837,2.4450929875519765,0.035424646269201804,18.4,4.6,2204.3,3976.2,0.35665399239543727,40.4,899.2
1234,1,lr,loso,Afif - TVTC,23.92118,42.94815,01-02-2019 00:00,5097.9,5119.659280502679,21.759280502679758,21.759280502679758,473.4662879942995,0.4268283117103074,17.9,4.7,2182.2,4812.9,0.31196123000385984,41.5,898.0
1235,1,lr,loso,Afif - TVTC,23.92118,42.94815,01-03-2019 00:00,6589.6,6615.458942403782,25.85894240378184,25.85894240378184,668.6849022421064,0.39242051723597543,20.0,4.4,2364.1,6282.7,0.2734075033538419,26.4,896.3
1236,1,lr,loso,Afif - TVTC,23.92118,42.94815,01-04-2019 00:00,7156.5,7143.748549537786,-12.751450462214052,12.751450462214052,162.59948889029897,0.17817998270403201,24.4,4.0,2643.4,6163.0,0.3001680595930233,28.6,895.4
1237,1,lr,loso,Afif - TVTC,23.92118,42.94815,01-05-2019 00:00,6958.5,6916.138542194676,-42.36145780532388,42.36145780532388,1794.4931073922355,0.6087728361762431,30.0,3.6,2892.2,5191.5,0.3577817088709378,26.4,894.9
1238,1,lr,loso,Afif - TVTC,23.92118,42.94815,01-06-2019 00:00,7610.3,7668.53419455352,58.234194553519956,58.234194553519956,3391.2214152972133,0.7652023514647248,35.1,3.4,2739.2,6325.8,0.30217319360176503,13.3,892.4
1239,1,lr,loso,Afif - TVTC,23.92118,42.94815,01-07-2019 00:00,7836.3,8107.609392597623,271.3093925976227,271.3093925976227,73608.78651169098,3.4622129397499166,35.4,3.3,2634.9,6860.6,0.2774893370543942,12.2,889.8
1240,1,lr,loso,Afif - TVTC,23.92118,42.94815,01-08-2019 00:00,7641.6,7506.648386122231,-134.95161387776898,134.95161387776898,18211.938088214447,1.7660125350419935,34.3,3.3,2137.6,7414.8,0.22377622377622378,13.5,891.2
1241,1,lr,loso,Afif - TVTC,23.92118,42.94815,01-09-2019 00:00,6736.4,6723.187509580669,-13.212490419330607,13.212490419330607,174.56990308090306,0.19613577607224342,33.6,3.5,2220.0,6283.9,0.2610566916356025,14.2,893.4
1242,1,lr,loso,Afif - TVTC,23.92118,42.94815,01-10-2019 00:00,5849.9,5985.401944450429,135.50194445042962,135.50194445042962,18360.776949847314,2.316312149787682,29.1,3.2,1861.0,6245.0,0.22958302491981247,21.6,896.5
1243,1,lr,loso,Afif - TVTC,23.92118,42.94815,01-11-2019 00:00,4843.5,4973.879260327553,130.3792603275533,130.3792603275533,16998.751523559917,2.6918397920419803,21.8,4.5,1732.7,5494.2,0.23975701891544093,39.2,898.0
1244,1,lr,loso,Afif - TVTC,23.92118,42.94815,01-12-2019 00:00,4592.8,4893.3816624833635,300.5816624833633,300.5816624833633,90349.33582126253,6.544627732175651,18.3,4.1,1308.8,6414.6,0.16945904653390992,38.5,898.7
1245,1,lr,loso,Afif - TVTC,23.92118,42.94815,01-01-2020 00:00,5030.2,5425.171916332494,394.9719163324944,394.9719163324944,156002.81469136296,7.852012173124217,14.3,3.7,1246.2,7255.0,0.14659106949607115,36.0,899.4
1246,1,lr,loso,Afif - TVTC,23.92118,42.94815,01-02-2020 00:00,5601.3,5673.199851700896,71.89985170089585,71.89985170089585,5169.588674610816,1.283627938173207,18.6,4.4,2050.5,5828.9,0.2602355509302739,30.9,898.8
1247,1,lr,loso,Afif - TVTC,23.92118,42.94815,01-03-2020 00:00,6705.5,6749.64435474663,44.14435474662969,44.14435474662969,1948.724055996287,0.6583305457703331,21.7,4.2,2476.1,6175.9,0.2861881645862228,22.1,895.8
1248,1,lr,loso,Afif - TVTC,23.92118,42.94815,01-04-2020 00:00,7324.1,7402.7157747814335,78.61577478143317,78.61577478143317,6180.440044485024,1.0733847814944248,26.4,4.0,2808.9,6139.0,0.3139172319762179,27.2,894.6
1249,1,lr,loso,Afif - TVTC,23.92118,42.94815,01-05-2020 00:00,7113.0,7305.491523642878,192.49152364287784,192.49152364287784,37052.986674356594,2.7061932186542648,31.2,4.0,3419.7,4699.0,0.4212127557367559,20.2,894.9
1250,1,lr,loso,Afif - TVTC,23.92118,42.94815,01-09-2020 00:00,6862.5,6884.8304529054385,22.330452905438506,22.330452905438506,498.649126962007,0.32539822084427694,32.1,2.9,2037.5,6866.3,0.2288348794896561,12.9,893.9
1251,1,lr,loso,Afif - TVTC,23.92118,42.94815,01-10-2020 00:00,6419.3,6689.53126490044,270.2312649004398,270.2312649004398,73024.93652969165,4.209668731800037,25.8,2.7,1220.8,8472.9,0.1259374645388242,14.6,898.2
1252,1,lr,loso,Afif - TVTC,23.92118,42.94815,01-11-2020 00:00,5000.4,5430.30286830254,429.9028683025408,429.9028683025408,184816.47617475176,8.597369576484699,22.5,4.7,1439.3,6489.2,0.18153496878350256,33.5,898.3
1253,1,lr,loso,Afif - TVTC,23.92118,42.94815,01-12-2020 00:00,4332.4,4460.904138470731,128.50413847073105,128.50413847073105,16513.31360410482,2.9661189749499366,18.0,4.6,1616.9,5196.0,0.23732918434146988,43.7,899.3
1254,1,lr,loso,Afif - TVTC,23.92118,42.94815,01-01-2021 00:00,4835.5,4959.029234636278,123.52923463627758,123.52923463627758,15259.47180982452,2.5546320884350653,16.9,4.6,1669.7,5767.6,0.2245035160609361,38.5,899.6
1255,1,lr,loso,Afif - TVTC,23.92118,42.94815,01-02-2021 00:00,5430.2,5669.8045690420295,239.60456904202965,239.60456904202965,57410.349505816754,4.412444643696912,18.4,5.0,2034.9,5682.9,0.2636632200886263,37.3,898.3
1256,1,lr,loso,Afif - TVTC,23.92118,42.94815,01-03-2021 00:00,6626.1,6685.398072171562,59.298072171561216,59.298072171561216,3516.2613632636826,0.8949166503910477,24.6,4.6,2908.1,5271.0,0.35555256690833953,20.5,896.4
1257,1,lr,loso,Afif - TVTC,23.92118,42.94815,01-04-2021 00:00,7084.3,7184.122071957076,99.82207195707542,99.82207195707542,9964.446049803544,1.4090604852571944,26.9,3.9,3134.9,5236.5,0.3744773872948372,22.3,896.4
1258,1,lr,loso,Afif - TVTC,23.92118,42.94815,01-05-2021 00:00,8037.0,7997.335837236648,-39.66416276335167,39.66416276335167,1573.2458077176532,0.4935195068228402,32.6,3.2,2602.0,7173.4,0.2661783661026659,12.3,893.4
1259,1,lr,loso,Afif - TVTC,23.92118,42.94815,01-08-2021 00:00,7523.6,7495.877933201475,-27.722066798525702,27.722066798525702,768.512987581921,0.3684681109910907,35.3,3.3,2449.3,6776.8,0.26547511949794605,12.7,891.1
1260,1,lr,loso,Afif - TVTC,23.92118,42.94815,01-09-2021 00:00,6930.7,6954.589114576696,23.889114576696556,23.889114576696556,570.6897952585359,0.3446854513497418,32.7,3.3,2300.2,6470.7,0.26225358857129827,13.1,893.2
1261,1,lr,loso,Afif - TVTC,23.92118,42.94815,01-11-2021 00:00,5126.2,5468.844053833279,342.64405383327903,342.64405383327903,117404.94762730302,6.684172561220378,23.0,3.9,1489.8,6500.4,0.18645340542164152,28.5,898.5
1262,1,lr,loso,Afif - TVTC,23.92118,42.94815,01-12-2021 00:00,4333.9,4636.45279921289,302.55279921289,302.55279921289,91538.19631155535,6.9810747643667375,18.2,4.0,1642.5,5185.3,0.24056064911098743,37.5,899.5
1441,2,lr,loso,Al Ahsa - KFU,25.34616,49.5956,01-01-2017 00:00,3707.6,3243.3405766100486,-464.2594233899513,464.2594233899513,215536.81220637003,12.521831464827688,17.0,1.9,1691.9,3758.5,0.3104175840305299,37.9,1000.6
1442,2,lr,loso,Al Ahsa - KFU,25.34616,49.5956,01-02-2017 00:00,3725.0,3193.881572435678,-531.1184275643218,531.1184275643218,282086.7840983977,14.258212820518706,15.4,1.8,2081.7,2698.7,0.4354656514099238,44.8,1001.4
1443,2,lr,loso,Al Ahsa - KFU,25.34616,49.5956,01-03-2017 00:00,4575.6,4357.449700396244,-218.15029960375614,218.15029960375614,47589.553217208566,4.767687289180788,22.3,1.6,2750.5,2633.0,0.5109129748305006,40.7,995.9
1444,2,lr,loso,Al Ahsa - KFU,25.34616,49.5956,01-04-2017 00:00,6136.1,6065.190402736982,-70.90959726301844,70.90959726301844,5028.170984003473,1.1556134558272915,30.0,2.0,3259.5,3821.9,0.4602903380687435,21.6,993.7
1445,2,lr,loso,Al Ahsa - KFU,25.34616,49.5956,01-09-2017 00:00,6667.4,6544.9747416084565,-122.42525839154314,122.42525839154314,14987.943892236104,1.8361768964145417,35.7,1.2,2166.1,6297.6,0.2559282583267365,29.6,988.3
1446,2,lr,loso,Al Ahsa - KFU,25.34616,49.5956,01-11-2017 00:00,4347.2,4333.004642904417,-14.19535709558295,14.19535709558295,201.50816307111717,0.32654023499224677,23.7,1.4,1673.0,4803.4,0.25832252485948987,37.8,998.8
1447,2,lr,loso,Al Ahsa - KFU,25.34616,49.5956,01-12-2017 00:00,4260.2,4343.799519580771,83.5995195807709,83.5995195807709,6988.879674135697,1.9623379085669899,17.8,1.6,1195.7,6085.2,0.16422420305182053,31.2,1002.5
1448,2,lr,loso,Al Ahsa - KFU,25.34616,49.5956,01-03-2019 00:00,5956.1,5703.692095995466,-252.40790400453443,252.40790400453443,63709.75000396227,4.237805006707987,21.4,1.9,2431.1,5091.9,0.32315565598830254,34.6,996.9
1449,2,lr,loso,Al Ahsa - KFU,25.34616,49.5956,01-05-2019 00:00,5879.3,5791.287599965295,-88.01240003470502,88.01240003470502,7746.182559868945,1.4969877372256055,34.3,1.7,3126.1,3401.6,0.47889762090782356,18.6,990.6
1450,2,lr,loso,Al Ahsa - KFU,25.34616,49.5956,01-07-2019 00:00,7450.6,7322.390344594437,-128.20965540556335,128.20965540556335,16437.7157392133,1.720796384258494,38.8,2.0,2768.7,5921.1,0.3186149278464407,14.9,981.1
1451,2,lr,loso,Al Ahsa - KFU,25.34616,49.5956,01-08-2019 00:00,7203.9,7130.651322761307,-73.24867723869284,73.24867723869284,5365.368717218198,1.0167919771053575,38.7,1.9,2596.3,6001.1,0.30198664712587525,17.0,982.8
1452,2,lr,loso,Al Ahsa - KFU,25.34616,49.5956,01-11-2019 00:00,4107.6,3957.2738492792223,-150.32615072077806,150.32615072077806,22597.95159052608,3.659707632699826,23.3,1.4,1743.9,4166.4,0.29506116440789815,43.8,999.0
1453,2,lr,loso,Al Ahsa - KFU,25.34616,49.5956,01-02-2020 00:00,4940.6,4650.630433117798,-289.96956688220234,289.96956688220234,84082.34971785202,5.869116440962683,19.1,1.4,1896.0,4985.1,0.2755373414134368,32.7,1000.7
1454,2,lr,loso,Al Ahsa - KFU,25.34616,49.5956,01-09-2020 00:00,6638.8,6498.8560038235955,-139.94399617640465,139.94399617640465,19584.32206582156,2.1079712625234177,36.1,1.2,1902.2,6615.8,0.22331533223761446,21.4,987.9
1455,2,lr,loso,Al Ahsa - KFU,25.34616,49.5956,01-11-2020 00:00,4461.1,4550.454654952971,89.35465495297103,89.35465495297103,7984.254361764511,2.002973592902446,24.4,0.0,1402.9,5489.3,0.20354893938074925,41.6,999.1
1456,2,lr,loso,Al Ahsa - KFU,25.34616,49.5956,01-04-2021 00:00,6957.6,6739.415049890682,-218.18495010931838,218.18495010931838,47604.67245420575,3.1359225898200296,30.1,0.0,2924.7,5225.1,0.35886770227490244,16.5,993.1
1457,2,lr,loso,Al Ahsa - KFU,25.34616,49.5956,01-07-2021 00:00,7299.4,7287.266462644857,-12.133537355142835,12.133537355142835,147.22272874864657,0.1662265029337046,39.7,0.0,2690.6,5825.2,0.3159538739754339,21.2,980.3
1458,2,lr,loso,Al Ahsa - KFU,25.34616,49.5956,01-10-2021 00:00,5573.0,5543.197534178011,-29.802465821989244,29.802465821989244,888.186969070837,0.5347652219987304,31.2,0.0,1680.5,6010.6,0.21849930439078935,31.4,993.7
765,3,lr,loso,Al Baha - University,20.1794,41.6357,01-01-2017 00:00,5018.8,5124.552641953052,105.75264195305226,105.75264195305226,11183.621280050469,2.10713003014769,18.5,2.5,1128.1,6915.1,0.1402551223393674,39.0,836.3
766,3,lr,loso,Al Baha - University,20.1794,41.6357,01-02-2017 00:00,5049.4,4918.604713083151,-130.79528691684845,130.79528691684845,17107.40707966071,2.5903134415346076,16.5,3.2,2030.9,4829.5,0.296032301323538,48.5,835.0
767,3,lr,loso,Al Baha - University,20.1794,41.6357,01-03-2018 00:00,6968.5,6722.722029430904,-245.7779705690964,245.7779705690964,60406.81081706361,3.5269852991188406,21.2,2.6,1712.1,7597.9,0.18389903329752952,29.4,834.9
768,3,lr,loso,Al Baha - University,20.1794,41.6357,01-04-2018 00:00,6852.4,6540.7357552564235,-311.6642447435761,311.6642447435761,97134.6014515837,4.548249441707666,21.6,3.3,2345.7,6034.2,0.27991980811226863,42.2,833.6
769,3,lr,loso,Al Baha - University,20.1794,41.6357,01-05-2018 00:00,7144.1,6850.0899900527165,-294.01000994728383,294.01000994728383,86441.88594920194,4.115424055476321,26.5,2.8,2678.3,5692.9,0.31994218272171254,24.2,833.6
770,3,lr,loso,Al Baha - University,20.1794,41.6357,01-06-2018 00:00,6996.7,7120.089306155061,123.3893061550616,123.3893061550616,15224.920873427523,1.7635357547852788,29.3,2.8,3295.4,4686.4,0.41286426620561784,17.9,832.4
771,3,lr,loso,Al Baha - University,20.1794,41.6357,01-07-2018 00:00,6665.0,6555.474491132555,-109.52550886744484,109.52550886744484,11995.837092672738,1.6432934563757666,28.6,3.1,3105.6,4438.7,0.4116485293532866,21.9,831.6
772,3,lr,loso,Al Baha - University,20.1794,41.6357,01-08-2018 00:00,6590.6,6311.829233436105,-278.77076656389545,278.77076656389545,77713.14029062189,4.229823787878121,28.9,3.1,2628.8,5055.4,0.34210457822544965,23.4,831.9
773,3,lr,loso,Al Baha - University,20.1794,41.6357,01-03-2019 00:00,6846.4,6537.312002173237,-309.08799782676306,309.08799782676306,95535.39040055708,4.5146061846629335,19.5,0.0,1944.9,7084.3,0.21540114295840163,35.4,834.0
774,3,lr,loso,Al Baha - University,20.1794,41.6357,01-04-2019 00:00,6864.9,6583.754138447744,-281.14586155225606,281.14586155225606,79042.99546796034,4.0954108807448915,22.5,0.0,2381.3,5975.5,0.2849535707447827,40.4,834.1
775,3,lr,loso,Al Baha - University,20.1794,41.6357,01-05-2019 00:00,5895.8,5641.807826946376,-253.99217305362436,253.99217305362436,64512.02397250226,4.308018810909874,24.1,0.0,2730.5,4082.4,0.4007838071893027,34.4,834.7
776,3,lr,loso,Al Baha - University,20.1794,41.6357,01-06-2019 00:00,6252.5,5981.492375608643,-271.00762439135724,271.00762439135724,73445.13247824697,4.3343882349677285,29.1,0.0,2752.9,4397.7,0.38498867227924927,18.4,833.2
777,3,lr,loso,Al Baha - University,20.1794,41.6357,01-07-2019 00:00,6914.6,6669.9125790352,-244.68742096480037,244.68742096480037,59871.933978405425,3.5387068082723565,29.9,0.0,2950.1,4929.2,0.37441143248765757,16.4,831.3
778,3,lr,loso,Al Baha - University,20.1794,41.6357,01-08-2019 00:00,6362.0,6100.498413339781,-261.5015866602189,261.5015866602189,68383.07982581198,4.1103675991860875,27.8,0.0,2624.2,4751.7,0.3557803115552,28.3,832.4
779,3,lr,loso,Al Baha - University,20.1794,41.6357,01-09-2019 00:00,6709.8,6474.679796010612,-235.12020398938785,235.12020398938785,55281.51032401135,3.504131330134845,28.4,0.0,2286.3,6008.3,0.2756371615267765,17.1,833.5
780,3,lr,loso,Al Baha - University,20.1794,41.6357,01-10-2019 00:00,6017.5,5849.065141643809,-168.4348583561914,168.4348583561914,28370.30150947026,2.7990836453043855,23.9,0.0,1698.9,6532.6,0.2063900868614469,27.1,835.5
781,3,lr,loso,Al Baha - University,20.1794,41.6357,01-11-2019 00:00,4554.2,4461.4753556781925,-92.72464432180732,92.72464432180732,8597.859664605674,2.036024863242882,19.3,0.0,1546.0,5047.1,0.2344875703386874,47.2,835.2
782,3,lr,loso,Al Baha - University,20.1794,41.6357,01-12-2019 00:00,4915.2,5127.822619302251,212.62261930225122,212.62261930225122,45208.378238950056,4.325818263799057,17.2,0.0,1302.9,6612.5,0.16460317861384138,49.4,835.6
783,3,lr,loso,Al Baha - University,20.1794,41.6357,01-01-2020 00:00,5450.1,5825.396509121144,375.2965091211436,375.2965091211436,140847.4697585166,6.886048129780069,15.2,0.4,1087.9,7888.5,0.12119557951962927,41.3,835.8
784,3,lr,loso,Al Baha - University,20.1794,41.6357,01-02-2020 00:00,5930.5,5981.00474800207,50.5047480020703,50.5047480020703,2550.729570752624,0.8516102858455493,18.2,3.3,1902.6,6379.0,0.2297382148377125,39.4,835.8
785,3,lr,loso,Al Baha - University,20.1794,41.6357,01-03-2020 00:00,6950.0,6762.942551701821,-187.05744829817922,187.05744829817922,34990.48896382599,2.6914740762327947,20.2,3.1,2099.5,6879.2,0.23383117823292904,34.0,833.9
786,3,lr,loso,Al Baha - University,20.1794,41.6357,01-04-2020 00:00,6931.5,6794.414022457796,-137.0859775422041,137.0859775422041,18792.565238701685,1.9777245551785918,22.8,3.0,2117.6,6560.4,0.24401935929937774,37.2,834.1
787,3,lr,loso,Al Baha - University,20.1794,41.6357,01-09-2020 00:00,6908.0,6672.437112255031,-235.56288774496898,235.56288774496898,55489.87408274886,3.4100012701935287,27.6,2.6,2028.7,6740.8,0.23133588003877076,16.0,833.4
788,3,lr,loso,Al Baha - University,20.1794,41.6357,01-10-2020 00:00,6661.9,6608.354200223513,-53.545799776487,53.545799776487,2867.1526737036356,0.8037616862529758,22.9,2.5,1150.5,8582.6,0.11820488847335381,15.4,835.9
789,3,lr,loso,Al Baha - University,20.1794,41.6357,01-11-2020 00:00,5160.2,5352.322166632394,192.1221666323945,192.1221666323945,36910.92691152556,3.7231534946783946,20.3,2.1,1240.5,6777.1,0.15472211135501895,38.4,836.0
790,3,lr,loso,Al Baha - University,20.1794,41.6357,01-12-2020 00:00,5136.3,5528.9375821806425,392.6375821806423,392.6375821806423,154164.27094066064,7.644366220443555,17.7,2.2,1066.2,7527.1,0.12407340602562461,43.2,836.0
791,3,lr,loso,Al Baha - University,20.1794,41.6357,01-01-2021 00:00,5303.7,5551.8411030989455,248.14110309894568,248.14110309894568,61574.00704716159,4.67864138429673,16.4,2.3,1257.3,7177.5,0.14906103286384978,37.8,835.7
792,3,lr,loso,Al Baha - University,20.1794,41.6357,01-02-2021 00:00,5788.4,5737.928451934348,-50.471548065651405,50.471548065651405,2547.37716414336,0.8719429905613193,17.6,3.2,1576.4,6719.2,0.19002844881623993,39.8,834.9
793,3,lr,loso,Al Baha - University,20.1794,41.6357,01-09-2021 00:00,6325.3,6117.791351140968,-207.5086488590323,207.5086488590323,43059.83935130116,3.2806135496977578,27.8,2.7,2401.5,5279.2,0.312666814222662,18.5,833.0
794,3,lr,loso,Al Baha - University,20.1794,41.6357,01-10-2021 00:00,6161.8,6008.367917046685,-153.43208295331533,153.43208295331533,23541.404079393036,2.4900529545476213,24.0,2.8,1513.4,7088.0,0.17594810147185344,21.0,835.9
795,3,lr,loso,Al Baha - University,20.1794,41.6357,01-11-2021 00:00,5526.5,5647.6461388753005,121.1461388753005,121.1461388753005,14676.386964393594,2.1920951574287613,20.3,2.2,1123.8,7609.0,0.1286872480762184,30.8,836.0
796,3,lr,loso,Al Baha - University,20.1794,41.6357,01-12-2021 00:00,5053.8,5383.018093011813,329.2180930118129,329.2180930118129,108384.5527663347,6.514268332973463,17.6,2.4,989.7,7569.3,0.11563266736768314,35.9,836.1
972,4,lr,loso,Al Dawadmi - TVTC,24.5569,44.47411,01-03-2017 00:00,5246.1,5143.067352899617,-103.03264710038366,103.03264710038366,10615.726368512196,1.9639855721466166,21.4,3.4,3019.8,3091.2,0.4941580756013746,39.7,906.1
973,4,lr,loso,Al Dawadmi - TVTC,24.5569,44.47411,01-04-2017 00:00,6383.9,6540.218431128477,156.31843112847764,156.31843112847764,24435.451910468608,2.4486353346461827,27.9,3.2,3282.7,4047.5,0.44783225560012,22.1,907.1
974,4,lr,loso,Al Dawadmi - TVTC,24.5569,44.47411,01-05-2017 00:00,6876.5,7124.670925388124,248.17092538812358,248.17092538812358,61588.8082079976,3.6089715027721017,32.4,3.0,3718.9,3915.8,0.48710492881187206,19.0,905.0
975,4,lr,loso,Al Dawadmi - TVTC,24.5569,44.47411,01-06-2017 00:00,8289.8,8277.349319769208,-12.450680230791477,12.450680230791477,155.0194382094217,0.15019276979892732,34.8,3.1,2772.7,7222.0,0.277417031026444,9.3,902.3
976,4,lr,loso,Al Dawadmi - TVTC,24.5569,44.47411,01-09-2017 00:00,6916.9,6875.698752402264,-41.201247597735346,41.201247597735346,1697.5428036098926,0.5956605935857877,32.6,2.6,2270.6,6564.4,0.25700056593095644,9.9,904.8
977,4,lr,loso,Al Dawadmi - TVTC,24.5569,44.47411,01-10-2017 00:00,6216.5,6327.7310186704935,111.23101867049354,111.23101867049354,12372.339514475683,1.789286876385322,28.2,2.6,1625.7,7341.2,0.1813001148668994,13.5,907.8
978,4,lr,loso,Al Dawadmi - TVTC,24.5569,44.47411,01-11-2017 00:00,4804.6,4918.5144723105695,113.91447231056918,113.91447231056918,12976.507001795433,2.370946016537676,21.2,2.6,1679.9,5576.3,0.23151236184228657,35.9,909.7
979,4,lr,loso,Al Dawadmi - TVTC,24.5569,44.47411,01-03-2018 00:00,6327.1,6315.562151951226,-11.537848048774322,11.537848048774322,133.12193759660542,0.182356024857744,24.4,3.0,2484.1,5572.4,0.3083348848755663,24.9,907.6
980,4,lr,loso,Al Dawadmi - TVTC,24.5569,44.47411,01-04-2018 00:00,6297.0,6330.7338965344425,33.733896534442465,33.733896534442465,1137.9757753964693,0.5357137769484273,24.7,3.4,3284.9,3896.5,0.4574177736931518,36.6,905.0
981,4,lr,loso,Al Dawadmi - TVTC,24.5569,44.47411,01-05-2018 00:00,7142.7,7224.63896530831,81.93896530830989,81.93896530830989,6713.9940357964115,1.1471707520728842,30.5,3.3,3567.3,4445.4,0.4452057358942679,21.3,904.4
982,4,lr,loso,Al Dawadmi - TVTC,24.5569,44.47411,01-06-2018 00:00,7910.4,7824.875379095248,-85.52462090475183,85.52462090475183,7314.460780901513,1.0811668298031936,34.7,2.9,2829.1,6525.5,0.302428751630214,12.7,901.8
983,4,lr,loso,Al Dawadmi - TVTC,24.5569,44.47411,01-07-2018 00:00,7785.4,7743.738913442542,-41.661086557457566,41.661086557457566,1735.6461331479716,0.5351181256898498,34.9,3.2,2828.1,6413.4,0.3060217497159552,12.0,899.9
984,4,lr,loso,Al Dawadmi - TVTC,24.5569,44.47411,01-08-2018 00:00,7539.1,7434.396538566714,-104.70346143328607,104.70346143328607,10962.814836111622,1.3888058446404221,34.3,2.9,2127.4,7341.5,0.22467234842484346,13.3,901.1
985,4,lr,loso,Al Dawadmi - TVTC,24.5569,44.47411,01-09-2018 00:00,6587.5,6548.937597489199,-38.562402510800894,38.562402510800894,1487.0588874050231,0.5853875143954594,34.1,2.7,2459.7,5713.5,0.3009469975040376,12.7,904.7
986,4,lr,loso,Al Dawadmi - TVTC,24.5569,44.47411,01-10-2018 00:00,5241.8,5327.712414120096,85.91241412009549,85.91241412009549,7380.942899942783,1.638986877028797,26.4,2.6,1941.9,5145.4,0.27399714983138856,33.2,909.2
987,4,lr,loso,Al Dawadmi - TVTC,24.5569,44.47411,01-11-2018 00:00,3903.4,3775.536406155206,-127.8635938447942,127.8635938447942,16349.098630906492,3.2756979516522566,19.1,2.5,1894.2,3530.8,0.34916129032258064,68.3,909.7
988,4,lr,loso,Al Dawadmi - TVTC,24.5569,44.47411,01-12-2018 00:00,4189.0,4225.004683104379,36.00468310437918,36.00468310437918,1296.3372054467677,0.8595054453181948,17.3,2.8,1538.3,5117.0,0.23113909215211936,51.3,910.8
989,4,lr,loso,Al Dawadmi - TVTC,24.5569,44.47411,01-01-2019 00:00,4230.9,4069.224983335367,-161.6750166646325,161.6750166646325,26138.811013509196,3.821291372157993,17.2,3.3,2265.2,3549.2,0.3895844799119428,40.5,910.2
990,4,lr,loso,Al Dawadmi - TVTC,24.5569,44.47411,01-02-2019 00:00,4990.8,4912.6530416461555,-78.14695835384464,78.14695835384464,6106.947099957529,1.565820276385442,16.6,1.2,2211.8,4629.8,0.3232869504209542,44.5,909.2
991,4,lr,loso,Al Dawadmi - TVTC,24.5569,44.47411,01-03-2019 00:00,6375.6,6355.6068062544655,-19.99319374553488,19.99319374553488,399.7277961464951,0.3135892111414593,19.4,2.2,2453.7,5810.6,0.2969035489999153,27.7,907.1
992,4,lr,loso,Al Dawadmi - TVTC,24.5569,44.47411,01-04-2019 00:00,6715.8,6724.649780620317,8.849780620316778,8.849780620316778,78.31861702773442,0.13177552369511863,23.9,0.0,2811.0,5298.9,0.346613398438945,30.4,906.2
993,4,lr,loso,Al Dawadmi - TVTC,24.5569,44.47411,01-05-2019 00:00,6851.1,6843.515281787101,-7.5847182128991335,7.5847182128991335,57.527950369083825,0.11070803539430357,30.5,0.0,2928.4,5014.1,0.3687000314762355,24.5,905.4
994,4,lr,loso,Al Dawadmi - TVTC,24.5569,44.47411,01-06-2019 00:00,7720.3,7809.1585355427005,88.85853554270034,88.85853554270034,7895.839338793339,1.150972572862458,35.5,0.0,2823.5,6364.0,0.30731972789115647,12.4,902.6
995,4,lr,loso,Al Dawadmi - TVTC,24.5569,44.47411,01-07-2019 00:00,7893.1,7786.964907956354,-106.13509204364618,106.13509204364618,11264.657763113248,1.3446566246930378,35.6,0.0,2362.3,7327.5,0.24379244153646107,11.8,899.9
996,4,lr,loso,Al Dawadmi - TVTC,24.5569,44.47411,01-08-2019 00:00,7492.7,7374.024293669964,-118.67570633003561,118.67570633003561,14083.923272932854,1.5838843985483952,34.7,0.0,2126.7,7272.2,0.22627115939099254,12.5,901.3
997,4,lr,loso,Al Dawadmi - TVTC,24.5569,44.47411,01-09-2019 00:00,6612.8,6663.685638826225,50.88563882622475,50.88563882622475,2589.3482387529916,0.7695021598449181,33.6,0.0,2180.7,6265.0,0.2582023988538546,14.3,904.0
998,4,lr,loso,Al Dawadmi - TVTC,24.5569,44.47411,01-10-2019 00:00,5699.9,5866.765206733413,166.8652067334133,166.8652067334133,27843.997218184755,2.9275111270972,28.9,0.0,1730.5,6196.8,0.2182962673293555,22.4,907.6
999,4,lr,loso,Al Dawadmi - TVTC,24.5569,44.47411,01-11-2019 00:00,4333.7,4374.682567277711,40.982567277711496,40.982567277711496,1679.570820672149,0.9456715342019867,20.7,0.0,1715.3,4642.1,0.2698115581841633,42.7,909.3
1000,4,lr,loso,Al Dawadmi - TVTC,24.5569,44.47411,01-12-2019 00:00,4303.7,4482.208741390972,178.50874139097232,178.50874139097232,31865.370752989034,4.147797044193887,17.0,0.0,1231.7,6041.3,0.16935239928502682,43.1,909.8
1001,4,lr,loso,Al Dawadmi - TVTC,24.5569,44.47411,01-01-2020 00:00,4790.7,4992.17759311234,201.4775931123404,201.4775931123404,40593.22052634179,4.2055982030254535,13.4,0.4,1199.6,6866.6,0.1487193474002628,38.2,910.5
1002,4,lr,loso,Al Dawadmi - TVTC,24.5569,44.47411,01-02-2020 00:00,5383.8,5389.957091044837,6.157091044837216,6.157091044837216,37.90977013441464,0.11436329441727433,17.8,2.6,2133.3,5392.1,0.2834799479097457,29.3,910.0
1003,4,lr,loso,Al Dawadmi - TVTC,24.5569,44.47411,01-03-2020 00:00,6521.3,6502.236734040134,-19.06326595986593,19.06326595986593,363.4081090565831,0.2923230944729721,21.1,1.7,2573.1,5764.2,0.30862509445503944,23.4,906.8
1004,4,lr,loso,Al Dawadmi - TVTC,24.5569,44.47411,01-04-2020 00:00,6967.3,6913.5187885395835,-53.78121146041667,53.78121146041667,2892.4187061500534,0.7719089383321612,26.2,3.5,2964.8,5243.9,0.3611777747999074,30.7,905.4
1005,4,lr,loso,Al Dawadmi - TVTC,24.5569,44.47411,01-05-2020 00:00,7165.5,7326.504808177527,161.00480817752668,161.00480817752668,25922.548256282163,2.246944500419045,31.2,3.2,3466.1,4717.4,0.4235473819270483,17.5,905.7
1006,4,lr,loso,Al Dawadmi - TVTC,24.5569,44.47411,01-09-2020 00:00,6828.0,6808.910338577809,-19.089661422191057,19.089661422191057,364.4151732138895,0.27957910694480165,32.6,2.5,1985.2,6920.8,0.2229059061306984,13.3,904.4
1007,4,lr,loso,Al Dawadmi - TVTC,24.5569,44.47411,01-10-2020 00:00,6238.0,6427.026264029132,189.0262640291321,189.0262640291321,35730.92849281117,3.0302382819674913,25.7,2.3,1151.0,8358.0,0.12104322221053739,15.1,909.0
1008,4,lr,loso,Al Dawadmi - TVTC,24.5569,44.47411,01-11-2020 00:00,4682.5,4959.520186091642,277.02018609164224,277.02018609164224,76740.1835022481,5.916074449367693,21.6,3.1,1380.8,5990.7,0.1873160143797056,37.2,909.5
1009,4,lr,loso,Al Dawadmi - TVTC,24.5569,44.47411,01-12-2020 00:00,4216.5,4276.395194730827,59.895194730826915,59.895194730826915,3587.4343518436763,1.4204955468001166,16.7,2.9,1559.0,5147.0,0.23247837757232329,48.9,910.8
1010,4,lr,loso,Al Dawadmi - TVTC,24.5569,44.47411,01-01-2021 00:00,4557.2,4612.211173724896,55.01117372489625,55.01117372489625,3026.229234590716,1.2071266067957573,15.8,2.8,1529.9,5629.5,0.21369109143224294,42.0,911.0
1011,4,lr,loso,Al Dawadmi - TVTC,24.5569,44.47411,01-02-2021 00:00,5139.4,5159.640180450126,20.24018045012599,20.24018045012599,409.66490465366235,0.39382380141895923,17.3,3.2,1923.1,5428.2,0.26159998911757104,39.0,909.6
1012,4,lr,loso,Al Dawadmi - TVTC,24.5569,44.47411,01-03-2021 00:00,6455.2,6430.349184677884,-24.850815322115523,24.850815322115523,617.5630221738916,0.384973592175541,23.6,3.5,2873.7,5092.8,0.3607230276784033,21.4,907.4
1013,4,lr,loso,Al Dawadmi - TVTC,24.5569,44.47411,01-04-2021 00:00,6912.2,6933.322481736402,21.122481736401824,21.122481736401824,446.1592347046286,0.3055826182170919,27.0,3.0,3148.5,5005.7,0.3861200363003115,19.1,907.3
1014,4,lr,loso,Al Dawadmi - TVTC,24.5569,44.47411,01-05-2021 00:00,7830.1,7686.006446960084,-144.09355303991651,144.09355303991651,20762.952027667234,1.8402517597465744,32.9,2.7,2637.3,6773.4,0.2802448276961331,11.9,903.8
1015,4,lr,loso,Al Dawadmi - TVTC,24.5569,44.47411,01-07-2021 00:00,7685.7,7744.00526910463,58.3052691046305,58.3052691046305,3399.5044053633796,0.7586201530716851,37.0,3.0,2674.9,6543.7,0.2901633653700128,13.7,898.7
1016,4,lr,loso,Al Dawadmi - TVTC,24.5569,44.47411,01-08-2021 00:00,7560.5,7395.47756685901,-165.02243314098996,165.02243314098996,27232.4034397725,2.182692059268434,35.9,2.8,2255.5,7093.0,0.24126865272503611,11.6,901.4
1017,4,lr,loso,Al Dawadmi - TVTC,24.5569,44.47411,01-09-2021 00:00,6912.3,6881.958907537357,-30.341092462643246,30.341092462643246,920.5818918266668,0.43894351319594416,32.1,2.6,1988.4,7041.3,0.22020665138376688,13.9,903.9
1018,4,lr,loso,Al Dawadmi - TVTC,24.5569,44.47411,01-10-2021 00:00,5993.7,6055.634670072556,61.9346700725564,61.9346700725564,3835.9033569964135,1.0333294971813136,29.2,2.6,1604.3,6955.7,0.1874182242990654,16.6,908.1
1019,4,lr,loso,Al Dawadmi - TVTC,24.5569,44.47411,01-11-2021 00:00,4922.2,5051.333217278831,129.13321727883158,129.13321727883158,16675.387804781927,2.6234857843816095,22.0,0.7,1472.2,6196.1,0.19198518576477186,30.6,909.7
1020,4,lr,loso,Al Dawadmi - TVTC,24.5569,44.47411,01-12-2021 00:00,4105.8,4088.3583929473216,-17.44160705267859,17.44160705267859,304.2096565800476,0.42480410766911664,17.0,0.0,1702.3,4622.7,0.2691383399209486,38.8,910.8
1558,5,lr,loso,Al Dhahran - KFUPM,26.30355,50.14412,01-01-2017 00:00,3555.2,3188.222649016966,-366.97735098303383,366.97735098303383,134672.3761345248,10.322270223420169,17.2,1.8,1555.3,3773.0,0.2918942251750089,67.5,1010.7
1559,5,lr,loso,Al Dhahran - KFUPM,26.30355,50.14412,01-02-2017 00:00,3690.5,3166.1636701809216,-524.3363298190784,524.3363298190784,274928.58676814137,14.207731467797815,15.8,2.0,1718.0,3219.2,0.34797050960058334,65.0,1011.7
1560,5,lr,loso,Al Dhahran - KFUPM,26.30355,50.14412,01-03-2017 00:00,4160.6,3908.7990202931915,-251.8009797068089,251.8009797068089,63403.73338130879,6.052035276325744,21.4,1.6,2312.3,2650.6,0.4659171049184953,63.5,1006.1
1561,5,lr,loso,Al Dhahran - KFUPM,26.30355,50.14412,01-04-2017 00:00,6185.7,6101.634614528964,-84.06538547103537,84.06538547103537,7066.989034393765,1.3590278460163825,28.5,2.2,2751.2,4626.0,0.3729328200401236,42.2,1003.5
1562,5,lr,loso,Al Dhahran - KFUPM,26.30355,50.14412,01-05-2017 00:00,6441.2,6352.997157050277,-88.20284294972316,88.20284294972316,7779.741504413529,1.3693542034050048,34.1,2.2,2953.9,4460.6,0.3983950367523097,32.7,999.1
1563,5,lr,loso,Al Dhahran - KFUPM,26.30355,50.14412,01-06-2017 00:00,7197.4,6882.87027447727,-314.5297255227297,314.5297255227297,98928.94823740367,4.370046482378771,36.5,2.3,1893.0,7104.6,0.21038943718324885,25.8,993.4
1564,5,lr,loso,Al Dhahran - KFUPM,26.30355,50.14412,01-09-2017 00:00,5932.9,5782.505608065588,-150.39439193441194,150.39439193441194,22618.47312532151,2.5349220774732752,34.4,1.4,2000.7,5471.4,0.26775605251535717,58.9,997.7
1565,5,lr,loso,Al Dhahran - KFUPM,26.30355,50.14412,01-10-2017 00:00,5098.4,5013.444940338104,-84.95505966189558,84.95505966189558,7217.362162156237,1.6663082469381685,30.7,1.4,1640.5,5360.6,0.23432032109239975,57.9,1003.4
1566,5,lr,loso,Al Dhahran - KFUPM,26.30355,50.14412,01-11-2017 00:00,3809.0,3731.1976938877738,-77.80230611222623,77.80230611222623,6053.198836380556,2.042591391762306,24.8,1.4,1532.9,4097.3,0.27226386274022235,60.8,1008.5
1567,5,lr,loso,Al Dhahran - KFUPM,26.30355,50.14412,01-12-2017 00:00,3810.2,3769.7043485287227,-40.49565147127714,40.49565147127714,1639.8977880831505,1.062822200180493,18.4,1.9,1158.9,5336.6,0.17841582634131323,56.7,1012.5
1568,5,lr,loso,Al Dhahran - KFUPM,26.30355,50.14412,01-03-2018 00:00,6090.6,5914.464813731423,-176.13518626857694,176.13518626857694,31023.603841866297,2.891918468928791,25.1,1.8,2337.3,5403.5,0.301945535345184,42.0,1005.6
1569,5,lr,loso,Al Dhahran - KFUPM,26.30355,50.14412,01-04-2018 00:00,5518.1,5568.235847803807,50.13584780380643,50.13584780380643,2513.603235006442,0.9085708451062219,27.4,2.1,3215.2,2999.0,0.5173956422387435,44.8,1002.6
1570,5,lr,loso,Al Dhahran - KFUPM,26.30355,50.14412,01-05-2018 00:00,6756.9,6950.735713295521,193.8357132955216,193.8357132955216,37572.28374878365,2.8687077401696284,32.7,1.8,3459.5,4251.6,0.4486389749841138,34.6,999.6
1571,5,lr,loso,Al Dhahran - KFUPM,26.30355,50.14412,01-06-2018 00:00,7695.9,7498.248923027969,-197.65107697203075,197.65107697203075,39065.948228203626,2.5682646210583653,37.6,2.3,2660.0,6458.8,0.2917050489099443,26.5,992.6
1572,5,lr,loso,Al Dhahran - KFUPM,26.30355,50.14412,01-07-2018 00:00,7303.7,7281.257780025212,-22.442219974787804,22.442219974787804,503.6532373967647,0.30727193032008165,38.1,2.1,2822.0,5758.1,0.32890059556415424,30.4,989.4
1573,5,lr,loso,Al Dhahran - KFUPM,26.30355,50.14412,01-08-2018 00:00,7003.3,6881.108777258077,-122.19122274192341,122.19122274192341,14930.694915166341,1.7447663635989237,37.4,2.0,2336.5,6207.6,0.27346355964934865,33.0,991.5
1574,5,lr,loso,Al Dhahran - KFUPM,26.30355,50.14412,01-09-2018 00:00,5998.5,5874.567675346499,-123.93232465350138,123.93232465350138,15359.221094020866,2.066055258039533,35.3,1.4,2182.0,5226.8,0.29451463124932514,57.1,997.6
1575,5,lr,loso,Al Dhahran - KFUPM,26.30355,50.14412,01-10-2018 00:00,4738.8,4638.456231783153,-100.34376821684691,100.34376821684691,10068.871819956295,2.1174932096067973,30.7,1.5,2069.9,4035.2,0.33904440549704346,60.6,1005.2
1576,5,lr,loso,Al Dhahran - KFUPM,26.30355,50.14412,01-11-2018 00:00,3505.6,3399.304275909915,-106.29572409008506,106.29572409008506,11298.780959835489,3.0321692175400807,24.3,1.7,1717.6,3235.4,0.3467797294568948,69.9,1009.0
1577,5,lr,loso,Al Dhahran - KFUPM,26.30355,50.14412,01-12-2018 00:00,3640.3,3576.555966186971,-63.74403381302909,63.74403381302909,4063.301846756596,1.75106540156111,20.7,0.0,1605.0,4011.3,0.28577533251428877,70.3,1011.4
1578,5,lr,loso,Al Dhahran - KFUPM,26.30355,50.14412,01-01-2019 00:00,3714.1,3471.5201579821924,-242.57984201780755,242.57984201780755,58844.97975338447,6.531322312748918,19.2,0.0,1869.8,3402.5,0.3546459799328566,63.0,1011.3
1579,5,lr,loso,Al Dhahran - KFUPM,26.30355,50.14412,01-02-2019 00:00,4141.7,3858.1868623323317,-283.51313766766816,283.51313766766816,80379.69923016615,6.845332536583243,18.9,0.0,1766.8,3934.5,0.3098942346482381,65.3,1010.0
1580,5,lr,loso,Al Dhahran - KFUPM,26.30355,50.14412,01-03-2019 00:00,5494.2,5326.272682697705,-167.9273173022948,167.9273173022948,28199.583896345597,3.0564471133612683,21.3,0.0,2258.4,4705.8,0.32428706814853103,55.3,1006.7
1581,5,lr,loso,Al Dhahran - KFUPM,26.30355,50.14412,01-04-2019 00:00,5799.0,5802.3028774296035,3.302877429603541,3.302877429603541,10.908999314984493,0.056955982576367324,26.6,0.0,2842.8,3948.8,0.4185758878614759,46.2,1003.7
1582,5,lr,loso,Al Dhahran - KFUPM,26.30355,50.14412,01-05-2019 00:00,6486.3,6536.014211990129,49.714211990129115,49.714211990129115,2471.5028737994976,0.7664494702700941,33.7,0.0,2927.1,4609.5,0.3883846827481888,32.9,999.9
1583,5,lr,loso,Al Dhahran - KFUPM,26.30355,50.14412,01-06-2019 00:00,7163.0,6968.0479875745605,-194.95201242543953,194.95201242543953,38006.287148728734,2.721653112179806,38.4,0.0,2113.4,6634.7,0.24158388678684514,26.6,993.7
1584,5,lr,loso,Al Dhahran - KFUPM,26.30355,50.14412,01-07-2019 00:00,7331.7,7171.659553969286,-160.0404460307136,160.0404460307136,25612.944365709754,2.1828559001420356,37.8,0.0,2237.7,6634.9,0.2522034127538715,32.7,990.1
1585,5,lr,loso,Al Dhahran - KFUPM,26.30355,50.14412,01-08-2019 00:00,6917.7,6885.279972910406,-32.42002708959353,32.42002708959353,1051.0581564899785,0.46865326755415143,37.5,0.0,2277.7,6200.9,0.2686410492298257,39.2,991.8
1586,5,lr,loso,Al Dhahran - KFUPM,26.30355,50.14412,01-10-2019 00:00,4902.0,4886.2910426987955,-15.708957301204464,15.708957301204464,246.77133949106502,0.320460165263249,32.3,0.0,1885.6,4587.5,0.2912978325686301,61.1,1003.2
1587,5,lr,loso,Al Dhahran - KFUPM,26.30355,50.14412,01-11-2019 00:00,3802.9,3673.5708939300116,-129.32910606998848,129.32910606998848,16726.01767686233,3.4008021791261536,24.6,0.0,1557.1,4038.6,0.2782672409171328,57.4,1008.7
1588,5,lr,loso,Al Dhahran - KFUPM,26.30355,50.14412,01-12-2019 00:00,3380.7,3244.1067275498767,-136.5932724501231,136.5932724501231,18657.722078633557,4.040384312424146,20.3,0.0,1309.2,4063.3,0.24368543508608656,69.5,1010.4
1589,5,lr,loso,Al Dhahran - KFUPM,26.30355,50.14412,01-01-2020 00:00,3705.0,3500.102330043776,-204.89766995622404,204.89766995622404,41983.05515348972,5.530301483298895,17.3,0.4,1189.9,4731.9,0.20093552636022835,65.3,1010.9
1590,5,lr,loso,Al Dhahran - KFUPM,26.30355,50.14412,01-02-2020 00:00,4564.7,4218.643966101771,-346.05603389822863,346.05603389822863,119754.77859737196,7.581134223458904,19.2,2.1,1774.6,4549.5,0.28060909852785376,59.0,1010.6
1591,5,lr,loso,Al Dhahran - KFUPM,26.30355,50.14412,01-03-2020 00:00,5272.8,5035.977704981675,-236.82229501832535,236.82229501832535,56084.799417746726,4.491395369032115,22.7,2.2,2344.4,4205.4,0.3579345934227,57.5,1005.4
1592,5,lr,loso,Al Dhahran - KFUPM,26.30355,50.14412,01-04-2020 00:00,5364.5,5353.140454647532,-11.359545352467649,11.359545352467649,129.03927061476935,0.21175403770095344,27.5,2.2,2802.5,3393.9,0.45227874249564265,51.5,1003.1
1593,5,lr,loso,Al Dhahran - KFUPM,26.30355,50.14412,01-05-2020 00:00,7000.4,6978.62644170379,-21.773558296209558,21.773558296209558,474.08784087843605,0.31103305948530885,32.6,2.0,2665.9,5732.0,0.31744840972147803,35.9,999.9
1594,5,lr,loso,Al Dhahran - KFUPM,26.30355,50.14412,01-09-2020 00:00,6075.9,6070.540425166807,-5.35957483319271,5.35957483319271,28.725042392592663,0.08821038583901496,35.3,1.5,1785.0,5939.9,0.23107095237478803,51.7,997.2
1595,5,lr,loso,Al Dhahran - KFUPM,26.30355,50.14412,01-10-2020 00:00,5253.3,5231.98568229266,-21.314317707339796,21.314317707339796,454.3001393294188,0.40573197242380593,29.8,1.5,1278.3,6355.5,0.1674526448164741,59.2,1004.2
1596,5,lr,loso,Al Dhahran - KFUPM,26.30355,50.14412,01-11-2020 00:00,4139.8,4198.347975770058,58.54797577005775,58.54797577005775,3427.865466771269,1.4142706355393435,25.6,1.6,1406.7,4882.3,0.2236762601367467,65.5,1008.5
1597,5,lr,loso,Al Dhahran - KFUPM,26.30355,50.14412,01-12-2020 00:00,3623.2,3486.0617608453617,-137.1382391546381,137.1382391546381,18806.89663843471,3.7850032886574874,19.9,2.0,1470.4,4221.3,0.2583410931707574,68.3,1011.4
1598,5,lr,loso,Al Dhahran - KFUPM,26.30355,50.14412,01-01-2021 00:00,4101.8,3978.2599230953433,-123.54007690465687,123.54007690465687,15262.150601608533,3.011850331675286,18.5,1.9,1536.3,4773.8,0.24346682302974595,62.8,1011.3
1599,5,lr,loso,Al Dhahran - KFUPM,26.30355,50.14412,01-02-2021 00:00,4581.9,4377.4820132934,-204.41798670659955,204.41798670659955,41786.71328917951,4.461424009834339,19.7,2.1,1666.3,4831.7,0.2564327485380117,65.0,1009.2
1600,5,lr,loso,Al Dhahran - KFUPM,26.30355,50.14412,01-10-2021 00:00,5254.1,5095.828405427416,-158.27159457258404,158.27159457258404,25049.897648548413,3.0123445418355956,31.1,1.7,1623.6,5570.4,0.2256880733944954,59.5,1002.8
1601,5,lr,loso,Al Dhahran - KFUPM,26.30355,50.14412,01-11-2021 00:00,4294.0,4318.870470671733,24.87047067173262,24.87047067173262,618.5403114335123,0.5791912126626134,25.5,1.7,1414.9,5161.5,0.21514810534639014,60.6,1007.0
1602,5,lr,loso,Al Dhahran - KFUPM,26.30355,50.14412,01-12-2021 00:00,3558.8,3395.821025173652,-162.97897482634835,162.97897482634835,26562.14623544749,4.579604777631459,20.4,1.9,1507.2,3965.8,0.2753882696875571,66.6,1010.5
138,6,lr,loso,Al Farshah - TQ TVTC,17.7749,43.17555,01-01-2017 00:00,5253.8,5271.91662604283,18.11662604282992,18.11662604282992,328.21213917574335,0.3448290007771503,23.8,1.9,1323.8,6504.9,0.1690957630257897,53.8,895.8
139,6,lr,loso,Al Farshah - TQ TVTC,17.7749,43.17555,01-02-2017 00:00,4657.6,4592.9356281907085,-64.66437180929188,64.66437180929188,4181.480981490342,1.388362500199499,23.3,2.0,2326.0,3505.4,0.39887505573275717,58.6,894.9
140,6,lr,loso,Al Farshah - TQ TVTC,17.7749,43.17555,01-03-2017 00:00,5753.0,5572.921734404133,-180.07826559586738,180.07826559586738,32428.181740015752,3.130162794991611,26.4,2.1,2300.3,4717.9,0.3277621042432533,52.4,893.0
141,6,lr,loso,Al Farshah - TQ TVTC,17.7749,43.17555,01-04-2017 00:00,6995.7,6793.237426250664,-202.46257374933612,202.46257374933612,40991.09376920536,2.8941002865951386,29.3,2.3,2473.9,5866.1,0.2966306954436451,35.6,893.1
142,6,lr,loso,Al Farshah - TQ TVTC,17.7749,43.17555,01-05-2017 00:00,6580.1,6356.552731495024,-223.54726850497627,223.54726850497627,49973.38125603596,3.3973232702386933,29.4,2.0,2776.4,4744.2,0.3691726723931601,53.1,892.2
143,6,lr,loso,Al Farshah - TQ TVTC,17.7749,43.17555,01-09-2017 00:00,6518.8,6314.3444847772125,-204.45551522278765,204.45551522278765,41802.057705015555,3.1363980367979947,31.1,2.4,2299.6,5606.0,0.2908824124671119,38.6,890.6
144,6,lr,loso,Al Farshah - TQ TVTC,17.7749,43.17555,01-10-2017 00:00,6485.5,6227.837527673244,-257.66247232675596,257.66247232675596,66389.94964553628,3.9729006603462484,29.3,2.3,1323.0,7616.6,0.1479931988008412,28.0,893.4
145,6,lr,loso,Al Farshah - TQ TVTC,17.7749,43.17555,01-11-2017 00:00,5619.6,5555.272234384245,-64.3277656157552,64.3277656157552,4138.061429115537,1.144703637549918,25.7,2.2,1173.5,7198.1,0.14017631038272252,38.8,894.6
146,6,lr,loso,Al Farshah - TQ TVTC,17.7749,43.17555,01-03-2018 00:00,6971.5,6498.0848252768765,-473.4151747231235,473.4151747231235,224121.92765812558,6.790721863632268,26.8,2.3,1745.2,7193.5,0.19524091870182464,32.2,893.4
147,6,lr,loso,Al Farshah - TQ TVTC,17.7749,43.17555,01-04-2018 00:00,6168.1,5930.743965776047,-237.35603422395343,237.35603422395343,56337.88698252255,3.8481223427628186,26.6,2.0,2591.0,4620.9,0.3592673220649205,46.4,892.3
148,6,lr,loso,Al Farshah - TQ TVTC,17.7749,43.17555,01-05-2018 00:00,6640.5,6450.959525103705,-189.54047489629465,189.54047489629465,35925.59162391291,2.854310291337921,30.0,2.3,2684.8,4991.3,0.3497609463138834,39.7,891.0
149,6,lr,loso,Al Farshah - TQ TVTC,17.7749,43.17555,01-06-2018 00:00,5958.5,6162.778720150163,204.27872015016328,204.27872015016328,41729.795506188726,3.428358146348297,31.3,2.1,3549.4,2937.0,0.5472064627528368,40.6,889.2
150,6,lr,loso,Al Farshah - TQ TVTC,17.7749,43.17555,01-07-2018 00:00,5318.7,5548.984915819108,230.2849158191084,230.2849158191084,53031.14245381384,4.329721845923034,30.4,2.2,3802.2,1788.5,0.6800937270824763,43.6,889.0
151,6,lr,loso,Al Farshah - TQ TVTC,17.7749,43.17555,01-08-2018 00:00,5490.9,5479.570040451593,-11.329959548406805,11.329959548406805,128.36798336853454,0.20634066452506522,29.2,2.0,3387.1,2519.3,0.5734626845455777,52.0,889.4
152,6,lr,loso,Al Farshah - TQ TVTC,17.7749,43.17555,01-09-2018 00:00,6400.2,6138.862375805549,-261.33762419445065,261.33762419445065,68297.35381959991,4.0832727757640495,30.5,2.4,2344.6,5328.5,0.3055609857814964,41.1,891.1
153,6,lr,loso,Al Farshah - TQ TVTC,17.7749,43.17555,01-10-2018 00:00,5778.6,5490.151082712938,-288.4489172870626,288.4489172870626,83202.77788407869,4.991674753176593,27.5,2.2,1725.7,5794.8,0.22946612592247856,39.5,894.1
154,6,lr,loso,Al Farshah - TQ TVTC,17.7749,43.17555,01-11-2018 00:00,4929.0,4874.118312441368,-54.88168755863171,54.88168755863171,3011.9996292832707,1.1134446654216212,25.0,2.0,1611.9,5364.2,0.23106033457089203,48.3,894.8
155,6,lr,loso,Al Farshah - TQ TVTC,17.7749,43.17555,01-12-2018 00:00,4963.4,4963.956364701067,0.5563647010676505,0.5563647010676505,0.30954168059409604,0.011209346437273855,23.3,1.9,1332.3,6167.7,0.17764,52.7,895.8
156,6,lr,loso,Al Farshah - TQ TVTC,17.7749,43.17555,01-01-2019 00:00,5345.5,5309.458660728817,-36.04133927118255,36.04133927118255,1298.9781364604855,0.6742370081598082,23.6,1.8,1533.5,6242.8,0.19720175404755474,50.7,896.1
157,6,lr,loso,Al Farshah - TQ TVTC,17.7749,43.17555,01-02-2019 00:00,5318.9,5188.862664560425,-130.03733543957424,130.03733543957424,16909.708608224348,2.4448163236679434,24.5,2.0,2299.9,4439.4,0.34126689715549097,50.5,894.9
158,6,lr,loso,Al Farshah - TQ TVTC,17.7749,43.17555,01-03-2019 00:00,5948.5,5779.8133264075805,-168.68667359241954,168.68667359241954,28455.19384767549,2.835785048204077,25.7,2.2,2335.9,4903.6,0.3226604047240832,45.9,893.8
159,6,lr,loso,Al Farshah - TQ TVTC,17.7749,43.17555,01-04-2019 00:00,6412.9,6316.379783009005,-96.52021699099441,96.52021699099441,9316.152287988647,1.5050946840118264,28.1,2.3,2804.8,4668.9,0.37528934798025076,43.9,892.7
160,6,lr,loso,Al Farshah - TQ TVTC,17.7749,43.17555,01-05-2019 00:00,6343.7,6163.845037043275,-179.8549629567251,179.8549629567251,32347.807700164958,2.8351744716289407,28.1,2.0,2697.1,4650.2,0.3670872293223361,43.4,892.5
161,6,lr,loso,Al Farshah - TQ TVTC,17.7749,43.17555,01-06-2019 00:00,6041.4,5900.963348687753,-140.4366513122468,140.4366513122468,19722.453031797588,2.324571313143424,31.2,2.1,2832.6,4033.9,0.41252457583921937,43.9,889.6
162,6,lr,loso,Al Farshah - TQ TVTC,17.7749,43.17555,01-07-2019 00:00,5393.4,5456.494025459053,63.09402545905323,63.09402545905323,3980.856048627657,1.1698376804808328,31.2,2.2,3556.0,2203.4,0.6174254262596799,43.3,888.2
163,6,lr,loso,Al Farshah - TQ TVTC,17.7749,43.17555,01-08-2019 00:00,5735.8,5540.144775886699,-195.6552241133013,195.6552241133013,38280.96672282616,3.411123541847716,28.8,2.2,2937.0,3449.6,0.4598691009300723,54.6,890.1
164,6,lr,loso,Al Farshah - TQ TVTC,17.7749,43.17555,01-09-2019 00:00,5977.4,5725.038434565767,-252.36156543423294,252.36156543423294,63686.35970841663,4.22192868863106,30.5,2.2,2295.6,4871.9,0.3202790373212417,42.2,890.4
165,6,lr,loso,Al Farshah - TQ TVTC,17.7749,43.17555,01-10-2019 00:00,5675.7,5667.042868968866,-8.657131031133758,8.657131031133758,74.94591769021905,0.15252975018295115,27.5,2.3,1690.2,5970.7,0.22062681930321504,43.6,893.3
166,6,lr,loso,Al Farshah - TQ TVTC,17.7749,43.17555,01-11-2019 00:00,5069.7,5032.279040846689,-37.42095915331083,37.42095915331083,1400.3281839537578,0.7381296556662295,25.3,2.0,1559.4,5647.2,0.2163849804346016,45.0,894.1
167,6,lr,loso,Al Farshah - TQ TVTC,17.7749,43.17555,01-12-2019 00:00,4828.7,4854.514848543259,25.81484854325936,25.81484854325936,666.4064053114198,0.5346128055845125,23.3,1.9,1444.5,5780.9,0.1999197276275362,52.1,895.1
168,6,lr,loso,Al Farshah - TQ TVTC,17.7749,43.17555,01-01-2020 00:00,4697.5,4673.3493763733395,-24.15062362666049,24.15062362666049,583.2526215566119,0.5141165221215644,21.8,2.0,1669.2,5022.5,0.24944334025733372,53.2,896.0
169,6,lr,loso,Al Farshah - TQ TVTC,17.7749,43.17555,01-02-2020 00:00,5332.4,5211.379301393355,-121.02069860664506,121.02069860664506,14646.00949124042,2.2695352675464155,25.5,2.1,2221.7,4481.5,0.3314387158372121,47.1,894.9
170,6,lr,loso,Al Farshah - TQ TVTC,17.7749,43.17555,01-03-2020 00:00,5972.7,5804.3064148716785,-168.39358512832132,168.39358512832132,28356.3995123692,2.819387967390315,25.5,2.1,2581.1,4564.0,0.36124057046087527,51.5,893.1
171,6,lr,loso,Al Farshah - TQ TVTC,17.7749,43.17555,01-04-2020 00:00,6299.4,6150.532694002494,-148.86730599750535,148.86730599750535,22161.474794954895,2.363198177564615,27.4,2.0,2324.3,5260.8,0.3064297108805421,51.6,892.9
172,6,lr,loso,Al Farshah - TQ TVTC,17.7749,43.17555,01-05-2020 00:00,6540.7,6227.184088548467,-313.5159114515327,313.5159114515327,98292.2267332853,4.793308230793841,29.6,2.1,2439.4,5140.1,0.321841810145788,43.4,892.4
173,6,lr,loso,Al Farshah - TQ TVTC,17.7749,43.17555,01-09-2020 00:00,6443.4,6131.913121498543,-311.4868785014569,311.4868785014569,97024.07547858136,4.834200554077923,30.1,2.2,2029.4,5886.9,0.2563571365410609,39.5,890.3
174,6,lr,loso,Al Farshah - TQ TVTC,17.7749,43.17555,01-10-2020 00:00,6347.6,6124.491670163665,-223.10832983633554,223.10832983633554,49777.32684235909,3.5148454508213427,28.2,2.4,1157.2,7732.7,0.13017019314053027,26.1,893.5
175,6,lr,loso,Al Farshah - TQ TVTC,17.7749,43.17555,01-11-2020 00:00,5099.8,5057.456599958395,-42.34340004160549,42.34340004160549,1792.963527083436,0.8302953065140886,25.1,2.0,1161.3,6380.2,0.15398793343499304,48.3,894.9
176,6,lr,loso,Al Farshah - TQ TVTC,17.7749,43.17555,01-12-2020 00:00,4810.2,4781.4173958413485,-28.78260415865134,28.78260415865134,828.4383021536133,0.5983660587636966,23.5,1.9,1149.8,6247.7,0.15543088881378844,52.8,895.3
177,6,lr,loso,Al Farshah - TQ TVTC,17.7749,43.17555,01-01-2021 00:00,5225.9,5346.471189879114,120.57118987911417,120.57118987911417,14537.411828865404,2.307185171532448,22.5,2.0,1409.8,6365.1,0.18132709102367875,46.5,895.1
178,6,lr,loso,Al Farshah - TQ TVTC,17.7749,43.17555,01-02-2021 00:00,5356.4,5201.625385805483,-154.7746141945163,154.7746141945163,23955.181199061364,2.8895268126823295,23.4,2.1,1808.6,5374.7,0.2517784305263598,48.4,894.6
179,6,lr,loso,Al Farshah - TQ TVTC,17.7749,43.17555,01-03-2021 00:00,6647.1,6360.371308192206,-286.72869180779435,286.72869180779435,82213.34270580912,4.31359076601517,27.0,2.2,2144.3,6129.5,0.259167492566898,36.7,893.4
180,6,lr,loso,Al Farshah - TQ TVTC,17.7749,43.17555,01-04-2021 00:00,6493.8,6215.30585921171,-278.49414078828977,278.49414078828977,77558.98645340776,4.2886159226999565,27.3,2.2,2522.8,5110.4,0.3305035895823508,39.9,893.0
181,6,lr,loso,Al Farshah - TQ TVTC,17.7749,43.17555,01-07-2021 00:00,4964.4,5121.5777664567795,157.17776645677986,157.17776645677986,24704.850268342034,3.1660979465147827,29.2,2.0,3261.8,2070.0,0.611763381972317,55.4,888.1
182,6,lr,loso,Al Farshah - TQ TVTC,17.7749,43.17555,01-11-2021 00:00,5462.0,5381.109700454091,-80.89029954590933,80.89029954590933,6543.240560626939,1.480964839727377,26.0,2.2,1185.4,6978.5,0.14520021068361938,34.0,894.7
379,7,lr,loso,Al Hanakiyah - TVTC,24.85577,40.536,01-01-2017 00:00,4578.4,4745.727813299545,167.3278132995456,167.3278132995456,27998.59710360759,3.654722464169701,18.8,3.1,1337.4,6122.4,0.17928094586986248,30.6,918.9
380,7,lr,loso,Al Hanakiyah - TVTC,24.85577,40.536,01-02-2017 00:00,5384.9,5311.982529950898,-72.91747004910121,72.91747004910121,5316.957438361573,1.3541100122398042,16.8,3.6,1986.1,5640.4,0.26042090080639874,27.4,919.0
381,7,lr,loso,Al Hanakiyah - TVTC,24.85577,40.536,01-03-2017 00:00,6075.7,6134.099748062129,58.39974806212922,58.39974806212922,3410.5305737201656,0.9612019695200424,23.4,3.7,2622.9,5070.3,0.34093745125565433,24.6,914.7
382,7,lr,loso,Al Hanakiyah - TVTC,24.85577,40.536,01-04-2017 00:00,6605.0,6732.2566396613765,127.25663966137654,127.25663966137654,16194.252337905433,1.9266713044871542,29.5,4.0,3217.4,4426.2,0.4209273117379245,17.9,915.5
383,7,lr,loso,Al Hanakiyah - TVTC,24.85577,40.536,01-05-2017 00:00,6870.0,7031.25771171637,161.25771171637007,161.25771171637007,26004.049587999918,2.3472738241101903,32.4,3.1,3067.4,4924.9,0.38379440211203286,18.3,914.3
384,7,lr,loso,Al Hanakiyah - TVTC,24.85577,40.536,01-06-2017 00:00,8035.4,8031.597370609436,-3.8026293905631974,3.8026293905631974,14.459990281975035,0.04732346106681929,37.2,3.1,2441.4,7385.0,0.24845314662541726,8.3,911.4
385,7,lr,loso,Al Hanakiyah - TVTC,24.85577,40.536,01-09-2017 00:00,6604.4,7300.95084746173,696.55084746173,696.55084746173,485183.08309965424,10.546769539424172,34.7,2.9,2064.4,7253.3,0.22155682196250145,9.4,913.8
386,7,lr,loso,Al Hanakiyah - TVTC,24.85577,40.536,01-10-2017 00:00,6029.6,6597.436566954524,567.8365669545237,567.8365669545237,322438.36677069933,9.417483198794674,29.7,2.4,1326.4,8131.0,0.14024996299194284,13.2,916.2
387,7,lr,loso,Al Hanakiyah - TVTC,24.85577,40.536,01-11-2017 00:00,4578.6,4687.9714743793265,109.37147437932617,109.37147437932617,11962.119407907601,2.388753644767531,23.4,3.0,1614.0,5300.1,0.23343602204191433,32.3,917.9
388,7,lr,loso,Al Hanakiyah - TVTC,24.85577,40.536,01-03-2018 00:00,6591.4,6652.373722845828,60.97372284582798,60.97372284582798,3717.794877679845,0.9250496532728704,26.6,3.2,2257.7,6409.3,0.2604938271604938,20.0,916.2
389,7,lr,loso,Al Hanakiyah - TVTC,24.85577,40.536,01-04-2018 00:00,7158.4,7211.088974813809,52.68897481380918,52.68897481380918,2776.128066930218,0.7360440156153496,27.2,3.6,2787.1,5943.8,0.3192225314686917,23.2,913.6
390,7,lr,loso,Al Hanakiyah - TVTC,24.85577,40.536,01-05-2018 00:00,7165.7,7379.85269442141,214.15269442141016,214.15269442141016,45861.37652794988,2.988580242284915,32.1,4.0,3523.0,4665.5,0.43023752824082556,17.6,913.2
391,7,lr,loso,Al Hanakiyah - TVTC,24.85577,40.536,01-06-2018 00:00,7916.7,8012.448679964482,95.74867996448211,95.74867996448211,9167.809714940817,1.2094519176485419,36.1,3.4,2643.9,6951.7,0.27553253574555003,11.4,911.2
392,7,lr,loso,Al Hanakiyah - TVTC,24.85577,40.536,01-07-2018 00:00,7658.0,7733.44239532328,75.44239532327992,75.44239532327992,5691.555012114049,0.985144885391485,36.2,3.6,2644.2,6580.3,0.28664968290964277,13.5,910.0
393,7,lr,loso,Al Hanakiyah - TVTC,24.85577,40.536,01-08-2018 00:00,7446.5,7367.13304345696,-79.36695654304003,79.36695654304003,6299.113790904805,1.0658290007794269,36.8,3.1,2061.2,7241.3,0.22157484547164738,13.9,910.6
394,7,lr,loso,Al Hanakiyah - TVTC,24.85577,40.536,01-09-2018 00:00,6388.5,6382.33915945671,-6.160840543289851,6.160840543289851,37.95595619984398,0.09643641767691713,36.4,3.2,2709.2,4977.0,0.3524758658374749,12.5,913.7
395,7,lr,loso,Al Hanakiyah - TVTC,24.85577,40.536,01-10-2018 00:00,5490.0,5612.845266418566,122.8452664185661,122.8452664185661,15090.959481448483,2.2376186961487448,28.4,3.2,1816.7,5732.6,0.24064482799729775,28.3,917.5
396,7,lr,loso,Al Hanakiyah - TVTC,24.85577,40.536,01-11-2018 00:00,4315.5,4497.907794480447,182.40779448044668,182.40779448044668,33272.60348722088,4.226805572481675,20.9,3.3,1603.0,4974.5,0.24370961611554542,53.6,918.0
397,7,lr,loso,Al Hanakiyah - TVTC,24.85577,40.536,01-12-2018 00:00,4308.0,4614.835273101791,306.83527310179124,306.83527310179124,94147.88481945082,7.122452950366556,19.3,3.3,1387.7,5796.5,0.19315998997800732,47.5,919.3
398,7,lr,loso,Al Hanakiyah - TVTC,24.85577,40.536,01-01-2019 00:00,4019.8,3967.484379904725,-52.315620095275335,52.315620095275335,2736.9241059531764,1.3014483331328757,19.2,3.0,2013.6,3669.5,0.3543136668367616,43.8,918.6
399,7,lr,loso,Al Hanakiyah - TVTC,24.85577,40.536,01-02-2019 00:00,4920.6,4897.634529571571,-22.9654704284294,22.9654704284294,527.4128319990651,0.4667209370489249,18.4,3.7,1950.7,4946.3,0.2828331158474699,38.4,918.0
400,7,lr,loso,Al Hanakiyah - TVTC,24.85577,40.536,01-03-2019 00:00,6668.2,6725.614694908218,57.414694908217825,57.414694908217825,3296.447191403734,0.8610223884739185,20.8,3.6,1915.2,7278.0,0.2083278945307401,24.4,916.3
401,7,lr,loso,Al Hanakiyah - TVTC,24.85577,40.536,01-04-2019 00:00,7259.4,7211.738148595536,-47.66185140446396,47.66185140446396,2271.6520793012032,0.656553591267377,25.6,3.5,2515.2,6506.2,0.27880373334515707,23.9,915.1
402,7,lr,loso,Al Hanakiyah - TVTC,24.85577,40.536,01-05-2019 00:00,7359.8,7287.051798290364,-72.7482017096363,72.7482017096363,5292.30085198593,0.9884535138133687,32.5,3.2,2839.9,5829.9,0.3275623428452791,18.3,914.1
403,7,lr,loso,Al Hanakiyah - TVTC,24.85577,40.536,01-06-2019 00:00,7467.2,7581.395365666311,114.19536566631086,114.19536566631086,13040.58153966245,1.5292929835321254,36.5,3.4,2732.8,6149.4,0.30767152282092275,12.4,912.3
404,7,lr,loso,Al Hanakiyah - TVTC,24.85577,40.536,01-07-2019 00:00,7958.2,7904.1059110646775,-54.09408893532236,54.09408893532236,2926.1704577425653,0.6797276888658537,36.8,3.5,2221.4,7618.1,0.2257635042431018,12.2,909.8
405,7,lr,loso,Al Hanakiyah - TVTC,24.85577,40.536,01-08-2019 00:00,7554.9,7526.695141206293,-28.20485879370699,28.20485879370699,795.5140595729505,0.37333199372204784,35.8,3.5,1981.2,7644.3,0.20582826866136825,14.1,911.2
406,7,lr,loso,Al Hanakiyah - TVTC,24.85577,40.536,01-09-2019 00:00,6635.6,6685.58014317012,49.980143170119845,49.980143170119845,2498.0147113056773,0.7532121160124154,35.8,3.0,2210.9,6222.8,0.2621506574812953,13.8,912.8
407,7,lr,loso,Al Hanakiyah - TVTC,24.85577,40.536,01-10-2019 00:00,5505.8,5700.803019571177,195.003019571177,195.003019571177,38026.177641876835,3.5417744845649497,30.4,2.9,1988.0,5546.6,0.2638494412443925,23.0,916.3
408,7,lr,loso,Al Hanakiyah - TVTC,24.85577,40.536,01-11-2019 00:00,4778.9,5027.899279351775,248.99927935177493,248.99927935177493,62000.64111770325,5.210388988088785,23.6,3.2,1513.0,5907.5,0.20389461626575028,38.1,917.4
409,7,lr,loso,Al Hanakiyah - TVTC,24.85577,40.536,01-12-2019 00:00,4562.7,5037.4373572341665,474.73735723416667,474.73735723416667,225375.55835368077,10.404746251872064,19.0,2.8,1013.4,7183.7,0.12362908833611887,33.6,918.5
410,7,lr,loso,Al Hanakiyah - TVTC,24.85577,40.536,01-01-2020 00:00,4929.4,5360.454960502508,431.05496050250804,431.05496050250804,185808.37897381876,8.744572574806428,14.8,2.9,1127.9,7413.2,0.13205559002938733,34.3,919.8
411,7,lr,loso,Al Hanakiyah - TVTC,24.85577,40.536,01-02-2020 00:00,5470.3,5691.880780290018,221.58078029001808,221.58078029001808,49098.04219393327,4.050614779628504,19.0,3.3,1798.4,6283.0,0.22253569926002922,29.9,918.9
412,7,lr,loso,Al Hanakiyah - TVTC,24.85577,40.536,01-03-2020 00:00,6632.6,6738.706886516494,106.10688651649343,106.10688651649343,11258.671366224016,1.5997781641662914,22.9,3.6,2292.7,6386.9,0.2641481174247661,21.5,915.6
413,7,lr,loso,Al Hanakiyah - TVTC,24.85577,40.536,01-04-2020 00:00,7323.4,7513.150152113916,189.75015211391656,189.75015211391656,36005.12022725447,2.591011717425193,27.1,3.7,2781.8,6290.0,0.3066425626667255,22.5,914.3
414,7,lr,loso,Al Hanakiyah - TVTC,24.85577,40.536,01-05-2020 00:00,7249.3,7479.118819964187,229.81881996418724,229.81881996418724,52816.69000973151,3.170220848415533,32.8,3.5,2956.4,5654.4,0.34333627537511036,17.2,914.5
415,7,lr,loso,Al Hanakiyah - TVTC,24.85577,40.536,01-09-2020 00:00,6812.8,6888.2495136645475,75.44951366454734,75.44951366454734,5692.629112216716,1.1074670277205751,34.8,3.0,2065.5,6758.2,0.23408547434749594,11.4,913.5
416,7,lr,loso,Al Hanakiyah - TVTC,24.85577,40.536,01-10-2020 00:00,6154.4,6405.433370341006,251.03337034100605,251.03337034100605,63017.753024764694,4.078925164776519,28.6,2.8,1300.2,7893.3,0.14142600750530265,13.3,917.9
417,7,lr,loso,Al Hanakiyah - TVTC,24.85577,40.536,01-11-2020 00:00,4646.2,4935.363797540927,289.1637975409276,289.1637975409276,83615.70180829056,6.223662294798493,23.7,3.0,1459.6,5791.0,0.20130747800182053,37.9,917.7
418,7,lr,loso,Al Hanakiyah - TVTC,24.85577,40.536,01-12-2020 00:00,4199.4,4372.59504489471,173.19504489471,173.19504489471,29996.523576080617,4.1242807280732965,19.2,3.1,1500.0,5290.1,0.22090985405222308,39.7,919.2
419,7,lr,loso,Al Hanakiyah - TVTC,24.85577,40.536,01-01-2021 00:00,4720.7,4963.374251026255,242.67425102625475,242.67425102625475,58890.79211115371,5.140641240202825,18.6,3.4,1556.5,5938.4,0.20767455202871288,36.4,919.4
420,7,lr,loso,Al Hanakiyah - TVTC,24.85577,40.536,01-02-2021 00:00,5417.2,5636.122033715626,218.92203371562573,218.92203371562573,47926.85684618557,4.041239638847112,19.5,3.3,1664.4,6361.5,0.20737861174447728,35.0,918.1
421,7,lr,loso,Al Hanakiyah - TVTC,24.85577,40.536,01-03-2021 00:00,6589.8,6637.297187783768,47.49718778376791,47.49718778376791,2255.982847366512,0.7207682749668869,25.6,3.5,2560.5,5854.2,0.3042889229562551,21.5,916.1
422,7,lr,loso,Al Hanakiyah - TVTC,24.85577,40.536,01-04-2021 00:00,7305.7,7255.646521371795,-50.053478628205085,50.053478628205085,2505.3507227841833,0.685129126958472,28.2,3.7,2827.2,5988.0,0.32071875850803155,19.7,916.1
423,7,lr,loso,Al Hanakiyah - TVTC,24.85577,40.536,01-05-2021 00:00,7658.8,7694.102470177558,35.30247017755755,35.30247017755755,1246.2644006373403,0.46093996680364485,34.0,3.3,2655.1,6538.0,0.2888144369146425,12.3,913.3
424,7,lr,loso,Al Hanakiyah - TVTC,24.85577,40.536,01-07-2021 00:00,7663.1,7821.95116963547,158.8511696354699,158.8511696354699,25233.69409455683,2.072936143799114,38.1,3.8,2575.0,6684.3,0.278098776365384,12.3,908.7
425,7,lr,loso,Al Hanakiyah - TVTC,24.85577,40.536,01-08-2021 00:00,7545.6,7540.428671435611,-5.171328564389114,5.171328564389114,26.742639120866777,0.06853435862474971,37.2,3.3,2170.8,7263.2,0.23010387958448167,12.2,910.8
426,7,lr,loso,Al Hanakiyah - TVTC,24.85577,40.536,01-09-2021 00:00,6608.6,6736.830835325759,128.23083532575856,128.23083532575856,16443.14712834181,1.9403630924213684,35.4,3.0,2459.0,5760.0,0.2991848156710062,13.1,912.6
427,7,lr,loso,Al Hanakiyah - TVTC,24.85577,40.536,01-10-2021 00:00,5924.8,6119.990777870496,195.19077787049537,195.19077787049537,38099.439765689065,3.294470325926535,31.0,2.5,1741.4,6635.7,0.20787623401893257,14.8,916.6
428,7,lr,loso,Al Hanakiyah - TVTC,24.85577,40.536,01-11-2021 00:00,4899.6,5229.316167992395,329.71616799239473,329.71616799239473,108712.75143558906,6.729450730516668,23.9,3.0,1283.7,6657.4,0.16165266776643036,26.8,918.3
429,7,lr,loso,Al Hanakiyah - TVTC,24.85577,40.536,01-12-2021 00:00,4052.8,4194.9257209995285,142.1257209995283,142.1257209995283,20199.720569635763,3.506852571050343,19.1,3.0,1536.5,4967.0,0.23625739986161298,36.8,919.2
843,8,lr,loso,Al Jouf - TVTC,29.77634,40.02318,01-01-2017 00:00,3830.0,3629.317117853727,-200.6828821462732,200.6828821462732,40273.619186534976,5.239761935934026,9.7,3.8,1505.1,4813.8,0.2381901913307696,42.5,940.8
844,8,lr,loso,Al Jouf - TVTC,29.77634,40.02318,01-02-2017 00:00,4767.7,4440.921599606811,-326.77840039318926,326.77840039318926,106784.12296353151,6.854005084069661,9.9,4.1,1533.8,5815.4,0.20870298808033527,26.7,941.3
845,8,lr,loso,Al Jouf - TVTC,29.77634,40.02318,01-03-2017 00:00,5740.9,5727.010493862878,-13.889506137121316,13.889506137121316,192.9183807331307,0.24193952406628433,16.9,4.7,2227.6,5560.5,0.28602611676788947,35.9,935.8
846,8,lr,loso,Al Jouf - TVTC,29.77634,40.02318,01-04-2017 00:00,5726.0,5733.798490643616,7.798490643615878,7.798490643615878,60.81645631856439,0.13619438776835274,22.3,4.6,2852.7,4059.5,0.4127050721911982,24.8,937.1
847,8,lr,loso,Al Jouf - TVTC,29.77634,40.02318,01-09-2017 00:00,6433.7,6514.998578455129,81.29857845512925,81.29857845512925,6609.458858824805,1.2636364526653285,32.5,3.6,2436.7,5772.3,0.2968327445486661,14.8,934.1
848,8,lr,loso,Al Jouf - TVTC,29.77634,40.02318,01-10-2017 00:00,5433.4,5585.629413835324,152.22941383532452,152.22941383532452,23173.794436646494,2.801733975693388,24.8,3.4,1587.2,6530.3,0.19552817985833076,22.4,936.8
849,8,lr,loso,Al Jouf - TVTC,29.77634,40.02318,01-11-2017 00:00,3972.7,3873.2865289915962,-99.41347100840358,99.41347100840358,9883.038217938698,2.502415762791139,17.6,3.6,1851.0,4120.6,0.30996717797575185,42.6,939.2
850,8,lr,loso,Al Jouf - TVTC,29.77634,40.02318,01-03-2018 00:00,6314.3,6403.4231644487845,89.12316444878434,89.12316444878434,7942.938441365056,1.4114496373118848,21.3,4.0,2252.1,6351.2,0.2617716457638348,22.7,936.9
851,8,lr,loso,Al Jouf - TVTC,29.77634,40.02318,01-04-2018 00:00,7142.7,7087.682130438535,-55.01786956146498,55.01786956146498,3026.9659710823744,0.7702671197371439,22.4,4.5,2528.4,6491.3,0.28031974455913167,27.4,934.4
852,8,lr,loso,Al Jouf - TVTC,29.77634,40.02318,01-05-2018 00:00,7350.8,7556.395001757829,205.59500175782887,205.59500175782887,42269.30474780165,2.796906483074344,27.7,4.7,2944.4,5943.9,0.3312669464352014,21.4,933.7
853,8,lr,loso,Al Jouf - TVTC,29.77634,40.02318,01-06-2018 00:00,8361.9,8277.900521439366,-83.99947856063409,83.99947856063409,7055.912398458426,1.004550144831128,32.0,4.8,2348.1,8113.2,0.22445585156720485,15.9,931.5
854,8,lr,loso,Al Jouf - TVTC,29.77634,40.02318,01-07-2018 00:00,8295.6,8110.279731652431,-185.32026834756925,185.32026834756925,34343.60186041508,2.2339585846420906,32.9,5.1,1991.9,8626.0,0.18759830098230348,16.8,929.6
855,8,lr,loso,Al Jouf - TVTC,29.77634,40.02318,01-08-2018 00:00,7827.0,7682.403890751685,-144.59610924831486,144.59610924831486,20908.034809750607,1.8474014213404226,32.3,5.0,1515.3,8978.7,0.14439679817038306,19.8,930.8
856,8,lr,loso,Al Jouf - TVTC,29.77634,40.02318,01-10-2018 00:00,5122.5,5265.872234046879,143.37223404687938,143.37223404687938,20555.59749559316,2.7988723093583094,25.7,3.4,2091.4,5041.5,0.29320472738998166,26.5,937.7
857,8,lr,loso,Al Jouf - TVTC,29.77634,40.02318,01-11-2018 00:00,3147.4,2901.3682669007903,-246.03173309920976,246.03173309920976,60531.61369180079,7.816983322717473,15.3,2.7,1697.3,2934.3,0.3664608342689351,73.8,939.3
858,8,lr,loso,Al Jouf - TVTC,29.77634,40.02318,01-12-2018 00:00,3644.8,3767.6298807049047,122.82988070490455,122.82988070490455,15087.179593981084,3.3700033117017267,12.8,3.3,1163.8,5454.8,0.17583779046928352,59.7,940.7
859,8,lr,loso,Al Jouf - TVTC,29.77634,40.02318,01-01-2019 00:00,3527.3,3246.424838799515,-280.8751612004853,280.8751612004853,78890.8561793986,7.962894032276395,10.7,4.0,1616.7,3915.4,0.29223983659008335,50.6,939.3
860,8,lr,loso,Al Jouf - TVTC,29.77634,40.02318,01-02-2019 00:00,4881.0,4870.151997582974,-10.848002417025782,10.848002417025782,117.67915643979721,0.222249588547957,12.2,3.8,1560.2,6004.0,0.20626107189127735,51.2,939.5
861,8,lr,loso,Al Jouf - TVTC,29.77634,40.02318,01-05-2019 00:00,7611.7,7519.192625184464,-92.50737481553551,92.50737481553551,8557.614395261975,1.2153313296048913,29.8,3.8,2428.0,6984.7,0.2579493662817257,12.7,934.4
862,8,lr,loso,Al Jouf - TVTC,29.77634,40.02318,01-06-2019 00:00,7742.5,7680.696851418341,-61.803148581659116,61.803148581659116,3819.629174606633,0.7982324647292104,33.2,4.3,2163.5,7565.8,0.22236954354372876,14.6,932.0
863,8,lr,loso,Al Jouf - TVTC,29.77634,40.02318,01-07-2019 00:00,8373.8,8153.036216657786,-220.76378334221317,220.76378334221317,48736.64803556764,2.636363220308739,33.2,4.4,1571.1,9475.9,0.14221960713315832,14.7,929.6
864,8,lr,loso,Al Jouf - TVTC,29.77634,40.02318,01-08-2019 00:00,7668.3,7656.39144934192,-11.908550658080458,11.908550658080458,141.8135787760685,0.1552958368618919,33.0,4.8,1856.6,8185.3,0.1848853304653502,16.7,930.6
865,8,lr,loso,Al Jouf - TVTC,29.77634,40.02318,01-09-2019 00:00,6670.0,6676.025213608151,6.025213608150807,6.025213608150807,36.303199023845664,0.09033303760346038,32.0,3.5,1744.2,7326.7,0.19228521976871094,17.4,933.1
866,8,lr,loso,Al Jouf - TVTC,29.77634,40.02318,01-10-2019 00:00,4920.7,4946.629965702617,25.929965702616755,25.929965702616755,672.3631213388812,0.5269568496883931,26.8,3.1,1912.3,4951.6,0.27860254374335286,30.7,936.8
867,8,lr,loso,Al Jouf - TVTC,29.77634,40.02318,01-11-2019 00:00,4056.3,4137.050525150729,80.75052515072912,80.75052515072912,6520.647312118535,1.990743415199298,17.3,3.2,1383.8,5332.8,0.2060268588273829,43.6,939.5
868,8,lr,loso,Al Jouf - TVTC,29.77634,40.02318,01-12-2019 00:00,3804.5,4124.681910804132,320.1819108041318,320.1819108041318,102516.45600618502,8.415873591907788,12.5,2.6,903.1,6460.4,0.12264548108915597,47.4,939.6
869,8,lr,loso,Al Jouf - TVTC,29.77634,40.02318,01-01-2020 00:00,3948.7,3955.3617435792894,6.661743579289578,6.661743579289578,44.37882751620591,0.1687072600929313,9.2,3.7,1333.4,5488.9,0.1954472831742961,48.9,940.4
870,8,lr,loso,Al Jouf - TVTC,29.77634,40.02318,01-02-2020 00:00,5013.3,5145.8596809787,132.55968097870027,132.55968097870027,17572.06902117479,2.644160153565521,12.0,4.2,1454.2,6556.0,0.1815435319967042,45.4,939.6
871,8,lr,loso,Al Jouf - TVTC,29.77634,40.02318,01-03-2020 00:00,6023.0,6026.516932844168,3.516932844167968,3.516932844167968,12.368816630387395,0.058391712504864156,17.3,4.8,2141.1,6048.1,0.26145411029160354,33.1,935.6
872,8,lr,loso,Al Jouf - TVTC,29.77634,40.02318,01-04-2020 00:00,7187.5,7070.361037123179,-117.1389628768211,117.1389628768211,13721.536623857271,1.629759483503598,21.9,4.1,2330.6,6828.2,0.25446565052190245,27.7,935.0
873,8,lr,loso,Al Jouf - TVTC,29.77634,40.02318,01-05-2020 00:00,7638.5,7675.967344050938,37.467344050937754,37.467344050937754,1403.8018702313407,0.4905065660920044,28.1,4.2,2581.5,6901.0,0.27223833377273926,15.9,935.0
874,8,lr,loso,Al Jouf - TVTC,29.77634,40.02318,01-09-2020 00:00,6580.0,6772.833549335298,192.8335493352979,192.8335493352979,37184.77774924877,2.9306010537279317,33.7,2.8,2126.1,6568.7,0.24452546349542256,11.5,933.6
875,8,lr,loso,Al Jouf - TVTC,29.77634,40.02318,01-10-2020 00:00,5708.7,6073.53138920564,364.83138920564033,364.83138920564033,133101.9425497174,6.390796314496126,26.1,2.5,1173.8,7846.8,0.1301243819701572,14.1,938.5
876,8,lr,loso,Al Jouf - TVTC,29.77634,40.02318,01-11-2020 00:00,4067.3,4231.8155619474,164.51556194739987,164.51556194739987,27065.370122868764,4.044834704777121,17.6,3.0,1380.2,5315.3,0.20613845119856622,51.3,938.9
877,8,lr,loso,Al Jouf - TVTC,29.77634,40.02318,01-12-2020 00:00,3380.6,3305.933154625619,-74.66684537438096,74.66684537438096,5575.137798161714,2.208686191042447,12.6,3.3,1274.2,4545.1,0.21896104342446687,58.8,941.1
878,8,lr,loso,Al Jouf - TVTC,29.77634,40.02318,01-01-2021 00:00,3944.0,3879.570625537161,-64.42937446283895,64.42937446283895,4151.1442936727235,1.6336048291794865,11.5,3.3,1446.4,5145.6,0.21941747572815534,45.9,941.2
879,8,lr,loso,Al Jouf - TVTC,29.77634,40.02318,01-03-2021 00:00,6384.4,6426.9752886036995,42.575288603699846,42.575288603699846,1812.655199688334,0.6668643663257291,18.1,3.9,2155.5,6569.8,0.24704021638224477,27.5,937.1
880,8,lr,loso,Al Jouf - TVTC,29.77634,40.02318,01-04-2021 00:00,7284.1,7144.543910582392,-139.55608941760875,139.55608941760875,19475.90209353561,1.9159002404910523,23.9,3.5,2225.7,7076.1,0.23927626910920466,17.2,937.3
881,8,lr,loso,Al Jouf - TVTC,29.77634,40.02318,01-05-2021 00:00,8070.1,8115.944188900445,45.84418890044435,45.84418890044435,2101.689655939625,0.5680746075072719,30.0,3.7,2289.2,7930.5,0.22399874751705037,12.3,933.4
882,8,lr,loso,Al Jouf - TVTC,29.77634,40.02318,01-09-2021 00:00,6706.2,6734.126254984705,27.926254984705338,27.926254984705338,779.8757174707797,0.4164244279130557,30.3,3.2,1641.3,7626.5,0.1770970456850601,18.9,933.6
1459,9,lr,loso,Al Jubail - SWCC,26.9042,49.76274,01-01-2017 00:00,3548.4,3261.8217181627347,-286.5782818372654,286.5782818372654,82127.11162079913,8.076267665349606,16.8,2.8,1516.8,3907.2,0.279646017699115,72.4,1018.6
1460,9,lr,loso,Al Jubail - SWCC,26.9042,49.76274,01-02-2017 00:00,3721.4,3292.792470716917,-428.6075292830833,428.6075292830833,183704.4141581491,11.517373281106122,15.2,0.5,1664.5,3479.3,0.32359345231152065,71.1,1019.5
1461,9,lr,loso,Al Jubail - SWCC,26.9042,49.76274,01-03-2017 00:00,3973.8,3709.8239170534566,-263.97608294654356,263.97608294654356,69683.37236780045,6.642913154827711,20.7,0.0,2113.4,2693.2,0.43968709690841756,75.3,1013.7
1462,9,lr,loso,Al Jubail - SWCC,26.9042,49.76274,01-04-2017 00:00,5835.2,5816.574045600373,-18.625954399626607,18.625954399626607,346.9261772969698,0.3191999314441083,26.4,0.0,2691.2,4230.3,0.3888174528642635,61.6,1010.9
1463,9,lr,loso,Al Jubail - SWCC,26.9042,49.76274,01-05-2017 00:00,6296.3,6150.496483433961,-145.80351656603943,145.80351656603943,21258.665443023336,2.3157015479891276,31.9,0.0,2872.1,4323.0,0.3991744381593028,49.5,1006.2
1464,9,lr,loso,Al Jubail - SWCC,26.9042,49.76274,01-06-2017 00:00,6948.8,6533.200146054564,-415.5998539454358,415.5998539454358,172723.2385994676,5.9808866846856406,34.2,0.0,1737.5,6898.8,0.2011856929472112,45.9,1000.6
1465,9,lr,loso,Al Jubail - SWCC,26.9042,49.76274,01-09-2017 00:00,5878.6,5846.989267769802,-31.610732230198664,31.610732230198664,999.2383921293206,0.5377255167930912,33.3,0.0,2004.8,5499.9,0.26713925939744426,69.1,1004.9
1466,9,lr,loso,Al Jubail - SWCC,26.9042,49.76274,01-10-2017 00:00,5021.3,5100.0250778244435,78.72507782444336,78.72507782444336,6197.637878464664,1.5678226320762225,29.9,0.0,1688.5,5317.2,0.24101802817705584,68.8,1010.9
1467,9,lr,loso,Al Jubail - SWCC,26.9042,49.76274,01-11-2017 00:00,3901.2,3950.2672411301737,49.0672411301739,49.0672411301739,2407.594152126629,1.2577473887566364,24.6,0.0,1591.9,4243.0,0.27282387016058546,63.6,1016.1
1468,9,lr,loso,Al Jubail - SWCC,26.9042,49.76274,01-03-2018 00:00,5957.0,5950.355481595368,-6.644518404632436,6.644518404632436,44.14962482949917,0.11154135310781327,23.4,0.0,2331.4,5397.0,0.301666580404741,56.2,1013.4
1469,9,lr,loso,Al Jubail - SWCC,26.9042,49.76274,01-04-2018 00:00,5482.4,5615.759673918632,133.35967391863232,133.35967391863232,17784.80262768394,2.432505361130752,25.8,0.0,3245.7,2919.8,0.526429324466791,57.3,1010.2
1470,9,lr,loso,Al Jubail - SWCC,26.9042,49.76274,01-05-2018 00:00,6604.4,6829.435384436133,225.03538443613343,225.03538443613343,50640.92424831836,3.407355466600046,30.3,0.0,3285.3,4260.7,0.43536973230850784,48.8,1007.2
1471,9,lr,loso,Al Jubail - SWCC,26.9042,49.76274,01-06-2018 00:00,7665.1,7580.732162095268,-84.36783790473237,84.36783790473237,7117.932072719196,1.100674980166369,35.1,0.0,2752.1,6272.2,0.3049654820872533,43.6,1000.0
1472,9,lr,loso,Al Jubail - SWCC,26.9042,49.76274,01-07-2018 00:00,7378.5,7277.148654466198,-101.35134553380158,101.35134553380158,10272.095241512041,1.3736036529620055,35.4,0.0,2726.8,5954.3,0.314107659167617,45.6,996.6
1473,9,lr,loso,Al Jubail - SWCC,26.9042,49.76274,01-08-2018 00:00,7059.7,6873.198705151293,-186.5012948487065,186.5012948487065,34782.73298024415,2.64177365679429,34.8,0.0,2176.3,6521.7,0.25020694412508626,48.0,998.5
1474,9,lr,loso,Al Jubail - SWCC,26.9042,49.76274,01-09-2018 00:00,6083.9,6080.008651744572,-3.8913482554280563,3.8913482554280563,15.142591245022977,0.06396141053317866,33.1,0.0,2228.5,5429.9,0.2909876736655176,63.5,1005.0
1475,9,lr,loso,Al Jubail - SWCC,26.9042,49.76274,01-10-2018 00:00,4732.9,4723.495422469968,-9.40457753003193,9.40457753003193,88.44607851838146,0.19870644911221302,29.4,0.0,2129.6,4037.2,0.3453330738794837,62.0,1012.9
1476,9,lr,loso,Al Jubail - SWCC,26.9042,49.76274,01-11-2018 00:00,3456.3,3341.1672707444036,-115.13272925559659,115.13272925559659,13255.545345842505,3.3310976841013966,23.7,0.0,1734.3,3167.3,0.3538232413905663,66.8,1016.9
1477,9,lr,loso,Al Jubail - SWCC,26.9042,49.76274,01-12-2018 00:00,3545.2,3452.680494085928,-92.51950591407194,92.51950591407194,8559.858974583993,2.60971188971206,19.9,0.0,1657.1,3825.6,0.3022415962937968,64.4,1019.3
1478,9,lr,loso,Al Jubail - SWCC,26.9042,49.76274,01-01-2019 00:00,3651.6,3336.958860160394,-314.6411398396058,314.6411398396058,98999.04687956636,8.616528092879992,18.3,0.0,1940.7,3187.0,0.3784737796672972,59.2,1018.9
1479,9,lr,loso,Al Jubail - SWCC,26.9042,49.76274,01-02-2019 00:00,4125.3,3919.406164334091,-205.89383566590914,205.89383566590914,42392.2715652204,4.991002731096142,17.8,0.0,1600.8,4369.5,0.26812722978744785,62.0,1017.9
1480,9,lr,loso,Al Jubail - SWCC,26.9042,49.76274,01-03-2019 00:00,5465.2,5413.177602850775,-52.02239714922507,52.02239714922507,2706.329805151701,0.9518845998174829,19.8,0.0,2306.3,4794.0,0.3248172612424827,57.8,1014.4
1481,9,lr,loso,Al Jubail - SWCC,26.9042,49.76274,01-04-2019 00:00,5869.6,5879.727455702779,10.127455702778207,10.127455702778207,102.56535901173481,0.17254081543509278,24.6,0.0,2808.2,4115.9,0.40556895481001143,54.2,1011.1
1482,9,lr,loso,Al Jubail - SWCC,26.9042,49.76274,01-05-2019 00:00,6475.5,6484.214560928707,8.714560928707215,8.714560928707215,75.94357218015035,0.13457742149188812,30.8,0.0,2917.2,4605.5,0.38778630013160165,43.9,1007.0
1483,9,lr,loso,Al Jubail - SWCC,26.9042,49.76274,01-06-2019 00:00,7163.6,6874.552469157919,-289.04753084208096,289.04753084208096,83548.47508590374,4.03494794296277,35.4,0.0,2053.7,6714.8,0.23421337743057533,41.9,1000.8
1484,9,lr,loso,Al Jubail - SWCC,26.9042,49.76274,01-07-2019 00:00,6808.1,6562.0730295527155,-246.02697044728484,246.02697044728484,60529.27018746917,3.6137390820828843,35.6,0.0,2048.9,6179.0,0.24901858311355268,43.0,996.9
1485,9,lr,loso,Al Jubail - SWCC,26.9042,49.76274,01-08-2019 00:00,6987.8,6897.086654859784,-90.713345140216,90.713345140216,8228.910986527952,1.2981674509890953,35.0,0.0,2260.6,6317.2,0.26354076802909837,46.0,998.6
1486,9,lr,loso,Al Jubail - SWCC,26.9042,49.76274,01-09-2019 00:00,6346.6,6296.008827258141,-50.59117274185974,50.59117274185974,2559.4667593966915,0.7971381959137134,33.4,0.0,1719.8,6676.0,0.20484051549584317,52.1,1003.8
1487,9,lr,loso,Al Jubail - SWCC,26.9042,49.76274,01-10-2019 00:00,4976.4,5043.071463016331,66.67146301633147,66.67146301633147,4445.083980738055,1.3397528939862446,31.1,0.0,1954.9,4757.8,0.29122409760603035,56.1,1010.2
1488,9,lr,loso,Al Jubail - SWCC,26.9042,49.76274,01-11-2019 00:00,3931.9,3867.4252565840247,-64.47474341597535,64.47474341597535,4156.992538555857,1.6397859410456868,23.9,0.0,1529.9,4384.7,0.25866499847834173,53.6,1015.9
1489,9,lr,loso,Al Jubail - SWCC,26.9042,49.76274,01-12-2019 00:00,3531.3,3445.838449177095,-85.46155082290534,85.46155082290534,7303.676669056032,2.4201158446720847,19.6,0.0,1264.3,4553.2,0.21732703051138805,58.7,1018.0
1490,9,lr,loso,Al Jubail - SWCC,26.9042,49.76274,01-01-2020 00:00,3772.3,3663.342199371153,-108.95780062884705,108.95780062884705,11871.802317875583,2.888365205016755,16.6,2.7,1288.1,4840.3,0.21018536649043795,56.6,1018.5
1491,9,lr,loso,Al Jubail - SWCC,26.9042,49.76274,01-02-2020 00:00,4780.3,4613.42477976756,-166.87522023244037,166.87522023244037,27847.339127625477,3.490894300199577,18.2,4.1,1833.4,5000.4,0.26828411718224127,54.0,1018.0
1492,9,lr,loso,Al Jubail - SWCC,26.9042,49.76274,01-03-2020 00:00,5488.2,5390.020753001011,-98.17924699898867,98.17924699898867,9639.164541288426,1.7889152545276898,21.1,4.3,2332.8,4713.9,0.3310485759291584,54.9,1012.8
1493,9,lr,loso,Al Jubail - SWCC,26.9042,49.76274,01-04-2020 00:00,5407.2,5380.213626866981,-26.986373133018787,26.986373133018787,728.2643348745182,0.4990822076679019,26.1,4.2,2869.8,3396.5,0.457973604838581,51.8,1009.7
1494,9,lr,loso,Al Jubail - SWCC,26.9042,49.76274,01-05-2020 00:00,6894.7,6827.434511968607,-67.26548803139303,67.26548803139303,4524.64588010148,0.9756115281505073,30.0,3.6,2616.7,5634.3,0.3171373166888862,47.2,1007.0
1495,9,lr,loso,Al Jubail - SWCC,26.9042,49.76274,01-11-2020 00:00,3905.2,3917.1762351982006,11.976235198200811,11.976235198200811,143.43020952262404,0.3066740550599409,24.6,3.5,1498.6,4455.7,0.2516836571889223,58.9,1015.6
1496,9,lr,loso,Al Jubail - SWCC,26.9042,49.76274,01-12-2020 00:00,3358.2,3094.1994742700376,-264.0005257299622,264.0005257299622,69696.27758569643,7.861369952056524,19.0,3.6,1436.2,3841.2,0.27214158487133816,61.7,1019.2
1497,9,lr,loso,Al Jubail - SWCC,26.9042,49.76274,01-01-2021 00:00,3883.0,3702.1818214658892,-180.81817853411076,180.81817853411076,32695.213688393553,4.656661821635611,17.4,3.4,1497.3,4548.5,0.2476595322372556,59.1,1019.3
1498,9,lr,loso,Al Jubail - SWCC,26.9042,49.76274,01-02-2021 00:00,4494.8,4388.432957737812,-106.36704226218808,106.36704226218808,11313.947679606104,2.36644661079888,18.4,3.8,1576.0,5087.3,0.23651944231837077,60.0,1017.3
1499,9,lr,loso,Al Jubail - SWCC,26.9042,49.76274,01-03-2021 00:00,5505.5,5424.290919271491,-81.20908072850943,81.20908072850943,6594.914792769562,1.4750536868315218,21.9,4.5,2614.9,4175.9,0.385065088060317,52.5,1013.0
1500,9,lr,loso,Al Jubail - SWCC,26.9042,49.76274,01-04-2021 00:00,6685.9,6526.980112820293,-158.91988717970708,158.91988717970708,25255.530541210825,2.3769408333912723,26.5,4.1,2655.6,5380.8,0.3304464685680155,47.7,1010.4
1501,9,lr,loso,Al Jubail - SWCC,26.9042,49.76274,01-05-2021 00:00,7350.3,7296.358517160363,-53.9414828396375,53.9414828396375,2909.683570938907,0.7338677719227447,32.1,3.3,2539.0,6355.7,0.28545088648296174,42.6,1004.8
1502,9,lr,loso,Al Jubail - SWCC,26.9042,49.76274,01-07-2021 00:00,7340.4,7229.682353121502,-110.71764687849736,110.71764687849736,12258.397330311636,1.5083326096465774,35.9,3.5,2197.9,6751.2,0.24560011621280353,50.2,997.0
1503,9,lr,loso,Al Jubail - SWCC,26.9042,49.76274,01-08-2021 00:00,6824.9,6599.924769151244,-224.97523084875593,224.97523084875593,50613.85449545102,3.296388677471552,35.5,0.2,2101.2,6325.2,0.24935915693534605,55.2,1000.1
1504,9,lr,loso,Al Jubail - SWCC,26.9042,49.76274,01-09-2021 00:00,6263.2,6215.26228089321,-47.9377191067897,47.9377191067897,2298.02491316147,0.7653870083470063,32.8,0.0,1628.3,6721.8,0.19500365265086644,55.3,1003.5
1505,9,lr,loso,Al Jubail - SWCC,26.9042,49.76274,01-10-2021 00:00,5176.8,5241.264936394195,64.46493639419441,64.46493639419441,4155.728024307531,1.2452661179530677,29.5,0.0,1558.9,5815.0,0.21140780319776512,58.5,1010.8
1506,9,lr,loso,Al Jubail - SWCC,26.9042,49.76274,01-11-2021 00:00,4147.8,4242.984257433545,95.1842574335451,95.1842574335451,9060.042863175386,2.2948130920860477,24.0,0.0,1445.8,5032.5,0.22317583316610837,59.0,1014.7
1507,9,lr,loso,Al Jubail - SWCC,26.9042,49.76274,01-12-2021 00:00,3370.2,3164.0480297998706,-206.1519702001292,206.1519702001292,42498.63481739496,6.116906124269456,19.1,0.0,1417.7,3890.0,0.2671025114456356,61.1,1018.4
513,10,lr,loso,Al Khafji - SWCC,28.50676,48.455128,01-02-2017 00:00,3949.1,3477.6501595624677,-471.4498404375322,471.4498404375322,222264.95204857457,11.938159085298732,12.5,3.5,1788.9,3785.9,0.3208904355313195,47.2,1019.5
514,10,lr,loso,Al Khafji - SWCC,28.50676,48.455128,01-11-2017 00:00,3938.1,3855.594667024985,-82.50533297501488,82.50533297501488,6807.129969318078,2.095054289505469,21.5,3.3,1571.4,4407.1,0.26284184996236515,48.1,1016.4
515,10,lr,loso,Al Khafji - SWCC,28.50676,48.455128,01-03-2018 00:00,5826.0,5641.363812515663,-184.63618748433692,184.63618748433692,34090.52172875121,3.169175892281787,21.5,3.4,2206.8,5403.5,0.2899754280383165,44.9,1013.0
516,10,lr,loso,Al Khafji - SWCC,28.50676,48.455128,01-04-2018 00:00,5838.9,5872.469204511852,33.56920451185215,33.56920451185215,1126.8914915585547,0.5749234361241355,24.3,3.7,3234.6,3462.7,0.4829707494064773,51.3,1009.9
517,10,lr,loso,Al Khafji - SWCC,28.50676,48.455128,01-05-2018 00:00,6759.9,6961.940573305871,202.04057330587148,202.04057330587148,40820.393261765224,2.98881009047281,29.9,3.0,3162.2,4749.9,0.3996663338431011,38.4,1006.9
518,10,lr,loso,Al Khafji - SWCC,28.50676,48.455128,01-06-2018 00:00,7569.0,7568.465427533186,-0.5345724668140974,0.5345724668140974,0.2857677222757093,0.007062656451500825,34.8,3.8,3187.7,5639.7,0.36111425787887713,29.1,1000.0
519,10,lr,loso,Al Khafji - SWCC,28.50676,48.455128,01-07-2018 00:00,7416.9,7487.257634876354,70.3576348763545,70.3576348763545,4950.196785394414,0.9486124240094177,36.4,4.0,2899.6,5875.5,0.3304349807979396,21.6,996.6
520,10,lr,loso,Al Khafji - SWCC,28.50676,48.455128,01-03-2020 00:00,5678.3,5561.414973435224,-116.88502656477613,116.88502656477613,13662.10943504842,2.058451060436682,19.3,3.6,2138.4,5343.2,0.2858212147134303,56.6,1012.8
521,10,lr,loso,Al Khafji - SWCC,28.50676,48.455128,01-04-2020 00:00,6194.9,6650.116071033855,455.21607103385577,455.21607103385577,207221.67132750043,7.348239213447445,24.3,3.5,3297.2,3990.5,0.45243355242394717,51.8,1009.8
522,10,lr,loso,Al Khafji - SWCC,28.50676,48.455128,01-09-2020 00:00,6394.5,6364.609525267673,-29.890474732326766,29.890474732326766,893.4404797238649,0.467440374264239,33.0,2.7,1898.9,6518.8,0.22558418570393338,40.8,1004.1
523,10,lr,loso,Al Khafji - SWCC,28.50676,48.455128,01-10-2020 00:00,5466.9,5565.253944559432,98.35394455943242,98.35394455943242,9673.498410399907,1.799080732397381,26.6,2.5,1368.7,6781.2,0.16794071092896848,42.6,1011.6
524,10,lr,loso,Al Khafji - SWCC,28.50676,48.455128,01-11-2020 00:00,3736.1,3597.855369605743,-138.244630394257,138.244630394257,19111.577832844727,3.700239029850834,22.4,3.6,1507.8,4169.5,0.2655839923907491,56.9,1015.9
525,10,lr,loso,Al Khafji - SWCC,28.50676,48.455128,01-12-2020 00:00,3067.4,2697.7000076172108,-369.69999238278933,369.69999238278933,136678.0843678345,12.05255240212523,15.5,3.1,1282.8,3681.1,0.25842583452527246,64.4,1019.5
526,10,lr,loso,Al Khafji - SWCC,28.50676,48.455128,01-01-2021 00:00,3791.6,3491.545795293069,-300.0542047069307,300.0542047069307,90032.52576230868,7.913656627991632,13.9,2.9,1545.4,4379.7,0.26082260215017466,53.9,1019.7
527,10,lr,loso,Al Khafji - SWCC,28.50676,48.455128,01-02-2021 00:00,4392.6,4258.94357746761,-133.65642253239002,133.65642253239002,17864.039284156777,3.0427633413556894,16.0,0.0,1477.9,5060.7,0.22602697825222526,57.1,1017.6
528,10,lr,loso,Al Khafji - SWCC,28.50676,48.455128,01-03-2021 00:00,5763.4,5705.072138266521,-58.32786173347904,58.32786173347904,3402.1394543998485,1.0120391042349837,20.1,0.0,2573.5,4760.7,0.3508903493223528,42.5,1013.2
529,10,lr,loso,Al Khafji - SWCC,28.50676,48.455128,01-04-2021 00:00,6385.6,6418.320179835466,32.72017983546539,32.72017983546539,1070.6101684651958,0.5124057228054589,25.6,0.0,2797.2,4953.7,0.360887122785741,34.3,1010.5
530,10,lr,loso,Al Khafji - SWCC,28.50676,48.455128,01-05-2021 00:00,7342.1,7305.46220949501,-36.637790504990335,36.637790504990335,1342.32769308756,0.49900969075591906,32.1,0.0,2642.0,6220.9,0.29809655981676425,26.7,1004.7
531,10,lr,loso,Al Khafji - SWCC,28.50676,48.455128,01-07-2021 00:00,7678.7,7642.57610660603,-36.12389339396941,36.12389339396941,1304.9356739388668,0.4704428274834205,36.7,0.0,2200.3,7293.0,0.23177398797046342,30.0,996.9
532,10,lr,loso,Al Khafji - SWCC,28.50676,48.455128,01-08-2021 00:00,7239.3,7153.313666421832,-85.98633357816834,85.98633357816834,7393.64956221604,1.187771380909319,35.8,0.0,2172.8,6851.9,0.24076146575509436,33.5,999.9
533,10,lr,loso,Al Khafji - SWCC,28.50676,48.455128,01-09-2021 00:00,6523.0,6509.422683654964,-13.577316345035797,13.577316345035797,184.34351913317622,0.20814527587054724,32.2,0.0,1749.5,6997.5,0.2000114324911398,31.5,1003.5
534,10,lr,loso,Al Khafji - SWCC,28.50676,48.455128,01-10-2021 00:00,5078.8,5170.9021216640685,92.10212166406836,92.10212166406836,8482.80081502285,1.813462267938654,27.6,0.0,1732.2,5432.1,0.2417821699258825,38.1,1011.0
1068,11,lr,loso,Al Qunfudhah - TVTC,19.15197,41.08111,01-01-2017 00:00,4603.3,4651.59150423312,48.29150423311967,48.29150423311967,2332.069381097415,1.0490627209419257,26.5,2.3,1731.3,4826.3,0.26401427351470047,76.5,1012.8
1069,11,lr,loso,Al Qunfudhah - TVTC,19.15197,41.08111,01-02-2017 00:00,4068.8,4060.6895856466754,-8.110414353324813,8.110414353324813,65.77882098261715,0.1993318509959893,26.4,2.5,2493.3,2316.6,0.5183683652466788,71.1,1012.0
1070,11,lr,loso,Al Qunfudhah - TVTC,19.15197,41.08111,01-03-2017 00:00,5175.3,5110.55601517807,-64.7439848219301,64.7439848219301,4191.783570622315,1.2510189713046607,28.0,2.6,2617.2,3455.6,0.4309708865762087,72.8,1008.9
1071,11,lr,loso,Al Qunfudhah - TVTC,19.15197,41.08111,01-04-2017 00:00,6063.9,5884.839420879678,-179.06057912032156,179.06057912032156,32062.690994904937,2.9528946572390966,30.6,2.6,2708.7,4292.5,0.3868908187167914,65.0,1007.7
1072,11,lr,loso,Al Qunfudhah - TVTC,19.15197,41.08111,01-05-2017 00:00,5961.5,5839.61464212896,-121.88535787103956,121.88535787103956,14856.040463351384,2.044541774235336,32.1,2.9,2791.6,3960.8,0.41342337539245305,71.3,1006.0
1073,11,lr,loso,Al Qunfudhah - TVTC,19.15197,41.08111,01-06-2017 00:00,5946.6,5796.690800115299,-149.9091998847016,149.9091998847016,22472.768210071416,2.520922878362452,32.6,2.9,2959.5,3624.0,0.44953292321713373,74.7,1002.2
1074,11,lr,loso,Al Qunfudhah - TVTC,19.15197,41.08111,01-09-2017 00:00,5957.8,5939.5240815912175,-18.275918408782672,18.275918408782672,334.0091936844814,0.30675615846088605,32.2,2.8,3070.0,3642.6,0.4573488663111164,79.4,1004.5
1075,11,lr,loso,Al Qunfudhah - TVTC,19.15197,41.08111,01-10-2017 00:00,5667.9,5678.022623003482,10.122623003482659,10.122623003482659,102.46749647063628,0.1785956527723259,30.5,2.5,2091.8,5201.7,0.2868033180228971,78.4,1007.8
1076,11,lr,loso,Al Qunfudhah - TVTC,19.15197,41.08111,01-11-2017 00:00,4737.6,4851.039521993146,113.43952199314572,113.43952199314572,12868.52515003339,2.3944512409900733,29.1,2.3,1912.1,4619.1,0.2927639637432631,74.2,1010.4
1077,11,lr,loso,Al Qunfudhah - TVTC,19.15197,41.08111,01-12-2017 00:00,4548.6,4641.035039302564,92.43503930256338,92.43503930256338,8544.236490866437,2.032164606748524,26.7,2.1,1658.6,5033.8,0.2478333632179786,73.0,1013.3
1078,11,lr,loso,Al Qunfudhah - TVTC,19.15197,41.08111,01-03-2018 00:00,6486.4,6295.573391036783,-190.82660896321704,190.82660896321704,36414.79468840054,2.9419494475088963,27.8,2.3,2263.3,5829.9,0.2796545247862403,71.9,1009.3
1079,11,lr,loso,Al Qunfudhah - TVTC,19.15197,41.08111,01-04-2018 00:00,6652.1,6544.977995367441,-107.12200463255977,107.12200463255977,11475.123876498155,1.6103486813571617,30.2,2.5,2627.6,5211.2,0.3352043680155126,70.7,1006.9
1080,11,lr,loso,Al Qunfudhah - TVTC,19.15197,41.08111,01-05-2018 00:00,6919.4,6954.3945376449365,34.99453764493683,34.99453764493683,1224.6176649829008,0.5057452617992431,31.8,2.6,3245.1,4602.4,0.41352022937241156,70.7,1004.8
1081,11,lr,loso,Al Qunfudhah - TVTC,19.15197,41.08111,01-06-2018 00:00,6298.2,6689.643671683188,391.44367168318786,391.44367168318786,153228.14810081536,6.2151673761263195,32.7,3.2,3832.3,2975.4,0.5629360870778677,72.1,1002.3
1082,11,lr,loso,Al Qunfudhah - TVTC,19.15197,41.08111,01-07-2018 00:00,6173.5,6472.041921488902,298.5419214889016,298.5419214889016,89127.2788862855,4.835861690919278,32.7,3.5,3603.3,3098.7,0.537645478961504,69.2,1002.6
1083,11,lr,loso,Al Qunfudhah - TVTC,19.15197,41.08111,01-08-2018 00:00,6225.0,6333.958758669531,108.95875866953065,108.95875866953065,11872.011090805021,1.7503415047314161,33.0,3.5,3379.3,3438.1,0.4956875055006308,74.3,1002.8
1084,11,lr,loso,Al Qunfudhah - TVTC,19.15197,41.08111,01-09-2018 00:00,5957.2,6007.379777517802,50.179777517801995,50.179777517801995,2518.0100717361065,0.8423383052071779,32.7,2.3,3243.1,3374.2,0.4900941471597178,80.7,1005.0
1085,11,lr,loso,Al Qunfudhah - TVTC,19.15197,41.08111,01-10-2018 00:00,5391.0,5457.045984248923,66.04598424892265,66.04598424892265,4362.072035408939,1.2251156417904405,30.8,1.8,2299.3,4418.2,0.3422850762932639,74.8,1008.8
1086,11,lr,loso,Al Qunfudhah - TVTC,19.15197,41.08111,01-11-2018 00:00,4418.4,4446.133809595667,27.73380959566748,27.73380959566748,769.1641946887377,0.6276889732859742,29.1,1.6,2037.1,3856.6,0.3456402599385785,75.7,1010.4
1087,11,lr,loso,Al Qunfudhah - TVTC,19.15197,41.08111,01-12-2018 00:00,4109.2,4187.334678348348,78.13467834834773,78.13467834834773,6105.02796059976,1.901457177755956,27.5,1.6,2033.3,3567.0,0.3630698355445244,77.8,1012.5
1088,11,lr,loso,Al Qunfudhah - TVTC,19.15197,41.08111,01-01-2019 00:00,4616.3,4693.919976850148,77.6199768501474,77.6199768501474,6024.860806217418,1.6814326809381406,26.8,1.6,2196.5,3983.3,0.3554322146347778,79.1,1012.9
1089,11,lr,loso,Al Qunfudhah - TVTC,19.15197,41.08111,01-02-2019 00:00,4805.2,4902.647227019814,97.44722701981391,97.44722701981391,9495.96205385115,2.0279536131651943,26.6,2.0,2694.3,3153.1,0.46076888873687455,75.9,1011.7
1090,11,lr,loso,Al Qunfudhah - TVTC,19.15197,41.08111,01-03-2019 00:00,6154.0,6079.938632303844,-74.06136769615568,74.06136769615568,5485.086185025173,1.2034671383840703,26.9,2.3,2688.8,4702.5,0.3637790375170809,71.5,1010.3
1091,11,lr,loso,Al Qunfudhah - TVTC,19.15197,41.08111,01-04-2019 00:00,6536.0,6492.455008168702,-43.54499183129792,43.54499183129792,1896.1663135878027,0.6662330451544969,29.8,2.0,2894.4,4666.4,0.3828166331605122,71.1,1007.6
1092,11,lr,loso,Al Qunfudhah - TVTC,19.15197,41.08111,01-05-2019 00:00,6425.8,6506.371238778801,80.57123877880076,80.57123877880076,6491.724518350527,1.2538709386971392,32.6,2.2,2897.1,4598.5,0.3865067506270345,60.9,1006.1
1093,11,lr,loso,Al Qunfudhah - TVTC,19.15197,41.08111,01-06-2019 00:00,6387.9,6510.788972559962,122.88897255996199,122.88897255996199,15101.69957684309,1.9237773377786438,33.3,2.9,3510.2,3458.7,0.5036949877312058,73.4,1002.6
1094,11,lr,loso,Al Qunfudhah - TVTC,19.15197,41.08111,01-07-2019 00:00,6463.4,6750.517764867715,287.1177648677158,287.1177648677158,82436.61090263292,4.442209438804898,33.0,3.3,3579.8,3504.5,0.5053145688353119,70.0,1001.2
1095,11,lr,loso,Al Qunfudhah - TVTC,19.15197,41.08111,01-08-2019 00:00,6034.5,6199.823444689592,165.32344468959218,165.32344468959218,27331.841364032643,2.7396378273194495,32.9,3.4,3219.6,3438.2,0.4835831656102617,76.4,1003.8
1096,11,lr,loso,Al Qunfudhah - TVTC,19.15197,41.08111,01-09-2019 00:00,5989.8,5952.762834493398,-37.03716550660192,37.03716550660192,1371.7516287634232,0.6183372651274153,32.1,2.5,2896.6,3898.3,0.4262903059647677,82.2,1003.8
1097,11,lr,loso,Al Qunfudhah - TVTC,19.15197,41.08111,01-10-2019 00:00,5564.8,5616.028159251453,51.22815925145278,51.22815925145278,2624.324300292207,0.9205750296767679,30.9,1.8,2124.4,4919.2,0.30160713271622464,77.3,1008.3
1098,11,lr,loso,Al Qunfudhah - TVTC,19.15197,41.08111,01-11-2019 00:00,4206.5,4358.939818441197,152.43981844119662,152.43981844119662,23237.89824638499,3.623911052922777,28.7,1.4,1795.2,3890.5,0.31573948678263014,80.4,1009.6
1099,11,lr,loso,Al Qunfudhah - TVTC,19.15197,41.08111,01-12-2019 00:00,4460.9,4683.265117940108,222.36511794010858,222.36511794010858,49446.245676518396,4.984759083147091,27.6,1.8,1773.5,4714.4,0.273355014719709,79.0,1011.6
1100,11,lr,loso,Al Qunfudhah - TVTC,19.15197,41.08111,01-01-2020 00:00,4132.0,4323.2517111027655,191.2517111027655,191.2517111027655,36577.21699973568,4.628550607520947,20.2,2.1,1493.0,4790.6,0.23760264816347315,62.9,1016.4
1101,11,lr,loso,Al Qunfudhah - TVTC,19.15197,41.08111,01-02-2020 00:00,5069.8,5095.178183510678,25.378183510677445,25.378183510677445,644.0521983016206,0.5005756343579124,26.2,1.6,2509.8,3741.1,0.4015101825337152,79.0,1012.7
1102,11,lr,loso,Al Qunfudhah - TVTC,19.15197,41.08111,01-03-2020 00:00,5969.4,6027.7098457774055,58.309845777405826,58.309845777405826,3400.038114584852,0.9768125067411436,27.1,1.2,2971.8,3975.4,0.4277694610778443,78.1,1009.3
1103,11,lr,loso,Al Qunfudhah - TVTC,19.15197,41.08111,01-04-2020 00:00,6822.3,6653.370074329856,-168.92992567014426,168.92992567014426,28537.319786920463,2.476143319263947,29.8,2.5,2477.4,5643.0,0.3050834934239693,74.4,1007.8
1104,11,lr,loso,Al Qunfudhah - TVTC,19.15197,41.08111,01-05-2020 00:00,6685.0,6700.866030888354,15.866030888353635,15.866030888353635,251.7309361501916,0.23733778441815456,32.1,3.0,2890.0,4756.6,0.377945753668297,73.0,1006.0
1105,11,lr,loso,Al Qunfudhah - TVTC,19.15197,41.08111,01-10-2020 00:00,5807.6,5828.406936906418,20.806936906417832,20.806936906417832,432.92862342765244,0.3582708331568605,30.6,2.3,1839.5,5788.0,0.24116683054736152,78.8,1007.5
1106,11,lr,loso,Al Qunfudhah - TVTC,19.15197,41.08111,01-11-2020 00:00,4494.5,4612.098314568977,117.598314568977,117.598314568977,13829.363589464068,2.616493816197063,29.2,2.3,1828.7,4301.2,0.29832460562162516,80.0,1010.2
1107,11,lr,loso,Al Qunfudhah - TVTC,19.15197,41.08111,01-12-2020 00:00,4492.0,4717.764351343852,225.76435134385156,225.76435134385156,50969.54233771005,5.025920555295003,27.4,2.1,1638.6,5006.1,0.24660255542010923,82.9,1011.5
1108,11,lr,loso,Al Qunfudhah - TVTC,19.15197,41.08111,01-01-2021 00:00,4590.6,4736.586092716962,145.98609271696205,145.98609271696205,21311.93926676544,3.1801091952459815,26.2,2.1,1968.1,4364.5,0.3107886176294097,83.6,1011.8
1109,11,lr,loso,Al Qunfudhah - TVTC,19.15197,41.08111,01-02-2021 00:00,5038.1,4968.047534776977,-70.05246522302332,70.05246522302332,4907.347883822891,1.390454044640307,26.0,2.6,2207.1,4209.1,0.3439886537202705,79.0,1011.5
1110,11,lr,loso,Al Qunfudhah - TVTC,19.15197,41.08111,01-04-2021 00:00,6796.6,6878.493009965583,81.89300996558268,81.89300996558268,6706.465081223024,1.2049114257949955,29.6,2.5,2874.2,4925.7,0.3684919037423557,72.7,1007.5
1111,11,lr,loso,Al Qunfudhah - TVTC,19.15197,41.08111,01-07-2021 00:00,5840.7,6175.433226351238,334.73322635123805,334.73322635123805,112046.33282350916,5.731046387440513,33.1,3.6,3441.2,2969.5,0.5367900541282543,74.3,1001.1
1112,11,lr,loso,Al Qunfudhah - TVTC,19.15197,41.08111,01-10-2021 00:00,5500.6,5553.2848178382255,52.68481783822517,52.68481783822517,2775.6900306469693,0.957801291463207,30.6,0.0,2343.9,4448.1,0.3450971731448763,86.1,1007.4
430,12,lr,loso,Al Uwayqilah,30.327166,42.253735,01-04-2021 00:00,6817.4,6719.652563237614,-97.7474367623854,97.7474367623854,9554.561393616534,1.4337934808341217,24.9,3.9,2497.5,6127.0,0.2895820047538988,19.4,963.8
431,12,lr,loso,Al Uwayqilah,30.327166,42.253735,01-10-2021 00:00,4938.5,4936.163805128633,-2.3361948713672973,2.3361948713672973,5.457806477002863,0.04730575825386853,26.6,3.2,1705.0,5423.6,0.2391773980865808,22.2,963.8
432,12,lr,loso,Al Uwayqilah,30.327166,42.253735,01-11-2021 00:00,3868.8,3832.6796454489167,-36.12035455108344,36.12035455108344,1304.680012895974,0.9336319931524876,17.9,3.1,1358.3,4998.1,0.21369013907243092,37.7,967.4
433,12,lr,loso,Al Uwayqilah,30.327166,42.253735,01-12-2021 00:00,3175.3,2792.8473901390803,-382.4526098609199,382.4526098609199,146269.998789429,12.04461341797373,12.7,2.9,1420.0,3801.5,0.2719525040697118,47.4,968.6
1422,13,lr,loso,Al Wajh - TVTC,26.256,36.443,01-01-2017 00:00,4200.7,4161.646332915879,-39.053667084121116,39.053667084121116,1525.1889127173652,0.9296942672440575,19.5,2.9,1323.6,5446.0,0.19552115339163317,47.2,1013.9
1423,13,lr,loso,Al Wajh - TVTC,26.256,36.443,01-02-2017 00:00,5057.4,4948.039404920045,-109.36059507995469,109.36059507995469,11959.73975624181,2.162387690907476,19.3,3.0,1525.6,6045.2,0.20151106884345116,35.9,1014.3
1424,13,lr,loso,Al Wajh - TVTC,26.256,36.443,01-03-2017 00:00,5541.5,5341.272350965556,-200.22764903444386,200.22764903444386,40091.111437860425,3.613239177739671,21.7,2.9,1725.0,5803.6,0.22912626517546422,52.4,1009.5
1425,13,lr,loso,Al Wajh - TVTC,26.256,36.443,01-11-2017 00:00,4630.7,5010.5650578678105,379.8650578678107,379.8650578678107,144297.46218891517,8.203188672723579,24.2,2.6,1275.5,6355.6,0.16714497254655292,50.1,1011.1
1426,13,lr,loso,Al Wajh - TVTC,26.256,36.443,01-03-2018 00:00,6522.6,6611.995289268887,89.3952892688867,89.3952892688867,7991.51774346793,1.3705468566045242,24.1,2.7,1793.9,7248.1,0.19839637248396375,55.3,1009.5
1427,13,lr,loso,Al Wajh - TVTC,26.256,36.443,01-04-2018 00:00,7375.2,7135.417343434323,-239.78265656567692,239.78265656567692,57495.722389693365,3.251202090325373,25.3,2.7,2354.4,6860.2,0.25550756408308556,56.4,1007.2
1428,13,lr,loso,Al Wajh - TVTC,26.256,36.443,01-05-2018 00:00,7155.7,7237.14585746058,81.44585746058056,81.44585746058056,6633.4276974892055,1.1381955288871886,29.8,2.8,2985.8,5446.4,0.35409501672161475,48.4,1005.1
1429,13,lr,loso,Al Wajh - TVTC,26.256,36.443,01-06-2018 00:00,8075.8,7918.06170446575,-157.73829553425003,157.73829553425003,24881.369878050402,1.953221916519107,30.1,3.1,2297.0,7721.7,0.22927126273867865,58.8,1003.2
1430,13,lr,loso,Al Wajh - TVTC,26.256,36.443,01-01-2019 00:00,3929.6,3869.6121290683213,-59.98787093167857,59.98787093167857,3598.544658915727,1.5265643050610387,19.5,2.6,1595.7,4439.3,0.2644076222038111,49.8,1014.0
1431,13,lr,loso,Al Wajh - TVTC,26.256,36.443,01-02-2019 00:00,5101.3,5161.77312660203,60.47312660202988,60.47312660202988,3656.999041025134,1.1854454080730377,20.5,2.9,1733.3,5780.7,0.23067607133351078,43.8,1013.3
1432,13,lr,loso,Al Wajh - TVTC,26.256,36.443,01-03-2019 00:00,6392.0,6382.650223782998,-9.349776217001818,9.349776217001818,87.41831530801282,0.14627309475910227,20.9,3.1,1869.6,6942.3,0.21216763694549415,44.3,1011.8
1433,13,lr,loso,Al Wajh - TVTC,26.256,36.443,01-07-2019 00:00,8071.9,7784.82167575532,-287.0783242446796,287.0783242446796,82413.9642511334,3.556514875613915,30.5,2.6,1699.1,8707.4,0.16327295440349782,65.1,1002.0
1434,13,lr,loso,Al Wajh - TVTC,26.256,36.443,01-08-2019 00:00,7581.2,7377.307543716603,-203.89245628339722,203.89245628339722,41572.13372927705,2.6894483232654096,31.1,2.6,1678.4,8204.4,0.16983041243372327,65.5,1003.5
1435,13,lr,loso,Al Wajh - TVTC,26.256,36.443,01-11-2019 00:00,4649.9,5093.735092337071,443.8350923370717,443.8350923370717,196989.58918985698,9.545045965226603,25.9,2.4,1294.0,6403.2,0.16811308008106846,47.3,1010.2
1436,13,lr,loso,Al Wajh - TVTC,26.256,36.443,01-02-2020 00:00,5416.4,5725.227013785901,308.8270137859017,308.8270137859017,95374.12444391754,5.701702492170108,19.2,2.8,1261.4,7373.9,0.1460748323740924,49.1,1014.7
1437,13,lr,loso,Al Wajh - TVTC,26.256,36.443,01-04-2020 00:00,7491.1,7277.85048778758,-213.2495122124201,213.2495122124201,45475.35445883511,2.8467049193365472,23.9,2.9,2108.3,7510.5,0.21918534536532627,56.7,1008.6
1438,13,lr,loso,Al Wajh - TVTC,26.256,36.443,01-01-2021 00:00,4163.9,4650.896220547276,486.9962205472766,486.9962205472766,237165.31882733168,11.695675221481704,21.4,0.0,933.3,6264.0,0.12967362761035386,46.8,1013.6
1439,13,lr,loso,Al Wajh - TVTC,26.256,36.443,01-04-2021 00:00,7780.5,7664.314949307777,-116.18505069222283,116.18505069222283,13498.966004354388,1.4932851448136089,25.0,0.0,2188.7,7759.7,0.22000522697117122,56.0,1008.7
1440,13,lr,loso,Al Wajh - TVTC,26.256,36.443,01-07-2021 00:00,8133.6,8169.260556307055,35.66055630705432,35.66055630705432,1271.6752761285918,0.43843508787073765,30.3,0.0,2075.4,8229.8,0.2013934712572294,64.9,1001.1
675,14,lr,loso,Arar - TVTC,31.027395,40.906419,01-01-2017 00:00,3512.9,3279.462353502675,-233.4376464973252,233.4376464973252,54493.13480221017,6.6451549004334085,8.1,2.8,1302.8,4734.2,0.21580255093589532,50.1,952.2
676,14,lr,loso,Arar - TVTC,31.027395,40.906419,01-02-2017 00:00,4507.6,4110.078131438237,-397.52186856176377,397.52186856176377,158023.63598483618,8.818925116730938,9.0,3.4,1425.7,5677.6,0.2007095293736714,27.3,952.7
677,14,lr,loso,Arar - TVTC,31.027395,40.906419,01-03-2017 00:00,5568.1,5551.027201993058,-17.07279800694232,17.07279800694232,291.4804317858537,0.3066180206343693,16.2,4.1,2247.0,5276.1,0.2986800653985724,41.1,946.8
678,14,lr,loso,Arar - TVTC,31.027395,40.906419,01-04-2017 00:00,6069.7,6000.139012102073,-69.56098789792668,69.56098789792668,4838.731037335502,1.1460366722890205,21.7,4.0,2775.9,4632.1,0.3747165226781858,26.0,947.9
679,14,lr,loso,Arar - TVTC,31.027395,40.906419,01-05-2017 00:00,7301.0,6956.238777852115,-344.76122214788484,344.76122214788484,118860.3002969032,4.722109603450004,28.4,4.1,2414.8,6512.4,0.2704991486692356,15.7,944.8
680,14,lr,loso,Arar - TVTC,31.027395,40.906419,01-11-2017 00:00,3901.3,3799.1006948399217,-102.19930516007844,102.19930516007844,10444.697975202835,2.6196217968389623,16.7,3.3,1737.8,4327.1,0.286533990667612,40.2,950.5
681,14,lr,loso,Arar - TVTC,31.027395,40.906419,01-03-2018 00:00,6026.1,6050.456084745307,24.35608474530636,24.35608474530636,593.2188641205453,0.40417657764236176,20.6,3.6,2377.8,5717.1,0.29374050327984286,23.7,947.5
682,14,lr,loso,Arar - TVTC,31.027395,40.906419,01-04-2018 00:00,6818.8,6793.34333564973,-25.45666435027033,25.45666435027033,648.0417598423243,0.3733305618330253,22.0,3.9,2498.6,6174.8,0.28807618696243686,27.2,945.0
683,14,lr,loso,Arar - TVTC,31.027395,40.906419,01-05-2018 00:00,7092.7,7341.402929585899,248.70292958589926,248.70292958589926,61853.147184608766,3.5064634001987858,27.3,4.3,2895.7,5711.9,0.3364120079929365,25.5,944.0
684,14,lr,loso,Arar - TVTC,31.027395,40.906419,01-06-2018 00:00,8380.7,8160.860466872709,-219.83953312729136,219.83953312729136,48329.42032562543,2.6231643314674353,32.0,4.5,2239.0,8282.5,0.21280235707836334,15.4,941.4
685,14,lr,loso,Arar - TVTC,31.027395,40.906419,01-07-2018 00:00,8347.3,8188.61743069041,-158.68256930958887,158.68256930958887,25180.157802692476,1.9010047477578247,33.6,4.4,1892.3,8928.8,0.17487131622478308,15.0,939.0
686,14,lr,loso,Arar - TVTC,31.027395,40.906419,01-08-2018 00:00,7877.4,7689.051165674544,-188.34883432545575,188.34883432545575,35475.28339175798,2.3910025430402895,33.2,3.9,1359.3,9382.7,0.12654068143734873,17.0,940.1
687,14,lr,loso,Arar - TVTC,31.027395,40.906419,01-11-2018 00:00,3071.3,2771.2117848443104,-300.0882151556898,300.0882151556898,90052.93687532758,9.770722988821989,14.7,2.6,1513.2,3155.0,0.3241506362195279,75.0,950.6
688,14,lr,loso,Arar - TVTC,31.027395,40.906419,01-12-2018 00:00,3390.0,3430.750288872053,40.750288872052806,40.750288872052806,1660.5860431557508,1.202073418054655,11.7,2.7,1226.3,4918.7,0.19956061838893407,66.5,951.8
689,14,lr,loso,Arar - TVTC,31.027395,40.906419,01-01-2019 00:00,3484.3,3152.717107677483,-331.5828923225172,331.5828923225172,109947.21448096602,9.516485156918668,9.2,3.7,1518.7,4083.5,0.2710899289564814,55.5,950.5
690,14,lr,loso,Arar - TVTC,31.027395,40.906419,01-02-2019 00:00,4767.2,4720.965622786101,-46.23437721389837,46.23437721389837,2137.617636357045,0.9698434555692729,11.2,3.2,1491.0,6024.6,0.19838735430304966,54.4,950.6
691,14,lr,loso,Arar - TVTC,31.027395,40.906419,01-03-2019 00:00,5977.9,5932.176972892458,-45.723027107541384,45.723027107541384,2090.595207876964,0.7648677145409155,14.4,4.3,1759.4,6874.0,0.20378993212407628,38.3,947.3
692,14,lr,loso,Arar - TVTC,31.027395,40.906419,01-04-2019 00:00,6677.9,6426.56139297932,-251.33860702067977,251.33860702067977,63171.0953790957,3.7637372081145237,19.4,3.8,2353.1,6130.7,0.27736391711261466,33.3,946.8
693,14,lr,loso,Arar - TVTC,31.027395,40.906419,01-05-2019 00:00,7228.4,7000.208427382783,-228.19157261721648,228.19157261721648,52071.393813518385,3.1568752783080143,29.5,4.1,2436.9,6413.1,0.27535593220338983,13.8,944.8
694,14,lr,loso,Arar - TVTC,31.027395,40.906419,01-06-2019 00:00,7792.8,7748.82919482514,-43.97080517486029,43.97080517486029,1933.4317077255203,0.5642491168111627,33.8,4.4,2142.5,7696.6,0.2177536563303554,13.0,941.8
695,14,lr,loso,Arar - TVTC,31.027395,40.906419,01-07-2019 00:00,8295.1,8172.450923197473,-122.64907680252782,122.64907680252782,15042.796040512367,1.478572612777758,33.9,4.0,1512.2,9517.0,0.1371087658216371,13.0,939.1
696,14,lr,loso,Arar - TVTC,31.027395,40.906419,01-08-2019 00:00,7449.2,7373.891436722901,-75.30856327709898,75.30856327709898,5671.379702860821,1.010961758002188,34.2,4.6,1847.9,7884.0,0.18988070161016865,14.7,939.9
697,14,lr,loso,Arar - TVTC,31.027395,40.906419,01-09-2019 00:00,6579.7,6580.964071633161,1.2640716331616204,1.2640716331616204,1.5978770937638862,0.019211691006605476,31.8,3.5,1730.1,7316.8,0.19123677723861213,16.0,943.2
698,14,lr,loso,Arar - TVTC,31.027395,40.906419,01-10-2019 00:00,4677.5,4660.327323061862,-17.172676938137556,17.172676938137556,294.90083322164145,0.3671336598212198,25.9,3.3,1919.6,4585.6,0.2950870073172231,33.3,947.2
699,14,lr,loso,Arar - TVTC,31.027395,40.906419,01-11-2019 00:00,3861.5,3827.6653215641822,-33.83467843581775,33.83467843581775,1144.7854648551906,0.8762055790707691,16.3,3.3,1386.6,5025.0,0.21626427100879653,42.8,950.9
700,14,lr,loso,Arar - TVTC,31.027395,40.906419,01-12-2019 00:00,3586.5,3713.2065134558984,126.7065134558984,126.7065134558984,16054.540552149763,3.532873649962314,11.3,2.7,1018.9,5810.8,0.14918664070164137,52.7,950.5
701,14,lr,loso,Arar - TVTC,31.027395,40.906419,01-12-2020 00:00,3033.7,2815.680818268369,-218.01918173163085,218.01918173163085,47532.36360292988,7.186576844501133,11.1,2.2,1135.5,4234.8,0.21144070163678005,60.2,952.3
702,14,lr,loso,Arar - TVTC,31.027395,40.906419,01-01-2021 00:00,3818.0,3871.342354132562,53.34235413256192,53.34235413256192,2845.406744403646,1.3971281857664202,10.3,2.6,1205.0,5599.4,0.17709129386867323,45.0,952.5
703,14,lr,loso,Arar - TVTC,31.027395,40.906419,01-02-2021 00:00,4494.1,4499.231684227605,5.131684227604637,5.131684227604637,26.334183011846203,0.1141871393071947,12.8,4.0,1431.8,5623.1,0.2029511403421735,47.6,950.9
704,14,lr,loso,Arar - TVTC,31.027395,40.906419,01-03-2021 00:00,6031.2,6079.641095172591,48.441095172591304,48.441095172591304,2346.5397015200483,0.803175075815614,17.6,3.9,2035.0,6328.9,0.24330754791425055,26.8,947.7
705,14,lr,loso,Arar - TVTC,31.027395,40.906419,01-04-2021 00:00,7221.9,7044.7617773389575,-177.13822266104216,177.13822266104216,31377.949927512953,2.4527925152804966,23.8,3.5,2373.1,6738.1,0.26045965405215554,16.2,947.8
706,14,lr,loso,Arar - TVTC,31.027395,40.906419,01-05-2021 00:00,7981.5,8043.2006458379,61.70064583790008,61.70064583790008,3806.969696813977,0.7730457412503926,30.2,3.8,2280.7,7801.8,0.22620381849739646,11.4,943.1
707,14,lr,loso,Arar - TVTC,31.027395,40.906419,01-07-2021 00:00,8315.8,8333.956979150875,18.156979150875486,18.156979150875486,329.6758918853271,0.21834314378502956,35.7,4.1,1694.9,9161.6,0.15611845438216737,12.6,938.1
708,14,lr,loso,Arar - TVTC,31.027395,40.906419,01-09-2021 00:00,6632.8,6821.33756589807,188.53756589807017,188.53756589807017,35546.41375476915,2.8425034057723764,30.3,2.6,1476.5,7933.3,0.15691088014623053,17.3,943.7
709,14,lr,loso,Arar - TVTC,31.027395,40.906419,01-10-2021 00:00,5192.8,5265.186465545402,72.38646554540173,72.38646554540173,5239.800394155633,1.3939775370782956,25.3,2.5,1552.1,6211.4,0.19992271527017452,19.4,947.9
710,14,lr,loso,Arar - TVTC,31.027395,40.906419,01-11-2021 00:00,3895.1,3931.138784601829,36.038784601828866,36.038784601828866,1298.7939955770173,0.9252338733749804,17.2,1.7,1242.6,5412.9,0.1867027270678386,35.3,950.9
711,14,lr,loso,Arar - TVTC,31.027395,40.906419,01-12-2021 00:00,3266.2,2967.5903513218605,-298.60964867813937,298.60964867813937,89167.72228368183,9.142417753907885,11.6,2.3,1379.0,4174.4,0.2483163467425361,43.8,951.7
234,15,lr,loso,Dammam - IAFU,26.394974,50.188715,01-01-2017 00:00,3406.4,2973.174039874485,-433.22596012551503,433.22596012551503,187684.73252667434,12.718000238536725,16.9,3.1,1650.3,3329.7,0.33138554216867466,61.2,1016.7
235,15,lr,loso,Dammam - IAFU,26.394974,50.188715,01-02-2017 00:00,3697.9,3228.4974410738946,-469.4025589261055,469.4025589261055,220338.76232637593,12.693760213259026,15.3,3.1,1811.4,3093.4,0.3693116946664492,59.1,1017.7
236,15,lr,loso,Dammam - IAFU,26.394974,50.188715,01-03-2017 00:00,4194.0,4010.3964826229885,-183.60351737701149,183.60351737701149,33710.25159321056,4.377766270315009,20.5,2.8,2367.4,2678.7,0.4691543964645964,61.7,1012.0
237,15,lr,loso,Dammam - IAFU,26.394974,50.188715,01-04-2017 00:00,6012.5,5945.169468844105,-67.33053115589519,67.33053115589519,4533.4004257349725,1.1198425140273627,26.9,3.3,2837.3,4293.9,0.39787132600403863,43.3,1009.4
238,15,lr,loso,Dammam - IAFU,26.394974,50.188715,01-05-2017 00:00,5818.6,5726.257114174847,-92.34288582515364,92.34288582515364,8527.208562517362,1.5870292823901562,32.3,3.6,2971.0,3669.4,0.44741280645744236,34.6,1004.7
239,15,lr,loso,Dammam - IAFU,26.394974,50.188715,01-09-2017 00:00,6432.2,6440.838930014297,8.63893001429733,8.63893001429733,74.63111179192727,0.13430754662941655,33.6,2.2,2215.5,5997.2,0.26976511987531504,54.6,1003.5
240,15,lr,loso,Dammam - IAFU,26.394974,50.188715,01-11-2017 00:00,4137.7,4232.660092373114,94.9600923731141,94.9600923731141,9017.419143510362,2.294997036351454,24.5,2.6,1651.3,4544.7,0.26651065203357005,51.5,1014.5
241,15,lr,loso,Dammam - IAFU,26.394974,50.188715,01-03-2018 00:00,6251.9,6252.370573208884,0.47057320888416143,0.47057320888416143,0.22143914491953662,0.007526883169663007,23.8,2.7,2315.9,5841.9,0.2838878128907304,44.6,1011.7
242,15,lr,loso,Dammam - IAFU,26.394974,50.188715,01-04-2018 00:00,5642.3,5668.0109328838735,25.710932883873284,25.710932883873284,661.0520697590366,0.45568177664911974,25.9,3.1,3132.6,3279.8,0.4885222381635581,47.7,1008.5
243,15,lr,loso,Dammam - IAFU,26.394974,50.188715,01-05-2018 00:00,6885.3,7054.409757505493,169.10975750549278,169.10975750549278,28598.11008356657,2.456098608709755,30.9,2.6,3409.9,4513.0,0.430385338701738,38.7,1005.3
244,15,lr,loso,Dammam - IAFU,26.394974,50.188715,01-06-2018 00:00,7999.6,7789.601168610703,-209.99883138929727,209.99883138929727,44099.509184870505,2.6251166481986257,35.7,3.7,2649.2,6889.6,0.27772885478257225,30.4,998.2
245,15,lr,loso,Dammam - IAFU,26.394974,50.188715,01-07-2018 00:00,7608.6,7579.97635035627,-28.62364964373046,28.62364964373046,819.3133189270309,0.3762012675621068,36.1,3.3,2855.1,6132.0,0.31768868711820275,33.1,994.8
246,15,lr,loso,Dammam - IAFU,26.394974,50.188715,01-08-2018 00:00,7271.1,7196.792971516931,-74.30702848306919,74.30702848306919,5521.5344819836555,1.0219503030225026,35.5,1.0,2406.7,6500.8,0.2701880437833286,36.3,997.1
247,15,lr,loso,Dammam - IAFU,26.394974,50.188715,01-10-2018 00:00,5034.3,5078.79540699957,44.49540699957015,44.49540699957015,1979.8412440573964,0.8838449635415082,29.6,0.0,2182.0,4403.9,0.33131386750482095,54.9,1011.3
248,15,lr,loso,Dammam - IAFU,26.394974,50.188715,01-01-2019 00:00,3912.7,3900.093714589878,-12.606285410121927,12.606285410121927,158.91843184145296,0.3221889081739445,18.2,0.0,3909.6,5.1,0.9986972181776381,56.8,1017.6
249,15,lr,loso,Dammam - IAFU,26.394974,50.188715,01-02-2019 00:00,4356.1,4245.183485749828,-110.91651425017244,110.91651425017244,12302.473133408706,2.546234343797719,17.7,0.0,3558.3,817.9,0.8131026918330972,60.1,1016.2
250,15,lr,loso,Dammam - IAFU,26.394974,50.188715,01-03-2019 00:00,5804.1,5823.901742064766,19.801742064765676,19.801742064765676,392.1089887995104,0.3411681753375317,19.7,0.0,2153.9,5480.2,0.28214196827392884,53.2,1013.0
251,15,lr,loso,Dammam - IAFU,26.394974,50.188715,01-07-2019 00:00,7556.3,7487.62311592625,-68.67688407375044,68.67688407375044,4716.514406079357,0.90886920945106,36.0,0.0,2343.0,6820.9,0.2556771680179836,32.5,995.5
252,15,lr,loso,Dammam - IAFU,26.394974,50.188715,01-08-2019 00:00,7217.5,7190.053771530901,-27.44622846909897,27.44622846909897,753.2954571779787,0.38027334214200165,35.6,0.0,2399.2,6436.4,0.2715378695278193,40.0,997.4
253,15,lr,loso,Dammam - IAFU,26.394974,50.188715,01-11-2019 00:00,4036.0,4083.2153686868105,47.21536868681051,47.21536868681051,2229.291040231446,1.1698555175126488,23.9,0.0,1681.9,4326.4,0.2799294309538472,50.4,1014.6
254,15,lr,loso,Dammam - IAFU,26.394974,50.188715,01-11-2020 00:00,4243.7,4401.212285001306,157.51228500130583,157.51228500130583,24810.119926332594,3.7116734218089364,24.9,2.6,1467.4,5083.5,0.22399975575875072,56.0,1014.7
255,15,lr,loso,Dammam - IAFU,26.394974,50.188715,01-01-2021 00:00,4204.4,4189.051453754783,-15.348546245216312,15.348546245216312,235.57787184154375,0.36505913436438764,17.6,2.9,1527.5,5119.4,0.22980637590455702,54.6,1018.0
256,15,lr,loso,Dammam - IAFU,26.394974,50.188715,01-04-2021 00:00,6972.2,6855.813440759875,-116.38655924012437,116.38655924012437,13545.831171754979,1.6692946163352225,27.3,3.1,2608.9,5894.7,0.3067994731643069,36.0,1009.2
257,15,lr,loso,Dammam - IAFU,26.394974,50.188715,01-07-2021 00:00,7612.0,7579.555557809466,-32.444442190533664,32.444442190533664,1052.6418290548809,0.42622756424768343,36.5,2.7,2515.5,6682.8,0.2734744463650892,41.1,995.7
1113,16,lr,loso,Duba - TVTC,27.34103,35.72295,01-01-2017 00:00,4044.4,4248.391561746541,203.9915617465408,203.9915617465408,41612.55726379277,5.043802832225813,20.1,2.3,1299.0,5473.0,0.19181925575900768,40.8,1013.4
1114,16,lr,loso,Duba - TVTC,27.34103,35.72295,01-02-2017 00:00,5226.7,5361.49548369173,134.79548369173062,134.79548369173062,18169.822423687616,2.5789787761251004,19.9,2.5,1447.2,6666.4,0.17836718595937687,33.5,1014.0
1115,16,lr,loso,Duba - TVTC,27.34103,35.72295,01-03-2017 00:00,6089.8,6088.989629568689,-0.81037043131073,0.81037043131073,0.6567002359427386,0.013307012238673355,22.7,2.3,1688.2,6797.4,0.19894880739134532,45.1,1008.9
1116,16,lr,loso,Duba - TVTC,27.34103,35.72295,01-04-2017 00:00,6394.9,6460.467858575601,65.56785857560135,65.56785857560135,4299.144078190059,1.0253148380053065,27.3,2.7,2330.9,5691.7,0.2905417196420113,43.0,1007.8
1117,16,lr,loso,Duba - TVTC,27.34103,35.72295,01-05-2017 00:00,7236.6,6980.327797560174,-256.2722024398263,256.2722024398263,65675.4417433593,3.541334361990801,30.0,2.3,1884.1,7278.6,0.20562716229932224,46.8,1006.3
1118,16,lr,loso,Duba - TVTC,27.34103,35.72295,01-06-2017 00:00,7382.0,7076.09554273732,-305.9044572626799,305.9044572626799,93577.53697317475,4.143923831789215,32.8,2.8,1497.4,8077.4,0.1563896896018716,42.2,1002.4
1119,16,lr,loso,Duba - TVTC,27.34103,35.72295,01-09-2017 00:00,6391.5,6318.274426221626,-73.22557377837438,73.22557377837438,5361.98465517215,1.1456711848294514,31.5,2.2,1794.8,6679.9,0.21178330796370376,54.7,1004.5
1120,16,lr,loso,Duba - TVTC,27.34103,35.72295,01-10-2017 00:00,5606.5,5861.5988590410625,255.0988590410625,255.0988590410625,65075.427884051875,4.550055454223892,27.8,2.2,1066.2,7652.5,0.12228887334120912,52.5,1008.1
1121,16,lr,loso,Duba - TVTC,27.34103,35.72295,01-11-2017 00:00,4452.6,4845.637189916199,393.03718991619826,393.03718991619826,154478.2326572217,8.827138973098823,24.9,2.3,1155.1,6349.7,0.15391482784351349,45.2,1010.5
1122,16,lr,loso,Duba - TVTC,27.34103,35.72295,01-03-2018 00:00,6387.1,6489.895329229835,102.79532922983435,102.79532922983435,10566.879711470037,1.609421008436291,25.3,2.2,1788.4,7121.2,0.20072730537846817,42.9,1008.7
1123,16,lr,loso,Duba - TVTC,27.34103,35.72295,01-04-2018 00:00,7102.2,6938.529757339375,-163.67024266062526,163.67024266062526,26787.94833258796,2.304500614747899,26.3,2.3,2444.0,6393.4,0.2765519270373639,46.3,1006.2
1124,16,lr,loso,Duba - TVTC,27.34103,35.72295,01-05-2018 00:00,7201.6,7326.664470540052,125.06447054005184,125.06447054005184,15641.121791463496,1.7366206195852565,31.4,2.6,2961.0,5579.1,0.34671725155443145,38.2,1004.4
1125,16,lr,loso,Duba - TVTC,27.34103,35.72295,01-06-2018 00:00,7884.4,7759.721726830054,-124.6782731699459,124.6782731699459,15544.671800639651,1.5813286130833788,32.3,2.5,2185.4,7673.3,0.22167222858997637,44.0,1002.5
1126,16,lr,loso,Duba - TVTC,27.34103,35.72295,01-07-2018 00:00,7742.1,7622.384502415208,-119.7154975847925,119.7154975847925,14331.80036197446,1.5462923184251365,31.2,2.0,1849.7,8097.8,0.18594621764262378,56.6,1001.7
1127,16,lr,loso,Duba - TVTC,27.34103,35.72295,01-08-2018 00:00,7342.3,7146.379516965972,-195.92048303402862,195.92048303402862,38384.835672287096,2.6683802491593727,31.7,2.1,1394.7,8415.6,0.14216690621081923,61.0,1001.8
1128,16,lr,loso,Duba - TVTC,27.34103,35.72295,01-09-2018 00:00,6162.5,6198.183273821378,35.68327382137795,35.68327382137795,1273.2960306114371,0.579038926107553,31.8,2.4,2329.6,5452.0,0.2993728796134471,54.2,1003.9
1129,16,lr,loso,Duba - TVTC,27.34103,35.72295,01-10-2018 00:00,5367.0,5568.2803921666,201.2803921666,201.2803921666,40513.79627074029,3.750333373702255,29.1,2.3,1544.3,6273.1,0.1975464988359301,49.0,1008.4
1130,16,lr,loso,Duba - TVTC,27.34103,35.72295,01-11-2018 00:00,4328.8,4678.6657140218795,349.8657140218793,349.8657140218793,122406.01784803942,8.08227947749675,24.8,2.1,1158.7,6127.4,0.1590288357283046,45.5,1010.5
1131,16,lr,loso,Duba - TVTC,27.34103,35.72295,01-12-2018 00:00,3974.1,4362.2701701754995,388.1701701754996,388.1701701754996,150676.08101407634,9.76749880917691,21.0,2.3,1126.7,6047.5,0.15704886956036912,43.5,1013.6
1132,16,lr,loso,Duba - TVTC,27.34103,35.72295,01-01-2019 00:00,3792.0,3756.0928559271674,-35.90714407283258,35.90714407283258,1289.3229954671558,0.94691835635107,19.0,2.2,1550.7,4377.5,0.2615802435815256,47.4,1013.3
1133,16,lr,loso,Duba - TVTC,27.34103,35.72295,01-02-2019 00:00,4931.3,5077.129001427931,145.82900142793096,145.82900142793096,21266.09765746749,2.9572121231304314,20.3,2.5,1629.7,5832.3,0.2183998927901367,40.4,1012.6
1134,16,lr,loso,Duba - TVTC,27.34103,35.72295,01-03-2019 00:00,6290.2,6392.405603733839,102.20560373383887,102.20560373383887,10445.985434598499,1.6248386972407693,20.8,2.6,1821.7,7042.0,0.2055236526506989,41.5,1011.0
1135,16,lr,loso,Duba - TVTC,27.34103,35.72295,01-04-2019 00:00,7047.2,6970.5198186684165,-76.6801813315833,76.6801813315833,5879.850209044495,1.0880942974739372,24.7,2.6,2103.9,6972.8,0.2317912897859354,39.1,1008.3
1136,16,lr,loso,Duba - TVTC,27.34103,35.72295,01-05-2019 00:00,7601.9,7424.426766630275,-177.47323336972477,177.47323336972477,31496.74856270479,2.3345904756669356,29.9,2.2,2119.4,7435.5,0.22181289181467104,42.9,1005.3
1137,16,lr,loso,Duba - TVTC,27.34103,35.72295,01-06-2019 00:00,7745.1,7659.773416763581,-85.32658323641954,85.32658323641954,7280.625806801631,1.1016847198411839,32.3,2.1,1959.9,7861.7,0.19954997149140669,46.5,1003.4
1138,16,lr,loso,Duba - TVTC,27.34103,35.72295,01-07-2019 00:00,7879.6,7592.881368758972,-286.71863124102856,286.71863124102856,82207.57350072892,3.6387460180850364,31.8,2.2,1560.2,8718.2,0.1517940535491905,53.4,1000.9
1139,16,lr,loso,Duba - TVTC,27.34103,35.72295,01-08-2019 00:00,7363.8,7120.913506724166,-242.88649327583425,242.88649327583425,58993.84861583188,3.2983852532094065,31.6,1.9,1440.5,8349.2,0.14714444773588567,59.2,1002.6
1140,16,lr,loso,Duba - TVTC,27.34103,35.72295,01-09-2019 00:00,6733.8,6730.411012540299,-3.3889874597007292,3.3889874597007292,11.485236002008802,0.050328008846427415,30.7,1.8,1607.9,7569.2,0.17520785433306818,56.5,1003.5
1141,16,lr,loso,Duba - TVTC,27.34103,35.72295,01-10-2019 00:00,5376.6,5707.247918521461,330.64791852146027,330.64791852146027,109328.04602257423,6.1497585559918955,30.1,1.9,1709.8,6070.2,0.21976863753213366,47.0,1007.3
1142,16,lr,loso,Duba - TVTC,27.34103,35.72295,01-11-2019 00:00,4825.1,5537.038580456801,711.938580456801,711.938580456801,506856.5423428449,14.75489793904377,26.0,2.1,1253.5,6988.9,0.15207949141026886,42.5,1009.5
1143,16,lr,loso,Duba - TVTC,27.34103,35.72295,01-12-2019 00:00,4586.9,5505.367228937859,918.4672289378595,918.4672289378595,843582.0506327905,20.02370291346791,21.1,2.4,960.2,7830.2,0.10923279941754642,40.6,1013.0
1144,16,lr,loso,Duba - TVTC,27.34103,35.72295,01-01-2020 00:00,4702.0,5458.081637681002,756.0816376810017,756.0816376810017,571659.4428383855,16.080000801382425,17.7,2.4,1041.6,7589.1,0.12068546004379713,43.4,1015.7
1145,16,lr,loso,Duba - TVTC,27.34103,35.72295,01-02-2020 00:00,5603.1,6188.4380174736725,585.3380174736722,585.3380174736722,342620.5947000089,10.446681613279651,19.1,2.2,1084.3,8304.3,0.11549112753765206,45.8,1013.8
1146,16,lr,loso,Duba - TVTC,27.34103,35.72295,01-03-2020 00:00,6184.2,6278.032217596692,93.83221759669232,93.83221759669232,8804.485059113016,1.517289505460566,22.0,2.4,1922.0,6556.7,0.22668569474093905,43.7,1009.1
1147,16,lr,loso,Duba - TVTC,27.34103,35.72295,01-04-2020 00:00,7341.8,7110.180858321233,-231.61914167876694,231.61914167876694,53647.42679200871,3.154800480519313,24.3,2.2,2114.0,7323.4,0.22400237353508382,49.0,1007.5
1148,16,lr,loso,Duba - TVTC,27.34103,35.72295,01-05-2020 00:00,7401.7,7327.4690431726285,-74.2309568273713,74.2309568273713,5510.234951507062,1.0028906444110313,29.2,2.3,2208.2,7030.1,0.23902666074927206,42.9,1006.1
1149,16,lr,loso,Duba - TVTC,27.34103,35.72295,01-09-2020 00:00,6361.4,6435.017148877865,73.61714887786547,73.61714887786547,5419.48460890581,1.1572476008090276,34.2,2.2,1908.9,6454.4,0.22824722298614186,45.7,1003.0
1150,16,lr,loso,Duba - TVTC,27.34103,35.72295,01-10-2020 00:00,5646.5,6089.864054072656,443.36405407265556,443.36405407265556,196571.68444374064,7.852015479901807,31.0,1.8,1375.3,7169.2,0.1609573409795775,39.5,1007.7
1151,16,lr,loso,Duba - TVTC,27.34103,35.72295,01-11-2020 00:00,4804.9,5503.289803757368,698.3898037573681,698.3898037573681,487748.31799225515,14.534949817006975,25.1,2.1,1022.6,7449.3,0.12070491861329809,44.9,1010.8
1152,16,lr,loso,Duba - TVTC,27.34103,35.72295,01-12-2020 00:00,4169.9,4750.736053623187,580.8360536231876,580.8360536231876,337370.5211885584,13.929256184157596,22.7,2.3,1237.4,6179.5,0.16683520069031538,42.6,1012.4
1153,16,lr,loso,Duba - TVTC,27.34103,35.72295,01-01-2021 00:00,4525.7,5090.716957249353,565.0169572493533,565.0169572493533,319244.1619793175,12.484631266972032,21.7,2.4,1299.2,6481.0,0.16698799516721935,42.0,1013.1
1154,16,lr,loso,Duba - TVTC,27.34103,35.72295,01-02-2021 00:00,5247.7,5580.849094519414,333.1490945194146,333.1490945194146,110988.31917910582,6.348478276567154,21.4,2.6,1311.2,7016.4,0.15745232720111438,41.2,1012.5
1155,16,lr,loso,Duba - TVTC,27.34103,35.72295,01-03-2021 00:00,6446.8,6548.156483731869,101.35648373186905,101.35648373186905,10273.136794488635,1.572198357818903,23.4,2.5,1948.5,6919.7,0.21971764281364875,42.3,1009.6
1156,16,lr,loso,Duba - TVTC,27.34103,35.72295,01-04-2021 00:00,7415.4,7267.461969373494,-147.93803062650568,147.93803062650568,21885.660905648932,1.9950107968080708,26.9,2.4,2056.9,7514.4,0.21490288675519525,39.1,1008.2
1157,16,lr,loso,Duba - TVTC,27.34103,35.72295,01-05-2021 00:00,7911.0,7817.03916288897,-93.96083711102983,93.96083711102983,8828.638910605481,1.1877238921884696,31.7,2.6,1888.0,8243.7,0.18634582547844883,40.0,1004.5
1158,16,lr,loso,Duba - TVTC,27.34103,35.72295,01-07-2021 00:00,7761.3,7696.831226290825,-64.46877370917537,64.46877370917537,4156.222783564861,0.8306440120749792,32.2,2.3,1646.0,8452.1,0.16300096057674215,51.6,1000.2
1159,16,lr,loso,Duba - TVTC,27.34103,35.72295,01-08-2021 00:00,7187.6,7106.668205782155,-80.93179421784498,80.93179421784498,6549.955315319607,1.1259919057521979,32.9,2.1,1773.1,7564.6,0.18988616040352546,54.4,1001.4
1160,16,lr,loso,Duba - TVTC,27.34103,35.72295,01-09-2021 00:00,6412.8,6457.906465892139,45.10646589213866,45.10646589213866,2034.593265278668,0.7033817660326013,31.6,2.6,1661.4,7003.2,0.19174572398033377,51.6,1003.5
1161,16,lr,loso,Duba - TVTC,27.34103,35.72295,01-10-2021 00:00,5379.8,5629.705224739759,249.90522473975852,249.90522473975852,62452.62135222922,4.645251212679997,28.6,2.1,1384.0,6668.9,0.1718635522606763,52.6,1007.7
1162,16,lr,loso,Duba - TVTC,27.34103,35.72295,01-11-2021 00:00,4362.8,4690.903662935507,328.1036629355067,328.1036629355067,107652.01363169658,7.520483701648177,25.9,2.0,1130.9,6184.3,0.1545959098862642,43.7,1010.3
1163,16,lr,loso,Duba - TVTC,27.34103,35.72295,01-12-2021 00:00,3703.4,3815.2149144975992,111.81491449759915,111.81491449759915,12502.575104105408,3.0192502699573134,21.3,2.0,1345.8,4909.8,0.21513523882601188,42.1,1012.8
475,17,lr,loso,Farasan - SWCC,16.692097,42.098767,01-01-2017 00:00,4822.5,4948.4010661375405,125.90106613754051,125.90106613754051,15851.07845456935,2.610701215915822,26.9,3.1,1908.0,4814.5,0.28382298252138344,77.1,1012.4
476,17,lr,loso,Farasan - SWCC,16.692097,42.098767,01-02-2017 00:00,4637.0,4795.044420094782,158.04442009478225,158.04442009478225,24978.03872309601,3.408333407262934,27.0,3.8,2883.1,2564.2,0.5292713821526261,75.2,1011.6
477,17,lr,loso,Farasan - SWCC,16.692097,42.098767,01-04-2017 00:00,6131.4,6051.222939204748,-80.17706079525124,80.17706079525124,6428.361077765413,1.307646879917331,30.4,3.5,2685.1,4453.1,0.37615925583480425,71.8,1007.2
478,17,lr,loso,Farasan - SWCC,16.692097,42.098767,01-05-2017 00:00,6306.4,6339.212430703287,32.812430703287646,32.812430703287646,1076.6556086580538,0.5203036709261646,32.6,3.2,2936.2,4173.1,0.41300831305473107,71.0,1005.7
479,17,lr,loso,Farasan - SWCC,16.692097,42.098767,01-06-2017 00:00,6265.1,6358.517633686241,93.41763368624106,93.41763368624106,8726.85428353672,1.491079690447735,33.6,3.5,3288.5,3596.8,0.4776117235269342,69.4,1001.8
480,17,lr,loso,Farasan - SWCC,16.692097,42.098767,01-03-2018 00:00,6545.1,6387.459356716454,-157.64064328354652,157.64064328354652,24850.57241485036,2.408529178829147,28.1,3.4,2369.4,5679.6,0.2943719716734998,73.7,1008.6
481,17,lr,loso,Farasan - SWCC,16.692097,42.098767,01-04-2018 00:00,6577.0,6513.672883148123,-63.32711685187678,63.32711685187678,4010.3237287712564,0.9628571818743619,30.6,3.5,2690.8,5046.4,0.34777438866773513,72.6,1006.2
482,17,lr,loso,Farasan - SWCC,16.692097,42.098767,01-05-2018 00:00,6800.7,6804.2439018747855,3.5439018747856608,3.5439018747856608,12.559240498109322,0.05211083968982107,32.3,3.6,3095.0,4629.2,0.4006887444654463,70.4,1004.2
483,17,lr,loso,Farasan - SWCC,16.692097,42.098767,01-06-2018 00:00,6138.8,6525.418309005984,386.618309005984,386.618309005984,149473.7168586465,6.297945999315566,33.8,1.1,3848.0,2741.4,0.5839681913376028,65.6,1001.7
484,17,lr,loso,Farasan - SWCC,16.692097,42.098767,01-07-2018 00:00,6003.1,6346.115271037599,343.0152710375987,343.0152710375987,117659.47616499731,5.713968966660537,34.4,0.0,3812.7,2586.4,0.5958181619290213,60.8,1001.8
485,17,lr,loso,Farasan - SWCC,16.692097,42.098767,01-08-2018 00:00,5969.5,6108.095201077174,138.59520107717435,138.59520107717435,19208.62976162239,2.321722105321624,34.1,0.0,3396.6,3092.8,0.5234074028415571,64.3,1002.3
486,17,lr,loso,Farasan - SWCC,16.692097,42.098767,01-09-2018 00:00,5995.6,6001.580835261147,5.98083526114624,5.98083526114624,35.77039042097021,0.09975374042875175,33.5,0.0,2910.5,3904.2,0.4270914346926497,71.6,1004.4
487,17,lr,loso,Farasan - SWCC,16.692097,42.098767,01-01-2019 00:00,4754.0,4938.227561502774,184.22756150277382,184.22756150277382,33939.79441725831,3.87521164288544,26.6,0.0,2404.7,3782.8,0.3886383838383838,78.6,1012.6
488,17,lr,loso,Farasan - SWCC,16.692097,42.098767,01-02-2019 00:00,5113.6,5198.280816135323,84.68081613532286,84.68081613532286,7170.840621344356,1.655992180368485,27.0,0.0,2633.7,3600.6,0.4224532024445407,77.0,1011.2
489,17,lr,loso,Farasan - SWCC,16.692097,42.098767,01-03-2019 00:00,5900.8,6036.511844798664,135.71184479866406,135.71184479866406,18417.704818656683,2.299888909955668,27.7,0.0,2817.3,4176.4,0.402833979152666,73.1,1009.7
490,17,lr,loso,Farasan - SWCC,16.692097,42.098767,01-08-2019 00:00,5428.8,5683.629920246837,254.829920246837,254.829920246837,64938.288253009305,4.694037729274186,33.2,0.0,3152.4,2806.4,0.5290326911458683,71.9,1003.2
491,17,lr,loso,Farasan - SWCC,16.692097,42.098767,01-10-2019 00:00,5322.0,5449.087831724482,127.08783172448238,127.08783172448238,16151.316972430352,2.3879712838121456,31.6,0.0,2084.0,4717.2,0.3064165147326942,71.0,1007.7
492,17,lr,loso,Farasan - SWCC,16.692097,42.098767,01-11-2019 00:00,4776.9,5120.936164079498,344.0361640794981,344.0361640794981,118360.88219453536,7.202080095448893,29.9,0.0,1984.7,4517.0,0.3052586246673947,74.1,1008.9
493,17,lr,loso,Farasan - SWCC,16.692097,42.098767,01-12-2019 00:00,4425.7,4646.421727262656,220.7217272626558,220.7217272626558,48718.08088581022,4.987272685962804,27.9,0.0,2029.3,4060.3,0.3332402785076195,78.6,1011.0
494,17,lr,loso,Farasan - SWCC,16.692097,42.098767,01-01-2020 00:00,4308.7,4409.395678462296,100.6956784622962,100.6956784622962,10139.619660982144,2.337031551565349,26.7,0.6,2129.0,3638.2,0.36915660979331394,72.3,1013.0
495,17,lr,loso,Farasan - SWCC,16.692097,42.098767,01-02-2020 00:00,4715.1,4891.875986585468,176.77598658546776,176.77598658546776,31249.74943326548,3.7491460750666525,26.8,3.6,2773.8,2876.3,0.4909293640820516,77.2,1012.1
496,17,lr,loso,Farasan - SWCC,16.692097,42.098767,01-03-2020 00:00,5697.6,6641.120281815236,943.5202818152356,943.5202818152356,890230.5221967017,16.559960015010454,28.0,3.6,4136.7,2097.6,0.6635388094894376,76.8,1008.7
497,17,lr,loso,Farasan - SWCC,16.692097,42.098767,01-04-2020 00:00,6395.2,8389.300085389306,1994.1000853893065,1994.1000853893065,3976435.1505496395,31.18119973400842,30.3,3.4,6394.6,0.9,0.9998592760534751,74.9,1007.3
498,17,lr,loso,Farasan - SWCC,16.692097,42.098767,01-05-2020 00:00,6369.6,8220.204746513447,1850.604746513447,1850.604746513447,3424737.9278180995,29.05370425950526,33.1,3.5,6369.4,0.3,0.9999529020205032,69.1,1005.5
499,17,lr,loso,Farasan - SWCC,16.692097,42.098767,01-09-2020 00:00,5849.7,5764.324443295593,-85.37555670440724,85.37555670440724,7288.985682587457,1.4594860711559097,33.2,3.0,2483.6,4366.3,0.3625746361260748,73.9,1003.1
500,17,lr,loso,Farasan - SWCC,16.692097,42.098767,01-10-2020 00:00,5608.0,5514.957225088655,-93.04277491134508,93.04277491134508,8656.957963203226,1.6591079691751978,31.8,3.0,1654.5,5751.2,0.2234089957735258,69.5,1007.3
501,17,lr,loso,Farasan - SWCC,16.692097,42.098767,01-11-2020 00:00,4516.0,4565.432756577206,49.43275657720642,49.43275657720642,2443.5974228213445,1.094613741745049,29.4,3.4,1890.4,4170.0,0.3119266055045872,74.2,1010.2
502,17,lr,loso,Farasan - SWCC,16.692097,42.098767,01-12-2020 00:00,4354.0,4478.051678574242,124.05167857424203,124.05167857424203,15388.81895708706,2.849142824396923,27.8,3.5,1916.8,4141.7,0.31638194272509695,77.8,1011.4
503,17,lr,loso,Farasan - SWCC,16.692097,42.098767,01-01-2021 00:00,4412.1,4485.372328118522,73.27232811852173,73.27232811852173,5368.834067908309,1.6607132231481998,26.3,3.6,2203.7,3635.5,0.3773975887107823,78.0,1011.7
504,17,lr,loso,Farasan - SWCC,16.692097,42.098767,01-02-2021 00:00,4754.9,4714.164608828097,-40.73539117190285,40.73539117190285,1659.3720939279403,0.8567034253486477,26.3,3.7,2326.4,3596.9,0.3927540391335911,77.0,1011.0
505,17,lr,loso,Farasan - SWCC,16.692097,42.098767,01-03-2021 00:00,6018.8,5818.749299833661,-200.05070016633908,200.05070016633908,40020.2826370425,3.3237638759609736,28.1,3.5,2220.3,5150.2,0.3012414354521403,75.4,1008.6
506,17,lr,loso,Farasan - SWCC,16.692097,42.098767,01-04-2021 00:00,6227.9,6020.958310321664,-206.94168967833593,206.94168967833593,42824.86292692469,3.3228165140470454,29.8,3.5,2461.4,4867.0,0.3358714043993232,72.9,1007.3
507,17,lr,loso,Farasan - SWCC,16.692097,42.098767,01-05-2021 00:00,6185.8,6049.493245881403,-136.30675411859738,136.30675411859738,18579.531218347765,2.2035428581363345,32.4,3.2,2516.2,4683.6,0.34948193005361256,70.1,1004.5
508,17,lr,loso,Farasan - SWCC,16.692097,42.098767,01-07-2021 00:00,5243.7,5423.1616068610065,179.46160686100666,179.46160686100666,32206.468337134513,3.422423229036876,33.9,4.5,3023.3,2656.4,0.5322992411571034,65.7,1001.0
509,17,lr,loso,Farasan - SWCC,16.692097,42.098767,01-08-2021 00:00,5280.7,5344.145626571053,63.44562657105325,63.44562657105325,4025.3475309935384,1.2014624305689257,34.0,3.7,2857.8,2952.7,0.49183374924705275,69.8,1002.0
510,17,lr,loso,Farasan - SWCC,16.692097,42.098767,01-09-2021 00:00,5434.2,5403.315790546017,-30.884209453983203,30.884209453983203,953.8343935975055,0.5683303789699166,33.4,3.5,2661.9,3514.2,0.4310001457230291,72.5,1003.1
511,17,lr,loso,Farasan - SWCC,16.692097,42.098767,01-11-2021 00:00,4738.7,4747.034506772169,8.334506772169334,8.334506772169334,69.4640031353365,0.17588171380693723,30.0,2.8,1771.0,4685.4,0.2743014683105136,71.6,1009.6
512,17,lr,loso,Farasan - SWCC,16.692097,42.098767,01-12-2021 00:00,4203.0,4279.266037367323,76.2660373673234,76.2660373673234,5816.50845571397,1.8145619169003904,27.7,3.3,1834.2,4076.7,0.3103080749124499,76.0,1011.8
183,18,lr,loso,Hada Al Sham - KAU,21.80117,39.72854,01-01-2017 00:00,4408.1,4457.623903388603,49.523903388602776,49.523903388602776,2452.6170068436613,1.1234750434110563,24.6,1.7,1576.4,4993.9,0.23992816157557498,61.0,987.8
184,18,lr,loso,Hada Al Sham - KAU,21.80117,39.72854,01-02-2017 00:00,4151.0,3959.9877765650144,-191.01222343498557,191.01222343498557,36485.66950157685,4.601595360997003,24.0,2.8,2232.5,2989.1,0.42755094223992646,46.8,987.3
185,18,lr,loso,Hada Al Sham - KAU,21.80117,39.72854,01-03-2017 00:00,5374.8,5240.28591665804,-134.51408334196003,134.51408334196003,18094.03861732777,2.5026807200632586,26.9,2.0,2605.2,3849.1,0.40363788482097207,50.7,983.8
186,18,lr,loso,Hada Al Sham - KAU,21.80117,39.72854,01-04-2017 00:00,5999.1,5731.507592888131,-267.59240711186976,267.59240711186976,71605.69634392465,4.460542533244483,31.7,2.1,2869.7,3937.6,0.42156214651917795,38.0,982.8
187,18,lr,loso,Hada Al Sham - KAU,21.80117,39.72854,01-05-2017 00:00,6750.0,6609.782187799822,-140.21781220017783,140.21781220017783,19661.03485820434,2.0773009214841163,34.6,2.1,2984.3,4711.6,0.38777790771709614,33.4,981.4
188,18,lr,loso,Hada Al Sham - KAU,21.80117,39.72854,01-06-2017 00:00,7303.9,7185.249243810833,-118.65075618916671,118.65075618916671,14078.001944261083,1.6244849489884405,35.2,2.0,2732.3,5928.5,0.3154789395898763,34.0,977.8
189,18,lr,loso,Hada Al Sham - KAU,21.80117,39.72854,01-09-2017 00:00,6183.4,6109.95936533734,-73.44063466265925,73.44063466265925,5393.526819654187,1.1877063535055026,35.3,2.3,2651.4,4646.0,0.3633348863978952,43.3,979.9
190,18,lr,loso,Hada Al Sham - KAU,21.80117,39.72854,01-10-2017 00:00,5780.6,5709.80190795511,-70.79809204488993,70.79809204488993,5012.369837196707,1.2247533481799455,31.6,1.7,1732.9,6069.7,0.22209263578807065,49.6,983.2
191,18,lr,loso,Hada Al Sham - KAU,21.80117,39.72854,01-11-2017 00:00,4581.6,4621.621523532393,40.021523532393076,40.021523532393076,1601.7223458538926,0.8735272291861593,28.4,1.7,1667.8,4858.2,0.2555623659209317,57.2,985.6
192,18,lr,loso,Hada Al Sham - KAU,21.80117,39.72854,01-03-2018 00:00,6510.6,6392.221333954872,-118.37866604512874,118.37866604512874,14013.508574624117,1.818245108670917,28.2,2.0,2220.1,6090.5,0.2671407599932616,38.4,984.3
193,18,lr,loso,Hada Al Sham - KAU,21.80117,39.72854,01-04-2018 00:00,7066.7,6896.852954944296,-169.84704505570426,169.84704505570426,28848.01871415443,2.4034845834081575,29.6,2.1,2751.0,5662.1,0.32699005122963,35.2,982.2
194,18,lr,loso,Hada Al Sham - KAU,21.80117,39.72854,01-05-2018 00:00,7265.9,7263.208048072187,-2.6919519278126245,2.6919519278126245,7.246605181654106,0.037049118867760696,33.9,2.5,3206.6,5161.2,0.38320705561796414,28.4,980.4
195,18,lr,loso,Hada Al Sham - KAU,21.80117,39.72854,01-06-2018 00:00,7274.0,7367.577832568199,93.57783256819857,93.57783256819857,8756.810748161806,1.2864700655512589,35.1,2.4,3182.3,5201.8,0.37956369795207595,30.0,978.2
196,18,lr,loso,Hada Al Sham - KAU,21.80117,39.72854,01-07-2018 00:00,7251.2,7260.753149065253,9.55314906525291,9.55314906525291,91.26265706294255,0.13174576711789648,34.5,2.2,2989.0,5476.0,0.35310100413467216,30.4,978.4
197,18,lr,loso,Hada Al Sham - KAU,21.80117,39.72854,01-08-2018 00:00,6941.3,6810.5058714210645,-130.79412857893567,130.79412857893567,17107.104070723155,1.884288657440763,34.5,2.4,2558.4,5718.3,0.30910870274384716,35.0,978.6
198,18,lr,loso,Hada Al Sham - KAU,21.80117,39.72854,01-09-2018 00:00,6064.4,6020.2218883524865,-44.178111647513106,44.178111647513106,1951.705548740133,0.7284828119436896,34.4,2.2,3019.6,3925.1,0.43480639912451224,48.7,980.2
199,18,lr,loso,Hada Al Sham - KAU,21.80117,39.72854,01-10-2018 00:00,5283.7,5248.361261184035,-35.33873881596446,35.33873881596446,1248.8264611029533,0.6688256111430335,31.2,2.1,2017.2,4820.8,0.29499853758408895,45.6,984.2
200,18,lr,loso,Hada Al Sham - KAU,21.80117,39.72854,01-11-2018 00:00,3986.5,3943.492803068375,-43.007196931625,43.007196931625,1849.6189879155752,1.078820943976546,26.0,1.7,1778.7,3773.0,0.32038834951456313,61.1,986.1
201,18,lr,loso,Hada Al Sham - KAU,21.80117,39.72854,01-12-2018 00:00,3945.8,3920.92638118356,-24.873618816440285,24.873618816440285,618.6969130255721,0.6303821485235005,24.3,1.7,1787.3,3944.5,0.31182176628633235,58.4,988.0
202,18,lr,loso,Hada Al Sham - KAU,21.80117,39.72854,01-01-2019 00:00,4115.1,4047.264848609546,-67.83515139045448,67.83515139045448,4601.607764165879,1.6484447860429754,23.8,1.8,1989.4,3655.1,0.3524492869164674,60.7,988.1
203,18,lr,loso,Hada Al Sham - KAU,21.80117,39.72854,01-02-2019 00:00,4777.5,4729.115894582548,-48.38410541745179,48.38410541745179,2341.021657047088,1.0127494592873216,24.0,2.3,2181.9,4078.1,0.34854632587859424,49.5,987.1
204,18,lr,loso,Hada Al Sham - KAU,21.80117,39.72854,01-03-2019 00:00,6230.3,6282.305026480907,52.00502648090696,52.00502648090696,2704.5227792798346,0.8347114341349046,24.6,2.5,2349.6,5648.3,0.2937771164930794,41.6,985.8
205,18,lr,loso,Hada Al Sham - KAU,21.80117,39.72854,01-04-2019 00:00,6906.5,6887.624754352644,-18.87524564735577,18.87524564735577,356.2748982480229,0.2732968312076416,29.1,2.3,2751.7,5575.1,0.3304630830571168,37.4,983.2
206,18,lr,loso,Hada Al Sham - KAU,21.80117,39.72854,01-05-2019 00:00,6841.2,6713.8346123241145,-127.36538767588536,127.36538767588536,16221.94197782857,1.8617404501532677,33.1,2.0,2958.4,4915.1,0.3757414110624246,35.9,981.4
207,18,lr,loso,Hada Al Sham - KAU,21.80117,39.72854,01-06-2019 00:00,6968.9,6959.235632785832,-9.664367214167214,9.664367214167214,93.39999365027016,0.13867851761637007,35.6,2.4,3095.0,4821.7,0.3909457223338007,28.9,978.8
208,18,lr,loso,Hada Al Sham - KAU,21.80117,39.72854,01-07-2019 00:00,7390.4,7377.141699514775,-13.258300485224936,13.258300485224936,175.78253175651577,0.17939895655478644,34.8,2.2,2747.2,5982.0,0.3147138340283187,28.6,977.5
209,18,lr,loso,Hada Al Sham - KAU,21.80117,39.72854,01-08-2019 00:00,6803.0,6667.166358762643,-135.83364123735737,135.83364123735737,18450.77809179911,1.9966726626099864,33.9,2.2,2516.4,5552.8,0.3118524760818916,41.9,979.3
210,18,lr,loso,Hada Al Sham - KAU,21.80117,39.72854,01-09-2019 00:00,6277.8,6139.154729236469,-138.6452707635308,138.6452707635308,19222.511105092766,2.208500920123782,33.9,2.0,2587.3,4885.0,0.34625215797010295,42.5,979.5
211,18,lr,loso,Hada Al Sham - KAU,21.80117,39.72854,01-10-2019 00:00,5533.9,5365.744390281976,-168.1556097180237,168.1556097180237,28276.309079640305,3.038645615533777,30.5,1.6,1940.5,5294.1,0.26822491913858404,55.3,983.7
212,18,lr,loso,Hada Al Sham - KAU,21.80117,39.72854,01-11-2019 00:00,4597.5,4627.396470395833,29.896470395832694,29.896470395832694,893.7989421289006,0.6502766807141424,27.5,1.6,1673.9,4939.0,0.253126464939739,53.8,985.0
213,18,lr,loso,Hada Al Sham - KAU,21.80117,39.72854,01-12-2019 00:00,4264.9,4353.605805789697,88.70580578969748,88.70580578969748,7868.719980799527,2.0799035332527724,24.1,2.2,1568.1,4959.9,0.24021139705882352,51.5,987.3
214,18,lr,loso,Hada Al Sham - KAU,21.80117,39.72854,01-01-2020 00:00,4793.9,4999.435585926305,205.53558592630543,205.53558592630543,42244.87708206968,4.287439995125168,21.1,2.6,1408.0,6102.4,0.18747337025990626,45.1,989.5
215,18,lr,loso,Hada Al Sham - KAU,21.80117,39.72854,01-02-2020 00:00,4873.9,4840.17388522357,-33.72611477642931,33.72611477642931,1137.4508179128836,0.6919738766989334,23.2,1.9,2217.0,4158.9,0.3477156166188303,50.2,988.3
216,18,lr,loso,Hada Al Sham - KAU,21.80117,39.72854,01-03-2020 00:00,6432.5,6442.928009825589,10.42800982558856,10.42800982558856,108.74338892257155,0.16211441625477746,25.7,2.0,2599.8,5377.8,0.32588748495788206,42.3,984.6
217,18,lr,loso,Hada Al Sham - KAU,21.80117,39.72854,01-04-2020 00:00,7119.5,6882.612941523662,-236.8870584763381,236.8870584763381,56115.478473572024,3.327299086682184,28.8,1.8,2288.5,6487.8,0.26075908982145096,39.0,983.7
218,18,lr,loso,Hada Al Sham - KAU,21.80117,39.72854,01-05-2020 00:00,7050.0,7090.302043962593,40.302043962593416,40.302043962593416,1624.2547475628123,0.5716601980509705,33.2,1.9,2672.2,5689.8,0.3195646974408036,32.7,982.0
219,18,lr,loso,Hada Al Sham - KAU,21.80117,39.72854,01-09-2020 00:00,6392.7,6282.781499105451,-109.91850089454874,109.91850089454874,12082.076838904914,1.7194378102296175,35.3,1.7,2400.9,5322.1,0.3108766023565972,39.7,979.1
220,18,lr,loso,Hada Al Sham - KAU,21.80117,39.72854,01-10-2020 00:00,6037.1,6143.379417200051,106.27941720005037,106.27941720005037,11295.314520382364,1.7604382435283557,32.1,1.9,1615.5,6810.4,0.1917302602689327,34.0,983.7
221,18,lr,loso,Hada Al Sham - KAU,21.80117,39.72854,01-11-2020 00:00,4634.0,4779.628858058662,145.62885805866244,145.62885805866244,21207.764299470055,3.1426167038986286,27.5,1.2,1625.3,5119.0,0.24098868674287915,56.3,986.2
222,18,lr,loso,Hada Al Sham - KAU,21.80117,39.72854,01-12-2020 00:00,4165.0,4316.487927914166,151.487927914166,151.487927914166,22948.592303727553,3.6371651359943815,25.3,1.3,1731.9,4494.3,0.2781632456393948,51.3,987.1
223,18,lr,loso,Hada Al Sham - KAU,21.80117,39.72854,01-01-2021 00:00,4611.0,4746.717698213372,135.7176982133724,135.7176982133724,18419.293608336022,2.943346306948002,24.0,1.8,1760.7,5016.3,0.2598052235502435,51.5,987.5
224,18,lr,loso,Hada Al Sham - KAU,21.80117,39.72854,01-02-2021 00:00,4965.1,4980.755933595963,15.655933595962779,15.655933595962779,245.10825676119603,0.3153196027464256,23.6,1.9,1893.5,4859.5,0.2803938990078484,52.3,987.0
225,18,lr,loso,Hada Al Sham - KAU,21.80117,39.72854,01-03-2021 00:00,6314.5,6187.521684893172,-126.97831510682772,126.97831510682772,16123.492507368834,2.0109005480533333,27.5,1.6,2368.3,5520.5,0.30021042490619615,43.5,984.3
226,18,lr,loso,Hada Al Sham - KAU,21.80117,39.72854,01-04-2021 00:00,6643.7,6601.922818820931,-41.777181179068975,41.777181179068975,1745.332867268755,0.6288240164226105,30.1,1.8,2883.8,4884.1,0.3712457678394418,39.1,983.2
227,18,lr,loso,Hada Al Sham - KAU,21.80117,39.72854,01-05-2021 00:00,7513.3,7400.135516815854,-113.16448318414587,113.16448318414587,12806.200254334832,1.5061888009815374,33.2,1.6,2374.0,6797.4,0.2588481584054779,34.8,980.7
228,18,lr,loso,Hada Al Sham - KAU,21.80117,39.72854,01-07-2021 00:00,6766.8,6800.546896696751,33.74689669675081,33.74689669675081,1138.8530366611708,0.4987127844291365,34.3,2.0,3150.5,4548.7,0.4091983582709892,38.0,977.1
229,18,lr,loso,Hada Al Sham - KAU,21.80117,39.72854,01-08-2021 00:00,6800.4,6690.8733978675555,-109.52660213244417,109.52660213244417,11996.076574678724,1.6105905848544817,35.3,1.8,2800.2,5117.3,0.35367224502683925,39.6,978.0
230,18,lr,loso,Hada Al Sham - KAU,21.80117,39.72854,01-09-2021 00:00,6135.9,6098.963171740303,-36.936828259696995,36.936828259696995,1364.3292818863506,0.6019789804217311,33.5,1.6,2779.0,4433.0,0.3853300055463117,47.7,979.4
231,18,lr,loso,Hada Al Sham - KAU,21.80117,39.72854,01-10-2021 00:00,5756.3,5703.197865779813,-53.10213422018751,53.10213422018751,2819.836658738809,0.9225046335352137,31.8,1.4,1873.8,5781.3,0.24477799114315946,44.2,983.1
232,18,lr,loso,Hada Al Sham - KAU,21.80117,39.72854,01-11-2021 00:00,4633.4,4769.89364332422,136.4936433242201,136.4936433242201,18630.514667919415,2.9458635844999375,27.7,1.2,1433.6,5484.8,0.2072155411655874,50.8,985.4
233,18,lr,loso,Hada Al Sham - KAU,21.80117,39.72854,01-12-2021 00:00,4082.8,4108.454284632495,25.654284632494637,25.654284632494637,658.1423200050505,0.628350265320237,24.9,1.2,1664.7,4401.5,0.2744222083017375,53.1,987.4
1508,19,lr,loso,Hafar Al Batin - TVTC,28.33202,45.95708,01-01-2017 00:00,3902.6,3685.767906927796,-216.83209307220386,216.83209307220386,47016.15658607288,5.556093196130884,12.7,4.3,1535.2,4742.4,0.24455205811138017,43.6,973.2
1509,19,lr,loso,Hafar Al Batin - TVTC,28.33202,45.95708,01-02-2017 00:00,4710.6,4543.334551746379,-167.2654482536218,167.2654482536218,27977.730179485032,3.5508310672445504,12.3,4.4,1876.9,5046.3,0.27110295816963254,36.8,973.8
1510,19,lr,loso,Hafar Al Batin - TVTC,28.33202,45.95708,01-03-2017 00:00,5192.7,5143.068395049765,-49.63160495023476,49.63160495023476,2463.2962099361675,0.9557957315122144,20.7,5.1,2670.1,3775.7,0.41423872909491455,40.2,967.8
1511,19,lr,loso,Hafar Al Batin - TVTC,28.33202,45.95708,01-04-2017 00:00,5980.1,6237.91957469213,257.8195746921292,257.8195746921292,66470.9330944304,4.311292030101992,27.7,5.3,3244.6,3715.0,0.4662049543077188,25.5,967.4
1512,19,lr,loso,Hafar Al Batin - TVTC,28.33202,45.95708,01-05-2017 00:00,6822.1,7171.689023747878,349.58902374787795,349.58902374787795,122212.48552499436,5.124360882248545,34.1,4.8,3760.3,3863.1,0.49325760159508886,17.2,964.0
1513,19,lr,loso,Hafar Al Batin - TVTC,28.33202,45.95708,01-06-2017 00:00,8093.5,8104.884618216783,11.384618216782656,11.384618216782656,129.6095319418995,0.14066372047671163,37.2,5.5,2295.8,7768.6,0.22811096538293388,11.3,960.3
1514,19,lr,loso,Hafar Al Batin - TVTC,28.33202,45.95708,01-09-2017 00:00,6699.5,6799.697348592305,100.19734859230539,100.19734859230539,10039.508664927962,1.4955944263348815,36.3,4.2,2163.1,6523.4,0.24901859206815172,12.1,963.1
1515,19,lr,loso,Hafar Al Batin - TVTC,28.33202,45.95708,01-10-2017 00:00,5477.1,5604.582037808714,127.48203780871336,127.48203780871336,16251.669963862221,2.327546289253681,29.6,4.5,1988.4,5629.1,0.2610305218247457,20.9,967.5
1516,19,lr,loso,Hafar Al Batin - TVTC,28.33202,45.95708,01-11-2017 00:00,4058.3,4083.046007125483,24.74600712548272,24.74600712548272,612.3648686544416,0.6097628841012916,21.0,4.1,1820.8,4263.4,0.29926695374905493,35.2,971.6
1517,19,lr,loso,Hafar Al Batin - TVTC,28.33202,45.95708,01-03-2018 00:00,5984.3,6001.118345000959,16.818345000959198,16.818345000959198,282.85672857128924,0.2810411410016075,23.6,4.4,2586.4,5077.5,0.3374783073891883,24.3,968.4
1518,19,lr,loso,Hafar Al Batin - TVTC,28.33202,45.95708,01-04-2018 00:00,6230.0,6577.125161078478,347.1251610784784,347.1251610784784,120495.87745375959,5.571832441067069,25.1,4.5,3517.5,3686.9,0.48824329576369996,36.1,965.4
1519,19,lr,loso,Hafar Al Batin - TVTC,28.33202,45.95708,01-05-2018 00:00,7129.9,7459.80434324517,329.9043432451699,329.9043432451699,108836.8756920269,4.6270542818997455,31.6,4.3,3506.6,4693.5,0.42762893135449564,22.2,963.7
1520,19,lr,loso,Hafar Al Batin - TVTC,28.33202,45.95708,01-06-2018 00:00,7805.1,8027.862289276469,222.76228927646844,222.76228927646844,49623.037523693005,2.8540606690044767,36.0,6.1,3209.5,5972.5,0.3495425833151819,13.8,959.1
1521,19,lr,loso,Hafar Al Batin - TVTC,28.33202,45.95708,01-07-2018 00:00,7640.7,7781.241319390687,140.54131939068702,140.54131939068702,19751.8624560751,1.839377535967739,37.0,6.6,2769.3,6397.1,0.3021142433234421,12.5,956.4
1522,19,lr,loso,Hafar Al Batin - TVTC,28.33202,45.95708,01-08-2018 00:00,7509.3,7501.109267105969,-8.190732894031498,8.190732894031498,67.0881053413696,0.10907451951621987,36.3,5.4,1881.0,7857.0,0.19316081330868762,13.9,958.2
1523,19,lr,loso,Hafar Al Batin - TVTC,28.33202,45.95708,01-09-2018 00:00,6395.5,6511.166083895969,115.66608389596877,115.66608389596877,13378.642963829285,1.8085542005467716,36.6,4.0,2380.7,5730.7,0.2935005054614493,13.1,963.0
1524,19,lr,loso,Hafar Al Batin - TVTC,28.33202,45.95708,01-10-2018 00:00,5214.2,5281.371168340412,67.1711683404119,67.1711683404119,4511.965856215953,1.2882353638220994,28.5,4.0,2070.6,5040.5,0.2911785799665312,28.0,968.9
1525,19,lr,loso,Hafar Al Batin - TVTC,28.33202,45.95708,01-11-2018 00:00,3269.8,3131.1030181344718,-138.69698186552841,138.69698186552841,19236.852778606717,4.241757351077387,17.4,3.9,1705.9,3019.9,0.3609759194210504,78.1,972.2
1526,19,lr,loso,Hafar Al Batin - TVTC,28.33202,45.95708,01-12-2018 00:00,3483.6,3293.9436295291107,-189.65637047088921,189.65637047088921,35969.538860191176,5.444263706248973,15.0,4.1,1556.9,3977.4,0.28131832390726924,66.6,973.8
1527,19,lr,loso,Hafar Al Batin - TVTC,28.33202,45.95708,01-02-2019 00:00,4466.5,4352.35635604024,-114.14364395976008,114.14364395976008,13028.771456412474,2.5555500718629816,14.4,4.3,1811.9,4751.4,0.2760653939329301,49.9,972.1
1528,19,lr,loso,Hafar Al Batin - TVTC,28.33202,45.95708,01-03-2019 00:00,5871.1,5862.451488609736,-8.648511390264503,8.648511390264503,74.79674926753484,0.14730649095168713,18.1,5.7,2266.7,5595.6,0.28829986136372304,34.5,968.5
1529,19,lr,loso,Hafar Al Batin - TVTC,28.33202,45.95708,01-04-2019 00:00,6712.2,6690.554460759359,-21.645539240640574,21.645539240640574,468.5293690181109,0.32248054647716956,23.8,4.9,2708.0,5520.2,0.32911207797574193,30.9,966.9
1530,19,lr,loso,Hafar Al Batin - TVTC,28.33202,45.95708,01-05-2019 00:00,7069.7,7130.847789125393,61.1477891253935,61.1477891253935,3739.052114923592,0.8649276366096652,32.8,4.4,3250.1,4945.1,0.396585806325654,17.4,964.2
1531,19,lr,loso,Hafar Al Batin - TVTC,28.33202,45.95708,01-06-2019 00:00,8091.9,8057.626990755971,-34.2730092440288,34.2730092440288,1174.6391626412835,0.42354711803196776,37.6,5.1,2219.0,7868.3,0.21997957828160164,11.3,960.2
1532,19,lr,loso,Hafar Al Batin - TVTC,28.33202,45.95708,01-07-2019 00:00,8045.2,7929.3316017756515,-115.86839822434831,115.86839822434831,13425.485707076163,1.440217747530805,37.1,5.7,1892.6,8414.4,0.18362278063452023,12.4,956.9
1533,19,lr,loso,Hafar Al Batin - TVTC,28.33202,45.95708,01-08-2019 00:00,7512.5,7475.619292590347,-36.88070740965304,36.88070740965304,1360.1865790364368,0.49092455786559785,37.1,5.8,2008.3,7588.7,0.20926331145149527,12.1,958.2
1534,19,lr,loso,Hafar Al Batin - TVTC,28.33202,45.95708,01-09-2019 00:00,6538.0,6540.398215105174,2.398215105174131,2.398215105174131,5.751435690685369,0.036681173220772884,35.7,3.8,1896.7,6757.5,0.21916526079822513,14.8,962.5
1535,19,lr,loso,Hafar Al Batin - TVTC,28.33202,45.95708,01-10-2019 00:00,4904.8,4966.120490419891,61.32049041989103,61.32049041989103,3760.2025453359474,1.2502138806860836,29.7,4.0,2146.8,4383.0,0.32876964072406506,32.7,967.1
1536,19,lr,loso,Hafar Al Batin - TVTC,28.33202,45.95708,01-11-2019 00:00,3795.8,3711.844052345766,-83.95594765423402,83.95594765423402,7048.601146520484,2.211811677491807,19.4,3.7,1668.2,4093.0,0.289557731028258,46.4,971.4
1537,19,lr,loso,Hafar Al Batin - TVTC,28.33202,45.95708,01-12-2019 00:00,3700.1,3792.5501768464233,92.45017684642335,92.45017684642335,8547.035198934951,2.4985858989330922,14.5,4.5,1121.3,5525.4,0.16870025727052523,52.2,972.1
1538,19,lr,loso,Hafar Al Batin - TVTC,28.33202,45.95708,01-01-2020 00:00,4174.6,4269.910981112973,95.31098111297251,95.31098111297251,9084.183120717404,2.283116492908842,12.1,4.8,1183.7,6099.9,0.1625157888956011,45.0,972.7
1539,19,lr,loso,Hafar Al Batin - TVTC,28.33202,45.95708,01-02-2020 00:00,4878.4,4842.971171056627,-35.42882894337254,35.42882894337254,1255.2019202987515,0.7262387041524381,15.4,5.4,1817.0,5455.0,0.24986248624862487,36.6,971.9
1540,19,lr,loso,Hafar Al Batin - TVTC,28.33202,45.95708,01-03-2020 00:00,5863.8,5857.632795230489,-6.167204769511045,6.167204769511045,38.03441466907978,0.10517420051009661,19.9,5.3,2339.1,5400.9,0.3022093023255814,33.9,967.6
1541,19,lr,loso,Hafar Al Batin - TVTC,28.33202,45.95708,01-04-2020 00:00,6630.8,6741.771034065507,110.9710340655065,110.9710340655065,12314.570401567804,1.6735693138913328,25.9,4.9,3014.2,5000.1,0.3761027163944449,27.8,965.5
1542,19,lr,loso,Hafar Al Batin - TVTC,28.33202,45.95708,01-05-2020 00:00,7335.8,7524.208110515878,188.40811051587752,188.40811051587752,35497.61610816312,2.568337611656227,31.5,4.8,3154.7,5501.1,0.3644608239561912,16.4,964.7
1543,19,lr,loso,Hafar Al Batin - TVTC,28.33202,45.95708,01-09-2020 00:00,6631.2,6790.8035265204935,159.6035265204937,159.6035265204937,25473.28567777793,2.406857379064026,35.5,4.0,1854.5,7033.9,0.20864272534989425,12.4,962.4
1544,19,lr,loso,Hafar Al Batin - TVTC,28.33202,45.95708,01-10-2020 00:00,5695.4,6024.579302261633,329.179302261633,329.179302261633,108359.01303745553,5.779739829715788,27.2,3.1,1214.4,7657.2,0.13688624374408223,16.8,968.7
1545,19,lr,loso,Hafar Al Batin - TVTC,28.33202,45.95708,01-11-2020 00:00,3830.6,3812.1890336031756,-18.41096639682428,18.41096639682428,338.96368366499274,0.4806287891407163,20.3,4.4,1696.9,4056.9,0.2949181410546074,47.0,970.9
1546,19,lr,loso,Hafar Al Batin - TVTC,28.33202,45.95708,01-12-2020 00:00,3067.8,2772.8697747836795,-294.93022521632065,294.93022521632065,86983.83774614963,9.613737049883325,13.5,3.1,1335.2,3665.1,0.26702397856128635,65.9,974.4
1547,19,lr,loso,Hafar Al Batin - TVTC,28.33202,45.95708,01-01-2021 00:00,3939.0,3843.7927376347766,-95.20726236522341,95.20726236522341,9064.422807080487,2.4170414411074743,13.3,3.4,1482.7,4943.7,0.2307201543632516,43.7,974.3
1548,19,lr,loso,Hafar Al Batin - TVTC,28.33202,45.95708,01-02-2021 00:00,4359.8,4184.111818690661,-175.6881813093396,175.6881813093396,30866.337051783383,4.029730292888196,15.5,4.1,1756.2,4525.7,0.27956509973097315,47.8,972.5
1549,19,lr,loso,Hafar Al Batin - TVTC,28.33202,45.95708,01-03-2021 00:00,5652.9,5537.919235613665,-114.98076438633507,114.98076438633507,13220.576178865898,2.0340137696816694,21.2,5.0,2619.0,4537.6,0.3659559008467708,26.9,968.6
1550,19,lr,loso,Hafar Al Batin - TVTC,28.33202,45.95708,01-04-2021 00:00,6570.6,6567.538511243684,-3.0614887563160664,3.0614887563160664,9.372713405049694,0.0465937472425055,27.8,4.7,2763.5,5212.9,0.3464595556892834,17.3,967.3
1551,19,lr,loso,Hafar Al Batin - TVTC,28.33202,45.95708,01-05-2021 00:00,7198.4,7395.980506583783,197.58050658378306,197.58050658378306,39038.05658190434,2.74478365447576,34.0,4.2,2706.7,5982.7,0.31149446451998986,12.9,962.4
1552,19,lr,loso,Hafar Al Batin - TVTC,28.33202,45.95708,01-07-2021 00:00,7820.6,7957.828685008978,137.22868500897766,137.22868500897766,18831.71198929321,1.7547078869776955,39.4,4.5,2191.7,7567.2,0.22458473803399973,12.5,956.0
1553,19,lr,loso,Hafar Al Batin - TVTC,28.33202,45.95708,01-08-2021 00:00,7351.9,7312.681875512483,-39.218124487516434,39.218124487516434,1538.0612883183362,0.5334420284214481,37.9,4.0,2074.4,7244.1,0.2226109352363578,13.2,958.8
1554,19,lr,loso,Hafar Al Batin - TVTC,28.33202,45.95708,01-09-2021 00:00,6662.7,6854.943865609547,192.24386560954736,192.24386560954736,36957.7038645017,2.885374782138583,33.6,4.1,1649.2,7565.5,0.17897489880299955,15.7,962.5
1555,19,lr,loso,Hafar Al Batin - TVTC,28.33202,45.95708,01-10-2021 00:00,5328.4,5411.006628104856,82.6066281048561,82.6066281048561,6823.855006854002,1.5503083121547951,29.2,3.6,1722.6,5921.6,0.22534732215274322,20.3,968.0
1556,19,lr,loso,Hafar Al Batin - TVTC,28.33202,45.95708,01-11-2021 00:00,4208.3,4287.478336505924,79.17833650592365,79.17833650592365,6269.208971845283,1.8814803247373915,20.6,3.8,1460.7,5313.9,0.2156142060047826,32.2,971.0
1557,19,lr,loso,Hafar Al Batin - TVTC,28.33202,45.95708,01-12-2021 00:00,3209.2,2842.917404922013,-366.282595077987,366.282595077987,134162.9394570646,11.413517234138945,14.3,3.7,1624.8,3357.8,0.32609480993858625,48.7,973.2
1371,20,lr,loso,Hagl - SWCC,29.28997,34.93002,01-01-2017 00:00,3583.5,3591.2371260141563,7.737126014156274,7.737126014156274,59.863118958933754,0.215909753429783,16.9,6.9,1209.4,4966.8,0.1958161976619928,50.7,1015.9
1372,20,lr,loso,Hagl - SWCC,29.28997,34.93002,01-02-2017 00:00,4743.2,4729.758372470941,-13.441627529058678,13.441627529058678,180.6773506299481,0.2833873235170071,17.7,6.5,1326.0,6195.3,0.1762993099597144,45.7,1016.2
1373,20,lr,loso,Hagl - SWCC,29.28997,34.93002,01-03-2017 00:00,5558.3,5373.664151849308,-184.63584815069225,184.63584815069225,34090.39642232549,3.3218042953905376,21.3,6.1,1606.2,6199.7,0.20576743232682973,50.5,1010.3
1374,20,lr,loso,Hagl - SWCC,29.28997,34.93002,01-04-2017 00:00,6497.3,6347.323786905988,-149.97621309401256,149.97621309401256,22492.864494020665,2.3082851814447936,24.9,6.7,2098.2,6201.1,0.25281650259660454,47.1,1010.0
1375,20,lr,loso,Hagl - SWCC,29.28997,34.93002,01-05-2017 00:00,7248.7,6886.658730992684,-362.04126900731626,362.04126900731626,131073.88046442793,4.994568253718822,27.9,6.1,1730.9,7562.2,0.18625646985397767,46.4,1008.0
1376,20,lr,loso,Hagl - SWCC,29.28997,34.93002,01-06-2017 00:00,7480.6,6973.859796157834,-506.740203842166,506.740203842166,256785.63418999995,6.7740582819849475,29.7,7.3,1297.0,8543.8,0.13179822778635883,49.7,1005.2
1377,20,lr,loso,Hagl - SWCC,29.28997,34.93002,01-09-2017 00:00,6280.5,6134.577414275936,-145.92258572406445,145.92258572406445,21293.40102439694,2.323423067017983,29.5,7.6,1554.4,7044.8,0.180761001023351,60.7,1006.9
1378,20,lr,loso,Hagl - SWCC,29.28997,34.93002,01-10-2017 00:00,5308.3,5488.401346605337,180.1013466053364,180.1013466053364,32436.495049055517,3.3928253227085206,26.5,6.7,1177.5,7072.0,0.14273592338929633,57.8,1010.4
1379,20,lr,loso,Hagl - SWCC,29.28997,34.93002,01-11-2017 00:00,4213.1,4468.555026265242,255.45502626524194,255.45502626524194,65257.27044417545,6.063350650714247,22.7,6.9,1172.9,6017.5,0.16312027147307523,55.3,1012.8
1380,20,lr,loso,Hagl - SWCC,29.28997,34.93002,01-03-2018 00:00,6067.1,6032.031668704673,-35.06833129532697,35.06833129532697,1229.787859838809,0.5780081306608919,23.4,6.1,1877.6,6505.4,0.2239770965048312,43.1,1010.2
1381,20,lr,loso,Hagl - SWCC,29.28997,34.93002,01-04-2018 00:00,6662.6,6463.398945707208,-199.20105429279192,199.20105429279192,39681.06003135983,2.989839616557979,24.8,5.9,2386.5,5939.1,0.2866460074949553,44.6,1008.0
1382,20,lr,loso,Hagl - SWCC,29.28997,34.93002,01-05-2018 00:00,6864.1,6840.049172554951,-24.050827445049435,24.050827445049435,578.4423007915432,0.35038573804358086,29.3,4.9,2875.1,5215.4,0.3553674062171683,42.7,1005.5
1383,20,lr,loso,Hagl - SWCC,29.28997,34.93002,01-06-2018 00:00,7953.3,7513.60725797295,-439.6927420270504,439.6927420270504,193329.70739126627,5.528431494185437,30.3,6.8,1845.1,8272.2,0.18237079062595749,46.0,1004.5
1384,20,lr,loso,Hagl - SWCC,29.28997,34.93002,01-07-2018 00:00,7799.3,7479.125541716598,-320.1744582834026,320.1744582834026,102511.68373707031,4.1051691598400195,31.4,5.3,1649.4,8439.4,0.16348822456585524,47.3,1002.7
1385,20,lr,loso,Hagl - SWCC,29.28997,34.93002,01-08-2018 00:00,7365.1,7013.308279181609,-351.7917208183917,351.7917208183917,123757.41483636525,4.776469033935611,31.2,7.0,1215.1,8765.8,0.12174252822891722,52.4,1003.6
1386,20,lr,loso,Hagl - SWCC,29.28997,34.93002,01-09-2018 00:00,6092.9,6024.296444078699,-68.60355592130054,68.60355592130054,4706.4478850470105,1.1259590001690583,29.9,7.8,1860.6,6244.5,0.22955916645075322,54.5,1006.4
1387,20,lr,loso,Hagl - SWCC,29.28997,34.93002,01-10-2018 00:00,5005.6,5120.588543836691,114.98854383669095,114.98854383669095,13222.365213682597,2.297198014957067,27.4,6.5,1624.0,5618.9,0.2242195805547502,54.2,1010.0
1388,20,lr,loso,Hagl - SWCC,29.28997,34.93002,01-11-2018 00:00,4118.3,4301.607936731281,183.3079367312812,183.3079367312812,33601.799668679385,4.451058367075763,23.5,5.7,1182.7,5706.6,0.17167201312179758,50.7,1011.9
1389,20,lr,loso,Hagl - SWCC,29.28997,34.93002,01-12-2018 00:00,3741.9,4045.1459343760134,303.24593437601334,303.24593437601334,91958.09671558139,8.104063026163535,19.4,5.5,994.5,5997.1,0.1422421191143658,48.5,1015.3
1390,20,lr,loso,Hagl - SWCC,29.28997,34.93002,01-01-2019 00:00,3689.0,3619.6805901418043,-69.31940985819574,69.31940985819574,4805.180583088525,1.8790840297694698,17.9,4.6,1455.0,4569.2,0.24152584575545302,44.6,1014.3
1391,20,lr,loso,Hagl - SWCC,29.28997,34.93002,01-02-2019 00:00,4761.4,4772.421127671139,11.021127671139766,11.021127671139766,121.46525514356264,0.23146821672490794,18.8,5.2,1379.3,6049.8,0.18566178944959685,45.7,1014.3
1392,20,lr,loso,Hagl - SWCC,29.28997,34.93002,01-03-2019 00:00,5880.7,5746.298402879875,-134.4015971201252,134.4015971201252,18063.789308440442,2.285469367934518,20.0,5.6,1746.0,6498.0,0.21179039301310043,45.0,1012.4
1393,20,lr,loso,Hagl - SWCC,29.28997,34.93002,01-04-2019 00:00,6665.1,6469.179565894029,-195.92043410597125,195.92043410597125,38384.81650027222,2.93949729345353,23.0,6.0,2146.5,6370.0,0.25204015734163093,44.9,1010.3
1394,20,lr,loso,Hagl - SWCC,29.28997,34.93002,01-05-2019 00:00,7078.2,6762.43304783538,-315.7669521646194,315.7669521646194,99708.76807933304,4.461119382959219,28.3,5.8,2163.4,6630.6,0.2460086422560837,40.5,1007.0
1395,20,lr,loso,Hagl - SWCC,29.28997,34.93002,01-06-2019 00:00,7575.9,7234.470651743333,-341.42934825666634,341.42934825666634,116573.99985097194,4.50678266947381,30.6,5.4,1772.0,7819.5,0.1847469113277381,47.5,1005.0
1396,20,lr,loso,Hagl - SWCC,29.28997,34.93002,01-07-2019 00:00,7943.0,7553.594656338944,-389.40534366105567,389.40534366105567,151636.52167178487,4.902497087511716,31.4,5.9,1405.7,9070.0,0.13418673692450145,47.4,1002.5
1397,20,lr,loso,Hagl - SWCC,29.28997,34.93002,01-08-2019 00:00,7335.0,6971.653763995741,-363.34623600425857,363.34623600425857,132020.48721846237,4.953595582880144,31.8,5.1,1369.2,8400.7,0.14014473024288884,50.6,1003.6
1398,20,lr,loso,Hagl - SWCC,29.28997,34.93002,01-09-2019 00:00,6414.9,6261.207073995844,-153.6929260041552,153.6929260041552,23621.515503718725,2.3958740744852642,29.3,7.6,1303.6,7710.3,0.14462108521283795,57.5,1006.0
1399,20,lr,loso,Hagl - SWCC,29.28997,34.93002,01-10-2019 00:00,5094.8,5126.530109577183,31.730109577182702,31.730109577182702,1006.7998537800214,0.6227940169816814,27.3,6.3,1307.9,6387.8,0.16995205114544484,56.2,1009.2
1400,20,lr,loso,Hagl - SWCC,29.28997,34.93002,01-11-2019 00:00,4235.4,4469.074738339916,233.67473833991608,233.67473833991608,54603.88333822825,5.517182281246543,24.5,5.1,1197.9,5960.9,0.16733251382913342,44.3,1011.4
1401,20,lr,loso,Hagl - SWCC,29.28997,34.93002,01-12-2019 00:00,3858.7,4185.190636228099,326.490636228099,326.490636228099,106596.13554462887,8.461156250242285,19.7,4.3,967.5,6272.7,0.1336289052788597,44.5,1014.8
1402,20,lr,loso,Hagl - SWCC,29.28997,34.93002,01-01-2020 00:00,3731.0,3760.2465306200615,29.24653062006155,29.24653062006155,855.3595533101977,0.7838791374982994,16.7,4.4,1121.0,5386.5,0.17226277372262774,47.9,1017.4
1403,20,lr,loso,Hagl - SWCC,29.28997,34.93002,01-02-2020 00:00,4778.0,4903.602316879276,125.60231687927626,125.60231687927626,15775.942005442126,2.6287634340576864,18.1,4.6,1219.8,6475.9,0.1585040996920358,51.2,1015.7
1404,20,lr,loso,Hagl - SWCC,29.28997,34.93002,01-03-2020 00:00,5607.3,5633.3619347998,26.06193479979993,26.06193479979993,679.2244455090225,0.46478581134948954,20.7,4.7,1968.0,5681.5,0.2572717171056932,50.0,1010.5
1405,20,lr,loso,Hagl - SWCC,29.28997,34.93002,01-04-2020 00:00,6767.8,6560.789213530648,-207.01078646935184,207.01078646935184,42853.465714659586,3.058760401745794,23.5,6.0,2123.8,6580.8,0.24398593846931507,49.7,1009.2
1406,20,lr,loso,Hagl - SWCC,29.28997,34.93002,01-05-2020 00:00,7163.3,6798.137747139013,-365.1622528609869,365.1622528609869,133343.47091451133,5.097681974243532,27.5,5.8,1935.2,7163.8,0.2126827123859765,43.3,1008.0
1407,20,lr,loso,Hagl - SWCC,29.28997,34.93002,01-09-2020 00:00,6086.8,6053.712274731678,-33.087725268322174,33.087725268322174,1094.7975634319657,0.5435980362147955,32.1,6.5,1840.4,6202.2,0.22883147240941984,52.7,1004.9
1408,20,lr,loso,Hagl - SWCC,29.28997,34.93002,01-10-2020 00:00,5200.8,5439.292181458493,238.49218145849318,238.49218145849318,56878.520616830836,4.585682615337894,28.9,5.8,1280.4,6602.2,0.1624337147641641,55.2,1009.6
1409,20,lr,loso,Hagl - SWCC,29.28997,34.93002,01-11-2020 00:00,4228.7,4539.873551756198,311.1735517561983,311.1735517561983,96828.97931256743,7.358610252706466,23.7,5.4,1018.4,6326.1,0.13866158349785554,50.6,1012.3
1410,20,lr,loso,Hagl - SWCC,29.28997,34.93002,01-12-2020 00:00,3585.6,3791.018588601551,205.41858860155116,205.41858860155116,42196.79654305332,5.728987857026751,21.0,5.4,1127.8,5298.5,0.17549756469508113,49.1,1014.0
1411,20,lr,loso,Hagl - SWCC,29.28997,34.93002,01-01-2021 00:00,3970.8,4158.071942612038,187.2719426120375,187.2719426120375,35070.780489686265,4.716227022565667,19.8,5.7,1159.1,5757.5,0.16758233814301823,45.2,1015.0
1412,20,lr,loso,Hagl - SWCC,29.28997,34.93002,01-02-2021 00:00,4891.3,4986.321159735065,95.02115973506443,95.02115973506443,9029.02079739663,1.9426565480560265,19.8,5.9,1226.0,6526.8,0.15813641523062635,49.4,1014.2
1413,20,lr,loso,Hagl - SWCC,29.28997,34.93002,01-03-2021 00:00,6155.0,6063.875800429569,-91.1241995704313,91.1241995704313,8303.619747351791,1.480490651022442,21.1,6.9,1819.4,6718.9,0.21308691425693643,46.2,1012.2
1414,20,lr,loso,Hagl - SWCC,29.28997,34.93002,01-04-2021 00:00,7286.0,6938.16891482402,-347.83108517597975,347.83108517597975,120986.46381469969,4.773964935163049,24.8,6.5,1940.6,7505.9,0.2054305827555179,41.6,1010.7
1415,20,lr,loso,Hagl - SWCC,29.28997,34.93002,01-05-2021 00:00,7801.4,7615.323937290721,-186.07606270927863,186.07606270927863,34624.301113387395,2.385162441475615,29.1,5.5,1874.0,8142.2,0.18709690301711226,41.3,1006.8
1416,20,lr,loso,Hagl - SWCC,29.28997,34.93002,01-07-2021 00:00,7859.4,7547.217674435113,-312.1823255648869,312.1823255648869,97457.80439510105,3.972088525394902,31.6,4.9,1346.5,9040.0,0.12963943580609444,47.4,1001.9
1417,20,lr,loso,Hagl - SWCC,29.28997,34.93002,01-08-2021 00:00,7092.8,6797.281750650867,-295.51824934913293,295.51824934913293,87331.0356983763,4.1664540005235295,32.2,5.0,1620.8,7617.8,0.17543783690169504,50.8,1003.0
1418,20,lr,loso,Hagl - SWCC,29.28997,34.93002,01-09-2021 00:00,6335.6,6306.999899797193,-28.60010020280697,28.60010020280697,817.9657316105993,0.45141896904487294,29.5,3.8,1365.9,7494.1,0.1541647855530474,53.8,1006.6
1419,20,lr,loso,Hagl - SWCC,29.28997,34.93002,01-10-2021 00:00,5029.6,5203.163989751636,173.56398975163575,173.56398975163575,30124.458538505918,3.4508507585421446,26.9,0.0,1368.1,6158.4,0.1817710755331163,55.8,1010.4
1420,20,lr,loso,Hagl - SWCC,29.28997,34.93002,01-11-2021 00:00,4057.2,4349.735856333642,292.5358563336422,292.5358563336422,85577.22724085735,7.210289271754959,24.3,0.0,1119.1,5762.7,0.16261733848702375,50.2,1012.2
1421,20,lr,loso,Hagl - SWCC,29.28997,34.93002,01-12-2021 00:00,3391.2,3281.881542920302,-109.31845707969796,109.31845707969796,11950.525058285766,3.223592152621431,19.7,0.0,1366.7,4299.0,0.2412235028328362,47.9,1014.6
309,21,lr,loso,Hail - TVTC,27.65261,41.70826,01-01-2017 00:00,4169.5,4119.152418593649,-50.34758140635131,50.34758140635131,2534.8789534691723,1.207520839581516,12.2,3.4,1329.8,5620.2,0.19133812949640286,35.6,912.4
310,21,lr,loso,Hail - TVTC,27.65261,41.70826,01-02-2017 00:00,5086.2,4899.594259793335,-186.60574020666445,186.60574020666445,34821.702278077144,3.668863595742685,10.8,3.5,1599.7,6100.3,0.20775324675324675,28.4,912.7
311,21,lr,loso,Hail - TVTC,27.65261,41.70826,01-03-2017 00:00,5446.5,5152.130842667286,-294.36915733271417,294.36915733271417,86653.20078877223,5.404739875749824,18.1,3.8,2366.2,4584.1,0.34044573615527385,28.3,908.3
312,21,lr,loso,Hail - TVTC,27.65261,41.70826,01-04-2017 00:00,5863.9,5726.696593879336,-137.2034061206632,137.2034061206632,18824.774651111642,2.339797849906431,23.9,4.0,2984.1,3896.2,0.4337165530572795,20.2,909.6
313,21,lr,loso,Hail - TVTC,27.65261,41.70826,01-05-2017 00:00,6227.4,6331.838276285298,104.43827628529834,104.43827628529834,10907.35355344431,1.677076730020528,29.0,3.4,3023.5,4219.2,0.41745481657392963,14.9,907.7
314,21,lr,loso,Hail - TVTC,27.65261,41.70826,01-09-2017 00:00,6546.0,6543.865422335883,-2.134577664117387,2.134577664117387,4.55642180414884,0.03260888579464386,32.6,3.0,2359.7,5922.3,0.28491910166626416,9.2,907.7
315,21,lr,loso,Hail - TVTC,27.65261,41.70826,01-10-2017 00:00,5714.3,5930.803467153156,216.50346715315573,216.50346715315573,46873.75128933758,3.7888012031772176,26.8,3.1,1668.9,6630.7,0.2010819798544508,14.4,909.5
316,21,lr,loso,Hail - TVTC,27.65261,41.70826,01-11-2017 00:00,4206.8,4119.556256486462,-87.24374351353799,87.24374351353799,7611.470782256002,2.073874287190691,19.1,3.5,1758.8,4498.5,0.28107969891167117,37.9,911.7
317,21,lr,loso,Hail - TVTC,27.65261,41.70826,01-03-2018 00:00,6241.9,6215.690925523617,-26.20907447638274,26.20907447638274,686.9155849085771,0.41988936824336726,22.4,3.5,2453.4,5651.8,0.30269456645116716,19.7,909.8
318,21,lr,loso,Hail - TVTC,27.65261,41.70826,01-04-2018 00:00,6813.9,6693.024949716757,-120.87505028324267,120.87505028324267,14610.777780976445,1.7739481102341197,22.3,3.7,2866.1,5310.2,0.3505375292002495,31.2,907.1
319,21,lr,loso,Hail - TVTC,27.65261,41.70826,01-05-2018 00:00,6997.7,7038.526372556992,40.82637255699228,40.82637255699228,1666.7926961623325,0.5834255906511038,27.9,3.5,3265.7,4853.3,0.4022293385884961,19.1,907.0
320,21,lr,loso,Hail - TVTC,27.65261,41.70826,01-06-2018 00:00,8237.7,8219.268047351477,-18.431952648523293,18.431952648523293,339.7368784374048,0.22375120055990494,32.6,3.2,2404.7,7785.7,0.23597699795886323,11.1,904.9
321,21,lr,loso,Hail - TVTC,27.65261,41.70826,01-07-2018 00:00,8175.3,11088.141326870507,2912.841326870507,2912.841326870507,8484644.595524736,35.62977905239572,33.5,3.0,2293.6,7876.0,0.22553492762743862,11.3,903.1
322,21,lr,loso,Hail - TVTC,27.65261,41.70826,01-09-2018 00:00,6236.9,6362.205826760005,125.3058267600054,125.3058267600054,15701.550220008487,2.009104310795514,33.6,2.7,2592.3,5069.1,0.3383585245516485,10.2,907.7
323,21,lr,loso,Hail - TVTC,27.65261,41.70826,01-11-2018 00:00,3453.8,3232.3306759733387,-221.46932402666152,221.46932402666152,49048.66148482639,6.412337831567013,16.0,3.4,1609.1,3496.3,0.3151760880636189,67.2,912.0
324,21,lr,loso,Hail - TVTC,27.65261,41.70826,01-12-2018 00:00,3842.0,3889.6254072908123,47.62540729081229,47.62540729081229,2268.1794196157566,1.2395993568665353,14.2,3.7,1358.8,5098.9,0.21041547300122335,52.8,913.2
325,21,lr,loso,Hail - TVTC,27.65261,41.70826,01-01-2019 00:00,3652.9,3428.8456184081806,-224.0543815918195,224.0543815918195,50200.36591049266,6.133602934430712,13.9,3.6,1815.2,3568.0,0.3371972061227523,39.3,911.7
326,21,lr,loso,Hail - TVTC,27.65261,41.70826,01-02-2019 00:00,4848.6,4727.26193157075,-121.3380684292506,121.3380684292506,14722.9268501415,2.502538226070424,13.5,3.5,1713.1,5424.7,0.24000392277732635,41.7,911.5
327,21,lr,loso,Hail - TVTC,27.65261,41.70826,01-03-2019 00:00,6418.6,6330.490381361088,-88.10961863891225,88.10961863891225,7763.3048966945535,1.3727233141013966,15.9,3.7,1872.9,7074.5,0.20932337885866287,27.6,909.2
328,21,lr,loso,Hail - TVTC,27.65261,41.70826,01-04-2019 00:00,6834.9,6647.791433150266,-187.1085668497335,187.1085668497335,35009.61578856119,2.7375465164045343,20.7,3.5,2247.6,6405.1,0.2597570700474996,23.6,908.6
329,21,lr,loso,Hail - TVTC,27.65261,41.70826,01-05-2019 00:00,6724.6,6675.224837978155,-49.375162021845426,49.375162021845426,2437.906624683487,0.7342468254148266,29.3,3.5,2655.1,5407.0,0.3293310675878493,14.8,907.8
330,21,lr,loso,Hail - TVTC,27.65261,41.70826,01-07-2019 00:00,8184.0,8259.478932891365,75.47893289136482,75.47893289136482,5697.069310419154,0.9222743510675075,33.7,3.1,1864.7,8552.2,0.17900719023893863,10.2,903.2
331,21,lr,loso,Hail - TVTC,27.65261,41.70826,01-08-2019 00:00,7644.2,7424.952610600867,-219.24738939913277,219.24738939913277,48069.41775833496,2.8681534941410844,33.2,3.3,1908.1,7915.6,0.1942343516190437,11.1,904.4
332,21,lr,loso,Hail - TVTC,27.65261,41.70826,01-09-2019 00:00,6659.0,6692.827035026102,33.82703502610184,33.82703502610184,1144.2682986571206,0.5079897135621241,33.0,3.0,2017.6,6718.7,0.23094445016769113,11.4,906.6
333,21,lr,loso,Hail - TVTC,27.65261,41.70826,01-10-2019 00:00,5007.4,4969.206231922905,-38.19376807709432,38.19376807709432,1458.763919926869,0.7627464967267308,27.4,2.8,1944.4,4869.2,0.28537043559938946,24.9,909.9
334,21,lr,loso,Hail - TVTC,27.65261,41.70826,01-11-2019 00:00,4172.4,4187.990083929476,15.59008392947635,15.59008392947635,243.05071692811674,0.37364787483166406,18.1,3.3,1514.5,4990.9,0.2328065914471055,44.6,911.9
335,21,lr,loso,Hail - TVTC,27.65261,41.70826,01-12-2019 00:00,4280.9,4665.682962644284,384.78296264428445,384.78296264428445,148057.9283413128,8.98836605957356,13.8,3.0,973.4,6996.3,0.1221375961454007,39.3,912.0
336,21,lr,loso,Hail - TVTC,27.65261,41.70826,01-01-2020 00:00,4555.6,4812.405231336497,256.80523133649695,256.80523133649695,65948.92684179172,5.637133008527898,10.4,3.3,1023.4,7158.7,0.1250779139829628,36.5,912.6
337,21,lr,loso,Hail - TVTC,27.65261,41.70826,01-02-2020 00:00,5484.9,5627.08532908244,142.18532908244015,142.18532908244015,20216.6678062818,2.5923048566508076,13.9,3.7,1484.5,7092.4,0.17308118317807134,33.9,911.9
338,21,lr,loso,Hail - TVTC,27.65261,41.70826,01-03-2020 00:00,6371.4,6375.402842992125,4.002842992125807,4.002842992125807,16.02275201961068,0.06282517173817068,18.4,4.0,2168.0,6380.4,0.25361471152496373,26.2,908.6
339,21,lr,loso,Hail - TVTC,27.65261,41.70826,01-04-2020 00:00,7199.2,7095.172921541636,-104.02707845836358,104.02707845836358,10821.63305258253,1.4449810875981162,22.9,3.9,2498.0,6482.3,0.2781644265781767,24.9,907.6
340,21,lr,loso,Hail - TVTC,27.65261,41.70826,01-05-2020 00:00,7321.9,7243.076552843503,-78.82344715649651,78.82344715649651,6213.135821632998,1.0765436178655339,28.9,3.6,2969.7,5666.2,0.3438784608436874,13.3,908.3
341,21,lr,loso,Hail - TVTC,27.65261,41.70826,01-09-2020 00:00,6805.0,6892.93167715781,87.93167715780964,87.93167715780964,7731.979847785263,1.292162779688606,32.5,2.8,1980.6,7021.5,0.22001532975639015,8.9,907.5
342,21,lr,loso,Hail - TVTC,27.65261,41.70826,01-10-2020 00:00,5948.5,6213.083514452071,264.58351445207063,264.58351445207063,70004.43611980906,4.4479030756000775,25.6,2.5,1173.5,8055.1,0.1271590490431918,11.7,911.6
343,21,lr,loso,Hail - TVTC,27.65261,41.70826,01-11-2020 00:00,4203.6,4217.013991587225,13.4139915872247,13.4139915872247,179.93517030213502,0.3191072315925564,18.9,3.4,1584.9,4907.3,0.24412371769199961,43.5,911.6
344,21,lr,loso,Hail - TVTC,27.65261,41.70826,01-12-2020 00:00,3597.5,3518.9655462507903,-78.53445374920966,78.53445374920966,6167.660425686751,2.1830285962254248,13.6,3.4,1356.6,4611.2,0.2273199504004826,52.0,913.3
345,21,lr,loso,Hail - TVTC,27.65261,41.70826,01-01-2021 00:00,4205.5,4190.521916969896,-14.978083030104244,14.978083030104244,224.34297125669673,0.35615463155639626,13.0,3.3,1441.0,5379.0,0.21129032258064517,43.9,913.5
346,21,lr,loso,Hail - TVTC,27.65261,41.70826,01-02-2021 00:00,4818.3,4755.568598034904,-62.731401965095756,62.731401965095756,3935.2287925064197,1.3019405592241196,14.5,3.7,1657.8,5456.1,0.23303673090709734,41.7,912.1
347,21,lr,loso,Hail - TVTC,27.65261,41.70826,01-03-2021 00:00,6358.1,6366.9269858895905,8.826985889590105,8.826985889590105,77.91567989502282,0.1388305608529294,20.4,3.9,2499.7,5803.7,0.3010453549148541,20.8,909.7
348,21,lr,loso,Hail - TVTC,27.65261,41.70826,01-04-2021 00:00,7385.1,7240.968588473586,-144.131411526414,144.131411526414,20773.86378859651,1.9516514539601904,24.5,3.5,2608.9,6535.3,0.2853065331029505,15.1,910.1
349,21,lr,loso,Hail - TVTC,27.65261,41.70826,01-05-2021 00:00,7637.6,7641.872470235273,4.272470235272522,4.272470235272522,18.254001911289638,0.055939958040124145,30.6,3.2,2423.3,6979.4,0.25772384527848385,9.9,906.7
350,21,lr,loso,Hail - TVTC,27.65261,41.70826,01-07-2021 00:00,7810.3,7720.444965926771,-89.85503407322904,89.85503407322904,8073.927148301151,1.1504684080410361,35.4,3.1,2111.9,7682.1,0.2156320196038391,9.8,902.3
351,21,lr,loso,Hail - TVTC,27.65261,41.70826,01-08-2021 00:00,7648.0,7468.821393042257,-179.1786069577429,179.1786069577429,32104.97319131731,2.3428165135688137,34.5,3.0,1929.6,7915.2,0.1960019502681619,8.7,904.5
352,21,lr,loso,Hail - TVTC,27.65261,41.70826,01-09-2021 00:00,6641.5,6653.661223027215,12.161223027214874,12.161223027214874,147.8953455176613,0.1831095840881559,31.3,2.9,2018.3,6679.7,0.23204184870085076,13.4,906.8
353,21,lr,loso,Hail - TVTC,27.65261,41.70826,01-10-2021 00:00,5596.1,5654.556677763643,58.4566777636428,58.4566777636428,3417.183175162371,1.0445967327896715,27.8,3.1,1749.6,6239.5,0.21899838529997118,15.0,910.3
354,21,lr,loso,Hail - TVTC,27.65261,41.70826,01-11-2021 00:00,4565.9,4741.112311440031,175.21231144003104,175.21231144003104,30699.354080158435,3.837410180687949,19.1,2.9,1364.3,6071.7,0.18347229693383538,28.5,912.3
586,22,lr,loso,Jazan - University,16.96035,42.545865,01-01-2017 00:00,4845.9,4891.124983703548,45.22498370354879,45.22498370354879,2045.2991509862534,0.9332628346344083,26.4,2.8,1898.2,4808.7,0.28302196245657457,75.7,1013.9
587,22,lr,loso,Jazan - University,16.96035,42.545865,01-02-2017 00:00,4480.2,4418.495185110985,-61.704814889014415,61.704814889014415,3807.484180487535,1.3772781324274457,26.6,3.1,2707.0,2575.1,0.5124855644535317,73.7,1013.3
588,22,lr,loso,Jazan - University,16.96035,42.545865,01-09-2017 00:00,6127.2,5887.912575834308,-239.28742416569185,239.28742416569185,57258.47136385173,3.905330724730576,32.8,3.0,2719.6,4304.0,0.38720883877213963,70.6,1005.7
589,22,lr,loso,Jazan - University,16.96035,42.545865,01-10-2017 00:00,5777.2,5615.748189524021,-161.45181047597907,161.45181047597907,26066.687105971465,2.7946377220103003,31.4,3.0,2056.1,5247.3,0.28152641235588904,71.2,1009.0
590,22,lr,loso,Jazan - University,16.96035,42.545865,01-11-2017 00:00,4930.5,4939.736479664973,9.236479664972649,9.236479664972649,85.31255660145325,0.18733352935752254,29.3,2.9,1890.4,4789.9,0.2829813032348847,68.3,1011.7
591,22,lr,loso,Jazan - University,16.96035,42.545865,01-03-2018 00:00,6358.3,6037.875262348325,-320.42473765167506,320.42473765167506,102672.0124991448,5.03947183447895,28.2,3.0,2313.2,5432.7,0.29863540711860465,69.3,1010.3
592,22,lr,loso,Jazan - University,16.96035,42.545865,01-04-2018 00:00,6438.9,6278.739332303658,-160.160667696342,160.160667696342,25651.439476938085,2.487391754746028,30.8,3.2,2756.7,4729.8,0.3682228010418753,67.3,1007.8
593,22,lr,loso,Jazan - University,16.96035,42.545865,01-05-2018 00:00,6626.3,6500.704235109609,-125.59576489039137,125.59576489039137,15774.296158402465,1.8954132002835875,32.2,3.1,3065.2,4422.6,0.4093592243382569,65.3,1005.9
594,22,lr,loso,Jazan - University,16.96035,42.545865,01-06-2018 00:00,5771.5,6100.9150466647325,329.4150466647325,329.4150466647325,108514.27296912787,5.70761581330213,33.4,3.4,3795.9,2355.7,0.6170589765264322,64.7,1003.3
595,22,lr,loso,Jazan - University,16.96035,42.545865,01-07-2018 00:00,5564.3,5818.865288708143,254.56528870814327,254.56528870814327,64803.48621506034,4.574974187375649,33.6,3.1,3912.7,1901.7,0.6729327187671987,62.7,1003.3
596,22,lr,loso,Jazan - University,16.96035,42.545865,01-08-2018 00:00,5592.4,5608.022624645761,15.622624645761789,15.622624645761789,244.06640082236368,0.2793545641542413,33.1,0.9,3454.5,2489.2,0.5812036273701566,66.9,1003.9
597,22,lr,loso,Jazan - University,16.96035,42.545865,01-09-2018 00:00,6013.7,5810.002294687904,-203.69770531209542,203.69770531209542,41492.75514941327,3.387227585547923,33.1,0.2,2776.4,4092.0,0.40422805893657915,68.8,1006.0
598,22,lr,loso,Jazan - University,16.96035,42.545865,01-10-2018 00:00,5312.8,5403.535002081322,90.73500208132191,90.73500208132191,8232.840602697492,1.7078565366910463,31.0,0.0,2103.8,4681.1,0.3100708927176524,69.3,1009.9
599,22,lr,loso,Jazan - University,16.96035,42.545865,01-01-2019 00:00,4555.0,4580.36781496804,25.367814968039966,25.367814968039966,643.5260362527125,0.5569223922731057,26.5,0.0,2345.3,3542.5,0.3983321444342539,75.3,1014.3
600,22,lr,loso,Jazan - University,16.96035,42.545865,01-02-2019 00:00,5009.4,4970.95359319747,-38.446406802529964,38.446406802529964,1478.1261960256222,0.7674852637547404,27.1,0.0,2780.7,3202.9,0.46472023530984685,72.5,1012.8
601,22,lr,loso,Jazan - University,16.96035,42.545865,01-03-2019 00:00,5803.7,5768.60303986049,-35.096960139509974,35.096960139509974,1231.796611034352,0.6047342236764474,28.0,0.0,2850.6,3932.9,0.42022554728385053,69.4,1011.3
602,22,lr,loso,Jazan - University,16.96035,42.545865,01-04-2019 00:00,6218.7,6194.6936332848145,-24.006366715185322,24.006366715185322,576.3056428639577,0.3860351313809208,30.3,0.0,2973.3,4159.3,0.41686061183860024,69.9,1008.8
603,22,lr,loso,Jazan - University,16.96035,42.545865,01-05-2019 00:00,6336.4,6147.748775745539,-188.65122425446043,188.65122425446043,35589.28441270672,2.977261919298978,32.9,0.0,2598.0,4736.9,0.35419705790126654,58.4,1007.0
604,22,lr,loso,Jazan - University,16.96035,42.545865,01-06-2019 00:00,5858.4,5917.343712767294,58.94371276729453,58.94371276729453,3474.36127479332,1.0061401196110633,33.8,0.0,3270.2,3108.3,0.5126910715685505,66.0,1003.7
605,22,lr,loso,Jazan - University,16.96035,42.545865,01-07-2019 00:00,5692.1,5866.781959171267,174.6819591712665,174.6819591712665,30513.786859912016,3.0688490920972313,33.8,0.0,3737.2,2264.7,0.6226694879954681,62.9,1002.2
606,22,lr,loso,Jazan - University,16.96035,42.545865,01-08-2019 00:00,5297.0,5533.211726581796,236.21172658179603,236.21172658179603,55795.97977475316,4.459349189763943,32.4,0.0,3286.6,2389.9,0.5789835285827535,67.5,1004.8
607,22,lr,loso,Jazan - University,16.96035,42.545865,01-09-2019 00:00,5832.6,5711.898493785444,-120.7015062145565,120.7015062145565,14568.853602462623,2.0694288347316205,32.5,0.0,2756.8,3856.2,0.41687585059730836,68.1,1004.9
608,22,lr,loso,Jazan - University,16.96035,42.545865,01-10-2019 00:00,5463.7,5298.232534518649,-165.4674654813507,165.4674654813507,27379.482132821984,3.0284873891566284,30.9,0.0,1948.9,4979.8,0.28127931646629234,65.4,1009.4
609,22,lr,loso,Jazan - University,16.96035,42.545865,01-11-2019 00:00,4841.9,4931.299851465894,89.39985146589424,89.39985146589424,7992.333442123953,1.8463795507113787,29.3,0.0,1881.3,4659.0,0.2876473556258887,63.9,1010.6
610,22,lr,loso,Jazan - University,16.96035,42.545865,01-12-2019 00:00,4326.8,4380.411549078478,53.611549078477765,53.611549078477765,2874.19819459403,1.2390577118997357,27.8,0.0,1920.6,4072.9,0.320447151080337,60.2,1012.5
611,22,lr,loso,Jazan - University,16.96035,42.545865,01-01-2020 00:00,4546.7,4485.9699241547905,-60.730075845209285,60.730075845209285,3688.1421121648723,1.335695687976099,26.3,0.3,1938.8,4213.2,0.31514954486345903,62.6,1014.6
612,22,lr,loso,Jazan - University,16.96035,42.545865,01-02-2020 00:00,4908.3,4888.030743681032,-20.269256318968473,20.269256318968473,410.8427517240434,0.41295879059895424,26.8,3.2,2796.9,3092.3,0.4749201928954696,63.9,1013.8
613,22,lr,loso,Jazan - University,16.96035,42.545865,01-03-2020 00:00,5625.9,5559.901711903837,-65.99828809616247,65.99828809616247,4355.774031624061,1.1731152010551642,28.1,3.3,2985.8,3471.4,0.4623985628445766,64.9,1010.4
614,22,lr,loso,Jazan - University,16.96035,42.545865,01-04-2020 00:00,6391.6,6260.274775120346,-131.32522487965434,131.32522487965434,17246.314689691782,2.054653371294423,30.8,3.3,2487.2,5109.0,0.32742687133040205,66.0,1008.9
615,22,lr,loso,Jazan - University,16.96035,42.545865,01-09-2020 00:00,5985.6,5759.111449845411,-226.48855015458957,226.48855015458957,51297.06335112804,3.78389050645866,32.7,2.6,2576.3,4338.2,0.37259382457155255,68.5,1004.8
616,22,lr,loso,Jazan - University,16.96035,42.545865,01-10-2020 00:00,5765.0,5641.91041081212,-123.08958918787994,123.08958918787994,15151.04696644105,2.1351186329207272,31.4,2.7,1720.7,5828.1,0.2279435142009326,66.3,1009.0
617,22,lr,loso,Jazan - University,16.96035,42.545865,01-11-2020 00:00,4773.8,4754.395858259557,-19.404141740443265,19.404141740443265,376.5207166832126,0.4064716104663636,29.5,2.8,1916.2,4469.8,0.3000626370184779,69.0,1011.9
618,22,lr,loso,Jazan - University,16.96035,42.545865,01-12-2020 00:00,4470.6,4527.270007422423,56.670007422422714,56.670007422422714,3211.4897412574455,1.2676152512508996,27.6,2.6,1809.1,4512.5,0.28617754998734496,68.5,1013.1
619,22,lr,loso,Jazan - University,16.96035,42.545865,01-01-2021 00:00,4567.8,4562.139402173105,-5.660597826895355,5.660597826895355,32.04236775785242,0.12392394209237169,25.9,2.5,2039.8,4135.8,0.3302998898892415,67.5,1013.5
620,22,lr,loso,Jazan - University,16.96035,42.545865,01-02-2021 00:00,4771.7,4664.888677981894,-106.81132201810578,106.81132201810578,11408.65851125549,2.2384333050716894,26.2,2.8,2167.7,3835.3,0.3611027819423621,66.7,1012.9
621,22,lr,loso,Jazan - University,16.96035,42.545865,01-03-2021 00:00,6135.9,5948.398678429396,-187.50132157060398,187.50132157060398,35156.74559072304,3.055807975530957,28.4,2.7,2459.1,4951.1,0.3318533912714906,66.9,1010.2
622,22,lr,loso,Jazan - University,16.96035,42.545865,01-04-2021 00:00,6471.7,6259.966388390483,-211.73361160951663,211.73361160951663,44831.12228520963,3.271684589976616,30.2,2.8,2649.0,4894.8,0.3511492881571622,65.2,1008.9
623,22,lr,loso,Jazan - University,16.96035,42.545865,01-05-2021 00:00,6409.8,6312.589262187311,-97.21073781268933,97.21073781268933,9449.927546087427,1.5165954914769468,32.3,2.6,2731.9,4649.9,0.37008588691105154,66.1,1006.3
624,22,lr,loso,Jazan - University,16.96035,42.545865,01-07-2021 00:00,5168.4,5430.520229672914,262.1202296729143,262.1202296729143,68707.01480378135,5.071593330100502,33.0,3.2,3252.6,2258.3,0.5902121250612423,65.4,1002.7
625,22,lr,loso,Jazan - University,16.96035,42.545865,01-08-2021 00:00,5508.7,5577.144107986798,68.44410798679837,68.44410798679837,4684.595918108516,1.2424729607130245,33.2,2.6,3038.2,2985.1,0.5044078827220959,70.0,1003.7
626,22,lr,loso,Jazan - University,16.96035,42.545865,01-09-2021 00:00,5653.7,5579.428186142958,-74.2718138570417,74.2718138570417,5516.302333615053,1.3136850886506486,32.9,2.0,2713.4,3697.1,0.42327431557600814,69.5,1004.7
627,22,lr,loso,Jazan - University,16.96035,42.545865,01-10-2021 00:00,5472.3,5385.998967440737,-86.30103255926315,86.30103255926315,7447.868220794998,1.5770522917103074,31.5,0.3,2142.3,4702.2,0.31299583607275916,70.3,1008.9
628,22,lr,loso,Jazan - University,16.96035,42.545865,01-11-2021 00:00,4887.3,4885.928873879565,-1.3711261204352923,1.3711261204352923,1.8799868381399356,0.028054879390160055,29.7,0.0,1707.7,5022.5,0.2537368874624826,68.8,1011.3
629,22,lr,loso,Jazan - University,16.96035,42.545865,01-12-2021 00:00,4518.0,4537.006656943055,19.006656943054622,19.006656943054622,361.2530081509665,0.4206874046714171,27.5,0.0,1608.2,4876.1,0.24801443486575267,70.3,1013.5
1603,23,lr,loso,Jeddah - KAU,21.49604,39.24492,01-01-2017 00:00,4179.9,4242.5034272257,62.603427225700216,62.603427225700216,3919.189100403543,1.4977254773008977,25.6,3.4,1566.2,4609.3,0.2536150918953931,80.0,1007.6
1604,23,lr,loso,Jeddah - KAU,21.49604,39.24492,01-02-2017 00:00,4052.3,3914.32549786066,-137.97450213934007,137.97450213934007,19036.963240598758,3.404844215367571,24.8,4.4,2134.6,2999.4,0.41577717179587065,63.8,1007.1
1605,23,lr,loso,Jeddah - KAU,21.49604,39.24492,01-03-2017 00:00,5072.3,4977.726704333999,-94.57329566600129,94.57329566600129,8944.108253128898,1.864505168582325,26.8,4.1,2542.8,3507.3,0.4202905737095255,72.5,1003.5
1606,23,lr,loso,Jeddah - KAU,21.49604,39.24492,01-04-2017 00:00,5700.8,5598.813174871004,-101.98682512899632,101.98682512899632,10401.312499892474,1.7889914596020966,30.9,4.2,2830.8,3692.8,0.4339321846833037,60.5,1002.2
1607,23,lr,loso,Jeddah - KAU,21.49604,39.24492,01-05-2017 00:00,6236.0,6118.217365838362,-117.78263416163827,117.78263416163827,13872.748910054319,1.8887529532013836,33.5,4.2,2791.6,4368.0,0.3899100508408291,55.1,1000.6
1608,23,lr,loso,Jeddah - KAU,21.49604,39.24492,01-06-2017 00:00,6628.0,6462.556120883048,-165.4438791169523,165.4438791169523,27371.677137264727,2.496135774244905,33.7,3.9,2515.2,5244.5,0.32413624238050437,65.0,996.9
1609,23,lr,loso,Jeddah - KAU,21.49604,39.24492,01-09-2017 00:00,5981.7,6052.301472398234,70.60147239823436,70.60147239823436,4984.567904798649,1.1802910944753893,33.9,3.6,2723.3,4310.0,0.3872008872079963,77.9,998.8
1610,23,lr,loso,Jeddah - KAU,21.49604,39.24492,01-10-2017 00:00,5562.0,5653.065239218051,91.06523921805092,91.06523921805092,8292.877793840838,1.6372750668473737,31.4,3.6,1835.5,5582.8,0.24742865616111506,85.1,1002.5
1611,23,lr,loso,Jeddah - KAU,21.49604,39.24492,01-11-2017 00:00,4469.3,4714.499401773752,245.19940177375156,245.19940177375156,60122.74663020564,5.486304382649443,29.2,3.3,1802.6,4521.0,0.28505914352583966,83.0,1005.0
1612,23,lr,loso,Jeddah - KAU,21.49604,39.24492,01-03-2018 00:00,6348.6,6331.508316946991,-17.091683053009547,17.091683053009547,292.1256295845337,0.26921971856802357,28.5,3.3,2259.9,5876.0,0.2777689007976991,50.1,1003.6
1613,23,lr,loso,Jeddah - KAU,21.49604,39.24492,01-04-2018 00:00,6918.0,6758.188480760005,-159.8115192399946,159.8115192399946,25539.721681795163,2.3100826718704046,29.7,3.7,2655.6,5662.2,0.3192671139003102,46.4,1001.4
1614,23,lr,loso,Jeddah - KAU,21.49604,39.24492,01-05-2018 00:00,7145.1,7150.936783955994,5.836783955993269,5.836783955993269,34.068046948940435,0.0816893249358759,33.4,4.0,3077.0,5216.1,0.37103133930617016,40.2,999.3
1615,23,lr,loso,Jeddah - KAU,21.49604,39.24492,01-06-2018 00:00,7049.4,7174.464521085025,125.06452108502526,125.06452108502526,15641.13443422673,1.7741158266664576,33.9,4.2,3198.7,4900.1,0.39495974712303056,46.2,997.1
1616,23,lr,loso,Jeddah - KAU,21.49604,39.24492,01-07-2018 00:00,6883.0,6850.279873585416,-32.72012641458423,32.72012641458423,1070.6066725863725,0.47537594674682887,34.7,3.8,3023.7,4886.1,0.38227262383372523,44.2,997.2
1617,23,lr,loso,Jeddah - KAU,21.49604,39.24492,01-08-2018 00:00,6584.6,6460.03922760709,-124.56077239291062,124.56077239291062,15515.386019118485,1.8916983931128788,34.5,4.1,2592.3,5172.4,0.3338570711038418,50.0,997.4
1618,23,lr,loso,Jeddah - KAU,21.49604,39.24492,01-09-2018 00:00,5723.0,5774.62666168237,51.62666168236956,51.62666168236956,2665.3121964658453,0.902090890832947,33.4,3.0,3065.4,3435.0,0.47157098024736943,64.1,998.9
1619,23,lr,loso,Jeddah - KAU,21.49604,39.24492,01-10-2018 00:00,5027.9,5104.029524492129,76.12952449212935,76.12952449212935,5795.704499397722,1.5141415798271516,31.3,2.8,2094.4,4373.8,0.32379951145604646,61.2,1003.1
1620,23,lr,loso,Jeddah - KAU,21.49604,39.24492,01-11-2018 00:00,3939.4,3992.0667272617793,52.666727261779215,52.666727261779215,2773.784160466638,1.3369225583027673,27.7,2.9,1792.8,3701.1,0.3263255610768307,58.3,1005.1
1621,23,lr,loso,Jeddah - KAU,21.49604,39.24492,01-12-2018 00:00,3797.9,3840.9917931556333,43.09179315563324,43.09179315563324,1856.9026373678798,1.1346215844449101,25.7,3.7,1753.3,3762.9,0.31784561836046554,62.6,1007.5
1622,23,lr,loso,Jeddah - KAU,21.49604,39.24492,01-01-2019 00:00,3970.1,3956.7382164563855,-13.361783543614365,13.361783543614365,178.53725946640367,0.3365603774115102,25.1,3.4,2042.4,3345.4,0.37907865919299155,65.3,1007.5
1623,23,lr,loso,Jeddah - KAU,21.49604,39.24492,01-02-2019 00:00,4629.8,4560.765398969003,-69.03460103099678,69.03460103099678,4765.776139508902,1.49109251006516,25.0,4.1,2151.7,3871.2,0.35725315047568446,56.0,1006.5
1624,23,lr,loso,Jeddah - KAU,21.49604,39.24492,01-03-2019 00:00,6041.3,6045.594292589917,4.2942925899169495,4.2942925899169495,18.440948847815623,0.07108226027373164,25.1,4.4,2348.2,5361.8,0.3045654993514915,51.9,1005.3
1625,23,lr,loso,Jeddah - KAU,21.49604,39.24492,01-04-2019 00:00,6618.6,6533.94352943357,-84.65647056643047,84.65647056643047,7166.7180087649085,1.2790691470466635,28.6,3.8,2576.9,5463.5,0.3204940052733695,49.1,1002.5
1626,23,lr,loso,Jeddah - KAU,21.49604,39.24492,01-05-2019 00:00,6524.3,6295.585332284936,-228.71466771506402,228.71466771506402,52310.39922801215,3.505581713211594,33.6,2.6,2746.2,4804.7,0.3636917453548584,43.8,1000.3
1627,23,lr,loso,Jeddah - KAU,21.49604,39.24492,01-06-2019 00:00,6589.8,6563.709494275177,-26.090505724822833,26.090505724822833,680.714488977013,0.3959225731406542,34.9,4.5,3057.6,4456.4,0.40692041522491346,43.8,997.4
1628,23,lr,loso,Jeddah - KAU,21.49604,39.24492,01-07-2019 00:00,6880.8,6787.49898555709,-93.30101444290995,93.30101444290995,8705.07929607609,1.3559617260043881,34.9,4.2,2642.1,5472.3,0.3256063294883171,43.7,996.2
1629,23,lr,loso,Jeddah - KAU,21.49604,39.24492,01-08-2019 00:00,6475.4,6311.359727737088,-164.04027226291146,164.04027226291146,26909.21092409012,2.5332840019599017,34.1,3.7,2437.3,5252.1,0.31696881421177203,54.8,998.0
1630,23,lr,loso,Jeddah - KAU,21.49604,39.24492,01-09-2019 00:00,5790.5,5639.619853750959,-150.880146249041,150.880146249041,22764.818532131998,2.6056497063991193,32.9,3.7,2502.0,4294.4,0.36813607203813786,61.3,998.2
1631,23,lr,loso,Jeddah - KAU,21.49604,39.24492,01-10-2019 00:00,5083.3,5150.0954441148115,66.79544411481129,66.79544411481129,4461.631354494878,1.3140173531920463,31.6,2.7,2204.6,4315.5,0.3381236484103004,62.8,1002.5
1632,23,lr,loso,Jeddah - KAU,21.49604,39.24492,01-11-2019 00:00,4252.7,4289.425378305353,36.72537830535293,36.72537830535293,1348.753411671288,0.8635779223870231,29.2,2.8,1605.0,4497.7,0.2629983449948384,59.6,1003.8
1633,23,lr,loso,Jeddah - KAU,21.49604,39.24492,01-12-2019 00:00,4059.6,4179.302977475572,119.70297747557242,119.70297747557242,14328.8028165174,2.948639705280629,25.7,4.0,1565.7,4614.5,0.25334131581502217,57.4,1006.5
1634,23,lr,loso,Jeddah - KAU,21.49604,39.24492,01-01-2020 00:00,4583.7,4752.55296181444,168.85296181444028,168.85296181444028,28511.322713508827,3.6837699198123843,22.6,4.4,1415.2,5733.1,0.1979771414182393,52.3,1009.2
1635,23,lr,loso,Jeddah - KAU,21.49604,39.24492,01-02-2020 00:00,4780.0,4759.54591379882,-20.454086201179962,20.454086201179962,418.3696423253005,0.42790975316276075,23.9,3.9,2208.5,4053.1,0.35270537881691577,58.5,1007.7
1636,23,lr,loso,Jeddah - KAU,21.49604,39.24492,01-03-2020 00:00,5935.3,5936.757466450422,1.4574664504216344,1.4574664504216344,2.124208454104638,0.024555901983415066,25.7,4.0,2378.5,4998.4,0.32242540904716077,57.1,1003.9
1637,23,lr,loso,Jeddah - KAU,21.49604,39.24492,01-04-2020 00:00,6537.0,6428.188634646873,-108.81136535312726,108.81136535312726,11839.913230011744,1.6645458980132668,28.2,3.3,2184.2,5974.0,0.26773062685396287,54.4,1002.7
1638,23,lr,loso,Jeddah - KAU,21.49604,39.24492,01-05-2020 00:00,6427.6,6418.692826432502,-8.90717356749792,8.90717356749792,79.33774096153364,0.1385769737926741,31.9,3.8,2462.4,5198.2,0.3214369631621544,48.8,1000.7
1639,23,lr,loso,Jeddah - KAU,21.49604,39.24492,01-09-2020 00:00,5847.3,5750.854441085768,-96.4455589142326,96.4455589142326,9301.745834278712,1.6494032957815163,34.2,2.7,2430.1,4579.5,0.3466816936772426,60.5,997.6
1640,23,lr,loso,Jeddah - KAU,21.49604,39.24492,01-10-2020 00:00,5407.9,5528.153908597834,120.2539085978342,120.2539085978342,14461.002533056262,2.2236710848542725,32.3,2.3,1707.8,5708.9,0.23026413364434317,52.5,1002.1
1641,23,lr,loso,Jeddah - KAU,21.49604,39.24492,01-11-2020 00:00,4208.8,4336.133430372362,127.33343037236227,127.33343037236227,16213.802490393231,3.025409389193173,28.5,3.4,1550.9,4592.0,0.25247033160233767,64.0,1005.1
1642,23,lr,loso,Jeddah - KAU,21.49604,39.24492,01-12-2020 00:00,3885.5,4024.345156569163,138.845156569163,138.845156569163,19277.97750271539,3.573418004611067,26.5,3.1,1687.9,4103.0,0.29147455490510976,60.3,1006.3
1643,23,lr,loso,Jeddah - KAU,21.49604,39.24492,01-01-2021 00:00,4281.3,4392.583238812714,111.28323881271353,111.28323881271353,12383.959240647431,2.5992861703854793,25.4,3.3,1719.6,4525.4,0.2753562850280224,61.7,1006.7
1644,23,lr,loso,Jeddah - KAU,21.49604,39.24492,01-02-2021 00:00,4820.6,4832.59456767175,11.994567671749792,11.994567671749792,143.86965363218522,0.24881897837924308,24.7,3.7,1769.2,4875.9,0.26624129057501017,60.2,1006.5
1645,23,lr,loso,Jeddah - KAU,21.49604,39.24492,01-09-2021 00:00,5596.1,5460.4156628990195,-135.68433710098088,135.68433710098088,18410.239334532616,2.424623167938044,32.6,4.0,2585.6,3944.4,0.3959571209800919,66.2,998.3
1646,23,lr,loso,Jeddah - KAU,21.49604,39.24492,01-10-2021 00:00,5173.6,5052.202388930619,-121.39761106938113,121.39761106938113,14737.379973352727,2.3464823540548383,30.9,0.7,1797.1,5048.1,0.26253433062584,69.1,1002.3
1647,23,lr,loso,Jeddah - KAU,21.49604,39.24492,01-11-2021 00:00,4184.6,4264.214208747309,79.61420874730902,79.61420874730902,6338.422234460097,1.9025524243012237,28.4,0.0,1386.1,4797.1,0.22417194979945654,67.6,1004.8
1648,23,lr,loso,Jeddah - KAU,21.49604,39.24492,01-12-2021 00:00,3625.7,3605.6897689221764,-20.01023107782339,20.01023107782339,400.4093477878891,0.5518998008060069,26.1,0.0,1689.8,3558.4,0.32197705880111277,66.8,1007.0
41,24,lr,loso,Layla - TVTC,22.27948,46.73319,01-01-2017 00:00,4876.1,4874.613980375222,-1.486019624778237,1.486019624778237,2.208254325226052,0.030475577301085636,18.6,2.3,1507.6,6091.5,0.19839191483201957,32.7,954.8
42,24,lr,loso,Layla - TVTC,22.27948,46.73319,01-02-2017 00:00,4616.1,4330.261651345885,-285.8383486541152,285.8383486541152,81703.56156131151,6.1922044291526435,16.9,2.5,2531.8,3249.8,0.4379064618790646,44.6,955.1
43,24,lr,loso,Layla - TVTC,22.27948,46.73319,01-03-2017 00:00,5561.4,5484.118263810593,-77.28173618940673,77.28173618940673,5972.466748449057,1.3896093823391005,24.2,2.9,2994.1,3519.2,0.4596901724164402,42.2,949.9
44,24,lr,loso,Layla - TVTC,22.27948,46.73319,01-04-2017 00:00,7234.4,7183.296978177611,-51.103021822388655,51.103021822388655,2611.518839379531,0.7063892212538518,30.7,2.5,2940.1,5645.8,0.3424335247324101,18.9,949.4
45,24,lr,loso,Layla - TVTC,22.27948,46.73319,01-05-2017 00:00,7183.5,7388.425636001542,204.92563600154244,204.92563600154244,41994.51629063667,2.8527268880287107,35.5,2.4,3519.0,4607.1,0.43304906412670285,17.6,946.3
46,24,lr,loso,Layla - TVTC,22.27948,46.73319,01-06-2017 00:00,7708.1,7844.559894799393,136.4598947993927,136.4598947993927,18621.30288866133,1.7703441159221172,37.8,2.7,3129.9,5882.6,0.3472843273231623,9.8,942.4
47,24,lr,loso,Layla - TVTC,22.27948,46.73319,01-09-2017 00:00,7081.8,6917.521032856621,-164.2789671433793,164.2789671433793,26987.579045695496,2.3197346316385565,35.2,2.3,2113.6,6908.4,0.23427178009310573,12.0,945.2
48,24,lr,loso,Layla - TVTC,22.27948,46.73319,01-10-2017 00:00,6346.5,6381.598456109405,35.09845610940465,35.09845610940465,1231.9016212638046,0.5530364154952281,30.2,2.1,1599.1,7406.4,0.1775692632280273,17.5,950.2
49,24,lr,loso,Layla - TVTC,22.27948,46.73319,01-11-2017 00:00,5221.3,5371.489627502587,150.18962750258652,150.18962750258652,22556.924209365694,2.8764795645258174,23.5,2.0,1532.9,6449.1,0.1920446003507893,33.0,953.4
50,24,lr,loso,Layla - TVTC,22.27948,46.73319,01-03-2018 00:00,6698.7,6722.62207491146,23.922074911460186,23.922074911460186,572.2656680695129,0.35711518520698327,25.9,2.6,2424.9,6159.7,0.28247093632784287,22.2,950.9
51,24,lr,loso,Layla - TVTC,22.27948,46.73319,01-04-2018 00:00,6787.2,6927.693783529124,140.4937835291239,140.4937835291239,19738.503210328327,2.0699814876403213,28.6,3.1,3720.5,3832.4,0.49259224933469264,30.9,948.0
52,24,lr,loso,Layla - TVTC,22.27948,46.73319,01-05-2018 00:00,7406.8,7632.76767032685,225.96767032684966,225.96767032684966,51061.38803294381,3.0508137161371933,33.3,2.8,3444.5,5047.0,0.40564093505269977,17.9,946.1
53,24,lr,loso,Layla - TVTC,22.27948,46.73319,01-06-2018 00:00,7584.6,7938.583879259682,353.983879259682,353.983879259682,125304.58677573313,4.667139720745748,37.8,2.6,3746.8,4811.7,0.4377869953847053,12.2,941.7
54,24,lr,loso,Layla - TVTC,22.27948,46.73319,01-07-2018 00:00,7466.0,7770.3807527171075,304.3807527171075,304.3807527171075,92647.64262463295,4.076891946385045,38.9,2.7,3551.7,4934.3,0.41853641291539,10.9,939.0
55,24,lr,loso,Layla - TVTC,22.27948,46.73319,01-08-2018 00:00,7273.2,7431.581947681235,158.38194768123503,158.38194768123503,25084.84135130147,2.177610235951645,38.0,2.8,3072.9,5420.4,0.36180283282116493,13.1,940.5
56,24,lr,loso,Layla - TVTC,22.27948,46.73319,01-09-2018 00:00,6883.2,6768.081262898249,-115.11873710175041,115.11873710175041,13252.323631901927,1.6724595697023246,36.0,2.4,2311.1,6303.5,0.2682771109511759,14.7,945.1
57,24,lr,loso,Layla - TVTC,22.27948,46.73319,01-10-2018 00:00,5925.0,5938.959978393629,13.959978393629171,13.959978393629171,194.8809967505933,0.235611449681505,29.4,2.3,1934.9,6075.4,0.24155150244060775,29.1,951.2
58,24,lr,loso,Layla - TVTC,22.27948,46.73319,01-11-2018 00:00,4780.8,4864.691487618133,83.89148761813249,83.89148761813249,7037.781694783276,1.7547583588130122,23.6,2.7,1932.0,4908.4,0.28243962341383544,41.1,953.2
59,24,lr,loso,Layla - TVTC,22.27948,46.73319,01-12-2018 00:00,4692.0,4800.49764809139,108.49764809139015,108.49764809139015,11771.739641363136,2.3123965918881106,19.0,2.2,1472.6,6052.0,0.19570475507003693,45.1,955.5
60,24,lr,loso,Layla - TVTC,22.27948,46.73319,01-01-2019 00:00,4759.5,4767.480853587797,7.980853587797355,7.980853587797355,63.69402398985792,0.1676826050592994,18.4,2.5,2151.3,4667.5,0.31549539508417906,34.2,955.3
61,24,lr,loso,Layla - TVTC,22.27948,46.73319,01-02-2019 00:00,5422.8,5271.091374547694,-151.70862545230648,151.70862545230648,23015.507036628213,2.7976068719537226,19.4,2.8,2465.4,4623.9,0.3477635309551014,32.3,953.5
62,24,lr,loso,Layla - TVTC,22.27948,46.73319,01-03-2019 00:00,6304.4,6266.566845661054,-37.83315433894586,37.83315433894586,1431.347567234498,0.6001071369035255,22.9,2.7,3166.7,4375.8,0.4198475306595956,24.4,950.8
63,24,lr,loso,Layla - TVTC,22.27948,46.73319,01-04-2019 00:00,6610.5,6709.103829646362,98.6038296463621,98.6038296463621,9722.715220928798,1.491624380097755,27.4,2.4,3325.2,4240.9,0.4394866575910971,33.1,949.0
64,24,lr,loso,Layla - TVTC,22.27948,46.73319,01-05-2019 00:00,6704.8,6865.507018172355,160.70701817235476,160.70701817235476,25826.745689849566,2.3968950329965812,33.6,2.4,3436.5,4137.9,0.4536993029150824,20.8,947.0
65,24,lr,loso,Layla - TVTC,22.27948,46.73319,01-06-2019 00:00,7413.6,7504.131888675821,90.53188867582048,90.53188867582048,8196.022867211153,1.2211596076915463,38.1,2.4,2893.3,5815.2,0.33223861744272837,11.8,942.6
66,24,lr,loso,Layla - TVTC,22.27948,46.73319,01-07-2019 00:00,7562.4,7646.18785238659,83.7878523865902,83.7878523865902,7020.40420755703,1.1079531945756667,38.7,2.7,3026.4,5803.0,0.3427639477201169,11.6,939.5
67,24,lr,loso,Layla - TVTC,22.27948,46.73319,01-08-2019 00:00,7529.1,7488.379887408925,-40.72011259107512,40.72011259107512,1658.1275694298347,0.5408363893569632,38.0,2.3,2532.8,6574.1,0.27811878905006093,12.1,941.0
68,24,lr,loso,Layla - TVTC,22.27948,46.73319,01-09-2019 00:00,6903.7,6778.138409509691,-125.56159049030884,125.56159049030884,15765.713006456017,1.8187579195258898,35.5,2.4,2127.3,6621.3,0.24315890542486798,16.9,944.7
69,24,lr,loso,Layla - TVTC,22.27948,46.73319,01-10-2019 00:00,6062.9,6049.566439527317,-13.33356047268262,13.33356047268262,177.7838348786844,0.21992050788702802,30.9,2.0,1746.7,6659.7,0.2077821659687857,21.8,949.6
70,24,lr,loso,Layla - TVTC,22.27948,46.73319,01-11-2019 00:00,4899.4,4919.098337329437,19.69833732943698,19.69833732943698,388.02449354429046,0.40205611563532234,22.7,2.0,1723.7,5485.0,0.23911384854412032,41.9,953.3
71,24,lr,loso,Layla - TVTC,22.27948,46.73319,01-12-2019 00:00,4472.2,4604.450000675806,132.2500006758064,132.2500006758064,17490.062678750794,2.9571575662046956,18.8,2.3,1374.2,5895.9,0.18902078375813264,43.1,954.4
72,24,lr,loso,Layla - TVTC,22.27948,46.73319,01-01-2020 00:00,5040.7,5112.433639000066,71.73363900006643,71.73363900006643,5145.714964191852,1.4230888368692134,16.3,2.4,1473.9,6498.5,0.18487531985349456,35.5,955.1
73,24,lr,loso,Layla - TVTC,22.27948,46.73319,01-02-2020 00:00,5617.1,5532.508225556384,-84.59177444361649,84.59177444361649,7155.768303519687,1.5059688174256551,19.8,2.6,2383.7,5143.7,0.3166697664532242,25.9,954.4
74,24,lr,loso,Layla - TVTC,22.27948,46.73319,01-03-2020 00:00,6578.6,6553.426877131011,-25.173122868989594,25.173122868989594,633.6861149772469,0.38265167161690317,24.3,2.6,3107.7,4811.8,0.392411137066734,23.7,949.9
75,24,lr,loso,Layla - TVTC,22.27948,46.73319,01-04-2020 00:00,6680.1,6793.338772244984,113.23877224498392,113.23877224498392,12823.01953955134,1.6951658245383139,29.2,2.7,3371.3,4290.1,0.44003706894301303,34.9,948.0
76,24,lr,loso,Layla - TVTC,22.27948,46.73319,01-05-2020 00:00,7397.1,7508.067024103985,110.96702410398484,110.96702410398484,12313.680438494353,1.5001422733771996,34.1,2.6,3319.9,5199.9,0.38966877156740776,16.1,946.8
77,24,lr,loso,Layla - TVTC,22.27948,46.73319,01-09-2020 00:00,7018.5,6936.075611856444,-82.42438814355592,82.42438814355592,6793.779760839561,1.1743875207459702,35.0,2.2,2071.4,6883.4,0.23131728235136467,14.4,944.7
78,24,lr,loso,Layla - TVTC,22.27948,46.73319,01-10-2020 00:00,6364.6,6459.825363051105,95.22536305110498,95.22536305110498,9067.869768214749,1.496171999043223,28.0,2.2,1289.4,8065.7,0.1378285640987269,17.0,950.6
79,24,lr,loso,Layla - TVTC,22.27948,46.73319,01-11-2020 00:00,5140.4,5385.221512139851,244.82151213985162,244.82151213985162,59937.57280644352,4.762693800868641,23.2,2.0,1265.0,6865.6,0.1555850736722997,34.8,953.5
80,24,lr,loso,Layla - TVTC,22.27948,46.73319,01-12-2020 00:00,4621.5,4771.562864716798,150.06286471679778,150.06286471679778,22518.863367011953,3.2470597147419187,18.0,2.3,1407.7,6100.6,0.1874858489937802,44.0,955.6
81,24,lr,loso,Layla - TVTC,22.27948,46.73319,01-01-2021 00:00,4847.6,4878.111009557831,30.51100955783022,30.51100955783022,930.9217042380071,0.6294044384402636,17.1,2.1,1504.9,6045.3,0.19931922333183227,36.7,955.8
82,24,lr,loso,Layla - TVTC,22.27948,46.73319,01-02-2021 00:00,5678.9,5600.768346993709,-78.13165300629043,78.13165300629043,6104.555201495373,1.3758237159712345,19.6,2.6,1881.4,6161.0,0.23393514373818763,31.9,953.9
83,24,lr,loso,Layla - TVTC,22.27948,46.73319,01-03-2021 00:00,6715.8,6717.388373069061,1.5883730690611628,1.5883730690611628,2.5229290065187775,0.023651286057672395,25.6,2.7,2776.8,5583.3,0.3321491369720458,18.4,950.8
84,24,lr,loso,Layla - TVTC,22.27948,46.73319,01-04-2021 00:00,7200.0,7164.204023827473,-35.795976172526935,35.795976172526935,1281.3519101441161,0.4971663357295408,29.8,2.3,2991.0,5516.0,0.35159280592453274,15.4,949.1
85,24,lr,loso,Layla - TVTC,22.27948,46.73319,01-05-2021 00:00,7908.5,7742.251493804853,-166.24850619514655,166.24850619514655,27638.56581211768,2.1021496642238926,35.3,2.1,2868.5,6453.2,0.30772284025446,11.3,944.8
86,24,lr,loso,Layla - TVTC,22.27948,46.73319,01-07-2021 00:00,7298.5,7567.506329910591,269.0063299105914,269.0063299105914,72364.40553196592,3.6857755690976415,37.9,2.4,3041.2,5476.1,0.35706151010296694,22.0,938.4
87,24,lr,loso,Layla - TVTC,22.27948,46.73319,01-08-2021 00:00,7328.8,7358.2544799016505,29.454479901650302,29.454479901650302,867.5663862767216,0.40190044620743237,38.3,2.5,2865.8,5796.8,0.3308244637868538,14.4,941.1
88,24,lr,loso,Layla - TVTC,22.27948,46.73319,01-09-2021 00:00,7008.4,6965.253298793607,-43.14670120639221,43.14670120639221,1861.6378249936868,0.6156426745960877,34.3,2.5,2223.0,6629.5,0.2511155040948885,14.4,944.2
89,24,lr,loso,Layla - TVTC,22.27948,46.73319,01-10-2021 00:00,6124.2,6119.866397685153,-4.3336023148467575,4.3336023148467575,18.780109023245174,0.07076193322959337,30.4,2.3,1722.3,6798.2,0.20213602488116894,20.8,950.0
90,24,lr,loso,Layla - TVTC,22.27948,46.73319,01-11-2021 00:00,5205.4,5264.082649505005,58.68264950500543,58.68264950500543,3443.653352927314,1.1273417893918898,24.0,1.9,1438.3,6557.9,0.179872939646332,28.4,953.1
91,24,lr,loso,Layla - TVTC,22.27948,46.73319,01-12-2021 00:00,4724.3,4794.917088168079,70.61708816807914,70.61708816807914,4986.773141338263,1.4947629949003902,18.4,1.7,1425.4,6196.0,0.18702600572073375,37.4,955.3
355,25,lr,loso,Madinah - Taibah University,24.4846,39.5418,01-01-2017 00:00,4222.1,4159.180033134557,-62.91996686544371,62.91996686544371,3958.9222303485344,1.4902528804491535,20.8,2.6,1233.5,5525.1,0.1825082117598319,29.3,942.8
356,25,lr,loso,Madinah - Taibah University,24.4846,39.5418,01-02-2017 00:00,4885.0,4561.937718113044,-323.06228188695604,323.06228188695604,104369.23797800705,6.613352751012407,19.0,3.4,1754.9,5120.1,0.25525818181818183,26.1,943.0
357,25,lr,loso,Madinah - Taibah University,24.4846,39.5418,01-03-2017 00:00,5364.2,5179.381465206264,-184.81853479373603,184.81853479373603,34157.89080330342,3.4454072330214394,24.7,2.8,2255.1,4567.7,0.33052412499267164,22.9,938.5
358,25,lr,loso,Madinah - Taibah University,24.4846,39.5418,01-04-2017 00:00,6008.7,5905.319225422285,-103.38077457771487,103.38077457771487,10687.584552288297,1.7205181582990474,31.1,3.3,2710.5,4359.3,0.3833913264873122,14.2,938.7
359,25,lr,loso,Madinah - Taibah University,24.4846,39.5418,01-05-2017 00:00,6402.0,6399.8969667359615,-2.1030332640384586,2.1030332640384586,4.422748909652253,0.03284962924146296,33.5,3.2,2688.4,4873.5,0.3555191155661937,16.9,937.3
360,25,lr,loso,Madinah - Taibah University,24.4846,39.5418,01-09-2017 00:00,6414.2,6354.374058052803,-59.82594194719695,59.82594194719695,3579.14332986938,0.932710890636353,36.7,2.7,2421.1,5438.2,0.30805542478337766,10.7,936.4
361,25,lr,loso,Madinah - Taibah University,24.4846,39.5418,01-10-2017 00:00,5871.0,5855.510892520282,-15.489107479717859,15.489107479717859,239.91245051825172,0.2638240074896586,32.0,2.2,1478.9,6881.4,0.17689556594859038,14.9,939.1
362,25,lr,loso,Madinah - Taibah University,24.4846,39.5418,01-11-2017 00:00,4467.8,4443.981624906901,-23.81837509309935,23.81837509309935,567.3149920755753,0.5331119363691156,25.8,2.1,1559.4,5081.5,0.23481756990769326,31.9,941.1
363,25,lr,loso,Madinah - Taibah University,24.4846,39.5418,01-03-2018 00:00,6500.1,6377.356515773225,-122.74348422677576,122.74348422677576,15065.96292012875,1.8883322445312496,27.9,2.0,1970.9,6658.6,0.22839098441392897,17.7,939.6
364,25,lr,loso,Madinah - Taibah University,24.4846,39.5418,01-04-2018 00:00,7350.0,7122.962639014588,-227.0373609854123,227.0373609854123,51545.963283220415,3.0889436868763576,28.9,2.5,2356.2,6789.1,0.25764053666910874,17.9,937.0
365,25,lr,loso,Madinah - Taibah University,24.4846,39.5418,01-05-2018 00:00,7147.6,7213.852186827131,66.25218682713057,66.25218682713057,4389.352259377014,0.9269151439242623,33.4,2.7,3111.0,5224.7,0.3732140072219489,14.6,936.4
366,25,lr,loso,Madinah - Taibah University,24.4846,39.5418,01-06-2018 00:00,7666.6,7654.011168977201,-12.58883102279924,12.58883102279924,158.47866652059258,0.1642035716327869,37.1,2.8,2342.5,7021.4,0.25016285949230554,9.8,934.3
367,25,lr,loso,Madinah - Taibah University,24.4846,39.5418,01-12-2018 00:00,4058.1,4088.2273064295377,30.12730642953784,30.12730642953784,907.654592699272,0.742399310749805,20.6,1.8,1306.6,5278.1,0.19842969307637398,43.9,943.0
368,25,lr,loso,Madinah - Taibah University,24.4846,39.5418,01-01-2019 00:00,3951.3,3753.9332837085094,-197.36671629149077,197.36671629149077,38953.62069968581,4.994981810834175,20.2,2.0,1825.2,3850.2,0.32159847764034255,43.2,942.5
369,25,lr,loso,Madinah - Taibah University,24.4846,39.5418,01-02-2019 00:00,4928.8,4743.01627410697,-185.78372589303035,185.78372589303035,34515.59280669664,3.7693500627542273,19.7,2.3,1636.1,5366.0,0.23365847388640548,34.2,942.0
370,25,lr,loso,Madinah - Taibah University,24.4846,39.5418,01-03-2019 00:00,6546.7,6337.507225222975,-209.19277477702508,209.19277477702508,43761.61701891114,3.1953927135354463,22.0,2.5,1678.1,7233.4,0.1883072434494754,23.0,940.4
371,25,lr,loso,Madinah - Taibah University,24.4846,39.5418,01-04-2019 00:00,6879.1,6730.259849655966,-148.84015034403456,148.84015034403456,22153.39035443481,2.1636573148236624,27.1,2.5,2332.0,6259.7,0.2714247471396813,20.0,938.6
372,25,lr,loso,Madinah - Taibah University,24.4846,39.5418,01-05-2019 00:00,6784.8,6568.245286607977,-216.5547133920236,216.5547133920236,46895.94389230148,3.191762666431193,33.7,2.4,2539.7,5503.5,0.31575740998607515,15.4,937.1
373,25,lr,loso,Madinah - Taibah University,24.4846,39.5418,01-07-2019 00:00,7652.5,7664.116949448185,11.616949448184641,11.616949448184641,134.95351448167744,0.15180593855844027,36.6,3.0,2073.5,7454.2,0.2176285987174239,12.1,932.9
374,25,lr,loso,Madinah - Taibah University,24.4846,39.5418,01-11-2019 00:00,4642.0,4648.372809190864,6.3728091908642455,6.3728091908642455,40.6126969831638,0.13728585072951843,25.4,2.0,1378.9,5787.4,0.19241449562535762,31.5,940.6
375,25,lr,loso,Madinah - Taibah University,24.4846,39.5418,01-09-2020 00:00,6649.2,6570.123243171075,-79.07675682892477,79.07675682892477,6253.1334705809,1.1892672325832399,36.4,2.1,2010.6,6596.9,0.2335869880917804,9.2,936.0
376,25,lr,loso,Madinah - Taibah University,24.4846,39.5418,01-01-2021 00:00,4856.0,5010.644801794848,154.6448017948478,154.6448017948478,23915.014722167765,3.184612887043818,20.3,2.0,1812.8,5565.0,0.24571010328282142,31.5,943.0
377,25,lr,loso,Madinah - Taibah University,24.4846,39.5418,01-04-2021 00:00,7540.0,7460.495374767732,-79.50462523226815,79.50462523226815,6320.98543332341,1.0544380004279597,29.8,2.6,2805.7,6357.5,0.3061921599441243,15.7,939.1
378,25,lr,loso,Madinah - Taibah University,24.4846,39.5418,01-10-2021 00:00,5769.9,5793.632878916293,23.732878916292975,23.732878916292975,563.2495416554236,0.4113221878419553,32.9,1.7,1698.3,6348.0,0.2110659557809179,12.4,939.3
468,26,lr,loso,Mahd ad Dahab,23.419423,40.743138,01-04-2021 00:00,6614.9,6416.780426005699,-198.11957399430048,198.11957399430048,39251.3655996831,2.9950501745196525,26.5,3.3,2715.3,5076.9,0.3484638484638485,25.5,904.0
469,26,lr,loso,Mahd ad Dahab,23.419423,40.743138,01-07-2021 00:00,6812.8,7268.051247540651,455.2512475406511,455.2512475406511,207253.69838731916,6.682292853755446,34.7,4.2,3481.0,4221.5,0.4519311911716975,20.9,897.5
470,26,lr,loso,Mahd ad Dahab,23.419423,40.743138,01-08-2021 00:00,6508.0,6285.7997946504875,-222.20020534951254,222.20020534951254,49372.93125736554,3.4142625284190617,34.7,3.3,2185.4,5636.9,0.27938074479373076,19.4,899.4
471,26,lr,loso,Mahd ad Dahab,23.419423,40.743138,01-09-2021 00:00,6019.7,5810.2337851892435,-209.46621481075636,209.46621481075636,43876.09514714593,3.479678635326617,32.8,2.9,2329.5,4973.0,0.31900034234851077,19.1,900.9
472,26,lr,loso,Mahd ad Dahab,23.419423,40.743138,01-10-2021 00:00,5795.7,5795.24085168933,-0.45914831066966144,0.45914831066966144,0.21081717119080393,0.007922223556596468,28.6,2.4,1604.5,6522.6,0.1974258960760911,20.4,904.8
473,26,lr,loso,Mahd ad Dahab,23.419423,40.743138,01-11-2021 00:00,4780.9,4918.753895346887,137.85389534688693,137.85389534688693,19003.696462310454,2.883429800809198,22.7,2.5,1246.2,6306.3,0.1650049652432969,29.0,905.9
474,26,lr,loso,Mahd ad Dahab,23.419423,40.743138,01-12-2021 00:00,4056.8,4117.807180571207,61.007180571206845,61.007180571206845,3721.876081247838,1.503825196490013,18.5,2.6,1470.4,5001.9,0.2271835359918422,40.9,906.8
1320,27,lr,loso,Majmaah - University,25.85891,45.41889,01-01-2017 00:00,4179.1,3961.7472309005325,-217.35276909946788,217.35276909946788,47242.226235206595,5.200946833037444,14.0,3.1,1611.9,4846.9,0.2495664829380071,40.7,936.6
1321,27,lr,loso,Majmaah - University,25.85891,45.41889,01-02-2017 00:00,4783.2,4448.8680563445905,-334.3319436554093,334.3319436554093,111777.84854840378,6.989712821027958,12.6,3.3,1949.1,4732.1,0.2917290307130455,39.6,937.0
1322,27,lr,loso,Majmaah - University,25.85891,45.41889,01-03-2017 00:00,4958.5,4841.652582151922,-116.8474178480783,116.8474178480783,13653.319057763405,2.356507368116936,20.4,4.2,2868.3,3001.6,0.488645462443994,40.8,932.1
1323,27,lr,loso,Majmaah - University,25.85891,45.41889,01-04-2017 00:00,6331.3,6427.315380839223,96.01538083922242,96.01538083922242,9218.953357700919,1.5165192115240538,27.1,3.7,3386.2,3876.1,0.4662710160692894,25.8,932.5
1324,27,lr,loso,Majmaah - University,25.85891,45.41889,01-05-2017 00:00,6955.8,7091.0199221375005,135.21992213750036,135.21992213750036,18284.42734287166,1.9439880694887772,32.4,3.3,3634.7,4113.2,0.4691206649543747,19.4,929.8
1325,27,lr,loso,Majmaah - University,25.85891,45.41889,01-06-2017 00:00,7907.4,7844.4402369852205,-62.95976301477913,62.95976301477913,3963.9317588771496,0.7962132055388513,34.9,3.0,2535.3,7085.1,0.2635337408007983,10.0,926.7
1326,27,lr,loso,Majmaah - University,25.85891,45.41889,01-09-2017 00:00,6766.3,6691.791088946144,-74.50891105385654,74.50891105385654,5551.577826431505,1.1011765817929524,32.7,2.5,2161.9,6542.7,0.24836293454035796,10.3,929.3
1327,27,lr,loso,Majmaah - University,25.85891,45.41889,01-10-2017 00:00,5844.2,5876.267712488762,32.06771248876248,32.06771248876248,1028.3381842619333,0.5487100456651464,28.1,2.7,1768.2,6498.1,0.21390464899652806,15.7,932.9
1328,27,lr,loso,Majmaah - University,25.85891,45.41889,01-11-2017 00:00,4333.5,4336.895213074125,3.3952130741254223,3.3952130741254223,11.5274718187122,0.07834805755452688,20.3,2.8,1633.2,4861.8,0.2514549653579677,34.6,935.5
1329,27,lr,loso,Majmaah - University,25.85891,45.41889,01-03-2018 00:00,6130.1,6102.641697469079,-27.458302530921173,27.458302530921173,753.9583778795921,0.44792585000116103,23.7,3.4,2598.0,5142.9,0.3356198891601752,26.2,933.4
1330,27,lr,loso,Majmaah - University,25.85891,45.41889,01-04-2018 00:00,6129.9,6188.149875000133,58.249875000133216,58.249875000133216,3393.0479375311447,0.9502581608204574,24.4,3.7,3363.6,3562.8,0.48562023562023565,39.6,930.6
1331,27,lr,loso,Majmaah - University,25.85891,45.41889,01-05-2018 00:00,7065.5,7277.237840785249,211.73784078524932,211.73784078524932,44832.91322039959,2.9967849520239094,30.8,3.7,3902.2,3921.6,0.49876019325647386,21.9,929.4
1332,27,lr,loso,Majmaah - University,25.85891,45.41889,01-06-2018 00:00,7908.9,7811.810041940627,-97.0899580593723,97.0899580593723,9426.459955970671,1.2276038141760839,35.1,3.3,2888.6,6422.5,0.31023187378505224,13.7,926.0
1333,27,lr,loso,Majmaah - University,25.85891,45.41889,01-07-2018 00:00,7835.9,7787.466154882091,-48.43384511790828,48.43384511790828,2345.8373529055275,0.6181018787619581,35.6,3.4,2710.9,6677.0,0.28876532557867046,12.5,923.8
1334,27,lr,loso,Majmaah - University,25.85891,45.41889,01-08-2018 00:00,7566.4,7384.126125838498,-182.27387416150123,182.27387416150123,33223.76520184278,2.40899072427444,34.7,3.0,2030.7,7539.3,0.21219435736677117,13.9,925.3
1335,27,lr,loso,Majmaah - University,25.85891,45.41889,01-09-2018 00:00,6466.1,6445.028932868117,-21.071067131882955,21.071067131882955,443.9898700763182,0.32586979990849124,34.3,2.5,2471.2,5573.8,0.307172156619018,13.8,929.3
1336,27,lr,loso,Majmaah - University,25.85891,45.41889,01-10-2018 00:00,5257.5,5232.249967769378,-25.25003223062231,25.25003223062231,637.5641276474654,0.48026689929856986,26.7,2.5,2007.8,5048.0,0.2845602199608832,30.6,934.6
1337,27,lr,loso,Majmaah - University,25.85891,45.41889,01-11-2018 00:00,3507.4,3381.457026635808,-125.94297336419231,125.94297336419231,15861.632539813654,3.5907787353650087,18.2,3.0,1777.1,3202.3,0.35689038840020887,73.9,936.1
1338,27,lr,loso,Majmaah - University,25.85891,45.41889,01-12-2018 00:00,3834.7,3762.0870361097504,-72.61296389024938,72.61296389024938,5272.6425249266595,1.8935761308641976,16.0,2.8,1580.7,4396.7,0.26444608023555394,63.4,937.4
1339,27,lr,loso,Majmaah - University,25.85891,45.41889,01-01-2019 00:00,3751.2,3459.8061560205297,-291.39384397947015,291.39384397947015,84910.3723091318,7.768016740762159,15.9,3.4,2300.2,2693.9,0.4605834885164493,45.9,936.6
1340,27,lr,loso,Majmaah - University,25.85891,45.41889,01-02-2019 00:00,4669.5,4624.646504062365,-44.85349593763476,44.85349593763476,2011.8360978274181,0.9605631424699594,15.1,3.1,1931.1,4659.4,0.29301266975191564,50.2,935.6
1341,27,lr,loso,Majmaah - University,25.85891,45.41889,01-03-2019 00:00,6289.7,6272.770320186528,-16.92967981347192,16.92967981347192,286.61405858667865,0.2691651400459787,18.6,3.7,2521.7,5628.1,0.3094186360401482,34.0,933.0
1342,27,lr,loso,Majmaah - University,25.85891,45.41889,01-04-2019 00:00,6665.8,6517.865822634385,-147.93417736561514,147.93417736561514,21884.52083284128,2.21930116963628,22.9,3.5,2687.9,5345.6,0.3345864193688928,37.5,931.8
1343,27,lr,loso,Majmaah - University,25.85891,45.41889,01-05-2019 00:00,7049.7,7128.115303772301,78.41530377230083,78.41530377230083,6148.959865702217,1.1123211451877504,31.1,3.2,3170.8,4996.2,0.3882453777396841,23.5,930.0
1344,27,lr,loso,Majmaah - University,25.85891,45.41889,01-06-2019 00:00,7681.9,7629.60565913362,-52.29434086637957,52.29434086637957,2734.6980866490962,0.6807474826069017,35.7,2.7,2665.1,6546.3,0.2893262696224244,12.5,926.9
1345,27,lr,loso,Majmaah - University,25.85891,45.41889,01-07-2019 00:00,7979.4,7862.702661681817,-116.69733831818303,116.69733831818303,13618.26877054847,1.4624826217282383,35.7,3.0,2278.9,7614.0,0.23035712480667955,12.5,924.1
1346,27,lr,loso,Majmaah - University,25.85891,45.41889,01-08-2019 00:00,7647.6,7473.003099658306,-174.59690034169398,174.59690034169398,30484.07760892742,2.283028667054945,35.2,3.3,2120.6,7502.3,0.2203701586839726,12.7,925.4
1347,27,lr,loso,Majmaah - University,25.85891,45.41889,01-09-2019 00:00,6796.3,6738.1298628500745,-58.17013714992572,58.17013714992572,3383.7648560411685,0.8559089085226627,33.4,2.3,2047.6,6776.3,0.23205158716667235,15.0,928.7
1348,27,lr,loso,Majmaah - University,25.85891,45.41889,01-10-2019 00:00,5595.0,5642.078851965,47.07885196499956,47.07885196499956,2216.418302342343,0.8414450753351127,29.0,2.5,1924.1,5750.9,0.25069706840390876,26.0,932.5
1349,27,lr,loso,Majmaah - University,25.85891,45.41889,01-11-2019 00:00,3986.5,3922.942737211185,-63.557262788815024,63.557262788815024,4039.525653206491,1.5943123739825666,20.0,2.6,1744.2,4032.4,0.301942319011183,49.9,935.5
1350,27,lr,loso,Majmaah - University,25.85891,45.41889,01-12-2019 00:00,4336.2,4594.916298779568,258.7162987795682,258.7162987795682,66934.1232541988,5.966429103352434,16.1,2.8,1230.7,6304.0,0.1633376245902292,45.6,936.0
1351,27,lr,loso,Majmaah - University,25.85891,45.41889,01-01-2020 00:00,4748.2,4978.68870504061,230.4887050406105,230.4887050406105,53125.043151297556,4.854233289259309,12.9,2.7,1206.0,6848.5,0.14972996461605315,40.3,936.7
1352,27,lr,loso,Majmaah - University,25.85891,45.41889,01-02-2020 00:00,5303.0,5337.646021714952,34.64602171495244,34.64602171495244,1200.346820672956,0.6533287142174702,17.0,2.7,2049.9,5507.8,0.27123331172182014,31.2,936.0
1353,27,lr,loso,Majmaah - University,25.85891,45.41889,01-03-2020 00:00,6373.3,6382.778976615264,9.478976615263491,9.478976615263491,89.85099767271211,0.1487294904564902,20.6,2.9,2846.5,5154.7,0.35575913612958054,26.9,932.4
1354,27,lr,loso,Majmaah - University,25.85891,45.41889,01-04-2020 00:00,7018.7,7025.788506801867,7.08850680186697,7.08850680186697,50.246928680114294,0.1009945830690437,25.8,3.6,3119.7,5160.7,0.3767571614897831,31.5,930.7
1355,27,lr,loso,Majmaah - University,25.85891,45.41889,01-05-2020 00:00,7073.8,7192.277419729918,118.47741972991753,118.47741972991753,14036.898985859052,1.6748765830235168,30.8,2.6,3267.9,4921.1,0.39905971425082426,17.8,930.6
1356,27,lr,loso,Majmaah - University,25.85891,45.41889,01-09-2020 00:00,6787.4,6791.321395736066,3.921395736066188,3.921395736066188,15.37734451883808,0.05777463735843162,32.8,1.8,2086.8,6745.1,0.23627984918307496,13.6,928.9
1357,27,lr,loso,Majmaah - University,25.85891,45.41889,01-10-2020 00:00,6164.0,6388.383964028779,224.3839640287788,224.3839640287788,50348.1633132683,3.6402330309665603,25.4,1.5,1186.7,8279.5,0.1253618136105301,16.4,934.1
1358,27,lr,loso,Majmaah - University,25.85891,45.41889,01-11-2020 00:00,4415.4,4601.6856038715205,186.28560387152083,186.28560387152083,34702.32620977718,4.218997234033629,21.3,2.4,1622.1,5097.0,0.24141626110639816,39.5,935.3
1359,27,lr,loso,Majmaah - University,25.85891,45.41889,01-12-2020 00:00,3855.8,3748.601143958965,-107.19885604103501,107.19885604103501,11491.59473650655,2.7801975216825303,15.0,2.1,1507.5,4625.1,0.24581743469327852,58.6,937.6
1360,27,lr,loso,Majmaah - University,25.85891,45.41889,01-01-2021 00:00,4355.3,4362.94021856743,7.640218567429656,7.640218567429656,58.37293975809687,0.17542347409890607,14.5,2.0,1537.6,5340.9,0.22353710838118773,46.1,937.7
1361,27,lr,loso,Majmaah - University,25.85891,45.41889,01-02-2021 00:00,4928.3,4891.713499407001,-36.58650059299907,36.58650059299907,1338.5720256415216,0.7423756790982503,16.1,2.5,1963.9,5057.5,0.27970205372148005,44.0,936.1
1362,27,lr,loso,Majmaah - University,25.85891,45.41889,01-03-2021 00:00,6328.4,6305.795296371645,-22.6047036283544,22.6047036283544,510.9726261257386,0.3571946088798812,22.7,2.9,2965.9,4796.5,0.3820854374935587,23.9,933.2
1363,27,lr,loso,Majmaah - University,25.85891,45.41889,01-04-2021 00:00,6740.4,6804.687526022619,64.2875260226192,64.2875260226192,4132.886002108941,0.9537642576496826,26.8,2.2,3155.4,4764.8,0.39839903032751695,19.4,932.5
1364,27,lr,loso,Majmaah - University,25.85891,45.41889,01-05-2021 00:00,7892.9,7851.311676805231,-41.588323194768236,41.588323194768236,1729.5886261524977,0.5269080210666325,32.7,2.1,2866.7,6559.5,0.3041204302900426,12.9,928.5
1365,27,lr,loso,Majmaah - University,25.85891,45.41889,01-07-2021 00:00,7874.2,7907.556660938746,33.356660938746245,33.356660938746245,1112.6668289824795,0.4236196812215367,37.4,2.2,2531.9,7053.2,0.2641495654714088,13.9,922.9
1366,27,lr,loso,Majmaah - University,25.85891,45.41889,01-08-2021 00:00,7591.7,7445.868600151264,-145.8313998487356,145.8313998487356,21266.7971818418,1.920932068558236,35.9,2.0,2223.4,7254.2,0.23459525618299992,12.5,925.6
1367,27,lr,loso,Majmaah - University,25.85891,45.41889,01-09-2021 00:00,6960.1,6908.181352006457,-51.918647993543345,51.918647993543345,2695.5460094774626,0.7459468684867077,31.9,1.8,1863.0,7363.6,0.20191619881646544,15.6,928.5
1368,27,lr,loso,Majmaah - University,25.85891,45.41889,01-10-2021 00:00,5851.7,5868.278183011944,16.57818301194402,16.57818301194402,274.8361519775093,0.2833054157243881,28.6,1.8,1752.6,6505.0,0.21224084479751984,18.9,933.2
1369,27,lr,loso,Majmaah - University,25.85891,45.41889,01-11-2021 00:00,4731.8,4790.3554060453935,58.55540604539328,58.55540604539328,3428.73557714088,1.2374869192568003,21.1,1.4,1544.8,5806.2,0.21014827914569445,31.7,935.6
1370,27,lr,loso,Majmaah - University,25.85891,45.41889,01-12-2021 00:00,3769.1,3621.943454795545,-147.1565452044547,147.1565452044547,21655.048796510717,3.904288695032095,16.0,1.7,1762.6,3957.5,0.3081414660582857,39.9,937.0
883,28,lr,loso,Makkah - UQU,21.331,39.949,01-01-2017 00:00,4250.1,4105.672231554233,-144.42776844576747,144.42776844576747,20859.380298224227,3.398220475889213,25.2,2.2,1664.4,4531.1,0.26864659833750304,50.6,979.9
884,28,lr,loso,Makkah - UQU,21.331,39.949,01-03-2018 00:00,6678.2,6492.182108492841,-186.01789150715922,186.01789150715922,34602.65596076926,2.7854495448947207,29.5,2.4,2243.4,6226.5,0.2648673538058301,31.1,976.4
885,28,lr,loso,Makkah - UQU,21.331,39.949,01-04-2018 00:00,6886.4,6802.375626083269,-84.02437391673084,84.02437391673084,7060.095412098597,1.2201494818298508,30.8,2.6,2751.8,5487.3,0.3339927904746878,31.7,974.3
886,28,lr,loso,Makkah - UQU,21.331,39.949,01-05-2018 00:00,7479.2,7416.794162555673,-62.40583744432661,62.40583744432661,3894.488547127717,0.8343918794032332,35.1,2.9,3080.4,5602.1,0.3547826086956522,21.8,972.7
887,28,lr,loso,Makkah - UQU,21.331,39.949,01-06-2018 00:00,7310.5,7478.360192881656,167.86019288165608,167.86019288165608,28177.04435426678,2.296152012607292,36.7,2.7,3313.7,5070.5,0.39523150688199227,21.8,970.5
888,28,lr,loso,Makkah - UQU,21.331,39.949,01-07-2018 00:00,7288.7,7290.060768439337,1.3607684393373347,1.3607684393373347,1.8516907454965656,0.018669563013120786,36.3,2.7,3111.1,5304.7,0.3696737089759738,21.9,970.7
889,28,lr,loso,Makkah - UQU,21.331,39.949,01-08-2018 00:00,6950.1,6850.470036875783,-99.62996312421728,99.62996312421728,9926.129552132896,1.4335040233121434,36.0,2.8,2721.4,5482.6,0.3317162359824476,24.3,971.0
890,28,lr,loso,Makkah - UQU,21.331,39.949,01-02-2020 00:00,3893.2,3584.8369048189084,-308.36309518109147,308.36309518109147,95087.79846966287,7.920556230892107,24.2,2.4,1823.6,3176.5,0.36471270574588505,44.3,979.7
891,28,lr,loso,Makkah - UQU,21.331,39.949,01-03-2020 00:00,5865.7,5640.500290016016,-225.19970998398367,225.19970998398367,50714.90937687035,3.839264026185855,27.3,2.4,2373.9,4809.8,0.33045645001879254,33.4,976.3
892,28,lr,loso,Makkah - UQU,21.331,39.949,01-04-2020 00:00,6403.0,6110.863230488128,-292.13676951187244,292.13676951187244,85343.89210083289,4.562498352520263,30.5,2.4,2255.5,5559.8,0.28860056555730423,29.6,975.3
893,28,lr,loso,Makkah - UQU,21.331,39.949,01-05-2020 00:00,6591.3,6590.259301588454,-1.0406984115461455,1.0406984115461455,1.0830531837946704,0.015788970484519677,34.8,2.4,2609.2,5162.5,0.33573092116267994,23.1,973.9
894,28,lr,loso,Makkah - UQU,21.331,39.949,01-10-2020 00:00,5902.6,5952.472492122755,49.87249212275492,49.87249212275492,2487.2654705342516,0.8449241372065686,32.4,1.6,1686.9,6382.7,0.20904381877664321,29.7,975.5
895,28,lr,loso,Makkah - UQU,21.331,39.949,01-11-2020 00:00,4337.1,4349.932609626831,12.832609626831072,12.832609626831072,164.6758698346375,0.29587995727170396,28.2,1.4,1719.9,4421.1,0.2800683927699072,48.5,977.9
896,28,lr,loso,Makkah - UQU,21.331,39.949,01-12-2020 00:00,4176.4,4284.312907992039,107.91290799203944,107.91290799203944,11645.19571129837,2.5838738624662256,26.2,1.5,1694.1,4523.4,0.27247285886610373,44.5,979.0
897,28,lr,loso,Makkah - UQU,21.331,39.949,01-01-2021 00:00,4565.6,4647.330451802202,81.73045180220197,81.73045180220197,6679.866751792059,1.790136056645391,25.0,1.7,1817.5,4750.3,0.2767288894302506,46.3,979.2
898,28,lr,loso,Makkah - UQU,21.331,39.949,01-02-2021 00:00,4889.0,4903.824843540408,14.824843540408438,14.824843540408438,219.77598599758977,0.3032285444959795,24.5,1.9,1934.3,4678.4,0.2925128918596035,43.5,978.6
899,28,lr,loso,Makkah - UQU,21.331,39.949,01-03-2021 00:00,6393.8,6385.54465534382,-8.255344656180569,8.255344656180569,68.15071539232908,0.12911484025431777,29.1,1.8,2538.4,5233.3,0.3266209452243396,33.2,976.3
900,28,lr,loso,Makkah - UQU,21.331,39.949,01-05-2021 00:00,7485.0,6452.627825488286,-1032.3721745117136,1032.3721745117136,1065792.3067060441,13.792547421666182,34.6,2.0,2709.8,5090.8,0.34738353459990257,26.3,972.9
901,28,lr,loso,Makkah - UQU,21.331,39.949,01-07-2021 00:00,6611.6,6694.436119002396,82.83611900239521,82.83611900239521,6861.822611378981,1.252890661903249,35.7,2.4,3277.3,4124.0,0.4428005890857012,25.6,969.5
902,28,lr,loso,Makkah - UQU,21.331,39.949,01-09-2021 00:00,5954.7,5919.966067696998,-34.73393230300189,34.73393230300189,1206.4460532295184,0.5833028079164675,34.9,2.1,2873.8,4043.6,0.4154451094341805,34.2,971.5
903,28,lr,loso,Makkah - UQU,21.331,39.949,01-10-2021 00:00,5698.0,5641.7213744887285,-56.27862551127146,56.27862551127146,3167.2836894379343,0.9876908654136796,33.1,1.8,1969.6,5525.6,0.26278151350197454,33.1,975.3
904,28,lr,loso,Makkah - UQU,21.331,39.949,01-11-2021 00:00,4622.3,5029.313765446719,407.01376544671893,407.01376544671893,165660.20526311675,8.8054381032542,28.7,1.5,2303.9,3887.6,0.37210692077848667,43.1,977.6
905,28,lr,loso,Makkah - UQU,21.331,39.949,01-12-2021 00:00,4094.5,4037.2720273381137,-57.22797266188627,57.22797266188627,3275.0408549896024,1.3976791467062222,25.9,1.8,1703.2,4285.1,0.28442128817861495,47.7,979.4
1164,29,lr,loso,Najran - University,17.63228,44.53735,01-01-2017 00:00,5782.0,6046.340177554277,264.34017755427703,264.34017755427703,69875.7294694267,4.571777543311606,20.0,1.7,1286.2,7774.0,0.14196154610273504,25.2,885.4
1165,29,lr,loso,Najran - University,17.63228,44.53735,01-02-2017 00:00,5517.5,5340.784687967938,-176.71531203206177,176.71531203206177,31228.301506588956,3.2028148986327465,19.3,2.2,2425.5,4577.2,0.34636640153083814,33.4,884.7
1166,29,lr,loso,Najran - University,17.63228,44.53735,01-03-2017 00:00,6515.7,6340.390105305712,-175.30989469428823,175.30989469428823,30733.55917772243,2.690576525842016,26.1,2.2,2536.9,5407.0,0.31935195558856483,29.7,881.4
1167,29,lr,loso,Najran - University,17.63228,44.53735,01-04-2017 00:00,7486.0,7408.810638692501,-77.18936130749898,77.18936130749898,5958.197499059621,1.0311162344042077,28.2,2.2,2597.4,6505.3,0.2853439089500917,15.8,882.4
1168,29,lr,loso,Najran - University,17.63228,44.53735,01-05-2017 00:00,7278.9,7251.597787421921,-27.30221257807898,27.30221257807898,745.4108116586141,0.3750870677997909,31.1,2.3,3150.9,5212.9,0.37673067266075233,21.0,880.9
1169,29,lr,loso,Najran - University,17.63228,44.53735,01-06-2017 00:00,7522.5,7730.132589220017,207.6325892200166,207.6325892200166,43111.29210620815,2.7601540607513004,33.5,2.1,3465.6,5206.2,0.3996402131045458,10.1,878.2
1170,29,lr,loso,Najran - University,17.63228,44.53735,01-09-2017 00:00,7352.4,7092.516484239475,-259.88351576052446,259.88351576052446,67539.44176405076,3.534675966494267,30.8,2.2,2186.3,7026.5,0.23731113233761728,13.5,879.8
1171,29,lr,loso,Najran - University,17.63228,44.53735,01-10-2017 00:00,6898.2,6793.1001280892315,-105.09987191076834,105.09987191076834,11045.983075659913,1.5235840061286763,25.9,1.9,1430.4,8301.3,0.14698356916057834,18.0,883.4
1172,29,lr,loso,Najran - University,17.63228,44.53735,01-11-2017 00:00,5964.5,6182.892327872663,218.39232787266337,218.39232787266337,47695.2088736409,3.6615362205157744,21.3,1.8,1290.5,7865.8,0.14094120987735223,30.8,885.0
1173,29,lr,loso,Najran - University,17.63228,44.53735,01-03-2018 00:00,7078.5,6818.419187925804,-260.0808120741958,260.0808120741958,67642.02880917316,3.6742362375389677,24.3,2.2,1944.5,7299.1,0.21036176381496385,21.3,883.1
1174,29,lr,loso,Najran - University,17.63228,44.53735,01-04-2018 00:00,6781.6,6825.536205011606,43.936205011606035,43.936205011606035,1930.3901108218752,0.6478737320338274,26.8,2.0,3338.2,4304.0,0.43681138939048963,35.7,881.1
1175,29,lr,loso,Najran - University,17.63228,44.53735,01-05-2018 00:00,8046.4,8096.248142731553,49.84814273155371,49.84814273155371,2484.837333785351,0.6195086340668338,30.4,2.4,3251.0,6126.8,0.3466697946213398,20.4,880.1
1176,29,lr,loso,Najran - University,17.63228,44.53735,01-06-2018 00:00,7486.6,8056.290570118084,569.690570118084,569.690570118084,324547.34568146756,7.609469854380947,33.5,2.5,4190.2,4106.1,0.5050685245229801,15.8,877.8
1177,29,lr,loso,Najran - University,17.63228,44.53735,01-07-2018 00:00,7172.9,7650.549576457448,477.64957645744835,477.64957645744835,228149.1178899798,6.65908595487806,34.5,2.8,4208.9,3609.7,0.5383188806180135,16.3,876.1
1178,29,lr,loso,Najran - University,17.63228,44.53735,01-08-2018 00:00,7150.9,7433.703382128675,282.80338212867537,282.80338212867537,79977.75294341758,3.9547942514742953,33.9,2.6,3639.1,4356.4,0.4551435182290038,17.5,876.5
1179,29,lr,loso,Najran - University,17.63228,44.53735,01-09-2018 00:00,7522.8,7376.29486490936,-146.50513509064058,146.50513509064058,21463.754607926847,1.9474814575775052,31.1,2.3,2429.9,6918.0,0.25994073535232515,15.2,880.1
1180,29,lr,loso,Najran - University,17.63228,44.53735,01-10-2018 00:00,6618.4,6666.191437044926,47.79143704492617,47.79143704492617,2284.0214548191416,0.7220995564626823,25.9,2.1,2020.6,6779.8,0.22960319985455208,32.0,883.9
1181,29,lr,loso,Najran - University,17.63228,44.53735,01-11-2018 00:00,5677.8,5984.62178338846,306.82178338846006,306.82178338846006,94139.60676167511,5.40388501511959,23.6,1.9,1838.0,6375.2,0.22378610042370817,35.4,884.5
1182,29,lr,loso,Najran - University,17.63228,44.53735,01-12-2018 00:00,5783.6,6199.244995643715,415.64499564371454,415.64499564371454,172760.76240366348,7.186613798390527,19.9,1.8,1091.4,8418.9,0.11475978675751555,33.9,885.6
1183,29,lr,loso,Najran - University,17.63228,44.53735,01-01-2019 00:00,5863.7,6259.950214065194,396.2502140651941,396.2502140651941,157014.23214671214,6.757682249521532,20.4,1.8,1886.8,6776.7,0.21778726842500143,31.2,885.6
1184,29,lr,loso,Najran - University,17.63228,44.53735,01-02-2019 00:00,6352.1,6374.719362643963,22.61936264396263,22.61936264396263,511.6355664190922,0.35609267240696196,22.1,2.1,2522.7,5702.1,0.30671870440618615,32.8,884.1
1185,29,lr,loso,Najran - University,17.63228,44.53735,01-03-2019 00:00,7040.3,7088.9836515433035,48.68365154330331,48.68365154330331,2370.097927589779,0.6914996739244537,25.2,2.3,3158.5,5215.9,0.3771613488727551,24.2,882.3
1186,29,lr,loso,Najran - University,17.63228,44.53735,01-04-2019 00:00,6897.5,7014.842145285468,117.34214528546818,117.34214528546818,13769.179060195922,1.701227187900952,27.7,2.2,3202.8,4689.7,0.4058029775102946,30.3,881.6
1187,29,lr,loso,Najran - University,17.63228,44.53735,01-05-2019 00:00,7130.1,7154.2527421934565,24.152742193456106,24.152742193456106,583.3549554635549,0.3387433863964896,29.3,2.2,2986.3,5303.9,0.36022050131480543,30.6,881.5
1188,29,lr,loso,Najran - University,17.63228,44.53735,01-06-2019 00:00,7670.6,7702.347036839015,31.74703683901498,31.74703683901498,1007.8743480577743,0.41387944670579846,33.6,2.3,3098.2,5848.0,0.3463146363819275,14.8,878.4
1189,29,lr,loso,Najran - University,17.63228,44.53735,01-07-2019 00:00,7272.5,7700.964939145135,428.46493914513485,428.46493914513485,183582.20407664412,5.891577025027636,34.9,2.8,3849.4,4295.5,0.4726147650677111,13.7,876.0
1190,29,lr,loso,Najran - University,17.63228,44.53735,01-08-2019 00:00,7070.3,7299.346966797823,229.0469667978232,229.0469667978232,52462.51299928312,3.2395650368134756,33.4,2.7,3201.5,4958.3,0.39235030270349763,18.6,877.5
1191,29,lr,loso,Najran - University,17.63228,44.53735,01-09-2019 00:00,7108.8,7122.3312306277,13.531230627700097,13.531230627700097,183.09420230000916,0.1903447927596795,31.5,2.3,2532.0,6208.4,0.28968925907281134,19.3,879.5
1192,29,lr,loso,Najran - University,17.63228,44.53735,01-10-2019 00:00,6696.1,6697.999906604458,1.8999066044580104,1.8999066044580104,3.6096451056631667,0.0283733308113381,27.0,2.1,1835.1,7261.1,0.20174358523339414,22.2,882.8
1193,29,lr,loso,Najran - University,17.63228,44.53735,01-11-2019 00:00,5674.1,5730.794180455247,56.69418045524708,56.69418045524708,3214.23009749212,0.9991748551355647,22.0,2.0,1644.5,6569.2,0.20021427614838622,37.5,884.5
1194,29,lr,loso,Najran - University,17.63228,44.53735,01-12-2019 00:00,5493.6,5857.054974325345,363.45497432534466,363.45497432534466,132099.51836183696,6.615970844716482,20.0,1.8,1343.5,7390.3,0.15382765806407292,38.2,885.0
1195,29,lr,loso,Najran - University,17.63228,44.53735,01-01-2020 00:00,5907.3,6121.81119320743,214.51119320742964,214.51119320742964,46015.052011275206,3.631289983705409,18.5,1.9,1569.5,7353.5,0.1758937577048078,33.1,885.3
1196,29,lr,loso,Najran - University,17.63228,44.53735,01-02-2020 00:00,6317.6,6418.690805764194,101.09080576419365,101.09080576419365,10219.351010053928,1.6001457161611,22.0,2.1,2253.5,6185.2,0.2670435019612025,27.4,884.9
1197,29,lr,loso,Najran - University,17.63228,44.53735,01-03-2020 00:00,7091.8,7084.805406032576,-6.994593967424407,6.994593967424407,48.92434476912991,0.09862931790835058,24.9,2.2,3119.6,5320.5,0.3696164737384628,26.0,882.0
1198,29,lr,loso,Najran - University,17.63228,44.53735,01-04-2020 00:00,7092.1,7129.777739538,37.677739537999514,37.677739537999514,1419.6120566933319,0.5312635120486106,28.3,1.8,2923.7,5397.4,0.35135979618079344,35.2,881.0
1199,29,lr,loso,Najran - University,17.63228,44.53735,01-05-2020 00:00,7241.7,7492.510170835037,250.81017083503684,250.81017083503684,62905.74179430037,3.4634156459814247,33.6,2.2,3215.9,5163.0,0.38380933058038647,23.9,881.1
1200,29,lr,loso,Najran - University,17.63228,44.53735,01-09-2020 00:00,7666.8,7636.464990152085,-30.33500984791499,30.33500984791499,920.2128224730993,0.3956671603265376,30.5,2.1,2282.6,7432.1,0.23496350890917886,15.5,879.5
1201,29,lr,loso,Najran - University,17.63228,44.53735,01-10-2020 00:00,7295.8,7392.233140125361,96.4331401253612,96.4331401253612,9299.350514437549,1.3217623855555416,25.1,1.8,1371.9,9097.3,0.13104153134910024,16.7,883.6
1202,29,lr,loso,Najran - University,17.63228,44.53735,01-12-2020 00:00,5877.6,6459.037722001491,581.4377220014903,581.4377220014903,338069.82456628233,9.892434360989014,19.0,1.4,1236.4,8347.2,0.1290120622730498,36.5,885.7
1203,29,lr,loso,Najran - University,17.63228,44.53735,01-01-2021 00:00,6173.5,6577.651011490775,404.1510114907751,404.1510114907751,163338.0400890166,6.5465459057386415,17.8,1.6,1484.0,8075.2,0.1552431165787932,28.3,885.7
1204,29,lr,loso,Najran - University,17.63228,44.53735,01-02-2021 00:00,6579.8,6649.924588922777,70.12458892277664,70.12458892277664,4917.457971588408,1.0657556296965962,20.8,1.9,1926.2,7125.9,0.21279040222710752,30.6,884.3
1205,29,lr,loso,Najran - University,17.63228,44.53735,01-03-2021 00:00,7761.2,7832.455595377336,71.25559537733625,71.25559537733625,5077.359872578663,0.9181002342078061,25.3,1.7,2329.1,7704.3,0.2321346702015269,16.8,882.8
1206,29,lr,loso,Najran - University,17.63228,44.53735,01-04-2021 00:00,7654.8,7679.012945682301,24.212945682300415,24.212945682300415,586.2667386140303,0.31631062447484476,27.2,1.9,3048.7,6030.8,0.3357784018943774,19.8,882.3
1207,29,lr,loso,Najran - University,17.63228,44.53735,01-05-2021 00:00,8035.1,8210.121366087807,175.0213660878071,175.0213660878071,30632.478587242196,2.1782101789375004,31.9,2.2,3182.8,6322.6,0.3348412481326404,13.3,879.8
1208,29,lr,loso,Najran - University,17.63228,44.53735,01-07-2021 00:00,7113.9,7641.240164599658,527.3401645996582,527.3401645996582,278087.64919999463,7.412813851750211,33.3,2.7,3549.2,4540.4,0.43873615506329117,23.4,875.0
1209,29,lr,loso,Najran - University,17.63228,44.53735,01-08-2021 00:00,7387.7,7539.75122115106,152.05122115106042,152.05122115106042,23119.573853528684,2.0581672394799524,33.9,2.5,3338.4,5179.2,0.39194139194139194,17.8,877.0
1210,29,lr,loso,Najran - University,17.63228,44.53735,01-09-2021 00:00,7591.2,7545.6784873236675,-45.52151267633235,45.52151267633235,2072.208116341487,0.5996616170873162,30.9,2.1,2482.8,6939.1,0.2635137286534563,15.1,879.2
1211,29,lr,loso,Najran - University,17.63228,44.53735,01-10-2021 00:00,7029.5,7096.675739053172,67.17573905317204,67.17573905317204,4512.579917339863,0.9556261334827802,26.9,1.9,1824.4,7831.0,0.1889512604345755,20.8,883.3
1212,29,lr,loso,Najran - University,17.63228,44.53735,01-11-2021 00:00,6370.7,6642.114569125721,271.41456912572085,271.41456912572085,73665.8683337007,4.260357089891548,22.5,1.3,1258.6,8607.1,0.12757330954721913,25.3,885.1
1213,29,lr,loso,Najran - University,17.63228,44.53735,01-12-2021 00:00,5952.6,6559.417488413356,606.8174884133559,606.8174884133559,368227.46424429334,10.19415866030568,19.0,1.1,1067.6,8876.4,0.10736122284794851,32.0,885.6
92,30,lr,loso,Osfan - KAU,21.89252,39.2539,01-01-2017 00:00,4327.0,4422.475157778277,95.47515777827721,95.47515777827721,9115.505752786927,2.206497753137906,24.4,2.9,1567.1,4919.9,0.24157545860952673,71.7,1001.7
93,30,lr,loso,Osfan - KAU,21.89252,39.2539,01-02-2017 00:00,4364.7,4301.306244697447,-63.39375530255256,63.39375530255256,4018.768211359911,1.4524195317559643,23.8,3.9,2375.4,3136.0,0.4309975686758356,54.7,1001.3
94,30,lr,loso,Osfan - KAU,21.89252,39.2539,01-03-2017 00:00,5568.6,5584.297360263312,15.697360263311566,15.697360263311566,246.40711923619295,0.2818906055976649,25.9,3.6,2671.2,4086.5,0.395282418574367,64.0,997.8
95,30,lr,loso,Osfan - KAU,21.89252,39.2539,01-04-2017 00:00,6123.2,6028.1888976338305,-95.01110236616933,95.01110236616933,9027.109572834706,1.5516576686400791,30.2,3.8,2994.4,4025.6,0.42655270655270655,53.4,996.6
96,30,lr,loso,Osfan - KAU,21.89252,39.2539,01-05-2017 00:00,6547.2,6513.737621616335,-33.462378383665055,33.462378383665055,1119.7307670915743,0.5110944889978166,32.7,3.6,2983.5,4517.1,0.39776817854571633,49.6,995.2
97,30,lr,loso,Osfan - KAU,21.89252,39.2539,01-10-2017 00:00,5653.9,5677.766951281951,23.866951281951515,23.866951281951515,569.631363495047,0.4221325329763794,30.6,2.7,1764.7,5868.9,0.23117533011947183,72.4,996.7
98,30,lr,loso,Osfan - KAU,21.89252,39.2539,01-11-2017 00:00,4491.7,4618.22978462047,126.52978462047031,126.52978462047031,16009.786396102605,2.8169687338974176,28.1,3.0,1781.3,4614.5,0.27851089777666593,69.8,999.3
99,30,lr,loso,Osfan - KAU,21.89252,39.2539,01-03-2018 00:00,6460.5,6471.231649984883,10.731649984883006,10.731649984883006,115.16831139803944,0.16611175582204174,28.2,3.2,2231.4,6115.0,0.26734879708616893,49.9,997.8
100,30,lr,loso,Osfan - KAU,21.89252,39.2539,01-04-2018 00:00,7129.6,7030.032054470796,-99.56794552920474,99.56794552920474,9913.775776906681,1.3965432216282083,29.4,3.2,2679.4,5946.1,0.31063706451799894,46.2,995.7
101,30,lr,loso,Osfan - KAU,21.89252,39.2539,01-05-2018 00:00,7282.0,7323.423257497798,41.42325749779775,41.42325749779775,1715.8862617288576,0.5688445138395736,33.3,3.7,3148.5,5293.3,0.37296548129545837,39.5,993.8
102,30,lr,loso,Osfan - KAU,21.89252,39.2539,01-06-2018 00:00,7254.0,7356.937132776891,102.9371327768913,102.9371327768913,10596.05330432735,1.4190396026591026,33.9,3.3,3114.1,5273.3,0.3712831151489139,46.5,991.6
103,30,lr,loso,Osfan - KAU,21.89252,39.2539,01-07-2018 00:00,7178.2,7121.9576398344125,-56.24236016558734,56.24236016558734,3163.203076995646,0.7835162041401373,34.7,3.0,2931.9,5391.5,0.35224787947233105,44.5,991.7
104,30,lr,loso,Osfan - KAU,21.89252,39.2539,01-08-2018 00:00,6917.8,6789.947420251594,-127.85257974840624,127.85257974840624,16346.282148322578,1.848168200127298,34.5,3.2,2527.4,5710.6,0.30679776644816703,51.0,992.0
105,30,lr,loso,Osfan - KAU,21.89252,39.2539,01-09-2018 00:00,6019.8,6117.046807408384,97.24680740838357,97.24680740838357,9456.941551123247,1.6154491413067473,33.7,2.9,3098.6,3795.7,0.4494437433822143,64.1,993.4
106,30,lr,loso,Osfan - KAU,21.89252,39.2539,01-10-2018 00:00,5231.0,5416.287300373826,185.28730037382593,185.28730037382593,34331.38367982039,3.5421009438697366,31.5,2.7,2130.2,4637.2,0.3147737683600792,59.5,997.4
107,30,lr,loso,Osfan - KAU,21.89252,39.2539,01-11-2018 00:00,4096.6,4229.13571707,132.53571706999992,132.53571706999992,17565.716299259067,3.2352613647903117,27.7,3.1,1787.2,4049.0,0.30622665432987217,56.0,999.3
108,30,lr,loso,Osfan - KAU,21.89252,39.2539,01-12-2018 00:00,3975.6,4082.8993861925073,107.29938619250743,107.29938619250743,11513.158277288854,2.6989482390710187,25.3,3.0,1781.4,4062.4,0.30483589445223996,62.7,1001.6
109,30,lr,loso,Osfan - KAU,21.89252,39.2539,01-01-2019 00:00,4045.3,4092.395739702525,47.09573970252495,47.09573970252495,2218.008698127985,1.1642088275906595,24.7,3.2,2080.9,3446.8,0.3764495178826636,64.3,1001.7
110,30,lr,loso,Osfan - KAU,21.89252,39.2539,01-02-2019 00:00,4778.0,4770.152420561114,-7.847579438885987,7.847579438885987,61.5845030496261,0.16424402341745473,24.5,3.7,2226.6,4016.0,0.35667830711562487,54.3,1000.8
111,30,lr,loso,Osfan - KAU,21.89252,39.2539,01-03-2019 00:00,6251.3,6290.513451375144,39.21345137514345,39.21345137514345,1537.6947687507397,0.627284746774966,24.9,4.0,2396.7,5632.6,0.2984942647553336,51.1,999.6
112,30,lr,loso,Osfan - KAU,21.89252,39.2539,01-04-2019 00:00,6915.2,6956.053187568924,40.85318756892411,40.85318756892411,1668.9829345416956,0.5907737674821281,28.4,3.6,2699.6,5723.3,0.3205071887354712,48.7,996.9
113,30,lr,loso,Osfan - KAU,21.89252,39.2539,01-05-2019 00:00,6965.7,6816.2667665364,-149.43323346360012,149.43323346360012,22330.291263386818,2.1452723123821027,33.6,3.1,2870.1,5217.8,0.354863437975247,41.3,994.8
114,30,lr,loso,Osfan - KAU,21.89252,39.2539,01-06-2019 00:00,7003.8,7006.953936246512,3.1539362465118757,3.1539362465118757,9.94731384706142,0.04503178626619657,35.0,3.7,3122.0,4851.0,0.3915715539947322,43.0,992.2
115,30,lr,loso,Osfan - KAU,21.89252,39.2539,01-07-2019 00:00,7240.6,7185.478198974496,-55.12180102550428,55.12180102550428,3038.412948295285,0.7612877527484501,34.6,3.2,2705.0,5875.9,0.31523499865981425,45.7,990.9
116,30,lr,loso,Osfan - KAU,21.89252,39.2539,01-08-2019 00:00,6971.0,6864.032530732566,-106.96746926743435,106.96746926743435,11442.039481479513,1.5344637680022142,34.4,3.3,2505.4,5849.7,0.2998647532644732,51.7,992.6
117,30,lr,loso,Osfan - KAU,21.89252,39.2539,01-09-2019 00:00,6188.8,6119.657156393745,-69.14284360625516,69.14284360625516,4780.732821959059,1.1172253685085178,32.9,3.0,2592.7,4759.2,0.35265713625049305,61.5,992.8
118,30,lr,loso,Osfan - KAU,21.89252,39.2539,01-10-2019 00:00,5377.9,5501.637659690915,123.73765969091528,123.73765969091528,15311.00842578476,2.3008546029289367,31.6,2.9,2163.3,4866.9,0.3077152854826321,59.4,996.8
119,30,lr,loso,Osfan - KAU,21.89252,39.2539,01-11-2019 00:00,4634.7,4798.420212326307,163.72021232630686,163.72021232630686,26804.307924171004,3.532487805603531,28.9,2.7,1693.7,5039.4,0.25154832098142016,57.3,998.2
120,30,lr,loso,Osfan - KAU,21.89252,39.2539,01-12-2019 00:00,4307.9,4559.698092315342,251.79809231534273,251.79809231534273,63402.27929364586,5.845031043323725,25.2,3.7,1560.3,5176.9,0.2315947277800867,55.0,1000.8
121,30,lr,loso,Osfan - KAU,21.89252,39.2539,01-01-2020 00:00,4818.4,5056.634123338017,238.23412333801753,238.23412333801753,56755.49752263375,4.944257914204249,21.9,4.0,1405.7,6219.5,0.1843492629701516,49.7,1003.4
122,30,lr,loso,Osfan - KAU,21.89252,39.2539,01-02-2020 00:00,4959.4,5026.138614526267,66.73861452626716,66.73861452626716,4454.042668885678,1.345699369404911,23.4,3.5,2221.3,4385.6,0.3362091147134057,56.3,1002.0
123,30,lr,loso,Osfan - KAU,21.89252,39.2539,01-03-2020 00:00,6308.6,6396.830595067231,88.23059506723075,88.23059506723075,7784.637905917643,1.398576468110686,25.6,3.6,2436.8,5455.8,0.30874490028634416,54.4,998.1
124,30,lr,loso,Osfan - KAU,21.89252,39.2539,01-09-2020 00:00,6212.3,6208.293155731997,-4.0068442680030785,4.0068442680030785,16.054800988029125,0.06449856362382818,34.7,2.8,2468.7,5044.1,0.3285991907145139,56.4,992.0
125,30,lr,loso,Osfan - KAU,21.89252,39.2539,01-10-2020 00:00,5750.3,5958.702996712489,208.40299671248886,208.40299671248886,43431.80903874564,3.624210853563968,32.8,3.1,1698.5,6251.9,0.21363704970819078,45.7,996.6
126,30,lr,loso,Osfan - KAU,21.89252,39.2539,01-11-2020 00:00,4439.9,4661.9758907901905,222.0758907901909,222.0758907901909,49317.701270256795,5.0018219056778515,28.3,2.6,1592.7,4940.1,0.24380051432770022,61.0,999.5
127,30,lr,loso,Osfan - KAU,21.89252,39.2539,01-12-2020 00:00,4033.0,4253.659737500931,220.65973750093144,220.65973750093144,48690.71975397997,5.471354760747122,26.2,2.1,1688.5,4413.6,0.27670801855099064,58.3,1000.7
128,30,lr,loso,Osfan - KAU,21.89252,39.2539,01-01-2021 00:00,4348.2,4489.02805878841,140.8280587884101,140.8280587884101,19832.542142111888,3.238766818187068,25.2,3.3,1805.4,4510.2,0.28586357590727723,58.4,1000.9
129,30,lr,loso,Osfan - KAU,21.89252,39.2539,01-02-2021 00:00,5016.3,5081.600484796307,65.30048479630659,65.30048479630659,4264.153314632668,1.3017659389651055,24.5,3.5,1814.4,5131.2,0.26123013130615064,58.0,1000.7
130,30,lr,loso,Osfan - KAU,21.89252,39.2539,01-03-2021 00:00,6161.8,6129.779247093936,-32.020752906064445,32.020752906064445,1025.3286166712346,0.5196655669782279,27.4,3.3,2445.2,5248.1,0.3178349992850922,57.5,997.9
131,30,lr,loso,Osfan - KAU,21.89252,39.2539,01-04-2021 00:00,6718.8,6590.043665814122,-128.7563341858786,128.7563341858786,16578.193592985648,1.916359084745469,29.7,3.4,2720.1,5245.5,0.3414808677312443,50.7,996.7
132,30,lr,loso,Osfan - KAU,21.89252,39.2539,01-05-2021 00:00,7387.0,7246.258618781245,-140.74138121875512,140.74138121875512,19808.136387362956,1.9052576312272251,32.4,2.7,2251.1,6793.0,0.24890259948474694,53.1,994.1
133,30,lr,loso,Osfan - KAU,21.89252,39.2539,01-07-2021 00:00,6627.9,6702.496547613121,74.5965476131214,74.5965476131214,5564.644915796688,1.1254929557344169,33.9,3.2,3104.8,4465.3,0.41013989247169785,53.2,990.2
134,30,lr,loso,Osfan - KAU,21.89252,39.2539,01-08-2021 00:00,6560.8,6506.316953918622,-54.483046081378234,54.483046081378234,2968.4023103055843,0.8304329667323838,34.7,3.1,2739.0,4890.9,0.3589824244092321,56.1,991.1
135,30,lr,loso,Osfan - KAU,21.89252,39.2539,01-09-2021 00:00,5972.5,5974.443247225659,1.9432472256594338,1.9432472256594338,3.7762097800330863,0.03253657975151836,32.8,3.2,2714.6,4315.4,0.3861450924608819,63.8,992.7
136,30,lr,loso,Osfan - KAU,21.89252,39.2539,01-10-2021 00:00,5533.7,5548.666784346081,14.966784346081113,14.966784346081113,224.00463366209866,0.2704661319927194,31.1,2.5,1853.6,5513.5,0.25160510920172113,65.5,996.5
137,30,lr,loso,Osfan - KAU,21.89252,39.2539,01-11-2021 00:00,4506.5,4637.327540812806,130.82754081280564,130.82754081280564,17115.845435126324,2.903085339239002,28.5,2.5,1386.1,5330.4,0.20637236655996424,62.1,998.9
737,31,lr,loso,Rania - TVTC,21.21501,42.84853,01-02-2017 00:00,4696.4,4427.865220920372,-268.5347790796277,268.5347790796277,72110.92757534445,5.7178855949158445,17.8,3.4,2489.3,3360.3,0.4255504649890591,36.1,912.8
738,31,lr,loso,Rania - TVTC,21.21501,42.84853,01-03-2017 00:00,5689.1,5647.327818130204,-41.77218186979644,41.77218186979644,1744.9151781633504,0.7342493868941737,24.9,3.8,2849.3,3924.0,0.42066644028759986,33.7,909.1
739,31,lr,loso,Rania - TVTC,21.21501,42.84853,01-05-2017 00:00,6588.7,6549.651618066637,-39.04838193336309,39.04838193336309,1524.776131613797,0.5926568508713872,32.0,3.1,3045.4,4398.2,0.40912999086463536,24.7,908.4
740,31,lr,loso,Rania - TVTC,21.21501,42.84853,01-09-2017 00:00,6773.0,6594.1609001358065,-178.83909986419349,178.83909986419349,31983.42364023497,2.6404709857403437,32.2,2.4,2290.2,6135.3,0.27181769627915253,10.7,907.5
741,31,lr,loso,Rania - TVTC,21.21501,42.84853,01-11-2017 00:00,5252.1,5440.547237628306,188.44723762830563,188.44723762830563,35512.36136973909,3.5880359785286955,23.2,3.4,1461.4,6553.3,0.18233995034124795,27.3,912.5
742,31,lr,loso,Rania - TVTC,21.21501,42.84853,01-03-2018 00:00,6647.4,6502.215783913344,-145.1842160866554,145.1842160866554,21078.45660069665,2.1840752186818215,25.9,3.7,2201.4,6323.8,0.25822268099282125,21.7,910.6
743,31,lr,loso,Rania - TVTC,21.21501,42.84853,01-04-2018 00:00,6467.7,6382.014268188707,-85.6857318112925,85.6857318112925,7342.044636036743,1.3248253909626684,26.5,3.7,2885.1,4650.2,0.38287792125064696,33.9,908.7
744,31,lr,loso,Rania - TVTC,21.21501,42.84853,01-05-2018 00:00,7521.3,7594.73532763727,73.43532763726944,73.43532763726944,5392.747345193108,0.9763648257251996,32.2,3.4,3333.3,5330.2,0.3847521209672765,15.8,907.5
745,31,lr,loso,Rania - TVTC,21.21501,42.84853,01-03-2019 00:00,6513.2,6331.430167919177,-181.7698320808231,181.7698320808231,33040.27185469063,2.790791501578688,23.5,4.0,2723.0,5245.0,0.3417419678714859,21.2,910.1
746,31,lr,loso,Rania - TVTC,21.21501,42.84853,01-04-2019 00:00,6275.2,6010.132211696077,-265.0677883039225,265.0677883039225,70260.93239633307,4.224053230238439,26.6,3.3,2881.5,4203.2,0.4067215266701484,30.5,909.1
747,31,lr,loso,Rania - TVTC,21.21501,42.84853,01-05-2019 00:00,6095.7,5884.024449167798,-211.67555083220213,211.67555083220213,44806.53882011619,3.4725388525058998,29.9,3.5,2986.6,3704.0,0.446387468986339,27.3,908.9
748,31,lr,loso,Rania - TVTC,21.21501,42.84853,01-06-2019 00:00,7328.3,7199.817012265473,-128.48298773452734,128.48298773452734,16507.878137190703,1.7532441048336904,35.5,3.5,3051.8,5318.3,0.3646073523613816,11.0,905.7
749,31,lr,loso,Rania - TVTC,21.21501,42.84853,01-08-2019 00:00,7292.2,7198.94670676642,-93.25329323357983,93.25329323357983,8696.176698908024,1.2788087714760954,34.7,4.5,2803.0,5779.2,0.3266062315024119,14.6,904.7
750,31,lr,loso,Rania - TVTC,21.21501,42.84853,01-09-2019 00:00,6885.3,6785.994765044476,-99.30523495552461,99.30523495552461,9861.529689571948,1.4422789850191657,33.3,2.4,2417.9,6088.5,0.28424480391234835,13.3,906.8
751,31,lr,loso,Rania - TVTC,21.21501,42.84853,01-10-2019 00:00,6154.9,6078.271483053041,-76.62851694695837,76.62851694695837,5871.929609490287,1.2450001941048332,29.1,2.4,1826.4,6564.4,0.21766696858464035,17.7,910.3
752,31,lr,loso,Rania - TVTC,21.21501,42.84853,01-11-2019 00:00,4930.5,5053.024736676991,122.52473667699087,122.52473667699087,15012.31109776595,2.485036744285384,23.2,3.3,1798.3,5284.9,0.2538824260221369,36.1,911.8
753,31,lr,loso,Rania - TVTC,21.21501,42.84853,01-02-2020 00:00,5547.4,5444.935388884568,-102.46461111543158,102.46461111543158,10498.996531036624,1.8470745054517717,21.0,3.0,2340.1,4962.5,0.32044751184509623,24.9,912.6
754,31,lr,loso,Rania - TVTC,21.21501,42.84853,01-03-2020 00:00,6522.9,6435.389031456877,-87.51096854312254,87.51096854312254,7658.169615355384,1.341596046898198,24.5,3.1,2867.5,5040.8,0.36259373063743155,19.3,909.6
755,31,lr,loso,Rania - TVTC,21.21501,42.84853,01-04-2020 00:00,6893.6,6794.4182908693465,-99.18170913065387,99.18170913065387,9837.01142607763,1.43875056763743,28.8,2.6,2695.2,5478.2,0.32975261213203805,24.1,908.5
756,31,lr,loso,Rania - TVTC,21.21501,42.84853,01-05-2020 00:00,6454.6,6563.895923009605,109.29592300960485,109.29592300960485,11945.59878652147,1.693302807449026,32.0,2.8,3106.1,4200.3,0.42512044235191065,20.0,908.6
757,31,lr,loso,Rania - TVTC,21.21501,42.84853,01-09-2020 00:00,7093.5,7087.213481946756,-6.286518053244436,6.286518053244436,39.52030923376821,0.08862364211241891,32.2,2.1,2153.8,6819.7,0.2400178302780409,10.8,906.9
758,31,lr,loso,Rania - TVTC,21.21501,42.84853,01-11-2020 00:00,5419.3,5687.071064552904,267.77106455290414,267.77106455290414,71701.34301179556,4.9410636900135465,23.5,3.0,1298.6,7125.5,0.15415296589546656,25.1,912.2
759,31,lr,loso,Rania - TVTC,21.21501,42.84853,01-01-2021 00:00,5111.7,5268.765272486285,157.0652724862848,157.0652724862848,24669.499821190897,3.0726621766982576,18.4,2.7,1789.6,5867.5,0.23371772603204866,30.1,913.5
760,31,lr,loso,Rania - TVTC,21.21501,42.84853,01-04-2021 00:00,6991.2,6830.173616091175,-161.02638390882476,161.02638390882476,25929.496314752218,2.303272455498695,27.9,2.6,2861.2,5265.2,0.3520870250049222,20.4,909.9
761,31,lr,loso,Rania - TVTC,21.21501,42.84853,01-05-2021 00:00,7704.7,7662.964615766876,-41.73538423312402,41.73538423312402,1741.8422970864972,0.5416873367311384,33.4,2.4,2755.5,6359.7,0.30229726171669297,10.9,907.0
762,31,lr,loso,Rania - TVTC,21.21501,42.84853,01-07-2021 00:00,7095.6,7359.296937824764,263.69693782476406,263.69693782476406,69536.07501815748,3.716344464523987,36.1,4.2,3245.5,4820.7,0.40235798765217823,14.2,902.2
763,31,lr,loso,Rania - TVTC,21.21501,42.84853,01-08-2021 00:00,7290.2,7236.470108536371,-53.72989146362852,53.72989146362852,2886.9012366933007,0.7370153282986547,36.0,3.4,2841.0,5704.4,0.33245956889086525,12.7,904.4
764,31,lr,loso,Rania - TVTC,21.21501,42.84853,01-10-2021 00:00,6307.4,6287.613164775853,-19.78683522414667,19.78683522414667,391.51884818753143,0.31370826686347264,28.6,2.4,1759.3,6942.6,0.2021742378101334,14.5,910.8
630,32,lr,loso,Riyadh - K.A.CARE City T2,24.52958,46.43635,01-01-2017 00:00,4453.5,4464.5864307330285,11.086430733028465,11.086430733028465,122.90894639823806,0.24893748137483923,15.5,4.1,1592.1,5395.1,0.22785951454087472,35.4,915.1
631,32,lr,loso,Riyadh - K.A.CARE City T2,24.52958,46.43635,01-02-2017 00:00,4382.4,3986.91386865794,-395.4861313420597,395.4861313420597,156409.2800839089,9.02441884223393,12.5,4.0,2183.0,3572.6,0.3792827854611161,45.5,915.3
632,32,lr,loso,Riyadh - K.A.CARE City T2,24.52958,46.43635,01-03-2017 00:00,5313.7,5189.691364335103,-124.00863566489716,124.00863566489716,15378.141719469202,2.333753047121538,19.9,5.0,2812.6,3552.7,0.4418644839991831,40.5,911.5
633,32,lr,loso,Riyadh - K.A.CARE City T2,24.52958,46.43635,01-04-2017 00:00,6906.3,6963.045348403482,56.74534840348224,56.74534840348224,3220.0345654325843,0.8216461550103853,27.5,4.2,3176.3,4950.9,0.39082340781572994,20.8,912.2
634,32,lr,loso,Riyadh - K.A.CARE City T2,24.52958,46.43635,01-05-2017 00:00,7135.2,7256.877477875811,121.67747787581084,121.67747787581084,14805.408622218436,1.70531278556748,32.1,4.1,3651.4,4332.6,0.45733967935871744,19.4,909.9
635,32,lr,loso,Riyadh - K.A.CARE City T2,24.52958,46.43635,01-06-2017 00:00,8050.4,8041.367967356446,-9.032032643553976,9.032032643553976,81.57761367422461,0.11219358843726988,35.0,4.2,2687.6,7045.4,0.2761327442720641,10.3,906.8
636,32,lr,loso,Riyadh - K.A.CARE City T2,24.52958,46.43635,01-09-2017 00:00,7016.5,6944.752771272949,-71.74722872705115,71.74722872705115,5147.664830011794,1.0225501136898902,33.0,3.3,2178.3,6788.4,0.24293218240824382,11.4,909.2
637,32,lr,loso,Riyadh - K.A.CARE City T2,24.52958,46.43635,01-10-2017 00:00,6247.4,6391.864383976712,144.46438397671227,144.46438397671227,20869.95823777096,2.3123920987404727,28.3,3.5,1682.9,7268.5,0.18800411108876824,17.3,913.0
638,32,lr,loso,Riyadh - K.A.CARE City T2,24.52958,46.43635,01-11-2017 00:00,4778.9,4928.524068412033,149.624068412033,149.624068412033,22387.361848168734,3.1309311434018925,20.5,3.7,1551.5,5817.6,0.21054131440745816,36.4,914.9
639,32,lr,loso,Riyadh - K.A.CARE City T2,24.52958,46.43635,01-03-2018 00:00,6516.1,6485.025065444541,-31.07493455545955,31.07493455545955,965.651557626094,0.47689468478782626,23.4,4.2,2321.5,6119.7,0.2750201393166848,24.6,912.7
640,32,lr,loso,Riyadh - K.A.CARE City T2,24.52958,46.43635,01-04-2018 00:00,6333.4,6391.596353565276,58.196353565276695,58.196353565276695,3386.8155682946935,0.9188801207136246,23.9,4.4,3398.0,3732.5,0.47654442184980017,37.1,910.3
641,32,lr,loso,Riyadh - K.A.CARE City T2,24.52958,46.43635,01-05-2018 00:00,6973.1,6945.690213332536,-27.409786667464687,27.409786667464687,751.2964051559248,0.39307892712659626,30.2,4.7,3305.2,4630.5,0.4164975994556246,19.2,909.3
642,32,lr,loso,Riyadh - K.A.CARE City T2,24.52958,46.43635,01-06-2018 00:00,7410.6,7352.708178815558,-57.89182118444205,57.89182118444205,3351.4629600514136,0.7812028875454357,34.9,4.2,2911.6,5774.3,0.33520993794540577,12.7,906.1
643,32,lr,loso,Riyadh - K.A.CARE City T2,24.52958,46.43635,01-07-2018 00:00,7248.4,7101.644961572292,-146.7550384277074,146.7550384277074,21537.04130391788,2.0246542468366457,35.5,4.1,2646.8,5873.9,0.3106317556069337,11.9,903.8
644,32,lr,loso,Riyadh - K.A.CARE City T2,24.52958,46.43635,01-08-2018 00:00,6973.3,6746.059019403772,-227.24098059622793,227.24098059622793,51638.46326233524,3.2587294479834217,34.9,3.8,2200.2,6321.8,0.2581788312602675,13.1,905.2
645,32,lr,loso,Riyadh - K.A.CARE City T2,24.52958,46.43635,01-09-2018 00:00,6134.3,5960.620233201394,-173.67976679860658,173.67976679860658,30164.661395218365,2.8312890924572742,34.1,3.8,2148.2,5530.4,0.2797645404110124,14.1,909.3
646,32,lr,loso,Riyadh - K.A.CARE City T2,24.52958,46.43635,01-10-2018 00:00,4837.2,4787.749361695198,-49.45063830480194,49.45063830480194,2445.365628752345,1.0222988155296855,26.6,3.3,1889.3,4590.4,0.29157214068552556,31.7,914.0
647,32,lr,loso,Riyadh - K.A.CARE City T2,24.52958,46.43635,01-11-2018 00:00,4170.4,4065.741330345374,-104.65866965462556,104.65866965462556,10953.43713387604,2.509559506393285,18.6,4.2,1939.7,3934.5,0.33020666643968544,61.9,914.7
648,32,lr,loso,Riyadh - K.A.CARE City T2,24.52958,46.43635,01-12-2018 00:00,4232.3,4288.592977811848,56.29297781184778,56.29297781184778,3168.8993509251864,1.3300800465904536,16.2,4.0,1421.4,5444.5,0.2070231142312006,53.7,915.9
649,32,lr,loso,Riyadh - K.A.CARE City T2,24.52958,46.43635,01-01-2019 00:00,4320.6,4129.267750379804,-191.3322496201963,191.3322496201963,36608.02974472511,4.428372208031206,16.3,4.2,2091.7,4040.2,0.34111776121593634,38.3,915.5
650,32,lr,loso,Riyadh - K.A.CARE City T2,24.52958,46.43635,01-02-2019 00:00,5126.5,4982.759291069484,-143.74070893051612,143.74070893051612,20661.391403847356,2.8038761129526213,15.8,4.3,2088.4,5041.8,0.29289500995764495,39.8,914.1
651,32,lr,loso,Riyadh - K.A.CARE City T2,24.52958,46.43635,01-03-2019 00:00,6260.1,6097.120925585801,-162.9790744141992,162.9790744141992,26562.178696909083,2.603458002495155,18.5,4.7,2449.2,5593.9,0.30450945530951995,29.3,912.0
652,32,lr,loso,Riyadh - K.A.CARE City T2,24.52958,46.43635,01-04-2019 00:00,6572.3,6565.065844128333,-7.234155871667099,7.234155871667099,52.333011175575564,0.110070384365703,23.0,4.5,3001.1,4740.9,0.38763885300955825,33.8,911.1
653,32,lr,loso,Riyadh - K.A.CARE City T2,24.52958,46.43635,01-05-2019 00:00,6652.3,6730.443761552804,78.14376155280388,78.14376155280388,6106.44746962147,1.1746878756641144,30.0,3.7,3106.9,4519.9,0.40736612996276295,23.2,910.1
654,32,lr,loso,Riyadh - K.A.CARE City T2,24.52958,46.43635,01-06-2019 00:00,7644.4,7659.948690301855,15.548690301855459,15.548690301855459,241.761770103014,0.20339974755187404,35.7,3.7,2665.4,6523.1,0.2900799912934647,12.2,907.0
655,32,lr,loso,Riyadh - K.A.CARE City T2,24.52958,46.43635,01-07-2019 00:00,8069.1,7891.486265910061,-177.6137340899395,177.6137340899395,31546.638537371735,2.2011591638465196,35.8,4.2,2377.9,7498.8,0.24075855295797177,11.8,904.2
656,32,lr,loso,Riyadh - K.A.CARE City T2,24.52958,46.43635,01-08-2019 00:00,7727.3,7525.533401555703,-201.76659844429741,201.76659844429741,40709.76024778236,2.6110879407334697,35.2,3.8,2122.5,7538.9,0.21968865795847395,12.1,905.5
657,32,lr,loso,Riyadh - K.A.CARE City T2,24.52958,46.43635,01-09-2019 00:00,6933.8,6860.860373834419,-72.9396261655811,72.9396261655811,5320.1890651747235,1.0519430350685208,33.4,3.6,2000.0,7014.8,0.22185739006966324,15.8,908.7
658,32,lr,loso,Riyadh - K.A.CARE City T2,24.52958,46.43635,01-10-2019 00:00,5863.3,5969.857417331888,106.55741733188825,106.55741733188825,11354.483188442198,1.8173625318828688,28.9,3.5,1793.0,6434.5,0.21792768155575812,23.9,912.5
659,32,lr,loso,Riyadh - K.A.CARE City T2,24.52958,46.43635,01-11-2019 00:00,4330.5,4334.788735985949,4.288735985948733,4.288735985948733,18.393256357171655,0.09903558448097756,19.7,3.8,1792.0,4585.7,0.28097903632971133,45.1,914.6
660,32,lr,loso,Riyadh - K.A.CARE City T2,24.52958,46.43635,01-12-2019 00:00,4290.2,4439.336711499851,149.13671149985112,149.13671149985112,22241.758716989825,3.476218159989071,15.8,3.9,1308.1,5898.7,0.18150913026586002,47.8,914.8
661,32,lr,loso,Riyadh - K.A.CARE City T2,24.52958,46.43635,01-01-2020 00:00,4711.8,4932.874331077938,221.07433107793804,221.07433107793804,48873.859861557765,4.691929434142748,12.9,3.8,1245.2,6602.5,0.15867069332415867,42.8,915.0
662,32,lr,loso,Riyadh - K.A.CARE City T2,24.52958,46.43635,01-02-2020 00:00,5374.6,5298.167976470553,-76.43202352944718,76.43202352944718,5841.854220805967,1.4220969659034566,17.1,4.2,2102.5,5382.8,0.2808838657101252,28.7,914.9
663,32,lr,loso,Riyadh - K.A.CARE City T2,24.52958,46.43635,01-03-2020 00:00,6459.8,6382.1085248116715,-77.6914751883287,77.6914751883287,6035.965316938693,1.2026916497156057,20.8,4.1,2661.8,5521.4,0.32527617557923555,25.9,911.5
664,32,lr,loso,Riyadh - K.A.CARE City T2,24.52958,46.43635,01-04-2020 00:00,6450.3,6408.577873996162,-41.72212600383773,41.72212600383773,1740.7357982801125,0.6468245818618936,25.4,4.7,3234.6,4214.9,0.43420363782804217,31.9,910.6
665,32,lr,loso,Riyadh - K.A.CARE City T2,24.52958,46.43635,01-05-2020 00:00,7466.7,7521.050759574499,54.350759574499534,54.350759574499534,2954.0050663250527,0.7279087089945965,31.1,4.1,3115.5,5659.6,0.35503868901778896,16.7,910.4
666,32,lr,loso,Riyadh - K.A.CARE City T2,24.52958,46.43635,01-09-2020 00:00,6797.3,6737.487547005445,-59.812452994555315,59.812452994555315,3577.5295332258893,0.8799442866219722,32.8,3.3,1985.8,6821.4,0.22547461168135163,15.0,908.8
667,32,lr,loso,Riyadh - K.A.CARE City T2,24.52958,46.43635,01-10-2020 00:00,6225.2,6428.043986192722,202.8439861927218,202.8439861927218,41145.682734553106,3.258433242188553,25.8,3.0,1182.8,8258.0,0.125285992712482,16.5,913.4
668,32,lr,loso,Riyadh - K.A.CARE City T2,24.52958,46.43635,01-11-2020 00:00,4766.4,5013.723942050442,247.32394205044238,247.32394205044238,61169.13231137058,5.1889044572516445,21.3,3.7,1291.5,6331.5,0.16942148760330578,37.4,914.8
669,32,lr,loso,Riyadh - K.A.CARE City T2,24.52958,46.43635,01-12-2020 00:00,4173.6,4232.561771228935,58.961771228934595,58.961771228934595,3476.490466453219,1.4127317239058508,15.1,4.1,1383.0,5451.7,0.2023497739476495,52.1,916.0
670,32,lr,loso,Riyadh - K.A.CARE City T2,24.52958,46.43635,01-01-2021 00:00,4551.4,4546.851348333961,-4.548651666038495,4.548651666038495,20.690231978954778,0.09993961563559553,14.3,4.1,1493.6,5712.0,0.20728322415898742,43.8,916.0
671,32,lr,loso,Riyadh - K.A.CARE City T2,24.52958,46.43635,01-02-2021 00:00,5049.4,5052.118362883284,2.718362883284499,2.718362883284499,7.389496765218814,0.05383536426673464,16.2,4.3,1831.4,5467.6,0.2509110837100973,40.3,914.7
672,32,lr,loso,Riyadh - K.A.CARE City T2,24.52958,46.43635,01-10-2021 00:00,5891.9,5956.2164186533555,64.31641865335587,64.31641865335587,4136.601708393742,1.091607438234795,28.5,3.5,1655.6,6715.0,0.1977874943253769,20.3,913.1
673,32,lr,loso,Riyadh - K.A.CARE City T2,24.52958,46.43635,01-11-2021 00:00,4901.4,5018.169499321349,116.76949932134903,116.76949932134903,13635.115971758532,2.3823703293211946,21.6,3.1,1419.9,6272.1,0.18459438377535103,31.1,914.8
674,32,lr,loso,Riyadh - K.A.CARE City T2,24.52958,46.43635,01-12-2021 00:00,4047.2,4002.6072856253054,-44.592714374694424,44.592714374694424,1988.5101753030788,1.1018164255459186,16.2,3.1,1548.3,4877.7,0.24094304388422036,38.6,915.8
1263,33,lr,loso,Riyadh - K.A.CARE HQ,24.707744,46.6792,01-01-2017 00:00,4098.6,3895.040198681625,-203.55980131837532,203.55980131837532,41436.59271277644,4.9665691045326525,17.1,2.6,1584.2,4669.2,0.25333418620270576,33.9,941.6
1264,33,lr,loso,Riyadh - K.A.CARE HQ,24.707744,46.6792,01-02-2017 00:00,4242.8,3777.441379698659,-465.35862030134103,465.35862030134103,216558.6454887677,10.968196009742174,14.6,2.7,2143.2,3405.3,0.3862665585293322,41.5,942.2
1265,33,lr,loso,Riyadh - K.A.CARE HQ,24.707744,46.6792,01-03-2017 00:00,4810.7,4611.958376423796,-198.7416235762039,198.7416235762039,39498.23294170552,4.131241265849126,22.3,3.1,2674.1,3030.1,0.46879492303916415,36.8,937.6
1266,33,lr,loso,Riyadh - K.A.CARE HQ,24.707744,46.6792,01-04-2017 00:00,6469.9,6450.973368267684,-18.9266317323154,18.9266317323154,358.21738873068824,0.29253360534653394,30.2,3.1,3096.4,4439.3,0.41089746141698846,19.4,937.4
1267,33,lr,loso,Riyadh - K.A.CARE HQ,24.707744,46.6792,01-05-2017 00:00,6540.2,6629.328625388884,89.12862538888385,89.12862538888385,7943.91186371199,1.362781342908227,35.4,3.0,3515.4,3740.9,0.4844617780411504,17.1,934.6
1268,33,lr,loso,Riyadh - K.A.CARE HQ,24.707744,46.6792,01-06-2017 00:00,7492.8,7489.402148099401,-3.397851900599562,3.397851900599562,11.545397538408057,0.0453482263052472,38.1,3.4,2536.9,6475.5,0.28148994718388,9.9,931.1
1269,33,lr,loso,Riyadh - K.A.CARE HQ,24.707744,46.6792,01-09-2017 00:00,6676.1,6585.99036283544,-90.10963716456081,90.10963716456081,8119.746709928799,1.3497346828921197,36.2,2.6,2089.3,6434.0,0.24512806072765247,10.9,933.6
1270,33,lr,loso,Riyadh - K.A.CARE HQ,24.707744,46.6792,01-10-2017 00:00,5822.8,5874.708806780402,51.90880678040139,51.90880678040139,2694.5242213650454,0.8914750082503501,31.4,2.4,1702.9,6489.5,0.20786338557687614,16.8,937.9
1271,33,lr,loso,Riyadh - K.A.CARE HQ,24.707744,46.6792,01-11-2017 00:00,4407.8,4343.779151183,-64.02084881700011,64.02084881700011,4098.669083249185,1.4524445033123126,23.2,2.5,1544.6,5084.4,0.23300648664957005,32.7,941.0
1272,33,lr,loso,Riyadh - K.A.CARE HQ,24.707744,46.6792,01-03-2018 00:00,6302.3,6238.823388107018,-63.476611892981964,63.476611892981964,4029.2802574122593,1.0071975610964563,26.2,2.7,2322.3,5757.1,0.2874347104983043,21.9,938.5
1273,33,lr,loso,Riyadh - K.A.CARE HQ,24.707744,46.6792,01-04-2018 00:00,6082.4,6202.654044944269,120.25404494426948,120.25404494426948,14461.035325458384,1.9770821541541084,27.1,3.1,3386.4,3416.9,0.4977584407566916,31.5,935.7
1274,33,lr,loso,Riyadh - K.A.CARE HQ,24.707744,46.6792,01-05-2018 00:00,7086.7,7196.058330754176,109.35833075417577,109.35833075417577,11959.244505339706,1.5431488669504252,33.3,3.2,3467.3,4535.6,0.4332554449012233,16.8,934.2
1275,33,lr,loso,Riyadh - K.A.CARE HQ,24.707744,46.6792,01-06-2018 00:00,7754.9,7847.133158238047,92.23315823804751,92.23315823804751,8506.95547856471,1.1893532893789411,37.8,3.5,3174.8,5832.1,0.3524853168126658,11.3,930.2
1276,33,lr,loso,Riyadh - K.A.CARE HQ,24.707744,46.6792,01-07-2018 00:00,7531.5,7537.939519211402,6.439519211401603,6.439519211401603,41.46740767401032,0.08550115131649211,38.3,3.2,2885.3,5908.8,0.32809497276583166,10.5,927.8
1277,33,lr,loso,Riyadh - K.A.CARE HQ,24.707744,46.6792,01-08-2018 00:00,7326.4,7231.926992695537,-94.47300730446295,94.47300730446295,8925.14910914911,1.289487433179501,37.6,3.1,2438.2,6450.5,0.27430332894574005,11.6,929.4
1278,33,lr,loso,Riyadh - K.A.CARE HQ,24.707744,46.6792,01-09-2018 00:00,6539.8,6494.804111185828,-44.99588881417185,44.99588881417185,2024.6300101773154,0.688031573047675,37.4,2.9,2324.2,5837.6,0.2847656154279693,12.6,933.7
1279,33,lr,loso,Riyadh - K.A.CARE HQ,24.707744,46.6792,01-10-2018 00:00,5113.3,5146.831784031214,33.53178403121365,33.53178403121365,1124.3805403159545,0.6557758009741976,29.6,2.4,2007.3,4774.6,0.2959790029342809,28.3,939.4
1280,33,lr,loso,Riyadh - K.A.CARE HQ,24.707744,46.6792,01-11-2018 00:00,3924.8,3758.2127527775037,-166.58724722249644,166.58724722249644,27751.31093716915,4.244477354833276,21.4,2.7,1902.8,3547.2,0.3491376146788991,53.4,941.1
1281,33,lr,loso,Riyadh - K.A.CARE HQ,24.707744,46.6792,01-12-2018 00:00,3989.0,3833.294157779437,-155.70584222056323,155.70584222056323,24244.30930161493,3.9033803514806524,18.5,2.6,1469.9,4769.5,0.23558354970029172,48.2,942.7
1282,33,lr,loso,Riyadh - K.A.CARE HQ,24.707744,46.6792,01-01-2019 00:00,4154.9,3861.2208159347197,-293.67918406527997,293.67918406527997,86247.4631532486,7.068261187159258,18.2,2.7,2126.0,3618.2,0.3701124612652763,34.7,942.0
1283,33,lr,loso,Riyadh - K.A.CARE HQ,24.707744,46.6792,01-02-2019 00:00,4844.9,4667.787178380404,-177.1128216195957,177.1128216195957,31368.951582054728,3.655654845705705,18.0,3.1,2038.2,4674.0,0.30365602931974617,34.9,940.5
1284,33,lr,loso,Riyadh - K.A.CARE HQ,24.707744,46.6792,01-03-2019 00:00,6177.3,6025.186700875327,-152.11329912467318,152.11329912467318,23138.455770592296,2.462456075059867,20.7,3.3,2522.5,5358.4,0.32007765610526717,27.1,938.1
1285,33,lr,loso,Riyadh - K.A.CARE HQ,24.707744,46.6792,01-04-2019 00:00,6201.2,6104.687174787766,-96.51282521223402,96.51282521223402,9314.725430447235,1.556357240731375,25.6,3.1,2914.4,4333.6,0.4020971302428256,30.0,936.7
1286,33,lr,loso,Riyadh - K.A.CARE HQ,24.707744,46.6792,01-05-2019 00:00,6293.4,6402.129860657525,108.72986065752502,108.72986065752502,11822.182598604808,1.727680755355214,33.1,2.7,3011.6,4159.6,0.4199576082106202,20.4,935.0
1287,33,lr,loso,Riyadh - K.A.CARE HQ,24.707744,46.6792,01-06-2019 00:00,7447.6,7526.7471638485395,79.1471638485391,79.1471638485391,6264.273545267493,1.062720391113098,38.8,2.9,2646.8,6268.4,0.2968862167982771,10.8,931.2
1288,33,lr,loso,Riyadh - K.A.CARE HQ,24.707744,46.6792,01-07-2019 00:00,7800.8,7925.1169479223,124.31694792229973,124.31694792229973,15454.703540715784,1.5936435740218917,38.8,3.5,2377.1,7142.7,0.2497006239626883,10.6,928.3
1289,33,lr,loso,Riyadh - K.A.CARE HQ,24.707744,46.6792,01-08-2019 00:00,7400.6,7271.670055697538,-128.929944302462,128.929944302462,16622.93053783595,1.742155288793638,38.0,3.0,2153.1,7024.4,0.23460637428493597,11.0,929.6
1290,33,lr,loso,Riyadh - K.A.CARE HQ,24.707744,46.6792,01-09-2019 00:00,6625.9,6576.891498857373,-49.0085011426263,49.0085011426263,2401.8331842468033,0.7396504798235153,36.8,2.8,1975.7,6583.0,0.23084113241496954,14.0,933.3
1291,33,lr,loso,Riyadh - K.A.CARE HQ,24.707744,46.6792,01-10-2019 00:00,5582.8,5596.619564079155,13.819564079154588,13.819564079154588,190.98035133785982,0.24753822596465194,31.9,2.5,1800.4,5925.4,0.23303735535478529,21.7,937.6
1292,33,lr,loso,Riyadh - K.A.CARE HQ,24.707744,46.6792,01-11-2019 00:00,4037.4,3897.710636559971,-139.68936344002896,139.68936344002896,19513.118258280498,3.459884169020383,22.2,2.5,1709.9,4156.5,0.291473476067094,40.6,940.8
1293,33,lr,loso,Riyadh - K.A.CARE HQ,24.707744,46.6792,01-12-2019 00:00,3868.2,3703.43445817845,-164.76554182154996,164.76554182154996,27147.68377174893,4.259488698142546,17.9,2.5,1249.2,5068.1,0.19774270653602014,44.3,941.8
1294,33,lr,loso,Riyadh - K.A.CARE HQ,24.707744,46.6792,01-01-2020 00:00,4365.8,4388.933999878176,23.133999878175928,23.133999878175928,535.1819503634439,0.5298914260427855,15.0,2.7,1284.0,5824.0,0.18064153066966798,38.5,942.2
1295,33,lr,loso,Riyadh - K.A.CARE HQ,24.707744,46.6792,01-02-2020 00:00,5206.5,5094.829119268906,-111.67088073109426,111.67088073109426,12470.385603258279,2.144835892271089,18.9,3.1,2164.8,4979.0,0.30303199977602957,26.8,941.5
1296,33,lr,loso,Riyadh - K.A.CARE HQ,24.707744,46.6792,01-03-2020 00:00,6299.3,6220.473640376453,-78.82635962354743,78.82635962354743,6213.594971500829,1.251351096527351,23.1,3.0,2696.3,5170.0,0.342765976380255,24.0,937.3
1297,33,lr,loso,Riyadh - K.A.CARE HQ,24.707744,46.6792,01-04-2020 00:00,6176.2,6119.059975438386,-57.140024561614155,57.140024561614155,3264.9824069018687,0.9251647382146653,27.8,3.1,3111.0,3991.0,0.43804562095184457,29.4,936.0
1298,33,lr,loso,Riyadh - K.A.CARE HQ,24.707744,46.6792,01-05-2020 00:00,7168.5,7329.064661051517,160.56466105151685,160.56466105151685,25781.010378588493,2.239864142449841,33.9,3.0,3117.4,5301.3,0.3702947010821148,14.7,935.2
1299,33,lr,loso,Riyadh - K.A.CARE HQ,24.707744,46.6792,01-09-2020 00:00,6645.7,6590.741056440784,-54.958943559216095,54.958943559216095,3020.4854771451005,0.8269850212801676,35.6,2.8,2015.4,6533.6,0.23574687097906188,14.1,933.2
1300,33,lr,loso,Riyadh - K.A.CARE HQ,24.707744,46.6792,01-10-2020 00:00,6005.1,6164.657780563505,159.55778056350482,159.55778056350482,25458.685338351555,2.6570378605436185,28.3,2.4,1236.0,7759.2,0.13740661686232655,15.9,938.5
1301,33,lr,loso,Riyadh - K.A.CARE HQ,24.707744,46.6792,01-11-2020 00:00,4552.7,4658.17376927391,105.47376927390997,105.47376927390997,11124.716004845994,2.316730056316251,23.6,2.7,1309.7,5832.6,0.18337230303963709,34.3,940.6
1302,33,lr,loso,Riyadh - K.A.CARE HQ,24.707744,46.6792,01-12-2020 00:00,3870.4,3714.9823101460997,-155.41768985390036,155.41768985390036,24154.65831952316,4.015545934629505,17.3,2.5,1472.9,4618.6,0.24179594516949848,46.6,942.6
1303,33,lr,loso,Riyadh - K.A.CARE HQ,24.707744,46.6792,01-01-2021 00:00,4261.2,4112.97843345825,-148.22156654174978,148.22156654174978,21969.63278809036,3.478399665393546,16.6,2.4,1517.5,5078.2,0.2300741392119108,38.3,942.7
1304,33,lr,loso,Riyadh - K.A.CARE HQ,24.707744,46.6792,01-02-2021 00:00,4898.9,4833.891961684846,-65.0080383151535,65.0080383151535,4226.045045584466,1.3269925557809612,18.3,2.9,1792.8,5224.7,0.2554755967224795,36.0,941.2
1305,33,lr,loso,Riyadh - K.A.CARE HQ,24.707744,46.6792,01-10-2021 00:00,5736.8,5793.439204064907,56.63920406490706,56.63920406490706,3207.999437106185,0.9872961244057151,31.2,2.7,1698.3,6358.3,0.21079611746890747,19.3,938.2
1306,33,lr,loso,Riyadh - K.A.CARE HQ,24.707744,46.6792,01-11-2021 00:00,4751.9,4773.097998248232,21.19799824823258,21.19799824823258,449.35512973207153,0.4460952092475132,24.0,2.5,1483.4,5832.1,0.20277492994327115,28.5,940.6
1307,33,lr,loso,Riyadh - K.A.CARE HQ,24.707744,46.6792,01-12-2021 00:00,3876.0,3670.7917807354347,-205.2082192645653,205.2082192645653,42110.4132537339,5.294329702388166,18.1,2.5,1548.0,4454.6,0.2578882484256822,35.1,942.2
535,34,lr,loso,Riyadh - KSU,24.72359,46.61639,01-01-2017 00:00,4379.7,4237.739636010535,-141.9603639894649,141.9603639894649,20152.74494402136,3.2413262093171884,16.9,1.9,1684.0,4945.2,0.2540276353104447,36.5,942.7
536,34,lr,loso,Riyadh - KSU,24.72359,46.61639,01-02-2017 00:00,4482.8,4160.631099730778,-322.1689002692219,322.1689002692219,103792.80030067987,7.186778358820869,14.5,2.0,2240.0,3624.6,0.381952733349248,44.1,943.2
537,34,lr,loso,Riyadh - KSU,24.72359,46.61639,01-03-2017 00:00,5128.6,4990.504530933027,-138.09546906697324,138.09546906697324,19070.358576827362,2.6926543124239215,22.3,2.2,2825.4,3235.2,0.4661914661914662,39.3,938.5
538,34,lr,loso,Riyadh - KSU,24.72359,46.61639,01-04-2017 00:00,6876.9,6946.36118029449,69.46118029449008,69.46118029449008,4824.855567903656,1.0100652953291467,29.7,2.2,3292.8,4711.6,0.4113737444405577,21.4,938.4
539,34,lr,loso,Riyadh - KSU,24.72359,46.61639,01-05-2017 00:00,7158.3,7359.10760784913,200.80760784912945,200.80760784912945,40323.69537008976,2.8052415775970476,34.7,2.1,3808.4,4143.5,0.4789295640035715,19.2,935.5
540,34,lr,loso,Riyadh - KSU,24.72359,46.61639,01-06-2017 00:00,8177.0,8217.140916986147,40.140916986147204,40.140916986147204,1611.2932164887611,0.4909002933367641,37.0,2.3,2797.7,7017.4,0.2850403969394097,11.4,932.0
541,34,lr,loso,Riyadh - KSU,24.72359,46.61639,01-09-2017 00:00,6742.2,6600.972168963807,-141.22783103619258,141.22783103619258,19945.300259187363,2.0946846880275367,35.1,1.6,2054.9,6637.3,0.23640735371942662,12.7,934.6
542,34,lr,loso,Riyadh - KSU,24.72359,46.61639,01-10-2017 00:00,5978.9,6049.889911721007,70.98991172100705,70.98991172100705,5039.567566156374,1.1873406767299512,30.4,1.4,1745.2,6675.4,0.20725363988314371,19.1,938.9
543,34,lr,loso,Riyadh - KSU,24.72359,46.61639,01-11-2017 00:00,4498.9,4456.307229122777,-42.59277087722239,42.59277087722239,1814.144130999564,0.9467374442024138,22.8,1.6,1577.4,5164.4,0.23397312290486225,35.5,941.8
544,34,lr,loso,Riyadh - KSU,24.72359,46.61639,01-03-2018 00:00,6286.7,6185.431750147609,-101.26824985239091,101.26824985239091,10255.258428166271,1.6108331851749074,25.9,1.9,2318.5,5733.3,0.2879480364638963,23.0,939.4
545,34,lr,loso,Riyadh - KSU,24.72359,46.61639,01-04-2018 00:00,6105.1,6231.066286194668,125.96628619466719,125.96628619466719,15867.505257676803,2.06329603437564,26.9,2.2,3399.3,3434.4,0.4974318451205057,33.4,936.7
546,34,lr,loso,Riyadh - KSU,24.72359,46.61639,01-05-2018 00:00,7141.6,7239.618984193221,98.0189841932206,98.0189841932206,9607.72126227083,1.3725073399969279,33.1,2.2,3500.5,4557.7,0.4344022238216972,18.1,935.1
547,34,lr,loso,Riyadh - KSU,24.72359,46.61639,01-06-2018 00:00,7787.4,7867.849725767486,80.4497257674866,80.4497257674866,6472.158376063797,1.033075554966826,37.5,2.4,3191.4,5845.5,0.3531520764864058,12.6,931.0
548,34,lr,loso,Riyadh - KSU,24.72359,46.61639,01-07-2018 00:00,7549.8,7549.178145759245,-0.6218542407550558,0.6218542407550558,0.3867026967450469,0.008236698200681552,38.0,2.2,2897.7,5911.1,0.3289551357733176,11.8,928.6
549,34,lr,loso,Riyadh - KSU,24.72359,46.61639,01-08-2018 00:00,7345.4,7210.690296671868,-134.70970332813158,134.70970332813158,18146.704170753226,1.8339328467902576,37.0,1.9,2459.3,6446.6,0.2761427817514232,13.3,930.3
550,34,lr,loso,Riyadh - KSU,24.72359,46.61639,01-09-2018 00:00,6565.6,6494.273779644624,-71.32622035537679,71.32622035537679,5087.4297101837665,1.08636256176704,36.4,1.7,2366.5,5812.3,0.2893456252751015,14.3,934.6
551,34,lr,loso,Riyadh - KSU,24.72359,46.61639,01-10-2018 00:00,5125.0,5155.5297403717195,30.529740371719527,30.529740371719527,932.0650471646011,0.5957022511555029,29.1,1.5,2006.4,4792.2,0.29511958344365014,30.6,940.2
552,34,lr,loso,Riyadh - KSU,24.72359,46.61639,01-11-2018 00:00,3889.5,3671.6356451029715,-217.86435489702853,217.86435489702853,47464.8771346984,5.60134605725745,21.3,1.9,1887.6,3492.5,0.3508484972398282,56.6,941.9
553,34,lr,loso,Riyadh - KSU,24.72359,46.61639,01-12-2018 00:00,3977.8,3790.831439674172,-186.9685603258281,186.9685603258281,34957.24255031282,4.70030067690251,18.4,1.8,1442.7,4760.7,0.2325660121868653,50.5,943.5
554,34,lr,loso,Riyadh - KSU,24.72359,46.61639,01-01-2019 00:00,4125.2,3792.972173002835,-332.2278269971648,332.2278269971648,110375.32903125806,8.053617448782237,18.2,1.9,2100.8,3592.9,0.368969211584734,36.5,942.9
555,34,lr,loso,Riyadh - KSU,24.72359,46.61639,01-02-2019 00:00,4913.4,4737.082710042444,-176.31728995755566,176.31728995755566,31087.786737976756,3.5884985948132795,18.1,2.2,2046.4,4755.0,0.30087923074661105,36.8,941.6
556,34,lr,loso,Riyadh - KSU,24.72359,46.61639,01-03-2019 00:00,6189.1,6031.0759882423545,-158.0240117576459,158.0240117576459,24971.588291980606,2.5532631845930083,21.0,2.4,2525.2,5356.4,0.3203917986195696,28.0,939.2
557,34,lr,loso,Riyadh - KSU,24.72359,46.61639,01-04-2019 00:00,6199.7,6098.228235554714,-101.47176444528577,101.47176444528577,10296.51897963956,1.636720558176779,25.7,2.2,2922.9,4329.2,0.40304187752513065,31.3,937.7
558,34,lr,loso,Riyadh - KSU,24.72359,46.61639,01-05-2019 00:00,6209.3,6256.482021821588,47.18202182158802,47.18202182158802,2226.143183172808,0.759860561119418,32.9,1.8,2962.2,4113.4,0.41865000847984624,21.9,935.9
559,34,lr,loso,Riyadh - KSU,24.72359,46.61639,01-06-2019 00:00,7261.7,7242.502886878168,-19.197113121831535,19.197113121831535,368.5291522123965,0.2643611430082699,38.0,1.9,2606.6,6062.2,0.300687523071244,12.3,932.0
560,34,lr,loso,Riyadh - KSU,24.72359,46.61639,01-07-2019 00:00,7737.8,7774.761243845405,36.96124384540508,36.96124384540508,1366.1335465994948,0.47767122238110415,38.0,2.3,2394.1,7027.0,0.2541210686650179,11.9,929.0
561,34,lr,loso,Riyadh - KSU,24.72359,46.61639,01-08-2019 00:00,7412.5,7228.398132499888,-184.10186750011235,184.10186750011235,33893.49761702892,2.4836676897148378,37.3,2.0,2176.6,7002.8,0.237117894415757,12.4,930.4
562,34,lr,loso,Riyadh - KSU,24.72359,46.61639,01-09-2019 00:00,6639.2,6562.537513738723,-76.66248626127708,76.66248626127708,5877.1367997604975,1.1546946358187296,35.9,1.7,2004.4,6547.9,0.23436970171766663,15.8,934.0
563,34,lr,loso,Riyadh - KSU,24.72359,46.61639,01-10-2019 00:00,5614.5,5635.2830164682255,20.78301646822547,20.78301646822547,431.93377351853104,0.3701668263999549,31.2,1.6,1800.2,5991.1,0.23105258429273678,23.6,938.3
564,34,lr,loso,Riyadh - KSU,24.72359,46.61639,01-11-2019 00:00,4052.7,3891.579729690922,-161.12027030907802,161.12027030907802,25959.74150447037,3.975627860662719,22.1,1.7,1703.6,4160.2,0.2905283263412804,42.8,941.5
565,34,lr,loso,Riyadh - KSU,24.72359,46.61639,01-12-2019 00:00,3978.1,3801.227167029111,-176.8728329708888,176.8728329708888,31283.999043147927,4.446163569816968,17.8,1.8,1288.7,5120.3,0.2010766110157591,46.3,942.3
566,34,lr,loso,Riyadh - KSU,24.72359,46.61639,01-01-2020 00:00,4446.7,4444.13297138146,-2.5670286185395526,2.5670286185395526,6.5896359284010835,0.05772884652752721,14.8,1.8,1305.5,5841.8,0.1826563877268339,40.8,942.8
567,34,lr,loso,Riyadh - KSU,24.72359,46.61639,01-02-2020 00:00,5154.1,4999.253377863981,-154.8466221360195,154.8466221360195,23977.476386935206,3.0043387232692322,19.0,2.2,2118.4,4982.2,0.2983409852688505,27.8,942.4
568,34,lr,loso,Riyadh - KSU,24.72359,46.61639,01-03-2020 00:00,6235.7,6094.526702951506,-141.17329704849362,141.17329704849362,19929.899799542218,2.2639526764997293,23.1,2.0,2676.4,5101.0,0.34412528608532417,24.9,938.4
569,34,lr,loso,Riyadh - KSU,24.72359,46.61639,01-04-2020 00:00,6285.3,6233.676057435539,-51.623942564460776,51.623942564460776,2665.031445898745,0.8213441293885857,28.4,2.3,3200.1,3992.3,0.4449279795339525,29.0,936.7
570,34,lr,loso,Riyadh - KSU,24.72359,46.61639,01-05-2020 00:00,7182.2,7318.1313312678585,135.9313312678587,135.9313312678587,18477.32682025234,1.8926141191815695,33.5,2.0,3132.4,5272.8,0.37267405891590916,16.3,936.2
571,34,lr,loso,Riyadh - KSU,24.72359,46.61639,01-09-2020 00:00,6630.2,6553.665714767597,-76.53428523240291,76.53428523240291,5857.496816034806,1.1543284551356356,35.1,1.6,2016.9,6497.7,0.23687548446198295,15.2,934.1
572,34,lr,loso,Riyadh - KSU,24.72359,46.61639,01-10-2020 00:00,5985.7,6121.594648384071,135.89464838407093,135.89464838407093,18467.355459430273,2.2703217398812323,27.8,1.4,1247.3,7725.2,0.1390136528280858,17.0,939.5
573,34,lr,loso,Riyadh - KSU,24.72359,46.61639,01-11-2020 00:00,4530.7,4609.471954540406,78.77195454040611,78.77195454040611,6205.020822115807,1.7386265817733708,23.5,1.8,1331.9,5734.9,0.18847285900266036,36.1,941.6
574,34,lr,loso,Riyadh - KSU,24.72359,46.61639,01-12-2020 00:00,3933.7,3771.490830097636,-162.209169902364,162.209169902364,26311.814800413995,4.123577545373669,17.5,1.7,1489.7,4640.4,0.24301398019608167,49.0,943.6
575,34,lr,loso,Riyadh - KSU,24.72359,46.61639,01-01-2021 00:00,4327.6,4149.584741256105,-178.01525874389517,178.01525874389517,31689.432345655947,4.113486892131786,16.7,1.6,1550.3,5067.0,0.2342798422317259,40.7,943.8
576,34,lr,loso,Riyadh - KSU,24.72359,46.61639,01-02-2021 00:00,4880.6,4894.361122762958,13.761122762957712,13.761122762957712,189.36849969719287,0.2819555538859507,18.5,2.0,1799.3,5203.8,0.25692907426711026,37.6,942.2
577,34,lr,loso,Riyadh - KSU,24.72359,46.61639,01-03-2021 00:00,6313.1,6174.423777254414,-138.67622274558653,138.67622274558653,19231.09475498353,2.1966422636357184,25.3,2.2,2866.7,4834.0,0.37226485903878864,20.6,939.3
578,34,lr,loso,Riyadh - KSU,24.72359,46.61639,01-04-2021 00:00,6907.5,6910.893945315283,3.3939453152834176,3.3939453152834176,11.518864803134257,0.04913420651876102,29.6,1.9,3077.5,5034.0,0.3793996178265426,16.8,938.1
579,34,lr,loso,Riyadh - KSU,24.72359,46.61639,01-05-2021 00:00,7581.9,7524.726287093558,-57.173712906441324,57.173712906441324,3268.833447508175,0.7540816010029323,35.5,1.8,2738.9,6268.5,0.30407220729622314,12.8,934.2
580,34,lr,loso,Riyadh - KSU,24.72359,46.61639,01-07-2021 00:00,7521.9,7536.982803755044,15.082803755044552,15.082803755044552,227.49096911318603,0.20051853594230917,39.5,2.0,2563.7,6441.0,0.28470687529845523,16.3,928.0
581,34,lr,loso,Riyadh - KSU,24.72359,46.61639,01-08-2021 00:00,7314.8,7081.267556187258,-233.5324438127418,233.5324438127418,54537.402313151404,3.192601900431205,38.6,1.8,2211.4,6769.8,0.24622544871509375,13.5,930.7
582,34,lr,loso,Riyadh - KSU,24.72359,46.61639,01-09-2021 00:00,6750.1,6684.622108611865,-65.4778913881355,65.4778913881355,4287.35426063647,0.9700284645877173,34.3,2.1,1875.2,6940.9,0.21270176154989168,15.4,933.7
583,34,lr,loso,Riyadh - KSU,24.72359,46.61639,01-10-2021 00:00,5645.1,5659.4468065376495,14.346806537649172,14.346806537649172,205.83085782873303,0.25414618939698447,30.8,1.6,1681.4,6241.3,0.2122256301513373,20.7,939.0
584,34,lr,loso,Riyadh - KSU,24.72359,46.61639,01-11-2021 00:00,4651.8,4626.452402307283,-25.3475976927175,25.3475976927175,642.5007087918575,0.544898699271626,23.7,1.5,1465.7,5656.9,0.20578159660798026,30.5,941.5
585,34,lr,loso,Riyadh - KSU,24.72359,46.61639,01-12-2021 00:00,3779.4,3526.132460285462,-253.2675397145381,253.2675397145381,64144.44667305513,6.701263155911999,18.2,1.6,1528.9,4263.2,0.26396298406450164,37.3,943.2
1021,35,lr,loso,Shaqra - University,25.17279,45.14198,01-01-2017 00:00,4376.5,4317.219921367587,-59.28007863241328,59.28007863241328,3514.1277226651014,1.3545088228587518,15.8,2.0,1651.9,5148.0,0.24293004308886898,37.4,928.8
1022,35,lr,loso,Shaqra - University,25.17279,45.14198,01-02-2017 00:00,4770.5,4461.426969561106,-309.0730304388944,309.0730304388944,95526.13814468175,6.478839334218518,13.7,2.0,2193.4,4202.8,0.3429223601513398,42.1,929.2
1023,35,lr,loso,Shaqra - University,25.17279,45.14198,01-03-2017 00:00,5267.3,5151.8165631531,-115.48343684690008,115.48343684690008,13336.424185971959,2.1924598342015846,21.5,2.4,2988.1,3208.7,0.48220049057578107,39.0,924.4
1024,35,lr,loso,Shaqra - University,25.17279,45.14198,01-04-2017 00:00,6521.1,6621.273271672019,100.17327167201893,100.17327167201893,10034.68435747611,1.5361407074269513,28.1,2.1,3339.2,4171.1,0.44461606061009545,23.4,924.6
1025,35,lr,loso,Shaqra - University,25.17279,45.14198,01-05-2017 00:00,7071.3,7244.695732274651,173.39573227465098,173.39573227465098,30066.07997106244,2.4521054441849586,33.2,2.1,3783.9,4083.1,0.4809838566162451,18.9,922.0
1026,35,lr,loso,Shaqra - University,25.17279,45.14198,01-06-2017 00:00,8038.0,8007.002193968176,-30.99780603182444,30.99780603182444,960.8639787866116,0.3856407816848027,36.1,1.9,2708.2,7005.7,0.2787963639732754,9.7,918.9
1027,35,lr,loso,Shaqra - University,25.17279,45.14198,01-09-2017 00:00,6905.7,6826.860089712419,-78.839910287581,78.839910287581,6215.731454153822,1.1416642815005142,34.1,1.6,2195.5,6640.8,0.24846372350418164,10.2,921.5
1028,35,lr,loso,Shaqra - University,25.17279,45.14198,01-10-2017 00:00,6051.4,6154.9980775194235,103.5980775194239,103.5980775194239,10732.561665720563,1.7119687596163515,28.9,1.6,1753.7,6887.0,0.2029580936729663,15.4,925.4
1029,35,lr,loso,Shaqra - University,25.17279,45.14198,01-11-2017 00:00,4543.3,4554.34153484437,11.04153484436938,11.04153484436938,121.91549171942316,0.24302896230425858,21.5,1.8,1716.0,5058.0,0.2533215234720992,35.9,927.9
1030,35,lr,loso,Shaqra - University,25.17279,45.14198,01-03-2018 00:00,6267.0,6232.996639759733,-34.003360240267284,34.003360240267284,1156.22850762939,0.5425779518153389,24.3,2.0,2527.2,5471.2,0.3159631926385277,24.0,925.5
1031,35,lr,loso,Shaqra - University,25.17279,45.14198,01-06-2018 00:00,7855.3,7774.777188891583,-80.52281110841705,80.52281110841705,6483.923108801811,1.0250762047078665,35.5,1.2,2937.8,6331.1,0.31695238917239366,12.5,918.2
1032,35,lr,loso,Shaqra - University,25.17279,45.14198,01-07-2018 00:00,7713.6,7600.521415369962,-113.07858463003868,113.07858463003868,12786.76630193282,1.465963812357896,35.7,1.4,2713.8,6471.7,0.2954439061564422,11.7,916.1
1033,35,lr,loso,Shaqra - University,25.17279,45.14198,01-08-2018 00:00,7504.7,7324.470488178236,-180.22951182176348,180.22951182176348,32482.67693151118,2.40155518304214,35.2,1.2,2103.0,7323.4,0.22309683442247305,12.9,917.5
1034,35,lr,loso,Shaqra - University,25.17279,45.14198,01-09-2018 00:00,6501.4,6424.973179184318,-76.42682081568182,76.42682081568182,5841.0589399923365,1.175544049215274,35.1,1.0,2424.8,5671.4,0.2994985301746499,12.5,921.5
1035,35,lr,loso,Shaqra - University,25.17279,45.14198,01-10-2018 00:00,5224.4,5198.225622495704,-26.17437750429599,26.17437750429599,685.098037737396,0.5010025553995864,27.1,0.8,1942.9,5105.2,0.27566294462337365,31.4,926.9
1036,35,lr,loso,Shaqra - University,25.17279,45.14198,01-11-2018 00:00,3692.9,3467.4161948121605,-225.4838051878396,225.4838051878396,50842.9464019876,6.105873573284941,18.7,0.8,1877.7,3227.1,0.36783027738598967,68.3,928.3
1037,35,lr,loso,Shaqra - University,25.17279,45.14198,01-12-2018 00:00,4008.8,3940.065538092089,-68.73446190791128,68.73446190791128,4724.426253770107,1.714589450905789,16.9,0.4,1548.2,4811.6,0.24343532815497343,54.8,929.5
1038,35,lr,loso,Shaqra - University,25.17279,45.14198,01-01-2019 00:00,4012.7,3675.6824033502876,-337.01759664971223,337.01759664971223,113580.86045154813,8.398773809397968,16.3,0.5,2337.2,3045.2,0.43423008323424495,41.7,928.9
1039,35,lr,loso,Shaqra - University,25.17279,45.14198,01-02-2019 00:00,4614.9,4428.929285450315,-185.970714549685,185.970714549685,34585.10667012042,4.029788609713862,16.2,0.5,2060.4,4302.8,0.3237993462408851,43.0,927.8
1040,35,lr,loso,Shaqra - University,25.17279,45.14198,01-03-2019 00:00,6134.1,6020.601693254388,-113.49830674561235,113.49830674561235,12881.865634121115,1.8502845852792154,19.3,0.9,2454.1,5459.8,0.31009995071961993,28.2,925.3
1041,35,lr,loso,Shaqra - University,25.17279,45.14198,01-04-2019 00:00,6514.2,6401.886929745209,-112.31307025479055,112.31307025479055,12614.225750057516,1.724126834527502,23.6,0.5,2805.7,4983.8,0.36018999935811025,33.3,924.1
1042,35,lr,loso,Shaqra - University,25.17279,45.14198,01-05-2019 00:00,6931.7,6911.337557552335,-20.362442447664762,20.362442447664762,414.6290624344597,0.2937582764352866,31.2,0.4,3084.3,4914.3,0.38560498087165257,22.6,922.3
1043,35,lr,loso,Shaqra - University,25.17279,45.14198,01-06-2019 00:00,7617.1,7651.841350188774,34.74135018877405,34.74135018877405,1206.9614129390307,0.4560968109749649,36.3,1.1,2765.3,6356.2,0.3031628569862413,11.4,919.0
1044,35,lr,loso,Shaqra - University,25.17279,45.14198,01-07-2019 00:00,7863.9,7663.395650476983,-200.50434952301657,200.50434952301657,40201.994177648,2.5496808138839073,36.2,1.4,2246.1,7477.3,0.2309994446387066,11.4,916.3
1045,35,lr,loso,Shaqra - University,25.17279,45.14198,01-08-2019 00:00,7506.2,7298.876353501943,-207.3236464980564,207.3236464980564,42983.09439725106,2.762032006848424,35.2,1.7,2065.5,7348.6,0.21940493515046577,12.1,917.7
1046,35,lr,loso,Shaqra - University,25.17279,45.14198,01-09-2019 00:00,6681.2,6586.28376708088,-94.91623291911947,94.91623291911947,9009.091271556537,1.4206464844506894,34.1,1.1,2028.3,6615.0,0.23466731456735276,13.9,920.9
1047,35,lr,loso,Shaqra - University,25.17279,45.14198,01-10-2019 00:00,5639.6,5649.785167693341,10.18516769334019,10.18516769334019,103.73764094146074,0.18060088824278653,29.2,1.0,1808.2,6042.5,0.2303234106512795,22.4,924.7
1048,35,lr,loso,Shaqra - University,25.17279,45.14198,01-11-2019 00:00,4080.6,3957.5363050018022,-123.06369499819766,123.06369499819766,15144.67302660942,3.0158235308091372,20.4,0.2,1769.5,4173.6,0.29774023657687065,43.9,927.7
1049,35,lr,loso,Shaqra - University,25.17279,45.14198,01-12-2019 00:00,4239.8,4369.064776642066,129.26477664206595,129.26477664206595,16709.3824803232,3.0488413755853094,16.5,0.2,1230.8,6053.3,0.1689707719553548,44.1,928.4
1050,35,lr,loso,Shaqra - University,25.17279,45.14198,01-01-2020 00:00,4597.3,4733.7941446531295,136.4941446531293,136.4941446531293,18630.651524589386,2.9690066920394425,13.1,0.4,1230.6,6521.2,0.15875022575401843,38.8,929.1
1051,35,lr,loso,Shaqra - University,25.17279,45.14198,01-02-2020 00:00,5296.2,5295.560407904295,-0.6395920957047565,0.6395920957047565,0.4090780488880024,0.012076433965952127,17.4,0.4,2156.0,5290.3,0.28953977143010623,28.6,928.3
1052,35,lr,loso,Shaqra - University,25.17279,45.14198,01-03-2020 00:00,6388.6,6333.346849752364,-55.25315024763677,55.25315024763677,3052.910612287923,0.864871024131058,21.1,0.3,2721.6,5345.2,0.3373828531759806,24.1,924.8
1053,35,lr,loso,Shaqra - University,25.17279,45.14198,01-04-2020 00:00,6946.7,6850.45340747607,-96.2465925239294,96.2465925239294,9263.406572467302,1.385500921645233,26.2,0.3,3047.1,5120.9,0.3730533790401567,29.9,922.7
1054,35,lr,loso,Shaqra - University,25.17279,45.14198,01-05-2020 00:00,7207.3,7337.886813888831,130.58681388883087,130.58681388883087,17052.915961636154,1.811868714897824,31.6,0.2,3356.9,4948.0,0.4042071548122193,16.2,922.5
1055,35,lr,loso,Shaqra - University,25.17279,45.14198,01-09-2020 00:00,6670.5,6723.008237692773,52.50823769277304,52.50823769277304,2757.115025600751,0.7871709420998881,33.4,0.0,2016.7,6662.2,0.2323681572549517,12.8,921.1
1056,35,lr,loso,Shaqra - University,25.17279,45.14198,01-12-2020 00:00,3944.8,3863.92902344134,-80.87097655866,80.87097655866,6540.114849551336,2.050065315317887,15.7,0.0,1477.4,4816.3,0.23474267918712363,53.2,929.8
1057,35,lr,loso,Shaqra - University,25.17279,45.14198,01-01-2021 00:00,4399.0,4348.177557727972,-50.82244227202773,50.82244227202773,2582.920638493591,1.1553180784730104,15.1,0.0,1464.0,5528.6,0.20936418499556672,43.2,930.1
1058,35,lr,loso,Shaqra - University,25.17279,45.14198,01-02-2021 00:00,5016.8,4943.832336547131,-72.9676634528696,72.9676634528696,5324.279909771242,1.4544662624156752,16.7,0.0,1963.2,5167.6,0.2753127278846693,39.7,928.8
1059,35,lr,loso,Shaqra - University,25.17279,45.14198,01-03-2021 00:00,6316.0,6180.098850366711,-135.9011496332887,135.9011496332887,18469.122471649524,2.151696479311094,23.1,0.0,2925.7,4811.0,0.37815864645132935,21.9,925.9
1060,35,lr,loso,Shaqra - University,25.17279,45.14198,01-04-2021 00:00,6755.0,6745.174866598434,-9.825133401565836,9.825133401565836,96.53324635856465,0.1454497912889095,27.1,0.0,3187.9,4723.0,0.40297564120390855,18.5,924.9
1061,35,lr,loso,Shaqra - University,25.17279,45.14198,01-05-2021 00:00,7730.5,7571.538104817153,-158.961895182847,158.961895182847,25268.88412012244,2.0562951320464005,33.2,0.0,2729.1,6537.5,0.2945093130166404,11.6,920.7
1062,35,lr,loso,Shaqra - University,25.17279,45.14198,01-07-2021 00:00,7615.5,7710.200863631604,94.70086363160408,94.70086363160408,8968.253572571672,1.2435278528212734,37.6,0.0,2574.2,6625.9,0.279801306507538,13.0,915.0
1063,35,lr,loso,Shaqra - University,25.17279,45.14198,01-08-2021 00:00,7483.7,7324.044237398541,-159.65576260145917,159.65576260145917,25489.96253185349,2.133380047322303,36.2,0.0,2113.4,7255.4,0.22557851592519856,11.5,917.7
1064,35,lr,loso,Shaqra - University,25.17279,45.14198,01-09-2021 00:00,6809.4,6776.695020040335,-32.70497995966434,32.70497995966434,1069.6157141620463,0.48029165506012783,32.3,0.0,1882.6,7070.6,0.2102711879551445,14.0,920.7
1065,35,lr,loso,Shaqra - University,25.17279,45.14198,01-10-2021 00:00,5778.5,5884.587767455833,106.08776745583327,106.08776745583327,11254.614403762956,1.835904948616999,28.9,0.0,1691.3,6501.1,0.2064474390898882,17.3,925.4
1066,35,lr,loso,Shaqra - University,25.17279,45.14198,01-11-2021 00:00,4729.9,4858.141791622736,128.24179162273595,128.24179162273595,16445.95711860923,2.7113002732137246,21.7,0.0,1478.9,5897.1,0.20050162689804774,29.7,927.8
1067,35,lr,loso,Shaqra - University,25.17279,45.14198,01-12-2021 00:00,3911.0,3736.0092959984368,-174.99070400156324,174.99070400156324,30621.746486962722,4.474321247802691,16.1,0.0,1694.5,4351.2,0.28028185321798965,38.8,929.7
0,36,lr,loso,Sharurah - TVTC,17.47586,47.08618,01-05-2017 00:00,7400.9,7465.924692154678,65.02469215467863,65.02469215467863,4228.210589810725,0.8786051987552681,34.5,3.8,2866.0,5908.4,0.3266320204230489,19.9,926.6
1,36,lr,loso,Sharurah - TVTC,17.47586,47.08618,01-06-2017 00:00,7412.5,7638.129475889237,225.62947588923726,225.62947588923726,50908.6603900519,3.043905239652442,36.3,3.3,3404.4,5124.4,0.3991651815026733,10.1,923.4
2,36,lr,loso,Sharurah - TVTC,17.47586,47.08618,01-09-2017 00:00,6528.3,6248.707227467319,-279.592772532681,279.592772532681,78172.11845251151,4.282780701448784,33.9,3.3,2007.4,6131.6,0.2466396363189581,14.3,925.6
3,36,lr,loso,Sharurah - TVTC,17.47586,47.08618,01-10-2017 00:00,6073.3,5949.643006095732,-123.65699390426835,123.65699390426835,15291.05214144026,2.036075838576529,29.2,3.3,1451.7,6975.2,0.17226975518874083,17.7,930.1
4,36,lr,loso,Sharurah - TVTC,17.47586,47.08618,01-11-2017 00:00,5262.7,5300.3362949334505,37.6362949334507,37.6362949334507,1416.4906963176868,0.7151518219440725,24.8,3.5,1092.0,7020.8,0.13460211024553792,28.9,932.6
5,36,lr,loso,Sharurah - TVTC,17.47586,47.08618,01-03-2018 00:00,7122.5,6905.914162224186,-216.58583777581407,216.58583777581407,46909.425125051246,3.040868203240633,27.4,3.9,1905.3,7405.5,0.20463332903724707,18.0,930.4
6,36,lr,loso,Sharurah - TVTC,17.47586,47.08618,01-04-2018 00:00,6758.0,6893.565920678644,135.56592067864403,135.56592067864403,18378.118849448405,2.0060065208440965,31.4,4.0,3578.9,4034.8,0.47006054874765224,24.4,927.5
7,36,lr,loso,Sharurah - TVTC,17.47586,47.08618,01-05-2018 00:00,7276.2,7191.6580105778785,-84.54198942212133,84.54198942212133,7147.347975450075,1.1618975484747716,33.1,3.9,2861.0,5660.0,0.3357587137659899,21.8,926.2
8,36,lr,loso,Sharurah - TVTC,17.47586,47.08618,01-06-2018 00:00,6892.3,7243.194385575574,350.89438557557423,350.89438557557423,123126.86982845976,5.091107258470673,36.2,3.6,3875.3,3752.6,0.5080428427221123,14.7,922.9
9,36,lr,loso,Sharurah - TVTC,17.47586,47.08618,01-07-2018 00:00,6505.0,6923.295744536778,418.29574453677833,418.29574453677833,174971.32989757773,6.430372706176454,36.8,3.8,3845.5,3268.7,0.5405386410278036,11.9,920.8
10,36,lr,loso,Sharurah - TVTC,17.47586,47.08618,01-08-2018 00:00,6688.9,6827.171750338265,138.27175033826552,138.27175033826552,19119.07694160763,2.067182202428883,36.6,3.7,3350.5,4163.6,0.4458950506381336,15.4,921.7
11,36,lr,loso,Sharurah - TVTC,17.47586,47.08618,01-09-2018 00:00,6771.1,6576.62405686059,-194.47594313941045,194.47594313941045,37820.89245996321,2.872146964886214,34.1,3.7,1989.3,6609.0,0.23135968738006352,16.3,925.9
12,36,lr,loso,Sharurah - TVTC,17.47586,47.08618,01-04-2019 00:00,6784.3,6937.534004686346,153.23400468634554,153.23400468634554,23480.660192214968,2.2586560836983263,30.9,4.0,3090.8,4821.7,0.3906224328593997,23.7,928.2
13,36,lr,loso,Sharurah - TVTC,17.47586,47.08618,01-05-2019 00:00,7180.5,7258.108902182701,77.60890218270106,77.60890218270106,6023.141698004061,1.0808286635011637,33.2,3.5,2921.6,5517.5,0.34619805429488926,23.2,927.4
14,36,lr,loso,Sharurah - TVTC,17.47586,47.08618,01-06-2019 00:00,7425.5,7570.504892081243,145.00489208124327,145.00489208124327,21026.41872749301,1.9527963380411189,36.5,3.4,3053.4,5649.9,0.35083244286649895,13.7,923.2
15,36,lr,loso,Sharurah - TVTC,17.47586,47.08618,01-07-2019 00:00,7131.2,7460.080797714376,328.88079771437606,328.88079771437606,108162.57910524434,4.611857719799978,37.3,3.6,3780.9,4164.7,0.4758482682239227,15.3,920.5
16,36,lr,loso,Sharurah - TVTC,17.47586,47.08618,01-08-2019 00:00,6987.6,7302.30098342761,314.7009834276096,314.7009834276096,99036.7089703046,4.503706328748205,36.3,3.9,3195.1,4911.8,0.3941210573708816,15.6,922.3
17,36,lr,loso,Sharurah - TVTC,17.47586,47.08618,01-09-2019 00:00,6840.7,6774.9711619936115,-65.72883800638829,65.72883800638829,4320.280145670034,0.9608495915094696,34.7,3.8,2555.1,5726.3,0.30853478880382545,19.3,924.7
18,36,lr,loso,Sharurah - TVTC,17.47586,47.08618,01-10-2019 00:00,6614.2,6545.774324358889,-68.4256756411105,68.4256756411105,4682.073086942463,1.0345268610128286,30.5,3.7,1531.1,7635.1,0.1670375946411817,20.7,929.3
19,36,lr,loso,Sharurah - TVTC,17.47586,47.08618,01-11-2019 00:00,5571.5,5715.891425992459,144.3914259924586,144.3914259924586,20848.88390013565,2.5916077536113904,24.5,3.8,1426.3,6870.4,0.17191172393843338,36.2,932.1
20,36,lr,loso,Sharurah - TVTC,17.47586,47.08618,01-12-2019 00:00,5309.2,5593.612963786328,284.41296378632796,284.41296378632796,80890.73396972311,5.356983420973554,22.0,3.5,1168.4,7408.1,0.13623272896869354,37.8,933.1
21,36,lr,loso,Sharurah - TVTC,17.47586,47.08618,01-01-2020 00:00,5578.3,5755.265458095211,176.96545809521103,176.96545809521103,31316.77335884789,3.1723904790923942,19.9,3.4,1640.6,6715.3,0.19634031043933028,34.4,933.8
22,36,lr,loso,Sharurah - TVTC,17.47586,47.08618,01-02-2020 00:00,6153.8,6267.291142665025,113.49114266502511,113.49114266502511,12880.239463413083,1.8442449001434091,23.6,3.9,2103.2,6297.3,0.2503660496399024,23.6,932.7
23,36,lr,loso,Sharurah - TVTC,17.47586,47.08618,01-03-2020 00:00,6779.9,6839.381453592276,59.48145359227601,59.48145359227601,3538.043321450085,0.8773205149379195,26.9,4.2,3186.7,4887.2,0.394691536927631,26.1,929.2
24,36,lr,loso,Sharurah - TVTC,17.47586,47.08618,01-04-2020 00:00,7098.2,7184.504987794598,86.30498779459776,86.30498779459776,7448.550918225669,1.215871457476512,31.1,3.8,2729.7,5737.1,0.3224004346388246,34.4,927.9
25,36,lr,loso,Sharurah - TVTC,17.47586,47.08618,01-05-2020 00:00,7522.2,7476.693371855159,-45.50662814484076,45.50662814484076,2070.853205112813,0.6049643474627205,34.6,3.7,2767.2,6153.8,0.3101894406456675,19.4,927.0
26,36,lr,loso,Sharurah - TVTC,17.47586,47.08618,01-09-2020 00:00,7309.1,7200.908254373064,-108.19174562693661,108.19174562693661,11705.453821803756,1.4802334846552463,33.4,3.3,1963.5,7390.4,0.20991244293823969,15.2,925.1
27,36,lr,loso,Sharurah - TVTC,17.47586,47.08618,01-10-2020 00:00,6800.6,6777.906620237394,-22.693379762606128,22.693379762606128,514.9894850498614,0.33369672915045917,27.6,2.8,1365.0,8286.2,0.1414331896551724,17.3,930.4
28,36,lr,loso,Sharurah - TVTC,17.47586,47.08618,01-11-2020 00:00,5977.3,6325.275909846944,347.975909846944,347.975909846944,121087.23383380848,5.821623640221237,25.1,3.2,1054.2,8351.0,0.11208693063411729,26.4,932.6
29,36,lr,loso,Sharurah - TVTC,17.47586,47.08618,01-12-2020 00:00,5510.5,5913.171389316672,402.6713893166716,402.6713893166716,162144.2477742185,7.307347596709402,21.2,3.3,1098.5,7951.0,0.12138792198464003,35.8,934.1
30,36,lr,loso,Sharurah - TVTC,17.47586,47.08618,01-01-2021 00:00,5912.8,6252.816015940887,340.016015940887,340.016015940887,115610.8910963135,5.7505076434326705,19.8,3.2,1163.1,8247.4,0.12359598321024387,26.6,934.3
31,36,lr,loso,Sharurah - TVTC,17.47586,47.08618,01-02-2021 00:00,6299.1,6354.466659883922,55.366659883921784,55.366659883921784,3065.4670267018737,0.8789614370929464,22.9,3.8,1854.5,6918.3,0.21139202991063288,25.7,932.3
32,36,lr,loso,Sharurah - TVTC,17.47586,47.08618,01-03-2021 00:00,7471.9,7404.979565552289,-66.92043444771025,66.92043444771025,4478.344546670284,0.8956280791727707,27.7,3.6,1970.8,7876.3,0.20014014278315442,16.1,930.2
33,36,lr,loso,Sharurah - TVTC,17.47586,47.08618,01-04-2021 00:00,7598.6,7420.373599537897,-178.2264004621038,178.2264004621038,31764.6498216782,2.345516285396044,30.1,3.7,2565.5,6611.2,0.27956672878049843,19.5,929.0
34,36,lr,loso,Sharurah - TVTC,17.47586,47.08618,01-05-2021 00:00,7702.5,7719.702141335465,17.202141335465058,17.202141335465058,295.91366652531553,0.22333192256364892,34.4,3.6,2769.7,6458.4,0.30013762312935494,13.7,925.9
35,36,lr,loso,Sharurah - TVTC,17.47586,47.08618,01-07-2021 00:00,6678.1,7092.761355229422,414.66135522942204,414.66135522942204,171944.03952070093,6.209271427942409,34.9,4.1,3336.1,4290.0,0.4374582027510785,27.5,920.1
36,36,lr,loso,Sharurah - TVTC,17.47586,47.08618,01-08-2021 00:00,7125.3,7273.797027430106,148.49702743010585,148.49702743010585,22051.36715557761,2.0840810552552993,36.7,4.1,3060.8,5235.1,0.36895333839607514,17.9,922.0
37,36,lr,loso,Sharurah - TVTC,17.47586,47.08618,01-09-2021 00:00,7019.1,6959.640419335517,-59.45958066448293,59.45958066448293,3535.441732796152,0.8471111775652567,34.0,3.4,2545.6,6044.4,0.29634458672875436,15.1,924.5
38,36,lr,loso,Sharurah - TVTC,17.47586,47.08618,01-10-2021 00:00,6476.5,6470.08192154889,-6.418078451109977,6.418078451109977,41.19173100460225,0.09909794566679499,29.9,3.3,1702.3,7160.0,0.1920833192286427,21.6,929.7
39,36,lr,loso,Sharurah - TVTC,17.47586,47.08618,01-11-2021 00:00,5876.1,5955.369983653358,79.26998365335749,79.26998365335749,6283.730308403563,1.349023734336677,25.1,3.1,1249.5,7711.1,0.13944378724638976,24.9,932.5
40,36,lr,loso,Sharurah - TVTC,17.47586,47.08618,01-12-2021 00:00,5491.3,5852.381843211584,361.0818432115839,361.0818432115839,130380.09749707484,6.575525708148961,21.0,2.5,1039.4,8066.4,0.11414702716949639,32.6,933.9
434,37,lr,loso,Tabuk - University,28.38287,36.48396,01-01-2017 00:00,4028.6,3983.605204679453,-44.99479532054693,44.99479532054693,2024.5316059379118,1.1168841612606595,11.2,2.1,1282.3,5592.6,0.18651907664111475,36.7,929.7
435,37,lr,loso,Tabuk - University,28.38287,36.48396,01-02-2017 00:00,5199.5,4991.90454516581,-207.5954548341897,207.5954548341897,43095.87286781409,3.9926041895218716,11.5,2.3,1318.5,6873.2,0.1609556014014185,26.5,930.0
436,37,lr,loso,Tabuk - University,28.38287,36.48396,01-03-2017 00:00,6312.4,6107.044091887505,-205.35590811249494,205.35590811249494,42171.04899670747,3.253214436862286,17.7,2.6,1617.6,7280.9,0.1817834466483115,25.8,925.4
437,37,lr,loso,Tabuk - University,28.38287,36.48396,01-04-2017 00:00,6791.0,6771.094836587705,-19.905163412295224,19.905163412295224,396.2155304701764,0.2931109322970876,23.1,0.4,2492.4,6099.6,0.2900837988826816,21.2,926.3
438,37,lr,loso,Tabuk - University,28.38287,36.48396,01-05-2017 00:00,7630.7,7319.236251845376,-311.4637481546242,311.4637481546242,97009.6664145272,4.081719215204689,27.5,0.0,1894.8,7888.3,0.19368093957947888,17.3,925.1
439,37,lr,loso,Tabuk - University,28.38287,36.48396,01-09-2017 00:00,6626.0,6569.125338278361,-56.87466172163931,56.87466172163931,3234.7271459509043,0.8583558967950395,29.9,2.8,1888.1,6915.3,0.21447395324533702,22.4,924.5
440,37,lr,loso,Tabuk - University,28.38287,36.48396,01-11-2017 00:00,4388.9,4522.129383424946,133.22938342494672,133.22938342494672,17750.06860779147,3.035598519559496,17.5,2.0,1375.6,5824.3,0.19105820914179364,39.6,928.5
441,37,lr,loso,Tabuk - University,28.38287,36.48396,01-03-2018 00:00,6380.9,6414.4138622643795,33.513862264379895,33.513862264379895,1123.1789638758266,0.52522155596201,21.9,2.5,1814.9,7139.4,0.20268474364271916,18.7,926.5
442,37,lr,loso,Tabuk - University,28.38287,36.48396,01-04-2018 00:00,7043.3,6867.640631577894,-175.65936842210613,175.65936842210613,30856.213714453213,2.493992424319653,22.4,2.5,2347.1,6530.4,0.2643874964798648,24.7,924.4
443,37,lr,loso,Tabuk - University,28.38287,36.48396,01-05-2018 00:00,7448.6,7422.440167016999,-26.15983298300125,26.15983298300125,684.3368616985201,0.3512046959563039,28.1,3.1,2752.3,6270.7,0.3050315859470243,18.8,923.8
444,37,lr,loso,Tabuk - University,28.38287,36.48396,01-06-2018 00:00,8333.0,8141.5090804040765,-191.49091959592351,191.49091959592351,36668.772287692445,2.297982954469261,30.6,2.9,2058.5,8506.7,0.19483776928027863,19.4,922.6
445,37,lr,loso,Tabuk - University,28.38287,36.48396,01-07-2018 00:00,8157.9,8000.574149625822,-157.3258503741772,157.3258503741772,24751.423195957996,1.9285091797420564,31.6,2.8,1839.3,8659.4,0.17519311914808502,19.7,921.0
446,37,lr,loso,Tabuk - University,28.38287,36.48396,01-08-2018 00:00,7802.0,7506.72058311959,-295.2794168804103,295.2794168804103,87189.93403323513,3.7846631233069763,31.0,2.8,1266.2,9316.7,0.11964584376683139,23.9,922.0
447,37,lr,loso,Tabuk - University,28.38287,36.48396,01-03-2019 00:00,6494.3,6410.664668003406,-83.63533199659378,83.63533199659378,6994.8687581804625,1.287826740319877,15.7,2.8,1643.5,7700.4,0.17589015293399973,29.7,926.7
448,37,lr,loso,Tabuk - University,28.38287,36.48396,01-04-2019 00:00,6681.0,6414.361899578365,-266.6381004216346,266.6381004216346,71095.87659645769,3.990990875941245,20.6,2.7,2060.7,6569.1,0.2387888479454912,23.4,925.8
449,37,lr,loso,Tabuk - University,28.38287,36.48396,01-05-2019 00:00,7116.1,6796.338780895999,-319.7612191040016,319.7612191040016,102247.23724287732,4.49348967979654,29.0,2.7,2054.7,6870.8,0.23020559072320876,13.4,924.7
450,37,lr,loso,Tabuk - University,28.38287,36.48396,01-06-2019 00:00,7896.1,7714.743476324336,-181.356523675664,181.356523675664,32890.18867972167,2.2967860548329426,31.4,3.0,1917.9,8159.0,0.19032639006043528,18.3,923.1
451,37,lr,loso,Tabuk - University,28.38287,36.48396,01-07-2019 00:00,8313.3,7924.1406962130495,-389.15930378694975,389.15930378694975,151444.96372394345,4.681165166503672,31.8,2.8,1500.0,9425.8,0.13728971791539293,18.7,921.0
452,37,lr,loso,Tabuk - University,28.38287,36.48396,01-08-2019 00:00,7684.6,7452.796644671907,-231.80335532809295,231.80335532809295,53732.79554136212,3.0164661183157606,31.3,2.7,1533.0,8704.4,0.14974505245472483,21.1,922.1
453,37,lr,loso,Tabuk - University,28.38287,36.48396,01-09-2019 00:00,6747.2,6667.997457028969,-79.20254297103111,79.20254297103111,6273.042813078029,1.1738579406425051,30.0,2.7,1567.3,7724.1,0.16868286802849947,23.6,923.8
454,37,lr,loso,Tabuk - University,28.38287,36.48396,01-10-2019 00:00,5138.7,5698.760951416024,560.0609514160242,560.0609514160242,313668.26930102217,10.898883986534031,25.8,2.5,2188.2,4966.1,0.3058580154592343,29.9,926.7
455,37,lr,loso,Tabuk - University,28.38287,36.48396,01-11-2019 00:00,4226.5,4307.151539710065,80.65153971006475,80.65153971006475,6504.670857604152,1.9082347027106297,18.8,2.1,1259.1,5771.2,0.1790961978862922,36.4,928.0
456,37,lr,loso,Tabuk - University,28.38287,36.48396,01-12-2019 00:00,4025.8,4349.144279885435,323.34427988543484,323.34427988543484,104551.52333463043,8.03180187504185,13.1,2.1,865.8,6857.0,0.11210959755529082,39.5,929.3
457,37,lr,loso,Tabuk - University,28.38287,36.48396,01-01-2020 00:00,4191.2,4325.039223963534,133.8392239635341,133.8392239635341,17912.93787116104,3.1933389951215427,10.3,1.9,1060.0,6498.1,0.1402468874452574,42.2,930.3
458,37,lr,loso,Tabuk - University,28.38287,36.48396,01-09-2020 00:00,6244.6,6125.775831994118,-118.82416800588271,118.82416800588271,14119.18290229024,1.9028307338481683,32.4,2.4,1627.6,6731.6,0.19470762752416496,18.1,924.0
459,37,lr,loso,Tabuk - University,28.38287,36.48396,01-10-2020 00:00,5630.9,5886.983515594952,256.0835155949526,256.0835155949526,65578.76695947032,4.547825668986354,26.8,2.2,1270.6,7375.2,0.14696153045409333,17.6,927.6
460,37,lr,loso,Tabuk - University,28.38287,36.48396,01-11-2020 00:00,4561.7,4905.105794753854,343.405794753854,343.405794753854,117927.53987052612,7.5280223327674785,18.1,2.2,1000.6,6999.7,0.12507030986338014,40.3,928.0
461,37,lr,loso,Tabuk - University,28.38287,36.48396,01-12-2020 00:00,3685.6,3819.081519487053,133.481519487053,133.481519487053,17817.316044572508,3.6217039148863956,14.5,1.9,1259.4,5190.9,0.19524673271010654,43.1,929.5
462,37,lr,loso,Tabuk - University,28.38287,36.48396,01-01-2021 00:00,4246.2,4432.586607529306,186.38660752930627,186.38660752930627,34739.96746628365,4.389491958205132,13.3,2.0,1255.2,6090.1,0.17088478346697888,41.5,930.0
463,37,lr,loso,Tabuk - University,28.38287,36.48396,01-02-2021 00:00,5149.7,5284.128485888872,134.42848588887227,134.42848588887227,18071.01781837473,2.6104139248669296,14.4,2.4,1345.2,6825.2,0.16464310192891415,39.2,928.8
464,37,lr,loso,Tabuk - University,28.38287,36.48396,01-09-2021 00:00,6587.6,6544.678555095791,-42.92144490420924,42.92144490420924,1842.2504326650692,0.6515490452396812,29.5,2.8,1565.9,7489.3,0.1729282622139765,24.4,924.1
465,37,lr,loso,Tabuk - University,28.38287,36.48396,01-10-2021 00:00,5489.4,5680.535583542554,191.13558354255474,191.13558354255474,36532.811296152926,3.4819030047465067,25.3,2.4,1432.5,6797.3,0.17406255316046565,25.4,927.3
466,37,lr,loso,Tabuk - University,28.38287,36.48396,01-11-2021 00:00,4362.8,4608.161571130243,245.36157113024274,245.36157113024274,60202.300587501166,5.623947261626541,19.1,1.9,1072.8,6400.4,0.1435529625863084,34.5,928.8
467,37,lr,loso,Tabuk - University,28.38287,36.48396,01-12-2021 00:00,3774.5,3775.802753779608,1.3027537796078832,1.3027537796078832,1.697167410282625,0.03451460536780721,13.7,2.1,1420.9,4968.0,0.2224013523454742,39.6,929.3
712,38,lr,loso,Taif - University,21.43278,40.49173,01-01-2017 00:00,4868.6,5000.140237253812,131.54023725381194,131.54023725381194,17302.834016789133,2.701808266314997,18.1,2.5,1127.7,6756.0,0.14304197267780358,43.8,851.0
713,38,lr,loso,Taif - University,21.43278,40.49173,01-02-2017 00:00,4544.6,4224.511989229921,-320.08801077007956,320.08801077007956,102456.33463874657,7.043260369891289,15.9,3.1,1958.9,4114.3,0.32254824474741484,47.1,849.8
714,38,lr,loso,Taif - University,21.43278,40.49173,01-05-2017 00:00,6424.3,6467.712517466635,43.41251746663511,43.41251746663511,1884.6466727908985,0.6757548288005714,26.0,2.6,2870.0,4672.9,0.38049026236593353,33.7,849.6
715,38,lr,loso,Taif - University,21.43278,40.49173,01-09-2017 00:00,6560.7,6328.495817696223,-232.2041823037771,232.2041823037771,53918.78227936575,3.539320229606248,28.0,2.5,2412.9,5620.2,0.30036972028233183,18.9,848.8
716,38,lr,loso,Taif - University,21.43278,40.49173,01-11-2017 00:00,5215.9,5335.297460031207,119.39746003120763,119.39746003120763,14255.753461903823,2.289105619954517,20.0,2.3,1409.4,6571.4,0.17659883720930236,42.1,850.6
717,38,lr,loso,Taif - University,21.43278,40.49173,01-03-2018 00:00,6963.9,6725.537502148511,-238.36249785148902,238.36249785148902,56816.68038200111,3.422830566945089,21.5,2.7,1815.4,7489.4,0.1951036024417505,29.7,849.6
718,38,lr,loso,Taif - University,21.43278,40.49173,01-04-2018 00:00,6959.2,6688.5937191852845,-270.6062808147153,270.6062808147153,73227.75921637256,3.8884682264443517,21.9,3.1,2318.9,6303.2,0.2689484000417532,38.0,848.1
719,38,lr,loso,Taif - University,21.43278,40.49173,01-05-2018 00:00,7434.2,7186.169649591123,-248.03035040887698,248.03035040887698,61519.05472395031,3.3363421808516986,26.6,2.8,2718.2,6136.2,0.3069886158294181,22.9,848.5
720,38,lr,loso,Taif - University,21.43278,40.49173,01-06-2018 00:00,7557.7,7423.843264586689,-133.85673541331107,133.85673541331107,17917.625615509165,1.7711305742925902,29.5,3.2,2904.7,5915.2,0.3293347997142825,15.5,847.2
721,38,lr,loso,Taif - University,21.43278,40.49173,01-07-2018 00:00,7580.5,7329.079218366409,-251.4207816335911,251.4207816335911,63212.4094372459,3.3166780770871465,28.3,4.2,2744.1,6186.4,0.3072728290689211,18.7,846.8
722,38,lr,loso,Taif - University,21.43278,40.49173,01-08-2018 00:00,7265.2,7009.019636509487,-256.1803634905127,256.1803634905127,65628.37863813122,3.5261295420705934,28.5,4.2,2426.0,6352.0,0.2763727500569606,19.5,846.9
723,38,lr,loso,Taif - University,21.43278,40.49173,01-11-2018 00:00,4463.3,4535.682058950578,72.38205895057763,72.38205895057763,5239.1624579248955,1.6217161954288895,18.3,2.3,1618.7,4984.8,0.2451275838570455,60.2,850.6
724,38,lr,loso,Taif - University,21.43278,40.49173,01-12-2018 00:00,4686.2,4847.36025841351,161.16025841350984,161.16025841350984,25972.62889190927,3.4390392730466015,17.5,2.2,1426.5,5956.6,0.19321152361474175,54.9,851.2
725,38,lr,loso,Taif - University,21.43278,40.49173,01-01-2019 00:00,5163.2,5336.538651898873,173.33865189887274,173.33865189887274,30046.28824211858,3.357194218679748,18.2,2.7,1390.7,6733.5,0.1711799315624923,43.7,851.1
726,38,lr,loso,Taif - University,21.43278,40.49173,01-02-2019 00:00,5702.3,5719.2650489123525,16.96504891235236,16.96504891235236,287.81288459850794,0.29751238820041664,17.7,3.3,1904.4,6095.4,0.238055951398785,43.6,849.8
727,38,lr,loso,Taif - University,21.43278,40.49173,01-03-2019 00:00,7014.5,6740.197305790316,-274.302694209684,274.302694209684,75241.9680506914,3.9105095760165938,18.7,3.7,1888.6,7502.6,0.20110316040548595,30.7,849.0
728,38,lr,loso,Taif - University,21.43278,40.49173,01-02-2020 00:00,5953.4,5939.846649457374,-13.553350542625594,13.553350542625594,183.6933109312895,0.2276573141839217,17.5,3.0,1637.0,6898.4,0.19178948848325797,41.4,850.5
729,38,lr,loso,Taif - University,21.43278,40.49173,01-04-2020 00:00,7457.6,7290.34819393313,-167.2518060668708,167.2518060668708,27973.166632630164,2.2427028275433223,23.0,3.2,2103.6,7390.6,0.22156685134081858,32.4,848.7
730,38,lr,loso,Taif - University,21.43278,40.49173,01-05-2020 00:00,6566.1,6442.457772251274,-123.64222774872633,123.64222774872633,15287.40048266791,1.8830390604579021,25.9,2.6,2471.2,5410.9,0.31352050849392926,29.6,849.6
731,38,lr,loso,Taif - University,21.43278,40.49173,01-09-2020 00:00,6771.3,6623.718050732106,-147.58194926789383,147.58194926789383,21780.431749711188,2.179521646772316,28.2,2.4,2112.4,6453.2,0.24661436443448212,20.6,848.3
732,38,lr,loso,Taif - University,21.43278,40.49173,01-11-2020 00:00,5037.2,5302.759579318403,265.55957931840294,265.55957931840294,70521.89016776714,5.271968143381302,20.2,2.2,1345.1,6446.9,0.17262577002053386,48.9,850.7
733,38,lr,loso,Taif - University,21.43278,40.49173,01-01-2021 00:00,5078.9,5303.551162175212,224.65116217521245,224.65116217521245,50468.1446666736,4.423224756841294,16.5,2.2,1373.4,6610.2,0.17202765669622727,46.8,850.6
734,38,lr,loso,Taif - University,21.43278,40.49173,01-04-2021 00:00,6761.1,6601.493704246497,-159.60629575350322,159.60629575350322,25474.16964415474,2.3606557476372663,22.8,2.5,2491.3,5707.1,0.30387636612021857,33.3,849.6
735,38,lr,loso,Taif - University,21.43278,40.49173,01-07-2021 00:00,7142.4,7041.226420213005,-101.1735797869942,101.1735797869942,10236.093246915281,1.416520774347477,29.3,4.4,3065.0,5167.7,0.37229584461962656,19.6,845.5
736,38,lr,loso,Taif - University,21.43278,40.49173,01-10-2021 00:00,6174.0,6159.5011419816965,-14.498858018303508,14.498858018303508,210.21688383492395,0.2348373504746276,25.0,2.4,1625.4,7011.9,0.18818380743982496,24.6,850.8
797,39,lr,loso,Thuwal - KAUST,22.3065,39.107,01-01-2017 00:00,4441.4,4599.136611818013,157.73661181801344,157.73661181801344,24880.838707826657,3.551506547890608,23.9,2.2,1551.0,5142.7,0.2317104142701346,83.6,1012.4
798,39,lr,loso,Thuwal - KAUST,22.3065,39.107,01-02-2017 00:00,4529.6,4567.513767258171,37.91376725817099,37.91376725817099,1437.4537477067588,0.837022413859303,23.3,2.7,2316.1,3523.9,0.39659246575342466,65.1,1012.1
799,39,lr,loso,Thuwal - KAUST,22.3065,39.107,01-03-2017 00:00,5726.5,5748.2186973088865,21.718697308886476,21.718697308886476,471.70181279503265,0.3792665207174797,24.6,2.6,2544.1,4485.6,0.36190733601718417,83.6,1008.4
800,39,lr,loso,Thuwal - KAUST,22.3065,39.107,01-04-2017 00:00,6098.8,6085.183322555079,-13.616677444921152,13.616677444921152,185.41390463902442,0.2232681420102504,27.9,2.8,3026.8,3978.0,0.43210370031978074,80.6,1007.1
801,39,lr,loso,Thuwal - KAUST,22.3065,39.107,01-05-2017 00:00,6160.8,6153.796664080692,-7.003335919308483,7.003335919308483,49.0467139986764,0.11367575508551622,29.8,2.6,2851.5,4210.5,0.4037807986406117,83.8,1005.5
802,39,lr,loso,Thuwal - KAUST,22.3065,39.107,01-06-2017 00:00,6778.2,6570.948107237861,-207.2518927621386,207.2518927621386,42953.34705348899,3.0576243362860143,29.9,2.5,2344.2,5721.0,0.29065615235828,92.4,1001.6
803,39,lr,loso,Thuwal - KAUST,22.3065,39.107,01-09-2017 00:00,6160.3,6138.556350431656,-21.743649568344154,21.743649568344154,472.7862965509529,0.3529641343496932,31.4,2.5,2630.7,4680.7,0.3598079711136034,93.7,1003.3
804,39,lr,loso,Thuwal - KAUST,22.3065,39.107,01-10-2017 00:00,5630.4,5708.47759787988,78.07759787988016,78.07759787988016,6096.111290692266,1.38671493819054,29.0,2.1,1788.8,5825.1,0.23493873047978037,95.9,1007.0
805,39,lr,loso,Thuwal - KAUST,22.3065,39.107,01-11-2017 00:00,4537.8,4718.444464466695,180.64446446669444,180.64446446669444,32632.422542458833,3.9808820235950115,27.5,2.3,1685.6,4843.0,0.25818705388597857,88.8,1009.6
806,39,lr,loso,Thuwal - KAUST,22.3065,39.107,01-03-2018 00:00,6375.2,6301.027938807915,-74.17206119208458,74.17206119208458,5501.49466148234,1.1634468125248554,26.0,0.0,2089.3,6161.7,0.2532177917828142,68.9,1008.3
807,39,lr,loso,Thuwal - KAUST,22.3065,39.107,01-04-2018 00:00,7031.1,6824.364844668013,-206.7351553319877,206.7351553319877,42739.42445014108,2.9402960465928185,27.0,0.0,2507.9,6022.8,0.29398525326174874,65.5,1006.2
808,39,lr,loso,Thuwal - KAUST,22.3065,39.107,01-05-2018 00:00,7120.5,7137.111511165874,16.611511165873708,16.611511165873708,275.94230321394684,0.23329135827362835,30.2,0.0,3128.0,5108.0,0.37979601748421565,62.0,1003.9
809,39,lr,loso,Thuwal - KAUST,22.3065,39.107,01-06-2018 00:00,7152.3,7207.773069762515,55.47306976251457,55.47306976251457,3077.261468876808,0.7755976365996193,30.9,0.0,2970.5,5355.5,0.3567739610857555,68.2,1001.6
810,39,lr,loso,Thuwal - KAUST,22.3065,39.107,01-07-2018 00:00,7036.3,6939.563874148,-96.73612585200044,96.73612585200044,9357.878044854067,1.3748152559157574,31.9,0.0,2769.9,5444.7,0.3371923161200789,65.5,1001.7
811,39,lr,loso,Thuwal - KAUST,22.3065,39.107,01-08-2018 00:00,6668.6,6491.9103582240605,-176.6896417759399,176.6896417759399,31219.22951090996,2.6495762495267354,32.1,0.0,2421.2,5502.2,0.30557588913850114,69.5,1001.9
812,39,lr,loso,Thuwal - KAUST,22.3065,39.107,01-09-2018 00:00,5840.5,5874.827193692345,34.327193692344736,34.327193692344736,1178.3562267917523,0.5877440919843291,31.6,0.0,3004.4,3679.4,0.4495047727340734,79.2,1003.4
813,39,lr,loso,Thuwal - KAUST,22.3065,39.107,01-10-2018 00:00,5111.6,5233.097502820169,121.49750282016885,121.49750282016885,14761.643191536938,2.376897699745067,29.9,0.0,2043.4,4577.8,0.3086147526128194,71.9,1007.7
814,39,lr,loso,Thuwal - KAUST,22.3065,39.107,01-11-2018 00:00,4224.2,4305.536576082777,81.33657608277736,81.33657608277736,6615.638608869429,1.925490651076591,26.9,0.0,1619.0,4521.7,0.26365072385884347,61.5,1009.8
815,39,lr,loso,Thuwal - KAUST,22.3065,39.107,01-12-2018 00:00,3910.5,4014.3163806962702,103.81638069627024,103.81638069627024,10777.840900872912,2.6548109115527487,24.8,0.0,1644.6,4220.4,0.28040920716112533,66.4,1012.2
816,39,lr,loso,Thuwal - KAUST,22.3065,39.107,01-01-2019 00:00,3951.5,3917.4020762786186,-34.09792372138145,34.09792372138145,1162.6684021091478,0.8629108875460318,24.1,0.0,1959.2,3470.4,0.36083689406217767,67.7,1012.3
817,39,lr,loso,Thuwal - KAUST,22.3065,39.107,01-02-2019 00:00,4607.3,4574.38705311352,-32.91294688648031,32.91294688648031,1083.2620727522742,0.7143651788787427,23.9,0.0,2080.2,4001.6,0.3420368969712914,57.9,1011.5
818,39,lr,loso,Thuwal - KAUST,22.3065,39.107,01-03-2019 00:00,6107.7,6077.513748680261,-30.186251319738403,30.186251319738403,911.2097687384085,0.4942327114910426,23.7,0.0,2209.2,5648.4,0.28115455100794134,60.6,1010.2
819,39,lr,loso,Thuwal - KAUST,22.3065,39.107,01-04-2019 00:00,6768.1,6684.014545438198,-84.08545456180218,84.08545456180218,7070.363668864899,1.242379021613188,26.2,0.0,2516.8,5741.0,0.30477851243672655,64.7,1007.5
820,39,lr,loso,Thuwal - KAUST,22.3065,39.107,01-05-2019 00:00,6682.7,6487.91910378843,-194.7808962115696,194.7808962115696,37939.597528982245,2.914703581061092,30.2,0.0,2797.3,4946.6,0.36122625550433246,63.9,1005.1
821,39,lr,loso,Thuwal - KAUST,22.3065,39.107,01-06-2019 00:00,6334.7,6141.714870096641,-192.98512990335894,192.98512990335894,37243.26036381633,3.0464762325502224,31.8,0.0,2680.4,4588.4,0.36875412722870354,66.0,1002.1
822,39,lr,loso,Thuwal - KAUST,22.3065,39.107,01-07-2019 00:00,6893.8,6962.444591260132,68.64459126013207,68.64459126013207,4712.079909270601,0.9957438750780713,31.8,0.0,2480.5,5709.7,0.3028619569729677,68.0,1000.9
823,39,lr,loso,Thuwal - KAUST,22.3065,39.107,01-08-2019 00:00,6611.0,6423.569488825601,-187.43051117439882,187.43051117439882,35130.19651909644,2.8351310115625297,32.2,0.0,2337.3,5597.8,0.294552053534297,69.8,1002.5
824,39,lr,loso,Thuwal - KAUST,22.3065,39.107,01-09-2019 00:00,5908.1,5814.1789137017095,-93.9210862982909,93.9210862982909,8821.170451451007,1.5897003486449264,30.9,0.0,2469.5,4619.7,0.34834678101901484,78.0,1002.8
825,39,lr,loso,Thuwal - KAUST,22.3065,39.107,01-10-2019 00:00,5228.0,5242.425369989328,14.425369989327919,14.425369989327919,208.09129932900257,0.27592521020137567,31.1,0.0,1870.5,5032.4,0.2709730692897188,69.0,1007.6
826,39,lr,loso,Thuwal - KAUST,22.3065,39.107,01-11-2019 00:00,4486.9,4635.008253853379,148.1082538533792,148.1082538533792,21936.054859497017,3.300903827885159,28.1,0.0,1567.2,5053.0,0.23673000815685327,63.0,1008.6
827,39,lr,loso,Thuwal - KAUST,22.3065,39.107,01-12-2019 00:00,4316.6,4555.320923440065,238.72092344006433,238.72092344006433,56987.67928807705,5.530299852663307,24.8,0.0,1322.5,5637.5,0.19001436781609196,58.0,1011.5
828,39,lr,loso,Thuwal - KAUST,22.3065,39.107,01-01-2020 00:00,4597.0,4693.499989452985,96.49998945298466,96.49998945298466,9312.247964426151,2.0991948978243347,21.6,0.2,1307.7,6020.4,0.17845007573586608,52.8,1014.3
829,39,lr,loso,Thuwal - KAUST,22.3065,39.107,01-02-2020 00:00,4914.9,4903.445394687824,-11.454605312175772,11.454605312175772,131.20798285772543,0.2330587664484684,22.7,2.6,1963.0,4774.1,0.2913716584287008,62.1,1012.8
830,39,lr,loso,Thuwal - KAUST,22.3065,39.107,01-03-2020 00:00,6083.3,6059.331038389355,-23.968961610645238,23.968961610645238,574.5111206925851,0.39401248681875356,24.1,2.6,2321.5,5308.6,0.304255514344504,66.8,1008.8
831,39,lr,loso,Thuwal - KAUST,22.3065,39.107,01-04-2020 00:00,6790.1,6507.881743436623,-282.2182565633775,282.2182565633775,79647.14433767238,4.156319591219238,26.0,2.4,2145.2,6306.7,0.2538127521622357,67.9,1007.6
832,39,lr,loso,Thuwal - KAUST,22.3065,39.107,01-05-2020 00:00,6632.5,6527.691623342751,-104.80837665724903,104.80837665724903,10984.795817527784,1.580224299393125,29.3,2.5,2533.6,5336.2,0.32193956644387406,67.4,1005.5
833,39,lr,loso,Thuwal - KAUST,22.3065,39.107,01-09-2020 00:00,6025.7,5941.894509367768,-83.80549063223225,83.80549063223225,7023.360260109167,1.390800913291937,32.4,2.3,2314.2,5023.7,0.3153763338284795,74.8,1002.1
834,39,lr,loso,Thuwal - KAUST,22.3065,39.107,01-10-2020 00:00,5569.3,5693.876039088853,124.57603908885267,124.57603908885267,15519.189515067348,2.2368347743675625,31.3,2.3,1615.0,6168.2,0.20749820125398294,57.9,1006.8
835,39,lr,loso,Thuwal - KAUST,22.3065,39.107,01-11-2020 00:00,4492.5,4587.434304087519,94.9343040875192,94.9343040875192,9012.522092581563,2.1131731572068824,27.8,2.4,1422.6,5307.0,0.21139443651925818,63.7,1009.9
836,39,lr,loso,Thuwal - KAUST,22.3065,39.107,01-12-2020 00:00,4028.1,4164.628268904741,136.52826890474125,136.52826890474125,18639.96821012534,3.38939621421368,25.5,2.1,1489.9,4741.3,0.23910322249325971,62.3,1011.3
837,39,lr,loso,Thuwal - KAUST,22.3065,39.107,01-01-2021 00:00,4280.5,4341.680362051185,61.1803620511846,61.1803620511846,3743.036700714029,1.429280739427277,24.9,2.5,1733.6,4544.0,0.2761564929272333,59.4,1011.7
838,39,lr,loso,Thuwal - KAUST,22.3065,39.107,01-02-2021 00:00,4971.2,5003.7679743208055,32.56797432080566,32.56797432080566,1060.672951360657,0.6551330528002427,23.9,2.7,1647.6,5373.2,0.23467411121239745,63.0,1011.4
839,39,lr,loso,Thuwal - KAUST,22.3065,39.107,01-09-2021 00:00,5790.5,5728.474508971101,-62.025491028898614,62.025491028898614,3847.1615373759823,1.0711595031326935,31.1,2.5,2674.1,4143.2,0.392252064600355,76.7,1002.9
840,39,lr,loso,Thuwal - KAUST,22.3065,39.107,01-10-2021 00:00,5313.2,5235.35856638309,-77.84143361690985,77.84143361690985,6059.288787535784,1.4650574722748975,29.3,0.2,1831.3,5239.4,0.25899840185554474,78.8,1006.7
841,39,lr,loso,Thuwal - KAUST,22.3065,39.107,01-11-2021 00:00,4389.4,4550.2409681732,160.84096817320005,160.84096817320005,25869.81704289235,3.664304191306331,27.4,0.0,1350.9,5247.1,0.20474386177629586,69.7,1009.5
842,39,lr,loso,Thuwal - KAUST,22.3065,39.107,01-12-2021 00:00,3797.4,3841.505793274016,44.10579327401592,44.10579327401592,1945.3210003302283,1.1614734627380818,25.3,0.0,1589.8,4094.9,0.27966295494924975,62.9,1011.8
258,40,lr,loso,Timaa - TVTC,27.6173,38.5252,01-01-2017 00:00,4235.7,4394.020880083449,158.32088008344908,158.32088008344908,25065.501070397866,3.7377736875474916,13.2,1.9,1325.4,5906.3,0.1832764080368378,36.9,921.5
259,40,lr,loso,Timaa - TVTC,27.6173,38.5252,01-02-2017 00:00,5392.6,5359.880516458374,-32.71948354162669,32.71948354162669,1070.5646032307795,0.6067478311320454,12.5,2.3,1649.3,6580.6,0.200403407088786,28.9,921.8
260,40,lr,loso,Timaa - TVTC,27.6173,38.5252,01-03-2017 00:00,6511.6,6525.258987329172,13.658987329171396,13.658987329171396,186.56793485846472,0.20976391868621222,19.4,2.6,1990.0,7008.4,0.22115042674253202,25.2,917.2
261,40,lr,loso,Timaa - TVTC,27.6173,38.5252,01-04-2017 00:00,6508.5,6640.550331384373,132.05033138437284,132.05033138437284,17437.290018722684,2.0288903953963713,25.1,3.1,2727.9,5257.1,0.34162805259862244,21.1,918.3
262,40,lr,loso,Timaa - TVTC,27.6173,38.5252,01-05-2017 00:00,7872.0,7771.77276125975,-100.22723874024996,100.22723874024996,10045.499385495063,1.2732118742409801,29.8,2.6,2439.0,7320.8,0.24990266193979388,16.1,916.8
263,40,lr,loso,Timaa - TVTC,27.6173,38.5252,01-06-2017 00:00,8158.9,7912.349313068518,-246.55068693148132,246.55068693148132,60787.24122638532,3.0218618555378955,33.5,2.4,1845.5,8604.1,0.17660963099065993,14.6,914.7
264,40,lr,loso,Timaa - TVTC,27.6173,38.5252,01-09-2017 00:00,6674.6,6695.5393745512,20.939374551199762,20.939374551199762,438.45740659543225,0.3137172946873185,33.0,2.3,2419.6,6025.1,0.2865229078593674,15.6,916.4
265,40,lr,loso,Timaa - TVTC,27.6173,38.5252,01-10-2017 00:00,5879.9,6123.397961598731,243.4979615987313,243.4979615987313,59291.25730273723,4.141192224335981,26.4,2.0,1347.0,7582.5,0.15084831177557534,24.0,918.5
266,40,lr,loso,Timaa - TVTC,27.6173,38.5252,01-11-2017 00:00,4426.5,4585.292255198997,158.79225519899683,158.79225519899683,25214.980311183335,3.5873095041002334,20.3,2.0,1652.8,5246.3,0.23956747981620788,38.9,920.2
267,40,lr,loso,Timaa - TVTC,27.6173,38.5252,01-03-2018 00:00,6509.7,6681.438346778406,171.7383467784066,171.7383467784066,29494.059754180238,2.638191418627688,22.8,2.4,2201.9,6702.4,0.24728501959727325,21.6,918.5
268,40,lr,loso,Timaa - TVTC,27.6173,38.5252,01-04-2018 00:00,7333.9,7269.841005454571,-64.0589945454285,64.0589945454285,4103.554782171239,0.873464248836615,23.4,2.8,2665.5,6450.5,0.29239798157086444,26.7,916.1
269,40,lr,loso,Timaa - TVTC,27.6173,38.5252,01-05-2018 00:00,7389.0,7534.680740667181,145.68074066718145,145.68074066718145,21222.878201338575,1.971589398662626,28.8,3.0,3115.1,5636.0,0.35596667847470603,20.9,915.9
270,40,lr,loso,Timaa - TVTC,27.6173,38.5252,01-06-2018 00:00,8218.7,8074.511870230041,-144.18812976996014,144.18812976996014,20790.216766558868,1.7543909592753129,32.3,2.5,2262.5,8035.6,0.21970072149231412,17.1,914.3
271,40,lr,loso,Timaa - TVTC,27.6173,38.5252,01-07-2018 00:00,8005.7,7890.490159916044,-115.2098400839559,115.2098400839559,13273.30725217069,1.4390976439781145,33.4,2.5,2187.6,7878.7,0.2173191738771942,17.9,912.7
272,40,lr,loso,Timaa - TVTC,27.6173,38.5252,01-08-2018 00:00,7533.6,7321.574246079708,-212.02575392029212,212.02575392029212,44954.920325468265,2.8144015334009254,33.3,2.3,1625.7,8288.3,0.16398022997780917,20.1,913.6
273,40,lr,loso,Timaa - TVTC,27.6173,38.5252,01-09-2018 00:00,6329.5,6227.002769957625,-102.49723004237512,102.49723004237512,10505.682166359566,1.6193574538648412,33.7,2.2,2464.5,5371.6,0.3145059404550733,17.5,916.5
274,40,lr,loso,Timaa - TVTC,27.6173,38.5252,01-10-2018 00:00,5447.3,5558.595402614375,111.29540261437523,111.29540261437523,12386.666643095881,2.043129671844312,27.0,2.3,1906.8,5731.5,0.24963669926554335,25.4,919.5
275,40,lr,loso,Timaa - TVTC,27.6173,38.5252,01-11-2018 00:00,3967.4,4125.799734790828,158.39973479082755,158.39973479082755,25090.475981804506,3.992532509724947,18.0,2.2,1406.4,4995.9,0.2196710557143527,59.7,920.0
276,40,lr,loso,Timaa - TVTC,27.6173,38.5252,01-12-2018 00:00,4013.6,4340.47833572983,326.87833572983027,326.87833572983027,106849.44636950362,8.144267882445442,14.7,2.1,1205.0,5996.9,0.16731695802496566,54.5,921.7
277,40,lr,loso,Timaa - TVTC,27.6173,38.5252,01-01-2019 00:00,3942.3,3854.9758629237367,-87.32413707626347,87.32413707626347,7625.504916114052,2.215055603994203,14.2,2.1,1738.1,4375.9,0.28428197579326137,43.8,920.4
278,40,lr,loso,Timaa - TVTC,27.6173,38.5252,01-02-2019 00:00,5130.1,5177.050683529006,46.9506835290058,46.9506835290058,2204.3666838408567,0.9152001623556225,14.6,2.8,1621.0,6143.3,0.20877606480944838,47.0,920.4
279,40,lr,loso,Timaa - TVTC,27.6173,38.5252,01-03-2019 00:00,6669.6,6698.222014478526,28.62201447852567,28.62201447852567,819.2197128089331,0.4291413949641008,16.7,2.7,1709.9,7841.6,0.17901900225095535,30.7,918.6
280,40,lr,loso,Timaa - TVTC,27.6173,38.5252,01-04-2019 00:00,7251.2,7162.899019444289,-88.30098055571125,88.30098055571125,7797.063167100096,1.2177430019267328,21.9,2.8,2292.5,6982.3,0.24717514124293788,25.1,917.6
281,40,lr,loso,Timaa - TVTC,27.6173,38.5252,01-05-2019 00:00,7953.8,7799.524222962632,-154.27577703736824,154.27577703736824,23801.015380483757,1.939648684117884,30.3,2.5,2357.2,7511.2,0.2388634429086782,14.3,916.6
282,40,lr,loso,Timaa - TVTC,27.6173,38.5252,01-06-2019 00:00,8149.4,8116.051147306103,-33.34885269389633,33.34885269389633,1112.1459759991967,0.4092185031277926,33.7,2.6,2203.0,8039.6,0.21508210805850075,15.5,914.9
283,40,lr,loso,Timaa - TVTC,27.6173,38.5252,01-07-2019 00:00,8239.6,8038.456717151361,-201.1432828486395,201.1432828486395,40458.6202351278,2.4411777616466757,33.7,2.5,1707.7,9016.2,0.15924243978403377,16.9,912.7
284,40,lr,loso,Timaa - TVTC,27.6173,38.5252,01-08-2019 00:00,7711.6,7507.706550908482,-203.89344909151805,203.89344909151805,41572.53858243546,2.6439837270024125,33.7,2.4,1671.9,8426.6,0.1655592414715057,17.9,913.8
285,40,lr,loso,Timaa - TVTC,27.6173,38.5252,01-09-2019 00:00,6725.4,6712.163305660404,-13.236694339595488,13.236694339595488,175.21007703987922,0.19681646206315592,32.9,2.1,1825.0,7172.7,0.2028296120119586,18.2,915.5
286,40,lr,loso,Timaa - TVTC,27.6173,38.5252,01-10-2019 00:00,5224.5,5378.442441992997,153.94244199299737,153.94244199299737,23698.275446767362,2.9465487987940926,28.1,2.2,1902.4,5422.5,0.2597168562028151,26.7,918.7
287,40,lr,loso,Timaa - TVTC,27.6173,38.5252,01-11-2019 00:00,4375.6,4585.48682048464,209.88682048463943,209.88682048463943,44052.47741315126,4.796755198935903,19.9,2.2,1342.1,5845.2,0.1867321525468535,42.5,920.1
288,40,lr,loso,Timaa - TVTC,27.6173,38.5252,01-12-2019 00:00,4303.5,4773.832957959233,470.3329579592328,470.3329579592328,221213.0913426814,10.929080003700076,14.3,1.9,876.6,7341.8,0.10666309743989098,41.7,921.1
289,40,lr,loso,Timaa - TVTC,27.6173,38.5252,01-01-2020 00:00,4477.6,4772.767719830505,295.1677198305042,295.1677198305042,87123.98282993904,6.592096655139007,11.1,1.9,1155.3,6835.6,0.14457695628777734,39.6,922.2
290,40,lr,loso,Timaa - TVTC,27.6173,38.5252,01-02-2020 00:00,5507.3,5761.2955643824525,253.99556438245236,253.99556438245236,64513.746725960504,4.6119798155621154,14.6,2.1,1300.9,7610.3,0.1459848280815154,33.6,921.0
291,40,lr,loso,Timaa - TVTC,27.6173,38.5252,01-03-2020 00:00,6387.8,6448.086557134063,60.286557134062605,60.286557134062605,3634.4689710785947,0.9437765292285701,19.4,2.8,2117.1,6558.9,0.2440179806362379,28.3,917.6
292,40,lr,loso,Timaa - TVTC,27.6173,38.5252,01-04-2020 00:00,7732.1,7471.930279303193,-260.1697206968074,260.1697206968074,67688.28356745478,3.364800257327342,23.9,3.2,2158.2,7770.5,0.2173698470091754,24.8,916.5
293,40,lr,loso,Timaa - TVTC,27.6173,38.5252,01-05-2020 00:00,7826.2,7667.551855640297,-158.6481443597031,158.6481443597031,25169.2337087772,2.027141452553003,29.2,2.9,2584.8,6907.7,0.27229918356597316,18.1,917.1
294,40,lr,loso,Timaa - TVTC,27.6173,38.5252,01-09-2020 00:00,6710.6,6805.417096053713,94.8170960537127,94.8170960537127,8990.281704058982,1.4129451323832845,33.4,2.0,1992.1,6882.4,0.22447461828835427,14.5,916.3
295,40,lr,loso,Timaa - TVTC,27.6173,38.5252,01-10-2020 00:00,5854.3,6167.297175271229,312.997175271229,312.997175271229,97967.23172776846,5.3464491958257865,27.3,2.1,1244.5,7751.5,0.1383392618941752,16.0,920.0
296,40,lr,loso,Timaa - TVTC,27.6173,38.5252,01-11-2020 00:00,4608.5,5011.840959741577,403.3409597415766,403.3409597415766,162683.92980525614,8.752109357525804,19.7,2.1,1158.3,6697.6,0.1474433228528876,45.0,919.9
297,40,lr,loso,Timaa - TVTC,27.6173,38.5252,01-12-2020 00:00,3823.8,3958.7547815615094,134.9547815615092,134.9547815615092,18212.793066314665,3.529336826233307,15.0,1.9,1186.1,5481.4,0.1778927634045744,45.8,921.7
298,40,lr,loso,Timaa - TVTC,27.6173,38.5252,01-01-2021 00:00,4346.5,4581.721323123513,235.22132312351278,235.22132312351278,55329.07085197601,5.4117410128497125,14.4,2.1,1335.1,5998.3,0.18205743584149234,46.3,922.0
299,40,lr,loso,Timaa - TVTC,27.6173,38.5252,01-02-2021 00:00,5093.9,5306.764287001794,212.86428700179476,212.86428700179476,45311.20468078245,4.178807730850523,15.4,2.4,1537.8,6355.2,0.19483086278981376,43.6,921.0
300,40,lr,loso,Timaa - TVTC,27.6173,38.5252,01-03-2021 00:00,6610.4,6666.302830149743,55.90283014974375,55.90283014974375,3125.1264187510988,0.8456799913733474,20.9,2.7,2135.2,6826.1,0.23826900114938682,25.7,918.7
301,40,lr,loso,Timaa - TVTC,27.6173,38.5252,01-04-2021 00:00,7631.2,7490.684838261882,-140.51516173811797,140.51516173811797,19744.51067828945,1.8413245850995648,25.4,2.9,2302.7,7431.0,0.2365698552451791,19.5,918.8
302,40,lr,loso,Timaa - TVTC,27.6173,38.5252,01-05-2021 00:00,8199.1,8098.904534154943,-100.1954658450577,100.1954658450577,10039.131375908124,1.222030050189139,30.6,2.3,2093.4,8362.2,0.200218064960404,14.4,916.1
303,40,lr,loso,Timaa - TVTC,27.6173,38.5252,01-07-2021 00:00,8089.8,8011.54004259909,-78.25995740091003,78.25995740091003,6124.620932392252,0.9673905090473192,34.9,2.5,1961.6,8305.6,0.1910550101293439,16.6,911.9
304,40,lr,loso,Timaa - TVTC,27.6173,38.5252,01-08-2021 00:00,7626.9,7503.245114319001,-123.65488568099863,123.65488568099863,15290.53075278084,1.6212994228454372,34.4,2.3,1896.3,7943.6,0.19271537312371062,16.0,913.8
305,40,lr,loso,Timaa - TVTC,27.6173,38.5252,01-09-2021 00:00,6691.9,6713.038535376414,21.13853537641444,21.13853537641444,446.8376778599247,0.3158824157027816,31.2,2.3,1884.6,7036.9,0.21124250406321807,22.2,915.8
306,40,lr,loso,Timaa - TVTC,27.6173,38.5252,01-10-2021 00:00,5692.4,5861.552680408336,169.15268040833598,169.15268040833598,28612.62928932465,2.9715529549633897,27.4,1.8,1514.6,6928.6,0.17938696228917944,22.2,919.2
307,40,lr,loso,Timaa - TVTC,27.6173,38.5252,01-11-2021 00:00,4512.3,4770.831608628371,258.53160862837103,258.53160862837103,66838.5926599732,5.729486262623739,20.3,1.9,1236.1,6313.6,0.16372836006728742,33.7,920.8
308,40,lr,loso,Timaa - TVTC,27.6173,38.5252,01-12-2021 00:00,3793.3,3789.111497027543,-4.188502972457172,4.188502972457172,17.543557150282567,0.11041844759067757,15.1,2.1,1524.0,4748.1,0.24298081982111253,40.2,921.2
906,41,lr,loso,Umluj - SWCC,25.00411,37.27382,01-01-2017 00:00,4448.2,4706.146020559719,257.9460205597188,257.9460205597188,66536.14952259489,5.798885404426933,21.5,3.1,1233.7,6085.1,0.16856588511777887,58.2,1015.2
907,41,lr,loso,Umluj - SWCC,25.00411,37.27382,01-02-2017 00:00,5284.5,5348.232191497944,63.73219149794386,63.73219149794386,4061.7922331305876,1.2060212224040847,21.2,3.5,1716.4,5960.5,0.2235798304002918,46.3,1015.4
908,41,lr,loso,Umluj - SWCC,25.00411,37.27382,01-03-2017 00:00,6148.7,6206.712303464474,58.012303464473916,58.012303464473916,3365.4273532542124,0.9434889239103211,23.1,3.3,2006.1,6196.2,0.24457774038989066,61.4,1010.9
909,41,lr,loso,Umluj - SWCC,25.00411,37.27382,01-04-2017 00:00,6404.3,6492.635106773382,88.335106773382,88.335106773382,7803.091088664797,1.379309319884796,27.0,3.6,2766.8,4908.7,0.3604716305126702,57.2,1009.5
910,41,lr,loso,Umluj - SWCC,25.00411,37.27382,01-05-2017 00:00,7035.7,6950.480815330763,-85.21918466923671,85.21918466923671,7262.309435689469,1.2112396018766676,29.3,2.9,2419.5,6147.7,0.28241432440003733,61.5,1008.2
911,41,lr,loso,Umluj - SWCC,25.00411,37.27382,01-06-2017 00:00,7460.0,7092.17349172968,-367.8265082703201,367.8265082703201,135296.34018633587,4.930650244910457,30.5,3.1,2041.9,7201.9,0.22089400463013048,65.7,1004.4
912,41,lr,loso,Umluj - SWCC,25.00411,37.27382,01-09-2017 00:00,6164.3,6125.377631409654,-38.922368590346196,38.922368590346196,1514.950776682768,0.6314158718807682,30.6,3.1,2512.2,5045.0,0.3324247075636479,69.0,1006.3
913,41,lr,loso,Umluj - SWCC,25.00411,37.27382,01-10-2017 00:00,5632.0,5785.354211164564,153.35421116456382,153.35421116456382,23517.514081905632,2.722908578916261,28.0,3.3,1424.7,6765.1,0.17396029207062444,65.7,1010.5
914,41,lr,loso,Umluj - SWCC,25.00411,37.27382,01-11-2017 00:00,4545.7,4810.166973300478,264.46697330047846,264.46697330047846,69942.77996671599,5.817959242811415,26.0,2.8,1284.1,5939.8,0.17775716718116252,59.8,1012.2
915,41,lr,loso,Umluj - SWCC,25.00411,37.27382,01-03-2018 00:00,6422.2,6408.25165048674,-13.948349513259927,13.948349513259927,194.55645414405845,0.21718958477250672,25.9,2.4,1836.6,6863.6,0.21109859543458767,55.8,1010.6
916,41,lr,loso,Umluj - SWCC,25.00411,37.27382,01-04-2018 00:00,7208.7,6959.043243431336,-249.6567565686637,249.6567565686637,62328.496100385004,3.4632701675567534,26.9,2.4,2349.4,6564.8,0.26355702138161585,58.2,1008.6
917,41,lr,loso,Umluj - SWCC,25.00411,37.27382,01-05-2018 00:00,7035.2,7174.773199551199,139.57319955119874,139.57319955119874,19480.678032958745,1.9839265344439212,31.4,2.8,3193.0,4945.1,0.3923520231995183,51.6,1006.2
918,41,lr,loso,Umluj - SWCC,25.00411,37.27382,01-06-2018 00:00,7620.7,7537.032365793336,-83.66763420666393,83.66763420666393,7000.27301374012,1.0978995919884516,31.7,2.7,2406.9,6873.3,0.2593586345121872,59.8,1004.3
919,41,lr,loso,Umluj - SWCC,25.00411,37.27382,01-07-2018 00:00,7427.1,7349.275784396117,-77.8242156038832,77.8242156038832,6056.608534359698,1.0478412247564084,32.4,2.2,2274.3,6839.9,0.24953369467424458,59.9,1003.7
920,41,lr,loso,Umluj - SWCC,25.00411,37.27382,01-08-2018 00:00,7125.3,6884.144345667491,-241.15565433250958,241.15565433250958,58156.04961654085,3.384498257371754,32.3,2.3,1768.9,7281.4,0.1954520844612886,67.8,1004.4
921,41,lr,loso,Umluj - SWCC,25.00411,37.27382,01-09-2018 00:00,5939.5,5969.718271322995,30.21827132299495,30.21827132299495,913.143921750139,0.5087679320312307,31.8,0.3,2915.1,4050.2,0.41851750821931577,71.9,1005.9
922,41,lr,loso,Umluj - SWCC,25.00411,37.27382,01-10-2018 00:00,5176.9,5288.981055444282,112.08105544428236,112.08105544428236,12562.162989504295,2.165022608979937,30.1,0.2,1812.5,5230.3,0.2573550292497302,59.8,1010.1
923,41,lr,loso,Umluj - SWCC,25.00411,37.27382,01-11-2018 00:00,4267.1,4479.309653225719,212.20965322571828,212.20965322571828,45032.93692217961,4.973158661051259,26.0,0.1,1205.0,5602.3,0.1770158506309403,57.5,1012.5
924,41,lr,loso,Umluj - SWCC,25.00411,37.27382,01-12-2018 00:00,4118.4,4466.783695153891,348.3836951538915,348.3836951538915,121371.1990490796,8.459200057155487,23.0,0.2,1223.5,5806.4,0.1740423050114511,56.9,1015.3
925,41,lr,loso,Umluj - SWCC,25.00411,37.27382,01-01-2019 00:00,3911.3,3897.97099957909,-13.329000420910234,13.329000420910234,177.6622522206252,0.34078184800220473,21.9,0.4,1748.0,4060.0,0.3009641873278237,55.3,1014.9
926,41,lr,loso,Umluj - SWCC,25.00411,37.27382,01-02-2019 00:00,5000.7,5093.7831206237,93.08312062369987,93.08312062369987,8664.46734504626,1.8614018162197266,22.2,0.4,1729.3,5524.6,0.23839589737934075,50.3,1014.4
927,41,lr,loso,Umluj - SWCC,25.00411,37.27382,01-03-2019 00:00,6381.1,6417.946524611051,36.84652461105088,36.84652461105088,1357.6663759127782,0.5774321764437305,22.6,0.8,1890.3,6770.1,0.21826936400166275,51.1,1012.9
928,41,lr,loso,Umluj - SWCC,25.00411,37.27382,01-04-2019 00:00,6939.8,6879.747033883581,-60.05296611641916,60.05296611641916,3606.3587393797875,0.8653414524398276,25.3,0.5,2371.0,6279.5,0.27408820299404657,54.6,1010.1
929,41,lr,loso,Umluj - SWCC,25.00411,37.27382,01-05-2019 00:00,7286.7,7166.652475588209,-120.04752441179062,120.04752441179062,14411.408117399464,1.6474882239119304,29.2,0.1,2464.0,6381.8,0.2785502724456805,62.3,1007.2
930,41,lr,loso,Umluj - SWCC,25.00411,37.27382,01-06-2019 00:00,7548.1,7544.643551184237,-3.4564488157629967,3.4564488157629967,11.947038415989422,0.04579230290752635,32.5,0.0,2346.2,6909.1,0.2534979957429797,55.3,1005.1
931,41,lr,loso,Umluj - SWCC,25.00411,37.27382,01-07-2019 00:00,7719.4,7418.623192170766,-300.7768078292338,300.7768078292338,90466.68812794384,3.8963754673839133,32.1,0.0,1789.5,7975.2,0.18326215859166178,62.8,1003.3
932,41,lr,loso,Umluj - SWCC,25.00411,37.27382,01-08-2019 00:00,7172.1,6956.186434865048,-215.91356513495248,215.91356513495248,46618.66760928537,3.0104650679013463,32.6,0.0,1825.1,7252.6,0.20105313019817792,63.7,1004.6
933,41,lr,loso,Umluj - SWCC,25.00411,37.27382,01-09-2019 00:00,6201.0,6228.076025593226,27.076025593226404,27.076025593226404,733.1111619250513,0.43663966446099667,30.9,0.0,2219.7,5567.2,0.28505567042083496,69.9,1005.5
934,41,lr,loso,Umluj - SWCC,25.00411,37.27382,01-10-2019 00:00,5237.5,5483.6696664580795,246.16966645807952,246.16966645807952,60599.50468408212,4.700136829748535,30.6,0.0,1872.5,5319.4,0.2603623520905463,64.3,1009.2
935,41,lr,loso,Umluj - SWCC,25.00411,37.27382,01-11-2019 00:00,4663.0,5089.068208751645,426.0682087516452,426.0682087516452,181534.11850883553,9.137212282900391,27.4,0.0,1263.6,6261.0,0.16792919224942188,54.2,1011.1
936,41,lr,loso,Umluj - SWCC,25.00411,37.27382,01-12-2019 00:00,4424.3,4993.645285342465,569.3452853424651,569.3452853424651,324154.053941693,12.868595830808605,22.9,0.0,962.1,7000.3,0.12083040289359992,48.7,1014.7
937,41,lr,loso,Umluj - SWCC,25.00411,37.27382,01-01-2020 00:00,4496.6,4916.476173654112,419.8761736541119,419.8761736541119,176296.00120241792,9.337636740072764,19.7,0.0,1133.8,6545.9,0.14763597536362097,46.8,1017.4
938,41,lr,loso,Umluj - SWCC,25.00411,37.27382,01-02-2020 00:00,5487.1,5778.209968595754,291.10996859575334,291.10996859575334,84745.0138158205,5.305351981843839,20.7,0.0,1317.3,7167.4,0.15525593126451143,54.0,1015.8
939,41,lr,loso,Umluj - SWCC,25.00411,37.27382,01-03-2020 00:00,6296.2,6295.978434129409,-0.2215658705908936,0.2215658705908936,0.04909143501070062,0.0035190411770733713,23.6,2.9,2293.7,5856.0,0.28144594279544033,56.4,1011.7
940,41,lr,loso,Umluj - SWCC,25.00411,37.27382,01-04-2020 00:00,7289.3,7158.81253181567,-130.48746818433028,130.48746818433028,17026.979353156607,1.7901234437371252,25.4,3.3,2294.6,6871.1,0.25034640016583565,59.8,1010.4
941,41,lr,loso,Umluj - SWCC,25.00411,37.27382,01-05-2020 00:00,7382.4,7327.526064342812,-54.87393565718776,54.87393565718776,3011.148814509182,0.7433075376190366,29.0,3.0,2402.8,6623.9,0.26618808645462905,60.8,1008.0
942,41,lr,loso,Umluj - SWCC,25.00411,37.27382,01-09-2020 00:00,6252.2,6268.713520281189,16.513520281188903,16.513520281188903,272.69635207723724,0.26412335307873874,33.6,2.7,2145.4,5735.0,0.27224506370235013,62.0,1005.2
943,41,lr,loso,Umluj - SWCC,25.00411,37.27382,01-10-2020 00:00,5538.8,5822.430497471409,283.6304974714085,283.6304974714085,80446.25909587866,5.12079326697856,31.4,2.1,1499.9,6507.8,0.1873072168038263,51.7,1009.4
944,41,lr,loso,Umluj - SWCC,25.00411,37.27382,01-11-2020 00:00,4650.6,5134.452689180991,483.85268918099064,483.85268918099064,234113.42482767632,10.404091712488508,26.5,3.1,1069.4,6695.2,0.1377276356798805,54.8,1012.4
945,41,lr,loso,Umluj - SWCC,25.00411,37.27382,01-12-2020 00:00,4134.5,4491.392036645202,356.8920366452021,356.8920366452021,127371.92582076028,8.632048292301416,24.3,2.7,1242.8,5702.6,0.17893857805166008,52.8,1013.9
946,41,lr,loso,Umluj - SWCC,25.00411,37.27382,01-01-2021 00:00,4551.5,4942.099412559254,390.59941255925423,390.59941255925423,152567.9010916345,8.58177331779093,23.3,3.1,1358.5,6064.5,0.1830122591943958,52.0,1014.6
947,41,lr,loso,Umluj - SWCC,25.00411,37.27382,01-02-2021 00:00,5326.6,5572.7184298305065,246.1184298305061,246.1184298305061,60574.28150223375,4.620554008758046,22.6,3.3,1338.4,6747.1,0.1655308886277905,53.8,1014.3
948,41,lr,loso,Umluj - SWCC,25.00411,37.27382,01-03-2021 00:00,6299.4,6278.465360443613,-20.934639556387083,20.934639556387083,438.25913335584676,0.3323275162140376,24.5,3.4,2221.2,5961.2,0.27146069612827534,57.6,1011.2
949,41,lr,loso,Umluj - SWCC,25.00411,37.27382,01-04-2021 00:00,7206.9,7030.426514102894,-176.473485897106,176.473485897106,31142.89122467607,2.4486739915512357,26.6,3.0,2338.7,6639.8,0.2604778080971209,61.1,1009.8
950,41,lr,loso,Umluj - SWCC,25.00411,37.27382,01-05-2021 00:00,7448.6,7391.823078379324,-56.77692162067615,56.77692162067615,3223.6188287204027,0.7622495720091849,30.5,2.7,2210.7,7041.8,0.23893001891380705,62.0,1006.4
951,41,lr,loso,Umluj - SWCC,25.00411,37.27382,01-07-2021 00:00,7250.6,7212.734894242647,-37.865105757353376,37.865105757353376,1433.7662340155557,0.5222341014171706,32.1,3.0,2348.7,6507.2,0.2652130218272564,63.0,1002.3
952,41,lr,loso,Umluj - SWCC,25.00411,37.27382,01-08-2021 00:00,6928.1,6894.790956483531,-33.3090435164695,33.3090435164695,1109.492379982059,0.480781794669094,33.0,2.8,2195.7,6375.9,0.256159876802464,64.7,1003.3
953,41,lr,loso,Umluj - SWCC,25.00411,37.27382,01-09-2021 00:00,6136.1,6215.140233730523,79.04023373052223,79.04023373052223,6247.3585481755845,1.2881184095846259,30.8,3.1,2252.4,5489.1,0.2909513660143383,70.8,1005.4
954,41,lr,loso,Umluj - SWCC,25.00411,37.27382,01-10-2021 00:00,5448.4,5534.6911474527415,86.29114745274182,86.29114745274182,7446.162128710832,1.583788771983368,28.9,2.9,1623.5,6044.3,0.2117295704113305,68.1,1009.6
955,41,lr,loso,Umluj - SWCC,25.00411,37.27382,01-11-2021 00:00,4539.7,4913.920653375688,374.220653375688,374.220653375688,140041.09741292684,8.243290379886073,26.8,2.5,1257.1,6067.4,0.17162946276196325,59.8,1011.9
956,41,lr,loso,Umluj - SWCC,25.00411,37.27382,01-12-2021 00:00,3847.4,4028.001922169764,180.60192216976384,180.60192216976384,32617.054291413435,4.694129078592395,23.3,2.9,1361.4,4889.2,0.2178030909032733,53.6,1014.6
957,42,lr,loso,Wadi Addawasir - TVTC,20.43008,44.89433,01-01-2017 00:00,4977.4,4863.58987289948,-113.81012710051982,113.81012710051982,12952.745030636477,2.286537692379954,18.6,2.7,1579.1,5955.5,0.20957980516550312,28.5,941.9
958,42,lr,loso,Wadi Addawasir - TVTC,20.43008,44.89433,01-02-2017 00:00,5020.4,4729.901804768294,-290.4981952317057,290.4981952317057,84389.20143287821,5.786355573892632,18.1,3.5,2572.6,3716.9,0.409030924556801,36.1,942.0
959,42,lr,loso,Wadi Addawasir - TVTC,20.43008,44.89433,01-03-2017 00:00,5831.1,5681.054550029684,-150.04544997031644,150.04544997031644,22513.637056794734,2.5731928790505467,25.2,3.2,2967.1,3884.9,0.4330268534734384,32.7,937.2
960,42,lr,loso,Wadi Addawasir - TVTC,20.43008,44.89433,01-04-2017 00:00,6901.4,6860.546582870573,-40.853417129426816,40.853417129426816,1669.0016911509445,0.5919584016203497,29.6,3.0,2843.7,5392.9,0.34525168151907343,16.8,937.4
961,42,lr,loso,Wadi Addawasir - TVTC,20.43008,44.89433,01-05-2017 00:00,6876.1,6963.989784955155,87.88978495515494,87.88978495515494,7724.614299463379,1.2781923612971733,33.6,2.5,3274.7,4561.7,0.41788321167883213,19.0,935.2
962,42,lr,loso,Wadi Addawasir - TVTC,20.43008,44.89433,01-05-2019 00:00,6581.4,6511.202803471913,-70.19719652808635,70.19719652808635,4927.646400402778,1.0665997588368181,32.1,3.1,3115.5,4327.2,0.4185980894030392,20.8,935.8
963,42,lr,loso,Wadi Addawasir - TVTC,20.43008,44.89433,01-02-2020 00:00,5844.4,5729.550992127144,-114.84900787285551,114.84900787285551,13190.294609379227,1.9651120366993278,20.9,3.3,2203.6,5644.7,0.2807741803957545,21.8,941.5
964,42,lr,loso,Wadi Addawasir - TVTC,20.43008,44.89433,01-04-2020 00:00,6929.7,6880.41073214836,-49.289267851640034,49.289267851640034,2429.4319253507156,0.7112756374971505,30.1,3.2,2829.1,5323.9,0.3470011038881393,27.1,936.0
965,42,lr,loso,Wadi Addawasir - TVTC,20.43008,44.89433,01-05-2020 00:00,6863.4,6858.78446498324,-4.615535016760077,4.615535016760077,21.303163490938445,0.06724852138532036,33.5,2.8,3240.3,4594.4,0.4135831620866147,15.0,935.3
966,42,lr,loso,Wadi Addawasir - TVTC,20.43008,44.89433,01-09-2020 00:00,7092.6,6877.429090912756,-215.17090908724458,215.17090908724458,46298.520117431275,3.0337381085532042,32.6,1.9,2038.8,6992.3,0.2257532305034824,12.4,933.7
967,42,lr,loso,Wadi Addawasir - TVTC,20.43008,44.89433,01-11-2020 00:00,5538.1,5761.970874205013,223.87087420501302,223.87087420501302,50118.16831731677,4.04237688385932,22.6,2.5,1207.5,7472.4,0.13911450592748764,27.0,941.0
968,42,lr,loso,Wadi Addawasir - TVTC,20.43008,44.89433,01-01-2021 00:00,5181.0,5215.9569927870725,34.95699278707252,34.95699278707252,1221.9913447154404,0.674715166706669,17.4,2.9,1607.7,6255.2,0.2044665454221725,30.7,942.8
969,42,lr,loso,Wadi Addawasir - TVTC,20.43008,44.89433,01-04-2021 00:00,7354.2,7150.253349708597,-203.94665029140288,203.94665029140288,41594.23616508378,2.773199672179202,29.0,2.7,2725.9,6052.8,0.3105129461081937,14.1,937.4
970,42,lr,loso,Wadi Addawasir - TVTC,20.43008,44.89433,01-07-2021 00:00,6964.2,7208.64734195139,244.44734195139063,244.44734195139063,59754.5029871001,3.5100563158925744,36.0,2.6,3141.6,4847.9,0.3932160961261656,18.5,928.1
971,42,lr,loso,Wadi Addawasir - TVTC,20.43008,44.89433,01-10-2021 00:00,6404.1,6326.006097673565,-78.09390232643545,78.09390232643545,6098.657580570841,1.2194360226485446,28.2,2.0,1683.5,7204.1,0.18942121607633106,18.2,938.5
1308,43,lr,loso,Yanbu - RCJY,23.98655,38.20451,01-01-2017 00:00,4068.4,4170.869082302706,102.46908230270628,102.46908230270628,10499.912827958795,2.518658005670688,22.4,2.4,1403.7,5130.4,0.21482683154527787,53.9,1014.2
1309,43,lr,loso,Yanbu - RCJY,23.98655,38.20451,01-02-2017 00:00,4398.5,4064.2875910109497,-334.21240898905035,334.21240898905035,111697.93432226426,7.598326906651138,21.6,3.5,1896.4,4096.8,0.3164252819862511,38.0,1014.4
1310,43,lr,loso,Yanbu - RCJY,23.98655,38.20451,01-09-2017 00:00,6309.4,6335.117225435748,25.717225435748333,25.717225435748333,661.375684113101,0.40760175984639324,32.5,0.0,2707.0,4926.1,0.3546396614743682,56.4,1004.7
1311,43,lr,loso,Yanbu - RCJY,23.98655,38.20451,01-11-2017 00:00,4643.4,4795.72792739008,152.32792739008073,152.32792739008073,23203.797462957707,3.28052563617351,26.5,0.0,1566.3,5473.5,0.22249211625330265,56.0,1011.7
1312,43,lr,loso,Yanbu - RCJY,23.98655,38.20451,01-04-2018 00:00,7540.4,7409.697064585552,-130.7029354144479,130.7029354144479,17083.25732595334,1.7333687259886463,26.8,0.0,2414.7,6962.9,0.25749658761303534,56.5,1007.9
1313,43,lr,loso,Yanbu - RCJY,23.98655,38.20451,01-05-2018 00:00,7572.4,7768.459096216206,196.05909621620594,196.05909621620594,38439.1692091155,2.5891275713935604,31.5,0.0,3416.5,5288.5,0.39247558874210225,44.0,1005.7
1314,43,lr,loso,Yanbu - RCJY,23.98655,38.20451,01-06-2018 00:00,7806.4,7903.21676214025,96.81676214024992,96.81676214024992,9373.485431321731,1.240222921452269,32.0,0.0,2673.0,6763.5,0.2832618025751073,52.8,1002.9
1315,43,lr,loso,Yanbu - RCJY,23.98655,38.20451,01-01-2019 00:00,4003.2,3992.032251117852,-11.167748882147862,11.167748882147862,124.71861509471482,0.2789705456172028,22.5,0.0,1845.6,3937.3,0.31914783240242783,52.7,1014.3
1316,43,lr,loso,Yanbu - RCJY,23.98655,38.20451,01-02-2019 00:00,5492.9,6016.327972659253,523.4279726592531,523.4279726592531,273976.8425621758,9.529173526902968,22.8,0.0,2272.0,5237.1,0.30256621965348707,42.4,1013.4
1317,43,lr,loso,Yanbu - RCJY,23.98655,38.20451,01-03-2019 00:00,6508.9,6638.714586190978,129.81458619097793,129.81458619097793,16851.82678793484,1.9944166631992801,23.0,0.0,2012.5,6677.6,0.23158536725699358,44.1,1012.0
1318,43,lr,loso,Yanbu - RCJY,23.98655,38.20451,01-04-2019 00:00,6712.6,6573.565000490639,-139.0349995093611,139.0349995093611,19330.731088568045,2.0712540522206164,26.3,0.0,2464.4,5801.4,0.29814416027486756,44.9,1009.1
1319,43,lr,loso,Yanbu - RCJY,23.98655,38.20451,01-10-2021 00:00,5533.9,5533.920511983883,0.02051198388380726,0.02051198388380726,0.0004207414828495688,0.0003706605447118174,29.6,0.0,1817.2,5649.4,0.24337717301047332,64.9,1008.4
