record_id,fold,model_name,cv_strategy,station_name,latitude,longitude,date,actual_ghi,predicted_ghi,residual_error,absolute_error,squared_error,relative_error_pct,air_temperature_c,wind_speed_m_s,dhi_wh_m2,dni_wh_m2,diffuse_fraction,relative_humidity_pct,barometric_pressure_mb
1214,1,lstm,loso,Afif - TVTC,23.92118,42.94815,01-01-2017 00:00,4723.7,5035.80712890625,312.1071289062502,312.1071289062502,97410.85991410266,6.607259752021724,17.4,4.3,1542.9,5834.3,0.20914439082578756,32.4,898.9
1215,1,lstm,loso,Afif - TVTC,23.92118,42.94815,01-02-2017 00:00,4872.1,5068.6796875,196.57968749999964,196.57968749999964,38643.57353759751,4.034804037273447,14.3,4.5,2397.0,3992.9,0.3751232413652796,39.3,898.9
1216,1,lstm,loso,Afif - TVTC,23.92118,42.94815,01-03-2017 00:00,5521.8,5370.2294921875,-151.57050781250018,151.57050781250018,22973.61883853918,2.7449474412782093,21.7,4.7,2974.0,3598.1,0.45251898175621186,36.2,895.0
1217,1,lstm,loso,Afif - TVTC,23.92118,42.94815,01-04-2017 00:00,6322.8,6370.4609375,47.66093749999982,47.66093749999982,2271.564963378889,0.7537947981906722,27.9,5.0,3415.9,3770.1,0.47535485666573896,20.6,896.1
1218,1,lstm,loso,Afif - TVTC,23.92118,42.94815,01-05-2017 00:00,6918.2,6862.65625,-55.54374999999982,55.54374999999982,3085.10816406248,0.8028641843254,31.0,3.5,3460.3,4369.2,0.44195670221597805,21.4,894.7
1219,1,lstm,loso,Afif - TVTC,23.92118,42.94815,01-06-2017 00:00,7910.8,7601.09521484375,-309.7047851562502,309.7047851562502,95917.05394867908,3.9149616367023583,34.5,3.8,2742.9,6769.5,0.2883499432319919,8.7,891.7
1220,1,lstm,loso,Afif - TVTC,23.92118,42.94815,01-09-2017 00:00,6954.4,6881.4970703125,-72.90292968749964,72.90292968749964,5314.837157020515,1.0482993455582026,31.6,3.1,2286.2,6573.0,0.2580594184576485,10.0,894.3
1221,1,lstm,loso,Afif - TVTC,23.92118,42.94815,01-10-2017 00:00,6326.5,6431.6552734375,105.1552734375,105.1552734375,11057.631531715393,1.6621397840433099,27.5,3.8,1532.0,7682.0,0.1662687215107445,13.0,897.3
1222,1,lstm,loso,Afif - TVTC,23.92118,42.94815,01-11-2017 00:00,4973.7,5144.3955078125,170.69550781250018,170.69550781250018,29136.95638736731,3.431962277831397,21.4,4.3,1611.6,5986.5,0.21210565799344572,32.7,898.5
1223,1,lstm,loso,Afif - TVTC,23.92118,42.94815,01-03-2018 00:00,6556.4,6488.75390625,-67.64609374999964,67.64609374999964,4575.99399963374,1.0317566614300475,24.7,4.3,2421.9,6007.3,0.28732264034546573,25.7,896.8
1224,1,lstm,loso,Afif - TVTC,23.92118,42.94815,01-04-2018 00:00,6654.2,6576.546875,-77.65312499999982,77.65312499999982,6030.007822265597,1.1669791259655529,24.7,4.9,3076.3,4729.0,0.3941296298668853,35.1,894.3
1225,1,lstm,loso,Afif - TVTC,23.92118,42.94815,01-05-2018 00:00,7499.6,7146.29443359375,-353.30556640625036,353.30556640625036,124824.82325364139,4.710992138330716,30.7,4.3,3497.6,5083.6,0.4075886822355847,19.1,893.8
1226,1,lstm,loso,Afif - TVTC,23.92118,42.94815,01-06-2018 00:00,7850.1,7644.439453125,-205.66054687500036,205.66054687500036,42296.260540924224,2.6198462041884865,34.3,3.4,3047.3,6214.8,0.3290074605111152,12.1,891.7
1227,1,lstm,loso,Afif - TVTC,23.92118,42.94815,01-07-2018 00:00,7727.5,7499.27001953125,-228.22998046875,228.22998046875,52088.92398476601,2.9534775861371725,34.1,3.4,2838.8,6323.6,0.30983148520038417,13.2,890.2
1228,1,lstm,loso,Afif - TVTC,23.92118,42.94815,01-08-2018 00:00,7555.9,7289.4130859375,-266.48691406249964,266.48691406249964,71015.27536655407,3.526871902255187,34.2,3.0,2169.3,7267.0,0.2298888335470471,13.2,890.9
1229,1,lstm,loso,Afif - TVTC,23.92118,42.94815,01-09-2018 00:00,6637.8,6795.4931640625,157.69316406249982,157.69316406249982,24867.133992042483,2.3756841734083554,33.8,3.3,2582.3,5525.6,0.3184918412905931,13.6,894.3
1230,1,lstm,loso,Afif - TVTC,23.92118,42.94815,01-10-2018 00:00,5498.5,5522.71826171875,24.21826171875,24.21826171875,586.5242006778717,0.44045215456488135,26.4,3.9,1913.0,5582.8,0.25520958403372557,33.6,898.2
1231,1,lstm,loso,Afif - TVTC,23.92118,42.94815,01-11-2018 00:00,4236.3,4491.40478515625,255.10478515624982,255.10478515624982,65078.45140961638,6.0218772314578715,20.0,4.2,1777.1,4318.1,0.2915572909830686,60.4,898.4
1232,1,lstm,loso,Afif - TVTC,23.92118,42.94815,01-12-2018 00:00,4387.7,4820.3876953125,432.6876953125002,432.6876953125002,187218.641674843,9.86137829187274,18.5,4.2,1505.2,5596.8,0.21194029850746268,45.7,899.6
1233,1,lstm,loso,Afif - TVTC,23.92118,42.94815,01-01-2019 00:00,4414.1,4628.7666015625,214.66660156249964,214.66660156249964,46081.749826392974,4.863202047133043,18.4,4.6,2204.3,3976.2,0.35665399239543727,40.4,899.2
1234,1,lstm,loso,Afif - TVTC,23.92118,42.94815,01-02-2019 00:00,5097.9,5020.751953125,-77.14804687499964,77.14804687499964,5951.821136627141,1.5133299373271276,17.9,4.7,2182.2,4812.9,0.31196123000385984,41.5,898.0
1235,1,lstm,loso,Afif - TVTC,23.92118,42.94815,01-03-2019 00:00,6589.6,6273.85302734375,-315.74697265625036,315.74697265625036,99696.15074158691,4.791595433049811,20.0,4.4,2364.1,6282.7,0.2734075033538419,26.4,896.3
1236,1,lstm,loso,Afif - TVTC,23.92118,42.94815,01-04-2019 00:00,7156.5,6976.1767578125,-180.3232421875,180.3232421875,32516.47167301178,2.5197127392929506,24.4,4.0,2643.4,6163.0,0.3001680595930233,28.6,895.4
1237,1,lstm,loso,Afif - TVTC,23.92118,42.94815,01-05-2019 00:00,6958.5,6808.22265625,-150.27734375,150.27734375,22583.280044555664,2.1596226737084145,30.0,3.6,2892.2,5191.5,0.3577817088709378,26.4,894.9
1238,1,lstm,loso,Afif - TVTC,23.92118,42.94815,01-06-2019 00:00,7610.3,7462.44287109375,-147.85712890625018,147.85712890625018,21861.730568399482,1.9428554578170398,35.1,3.4,2739.2,6325.8,0.30217319360176503,13.3,892.4
1239,1,lstm,loso,Afif - TVTC,23.92118,42.94815,01-07-2019 00:00,7836.3,7612.21728515625,-224.08271484375018,224.08271484375018,50213.063091745455,2.859547424725319,35.4,3.3,2634.9,6860.6,0.2774893370543942,12.2,889.8
1240,1,lstm,loso,Afif - TVTC,23.92118,42.94815,01-08-2019 00:00,7641.6,7466.9443359375,-174.65566406250036,174.65566406250036,30504.60098911298,2.285590243698968,34.3,3.3,2137.6,7414.8,0.22377622377622378,13.5,891.2
1241,1,lstm,loso,Afif - TVTC,23.92118,42.94815,01-09-2019 00:00,6736.4,6850.025390625,113.62539062500036,113.62539062500036,12910.72939468392,1.686737584243815,33.6,3.5,2220.0,6283.9,0.2610566916356025,14.2,893.4
1242,1,lstm,loso,Afif - TVTC,23.92118,42.94815,01-10-2019 00:00,5849.9,6420.0244140625,570.1244140625004,570.1244140625004,325041.84751010936,9.74588307599276,29.1,3.2,1861.0,6245.0,0.22958302491981247,21.6,896.5
1243,1,lstm,loso,Afif - TVTC,23.92118,42.94815,01-11-2019 00:00,4843.5,4957.48876953125,113.98876953125,113.98876953125,12993.439579248428,2.353438000025808,21.8,4.5,1732.7,5494.2,0.23975701891544093,39.2,898.0
1244,1,lstm,loso,Afif - TVTC,23.92118,42.94815,01-12-2019 00:00,4592.8,4954.9599609375,362.1599609374998,362.1599609374998,131159.8373062514,7.885384970769461,18.3,4.1,1308.8,6414.6,0.16945904653390992,38.5,898.7
1245,1,lstm,loso,Afif - TVTC,23.92118,42.94815,01-01-2020 00:00,5030.2,5003.1435546875,-27.056445312499818,27.056445312499818,732.0512329482934,0.5378801103832814,14.3,3.7,1246.2,7255.0,0.14659106949607115,36.0,899.4
1246,1,lstm,loso,Afif - TVTC,23.92118,42.94815,01-02-2020 00:00,5601.3,5538.310546875,-62.98945312500018,62.98945312500018,3967.671204986595,1.124550606555624,18.6,4.4,2050.5,5828.9,0.2602355509302739,30.9,898.8
1247,1,lstm,loso,Afif - TVTC,23.92118,42.94815,01-03-2020 00:00,6705.5,6469.6787109375,-235.8212890625,235.8212890625,55611.68037509918,3.5168337791738127,21.7,4.2,2476.1,6175.9,0.2861881645862228,22.1,895.8
1248,1,lstm,loso,Afif - TVTC,23.92118,42.94815,01-04-2020 00:00,7324.1,7029.0390625,-295.06093750000036,295.06093750000036,87060.95683837912,4.028630650864957,26.4,4.0,2808.9,6139.0,0.3139172319762179,27.2,894.6
1249,1,lstm,loso,Afif - TVTC,23.92118,42.94815,01-05-2020 00:00,7113.0,6956.283203125,-156.716796875,156.716796875,24560.15442276001,2.203244719176156,31.2,4.0,3419.7,4699.0,0.4212127557367559,20.2,894.9
1250,1,lstm,loso,Afif - TVTC,23.92118,42.94815,01-09-2020 00:00,6862.5,6850.0556640625,-12.4443359375,12.4443359375,154.861496925354,0.1813382285974499,32.1,2.9,2037.5,6866.3,0.2288348794896561,12.9,893.9
1251,1,lstm,loso,Afif - TVTC,23.92118,42.94815,01-10-2020 00:00,6419.3,6844.685546875,425.3855468749998,425.3855468749998,180952.86349014266,6.62666563137725,25.8,2.7,1220.8,8472.9,0.1259374645388242,14.6,898.2
1252,1,lstm,loso,Afif - TVTC,23.92118,42.94815,01-11-2020 00:00,5000.4,5306.46337890625,306.06337890625036,306.06337890625036,93674.79190751098,6.120777915891736,22.5,4.7,1439.3,6489.2,0.18153496878350256,33.5,898.3
1253,1,lstm,loso,Afif - TVTC,23.92118,42.94815,01-12-2020 00:00,4332.4,4864.98095703125,532.5809570312504,532.5809570312504,283642.47579232254,12.292977495874121,18.0,4.6,1616.9,5196.0,0.23732918434146988,43.7,899.3
1254,1,lstm,loso,Afif - TVTC,23.92118,42.94815,01-01-2021 00:00,4835.5,5111.85107421875,276.35107421875,276.35107421875,76369.91622185707,5.7150465147089236,16.9,4.6,1669.7,5767.6,0.2245035160609361,38.5,899.6
1255,1,lstm,loso,Afif - TVTC,23.92118,42.94815,01-02-2021 00:00,5430.2,5508.65625,78.45625000000018,78.45625000000018,6155.3831640625285,1.4448132665463553,18.4,5.0,2034.9,5682.9,0.2636632200886263,37.3,898.3
1256,1,lstm,loso,Afif - TVTC,23.92118,42.94815,01-03-2021 00:00,6626.1,6571.75341796875,-54.346582031250364,54.346582031250364,2953.550978479425,0.8201895840879304,24.6,4.6,2908.1,5271.0,0.35555256690833953,20.5,896.4
1257,1,lstm,loso,Afif - TVTC,23.92118,42.94815,01-04-2021 00:00,7084.3,6883.98388671875,-200.31611328125018,200.31611328125018,40126.54524010666,2.8276063024046154,26.9,3.9,3134.9,5236.5,0.3744773872948372,22.3,896.4
1258,1,lstm,loso,Afif - TVTC,23.92118,42.94815,01-05-2021 00:00,8037.0,7568.69921875,-468.30078125,468.30078125,219305.62171936035,5.826810765833022,32.6,3.2,2602.0,7173.4,0.2661783661026659,12.3,893.4
1259,1,lstm,loso,Afif - TVTC,23.92118,42.94815,01-08-2021 00:00,7523.6,7277.333984375,-246.26601562500036,246.26601562500036,60646.950451812925,3.273247057592115,35.3,3.3,2449.3,6776.8,0.26547511949794605,12.7,891.1
1260,1,lstm,loso,Afif - TVTC,23.92118,42.94815,01-09-2021 00:00,6930.7,7030.74609375,100.04609375000018,100.04609375000018,10009.220874633826,1.443520766300665,32.7,3.3,2300.2,6470.7,0.26225358857129827,13.1,893.2
1261,1,lstm,loso,Afif - TVTC,23.92118,42.94815,01-11-2021 00:00,5126.2,5512.1103515625,385.9103515625002,385.9103515625002,148926.7994430925,7.5281953798622805,23.0,3.9,1489.8,6500.4,0.18645340542164152,28.5,898.5
1262,1,lstm,loso,Afif - TVTC,23.92118,42.94815,01-12-2021 00:00,4333.9,4895.94091796875,562.0409179687504,562.0409179687504,315889.9934711556,12.968479152005132,18.2,4.0,1642.5,5185.3,0.24056064911098743,37.5,899.5
1441,2,lstm,loso,Al Ahsa - KFU,25.34616,49.5956,01-01-2017 00:00,3707.6,4500.95263671875,793.3526367187501,793.3526367187501,629408.406188593,21.39801048437669,17.0,1.9,1691.9,3758.5,0.3104175840305299,37.9,1000.6
1442,2,lstm,loso,Al Ahsa - KFU,25.34616,49.5956,01-02-2017 00:00,3725.0,4272.009765625,547.009765625,547.009765625,299219.68368911743,14.684825922818792,15.4,1.8,2081.7,2698.7,0.4354656514099238,44.8,1001.4
1443,2,lstm,loso,Al Ahsa - KFU,25.34616,49.5956,01-03-2017 00:00,4575.6,4771.3642578125,195.76425781249964,195.76425781249964,38323.644636878824,4.2784390640025265,22.3,1.6,2750.5,2633.0,0.5109129748305006,40.7,995.9
1444,2,lstm,loso,Al Ahsa - KFU,25.34616,49.5956,01-04-2017 00:00,6136.1,6279.8623046875,143.76230468749964,143.76230468749964,20667.60024906148,2.342893771084233,30.0,2.0,3259.5,3821.9,0.4602903380687435,21.6,993.7
1445,2,lstm,loso,Al Ahsa - KFU,25.34616,49.5956,01-09-2017 00:00,6667.4,6396.49072265625,-270.90927734374964,270.90927734374964,73391.83655091266,4.063192209013254,35.7,1.2,2166.1,6297.6,0.2559282583267365,29.6,988.3
1446,2,lstm,loso,Al Ahsa - KFU,25.34616,49.5956,01-11-2017 00:00,4347.2,4571.2490234375,224.04902343750018,224.04902343750018,50197.96490329751,5.153869696298771,23.7,1.4,1673.0,4803.4,0.25832252485948987,37.8,998.8
1447,2,lstm,loso,Al Ahsa - KFU,25.34616,49.5956,01-12-2017 00:00,4260.2,5993.509765625,1733.3097656250002,1733.3097656250002,3004362.743610993,40.68611252112577,17.8,1.6,1195.7,6085.2,0.16422420305182053,31.2,1002.5
1448,2,lstm,loso,Al Ahsa - KFU,25.34616,49.5956,01-03-2019 00:00,5956.1,5306.94677734375,-649.1532226562504,649.1532226562504,421399.9064849954,10.898964467625632,21.4,1.9,2431.1,5091.9,0.32315565598830254,34.6,996.9
1449,2,lstm,loso,Al Ahsa - KFU,25.34616,49.5956,01-05-2019 00:00,5879.3,6403.72412109375,524.4241210937498,524.4241210937498,275020.65878495196,8.919839455271033,34.3,1.7,3126.1,3401.6,0.47889762090782356,18.6,990.6
1450,2,lstm,loso,Al Ahsa - KFU,25.34616,49.5956,01-07-2019 00:00,7450.6,7298.2138671875,-152.38613281250036,152.38613281250036,23221.533473549,2.045286726069046,38.8,2.0,2768.7,5921.1,0.3186149278464407,14.9,981.1
1451,2,lstm,loso,Al Ahsa - KFU,25.34616,49.5956,01-08-2019 00:00,7203.9,7287.41650390625,83.51650390625036,83.51650390625036,6975.006424722732,1.1593234762593925,38.7,1.9,2596.3,6001.1,0.30198664712587525,17.0,982.8
1452,2,lstm,loso,Al Ahsa - KFU,25.34616,49.5956,01-11-2019 00:00,4107.6,4378.90576171875,271.30576171874964,271.30576171874964,73606.81634179095,6.604970340801189,23.3,1.4,1743.9,4166.4,0.29506116440789815,43.8,999.0
1453,2,lstm,loso,Al Ahsa - KFU,25.34616,49.5956,01-02-2020 00:00,4940.6,4695.8583984375,-244.74160156250036,244.74160156250036,59898.45153537768,4.953681770685754,19.1,1.4,1896.0,4985.1,0.2755373414134368,32.7,1000.7
1454,2,lstm,loso,Al Ahsa - KFU,25.34616,49.5956,01-09-2020 00:00,6638.8,7056.17529296875,417.3752929687498,417.3752929687498,174202.13518074976,6.286908672783483,36.1,1.2,1902.2,6615.8,0.22331533223761446,21.4,987.9
1455,2,lstm,loso,Al Ahsa - KFU,25.34616,49.5956,01-11-2020 00:00,4461.1,4485.38037109375,24.280371093749636,24.280371093749636,589.5364204501928,0.5442687026462002,24.4,0.0,1402.9,5489.3,0.20354893938074925,41.6,999.1
1456,2,lstm,loso,Al Ahsa - KFU,25.34616,49.5956,01-04-2021 00:00,6957.6,6660.63525390625,-296.96474609375036,296.96474609375036,88188.06042252562,4.268206653066436,30.1,0.0,2924.7,5225.1,0.35886770227490244,16.5,993.1
1457,2,lstm,loso,Al Ahsa - KFU,25.34616,49.5956,01-07-2021 00:00,7299.4,7202.03173828125,-97.36826171874964,97.36826171874964,9480.578390130926,1.333921441745207,39.7,0.0,2690.6,5825.2,0.3159538739754339,21.2,980.3
1458,2,lstm,loso,Al Ahsa - KFU,25.34616,49.5956,01-10-2021 00:00,5573.0,5717.38037109375,144.38037109375,144.38037109375,20845.69155716896,2.5907118444957833,31.2,0.0,1680.5,6010.6,0.21849930439078935,31.4,993.7
765,3,lstm,loso,Al Baha - University,20.1794,41.6357,01-01-2017 00:00,5018.8,5269.189453125,250.38945312499982,250.38945312499982,62694.87823623648,4.989030308539887,18.5,2.5,1128.1,6915.1,0.1402551223393674,39.0,836.3
766,3,lstm,loso,Al Baha - University,20.1794,41.6357,01-02-2017 00:00,5049.4,4938.57666015625,-110.82333984374964,110.82333984374964,12281.812654123225,2.194782347283829,16.5,3.2,2030.9,4829.5,0.296032301323538,48.5,835.0
767,3,lstm,loso,Al Baha - University,20.1794,41.6357,01-03-2018 00:00,6968.5,6691.1806640625,-277.3193359375,277.3193359375,76906.01408481598,3.979613057867547,21.2,2.6,1712.1,7597.9,0.18389903329752952,29.4,834.9
768,3,lstm,loso,Al Baha - University,20.1794,41.6357,01-04-2018 00:00,6852.4,6636.04541015625,-216.35458984374964,216.35458984374964,46809.308546457134,3.1573549390541946,21.6,3.3,2345.7,6034.2,0.27991980811226863,42.2,833.6
769,3,lstm,loso,Al Baha - University,20.1794,41.6357,01-05-2018 00:00,7144.1,6606.58447265625,-537.5155273437504,537.5155273437504,288922.94213563006,7.52390822278174,26.5,2.8,2678.3,5692.9,0.31994218272171254,24.2,833.6
770,3,lstm,loso,Al Baha - University,20.1794,41.6357,01-06-2018 00:00,6996.7,6871.39306640625,-125.30693359374982,125.30693359374982,15701.827606668427,1.7909433532057946,29.3,2.8,3295.4,4686.4,0.41286426620561784,17.9,832.4
771,3,lstm,loso,Al Baha - University,20.1794,41.6357,01-07-2018 00:00,6665.0,6567.05126953125,-97.94873046875,97.94873046875,9593.953800439835,1.4695983566204052,28.6,3.1,3105.6,4438.7,0.4116485293532866,21.9,831.6
772,3,lstm,loso,Al Baha - University,20.1794,41.6357,01-08-2018 00:00,6590.6,6653.5693359375,62.969335937499636,62.969335937499636,3965.137268409683,0.9554416280384127,28.9,3.1,2628.8,5055.4,0.34210457822544965,23.4,831.9
773,3,lstm,loso,Al Baha - University,20.1794,41.6357,01-03-2019 00:00,6846.4,5742.0634765625,-1104.3365234374996,1104.3365234374996,1219559.1569980232,16.130178246049017,19.5,0.0,1944.9,7084.3,0.21540114295840163,35.4,834.0
774,3,lstm,loso,Al Baha - University,20.1794,41.6357,01-04-2019 00:00,6864.9,5947.10595703125,-917.7940429687496,917.7940429687496,842345.9053089231,13.369372357481533,22.5,0.0,2381.3,5975.5,0.2849535707447827,40.4,834.1
775,3,lstm,loso,Al Baha - University,20.1794,41.6357,01-05-2019 00:00,5895.8,6210.22265625,314.4226562499998,314.4226562499998,98861.60676330555,5.332993932121168,24.1,0.0,2730.5,4082.4,0.4007838071893027,34.4,834.7
776,3,lstm,loso,Al Baha - University,20.1794,41.6357,01-06-2019 00:00,6252.5,6383.517578125,131.017578125,131.017578125,17165.60577774048,2.095443072770892,29.1,0.0,2752.9,4397.7,0.38498867227924927,18.4,833.2
777,3,lstm,loso,Al Baha - University,20.1794,41.6357,01-07-2019 00:00,6914.6,6594.435546875,-320.16445312500036,320.16445312500036,102505.27704483055,4.630267161151771,29.9,0.0,2950.1,4929.2,0.37441143248765757,16.4,831.3
778,3,lstm,loso,Al Baha - University,20.1794,41.6357,01-08-2019 00:00,6362.0,6292.408203125,-69.591796875,69.591796875,4843.01819229126,1.093866659462433,27.8,0.0,2624.2,4751.7,0.3557803115552,28.3,832.4
779,3,lstm,loso,Al Baha - University,20.1794,41.6357,01-09-2019 00:00,6709.8,6507.85498046875,-201.94501953125018,201.94501953125018,40781.790913477016,3.0097025176793673,28.4,0.0,2286.3,6008.3,0.2756371615267765,17.1,833.5
780,3,lstm,loso,Al Baha - University,20.1794,41.6357,01-10-2019 00:00,6017.5,5507.24072265625,-510.25927734375,510.25927734375,260364.53011536598,8.479589154029913,23.9,0.0,1698.9,6532.6,0.2063900868614469,27.1,835.5
781,3,lstm,loso,Al Baha - University,20.1794,41.6357,01-11-2019 00:00,4554.2,4664.9267578125,110.72675781250018,110.72675781250018,12260.41489566807,2.4313108298383947,19.3,0.0,1546.0,5047.1,0.2344875703386874,47.2,835.2
782,3,lstm,loso,Al Baha - University,20.1794,41.6357,01-12-2019 00:00,4915.2,4896.42626953125,-18.773730468749818,18.773730468749818,352.4529557132653,0.381952524185177,17.2,0.0,1302.9,6612.5,0.16460317861384138,49.4,835.6
783,3,lstm,loso,Al Baha - University,20.1794,41.6357,01-01-2020 00:00,5450.1,5420.9951171875,-29.104882812500364,29.104882812500364,847.0942035293791,0.5340247483991186,15.2,0.4,1087.9,7888.5,0.12119557951962927,41.3,835.8
784,3,lstm,loso,Al Baha - University,20.1794,41.6357,01-02-2020 00:00,5930.5,5925.64501953125,-4.85498046875,4.85498046875,23.57083535194397,0.08186460616727088,18.2,3.3,1902.6,6379.0,0.2297382148377125,39.4,835.8
785,3,lstm,loso,Al Baha - University,20.1794,41.6357,01-03-2020 00:00,6950.0,6471.60546875,-478.39453125,478.39453125,228861.32752990723,6.883374550359712,20.2,3.1,2099.5,6879.2,0.23383117823292904,34.0,833.9
786,3,lstm,loso,Al Baha - University,20.1794,41.6357,01-04-2020 00:00,6931.5,6957.21142578125,25.71142578125,25.71142578125,661.0774157047272,0.37093595587174494,22.8,3.0,2117.6,6560.4,0.24401935929937774,37.2,834.1
787,3,lstm,loso,Al Baha - University,20.1794,41.6357,01-09-2020 00:00,6908.0,6692.94091796875,-215.05908203125,215.05908203125,46250.40876412392,3.1131887960516793,27.6,2.6,2028.7,6740.8,0.23133588003877076,16.0,833.4
788,3,lstm,loso,Al Baha - University,20.1794,41.6357,01-10-2020 00:00,6661.9,6294.255859375,-367.64414062499964,367.64414062499964,135162.2141358945,5.518607914033529,22.9,2.5,1150.5,8582.6,0.11820488847335381,15.4,835.9
789,3,lstm,loso,Al Baha - University,20.1794,41.6357,01-11-2020 00:00,5160.2,5559.19580078125,398.9958007812502,398.9958007812502,159197.6490410711,7.732177062541185,20.3,2.1,1240.5,6777.1,0.15472211135501895,38.4,836.0
790,3,lstm,loso,Al Baha - University,20.1794,41.6357,01-12-2020 00:00,5136.3,5403.89453125,267.5945312499998,267.5945312499998,71606.83315490713,5.209869580242583,17.7,2.2,1066.2,7527.1,0.12407340602562461,43.2,836.0
791,3,lstm,loso,Al Baha - University,20.1794,41.6357,01-01-2021 00:00,5303.7,5421.29833984375,117.59833984375018,117.59833984375018,13829.369534006162,2.2172886823114086,16.4,2.3,1257.3,7177.5,0.14906103286384978,37.8,835.7
792,3,lstm,loso,Al Baha - University,20.1794,41.6357,01-02-2021 00:00,5788.4,5505.61474609375,-282.78525390624964,282.78525390624964,79967.49982682208,4.885378583136093,17.6,3.2,1576.4,6719.2,0.19002844881623993,39.8,834.9
793,3,lstm,loso,Al Baha - University,20.1794,41.6357,01-09-2021 00:00,6325.3,6644.46728515625,319.1672851562498,319.1672851562498,101867.75591401088,5.0458837550195215,27.8,2.7,2401.5,5279.2,0.312666814222662,18.5,833.0
794,3,lstm,loso,Al Baha - University,20.1794,41.6357,01-10-2021 00:00,6161.8,6237.11767578125,75.31767578124982,75.31767578124982,5672.752285089466,1.2223323668611414,24.0,2.8,1513.4,7088.0,0.17594810147185344,21.0,835.9
795,3,lstm,loso,Al Baha - University,20.1794,41.6357,01-11-2021 00:00,5526.5,5632.517578125,106.017578125,106.017578125,11239.726871490479,1.9183493734732653,20.3,2.2,1123.8,7609.0,0.1286872480762184,30.8,836.0
796,3,lstm,loso,Al Baha - University,20.1794,41.6357,01-12-2021 00:00,5053.8,5108.95703125,55.15703124999982,55.15703124999982,3042.2980963134564,1.0913971912224427,17.6,2.4,989.7,7569.3,0.11563266736768314,35.9,836.1
972,4,lstm,loso,Al Dawadmi - TVTC,24.5569,44.47411,01-03-2017 00:00,5246.1,5531.15185546875,285.05185546874964,285.05185546874964,81254.56030617694,5.433595537041795,21.4,3.4,3019.8,3091.2,0.4941580756013746,39.7,906.1
973,4,lstm,loso,Al Dawadmi - TVTC,24.5569,44.47411,01-04-2017 00:00,6383.9,6263.69921875,-120.20078124999964,120.20078124999964,14448.227813110265,1.8828738114632064,27.9,3.2,3282.7,4047.5,0.44783225560012,22.1,907.1
974,4,lstm,loso,Al Dawadmi - TVTC,24.5569,44.47411,01-05-2017 00:00,6876.5,6672.46533203125,-204.03466796875,204.03466796875,41630.14573311806,2.967129614902203,32.4,3.0,3718.9,3915.8,0.48710492881187206,19.0,905.0
975,4,lstm,loso,Al Dawadmi - TVTC,24.5569,44.47411,01-06-2017 00:00,8289.8,7646.29296875,-643.5070312499993,643.5070312499993,414101.29926818755,7.7626363874882305,34.8,3.1,2772.7,7222.0,0.277417031026444,9.3,902.3
976,4,lstm,loso,Al Dawadmi - TVTC,24.5569,44.47411,01-09-2017 00:00,6916.9,6745.49658203125,-171.40341796874964,171.40341796874964,29379.131691369887,2.478038109105953,32.6,2.6,2270.6,6564.4,0.25700056593095644,9.9,904.8
977,4,lstm,loso,Al Dawadmi - TVTC,24.5569,44.47411,01-10-2017 00:00,6216.5,6006.50146484375,-209.99853515625,209.99853515625,44099.38476777077,3.3780830878508805,28.2,2.6,1625.7,7341.2,0.1813001148668994,13.5,907.8
978,4,lstm,loso,Al Dawadmi - TVTC,24.5569,44.47411,01-11-2017 00:00,4804.6,4806.9794921875,2.379492187499636,2.379492187499636,5.661983070371804,0.04952529216791483,21.2,2.6,1679.9,5576.3,0.23151236184228657,35.9,909.7
979,4,lstm,loso,Al Dawadmi - TVTC,24.5569,44.47411,01-03-2018 00:00,6327.1,6242.5087890625,-84.59121093750036,84.59121093750036,7155.6729678726815,1.3369665555704882,24.4,3.0,2484.1,5572.4,0.3083348848755663,24.9,907.6
980,4,lstm,loso,Al Dawadmi - TVTC,24.5569,44.47411,01-04-2018 00:00,6297.0,6189.9267578125,-107.0732421875,107.0732421875,11464.67919254303,1.7003849799507702,24.7,3.4,3284.9,3896.5,0.4574177736931518,36.6,905.0
981,4,lstm,loso,Al Dawadmi - TVTC,24.5569,44.47411,01-05-2018 00:00,7142.7,6737.19873046875,-405.5012695312498,405.5012695312498,164431.2795914553,5.67714267057625,30.5,3.3,3567.3,4445.4,0.4452057358942679,21.3,904.4
982,4,lstm,loso,Al Dawadmi - TVTC,24.5569,44.47411,01-06-2018 00:00,7910.4,7037.38427734375,-873.0157226562496,873.0157226562496,762156.4520050138,11.036303128239403,34.7,2.9,2829.1,6525.5,0.302428751630214,12.7,901.8
983,4,lstm,loso,Al Dawadmi - TVTC,24.5569,44.47411,01-07-2018 00:00,7785.4,7114.3408203125,-671.0591796874996,671.0591796874996,450320.4226428599,8.619456671301407,34.9,3.2,2828.1,6413.4,0.3060217497159552,12.0,899.9
984,4,lstm,loso,Al Dawadmi - TVTC,24.5569,44.47411,01-08-2018 00:00,7539.1,7136.9326171875,-402.16738281250036,402.16738281250036,161738.60379825623,5.33442165261769,34.3,2.9,2127.4,7341.5,0.22467234842484346,13.3,901.1
985,4,lstm,loso,Al Dawadmi - TVTC,24.5569,44.47411,01-09-2018 00:00,6587.5,6609.4423828125,21.9423828125,21.9423828125,481.4681634902954,0.3330912001897533,34.1,2.7,2459.7,5713.5,0.3009469975040376,12.7,904.7
986,4,lstm,loso,Al Dawadmi - TVTC,24.5569,44.47411,01-10-2018 00:00,5241.8,5322.494140625,80.69414062499982,80.69414062499982,6511.544331207246,1.5394357019535239,26.4,2.6,1941.9,5145.4,0.27399714983138856,33.2,909.2
987,4,lstm,loso,Al Dawadmi - TVTC,24.5569,44.47411,01-11-2018 00:00,3903.4,4367.6865234375,464.2865234374999,464.2865234374999,215561.97584568016,11.894413163844337,19.1,2.5,1894.2,3530.8,0.34916129032258064,68.3,909.7
988,4,lstm,loso,Al Dawadmi - TVTC,24.5569,44.47411,01-12-2018 00:00,4189.0,4357.1669921875,168.1669921875,168.1669921875,28280.137261390686,4.014490145321079,17.3,2.8,1538.3,5117.0,0.23113909215211936,51.3,910.8
989,4,lstm,loso,Al Dawadmi - TVTC,24.5569,44.47411,01-01-2019 00:00,4230.9,4475.353515625,244.45351562500036,244.45351562500036,59757.5213014223,5.7778136005341745,17.2,3.3,2265.2,3549.2,0.3895844799119428,40.5,910.2
990,4,lstm,loso,Al Dawadmi - TVTC,24.5569,44.47411,01-02-2019 00:00,4990.8,4869.013671875,-121.78632812500018,121.78632812500018,14831.90971817021,2.440216560972192,16.6,1.2,2211.8,4629.8,0.3232869504209542,44.5,909.2
991,4,lstm,loso,Al Dawadmi - TVTC,24.5569,44.47411,01-03-2019 00:00,6375.6,6326.744140625,-48.855859375000364,48.855859375000364,2386.894995269811,0.7662942997521859,19.4,2.2,2453.7,5810.6,0.2969035489999153,27.7,907.1
992,4,lstm,loso,Al Dawadmi - TVTC,24.5569,44.47411,01-04-2019 00:00,6715.8,6635.8837890625,-79.91621093750018,79.91621093750018,6386.600770607024,1.1899730625912055,23.9,0.0,2811.0,5298.9,0.346613398438945,30.4,906.2
993,4,lstm,loso,Al Dawadmi - TVTC,24.5569,44.47411,01-05-2019 00:00,6851.1,6602.9921875,-248.10781250000036,248.10781250000036,61557.48662353534,3.6214303177591973,30.5,0.0,2928.4,5014.1,0.3687000314762355,24.5,905.4
994,4,lstm,loso,Al Dawadmi - TVTC,24.5569,44.47411,01-06-2019 00:00,7720.3,7396.728515625,-323.5714843750002,323.5714843750002,104698.50550064098,4.191177601582842,35.5,0.0,2823.5,6364.0,0.30731972789115647,12.4,902.6
995,4,lstm,loso,Al Dawadmi - TVTC,24.5569,44.47411,01-07-2019 00:00,7893.1,7350.9736328125,-542.1263671875004,542.1263671875004,293900.9979999165,6.868358023938634,35.6,0.0,2362.3,7327.5,0.24379244153646107,11.8,899.9
996,4,lstm,loso,Al Dawadmi - TVTC,24.5569,44.47411,01-08-2019 00:00,7492.7,7156.658203125,-336.0417968749998,336.0417968749998,112924.08924697863,4.484922616346575,34.7,0.0,2126.7,7272.2,0.22627115939099254,12.5,901.3
997,4,lstm,loso,Al Dawadmi - TVTC,24.5569,44.47411,01-09-2019 00:00,6612.8,6827.806640625,215.00664062499982,215.00664062499982,46227.855512847826,3.251370684505804,33.6,0.0,2180.7,6265.0,0.2582023988538546,14.3,904.0
998,4,lstm,loso,Al Dawadmi - TVTC,24.5569,44.47411,01-10-2019 00:00,5699.9,4830.986328125,-868.9136718749996,868.9136718749996,755010.9691712945,15.24436695161318,28.9,0.0,1730.5,6196.8,0.2182962673293555,22.4,907.6
999,4,lstm,loso,Al Dawadmi - TVTC,24.5569,44.47411,01-11-2019 00:00,4333.7,4630.07958984375,296.3795898437502,296.3795898437502,87840.86127594959,6.838950315982883,20.7,0.0,1715.3,4642.1,0.2698115581841633,42.7,909.3
1000,4,lstm,loso,Al Dawadmi - TVTC,24.5569,44.47411,01-12-2019 00:00,4303.7,4552.005859375,248.30585937500018,248.30585937500018,61655.79979995736,5.7695903379650115,17.0,0.0,1231.7,6041.3,0.16935239928502682,43.1,909.8
1001,4,lstm,loso,Al Dawadmi - TVTC,24.5569,44.47411,01-01-2020 00:00,4790.7,4694.099609375,-96.60039062499982,96.60039062499982,9331.635468902552,2.0164149419708983,13.4,0.4,1199.6,6866.6,0.1487193474002628,38.2,910.5
1002,4,lstm,loso,Al Dawadmi - TVTC,24.5569,44.47411,01-02-2020 00:00,5383.8,5550.2294921875,166.42949218749982,166.42949218749982,27698.775869789064,3.0913015377149935,17.8,2.6,2133.3,5392.1,0.2834799479097457,29.3,910.0
1003,4,lstm,loso,Al Dawadmi - TVTC,24.5569,44.47411,01-03-2020 00:00,6521.3,6331.19677734375,-190.10322265625018,190.10322265625018,36139.235264291834,2.915112364961743,21.1,1.7,2573.1,5764.2,0.30862509445503944,23.4,906.8
1004,4,lstm,loso,Al Dawadmi - TVTC,24.5569,44.47411,01-04-2020 00:00,6967.3,6607.08203125,-360.2179687500002,360.2179687500002,129756.98501037611,5.170122841703388,26.2,3.5,2964.8,5243.9,0.3611777747999074,30.7,905.4
1005,4,lstm,loso,Al Dawadmi - TVTC,24.5569,44.47411,01-05-2020 00:00,7165.5,6748.7236328125,-416.7763671875,416.7763671875,173702.54024600983,5.816431054183239,31.2,3.2,3466.1,4717.4,0.4235473819270483,17.5,905.7
1006,4,lstm,loso,Al Dawadmi - TVTC,24.5569,44.47411,01-09-2020 00:00,6828.0,6722.453125,-105.546875,105.546875,11140.142822265625,1.5457948886936146,32.6,2.5,1985.2,6920.8,0.2229059061306984,13.3,904.4
1007,4,lstm,loso,Al Dawadmi - TVTC,24.5569,44.47411,01-10-2020 00:00,6238.0,6056.17529296875,-181.82470703125,181.82470703125,33060.22408699989,2.9147917125881695,25.7,2.3,1151.0,8358.0,0.12104322221053739,15.1,909.0
1008,4,lstm,loso,Al Dawadmi - TVTC,24.5569,44.47411,01-11-2020 00:00,4682.5,5014.49609375,331.99609375,331.99609375,110221.40626525879,7.090146155899626,21.6,3.1,1380.8,5990.7,0.1873160143797056,37.2,909.5
1009,4,lstm,loso,Al Dawadmi - TVTC,24.5569,44.47411,01-12-2020 00:00,4216.5,4616.38427734375,399.88427734375,399.88427734375,159907.43526673317,9.483796450699632,16.7,2.9,1559.0,5147.0,0.23247837757232329,48.9,910.8
1010,4,lstm,loso,Al Dawadmi - TVTC,24.5569,44.47411,01-01-2021 00:00,4557.2,4652.41162109375,95.21162109375018,95.21162109375018,9065.252791299854,2.089257023912714,15.8,2.8,1529.9,5629.5,0.21369109143224294,42.0,911.0
1011,4,lstm,loso,Al Dawadmi - TVTC,24.5569,44.47411,01-02-2021 00:00,5139.4,5148.50732421875,9.107324218750364,9.107324218750364,82.94335442543692,0.17720598160778234,17.3,3.2,1923.1,5428.2,0.26159998911757104,39.0,909.6
1012,4,lstm,loso,Al Dawadmi - TVTC,24.5569,44.47411,01-03-2021 00:00,6455.2,6498.50927734375,43.30927734375018,43.30927734375018,1875.6935040378728,0.6709207668817415,23.6,3.5,2873.7,5092.8,0.3607230276784033,21.4,907.4
1013,4,lstm,loso,Al Dawadmi - TVTC,24.5569,44.47411,01-04-2021 00:00,6912.2,6609.5390625,-302.6609374999998,302.6609374999998,91603.6430883788,4.378648440438642,27.0,3.0,3148.5,5005.7,0.3861200363003115,19.1,907.3
1014,4,lstm,loso,Al Dawadmi - TVTC,24.5569,44.47411,01-05-2021 00:00,7830.1,7046.08544921875,-784.0145507812504,784.0145507812504,614678.8158367258,10.012829348044729,32.9,2.7,2637.3,6773.4,0.2802448276961331,11.9,903.8
1015,4,lstm,loso,Al Dawadmi - TVTC,24.5569,44.47411,01-07-2021 00:00,7685.7,7172.68310546875,-513.0168945312498,513.0168945312498,263186.3340744875,6.674953413888779,37.0,3.0,2674.9,6543.7,0.2901633653700128,13.7,898.7
1016,4,lstm,loso,Al Dawadmi - TVTC,24.5569,44.47411,01-08-2021 00:00,7560.5,7114.69921875,-445.80078125,445.80078125,198738.33656311035,5.896445754249058,35.9,2.8,2255.5,7093.0,0.24126865272503611,11.6,901.4
1017,4,lstm,loso,Al Dawadmi - TVTC,24.5569,44.47411,01-09-2021 00:00,6912.3,6732.77392578125,-179.52607421875018,179.52607421875018,32229.6113243962,2.5971973759638645,32.1,2.6,1988.4,7041.3,0.22020665138376688,13.9,903.9
1018,4,lstm,loso,Al Dawadmi - TVTC,24.5569,44.47411,01-10-2021 00:00,5993.7,5884.64453125,-109.05546874999982,109.05546874999982,11893.095264282187,1.8195016225369942,29.2,2.6,1604.3,6955.7,0.1874182242990654,16.6,908.1
1019,4,lstm,loso,Al Dawadmi - TVTC,24.5569,44.47411,01-11-2021 00:00,4922.2,5027.1669921875,104.96699218750018,104.96699218750018,11018.069448890725,2.132521884269233,22.0,0.7,1472.2,6196.1,0.19198518576477186,30.6,909.7
1020,4,lstm,loso,Al Dawadmi - TVTC,24.5569,44.47411,01-12-2021 00:00,4105.8,4557.2568359375,451.4568359374998,451.4568359374998,203813.27471469864,10.995587606252126,17.0,0.0,1702.3,4622.7,0.2691383399209486,38.8,910.8
1558,5,lstm,loso,Al Dhahran - KFUPM,26.30355,50.14412,01-01-2017 00:00,3555.2,4007.665283203125,452.4652832031252,452.4652832031252,204724.83250408428,12.726858775965495,17.2,1.8,1555.3,3773.0,0.2918942251750089,67.5,1010.7
1559,5,lstm,loso,Al Dhahran - KFUPM,26.30355,50.14412,01-02-2017 00:00,3690.5,4045.194091796875,354.694091796875,354.694091796875,125807.89875560999,9.611003706730118,15.8,2.0,1718.0,3219.2,0.34797050960058334,65.0,1011.7
1560,5,lstm,loso,Al Dhahran - KFUPM,26.30355,50.14412,01-03-2017 00:00,4160.6,4673.822265625,513.2222656249996,513.2222656249996,263397.0939332577,12.335294563885006,21.4,1.6,2312.3,2650.6,0.4659171049184953,63.5,1006.1
1561,5,lstm,loso,Al Dhahran - KFUPM,26.30355,50.14412,01-04-2017 00:00,6185.7,6208.8779296875,23.177929687500182,23.177929687500182,537.2164245987022,0.3747018071923983,28.5,2.2,2751.2,4626.0,0.3729328200401236,42.2,1003.5
1562,5,lstm,loso,Al Dhahran - KFUPM,26.30355,50.14412,01-05-2017 00:00,6441.2,6672.95947265625,231.75947265625018,231.75947265625018,53712.45316590318,3.59807912588105,34.1,2.2,2953.9,4460.6,0.3983950367523097,32.7,999.1
1563,5,lstm,loso,Al Dhahran - KFUPM,26.30355,50.14412,01-06-2017 00:00,7197.4,7042.9658203125,-154.43417968749964,154.43417968749964,23849.915855750925,2.145693996269481,36.5,2.3,1893.0,7104.6,0.21038943718324885,25.8,993.4
1564,5,lstm,loso,Al Dhahran - KFUPM,26.30355,50.14412,01-09-2017 00:00,5932.9,5932.6943359375,-0.2056640624996362,0.2056640624996362,0.04229770660385426,0.0034665014158276088,34.4,1.4,2000.7,5471.4,0.26775605251535717,58.9,997.7
1565,5,lstm,loso,Al Dhahran - KFUPM,26.30355,50.14412,01-10-2017 00:00,5098.4,5349.90673828125,251.50673828125036,251.50673828125036,63255.63940087337,4.933052296431241,30.7,1.4,1640.5,5360.6,0.23432032109239975,57.9,1003.4
1566,5,lstm,loso,Al Dhahran - KFUPM,26.30355,50.14412,01-11-2017 00:00,3809.0,4441.85546875,632.85546875,632.85546875,400506.0443267822,16.61474058151746,24.8,1.4,1532.9,4097.3,0.27226386274022235,60.8,1008.5
1567,5,lstm,loso,Al Dhahran - KFUPM,26.30355,50.14412,01-12-2017 00:00,3810.2,4170.375,360.1750000000002,360.1750000000002,129726.03062500013,9.452915857435311,18.4,1.9,1158.9,5336.6,0.17841582634131323,56.7,1012.5
1568,5,lstm,loso,Al Dhahran - KFUPM,26.30355,50.14412,01-03-2018 00:00,6090.6,6356.125,265.52499999999964,265.52499999999964,70503.5256249998,4.359586904410069,25.1,1.8,2337.3,5403.5,0.301945535345184,42.0,1005.6
1569,5,lstm,loso,Al Dhahran - KFUPM,26.30355,50.14412,01-04-2018 00:00,5518.1,5871.95166015625,353.85166015624964,353.85166015624964,125210.99739533398,6.4125633851552095,27.4,2.1,3215.2,2999.0,0.5173956422387435,44.8,1002.6
1570,5,lstm,loso,Al Dhahran - KFUPM,26.30355,50.14412,01-05-2018 00:00,6756.9,6523.69921875,-233.20078124999964,233.20078124999964,54382.60437561018,3.4512983949740215,32.7,1.8,3459.5,4251.6,0.4486389749841138,34.6,999.6
1571,5,lstm,loso,Al Dhahran - KFUPM,26.30355,50.14412,01-06-2018 00:00,7695.9,7033.1513671875,-662.7486328124996,662.7486328124996,439235.75029483746,8.611710557732035,37.6,2.3,2660.0,6458.8,0.2917050489099443,26.5,992.6
1572,5,lstm,loso,Al Dhahran - KFUPM,26.30355,50.14412,01-07-2018 00:00,7303.7,6975.3349609375,-328.3650390624998,328.3650390624998,107823.59887851703,4.495872490141981,38.1,2.1,2822.0,5758.1,0.32890059556415424,30.4,989.4
1573,5,lstm,loso,Al Dhahran - KFUPM,26.30355,50.14412,01-08-2018 00:00,7003.3,6719.5009765625,-283.7990234375002,283.7990234375002,80541.88570407878,4.0523613644638985,37.4,2.0,2336.5,6207.6,0.27346355964934865,33.0,991.5
1574,5,lstm,loso,Al Dhahran - KFUPM,26.30355,50.14412,01-09-2018 00:00,5998.5,6043.01171875,44.51171875,44.51171875,1981.2931060791016,0.7420474910394265,35.3,1.4,2182.0,5226.8,0.29451463124932514,57.1,997.6
1575,5,lstm,loso,Al Dhahran - KFUPM,26.30355,50.14412,01-10-2018 00:00,4738.8,4992.0693359375,253.26933593749982,253.26933593749982,64145.35652622214,5.344587995642352,30.7,1.5,2069.9,4035.2,0.33904440549704346,60.6,1005.2
1576,5,lstm,loso,Al Dhahran - KFUPM,26.30355,50.14412,01-11-2018 00:00,3505.6,4239.75,734.1500000000001,734.1500000000001,538976.2225000001,20.94220675490644,24.3,1.7,1717.6,3235.4,0.3467797294568948,69.9,1009.0
1577,5,lstm,loso,Al Dhahran - KFUPM,26.30355,50.14412,01-12-2018 00:00,3640.3,4142.95068359375,502.6506835937498,502.6506835937498,252657.709717264,13.807946696529127,20.7,0.0,1605.0,4011.3,0.28577533251428877,70.3,1011.4
1578,5,lstm,loso,Al Dhahran - KFUPM,26.30355,50.14412,01-01-2019 00:00,3714.1,4169.51318359375,455.4131835937501,455.4131835937501,207401.16779099472,12.261737260540913,19.2,0.0,1869.8,3402.5,0.3546459799328566,63.0,1011.3
1579,5,lstm,loso,Al Dhahran - KFUPM,26.30355,50.14412,01-02-2019 00:00,4141.7,4262.1884765625,120.48847656250018,120.48847656250018,14517.472984352156,2.909155094828215,18.9,0.0,1766.8,3934.5,0.3098942346482381,65.3,1010.0
1580,5,lstm,loso,Al Dhahran - KFUPM,26.30355,50.14412,01-03-2019 00:00,5494.2,5647.02392578125,152.82392578125018,152.82392578125018,23355.152291193062,2.7815501034045025,21.3,0.0,2258.4,4705.8,0.32428706814853103,55.3,1006.7
1581,5,lstm,loso,Al Dhahran - KFUPM,26.30355,50.14412,01-04-2019 00:00,5799.0,5511.5,-287.5,287.5,82656.25,4.957751336437317,26.6,0.0,2842.8,3948.8,0.4185758878614759,46.2,1003.7
1582,5,lstm,loso,Al Dhahran - KFUPM,26.30355,50.14412,01-05-2019 00:00,6486.3,6559.82080078125,73.52080078124982,73.52080078124982,5405.3081475162235,1.133478266211088,33.7,0.0,2927.1,4609.5,0.3883846827481888,32.9,999.9
1583,5,lstm,loso,Al Dhahran - KFUPM,26.30355,50.14412,01-06-2019 00:00,7163.0,7109.1513671875,-53.8486328125,53.8486328125,2899.6752557754517,0.7517608936548933,38.4,0.0,2113.4,6634.7,0.24158388678684514,26.6,993.7
1584,5,lstm,loso,Al Dhahran - KFUPM,26.30355,50.14412,01-07-2019 00:00,7331.7,6979.46435546875,-352.2356445312498,352.2356445312498,124069.94927834498,4.804283379451557,37.8,0.0,2237.7,6634.9,0.2522034127538715,32.7,990.1
1585,5,lstm,loso,Al Dhahran - KFUPM,26.30355,50.14412,01-08-2019 00:00,6917.7,6908.85498046875,-8.845019531249818,8.845019531249818,78.23437050819075,0.12786069837156597,37.5,0.0,2277.7,6200.9,0.2686410492298257,39.2,991.8
1586,5,lstm,loso,Al Dhahran - KFUPM,26.30355,50.14412,01-10-2019 00:00,4902.0,5318.58642578125,416.58642578125,416.58642578125,173544.25014519691,8.498295099576705,32.3,0.0,1885.6,4587.5,0.2912978325686301,61.1,1003.2
1587,5,lstm,loso,Al Dhahran - KFUPM,26.30355,50.14412,01-11-2019 00:00,3802.9,4192.33984375,389.4398437499999,389.4398437499999,151663.39190002435,10.24060174472113,24.6,0.0,1557.1,4038.6,0.2782672409171328,57.4,1008.7
1588,5,lstm,loso,Al Dhahran - KFUPM,26.30355,50.14412,01-12-2019 00:00,3380.7,4007.621826171875,626.9218261718752,626.9218261718752,393030.9761306789,18.544142519947798,20.3,0.0,1309.2,4063.3,0.24368543508608656,69.5,1010.4
1589,5,lstm,loso,Al Dhahran - KFUPM,26.30355,50.14412,01-01-2020 00:00,3705.0,4087.2109375,382.2109375,382.2109375,146085.2007446289,10.316084682860998,17.3,0.4,1189.9,4731.9,0.20093552636022835,65.3,1010.9
1590,5,lstm,loso,Al Dhahran - KFUPM,26.30355,50.14412,01-02-2020 00:00,4564.7,4381.517578125,-183.18242187499982,183.18242187499982,33555.799683990415,4.013022145486008,19.2,2.1,1774.6,4549.5,0.28060909852785376,59.0,1010.6
1591,5,lstm,loso,Al Dhahran - KFUPM,26.30355,50.14412,01-03-2020 00:00,5272.8,5211.583984375,-61.21601562500018,61.21601562500018,3747.4005690002664,1.1609773863032957,22.7,2.2,2344.4,4205.4,0.3579345934227,57.5,1005.4
1592,5,lstm,loso,Al Dhahran - KFUPM,26.30355,50.14412,01-04-2020 00:00,5364.5,5761.470703125,396.970703125,396.970703125,157585.73913955688,7.399957183800914,27.5,2.2,2802.5,3393.9,0.45227874249564265,51.5,1003.1
1593,5,lstm,loso,Al Dhahran - KFUPM,26.30355,50.14412,01-05-2020 00:00,7000.4,6834.560546875,-165.83945312499964,165.83945312499964,27502.724212798952,2.368999673232953,32.6,2.0,2665.9,5732.0,0.31744840972147803,35.9,999.9
1594,5,lstm,loso,Al Dhahran - KFUPM,26.30355,50.14412,01-09-2020 00:00,6075.9,5961.46484375,-114.43515624999964,114.43515624999964,13095.404985961832,1.8834272494609794,35.3,1.5,1785.0,5939.9,0.23107095237478803,51.7,997.2
1595,5,lstm,loso,Al Dhahran - KFUPM,26.30355,50.14412,01-10-2020 00:00,5253.3,5323.7822265625,70.48222656249982,70.48222656249982,4967.744261207555,1.341675262454073,29.8,1.5,1278.3,6355.5,0.1674526448164741,59.2,1004.2
1596,5,lstm,loso,Al Dhahran - KFUPM,26.30355,50.14412,01-11-2020 00:00,4139.8,4509.318359375,369.5183593749998,369.5183593749998,136543.81791519152,8.92599544362046,25.6,1.6,1406.7,4882.3,0.2236762601367467,65.5,1008.5
1597,5,lstm,loso,Al Dhahran - KFUPM,26.30355,50.14412,01-12-2020 00:00,3623.2,4084.825439453125,461.6254394531252,461.6254394531252,213098.04635029094,12.740821358277909,19.9,2.0,1470.4,4221.3,0.2583410931707574,68.3,1011.4
1598,5,lstm,loso,Al Dhahran - KFUPM,26.30355,50.14412,01-01-2021 00:00,4101.8,4245.84375,144.04374999999982,144.04374999999982,20748.60191406245,3.5117204641864497,18.5,1.9,1536.3,4773.8,0.24346682302974595,62.8,1011.3
1599,5,lstm,loso,Al Dhahran - KFUPM,26.30355,50.14412,01-02-2021 00:00,4581.9,4469.46826171875,-112.43173828124964,112.43173828124964,12640.895772943415,2.4538234854809065,19.7,2.1,1666.3,4831.7,0.2564327485380117,65.0,1009.2
1600,5,lstm,loso,Al Dhahran - KFUPM,26.30355,50.14412,01-10-2021 00:00,5254.1,5411.7900390625,157.69003906249964,157.69003906249964,24866.148419532663,3.0012759380769234,31.1,1.7,1623.6,5570.4,0.2256880733944954,59.5,1002.8
1601,5,lstm,loso,Al Dhahran - KFUPM,26.30355,50.14412,01-11-2021 00:00,4294.0,4614.123046875,320.123046875,320.123046875,102478.76514053345,7.4551245196786216,25.5,1.7,1414.9,5161.5,0.21514810534639014,60.6,1007.0
1602,5,lstm,loso,Al Dhahran - KFUPM,26.30355,50.14412,01-12-2021 00:00,3558.8,4010.869140625,452.0691406249998,452.0691406249998,204366.50790542585,12.702853226508932,20.4,1.9,1507.2,3965.8,0.2753882696875571,66.6,1010.5
138,6,lstm,loso,Al Farshah - TQ TVTC,17.7749,43.17555,01-01-2017 00:00,5253.8,5418.01953125,164.21953124999982,164.21953124999982,26968.054443969668,3.1257286392706196,23.8,1.9,1323.8,6504.9,0.1690957630257897,53.8,895.8
139,6,lstm,loso,Al Farshah - TQ TVTC,17.7749,43.17555,01-02-2017 00:00,4657.6,5327.09326171875,669.4932617187496,669.4932617187496,448221.2274868102,14.374211218626536,23.3,2.0,2326.0,3505.4,0.39887505573275717,58.6,894.9
140,6,lstm,loso,Al Farshah - TQ TVTC,17.7749,43.17555,01-03-2017 00:00,5753.0,5808.33203125,55.33203125,55.33203125,3061.6336822509766,0.961794389883539,26.4,2.1,2300.3,4717.9,0.3277621042432533,52.4,893.0
141,6,lstm,loso,Al Farshah - TQ TVTC,17.7749,43.17555,01-04-2017 00:00,6995.7,6592.90185546875,-402.7981445312498,402.7981445312498,162246.34523781762,5.757796139503549,29.3,2.3,2473.9,5866.1,0.2966306954436451,35.6,893.1
142,6,lstm,loso,Al Farshah - TQ TVTC,17.7749,43.17555,01-05-2017 00:00,6580.1,6000.20166015625,-579.8983398437504,579.8983398437504,336282.0845535378,8.812910743662714,29.4,2.0,2776.4,4744.2,0.3691726723931601,53.1,892.2
143,6,lstm,loso,Al Farshah - TQ TVTC,17.7749,43.17555,01-09-2017 00:00,6518.8,6405.3056640625,-113.49433593750018,113.49433593750018,12880.964289894146,1.7410311090614865,31.1,2.4,2299.6,5606.0,0.2908824124671119,38.6,890.6
144,6,lstm,loso,Al Farshah - TQ TVTC,17.7749,43.17555,01-10-2017 00:00,6485.5,6368.80810546875,-116.69189453125,116.69189453125,13616.998249292374,1.7992736802289724,29.3,2.3,1323.0,7616.6,0.1479931988008412,28.0,893.4
145,6,lstm,loso,Al Farshah - TQ TVTC,17.7749,43.17555,01-11-2017 00:00,5619.6,5701.8828125,82.28281249999964,82.28281249999964,6770.461232910096,1.4642111983059227,25.7,2.2,1173.5,7198.1,0.14017631038272252,38.8,894.6
146,6,lstm,loso,Al Farshah - TQ TVTC,17.7749,43.17555,01-03-2018 00:00,6971.5,5902.47998046875,-1069.02001953125,1069.02001953125,1142803.8021585941,15.33414644669368,26.8,2.3,1745.2,7193.5,0.19524091870182464,32.2,893.4
147,6,lstm,loso,Al Farshah - TQ TVTC,17.7749,43.17555,01-04-2018 00:00,6168.1,6074.537109375,-93.56289062500036,93.56289062500036,8754.014502105782,1.5168834912696025,26.6,2.0,2591.0,4620.9,0.3592673220649205,46.4,892.3
148,6,lstm,loso,Al Farshah - TQ TVTC,17.7749,43.17555,01-05-2018 00:00,6640.5,6710.8134765625,70.3134765625,70.3134765625,4943.984986305237,1.0588581667419623,30.0,2.3,2684.8,4991.3,0.3497609463138834,39.7,891.0
149,6,lstm,loso,Al Farshah - TQ TVTC,17.7749,43.17555,01-06-2018 00:00,5958.5,6717.54541015625,759.04541015625,759.04541015625,576149.9346792698,12.738867335004613,31.3,2.1,3549.4,2937.0,0.5472064627528368,40.6,889.2
150,6,lstm,loso,Al Farshah - TQ TVTC,17.7749,43.17555,01-07-2018 00:00,5318.7,6096.24072265625,777.5407226562502,777.5407226562502,604569.5753888037,14.618999429489351,30.4,2.2,3802.2,1788.5,0.6800937270824763,43.6,889.0
151,6,lstm,loso,Al Farshah - TQ TVTC,17.7749,43.17555,01-08-2018 00:00,5490.9,5708.92919921875,218.02919921875036,218.02919921875036,47536.731711969536,3.9707370234160226,29.2,2.0,3387.1,2519.3,0.5734626845455777,52.0,889.4
152,6,lstm,loso,Al Farshah - TQ TVTC,17.7749,43.17555,01-09-2018 00:00,6400.2,6397.2119140625,-2.988085937499818,2.988085937499818,8.928657569884168,0.046687383792691134,30.5,2.4,2344.6,5328.5,0.3055609857814964,41.1,891.1
153,6,lstm,loso,Al Farshah - TQ TVTC,17.7749,43.17555,01-10-2018 00:00,5778.6,5460.685546875,-317.91445312500036,317.91445312500036,101069.59950576806,5.501582617329463,27.5,2.2,1725.7,5794.8,0.22946612592247856,39.5,894.1
154,6,lstm,loso,Al Farshah - TQ TVTC,17.7749,43.17555,01-11-2018 00:00,4929.0,5183.53759765625,254.53759765625,254.53759765625,64789.388620615005,5.164081916336985,25.0,2.0,1611.9,5364.2,0.23106033457089203,48.3,894.8
155,6,lstm,loso,Al Farshah - TQ TVTC,17.7749,43.17555,01-12-2018 00:00,4963.4,4956.638671875,-6.761328124999636,6.761328124999636,45.7155580139111,0.13622372013135425,23.3,1.9,1332.3,6167.7,0.17764,52.7,895.8
156,6,lstm,loso,Al Farshah - TQ TVTC,17.7749,43.17555,01-01-2019 00:00,5345.5,5118.78466796875,-226.71533203125,226.71533203125,51399.84177803993,4.241237153329903,23.6,1.8,1533.5,6242.8,0.19720175404755474,50.7,896.1
157,6,lstm,loso,Al Farshah - TQ TVTC,17.7749,43.17555,01-02-2019 00:00,5318.9,5175.53369140625,-143.36630859374964,143.36630859374964,20553.89843979825,2.695412746879047,24.5,2.0,2299.9,4439.4,0.34126689715549097,50.5,894.9
158,6,lstm,loso,Al Farshah - TQ TVTC,17.7749,43.17555,01-03-2019 00:00,5948.5,5620.3291015625,-328.1708984375,328.1708984375,107696.13858127594,5.516868091745819,25.7,2.2,2335.9,4903.6,0.3226604047240832,45.9,893.8
159,6,lstm,loso,Al Farshah - TQ TVTC,17.7749,43.17555,01-04-2019 00:00,6412.9,6301.59716796875,-111.30283203124964,111.30283203124964,12388.32041817657,1.7356084147772404,28.1,2.3,2804.8,4668.9,0.37528934798025076,43.9,892.7
160,6,lstm,loso,Al Farshah - TQ TVTC,17.7749,43.17555,01-05-2019 00:00,6343.7,6188.07763671875,-155.62236328124982,155.62236328124982,24218.31995324129,2.45317974181077,28.1,2.0,2697.1,4650.2,0.3670872293223361,43.4,892.5
161,6,lstm,loso,Al Farshah - TQ TVTC,17.7749,43.17555,01-06-2019 00:00,6041.4,6063.9404296875,22.540429687500364,22.540429687500364,508.07097049714775,0.373099441975376,31.2,2.1,2832.6,4033.9,0.41252457583921937,43.9,889.6
162,6,lstm,loso,Al Farshah - TQ TVTC,17.7749,43.17555,01-07-2019 00:00,5393.4,6388.2607421875,994.8607421875004,994.8607421875004,989747.896345864,18.44589205672675,31.2,2.2,3556.0,2203.4,0.6174254262596799,43.3,888.2
163,6,lstm,loso,Al Farshah - TQ TVTC,17.7749,43.17555,01-08-2019 00:00,5735.8,5598.1923828125,-137.60761718750018,137.60761718750018,18935.856308021597,2.399100686695843,28.8,2.2,2937.0,3449.6,0.4598691009300723,54.6,890.1
164,6,lstm,loso,Al Farshah - TQ TVTC,17.7749,43.17555,01-09-2019 00:00,5977.4,6271.2080078125,293.80800781250036,293.80800781250036,86323.14545475028,4.915314481421695,30.5,2.2,2295.6,4871.9,0.3202790373212417,42.2,890.4
165,6,lstm,loso,Al Farshah - TQ TVTC,17.7749,43.17555,01-10-2019 00:00,5675.7,5784.90576171875,109.20576171875018,109.20576171875018,11925.898392572442,1.924093269883013,27.5,2.3,1690.2,5970.7,0.22062681930321504,43.6,893.3
166,6,lstm,loso,Al Farshah - TQ TVTC,17.7749,43.17555,01-11-2019 00:00,5069.7,5437.28857421875,367.5885742187502,367.5885742187502,135121.3598961736,7.25069677138194,25.3,2.0,1559.4,5647.2,0.2163849804346016,45.0,894.1
167,6,lstm,loso,Al Farshah - TQ TVTC,17.7749,43.17555,01-12-2019 00:00,4828.7,4925.8515625,97.15156250000018,97.15156250000018,9438.426096191442,2.0119610350612005,23.3,1.9,1444.5,5780.9,0.1999197276275362,52.1,895.1
168,6,lstm,loso,Al Farshah - TQ TVTC,17.7749,43.17555,01-01-2020 00:00,4697.5,5318.44189453125,620.94189453125,620.94189453125,385568.836384058,13.218560820250133,21.8,2.0,1669.2,5022.5,0.24944334025733372,53.2,896.0
169,6,lstm,loso,Al Farshah - TQ TVTC,17.7749,43.17555,01-02-2020 00:00,5332.4,5896.3720703125,563.9720703125004,563.9720703125004,318064.49609256786,10.576327175615114,25.5,2.1,2221.7,4481.5,0.3314387158372121,47.1,894.9
170,6,lstm,loso,Al Farshah - TQ TVTC,17.7749,43.17555,01-03-2020 00:00,5972.7,5650.2216796875,-322.4783203124998,322.4783203124998,103992.26707157123,5.399205054874677,25.5,2.1,2581.1,4564.0,0.36124057046087527,51.5,893.1
171,6,lstm,loso,Al Farshah - TQ TVTC,17.7749,43.17555,01-04-2020 00:00,6299.4,6453.6875,154.28750000000036,154.28750000000036,23804.632656250113,2.449241197574378,27.4,2.0,2324.3,5260.8,0.3064297108805421,51.6,892.9
172,6,lstm,loso,Al Farshah - TQ TVTC,17.7749,43.17555,01-05-2020 00:00,6540.7,6402.45068359375,-138.24931640624982,138.24931640624982,19112.873486795375,2.1136776859701536,29.6,2.1,2439.4,5140.1,0.321841810145788,43.4,892.4
173,6,lstm,loso,Al Farshah - TQ TVTC,17.7749,43.17555,01-09-2020 00:00,6443.4,6476.16796875,32.767968750000364,32.767968750000364,1073.7397760010003,0.5085509009218793,30.1,2.2,2029.4,5886.9,0.2563571365410609,39.5,890.3
174,6,lstm,loso,Al Farshah - TQ TVTC,17.7749,43.17555,01-10-2020 00:00,6347.6,5981.9716796875,-365.62832031250036,365.62832031250036,133684.06861454036,5.7601033510697,28.2,2.4,1157.2,7732.7,0.13017019314053027,26.1,893.5
175,6,lstm,loso,Al Farshah - TQ TVTC,17.7749,43.17555,01-11-2020 00:00,5099.8,5226.54833984375,126.74833984374982,126.74833984374982,16065.141653146698,2.4853590306237465,25.1,2.0,1161.3,6380.2,0.15398793343499304,48.3,894.9
176,6,lstm,loso,Al Farshah - TQ TVTC,17.7749,43.17555,01-12-2020 00:00,4810.2,4992.51953125,182.31953125000018,182.31953125000018,33240.41147521979,3.7902692455615195,23.5,1.9,1149.8,6247.7,0.15543088881378844,52.8,895.3
177,6,lstm,loso,Al Farshah - TQ TVTC,17.7749,43.17555,01-01-2021 00:00,5225.9,6003.83349609375,777.9334960937504,777.9334960937504,605180.5243446451,14.8861152355336,22.5,2.0,1409.8,6365.1,0.18132709102367875,46.5,895.1
178,6,lstm,loso,Al Farshah - TQ TVTC,17.7749,43.17555,01-02-2021 00:00,5356.4,5978.52783203125,622.1278320312504,622.1278320312504,387043.03938790364,11.614663431245807,23.4,2.1,1808.6,5374.7,0.2517784305263598,48.4,894.6
179,6,lstm,loso,Al Farshah - TQ TVTC,17.7749,43.17555,01-03-2021 00:00,6647.1,6929.1015625,282.00156249999964,282.00156249999964,79524.8812524412,4.242475101924142,27.0,2.2,2144.3,6129.5,0.259167492566898,36.7,893.4
180,6,lstm,loso,Al Farshah - TQ TVTC,17.7749,43.17555,01-04-2021 00:00,6493.8,6254.650390625,-239.14960937500018,239.14960937500018,57192.535664215175,3.682737524638889,27.3,2.2,2522.8,5110.4,0.3305035895823508,39.9,893.0
181,6,lstm,loso,Al Farshah - TQ TVTC,17.7749,43.17555,01-07-2021 00:00,4964.4,6224.2783203125,1259.8783203125004,1259.8783203125004,1587293.3819934472,25.37825961470672,29.2,2.0,3261.8,2070.0,0.611763381972317,55.4,888.1
182,6,lstm,loso,Al Farshah - TQ TVTC,17.7749,43.17555,01-11-2021 00:00,5462.0,5521.0458984375,59.0458984375,59.0458984375,3486.418122291565,1.0810307293573784,26.0,2.2,1185.4,6978.5,0.14520021068361938,34.0,894.7
379,7,lstm,loso,Al Hanakiyah - TVTC,24.85577,40.536,01-01-2017 00:00,4578.4,4887.6640625,309.26406250000036,309.26406250000036,95644.26035400413,6.754850220601091,18.8,3.1,1337.4,6122.4,0.17928094586986248,30.6,918.9
380,7,lstm,loso,Al Hanakiyah - TVTC,24.85577,40.536,01-02-2017 00:00,5384.9,5282.873046875,-102.02695312499964,102.02695312499964,10409.499163970873,1.8946861246262632,16.8,3.6,1986.1,5640.4,0.26042090080639874,27.4,919.0
381,7,lstm,loso,Al Hanakiyah - TVTC,24.85577,40.536,01-03-2017 00:00,6075.7,6402.92919921875,327.2291992187502,327.2291992187502,107078.9488213445,5.385868282152677,23.4,3.7,2622.9,5070.3,0.34093745125565433,24.6,914.7
382,7,lstm,loso,Al Hanakiyah - TVTC,24.85577,40.536,01-04-2017 00:00,6605.0,6499.060546875,-105.939453125,105.939453125,11223.167728424072,1.6039281320968963,29.5,4.0,3217.4,4426.2,0.4209273117379245,17.9,915.5
383,7,lstm,loso,Al Hanakiyah - TVTC,24.85577,40.536,01-05-2017 00:00,6870.0,6651.533203125,-218.466796875,218.466796875,47727.74133682251,3.1800115993449785,32.4,3.1,3067.4,4924.9,0.38379440211203286,18.3,914.3
384,7,lstm,loso,Al Hanakiyah - TVTC,24.85577,40.536,01-06-2017 00:00,8035.4,7317.93212890625,-717.4678710937496,717.4678710937496,514760.1460517973,8.92883827928603,37.2,3.1,2441.4,7385.0,0.24845314662541726,8.3,911.4
385,7,lstm,loso,Al Hanakiyah - TVTC,24.85577,40.536,01-09-2017 00:00,6604.4,6876.537109375,272.13710937500036,272.13710937500036,74058.60629898091,4.120542507646423,34.7,2.9,2064.4,7253.3,0.22155682196250145,9.4,913.8
386,7,lstm,loso,Al Hanakiyah - TVTC,24.85577,40.536,01-10-2017 00:00,6029.6,6784.34765625,754.7476562499996,754.7476562499996,569644.0246148676,12.51737521974923,29.7,2.4,1326.4,8131.0,0.14024996299194284,13.2,916.2
387,7,lstm,loso,Al Hanakiyah - TVTC,24.85577,40.536,01-11-2017 00:00,4578.6,4695.48486328125,116.88486328124964,116.88486328124964,13662.07126427642,2.5528515983324516,23.4,3.0,1614.0,5300.1,0.23343602204191433,32.3,917.9
388,7,lstm,loso,Al Hanakiyah - TVTC,24.85577,40.536,01-03-2018 00:00,6591.4,6592.150390625,0.7503906250003638,0.7503906250003638,0.5630860900884366,0.011384389128263553,26.6,3.2,2257.7,6409.3,0.2604938271604938,20.0,916.2
389,7,lstm,loso,Al Hanakiyah - TVTC,24.85577,40.536,01-04-2018 00:00,7158.4,6764.689453125,-393.71054687499964,393.71054687499964,155007.99472061128,5.499979700421878,27.2,3.6,2787.1,5943.8,0.3192225314686917,23.2,913.6
390,7,lstm,loso,Al Hanakiyah - TVTC,24.85577,40.536,01-05-2018 00:00,7165.7,6798.330078125,-367.3699218749998,367.3699218749998,134960.65949844348,5.126783452768045,32.1,4.0,3523.0,4665.5,0.43023752824082556,17.6,913.2
391,7,lstm,loso,Al Hanakiyah - TVTC,24.85577,40.536,01-06-2018 00:00,7916.7,7291.34033203125,-625.3596679687498,625.3596679687498,391074.714321985,7.899246756461023,36.1,3.4,2643.9,6951.7,0.27553253574555003,11.4,911.2
392,7,lstm,loso,Al Hanakiyah - TVTC,24.85577,40.536,01-07-2018 00:00,7658.0,7280.32470703125,-377.67529296875,377.67529296875,142638.62691903114,4.93177452296618,36.2,3.6,2644.2,6580.3,0.28664968290964277,13.5,910.0
393,7,lstm,loso,Al Hanakiyah - TVTC,24.85577,40.536,01-08-2018 00:00,7446.5,7103.15869140625,-343.34130859375,343.34130859375,117883.25418686867,4.610774304622977,36.8,3.1,2061.2,7241.3,0.22157484547164738,13.9,910.6
394,7,lstm,loso,Al Hanakiyah - TVTC,24.85577,40.536,01-09-2018 00:00,6388.5,6373.90283203125,-14.59716796875,14.59716796875,213.077312707901,0.22849131985207796,36.4,3.2,2709.2,4977.0,0.3524758658374749,12.5,913.7
395,7,lstm,loso,Al Hanakiyah - TVTC,24.85577,40.536,01-10-2018 00:00,5490.0,5761.91552734375,271.91552734375,271.91552734375,73938.05401062965,4.952923995332423,28.4,3.2,1816.7,5732.6,0.24064482799729775,28.3,917.5
396,7,lstm,loso,Al Hanakiyah - TVTC,24.85577,40.536,01-11-2018 00:00,4315.5,4801.525390625,486.025390625,486.025390625,236220.68033218384,11.262319328583015,20.9,3.3,1603.0,4974.5,0.24370961611554542,53.6,918.0
397,7,lstm,loso,Al Hanakiyah - TVTC,24.85577,40.536,01-12-2018 00:00,4308.0,4625.7412109375,317.7412109375,317.7412109375,100959.47712802887,7.375608424733055,19.3,3.3,1387.7,5796.5,0.19315998997800732,47.5,919.3
398,7,lstm,loso,Al Hanakiyah - TVTC,24.85577,40.536,01-01-2019 00:00,4019.8,4211.8515625,192.05156249999982,192.05156249999982,36883.80265869133,4.77763974575849,19.2,3.0,2013.6,3669.5,0.3543136668367616,43.8,918.6
399,7,lstm,loso,Al Hanakiyah - TVTC,24.85577,40.536,01-02-2019 00:00,4920.6,5085.09912109375,164.49912109374964,164.49912109374964,27059.960840616106,3.343070379501476,18.4,3.7,1950.7,4946.3,0.2828331158474699,38.4,918.0
400,7,lstm,loso,Al Hanakiyah - TVTC,24.85577,40.536,01-03-2019 00:00,6668.2,6545.75830078125,-122.44169921874982,122.44169921874982,14991.969707574799,1.8362031615540901,20.8,3.6,1915.2,7278.0,0.2083278945307401,24.4,916.3
401,7,lstm,loso,Al Hanakiyah - TVTC,24.85577,40.536,01-04-2019 00:00,7259.4,6935.625,-323.77499999999964,323.77499999999964,104830.25062499977,4.460079345400442,25.6,3.5,2515.2,6506.2,0.27880373334515707,23.9,915.1
402,7,lstm,loso,Al Hanakiyah - TVTC,24.85577,40.536,01-05-2019 00:00,7359.8,6669.0732421875,-690.7267578125002,690.7267578125002,477103.4539581683,9.385129457492052,32.5,3.2,2839.9,5829.9,0.3275623428452791,18.3,914.1
403,7,lstm,loso,Al Hanakiyah - TVTC,24.85577,40.536,01-06-2019 00:00,7467.2,7235.99755859375,-231.20244140624982,231.20244140624982,53454.56891221038,3.0962401088259295,36.5,3.4,2732.8,6149.4,0.30767152282092275,12.4,912.3
404,7,lstm,loso,Al Hanakiyah - TVTC,24.85577,40.536,01-07-2019 00:00,7958.2,7460.19677734375,-498.0032226562498,498.0032226562498,248007.20977601034,6.25773695881292,36.8,3.5,2221.4,7618.1,0.2257635042431018,12.2,909.8
405,7,lstm,loso,Al Hanakiyah - TVTC,24.85577,40.536,01-08-2019 00:00,7554.9,7227.404296875,-327.49570312499964,327.49570312499964,107253.4355653379,4.334878067545562,35.8,3.5,1981.2,7644.3,0.20582826866136825,14.1,911.2
406,7,lstm,loso,Al Hanakiyah - TVTC,24.85577,40.536,01-09-2019 00:00,6635.6,6491.04833984375,-144.55166015625036,144.55166015625036,20895.1824539281,2.178426369224341,35.8,3.0,2210.9,6222.8,0.2621506574812953,13.8,912.8
407,7,lstm,loso,Al Hanakiyah - TVTC,24.85577,40.536,01-10-2019 00:00,5505.8,6047.8359375,542.0359374999998,542.0359374999998,293802.9575415037,9.844817056558535,30.4,2.9,1988.0,5546.6,0.2638494412443925,23.0,916.3
408,7,lstm,loso,Al Hanakiyah - TVTC,24.85577,40.536,01-11-2019 00:00,4778.9,5107.67724609375,328.77724609375036,328.77724609375036,108094.47754899049,6.8797682749953,23.6,3.2,1513.0,5907.5,0.20389461626575028,38.1,917.4
409,7,lstm,loso,Al Hanakiyah - TVTC,24.85577,40.536,01-12-2019 00:00,4562.7,4951.34814453125,388.6481445312502,388.6481445312502,151047.38024758353,8.517942107332285,19.0,2.8,1013.4,7183.7,0.12362908833611887,33.6,918.5
410,7,lstm,loso,Al Hanakiyah - TVTC,24.85577,40.536,01-01-2020 00:00,4929.4,4937.306640625,7.906640625000364,7.906640625000364,62.51496597290615,0.16039762699315058,14.8,2.9,1127.9,7413.2,0.13205559002938733,34.3,919.8
411,7,lstm,loso,Al Hanakiyah - TVTC,24.85577,40.536,01-02-2020 00:00,5470.3,6242.78369140625,772.4836914062498,772.4836914062498,596731.0534886261,14.121413659328553,19.0,3.3,1798.4,6283.0,0.22253569926002922,29.9,918.9
412,7,lstm,loso,Al Hanakiyah - TVTC,24.85577,40.536,01-03-2020 00:00,6632.6,6845.9052734375,213.30527343749964,213.30527343749964,45499.13967624649,3.216012927622646,22.9,3.6,2292.7,6386.9,0.2641481174247661,21.5,915.6
413,7,lstm,loso,Al Hanakiyah - TVTC,24.85577,40.536,01-04-2020 00:00,7323.4,7039.0517578125,-284.34824218749964,284.34824218749964,80853.92283512095,3.882735371378044,27.1,3.7,2781.8,6290.0,0.3066425626667255,22.5,914.3
414,7,lstm,loso,Al Hanakiyah - TVTC,24.85577,40.536,01-05-2020 00:00,7249.3,6966.86962890625,-282.4303710937502,282.4303710937502,79766.91451615344,3.89596748780917,32.8,3.5,2956.4,5654.4,0.34333627537511036,17.2,914.5
415,7,lstm,loso,Al Hanakiyah - TVTC,24.85577,40.536,01-09-2020 00:00,6812.8,6639.9189453125,-172.88105468750018,172.88105468750018,29887.85906986243,2.537591807883692,34.8,3.0,2065.5,6758.2,0.23408547434749594,11.4,913.5
416,7,lstm,loso,Al Hanakiyah - TVTC,24.85577,40.536,01-10-2020 00:00,6154.4,6384.5048828125,230.10488281250036,230.10488281250036,52948.25709415453,3.7388678475968473,28.6,2.8,1300.2,7893.3,0.14142600750530265,13.3,917.9
417,7,lstm,loso,Al Hanakiyah - TVTC,24.85577,40.536,01-11-2020 00:00,4646.2,4913.623046875,267.4230468750002,267.4230468750002,71515.08599990855,5.755736879062464,23.7,3.0,1459.6,5791.0,0.20130747800182053,37.9,917.7
418,7,lstm,loso,Al Hanakiyah - TVTC,24.85577,40.536,01-12-2020 00:00,4199.4,4492.5341796875,293.13417968750036,293.13417968750036,85927.64730106376,6.980382428144506,19.2,3.1,1500.0,5290.1,0.22090985405222308,39.7,919.2
419,7,lstm,loso,Al Hanakiyah - TVTC,24.85577,40.536,01-01-2021 00:00,4720.7,4956.80908203125,236.10908203125018,236.10908203125018,55747.49861763963,5.001569301824945,18.6,3.4,1556.5,5938.4,0.20767455202871288,36.4,919.4
420,7,lstm,loso,Al Hanakiyah - TVTC,24.85577,40.536,01-02-2021 00:00,5417.2,6205.4921875,788.2921875000002,788.2921875000002,621404.5728735354,14.551653760245149,19.5,3.3,1664.4,6361.5,0.20737861174447728,35.0,918.1
421,7,lstm,loso,Al Hanakiyah - TVTC,24.85577,40.536,01-03-2021 00:00,6589.8,6730.38330078125,140.58330078124982,140.58330078124982,19763.664458551357,2.13334700265941,25.6,3.5,2560.5,5854.2,0.3042889229562551,21.5,916.1
422,7,lstm,loso,Al Hanakiyah - TVTC,24.85577,40.536,01-04-2021 00:00,7305.7,6944.591796875,-361.1082031249998,361.1082031249998,130399.13436416612,4.942828245411115,28.2,3.7,2827.2,5988.0,0.32071875850803155,19.7,916.1
423,7,lstm,loso,Al Hanakiyah - TVTC,24.85577,40.536,01-05-2021 00:00,7658.8,7242.7763671875,-416.0236328125002,416.0236328125002,173075.66305851,5.431968883016924,34.0,3.3,2655.1,6538.0,0.2888144369146425,12.3,913.3
424,7,lstm,loso,Al Hanakiyah - TVTC,24.85577,40.536,01-07-2021 00:00,7663.1,7186.654296875,-476.44570312500036,476.44570312500036,227000.508026276,6.217401614555471,38.1,3.8,2575.0,6684.3,0.278098776365384,12.3,908.7
425,7,lstm,loso,Al Hanakiyah - TVTC,24.85577,40.536,01-08-2021 00:00,7545.6,7223.34033203125,-322.25966796875036,322.25966796875036,103851.29359932923,4.270828933004007,37.2,3.3,2170.8,7263.2,0.23010387958448167,12.2,910.8
426,7,lstm,loso,Al Hanakiyah - TVTC,24.85577,40.536,01-09-2021 00:00,6608.6,6718.56103515625,109.96103515624964,109.96103515624964,12091.429252633969,1.6639081674825171,35.4,3.0,2459.0,5760.0,0.2991848156710062,13.1,912.6
427,7,lstm,loso,Al Hanakiyah - TVTC,24.85577,40.536,01-10-2021 00:00,5924.8,6031.02392578125,106.22392578124982,106.22392578124982,11283.52240838047,1.792869392743212,31.0,2.5,1741.4,6635.7,0.20787623401893257,14.8,916.6
428,7,lstm,loso,Al Hanakiyah - TVTC,24.85577,40.536,01-11-2021 00:00,4899.6,5142.078125,242.47812499999964,242.47812499999964,58795.641103515445,4.94893715813535,23.9,3.0,1283.7,6657.4,0.16165266776643036,26.8,918.3
429,7,lstm,loso,Al Hanakiyah - TVTC,24.85577,40.536,01-12-2021 00:00,4052.8,4658.6767578125,605.8767578124998,605.8767578124998,367086.6456573866,14.949584430825597,19.1,3.0,1536.5,4967.0,0.23625739986161298,36.8,919.2
843,8,lstm,loso,Al Jouf - TVTC,29.77634,40.02318,01-01-2017 00:00,3830.0,4437.326171875,607.326171875,607.326171875,368845.07904434204,15.857080205613578,9.7,3.8,1505.1,4813.8,0.2381901913307696,42.5,940.8
844,8,lstm,loso,Al Jouf - TVTC,29.77634,40.02318,01-02-2017 00:00,4767.7,4892.36181640625,124.66181640625018,124.66181640625018,15540.568469705628,2.6147160351165173,9.9,4.1,1533.8,5815.4,0.20870298808033527,26.7,941.3
845,8,lstm,loso,Al Jouf - TVTC,29.77634,40.02318,01-03-2017 00:00,5740.9,5921.97705078125,181.07705078125036,181.07705078125036,32788.898319635526,3.154157898260732,16.9,4.7,2227.6,5560.5,0.28602611676788947,35.9,935.8
846,8,lstm,loso,Al Jouf - TVTC,29.77634,40.02318,01-04-2017 00:00,5726.0,6208.173828125,482.173828125,482.173828125,232491.60052871704,8.420779394428921,22.3,4.6,2852.7,4059.5,0.4127050721911982,24.8,937.1
847,8,lstm,loso,Al Jouf - TVTC,29.77634,40.02318,01-09-2017 00:00,6433.7,6245.98046875,-187.71953124999982,187.71953124999982,35238.622412719655,2.9177538780173125,32.5,3.6,2436.7,5772.3,0.2968327445486661,14.8,934.1
848,8,lstm,loso,Al Jouf - TVTC,29.77634,40.02318,01-10-2017 00:00,5433.4,5081.70458984375,-351.69541015624964,351.69541015624964,123689.66152497266,6.472842237940325,24.8,3.4,1587.2,6530.3,0.19552817985833076,22.4,936.8
849,8,lstm,loso,Al Jouf - TVTC,29.77634,40.02318,01-11-2017 00:00,3972.7,4767.5634765625,794.8634765625002,794.8634765625002,631807.9463730243,20.008142486533092,17.6,3.6,1851.0,4120.6,0.30996717797575185,42.6,939.2
850,8,lstm,loso,Al Jouf - TVTC,29.77634,40.02318,01-03-2018 00:00,6314.3,6686.60205078125,372.3020507812498,372.3020507812498,138608.81701592432,5.896172984832044,21.3,4.0,2252.1,6351.2,0.2617716457638348,22.7,936.9
851,8,lstm,loso,Al Jouf - TVTC,29.77634,40.02318,01-04-2018 00:00,7142.7,6828.03955078125,-314.6604492187498,314.6604492187498,99011.19830254544,4.405343206613043,22.4,4.5,2528.4,6491.3,0.28031974455913167,27.4,934.4
852,8,lstm,loso,Al Jouf - TVTC,29.77634,40.02318,01-05-2018 00:00,7350.8,7056.41943359375,-294.3805664062502,294.3805664062502,86659.91787766467,4.0047418839616125,27.7,4.7,2944.4,5943.9,0.3312669464352014,21.4,933.7
853,8,lstm,loso,Al Jouf - TVTC,29.77634,40.02318,01-06-2018 00:00,8361.9,7498.2978515625,-863.6021484374996,863.6021484374996,745808.6707858652,10.3278220074086,32.0,4.8,2348.1,8113.2,0.22445585156720485,15.9,931.5
854,8,lstm,loso,Al Jouf - TVTC,29.77634,40.02318,01-07-2018 00:00,8295.6,7533.5400390625,-762.0599609375004,762.0599609375004,580735.3840640646,9.186315166323116,32.9,5.1,1991.9,8626.0,0.18759830098230348,16.8,929.6
855,8,lstm,loso,Al Jouf - TVTC,29.77634,40.02318,01-08-2018 00:00,7827.0,7581.02294921875,-245.97705078125,245.97705078125,60504.70951104164,3.1426734480803633,32.3,5.0,1515.3,8978.7,0.14439679817038306,19.8,930.8
856,8,lstm,loso,Al Jouf - TVTC,29.77634,40.02318,01-10-2018 00:00,5122.5,5520.7421875,398.2421875,398.2421875,158596.83990478516,7.7743716447047335,25.7,3.4,2091.4,5041.5,0.29320472738998166,26.5,937.7
857,8,lstm,loso,Al Jouf - TVTC,29.77634,40.02318,01-11-2018 00:00,3147.4,4228.81640625,1081.41640625,1081.41640625,1169461.443706665,34.359039405541075,15.3,2.7,1697.3,2934.3,0.3664608342689351,73.8,939.3
858,8,lstm,loso,Al Jouf - TVTC,29.77634,40.02318,01-12-2018 00:00,3644.8,4206.7587890625,561.9587890624998,561.9587890624998,315797.68060459115,15.418096714840315,12.8,3.3,1163.8,5454.8,0.17583779046928352,59.7,940.7
859,8,lstm,loso,Al Jouf - TVTC,29.77634,40.02318,01-01-2019 00:00,3527.3,4203.640625,676.3406249999998,676.3406249999998,457436.64102539036,19.174457091826604,10.7,4.0,1616.7,3915.4,0.29223983659008335,50.6,939.3
860,8,lstm,loso,Al Jouf - TVTC,29.77634,40.02318,01-02-2019 00:00,4881.0,4977.1044921875,96.1044921875,96.1044921875,9236.073418617249,1.9689508745646382,12.2,3.8,1560.2,6004.0,0.20626107189127735,51.2,939.5
861,8,lstm,loso,Al Jouf - TVTC,29.77634,40.02318,01-05-2019 00:00,7611.7,7415.912109375,-195.78789062499982,195.78789062499982,38332.89811538689,2.572196626574876,29.8,3.8,2428.0,6984.7,0.2579493662817257,12.7,934.4
862,8,lstm,loso,Al Jouf - TVTC,29.77634,40.02318,01-06-2019 00:00,7742.5,7477.42919921875,-265.07080078125,265.07080078125,70262.52942681313,3.42358154060381,33.2,4.3,2163.5,7565.8,0.22236954354372876,14.6,932.0
863,8,lstm,loso,Al Jouf - TVTC,29.77634,40.02318,01-07-2019 00:00,8373.8,7600.76171875,-773.0382812499993,773.0382812499993,597588.184277953,9.231630576918477,33.2,4.4,1571.1,9475.9,0.14221960713315832,14.7,929.6
864,8,lstm,loso,Al Jouf - TVTC,29.77634,40.02318,01-08-2019 00:00,7668.3,7405.00390625,-263.2960937500002,263.2960937500002,69324.83298400888,3.433565376289401,33.0,4.8,1856.6,8185.3,0.1848853304653502,16.7,930.6
865,8,lstm,loso,Al Jouf - TVTC,29.77634,40.02318,01-09-2019 00:00,6670.0,6879.2080078125,209.2080078125,209.2080078125,43767.99053287506,3.1365518412668667,32.0,3.5,1744.2,7326.7,0.19228521976871094,17.4,933.1
866,8,lstm,loso,Al Jouf - TVTC,29.77634,40.02318,01-10-2019 00:00,4920.7,5175.42333984375,254.72333984375018,254.72333984375018,64883.97986115465,5.176567151904204,26.8,3.1,1912.3,4951.6,0.27860254374335286,30.7,936.8
867,8,lstm,loso,Al Jouf - TVTC,29.77634,40.02318,01-11-2019 00:00,4056.3,4307.41015625,251.11015624999982,251.11015624999982,63056.310571899325,6.190620916845396,17.3,3.2,1383.8,5332.8,0.2060268588273829,43.6,939.5
868,8,lstm,loso,Al Jouf - TVTC,29.77634,40.02318,01-12-2019 00:00,3804.5,4218.42333984375,413.92333984375,413.92333984375,171332.53126740456,10.879835453903272,12.5,2.6,903.1,6460.4,0.12264548108915597,47.4,939.6
869,8,lstm,loso,Al Jouf - TVTC,29.77634,40.02318,01-01-2020 00:00,3948.7,4721.015625,772.3156250000002,772.3156250000002,596471.4246191409,19.558731354623045,9.2,3.7,1333.4,5488.9,0.1954472831742961,48.9,940.4
870,8,lstm,loso,Al Jouf - TVTC,29.77634,40.02318,01-02-2020 00:00,5013.3,5364.58984375,351.2898437499998,351.2898437499998,123404.55432189928,7.007157835158474,12.0,4.2,1454.2,6556.0,0.1815435319967042,45.4,939.6
871,8,lstm,loso,Al Jouf - TVTC,29.77634,40.02318,01-03-2020 00:00,6023.0,6145.396484375,122.396484375,122.396484375,14980.89938735962,2.0321514921965798,17.3,4.8,2141.1,6048.1,0.26145411029160354,33.1,935.6
872,8,lstm,loso,Al Jouf - TVTC,29.77634,40.02318,01-04-2020 00:00,7187.5,6524.3505859375,-663.1494140625,663.1494140625,439767.1453714371,9.226426630434782,21.9,4.1,2330.6,6828.2,0.25446565052190245,27.7,935.0
873,8,lstm,loso,Al Jouf - TVTC,29.77634,40.02318,01-05-2020 00:00,7638.5,7131.3798828125,-507.1201171875,507.1201171875,257170.81325626373,6.639001337795379,28.1,4.2,2581.5,6901.0,0.27223833377273926,15.9,935.0
874,8,lstm,loso,Al Jouf - TVTC,29.77634,40.02318,01-09-2020 00:00,6580.0,6823.1650390625,243.1650390625,243.1650390625,59129.23622226715,3.695517310980243,33.7,2.8,2126.1,6568.7,0.24452546349542256,11.5,933.6
875,8,lstm,loso,Al Jouf - TVTC,29.77634,40.02318,01-10-2020 00:00,5708.7,5937.35693359375,228.65693359375018,228.65693359375018,52283.99328049668,4.005411627756761,26.1,2.5,1173.8,7846.8,0.1301243819701572,14.1,938.5
876,8,lstm,loso,Al Jouf - TVTC,29.77634,40.02318,01-11-2020 00:00,4067.3,4539.119140625,471.8191406249998,471.8191406249998,222613.30146011335,11.600303410739306,17.6,3.0,1380.2,5315.3,0.20613845119856622,51.3,938.9
877,8,lstm,loso,Al Jouf - TVTC,29.77634,40.02318,01-12-2020 00:00,3380.6,4136.5927734375,755.9927734375001,755.9927734375001,571525.0734897234,22.36268039512217,12.6,3.3,1274.2,4545.1,0.21896104342446687,58.8,941.1
878,8,lstm,loso,Al Jouf - TVTC,29.77634,40.02318,01-01-2021 00:00,3944.0,4322.20556640625,378.20556640625,378.20556640625,143039.45046067238,9.589390628961713,11.5,3.3,1446.4,5145.6,0.21941747572815534,45.9,941.2
879,8,lstm,loso,Al Jouf - TVTC,29.77634,40.02318,01-03-2021 00:00,6384.4,6339.16845703125,-45.231542968749636,45.231542968749636,2045.8924793338447,0.7084697539118733,18.1,3.9,2155.5,6569.8,0.24704021638224477,27.5,937.1
880,8,lstm,loso,Al Jouf - TVTC,29.77634,40.02318,01-04-2021 00:00,7284.1,6987.2724609375,-296.82753906250036,296.82753906250036,88106.58794590017,4.07500637089689,23.9,3.5,2225.7,7076.1,0.23927626910920466,17.2,937.3
881,8,lstm,loso,Al Jouf - TVTC,29.77634,40.02318,01-05-2021 00:00,8070.1,7251.9501953125,-818.1498046875004,818.1498046875004,669369.102910195,10.13803800061338,30.0,3.7,2289.2,7930.5,0.22399874751705037,12.3,933.4
882,8,lstm,loso,Al Jouf - TVTC,29.77634,40.02318,01-09-2021 00:00,6706.2,6919.69677734375,213.49677734375018,213.49677734375018,45580.87393616684,3.18357307184024,30.3,3.2,1641.3,7626.5,0.1770970456850601,18.9,933.6
1459,9,lstm,loso,Al Jubail - SWCC,26.9042,49.76274,01-01-2017 00:00,3548.4,3763.58349609375,215.1834960937499,215.1834960937499,46303.93699112888,6.064240110859822,16.8,2.8,1516.8,3907.2,0.279646017699115,72.4,1018.6
1460,9,lstm,loso,Al Jubail - SWCC,26.9042,49.76274,01-02-2017 00:00,3721.4,3868.2998046875,146.8998046874999,146.8998046874999,21579.55261722562,3.9474338874482697,15.2,0.5,1664.5,3479.3,0.32359345231152065,71.1,1019.5
1461,9,lstm,loso,Al Jubail - SWCC,26.9042,49.76274,01-03-2017 00:00,3973.8,4448.6943359375,474.8943359374998,474.8943359374998,225524.63030551892,11.950635058067839,20.7,0.0,2113.4,2693.2,0.43968709690841756,75.3,1013.7
1462,9,lstm,loso,Al Jubail - SWCC,26.9042,49.76274,01-04-2017 00:00,5835.2,6118.11279296875,282.9127929687502,282.9127929687502,80039.64842537891,4.848382111474332,26.4,0.0,2691.2,4230.3,0.3888174528642635,61.6,1010.9
1463,9,lstm,loso,Al Jubail - SWCC,26.9042,49.76274,01-05-2017 00:00,6296.3,6367.3232421875,71.02324218749982,71.02324218749982,5044.300930824254,1.128015535909976,31.9,0.0,2872.1,4323.0,0.3991744381593028,49.5,1006.2
1464,9,lstm,loso,Al Jubail - SWCC,26.9042,49.76274,01-06-2017 00:00,6948.8,6874.533203125,-74.26679687500018,74.26679687500018,5515.5571180725365,1.0687715414891805,34.2,0.0,1737.5,6898.8,0.2011856929472112,45.9,1000.6
1465,9,lstm,loso,Al Jubail - SWCC,26.9042,49.76274,01-09-2017 00:00,5878.6,5825.7158203125,-52.884179687500364,52.884179687500364,2796.736461219826,0.8996050026792155,33.3,0.0,2004.8,5499.9,0.26713925939744426,69.1,1004.9
1466,9,lstm,loso,Al Jubail - SWCC,26.9042,49.76274,01-10-2017 00:00,5021.3,5278.4951171875,257.1951171874998,257.1951171874998,66149.32830509177,5.1220822732658835,29.9,0.0,1688.5,5317.2,0.24101802817705584,68.8,1010.9
1467,9,lstm,loso,Al Jubail - SWCC,26.9042,49.76274,01-11-2017 00:00,3901.2,4114.10009765625,212.90009765625018,212.90009765625018,45326.45158204086,5.4572976944594025,24.6,0.0,1591.9,4243.0,0.27282387016058546,63.6,1016.1
1468,9,lstm,loso,Al Jubail - SWCC,26.9042,49.76274,01-03-2018 00:00,5957.0,5945.2958984375,-11.7041015625,11.7041015625,136.98599338531494,0.19647644053214708,23.4,0.0,2331.4,5397.0,0.301666580404741,56.2,1013.4
1469,9,lstm,loso,Al Jubail - SWCC,26.9042,49.76274,01-04-2018 00:00,5482.4,6111.9814453125,629.5814453125004,629.5814453125004,396372.7962817769,11.48368315541552,25.8,0.0,3245.7,2919.8,0.526429324466791,57.3,1010.2
1470,9,lstm,loso,Al Jubail - SWCC,26.9042,49.76274,01-05-2018 00:00,6604.4,6626.4892578125,22.089257812500364,22.089257812500364,487.9353107071084,0.3344627492656466,30.3,0.0,3285.3,4260.7,0.43536973230850784,48.8,1007.2
1471,9,lstm,loso,Al Jubail - SWCC,26.9042,49.76274,01-06-2018 00:00,7665.1,7056.0185546875,-609.0814453125004,609.0814453125004,370980.2070239644,7.946164372447852,35.1,0.0,2752.1,6272.2,0.3049654820872533,43.6,1000.0
1472,9,lstm,loso,Al Jubail - SWCC,26.9042,49.76274,01-07-2018 00:00,7378.5,6781.330078125,-597.169921875,597.169921875,356611.9155921936,8.093378354340313,35.4,0.0,2726.8,5954.3,0.314107659167617,45.6,996.6
1473,9,lstm,loso,Al Jubail - SWCC,26.9042,49.76274,01-08-2018 00:00,7059.7,6518.43359375,-541.2664062499998,541.2664062499998,292969.32253478986,7.666988770769294,34.8,0.0,2176.3,6521.7,0.25020694412508626,48.0,998.5
1474,9,lstm,loso,Al Jubail - SWCC,26.9042,49.76274,01-09-2018 00:00,6083.9,5973.79541015625,-110.10458984374964,110.10458984374964,12123.020704660335,1.80976988188086,33.1,0.0,2228.5,5429.9,0.2909876736655176,63.5,1005.0
1475,9,lstm,loso,Al Jubail - SWCC,26.9042,49.76274,01-10-2018 00:00,4732.9,4769.52587890625,36.625878906250364,36.625878906250364,1341.4550056553153,0.7738570201409362,29.4,0.0,2129.6,4037.2,0.3453330738794837,62.0,1012.9
1476,9,lstm,loso,Al Jubail - SWCC,26.9042,49.76274,01-11-2018 00:00,3456.3,4067.23046875,610.9304687499998,610.9304687499998,373236.0376470945,17.675851886410317,23.7,0.0,1734.3,3167.3,0.3538232413905663,66.8,1016.9
1477,9,lstm,loso,Al Jubail - SWCC,26.9042,49.76274,01-12-2018 00:00,3545.2,3967.63037109375,422.4303710937502,422.4303710937502,178447.41842240348,11.915558250416062,19.9,0.0,1657.1,3825.6,0.3022415962937968,64.4,1019.3
1478,9,lstm,loso,Al Jubail - SWCC,26.9042,49.76274,01-01-2019 00:00,3651.6,3910.6123046875,259.0123046875001,259.0123046875001,67087.37397953038,7.093118213591305,18.3,0.0,1940.7,3187.0,0.3784737796672972,59.2,1018.9
1479,9,lstm,loso,Al Jubail - SWCC,26.9042,49.76274,01-02-2019 00:00,4125.3,4075.75634765625,-49.54365234375018,49.54365234375018,2454.573487558383,1.200970895298528,17.8,0.0,1600.8,4369.5,0.26812722978744785,62.0,1017.9
1480,9,lstm,loso,Al Jubail - SWCC,26.9042,49.76274,01-03-2019 00:00,5465.2,5896.54443359375,431.3444335937502,431.3444335937502,186058.02039231316,7.892564473280944,19.8,0.0,2306.3,4794.0,0.3248172612424827,57.8,1014.4
1481,9,lstm,loso,Al Jubail - SWCC,26.9042,49.76274,01-04-2019 00:00,5869.6,5957.3720703125,87.77207031249964,87.77207031249964,7703.93632694238,1.4953671512965045,24.6,0.0,2808.2,4115.9,0.40556895481001143,54.2,1011.1
1482,9,lstm,loso,Al Jubail - SWCC,26.9042,49.76274,01-05-2019 00:00,6475.5,6320.48486328125,-155.01513671875,155.01513671875,24029.692611932755,2.3938713106130804,30.8,0.0,2917.2,4605.5,0.38778630013160165,43.9,1007.0
1483,9,lstm,loso,Al Jubail - SWCC,26.9042,49.76274,01-06-2019 00:00,7163.6,6546.73486328125,-616.8651367187504,616.8651367187504,380522.5968990426,8.61110526437476,35.4,0.0,2053.7,6714.8,0.23421337743057533,41.9,1000.8
1484,9,lstm,loso,Al Jubail - SWCC,26.9042,49.76274,01-07-2019 00:00,6808.1,6451.1455078125,-356.95449218750036,356.95449218750036,127416.50949283625,5.243085327587731,35.6,0.0,2048.9,6179.0,0.24901858311355268,43.0,996.9
1485,9,lstm,loso,Al Jubail - SWCC,26.9042,49.76274,01-08-2019 00:00,6987.8,6627.89599609375,-359.9040039062502,359.9040039062502,129530.89202775015,5.150462290080571,35.0,0.0,2260.6,6317.2,0.26354076802909837,46.0,998.6
1486,9,lstm,loso,Al Jubail - SWCC,26.9042,49.76274,01-09-2019 00:00,6346.6,6284.9365234375,-61.663476562500364,61.663476562500364,3802.384341774032,0.9715985970834834,33.4,0.0,1719.8,6676.0,0.20484051549584317,52.1,1003.8
1487,9,lstm,loso,Al Jubail - SWCC,26.9042,49.76274,01-10-2019 00:00,4976.4,5231.86376953125,255.46376953125036,255.46376953125036,65261.7375431158,5.133505536758507,31.1,0.0,1954.9,4757.8,0.29122409760603035,56.1,1010.2
1488,9,lstm,loso,Al Jubail - SWCC,26.9042,49.76274,01-11-2019 00:00,3931.9,4040.421875,108.52187499999991,108.52187499999991,11776.997353515606,2.7600364963503625,23.9,0.0,1529.9,4384.7,0.25866499847834173,53.6,1015.9
1489,9,lstm,loso,Al Jubail - SWCC,26.9042,49.76274,01-12-2019 00:00,3531.3,3848.767578125,317.4675781249998,317.4675781249998,100785.66316055287,8.990105007362722,19.6,0.0,1264.3,4553.2,0.21732703051138805,58.7,1018.0
1490,9,lstm,loso,Al Jubail - SWCC,26.9042,49.76274,01-01-2020 00:00,3772.3,4001.814453125,229.51445312499982,229.51445312499982,52676.88419326774,6.084204679505866,16.6,2.7,1288.1,4840.3,0.21018536649043795,56.6,1018.5
1491,9,lstm,loso,Al Jubail - SWCC,26.9042,49.76274,01-02-2020 00:00,4780.3,4243.859375,-536.4406250000002,536.4406250000002,287768.54415039084,11.221902914043055,18.2,4.1,1833.4,5000.4,0.26828411718224127,54.0,1018.0
1492,9,lstm,loso,Al Jubail - SWCC,26.9042,49.76274,01-03-2020 00:00,5488.2,5609.91455078125,121.71455078125018,121.71455078125018,14814.431871881528,2.217749914020083,21.1,4.3,2332.8,4713.9,0.3310485759291584,54.9,1012.8
1493,9,lstm,loso,Al Jubail - SWCC,26.9042,49.76274,01-04-2020 00:00,5407.2,5391.77978515625,-15.420214843749818,15.420214843749818,237.78302582740224,0.28517929508340395,26.1,4.2,2869.8,3396.5,0.457973604838581,51.8,1009.7
1494,9,lstm,loso,Al Jubail - SWCC,26.9042,49.76274,01-05-2020 00:00,6894.7,6697.20849609375,-197.49150390624982,197.49150390624982,39002.89411515229,2.8643958969389507,30.0,3.6,2616.7,5634.3,0.3171373166888862,47.2,1007.0
1495,9,lstm,loso,Al Jubail - SWCC,26.9042,49.76274,01-11-2020 00:00,3905.2,4329.81005859375,424.6100585937502,424.6100585937502,180293.70185898797,10.872940146311334,24.6,3.5,1498.6,4455.7,0.2516836571889223,58.9,1015.6
1496,9,lstm,loso,Al Jubail - SWCC,26.9042,49.76274,01-12-2020 00:00,3358.2,3866.295654296875,508.0956542968752,508.0956542968752,258161.1939153697,15.129999830173166,19.0,3.6,1436.2,3841.2,0.27214158487133816,61.7,1019.2
1497,9,lstm,loso,Al Jubail - SWCC,26.9042,49.76274,01-01-2021 00:00,3883.0,3932.8232421875,49.8232421875,49.8232421875,2482.35546207428,1.2831120831187226,17.4,3.4,1497.3,4548.5,0.2476595322372556,59.1,1019.3
1498,9,lstm,loso,Al Jubail - SWCC,26.9042,49.76274,01-02-2021 00:00,4494.8,4448.3583984375,-46.44160156250018,46.44160156250018,2156.8223556900193,1.0332295444179982,18.4,3.8,1576.0,5087.3,0.23651944231837077,60.0,1017.3
1499,9,lstm,loso,Al Jubail - SWCC,26.9042,49.76274,01-03-2021 00:00,5505.5,5009.90673828125,-495.59326171875,495.59326171875,245612.68106102943,9.001784791912632,21.9,4.5,2614.9,4175.9,0.385065088060317,52.5,1013.0
1500,9,lstm,loso,Al Jubail - SWCC,26.9042,49.76274,01-04-2021 00:00,6685.9,6421.45361328125,-264.44638671874964,264.44638671874964,69931.89144860249,3.9552848041213546,26.5,4.1,2655.6,5380.8,0.3304464685680155,47.7,1010.4
1501,9,lstm,loso,Al Jubail - SWCC,26.9042,49.76274,01-05-2021 00:00,7350.3,6962.3564453125,-387.9435546875002,387.9435546875002,150500.20162357343,5.2779281755506595,32.1,3.3,2539.0,6355.7,0.28545088648296174,42.6,1004.8
1502,9,lstm,loso,Al Jubail - SWCC,26.9042,49.76274,01-07-2021 00:00,7340.4,6735.84765625,-604.5523437499996,604.5523437499996,365483.5363336177,8.235959126886813,35.9,3.5,2197.9,6751.2,0.24560011621280353,50.2,997.0
1503,9,lstm,loso,Al Jubail - SWCC,26.9042,49.76274,01-08-2021 00:00,6824.9,6373.0732421875,-451.82675781249964,451.82675781249964,204147.4190753552,6.620269275923452,35.5,0.2,2101.2,6325.2,0.24935915693534605,55.2,1000.1
1504,9,lstm,loso,Al Jubail - SWCC,26.9042,49.76274,01-09-2021 00:00,6263.2,6320.39453125,57.19453125000018,57.19453125000018,3271.214404907247,0.9131838556967713,32.8,0.0,1628.3,6721.8,0.19500365265086644,55.3,1003.5
1505,9,lstm,loso,Al Jubail - SWCC,26.9042,49.76274,01-10-2021 00:00,5176.8,5280.1455078125,103.34550781249982,103.34550781249982,10680.293985023462,1.996320271451472,29.5,0.0,1558.9,5815.0,0.21140780319776512,58.5,1010.8
1506,9,lstm,loso,Al Jubail - SWCC,26.9042,49.76274,01-11-2021 00:00,4147.8,4208.18017578125,60.38017578124982,60.38017578124982,3645.765627374627,1.4557156994370464,24.0,0.0,1445.8,5032.5,0.22317583316610837,59.0,1014.7
1507,9,lstm,loso,Al Jubail - SWCC,26.9042,49.76274,01-12-2021 00:00,3370.2,3820.258544921875,450.0585449218752,450.0585449218752,202552.69385719555,13.354060439198717,19.1,0.0,1417.7,3890.0,0.2671025114456356,61.1,1018.4
513,10,lstm,loso,Al Khafji - SWCC,28.50676,48.455128,01-02-2017 00:00,3949.1,4326.7939453125,377.6939453125001,377.6939453125001,142652.71632572182,9.564051184130564,12.5,3.5,1788.9,3785.9,0.3208904355313195,47.2,1019.5
514,10,lstm,loso,Al Khafji - SWCC,28.50676,48.455128,01-11-2017 00:00,3938.1,4264.79296875,326.6929687500001,326.6929687500001,106728.29583068854,8.295700179020342,21.5,3.3,1571.4,4407.1,0.26284184996236515,48.1,1016.4
515,10,lstm,loso,Al Khafji - SWCC,28.50676,48.455128,01-03-2018 00:00,5826.0,4415.65771484375,-1410.34228515625,1410.34228515625,1989065.3612997532,24.207728890426537,21.5,3.4,2206.8,5403.5,0.2899754280383165,44.9,1013.0
516,10,lstm,loso,Al Khafji - SWCC,28.50676,48.455128,01-04-2018 00:00,5838.9,5975.3203125,136.42031250000036,136.42031250000036,18610.501662597755,2.3364043312952845,24.3,3.7,3234.6,3462.7,0.4829707494064773,51.3,1009.9
517,10,lstm,loso,Al Khafji - SWCC,28.50676,48.455128,01-05-2018 00:00,6759.9,6743.0576171875,-16.842382812499636,16.842382812499636,283.66585880278313,0.24915136041213087,29.9,3.0,3162.2,4749.9,0.3996663338431011,38.4,1006.9
518,10,lstm,loso,Al Khafji - SWCC,28.50676,48.455128,01-06-2018 00:00,7569.0,6511.6982421875,-1057.3017578125,1057.3017578125,1117887.0070734024,13.968843411448011,34.8,3.8,3187.7,5639.7,0.36111425787887713,29.1,1000.0
519,10,lstm,loso,Al Khafji - SWCC,28.50676,48.455128,01-07-2018 00:00,7416.9,6951.69921875,-465.20078124999964,465.20078124999964,216411.76687561002,6.272172757486278,36.4,4.0,2899.6,5875.5,0.3304349807979396,21.6,996.6
520,10,lstm,loso,Al Khafji - SWCC,28.50676,48.455128,01-03-2020 00:00,5678.3,4883.07763671875,-795.2223632812502,795.2223632812502,632378.6070626166,14.004585232926232,19.3,3.6,2138.4,5343.2,0.2858212147134303,56.6,1012.8
521,10,lstm,loso,Al Khafji - SWCC,28.50676,48.455128,01-04-2020 00:00,6194.9,5283.822265625,-911.0777343749996,911.0777343749996,830062.6380738824,14.706899778446783,24.3,3.5,3297.2,3990.5,0.45243355242394717,51.8,1009.8
522,10,lstm,loso,Al Khafji - SWCC,28.50676,48.455128,01-09-2020 00:00,6394.5,6232.32861328125,-162.17138671875,162.17138671875,26299.558670282364,2.5361073847642506,33.0,2.7,1898.9,6518.8,0.22558418570393338,40.8,1004.1
523,10,lstm,loso,Al Khafji - SWCC,28.50676,48.455128,01-10-2020 00:00,5466.9,4991.19091796875,-475.70908203124964,475.70908203124964,226299.13072701418,8.701623992230509,26.6,2.5,1368.7,6781.2,0.16794071092896848,42.6,1011.6
524,10,lstm,loso,Al Khafji - SWCC,28.50676,48.455128,01-11-2020 00:00,3736.1,4248.7412109375,512.6412109375001,512.6412109375001,262801.01115146646,13.72129254938305,22.4,3.6,1507.8,4169.5,0.2655839923907491,56.9,1015.9
525,10,lstm,loso,Al Khafji - SWCC,28.50676,48.455128,01-12-2020 00:00,3067.4,3971.14306640625,903.7430664062499,903.7430664062499,816751.5300773714,29.462837139148785,15.5,3.1,1282.8,3681.1,0.25842583452527246,64.4,1019.5
526,10,lstm,loso,Al Khafji - SWCC,28.50676,48.455128,01-01-2021 00:00,3791.6,3851.928466796875,60.32846679687509,60.32846679687509,3639.5239060616605,1.5911084185271416,13.9,2.9,1545.4,4379.7,0.26082260215017466,53.9,1019.7
527,10,lstm,loso,Al Khafji - SWCC,28.50676,48.455128,01-02-2021 00:00,4392.6,4322.603515625,-69.99648437500036,69.99648437500036,4899.50782485967,1.593509183057878,16.0,0.0,1477.9,5060.7,0.22602697825222526,57.1,1017.6
528,10,lstm,loso,Al Khafji - SWCC,28.50676,48.455128,01-03-2021 00:00,5763.4,4833.86376953125,-929.5362304687496,929.5362304687496,864037.6037540524,16.128261624540198,20.1,0.0,2573.5,4760.7,0.3508903493223528,42.5,1013.2
529,10,lstm,loso,Al Khafji - SWCC,28.50676,48.455128,01-04-2021 00:00,6385.6,5974.02294921875,-411.57705078125036,411.57705078125036,169395.66872979194,6.445393553953433,25.6,0.0,2797.2,4953.7,0.360887122785741,34.3,1010.5
530,10,lstm,loso,Al Khafji - SWCC,28.50676,48.455128,01-05-2021 00:00,7342.1,7092.82373046875,-249.27626953125036,249.27626953125036,62138.65855141658,3.3951630940909325,32.1,0.0,2642.0,6220.9,0.29809655981676425,26.7,1004.7
531,10,lstm,loso,Al Khafji - SWCC,28.50676,48.455128,01-07-2021 00:00,7678.7,6958.85693359375,-719.8430664062498,719.8430664062498,518174.0402531526,9.374543430609997,36.7,0.0,2200.3,7293.0,0.23177398797046342,30.0,996.9
532,10,lstm,loso,Al Khafji - SWCC,28.50676,48.455128,01-08-2021 00:00,7239.3,6662.50537109375,-576.7946289062502,576.7946289062502,332692.04393509886,7.967546985292088,35.8,0.0,2172.8,6851.9,0.24076146575509436,33.5,999.9
533,10,lstm,loso,Al Khafji - SWCC,28.50676,48.455128,01-09-2021 00:00,6523.0,6436.212890625,-86.787109375,86.787109375,7532.002353668213,1.3304784512494252,32.2,0.0,1749.5,6997.5,0.2000114324911398,31.5,1003.5
534,10,lstm,loso,Al Khafji - SWCC,28.50676,48.455128,01-10-2021 00:00,5078.8,5214.1201171875,135.32011718749982,135.32011718749982,18311.534115638682,2.6644112228774475,27.6,0.0,1732.2,5432.1,0.2417821699258825,38.1,1011.0
1068,11,lstm,loso,Al Qunfudhah - TVTC,19.15197,41.08111,01-01-2017 00:00,4603.3,4756.16357421875,152.86357421874982,152.86357421874982,23367.272322931232,3.3207389094508244,26.5,2.3,1731.3,4826.3,0.26401427351470047,76.5,1012.8
1069,11,lstm,loso,Al Qunfudhah - TVTC,19.15197,41.08111,01-02-2017 00:00,4068.8,4710.30322265625,641.5032226562498,641.5032226562498,411526.384678354,15.766398511999846,26.4,2.5,2493.3,2316.6,0.5183683652466788,71.1,1012.0
1070,11,lstm,loso,Al Qunfudhah - TVTC,19.15197,41.08111,01-03-2017 00:00,5175.3,5063.5859375,-111.71406250000018,111.71406250000018,12480.031760253947,2.158600709137638,28.0,2.6,2617.2,3455.6,0.4309708865762087,72.8,1008.9
1071,11,lstm,loso,Al Qunfudhah - TVTC,19.15197,41.08111,01-04-2017 00:00,6063.9,6230.607421875,166.70742187500036,166.70742187500036,27791.36450820935,2.749178282540945,30.6,2.6,2708.7,4292.5,0.3868908187167914,65.0,1007.7
1072,11,lstm,loso,Al Qunfudhah - TVTC,19.15197,41.08111,01-05-2017 00:00,5961.5,5945.18701171875,-16.31298828125,16.31298828125,266.11358666419983,0.27363898819508514,32.1,2.9,2791.6,3960.8,0.41342337539245305,71.3,1006.0
1073,11,lstm,loso,Al Qunfudhah - TVTC,19.15197,41.08111,01-06-2017 00:00,5946.6,5803.53515625,-143.06484375000036,143.06484375000036,20467.549517212017,2.4058259131268347,32.6,2.9,2959.5,3624.0,0.44953292321713373,74.7,1002.2
1074,11,lstm,loso,Al Qunfudhah - TVTC,19.15197,41.08111,01-09-2017 00:00,5957.8,5756.5419921875,-201.25800781250018,201.25800781250018,40504.78570865638,3.3780591462032996,32.2,2.8,3070.0,3642.6,0.4573488663111164,79.4,1004.5
1075,11,lstm,loso,Al Qunfudhah - TVTC,19.15197,41.08111,01-10-2017 00:00,5667.9,5645.34033203125,-22.559667968749636,22.559667968749636,508.93861886022836,0.398025158678693,30.5,2.5,2091.8,5201.7,0.2868033180228971,78.4,1007.8
1076,11,lstm,loso,Al Qunfudhah - TVTC,19.15197,41.08111,01-11-2017 00:00,4737.6,5043.3349609375,305.73496093749964,305.73496093749964,93473.86633945443,6.453372191352154,29.1,2.3,1912.1,4619.1,0.2927639637432631,74.2,1010.4
1077,11,lstm,loso,Al Qunfudhah - TVTC,19.15197,41.08111,01-12-2017 00:00,4548.6,4448.296875,-100.30312500000036,100.30312500000036,10060.716884765698,2.2051427911885058,26.7,2.1,1658.6,5033.8,0.2478333632179786,73.0,1013.3
1078,11,lstm,loso,Al Qunfudhah - TVTC,19.15197,41.08111,01-03-2018 00:00,6486.4,5514.87890625,-971.5210937499996,971.5210937499996,943853.2356011956,14.977816566200044,27.8,2.3,2263.3,5829.9,0.2796545247862403,71.9,1009.3
1079,11,lstm,loso,Al Qunfudhah - TVTC,19.15197,41.08111,01-04-2018 00:00,6652.1,6567.94775390625,-84.15224609375036,84.15224609375036,7081.600522623124,1.2650478208949107,30.2,2.5,2627.6,5211.2,0.3352043680155126,70.7,1006.9
1080,11,lstm,loso,Al Qunfudhah - TVTC,19.15197,41.08111,01-05-2018 00:00,6919.4,6725.22607421875,-194.17392578124964,194.17392578124964,37703.51345330224,2.8062249007319946,31.8,2.6,3245.1,4602.4,0.41352022937241156,70.7,1004.8
1081,11,lstm,loso,Al Qunfudhah - TVTC,19.15197,41.08111,01-06-2018 00:00,6298.2,5977.056640625,-321.1433593749998,321.1433593749998,103133.05727066028,5.098970489584323,32.7,3.2,3832.3,2975.4,0.5629360870778677,72.1,1002.3
1082,11,lstm,loso,Al Qunfudhah - TVTC,19.15197,41.08111,01-07-2018 00:00,6173.5,5748.57861328125,-424.92138671875,424.92138671875,180558.1848909855,6.882989984915364,32.7,3.5,3603.3,3098.7,0.537645478961504,69.2,1002.6
1083,11,lstm,loso,Al Qunfudhah - TVTC,19.15197,41.08111,01-08-2018 00:00,6225.0,5793.1123046875,-431.8876953125,431.8876953125,186526.98136234283,6.937954944779117,33.0,3.5,3379.3,3438.1,0.4956875055006308,74.3,1002.8
1084,11,lstm,loso,Al Qunfudhah - TVTC,19.15197,41.08111,01-09-2018 00:00,5957.2,5772.224609375,-184.97539062499982,184.97539062499982,34215.89513687127,3.1050726956456023,32.7,2.3,3243.1,3374.2,0.4900941471597178,80.7,1005.0
1085,11,lstm,loso,Al Qunfudhah - TVTC,19.15197,41.08111,01-10-2018 00:00,5391.0,5373.6328125,-17.3671875,17.3671875,301.61920166015625,0.3221515025041736,30.8,1.8,2299.3,4418.2,0.3422850762932639,74.8,1008.8
1086,11,lstm,loso,Al Qunfudhah - TVTC,19.15197,41.08111,01-11-2018 00:00,4418.4,4851.8251953125,433.42519531250036,433.42519531250036,187857.3999316791,9.809550862586013,29.1,1.6,2037.1,3856.6,0.3456402599385785,75.7,1010.4
1087,11,lstm,loso,Al Qunfudhah - TVTC,19.15197,41.08111,01-12-2018 00:00,4109.2,4875.74609375,766.5460937500002,766.5460937500002,587592.913843384,18.65438756327266,27.5,1.6,2033.3,3567.0,0.3630698355445244,77.8,1012.5
1088,11,lstm,loso,Al Qunfudhah - TVTC,19.15197,41.08111,01-01-2019 00:00,4616.3,4780.5869140625,164.28691406249982,164.28691406249982,26990.1901321792,3.5588439673006476,26.8,1.6,2196.5,3983.3,0.3554322146347778,79.1,1012.9
1089,11,lstm,loso,Al Qunfudhah - TVTC,19.15197,41.08111,01-02-2019 00:00,4805.2,4637.82568359375,-167.37431640624982,167.37431640624982,28014.16179245943,3.483191467706855,26.6,2.0,2694.3,3153.1,0.46076888873687455,75.9,1011.7
1090,11,lstm,loso,Al Qunfudhah - TVTC,19.15197,41.08111,01-03-2019 00:00,6154.0,5215.1083984375,-938.8916015625,938.8916015625,881517.4394845963,15.256607110212869,26.9,2.3,2688.8,4702.5,0.3637790375170809,71.5,1010.3
1091,11,lstm,loso,Al Qunfudhah - TVTC,19.15197,41.08111,01-04-2019 00:00,6536.0,6822.23291015625,286.23291015625,286.23291015625,81929.27885651588,4.379328490762699,29.8,2.0,2894.4,4666.4,0.3828166331605122,71.1,1007.6
1092,11,lstm,loso,Al Qunfudhah - TVTC,19.15197,41.08111,01-05-2019 00:00,6425.8,6640.568359375,214.76835937499982,214.76835937499982,46125.448188629074,3.342282040757568,32.6,2.2,2897.1,4598.5,0.3865067506270345,60.9,1006.1
1093,11,lstm,loso,Al Qunfudhah - TVTC,19.15197,41.08111,01-06-2019 00:00,6387.9,5778.98583984375,-608.9141601562496,608.9141601562496,370776.45443879085,9.53230576803409,33.3,2.9,3510.2,3458.7,0.5036949877312058,73.4,1002.6
1094,11,lstm,loso,Al Qunfudhah - TVTC,19.15197,41.08111,01-07-2019 00:00,6463.4,6593.90576171875,130.50576171875036,130.50576171875036,17031.753841791247,2.0191503190078035,33.0,3.3,3579.8,3504.5,0.5053145688353119,70.0,1001.2
1095,11,lstm,loso,Al Qunfudhah - TVTC,19.15197,41.08111,01-08-2019 00:00,6034.5,5798.6171875,-235.8828125,235.8828125,55640.701232910156,3.9089040102742563,32.9,3.4,3219.6,3438.2,0.4835831656102617,76.4,1003.8
1096,11,lstm,loso,Al Qunfudhah - TVTC,19.15197,41.08111,01-09-2019 00:00,5989.8,5755.63427734375,-234.16572265625018,234.16572265625018,54833.58566712388,3.909408037935326,32.1,2.5,2896.6,3898.3,0.4262903059647677,82.2,1003.8
1097,11,lstm,loso,Al Qunfudhah - TVTC,19.15197,41.08111,01-10-2019 00:00,5564.8,5657.14306640625,92.34306640624982,92.34306640624982,8527.241913309064,1.6594139305320912,30.9,1.8,2124.4,4919.2,0.30160713271622464,77.3,1008.3
1098,11,lstm,loso,Al Qunfudhah - TVTC,19.15197,41.08111,01-11-2019 00:00,4206.5,4784.1572265625,577.6572265625,577.6572265625,333687.87139987946,13.732490825210983,28.7,1.4,1795.2,3890.5,0.31573948678263014,80.4,1009.6
1099,11,lstm,loso,Al Qunfudhah - TVTC,19.15197,41.08111,01-12-2019 00:00,4460.9,4844.384765625,383.48476562500036,383.48476562500036,147060.56546646147,8.596578395054818,27.6,1.8,1773.5,4714.4,0.273355014719709,79.0,1011.6
1100,11,lstm,loso,Al Qunfudhah - TVTC,19.15197,41.08111,01-01-2020 00:00,4132.0,4456.4443359375,324.4443359375,324.4443359375,105264.12712192535,7.8519926412754115,20.2,2.1,1493.0,4790.6,0.23760264816347315,62.9,1016.4
1101,11,lstm,loso,Al Qunfudhah - TVTC,19.15197,41.08111,01-02-2020 00:00,5069.8,4713.4658203125,-356.3341796875002,356.3341796875002,126974.04761356367,7.028564828740783,26.2,1.6,2509.8,3741.1,0.4015101825337152,79.0,1012.7
1102,11,lstm,loso,Al Qunfudhah - TVTC,19.15197,41.08111,01-03-2020 00:00,5969.4,5459.70654296875,-509.69345703124964,509.69345703124964,259787.42014046633,8.53843697911431,27.1,1.2,2971.8,3975.4,0.4277694610778443,78.1,1009.3
1103,11,lstm,loso,Al Qunfudhah - TVTC,19.15197,41.08111,01-04-2020 00:00,6822.3,6567.71533203125,-254.58466796875018,254.58466796875018,64813.35316475877,3.7316545441969744,29.8,2.5,2477.4,5643.0,0.3050834934239693,74.4,1007.8
1104,11,lstm,loso,Al Qunfudhah - TVTC,19.15197,41.08111,01-05-2020 00:00,6685.0,6373.935546875,-311.064453125,311.064453125,96761.09399795532,4.653170577786088,32.1,3.0,2890.0,4756.6,0.377945753668297,73.0,1006.0
1105,11,lstm,loso,Al Qunfudhah - TVTC,19.15197,41.08111,01-10-2020 00:00,5807.6,5461.36279296875,-346.23720703125036,346.23720703125036,119880.20353280092,5.961795010525008,30.6,2.3,1839.5,5788.0,0.24116683054736152,78.8,1007.5
1106,11,lstm,loso,Al Qunfudhah - TVTC,19.15197,41.08111,01-11-2020 00:00,4494.5,4838.4326171875,343.9326171875,343.9326171875,118289.64516544342,7.652299859550562,29.2,2.3,1828.7,4301.2,0.29832460562162516,80.0,1010.2
1107,11,lstm,loso,Al Qunfudhah - TVTC,19.15197,41.08111,01-12-2020 00:00,4492.0,4779.2998046875,287.2998046875,287.2998046875,82541.17777347565,6.395810433826803,27.4,2.1,1638.6,5006.1,0.24660255542010923,82.9,1011.5
1108,11,lstm,loso,Al Qunfudhah - TVTC,19.15197,41.08111,01-01-2021 00:00,4590.6,4684.71044921875,94.11044921874964,94.11044921874964,8856.776652154855,2.0500686014627636,26.2,2.1,1968.1,4364.5,0.3107886176294097,83.6,1011.8
1109,11,lstm,loso,Al Qunfudhah - TVTC,19.15197,41.08111,01-02-2021 00:00,5038.1,4618.3291015625,-419.77089843750036,419.77089843750036,176207.60717502623,8.331928672267331,26.0,2.6,2207.1,4209.1,0.3439886537202705,79.0,1011.5
1110,11,lstm,loso,Al Qunfudhah - TVTC,19.15197,41.08111,01-04-2021 00:00,6796.6,5397.5400390625,-1399.0599609375004,1399.0599609375004,1957368.77429844,20.58470354202837,29.6,2.5,2874.2,4925.7,0.3684919037423557,72.7,1007.5
1111,11,lstm,loso,Al Qunfudhah - TVTC,19.15197,41.08111,01-07-2021 00:00,5840.7,5658.177734375,-182.52226562499982,182.52226562499982,33314.37744888299,3.125006687982602,33.1,3.6,3441.2,2969.5,0.5367900541282543,74.3,1001.1
1112,11,lstm,loso,Al Qunfudhah - TVTC,19.15197,41.08111,01-10-2021 00:00,5500.6,6104.51904296875,603.9190429687496,603.9190429687496,364718.2104602905,10.979148510503393,30.6,0.0,2343.9,4448.1,0.3450971731448763,86.1,1007.4
430,12,lstm,loso,Al Uwayqilah,30.327166,42.253735,01-04-2021 00:00,6817.4,6653.3642578125,-164.03574218749964,164.03574218749964,26907.72471500385,2.4061334553862124,24.9,3.9,2497.5,6127.0,0.2895820047538988,19.4,963.8
431,12,lstm,loso,Al Uwayqilah,30.327166,42.253735,01-10-2021 00:00,4938.5,5186.16796875,247.66796875,247.66796875,61339.42274475098,5.015044421383011,26.6,3.2,1705.0,5423.6,0.2391773980865808,22.2,963.8
432,12,lstm,loso,Al Uwayqilah,30.327166,42.253735,01-11-2021 00:00,3868.8,4545.875,677.0749999999998,677.0749999999998,458430.55562499975,17.5009046732837,17.9,3.1,1358.3,4998.1,0.21369013907243092,37.7,967.4
433,12,lstm,loso,Al Uwayqilah,30.327166,42.253735,01-12-2021 00:00,3175.3,3862.15869140625,686.8586914062498,686.8586914062498,471774.8619603059,21.631300708791287,12.7,2.9,1420.0,3801.5,0.2719525040697118,47.4,968.6
1422,13,lstm,loso,Al Wajh - TVTC,26.256,36.443,01-01-2017 00:00,4200.7,4378.28076171875,177.58076171875018,177.58076171875018,31534.92693261153,4.227408806121604,19.5,2.9,1323.6,5446.0,0.19552115339163317,47.2,1013.9
1423,13,lstm,loso,Al Wajh - TVTC,26.256,36.443,01-02-2017 00:00,5057.4,5060.73486328125,3.334863281250364,3.334863281250364,11.121313104631943,0.0659402713103643,19.3,3.0,1525.6,6045.2,0.20151106884345116,35.9,1014.3
1424,13,lstm,loso,Al Wajh - TVTC,26.256,36.443,01-03-2017 00:00,5541.5,5960.78466796875,419.28466796875,419.28466796875,175799.63279366493,7.566266678133177,21.7,2.9,1725.0,5803.6,0.22912626517546422,52.4,1009.5
1425,13,lstm,loso,Al Wajh - TVTC,26.256,36.443,01-11-2017 00:00,4630.7,4695.3486328125,64.64863281250018,64.64863281250018,4179.445724525475,1.3960876932753188,24.2,2.6,1275.5,6355.6,0.16714497254655292,50.1,1011.1
1426,13,lstm,loso,Al Wajh - TVTC,26.256,36.443,01-03-2018 00:00,6522.6,5874.41845703125,-648.1815429687504,648.1815429687504,420139.31264535,9.937471912561714,24.1,2.7,1793.9,7248.1,0.19839637248396375,55.3,1009.5
1427,13,lstm,loso,Al Wajh - TVTC,26.256,36.443,01-04-2018 00:00,7375.2,5864.59423828125,-1510.6057617187498,1510.6057617187498,2281929.7673378843,20.482234538978602,25.3,2.7,2354.4,6860.2,0.25550756408308556,56.4,1007.2
1428,13,lstm,loso,Al Wajh - TVTC,26.256,36.443,01-05-2018 00:00,7155.7,6783.64013671875,-372.0598632812498,372.0598632812498,138428.54186486232,5.199489403989125,29.8,2.8,2985.8,5446.4,0.35409501672161475,48.4,1005.1
1429,13,lstm,loso,Al Wajh - TVTC,26.256,36.443,01-06-2018 00:00,8075.8,7269.82421875,-805.9757812500002,805.9757812500002,649596.9599615481,9.98013548193368,30.1,3.1,2297.0,7721.7,0.22927126273867865,58.8,1003.2
1430,13,lstm,loso,Al Wajh - TVTC,26.256,36.443,01-01-2019 00:00,3929.6,4206.119140625,276.5191406250001,276.5191406250001,76462.83513198857,7.036826664927731,19.5,2.6,1595.7,4439.3,0.2644076222038111,49.8,1014.0
1431,13,lstm,loso,Al Wajh - TVTC,26.256,36.443,01-02-2019 00:00,5101.3,4761.89501953125,-339.4049804687502,339.4049804687502,115195.74076699269,6.653303676881387,20.5,2.9,1733.3,5780.7,0.23067607133351078,43.8,1013.3
1432,13,lstm,loso,Al Wajh - TVTC,26.256,36.443,01-03-2019 00:00,6392.0,6077.96044921875,-314.03955078125,314.03955078125,98620.8394548893,4.913009242510169,20.9,3.1,1869.6,6942.3,0.21216763694549415,44.3,1011.8
1433,13,lstm,loso,Al Wajh - TVTC,26.256,36.443,01-07-2019 00:00,8071.9,7174.7529296875,-897.1470703124996,897.1470703124996,804872.8657703012,11.114447283941818,30.5,2.6,1699.1,8707.4,0.16327295440349782,65.1,1002.0
1434,13,lstm,loso,Al Wajh - TVTC,26.256,36.443,01-08-2019 00:00,7581.2,7070.6923828125,-510.5076171874998,510.5076171874998,260618.02720645885,6.7338629397390894,31.1,2.6,1678.4,8204.4,0.16983041243372327,65.5,1003.5
1435,13,lstm,loso,Al Wajh - TVTC,26.256,36.443,01-11-2019 00:00,4649.9,4756.0869140625,106.18691406250036,106.18691406250036,11275.660718116838,2.283638660240013,25.9,2.4,1294.0,6403.2,0.16811308008106846,47.3,1010.2
1436,13,lstm,loso,Al Wajh - TVTC,26.256,36.443,01-02-2020 00:00,5416.4,5182.00439453125,-234.39560546874964,234.39560546874964,54941.29986306174,4.3275165325446725,19.2,2.8,1261.4,7373.9,0.1460748323740924,49.1,1014.7
1437,13,lstm,loso,Al Wajh - TVTC,26.256,36.443,01-04-2020 00:00,7491.1,6897.48583984375,-593.6141601562504,593.6141601562504,352377.77113801043,7.924258922671575,23.9,2.9,2108.3,7510.5,0.21918534536532627,56.7,1008.6
1438,13,lstm,loso,Al Wajh - TVTC,26.256,36.443,01-01-2021 00:00,4163.9,5102.728515625,938.8285156250004,938.8285156250004,881398.9817506416,22.54685548704341,21.4,0.0,933.3,6264.0,0.12967362761035386,46.8,1013.6
1439,13,lstm,loso,Al Wajh - TVTC,26.256,36.443,01-04-2021 00:00,7780.5,6889.80712890625,-890.69287109375,890.69287109375,793333.7906172276,11.447758769921599,25.0,0.0,2188.7,7759.7,0.22000522697117122,56.0,1008.7
1440,13,lstm,loso,Al Wajh - TVTC,26.256,36.443,01-07-2021 00:00,8133.6,7143.05322265625,-990.5467773437504,990.5467773437504,981182.9181060893,12.178454526209185,30.3,0.0,2075.4,8229.8,0.2013934712572294,64.9,1001.1
675,14,lstm,loso,Arar - TVTC,31.027395,40.906419,01-01-2017 00:00,3512.9,4212.865234375,699.9652343749999,699.9652343749999,489951.32933364855,19.925566750405643,8.1,2.8,1302.8,4734.2,0.21580255093589532,50.1,952.2
676,14,lstm,loso,Arar - TVTC,31.027395,40.906419,01-02-2017 00:00,4507.6,4617.9326171875,110.33261718749964,110.33261718749964,12173.286415443341,2.4477020407201087,9.0,3.4,1425.7,5677.6,0.2007095293736714,27.3,952.7
677,14,lstm,loso,Arar - TVTC,31.027395,40.906419,01-03-2017 00:00,5568.1,5457.93994140625,-110.16005859375036,110.16005859375036,12135.238509378514,1.978413796335381,16.2,4.1,2247.0,5276.1,0.2986800653985724,41.1,946.8
678,14,lstm,loso,Arar - TVTC,31.027395,40.906419,01-04-2017 00:00,6069.7,5985.85986328125,-83.84013671874982,83.84013671874982,7029.168525018662,1.3812896307684042,21.7,4.0,2775.9,4632.1,0.3747165226781858,26.0,947.9
679,14,lstm,loso,Arar - TVTC,31.027395,40.906419,01-05-2017 00:00,7301.0,7184.09521484375,-116.90478515625,116.90478515625,13666.72879242897,1.6012160684324064,28.4,4.1,2414.8,6512.4,0.2704991486692356,15.7,944.8
680,14,lstm,loso,Arar - TVTC,31.027395,40.906419,01-11-2017 00:00,3901.3,4736.04052734375,834.7405273437498,834.7405273437498,696791.7479901215,21.39647110818829,16.7,3.3,1737.8,4327.1,0.286533990667612,40.2,950.5
681,14,lstm,loso,Arar - TVTC,31.027395,40.906419,01-03-2018 00:00,6026.1,6162.8232421875,136.72324218749964,136.72324218749964,18693.24495426168,2.2688512004032395,20.6,3.6,2377.8,5717.1,0.29374050327984286,23.7,947.5
682,14,lstm,loso,Arar - TVTC,31.027395,40.906419,01-04-2018 00:00,6818.8,6424.95849609375,-393.8415039062502,393.8415039062502,155111.13019913688,5.775818383091602,22.0,3.9,2498.6,6174.8,0.28807618696243686,27.2,945.0
683,14,lstm,loso,Arar - TVTC,31.027395,40.906419,01-05-2018 00:00,7092.7,6971.7841796875,-120.91582031249982,120.91582031249982,14620.635601844744,1.704792537573841,27.3,4.3,2895.7,5711.9,0.3364120079929365,25.5,944.0
684,14,lstm,loso,Arar - TVTC,31.027395,40.906419,01-06-2018 00:00,8380.7,7365.642578125,-1015.0574218750007,1015.0574218750007,1030341.5697035232,12.11184533362369,32.0,4.5,2239.0,8282.5,0.21280235707836334,15.4,941.4
685,14,lstm,loso,Arar - TVTC,31.027395,40.906419,01-07-2018 00:00,8347.3,7415.37451171875,-931.9254882812493,931.9254882812493,868485.1157082448,11.16439433447042,33.6,4.4,1892.3,8928.8,0.17487131622478308,15.0,939.0
686,14,lstm,loso,Arar - TVTC,31.027395,40.906419,01-08-2018 00:00,7877.4,7228.2333984375,-649.1666015624996,649.1666015624996,421417.27658420516,8.240873912236268,33.2,3.9,1359.3,9382.7,0.12654068143734873,17.0,940.1
687,14,lstm,loso,Arar - TVTC,31.027395,40.906419,01-11-2018 00:00,3071.3,3968.96728515625,897.6672851562498,897.6672851562498,805806.554839792,29.22760020695633,14.7,2.6,1513.2,3155.0,0.3241506362195279,75.0,950.6
688,14,lstm,loso,Arar - TVTC,31.027395,40.906419,01-12-2018 00:00,3390.0,4139.44970703125,749.44970703125,749.44970703125,561674.8633692265,22.107660974373154,11.7,2.7,1226.3,4918.7,0.19956061838893407,66.5,951.8
689,14,lstm,loso,Arar - TVTC,31.027395,40.906419,01-01-2019 00:00,3484.3,4081.987548828125,597.6875488281248,597.6875488281248,357230.4060241721,17.153733858396947,9.2,3.7,1518.7,4083.5,0.2710899289564814,55.5,950.5
690,14,lstm,loso,Arar - TVTC,31.027395,40.906419,01-02-2019 00:00,4767.2,4738.0986328125,-29.101367187499818,29.101367187499818,846.889572181691,0.6104498906590833,11.2,3.2,1491.0,6024.6,0.19838735430304966,54.4,950.6
691,14,lstm,loso,Arar - TVTC,31.027395,40.906419,01-03-2019 00:00,5977.9,5868.9306640625,-108.96933593749964,108.96933593749964,11874.316174659649,1.8228698361882876,14.4,4.3,1759.4,6874.0,0.20378993212407628,38.3,947.3
692,14,lstm,loso,Arar - TVTC,31.027395,40.906419,01-04-2019 00:00,6677.9,6141.1416015625,-536.7583984374996,536.7583984374996,288109.57829318964,8.037832229256198,19.4,3.8,2353.1,6130.7,0.27736391711261466,33.3,946.8
693,14,lstm,loso,Arar - TVTC,31.027395,40.906419,01-05-2019 00:00,7228.4,7074.03173828125,-154.36826171874964,154.36826171874964,23829.560226068385,2.1355799584797417,29.5,4.1,2436.9,6413.1,0.27535593220338983,13.8,944.8
694,14,lstm,loso,Arar - TVTC,31.027395,40.906419,01-06-2019 00:00,7792.8,7348.82568359375,-443.9743164062502,443.9743164062502,197113.19362839716,5.697237403837519,33.8,4.4,2142.5,7696.6,0.2177536563303554,13.0,941.8
695,14,lstm,loso,Arar - TVTC,31.027395,40.906419,01-07-2019 00:00,8295.1,7381.93701171875,-913.1629882812504,913.1629882812504,833866.643166743,11.008462686179193,33.9,4.0,1512.2,9517.0,0.1371087658216371,13.0,939.1
696,14,lstm,loso,Arar - TVTC,31.027395,40.906419,01-08-2019 00:00,7449.2,7349.87744140625,-99.32255859374982,99.32255859374982,9864.970645608866,1.3333318825343636,34.2,4.6,1847.9,7884.0,0.18988070161016865,14.7,939.9
697,14,lstm,loso,Arar - TVTC,31.027395,40.906419,01-09-2019 00:00,6579.7,6488.1318359375,-91.56816406249982,91.56816406249982,8384.728669776883,1.3916768859142488,31.8,3.5,1730.1,7316.8,0.19123677723861213,16.0,943.2
698,14,lstm,loso,Arar - TVTC,31.027395,40.906419,01-10-2019 00:00,4677.5,4814.10791015625,136.60791015625,136.60791015625,18661.721117258072,2.9205325527792625,25.9,3.3,1919.6,4585.6,0.2950870073172231,33.3,947.2
699,14,lstm,loso,Arar - TVTC,31.027395,40.906419,01-11-2019 00:00,3861.5,4215.806640625,354.306640625,354.306640625,125533.1955909729,9.17536295804739,16.3,3.3,1386.6,5025.0,0.21626427100879653,42.8,950.9
700,14,lstm,loso,Arar - TVTC,31.027395,40.906419,01-12-2019 00:00,3586.5,4256.6513671875,670.1513671875,670.1513671875,449102.85494327545,18.68538595253032,11.3,2.7,1018.9,5810.8,0.14918664070164137,52.7,950.5
701,14,lstm,loso,Arar - TVTC,31.027395,40.906419,01-12-2020 00:00,3033.7,4077.929443359375,1044.2294433593752,1044.2294433593752,1090415.1303786305,34.42098570588309,11.1,2.2,1135.5,4234.8,0.21144070163678005,60.2,952.3
702,14,lstm,loso,Arar - TVTC,31.027395,40.906419,01-01-2021 00:00,3818.0,4391.62158203125,573.62158203125,573.62158203125,329041.7193720341,15.024137821667102,10.3,2.6,1205.0,5599.4,0.17709129386867323,45.0,952.5
703,14,lstm,loso,Arar - TVTC,31.027395,40.906419,01-02-2021 00:00,4494.1,4668.55224609375,174.45224609374964,174.45224609374964,30433.586167154186,3.8818060589161263,12.8,4.0,1431.8,5623.1,0.2029511403421735,47.6,950.9
704,14,lstm,loso,Arar - TVTC,31.027395,40.906419,01-03-2021 00:00,6031.2,5872.82177734375,-158.37822265624982,158.37822265624982,25083.661411752644,2.6259819381922305,17.6,3.9,2035.0,6328.9,0.24330754791425055,26.8,947.7
705,14,lstm,loso,Arar - TVTC,31.027395,40.906419,01-04-2021 00:00,7221.9,6734.86181640625,-487.03818359374964,487.03818359374964,237206.192278299,6.743906500972731,23.8,3.5,2373.1,6738.1,0.26045965405215554,16.2,947.8
706,14,lstm,loso,Arar - TVTC,31.027395,40.906419,01-05-2021 00:00,7981.5,6856.60888671875,-1124.89111328125,1124.89111328125,1265380.01673913,14.093730668185806,30.2,3.8,2280.7,7801.8,0.22620381849739646,11.4,943.1
707,14,lstm,loso,Arar - TVTC,31.027395,40.906419,01-07-2021 00:00,8315.8,7560.2568359375,-755.5431640624993,755.5431640624993,570845.4727615727,9.085634142986837,35.7,4.1,1694.9,9161.6,0.15611845438216737,12.6,938.1
708,14,lstm,loso,Arar - TVTC,31.027395,40.906419,01-09-2021 00:00,6632.8,7019.3447265625,386.5447265624998,386.5447265624998,149416.82563327774,5.8277760005201396,30.3,2.6,1476.5,7933.3,0.15691088014623053,17.3,943.7
709,14,lstm,loso,Arar - TVTC,31.027395,40.906419,01-10-2021 00:00,5192.8,5226.40478515625,33.60478515624982,33.60478515624982,1129.281585397708,0.6471419110354686,25.3,2.5,1552.1,6211.4,0.19992271527017452,19.4,947.9
710,14,lstm,loso,Arar - TVTC,31.027395,40.906419,01-11-2021 00:00,3895.1,4259.1220703125,364.0220703125001,364.0220703125001,132512.06767459877,9.34564119823625,17.2,1.7,1242.6,5412.9,0.1867027270678386,35.3,950.9
711,14,lstm,loso,Arar - TVTC,31.027395,40.906419,01-12-2021 00:00,3266.2,4212.1513671875,945.9513671875002,945.9513671875002,894823.9890839008,28.96183231852,11.6,2.3,1379.0,4174.4,0.2483163467425361,43.8,951.7
234,15,lstm,loso,Dammam - IAFU,26.394974,50.188715,01-01-2017 00:00,3406.4,3984.15283203125,577.7528320312499,577.7528320312499,333798.3349201297,16.96080413431335,16.9,3.1,1650.3,3329.7,0.33138554216867466,61.2,1016.7
235,15,lstm,loso,Dammam - IAFU,26.394974,50.188715,01-02-2017 00:00,3697.9,4172.7509765625,474.8509765624999,474.8509765624999,225483.44994235985,12.841098368330673,15.3,3.1,1811.4,3093.4,0.3693116946664492,59.1,1017.7
236,15,lstm,loso,Dammam - IAFU,26.394974,50.188715,01-03-2017 00:00,4194.0,4717.03515625,523.03515625,523.03515625,273565.7746734619,12.47103376847878,20.5,2.8,2367.4,2678.7,0.4691543964645964,61.7,1012.0
237,15,lstm,loso,Dammam - IAFU,26.394974,50.188715,01-04-2017 00:00,6012.5,6167.962890625,155.462890625,155.462890625,24168.710361480713,2.5856613825363826,26.9,3.3,2837.3,4293.9,0.39787132600403863,43.3,1009.4
238,15,lstm,loso,Dammam - IAFU,26.394974,50.188715,01-05-2017 00:00,5818.6,6063.73193359375,245.13193359374964,245.13193359374964,60089.66486741048,4.2129023062893065,32.3,3.6,2971.0,3669.4,0.44741280645744236,34.6,1004.7
239,15,lstm,loso,Dammam - IAFU,26.394974,50.188715,01-09-2017 00:00,6432.2,6244.8447265625,-187.35527343749982,187.35527343749982,35101.998484840326,2.9127712670237216,33.6,2.2,2215.5,5997.2,0.26976511987531504,54.6,1003.5
240,15,lstm,loso,Dammam - IAFU,26.394974,50.188715,01-11-2017 00:00,4137.7,4391.8154296875,254.11542968750018,254.11542968750018,64574.65160526285,6.141465782620784,24.5,2.6,1651.3,4544.7,0.26651065203357005,51.5,1014.5
241,15,lstm,loso,Dammam - IAFU,26.394974,50.188715,01-03-2018 00:00,6251.9,6258.64453125,6.744531250000364,6.744531250000364,45.48870178223147,0.1078797045698166,23.8,2.7,2315.9,5841.9,0.2838878128907304,44.6,1011.7
242,15,lstm,loso,Dammam - IAFU,26.394974,50.188715,01-04-2018 00:00,5642.3,5763.9609375,121.66093749999982,121.66093749999982,14801.383713378862,2.1562295074703544,25.9,3.1,3132.6,3279.8,0.4885222381635581,47.7,1008.5
243,15,lstm,loso,Dammam - IAFU,26.394974,50.188715,01-05-2018 00:00,6885.3,6719.3017578125,-165.99824218750018,165.99824218750018,27555.416409339967,2.4109079079706066,30.9,2.6,3409.9,4513.0,0.430385338701738,38.7,1005.3
244,15,lstm,loso,Dammam - IAFU,26.394974,50.188715,01-06-2018 00:00,7999.6,7202.15869140625,-797.4413085937504,797.4413085937504,635912.640651713,9.968514783161037,35.7,3.7,2649.2,6889.6,0.27772885478257225,30.4,998.2
245,15,lstm,loso,Dammam - IAFU,26.394974,50.188715,01-07-2018 00:00,7608.6,7193.5078125,-415.09218750000036,415.09218750000036,172301.52412353546,5.455565905685676,36.1,3.3,2855.1,6132.0,0.31768868711820275,33.1,994.8
246,15,lstm,loso,Dammam - IAFU,26.394974,50.188715,01-08-2018 00:00,7271.1,6888.599609375,-382.50039062500036,382.50039062500036,146306.54882827785,5.260557420816663,35.5,1.0,2406.7,6500.8,0.2701880437833286,36.3,997.1
247,15,lstm,loso,Dammam - IAFU,26.394974,50.188715,01-10-2018 00:00,5034.3,4971.07275390625,-63.22724609375018,63.22724609375018,3997.6846485996475,1.2559292472389445,29.6,0.0,2182.0,4403.9,0.33131386750482095,54.9,1011.3
248,15,lstm,loso,Dammam - IAFU,26.394974,50.188715,01-01-2019 00:00,3912.7,5273.1953125,1360.4953125000002,1360.4953125000002,1850947.4953344732,34.77126568609912,18.2,0.0,3909.6,5.1,0.9986972181776381,56.8,1017.6
249,15,lstm,loso,Dammam - IAFU,26.394974,50.188715,01-02-2019 00:00,4356.1,4611.00927734375,254.90927734374964,254.90927734374964,64978.73967591267,5.851777446425693,17.7,0.0,3558.3,817.9,0.8131026918330972,60.1,1016.2
250,15,lstm,loso,Dammam - IAFU,26.394974,50.188715,01-03-2019 00:00,5804.1,5714.6865234375,-89.41347656250036,89.41347656250036,7994.769790992802,1.5405226747040945,19.7,0.0,2153.9,5480.2,0.28214196827392884,53.2,1013.0
251,15,lstm,loso,Dammam - IAFU,26.394974,50.188715,01-07-2019 00:00,7556.3,7001.5556640625,-554.7443359375002,554.7443359375002,307741.2782547381,7.341481094417905,36.0,0.0,2343.0,6820.9,0.2556771680179836,32.5,995.5
252,15,lstm,loso,Dammam - IAFU,26.394974,50.188715,01-08-2019 00:00,7217.5,6995.99658203125,-221.50341796875,221.50341796875,49063.76417183876,3.068977041479044,35.6,0.0,2399.2,6436.4,0.2715378695278193,40.0,997.4
253,15,lstm,loso,Dammam - IAFU,26.394974,50.188715,01-11-2019 00:00,4036.0,4174.1015625,138.1015625,138.1015625,19072.041564941406,3.4217433721506443,23.9,0.0,1681.9,4326.4,0.2799294309538472,50.4,1014.6
254,15,lstm,loso,Dammam - IAFU,26.394974,50.188715,01-11-2020 00:00,4243.7,4404.97216796875,161.27216796875018,161.27216796875018,26008.712161340773,3.80027259157693,24.9,2.6,1467.4,5083.5,0.22399975575875072,56.0,1014.7
255,15,lstm,loso,Dammam - IAFU,26.394974,50.188715,01-01-2021 00:00,4204.4,4380.7177734375,176.31777343750036,176.31777343750036,31087.95722995771,4.1936488782585,17.6,2.9,1527.5,5119.4,0.22980637590455702,54.6,1018.0
256,15,lstm,loso,Dammam - IAFU,26.394974,50.188715,01-04-2021 00:00,6972.2,6696.24169921875,-275.9583007812498,275.9583007812498,76152.98377007474,3.9579802756841436,27.3,3.1,2608.9,5894.7,0.3067994731643069,36.0,1009.2
257,15,lstm,loso,Dammam - IAFU,26.394974,50.188715,01-07-2021 00:00,7612.0,7077.2421875,-534.7578125,534.7578125,285965.91802978516,7.0251945940620075,36.5,2.7,2515.5,6682.8,0.2734744463650892,41.1,995.7
1113,16,lstm,loso,Duba - TVTC,27.34103,35.72295,01-01-2017 00:00,4044.4,4240.23486328125,195.8348632812499,195.8348632812499,38351.293676385845,4.842124005569428,20.1,2.3,1299.0,5473.0,0.19181925575900768,40.8,1013.4
1114,16,lstm,loso,Duba - TVTC,27.34103,35.72295,01-02-2017 00:00,5226.7,5980.978515625,754.2785156250002,754.2785156250002,568936.0791334537,14.431257114909984,19.9,2.5,1447.2,6666.4,0.17836718595937687,33.5,1014.0
1115,16,lstm,loso,Duba - TVTC,27.34103,35.72295,01-03-2017 00:00,6089.8,6074.27587890625,-15.524121093750182,15.524121093750182,240.99833573341934,0.2549200481748199,22.7,2.3,1688.2,6797.4,0.19894880739134532,45.1,1008.9
1116,16,lstm,loso,Duba - TVTC,27.34103,35.72295,01-04-2017 00:00,6394.9,6776.52783203125,381.62783203125036,381.62783203125036,145639.80218087224,5.967690378758861,27.3,2.7,2330.9,5691.7,0.2905417196420113,43.0,1007.8
1117,16,lstm,loso,Duba - TVTC,27.34103,35.72295,01-05-2017 00:00,7236.6,7171.646484375,-64.95351562500036,64.95351562500036,4218.959192047167,0.8975695164165541,30.0,2.3,1884.1,7278.6,0.20562716229932224,46.8,1006.3
1118,16,lstm,loso,Duba - TVTC,27.34103,35.72295,01-06-2017 00:00,7382.0,7044.4970703125,-337.5029296875,337.5029296875,113908.22754764557,4.571971412726903,32.8,2.8,1497.4,8077.4,0.1563896896018716,42.2,1002.4
1119,16,lstm,loso,Duba - TVTC,27.34103,35.72295,01-09-2017 00:00,6391.5,5971.71728515625,-419.78271484375,419.78271484375,176217.52768158913,6.5678278157513885,31.5,2.2,1794.8,6679.9,0.21178330796370376,54.7,1004.5
1120,16,lstm,loso,Duba - TVTC,27.34103,35.72295,01-10-2017 00:00,5606.5,5944.8388671875,338.3388671875,338.3388671875,114473.18904972076,6.034760852358869,27.8,2.2,1066.2,7652.5,0.12228887334120912,52.5,1008.1
1121,16,lstm,loso,Duba - TVTC,27.34103,35.72295,01-11-2017 00:00,4452.6,5031.962890625,579.3628906249996,579.3628906249996,335661.3590333553,13.01178840733503,24.9,2.3,1155.1,6349.7,0.15391482784351349,45.2,1010.5
1122,16,lstm,loso,Duba - TVTC,27.34103,35.72295,01-03-2018 00:00,6387.1,6298.9716796875,-88.12832031250036,88.12832031250036,7766.600841102664,1.3797861363138257,25.3,2.2,1788.4,7121.2,0.20072730537846817,42.9,1008.7
1123,16,lstm,loso,Duba - TVTC,27.34103,35.72295,01-04-2018 00:00,7102.2,6514.95849609375,-587.2415039062498,587.2415039062498,344852.583910074,8.268445043877247,26.3,2.3,2444.0,6393.4,0.2765519270373639,46.3,1006.2
1124,16,lstm,loso,Duba - TVTC,27.34103,35.72295,01-05-2018 00:00,7201.6,7065.05712890625,-136.54287109375036,136.54287109375036,18643.95564652453,1.896007430206487,31.4,2.6,2961.0,5579.1,0.34671725155443145,38.2,1004.4
1125,16,lstm,loso,Duba - TVTC,27.34103,35.72295,01-06-2018 00:00,7884.4,7473.4130859375,-410.98691406249964,410.98691406249964,168910.24353061646,5.212659353438431,32.3,2.5,2185.4,7673.3,0.22167222858997637,44.0,1002.5
1126,16,lstm,loso,Duba - TVTC,27.34103,35.72295,01-07-2018 00:00,7742.1,7415.7216796875,-326.37832031250036,326.37832031250036,106522.80797000909,4.215630388557372,31.2,2.0,1849.7,8097.8,0.18594621764262378,56.6,1001.7
1127,16,lstm,loso,Duba - TVTC,27.34103,35.72295,01-08-2018 00:00,7342.3,6946.009765625,-396.2902343750002,396.2902343750002,157045.94986099258,5.397358244351228,31.7,2.1,1394.7,8415.6,0.14216690621081923,61.0,1001.8
1128,16,lstm,loso,Duba - TVTC,27.34103,35.72295,01-09-2018 00:00,6162.5,6188.490234375,25.990234375,25.990234375,675.4922828674316,0.42174822515212984,31.8,2.4,2329.6,5452.0,0.2993728796134471,54.2,1003.9
1129,16,lstm,loso,Duba - TVTC,27.34103,35.72295,01-10-2018 00:00,5367.0,5666.6455078125,299.6455078125,299.6455078125,89787.430352211,5.583109890301845,29.1,2.3,1544.3,6273.1,0.1975464988359301,49.0,1008.4
1130,16,lstm,loso,Duba - TVTC,27.34103,35.72295,01-11-2018 00:00,4328.8,4852.13720703125,523.3372070312498,523.3372070312498,273881.8322632692,12.089660114379269,24.8,2.1,1158.7,6127.4,0.1590288357283046,45.5,1010.5
1131,16,lstm,loso,Duba - TVTC,27.34103,35.72295,01-12-2018 00:00,3974.1,4551.82666015625,577.7266601562501,577.7266601562501,333768.0938552953,14.537295492218366,21.0,2.3,1126.7,6047.5,0.15704886956036912,43.5,1013.6
1132,16,lstm,loso,Duba - TVTC,27.34103,35.72295,01-01-2019 00:00,3792.0,3833.59814453125,41.59814453125,41.59814453125,1730.4056284427643,1.0969974823641877,19.0,2.2,1550.7,4377.5,0.2615802435815256,47.4,1013.3
1133,16,lstm,loso,Duba - TVTC,27.34103,35.72295,01-02-2019 00:00,4931.3,5137.2529296875,205.95292968749982,205.95292968749982,42416.609246864246,4.176442919463423,20.3,2.5,1629.7,5832.3,0.2183998927901367,40.4,1012.6
1134,16,lstm,loso,Duba - TVTC,27.34103,35.72295,01-03-2019 00:00,6290.2,6213.7734375,-76.42656249999982,76.42656249999982,5841.019455566378,1.2150100553241523,20.8,2.6,1821.7,7042.0,0.2055236526506989,41.5,1011.0
1135,16,lstm,loso,Duba - TVTC,27.34103,35.72295,01-04-2019 00:00,7047.2,6560.849609375,-486.3503906249998,486.3503906249998,236536.7024610899,6.901328054049833,24.7,2.6,2103.9,6972.8,0.2317912897859354,39.1,1008.3
1136,16,lstm,loso,Duba - TVTC,27.34103,35.72295,01-05-2019 00:00,7601.9,7137.98583984375,-463.91416015624964,463.91416015624964,215216.34799347844,6.102608034257878,29.9,2.2,2119.4,7435.5,0.22181289181467104,42.9,1005.3
1137,16,lstm,loso,Duba - TVTC,27.34103,35.72295,01-06-2019 00:00,7745.1,7185.4248046875,-559.6751953125004,559.6751953125004,313236.32424808544,7.2261842366464,32.3,2.1,1959.9,7861.7,0.19954997149140669,46.5,1003.4
1138,16,lstm,loso,Duba - TVTC,27.34103,35.72295,01-07-2019 00:00,7879.6,7345.91845703125,-533.6815429687504,533.6815429687504,284815.98930550617,6.77295221799013,31.8,2.2,1560.2,8718.2,0.1517940535491905,53.4,1000.9
1139,16,lstm,loso,Duba - TVTC,27.34103,35.72295,01-08-2019 00:00,7363.8,6848.10693359375,-515.6930664062502,515.6930664062502,265939.3387394812,7.003083549339338,31.6,1.9,1440.5,8349.2,0.14714444773588567,59.2,1002.6
1140,16,lstm,loso,Duba - TVTC,27.34103,35.72295,01-09-2019 00:00,6733.8,6633.5517578125,-100.24824218750018,100.24824218750018,10049.71006168369,1.4887321005598648,30.7,1.8,1607.9,7569.2,0.17520785433306818,56.5,1003.5
1141,16,lstm,loso,Duba - TVTC,27.34103,35.72295,01-10-2019 00:00,5376.6,5343.4052734375,-33.194726562500364,33.194726562500364,1101.8898715591672,0.6173925261782607,30.1,1.9,1709.8,6070.2,0.21976863753213366,47.0,1007.3
1142,16,lstm,loso,Duba - TVTC,27.34103,35.72295,01-11-2019 00:00,4825.1,5127.732421875,302.63242187499964,302.63242187499964,91586.38276992776,6.272044556071369,26.0,2.1,1253.5,6988.9,0.15207949141026886,42.5,1009.5
1143,16,lstm,loso,Duba - TVTC,27.34103,35.72295,01-12-2019 00:00,4586.9,5127.80712890625,540.9071289062504,540.9071289062504,292580.5221016029,11.792433427941539,21.1,2.4,960.2,7830.2,0.10923279941754642,40.6,1013.0
1144,16,lstm,loso,Duba - TVTC,27.34103,35.72295,01-01-2020 00:00,4702.0,4355.4052734375,-346.5947265625,346.5947265625,120127.90448093414,7.371219195289239,17.7,2.4,1041.6,7589.1,0.12068546004379713,43.4,1015.7
1145,16,lstm,loso,Duba - TVTC,27.34103,35.72295,01-02-2020 00:00,5603.1,4984.8203125,-618.2796875000004,618.2796875000004,382269.7719750981,11.034600265924226,19.1,2.2,1084.3,8304.3,0.11549112753765206,45.8,1013.8
1146,16,lstm,loso,Duba - TVTC,27.34103,35.72295,01-03-2020 00:00,6184.2,6204.4638671875,20.263867187500182,20.263867187500182,410.6243133926465,0.32767160162187803,22.0,2.4,1922.0,6556.7,0.22668569474093905,43.7,1009.1
1147,16,lstm,loso,Duba - TVTC,27.34103,35.72295,01-04-2020 00:00,7341.8,6779.48828125,-562.3117187500002,562.3117187500002,316194.4690435793,7.659044359012778,24.3,2.2,2114.0,7323.4,0.22400237353508382,49.0,1007.5
1148,16,lstm,loso,Duba - TVTC,27.34103,35.72295,01-05-2020 00:00,7401.7,7046.11083984375,-355.5891601562498,355.5891601562498,126443.65082062708,4.804155263740084,29.2,2.3,2208.2,7030.1,0.23902666074927206,42.9,1006.1
1149,16,lstm,loso,Duba - TVTC,27.34103,35.72295,01-09-2020 00:00,6361.4,6605.65673828125,244.25673828125036,244.25673828125036,59661.35419579524,3.8396695425731817,34.2,2.2,1908.9,6454.4,0.22824722298614186,45.7,1003.0
1150,16,lstm,loso,Duba - TVTC,27.34103,35.72295,01-10-2020 00:00,5646.5,5689.20654296875,42.70654296875,42.70654296875,1823.84881234169,0.7563365442088019,31.0,1.8,1375.3,7169.2,0.1609573409795775,39.5,1007.7
1151,16,lstm,loso,Duba - TVTC,27.34103,35.72295,01-11-2020 00:00,4804.9,5271.021484375,466.12148437500036,466.12148437500036,217269.23819595372,9.700961193261055,25.1,2.1,1022.6,7449.3,0.12070491861329809,44.9,1010.8
1152,16,lstm,loso,Duba - TVTC,27.34103,35.72295,01-12-2020 00:00,4169.9,4446.708984375,276.80898437500036,276.80898437500036,76623.21383071919,6.638264331878471,22.7,2.3,1237.4,6179.5,0.16683520069031538,42.6,1012.4
1153,16,lstm,loso,Duba - TVTC,27.34103,35.72295,01-01-2021 00:00,4525.7,4485.46337890625,-40.23662109374982,40.23662109374982,1618.9856770419929,0.8890695603718721,21.7,2.4,1299.2,6481.0,0.16698799516721935,42.0,1013.1
1154,16,lstm,loso,Duba - TVTC,27.34103,35.72295,01-02-2021 00:00,5247.7,4813.17724609375,-434.5227539062498,434.5227539062498,188810.02366227133,8.280251422647062,21.4,2.6,1311.2,7016.4,0.15745232720111438,41.2,1012.5
1155,16,lstm,loso,Duba - TVTC,27.34103,35.72295,01-03-2021 00:00,6446.8,6727.76708984375,280.9670898437498,280.9670898437498,78942.50557526578,4.358241140468912,23.4,2.5,1948.5,6919.7,0.21971764281364875,42.3,1009.6
1156,16,lstm,loso,Duba - TVTC,27.34103,35.72295,01-04-2021 00:00,7415.4,7073.75048828125,-341.64951171874964,341.64951171874964,116724.38885766004,4.6072971345948925,26.9,2.4,2056.9,7514.4,0.21490288675519525,39.1,1008.2
1157,16,lstm,loso,Duba - TVTC,27.34103,35.72295,01-05-2021 00:00,7911.0,7213.98291015625,-697.01708984375,697.01708984375,485832.82353425026,8.810733027983188,31.7,2.6,1888.0,8243.7,0.18634582547844883,40.0,1004.5
1158,16,lstm,loso,Duba - TVTC,27.34103,35.72295,01-07-2021 00:00,7761.3,7108.62841796875,-652.6715820312502,652.6715820312502,425980.1939911749,8.409307487550413,32.2,2.3,1646.0,8452.1,0.16300096057674215,51.6,1000.2
1159,16,lstm,loso,Duba - TVTC,27.34103,35.72295,01-08-2021 00:00,7187.6,7369.6123046875,182.01230468749964,182.01230468749964,33128.479057655204,2.532309876558234,32.9,2.1,1773.1,7564.6,0.18988616040352546,54.4,1001.4
1160,16,lstm,loso,Duba - TVTC,27.34103,35.72295,01-09-2021 00:00,6412.8,5946.4853515625,-466.3146484375002,466.3146484375002,217449.3513473894,7.27162313556481,31.6,2.6,1661.4,7003.2,0.19174572398033377,51.6,1003.5
1161,16,lstm,loso,Duba - TVTC,27.34103,35.72295,01-10-2021 00:00,5379.8,5673.4951171875,293.6951171874998,293.6951171874998,86256.82185977924,5.459219993075947,28.6,2.1,1384.0,6668.9,0.1718635522606763,52.6,1007.7
1162,16,lstm,loso,Duba - TVTC,27.34103,35.72295,01-11-2021 00:00,4362.8,4711.3896484375,348.5896484374998,348.5896484374998,121514.74299777971,7.990044201831388,25.9,2.0,1130.9,6184.3,0.1545959098862642,43.7,1010.3
1163,16,lstm,loso,Duba - TVTC,27.34103,35.72295,01-12-2021 00:00,3703.4,4096.0751953125,392.6751953124999,392.6751953124999,154193.80901370995,10.603099727615161,21.3,2.0,1345.8,4909.8,0.21513523882601188,42.1,1012.8
475,17,lstm,loso,Farasan - SWCC,16.692097,42.098767,01-01-2017 00:00,4822.5,4952.77978515625,130.27978515625,130.27978515625,16972.822420358658,2.7014989145930537,26.9,3.1,1908.0,4814.5,0.28382298252138344,77.1,1012.4
476,17,lstm,loso,Farasan - SWCC,16.692097,42.098767,01-02-2017 00:00,4637.0,4794.80810546875,157.80810546875,157.80810546875,24903.398151636124,3.403237124622601,27.0,3.8,2883.1,2564.2,0.5292713821526261,75.2,1011.6
477,17,lstm,loso,Farasan - SWCC,16.692097,42.098767,01-04-2017 00:00,6131.4,6118.68701171875,-12.712988281249636,12.712988281249636,161.62007103919058,0.20734234075822222,30.4,3.5,2685.1,4453.1,0.37615925583480425,71.8,1007.2
478,17,lstm,loso,Farasan - SWCC,16.692097,42.098767,01-05-2017 00:00,6306.4,6111.451171875,-194.94882812499964,194.94882812499964,38005.04558731065,3.0912854897405753,32.6,3.2,2936.2,4173.1,0.41300831305473107,71.0,1005.7
479,17,lstm,loso,Farasan - SWCC,16.692097,42.098767,01-06-2017 00:00,6265.1,6077.18212890625,-187.91787109375036,187.91787109375036,35313.126276407376,2.999439292170123,33.6,3.5,3288.5,3596.8,0.4776117235269342,69.4,1001.8
480,17,lstm,loso,Farasan - SWCC,16.692097,42.098767,01-03-2018 00:00,6545.1,5554.31298828125,-990.7870117187504,990.7870117187504,981658.9025905712,15.137843756684394,28.1,3.4,2369.4,5679.6,0.2943719716734998,73.7,1008.6
481,17,lstm,loso,Farasan - SWCC,16.692097,42.098767,01-04-2018 00:00,6577.0,6743.52685546875,166.52685546875,166.52685546875,27731.19359230995,2.5319576625931277,30.6,3.5,2690.8,5046.4,0.34777438866773513,72.6,1006.2
482,17,lstm,loso,Farasan - SWCC,16.692097,42.098767,01-05-2018 00:00,6800.7,6874.3916015625,73.69160156250018,73.69160156250018,5430.45214084628,1.0835884771053006,32.3,3.6,3095.0,4629.2,0.4006887444654463,70.4,1004.2
483,17,lstm,loso,Farasan - SWCC,16.692097,42.098767,01-06-2018 00:00,6138.8,5944.13330078125,-194.66669921875018,194.66669921875018,37895.12378472335,3.1710871704364076,33.8,1.1,3848.0,2741.4,0.5839681913376028,65.6,1001.7
484,17,lstm,loso,Farasan - SWCC,16.692097,42.098767,01-07-2018 00:00,6003.1,5849.119140625,-153.98085937500036,153.98085937500036,23710.105053863637,2.5650223946794215,34.4,0.0,3812.7,2586.4,0.5958181619290213,60.8,1001.8
485,17,lstm,loso,Farasan - SWCC,16.692097,42.098767,01-08-2018 00:00,5969.5,5971.970703125,2.470703125,2.470703125,6.104373931884766,0.041388778373398105,34.1,0.0,3396.6,3092.8,0.5234074028415571,64.3,1002.3
486,17,lstm,loso,Farasan - SWCC,16.692097,42.098767,01-09-2018 00:00,5995.6,6005.75146484375,10.151464843749636,10.151464843749636,103.05223847388483,0.16931524524233832,33.5,0.0,2910.5,3904.2,0.4270914346926497,71.6,1004.4
487,17,lstm,loso,Farasan - SWCC,16.692097,42.098767,01-01-2019 00:00,4754.0,4993.7607421875,239.7607421875,239.7607421875,57485.21349430084,5.043347542858646,26.6,0.0,2404.7,3782.8,0.3886383838383838,78.6,1012.6
488,17,lstm,loso,Farasan - SWCC,16.692097,42.098767,01-02-2019 00:00,5113.6,5048.75341796875,-64.84658203125036,64.84658203125036,4205.0792011356825,1.268119955241911,27.0,0.0,2633.7,3600.6,0.4224532024445407,77.0,1011.2
489,17,lstm,loso,Farasan - SWCC,16.692097,42.098767,01-03-2019 00:00,5900.8,5830.74609375,-70.05390625000018,70.05390625000018,4907.5497808838145,1.1871933678484305,27.7,0.0,2817.3,4176.4,0.402833979152666,73.1,1009.7
490,17,lstm,loso,Farasan - SWCC,16.692097,42.098767,01-08-2019 00:00,5428.8,5580.33154296875,151.53154296874982,151.53154296874982,22961.808514490072,2.7912530019295207,33.2,0.0,3152.4,2806.4,0.5290326911458683,71.9,1003.2
491,17,lstm,loso,Farasan - SWCC,16.692097,42.098767,01-10-2019 00:00,5322.0,5446.54248046875,124.54248046875,124.54248046875,15510.829441308975,2.3401443154594137,31.6,0.0,2084.0,4717.2,0.3064165147326942,71.0,1007.7
492,17,lstm,loso,Farasan - SWCC,16.692097,42.098767,01-11-2019 00:00,4776.9,5085.4091796875,308.50917968750036,308.50917968750036,95177.9139514544,6.45835541224435,29.9,0.0,1984.7,4517.0,0.3052586246673947,74.1,1008.9
493,17,lstm,loso,Farasan - SWCC,16.692097,42.098767,01-12-2019 00:00,4425.7,4759.13427734375,333.4342773437502,333.4342773437502,111178.41730774891,7.534046079574987,27.9,0.0,2029.3,4060.3,0.3332402785076195,78.6,1011.0
494,17,lstm,loso,Farasan - SWCC,16.692097,42.098767,01-01-2020 00:00,4308.7,4789.23291015625,480.5329101562502,480.5329101562502,230911.8777432348,11.152619355170938,26.7,0.6,2129.0,3638.2,0.36915660979331394,72.3,1013.0
495,17,lstm,loso,Farasan - SWCC,16.692097,42.098767,01-02-2020 00:00,4715.1,4942.37060546875,227.27060546874964,227.27060546874964,51651.92811013205,4.8200590754968,26.8,3.6,2773.8,2876.3,0.4909293640820516,77.2,1012.1
496,17,lstm,loso,Farasan - SWCC,16.692097,42.098767,01-03-2020 00:00,5697.6,5190.6728515625,-506.92714843750036,506.92714843750036,256975.13382297553,8.89720493606958,28.0,3.6,4136.7,2097.6,0.6635388094894376,76.8,1008.7
497,17,lstm,loso,Farasan - SWCC,16.692097,42.098767,01-04-2020 00:00,6395.2,4810.0458984375,-1585.1541015624998,1585.1541015624998,2512713.525700416,24.78662280401707,30.3,3.4,6394.6,0.9,0.9998592760534751,74.9,1007.3
498,17,lstm,loso,Farasan - SWCC,16.692097,42.098767,01-05-2020 00:00,6369.6,5098.193359375,-1271.4066406250004,1271.4066406250004,1616474.8458253487,19.9605413310883,33.1,3.5,6369.4,0.3,0.9999529020205032,69.1,1005.5
499,17,lstm,loso,Farasan - SWCC,16.692097,42.098767,01-09-2020 00:00,5849.7,6183.9765625,334.2765625000002,334.2765625000002,111740.82023681652,5.71442232080278,33.2,3.0,2483.6,4366.3,0.3625746361260748,73.9,1003.1
500,17,lstm,loso,Farasan - SWCC,16.692097,42.098767,01-10-2020 00:00,5608.0,5250.181640625,-357.818359375,357.818359375,128033.97830581665,6.380498562321684,31.8,3.0,1654.5,5751.2,0.2234089957735258,69.5,1007.3
501,17,lstm,loso,Farasan - SWCC,16.692097,42.098767,01-11-2020 00:00,4516.0,4810.53955078125,294.53955078125,294.53955078125,86753.54697442055,6.5221335425431795,29.4,3.4,1890.4,4170.0,0.3119266055045872,74.2,1010.2
502,17,lstm,loso,Farasan - SWCC,16.692097,42.098767,01-12-2020 00:00,4354.0,4914.7548828125,560.7548828125,560.7548828125,314446.0385980606,12.879074019579697,27.8,3.5,1916.8,4141.7,0.31638194272509695,77.8,1011.4
503,17,lstm,loso,Farasan - SWCC,16.692097,42.098767,01-01-2021 00:00,4412.1,4908.587890625,496.48789062499964,496.48789062499964,246500.2255372616,11.252870302690319,26.3,3.6,2203.7,3635.5,0.3773975887107823,78.0,1011.7
504,17,lstm,loso,Farasan - SWCC,16.692097,42.098767,01-02-2021 00:00,4754.9,4922.634765625,167.73476562500036,167.73476562500036,28134.951599273805,3.527619205977,26.3,3.7,2326.4,3596.9,0.3927540391335911,77.0,1011.0
505,17,lstm,loso,Farasan - SWCC,16.692097,42.098767,01-03-2021 00:00,6018.8,6092.36767578125,73.56767578124982,73.56767578124982,5412.202919855091,1.2222980624252313,28.1,3.5,2220.3,5150.2,0.3012414354521403,75.4,1008.6
506,17,lstm,loso,Farasan - SWCC,16.692097,42.098767,01-04-2021 00:00,6227.9,6389.80712890625,161.90712890625036,161.90712890625036,26213.91839066517,2.599706625126453,29.8,3.5,2461.4,4867.0,0.3358714043993232,72.9,1007.3
507,17,lstm,loso,Farasan - SWCC,16.692097,42.098767,01-05-2021 00:00,6185.8,6378.2734375,192.47343749999982,192.47343749999982,37046.02414306634,3.111536705034107,32.4,3.2,2516.2,4683.6,0.34948193005361256,70.1,1004.5
508,17,lstm,loso,Farasan - SWCC,16.692097,42.098767,01-07-2021 00:00,5243.7,5849.04248046875,605.3424804687502,605.3424804687502,366439.5186600592,11.544185984490916,33.9,4.5,3023.3,2656.4,0.5322992411571034,65.7,1001.0
509,17,lstm,loso,Farasan - SWCC,16.692097,42.098767,01-08-2021 00:00,5280.7,5757.623046875,476.9230468750002,476.9230468750002,227455.5926405336,9.031436114056852,34.0,3.7,2857.8,2952.7,0.49183374924705275,69.8,1002.0
510,17,lstm,loso,Farasan - SWCC,16.692097,42.098767,01-09-2021 00:00,5434.2,5596.453125,162.25312500000018,162.25312500000018,26326.076572265683,2.9857775753560816,33.4,3.5,2661.9,3514.2,0.4310001457230291,72.5,1003.1
511,17,lstm,loso,Farasan - SWCC,16.692097,42.098767,01-11-2021 00:00,4738.7,5173.2392578125,434.5392578125002,434.5392578125002,188824.3665802385,9.170009872169587,30.0,2.8,1771.0,4685.4,0.2743014683105136,71.6,1009.6
512,17,lstm,loso,Farasan - SWCC,16.692097,42.098767,01-12-2021 00:00,4203.0,4719.052734375,516.052734375,516.052734375,266310.4246559143,12.278199723411849,27.7,3.3,1834.2,4076.7,0.3103080749124499,76.0,1011.8
183,18,lstm,loso,Hada Al Sham - KAU,21.80117,39.72854,01-01-2017 00:00,4408.1,4506.83154296875,98.73154296874964,98.73154296874964,9747.917576990056,2.2397754807910353,24.6,1.7,1576.4,4993.9,0.23992816157557498,61.0,987.8
184,18,lstm,loso,Hada Al Sham - KAU,21.80117,39.72854,01-02-2017 00:00,4151.0,4825.34619140625,674.34619140625,674.34619140625,454742.78586411476,16.245391264906047,24.0,2.8,2232.5,2989.1,0.42755094223992646,46.8,987.3
185,18,lstm,loso,Hada Al Sham - KAU,21.80117,39.72854,01-03-2017 00:00,5374.8,5043.787109375,-331.0128906250002,331.0128906250002,109569.53375991834,6.15860851799137,26.9,2.0,2605.2,3849.1,0.40363788482097207,50.7,983.8
186,18,lstm,loso,Hada Al Sham - KAU,21.80117,39.72854,01-04-2017 00:00,5999.1,5744.49853515625,-254.60146484375036,254.60146484375036,64821.90590058345,4.243994346547821,31.7,2.1,2869.7,3937.6,0.42156214651917795,38.0,982.8
187,18,lstm,loso,Hada Al Sham - KAU,21.80117,39.72854,01-05-2017 00:00,6750.0,6580.85107421875,-169.14892578125,169.14892578125,28611.35909295082,2.5059100115740742,34.6,2.1,2984.3,4711.6,0.38777790771709614,33.4,981.4
188,18,lstm,loso,Hada Al Sham - KAU,21.80117,39.72854,01-06-2017 00:00,7303.9,6998.234375,-305.66562499999964,305.66562499999964,93431.4743066404,4.184964539492595,35.2,2.0,2732.3,5928.5,0.3154789395898763,34.0,977.8
189,18,lstm,loso,Hada Al Sham - KAU,21.80117,39.72854,01-09-2017 00:00,6183.4,6323.31201171875,139.91201171875036,139.91201171875036,19575.371023187738,2.262703556599126,35.3,2.3,2651.4,4646.0,0.3633348863978952,43.3,979.9
190,18,lstm,loso,Hada Al Sham - KAU,21.80117,39.72854,01-10-2017 00:00,5780.6,5750.275390625,-30.324609375000364,30.324609375000364,919.5819337463599,0.5245927650243982,31.6,1.7,1732.9,6069.7,0.22209263578807065,49.6,983.2
191,18,lstm,loso,Hada Al Sham - KAU,21.80117,39.72854,01-11-2017 00:00,4581.6,4628.8505859375,47.250585937499636,47.250585937499636,2232.6178714370385,1.0313118984088447,28.4,1.7,1667.8,4858.2,0.2555623659209317,57.2,985.6
192,18,lstm,loso,Hada Al Sham - KAU,21.80117,39.72854,01-03-2018 00:00,6510.6,6054.43359375,-456.16640625000036,456.16640625000036,208087.79019104037,7.006518696433514,28.2,2.0,2220.1,6090.5,0.2671407599932616,38.4,984.3
193,18,lstm,loso,Hada Al Sham - KAU,21.80117,39.72854,01-04-2018 00:00,7066.7,6575.4892578125,-491.2107421874998,491.2107421874998,241287.99324039443,6.951062620282449,29.6,2.1,2751.0,5662.1,0.32699005122963,35.2,982.2
194,18,lstm,loso,Hada Al Sham - KAU,21.80117,39.72854,01-05-2018 00:00,7265.9,7139.9052734375,-125.99472656249964,125.99472656249964,15874.671121559051,1.7340553346798009,33.9,2.5,3206.6,5161.2,0.38320705561796414,28.4,980.4
195,18,lstm,loso,Hada Al Sham - KAU,21.80117,39.72854,01-06-2018 00:00,7274.0,7350.8857421875,76.8857421875,76.8857421875,5911.417351722717,1.056993981131427,35.1,2.4,3182.3,5201.8,0.37956369795207595,30.0,978.2
196,18,lstm,loso,Hada Al Sham - KAU,21.80117,39.72854,01-07-2018 00:00,7251.2,6949.76611328125,-301.4338867187498,301.4338867187498,90862.3880623721,4.1570207237250365,34.5,2.2,2989.0,5476.0,0.35310100413467216,30.4,978.4
197,18,lstm,loso,Hada Al Sham - KAU,21.80117,39.72854,01-08-2018 00:00,6941.3,6752.7099609375,-188.59003906250018,188.59003906250018,35566.202833595344,2.716926786949133,34.5,2.4,2558.4,5718.3,0.30910870274384716,35.0,978.6
198,18,lstm,loso,Hada Al Sham - KAU,21.80117,39.72854,01-09-2018 00:00,6064.4,6326.49072265625,262.09072265625036,262.09072265625036,68691.54690247554,4.321791482360174,34.4,2.2,3019.6,3925.1,0.43480639912451224,48.7,980.2
199,18,lstm,loso,Hada Al Sham - KAU,21.80117,39.72854,01-10-2018 00:00,5283.7,5520.80908203125,237.10908203125018,237.10908203125018,56220.716781702125,4.487557621198217,31.2,2.1,2017.2,4820.8,0.29499853758408895,45.6,984.2
200,18,lstm,loso,Hada Al Sham - KAU,21.80117,39.72854,01-11-2018 00:00,3986.5,4504.7021484375,518.2021484375,518.2021484375,268533.4666452408,12.998925083092939,26.0,1.7,1778.7,3773.0,0.32038834951456313,61.1,986.1
201,18,lstm,loso,Hada Al Sham - KAU,21.80117,39.72854,01-12-2018 00:00,3945.8,4385.7041015625,439.9041015624998,439.9041015624998,193515.61857151016,11.148666976595361,24.3,1.7,1787.3,3944.5,0.31182176628633235,58.4,988.0
202,18,lstm,loso,Hada Al Sham - KAU,21.80117,39.72854,01-01-2019 00:00,4115.1,4425.3505859375,310.25058593749964,310.25058593749964,96255.42607456185,7.539320695426591,23.8,1.8,1989.4,3655.1,0.3524492869164674,60.7,988.1
203,18,lstm,loso,Hada Al Sham - KAU,21.80117,39.72854,01-02-2019 00:00,4777.5,4612.90283203125,-164.59716796875,164.59716796875,27092.2277033329,3.4452573096546315,24.0,2.3,2181.9,4078.1,0.34854632587859424,49.5,987.1
204,18,lstm,loso,Hada Al Sham - KAU,21.80117,39.72854,01-03-2019 00:00,6230.3,6269.42138671875,39.12138671874982,39.12138671874982,1530.4828987979747,0.6279213957393676,24.6,2.5,2349.6,5648.3,0.2937771164930794,41.6,985.8
205,18,lstm,loso,Hada Al Sham - KAU,21.80117,39.72854,01-04-2019 00:00,6906.5,6864.1337890625,-42.3662109375,42.3662109375,1794.8958292007446,0.6134251927532035,29.1,2.3,2751.7,5575.1,0.3304630830571168,37.4,983.2
206,18,lstm,loso,Hada Al Sham - KAU,21.80117,39.72854,01-05-2019 00:00,6841.2,6253.8525390625,-587.3474609374998,587.3474609374998,344977.03986972786,8.58544496488189,33.1,2.0,2958.4,4915.1,0.3757414110624246,35.9,981.4
207,18,lstm,loso,Hada Al Sham - KAU,21.80117,39.72854,01-06-2019 00:00,6968.9,6650.08203125,-318.81796874999964,318.81796874999964,101644.89719787575,4.574867895220187,35.6,2.4,3095.0,4821.7,0.3909457223338007,28.9,978.8
208,18,lstm,loso,Hada Al Sham - KAU,21.80117,39.72854,01-07-2019 00:00,7390.4,7068.46630859375,-321.93369140624964,321.93369140624964,103641.30166245437,4.356106454403681,34.8,2.2,2747.2,5982.0,0.3147138340283187,28.6,977.5
209,18,lstm,loso,Hada Al Sham - KAU,21.80117,39.72854,01-08-2019 00:00,6803.0,6387.515625,-415.484375,415.484375,172627.26586914062,6.107369910333676,33.9,2.2,2516.4,5552.8,0.3118524760818916,41.9,979.3
210,18,lstm,loso,Hada Al Sham - KAU,21.80117,39.72854,01-09-2019 00:00,6277.8,6174.521484375,-103.27851562500018,103.27851562500018,10666.451789703407,1.6451386731816908,33.9,2.0,2587.3,4885.0,0.34625215797010295,42.5,979.5
211,18,lstm,loso,Hada Al Sham - KAU,21.80117,39.72854,01-10-2019 00:00,5533.9,5459.0302734375,-74.86972656249964,74.86972656249964,5605.475955543464,1.3529287945662125,30.5,1.6,1940.5,5294.1,0.26822491913858404,55.3,983.7
212,18,lstm,loso,Hada Al Sham - KAU,21.80117,39.72854,01-11-2019 00:00,4597.5,4540.021484375,-57.478515625,57.478515625,3303.779758453369,1.250212411636759,27.5,1.6,1673.9,4939.0,0.253126464939739,53.8,985.0
213,18,lstm,loso,Hada Al Sham - KAU,21.80117,39.72854,01-12-2019 00:00,4264.9,4575.84326171875,310.94326171875036,310.94326171875036,96685.71200829529,7.290751523335843,24.1,2.2,1568.1,4959.9,0.24021139705882352,51.5,987.3
214,18,lstm,loso,Hada Al Sham - KAU,21.80117,39.72854,01-01-2020 00:00,4793.9,5066.2958984375,272.39589843750036,272.39589843750036,74199.52548557302,5.682135598103848,21.1,2.6,1408.0,6102.4,0.18747337025990626,45.1,989.5
215,18,lstm,loso,Hada Al Sham - KAU,21.80117,39.72854,01-02-2020 00:00,4873.9,4655.5947265625,-218.30527343749964,218.30527343749964,47657.19241062149,4.479067552422078,23.2,1.9,2217.0,4158.9,0.3477156166188303,50.2,988.3
216,18,lstm,loso,Hada Al Sham - KAU,21.80117,39.72854,01-03-2020 00:00,6432.5,6280.61328125,-151.88671875,151.88671875,23069.5753326416,2.361239312087058,25.7,2.0,2599.8,5377.8,0.32588748495788206,42.3,984.6
217,18,lstm,loso,Hada Al Sham - KAU,21.80117,39.72854,01-04-2020 00:00,7119.5,6929.60107421875,-189.89892578125,189.89892578125,36061.602012872696,2.667307055007374,28.8,1.8,2288.5,6487.8,0.26075908982145096,39.0,983.7
218,18,lstm,loso,Hada Al Sham - KAU,21.80117,39.72854,01-05-2020 00:00,7050.0,6865.97265625,-184.02734375,184.02734375,33866.063247680664,2.6103169326241136,33.2,1.9,2672.2,5689.8,0.3195646974408036,32.7,982.0
219,18,lstm,loso,Hada Al Sham - KAU,21.80117,39.72854,01-09-2020 00:00,6392.7,5937.15673828125,-455.5432617187498,455.5432617187498,207519.6632973574,7.125991548465435,35.3,1.7,2400.9,5322.1,0.3108766023565972,39.7,979.1
220,18,lstm,loso,Hada Al Sham - KAU,21.80117,39.72854,01-10-2020 00:00,6037.1,6682.89453125,645.7945312499996,645.7945312499996,417050.5765924068,10.6970984620099,32.1,1.9,1615.5,6810.4,0.1917302602689327,34.0,983.7
221,18,lstm,loso,Hada Al Sham - KAU,21.80117,39.72854,01-11-2020 00:00,4634.0,4683.5634765625,49.5634765625,49.5634765625,2456.538208961487,1.0695614277621925,27.5,1.2,1625.3,5119.0,0.24098868674287915,56.3,986.2
222,18,lstm,loso,Hada Al Sham - KAU,21.80117,39.72854,01-12-2020 00:00,4165.0,4658.453125,493.453125,493.453125,243495.98657226562,11.847614045618247,25.3,1.3,1731.9,4494.3,0.2781632456393948,51.3,987.1
223,18,lstm,loso,Hada Al Sham - KAU,21.80117,39.72854,01-01-2021 00:00,4611.0,4817.9365234375,206.9365234375,206.9365234375,42822.72473239899,4.487888168238994,24.0,1.8,1760.7,5016.3,0.2598052235502435,51.5,987.5
224,18,lstm,loso,Hada Al Sham - KAU,21.80117,39.72854,01-02-2021 00:00,4965.1,4901.1484375,-63.951562500000364,63.951562500000364,4089.8023461914527,1.2880216410545682,23.6,1.9,1893.5,4859.5,0.2803938990078484,52.3,987.0
225,18,lstm,loso,Hada Al Sham - KAU,21.80117,39.72854,01-03-2021 00:00,6314.5,6268.87255859375,-45.62744140625,45.62744140625,2081.863409280777,0.7225820160939108,27.5,1.6,2368.3,5520.5,0.30021042490619615,43.5,984.3
226,18,lstm,loso,Hada Al Sham - KAU,21.80117,39.72854,01-04-2021 00:00,6643.7,6436.42919921875,-207.27080078124982,207.27080078124982,42961.18485650055,3.119809756329302,30.1,1.8,2883.8,4884.1,0.3712457678394418,39.1,983.2
227,18,lstm,loso,Hada Al Sham - KAU,21.80117,39.72854,01-05-2021 00:00,7513.3,7146.6953125,-366.6046875000002,366.6046875000002,134398.9968969728,4.879409680167172,33.2,1.6,2374.0,6797.4,0.2588481584054779,34.8,980.7
228,18,lstm,loso,Hada Al Sham - KAU,21.80117,39.72854,01-07-2021 00:00,6766.8,6722.84521484375,-43.95478515625018,43.95478515625018,1932.0231381321114,0.6495653064410087,34.3,2.0,3150.5,4548.7,0.4091983582709892,38.0,977.1
229,18,lstm,loso,Hada Al Sham - KAU,21.80117,39.72854,01-08-2021 00:00,6800.4,6875.48046875,75.08046875000036,75.08046875000036,5637.076787719781,1.1040595957590784,35.3,1.8,2800.2,5117.3,0.35367224502683925,39.6,978.0
230,18,lstm,loso,Hada Al Sham - KAU,21.80117,39.72854,01-09-2021 00:00,6135.9,5803.97509765625,-331.92490234374964,331.92490234374964,110174.14079590773,5.409555278667345,33.5,1.6,2779.0,4433.0,0.3853300055463117,47.7,979.4
231,18,lstm,loso,Hada Al Sham - KAU,21.80117,39.72854,01-10-2021 00:00,5756.3,5923.36962890625,167.06962890624982,167.06962890624982,27912.260902872025,2.902378765982485,31.8,1.4,1873.8,5781.3,0.24477799114315946,44.2,983.1
232,18,lstm,loso,Hada Al Sham - KAU,21.80117,39.72854,01-11-2021 00:00,4633.4,4632.07763671875,-1.3223632812496362,1.3223632812496362,1.7486446475973045,0.028539804058566848,27.7,1.2,1433.6,5484.8,0.2072155411655874,50.8,985.4
233,18,lstm,loso,Hada Al Sham - KAU,21.80117,39.72854,01-12-2021 00:00,4082.8,4490.978515625,408.1785156249998,408.1785156249998,166609.70061782823,9.997514343710193,24.9,1.2,1664.7,4401.5,0.2744222083017375,53.1,987.4
1508,19,lstm,loso,Hafar Al Batin - TVTC,28.33202,45.95708,01-01-2017 00:00,3902.6,4320.6376953125,418.0376953125001,418.0376953125001,174755.51470218666,10.711774081701945,12.7,4.3,1535.2,4742.4,0.24455205811138017,43.6,973.2
1509,19,lstm,loso,Hafar Al Batin - TVTC,28.33202,45.95708,01-02-2017 00:00,4710.6,4913.91162109375,203.31162109374964,203.31162109374964,41335.61527176842,4.31604511301638,12.3,4.4,1876.9,5046.3,0.27110295816963254,36.8,973.8
1510,19,lstm,loso,Hafar Al Batin - TVTC,28.33202,45.95708,01-03-2017 00:00,5192.7,5431.5810546875,238.88105468750018,238.88105468750018,57064.15828861245,4.600324584272155,20.7,5.1,2670.1,3775.7,0.41423872909491455,40.2,967.8
1511,19,lstm,loso,Hafar Al Batin - TVTC,28.33202,45.95708,01-04-2017 00:00,5980.1,6239.1376953125,259.03769531249964,259.03769531249964,67100.5275928114,4.33166159951338,27.7,5.3,3244.6,3715.0,0.4662049543077188,25.5,967.4
1512,19,lstm,loso,Hafar Al Batin - TVTC,28.33202,45.95708,01-05-2017 00:00,6822.1,6562.4736328125,-259.62636718750036,259.62636718750036,67405.85053897876,3.8056663957945553,34.1,4.8,3760.3,3863.1,0.49325760159508886,17.2,964.0
1513,19,lstm,loso,Hafar Al Batin - TVTC,28.33202,45.95708,01-06-2017 00:00,8093.5,7620.0400390625,-473.4599609375,473.4599609375,224164.33461093903,5.849879050318156,37.2,5.5,2295.8,7768.6,0.22811096538293388,11.3,960.3
1514,19,lstm,loso,Hafar Al Batin - TVTC,28.33202,45.95708,01-09-2017 00:00,6699.5,6741.00390625,41.50390625,41.50390625,1722.574234008789,0.6195075192178521,36.3,4.2,2163.1,6523.4,0.24901859206815172,12.1,963.1
1515,19,lstm,loso,Hafar Al Batin - TVTC,28.33202,45.95708,01-10-2017 00:00,5477.1,5776.9384765625,299.83847656249964,299.83847656249964,89903.11202732065,5.47440208436033,29.6,4.5,1988.4,5629.1,0.2610305218247457,20.9,967.5
1516,19,lstm,loso,Hafar Al Batin - TVTC,28.33202,45.95708,01-11-2017 00:00,4058.3,4605.55419921875,547.2541992187498,547.2541992187498,299487.1585625551,13.484813819056004,21.0,4.1,1820.8,4263.4,0.29926695374905493,35.2,971.6
1517,19,lstm,loso,Hafar Al Batin - TVTC,28.33202,45.95708,01-03-2018 00:00,5984.3,5301.4375,-682.8625000000002,682.8625000000002,466301.19390625024,11.410900188827435,23.6,4.4,2586.4,5077.5,0.3374783073891883,24.3,968.4
1518,19,lstm,loso,Hafar Al Batin - TVTC,28.33202,45.95708,01-04-2018 00:00,6230.0,6374.4443359375,144.4443359375,144.4443359375,20864.166184425354,2.3185286667335476,25.1,4.5,3517.5,3686.9,0.48824329576369996,36.1,965.4
1519,19,lstm,loso,Hafar Al Batin - TVTC,28.33202,45.95708,01-05-2018 00:00,7129.9,7089.39892578125,-40.501074218749636,40.501074218749636,1640.3370128726665,0.5680454735515174,31.6,4.3,3506.6,4693.5,0.42762893135449564,22.2,963.7
1520,19,lstm,loso,Hafar Al Batin - TVTC,28.33202,45.95708,01-06-2018 00:00,7805.1,7376.51953125,-428.58046875000036,428.58046875000036,183681.21819397004,5.491031104662341,36.0,6.1,3209.5,5972.5,0.3495425833151819,13.8,959.1
1521,19,lstm,loso,Hafar Al Batin - TVTC,28.33202,45.95708,01-07-2018 00:00,7640.7,7051.869140625,-588.8308593749998,588.8308593749998,346721.7809523008,7.706504107935134,37.0,6.6,2769.3,6397.1,0.3021142433234421,12.5,956.4
1522,19,lstm,loso,Hafar Al Batin - TVTC,28.33202,45.95708,01-08-2018 00:00,7509.3,7643.13916015625,133.83916015624982,133.83916015624982,17912.92079133029,1.782312068451784,36.3,5.4,1881.0,7857.0,0.19316081330868762,13.9,958.2
1523,19,lstm,loso,Hafar Al Batin - TVTC,28.33202,45.95708,01-09-2018 00:00,6395.5,6548.2099609375,152.7099609375,152.7099609375,23320.332169532776,2.3877720418653743,36.6,4.0,2380.7,5730.7,0.2935005054614493,13.1,963.0
1524,19,lstm,loso,Hafar Al Batin - TVTC,28.33202,45.95708,01-10-2018 00:00,5214.2,5379.458984375,165.25898437500018,165.25898437500018,27310.531916656553,3.1694024850408535,28.5,4.0,2070.6,5040.5,0.2911785799665312,28.0,968.9
1525,19,lstm,loso,Hafar Al Batin - TVTC,28.33202,45.95708,01-11-2018 00:00,3269.8,4112.248046875,842.4480468749998,842.4480468749998,709718.7116835018,25.764513024496903,17.4,3.9,1705.9,3019.9,0.3609759194210504,78.1,972.2
1526,19,lstm,loso,Hafar Al Batin - TVTC,28.33202,45.95708,01-12-2018 00:00,3483.6,4015.6181640625,532.0181640625001,532.0181640625001,283043.3268924333,15.27207957464979,15.0,4.1,1556.9,3977.4,0.28131832390726924,66.6,973.8
1527,19,lstm,loso,Hafar Al Batin - TVTC,28.33202,45.95708,01-02-2019 00:00,4466.5,4625.4599609375,158.9599609375,158.9599609375,25268.269181251526,3.558937891805664,14.4,4.3,1811.9,4751.4,0.2760653939329301,49.9,972.1
1528,19,lstm,loso,Hafar Al Batin - TVTC,28.33202,45.95708,01-03-2019 00:00,5871.1,5685.2412109375,-185.85878906250036,185.85878906250036,34543.48947177901,3.165655312675655,18.1,5.7,2266.7,5595.6,0.28829986136372304,34.5,968.5
1529,19,lstm,loso,Hafar Al Batin - TVTC,28.33202,45.95708,01-04-2019 00:00,6712.2,6370.62255859375,-341.5774414062498,341.5774414062498,116675.14847764003,5.088904404014329,23.8,4.9,2708.0,5520.2,0.32911207797574193,30.9,966.9
1530,19,lstm,loso,Hafar Al Batin - TVTC,28.33202,45.95708,01-05-2019 00:00,7069.7,6727.9033203125,-341.7966796874998,341.7966796874998,116824.97024539935,4.83467020789425,32.8,4.4,3250.1,4945.1,0.396585806325654,17.4,964.2
1531,19,lstm,loso,Hafar Al Batin - TVTC,28.33202,45.95708,01-06-2019 00:00,8091.9,7510.8544921875,-581.0455078124996,581.0455078124996,337613.8821490856,7.180581912931445,37.6,5.1,2219.0,7868.3,0.21997957828160164,11.3,960.2
1532,19,lstm,loso,Hafar Al Batin - TVTC,28.33202,45.95708,01-07-2019 00:00,8045.2,7749.3056640625,-295.8943359374998,295.8943359374998,87553.458039894,3.677899069476207,37.1,5.7,1892.6,8414.4,0.18362278063452023,12.4,956.9
1533,19,lstm,loso,Hafar Al Batin - TVTC,28.33202,45.95708,01-08-2019 00:00,7512.5,7557.52099609375,45.02099609375,45.02099609375,2026.8900892734528,0.5992811460066556,37.1,5.8,2008.3,7588.7,0.20926331145149527,12.1,958.2
1534,19,lstm,loso,Hafar Al Batin - TVTC,28.33202,45.95708,01-09-2019 00:00,6538.0,6735.46484375,197.46484375,197.46484375,38992.364517211914,3.0202637465585807,35.7,3.8,1896.7,6757.5,0.21916526079822513,14.8,962.5
1535,19,lstm,loso,Hafar Al Batin - TVTC,28.33202,45.95708,01-10-2019 00:00,4904.8,5371.75439453125,466.9543945312498,466.9543945312498,218046.4065720461,9.5203554585559,29.7,4.0,2146.8,4383.0,0.32876964072406506,32.7,967.1
1536,19,lstm,loso,Hafar Al Batin - TVTC,28.33202,45.95708,01-11-2019 00:00,3795.8,4092.36865234375,296.5686523437498,296.5686523437498,87952.96555298794,7.813073722107323,19.4,3.7,1668.2,4093.0,0.289557731028258,46.4,971.4
1537,19,lstm,loso,Hafar Al Batin - TVTC,28.33202,45.95708,01-12-2019 00:00,3700.1,4109.3330078125,409.2330078125001,409.2330078125001,167471.65468326575,11.060052642158324,14.5,4.5,1121.3,5525.4,0.16870025727052523,52.2,972.1
1538,19,lstm,loso,Hafar Al Batin - TVTC,28.33202,45.95708,01-01-2020 00:00,4174.6,4633.94677734375,459.34677734374964,459.34677734374964,210999.4618560883,11.003372235513572,12.1,4.8,1183.7,6099.9,0.1625157888956011,45.0,972.7
1539,19,lstm,loso,Hafar Al Batin - TVTC,28.33202,45.95708,01-02-2020 00:00,4878.4,5121.61376953125,243.21376953125036,243.21376953125036,59152.93768960017,4.985523317711758,15.4,5.4,1817.0,5455.0,0.24986248624862487,36.6,971.9
1540,19,lstm,loso,Hafar Al Batin - TVTC,28.33202,45.95708,01-03-2020 00:00,5863.8,5808.75830078125,-55.04169921875018,55.04169921875018,3029.5886528873643,0.938669450164572,19.9,5.3,2339.1,5400.9,0.3022093023255814,33.9,967.6
1541,19,lstm,loso,Hafar Al Batin - TVTC,28.33202,45.95708,01-04-2020 00:00,6630.8,6469.052734375,-161.74726562500018,161.74726562500018,26162.177937164364,2.439332593729266,25.9,4.9,3014.2,5000.1,0.3761027163944449,27.8,965.5
1542,19,lstm,loso,Hafar Al Batin - TVTC,28.33202,45.95708,01-05-2020 00:00,7335.8,6954.5556640625,-381.2443359375002,381.2443359375002,145347.24368442548,5.197038304445326,31.5,4.8,3154.7,5501.1,0.3644608239561912,16.4,964.7
1543,19,lstm,loso,Hafar Al Batin - TVTC,28.33202,45.95708,01-09-2020 00:00,6631.2,6835.3359375,204.13593750000018,204.13593750000018,41671.48097900398,3.0784162368802055,35.5,4.0,1854.5,7033.9,0.20864272534989425,12.4,962.4
1544,19,lstm,loso,Hafar Al Batin - TVTC,28.33202,45.95708,01-10-2020 00:00,5695.4,5887.28076171875,191.88076171875036,191.88076171875036,36818.22671776786,3.3690480338299396,27.2,3.1,1214.4,7657.2,0.13688624374408223,16.8,968.7
1545,19,lstm,loso,Hafar Al Batin - TVTC,28.33202,45.95708,01-11-2020 00:00,3830.6,4669.33349609375,838.7334960937501,838.7334960937501,703473.8774696446,21.895616772666166,20.3,4.4,1696.9,4056.9,0.2949181410546074,47.0,970.9
1546,19,lstm,loso,Hafar Al Batin - TVTC,28.33202,45.95708,01-12-2020 00:00,3067.8,4098.63671875,1030.8367187499998,1030.8367187499998,1062624.3407232661,33.60182276386986,13.5,3.1,1335.2,3665.1,0.26702397856128635,65.9,974.4
1547,19,lstm,loso,Hafar Al Batin - TVTC,28.33202,45.95708,01-01-2021 00:00,3939.0,4387.724609375,448.724609375,448.724609375,201353.77505874634,11.391840806676822,13.3,3.4,1482.7,4943.7,0.2307201543632516,43.7,974.3
1548,19,lstm,loso,Hafar Al Batin - TVTC,28.33202,45.95708,01-02-2021 00:00,4359.8,4744.7177734375,384.9177734374998,384.9177734374998,148161.69230808245,8.828794289588968,15.5,4.1,1756.2,4525.7,0.27956509973097315,47.8,972.5
1549,19,lstm,loso,Hafar Al Batin - TVTC,28.33202,45.95708,01-03-2021 00:00,5652.9,5808.9658203125,156.06582031250036,156.06582031250036,24356.54026981365,2.7608098553397435,21.2,5.0,2619.0,4537.6,0.3659559008467708,26.9,968.6
1550,19,lstm,loso,Hafar Al Batin - TVTC,28.33202,45.95708,01-04-2021 00:00,6570.6,6702.38818359375,131.78818359374964,131.78818359374964,17368.12533493986,2.0057252548283206,27.8,4.7,2763.5,5212.9,0.3464595556892834,17.3,967.3
1551,19,lstm,loso,Hafar Al Batin - TVTC,28.33202,45.95708,01-05-2021 00:00,7198.4,7012.326171875,-186.07382812499964,186.07382812499964,34623.469513091906,2.584933153548006,34.0,4.2,2706.7,5982.7,0.31149446451998986,12.9,962.4
1552,19,lstm,loso,Hafar Al Batin - TVTC,28.33202,45.95708,01-07-2021 00:00,7820.6,7418.87744140625,-401.72255859375036,401.72255859375036,161381.01408310918,5.136722995598168,39.4,4.5,2191.7,7567.2,0.22458473803399973,12.5,956.0
1553,19,lstm,loso,Hafar Al Batin - TVTC,28.33202,45.95708,01-08-2021 00:00,7351.9,7413.64404296875,61.744042968750364,61.744042968750364,3812.3268421268913,0.8398379054224128,37.9,4.0,2074.4,7244.1,0.2226109352363578,13.2,958.8
1554,19,lstm,loso,Hafar Al Batin - TVTC,28.33202,45.95708,01-09-2021 00:00,6662.7,7183.5078125,520.8078125000002,520.8078125000002,271240.77756103536,7.816768164557915,33.6,4.1,1649.2,7565.5,0.17897489880299955,15.7,962.5
1555,19,lstm,loso,Hafar Al Batin - TVTC,28.33202,45.95708,01-10-2021 00:00,5328.4,5683.0615234375,354.66152343750036,354.66152343750036,125784.79620700862,6.656060420341949,29.2,3.6,1722.6,5921.6,0.22534732215274322,20.3,968.0
1556,19,lstm,loso,Hafar Al Batin - TVTC,28.33202,45.95708,01-11-2021 00:00,4208.3,4660.4775390625,452.1775390624998,452.1775390624998,204464.52683261855,10.744897917508252,20.6,3.8,1460.7,5313.9,0.2156142060047826,32.2,971.0
1557,19,lstm,loso,Hafar Al Batin - TVTC,28.33202,45.95708,01-12-2021 00:00,3209.2,3924.67578125,715.4757812500002,715.4757812500002,511905.5935552981,22.2945214149944,14.3,3.7,1624.8,3357.8,0.32609480993858625,48.7,973.2
1371,20,lstm,loso,Hagl - SWCC,29.28997,34.93002,01-01-2017 00:00,3583.5,4629.36767578125,1045.86767578125,1045.86767578125,1093839.1952440739,29.1856474335496,16.9,6.9,1209.4,4966.8,0.1958161976619928,50.7,1015.9
1372,20,lstm,loso,Hagl - SWCC,29.28997,34.93002,01-02-2017 00:00,4743.2,4647.0185546875,-96.18144531249982,96.18144531249982,9250.870422401393,2.027775453544017,17.7,6.5,1326.0,6195.3,0.1762993099597144,45.7,1016.2
1373,20,lstm,loso,Hagl - SWCC,29.28997,34.93002,01-03-2017 00:00,5558.3,5604.0615234375,45.76152343749982,45.76152343749982,2094.117027320845,0.8233007113236028,21.3,6.1,1606.2,6199.7,0.20576743232682973,50.5,1010.3
1374,20,lstm,loso,Hagl - SWCC,29.28997,34.93002,01-04-2017 00:00,6497.3,6340.759765625,-156.54023437500018,156.54023437500018,24504.84497817999,2.4093120892524618,24.9,6.7,2098.2,6201.1,0.25281650259660454,47.1,1010.0
1375,20,lstm,loso,Hagl - SWCC,29.28997,34.93002,01-05-2017 00:00,7248.7,6316.642578125,-932.0574218749998,932.0574218749998,868731.0376722714,12.858270060493604,27.9,6.1,1730.9,7562.2,0.18625646985397767,46.4,1008.0
1376,20,lstm,loso,Hagl - SWCC,29.28997,34.93002,01-06-2017 00:00,7480.6,6094.20263671875,-1386.3973632812504,1386.3973632812504,1922097.6489132033,18.533237484710455,29.7,7.3,1297.0,8543.8,0.13179822778635883,49.7,1005.2
1377,20,lstm,loso,Hagl - SWCC,29.28997,34.93002,01-09-2017 00:00,6280.5,5877.66552734375,-402.83447265625,402.83447265625,162275.61236023903,6.414050993650982,29.5,7.6,1554.4,7044.8,0.180761001023351,60.7,1006.9
1378,20,lstm,loso,Hagl - SWCC,29.28997,34.93002,01-10-2017 00:00,5308.3,5108.00927734375,-200.29072265625018,200.29072265625018,40116.37358216293,3.773161325777559,26.5,6.7,1177.5,7072.0,0.14273592338929633,57.8,1010.4
1379,20,lstm,loso,Hagl - SWCC,29.28997,34.93002,01-11-2017 00:00,4213.1,4603.23046875,390.13046874999964,390.13046874999964,152201.78264709446,9.259938495407173,22.7,6.9,1172.9,6017.5,0.16312027147307523,55.3,1012.8
1380,20,lstm,loso,Hagl - SWCC,29.28997,34.93002,01-03-2018 00:00,6067.1,6358.11328125,291.01328124999964,291.01328124999964,84688.72986389139,4.796579605577618,23.4,6.1,1877.6,6505.4,0.2239770965048312,43.1,1010.2
1381,20,lstm,loso,Hagl - SWCC,29.28997,34.93002,01-04-2018 00:00,6662.6,6293.03759765625,-369.56240234375036,369.56240234375036,136576.36922608403,5.546819595109271,24.8,5.9,2386.5,5939.1,0.2866460074949553,44.6,1008.0
1382,20,lstm,loso,Hagl - SWCC,29.28997,34.93002,01-05-2018 00:00,6864.1,6718.77294921875,-145.32705078125036,145.32705078125036,21119.951688776124,2.1172047432474814,29.3,4.9,2875.1,5215.4,0.3553674062171683,42.7,1005.5
1383,20,lstm,loso,Hagl - SWCC,29.28997,34.93002,01-06-2018 00:00,7953.3,7232.27294921875,-721.0270507812502,721.0270507812502,519880.0079583075,9.065759505881209,30.3,6.8,1845.1,8272.2,0.18237079062595749,46.0,1004.5
1384,20,lstm,loso,Hagl - SWCC,29.28997,34.93002,01-07-2018 00:00,7799.3,7282.357421875,-516.9425781250002,516.9425781250002,267229.6290785219,6.628063776556872,31.4,5.3,1649.4,8439.4,0.16348822456585524,47.3,1002.7
1385,20,lstm,loso,Hagl - SWCC,29.28997,34.93002,01-08-2018 00:00,7365.1,6352.6259765625,-1012.4740234375004,1012.4740234375004,1025103.64813572,13.746914820402987,31.2,7.0,1215.1,8765.8,0.12174252822891722,52.4,1003.6
1386,20,lstm,loso,Hagl - SWCC,29.28997,34.93002,01-09-2018 00:00,6092.9,5896.01416015625,-196.88583984374964,196.88583984374964,38764.03393097863,3.231397853957059,29.9,7.8,1860.6,6244.5,0.22955916645075322,54.5,1006.4
1387,20,lstm,loso,Hagl - SWCC,29.28997,34.93002,01-10-2018 00:00,5005.6,5573.359375,567.7593749999996,567.7593749999996,322350.7079003902,11.342483918011819,27.4,6.5,1624.0,5618.9,0.2242195805547502,54.2,1010.0
1388,20,lstm,loso,Hagl - SWCC,29.28997,34.93002,01-11-2018 00:00,4118.3,4625.4697265625,507.1697265624998,507.1697265624998,257221.13154148083,12.315026262353394,23.5,5.7,1182.7,5706.6,0.17167201312179758,50.7,1011.9
1389,20,lstm,loso,Hagl - SWCC,29.28997,34.93002,01-12-2018 00:00,3741.9,4265.2509765625,523.3509765624999,523.3509765624999,273896.2446689223,13.986236312100802,19.4,5.5,994.5,5997.1,0.1422421191143658,48.5,1015.3
1390,20,lstm,loso,Hagl - SWCC,29.28997,34.93002,01-01-2019 00:00,3689.0,4163.23828125,474.23828125,474.23828125,224901.9474029541,12.855469808891298,17.9,4.6,1455.0,4569.2,0.24152584575545302,44.6,1014.3
1391,20,lstm,loso,Hagl - SWCC,29.28997,34.93002,01-02-2019 00:00,4761.4,4735.19482421875,-26.205175781249636,26.205175781249636,686.7112377261925,0.5503670303114554,18.8,5.2,1379.3,6049.8,0.18566178944959685,45.7,1014.3
1392,20,lstm,loso,Hagl - SWCC,29.28997,34.93002,01-03-2019 00:00,5880.7,5888.05908203125,7.359082031250182,7.359082031250182,54.15608834266931,0.12513955874726107,20.0,5.6,1746.0,6498.0,0.21179039301310043,45.0,1012.4
1393,20,lstm,loso,Hagl - SWCC,29.28997,34.93002,01-04-2019 00:00,6665.1,6222.2529296875,-442.84707031250036,442.84707031250036,196113.52768436464,6.644267457540027,23.0,6.0,2146.5,6370.0,0.25204015734163093,44.9,1010.3
1394,20,lstm,loso,Hagl - SWCC,29.28997,34.93002,01-05-2019 00:00,7078.2,6927.2998046875,-150.90019531249982,150.90019531249982,22770.86894535059,2.1319006995069345,28.3,5.8,2163.4,6630.6,0.2460086422560837,40.5,1007.0
1395,20,lstm,loso,Hagl - SWCC,29.28997,34.93002,01-06-2019 00:00,7575.9,6385.28955078125,-1190.6104492187496,1190.6104492187496,1417553.2417888728,15.715762473352997,30.6,5.4,1772.0,7819.5,0.1847469113277381,47.5,1005.0
1396,20,lstm,loso,Hagl - SWCC,29.28997,34.93002,01-07-2019 00:00,7943.0,7201.80029296875,-741.19970703125,741.19970703125,549377.0057032108,9.331483155372656,31.4,5.9,1405.7,9070.0,0.13418673692450145,47.4,1002.5
1397,20,lstm,loso,Hagl - SWCC,29.28997,34.93002,01-08-2019 00:00,7335.0,6247.82373046875,-1087.17626953125,1087.17626953125,1181952.2410318851,14.821762365797547,31.8,5.1,1369.2,8400.7,0.14014473024288884,50.6,1003.6
1398,20,lstm,loso,Hagl - SWCC,29.28997,34.93002,01-09-2019 00:00,6414.9,5777.796875,-637.1031249999996,637.1031249999996,405900.3918847652,9.931614288609326,29.3,7.6,1303.6,7710.3,0.14462108521283795,57.5,1006.0
1399,20,lstm,loso,Hagl - SWCC,29.28997,34.93002,01-10-2019 00:00,5094.8,4998.0517578125,-96.74824218750018,96.74824218750018,9360.22236637119,1.898960551689962,27.3,6.3,1307.9,6387.8,0.16995205114544484,56.2,1009.2
1400,20,lstm,loso,Hagl - SWCC,29.28997,34.93002,01-11-2019 00:00,4235.4,4719.025390625,483.62539062500036,483.62539062500036,233893.5184571842,11.418647368017199,24.5,5.1,1197.9,5960.9,0.16733251382913342,44.3,1011.4
1401,20,lstm,loso,Hagl - SWCC,29.28997,34.93002,01-12-2019 00:00,3858.7,4456.50439453125,597.8043945312502,597.8043945312502,357370.0941208746,15.492378120383812,19.7,4.3,967.5,6272.7,0.1336289052788597,44.5,1014.8
1402,20,lstm,loso,Hagl - SWCC,29.28997,34.93002,01-01-2020 00:00,3731.0,4497.92822265625,766.92822265625,766.92822265625,588178.8987066746,20.555567479395602,16.7,4.4,1121.0,5386.5,0.17226277372262774,47.9,1017.4
1403,20,lstm,loso,Hagl - SWCC,29.28997,34.93002,01-02-2020 00:00,4778.0,4754.1591796875,-23.8408203125,23.8408203125,568.3847131729126,0.49897070557764756,18.1,4.6,1219.8,6475.9,0.1585040996920358,51.2,1015.7
1404,20,lstm,loso,Hagl - SWCC,29.28997,34.93002,01-03-2020 00:00,5607.3,5681.70654296875,74.40654296874982,74.40654296874982,5536.333636560413,1.3269584821348923,20.7,4.7,1968.0,5681.5,0.2572717171056932,50.0,1010.5
1405,20,lstm,loso,Hagl - SWCC,29.28997,34.93002,01-04-2020 00:00,6767.8,6315.166015625,-452.6339843750002,452.6339843750002,204877.52381118792,6.688052016534179,23.5,6.0,2123.8,6580.8,0.24398593846931507,49.7,1009.2
1406,20,lstm,loso,Hagl - SWCC,29.28997,34.93002,01-05-2020 00:00,7163.3,6519.23095703125,-644.0690429687502,644.0690429687502,414824.9321106818,8.991233690739605,27.5,5.8,1935.2,7163.8,0.2126827123859765,43.3,1008.0
1407,20,lstm,loso,Hagl - SWCC,29.28997,34.93002,01-09-2020 00:00,6086.8,6460.3583984375,373.5583984374998,373.5583984374998,139545.87704318986,6.137188644895508,32.1,6.5,1840.4,6202.2,0.22883147240941984,52.7,1004.9
1408,20,lstm,loso,Hagl - SWCC,29.28997,34.93002,01-10-2020 00:00,5200.8,5609.09326171875,408.2932617187498,408.2932617187498,166703.38756493555,7.850585712174086,28.9,5.8,1280.4,6602.2,0.1624337147641641,55.2,1009.6
1409,20,lstm,loso,Hagl - SWCC,29.28997,34.93002,01-11-2020 00:00,4228.7,4618.1279296875,389.4279296875002,389.4279296875002,151654.11242069257,9.209164274777123,23.7,5.4,1018.4,6326.1,0.13866158349785554,50.6,1012.3
1410,20,lstm,loso,Hagl - SWCC,29.28997,34.93002,01-12-2020 00:00,3585.6,4764.224609375,1178.624609375,1178.624609375,1389155.9698243716,32.8710567094768,21.0,5.4,1127.8,5298.5,0.17549756469508113,49.1,1014.0
1411,20,lstm,loso,Hagl - SWCC,29.28997,34.93002,01-01-2021 00:00,3970.8,4624.70654296875,653.9065429687498,653.9065429687498,427593.7669373414,16.46787909158733,19.8,5.7,1159.1,5757.5,0.16758233814301823,45.2,1015.0
1412,20,lstm,loso,Hagl - SWCC,29.28997,34.93002,01-02-2021 00:00,4891.3,4828.96923828125,-62.33076171875018,62.33076171875018,3885.123856439613,1.2743189278668285,19.8,5.9,1226.0,6526.8,0.15813641523062635,49.4,1014.2
1413,20,lstm,loso,Hagl - SWCC,29.28997,34.93002,01-03-2021 00:00,6155.0,5823.5224609375,-331.4775390625,331.4775390625,109877.35890293121,5.385500228472787,21.1,6.9,1819.4,6718.9,0.21308691425693643,46.2,1012.2
1414,20,lstm,loso,Hagl - SWCC,29.28997,34.93002,01-04-2021 00:00,7286.0,6399.8642578125,-886.1357421875,886.1357421875,785236.5535821915,12.162170493926709,24.8,6.5,1940.6,7505.9,0.2054305827555179,41.6,1010.7
1415,20,lstm,loso,Hagl - SWCC,29.28997,34.93002,01-05-2021 00:00,7801.4,6828.11328125,-973.2867187499996,973.2867187499996,947287.0368951409,12.475795610403257,29.1,5.5,1874.0,8142.2,0.18709690301711226,41.3,1006.8
1416,20,lstm,loso,Hagl - SWCC,29.28997,34.93002,01-07-2021 00:00,7859.4,6738.17333984375,-1121.2266601562496,1121.2266601562496,1257149.2234451382,14.266059243151508,31.6,4.9,1346.5,9040.0,0.12963943580609444,47.4,1001.9
1417,20,lstm,loso,Hagl - SWCC,29.28997,34.93002,01-08-2021 00:00,7092.8,6636.05908203125,-456.7409179687502,456.7409179687502,208612.26614693657,6.439500873685288,32.2,5.0,1620.8,7617.8,0.17543783690169504,50.8,1003.0
1418,20,lstm,loso,Hagl - SWCC,29.28997,34.93002,01-09-2021 00:00,6335.6,5925.7138671875,-409.88613281250036,409.88613281250036,168006.64187198668,6.46957088219743,29.5,3.8,1365.9,7494.1,0.1541647855530474,53.8,1006.6
1419,20,lstm,loso,Hagl - SWCC,29.28997,34.93002,01-10-2021 00:00,5029.6,5052.841796875,23.241796874999636,23.241796874999636,540.1811219787429,0.46210030370207644,26.9,0.0,1368.1,6158.4,0.1817710755331163,55.8,1010.4
1420,20,lstm,loso,Hagl - SWCC,29.28997,34.93002,01-11-2021 00:00,4057.2,4714.77734375,657.5773437500002,657.5773437500002,432407.9630133059,16.20766399857045,24.3,0.0,1119.1,5762.7,0.16261733848702375,50.2,1012.2
1421,20,lstm,loso,Hagl - SWCC,29.28997,34.93002,01-12-2021 00:00,3391.2,4188.345703125,797.1457031250002,797.1457031250002,635441.272010651,23.506301696302202,19.7,0.0,1366.7,4299.0,0.2412235028328362,47.9,1014.6
309,21,lstm,loso,Hail - TVTC,27.65261,41.70826,01-01-2017 00:00,4169.5,4096.544921875,-72.955078125,72.955078125,5322.4434242248535,1.7497320572011033,12.2,3.4,1329.8,5620.2,0.19133812949640286,35.6,912.4
310,21,lstm,loso,Hail - TVTC,27.65261,41.70826,01-02-2017 00:00,5086.2,5126.1650390625,39.96503906250018,39.96503906250018,1597.2043472671655,0.7857543758110217,10.8,3.5,1599.7,6100.3,0.20775324675324675,28.4,912.7
311,21,lstm,loso,Hail - TVTC,27.65261,41.70826,01-03-2017 00:00,5446.5,5253.9267578125,-192.5732421875,192.5732421875,37084.45360660553,3.5357246339392274,18.1,3.8,2366.2,4584.1,0.34044573615527385,28.3,908.3
312,21,lstm,loso,Hail - TVTC,27.65261,41.70826,01-04-2017 00:00,5863.9,5945.0537109375,81.15371093750036,81.15371093750036,6585.924798927366,1.3839545513651388,23.9,4.0,2984.1,3896.2,0.4337165530572795,20.2,909.6
313,21,lstm,loso,Hail - TVTC,27.65261,41.70826,01-05-2017 00:00,6227.4,6486.55517578125,259.15517578125036,259.15517578125036,67161.40513421077,4.1615309082642895,29.0,3.4,3023.5,4219.2,0.41745481657392963,14.9,907.7
314,21,lstm,loso,Hail - TVTC,27.65261,41.70826,01-09-2017 00:00,6546.0,6588.8125,42.8125,42.8125,1832.91015625,0.6540253589978613,32.6,3.0,2359.7,5922.3,0.28491910166626416,9.2,907.7
315,21,lstm,loso,Hail - TVTC,27.65261,41.70826,01-10-2017 00:00,5714.3,5423.111328125,-291.1886718750002,291.1886718750002,84790.84262832653,5.095789018339957,26.8,3.1,1668.9,6630.7,0.2010819798544508,14.4,909.5
316,21,lstm,loso,Hail - TVTC,27.65261,41.70826,01-11-2017 00:00,4206.8,4392.45458984375,185.65458984374982,185.65458984374982,34467.62673005097,4.413202192729624,19.1,3.5,1758.8,4498.5,0.28107969891167117,37.9,911.7
317,21,lstm,loso,Hail - TVTC,27.65261,41.70826,01-03-2018 00:00,6241.9,6285.41552734375,43.515527343750364,43.515527343750364,1893.6011200046855,0.6971519464225695,22.4,3.5,2453.4,5651.8,0.30269456645116716,19.7,909.8
318,21,lstm,loso,Hail - TVTC,27.65261,41.70826,01-04-2018 00:00,6813.9,6309.14404296875,-504.75595703124964,504.75595703124964,254778.57615853273,7.407739430153798,22.3,3.7,2866.1,5310.2,0.3505375292002495,31.2,907.1
319,21,lstm,loso,Hail - TVTC,27.65261,41.70826,01-05-2018 00:00,6997.7,6792.1455078125,-205.55449218749982,205.55449218749982,42252.64925846092,2.93745791027766,27.9,3.5,3265.7,4853.3,0.4022293385884961,19.1,907.0
320,21,lstm,loso,Hail - TVTC,27.65261,41.70826,01-06-2018 00:00,8237.7,7555.013671875,-682.6863281250007,682.6863281250007,466060.62260879617,8.287341468188943,32.6,3.2,2404.7,7785.7,0.23597699795886323,11.1,904.9
321,21,lstm,loso,Hail - TVTC,27.65261,41.70826,01-07-2018 00:00,8175.3,7068.1953125,-1107.1046875000002,1107.1046875000002,1225680.7890844732,13.542068028084596,33.5,3.0,2293.6,7876.0,0.22553492762743862,11.3,903.1
322,21,lstm,loso,Hail - TVTC,27.65261,41.70826,01-09-2018 00:00,6236.9,6728.48046875,491.58046875000036,491.58046875000036,241651.35725647007,7.8818077690840065,33.6,2.7,2592.3,5069.1,0.3383585245516485,10.2,907.7
323,21,lstm,loso,Hail - TVTC,27.65261,41.70826,01-11-2018 00:00,3453.8,3993.0341796875,539.2341796874998,539.2341796874998,290773.5005432508,15.61277953811743,16.0,3.4,1609.1,3496.3,0.3151760880636189,67.2,912.0
324,21,lstm,loso,Hail - TVTC,27.65261,41.70826,01-12-2018 00:00,3842.0,4076.956787109375,234.956787109375,234.956787109375,55204.691808760166,6.115481184523035,14.2,3.7,1358.8,5098.9,0.21041547300122335,52.8,913.2
325,21,lstm,loso,Hail - TVTC,27.65261,41.70826,01-01-2019 00:00,3652.9,4150.8076171875,497.9076171874999,497.9076171874999,247911.99525333397,13.6304748881026,13.9,3.6,1815.2,3568.0,0.3371972061227523,39.3,911.7
326,21,lstm,loso,Hail - TVTC,27.65261,41.70826,01-02-2019 00:00,4848.6,4407.67529296875,-440.92470703125036,440.92470703125036,194414.59727059398,9.093856103437082,13.5,3.5,1713.1,5424.7,0.24000392277732635,41.7,911.5
327,21,lstm,loso,Hail - TVTC,27.65261,41.70826,01-03-2019 00:00,6418.6,6453.5322265625,34.932226562499636,34.932226562499636,1220.2604526138052,0.5442343589334065,15.9,3.7,1872.9,7074.5,0.20932337885866287,27.6,909.2
328,21,lstm,loso,Hail - TVTC,27.65261,41.70826,01-04-2019 00:00,6834.9,6746.70263671875,-88.19736328124964,88.19736328124964,7778.774889764722,1.2903972740091243,20.7,3.5,2247.6,6405.1,0.2597570700474996,23.6,908.6
329,21,lstm,loso,Hail - TVTC,27.65261,41.70826,01-05-2019 00:00,6724.6,6688.6474609375,-35.952539062500364,35.952539062500364,1292.5850650406146,0.5346420465529602,29.3,3.5,2655.1,5407.0,0.3293310675878493,14.8,907.8
330,21,lstm,loso,Hail - TVTC,27.65261,41.70826,01-07-2019 00:00,8184.0,7306.11181640625,-877.88818359375,877.88818359375,770687.6628935337,10.7268839637555,33.7,3.1,1864.7,8552.2,0.17900719023893863,10.2,903.2
331,21,lstm,loso,Hail - TVTC,27.65261,41.70826,01-08-2019 00:00,7644.2,7085.7529296875,-558.4470703124998,558.4470703124998,311863.1303406141,7.305500514278797,33.2,3.3,1908.1,7915.6,0.1942343516190437,11.1,904.4
332,21,lstm,loso,Hail - TVTC,27.65261,41.70826,01-09-2019 00:00,6659.0,6854.8232421875,195.8232421875,195.8232421875,38346.74218082428,2.9407304728562846,33.0,3.0,2017.6,6718.7,0.23094445016769113,11.4,906.6
333,21,lstm,loso,Hail - TVTC,27.65261,41.70826,01-10-2019 00:00,5007.4,5065.8408203125,58.440820312500364,58.440820312500364,3415.3294787979553,1.1670891143607536,27.4,2.8,1944.4,4869.2,0.28537043559938946,24.9,909.9
334,21,lstm,loso,Hail - TVTC,27.65261,41.70826,01-11-2019 00:00,4172.4,4156.66650390625,-15.733496093749636,15.733496093749636,247.54289933203506,0.37708503723875075,18.1,3.3,1514.5,4990.9,0.2328065914471055,44.6,911.9
335,21,lstm,loso,Hail - TVTC,27.65261,41.70826,01-12-2019 00:00,4280.9,4462.20947265625,181.30947265625036,181.30947265625036,32873.124874887595,4.235312029158597,13.8,3.0,973.4,6996.3,0.1221375961454007,39.3,912.0
336,21,lstm,loso,Hail - TVTC,27.65261,41.70826,01-01-2020 00:00,4555.6,4551.0400390625,-4.559960937500364,4.559960937500364,20.793243751529197,0.10009572696242787,10.4,3.3,1023.4,7158.7,0.1250779139829628,36.5,912.6
337,21,lstm,loso,Hail - TVTC,27.65261,41.70826,01-02-2020 00:00,5484.9,5525.34765625,40.447656250000364,40.447656250000364,1636.0128961181936,0.7374365302922635,13.9,3.7,1484.5,7092.4,0.17308118317807134,33.9,911.9
338,21,lstm,loso,Hail - TVTC,27.65261,41.70826,01-03-2020 00:00,6371.4,6572.06640625,200.66640625000036,200.66640625000036,40267.00659729019,3.14948686709358,18.4,4.0,2168.0,6380.4,0.25361471152496373,26.2,908.6
339,21,lstm,loso,Hail - TVTC,27.65261,41.70826,01-04-2020 00:00,7199.2,6991.94482421875,-207.25517578124982,207.25517578124982,42954.70788811676,2.878863981848675,22.9,3.9,2498.0,6482.3,0.2781644265781767,24.9,907.6
340,21,lstm,loso,Hail - TVTC,27.65261,41.70826,01-05-2020 00:00,7321.9,6858.65234375,-463.24765624999964,463.24765624999964,214598.39102111783,6.326877671779179,28.9,3.6,2969.7,5666.2,0.3438784608436874,13.3,908.3
341,21,lstm,loso,Hail - TVTC,27.65261,41.70826,01-09-2020 00:00,6805.0,6798.60107421875,-6.39892578125,6.39892578125,40.94625115394592,0.0940327080271859,32.5,2.8,1980.6,7021.5,0.22001532975639015,8.9,907.5
342,21,lstm,loso,Hail - TVTC,27.65261,41.70826,01-10-2020 00:00,5948.5,5881.7109375,-66.7890625,66.7890625,4460.778869628906,1.1227883079768008,25.6,2.5,1173.5,8055.1,0.1271590490431918,11.7,911.6
343,21,lstm,loso,Hail - TVTC,27.65261,41.70826,01-11-2020 00:00,4203.6,4403.37451171875,199.77451171874964,199.77451171874964,39909.85553246483,4.752462454057228,18.9,3.4,1584.9,4907.3,0.24412371769199961,43.5,911.6
344,21,lstm,loso,Hail - TVTC,27.65261,41.70826,01-12-2020 00:00,3597.5,4234.12158203125,636.62158203125,636.62158203125,405287.0387079716,17.69622187717165,13.6,3.4,1356.6,4611.2,0.2273199504004826,52.0,913.3
345,21,lstm,loso,Hail - TVTC,27.65261,41.70826,01-01-2021 00:00,4205.5,4569.916015625,364.416015625,364.416015625,132799.03244400024,8.665224482820117,13.0,3.3,1441.0,5379.0,0.21129032258064517,43.9,913.5
346,21,lstm,loso,Hail - TVTC,27.65261,41.70826,01-02-2021 00:00,4818.3,4811.859375,-6.440625000000182,6.440625000000182,41.481650390627344,0.1336700703567686,14.5,3.7,1657.8,5456.1,0.23303673090709734,41.7,912.1
347,21,lstm,loso,Hail - TVTC,27.65261,41.70826,01-03-2021 00:00,6358.1,6576.50537109375,218.40537109374964,218.40537109374964,47700.90612259849,3.4350729163389944,20.4,3.9,2499.7,5803.7,0.3010453549148541,20.8,909.7
348,21,lstm,loso,Hail - TVTC,27.65261,41.70826,01-04-2021 00:00,7385.1,7204.3505859375,-180.74941406250036,180.74941406250036,32670.350683937206,2.447487699049442,24.5,3.5,2608.9,6535.3,0.2853065331029505,15.1,910.1
349,21,lstm,loso,Hail - TVTC,27.65261,41.70826,01-05-2021 00:00,7637.6,7136.98046875,-500.61953125000036,500.61953125000036,250619.9150689701,6.554670724442238,30.6,3.2,2423.3,6979.4,0.25772384527848385,9.9,906.7
350,21,lstm,loso,Hail - TVTC,27.65261,41.70826,01-07-2021 00:00,7810.3,7189.4619140625,-620.8380859375002,620.8380859375002,385439.92895053886,7.9489659288055545,35.4,3.1,2111.9,7682.1,0.2156320196038391,9.8,902.3
351,21,lstm,loso,Hail - TVTC,27.65261,41.70826,01-08-2021 00:00,7648.0,7191.19384765625,-456.80615234375,456.80615234375,208671.86081910133,5.9728837911055175,34.5,3.0,1929.6,7915.2,0.1960019502681619,8.7,904.5
352,21,lstm,loso,Hail - TVTC,27.65261,41.70826,01-09-2021 00:00,6641.5,6654.12060546875,12.62060546875,12.62060546875,159.2796823978424,0.1900264318113378,31.3,2.9,2018.3,6679.7,0.23204184870085076,13.4,906.8
353,21,lstm,loso,Hail - TVTC,27.65261,41.70826,01-10-2021 00:00,5596.1,5429.35888671875,-166.74111328125036,166.74111328125036,27802.598858270765,2.97959495508033,27.8,3.1,1749.6,6239.5,0.21899838529997118,15.0,910.3
354,21,lstm,loso,Hail - TVTC,27.65261,41.70826,01-11-2021 00:00,4565.9,4656.01220703125,90.11220703125036,90.11220703125036,8120.209856042928,1.973591340836426,19.1,2.9,1364.3,6071.7,0.18347229693383538,28.5,912.3
586,22,lstm,loso,Jazan - University,16.96035,42.545865,01-01-2017 00:00,4845.9,5016.95166015625,171.05166015625036,171.05166015625036,29258.670442209368,3.5298223272508795,26.4,2.8,1898.2,4808.7,0.28302196245657457,75.7,1013.9
587,22,lstm,loso,Jazan - University,16.96035,42.545865,01-02-2017 00:00,4480.2,5769.44287109375,1289.2428710937502,1289.2428710937502,1662147.1806660562,28.77645799503929,26.6,3.1,2707.0,2575.1,0.5124855644535317,73.7,1013.3
588,22,lstm,loso,Jazan - University,16.96035,42.545865,01-09-2017 00:00,6127.2,5675.5888671875,-451.6111328124998,451.6111328124998,203952.61528018935,7.370595587095245,32.8,3.0,2719.6,4304.0,0.38720883877213963,70.6,1005.7
589,22,lstm,loso,Jazan - University,16.96035,42.545865,01-10-2017 00:00,5777.2,5575.02099609375,-202.17900390624982,202.17900390624982,40876.34962052338,3.499601950880181,31.4,3.0,2056.1,5247.3,0.28152641235588904,71.2,1009.0
590,22,lstm,loso,Jazan - University,16.96035,42.545865,01-11-2017 00:00,4930.5,4973.59423828125,43.09423828125,43.09423828125,1857.113373041153,0.8740338359446302,29.3,2.9,1890.4,4789.9,0.2829813032348847,68.3,1011.7
591,22,lstm,loso,Jazan - University,16.96035,42.545865,01-03-2018 00:00,6358.3,5474.56982421875,-883.7301757812502,883.7301757812502,780979.0235863593,13.898843649737353,28.2,3.0,2313.2,5432.7,0.29863540711860465,69.3,1010.3
592,22,lstm,loso,Jazan - University,16.96035,42.545865,01-04-2018 00:00,6438.9,6664.05419921875,225.15419921875036,225.15419921875036,50694.41342583673,3.4967804938537697,30.8,3.2,2756.7,4729.8,0.3682228010418753,67.3,1007.8
593,22,lstm,loso,Jazan - University,16.96035,42.545865,01-05-2018 00:00,6626.3,6529.4208984375,-96.87910156250018,96.87910156250018,9385.560319557226,1.46203917061558,32.2,3.1,3065.2,4422.6,0.4093592243382569,65.3,1005.9
594,22,lstm,loso,Jazan - University,16.96035,42.545865,01-06-2018 00:00,5771.5,5767.5673828125,-3.9326171875,3.9326171875,15.46547794342041,0.06813856341505674,33.4,3.4,3795.9,2355.7,0.6170589765264322,64.7,1003.3
595,22,lstm,loso,Jazan - University,16.96035,42.545865,01-07-2018 00:00,5564.3,5675.28125,110.98124999999982,110.98124999999982,12316.837851562459,1.9945231206081593,33.6,3.1,3912.7,1901.7,0.6729327187671987,62.7,1003.3
596,22,lstm,loso,Jazan - University,16.96035,42.545865,01-08-2018 00:00,5592.4,5690.859375,98.45937500000036,98.45937500000036,9694.248525390696,1.760592500536449,33.1,0.9,3454.5,2489.2,0.5812036273701566,66.9,1003.9
597,22,lstm,loso,Jazan - University,16.96035,42.545865,01-09-2018 00:00,6013.7,5938.73193359375,-74.96806640624982,74.96806640624982,5620.2109806918825,1.2466213214202542,33.1,0.2,2776.4,4092.0,0.40422805893657915,68.8,1006.0
598,22,lstm,loso,Jazan - University,16.96035,42.545865,01-10-2018 00:00,5312.8,5271.6826171875,-41.11738281250018,41.11738281250018,1690.6391693496853,0.7739305603918871,31.0,0.0,2103.8,4681.1,0.3100708927176524,69.3,1009.9
599,22,lstm,loso,Jazan - University,16.96035,42.545865,01-01-2019 00:00,4555.0,4667.546875,112.546875,112.546875,12666.799072265625,2.47084248079034,26.5,0.0,2345.3,3542.5,0.3983321444342539,75.3,1014.3
600,22,lstm,loso,Jazan - University,16.96035,42.545865,01-02-2019 00:00,5009.4,4814.7587890625,-194.64121093749964,194.64121093749964,37885.200995216226,3.8855194421986594,27.1,0.0,2780.7,3202.9,0.46472023530984685,72.5,1012.8
601,22,lstm,loso,Jazan - University,16.96035,42.545865,01-03-2019 00:00,5803.7,5122.185546875,-681.5144531249998,681.5144531249998,464461.9498182676,11.74275812197391,28.0,0.0,2850.6,3932.9,0.42022554728385053,69.4,1011.3
602,22,lstm,loso,Jazan - University,16.96035,42.545865,01-04-2019 00:00,6218.7,6331.064453125,112.36445312500018,112.36445312500018,12625.770326080363,1.806880105568691,30.3,0.0,2973.3,4159.3,0.41686061183860024,69.9,1008.8
603,22,lstm,loso,Jazan - University,16.96035,42.545865,01-05-2019 00:00,6336.4,6487.390625,150.99062500000036,150.99062500000036,22798.168837890735,2.382908670538482,32.9,0.0,2598.0,4736.9,0.35419705790126654,58.4,1007.0
604,22,lstm,loso,Jazan - University,16.96035,42.545865,01-06-2019 00:00,5858.4,6340.3056640625,481.90566406250036,481.90566406250036,232233.06905551945,8.225892121782405,33.8,0.0,3270.2,3108.3,0.5126910715685505,66.0,1003.7
605,22,lstm,loso,Jazan - University,16.96035,42.545865,01-07-2019 00:00,5692.1,6092.71484375,400.61484374999964,400.61484374999964,160492.25303283663,7.038085131146671,33.8,0.0,3737.2,2264.7,0.6226694879954681,62.9,1002.2
606,22,lstm,loso,Jazan - University,16.96035,42.545865,01-08-2019 00:00,5297.0,5825.107421875,528.107421875,528.107421875,278897.4490394592,9.969934337832735,32.4,0.0,3286.6,2389.9,0.5789835285827535,67.5,1004.8
607,22,lstm,loso,Jazan - University,16.96035,42.545865,01-09-2019 00:00,5832.6,5924.42236328125,91.82236328124964,91.82236328124964,8431.346398553782,1.5742955676927892,32.5,0.0,2756.8,3856.2,0.41687585059730836,68.1,1004.9
608,22,lstm,loso,Jazan - University,16.96035,42.545865,01-10-2019 00:00,5463.7,5228.119140625,-235.58085937499982,235.58085937499982,55498.34130386344,4.311745875048041,30.9,0.0,1948.9,4979.8,0.28127931646629234,65.4,1009.4
609,22,lstm,loso,Jazan - University,16.96035,42.545865,01-11-2019 00:00,4841.9,4817.1865234375,-24.713476562499636,24.713476562499636,610.7559238052188,0.5104086528532112,29.3,0.0,1881.3,4659.0,0.2876473556258887,63.9,1010.6
610,22,lstm,loso,Jazan - University,16.96035,42.545865,01-12-2019 00:00,4326.8,4617.0361328125,290.2361328124998,290.2361328124998,84237.01278995503,6.707870315533415,27.8,0.0,1920.6,4072.9,0.320447151080337,60.2,1012.5
611,22,lstm,loso,Jazan - University,16.96035,42.545865,01-01-2020 00:00,4546.7,4771.59765625,224.89765625000018,224.89765625000018,50578.955786743245,4.94639312578354,26.3,0.3,1938.8,4213.2,0.31514954486345903,62.6,1014.6
612,22,lstm,loso,Jazan - University,16.96035,42.545865,01-02-2020 00:00,4908.3,5134.22607421875,225.92607421874982,225.92607421874982,51042.59101189605,4.602939392839676,26.8,3.2,2796.9,3092.3,0.4749201928954696,63.9,1013.8
613,22,lstm,loso,Jazan - University,16.96035,42.545865,01-03-2020 00:00,5625.9,5284.07666015625,-341.82333984374964,341.82333984374964,116843.19566193556,6.075887233042708,28.1,3.3,2985.8,3471.4,0.4623985628445766,64.9,1010.4
614,22,lstm,loso,Jazan - University,16.96035,42.545865,01-04-2020 00:00,6391.6,6339.67431640625,-51.925683593750364,51.925683593750364,2696.276616678276,0.8124050878301264,30.8,3.3,2487.2,5109.0,0.32742687133040205,66.0,1008.9
615,22,lstm,loso,Jazan - University,16.96035,42.545865,01-09-2020 00:00,5985.6,5715.2177734375,-270.38222656250036,270.38222656250036,73106.54844089528,4.5172117509105245,32.7,2.6,2576.3,4338.2,0.37259382457155255,68.5,1004.8
616,22,lstm,loso,Jazan - University,16.96035,42.545865,01-10-2020 00:00,5765.0,5546.86669921875,-218.13330078125,218.13330078125,47582.13690972328,3.783751964982654,31.4,2.7,1720.7,5828.1,0.2279435142009326,66.3,1009.0
617,22,lstm,loso,Jazan - University,16.96035,42.545865,01-11-2020 00:00,4773.8,5087.18017578125,313.3801757812498,313.3801757812498,98207.13457268703,6.564585357184,29.5,2.8,1916.2,4469.8,0.3000626370184779,69.0,1011.9
618,22,lstm,loso,Jazan - University,16.96035,42.545865,01-12-2020 00:00,4470.6,4778.2646484375,307.66464843749964,307.66464843749964,94657.53589817024,6.881954288853836,27.6,2.6,1809.1,4512.5,0.28617754998734496,68.5,1013.1
619,22,lstm,loso,Jazan - University,16.96035,42.545865,01-01-2021 00:00,4567.8,4793.4248046875,225.62480468749982,225.62480468749982,50906.55249027244,4.939463301534651,25.9,2.5,2039.8,4135.8,0.3302998898892415,67.5,1013.5
620,22,lstm,loso,Jazan - University,16.96035,42.545865,01-02-2021 00:00,4771.7,4740.10546875,-31.594531249999818,31.594531249999818,998.2144049072151,0.6621231688915862,26.2,2.8,2167.7,3835.3,0.3611027819423621,66.7,1012.9
621,22,lstm,loso,Jazan - University,16.96035,42.545865,01-03-2021 00:00,6135.9,6271.71923828125,135.81923828125036,135.81923828125036,18446.865487299063,2.213517793335132,28.4,2.7,2459.1,4951.1,0.3318533912714906,66.9,1010.2
622,22,lstm,loso,Jazan - University,16.96035,42.545865,01-04-2021 00:00,6471.7,6553.1357421875,81.43574218750018,81.43574218750018,6631.780105628997,1.2583361742277948,30.2,2.8,2649.0,4894.8,0.3511492881571622,65.2,1008.9
623,22,lstm,loso,Jazan - University,16.96035,42.545865,01-05-2021 00:00,6409.8,6215.26025390625,-194.53974609375018,194.53974609375018,37845.712810220786,3.0350361336352174,32.3,2.6,2731.9,4649.9,0.37008588691105154,66.1,1006.3
624,22,lstm,loso,Jazan - University,16.96035,42.545865,01-07-2021 00:00,5168.4,5785.41064453125,617.0106445312504,617.0106445312504,380702.135464869,11.938136454826454,33.0,3.2,3252.6,2258.3,0.5902121250612423,65.4,1002.7
625,22,lstm,loso,Jazan - University,16.96035,42.545865,01-08-2021 00:00,5508.7,5676.65576171875,167.95576171875018,167.95576171875018,28209.13789452559,3.0489182877766114,33.2,2.6,3038.2,2985.1,0.5044078827220959,70.0,1003.7
626,22,lstm,loso,Jazan - University,16.96035,42.545865,01-09-2021 00:00,5653.7,5767.0244140625,113.32441406250018,113.32441406250018,12842.422822608989,2.004429206758409,32.9,2.0,2713.4,3697.1,0.42327431557600814,69.5,1004.7
627,22,lstm,loso,Jazan - University,16.96035,42.545865,01-10-2021 00:00,5472.3,5625.02880859375,152.72880859374982,152.72880859374982,23326.088974466267,2.790943636016845,31.5,0.3,2142.3,4702.2,0.31299583607275916,70.3,1008.9
628,22,lstm,loso,Jazan - University,16.96035,42.545865,01-11-2021 00:00,4887.3,4950.94580078125,63.64580078124982,63.64580078124982,4050.78795708654,1.3022691625488474,29.7,0.0,1707.7,5022.5,0.2537368874624826,68.8,1011.3
629,22,lstm,loso,Jazan - University,16.96035,42.545865,01-12-2021 00:00,4518.0,4612.115234375,94.115234375,94.115234375,8857.677341461182,2.0831171840416114,27.5,0.0,1608.2,4876.1,0.24801443486575267,70.3,1013.5
1603,23,lstm,loso,Jeddah - KAU,21.49604,39.24492,01-01-2017 00:00,4179.9,4803.06103515625,623.1610351562504,623.1610351562504,388329.6757370095,14.908515398843283,25.6,3.4,1566.2,4609.3,0.2536150918953931,80.0,1007.6
1604,23,lstm,loso,Jeddah - KAU,21.49604,39.24492,01-02-2017 00:00,4052.3,4896.599609375,844.2996093749998,844.2996093749998,712841.8303907773,20.83507167226019,24.8,4.4,2134.6,2999.4,0.41577717179587065,63.8,1007.1
1605,23,lstm,loso,Jeddah - KAU,21.49604,39.24492,01-03-2017 00:00,5072.3,5373.95263671875,301.6526367187498,301.6526367187498,90994.31323937405,5.94705827176527,26.8,4.1,2542.8,3507.3,0.4202905737095255,72.5,1003.5
1606,23,lstm,loso,Jeddah - KAU,21.49604,39.24492,01-04-2017 00:00,5700.8,5811.794921875,110.99492187499982,110.99492187499982,12319.872682037314,1.947006067130926,30.9,4.2,2830.8,3692.8,0.4339321846833037,60.5,1002.2
1607,23,lstm,loso,Jeddah - KAU,21.49604,39.24492,01-05-2017 00:00,6236.0,6152.66845703125,-83.33154296875,83.33154296875,6944.146053552628,1.3362979950088198,33.5,4.2,2791.6,4368.0,0.3899100508408291,55.1,1000.6
1608,23,lstm,loso,Jeddah - KAU,21.49604,39.24492,01-06-2017 00:00,6628.0,6747.47900390625,119.47900390625,119.47900390625,14275.232374429703,1.8026403727557334,33.7,3.9,2515.2,5244.5,0.32413624238050437,65.0,996.9
1609,23,lstm,loso,Jeddah - KAU,21.49604,39.24492,01-09-2017 00:00,5981.7,6021.56103515625,39.86103515625018,39.86103515625018,1588.902123727813,0.6663830542529746,33.9,3.6,2723.3,4310.0,0.3872008872079963,77.9,998.8
1610,23,lstm,loso,Jeddah - KAU,21.49604,39.24492,01-10-2017 00:00,5562.0,5774.7216796875,212.7216796875,212.7216796875,45250.51300907135,3.824553752022654,31.4,3.6,1835.5,5582.8,0.24742865616111506,85.1,1002.5
1611,23,lstm,loso,Jeddah - KAU,21.49604,39.24492,01-11-2017 00:00,4469.3,5047.00146484375,577.7014648437498,577.7014648437498,333738.9824826143,12.92599433566218,29.2,3.3,1802.6,4521.0,0.28505914352583966,83.0,1005.0
1612,23,lstm,loso,Jeddah - KAU,21.49604,39.24492,01-03-2018 00:00,6348.6,6618.6435546875,270.04355468749964,270.04355468749964,72923.5214282606,4.253592204383637,28.5,3.3,2259.9,5876.0,0.2777689007976991,50.1,1003.6
1613,23,lstm,loso,Jeddah - KAU,21.49604,39.24492,01-04-2018 00:00,6918.0,6827.1064453125,-90.8935546875,90.8935546875,8261.638283729553,1.313870406006071,29.7,3.7,2655.6,5662.2,0.3192671139003102,46.4,1001.4
1614,23,lstm,loso,Jeddah - KAU,21.49604,39.24492,01-05-2018 00:00,7145.1,7029.7060546875,-115.39394531250036,115.39394531250036,13315.762614784324,1.615008121824752,33.4,4.0,3077.0,5216.1,0.37103133930617016,40.2,999.3
1615,23,lstm,loso,Jeddah - KAU,21.49604,39.24492,01-06-2018 00:00,7049.4,7054.3623046875,4.962304687500364,4.962304687500364,24.624467811588083,0.07039329145034136,33.9,4.2,3198.7,4900.1,0.39495974712303056,46.2,997.1
1616,23,lstm,loso,Jeddah - KAU,21.49604,39.24492,01-07-2018 00:00,6883.0,7075.203125,192.203125,192.203125,36942.041259765625,2.7924324422490194,34.7,3.8,3023.7,4886.1,0.38227262383372523,44.2,997.2
1617,23,lstm,loso,Jeddah - KAU,21.49604,39.24492,01-08-2018 00:00,6584.6,6414.87353515625,-169.72646484375036,169.72646484375036,28807.072868356827,2.577627568018564,34.5,4.1,2592.3,5172.4,0.3338570711038418,50.0,997.4
1618,23,lstm,loso,Jeddah - KAU,21.49604,39.24492,01-09-2018 00:00,5723.0,5969.5361328125,246.5361328125,246.5361328125,60780.06478214264,4.307812909531714,33.4,3.0,3065.4,3435.0,0.47157098024736943,64.1,998.9
1619,23,lstm,loso,Jeddah - KAU,21.49604,39.24492,01-10-2018 00:00,5027.9,5298.5263671875,270.62636718750036,270.62636718750036,73238.63061710377,5.382493032627943,31.3,2.8,2094.4,4373.8,0.32379951145604646,61.2,1003.1
1620,23,lstm,loso,Jeddah - KAU,21.49604,39.24492,01-11-2018 00:00,3939.4,4657.4453125,718.0453124999999,718.0453124999999,515589.07080322254,18.227276044575312,27.7,2.9,1792.8,3701.1,0.3263255610768307,58.3,1005.1
1621,23,lstm,loso,Jeddah - KAU,21.49604,39.24492,01-12-2018 00:00,3797.9,4639.109375,841.2093749999999,841.2093749999999,707633.2125878904,22.149329234577,25.7,3.7,1753.3,3762.9,0.31784561836046554,62.6,1007.5
1622,23,lstm,loso,Jeddah - KAU,21.49604,39.24492,01-01-2019 00:00,3970.1,4374.7412109375,404.6412109375001,404.6412109375001,163734.50958896644,10.192217096231836,25.1,3.4,2042.4,3345.4,0.37907865919299155,65.3,1007.5
1623,23,lstm,loso,Jeddah - KAU,21.49604,39.24492,01-02-2019 00:00,4629.8,4910.0,280.1999999999998,280.1999999999998,78512.03999999989,6.052097282819989,25.0,4.1,2151.7,3871.2,0.35725315047568446,56.0,1006.5
1624,23,lstm,loso,Jeddah - KAU,21.49604,39.24492,01-03-2019 00:00,6041.3,6389.8740234375,348.5740234374998,348.5740234374998,121503.84981540668,5.769851247868833,25.1,4.4,2348.2,5361.8,0.3045654993514915,51.9,1005.3
1625,23,lstm,loso,Jeddah - KAU,21.49604,39.24492,01-04-2019 00:00,6618.6,6661.42626953125,42.826269531249636,42.826269531249636,1834.089361963241,0.6470593408160281,28.6,3.8,2576.9,5463.5,0.3204940052733695,49.1,1002.5
1626,23,lstm,loso,Jeddah - KAU,21.49604,39.24492,01-05-2019 00:00,6524.3,6533.06201171875,8.762011718749818,8.762011718749818,76.77284935950914,0.13429811196220004,33.6,2.6,2746.2,4804.7,0.3636917453548584,43.8,1000.3
1627,23,lstm,loso,Jeddah - KAU,21.49604,39.24492,01-06-2019 00:00,6589.8,6480.76513671875,-109.03486328125018,109.03486328125018,11888.601410760919,1.6546004929019118,34.9,4.5,3057.6,4456.4,0.40692041522491346,43.8,997.4
1628,23,lstm,loso,Jeddah - KAU,21.49604,39.24492,01-07-2019 00:00,6880.8,6969.390625,88.59062499999982,88.59062499999982,7848.298837890593,1.287504723287987,34.9,4.2,2642.1,5472.3,0.3256063294883171,43.7,996.2
1629,23,lstm,loso,Jeddah - KAU,21.49604,39.24492,01-08-2019 00:00,6475.4,6117.72265625,-357.67734374999964,357.67734374999964,127933.0822320554,5.523633192544085,34.1,3.7,2437.3,5252.1,0.31696881421177203,54.8,998.0
1630,23,lstm,loso,Jeddah - KAU,21.49604,39.24492,01-09-2019 00:00,5790.5,5928.9423828125,138.4423828125,138.4423828125,19166.293358802795,2.390853688153009,32.9,3.7,2502.0,4294.4,0.36813607203813786,61.3,998.2
1631,23,lstm,loso,Jeddah - KAU,21.49604,39.24492,01-10-2019 00:00,5083.3,5845.8916015625,762.5916015624998,762.5916015624998,581545.9507736585,15.001900371068002,31.6,2.7,2204.6,4315.5,0.3381236484103004,62.8,1002.5
1632,23,lstm,loso,Jeddah - KAU,21.49604,39.24492,01-11-2019 00:00,4252.7,4943.724609375,691.0246093750002,691.0246093750002,477515.0107618716,16.249079628824045,29.2,2.8,1605.0,4497.7,0.2629983449948384,59.6,1003.8
1633,23,lstm,loso,Jeddah - KAU,21.49604,39.24492,01-12-2019 00:00,4059.6,4782.62841796875,723.0284179687501,723.0284179687501,522770.0931903936,17.81033643631762,25.7,4.0,1565.7,4614.5,0.25334131581502217,57.4,1006.5
1634,23,lstm,loso,Jeddah - KAU,21.49604,39.24492,01-01-2020 00:00,4583.7,4840.52783203125,256.8278320312502,256.8278320312502,65960.53530587205,5.603068089780095,22.6,4.4,1415.2,5733.1,0.1979771414182393,52.3,1009.2
1635,23,lstm,loso,Jeddah - KAU,21.49604,39.24492,01-02-2020 00:00,4780.0,5215.7255859375,435.7255859375,435.7255859375,189856.7862405777,9.115598032165272,23.9,3.9,2208.5,4053.1,0.35270537881691577,58.5,1007.7
1636,23,lstm,loso,Jeddah - KAU,21.49604,39.24492,01-03-2020 00:00,5935.3,6290.966796875,355.6667968749998,355.6667968749998,126498.87039932238,5.992397972722522,25.7,4.0,2378.5,4998.4,0.32242540904716077,57.1,1003.9
1637,23,lstm,loso,Jeddah - KAU,21.49604,39.24492,01-04-2020 00:00,6537.0,7101.2099609375,564.2099609375,564.2099609375,318332.8800210953,8.631022807671714,28.2,3.3,2184.2,5974.0,0.26773062685396287,54.4,1002.7
1638,23,lstm,loso,Jeddah - KAU,21.49604,39.24492,01-05-2020 00:00,6427.6,6690.44580078125,262.84580078124964,262.84580078124964,69087.91498833637,4.08933039985764,31.9,3.8,2462.4,5198.2,0.3214369631621544,48.8,1000.7
1639,23,lstm,loso,Jeddah - KAU,21.49604,39.24492,01-09-2020 00:00,5847.3,6286.1171875,438.8171874999998,438.8171874999998,192560.52404540998,7.504612171429545,34.2,2.7,2430.1,4579.5,0.3466816936772426,60.5,997.6
1640,23,lstm,loso,Jeddah - KAU,21.49604,39.24492,01-10-2020 00:00,5407.9,6318.39990234375,910.4999023437504,910.4999023437504,829010.072167979,16.836478158689147,32.3,2.3,1707.8,5708.9,0.23026413364434317,52.5,1002.1
1641,23,lstm,loso,Jeddah - KAU,21.49604,39.24492,01-11-2020 00:00,4208.8,5033.85205078125,825.0520507812498,825.0520507812498,680710.886498346,19.603023445667407,28.5,3.4,1550.9,4592.0,0.25247033160233767,64.0,1005.1
1642,23,lstm,loso,Jeddah - KAU,21.49604,39.24492,01-12-2020 00:00,3885.5,4971.05126953125,1085.55126953125,1085.55126953125,1178421.5587809086,27.938521928484107,26.5,3.1,1687.9,4103.0,0.29147455490510976,60.3,1006.3
1643,23,lstm,loso,Jeddah - KAU,21.49604,39.24492,01-01-2021 00:00,4281.3,5426.59130859375,1145.2913085937498,1145.2913085937498,1311692.181540384,26.751017415125073,25.4,3.3,1719.6,4525.4,0.2753562850280224,61.7,1006.7
1644,23,lstm,loso,Jeddah - KAU,21.49604,39.24492,01-02-2021 00:00,4820.6,5643.08642578125,822.4864257812496,822.4864257812496,676483.920594415,17.061909840709653,24.7,3.7,1769.2,4875.9,0.26624129057501017,60.2,1006.5
1645,23,lstm,loso,Jeddah - KAU,21.49604,39.24492,01-09-2021 00:00,5596.1,5852.705078125,256.60507812499964,256.60507812499964,65846.16611953717,4.585426960293769,32.6,4.0,2585.6,3944.4,0.3959571209800919,66.2,998.3
1646,23,lstm,loso,Jeddah - KAU,21.49604,39.24492,01-10-2021 00:00,5173.6,5548.2880859375,374.68808593749964,374.68808593749964,140391.1617435071,7.242308758649675,30.9,0.7,1797.1,5048.1,0.26253433062584,69.1,1002.3
1647,23,lstm,loso,Jeddah - KAU,21.49604,39.24492,01-11-2021 00:00,4184.6,4677.8193359375,493.21933593749964,493.21933593749964,243265.31334262813,11.786534816649134,28.4,0.0,1386.1,4797.1,0.22417194979945654,67.6,1004.8
1648,23,lstm,loso,Jeddah - KAU,21.49604,39.24492,01-12-2021 00:00,3625.7,4563.169921875,937.4699218750002,937.4699218750002,878849.854420319,25.85624629381913,26.1,0.0,1689.8,3558.4,0.32197705880111277,66.8,1007.0
41,24,lstm,loso,Layla - TVTC,22.27948,46.73319,01-01-2017 00:00,4876.1,4659.314453125,-216.78554687500036,216.78554687500036,46995.97333389298,4.445879839933561,18.6,2.3,1507.6,6091.5,0.19839191483201957,32.7,954.8
42,24,lstm,loso,Layla - TVTC,22.27948,46.73319,01-02-2017 00:00,4616.1,4179.22509765625,-436.87490234375036,436.87490234375036,190859.68029786143,9.4641559399439,16.9,2.5,2531.8,3249.8,0.4379064618790646,44.6,955.1
43,24,lstm,loso,Layla - TVTC,22.27948,46.73319,01-03-2017 00:00,5561.4,4913.6875,-647.7124999999996,647.7124999999996,419531.48265624954,11.646572805408704,24.2,2.9,2994.1,3519.2,0.4596901724164402,42.2,949.9
44,24,lstm,loso,Layla - TVTC,22.27948,46.73319,01-04-2017 00:00,7234.4,6886.0234375,-348.37656249999964,348.37656249999964,121366.22929931615,4.8155557129824125,30.7,2.5,2940.1,5645.8,0.3424335247324101,18.9,949.4
45,24,lstm,loso,Layla - TVTC,22.27948,46.73319,01-05-2017 00:00,7183.5,6850.787109375,-332.712890625,332.712890625,110697.86758804321,4.631626513885989,35.5,2.4,3519.0,4607.1,0.43304906412670285,17.6,946.3
46,24,lstm,loso,Layla - TVTC,22.27948,46.73319,01-06-2017 00:00,7708.1,7432.01611328125,-276.08388671875036,276.08388671875036,76222.31250573178,3.5817372208293916,37.8,2.7,3129.9,5882.6,0.3472843273231623,9.8,942.4
47,24,lstm,loso,Layla - TVTC,22.27948,46.73319,01-09-2017 00:00,7081.8,6817.962890625,-263.8371093750002,263.8371093750002,69610.02028335581,3.725565666567824,35.2,2.3,2113.6,6908.4,0.23427178009310573,12.0,945.2
48,24,lstm,loso,Layla - TVTC,22.27948,46.73319,01-10-2017 00:00,6346.5,6115.13720703125,-231.36279296875,231.36279296875,53528.741970300674,3.645517891258962,30.2,2.1,1599.1,7406.4,0.1775692632280273,17.5,950.2
49,24,lstm,loso,Layla - TVTC,22.27948,46.73319,01-11-2017 00:00,5221.3,4944.10498046875,-277.1950195312502,277.1950195312502,76837.07885293016,5.308927269669434,23.5,2.0,1532.9,6449.1,0.1920446003507893,33.0,953.4
50,24,lstm,loso,Layla - TVTC,22.27948,46.73319,01-03-2018 00:00,6698.7,6267.033203125,-431.6667968749998,431.6667968749998,186336.22352432235,6.444038348858731,25.9,2.6,2424.9,6159.7,0.28247093632784287,22.2,950.9
51,24,lstm,loso,Layla - TVTC,22.27948,46.73319,01-04-2018 00:00,6787.2,7459.05615234375,671.8561523437502,671.8561523437502,451390.68944214843,9.898870702848747,28.6,3.1,3720.5,3832.4,0.49259224933469264,30.9,948.0
52,24,lstm,loso,Layla - TVTC,22.27948,46.73319,01-05-2018 00:00,7406.8,7511.203125,104.40312499999982,104.40312499999982,10900.012509765587,1.409557771237239,33.3,2.8,3444.5,5047.0,0.40564093505269977,17.9,946.1
53,24,lstm,loso,Layla - TVTC,22.27948,46.73319,01-06-2018 00:00,7584.6,7784.4384765625,199.83847656249964,199.83847656249964,39935.41671482072,2.63479256074809,37.8,2.6,3746.8,4811.7,0.4377869953847053,12.2,941.7
54,24,lstm,loso,Layla - TVTC,22.27948,46.73319,01-07-2018 00:00,7466.0,7403.94873046875,-62.05126953125,62.05126953125,3850.3600504398346,0.831117995328824,38.9,2.7,3551.7,4934.3,0.41853641291539,10.9,939.0
55,24,lstm,loso,Layla - TVTC,22.27948,46.73319,01-08-2018 00:00,7273.2,7424.81689453125,151.61689453125018,151.61689453125018,22987.682707300242,2.084596801012624,38.0,2.8,3072.9,5420.4,0.36180283282116493,13.1,940.5
56,24,lstm,loso,Layla - TVTC,22.27948,46.73319,01-09-2018 00:00,6883.2,6816.57421875,-66.62578124999982,66.62578124999982,4438.994727172827,0.9679477750174312,36.0,2.4,2311.1,6303.5,0.2682771109511759,14.7,945.1
57,24,lstm,loso,Layla - TVTC,22.27948,46.73319,01-10-2018 00:00,5925.0,5543.27685546875,-381.72314453125,381.72314453125,145712.55907082558,6.442584717827005,29.4,2.3,1934.9,6075.4,0.24155150244060775,29.1,951.2
58,24,lstm,loso,Layla - TVTC,22.27948,46.73319,01-11-2018 00:00,4780.8,4780.109375,-0.6906250000001819,0.6906250000001819,0.47696289062525127,0.014445804049535263,23.6,2.7,1932.0,4908.4,0.28243962341383544,41.1,953.2
59,24,lstm,loso,Layla - TVTC,22.27948,46.73319,01-12-2018 00:00,4692.0,4359.5068359375,-332.4931640625,332.4931640625,110551.70414829254,7.0863845708120206,19.0,2.2,1472.6,6052.0,0.19570475507003693,45.1,955.5
60,24,lstm,loso,Layla - TVTC,22.27948,46.73319,01-01-2019 00:00,4759.5,4541.439453125,-218.060546875,218.060546875,47550.40210342407,4.581585184893371,18.4,2.5,2151.3,4667.5,0.31549539508417906,34.2,955.3
61,24,lstm,loso,Layla - TVTC,22.27948,46.73319,01-02-2019 00:00,5422.8,4608.96875,-813.8312500000002,813.8312500000002,662321.3034765628,15.007583720587153,19.4,2.8,2465.4,4623.9,0.3477635309551014,32.3,953.5
62,24,lstm,loso,Layla - TVTC,22.27948,46.73319,01-03-2019 00:00,6304.4,6060.0654296875,-244.33457031249964,244.33457031249964,59699.38224979383,3.8756197308625664,22.9,2.7,3166.7,4375.8,0.4198475306595956,24.4,950.8
63,24,lstm,loso,Layla - TVTC,22.27948,46.73319,01-04-2019 00:00,6610.5,6174.9208984375,-435.5791015625,435.5791015625,189729.1537179947,6.589200537969897,27.4,2.4,3325.2,4240.9,0.4394866575910971,33.1,949.0
64,24,lstm,loso,Layla - TVTC,22.27948,46.73319,01-05-2019 00:00,6704.8,6616.65771484375,-88.14228515625018,88.14228515625018,7769.062432565721,1.3146146813663373,33.6,2.4,3436.5,4137.9,0.4536993029150824,20.8,947.0
65,24,lstm,loso,Layla - TVTC,22.27948,46.73319,01-06-2019 00:00,7413.6,7160.919921875,-252.68007812500036,252.68007812500036,63847.221881256286,3.4083316893951707,38.1,2.4,2893.3,5815.2,0.33223861744272837,11.8,942.6
66,24,lstm,loso,Layla - TVTC,22.27948,46.73319,01-07-2019 00:00,7562.4,7240.134765625,-322.26523437499964,322.26523437499964,103854.88128677345,4.2614148203612565,38.7,2.7,3026.4,5803.0,0.3427639477201169,11.6,939.5
67,24,lstm,loso,Layla - TVTC,22.27948,46.73319,01-08-2019 00:00,7529.1,7399.14013671875,-129.95986328125036,129.95986328125036,16889.566064081286,1.7261009055697274,38.0,2.3,2532.8,6574.1,0.27811878905006093,12.1,941.0
68,24,lstm,loso,Layla - TVTC,22.27948,46.73319,01-09-2019 00:00,6903.7,6851.07861328125,-52.62138671874982,52.62138671874982,2769.0103402042196,0.7622200663231284,35.5,2.4,2127.3,6621.3,0.24315890542486798,16.9,944.7
69,24,lstm,loso,Layla - TVTC,22.27948,46.73319,01-10-2019 00:00,6062.9,5926.10107421875,-136.79892578124964,136.79892578124964,18713.946094903848,2.2563282551460464,30.9,2.0,1746.7,6659.7,0.2077821659687857,21.8,949.6
70,24,lstm,loso,Layla - TVTC,22.27948,46.73319,01-11-2019 00:00,4899.4,4508.76123046875,-390.63876953124964,390.63876953124964,152598.64826088876,7.973196096078085,22.7,2.0,1723.7,5485.0,0.23911384854412032,41.9,953.3
71,24,lstm,loso,Layla - TVTC,22.27948,46.73319,01-12-2019 00:00,4472.2,4483.74951171875,11.549511718750182,11.549511718750182,133.39122094154777,0.2582512347111082,18.8,2.3,1374.2,5895.9,0.18902078375813264,43.1,954.4
72,24,lstm,loso,Layla - TVTC,22.27948,46.73319,01-01-2020 00:00,5040.7,4688.27099609375,-352.4290039062498,352.4290039062498,124206.20279435145,6.9916679014075385,16.3,2.4,1473.9,6498.5,0.18487531985349456,35.5,955.1
73,24,lstm,loso,Layla - TVTC,22.27948,46.73319,01-02-2020 00:00,5617.1,5657.09423828125,39.994238281249636,39.994238281249636,1599.5390956973738,0.7120086571584916,19.8,2.6,2383.7,5143.7,0.3166697664532242,25.9,954.4
74,24,lstm,loso,Layla - TVTC,22.27948,46.73319,01-03-2020 00:00,6578.6,6148.65380859375,-429.94619140625036,429.94619140625036,184853.72750474006,6.535527185210384,24.3,2.6,3107.7,4811.8,0.392411137066734,23.7,949.9
75,24,lstm,loso,Layla - TVTC,22.27948,46.73319,01-04-2020 00:00,6680.1,6278.15380859375,-401.94619140625036,401.94619140625036,161560.74078599006,6.017068478110363,29.2,2.7,3371.3,4290.1,0.44003706894301303,34.9,948.0
76,24,lstm,loso,Layla - TVTC,22.27948,46.73319,01-05-2020 00:00,7397.1,6860.48193359375,-536.6180664062504,536.6180664062504,287958.9491935829,7.254438447584192,34.1,2.6,3319.9,5199.9,0.38966877156740776,16.1,946.8
77,24,lstm,loso,Layla - TVTC,22.27948,46.73319,01-09-2020 00:00,7018.5,6939.2958984375,-79.2041015625,79.2041015625,6273.289704322815,1.1285046885018166,35.0,2.2,2071.4,6883.4,0.23131728235136467,14.4,944.7
78,24,lstm,loso,Layla - TVTC,22.27948,46.73319,01-10-2020 00:00,6364.6,5977.55322265625,-387.04677734375036,387.04677734375036,149805.20785218268,6.081242770068037,28.0,2.2,1289.4,8065.7,0.1378285640987269,17.0,950.6
79,24,lstm,loso,Layla - TVTC,22.27948,46.73319,01-11-2020 00:00,5140.4,5079.9453125,-60.454687499999636,60.454687499999636,3654.7692407226123,1.1760697124737305,23.2,2.0,1265.0,6865.6,0.1555850736722997,34.8,953.5
80,24,lstm,loso,Layla - TVTC,22.27948,46.73319,01-12-2020 00:00,4621.5,4474.240234375,-147.259765625,147.259765625,21685.43857192993,3.1864062669046844,18.0,2.3,1407.7,6100.6,0.1874858489937802,44.0,955.6
81,24,lstm,loso,Layla - TVTC,22.27948,46.73319,01-01-2021 00:00,4847.6,4374.537109375,-473.06289062500036,473.06289062500036,223788.49848648105,9.758703082453179,17.1,2.1,1504.9,6045.3,0.19931922333183227,36.7,955.8
82,24,lstm,loso,Layla - TVTC,22.27948,46.73319,01-02-2021 00:00,5678.9,5842.37646484375,163.47646484375036,163.47646484375036,26724.554557809948,2.878664263215594,19.6,2.6,1881.4,6161.0,0.23393514373818763,31.9,953.9
83,24,lstm,loso,Layla - TVTC,22.27948,46.73319,01-03-2021 00:00,6715.8,6740.802734375,25.002734374999818,25.002734374999818,625.1367262267976,0.372297185368829,25.6,2.7,2776.8,5583.3,0.3321491369720458,18.4,950.8
84,24,lstm,loso,Layla - TVTC,22.27948,46.73319,01-04-2021 00:00,7200.0,6884.1826171875,-315.8173828125,315.8173828125,99740.61928653717,4.3863525390625,29.8,2.3,2991.0,5516.0,0.35159280592453274,15.4,949.1
85,24,lstm,loso,Layla - TVTC,22.27948,46.73319,01-05-2021 00:00,7908.5,6972.36767578125,-936.13232421875,936.13232421875,876343.7284471989,11.837040200022129,35.3,2.1,2868.5,6453.2,0.30772284025446,11.3,944.8
86,24,lstm,loso,Layla - TVTC,22.27948,46.73319,01-07-2021 00:00,7298.5,7136.59033203125,-161.90966796875,161.90966796875,26214.74058175087,2.2183964920017814,37.9,2.4,3041.2,5476.1,0.35706151010296694,22.0,938.4
87,24,lstm,loso,Layla - TVTC,22.27948,46.73319,01-08-2021 00:00,7328.8,7153.1484375,-175.65156250000018,175.65156250000018,30853.471408691472,2.3967301945748307,38.3,2.5,2865.8,5796.8,0.3308244637868538,14.4,941.1
88,24,lstm,loso,Layla - TVTC,22.27948,46.73319,01-09-2021 00:00,7008.4,6780.95947265625,-227.44052734374964,227.44052734374964,51729.19347840293,3.245256083325005,34.3,2.5,2223.0,6629.5,0.2511155040948885,14.4,944.2
89,24,lstm,loso,Layla - TVTC,22.27948,46.73319,01-10-2021 00:00,6124.2,5968.99609375,-155.20390624999982,155.20390624999982,24088.252515258733,2.534272333529274,30.4,2.3,1722.3,6798.2,0.20213602488116894,20.8,950.0
90,24,lstm,loso,Layla - TVTC,22.27948,46.73319,01-11-2021 00:00,5205.4,4912.6357421875,-292.76425781249964,292.76425781249964,85710.91065250375,5.624241322712945,24.0,1.9,1438.3,6557.9,0.179872939646332,28.4,953.1
91,24,lstm,loso,Layla - TVTC,22.27948,46.73319,01-12-2021 00:00,4724.3,4386.1650390625,-338.1349609375002,338.1349609375002,114335.25180820478,7.157355818586884,18.4,1.7,1425.4,6196.0,0.18702600572073375,37.4,955.3
355,25,lstm,loso,Madinah - Taibah University,24.4846,39.5418,01-01-2017 00:00,4222.1,4786.73779296875,564.6377929687496,564.6377929687496,318815.8372486206,13.373387484160714,20.8,2.6,1233.5,5525.1,0.1825082117598319,29.3,942.8
356,25,lstm,loso,Madinah - Taibah University,24.4846,39.5418,01-02-2017 00:00,4885.0,5142.19140625,257.19140625,257.19140625,66147.41944885254,5.264921315250767,19.0,3.4,1754.9,5120.1,0.25525818181818183,26.1,943.0
357,25,lstm,loso,Madinah - Taibah University,24.4846,39.5418,01-03-2017 00:00,5364.2,6125.984375,761.7843750000002,761.7843750000002,580315.4339941409,14.201267197345368,24.7,2.8,2255.1,4567.7,0.33052412499267164,22.9,938.5
358,25,lstm,loso,Madinah - Taibah University,24.4846,39.5418,01-04-2017 00:00,6008.7,6493.265625,484.5656250000002,484.5656250000002,234803.8449316408,8.06440036946428,31.1,3.3,2710.5,4359.3,0.3833913264873122,14.2,938.7
359,25,lstm,loso,Madinah - Taibah University,24.4846,39.5418,01-05-2017 00:00,6402.0,6615.12939453125,213.12939453125,213.12939453125,45424.13881325722,3.3291064437870976,33.5,3.2,2688.4,4873.5,0.3555191155661937,16.9,937.3
360,25,lstm,loso,Madinah - Taibah University,24.4846,39.5418,01-09-2017 00:00,6414.2,6507.15380859375,92.95380859375018,92.95380859375018,8640.410532083546,1.4491878736826134,36.7,2.7,2421.1,5438.2,0.30805542478337766,10.7,936.4
361,25,lstm,loso,Madinah - Taibah University,24.4846,39.5418,01-10-2017 00:00,5871.0,6108.70703125,237.70703125,237.70703125,56504.63270568848,4.0488337804462615,32.0,2.2,1478.9,6881.4,0.17689556594859038,14.9,939.1
362,25,lstm,loso,Madinah - Taibah University,24.4846,39.5418,01-11-2017 00:00,4467.8,4746.3984375,278.5984374999998,278.5984374999998,77617.0893774413,6.235696259904199,25.8,2.1,1559.4,5081.5,0.23481756990769326,31.9,941.1
363,25,lstm,loso,Madinah - Taibah University,24.4846,39.5418,01-03-2018 00:00,6500.1,5602.61181640625,-897.4881835937504,897.4881835937504,805485.0396904093,13.807298096856208,27.9,2.0,1970.9,6658.6,0.22839098441392897,17.7,939.6
364,25,lstm,loso,Madinah - Taibah University,24.4846,39.5418,01-04-2018 00:00,7350.0,6695.28271484375,-654.71728515625,654.71728515625,428654.7234823704,8.907718165391158,28.9,2.5,2356.2,6789.1,0.25764053666910874,17.9,937.0
365,25,lstm,loso,Madinah - Taibah University,24.4846,39.5418,01-05-2018 00:00,7147.6,6776.33349609375,-371.26650390625036,371.26650390625036,137838.81692276982,5.194282051405372,33.4,2.7,3111.0,5224.7,0.3732140072219489,14.6,936.4
366,25,lstm,loso,Madinah - Taibah University,24.4846,39.5418,01-06-2018 00:00,7666.6,7013.3466796875,-653.2533203125004,653.2533203125004,426739.9004993062,8.520769575985447,37.1,2.8,2342.5,7021.4,0.25016285949230554,9.8,934.3
367,25,lstm,loso,Madinah - Taibah University,24.4846,39.5418,01-12-2018 00:00,4058.1,4691.76318359375,633.6631835937501,633.6631835937501,401529.03024216666,15.61477498321259,20.6,1.8,1306.6,5278.1,0.19842969307637398,43.9,943.0
368,25,lstm,loso,Madinah - Taibah University,24.4846,39.5418,01-01-2019 00:00,3951.3,4419.439453125,468.1394531249998,468.1394531249998,219154.5475721739,11.84773247095892,20.2,2.0,1825.2,3850.2,0.32159847764034255,43.2,942.5
369,25,lstm,loso,Madinah - Taibah University,24.4846,39.5418,01-02-2019 00:00,4928.8,5034.78515625,105.98515624999982,105.98515624999982,11232.853345336876,2.1503237349861997,19.7,2.3,1636.1,5366.0,0.23365847388640548,34.2,942.0
370,25,lstm,loso,Madinah - Taibah University,24.4846,39.5418,01-03-2019 00:00,6546.7,6279.56103515625,-267.1389648437498,267.1389648437498,71363.22653779021,4.080513309663645,22.0,2.5,1678.1,7233.4,0.1883072434494754,23.0,940.4
371,25,lstm,loso,Madinah - Taibah University,24.4846,39.5418,01-04-2019 00:00,6879.1,6800.73095703125,-78.36904296875036,78.36904296875036,6141.70689583784,1.139233954568917,27.1,2.5,2332.0,6259.7,0.2714247471396813,20.0,938.6
372,25,lstm,loso,Madinah - Taibah University,24.4846,39.5418,01-05-2019 00:00,6784.8,6586.7919921875,-198.00800781250018,198.00800781250018,39207.171157875135,2.918405963514034,33.7,2.4,2539.7,5503.5,0.31575740998607515,15.4,937.1
373,25,lstm,loso,Madinah - Taibah University,24.4846,39.5418,01-07-2019 00:00,7652.5,7360.3369140625,-292.1630859375,292.1630859375,85359.26878452301,3.8178776339431555,36.6,3.0,2073.5,7454.2,0.2176285987174239,12.1,932.9
374,25,lstm,loso,Madinah - Taibah University,24.4846,39.5418,01-11-2019 00:00,4642.0,4613.7626953125,-28.2373046875,28.2373046875,797.3453760147095,0.6083004025743214,25.4,2.0,1378.9,5787.4,0.19241449562535762,31.5,940.6
375,25,lstm,loso,Madinah - Taibah University,24.4846,39.5418,01-09-2020 00:00,6649.2,6781.62353515625,132.42353515625018,132.42353515625018,17535.992663278626,1.991570943214976,36.4,2.1,2010.6,6596.9,0.2335869880917804,9.2,936.0
376,25,lstm,loso,Madinah - Taibah University,24.4846,39.5418,01-01-2021 00:00,4856.0,4933.328125,77.328125,77.328125,5979.638916015625,1.5924243204283361,20.3,2.0,1812.8,5565.0,0.24571010328282142,31.5,943.0
377,25,lstm,loso,Madinah - Taibah University,24.4846,39.5418,01-04-2021 00:00,7540.0,6534.5947265625,-1005.4052734375,1005.4052734375,1010839.7638559341,13.33428744612069,29.8,2.6,2805.7,6357.5,0.3061921599441243,15.7,939.1
378,25,lstm,loso,Madinah - Taibah University,24.4846,39.5418,01-10-2021 00:00,5769.9,5964.30126953125,194.40126953125036,194.40126953125036,37791.85359536185,3.36923117439211,32.9,1.7,1698.3,6348.0,0.2110659557809179,12.4,939.3
468,26,lstm,loso,Mahd ad Dahab,23.419423,40.743138,01-04-2021 00:00,6614.9,6573.3037109375,-41.596289062499636,41.596289062499636,1730.251263771027,0.628827178982292,26.5,3.3,2715.3,5076.9,0.3484638484638485,25.5,904.0
469,26,lstm,loso,Mahd ad Dahab,23.419423,40.743138,01-07-2021 00:00,6812.8,6712.59521484375,-100.20478515625018,100.20478515625018,10040.998968210257,1.4708311583526623,34.7,4.2,3481.0,4221.5,0.4519311911716975,20.9,897.5
470,26,lstm,loso,Mahd ad Dahab,23.419423,40.743138,01-08-2021 00:00,6508.0,6879.4677734375,371.4677734375,371.4677734375,137988.30670261383,5.707863759027351,34.7,3.3,2185.4,5636.9,0.27938074479373076,19.4,899.4
471,26,lstm,loso,Mahd ad Dahab,23.419423,40.743138,01-09-2021 00:00,6019.7,6866.0888671875,846.3888671875002,846.3888671875002,716374.1144989398,14.060316414231611,32.8,2.9,2329.5,4973.0,0.31900034234851077,19.1,900.9
472,26,lstm,loso,Mahd ad Dahab,23.419423,40.743138,01-10-2021 00:00,5795.7,6242.953125,447.2531250000002,447.2531250000002,200035.3578222658,7.7169819866452745,28.6,2.4,1604.5,6522.6,0.1974258960760911,20.4,904.8
473,26,lstm,loso,Mahd ad Dahab,23.419423,40.743138,01-11-2021 00:00,4780.9,5104.98486328125,324.08486328125036,324.08486328125036,105030.99860802674,6.7787417281526565,22.7,2.5,1246.2,6306.3,0.1650049652432969,29.0,905.9
474,26,lstm,loso,Mahd ad Dahab,23.419423,40.743138,01-12-2021 00:00,4056.8,4683.32568359375,626.5256835937498,626.5256835937498,392534.4322026155,15.44383956797845,18.5,2.6,1470.4,5001.9,0.2271835359918422,40.9,906.8
1320,27,lstm,loso,Majmaah - University,25.85891,45.41889,01-01-2017 00:00,4179.1,4423.173828125,244.07382812499964,244.07382812499964,59572.033575591864,5.840344287645656,14.0,3.1,1611.9,4846.9,0.2495664829380071,40.7,936.6
1321,27,lstm,loso,Majmaah - University,25.85891,45.41889,01-02-2017 00:00,4783.2,4751.1494140625,-32.05058593749982,32.05058593749982,1027.2400589370611,0.6700657705615449,12.6,3.3,1949.1,4732.1,0.2917290307130455,39.6,937.0
1322,27,lstm,loso,Majmaah - University,25.85891,45.41889,01-03-2017 00:00,4958.5,5012.73046875,54.23046875,54.23046875,2940.9437408447266,1.0936869769083393,20.4,4.2,2868.3,3001.6,0.488645462443994,40.8,932.1
1323,27,lstm,loso,Majmaah - University,25.85891,45.41889,01-04-2017 00:00,6331.3,6313.9677734375,-17.332226562500182,17.332226562500182,300.4060776138369,0.2737546248400831,27.1,3.7,3386.2,3876.1,0.4662710160692894,25.8,932.5
1324,27,lstm,loso,Majmaah - University,25.85891,45.41889,01-05-2017 00:00,6955.8,6764.4453125,-191.35468750000018,191.35468750000018,36616.616428222726,2.75100905000144,32.4,3.3,3634.7,4113.2,0.4691206649543747,19.4,929.8
1325,27,lstm,loso,Majmaah - University,25.85891,45.41889,01-06-2017 00:00,7907.4,7608.6083984375,-298.79160156249964,298.79160156249964,89276.42116428353,3.778632692952167,34.9,3.0,2535.3,7085.1,0.2635337408007983,10.0,926.7
1326,27,lstm,loso,Majmaah - University,25.85891,45.41889,01-09-2017 00:00,6766.3,6811.33544921875,45.03544921874982,45.03544921874982,2028.1916863345937,0.6655845767812515,32.7,2.5,2161.9,6542.7,0.24836293454035796,10.3,929.3
1327,27,lstm,loso,Majmaah - University,25.85891,45.41889,01-10-2017 00:00,5844.2,5688.99072265625,-155.20927734374982,155.20927734374982,24089.91977356905,2.6557831241872254,28.1,2.7,1768.2,6498.1,0.21390464899652806,15.7,932.9
1328,27,lstm,loso,Majmaah - University,25.85891,45.41889,01-11-2017 00:00,4333.5,4571.3193359375,237.8193359375,237.8193359375,56558.03654575348,5.4879274475020186,20.3,2.8,1633.2,4861.8,0.2514549653579677,34.6,935.5
1329,27,lstm,loso,Majmaah - University,25.85891,45.41889,01-03-2018 00:00,6130.1,6224.958984375,94.85898437499964,94.85898437499964,8998.226916656426,1.5474296402179348,23.7,3.4,2598.0,5142.9,0.3356198891601752,26.2,933.4
1330,27,lstm,loso,Majmaah - University,25.85891,45.41889,01-04-2018 00:00,6129.9,5459.74365234375,-670.1563476562496,670.1563476562496,449109.5303039641,10.932582059352512,24.4,3.7,3363.6,3562.8,0.48562023562023565,39.6,930.6
1331,27,lstm,loso,Majmaah - University,25.85891,45.41889,01-05-2018 00:00,7065.5,6423.88037109375,-641.61962890625,641.61962890625,411675.74819779396,9.081022275935885,30.8,3.7,3902.2,3921.6,0.49876019325647386,21.9,929.4
1332,27,lstm,loso,Majmaah - University,25.85891,45.41889,01-06-2018 00:00,7908.9,7376.27392578125,-532.6260742187496,532.6260742187496,283690.534937677,6.7345152197998415,35.1,3.3,2888.6,6422.5,0.31023187378505224,13.7,926.0
1333,27,lstm,loso,Majmaah - University,25.85891,45.41889,01-07-2018 00:00,7835.9,7253.46826171875,-582.4317382812496,582.4317382812496,339226.7297573181,7.432863337730825,35.6,3.4,2710.9,6677.0,0.28876532557867046,12.5,923.8
1334,27,lstm,loso,Majmaah - University,25.85891,45.41889,01-08-2018 00:00,7566.4,7368.201171875,-198.19882812499964,198.19882812499964,39282.775470123146,2.6194600883511265,34.7,3.0,2030.7,7539.3,0.21219435736677117,13.9,925.3
1335,27,lstm,loso,Majmaah - University,25.85891,45.41889,01-09-2018 00:00,6466.1,6752.98291015625,286.88291015624964,286.88291015624964,82301.8041397188,4.436722447166757,34.3,2.5,2471.2,5573.8,0.307172156619018,13.8,929.3
1336,27,lstm,loso,Majmaah - University,25.85891,45.41889,01-10-2018 00:00,5257.5,5135.3837890625,-122.1162109375,122.1162109375,14912.368973731995,2.3227049155967667,26.7,2.5,2007.8,5048.0,0.2845602199608832,30.6,934.6
1337,27,lstm,loso,Majmaah - University,25.85891,45.41889,01-11-2018 00:00,3507.4,4154.828125,647.4281249999999,647.4281249999999,419163.17704101553,18.45891899982893,18.2,3.0,1777.1,3202.3,0.35689038840020887,73.9,936.1
1338,27,lstm,loso,Majmaah - University,25.85891,45.41889,01-12-2018 00:00,3834.7,4196.25341796875,361.5534179687502,361.5534179687502,130720.87404488577,9.428466841441317,16.0,2.8,1580.7,4396.7,0.26444608023555394,63.4,937.4
1339,27,lstm,loso,Majmaah - University,25.85891,45.41889,01-01-2019 00:00,3751.2,4225.02001953125,473.8200195312502,473.8200195312502,224505.4109085943,12.631158550097307,15.9,3.4,2300.2,2693.9,0.4605834885164493,45.9,936.6
1340,27,lstm,loso,Majmaah - University,25.85891,45.41889,01-02-2019 00:00,4669.5,4979.1953125,309.6953125,309.6953125,95911.18658447266,6.632301370596423,15.1,3.1,1931.1,4659.4,0.29301266975191564,50.2,935.6
1341,27,lstm,loso,Majmaah - University,25.85891,45.41889,01-03-2019 00:00,6289.7,6226.20751953125,-63.49248046874982,63.49248046874982,4031.295076074577,1.0094675496247807,18.6,3.7,2521.7,5628.1,0.3094186360401482,34.0,933.0
1342,27,lstm,loso,Majmaah - University,25.85891,45.41889,01-04-2019 00:00,6665.8,6543.279296875,-122.52070312500018,122.52070312500018,15011.322694244429,1.8380494933091327,22.9,3.5,2687.9,5345.6,0.3345864193688928,37.5,931.8
1343,27,lstm,loso,Majmaah - University,25.85891,45.41889,01-05-2019 00:00,7049.7,6922.87255859375,-126.82744140624982,126.82744140624982,16085.19989365573,1.7990473552952584,31.1,3.2,3170.8,4996.2,0.3882453777396841,23.5,930.0
1344,27,lstm,loso,Majmaah - University,25.85891,45.41889,01-06-2019 00:00,7681.9,7502.0380859375,-179.86191406249964,179.86191406249964,32350.308130226003,2.341372760156988,35.7,2.7,2665.1,6546.3,0.2893262696224244,12.5,926.9
1345,27,lstm,loso,Majmaah - University,25.85891,45.41889,01-07-2019 00:00,7979.4,7465.11572265625,-514.2842773437496,514.2842773437496,264488.3179229828,6.445149727344783,35.7,3.0,2278.9,7614.0,0.23035712480667955,12.5,924.1
1346,27,lstm,loso,Majmaah - University,25.85891,45.41889,01-08-2019 00:00,7647.6,7203.91796875,-443.68203125000036,443.68203125000036,196853.7448541263,5.801585219546006,35.2,3.3,2120.6,7502.3,0.2203701586839726,12.7,925.4
1347,27,lstm,loso,Majmaah - University,25.85891,45.41889,01-09-2019 00:00,6796.3,6834.1279296875,37.82792968749982,37.82792968749982,1430.95226444243,0.5565959373114756,33.4,2.3,2047.6,6776.3,0.23205158716667235,15.0,928.7
1348,27,lstm,loso,Majmaah - University,25.85891,45.41889,01-10-2019 00:00,5595.0,5734.3291015625,139.3291015625,139.3291015625,19412.59854221344,2.4902431021000893,29.0,2.5,1924.1,5750.9,0.25069706840390876,26.0,932.5
1349,27,lstm,loso,Majmaah - University,25.85891,45.41889,01-11-2019 00:00,3986.5,4435.8310546875,449.3310546875,449.3310546875,201898.39670658112,11.27131706227267,20.0,2.6,1744.2,4032.4,0.301942319011183,49.9,935.5
1350,27,lstm,loso,Majmaah - University,25.85891,45.41889,01-12-2019 00:00,4336.2,4699.18359375,362.9835937500002,362.9835937500002,131757.08933166516,8.371006728241321,16.1,2.8,1230.7,6304.0,0.1633376245902292,45.6,936.0
1351,27,lstm,loso,Majmaah - University,25.85891,45.41889,01-01-2020 00:00,4748.2,4890.935546875,142.73554687500018,142.73554687500018,20373.436341705376,3.0060980345183475,12.9,2.7,1206.0,6848.5,0.14972996461605315,40.3,936.7
1352,27,lstm,loso,Majmaah - University,25.85891,45.41889,01-02-2020 00:00,5303.0,5524.361328125,221.361328125,221.361328125,49000.837589263916,4.174266040448803,17.0,2.7,2049.9,5507.8,0.27123331172182014,31.2,936.0
1353,27,lstm,loso,Majmaah - University,25.85891,45.41889,01-03-2020 00:00,6373.3,6203.75634765625,-169.54365234375018,169.54365234375018,28745.050050058428,2.6602176634357426,20.6,2.9,2846.5,5154.7,0.35575913612958054,26.9,932.4
1354,27,lstm,loso,Majmaah - University,25.85891,45.41889,01-04-2020 00:00,7018.7,6779.76708984375,-238.93291015624982,238.93291015624982,57088.93555573455,3.404233122319658,25.8,3.6,3119.7,5160.7,0.3767571614897831,31.5,930.7
1355,27,lstm,loso,Majmaah - University,25.85891,45.41889,01-05-2020 00:00,7073.8,6880.6669921875,-193.13300781250018,193.13300781250018,37300.35870670326,2.7302582460982805,30.8,2.6,3267.9,4921.1,0.39905971425082426,17.8,930.6
1356,27,lstm,loso,Majmaah - University,25.85891,45.41889,01-09-2020 00:00,6787.4,6869.12451171875,81.72451171875036,81.72451171875036,6678.895815668166,1.2040621109519163,32.8,1.8,2086.8,6745.1,0.23627984918307496,13.6,928.9
1357,27,lstm,loso,Majmaah - University,25.85891,45.41889,01-10-2020 00:00,6164.0,6089.39453125,-74.60546875,74.60546875,5565.975967407227,1.2103418032122,25.4,1.5,1186.7,8279.5,0.1253618136105301,16.4,934.1
1358,27,lstm,loso,Majmaah - University,25.85891,45.41889,01-11-2020 00:00,4415.4,4793.07861328125,377.67861328125036,377.67861328125036,142641.13493004825,8.553667012756499,21.3,2.4,1622.1,5097.0,0.24141626110639816,39.5,935.3
1359,27,lstm,loso,Majmaah - University,25.85891,45.41889,01-12-2020 00:00,3855.8,4381.8876953125,526.0876953124998,526.0876953124998,276768.26315921766,13.644060773704544,15.0,2.1,1507.5,4625.1,0.24581743469327852,58.6,937.6
1360,27,lstm,loso,Majmaah - University,25.85891,45.41889,01-01-2021 00:00,4355.3,4350.6787109375,-4.621289062500182,4.621289062500182,21.35631259918381,0.1061072500746259,14.5,2.0,1537.6,5340.9,0.22353710838118773,46.1,937.7
1361,27,lstm,loso,Majmaah - University,25.85891,45.41889,01-02-2021 00:00,4928.3,5002.9228515625,74.62285156249982,74.62285156249982,5568.569975318882,1.5141702323823594,16.1,2.5,1963.9,5057.5,0.27970205372148005,44.0,936.1
1362,27,lstm,loso,Majmaah - University,25.85891,45.41889,01-03-2021 00:00,6328.4,6284.60791015625,-43.792089843749636,43.792089843749636,1917.74713288304,0.6919930763502566,22.7,2.9,2965.9,4796.5,0.3820854374935587,23.9,933.2
1363,27,lstm,loso,Majmaah - University,25.85891,45.41889,01-04-2021 00:00,6740.4,6709.75244140625,-30.647558593749636,30.647558593749636,939.2728477573172,0.45468456758871345,26.8,2.2,3155.4,4764.8,0.39839903032751695,19.4,932.5
1364,27,lstm,loso,Majmaah - University,25.85891,45.41889,01-05-2021 00:00,7892.9,7506.2890625,-386.61093749999964,386.61093749999964,149468.01699462862,4.898211525548273,32.7,2.1,2866.7,6559.5,0.3041204302900426,12.9,928.5
1365,27,lstm,loso,Majmaah - University,25.85891,45.41889,01-07-2021 00:00,7874.2,7574.7412109375,-299.4587890624998,299.4587890624998,89675.56634677877,3.8030376300132054,37.4,2.2,2531.9,7053.2,0.2641495654714088,13.9,922.9
1366,27,lstm,loso,Majmaah - University,25.85891,45.41889,01-08-2021 00:00,7591.7,7269.9609375,-321.7390624999998,321.7390624999998,103516.02433837879,4.238037099727332,35.9,2.0,2223.4,7254.2,0.23459525618299992,12.5,925.6
1367,27,lstm,loso,Majmaah - University,25.85891,45.41889,01-09-2021 00:00,6960.1,7029.732421875,69.63242187499964,69.63242187499964,4848.674176177928,1.0004514572348047,31.9,1.8,1863.0,7363.6,0.20191619881646544,15.6,928.5
1368,27,lstm,loso,Majmaah - University,25.85891,45.41889,01-10-2021 00:00,5851.7,5712.89599609375,-138.80400390624982,138.80400390624982,19266.551500406214,2.372028708003654,28.6,1.8,1752.6,6505.0,0.21224084479751984,18.9,933.2
1369,27,lstm,loso,Majmaah - University,25.85891,45.41889,01-11-2021 00:00,4731.8,4817.00830078125,85.20830078124982,85.20830078124982,7260.454522027939,1.8007587129897675,21.1,1.4,1544.8,5806.2,0.21014827914569445,31.7,935.6
1370,27,lstm,loso,Majmaah - University,25.85891,45.41889,01-12-2021 00:00,3769.1,4226.9052734375,457.8052734375001,457.8052734375001,209585.66838718424,12.14627559463798,16.0,1.7,1762.6,3957.5,0.3081414660582857,39.9,937.0
883,28,lstm,loso,Makkah - UQU,21.331,39.949,01-01-2017 00:00,4250.1,4562.4970703125,312.39707031249964,312.39707031249964,97591.92953983284,7.350346352144646,25.2,2.2,1664.4,4531.1,0.26864659833750304,50.6,979.9
884,28,lstm,loso,Makkah - UQU,21.331,39.949,01-03-2018 00:00,6678.2,6474.62744140625,-203.57255859374982,203.57255859374982,41441.7866124057,3.0483147943120876,29.5,2.4,2243.4,6226.5,0.2648673538058301,31.1,976.4
885,28,lstm,loso,Makkah - UQU,21.331,39.949,01-04-2018 00:00,6886.4,6579.53173828125,-306.86826171874964,306.86826171874964,94168.13005028703,4.456149246612884,30.8,2.6,2751.8,5487.3,0.3339927904746878,31.7,974.3
886,28,lstm,loso,Makkah - UQU,21.331,39.949,01-05-2018 00:00,7479.2,7116.0361328125,-363.1638671874998,363.1638671874998,131887.99443058,4.855651235259116,35.1,2.9,3080.4,5602.1,0.3547826086956522,21.8,972.7
887,28,lstm,loso,Makkah - UQU,21.331,39.949,01-06-2018 00:00,7310.5,7107.4677734375,-203.0322265625,203.0322265625,41222.08502292633,2.7772686760481498,36.7,2.7,3313.7,5070.5,0.39523150688199227,21.8,970.5
888,28,lstm,loso,Makkah - UQU,21.331,39.949,01-07-2018 00:00,7288.7,7010.6630859375,-278.0369140624998,278.0369140624998,77304.5255813979,3.8146296879073063,36.3,2.7,3111.1,5304.7,0.3696737089759738,21.9,970.7
889,28,lstm,loso,Makkah - UQU,21.331,39.949,01-08-2018 00:00,6950.1,6797.93603515625,-152.16396484375036,152.16396484375036,23153.872196970096,2.189378064254476,36.0,2.8,2721.4,5482.6,0.3317162359824476,24.3,971.0
890,28,lstm,loso,Makkah - UQU,21.331,39.949,01-02-2020 00:00,3893.2,4423.150390625,529.9503906250002,529.9503906250002,280847.4165235903,13.612205656657766,24.2,2.4,1823.6,3176.5,0.36471270574588505,44.3,979.7
891,28,lstm,loso,Makkah - UQU,21.331,39.949,01-03-2020 00:00,5865.7,5674.111328125,-191.58867187499982,191.58867187499982,36706.21919082635,3.266254187479752,27.3,2.4,2373.9,4809.8,0.33045645001879254,33.4,976.3
892,28,lstm,loso,Makkah - UQU,21.331,39.949,01-04-2020 00:00,6403.0,6699.40625,296.40625,296.40625,87856.6650390625,4.6291777291894425,30.5,2.4,2255.5,5559.8,0.28860056555730423,29.6,975.3
893,28,lstm,loso,Makkah - UQU,21.331,39.949,01-05-2020 00:00,6591.3,6618.3251953125,27.025195312499818,27.025195312499818,730.3611816787621,0.4100131281006754,34.8,2.4,2609.2,5162.5,0.33573092116267994,23.1,973.9
894,28,lstm,loso,Makkah - UQU,21.331,39.949,01-10-2020 00:00,5902.6,6468.8681640625,566.2681640624996,566.2681640624996,320659.63363071403,9.593537831845282,32.4,1.6,1686.9,6382.7,0.20904381877664321,29.7,975.5
895,28,lstm,loso,Makkah - UQU,21.331,39.949,01-11-2020 00:00,4337.1,4604.263671875,267.16367187499964,267.16367187499964,71376.42756973248,6.159961077102202,28.2,1.4,1719.9,4421.1,0.2800683927699072,48.5,977.9
896,28,lstm,loso,Makkah - UQU,21.331,39.949,01-12-2020 00:00,4176.4,4588.7939453125,412.39394531250036,412.39394531250036,170068.76613040955,9.874388116859027,26.2,1.5,1694.1,4523.4,0.27247285886610373,44.5,979.0
897,28,lstm,loso,Makkah - UQU,21.331,39.949,01-01-2021 00:00,4565.6,4610.4453125,44.845312499999636,44.845312499999636,2011.1020532226237,0.9822435714911432,25.0,1.7,1817.5,4750.3,0.2767288894302506,46.3,979.2
898,28,lstm,loso,Makkah - UQU,21.331,39.949,01-02-2021 00:00,4889.0,4811.2470703125,-77.7529296875,77.7529296875,6045.518074989319,1.590364689865003,24.5,1.9,1934.3,4678.4,0.2925128918596035,43.5,978.6
899,28,lstm,loso,Makkah - UQU,21.331,39.949,01-03-2021 00:00,6393.8,6716.40771484375,322.6077148437498,322.6077148437498,104075.7376767062,5.045633501888545,29.1,1.8,2538.4,5233.3,0.3266209452243396,33.2,976.3
900,28,lstm,loso,Makkah - UQU,21.331,39.949,01-05-2021 00:00,7485.0,6191.845703125,-1293.154296875,1293.154296875,1672248.0355262756,17.276610512692052,34.6,2.0,2709.8,5090.8,0.34738353459990257,26.3,972.9
901,28,lstm,loso,Makkah - UQU,21.331,39.949,01-07-2021 00:00,6611.6,6441.15966796875,-170.44033203125036,170.44033203125036,29049.90678292287,2.577898421429765,35.7,2.4,3277.3,4124.0,0.4428005890857012,25.6,969.5
902,28,lstm,loso,Makkah - UQU,21.331,39.949,01-09-2021 00:00,5954.7,6141.337890625,186.63789062500018,186.63789062500018,34833.70221694953,3.134295440996191,34.9,2.1,2873.8,4043.6,0.4154451094341805,34.2,971.5
903,28,lstm,loso,Makkah - UQU,21.331,39.949,01-10-2021 00:00,5698.0,5790.6416015625,92.6416015625,92.6416015625,8582.466340065002,1.625861733283608,33.1,1.8,1969.6,5525.6,0.26278151350197454,33.1,975.3
904,28,lstm,loso,Makkah - UQU,21.331,39.949,01-11-2021 00:00,4622.3,5486.205078125,863.9050781249998,863.9050781249998,746331.9840101621,18.689939599874517,28.7,1.5,2303.9,3887.6,0.37210692077848667,43.1,977.6
905,28,lstm,loso,Makkah - UQU,21.331,39.949,01-12-2021 00:00,4094.5,4459.734375,365.234375,365.234375,133396.14868164062,8.920121504457198,25.9,1.8,1703.2,4285.1,0.28442128817861495,47.7,979.4
1164,29,lstm,loso,Najran - University,17.63228,44.53735,01-01-2017 00:00,5782.0,5440.20361328125,-341.79638671875,341.79638671875,116824.7699739933,5.911386833599965,20.0,1.7,1286.2,7774.0,0.14196154610273504,25.2,885.4
1165,29,lstm,loso,Najran - University,17.63228,44.53735,01-02-2017 00:00,5517.5,5676.19384765625,158.69384765625,158.69384765625,25183.737283945084,2.876191167308564,19.3,2.2,2425.5,4577.2,0.34636640153083814,33.4,884.7
1166,29,lstm,loso,Najran - University,17.63228,44.53735,01-03-2017 00:00,6515.7,6443.609375,-72.09062499999982,72.09062499999982,5197.058212890599,1.1064141228110538,26.1,2.2,2536.9,5407.0,0.31935195558856483,29.7,881.4
1167,29,lstm,loso,Najran - University,17.63228,44.53735,01-04-2017 00:00,7486.0,7253.2919921875,-232.7080078125,232.7080078125,54153.01690006256,3.1085761129107667,28.2,2.2,2597.4,6505.3,0.2853439089500917,15.8,882.4
1168,29,lstm,loso,Najran - University,17.63228,44.53735,01-05-2017 00:00,7278.9,6776.783203125,-502.11679687499964,502.11679687499964,252121.27770400964,6.898251066438606,31.1,2.3,3150.9,5212.9,0.37673067266075233,21.0,880.9
1169,29,lstm,loso,Najran - University,17.63228,44.53735,01-06-2017 00:00,7522.5,7212.5712890625,-309.9287109375,309.9287109375,96055.80586338043,4.120022744267198,33.5,2.1,3465.6,5206.2,0.3996402131045458,10.1,878.2
1170,29,lstm,loso,Najran - University,17.63228,44.53735,01-09-2017 00:00,7352.4,6598.802734375,-753.5972656249996,753.5972656249996,567908.8387574763,10.249677188741087,30.8,2.2,2186.3,7026.5,0.23731113233761728,13.5,879.8
1171,29,lstm,loso,Najran - University,17.63228,44.53735,01-10-2017 00:00,6898.2,6282.2158203125,-615.9841796874998,615.9841796874998,379436.5096252821,8.929636422363803,25.9,1.9,1430.4,8301.3,0.14698356916057834,18.0,883.4
1172,29,lstm,loso,Najran - University,17.63228,44.53735,01-11-2017 00:00,5964.5,5858.181640625,-106.318359375,106.318359375,11303.59354019165,1.7825192283510771,21.3,1.8,1290.5,7865.8,0.14094120987735223,30.8,885.0
1173,29,lstm,loso,Najran - University,17.63228,44.53735,01-03-2018 00:00,7078.5,5928.02490234375,-1150.47509765625,1150.47509765625,1323592.950327158,16.253091723617292,24.3,2.2,1944.5,7299.1,0.21036176381496385,21.3,883.1
1174,29,lstm,loso,Najran - University,17.63228,44.53735,01-04-2018 00:00,6781.6,6884.423828125,102.82382812499964,102.82382812499964,10572.739630279466,1.5162178265453525,26.8,2.0,3338.2,4304.0,0.43681138939048963,35.7,881.1
1175,29,lstm,loso,Najran - University,17.63228,44.53735,01-05-2018 00:00,8046.4,7249.7265625,-796.6734374999996,796.6734374999996,634688.5660180658,9.900992213909323,30.4,2.4,3251.0,6126.8,0.3466697946213398,20.4,880.1
1176,29,lstm,loso,Najran - University,17.63228,44.53735,01-06-2018 00:00,7486.6,7472.73681640625,-13.863183593750364,13.863183593750364,192.18785935402926,0.18517329086301343,33.5,2.5,4190.2,4106.1,0.5050685245229801,15.8,877.8
1177,29,lstm,loso,Najran - University,17.63228,44.53735,01-07-2018 00:00,7172.9,7033.19140625,-139.70859374999964,139.70859374999964,19518.49116760244,1.9477281678261182,34.5,2.8,4208.9,3609.7,0.5383188806180135,16.3,876.1
1178,29,lstm,loso,Najran - University,17.63228,44.53735,01-08-2018 00:00,7150.9,7136.4853515625,-14.414648437499636,14.414648437499636,207.78208957671072,0.2015781011830628,33.9,2.6,3639.1,4356.4,0.4551435182290038,17.5,876.5
1179,29,lstm,loso,Najran - University,17.63228,44.53735,01-09-2018 00:00,7522.8,6688.576171875,-834.2238281250002,834.2238281250002,695929.3954115298,11.089272985125222,31.1,2.3,2429.9,6918.0,0.25994073535232515,15.2,880.1
1180,29,lstm,loso,Najran - University,17.63228,44.53735,01-10-2018 00:00,6618.4,5956.0771484375,-662.3228515624996,662.3228515624996,438671.5597018809,10.007295593534685,25.9,2.1,2020.6,6779.8,0.22960319985455208,32.0,883.9
1181,29,lstm,loso,Najran - University,17.63228,44.53735,01-11-2018 00:00,5677.8,5914.26806640625,236.46806640624982,236.46806640624982,55917.14642991057,4.164783303502233,23.6,1.9,1838.0,6375.2,0.22378610042370817,35.4,884.5
1182,29,lstm,loso,Najran - University,17.63228,44.53735,01-12-2018 00:00,5783.6,6051.95849609375,268.35849609374964,268.35849609374964,72016.28242569904,4.6399905957146,19.9,1.8,1091.4,8418.9,0.11475978675751555,33.9,885.6
1183,29,lstm,loso,Najran - University,17.63228,44.53735,01-01-2019 00:00,5863.7,6601.1865234375,737.4865234375002,737.4865234375002,543886.3722519305,12.577153050761469,20.4,1.8,1886.8,6776.7,0.21778726842500143,31.2,885.6
1184,29,lstm,loso,Najran - University,17.63228,44.53735,01-02-2019 00:00,6352.1,6444.53857421875,92.43857421874964,92.43857421874964,8544.890003595285,1.455244316348131,22.1,2.1,2522.7,5702.1,0.30671870440618615,32.8,884.1
1185,29,lstm,loso,Najran - University,17.63228,44.53735,01-03-2019 00:00,7040.3,6917.1982421875,-123.10175781250018,123.10175781250018,15154.042776527449,1.7485300031603792,25.2,2.3,3158.5,5215.9,0.3771613488727551,24.2,882.3
1186,29,lstm,loso,Najran - University,17.63228,44.53735,01-04-2019 00:00,6897.5,6466.04248046875,-431.45751953125,431.45751953125,186155.59116005898,6.255273933037333,27.7,2.2,3202.8,4689.7,0.4058029775102946,30.3,881.6
1187,29,lstm,loso,Najran - University,17.63228,44.53735,01-05-2019 00:00,7130.1,6731.40966796875,-398.69033203125036,398.69033203125036,158953.98085518865,5.5916513377266845,29.3,2.2,2986.3,5303.9,0.36022050131480543,30.6,881.5
1188,29,lstm,loso,Najran - University,17.63228,44.53735,01-06-2019 00:00,7670.6,6945.533203125,-725.0667968750004,725.0667968750004,525721.859930573,9.45254343695409,33.6,2.3,3098.2,5848.0,0.3463146363819275,14.8,878.4
1189,29,lstm,loso,Najran - University,17.63228,44.53735,01-07-2019 00:00,7272.5,6784.9677734375,-487.5322265625,487.5322265625,237687.67193698883,6.703777608284634,34.9,2.8,3849.4,4295.5,0.4726147650677111,13.7,876.0
1190,29,lstm,loso,Najran - University,17.63228,44.53735,01-08-2019 00:00,7070.3,7044.30078125,-25.999218750000182,25.999218750000182,675.959375610361,0.3677244070265785,33.4,2.7,3201.5,4958.3,0.39235030270349763,18.6,877.5
1191,29,lstm,loso,Najran - University,17.63228,44.53735,01-09-2019 00:00,7108.8,6594.958984375,-513.8410156250002,513.8410156250002,264032.58933853166,7.228238459725976,31.5,2.3,2532.0,6208.4,0.28968925907281134,19.3,879.5
1192,29,lstm,loso,Najran - University,17.63228,44.53735,01-10-2019 00:00,6696.1,5989.16015625,-706.9398437500004,706.9398437500004,499763.9426812749,10.557486353997108,27.0,2.1,1835.1,7261.1,0.20174358523339414,22.2,882.8
1193,29,lstm,loso,Najran - University,17.63228,44.53735,01-11-2019 00:00,5674.1,4901.0595703125,-773.0404296875004,773.0404296875004,597591.5059314352,13.624018429134141,22.0,2.0,1644.5,6569.2,0.20021427614838622,37.5,884.5
1194,29,lstm,loso,Najran - University,17.63228,44.53735,01-12-2019 00:00,5493.6,5243.41845703125,-250.18154296875036,250.18154296875036,62590.80444222468,4.554054590227726,20.0,1.8,1343.5,7390.3,0.15382765806407292,38.2,885.0
1195,29,lstm,loso,Najran - University,17.63228,44.53735,01-01-2020 00:00,5907.3,5861.95166015625,-45.34833984375018,45.34833984375018,2056.4719265842605,0.7676661053907907,18.5,1.9,1569.5,7353.5,0.1758937577048078,33.1,885.3
1196,29,lstm,loso,Najran - University,17.63228,44.53735,01-02-2020 00:00,6317.6,6589.947265625,272.34726562499964,272.34726562499964,74173.03309341411,4.310929239347215,22.0,2.1,2253.5,6185.2,0.2670435019612025,27.4,884.9
1197,29,lstm,loso,Najran - University,17.63228,44.53735,01-03-2020 00:00,7091.8,6588.998046875,-502.8019531250002,502.8019531250002,252809.8040663149,7.08990599177924,24.9,2.2,3119.6,5320.5,0.3696164737384628,26.0,882.0
1198,29,lstm,loso,Najran - University,17.63228,44.53735,01-04-2020 00:00,7092.1,6697.259765625,-394.84023437500036,394.84023437500036,155898.8106813052,5.567324690500703,28.3,1.8,2923.7,5397.4,0.35135979618079344,35.2,881.0
1199,29,lstm,loso,Najran - University,17.63228,44.53735,01-05-2020 00:00,7241.7,7015.66015625,-226.03984374999982,226.03984374999982,51094.010962524335,3.1213643723158904,33.6,2.2,3215.9,5163.0,0.38380933058038647,23.9,881.1
1200,29,lstm,loso,Najran - University,17.63228,44.53735,01-09-2020 00:00,7666.8,7507.4453125,-159.35468750000018,159.35468750000018,25393.916428222714,2.078503254291232,30.5,2.1,2282.6,7432.1,0.23496350890917886,15.5,879.5
1201,29,lstm,loso,Najran - University,17.63228,44.53735,01-10-2020 00:00,7295.8,6452.0537109375,-843.7462890625002,843.7462890625002,711907.8003067401,11.564822076571454,25.1,1.8,1371.9,9097.3,0.13104153134910024,16.7,883.6
1202,29,lstm,loso,Najran - University,17.63228,44.53735,01-12-2020 00:00,5877.6,5930.91552734375,53.315527343749636,53.315527343749636,2842.545455942115,0.9070968991382475,19.0,1.4,1236.4,8347.2,0.1290120622730498,36.5,885.7
1203,29,lstm,loso,Najran - University,17.63228,44.53735,01-01-2021 00:00,6173.5,6386.22509765625,212.72509765625,212.72509765625,45251.9671728611,3.4457778837976836,17.8,1.6,1484.0,8075.2,0.1552431165787932,28.3,885.7
1204,29,lstm,loso,Najran - University,17.63228,44.53735,01-02-2021 00:00,6579.8,6351.4912109375,-228.30878906250018,228.30878906250018,52124.903163185205,3.469843901980306,20.8,1.9,1926.2,7125.9,0.21279040222710752,30.6,884.3
1205,29,lstm,loso,Najran - University,17.63228,44.53735,01-03-2021 00:00,7761.2,6740.4833984375,-1020.7166015624998,1020.7166015624998,1041862.380705299,13.151530711262433,25.3,1.7,2329.1,7704.3,0.2321346702015269,16.8,882.8
1206,29,lstm,loso,Najran - University,17.63228,44.53735,01-04-2021 00:00,7654.8,6914.77001953125,-740.0299804687502,740.0299804687502,547644.3719925787,9.667528615623533,27.2,1.9,3048.7,6030.8,0.3357784018943774,19.8,882.3
1207,29,lstm,loso,Najran - University,17.63228,44.53735,01-05-2021 00:00,8035.1,7512.939453125,-522.1605468750004,522.1605468750004,272651.63671279943,6.49849469048301,31.9,2.2,3182.8,6322.6,0.3348412481326404,13.3,879.8
1208,29,lstm,loso,Najran - University,17.63228,44.53735,01-07-2021 00:00,7113.9,6832.08740234375,-281.81259765624964,281.81259765624964,79418.34019776323,3.9614360288484467,33.3,2.7,3549.2,4540.4,0.43873615506329117,23.4,875.0
1209,29,lstm,loso,Najran - University,17.63228,44.53735,01-08-2021 00:00,7387.7,6939.2978515625,-448.4021484374998,448.4021484374998,201064.4867233656,6.069577113817559,33.9,2.5,3338.4,5179.2,0.39194139194139194,17.8,877.0
1210,29,lstm,loso,Najran - University,17.63228,44.53735,01-09-2021 00:00,7591.2,7135.052734375,-456.1472656249998,456.1472656249998,208070.32793716414,6.0088953739198,30.9,2.1,2482.8,6939.1,0.2635137286534563,15.1,879.2
1211,29,lstm,loso,Najran - University,17.63228,44.53735,01-10-2021 00:00,7029.5,6374.283203125,-655.216796875,655.216796875,429309.050907135,9.320958771961022,26.9,1.9,1824.4,7831.0,0.1889512604345755,20.8,883.3
1212,29,lstm,loso,Najran - University,17.63228,44.53735,01-11-2021 00:00,6370.7,5705.05908203125,-665.6409179687498,665.6409179687498,443077.83167427994,10.448473762204308,22.5,1.3,1258.6,8607.1,0.12757330954721913,25.3,885.1
1213,29,lstm,loso,Najran - University,17.63228,44.53735,01-12-2021 00:00,5952.6,5361.03271484375,-591.5672851562504,591.5672851562504,349951.8528671364,9.93796467352502,19.0,1.1,1067.6,8876.4,0.10736122284794851,32.0,885.6
92,30,lstm,loso,Osfan - KAU,21.89252,39.2539,01-01-2017 00:00,4327.0,4529.17919921875,202.17919921875,202.17919921875,40876.428596735,4.672502870782297,24.4,2.9,1567.1,4919.9,0.24157545860952673,71.7,1001.7
93,30,lstm,loso,Osfan - KAU,21.89252,39.2539,01-02-2017 00:00,4364.7,4681.19287109375,316.4928710937502,316.4928710937502,100167.73745316517,7.251194150657553,23.8,3.9,2375.4,3136.0,0.4309975686758356,54.7,1001.3
94,30,lstm,loso,Osfan - KAU,21.89252,39.2539,01-03-2017 00:00,5568.6,5793.9873046875,225.38730468749964,225.38730468749964,50799.4371142958,4.0474680294418635,25.9,3.6,2671.2,4086.5,0.395282418574367,64.0,997.8
95,30,lstm,loso,Osfan - KAU,21.89252,39.2539,01-04-2017 00:00,6123.2,6130.17529296875,6.975292968750182,6.975292968750182,48.654711999895724,0.11391581148337768,30.2,3.8,2994.4,4025.6,0.42655270655270655,53.4,996.6
96,30,lstm,loso,Osfan - KAU,21.89252,39.2539,01-05-2017 00:00,6547.2,6319.24609375,-227.95390624999982,227.95390624999982,51962.9833746337,3.4817006697519526,32.7,3.6,2983.5,4517.1,0.39776817854571633,49.6,995.2
97,30,lstm,loso,Osfan - KAU,21.89252,39.2539,01-10-2017 00:00,5653.9,5566.98828125,-86.91171874999964,86.91171874999964,7553.646856079038,1.5371994331346441,30.6,2.7,1764.7,5868.9,0.23117533011947183,72.4,996.7
98,30,lstm,loso,Osfan - KAU,21.89252,39.2539,01-11-2017 00:00,4491.7,4707.2080078125,215.50800781250018,215.50800781250018,46443.70143131264,4.797916330398294,28.1,3.0,1781.3,4614.5,0.27851089777666593,69.8,999.3
99,30,lstm,loso,Osfan - KAU,21.89252,39.2539,01-03-2018 00:00,6460.5,6552.12548828125,91.62548828125,91.62548828125,8395.230102777481,1.418241440774708,28.2,3.2,2231.4,6115.0,0.26734879708616893,49.9,997.8
100,30,lstm,loso,Osfan - KAU,21.89252,39.2539,01-04-2018 00:00,7129.6,6755.958984375,-373.64101562500036,373.64101562500036,139607.60855728175,5.240700959731266,29.4,3.2,2679.4,5946.1,0.31063706451799894,46.2,995.7
101,30,lstm,loso,Osfan - KAU,21.89252,39.2539,01-05-2018 00:00,7282.0,7052.640625,-229.359375,229.359375,52605.722900390625,3.1496755698983794,33.3,3.7,3148.5,5293.3,0.37296548129545837,39.5,993.8
102,30,lstm,loso,Osfan - KAU,21.89252,39.2539,01-06-2018 00:00,7254.0,7231.39697265625,-22.60302734375,22.60302734375,510.8968451023102,0.31159398047628895,33.9,3.3,3114.1,5273.3,0.3712831151489139,46.5,991.6
103,30,lstm,loso,Osfan - KAU,21.89252,39.2539,01-07-2018 00:00,7178.2,7171.59033203125,-6.609667968749818,6.609667968749818,43.68771065711735,0.09207974100400962,34.7,3.0,2931.9,5391.5,0.35224787947233105,44.5,991.7
104,30,lstm,loso,Osfan - KAU,21.89252,39.2539,01-08-2018 00:00,6917.8,6731.86865234375,-185.93134765625018,185.93134765625018,34570.46604126937,2.6877236644055937,34.5,3.2,2527.4,5710.6,0.30679776644816703,51.0,992.0
105,30,lstm,loso,Osfan - KAU,21.89252,39.2539,01-09-2018 00:00,6019.8,5956.447265625,-63.35273437500018,63.35273437500018,4013.5689527893296,1.0524059665603538,33.7,2.9,3098.6,3795.7,0.4494437433822143,64.1,993.4
106,30,lstm,loso,Osfan - KAU,21.89252,39.2539,01-10-2018 00:00,5231.0,5202.46435546875,-28.53564453125,28.53564453125,814.283008813858,0.5455103141129803,31.5,2.7,2130.2,4637.2,0.3147737683600792,59.5,997.4
107,30,lstm,loso,Osfan - KAU,21.89252,39.2539,01-11-2018 00:00,4096.6,4572.00634765625,475.40634765624964,475.40634765624964,226011.19539185488,11.604900348001992,27.7,3.1,1787.2,4049.0,0.30622665432987217,56.0,999.3
108,30,lstm,loso,Osfan - KAU,21.89252,39.2539,01-12-2018 00:00,3975.6,4499.54736328125,523.9473632812501,523.9473632812501,274520.83948937425,13.179076448366287,25.3,3.0,1781.4,4062.4,0.30483589445223996,62.7,1001.6
109,30,lstm,loso,Osfan - KAU,21.89252,39.2539,01-01-2019 00:00,4045.3,4369.55126953125,324.2512695312498,324.2512695312498,105138.88579262722,8.015506131343777,24.7,3.2,2080.9,3446.8,0.3764495178826636,64.3,1001.7
110,30,lstm,loso,Osfan - KAU,21.89252,39.2539,01-02-2019 00:00,4778.0,5120.0283203125,342.0283203125,342.0283203125,116983.3718957901,7.158399336804103,24.5,3.7,2226.6,4016.0,0.35667830711562487,54.3,1000.8
111,30,lstm,loso,Osfan - KAU,21.89252,39.2539,01-03-2019 00:00,6251.3,5618.11572265625,-633.1842773437502,633.1842773437502,400922.32907532714,10.128841638439207,24.9,4.0,2396.7,5632.6,0.2984942647553336,51.1,999.6
112,30,lstm,loso,Osfan - KAU,21.89252,39.2539,01-04-2019 00:00,6915.2,6736.11669921875,-179.08330078124982,179.08330078124982,32070.82861870759,2.589705298201785,28.4,3.6,2699.6,5723.3,0.3205071887354712,48.7,996.9
113,30,lstm,loso,Osfan - KAU,21.89252,39.2539,01-05-2019 00:00,6965.7,6755.0283203125,-210.67167968749982,210.67167968749982,44382.556622352524,3.0244150578908053,33.6,3.1,2870.1,5217.8,0.354863437975247,41.3,994.8
114,30,lstm,loso,Osfan - KAU,21.89252,39.2539,01-06-2019 00:00,7003.8,6728.44482421875,-275.3551757812502,275.3551757812502,75820.47282952319,3.9315111194101795,35.0,3.7,3122.0,4851.0,0.3915715539947322,43.0,992.2
115,30,lstm,loso,Osfan - KAU,21.89252,39.2539,01-07-2019 00:00,7240.6,7001.0361328125,-239.56386718750036,239.56386718750036,57390.84646183031,3.3086189982529124,34.6,3.2,2705.0,5875.9,0.31523499865981425,45.7,990.9
116,30,lstm,loso,Osfan - KAU,21.89252,39.2539,01-08-2019 00:00,6971.0,6527.95068359375,-443.04931640625,443.04931640625,196292.69676804543,6.35560631769115,34.4,3.3,2505.4,5849.7,0.2998647532644732,51.7,992.6
117,30,lstm,loso,Osfan - KAU,21.89252,39.2539,01-09-2019 00:00,6188.8,6029.91845703125,-158.88154296875018,158.88154296875018,25243.34469613081,2.5672431322510048,32.9,3.0,2592.7,4759.2,0.35265713625049305,61.5,992.8
118,30,lstm,loso,Osfan - KAU,21.89252,39.2539,01-10-2019 00:00,5377.9,5906.13671875,528.2367187500004,528.2367187500004,279034.031035767,9.822360377656715,31.6,2.9,2163.3,4866.9,0.3077152854826321,59.4,996.8
119,30,lstm,loso,Osfan - KAU,21.89252,39.2539,01-11-2019 00:00,4634.7,4854.52880859375,219.82880859375018,219.82880859375018,48324.70508774765,4.743107614165969,28.9,2.7,1693.7,5039.4,0.25154832098142016,57.3,998.2
120,30,lstm,loso,Osfan - KAU,21.89252,39.2539,01-12-2019 00:00,4307.9,4555.513671875,247.61367187500036,247.61367187500036,61312.53049942035,5.747897394902397,25.2,3.7,1560.3,5176.9,0.2315947277800867,55.0,1000.8
121,30,lstm,loso,Osfan - KAU,21.89252,39.2539,01-01-2020 00:00,4818.4,4720.599609375,-97.80039062499964,97.80039062499964,9564.916406402517,2.0297275158766324,21.9,4.0,1405.7,6219.5,0.1843492629701516,49.7,1003.4
122,30,lstm,loso,Osfan - KAU,21.89252,39.2539,01-02-2020 00:00,4959.4,5336.0546875,376.65468750000036,376.65468750000036,141868.75361572293,7.594763227406549,23.4,3.5,2221.3,4385.6,0.3362091147134057,56.3,1002.0
123,30,lstm,loso,Osfan - KAU,21.89252,39.2539,01-03-2020 00:00,6308.6,6485.5498046875,176.94980468749964,176.94980468749964,31311.233378944267,2.804898149946099,25.6,3.6,2436.8,5455.8,0.30874490028634416,54.4,998.1
124,30,lstm,loso,Osfan - KAU,21.89252,39.2539,01-09-2020 00:00,6212.3,6293.7265625,81.42656249999982,81.42656249999982,6630.285080566377,1.3107313313909472,34.7,2.8,2468.7,5044.1,0.3285991907145139,56.4,992.0
125,30,lstm,loso,Osfan - KAU,21.89252,39.2539,01-10-2020 00:00,5750.3,6012.4296875,262.1296874999998,262.1296874999998,68711.97306884755,4.558539337078062,32.8,3.1,1698.5,6251.9,0.21363704970819078,45.7,996.6
126,30,lstm,loso,Osfan - KAU,21.89252,39.2539,01-11-2020 00:00,4439.9,4906.84814453125,466.94814453125036,466.94814453125036,218040.56968117747,10.51708697338342,28.3,2.6,1592.7,4940.1,0.24380051432770022,61.0,999.5
127,30,lstm,loso,Osfan - KAU,21.89252,39.2539,01-12-2020 00:00,4033.0,4809.82763671875,776.82763671875,776.82763671875,603461.1771700382,19.26178122287999,26.2,2.1,1688.5,4413.6,0.27670801855099064,58.3,1000.7
128,30,lstm,loso,Osfan - KAU,21.89252,39.2539,01-01-2021 00:00,4348.2,5173.74609375,825.5460937500002,825.5460937500002,681526.352905884,18.985927366496487,25.2,3.3,1805.4,4510.2,0.28586357590727723,58.4,1000.9
129,30,lstm,loso,Osfan - KAU,21.89252,39.2539,01-02-2021 00:00,5016.3,5560.923828125,544.6238281249998,544.6238281249998,296615.11416152935,10.857082473635943,24.5,3.5,1814.4,5131.2,0.26123013130615064,58.0,1000.7
130,30,lstm,loso,Osfan - KAU,21.89252,39.2539,01-03-2021 00:00,6161.8,5959.64501953125,-202.15498046875018,202.15498046875018,40866.636128320766,3.2807780270172704,27.4,3.3,2445.2,5248.1,0.3178349992850922,57.5,997.9
131,30,lstm,loso,Osfan - KAU,21.89252,39.2539,01-04-2021 00:00,6718.8,6471.1875,-247.61250000000018,247.61250000000018,61311.95015625009,3.6853679228433673,29.7,3.4,2720.1,5245.5,0.3414808677312443,50.7,996.7
132,30,lstm,loso,Osfan - KAU,21.89252,39.2539,01-05-2021 00:00,7387.0,6957.8720703125,-429.1279296875,429.1279296875,184150.78003787994,5.809231483518343,32.4,2.7,2251.1,6793.0,0.24890259948474694,53.1,994.1
133,30,lstm,loso,Osfan - KAU,21.89252,39.2539,01-07-2021 00:00,6627.9,6351.1982421875,-276.70175781249964,276.70175781249964,76563.86277652721,4.174802845735447,33.9,3.2,3104.8,4465.3,0.41013989247169785,53.2,990.2
134,30,lstm,loso,Osfan - KAU,21.89252,39.2539,01-08-2021 00:00,6560.8,6537.1953125,-23.604687500000182,23.604687500000182,557.1812719726648,0.3597836772954546,34.7,3.1,2739.0,4890.9,0.3589824244092321,56.1,991.1
135,30,lstm,loso,Osfan - KAU,21.89252,39.2539,01-09-2021 00:00,5972.5,5864.7392578125,-107.7607421875,107.7607421875,11612.377556800842,1.8042819956048555,32.8,3.2,2714.6,4315.4,0.3861450924608819,63.8,992.7
136,30,lstm,loso,Osfan - KAU,21.89252,39.2539,01-10-2021 00:00,5533.7,5625.1064453125,91.40644531250018,91.40644531250018,8355.138244667087,1.651814252895896,31.1,2.5,1853.6,5513.5,0.25160510920172113,65.5,996.5
137,30,lstm,loso,Osfan - KAU,21.89252,39.2539,01-11-2021 00:00,4506.5,4618.29345703125,111.79345703125,111.79345703125,12497.77703499794,2.4807157889992233,28.5,2.5,1386.1,5330.4,0.20637236655996424,62.1,998.9
737,31,lstm,loso,Rania - TVTC,21.21501,42.84853,01-02-2017 00:00,4696.4,4631.69921875,-64.70078124999964,64.70078124999964,4186.191094360304,1.3776676017800793,17.8,3.4,2489.3,3360.3,0.4255504649890591,36.1,912.8
738,31,lstm,loso,Rania - TVTC,21.21501,42.84853,01-03-2017 00:00,5689.1,5792.27490234375,103.17490234374964,103.17490234374964,10645.060473642274,1.813554030404627,24.9,3.8,2849.3,3924.0,0.42066644028759986,33.7,909.1
739,31,lstm,loso,Rania - TVTC,21.21501,42.84853,01-05-2017 00:00,6588.7,6551.95751953125,-36.74248046874982,36.74248046874982,1350.0098709964618,0.5576590293798446,32.0,3.1,3045.4,4398.2,0.40912999086463536,24.7,908.4
740,31,lstm,loso,Rania - TVTC,21.21501,42.84853,01-09-2017 00:00,6773.0,6511.5751953125,-261.4248046875,261.4248046875,68342.92850589752,3.859808130628968,32.2,2.4,2290.2,6135.3,0.27181769627915253,10.7,907.5
741,31,lstm,loso,Rania - TVTC,21.21501,42.84853,01-11-2017 00:00,5252.1,5076.16943359375,-175.93056640625036,175.93056640625036,30951.56419602407,3.3497185203299704,23.2,3.4,1461.4,6553.3,0.18233995034124795,27.3,912.5
742,31,lstm,loso,Rania - TVTC,21.21501,42.84853,01-03-2018 00:00,6647.4,6503.287109375,-144.11289062499964,144.11289062499964,20768.52524429311,2.1679587601919494,25.9,3.7,2201.4,6323.8,0.25822268099282125,21.7,910.6
743,31,lstm,loso,Rania - TVTC,21.21501,42.84853,01-04-2018 00:00,6467.7,6524.27099609375,56.57099609375018,56.57099609375018,3200.2775990390983,0.874669451176619,26.5,3.7,2885.1,4650.2,0.38287792125064696,33.9,908.7
744,31,lstm,loso,Rania - TVTC,21.21501,42.84853,01-05-2018 00:00,7521.3,7170.3037109375,-350.9962890625002,350.9962890625002,123198.39493564618,4.666697101066307,32.2,3.4,3333.3,5330.2,0.3847521209672765,15.8,907.5
745,31,lstm,loso,Rania - TVTC,21.21501,42.84853,01-03-2019 00:00,6513.2,6671.41845703125,158.21845703125018,158.21845703125018,25033.08014534956,2.429196969711512,23.5,4.0,2723.0,5245.0,0.3417419678714859,21.2,910.1
746,31,lstm,loso,Rania - TVTC,21.21501,42.84853,01-04-2019 00:00,6275.2,6323.85107421875,48.65107421875018,48.65107421875018,2366.9270226383387,0.775291213327865,26.6,3.3,2881.5,4203.2,0.4067215266701484,30.5,909.1
747,31,lstm,loso,Rania - TVTC,21.21501,42.84853,01-05-2019 00:00,6095.7,6343.43603515625,247.73603515625018,247.73603515625018,61373.14311493882,4.064111343344492,29.9,3.5,2986.6,3704.0,0.446387468986339,27.3,908.9
748,31,lstm,loso,Rania - TVTC,21.21501,42.84853,01-06-2019 00:00,7328.3,7012.275390625,-316.0246093750002,316.0246093750002,99871.55373062145,4.312386356658436,35.5,3.5,3051.8,5318.3,0.3646073523613816,11.0,905.7
749,31,lstm,loso,Rania - TVTC,21.21501,42.84853,01-08-2019 00:00,7292.2,7204.71484375,-87.48515624999982,87.48515624999982,7653.652564086882,1.1997086784509452,34.7,4.5,2803.0,5779.2,0.3266062315024119,14.6,904.7
750,31,lstm,loso,Rania - TVTC,21.21501,42.84853,01-09-2019 00:00,6885.3,7092.6142578125,207.31425781249982,207.31425781249982,42979.201492347645,3.01096913442406,33.3,2.4,2417.9,6088.5,0.28424480391234835,13.3,906.8
751,31,lstm,loso,Rania - TVTC,21.21501,42.84853,01-10-2019 00:00,6154.9,6372.6689453125,217.76894531250036,217.76894531250036,47423.31354251877,3.5381394549464713,29.1,2.4,1826.4,6564.4,0.21766696858464035,17.7,910.3
752,31,lstm,loso,Rania - TVTC,21.21501,42.84853,01-11-2019 00:00,4930.5,4940.58935546875,10.08935546875,10.08935546875,101.79509377479553,0.20463148704492445,23.2,3.3,1798.3,5284.9,0.2538824260221369,36.1,911.8
753,31,lstm,loso,Rania - TVTC,21.21501,42.84853,01-02-2020 00:00,5547.4,6032.65380859375,485.25380859375036,485.25380859375036,235471.25875474012,8.747409752203742,21.0,3.0,2340.1,4962.5,0.32044751184509623,24.9,912.6
754,31,lstm,loso,Rania - TVTC,21.21501,42.84853,01-03-2020 00:00,6522.9,6573.16357421875,50.263574218750364,50.263574218750364,2526.4268932438263,0.7705709763870421,24.5,3.1,2867.5,5040.8,0.36259373063743155,19.3,909.6
755,31,lstm,loso,Rania - TVTC,21.21501,42.84853,01-04-2020 00:00,6893.6,6862.75,-30.850000000000364,30.850000000000364,951.7225000000225,0.4475165370778746,28.8,2.6,2695.2,5478.2,0.32975261213203805,24.1,908.5
756,31,lstm,loso,Rania - TVTC,21.21501,42.84853,01-05-2020 00:00,6454.6,6690.951171875,236.35117187499964,236.35117187499964,55861.876446685616,3.661747774842742,32.0,2.8,3106.1,4200.3,0.42512044235191065,20.0,908.6
757,31,lstm,loso,Rania - TVTC,21.21501,42.84853,01-09-2020 00:00,7093.5,7476.00390625,382.50390625,382.50390625,146309.2382965088,5.392315588214562,32.2,2.1,2153.8,6819.7,0.2400178302780409,10.8,906.9
758,31,lstm,loso,Rania - TVTC,21.21501,42.84853,01-11-2020 00:00,5419.3,5140.06884765625,-279.2311523437502,279.2311523437502,77970.03643921862,5.1525317355331905,23.5,3.0,1298.6,7125.5,0.15415296589546656,25.1,912.2
759,31,lstm,loso,Rania - TVTC,21.21501,42.84853,01-01-2021 00:00,5111.7,5651.3818359375,539.6818359375002,539.6818359375002,291256.48404087086,10.557776002846415,18.4,2.7,1789.6,5867.5,0.23371772603204866,30.1,913.5
760,31,lstm,loso,Rania - TVTC,21.21501,42.84853,01-04-2021 00:00,6991.2,6701.50927734375,-289.6907226562498,289.6907226562498,83920.71479310025,4.143648052641176,27.9,2.6,2861.2,5265.2,0.3520870250049222,20.4,909.9
761,31,lstm,loso,Rania - TVTC,21.21501,42.84853,01-05-2021 00:00,7704.7,7339.30224609375,-365.3977539062498,365.3977539062498,133515.5185597323,4.742530584010407,33.4,2.4,2755.5,6359.7,0.30229726171669297,10.9,907.0
762,31,lstm,loso,Rania - TVTC,21.21501,42.84853,01-07-2021 00:00,7095.6,6920.501953125,-175.09804687500036,175.09804687500036,30659.326019439824,2.4676989525198767,36.1,4.2,3245.5,4820.7,0.40235798765217823,14.2,902.2
763,31,lstm,loso,Rania - TVTC,21.21501,42.84853,01-08-2021 00:00,7290.2,7194.53076171875,-95.66923828124982,95.66923828124982,9152.603153314556,1.3122992274731806,36.0,3.4,2841.0,5704.4,0.33245956889086525,12.7,904.4
764,31,lstm,loso,Rania - TVTC,21.21501,42.84853,01-10-2021 00:00,6307.4,6586.4677734375,279.06777343750036,279.06777343750036,77878.82217136404,4.4244502241414905,28.6,2.4,1759.3,6942.6,0.2021742378101334,14.5,910.8
630,32,lstm,loso,Riyadh - K.A.CARE City T2,24.52958,46.43635,01-01-2017 00:00,4453.5,4623.265625,169.765625,169.765625,28820.367431640625,3.811959694622207,15.5,4.1,1592.1,5395.1,0.22785951454087472,35.4,915.1
631,32,lstm,loso,Riyadh - K.A.CARE City T2,24.52958,46.43635,01-02-2017 00:00,4382.4,4889.79736328125,507.39736328125036,507.39736328125036,257452.08426476514,11.578070538546239,12.5,4.0,2183.0,3572.6,0.3792827854611161,45.5,915.3
632,32,lstm,loso,Riyadh - K.A.CARE City T2,24.52958,46.43635,01-03-2017 00:00,5313.7,5458.95458984375,145.25458984375018,145.25458984375018,21098.895870676093,2.7335865751500874,19.9,5.0,2812.6,3552.7,0.4418644839991831,40.5,911.5
633,32,lstm,loso,Riyadh - K.A.CARE City T2,24.52958,46.43635,01-04-2017 00:00,6906.3,6762.04150390625,-144.25849609375018,144.25849609375018,20810.513695230537,2.0887956806647576,27.5,4.2,3176.3,4950.9,0.39082340781572994,20.8,912.2
634,32,lstm,loso,Riyadh - K.A.CARE City T2,24.52958,46.43635,01-05-2017 00:00,7135.2,6744.2646484375,-390.9353515624998,390.9353515624998,152830.44910129532,5.478968375974041,32.1,4.1,3651.4,4332.6,0.45733967935871744,19.4,909.9
635,32,lstm,loso,Riyadh - K.A.CARE City T2,24.52958,46.43635,01-06-2017 00:00,8050.4,7529.0849609375,-521.3150390624996,521.3150390624996,271769.36995273555,6.4756414471641115,35.0,4.2,2687.6,7045.4,0.2761327442720641,10.3,906.8
636,32,lstm,loso,Riyadh - K.A.CARE City T2,24.52958,46.43635,01-09-2017 00:00,7016.5,6475.7177734375,-540.7822265625,540.7822265625,292445.4165658951,7.707293188377397,33.0,3.3,2178.3,6788.4,0.24293218240824382,11.4,909.2
637,32,lstm,loso,Riyadh - K.A.CARE City T2,24.52958,46.43635,01-10-2017 00:00,6247.4,6179.76953125,-67.63046874999964,67.63046874999964,4573.8803033446775,1.082537835739662,28.3,3.5,1682.9,7268.5,0.18800411108876824,17.3,913.0
638,32,lstm,loso,Riyadh - K.A.CARE City T2,24.52958,46.43635,01-11-2017 00:00,4778.9,4809.46142578125,30.561425781250364,30.561425781250364,934.0007457828744,0.6395075389995682,20.5,3.7,1551.5,5817.6,0.21054131440745816,36.4,914.9
639,32,lstm,loso,Riyadh - K.A.CARE City T2,24.52958,46.43635,01-03-2018 00:00,6516.1,6633.947265625,117.84726562499964,117.84726562499964,13887.978015289222,1.8085552036494166,23.4,4.2,2321.5,6119.7,0.2750201393166848,24.6,912.7
640,32,lstm,loso,Riyadh - K.A.CARE City T2,24.52958,46.43635,01-04-2018 00:00,6333.4,5754.09033203125,-579.3096679687496,579.3096679687496,335599.69140206295,9.146898474259476,23.9,4.4,3398.0,3732.5,0.47654442184980017,37.1,910.3
641,32,lstm,loso,Riyadh - K.A.CARE City T2,24.52958,46.43635,01-05-2018 00:00,6973.1,6598.3818359375,-374.71816406250036,374.71816406250036,140413.70247837095,5.373767249322401,30.2,4.7,3305.2,4630.5,0.4164975994556246,19.2,909.3
642,32,lstm,loso,Riyadh - K.A.CARE City T2,24.52958,46.43635,01-06-2018 00:00,7410.6,7144.35009765625,-266.24990234375036,266.24990234375036,70889.01049805661,3.5928251739906396,34.9,4.2,2911.6,5774.3,0.33520993794540577,12.7,906.1
643,32,lstm,loso,Riyadh - K.A.CARE City T2,24.52958,46.43635,01-07-2018 00:00,7248.4,6995.5009765625,-252.89902343749964,252.89902343749964,63957.91605564099,3.4890323855954373,35.5,4.1,2646.8,5873.9,0.3106317556069337,11.9,903.8
644,32,lstm,loso,Riyadh - K.A.CARE City T2,24.52958,46.43635,01-08-2018 00:00,6973.3,6699.54296875,-273.7570312500002,273.7570312500002,74942.91215881357,3.925788812327021,34.9,3.8,2200.2,6321.8,0.2581788312602675,13.1,905.2
645,32,lstm,loso,Riyadh - K.A.CARE City T2,24.52958,46.43635,01-09-2018 00:00,6134.3,6475.63916015625,341.3391601562498,341.3391601562498,116512.42225617396,5.56443539044797,34.1,3.8,2148.2,5530.4,0.2797645404110124,14.1,909.3
646,32,lstm,loso,Riyadh - K.A.CARE City T2,24.52958,46.43635,01-10-2018 00:00,4837.2,5241.013671875,403.8136718750002,403.8136718750002,163065.48159317032,8.348087155275783,26.6,3.3,1889.3,4590.4,0.29157214068552556,31.7,914.0
647,32,lstm,loso,Riyadh - K.A.CARE City T2,24.52958,46.43635,01-11-2018 00:00,4170.4,4671.08154296875,500.68154296875036,500.68154296875036,250682.0074695686,12.00560001363779,18.6,4.2,1939.7,3934.5,0.33020666643968544,61.9,914.7
648,32,lstm,loso,Riyadh - K.A.CARE City T2,24.52958,46.43635,01-12-2018 00:00,4232.3,4434.9638671875,202.66386718749982,202.66386718749982,41072.64306339256,4.788504292878573,16.2,4.0,1421.4,5444.5,0.2070231142312006,53.7,915.9
649,32,lstm,loso,Riyadh - K.A.CARE City T2,24.52958,46.43635,01-01-2019 00:00,4320.6,4809.3125,488.71249999999964,488.71249999999964,238839.90765624965,11.311218349303328,16.3,4.2,2091.7,4040.2,0.34111776121593634,38.3,915.5
650,32,lstm,loso,Riyadh - K.A.CARE City T2,24.52958,46.43635,01-02-2019 00:00,5126.5,4755.21142578125,-371.28857421875,371.28857421875,137855.20534539223,7.242535340266263,15.8,4.3,2088.4,5041.8,0.29289500995764495,39.8,914.1
651,32,lstm,loso,Riyadh - K.A.CARE City T2,24.52958,46.43635,01-03-2019 00:00,6260.1,5819.3076171875,-440.79238281250036,440.79238281250036,194297.92474552186,7.041299385193532,18.5,4.7,2449.2,5593.9,0.30450945530951995,29.3,912.0
652,32,lstm,loso,Riyadh - K.A.CARE City T2,24.52958,46.43635,01-04-2019 00:00,6572.3,6134.90869140625,-437.3913085937502,437.3913085937502,191311.1568333532,6.6550721755511795,23.0,4.5,3001.1,4740.9,0.38763885300955825,33.8,911.1
653,32,lstm,loso,Riyadh - K.A.CARE City T2,24.52958,46.43635,01-05-2019 00:00,6652.3,6583.31298828125,-68.98701171875018,68.98701171875018,4759.207785882975,1.0370399969747333,30.0,3.7,3106.9,4519.9,0.40736612996276295,23.2,910.1
654,32,lstm,loso,Riyadh - K.A.CARE City T2,24.52958,46.43635,01-06-2019 00:00,7644.4,7337.67236328125,-306.72763671874964,306.72763671874964,94081.84312706925,4.012448808523228,35.7,3.7,2665.4,6523.1,0.2900799912934647,12.2,907.0
655,32,lstm,loso,Riyadh - K.A.CARE City T2,24.52958,46.43635,01-07-2019 00:00,8069.1,7441.23095703125,-627.8690429687504,627.8690429687504,394219.5351184945,7.781153325262425,35.8,4.2,2377.9,7498.8,0.24075855295797177,11.8,904.2
656,32,lstm,loso,Riyadh - K.A.CARE City T2,24.52958,46.43635,01-08-2019 00:00,7727.3,7286.5283203125,-440.7716796875002,440.7716796875002,194279.67361454025,5.704083958012504,35.2,3.8,2122.5,7538.9,0.21968865795847395,12.1,905.5
657,32,lstm,loso,Riyadh - K.A.CARE City T2,24.52958,46.43635,01-09-2019 00:00,6933.8,6805.52685546875,-128.27314453125018,128.27314453125018,16453.999607935,1.8499689136007698,33.4,3.6,2000.0,7014.8,0.22185739006966324,15.8,908.7
658,32,lstm,loso,Riyadh - K.A.CARE City T2,24.52958,46.43635,01-10-2019 00:00,5863.3,5889.9921875,26.692187499999818,26.692187499999818,712.4728735351465,0.45524171541623004,28.9,3.5,1793.0,6434.5,0.21792768155575812,23.9,912.5
659,32,lstm,loso,Riyadh - K.A.CARE City T2,24.52958,46.43635,01-11-2019 00:00,4330.5,4370.34521484375,39.84521484375,39.84521484375,1587.6411459445953,0.9201065660720471,19.7,3.8,1792.0,4585.7,0.28097903632971133,45.1,914.6
660,32,lstm,loso,Riyadh - K.A.CARE City T2,24.52958,46.43635,01-12-2019 00:00,4290.2,4596.751953125,306.5519531250002,306.5519531250002,93974.09996475231,7.145400054193282,15.8,3.9,1308.1,5898.7,0.18150913026586002,47.8,914.8
661,32,lstm,loso,Riyadh - K.A.CARE City T2,24.52958,46.43635,01-01-2020 00:00,4711.8,4614.2939453125,-97.50605468750018,97.50605468750018,9507.430700721776,2.069401389861628,12.9,3.8,1245.2,6602.5,0.15867069332415867,42.8,915.0
662,32,lstm,loso,Riyadh - K.A.CARE City T2,24.52958,46.43635,01-02-2020 00:00,5374.6,5346.38427734375,-28.215722656250364,28.215722656250364,796.1270050144401,0.5249827458089972,17.1,4.2,2102.5,5382.8,0.2808838657101252,28.7,914.9
663,32,lstm,loso,Riyadh - K.A.CARE City T2,24.52958,46.43635,01-03-2020 00:00,6459.8,6197.921875,-261.8781250000002,261.8781250000002,68580.15235351572,4.053966454069788,20.8,4.1,2661.8,5521.4,0.32527617557923555,25.9,911.5
664,32,lstm,loso,Riyadh - K.A.CARE City T2,24.52958,46.43635,01-04-2020 00:00,6450.3,6325.17919921875,-125.12080078125018,125.12080078125018,15655.214788141297,1.9397671547253643,25.4,4.7,3234.6,4214.9,0.43420363782804217,31.9,910.6
665,32,lstm,loso,Riyadh - K.A.CARE City T2,24.52958,46.43635,01-05-2020 00:00,7466.7,6973.4296875,-493.2703124999998,493.2703124999998,243315.60119384748,6.606269335851176,31.1,4.1,3115.5,5659.6,0.35503868901778896,16.7,910.4
666,32,lstm,loso,Riyadh - K.A.CARE City T2,24.52958,46.43635,01-09-2020 00:00,6797.3,6562.42822265625,-234.87177734375018,234.87177734375018,55164.75179261216,3.455368710278348,32.8,3.3,1985.8,6821.4,0.22547461168135163,15.0,908.8
667,32,lstm,loso,Riyadh - K.A.CARE City T2,24.52958,46.43635,01-10-2020 00:00,6225.2,6122.0576171875,-103.14238281249982,103.14238281249982,10638.351132240257,1.6568525157826226,25.8,3.0,1182.8,8258.0,0.125285992712482,16.5,913.4
668,32,lstm,loso,Riyadh - K.A.CARE City T2,24.52958,46.43635,01-11-2020 00:00,4766.4,4769.05859375,2.658593750000364,2.658593750000364,7.068120727540997,0.05577781449312613,21.3,3.7,1291.5,6331.5,0.16942148760330578,37.4,914.8
669,32,lstm,loso,Riyadh - K.A.CARE City T2,24.52958,46.43635,01-12-2020 00:00,4173.6,4334.490234375,160.89023437499964,160.89023437499964,25885.667517242313,3.8549509865583578,15.1,4.1,1383.0,5451.7,0.2023497739476495,52.1,916.0
670,32,lstm,loso,Riyadh - K.A.CARE City T2,24.52958,46.43635,01-01-2021 00:00,4551.4,4529.44921875,-21.950781249999636,21.950781249999636,481.8367974853356,0.48228635694510785,14.3,4.1,1493.6,5712.0,0.20728322415898742,43.8,916.0
671,32,lstm,loso,Riyadh - K.A.CARE City T2,24.52958,46.43635,01-02-2021 00:00,5049.4,5314.60400390625,265.20400390625036,265.20400390625036,70333.16368790646,5.252188456177969,16.2,4.3,1831.4,5467.6,0.2509110837100973,40.3,914.7
672,32,lstm,loso,Riyadh - K.A.CARE City T2,24.52958,46.43635,01-10-2021 00:00,5891.9,5758.513671875,-133.38632812499964,133.38632812499964,17791.91253067007,2.263893279332637,28.5,3.5,1655.6,6715.0,0.1977874943253769,20.3,913.1
673,32,lstm,loso,Riyadh - K.A.CARE City T2,24.52958,46.43635,01-11-2021 00:00,4901.4,4937.91162109375,36.511621093750364,36.511621093750364,1333.0984748935964,0.7449222894224174,21.6,3.1,1419.9,6272.1,0.18459438377535103,31.1,914.8
674,32,lstm,loso,Riyadh - K.A.CARE City T2,24.52958,46.43635,01-12-2021 00:00,4047.2,4328.53564453125,281.3356445312502,281.3356445312502,79149.74488381395,6.951365006208,16.2,3.1,1548.3,4877.7,0.24094304388422036,38.6,915.8
1263,33,lstm,loso,Riyadh - K.A.CARE HQ,24.707744,46.6792,01-01-2017 00:00,4098.6,4519.4130859375,420.81308593749964,420.81308593749964,177083.65329624145,10.26723969007709,17.1,2.6,1584.2,4669.2,0.25333418620270576,33.9,941.6
1264,33,lstm,loso,Riyadh - K.A.CARE HQ,24.707744,46.6792,01-02-2017 00:00,4242.8,4664.8408203125,422.0408203124998,422.0408203124998,178118.45401004775,9.947224010382289,14.6,2.7,2143.2,3405.3,0.3862665585293322,41.5,942.2
1265,33,lstm,loso,Riyadh - K.A.CARE HQ,24.707744,46.6792,01-03-2017 00:00,4810.7,4908.05517578125,97.35517578125018,97.35517578125018,9478.030251398122,2.02372161600703,22.3,3.1,2674.1,3030.1,0.46879492303916415,36.8,937.6
1266,33,lstm,loso,Riyadh - K.A.CARE HQ,24.707744,46.6792,01-04-2017 00:00,6469.9,6558.81591796875,88.91591796875036,88.91591796875036,7906.040468225544,1.37430127156139,30.2,3.1,3096.4,4439.3,0.41089746141698846,19.4,937.4
1267,33,lstm,loso,Riyadh - K.A.CARE HQ,24.707744,46.6792,01-05-2017 00:00,6540.2,6361.12451171875,-179.07548828124982,179.07548828124982,32068.03050316804,2.7380735800319536,35.4,3.0,3515.4,3740.9,0.4844617780411504,17.1,934.6
1268,33,lstm,loso,Riyadh - K.A.CARE HQ,24.707744,46.6792,01-06-2017 00:00,7492.8,7610.2060546875,117.40605468749982,117.40605468749982,13784.181677284198,1.5669183040719066,38.1,3.4,2536.9,6475.5,0.28148994718388,9.9,931.1
1269,33,lstm,loso,Riyadh - K.A.CARE HQ,24.707744,46.6792,01-09-2017 00:00,6676.1,6550.8056640625,-125.29433593750036,125.29433593750036,15698.670618019196,1.8767594244768708,36.2,2.6,2089.3,6434.0,0.24512806072765247,10.9,933.6
1270,33,lstm,loso,Riyadh - K.A.CARE HQ,24.707744,46.6792,01-10-2017 00:00,5822.8,6004.380859375,181.58085937499982,181.58085937499982,32971.60849136346,3.1184457541904207,31.4,2.4,1702.9,6489.5,0.20786338557687614,16.8,937.9
1271,33,lstm,loso,Riyadh - K.A.CARE HQ,24.707744,46.6792,01-11-2017 00:00,4407.8,4690.70458984375,282.9045898437498,282.9045898437498,80035.00695466032,6.418271923493575,23.2,2.5,1544.6,5084.4,0.23300648664957005,32.7,941.0
1272,33,lstm,loso,Riyadh - K.A.CARE HQ,24.707744,46.6792,01-03-2018 00:00,6302.3,6277.76708984375,-24.532910156250182,24.532910156250182,601.8636807346434,0.38926915818431657,26.2,2.7,2322.3,5757.1,0.2874347104983043,21.9,938.5
1273,33,lstm,loso,Riyadh - K.A.CARE HQ,24.707744,46.6792,01-04-2018 00:00,6082.4,5974.521484375,-107.87851562499964,107.87851562499964,11637.774133453291,1.7736175789984159,27.1,3.1,3386.4,3416.9,0.4977584407566916,31.5,935.7
1274,33,lstm,loso,Riyadh - K.A.CARE HQ,24.707744,46.6792,01-05-2018 00:00,7086.7,6843.9853515625,-242.71464843749982,242.71464843749982,58910.400566139135,3.4249318926651307,33.3,3.2,3467.3,4535.6,0.4332554449012233,16.8,934.2
1275,33,lstm,loso,Riyadh - K.A.CARE HQ,24.707744,46.6792,01-06-2018 00:00,7754.9,7280.91943359375,-473.98056640624964,473.98056640624964,224657.5773307892,6.112013906127089,37.8,3.5,3174.8,5832.1,0.3524853168126658,11.3,930.2
1276,33,lstm,loso,Riyadh - K.A.CARE HQ,24.707744,46.6792,01-07-2018 00:00,7531.5,7209.755859375,-321.744140625,321.744140625,103519.29202651978,4.2719795608444535,38.3,3.2,2885.3,5908.8,0.32809497276583166,10.5,927.8
1277,33,lstm,loso,Riyadh - K.A.CARE HQ,24.707744,46.6792,01-08-2018 00:00,7326.4,7301.712890625,-24.687109374999636,24.687109374999636,609.4533692931949,0.33696098186011736,37.6,3.1,2438.2,6450.5,0.27430332894574005,11.6,929.4
1278,33,lstm,loso,Riyadh - K.A.CARE HQ,24.707744,46.6792,01-09-2018 00:00,6539.8,6622.48583984375,82.68583984374982,82.68583984374982,6836.948110666245,1.2643481428139975,37.4,2.9,2324.2,5837.6,0.2847656154279693,12.6,933.7
1279,33,lstm,loso,Riyadh - K.A.CARE HQ,24.707744,46.6792,01-10-2018 00:00,5113.3,5387.1650390625,273.8650390624998,273.8650390624998,75002.05962070455,5.355935287632249,29.6,2.4,2007.3,4774.6,0.2959790029342809,28.3,939.4
1280,33,lstm,loso,Riyadh - K.A.CARE HQ,24.707744,46.6792,01-11-2018 00:00,3924.8,4532.20751953125,607.4075195312498,607.4075195312498,368943.89478310564,15.476139409173712,21.4,2.7,1902.8,3547.2,0.3491376146788991,53.4,941.1
1281,33,lstm,loso,Riyadh - K.A.CARE HQ,24.707744,46.6792,01-12-2018 00:00,3989.0,4386.68359375,397.68359375,397.68359375,158152.24073791504,9.969505985209326,18.5,2.6,1469.9,4769.5,0.23558354970029172,48.2,942.7
1282,33,lstm,loso,Riyadh - K.A.CARE HQ,24.707744,46.6792,01-01-2019 00:00,4154.9,4544.4208984375,389.52089843750036,389.52089843750036,151726.53031955747,9.374976496125067,18.2,2.7,2126.0,3618.2,0.3701124612652763,34.7,942.0
1283,33,lstm,loso,Riyadh - K.A.CARE HQ,24.707744,46.6792,01-02-2019 00:00,4844.9,4933.95654296875,89.05654296875036,89.05654296875036,7931.06784554488,1.8381502810945607,18.0,3.1,2038.2,4674.0,0.30365602931974617,34.9,940.5
1284,33,lstm,loso,Riyadh - K.A.CARE HQ,24.707744,46.6792,01-03-2019 00:00,6177.3,6361.9443359375,184.64433593749982,184.64433593749982,34093.53079380029,2.989078334183216,20.7,3.3,2522.5,5358.4,0.32007765610526717,27.1,938.1
1285,33,lstm,loso,Riyadh - K.A.CARE HQ,24.707744,46.6792,01-04-2019 00:00,6201.2,5831.36181640625,-369.8381835937498,369.8381835937498,136780.2820439242,5.963977675187864,25.6,3.1,2914.4,4333.6,0.4020971302428256,30.0,936.7
1286,33,lstm,loso,Riyadh - K.A.CARE HQ,24.707744,46.6792,01-05-2019 00:00,6293.4,6308.296875,14.896875000000364,14.896875000000364,221.91688476563584,0.23670631137382597,33.1,2.7,3011.6,4159.6,0.4199576082106202,20.4,935.0
1287,33,lstm,loso,Riyadh - K.A.CARE HQ,24.707744,46.6792,01-06-2019 00:00,7447.6,7460.38623046875,12.786230468749636,12.786230468749636,163.48768959998154,0.17168256174807503,38.8,2.9,2646.8,6268.4,0.2968862167982771,10.8,931.2
1288,33,lstm,loso,Riyadh - K.A.CARE HQ,24.707744,46.6792,01-07-2019 00:00,7800.8,7260.748046875,-540.0519531250002,540.0519531250002,291656.1120741274,6.923032934122143,38.8,3.5,2377.1,7142.7,0.2497006239626883,10.6,928.3
1289,33,lstm,loso,Riyadh - K.A.CARE HQ,24.707744,46.6792,01-08-2019 00:00,7400.6,7268.39501953125,-132.20498046875036,132.20498046875036,17478.156860742663,1.7864089461496413,38.0,3.0,2153.1,7024.4,0.23460637428493597,11.0,929.6
1290,33,lstm,loso,Riyadh - K.A.CARE HQ,24.707744,46.6792,01-09-2019 00:00,6625.9,6779.97998046875,154.07998046875036,154.07998046875036,23740.640381250494,2.3254196481798757,36.8,2.8,1975.7,6583.0,0.23084113241496954,14.0,933.3
1291,33,lstm,loso,Riyadh - K.A.CARE HQ,24.707744,46.6792,01-10-2019 00:00,5582.8,5891.39794921875,308.5979492187498,308.5979492187498,95232.69426201809,5.527655463544275,31.9,2.5,1800.4,5925.4,0.23303735535478529,21.7,937.6
1292,33,lstm,loso,Riyadh - K.A.CARE HQ,24.707744,46.6792,01-11-2019 00:00,4037.4,4643.03515625,605.6351562499999,605.6351562499999,366793.94248596183,15.000623080447811,22.2,2.5,1709.9,4156.5,0.291473476067094,40.6,940.8
1293,33,lstm,loso,Riyadh - K.A.CARE HQ,24.707744,46.6792,01-12-2019 00:00,3868.2,4421.306640625,553.1066406250002,553.1066406250002,305926.9559034731,14.298811866630478,17.9,2.5,1249.2,5068.1,0.19774270653602014,44.3,941.8
1294,33,lstm,loso,Riyadh - K.A.CARE HQ,24.707744,46.6792,01-01-2020 00:00,4365.8,4530.4462890625,164.64628906249982,164.64628906249982,27108.400502052245,3.7712742008910123,15.0,2.7,1284.0,5824.0,0.18064153066966798,38.5,942.2
1295,33,lstm,loso,Riyadh - K.A.CARE HQ,24.707744,46.6792,01-02-2020 00:00,5206.5,5526.0576171875,319.5576171875,319.5576171875,102117.0707025528,6.137666708681456,18.9,3.1,2164.8,4979.0,0.30303199977602957,26.8,941.5
1296,33,lstm,loso,Riyadh - K.A.CARE HQ,24.707744,46.6792,01-03-2020 00:00,6299.3,6134.9462890625,-164.35371093750018,164.35371093750018,27012.142298927367,2.6090789601622433,23.1,3.0,2696.3,5170.0,0.342765976380255,24.0,937.3
1297,33,lstm,loso,Riyadh - K.A.CARE HQ,24.707744,46.6792,01-04-2020 00:00,6176.2,6031.03369140625,-145.16630859374982,145.16630859374982,21073.2571507358,2.350414633492274,27.8,3.1,3111.0,3991.0,0.43804562095184457,29.4,936.0
1298,33,lstm,loso,Riyadh - K.A.CARE HQ,24.707744,46.6792,01-05-2020 00:00,7168.5,6886.89794921875,-281.60205078125,281.60205078125,79299.7150042057,3.9283260205238193,33.9,3.0,3117.4,5301.3,0.3702947010821148,14.7,935.2
1299,33,lstm,loso,Riyadh - K.A.CARE HQ,24.707744,46.6792,01-09-2020 00:00,6645.7,6814.19873046875,168.49873046875018,168.49873046875018,28391.822169580522,2.5354549628895406,35.6,2.8,2015.4,6533.6,0.23574687097906188,14.1,933.2
1300,33,lstm,loso,Riyadh - K.A.CARE HQ,24.707744,46.6792,01-10-2020 00:00,6005.1,6156.66845703125,151.56845703124964,151.56845703124964,22972.997166833768,2.5239955542996726,28.3,2.4,1236.0,7759.2,0.13740661686232655,15.9,938.5
1301,33,lstm,loso,Riyadh - K.A.CARE HQ,24.707744,46.6792,01-11-2020 00:00,4552.7,4882.9130859375,330.2130859375002,330.2130859375002,109040.68212436688,7.2531264071320365,23.6,2.7,1309.7,5832.6,0.18337230303963709,34.3,940.6
1302,33,lstm,loso,Riyadh - K.A.CARE HQ,24.707744,46.6792,01-12-2020 00:00,3870.4,4540.38525390625,669.9852539062499,669.9852539062499,448880.2404518222,17.31049126463027,17.3,2.5,1472.9,4618.6,0.24179594516949848,46.6,942.6
1303,33,lstm,loso,Riyadh - K.A.CARE HQ,24.707744,46.6792,01-01-2021 00:00,4261.2,4559.76416015625,298.5641601562502,298.5641601562502,89140.55772980701,7.006574677467619,16.6,2.4,1517.5,5078.2,0.2300741392119108,38.3,942.7
1304,33,lstm,loso,Riyadh - K.A.CARE HQ,24.707744,46.6792,01-02-2021 00:00,4898.9,5115.1611328125,216.26113281250036,216.26113281250036,46768.87756534592,4.41448351288045,18.3,2.9,1792.8,5224.7,0.2554755967224795,36.0,941.2
1305,33,lstm,loso,Riyadh - K.A.CARE HQ,24.707744,46.6792,01-10-2021 00:00,5736.8,5972.9873046875,236.18730468749982,236.18730468749982,55784.44289554587,4.1170566289133275,31.2,2.7,1698.3,6358.3,0.21079611746890747,19.3,938.2
1306,33,lstm,loso,Riyadh - K.A.CARE HQ,24.707744,46.6792,01-11-2021 00:00,4751.9,5047.65234375,295.75234375000036,295.75234375000036,87469.44883361839,6.223875581346417,24.0,2.5,1483.4,5832.1,0.20277492994327115,28.5,940.6
1307,33,lstm,loso,Riyadh - K.A.CARE HQ,24.707744,46.6792,01-12-2021 00:00,3876.0,4507.04345703125,631.04345703125,631.04345703125,398215.84466195107,16.28079094507869,18.1,2.5,1548.0,4454.6,0.2578882484256822,35.1,942.2
535,34,lstm,loso,Riyadh - KSU,24.72359,46.61639,01-01-2017 00:00,4379.7,4519.43115234375,139.73115234375018,139.73115234375018,19524.794935312322,3.190427480050008,16.9,1.9,1684.0,4945.2,0.2540276353104447,36.5,942.7
536,34,lstm,loso,Riyadh - KSU,24.72359,46.61639,01-02-2017 00:00,4482.8,4604.076171875,121.27617187499982,121.27617187499982,14707.909864654497,2.7053665538279605,14.5,2.0,2240.0,3624.6,0.381952733349248,44.1,943.2
537,34,lstm,loso,Riyadh - KSU,24.72359,46.61639,01-03-2017 00:00,5128.6,4903.1259765625,-225.47402343750036,225.47402343750036,50838.53524509446,4.3964049338513504,22.3,2.2,2825.4,3235.2,0.4661914661914662,39.3,938.5
538,34,lstm,loso,Riyadh - KSU,24.72359,46.61639,01-04-2017 00:00,6876.9,6642.703125,-234.19687499999964,234.19687499999964,54848.17625976545,3.40555882737861,29.7,2.2,3292.8,4711.6,0.4113737444405577,21.4,938.4
539,34,lstm,loso,Riyadh - KSU,24.72359,46.61639,01-05-2017 00:00,7158.3,6924.55517578125,-233.74482421875018,233.74482421875018,54636.64284905442,3.2653678138489606,34.7,2.1,3808.4,4143.5,0.4789295640035715,19.2,935.5
540,34,lstm,loso,Riyadh - KSU,24.72359,46.61639,01-06-2017 00:00,8177.0,7612.93701171875,-564.06298828125,564.06298828125,318167.0547487736,6.8981654430873185,37.0,2.3,2797.7,7017.4,0.2850403969394097,11.4,932.0
541,34,lstm,loso,Riyadh - KSU,24.72359,46.61639,01-09-2017 00:00,6742.2,6652.8095703125,-89.39042968749982,89.39042968749982,7990.648919715849,1.3258347377339714,35.1,1.6,2054.9,6637.3,0.23640735371942662,12.7,934.6
542,34,lstm,loso,Riyadh - KSU,24.72359,46.61639,01-10-2017 00:00,5978.9,5903.68994140625,-75.21005859374964,75.21005859374964,5656.552913675254,1.2579246783480178,30.4,1.4,1745.2,6675.4,0.20725363988314371,19.1,938.9
543,34,lstm,loso,Riyadh - KSU,24.72359,46.61639,01-11-2017 00:00,4498.9,4692.134765625,193.23476562500036,193.23476562500036,37339.67464614882,4.295155829758394,22.8,1.6,1577.4,5164.4,0.23397312290486225,35.5,941.8
544,34,lstm,loso,Riyadh - KSU,24.72359,46.61639,01-03-2018 00:00,6286.7,6147.52783203125,-139.17216796874982,139.17216796874982,19368.892337121913,2.2137555151152406,25.9,1.9,2318.5,5733.3,0.2879480364638963,23.0,939.4
545,34,lstm,loso,Riyadh - KSU,24.72359,46.61639,01-04-2018 00:00,6105.1,6142.4443359375,37.344335937499636,37.344335937499636,1394.5994266128268,0.6116908148515116,26.9,2.2,3399.3,3434.4,0.4974318451205057,33.4,936.7
546,34,lstm,loso,Riyadh - KSU,24.72359,46.61639,01-05-2018 00:00,7141.6,6760.01904296875,-381.58095703125036,381.58095703125036,145604.02676888494,5.343073779422683,33.1,2.2,3500.5,4557.7,0.4344022238216972,18.1,935.1
547,34,lstm,loso,Riyadh - KSU,24.72359,46.61639,01-06-2018 00:00,7787.4,7345.34912109375,-442.05087890624964,442.05087890624964,195408.9795417878,5.676488672807993,37.5,2.4,3191.4,5845.5,0.3531520764864058,12.6,931.0
548,34,lstm,loso,Riyadh - KSU,24.72359,46.61639,01-07-2018 00:00,7549.8,7239.3642578125,-310.4357421875002,310.4357421875002,96370.35002750409,4.111840607532652,38.0,2.2,2897.7,5911.1,0.3289551357733176,11.8,928.6
549,34,lstm,loso,Riyadh - KSU,24.72359,46.61639,01-08-2018 00:00,7345.4,7213.19189453125,-132.20810546874964,132.20810546874964,17478.98315163603,1.7998761873927853,37.0,1.9,2459.3,6446.6,0.2761427817514232,13.3,930.3
550,34,lstm,loso,Riyadh - KSU,24.72359,46.61639,01-09-2018 00:00,6565.6,6461.873046875,-103.72695312500036,103.72695312500036,10759.280804596023,1.579854897115273,36.4,1.7,2366.5,5812.3,0.2893456252751015,14.3,934.6
551,34,lstm,loso,Riyadh - KSU,24.72359,46.61639,01-10-2018 00:00,5125.0,5225.65771484375,100.65771484375,100.65771484375,10131.975557565689,1.9640529725609757,29.1,1.5,2006.4,4792.2,0.29511958344365014,30.6,940.2
552,34,lstm,loso,Riyadh - KSU,24.72359,46.61639,01-11-2018 00:00,3889.5,4494.21875,604.71875,604.71875,365684.7666015625,15.547467540815015,21.3,1.9,1887.6,3492.5,0.3508484972398282,56.6,941.9
553,34,lstm,loso,Riyadh - KSU,24.72359,46.61639,01-12-2018 00:00,3977.8,4378.2822265625,400.4822265624998,400.4822265624998,160386.01379245744,10.067932690494741,18.4,1.8,1442.7,4760.7,0.2325660121868653,50.5,943.5
554,34,lstm,loso,Riyadh - KSU,24.72359,46.61639,01-01-2019 00:00,4125.2,4448.75390625,323.5539062500002,323.5539062500002,104687.1302496339,7.8433507769320325,18.2,1.9,2100.8,3592.9,0.368969211584734,36.5,942.9
555,34,lstm,loso,Riyadh - KSU,24.72359,46.61639,01-02-2019 00:00,4913.4,4836.0185546875,-77.38144531249964,77.38144531249964,5987.888078651372,1.574906283072814,18.1,2.2,2046.4,4755.0,0.30087923074661105,36.8,941.6
556,34,lstm,loso,Riyadh - KSU,24.72359,46.61639,01-03-2019 00:00,6189.1,5809.08349609375,-380.01650390625036,380.01650390625036,144412.5432411292,6.140093129958319,21.0,2.4,2525.2,5356.4,0.3203917986195696,28.0,939.2
557,34,lstm,loso,Riyadh - KSU,24.72359,46.61639,01-04-2019 00:00,6199.7,5866.72900390625,-332.9709960937498,332.9709960937498,110869.68423966395,5.370759812470762,25.7,2.2,2922.9,4329.2,0.40304187752513065,31.3,937.7
558,34,lstm,loso,Riyadh - KSU,24.72359,46.61639,01-05-2019 00:00,6209.3,6209.05419921875,-0.2458007812501819,0.2458007812501819,0.06041802406319977,0.00395859084357628,32.9,1.8,2962.2,4113.4,0.41865000847984624,21.9,935.9
559,34,lstm,loso,Riyadh - KSU,24.72359,46.61639,01-06-2019 00:00,7261.7,7119.40185546875,-142.29814453124982,142.29814453124982,20248.761937036463,1.959570686357875,38.0,1.9,2606.6,6062.2,0.300687523071244,12.3,932.0
560,34,lstm,loso,Riyadh - KSU,24.72359,46.61639,01-07-2019 00:00,7737.8,6901.6953125,-836.1046875000002,836.1046875000002,699071.048459473,10.805457462069326,38.0,2.3,2394.1,7027.0,0.2541210686650179,11.9,929.0
561,34,lstm,loso,Riyadh - KSU,24.72359,46.61639,01-08-2019 00:00,7412.5,7099.4755859375,-313.0244140625,313.0244140625,97984.28379917145,4.222926327993255,37.3,2.0,2176.6,7002.8,0.237117894415757,12.4,930.4
562,34,lstm,loso,Riyadh - KSU,24.72359,46.61639,01-09-2019 00:00,6639.2,6704.8359375,65.63593750000018,65.63593750000018,4308.07629150393,0.988612144535489,35.9,1.7,2004.4,6547.9,0.23436970171766663,15.8,934.0
563,34,lstm,loso,Riyadh - KSU,24.72359,46.61639,01-10-2019 00:00,5614.5,5895.1591796875,280.6591796875,280.6591796875,78769.57514286041,4.998827672766943,31.2,1.6,1800.2,5991.1,0.23105258429273678,23.6,938.3
564,34,lstm,loso,Riyadh - KSU,24.72359,46.61639,01-11-2019 00:00,4052.7,4554.98095703125,502.2809570312502,502.2809570312502,252286.1597962286,12.39373644807783,22.1,1.7,1703.6,4160.2,0.2905283263412804,42.8,941.5
565,34,lstm,loso,Riyadh - KSU,24.72359,46.61639,01-12-2019 00:00,3978.1,4372.9990234375,394.8990234375001,394.8990234375001,155945.23871189126,9.92682495255273,17.8,1.8,1288.7,5120.3,0.2010766110157591,46.3,942.3
566,34,lstm,loso,Riyadh - KSU,24.72359,46.61639,01-01-2020 00:00,4446.7,4568.96484375,122.26484375000018,122.26484375000018,14948.692017211959,2.749563580857719,14.8,1.8,1305.5,5841.8,0.1826563877268339,40.8,942.8
567,34,lstm,loso,Riyadh - KSU,24.72359,46.61639,01-02-2020 00:00,5154.1,5326.9384765625,172.83847656249964,172.83847656249964,29873.138980445736,3.3534172127529467,19.0,2.2,2118.4,4982.2,0.2983409852688505,27.8,942.4
568,34,lstm,loso,Riyadh - KSU,24.72359,46.61639,01-03-2020 00:00,6235.7,5953.38623046875,-282.3137695312498,282.3137695312498,79701.06446694364,4.527378955550296,23.1,2.0,2676.4,5101.0,0.34412528608532417,24.9,938.4
569,34,lstm,loso,Riyadh - KSU,24.72359,46.61639,01-04-2020 00:00,6285.3,6240.966796875,-44.33320312500018,44.33320312500018,1965.4328993225258,0.7053474476158685,28.4,2.3,3200.1,3992.3,0.4449279795339525,29.0,936.7
570,34,lstm,loso,Riyadh - KSU,24.72359,46.61639,01-05-2020 00:00,7182.2,6888.70703125,-293.4929687499998,293.4929687499998,86138.12270568837,4.086393705967528,33.5,2.0,3132.4,5272.8,0.37267405891590916,16.3,936.2
571,34,lstm,loso,Riyadh - KSU,24.72359,46.61639,01-09-2020 00:00,6630.2,6696.99853515625,66.79853515625018,66.79853515625018,4462.044299020791,1.0074889921307078,35.1,1.6,2016.9,6497.7,0.23687548446198295,15.2,934.1
572,34,lstm,loso,Riyadh - KSU,24.72359,46.61639,01-10-2020 00:00,5985.7,5674.86962890625,-310.8303710937498,310.8303710937498,96615.51959427822,5.1928825549852125,27.8,1.4,1247.3,7725.2,0.1390136528280858,17.0,939.5
573,34,lstm,loso,Riyadh - KSU,24.72359,46.61639,01-11-2020 00:00,4530.7,4779.046875,248.34687500000018,248.34687500000018,61676.170322265716,5.4814239521486785,23.5,1.8,1331.9,5734.9,0.18847285900266036,36.1,941.6
574,34,lstm,loso,Riyadh - KSU,24.72359,46.61639,01-12-2020 00:00,3933.7,4611.67431640625,677.9743164062502,677.9743164062502,459649.1737065222,17.2350285076709,17.5,1.7,1489.7,4640.4,0.24301398019608167,49.0,943.6
575,34,lstm,loso,Riyadh - KSU,24.72359,46.61639,01-01-2021 00:00,4327.6,4648.90234375,321.30234374999964,321.30234374999964,103235.19609924292,7.424492646039366,16.7,1.6,1550.3,5067.0,0.2342798422317259,40.7,943.8
576,34,lstm,loso,Riyadh - KSU,24.72359,46.61639,01-02-2021 00:00,4880.6,5418.39306640625,537.7930664062496,537.7930664062496,289221.3822746368,11.018994926981305,18.5,2.0,1799.3,5203.8,0.25692907426711026,37.6,942.2
577,34,lstm,loso,Riyadh - KSU,24.72359,46.61639,01-03-2021 00:00,6313.1,6241.509765625,-71.59023437500036,71.59023437500036,5125.161657867484,1.1339949371148939,25.3,2.2,2866.7,4834.0,0.37226485903878864,20.6,939.3
578,34,lstm,loso,Riyadh - KSU,24.72359,46.61639,01-04-2021 00:00,6907.5,6743.49267578125,-164.00732421875,164.00732421875,26898.40239739418,2.3743369412775968,29.6,1.9,3077.5,5034.0,0.3793996178265426,16.8,938.1
579,34,lstm,loso,Riyadh - KSU,24.72359,46.61639,01-05-2021 00:00,7581.9,6988.84521484375,-593.0547851562496,593.0547851562496,351713.9781967254,7.821981101785168,35.5,1.8,2738.9,6268.5,0.30407220729622314,12.8,934.2
580,34,lstm,loso,Riyadh - KSU,24.72359,46.61639,01-07-2021 00:00,7521.9,6902.55419921875,-619.3458007812496,619.3458007812496,383589.22094536736,8.233901019439898,39.5,2.0,2563.7,6441.0,0.28470687529845523,16.3,928.0
581,34,lstm,loso,Riyadh - KSU,24.72359,46.61639,01-08-2021 00:00,7314.8,6760.01806640625,-554.7819335937502,554.7819335937502,307782.9938420202,7.584375971916528,38.6,1.8,2211.4,6769.8,0.24622544871509375,13.5,930.7
582,34,lstm,loso,Riyadh - KSU,24.72359,46.61639,01-09-2021 00:00,6750.1,6666.9580078125,-83.14199218750036,83.14199218750036,6912.590864906371,1.2317149699634133,34.3,2.1,1875.2,6940.9,0.21270176154989168,15.4,933.7
583,34,lstm,loso,Riyadh - KSU,24.72359,46.61639,01-10-2021 00:00,5645.1,5639.0595703125,-6.040429687500364,6.040429687500364,36.48679080963574,0.10700305906893347,30.8,1.6,1681.4,6241.3,0.2122256301513373,20.7,939.0
584,34,lstm,loso,Riyadh - KSU,24.72359,46.61639,01-11-2021 00:00,4651.8,4909.865234375,258.0652343749998,258.0652343749998,66597.66519302358,5.547642512038347,23.7,1.5,1465.7,5656.9,0.20578159660798026,30.5,941.5
585,34,lstm,loso,Riyadh - KSU,24.72359,46.61639,01-12-2021 00:00,3779.4,4414.6640625,635.2640624999999,635.2640624999999,403560.42910400376,16.808595610414347,18.2,1.6,1528.9,4263.2,0.26396298406450164,37.3,943.2
1021,35,lstm,loso,Shaqra - University,25.17279,45.14198,01-01-2017 00:00,4376.5,4590.57666015625,214.07666015625,214.07666015625,45828.816423654556,4.891503716582886,15.8,2.0,1651.9,5148.0,0.24293004308886898,37.4,928.8
1022,35,lstm,loso,Shaqra - University,25.17279,45.14198,01-02-2017 00:00,4770.5,4710.99560546875,-59.50439453125,59.50439453125,3540.772968530655,1.2473408349491668,13.7,2.0,2193.4,4202.8,0.3429223601513398,42.1,929.2
1023,35,lstm,loso,Shaqra - University,25.17279,45.14198,01-03-2017 00:00,5267.3,5175.6103515625,-91.68964843750018,91.68964843750018,8406.99163059238,1.7407333631556998,21.5,2.4,2988.1,3208.7,0.48220049057578107,39.0,924.4
1024,35,lstm,loso,Shaqra - University,25.17279,45.14198,01-04-2017 00:00,6521.1,6358.93408203125,-162.16591796875036,162.16591796875036,26297.78495064747,2.4867877807233496,28.1,2.1,3339.2,4171.1,0.44461606061009545,23.4,924.6
1025,35,lstm,loso,Shaqra - University,25.17279,45.14198,01-05-2017 00:00,7071.3,6507.982421875,-563.3175781250002,563.3175781250002,317326.6938246157,7.966252006349612,33.2,2.1,3783.9,4083.1,0.4809838566162451,18.9,922.0
1026,35,lstm,loso,Shaqra - University,25.17279,45.14198,01-06-2017 00:00,8038.0,7453.31591796875,-584.68408203125,584.68408203125,341855.4757807255,7.273999527634362,36.1,1.9,2708.2,7005.7,0.2787963639732754,9.7,918.9
1027,35,lstm,loso,Shaqra - University,25.17279,45.14198,01-09-2017 00:00,6905.7,6657.47216796875,-248.22783203124982,248.22783203124982,61617.05659493437,3.594535413227476,34.1,1.6,2195.5,6640.8,0.24846372350418164,10.2,921.5
1028,35,lstm,loso,Shaqra - University,25.17279,45.14198,01-10-2017 00:00,6051.4,5909.65576171875,-141.74423828124964,141.74423828124964,20091.429085931675,2.3423379429759996,28.9,1.6,1753.7,6887.0,0.2029580936729663,15.4,925.4
1029,35,lstm,loso,Shaqra - University,25.17279,45.14198,01-11-2017 00:00,4543.3,4559.4091796875,16.109179687499818,16.109179687499818,259.50567020415673,0.3545700193141509,21.5,1.8,1716.0,5058.0,0.2533215234720992,35.9,927.9
1030,35,lstm,loso,Shaqra - University,25.17279,45.14198,01-03-2018 00:00,6267.0,5986.12646484375,-280.87353515625,280.87353515625,78889.9427511692,4.481786104296314,24.3,2.0,2527.2,5471.2,0.3159631926385277,24.0,925.5
1031,35,lstm,loso,Shaqra - University,25.17279,45.14198,01-06-2018 00:00,7855.3,7132.5302734375,-722.7697265625002,722.7697265625002,522396.07763523125,9.201045492374577,35.5,1.2,2937.8,6331.1,0.31695238917239366,12.5,918.2
1032,35,lstm,loso,Shaqra - University,25.17279,45.14198,01-07-2018 00:00,7713.6,7067.994140625,-645.6058593750004,645.6058593750004,416806.9256593328,8.369708817867147,35.7,1.4,2713.8,6471.7,0.2954439061564422,11.7,916.1
1033,35,lstm,loso,Shaqra - University,25.17279,45.14198,01-08-2018 00:00,7504.7,7119.07080078125,-385.6291992187498,385.6291992187498,148709.87929009422,5.138502527999118,35.2,1.2,2103.0,7323.4,0.22309683442247305,12.9,917.5
1034,35,lstm,loso,Shaqra - University,25.17279,45.14198,01-09-2018 00:00,6501.4,6468.54736328125,-32.852636718749636,32.852636718749636,1079.295739374137,0.5053163429222881,35.1,1.0,2424.8,5671.4,0.2994985301746499,12.5,921.5
1035,35,lstm,loso,Shaqra - University,25.17279,45.14198,01-10-2018 00:00,5224.4,5068.90966796875,-155.49033203124964,155.49033203124964,24177.243355188257,2.976233290545319,27.1,0.8,1942.9,5105.2,0.27566294462337365,31.4,926.9
1036,35,lstm,loso,Shaqra - University,25.17279,45.14198,01-11-2018 00:00,3692.9,4309.150390625,616.2503906249999,616.2503906249999,379764.543945465,16.687437802946192,18.7,0.8,1877.7,3227.1,0.36783027738598967,68.3,928.3
1037,35,lstm,loso,Shaqra - University,25.17279,45.14198,01-12-2018 00:00,4008.8,4181.3046875,172.50468749999982,172.50468749999982,29757.867209472595,4.303150256934739,16.9,0.4,1548.2,4811.6,0.24343532815497343,54.8,929.5
1038,35,lstm,loso,Shaqra - University,25.17279,45.14198,01-01-2019 00:00,4012.7,4309.85791015625,297.1579101562502,297.1579101562502,88302.82356843006,7.4054354962058015,16.3,0.5,2337.2,3045.2,0.43423008323424495,41.7,928.9
1039,35,lstm,loso,Shaqra - University,25.17279,45.14198,01-02-2019 00:00,4614.9,5319.39697265625,704.4969726562504,704.4969726562504,496315.9844818216,15.265703973135938,16.2,0.5,2060.4,4302.8,0.3237993462408851,43.0,927.8
1040,35,lstm,loso,Shaqra - University,25.17279,45.14198,01-03-2019 00:00,6134.1,6389.6064453125,255.50644531249964,255.50644531249964,65283.54359622937,4.165345288021056,19.3,0.9,2454.1,5459.8,0.31009995071961993,28.2,925.3
1041,35,lstm,loso,Shaqra - University,25.17279,45.14198,01-04-2019 00:00,6514.2,6160.3779296875,-353.8220703124998,353.8220703124998,125190.05744022357,5.431550617305269,23.6,0.5,2805.7,4983.8,0.36018999935811025,33.3,924.1
1042,35,lstm,loso,Shaqra - University,25.17279,45.14198,01-05-2019 00:00,6931.7,6482.544921875,-449.1550781249998,449.1550781249998,201740.2842054747,6.479724715798431,31.2,0.4,3084.3,4914.3,0.38560498087165257,22.6,922.3
1043,35,lstm,loso,Shaqra - University,25.17279,45.14198,01-06-2019 00:00,7617.1,7174.49755859375,-442.60244140625036,442.60244140625036,195896.9211387733,5.810642388917703,36.3,1.1,2765.3,6356.2,0.3031628569862413,11.4,919.0
1044,35,lstm,loso,Shaqra - University,25.17279,45.14198,01-07-2019 00:00,7863.9,7316.7958984375,-547.1041015624996,547.1041015624996,299322.89794650994,6.957159953235667,36.2,1.4,2246.1,7477.3,0.2309994446387066,11.4,916.3
1045,35,lstm,loso,Shaqra - University,25.17279,45.14198,01-08-2019 00:00,7506.2,7156.3134765625,-349.8865234374998,349.8865234374998,122420.57928318011,4.661300304248486,35.2,1.7,2065.5,7348.6,0.21940493515046577,12.1,917.7
1046,35,lstm,loso,Shaqra - University,25.17279,45.14198,01-09-2019 00:00,6681.2,6669.4013671875,-11.798632812499818,11.798632812499818,139.20773624419738,0.17659451614230706,34.1,1.1,2028.3,6615.0,0.23466731456735276,13.9,920.9
1047,35,lstm,loso,Shaqra - University,25.17279,45.14198,01-10-2019 00:00,5639.6,5638.78369140625,-0.8163085937503638,0.8163085937503638,0.6663597202306965,0.014474583192963398,29.2,1.0,1808.2,6042.5,0.2303234106512795,22.4,924.7
1048,35,lstm,loso,Shaqra - University,25.17279,45.14198,01-11-2019 00:00,4080.6,4403.21533203125,322.6153320312501,322.6153320312501,104080.65246163374,7.906075871961233,20.4,0.2,1769.5,4173.6,0.29774023657687065,43.9,927.7
1049,35,lstm,loso,Shaqra - University,25.17279,45.14198,01-12-2019 00:00,4239.8,4584.14599609375,344.3459960937498,344.3459960937498,118574.16502579677,8.121750933858904,16.5,0.2,1230.8,6053.3,0.1689707719553548,44.1,928.4
1050,35,lstm,loso,Shaqra - University,25.17279,45.14198,01-01-2020 00:00,4597.3,4892.57080078125,295.2708007812498,295.2708007812498,87184.84579400052,6.422700297593148,13.1,0.4,1230.6,6521.2,0.15875022575401843,38.8,929.1
1051,35,lstm,loso,Shaqra - University,25.17279,45.14198,01-02-2020 00:00,5296.2,5490.6162109375,194.41621093750018,194.41621093750018,37797.663075294564,3.670862334079154,17.4,0.4,2156.0,5290.3,0.28953977143010623,28.6,928.3
1052,35,lstm,loso,Shaqra - University,25.17279,45.14198,01-03-2020 00:00,6388.6,6159.69580078125,-228.90419921875036,228.90419921875036,52397.13241997735,3.583010349978874,21.1,0.3,2721.6,5345.2,0.3373828531759806,24.1,924.8
1053,35,lstm,loso,Shaqra - University,25.17279,45.14198,01-04-2020 00:00,6946.7,6550.9501953125,-395.7498046874998,395.7498046874998,156617.90791019425,5.69694681917313,26.2,0.3,3047.1,5120.9,0.3730533790401567,29.9,922.7
1054,35,lstm,loso,Shaqra - University,25.17279,45.14198,01-05-2020 00:00,7207.3,6671.70263671875,-535.5973632812502,535.5973632812502,286864.5355538275,7.4313177373114785,31.6,0.2,3356.9,4948.0,0.4042071548122193,16.2,922.5
1055,35,lstm,loso,Shaqra - University,25.17279,45.14198,01-09-2020 00:00,6670.5,6466.01416015625,-204.48583984375,204.48583984375,41814.458696603775,3.0655249208267747,33.4,0.0,2016.7,6662.2,0.2323681572549517,12.8,921.1
1056,35,lstm,loso,Shaqra - University,25.17279,45.14198,01-12-2020 00:00,3944.8,4230.7958984375,285.9958984374998,285.9958984374998,81793.6539230727,7.249946725752884,15.7,0.0,1477.4,4816.3,0.23474267918712363,53.2,929.8
1057,35,lstm,loso,Shaqra - University,25.17279,45.14198,01-01-2021 00:00,4399.0,4685.0751953125,286.0751953125,286.0751953125,81839.01737308502,6.503186981416231,15.1,0.0,1464.0,5528.6,0.20936418499556672,43.2,930.1
1058,35,lstm,loso,Shaqra - University,25.17279,45.14198,01-02-2021 00:00,5016.8,5413.7509765625,396.9509765624998,396.9509765624998,157570.07779392228,7.912433753837103,16.7,0.0,1963.2,5167.6,0.2753127278846693,39.7,928.8
1059,35,lstm,loso,Shaqra - University,25.17279,45.14198,01-03-2021 00:00,6316.0,6177.8583984375,-138.1416015625,138.1416015625,19083.102082252502,2.18716911910228,23.1,0.0,2925.7,4811.0,0.37815864645132935,21.9,925.9
1060,35,lstm,loso,Shaqra - University,25.17279,45.14198,01-04-2021 00:00,6755.0,6461.611328125,-293.388671875,293.388671875,86076.91278457642,4.343281596965211,27.1,0.0,3187.9,4723.0,0.40297564120390855,18.5,924.9
1061,35,lstm,loso,Shaqra - University,25.17279,45.14198,01-05-2021 00:00,7730.5,7209.4365234375,-521.0634765625,521.0634765625,271507.146607399,6.740359311331738,33.2,0.0,2729.1,6537.5,0.2945093130166404,11.6,920.7
1062,35,lstm,loso,Shaqra - University,25.17279,45.14198,01-07-2021 00:00,7615.5,7283.51806640625,-331.98193359375,331.98193359375,110212.00423264503,4.359292674069333,37.6,0.0,2574.2,6625.9,0.279801306507538,13.0,915.0
1063,35,lstm,loso,Shaqra - University,25.17279,45.14198,01-08-2021 00:00,7483.7,7145.7001953125,-337.9998046874998,337.9998046874998,114243.86796878802,4.516479878769857,36.2,0.0,2113.4,7255.4,0.22557851592519856,11.5,917.7
1064,35,lstm,loso,Shaqra - University,25.17279,45.14198,01-09-2021 00:00,6809.4,6701.96875,-107.43124999999964,107.43124999999964,11541.473476562422,1.5776903985666821,32.3,0.0,1882.6,7070.6,0.2102711879551445,14.0,920.7
1065,35,lstm,loso,Shaqra - University,25.17279,45.14198,01-10-2021 00:00,5778.5,5445.20361328125,-333.29638671875,333.29638671875,111086.48139977455,5.76787032480315,28.9,0.0,1691.3,6501.1,0.2064474390898882,17.3,925.4
1066,35,lstm,loso,Shaqra - University,25.17279,45.14198,01-11-2021 00:00,4729.9,4653.5380859375,-76.36191406249964,76.36191406249964,5831.14191928858,1.6144509199454458,21.7,0.0,1478.9,5897.1,0.20050162689804774,29.7,927.8
1067,35,lstm,loso,Shaqra - University,25.17279,45.14198,01-12-2021 00:00,3911.0,4248.80908203125,337.80908203125,337.80908203125,114114.97590279579,8.637409410157249,16.1,0.0,1694.5,4351.2,0.28028185321798965,38.8,929.7
0,36,lstm,loso,Sharurah - TVTC,17.47586,47.08618,01-05-2017 00:00,7400.9,7302.80126953125,-98.09873046874964,98.09873046874964,9623.360919580387,1.3254973107155839,34.5,3.8,2866.0,5908.4,0.3266320204230489,19.9,926.6
1,36,lstm,loso,Sharurah - TVTC,17.47586,47.08618,01-06-2017 00:00,7412.5,7139.0458984375,-273.4541015625,273.4541015625,74777.14566135406,3.689094118887015,36.3,3.3,3404.4,5124.4,0.3991651815026733,10.1,923.4
2,36,lstm,loso,Sharurah - TVTC,17.47586,47.08618,01-09-2017 00:00,6528.3,6301.88623046875,-226.41376953125018,226.41376953125018,51263.19503335007,3.468188801544815,33.9,3.3,2007.4,6131.6,0.2466396363189581,14.3,925.6
3,36,lstm,loso,Sharurah - TVTC,17.47586,47.08618,01-10-2017 00:00,6073.3,5877.80419921875,-195.49580078125018,195.49580078125018,38218.60812310226,3.218938645896797,29.2,3.3,1451.7,6975.2,0.17226975518874083,17.7,930.1
4,36,lstm,loso,Sharurah - TVTC,17.47586,47.08618,01-11-2017 00:00,5262.7,5353.134765625,90.43476562500018,90.43476562500018,8178.446833648714,1.7184100485492273,24.8,3.5,1092.0,7020.8,0.13460211024553792,28.9,932.6
5,36,lstm,loso,Sharurah - TVTC,17.47586,47.08618,01-03-2018 00:00,7122.5,6867.1865234375,-255.3134765625,255.3134765625,65184.97131443024,3.5846047955422957,27.4,3.9,1905.3,7405.5,0.20463332903724707,18.0,930.4
6,36,lstm,loso,Sharurah - TVTC,17.47586,47.08618,01-04-2018 00:00,6758.0,6638.72412109375,-119.27587890625,119.27587890625,14226.735288858414,1.7649582554934893,31.4,4.0,3578.9,4034.8,0.47006054874765224,24.4,927.5
7,36,lstm,loso,Sharurah - TVTC,17.47586,47.08618,01-05-2018 00:00,7276.2,7147.4296875,-128.77031249999982,128.77031249999982,16581.79338134761,1.769746742805308,33.1,3.9,2861.0,5660.0,0.3357587137659899,21.8,926.2
8,36,lstm,loso,Sharurah - TVTC,17.47586,47.08618,01-06-2018 00:00,6892.3,6517.2802734375,-375.0197265625002,375.0197265625002,140639.7953110124,5.441140498273438,36.2,3.6,3875.3,3752.6,0.5080428427221123,14.7,922.9
9,36,lstm,loso,Sharurah - TVTC,17.47586,47.08618,01-07-2018 00:00,6505.0,6395.4599609375,-109.5400390625,109.5400390625,11999.020157814026,1.6839360347809376,36.8,3.8,3845.5,3268.7,0.5405386410278036,11.9,920.8
10,36,lstm,loso,Sharurah - TVTC,17.47586,47.08618,01-08-2018 00:00,6688.9,6802.64111328125,113.74111328125036,113.74111328125036,12937.040850458228,1.7004457127666788,36.6,3.7,3350.5,4163.6,0.4458950506381336,15.4,921.7
11,36,lstm,loso,Sharurah - TVTC,17.47586,47.08618,01-09-2018 00:00,6771.1,6434.1953125,-336.90468750000036,336.90468750000036,113504.7684594729,4.97562711376291,34.1,3.7,1989.3,6609.0,0.23135968738006352,16.3,925.9
12,36,lstm,loso,Sharurah - TVTC,17.47586,47.08618,01-04-2019 00:00,6784.3,6654.60546875,-129.69453125000018,129.69453125000018,16820.671436157274,1.9116862646109425,30.9,4.0,3090.8,4821.7,0.3906224328593997,23.7,928.2
13,36,lstm,loso,Sharurah - TVTC,17.47586,47.08618,01-05-2019 00:00,7180.5,7045.24609375,-135.25390625,135.25390625,18293.61915588379,1.8836279681080703,33.2,3.5,2921.6,5517.5,0.34619805429488926,23.2,927.4
14,36,lstm,loso,Sharurah - TVTC,17.47586,47.08618,01-06-2019 00:00,7425.5,7223.6591796875,-201.8408203125,201.8408203125,40739.71674442291,2.7182118417951653,36.5,3.4,3053.4,5649.9,0.35083244286649895,13.7,923.2
15,36,lstm,loso,Sharurah - TVTC,17.47586,47.08618,01-07-2019 00:00,7131.2,6838.958984375,-292.2410156249998,292.2410156249998,85404.81121353139,4.098062256352365,37.3,3.6,3780.9,4164.7,0.4758482682239227,15.3,920.5
16,36,lstm,loso,Sharurah - TVTC,17.47586,47.08618,01-08-2019 00:00,6987.6,6916.9443359375,-70.65566406250036,70.65566406250036,4992.222864112905,1.0111578233227483,36.3,3.9,3195.1,4911.8,0.3941210573708816,15.6,922.3
17,36,lstm,loso,Sharurah - TVTC,17.47586,47.08618,01-09-2019 00:00,6840.7,6759.5029296875,-81.19707031249982,81.19707031249982,6592.964227333039,1.1869701976771356,34.7,3.8,2555.1,5726.3,0.30853478880382545,19.3,924.7
18,36,lstm,loso,Sharurah - TVTC,17.47586,47.08618,01-10-2019 00:00,6614.2,6626.39599609375,12.195996093750182,12.195996093750182,148.7423207187697,0.1843910993582018,30.5,3.7,1531.1,7635.1,0.1670375946411817,20.7,929.3
19,36,lstm,loso,Sharurah - TVTC,17.47586,47.08618,01-11-2019 00:00,5571.5,5285.3740234375,-286.1259765625,286.1259765625,81868.0744638443,5.135528611011397,24.5,3.8,1426.3,6870.4,0.17191172393843338,36.2,932.1
20,36,lstm,loso,Sharurah - TVTC,17.47586,47.08618,01-12-2019 00:00,5309.2,5096.63671875,-212.56328124999982,212.56328124999982,45183.14853576652,4.003678167143822,22.0,3.5,1168.4,7408.1,0.13623272896869354,37.8,933.1
21,36,lstm,loso,Sharurah - TVTC,17.47586,47.08618,01-01-2020 00:00,5578.3,5950.92724609375,372.6272460937498,372.6272460937498,138851.06453141198,6.679942744093179,19.9,3.4,1640.6,6715.3,0.19634031043933028,34.4,933.8
22,36,lstm,loso,Sharurah - TVTC,17.47586,47.08618,01-02-2020 00:00,6153.8,6626.2734375,472.4734374999998,472.4734374999998,223231.14914306623,7.677750942507065,23.6,3.9,2103.2,6297.3,0.2503660496399024,23.6,932.7
23,36,lstm,loso,Sharurah - TVTC,17.47586,47.08618,01-03-2020 00:00,6779.9,6893.60107421875,113.70107421875036,113.70107421875036,12927.934278497778,1.6770317293581078,26.9,4.2,3186.7,4887.2,0.394691536927631,26.1,929.2
24,36,lstm,loso,Sharurah - TVTC,17.47586,47.08618,01-04-2020 00:00,7098.2,6920.47705078125,-177.72294921874982,177.72294921874982,31585.446679010325,2.5037748896727314,31.1,3.8,2729.7,5737.1,0.3224004346388246,34.4,927.9
25,36,lstm,loso,Sharurah - TVTC,17.47586,47.08618,01-05-2020 00:00,7522.2,7344.2919921875,-177.90800781249982,177.90800781249982,31651.259243812496,2.3651060569048923,34.6,3.7,2767.2,6153.8,0.3101894406456675,19.4,927.0
26,36,lstm,loso,Sharurah - TVTC,17.47586,47.08618,01-09-2020 00:00,7309.1,7307.72119140625,-1.3788085937503638,1.3788085937503638,1.9011131381998558,0.01886427321763779,33.4,3.3,1963.5,7390.4,0.20991244293823969,15.2,925.1
27,36,lstm,loso,Sharurah - TVTC,17.47586,47.08618,01-10-2020 00:00,6800.6,6511.2587890625,-289.34121093750036,289.34121093750036,83718.33634677908,4.254642398281039,27.6,2.8,1365.0,8286.2,0.1414331896551724,17.3,930.4
28,36,lstm,loso,Sharurah - TVTC,17.47586,47.08618,01-11-2020 00:00,5977.3,5941.10498046875,-36.19501953125018,36.19501953125018,1310.0794388675822,0.6055412900682612,25.1,3.2,1054.2,8351.0,0.11208693063411729,26.4,932.6
29,36,lstm,loso,Sharurah - TVTC,17.47586,47.08618,01-12-2020 00:00,5510.5,5524.64111328125,14.14111328125,14.14111328125,199.97108483314514,0.2566212372969785,21.2,3.3,1098.5,7951.0,0.12138792198464003,35.8,934.1
30,36,lstm,loso,Sharurah - TVTC,17.47586,47.08618,01-01-2021 00:00,5912.8,5655.904296875,-256.8957031250002,256.8957031250002,65995.40228408822,4.3447385862028165,19.8,3.2,1163.1,8247.4,0.12359598321024387,26.6,934.3
31,36,lstm,loso,Sharurah - TVTC,17.47586,47.08618,01-02-2021 00:00,6299.1,6588.1171875,289.01718749999964,289.01718749999964,83530.93467040994,4.588229866171352,22.9,3.8,1854.5,6918.3,0.21139202991063288,25.7,932.3
32,36,lstm,loso,Sharurah - TVTC,17.47586,47.08618,01-03-2021 00:00,7471.9,7572.52783203125,100.62783203125036,100.62783203125036,10125.960579309536,1.346750251358428,27.7,3.6,1970.8,7876.3,0.20014014278315442,16.1,930.2
33,36,lstm,loso,Sharurah - TVTC,17.47586,47.08618,01-04-2021 00:00,7598.6,7269.3173828125,-329.28261718750036,329.28261718750036,108427.0419818499,4.3334642853617815,30.1,3.7,2565.5,6611.2,0.27956672878049843,19.5,929.0
34,36,lstm,loso,Sharurah - TVTC,17.47586,47.08618,01-05-2021 00:00,7702.5,7349.46435546875,-353.03564453125,353.03564453125,124634.16630959511,4.583390386643947,34.4,3.6,2769.7,6458.4,0.30013762312935494,13.7,925.9
35,36,lstm,loso,Sharurah - TVTC,17.47586,47.08618,01-07-2021 00:00,6678.1,6662.3408203125,-15.759179687500364,15.759179687500364,248.35174442292407,0.23598298449409807,34.9,4.1,3336.1,4290.0,0.4374582027510785,27.5,920.1
36,36,lstm,loso,Sharurah - TVTC,17.47586,47.08618,01-08-2021 00:00,7125.3,7187.53173828125,62.23173828124982,62.23173828124982,3872.789249505974,0.8733911313383271,36.7,4.1,3060.8,5235.1,0.36895333839607514,17.9,922.0
37,36,lstm,loso,Sharurah - TVTC,17.47586,47.08618,01-09-2021 00:00,7019.1,7102.626953125,83.52695312499964,83.52695312499964,6976.751898345887,1.1899952005955128,34.0,3.4,2545.6,6044.4,0.29634458672875436,15.1,924.5
38,36,lstm,loso,Sharurah - TVTC,17.47586,47.08618,01-10-2021 00:00,6476.5,6510.7119140625,34.2119140625,34.2119140625,1170.4550638198853,0.5282469553385316,29.9,3.3,1702.3,7160.0,0.1920833192286427,21.6,929.7
39,36,lstm,loso,Sharurah - TVTC,17.47586,47.08618,01-11-2021 00:00,5876.1,5814.35498046875,-61.745019531250364,61.745019531250364,3812.447436914489,1.0507823136306456,25.1,3.1,1249.5,7711.1,0.13944378724638976,24.9,932.5
40,36,lstm,loso,Sharurah - TVTC,17.47586,47.08618,01-12-2021 00:00,5491.3,5622.43115234375,131.13115234374982,131.13115234374982,17195.379114999723,2.3879801202584052,21.0,2.5,1039.4,8066.4,0.11414702716949639,32.6,933.9
434,37,lstm,loso,Tabuk - University,28.38287,36.48396,01-01-2017 00:00,4028.6,4572.533203125,543.9332031250001,543.9332031250001,295863.32946182264,13.501792263441398,11.2,2.1,1282.3,5592.6,0.18651907664111475,36.7,929.7
435,37,lstm,loso,Tabuk - University,28.38287,36.48396,01-02-2017 00:00,5199.5,5148.306640625,-51.193359375,51.193359375,2620.7600440979004,0.9845823516684296,11.5,2.3,1318.5,6873.2,0.1609556014014185,26.5,930.0
436,37,lstm,loso,Tabuk - University,28.38287,36.48396,01-03-2017 00:00,6312.4,5579.5771484375,-732.8228515624996,732.8228515624996,537029.3317721934,11.609258785287683,17.7,2.6,1617.6,7280.9,0.1817834466483115,25.8,925.4
437,37,lstm,loso,Tabuk - University,28.38287,36.48396,01-04-2017 00:00,6791.0,6698.72607421875,-92.27392578125,92.27392578125,8514.477379083633,1.358767866017523,23.1,0.4,2492.4,6099.6,0.2900837988826816,21.2,926.3
438,37,lstm,loso,Tabuk - University,28.38287,36.48396,01-05-2017 00:00,7630.7,7400.4462890625,-230.25371093749982,230.25371093749982,53016.77140048972,3.017465120336271,27.5,0.0,1894.8,7888.3,0.19368093957947888,17.3,925.1
439,37,lstm,loso,Tabuk - University,28.38287,36.48396,01-09-2017 00:00,6626.0,6583.3369140625,-42.6630859375,42.6630859375,1820.1389017105103,0.6438739199743435,29.9,2.8,1888.1,6915.3,0.21447395324533702,22.4,924.5
440,37,lstm,loso,Tabuk - University,28.38287,36.48396,01-11-2017 00:00,4388.9,4649.00390625,260.10390625000036,260.10390625000036,67654.04204650898,5.926403113536431,17.5,2.0,1375.6,5824.3,0.19105820914179364,39.6,928.5
441,37,lstm,loso,Tabuk - University,28.38287,36.48396,01-03-2018 00:00,6380.9,6661.861328125,280.96132812500036,280.96132812500036,78939.26790176412,4.403161436866278,21.9,2.5,1814.9,7139.4,0.20268474364271916,18.7,926.5
442,37,lstm,loso,Tabuk - University,28.38287,36.48396,01-04-2018 00:00,7043.3,6816.513671875,-226.78632812500018,226.78632812500018,51432.038624420245,3.2198873841097235,22.4,2.5,2347.1,6530.4,0.2643874964798648,24.7,924.4
443,37,lstm,loso,Tabuk - University,28.38287,36.48396,01-05-2018 00:00,7448.6,7038.2041015625,-410.39589843750036,410.39589843750036,168424.7934543231,5.5097051585197265,28.1,3.1,2752.3,6270.7,0.3050315859470243,18.8,923.8
444,37,lstm,loso,Tabuk - University,28.38287,36.48396,01-06-2018 00:00,8333.0,7343.85888671875,-989.14111328125,989.14111328125,978400.1419832706,11.870168166101644,30.6,2.9,2058.5,8506.7,0.19483776928027863,19.4,922.6
445,37,lstm,loso,Tabuk - University,28.38287,36.48396,01-07-2018 00:00,8157.9,7576.94482421875,-580.9551757812496,580.9551757812496,337508.91626702267,7.121381431266008,31.6,2.8,1839.3,8659.4,0.17519311914808502,19.7,921.0
446,37,lstm,loso,Tabuk - University,28.38287,36.48396,01-08-2018 00:00,7802.0,5966.40283203125,-1835.59716796875,1835.59716796875,3369416.9630548954,23.527264393344655,31.0,2.8,1266.2,9316.7,0.11964584376683139,23.9,922.0
447,37,lstm,loso,Tabuk - University,28.38287,36.48396,01-03-2019 00:00,6494.3,6015.171875,-479.1281250000002,479.1281250000002,229563.7601660158,7.377671573533718,15.7,2.8,1643.5,7700.4,0.17589015293399973,29.7,926.7
448,37,lstm,loso,Tabuk - University,28.38287,36.48396,01-04-2019 00:00,6681.0,5884.5771484375,-796.4228515625,796.4228515625,634289.3584909439,11.920713239971562,20.6,2.7,2060.7,6569.1,0.2387888479454912,23.4,925.8
449,37,lstm,loso,Tabuk - University,28.38287,36.48396,01-05-2019 00:00,7116.1,7191.9169921875,75.81699218749964,75.81699218749964,5748.216304359381,1.0654289876125915,29.0,2.7,2054.7,6870.8,0.23020559072320876,13.4,924.7
450,37,lstm,loso,Tabuk - University,28.38287,36.48396,01-06-2019 00:00,7896.1,7477.26171875,-418.83828125000036,418.83828125000036,175425.5058404544,5.304369008117936,31.4,3.0,1917.9,8159.0,0.19032639006043528,18.3,923.1
451,37,lstm,loso,Tabuk - University,28.38287,36.48396,01-07-2019 00:00,8313.3,7406.7060546875,-906.5939453124993,906.5939453124993,821912.5816772829,10.905343790221684,31.8,2.8,1500.0,9425.8,0.13728971791539293,18.7,921.0
452,37,lstm,loso,Tabuk - University,28.38287,36.48396,01-08-2019 00:00,7684.6,7222.61865234375,-461.98134765625036,461.98134765625036,213426.76558228527,6.011781324418322,31.3,2.7,1533.0,8704.4,0.14974505245472483,21.1,922.1
453,37,lstm,loso,Tabuk - University,28.38287,36.48396,01-09-2019 00:00,6747.2,6506.185546875,-241.01445312499982,241.01445312499982,58087.96661514274,3.572066236735236,30.0,2.7,1567.3,7724.1,0.16868286802849947,23.6,923.8
454,37,lstm,loso,Tabuk - University,28.38287,36.48396,01-10-2019 00:00,5138.7,6578.63623046875,1439.9362304687502,1439.9362304687502,2073416.3478165537,28.021410677189763,25.8,2.5,2188.2,4966.1,0.3058580154592343,29.9,926.7
455,37,lstm,loso,Tabuk - University,28.38287,36.48396,01-11-2019 00:00,4226.5,4588.17529296875,361.67529296875,361.67529296875,130809.01754403114,8.557323860611616,18.8,2.1,1259.1,5771.2,0.1790961978862922,36.4,928.0
456,37,lstm,loso,Tabuk - University,28.38287,36.48396,01-12-2019 00:00,4025.8,4602.2734375,576.4734374999998,576.4734374999998,332321.6241430662,14.31947532167519,13.1,2.1,865.8,6857.0,0.11210959755529082,39.5,929.3
457,37,lstm,loso,Tabuk - University,28.38287,36.48396,01-01-2020 00:00,4191.2,4905.8046875,714.6046875000002,714.6046875000002,510659.8593969729,17.050121385283457,10.3,1.9,1060.0,6498.1,0.1402468874452574,42.2,930.3
458,37,lstm,loso,Tabuk - University,28.38287,36.48396,01-09-2020 00:00,6244.6,6141.4609375,-103.13906250000036,103.13906250000036,10637.666213378981,1.6516520273516375,32.4,2.4,1627.6,6731.6,0.19470762752416496,18.1,924.0
459,37,lstm,loso,Tabuk - University,28.38287,36.48396,01-10-2020 00:00,5630.9,5662.5322265625,31.632226562500364,31.632226562500364,1000.5977573013536,0.5617614690813256,26.8,2.2,1270.6,7375.2,0.14696153045409333,17.6,927.6
460,37,lstm,loso,Tabuk - University,28.38287,36.48396,01-11-2020 00:00,4561.7,4867.7236328125,306.0236328125002,306.0236328125002,93650.46383975993,6.708543587094727,18.1,2.2,1000.6,6999.7,0.12507030986338014,40.3,928.0
461,37,lstm,loso,Tabuk - University,28.38287,36.48396,01-12-2020 00:00,3685.6,4509.96484375,824.3648437500001,824.3648437500001,679577.3956109621,22.367181564738445,14.5,1.9,1259.4,5190.9,0.19524673271010654,43.1,929.5
462,37,lstm,loso,Tabuk - University,28.38287,36.48396,01-01-2021 00:00,4246.2,4552.0537109375,305.8537109375002,305.8537109375002,93546.49249423992,7.20299823224295,13.3,2.0,1255.2,6090.1,0.17088478346697888,41.5,930.0
463,37,lstm,loso,Tabuk - University,28.38287,36.48396,01-02-2021 00:00,5149.7,5080.19775390625,-69.50224609374982,69.50224609374982,4830.562212076162,1.3496367961968623,14.4,2.4,1345.2,6825.2,0.16464310192891415,39.2,928.8
464,37,lstm,loso,Tabuk - University,28.38287,36.48396,01-09-2021 00:00,6587.6,6261.93212890625,-325.66787109375036,325.66787109375036,106059.5622627356,4.943649752470556,29.5,2.8,1565.9,7489.3,0.1729282622139765,24.4,924.1
465,37,lstm,loso,Tabuk - University,28.38287,36.48396,01-10-2021 00:00,5489.4,5172.43017578125,-316.96982421874964,316.96982421874964,100469.86946526504,5.774216202476585,25.3,2.4,1432.5,6797.3,0.17406255316046565,25.4,927.3
466,37,lstm,loso,Tabuk - University,28.38287,36.48396,01-11-2021 00:00,4362.8,4627.27001953125,264.4700195312498,264.4700195312498,69944.39123085966,6.061933151445168,19.1,1.9,1072.8,6400.4,0.1435529625863084,34.5,928.8
467,37,lstm,loso,Tabuk - University,28.38287,36.48396,01-12-2021 00:00,3774.5,4546.19189453125,771.69189453125,771.69189453125,595508.3800852299,20.44487732232746,13.7,2.1,1420.9,4968.0,0.2224013523454742,39.6,929.3
712,38,lstm,loso,Taif - University,21.43278,40.49173,01-01-2017 00:00,4868.6,4865.08203125,-3.517968750000364,3.517968750000364,12.376104125979122,0.07225832374810753,18.1,2.5,1127.7,6756.0,0.14304197267780358,43.8,851.0
713,38,lstm,loso,Taif - University,21.43278,40.49173,01-02-2017 00:00,4544.6,4807.34814453125,262.74814453124964,262.74814453124964,69036.58745461445,5.781546110356238,15.9,3.1,1958.9,4114.3,0.32254824474741484,47.1,849.8
714,38,lstm,loso,Taif - University,21.43278,40.49173,01-05-2017 00:00,6424.3,6440.81982421875,16.519824218749818,16.519824218749818,272.904592218393,0.25714590256914865,26.0,2.6,2870.0,4672.9,0.38049026236593353,33.7,849.6
715,38,lstm,loso,Taif - University,21.43278,40.49173,01-09-2017 00:00,6560.7,6525.68603515625,-35.01396484374982,35.01396484374982,1225.9777340793482,0.5336925151851146,28.0,2.5,2412.9,5620.2,0.30036972028233183,18.9,848.8
716,38,lstm,loso,Taif - University,21.43278,40.49173,01-11-2017 00:00,5215.9,4912.88623046875,-303.01376953124964,303.01376953124964,91817.34452553726,5.8094244431689575,20.0,2.3,1409.4,6571.4,0.17659883720930236,42.1,850.6
717,38,lstm,loso,Taif - University,21.43278,40.49173,01-03-2018 00:00,6963.9,6488.35986328125,-475.54013671874964,475.54013671874964,226138.4216304871,6.828646831786063,21.5,2.7,1815.4,7489.4,0.1951036024417505,29.7,849.6
718,38,lstm,loso,Taif - University,21.43278,40.49173,01-04-2018 00:00,6959.2,6115.50537109375,-843.6946289062498,843.6946289062498,711820.6268452546,12.123442765062793,21.9,3.1,2318.9,6303.2,0.2689484000417532,38.0,848.1
719,38,lstm,loso,Taif - University,21.43278,40.49173,01-05-2018 00:00,7434.2,6715.08447265625,-719.1155273437498,719.1155273437498,517127.1416668794,9.673072117292376,26.6,2.8,2718.2,6136.2,0.3069886158294181,22.9,848.5
720,38,lstm,loso,Taif - University,21.43278,40.49173,01-06-2018 00:00,7557.7,7036.13037109375,-521.5696289062498,521.5696289062498,272034.87779740314,6.901168727340988,29.5,3.2,2904.7,5915.2,0.3293347997142825,15.5,847.2
721,38,lstm,loso,Taif - University,21.43278,40.49173,01-07-2018 00:00,7580.5,7058.22265625,-522.27734375,522.27734375,272773.62379455566,6.8897479552799945,28.3,4.2,2744.1,6186.4,0.3072728290689211,18.7,846.8
722,38,lstm,loso,Taif - University,21.43278,40.49173,01-08-2018 00:00,7265.2,6985.4013671875,-279.7986328124998,279.7986328124998,78287.2749237441,3.8512172109852423,28.5,4.2,2426.0,6352.0,0.2763727500569606,19.5,846.9
723,38,lstm,loso,Taif - University,21.43278,40.49173,01-11-2018 00:00,4463.3,4380.62744140625,-82.67255859375018,82.67255859375018,6834.751944437057,1.8522742946642659,18.3,2.3,1618.7,4984.8,0.2451275838570455,60.2,850.6
724,38,lstm,loso,Taif - University,21.43278,40.49173,01-12-2018 00:00,4686.2,4602.458984375,-83.74101562499982,83.74101562499982,7012.5576979064635,1.7869705865093215,17.5,2.2,1426.5,5956.6,0.19321152361474175,54.9,851.2
725,38,lstm,loso,Taif - University,21.43278,40.49173,01-01-2019 00:00,5163.2,5028.318359375,-134.88164062499982,134.88164062499982,18193.0569776916,2.6123652119809386,18.2,2.7,1390.7,6733.5,0.1711799315624923,43.7,851.1
726,38,lstm,loso,Taif - University,21.43278,40.49173,01-02-2019 00:00,5702.3,5746.744140625,44.44414062499982,44.44414062499982,1975.2816358947591,0.7794072676814586,17.7,3.3,1904.4,6095.4,0.238055951398785,43.6,849.8
727,38,lstm,loso,Taif - University,21.43278,40.49173,01-03-2019 00:00,7014.5,6295.50390625,-718.99609375,718.99609375,516955.3828277588,10.250140334307506,18.7,3.7,1888.6,7502.6,0.20110316040548595,30.7,849.0
728,38,lstm,loso,Taif - University,21.43278,40.49173,01-02-2020 00:00,5953.4,5672.66650390625,-280.73349609374964,280.73349609374964,78811.29582901935,4.715515438131987,17.5,3.0,1637.0,6898.4,0.19178948848325797,41.4,850.5
729,38,lstm,loso,Taif - University,21.43278,40.49173,01-04-2020 00:00,7457.6,7298.94140625,-158.65859375000036,158.65859375000036,25172.549370727655,2.1274752433758897,23.0,3.2,2103.6,7390.6,0.22156685134081858,32.4,848.7
730,38,lstm,loso,Taif - University,21.43278,40.49173,01-05-2020 00:00,6566.1,6828.26611328125,262.16611328124964,262.16611328124964,68731.07095299702,3.9927219092193176,25.9,2.6,2471.2,5410.9,0.31352050849392926,29.6,849.6
731,38,lstm,loso,Taif - University,21.43278,40.49173,01-09-2020 00:00,6771.3,6539.33984375,-231.96015625000018,231.96015625000018,53805.5140875245,3.425636971482583,28.2,2.4,2112.4,6453.2,0.24661436443448212,20.6,848.3
732,38,lstm,loso,Taif - University,21.43278,40.49173,01-11-2020 00:00,5037.2,4806.04736328125,-231.15263671874982,231.15263671874982,53431.54146203033,4.588911234788172,20.2,2.2,1345.1,6446.9,0.17262577002053386,48.9,850.7
733,38,lstm,loso,Taif - University,21.43278,40.49173,01-01-2021 00:00,5078.9,4826.419921875,-252.48007812499964,252.48007812499964,63746.18985000592,4.971156709622155,16.5,2.2,1373.4,6610.2,0.17202765669622727,46.8,850.6
734,38,lstm,loso,Taif - University,21.43278,40.49173,01-04-2021 00:00,6761.1,6854.2236328125,93.12363281249964,93.12363281249964,8672.010988197258,1.3773444086391213,22.8,2.5,2491.3,5707.1,0.30387636612021857,33.3,849.6
735,38,lstm,loso,Taif - University,21.43278,40.49173,01-07-2021 00:00,7142.4,6919.49658203125,-222.90341796874964,222.90341796874964,49685.9337421511,3.1208475858079865,29.3,4.4,3065.0,5167.7,0.37229584461962656,19.6,845.5
736,38,lstm,loso,Taif - University,21.43278,40.49173,01-10-2021 00:00,6174.0,6454.189453125,280.189453125,280.189453125,78506.12964248657,4.538215956025268,25.0,2.4,1625.4,7011.9,0.18818380743982496,24.6,850.8
797,39,lstm,loso,Thuwal - KAUST,22.3065,39.107,01-01-2017 00:00,4441.4,4491.01953125,49.619531250000364,49.619531250000364,2462.097881469763,1.1172047383707921,23.9,2.2,1551.0,5142.7,0.2317104142701346,83.6,1012.4
798,39,lstm,loso,Thuwal - KAUST,22.3065,39.107,01-02-2017 00:00,4529.6,4964.974609375,435.37460937499964,435.37460937499964,189551.0504884335,9.611767250419454,23.3,2.7,2316.1,3523.9,0.39659246575342466,65.1,1012.1
799,39,lstm,loso,Thuwal - KAUST,22.3065,39.107,01-03-2017 00:00,5726.5,5659.27001953125,-67.22998046875,67.22998046875,4519.8702738285065,1.1740152007116038,24.6,2.6,2544.1,4485.6,0.36190733601718417,83.6,1008.4
800,39,lstm,loso,Thuwal - KAUST,22.3065,39.107,01-04-2017 00:00,6098.8,5712.7197265625,-386.0802734375002,386.0802734375002,149057.97753757492,6.330430140970357,27.9,2.8,3026.8,3978.0,0.43210370031978074,80.6,1007.1
801,39,lstm,loso,Thuwal - KAUST,22.3065,39.107,01-05-2017 00:00,6160.8,5870.62744140625,-290.1725585937502,290.1725585937502,84200.11376084338,4.70998179771702,29.8,2.6,2851.5,4210.5,0.4037807986406117,83.8,1005.5
802,39,lstm,loso,Thuwal - KAUST,22.3065,39.107,01-06-2017 00:00,6778.2,6606.92822265625,-171.27177734374982,171.27177734374982,29334.021714487015,2.5268032419189432,29.9,2.5,2344.2,5721.0,0.29065615235828,92.4,1001.6
803,39,lstm,loso,Thuwal - KAUST,22.3065,39.107,01-09-2017 00:00,6160.3,5809.33837890625,-350.9616210937502,350.9616210937502,123174.05948075307,5.697151455184815,31.4,2.5,2630.7,4680.7,0.3598079711136034,93.7,1003.3
804,39,lstm,loso,Thuwal - KAUST,22.3065,39.107,01-10-2017 00:00,5630.4,5163.36083984375,-467.03916015624964,467.03916015624964,218125.577119455,8.29495524574186,29.0,2.1,1788.8,5825.1,0.23493873047978037,95.9,1007.0
805,39,lstm,loso,Thuwal - KAUST,22.3065,39.107,01-11-2017 00:00,4537.8,4623.138671875,85.33867187499982,85.33867187499982,7282.688917388885,1.880617741526727,27.5,2.3,1685.6,4843.0,0.25818705388597857,88.8,1009.6
806,39,lstm,loso,Thuwal - KAUST,22.3065,39.107,01-03-2018 00:00,6375.2,5753.60107421875,-621.5989257812498,621.5989257812498,386385.2245324037,9.75026549412175,26.0,0.0,2089.3,6161.7,0.2532177917828142,68.9,1008.3
807,39,lstm,loso,Thuwal - KAUST,22.3065,39.107,01-04-2018 00:00,7031.1,6280.826171875,-750.2738281250004,750.2738281250004,562910.8171693425,10.670788754604548,27.0,0.0,2507.9,6022.8,0.29398525326174874,65.5,1006.2
808,39,lstm,loso,Thuwal - KAUST,22.3065,39.107,01-05-2018 00:00,7120.5,6688.83935546875,-431.66064453125,431.66064453125,186330.91203713417,6.0622237838810475,30.2,0.0,3128.0,5108.0,0.37979601748421565,62.0,1003.9
809,39,lstm,loso,Thuwal - KAUST,22.3065,39.107,01-06-2018 00:00,7152.3,6965.17529296875,-187.12470703125018,187.12470703125018,35015.655981531214,2.616287166802989,30.9,0.0,2970.5,5355.5,0.3567739610857555,68.2,1001.6
810,39,lstm,loso,Thuwal - KAUST,22.3065,39.107,01-07-2018 00:00,7036.3,6763.7490234375,-272.5509765625002,272.5509765625002,74284.03482517252,3.87349852283871,31.9,0.0,2769.9,5444.7,0.3371923161200789,65.5,1001.7
811,39,lstm,loso,Thuwal - KAUST,22.3065,39.107,01-08-2018 00:00,6668.6,6261.3173828125,-407.28261718750036,407.28261718750036,165879.13026309997,6.107468092065806,32.1,0.0,2421.2,5502.2,0.30557588913850114,69.5,1001.9
812,39,lstm,loso,Thuwal - KAUST,22.3065,39.107,01-09-2018 00:00,5840.5,5758.59326171875,-81.90673828125,81.90673828125,6708.713775873184,1.4023925739448677,31.6,0.0,3004.4,3679.4,0.4495047727340734,79.2,1003.4
813,39,lstm,loso,Thuwal - KAUST,22.3065,39.107,01-10-2018 00:00,5111.6,5057.05029296875,-54.549707031250364,54.549707031250364,2975.6705371952453,1.0671747991088967,29.9,0.0,2043.4,4577.8,0.3086147526128194,71.9,1007.7
814,39,lstm,loso,Thuwal - KAUST,22.3065,39.107,01-11-2018 00:00,4224.2,4621.28564453125,397.0856445312502,397.0856445312502,157677.00909279837,9.400256723906306,26.9,0.0,1619.0,4521.7,0.26365072385884347,61.5,1009.8
815,39,lstm,loso,Thuwal - KAUST,22.3065,39.107,01-12-2018 00:00,3910.5,4556.92236328125,646.42236328125,646.42236328125,417861.87175011635,16.530427394994245,24.8,0.0,1644.6,4220.4,0.28040920716112533,66.4,1012.2
816,39,lstm,loso,Thuwal - KAUST,22.3065,39.107,01-01-2019 00:00,3951.5,4458.8203125,507.3203125,507.3203125,257373.89947509766,12.83867676831583,24.1,0.0,1959.2,3470.4,0.36083689406217767,67.7,1012.3
817,39,lstm,loso,Thuwal - KAUST,22.3065,39.107,01-02-2019 00:00,4607.3,5108.72900390625,501.4290039062498,501.4290039062498,251431.0459584139,10.883359101995742,23.9,0.0,2080.2,4001.6,0.3420368969712914,57.9,1011.5
818,39,lstm,loso,Thuwal - KAUST,22.3065,39.107,01-03-2019 00:00,6107.7,5708.6328125,-399.0671874999998,399.0671874999998,159254.62013916002,6.533837410154393,23.7,0.0,2209.2,5648.4,0.28115455100794134,60.6,1010.2
819,39,lstm,loso,Thuwal - KAUST,22.3065,39.107,01-04-2019 00:00,6768.1,6683.01806640625,-85.08193359375036,85.08193359375036,7238.935424051347,1.2571021940241776,26.2,0.0,2516.8,5741.0,0.30477851243672655,64.7,1007.5
820,39,lstm,loso,Thuwal - KAUST,22.3065,39.107,01-05-2019 00:00,6682.7,6597.57763671875,-85.12236328124982,85.12236328124982,7245.8167305850675,1.2737720274926276,30.2,0.0,2797.3,4946.6,0.36122625550433246,63.9,1005.1
821,39,lstm,loso,Thuwal - KAUST,22.3065,39.107,01-06-2019 00:00,6334.7,6615.15380859375,280.4538085937502,280.4538085937502,78654.33875473986,4.427262673745405,31.8,0.0,2680.4,4588.4,0.36875412722870354,66.0,1002.1
822,39,lstm,loso,Thuwal - KAUST,22.3065,39.107,01-07-2019 00:00,6893.8,6390.8427734375,-502.9572265625002,502.9572265625002,252965.97175144215,7.295790805687721,31.8,0.0,2480.5,5709.7,0.3028619569729677,68.0,1000.9
823,39,lstm,loso,Thuwal - KAUST,22.3065,39.107,01-08-2019 00:00,6611.0,6111.52197265625,-499.47802734375,499.47802734375,249478.29979920387,7.555256804473605,32.2,0.0,2337.3,5597.8,0.294552053534297,69.8,1002.5
824,39,lstm,loso,Thuwal - KAUST,22.3065,39.107,01-09-2019 00:00,5908.1,5776.9951171875,-131.10488281250036,131.10488281250036,17188.49029727945,2.219070137819271,30.9,0.0,2469.5,4619.7,0.34834678101901484,78.0,1002.8
825,39,lstm,loso,Thuwal - KAUST,22.3065,39.107,01-10-2019 00:00,5228.0,5593.57080078125,365.57080078125,365.57080078125,133642.01038384438,6.992555485486802,31.1,0.0,1870.5,5032.4,0.2709730692897188,69.0,1007.6
826,39,lstm,loso,Thuwal - KAUST,22.3065,39.107,01-11-2019 00:00,4486.9,4769.83251953125,282.93251953125036,282.93251953125036,80050.81060830137,6.305746050307571,28.1,0.0,1567.2,5053.0,0.23673000815685327,63.0,1008.6
827,39,lstm,loso,Thuwal - KAUST,22.3065,39.107,01-12-2019 00:00,4316.6,4747.189453125,430.58945312499964,430.58945312499964,185407.27714248627,9.975199303271083,24.8,0.0,1322.5,5637.5,0.19001436781609196,58.0,1011.5
828,39,lstm,loso,Thuwal - KAUST,22.3065,39.107,01-01-2020 00:00,4597.0,4763.5576171875,166.5576171875,166.5576171875,27741.439843177795,3.6231807088862302,21.6,0.2,1307.7,6020.4,0.17845007573586608,52.8,1014.3
829,39,lstm,loso,Thuwal - KAUST,22.3065,39.107,01-02-2020 00:00,4914.9,4829.9189453125,-84.98105468749964,84.98105468749964,7221.779655799804,1.7290495165211834,22.7,2.6,1963.0,4774.1,0.2913716584287008,62.1,1012.8
830,39,lstm,loso,Thuwal - KAUST,22.3065,39.107,01-03-2020 00:00,6083.3,5912.4638671875,-170.83613281250018,170.83613281250018,29184.9842743302,2.808280584756632,24.1,2.6,2321.5,5308.6,0.304255514344504,66.8,1008.8
831,39,lstm,loso,Thuwal - KAUST,22.3065,39.107,01-04-2020 00:00,6790.1,6295.6767578125,-494.42324218750036,494.42324218750036,244454.34241519964,7.281531084777844,26.0,2.4,2145.2,6306.7,0.2538127521622357,67.9,1007.6
832,39,lstm,loso,Thuwal - KAUST,22.3065,39.107,01-05-2020 00:00,6632.5,5913.638671875,-718.861328125,718.861328125,516761.6090736389,10.838467065586128,29.3,2.5,2533.6,5336.2,0.32193956644387406,67.4,1005.5
833,39,lstm,loso,Thuwal - KAUST,22.3065,39.107,01-09-2020 00:00,6025.7,5990.7470703125,-34.95292968749982,34.95292968749982,1221.7072937393061,0.5800642197172082,32.4,2.3,2314.2,5023.7,0.3153763338284795,74.8,1002.1
834,39,lstm,loso,Thuwal - KAUST,22.3065,39.107,01-10-2020 00:00,5569.3,5962.96142578125,393.6614257812498,393.6614257812498,154969.31814812645,7.068418396948446,31.3,2.3,1615.0,6168.2,0.20749820125398294,57.9,1006.8
835,39,lstm,loso,Thuwal - KAUST,22.3065,39.107,01-11-2020 00:00,4492.5,5468.27294921875,975.77294921875,975.77294921875,952132.8484270573,21.72004338828603,27.8,2.4,1422.6,5307.0,0.21139443651925818,63.7,1009.9
836,39,lstm,loso,Thuwal - KAUST,22.3065,39.107,01-12-2020 00:00,4028.1,4658.765625,630.6656250000001,630.6656250000001,397739.13055664074,15.656652640202578,25.5,2.1,1489.9,4741.3,0.23910322249325971,62.3,1011.3
837,39,lstm,loso,Thuwal - KAUST,22.3065,39.107,01-01-2021 00:00,4280.5,4606.1904296875,325.6904296875,325.6904296875,106074.25599002838,7.6087006117860065,24.9,2.5,1733.6,4544.0,0.2761564929272333,59.4,1011.7
838,39,lstm,loso,Thuwal - KAUST,22.3065,39.107,01-02-2021 00:00,4971.2,4932.73828125,-38.46171874999982,38.46171874999982,1479.3038092040877,0.7736908342050173,23.9,2.7,1647.6,5373.2,0.23467411121239745,63.0,1011.4
839,39,lstm,loso,Thuwal - KAUST,22.3065,39.107,01-09-2021 00:00,5790.5,5818.24072265625,27.74072265625,27.74072265625,769.547693490982,0.47907301021068993,31.1,2.5,2674.1,4143.2,0.392252064600355,76.7,1002.9
840,39,lstm,loso,Thuwal - KAUST,22.3065,39.107,01-10-2021 00:00,5313.2,5151.4716796875,-161.72832031249982,161.72832031249982,26156.049591102543,3.0438967159621284,29.3,0.2,1831.3,5239.4,0.25899840185554474,78.8,1006.7
841,39,lstm,loso,Thuwal - KAUST,22.3065,39.107,01-11-2021 00:00,4389.4,4646.8642578125,257.46425781250036,257.46425781250036,66287.84405094165,5.86559114713857,27.4,0.0,1350.9,5247.1,0.20474386177629586,69.7,1009.5
842,39,lstm,loso,Thuwal - KAUST,22.3065,39.107,01-12-2021 00:00,3797.4,4529.1513671875,731.7513671874999,731.7513671874999,535460.0633807753,19.269799525662293,25.3,0.0,1589.8,4094.9,0.27966295494924975,62.9,1011.8
258,40,lstm,loso,Timaa - TVTC,27.6173,38.5252,01-01-2017 00:00,4235.7,4764.849609375,529.1496093750002,529.1496093750002,279999.3091017153,12.49261301260713,13.2,1.9,1325.4,5906.3,0.1832764080368378,36.9,921.5
259,40,lstm,loso,Timaa - TVTC,27.6173,38.5252,01-02-2017 00:00,5392.6,5290.08984375,-102.51015625000036,102.51015625000036,10508.332134399488,1.9009412203760776,12.5,2.3,1649.3,6580.6,0.200403407088786,28.9,921.8
260,40,lstm,loso,Timaa - TVTC,27.6173,38.5252,01-03-2017 00:00,6511.6,5986.69580078125,-524.9041992187504,524.9041992187504,275524.4183574776,8.061063321130757,19.4,2.6,1990.0,7008.4,0.22115042674253202,25.2,917.2
261,40,lstm,loso,Timaa - TVTC,27.6173,38.5252,01-04-2017 00:00,6508.5,6458.09765625,-50.40234375,50.40234375,2540.396255493164,0.7744079857109933,25.1,3.1,2727.9,5257.1,0.34162805259862244,21.1,918.3
262,40,lstm,loso,Timaa - TVTC,27.6173,38.5252,01-05-2017 00:00,7872.0,7469.21142578125,-402.78857421875,402.78857421875,162238.63552117348,5.1167247741203,29.8,2.6,2439.0,7320.8,0.24990266193979388,16.1,916.8
263,40,lstm,loso,Timaa - TVTC,27.6173,38.5252,01-06-2017 00:00,8158.9,7538.501953125,-620.3980468749996,620.3980468749996,384893.73656631424,7.603942282354235,33.5,2.4,1845.5,8604.1,0.17660963099065993,14.6,914.7
264,40,lstm,loso,Timaa - TVTC,27.6173,38.5252,01-09-2017 00:00,6674.6,6627.59375,-47.006250000000364,47.006250000000364,2209.5875390625342,0.704255685733982,33.0,2.3,2419.6,6025.1,0.2865229078593674,15.6,916.4
265,40,lstm,loso,Timaa - TVTC,27.6173,38.5252,01-10-2017 00:00,5879.9,5865.37646484375,-14.523535156249636,14.523535156249636,210.93307343481914,0.2470030979480882,26.4,2.0,1347.0,7582.5,0.15084831177557534,24.0,918.5
266,40,lstm,loso,Timaa - TVTC,27.6173,38.5252,01-11-2017 00:00,4426.5,4781.12841796875,354.62841796875,354.62841796875,125761.31483101845,8.01148577812606,20.3,2.0,1652.8,5246.3,0.23956747981620788,38.9,920.2
267,40,lstm,loso,Timaa - TVTC,27.6173,38.5252,01-03-2018 00:00,6509.7,6460.365234375,-49.33476562499982,49.33476562499982,2433.9190992736635,0.7578654258260722,22.8,2.4,2201.9,6702.4,0.24728501959727325,21.6,918.5
268,40,lstm,loso,Timaa - TVTC,27.6173,38.5252,01-04-2018 00:00,7333.9,6566.52880859375,-767.3711914062496,767.3711914062496,588858.545400247,10.463344078951849,23.4,2.8,2665.5,6450.5,0.29239798157086444,26.7,916.1
269,40,lstm,loso,Timaa - TVTC,27.6173,38.5252,01-05-2018 00:00,7389.0,6912.48095703125,-476.51904296875,476.51904296875,227070.3983118534,6.4490329269014754,28.8,3.0,3115.1,5636.0,0.35596667847470603,20.9,915.9
270,40,lstm,loso,Timaa - TVTC,27.6173,38.5252,01-06-2018 00:00,8218.7,7398.3994140625,-820.3005859375007,820.3005859375007,672893.0512894071,9.98090435150937,32.3,2.5,2262.5,8035.6,0.21970072149231412,17.1,914.3
271,40,lstm,loso,Timaa - TVTC,27.6173,38.5252,01-07-2018 00:00,8005.7,7451.76416015625,-553.9358398437498,553.9358398437498,306844.91466340044,6.919268019582921,33.4,2.5,2187.6,7878.7,0.2173191738771942,17.9,912.7
272,40,lstm,loso,Timaa - TVTC,27.6173,38.5252,01-08-2018 00:00,7533.6,7292.9365234375,-240.66347656250036,240.66347656250036,57918.90895114916,3.194534838092019,33.3,2.3,1625.7,8288.3,0.16398022997780917,20.1,913.6
273,40,lstm,loso,Timaa - TVTC,27.6173,38.5252,01-09-2018 00:00,6329.5,6429.07177734375,99.57177734375,99.57177734375,9914.538843393326,1.573138120605893,33.7,2.2,2464.5,5371.6,0.3145059404550733,17.5,916.5
274,40,lstm,loso,Timaa - TVTC,27.6173,38.5252,01-10-2018 00:00,5447.3,5484.15380859375,36.85380859374982,36.85380859374982,1358.203207864748,0.6765518439180845,27.0,2.3,1906.8,5731.5,0.24963669926554335,25.4,919.5
275,40,lstm,loso,Timaa - TVTC,27.6173,38.5252,01-11-2018 00:00,3967.4,4613.9736328125,646.5736328124999,646.5736328124999,418057.4626483535,16.297162696287238,18.0,2.2,1406.4,4995.9,0.2196710557143527,59.7,920.0
276,40,lstm,loso,Timaa - TVTC,27.6173,38.5252,01-12-2018 00:00,4013.6,4657.75830078125,644.1583007812501,644.1583007812501,414939.91646538745,16.049389594908565,14.7,2.1,1205.0,5996.9,0.16731695802496566,54.5,921.7
277,40,lstm,loso,Timaa - TVTC,27.6173,38.5252,01-01-2019 00:00,3942.3,4425.49560546875,483.1956054687498,483.1956054687498,233477.99314431174,12.256692932266693,14.2,2.1,1738.1,4375.9,0.28428197579326137,43.8,920.4
278,40,lstm,loso,Timaa - TVTC,27.6173,38.5252,01-02-2019 00:00,5130.1,4901.3388671875,-228.76113281250036,228.76113281250036,52331.65588565843,4.459194417506488,14.6,2.8,1621.0,6143.3,0.20877606480944838,47.0,920.4
279,40,lstm,loso,Timaa - TVTC,27.6173,38.5252,01-03-2019 00:00,6669.6,6317.09912109375,-352.50087890625036,352.50087890625036,124256.86962967899,5.285187701005313,16.7,2.7,1709.9,7841.6,0.17901900225095535,30.7,918.6
280,40,lstm,loso,Timaa - TVTC,27.6173,38.5252,01-04-2019 00:00,7251.2,6679.837890625,-571.3621093749998,571.3621093749998,326454.66002944927,7.879552479244813,21.9,2.8,2292.5,6982.3,0.24717514124293788,25.1,917.6
281,40,lstm,loso,Timaa - TVTC,27.6173,38.5252,01-05-2019 00:00,7953.8,7458.19580078125,-495.6041992187502,495.6041992187502,245623.52228325862,6.231036727334735,30.3,2.5,2357.2,7511.2,0.2388634429086782,14.3,916.6
282,40,lstm,loso,Timaa - TVTC,27.6173,38.5252,01-06-2019 00:00,8149.4,7551.8134765625,-597.5865234374996,597.5865234374996,357109.6529941173,7.332889825477945,33.7,2.6,2203.0,8039.6,0.21508210805850075,15.5,914.9
283,40,lstm,loso,Timaa - TVTC,27.6173,38.5252,01-07-2019 00:00,8239.6,7375.462890625,-864.1371093750004,864.1371093750004,746732.9437989814,10.487609949208704,33.7,2.5,1707.7,9016.2,0.15924243978403377,16.9,912.7
284,40,lstm,loso,Timaa - TVTC,27.6173,38.5252,01-08-2019 00:00,7711.6,7350.001953125,-361.59804687500036,361.59804687500036,130753.14750381497,4.689014560856377,33.7,2.4,1671.9,8426.6,0.1655592414715057,17.9,913.8
285,40,lstm,loso,Timaa - TVTC,27.6173,38.5252,01-09-2019 00:00,6725.4,6622.341796875,-103.05820312499964,103.05820312499964,10620.993231353685,1.5323728421357783,32.9,2.1,1825.0,7172.7,0.2028296120119586,18.2,915.5
286,40,lstm,loso,Timaa - TVTC,27.6173,38.5252,01-10-2019 00:00,5224.5,5945.115234375,720.615234375,720.615234375,519286.3160133362,13.792999031007753,28.1,2.2,1902.4,5422.5,0.2597168562028151,26.7,918.7
287,40,lstm,loso,Timaa - TVTC,27.6173,38.5252,01-11-2019 00:00,4375.6,4750.6337890625,375.03378906249964,375.03378906249964,140650.3429385755,8.57102543793993,19.9,2.2,1342.1,5845.2,0.1867321525468535,42.5,920.1
288,40,lstm,loso,Timaa - TVTC,27.6173,38.5252,01-12-2019 00:00,4303.5,4669.130859375,365.630859375,365.630859375,133685.92532730103,8.496127788428023,14.3,1.9,876.6,7341.8,0.10666309743989098,41.7,921.1
289,40,lstm,loso,Timaa - TVTC,27.6173,38.5252,01-01-2020 00:00,4477.6,4770.3759765625,292.77597656249964,292.77597656249964,85717.77245212534,6.538680913044927,11.1,1.9,1155.3,6835.6,0.14457695628777734,39.6,922.2
290,40,lstm,loso,Timaa - TVTC,27.6173,38.5252,01-02-2020 00:00,5507.3,5677.529296875,170.22929687499982,170.22929687499982,28978.013514556824,3.0909755574419373,14.6,2.1,1300.9,7610.3,0.1459848280815154,33.6,921.0
291,40,lstm,loso,Timaa - TVTC,27.6173,38.5252,01-03-2020 00:00,6387.8,6343.27490234375,-44.52509765625018,44.52509765625018,1982.4843212986154,0.6970333707418859,19.4,2.8,2117.1,6558.9,0.2440179806362379,28.3,917.6
292,40,lstm,loso,Timaa - TVTC,27.6173,38.5252,01-04-2020 00:00,7732.1,7139.85546875,-592.2445312500004,592.2445312500004,350753.58479553263,7.659556022943319,23.9,3.2,2158.2,7770.5,0.2173698470091754,24.8,916.5
293,40,lstm,loso,Timaa - TVTC,27.6173,38.5252,01-05-2020 00:00,7826.2,7174.40625,-651.7937499999998,651.7937499999998,424835.09253906226,8.328355395977612,29.2,2.9,2584.8,6907.7,0.27229918356597316,18.1,917.1
294,40,lstm,loso,Timaa - TVTC,27.6173,38.5252,01-09-2020 00:00,6710.6,6629.06396484375,-81.53603515625036,81.53603515625036,6648.125029001295,1.215033456863028,33.4,2.0,1992.1,6882.4,0.22447461828835427,14.5,916.3
295,40,lstm,loso,Timaa - TVTC,27.6173,38.5252,01-10-2020 00:00,5854.3,6075.22705078125,220.92705078124982,220.92705078124982,48808.761766900934,3.773756909984965,27.3,2.1,1244.5,7751.5,0.1383392618941752,16.0,920.0
296,40,lstm,loso,Timaa - TVTC,27.6173,38.5252,01-11-2020 00:00,4608.5,4830.87890625,222.37890625,222.37890625,49452.37794494629,4.825407534989693,19.7,2.1,1158.3,6697.6,0.1474433228528876,45.0,919.9
297,40,lstm,loso,Timaa - TVTC,27.6173,38.5252,01-12-2020 00:00,3823.8,4492.6435546875,668.8435546874998,668.8435546874998,447351.7006470106,17.491593563667028,15.0,1.9,1186.1,5481.4,0.1778927634045744,45.8,921.7
298,40,lstm,loso,Timaa - TVTC,27.6173,38.5252,01-01-2021 00:00,4346.5,4717.9765625,371.4765625,371.4765625,137994.8364868164,8.546567640630393,14.4,2.1,1335.1,5998.3,0.18205743584149234,46.3,922.0
299,40,lstm,loso,Timaa - TVTC,27.6173,38.5252,01-02-2021 00:00,5093.9,5446.416015625,352.51601562500036,352.51601562500036,124267.5412721255,6.920356026325612,15.4,2.4,1537.8,6355.2,0.19483086278981376,43.6,921.0
300,40,lstm,loso,Timaa - TVTC,27.6173,38.5252,01-03-2021 00:00,6610.4,6468.43310546875,-141.96689453124964,141.96689453124964,20154.599142846957,2.1476294101907545,20.9,2.7,2135.2,6826.1,0.23826900114938682,25.7,918.7
301,40,lstm,loso,Timaa - TVTC,27.6173,38.5252,01-04-2021 00:00,7631.2,7089.81298828125,-541.3870117187498,541.3870117187498,293099.89645775774,7.0943889783880625,25.4,2.9,2302.7,7431.0,0.2365698552451791,19.5,918.8
302,40,lstm,loso,Timaa - TVTC,27.6173,38.5252,01-05-2021 00:00,8199.1,7470.693359375,-728.4066406250004,728.4066406250004,530576.2341065984,8.883982883792127,30.6,2.3,2093.4,8362.2,0.200218064960404,14.4,916.1
303,40,lstm,loso,Timaa - TVTC,27.6173,38.5252,01-07-2021 00:00,8089.8,7555.0888671875,-534.7111328125002,534.7111328125002,285915.9955536272,6.609695330076147,34.9,2.5,1961.6,8305.6,0.1910550101293439,16.6,911.9
304,40,lstm,loso,Timaa - TVTC,27.6173,38.5252,01-08-2021 00:00,7626.9,7288.86865234375,-338.03134765624964,338.03134765624964,114265.1919983003,4.432093611509915,34.4,2.3,1896.3,7943.6,0.19271537312371062,16.0,913.8
305,40,lstm,loso,Timaa - TVTC,27.6173,38.5252,01-09-2021 00:00,6691.9,6932.1181640625,240.21816406250036,240.21816406250036,57704.76634555834,3.5896855013150284,31.2,2.3,1884.6,7036.9,0.21124250406321807,22.2,915.8
306,40,lstm,loso,Timaa - TVTC,27.6173,38.5252,01-10-2021 00:00,5692.4,5774.6298828125,82.22988281250036,82.22988281250036,6761.753627357542,1.4445555971558635,27.4,1.8,1514.6,6928.6,0.17938696228917944,22.2,919.2
307,40,lstm,loso,Timaa - TVTC,27.6173,38.5252,01-11-2021 00:00,4512.3,4833.515625,321.2156249999998,321.2156249999998,103179.4777441405,7.118667309354428,20.3,1.9,1236.1,6313.6,0.16372836006728742,33.7,920.8
308,40,lstm,loso,Timaa - TVTC,27.6173,38.5252,01-12-2021 00:00,3793.3,4329.52490234375,536.2249023437498,536.2249023437498,287537.14589356404,14.136105827215085,15.1,2.1,1524.0,4748.1,0.24298081982111253,40.2,921.2
906,41,lstm,loso,Umluj - SWCC,25.00411,37.27382,01-01-2017 00:00,4448.2,4604.92236328125,156.72236328125018,156.72236328125018,24561.899152460155,3.5232760056033943,21.5,3.1,1233.7,6085.1,0.16856588511777887,58.2,1015.2
907,41,lstm,loso,Umluj - SWCC,25.00411,37.27382,01-02-2017 00:00,5284.5,5283.1220703125,-1.3779296875,1.3779296875,1.8986902236938477,0.02607493022045605,21.2,3.5,1716.4,5960.5,0.2235798304002918,46.3,1015.4
908,41,lstm,loso,Umluj - SWCC,25.00411,37.27382,01-03-2017 00:00,6148.7,6291.169921875,142.46992187500018,142.46992187500018,20297.678639068654,2.317073883503833,23.1,3.3,2006.1,6196.2,0.24457774038989066,61.4,1010.9
909,41,lstm,loso,Umluj - SWCC,25.00411,37.27382,01-04-2017 00:00,6404.3,6408.1220703125,3.822070312499818,3.822070312499818,14.608221473692458,0.05967975129990503,27.0,3.6,2766.8,4908.7,0.3604716305126702,57.2,1009.5
910,41,lstm,loso,Umluj - SWCC,25.00411,37.27382,01-05-2017 00:00,7035.7,6685.7314453125,-349.9685546874998,349.9685546874998,122477.98927005754,4.974182450751167,29.3,2.9,2419.5,6147.7,0.28241432440003733,61.5,1008.2
911,41,lstm,loso,Umluj - SWCC,25.00411,37.27382,01-06-2017 00:00,7460.0,6544.279296875,-915.720703125,915.720703125,838544.4061317444,12.275076449396781,30.5,3.1,2041.9,7201.9,0.22089400463013048,65.7,1004.4
912,41,lstm,loso,Umluj - SWCC,25.00411,37.27382,01-09-2017 00:00,6164.3,5993.935546875,-170.36445312500018,170.36445312500018,29024.046888580386,2.763727481222526,30.6,3.1,2512.2,5045.0,0.3324247075636479,69.0,1006.3
913,41,lstm,loso,Umluj - SWCC,25.00411,37.27382,01-10-2017 00:00,5632.0,5704.7509765625,72.7509765625,72.7509765625,5292.704590797424,1.2917431918057527,28.0,3.3,1424.7,6765.1,0.17396029207062444,65.7,1010.5
914,41,lstm,loso,Umluj - SWCC,25.00411,37.27382,01-11-2017 00:00,4545.7,4820.10546875,274.4054687500002,274.4054687500002,75298.36127990733,6.036594336405838,26.0,2.8,1284.1,5939.8,0.17775716718116252,59.8,1012.2
915,41,lstm,loso,Umluj - SWCC,25.00411,37.27382,01-03-2018 00:00,6422.2,6234.87255859375,-187.32744140624982,187.32744140624982,35091.57030381196,2.91687336747921,25.9,2.4,1836.6,6863.6,0.21109859543458767,55.8,1010.6
916,41,lstm,loso,Umluj - SWCC,25.00411,37.27382,01-04-2018 00:00,7208.7,6313.7890625,-894.9109374999998,894.9109374999998,800865.5860571286,12.414317942208717,26.9,2.4,2349.4,6564.8,0.26355702138161585,58.2,1008.6
917,41,lstm,loso,Umluj - SWCC,25.00411,37.27382,01-05-2018 00:00,7035.2,7026.455078125,-8.744921874999818,8.744921874999818,76.47365859985034,0.12430239190072519,31.4,2.8,3193.0,4945.1,0.3923520231995183,51.6,1006.2
918,41,lstm,loso,Umluj - SWCC,25.00411,37.27382,01-06-2018 00:00,7620.7,6729.373046875,-891.3269531249998,891.3269531249998,794463.7373670957,11.696129661645253,31.7,2.7,2406.9,6873.3,0.2593586345121872,59.8,1004.3
919,41,lstm,loso,Umluj - SWCC,25.00411,37.27382,01-07-2018 00:00,7427.1,6796.47705078125,-630.6229492187504,630.6229492187504,397685.3040813546,8.490836924489374,32.4,2.2,2274.3,6839.9,0.24953369467424458,59.9,1003.7
920,41,lstm,loso,Umluj - SWCC,25.00411,37.27382,01-08-2018 00:00,7125.3,6708.119140625,-417.1808593750002,417.1808593750002,174039.8694288637,5.854923433048436,32.3,2.3,1768.9,7281.4,0.1954520844612886,67.8,1004.4
921,41,lstm,loso,Umluj - SWCC,25.00411,37.27382,01-09-2018 00:00,5939.5,5853.16015625,-86.33984375,86.33984375,7454.568618774414,1.453655084603081,31.8,0.3,2915.1,4050.2,0.41851750821931577,71.9,1005.9
922,41,lstm,loso,Umluj - SWCC,25.00411,37.27382,01-10-2018 00:00,5176.9,5033.4365234375,-143.46347656249964,143.46347656249964,20581.769107398883,2.7712236389055156,30.1,0.2,1812.5,5230.3,0.2573550292497302,59.8,1010.1
923,41,lstm,loso,Umluj - SWCC,25.00411,37.27382,01-11-2018 00:00,4267.1,4767.5205078125,500.42050781249964,500.42050781249964,250420.68463932,11.727414586311538,26.0,0.1,1205.0,5602.3,0.1770158506309403,57.5,1012.5
924,41,lstm,loso,Umluj - SWCC,25.00411,37.27382,01-12-2018 00:00,4118.4,4668.20849609375,549.8084960937504,549.8084960937504,302289.38237687154,13.350050895827273,23.0,0.2,1223.5,5806.4,0.1740423050114511,56.9,1015.3
925,41,lstm,loso,Umluj - SWCC,25.00411,37.27382,01-01-2019 00:00,3911.3,4570.5400390625,659.2400390624998,659.2400390624998,434597.4291031263,16.85475517251297,21.9,0.4,1748.0,4060.0,0.3009641873278237,55.3,1014.9
926,41,lstm,loso,Umluj - SWCC,25.00411,37.27382,01-02-2019 00:00,5000.7,5605.43408203125,604.7340820312502,604.7340820312502,365703.3099701788,12.092988622217895,22.2,0.4,1729.3,5524.6,0.23839589737934075,50.3,1014.4
927,41,lstm,loso,Umluj - SWCC,25.00411,37.27382,01-03-2019 00:00,6381.1,6200.251953125,-180.84804687500036,180.84804687500036,32706.01605850233,2.834120243766754,22.6,0.8,1890.3,6770.1,0.21826936400166275,51.1,1012.9
928,41,lstm,loso,Umluj - SWCC,25.00411,37.27382,01-04-2019 00:00,6939.8,6391.37646484375,-548.4235351562502,548.4235351562502,300768.3739132788,7.902584154532553,25.3,0.5,2371.0,6279.5,0.27408820299404657,54.6,1010.1
929,41,lstm,loso,Umluj - SWCC,25.00411,37.27382,01-05-2019 00:00,7286.7,6635.33740234375,-651.3625976562498,651.3625976562498,424273.23362549755,8.939061545778609,29.2,0.1,2464.0,6381.8,0.2785502724456805,62.3,1007.2
930,41,lstm,loso,Umluj - SWCC,25.00411,37.27382,01-06-2019 00:00,7548.1,7234.94482421875,-313.15517578125036,313.15517578125036,98066.16411858582,4.148794740149843,32.5,0.0,2346.2,6909.1,0.2534979957429797,55.3,1005.1
931,41,lstm,loso,Umluj - SWCC,25.00411,37.27382,01-07-2019 00:00,7719.4,7011.357421875,-708.0425781249996,708.0425781249996,501324.2924378962,9.172248855157132,32.1,0.0,1789.5,7975.2,0.18326215859166178,62.8,1003.3
932,41,lstm,loso,Umluj - SWCC,25.00411,37.27382,01-08-2019 00:00,7172.1,6340.01025390625,-832.0897460937504,832.0897460937504,692373.3455543619,11.601758844602701,32.6,0.0,1825.1,7252.6,0.20105313019817792,63.7,1004.6
933,41,lstm,loso,Umluj - SWCC,25.00411,37.27382,01-09-2019 00:00,6201.0,5503.1123046875,-697.8876953125,697.8876953125,487047.23526859283,11.25443791827931,30.9,0.0,2219.7,5567.2,0.28505567042083496,69.9,1005.5
934,41,lstm,loso,Umluj - SWCC,25.00411,37.27382,01-10-2019 00:00,5237.5,6055.99169921875,818.49169921875,818.49169921875,669928.6616899967,15.62752647673031,30.6,0.0,1872.5,5319.4,0.2603623520905463,64.3,1009.2
935,41,lstm,loso,Umluj - SWCC,25.00411,37.27382,01-11-2019 00:00,4663.0,5250.0537109375,587.0537109375,587.0537109375,344632.0595254898,12.589614216974052,27.4,0.0,1263.6,6261.0,0.16792919224942188,54.2,1011.1
936,41,lstm,loso,Umluj - SWCC,25.00411,37.27382,01-12-2019 00:00,4424.3,4869.1357421875,444.8357421874998,444.8357421874998,197878.8375275038,10.05437565688357,22.9,0.0,962.1,7000.3,0.12083040289359992,48.7,1014.7
937,41,lstm,loso,Umluj - SWCC,25.00411,37.27382,01-01-2020 00:00,4496.6,5179.7607421875,683.1607421874996,683.1607421874996,466708.5996661754,15.192828852633092,19.7,0.0,1133.8,6545.9,0.14763597536362097,46.8,1017.4
938,41,lstm,loso,Umluj - SWCC,25.00411,37.27382,01-02-2020 00:00,5487.1,6047.82177734375,560.7217773437496,560.7217773437496,314408.91158753354,10.218909393737121,20.7,0.0,1317.3,7167.4,0.15525593126451143,54.0,1015.8
939,41,lstm,loso,Umluj - SWCC,25.00411,37.27382,01-03-2020 00:00,6296.2,6364.68212890625,68.48212890625018,68.48212890625018,4689.801979532267,1.0876739764659664,23.6,2.9,2293.7,5856.0,0.28144594279544033,56.4,1011.7
940,41,lstm,loso,Umluj - SWCC,25.00411,37.27382,01-04-2020 00:00,7289.3,6727.0419921875,-562.2580078125002,562.2580078125002,316134.0673492815,7.713470536436971,25.4,3.3,2294.6,6871.1,0.25034640016583565,59.8,1010.4
941,41,lstm,loso,Umluj - SWCC,25.00411,37.27382,01-05-2020 00:00,7382.4,6758.07568359375,-624.3243164062496,624.3243164062496,389780.8520561309,8.456928863326961,29.0,3.0,2402.8,6623.9,0.26618808645462905,60.8,1008.0
942,41,lstm,loso,Umluj - SWCC,25.00411,37.27382,01-09-2020 00:00,6252.2,6095.23974609375,-156.96025390624982,156.96025390624982,24636.52130631441,2.5104803734085572,33.6,2.7,2145.4,5735.0,0.27224506370235013,62.0,1005.2
943,41,lstm,loso,Umluj - SWCC,25.00411,37.27382,01-10-2020 00:00,5538.8,5877.22216796875,338.4221679687498,338.4221679687498,114529.56377266871,6.1100268644607105,31.4,2.1,1499.9,6507.8,0.1873072168038263,51.7,1009.4
944,41,lstm,loso,Umluj - SWCC,25.00411,37.27382,01-11-2020 00:00,4650.6,4579.6787109375,-70.92128906250036,70.92128906250036,5029.8292422867335,1.524992238904665,26.5,3.1,1069.4,6695.2,0.1377276356798805,54.8,1012.4
945,41,lstm,loso,Umluj - SWCC,25.00411,37.27382,01-12-2020 00:00,4134.5,4609.1748046875,474.6748046875,474.6748046875,225316.17020511627,11.480827299250212,24.3,2.7,1242.8,5702.6,0.17893857805166008,52.8,1013.9
946,41,lstm,loso,Umluj - SWCC,25.00411,37.27382,01-01-2021 00:00,4551.5,4762.90869140625,211.40869140625,211.40869140625,44693.63480210304,4.644813608837746,23.3,3.1,1358.5,6064.5,0.1830122591943958,52.0,1014.6
947,41,lstm,loso,Umluj - SWCC,25.00411,37.27382,01-02-2021 00:00,5326.6,4871.31689453125,-455.28310546875036,455.28310546875036,207282.70612526927,8.547349255974737,22.6,3.3,1338.4,6747.1,0.1655308886277905,53.8,1014.3
948,41,lstm,loso,Umluj - SWCC,25.00411,37.27382,01-03-2021 00:00,6299.4,6378.740234375,79.34023437500036,79.34023437500036,6294.8727906799895,1.2594887509127912,24.5,3.4,2221.2,5961.2,0.27146069612827534,57.6,1011.2
949,41,lstm,loso,Umluj - SWCC,25.00411,37.27382,01-04-2021 00:00,7206.9,6653.15576171875,-553.7442382812496,553.7442382812496,306632.68142968137,7.6835288165681455,26.6,3.0,2338.7,6639.8,0.2604778080971209,61.1,1009.8
950,41,lstm,loso,Umluj - SWCC,25.00411,37.27382,01-05-2021 00:00,7448.6,6726.1962890625,-722.4037109375004,722.4037109375004,521867.1215762716,9.698516646584597,30.5,2.7,2210.7,7041.8,0.23893001891380705,62.0,1006.4
951,41,lstm,loso,Umluj - SWCC,25.00411,37.27382,01-07-2021 00:00,7250.6,6999.3076171875,-251.29238281250036,251.29238281250036,63147.861659584225,3.4658150058271087,32.1,3.0,2348.7,6507.2,0.2652130218272564,63.0,1002.3
952,41,lstm,loso,Umluj - SWCC,25.00411,37.27382,01-08-2021 00:00,6928.1,6699.0205078125,-229.07949218750036,229.07949218750036,52477.41374088304,3.3065269292807606,33.0,2.8,2195.7,6375.9,0.256159876802464,64.7,1003.3
953,41,lstm,loso,Umluj - SWCC,25.00411,37.27382,01-09-2021 00:00,6136.1,6540.615234375,404.51523437499964,404.51523437499964,163632.57484146088,6.592383344062183,30.8,3.1,2252.4,5489.1,0.2909513660143383,70.8,1005.4
954,41,lstm,loso,Umluj - SWCC,25.00411,37.27382,01-10-2021 00:00,5448.4,5472.13330078125,23.733300781250364,23.733300781250364,563.2695659732991,0.43560129177832696,28.9,2.9,1623.5,6044.3,0.2117295704113305,68.1,1009.6
955,41,lstm,loso,Umluj - SWCC,25.00411,37.27382,01-11-2021 00:00,4539.7,4509.0205078125,-30.679492187499818,30.679492187499818,941.2312408828624,0.6758043964909536,26.8,2.5,1257.1,6067.4,0.17162946276196325,59.8,1011.9
956,41,lstm,loso,Umluj - SWCC,25.00411,37.27382,01-12-2021 00:00,3847.4,4523.35791015625,675.9579101562499,675.9579101562499,456919.0963028048,17.56921323897307,23.3,2.9,1361.4,4889.2,0.2178030909032733,53.6,1014.6
957,42,lstm,loso,Wadi Addawasir - TVTC,20.43008,44.89433,01-01-2017 00:00,4977.4,5147.4609375,170.06093750000036,170.06093750000036,28920.72246337903,3.4166620625226094,18.6,2.7,1579.1,5955.5,0.20957980516550312,28.5,941.9
958,42,lstm,loso,Wadi Addawasir - TVTC,20.43008,44.89433,01-02-2017 00:00,5020.4,5037.455078125,17.055078125000364,17.055078125000364,290.8756898498659,0.3397155231654921,18.1,3.5,2572.6,3716.9,0.409030924556801,36.1,942.0
959,42,lstm,loso,Wadi Addawasir - TVTC,20.43008,44.89433,01-03-2017 00:00,5831.1,6070.1669921875,239.06699218749964,239.06699218749964,57153.026753578015,4.099860955694459,25.2,3.2,2967.1,3884.9,0.4330268534734384,32.7,937.2
960,42,lstm,loso,Wadi Addawasir - TVTC,20.43008,44.89433,01-04-2017 00:00,6901.4,6802.09375,-99.30624999999964,99.30624999999964,9861.731289062427,1.4389290578723104,29.6,3.0,2843.7,5392.9,0.34525168151907343,16.8,937.4
961,42,lstm,loso,Wadi Addawasir - TVTC,20.43008,44.89433,01-05-2017 00:00,6876.1,6765.27490234375,-110.82509765625036,110.82509765625036,12282.20227051743,1.6117435414879127,33.6,2.5,3274.7,4561.7,0.41788321167883213,19.0,935.2
962,42,lstm,loso,Wadi Addawasir - TVTC,20.43008,44.89433,01-05-2019 00:00,6581.4,6495.79443359375,-85.60556640624964,85.60556640624964,7328.312999734816,1.3007197010704357,32.1,3.1,3115.5,4327.2,0.4185980894030392,20.8,935.8
963,42,lstm,loso,Wadi Addawasir - TVTC,20.43008,44.89433,01-02-2020 00:00,5844.4,6149.70751953125,305.30751953125036,305.30751953125036,93212.68148232483,5.2239326454597625,20.9,3.3,2203.6,5644.7,0.2807741803957545,21.8,941.5
964,42,lstm,loso,Wadi Addawasir - TVTC,20.43008,44.89433,01-04-2020 00:00,6929.7,6658.2431640625,-271.4568359374998,271.4568359374998,73688.8137771987,3.9172956396020004,30.1,3.2,2829.1,5323.9,0.3470011038881393,27.1,936.0
965,42,lstm,loso,Wadi Addawasir - TVTC,20.43008,44.89433,01-05-2020 00:00,6863.4,6688.63671875,-174.76328124999964,174.76328124999964,30542.204473266473,2.5463076791386143,33.5,2.8,3240.3,4594.4,0.4135831620866147,15.0,935.3
966,42,lstm,loso,Wadi Addawasir - TVTC,20.43008,44.89433,01-09-2020 00:00,7092.6,6814.4140625,-278.18593750000036,278.18593750000036,77387.4158227541,3.9221997222457254,32.6,1.9,2038.8,6992.3,0.2257532305034824,12.4,933.7
967,42,lstm,loso,Wadi Addawasir - TVTC,20.43008,44.89433,01-11-2020 00:00,5538.1,5179.52001953125,-358.57998046875036,358.57998046875036,128579.60239296939,6.4747834179366635,22.6,2.5,1207.5,7472.4,0.13911450592748764,27.0,941.0
968,42,lstm,loso,Wadi Addawasir - TVTC,20.43008,44.89433,01-01-2021 00:00,5181.0,5109.001953125,-71.998046875,71.998046875,5183.718753814697,1.3896554116000772,17.4,2.9,1607.7,6255.2,0.2044665454221725,30.7,942.8
969,42,lstm,loso,Wadi Addawasir - TVTC,20.43008,44.89433,01-04-2021 00:00,7354.2,7064.6572265625,-289.5427734374998,289.5427734374998,83835.01764987934,3.937107685914169,29.0,2.7,2725.9,6052.8,0.3105129461081937,14.1,937.4
970,42,lstm,loso,Wadi Addawasir - TVTC,20.43008,44.89433,01-07-2021 00:00,6964.2,6829.267578125,-134.93242187499982,134.93242187499982,18206.75847305293,1.9375150322362915,36.0,2.6,3141.6,4847.9,0.3932160961261656,18.5,928.1
971,42,lstm,loso,Wadi Addawasir - TVTC,20.43008,44.89433,01-10-2021 00:00,6404.1,6010.2421875,-393.85781250000036,393.85781250000036,155123.97646728545,6.150088419918495,28.2,2.0,1683.5,7204.1,0.18942121607633106,18.2,938.5
1308,43,lstm,loso,Yanbu - RCJY,23.98655,38.20451,01-01-2017 00:00,4068.4,4544.49609375,476.0960937499999,476.0960937499999,226667.4904840087,11.70229313120637,22.4,2.4,1403.7,5130.4,0.21482683154527787,53.9,1014.2
1309,43,lstm,loso,Yanbu - RCJY,23.98655,38.20451,01-02-2017 00:00,4398.5,4745.8564453125,347.3564453125,347.3564453125,120656.5001001358,7.897156878765488,21.6,3.5,1896.4,4096.8,0.3164252819862511,38.0,1014.4
1310,43,lstm,loso,Yanbu - RCJY,23.98655,38.20451,01-09-2017 00:00,6309.4,5915.2919921875,-394.10800781249964,394.10800781249964,155321.12182193727,6.24636269395663,32.5,0.0,2707.0,4926.1,0.3546396614743682,56.4,1004.7
1311,43,lstm,loso,Yanbu - RCJY,23.98655,38.20451,01-11-2017 00:00,4643.4,4658.64501953125,15.245019531250364,15.245019531250364,232.41062050820506,0.32831587912414106,26.5,0.0,1566.3,5473.5,0.22249211625330265,56.0,1011.7
1312,43,lstm,loso,Yanbu - RCJY,23.98655,38.20451,01-04-2018 00:00,7540.4,6552.1513671875,-988.2486328124996,988.2486328124996,976635.3602557747,13.106050512074951,26.8,0.0,2414.7,6962.9,0.25749658761303534,56.5,1007.9
1313,43,lstm,loso,Yanbu - RCJY,23.98655,38.20451,01-05-2018 00:00,7572.4,6810.3857421875,-762.0142578124996,762.0142578124996,580665.7291095346,10.06304814606333,31.5,0.0,3416.5,5288.5,0.39247558874210225,44.0,1005.7
1314,43,lstm,loso,Yanbu - RCJY,23.98655,38.20451,01-06-2018 00:00,7806.4,6950.830078125,-855.5699218749996,855.5699218749996,731999.891217193,10.959852452795138,32.0,0.0,2673.0,6763.5,0.2832618025751073,52.8,1002.9
1315,43,lstm,loso,Yanbu - RCJY,23.98655,38.20451,01-01-2019 00:00,4003.2,4180.56591796875,177.36591796875018,177.36591796875018,31458.668856897417,4.430603466445598,22.5,0.0,1845.6,3937.3,0.31914783240242783,52.7,1014.3
1316,43,lstm,loso,Yanbu - RCJY,23.98655,38.20451,01-02-2019 00:00,5492.9,6153.81201171875,660.9120117187504,660.9120117187504,436804.6872341256,12.032114397108092,22.8,0.0,2272.0,5237.1,0.30256621965348707,42.4,1013.4
1317,43,lstm,loso,Yanbu - RCJY,23.98655,38.20451,01-03-2019 00:00,6508.9,5402.06640625,-1106.8335937499996,1106.8335937499996,1225080.6042535393,17.00492546743689,23.0,0.0,2012.5,6677.6,0.23158536725699358,44.1,1012.0
1318,43,lstm,loso,Yanbu - RCJY,23.98655,38.20451,01-04-2019 00:00,6712.6,6657.2666015625,-55.333398437500364,55.333398437500364,3061.7849826431675,0.8243214021020224,26.3,0.0,2464.4,5801.4,0.29814416027486756,44.9,1009.1
1319,43,lstm,loso,Yanbu - RCJY,23.98655,38.20451,01-10-2021 00:00,5533.9,5391.19775390625,-142.70224609374964,142.70224609374964,20363.93104020108,2.578692171773065,29.6,0.0,1817.2,5649.4,0.24337717301047332,64.9,1008.4
