record_id,fold,model_name,cv_strategy,station_name,latitude,longitude,date,actual_ghi,predicted_ghi,residual_error,absolute_error,squared_error,relative_error_pct,air_temperature_c,wind_speed_m_s,dhi_wh_m2,dni_wh_m2,diffuse_fraction,relative_humidity_pct,barometric_pressure_mb
1214,1,svr,loso,Afif - TVTC,23.92118,42.94815,01-01-2017 00:00,4723.7,4744.2516393329015,20.551639332901686,20.551639332901686,422.3698792696717,0.4350750329805383,17.4,4.3,1542.9,5834.3,0.20914439082578756,32.4,898.9
1215,1,svr,loso,Afif - TVTC,23.92118,42.94815,01-02-2017 00:00,4872.1,4947.335330238324,75.23533023832351,75.23533023832351,5660.354916069597,1.5442074308475506,14.3,4.5,2397.0,3992.9,0.3751232413652796,39.3,898.9
1216,1,svr,loso,Afif - TVTC,23.92118,42.94815,01-03-2017 00:00,5521.8,5671.184278494188,149.38427849418804,149.38427849418804,22315.66266122913,2.705354748346337,21.7,4.7,2974.0,3598.1,0.45251898175621186,36.2,895.0
1217,1,svr,loso,Afif - TVTC,23.92118,42.94815,01-04-2017 00:00,6322.8,6396.131129231165,73.3311292311646,73.3311292311646,5377.454514317763,1.1597888472063735,27.9,5.0,3415.9,3770.1,0.47535485666573896,20.6,896.1
1218,1,svr,loso,Afif - TVTC,23.92118,42.94815,01-05-2017 00:00,6918.2,6952.560174203232,34.36017420323242,34.36017420323242,1180.6215712764786,0.49666349922280967,31.0,3.5,3460.3,4369.2,0.44195670221597805,21.4,894.7
1219,1,svr,loso,Afif - TVTC,23.92118,42.94815,01-06-2017 00:00,7910.8,7821.031692986783,-89.76830701321705,89.76830701321705,8058.348944019194,1.1347563712041393,34.5,3.8,2742.9,6769.5,0.2883499432319919,8.7,891.7
1220,1,svr,loso,Afif - TVTC,23.92118,42.94815,01-09-2017 00:00,6954.4,6973.105235112216,18.705235112216542,18.705235112216542,349.8858206032986,0.2689697905242227,31.6,3.1,2286.2,6573.0,0.2580594184576485,10.0,894.3
1221,1,svr,loso,Afif - TVTC,23.92118,42.94815,01-10-2017 00:00,6326.5,6277.3917787841065,-49.108221215893536,49.108221215893536,2411.617390989136,0.7762304783986965,27.5,3.8,1532.0,7682.0,0.1662687215107445,13.0,897.3
1222,1,svr,loso,Afif - TVTC,23.92118,42.94815,01-11-2017 00:00,4973.7,4962.374903359839,-11.325096640161064,11.325096640161064,128.25781390898743,0.22769963287212872,21.4,4.3,1611.6,5986.5,0.21210565799344572,32.7,898.5
1223,1,svr,loso,Afif - TVTC,23.92118,42.94815,01-03-2018 00:00,6556.4,6743.599959998546,187.19995999854655,187.19995999854655,35043.82502345743,2.855224818475788,24.7,4.3,2421.9,6007.3,0.28732264034546573,25.7,896.8
1224,1,svr,loso,Afif - TVTC,23.92118,42.94815,01-04-2018 00:00,6654.2,6702.836363126493,48.63636312649305,48.63636312649305,2365.495818172093,0.7309122528101508,24.7,4.9,3076.3,4729.0,0.3941296298668853,35.1,894.3
1225,1,svr,loso,Afif - TVTC,23.92118,42.94815,01-05-2018 00:00,7499.6,7534.980960114216,35.38096011421567,35.38096011421567,1251.81233860372,0.47177129599199513,30.7,4.3,3497.6,5083.6,0.4075886822355847,19.1,893.8
1226,1,svr,loso,Afif - TVTC,23.92118,42.94815,01-06-2018 00:00,7850.1,7847.181110364955,-2.9188896350451614,2.9188896350451614,8.519916701574076,0.037182833786132165,34.3,3.4,3047.3,6214.8,0.3290074605111152,12.1,891.7
1227,1,svr,loso,Afif - TVTC,23.92118,42.94815,01-07-2018 00:00,7727.5,7737.9185994460395,10.41859944603948,10.41859944603948,108.54721441701415,0.13482496856731774,34.1,3.4,2838.8,6323.6,0.30983148520038417,13.2,890.2
1228,1,svr,loso,Afif - TVTC,23.92118,42.94815,01-08-2018 00:00,7555.9,7470.536225105199,-85.36377489480037,85.36377489480037,7286.974064290151,1.1297631638163603,34.2,3.0,2169.3,7267.0,0.2298888335470471,13.2,890.9
1229,1,svr,loso,Afif - TVTC,23.92118,42.94815,01-09-2018 00:00,6637.8,6790.421625843705,152.62162584370526,152.62162584370526,23293.36067517596,2.2992802712300047,33.8,3.3,2582.3,5525.6,0.3184918412905931,13.6,894.3
1230,1,svr,loso,Afif - TVTC,23.92118,42.94815,01-10-2018 00:00,5498.5,5516.378576670259,17.878576670258553,17.878576670258553,319.64350375431343,0.3251537086525153,26.4,3.9,1913.0,5582.8,0.25520958403372557,33.6,898.2
1231,1,svr,loso,Afif - TVTC,23.92118,42.94815,01-11-2018 00:00,4236.3,4330.8805173101355,94.58051731013529,94.58051731013529,8945.474254652801,2.2326208557027427,20.0,4.2,1777.1,4318.1,0.2915572909830686,60.4,898.4
1232,1,svr,loso,Afif - TVTC,23.92118,42.94815,01-12-2018 00:00,4387.7,4327.200718158071,-60.49928184192868,60.49928184192868,3660.163103389121,1.378838157620819,18.5,4.2,1505.2,5596.8,0.21194029850746268,45.7,899.6
1233,1,svr,loso,Afif - TVTC,23.92118,42.94815,01-01-2019 00:00,4414.1,4441.890201100617,27.790201100616287,27.790201100616287,772.2952772126947,0.6295779683427263,18.4,4.6,2204.3,3976.2,0.35665399239543727,40.4,899.2
1234,1,svr,loso,Afif - TVTC,23.92118,42.94815,01-02-2019 00:00,5097.9,5151.470551527823,53.57055152782323,53.57055152782323,2869.8039909951635,1.050835668173625,17.9,4.7,2182.2,4812.9,0.31196123000385984,41.5,898.0
1235,1,svr,loso,Afif - TVTC,23.92118,42.94815,01-03-2019 00:00,6589.6,6586.9169004379,-2.683099562100324,2.683099562100324,7.19902326014295,0.04071718407946345,20.0,4.4,2364.1,6282.7,0.2734075033538419,26.4,896.3
1236,1,svr,loso,Afif - TVTC,23.92118,42.94815,01-04-2019 00:00,7156.5,7098.501020552533,-57.99897944746681,57.99897944746681,3363.8816169476772,0.8104377761121612,24.4,4.0,2643.4,6163.0,0.3001680595930233,28.6,895.4
1237,1,svr,loso,Afif - TVTC,23.92118,42.94815,01-05-2019 00:00,6958.5,6961.5012563688815,3.0012563688815135,3.0012563688815135,9.007539791751848,0.04313079498284851,30.0,3.6,2892.2,5191.5,0.3577817088709378,26.4,894.9
1238,1,svr,loso,Afif - TVTC,23.92118,42.94815,01-06-2019 00:00,7610.3,7263.127168868419,-347.172831131581,347.172831131581,120528.97467591726,4.5618810182460745,35.1,3.4,2739.2,6325.8,0.30217319360176503,13.3,892.4
1239,1,svr,loso,Afif - TVTC,23.92118,42.94815,01-07-2019 00:00,7836.3,7987.447644837239,151.14764483723866,151.14764483723866,22845.610539844038,1.928813915205373,35.4,3.3,2634.9,6860.6,0.2774893370543942,12.2,889.8
1240,1,svr,loso,Afif - TVTC,23.92118,42.94815,01-08-2019 00:00,7641.6,7699.965450110526,58.36545011052567,58.36545011052567,3406.525766604261,0.7637857269488807,34.3,3.3,2137.6,7414.8,0.22377622377622378,13.5,891.2
1241,1,svr,loso,Afif - TVTC,23.92118,42.94815,01-09-2019 00:00,6736.4,6602.280320315871,-134.11967968412864,134.11967968412864,17988.08847857327,1.9909696526947427,33.6,3.5,2220.0,6283.9,0.2610566916356025,14.2,893.4
1242,1,svr,loso,Afif - TVTC,23.92118,42.94815,01-10-2019 00:00,5849.9,6631.822820773731,781.9228207737315,781.9228207737315,611403.297646749,13.366430550500546,29.1,3.2,1861.0,6245.0,0.22958302491981247,21.6,896.5
1243,1,svr,loso,Afif - TVTC,23.92118,42.94815,01-11-2019 00:00,4843.5,4991.057658162654,147.55765816265375,147.55765816265375,21773.26248244658,3.0465088915588674,21.8,4.5,1732.7,5494.2,0.23975701891544093,39.2,898.0
1244,1,svr,loso,Afif - TVTC,23.92118,42.94815,01-12-2019 00:00,4592.8,4617.092071451153,24.29207145115288,24.29207145115288,590.1047353879168,0.5289163789225065,18.3,4.1,1308.8,6414.6,0.16945904653390992,38.5,898.7
1245,1,svr,loso,Afif - TVTC,23.92118,42.94815,01-01-2020 00:00,5030.2,5083.07631879558,52.87631879558012,52.87631879558012,2795.9050893718195,1.0511772652296156,14.3,3.7,1246.2,7255.0,0.14659106949607115,36.0,899.4
1246,1,svr,loso,Afif - TVTC,23.92118,42.94815,01-02-2020 00:00,5601.3,5775.530620987643,174.2306209876424,174.2306209876424,30356.309289739496,3.1105389996544086,18.6,4.4,2050.5,5828.9,0.2602355509302739,30.9,898.8
1247,1,svr,loso,Afif - TVTC,23.92118,42.94815,01-03-2020 00:00,6705.5,6731.123803361071,25.623803361070713,25.623803361070713,656.5792986868188,0.3821311365456821,21.7,4.2,2476.1,6175.9,0.2861881645862228,22.1,895.8
1248,1,svr,loso,Afif - TVTC,23.92118,42.94815,01-04-2020 00:00,7324.1,7296.304803928513,-27.795196071487226,27.795196071487226,772.5729246524189,0.37950323004174197,26.4,4.0,2808.9,6139.0,0.3139172319762179,27.2,894.6
1249,1,svr,loso,Afif - TVTC,23.92118,42.94815,01-05-2020 00:00,7113.0,7104.205359902808,-8.794640097192314,8.794640097192314,77.34569443914283,0.12364178401788717,31.2,4.0,3419.7,4699.0,0.4212127557367559,20.2,894.9
1250,1,svr,loso,Afif - TVTC,23.92118,42.94815,01-09-2020 00:00,6862.5,6970.959316077506,108.45931607750572,108.45931607750572,11763.42324400029,1.5804636222587356,32.1,2.9,2037.5,6866.3,0.2288348794896561,12.9,893.9
1251,1,svr,loso,Afif - TVTC,23.92118,42.94815,01-10-2020 00:00,6419.3,6503.856401415863,84.55640141586264,84.55640141586264,7149.785020400497,1.3172215259586346,25.8,2.7,1220.8,8472.9,0.1259374645388242,14.6,898.2
1252,1,svr,loso,Afif - TVTC,23.92118,42.94815,01-11-2020 00:00,5000.4,5276.667299414526,276.26729941452595,276.26729941452595,76323.62072579534,5.524903995970842,22.5,4.7,1439.3,6489.2,0.18153496878350256,33.5,898.3
1253,1,svr,loso,Afif - TVTC,23.92118,42.94815,01-12-2020 00:00,4332.4,4299.2069712925495,-33.19302870745014,33.19302870745014,1101.777154773609,0.7661579888156713,18.0,4.6,1616.9,5196.0,0.23732918434146988,43.7,899.3
1254,1,svr,loso,Afif - TVTC,23.92118,42.94815,01-01-2021 00:00,4835.5,4742.789053508825,-92.71094649117458,92.71094649117458,8595.319599289436,1.917298035180945,16.9,4.6,1669.7,5767.6,0.2245035160609361,38.5,899.6
1255,1,svr,loso,Afif - TVTC,23.92118,42.94815,01-02-2021 00:00,5430.2,5340.753921009169,-89.44607899083076,89.44607899083076,8000.6010468339355,1.647196769747537,18.4,5.0,2034.9,5682.9,0.2636632200886263,37.3,898.3
1256,1,svr,loso,Afif - TVTC,23.92118,42.94815,01-03-2021 00:00,6626.1,6759.307078636918,133.2070786369177,133.2070786369177,17744.12579898197,2.01033909293427,24.6,4.6,2908.1,5271.0,0.35555256690833953,20.5,896.4
1257,1,svr,loso,Afif - TVTC,23.92118,42.94815,01-04-2021 00:00,7084.3,7041.891275359504,-42.408724640496075,42.408724640496075,1798.499925633419,0.5986297113405146,26.9,3.9,3134.9,5236.5,0.3744773872948372,22.3,896.4
1258,1,svr,loso,Afif - TVTC,23.92118,42.94815,01-05-2021 00:00,8037.0,7894.997526647243,-142.00247335275708,142.00247335275708,20164.702438300483,1.7668591931411854,32.6,3.2,2602.0,7173.4,0.2661783661026659,12.3,893.4
1259,1,svr,loso,Afif - TVTC,23.92118,42.94815,01-08-2021 00:00,7523.6,7394.333151514269,-129.26684848573132,129.26684848573132,16709.918117433015,1.7181515296630776,35.3,3.3,2449.3,6776.8,0.26547511949794605,12.7,891.1
1260,1,svr,loso,Afif - TVTC,23.92118,42.94815,01-09-2021 00:00,6930.7,7113.064699783384,182.3646997833839,182.3646997833839,33256.88372708375,2.6312594656150736,32.7,3.3,2300.2,6470.7,0.26225358857129827,13.1,893.2
1261,1,svr,loso,Afif - TVTC,23.92118,42.94815,01-11-2021 00:00,5126.2,5203.776089134541,77.57608913454078,77.57608913454078,6018.049605410216,1.5133254483738594,23.0,3.9,1489.8,6500.4,0.18645340542164152,28.5,898.5
1262,1,svr,loso,Afif - TVTC,23.92118,42.94815,01-12-2021 00:00,4333.9,4405.08681345987,71.18681345987079,71.18681345987079,5067.562410570441,1.642557822281797,18.2,4.0,1642.5,5185.3,0.24056064911098743,37.5,899.5
1441,2,svr,loso,Al Ahsa - KFU,25.34616,49.5956,01-01-2017 00:00,3707.6,3941.7691878929218,234.16918789292185,234.16918789292185,54835.20855843054,6.315923721354026,17.0,1.9,1691.9,3758.5,0.3104175840305299,37.9,1000.6
1442,2,svr,loso,Al Ahsa - KFU,25.34616,49.5956,01-02-2017 00:00,3725.0,4001.4525563532325,276.45255635323247,276.45255635323247,76426.01591423717,7.42154513699953,15.4,1.8,2081.7,2698.7,0.4354656514099238,44.8,1001.4
1443,2,svr,loso,Al Ahsa - KFU,25.34616,49.5956,01-03-2017 00:00,4575.6,4782.546024375221,206.946024375221,206.946024375221,42826.65700470956,4.52281721250155,22.3,1.6,2750.5,2633.0,0.5109129748305006,40.7,995.9
1444,2,svr,loso,Al Ahsa - KFU,25.34616,49.5956,01-04-2017 00:00,6136.1,6184.110110727379,48.01011072737856,48.01011072737856,2304.9707320551497,0.7824206047388171,30.0,2.0,3259.5,3821.9,0.4602903380687435,21.6,993.7
1445,2,svr,loso,Al Ahsa - KFU,25.34616,49.5956,01-09-2017 00:00,6667.4,6585.980581478502,-81.41941852149739,81.41941852149739,6629.121712378753,1.2211569505578996,35.7,1.2,2166.1,6297.6,0.2559282583267365,29.6,988.3
1446,2,svr,loso,Al Ahsa - KFU,25.34616,49.5956,01-11-2017 00:00,4347.2,4426.710151641602,79.51015164160253,79.51015164160253,6321.86421407063,1.8289968633051743,23.7,1.4,1673.0,4803.4,0.25832252485948987,37.8,998.8
1447,2,svr,loso,Al Ahsa - KFU,25.34616,49.5956,01-12-2017 00:00,4260.2,6284.650030287957,2024.450030287957,2024.450030287957,4098397.92513291,47.520070191257616,17.8,1.6,1195.7,6085.2,0.16422420305182053,31.2,1002.5
1448,2,svr,loso,Al Ahsa - KFU,25.34616,49.5956,01-03-2019 00:00,5956.1,5622.546996108431,-333.55300389156946,333.55300389156946,111257.60640508935,5.600191465750566,21.4,1.9,2431.1,5091.9,0.32315565598830254,34.6,996.9
1449,2,svr,loso,Al Ahsa - KFU,25.34616,49.5956,01-05-2019 00:00,5879.3,6240.591153884104,361.29115388410355,361.29115388410355,130531.29787490699,6.145138943141251,34.3,1.7,3126.1,3401.6,0.47889762090782356,18.6,990.6
1450,2,svr,loso,Al Ahsa - KFU,25.34616,49.5956,01-07-2019 00:00,7450.6,7266.90532126132,-183.69467873868052,183.69467873868052,33743.73499690705,2.4655018218489855,38.8,2.0,2768.7,5921.1,0.3186149278464407,14.9,981.1
1451,2,svr,loso,Al Ahsa - KFU,25.34616,49.5956,01-08-2019 00:00,7203.9,7208.479167146358,4.579167146358486,4.579167146358486,20.968771754288923,0.06356511259676684,38.7,1.9,2596.3,6001.1,0.30198664712587525,17.0,982.8
1452,2,svr,loso,Al Ahsa - KFU,25.34616,49.5956,01-11-2019 00:00,4107.6,4140.159621193963,32.55962119396281,32.55962119396281,1060.1289322943524,0.7926677669189505,23.3,1.4,1743.9,4166.4,0.29506116440789815,43.8,999.0
1453,2,svr,loso,Al Ahsa - KFU,25.34616,49.5956,01-02-2020 00:00,4940.6,4861.747523647691,-78.85247635230917,78.85247635230917,6217.713026891476,1.5960101273592109,19.1,1.4,1896.0,4985.1,0.2755373414134368,32.7,1000.7
1454,2,svr,loso,Al Ahsa - KFU,25.34616,49.5956,01-09-2020 00:00,6638.8,6699.04067657736,60.24067657735941,60.24067657735941,3628.9391144980186,0.907403093591604,36.1,1.2,1902.2,6615.8,0.22331533223761446,21.4,987.9
1455,2,svr,loso,Al Ahsa - KFU,25.34616,49.5956,01-11-2020 00:00,4461.1,4259.505396196091,-201.5946038039092,201.5946038039092,40640.38428285512,4.518943843534311,24.4,0.0,1402.9,5489.3,0.20354893938074925,41.6,999.1
1456,2,svr,loso,Al Ahsa - KFU,25.34616,49.5956,01-04-2021 00:00,6957.6,6864.482487681774,-93.11751231822655,93.11751231822655,8670.871100335073,1.3383567942713943,30.1,0.0,2924.7,5225.1,0.35886770227490244,16.5,993.1
1457,2,svr,loso,Al Ahsa - KFU,25.34616,49.5956,01-07-2021 00:00,7299.4,7220.128270059069,-79.27172994093053,79.27172994093053,6284.007167827821,1.0860033693307742,39.7,0.0,2690.6,5825.2,0.3159538739754339,21.2,980.3
1458,2,svr,loso,Al Ahsa - KFU,25.34616,49.5956,01-10-2021 00:00,5573.0,5497.006540573362,-75.99345942663786,75.99345942663786,5775.005875628054,1.3636005639088078,31.2,0.0,1680.5,6010.6,0.21849930439078935,31.4,993.7
765,3,svr,loso,Al Baha - University,20.1794,41.6357,01-01-2017 00:00,5018.8,5183.30336507178,164.50336507177963,164.50336507177963,27061.357119939206,3.277742987801459,18.5,2.5,1128.1,6915.1,0.1402551223393674,39.0,836.3
766,3,svr,loso,Al Baha - University,20.1794,41.6357,01-02-2017 00:00,5049.4,5214.066680155421,164.6666801554211,164.6666801554211,27115.11555340775,3.2611137987765106,16.5,3.2,2030.9,4829.5,0.296032301323538,48.5,835.0
767,3,svr,loso,Al Baha - University,20.1794,41.6357,01-03-2018 00:00,6968.5,6847.837046297815,-120.6629537021854,120.6629537021854,14559.548396135739,1.7315484494824624,21.2,2.6,1712.1,7597.9,0.18389903329752952,29.4,834.9
768,3,svr,loso,Al Baha - University,20.1794,41.6357,01-04-2018 00:00,6852.4,6836.875879348912,-15.524120651087287,15.524120651087287,240.99832198951478,0.22655012333032643,21.6,3.3,2345.7,6034.2,0.27991980811226863,42.2,833.6
769,3,svr,loso,Al Baha - University,20.1794,41.6357,01-05-2018 00:00,7144.1,6927.744750635187,-216.35524936481306,216.35524936481306,46809.59392771044,3.0284465414091777,26.5,2.8,2678.3,5692.9,0.31994218272171254,24.2,833.6
770,3,svr,loso,Al Baha - University,20.1794,41.6357,01-06-2018 00:00,6996.7,7069.005562719463,72.30556271946352,72.30556271946352,5228.094400178274,1.033423795781776,29.3,2.8,3295.4,4686.4,0.41286426620561784,17.9,832.4
771,3,svr,loso,Al Baha - University,20.1794,41.6357,01-07-2018 00:00,6665.0,6704.352320911511,39.352320911511015,39.352320911511015,1548.605161122547,0.5904324217781097,28.6,3.1,3105.6,4438.7,0.4116485293532866,21.9,831.6
772,3,svr,loso,Al Baha - University,20.1794,41.6357,01-08-2018 00:00,6590.6,6640.505423399332,49.905423399331994,49.905423399331994,2490.5512846665933,0.7572212453999938,28.9,3.1,2628.8,5055.4,0.34210457822544965,23.4,831.9
773,3,svr,loso,Al Baha - University,20.1794,41.6357,01-03-2019 00:00,6846.4,6159.734839668139,-686.6651603318605,686.6651603318605,471509.0424135797,10.029579930063399,19.5,0.0,1944.9,7084.3,0.21540114295840163,35.4,834.0
774,3,svr,loso,Al Baha - University,20.1794,41.6357,01-04-2019 00:00,6864.9,6421.295689077796,-443.6043109222037,443.6043109222037,196784.78466876317,6.461919487861493,22.5,0.0,2381.3,5975.5,0.2849535707447827,40.4,834.1
775,3,svr,loso,Al Baha - University,20.1794,41.6357,01-05-2019 00:00,5895.8,5982.621388334201,86.82138833420049,86.82138833420049,7537.953472278045,1.472597244380754,24.1,0.0,2730.5,4082.4,0.4007838071893027,34.4,834.7
776,3,svr,loso,Al Baha - University,20.1794,41.6357,01-06-2019 00:00,6252.5,6091.756799775603,-160.7432002243968,160.7432002243968,25838.376418380514,2.57086285844697,29.1,0.0,2752.9,4397.7,0.38498867227924927,18.4,833.2
777,3,svr,loso,Al Baha - University,20.1794,41.6357,01-07-2019 00:00,6914.6,6269.582698024479,-645.0173019755211,645.0173019755211,416047.3198477806,9.328338616485713,29.9,0.0,2950.1,4929.2,0.37441143248765757,16.4,831.3
778,3,svr,loso,Al Baha - University,20.1794,41.6357,01-08-2019 00:00,6362.0,5808.558238660415,-553.4417613395854,553.4417613395854,306297.78319466254,8.699178895623788,27.8,0.0,2624.2,4751.7,0.3557803115552,28.3,832.4
779,3,svr,loso,Al Baha - University,20.1794,41.6357,01-09-2019 00:00,6709.8,6232.033102836558,-477.7668971634421,477.7668971634421,228261.20802518303,7.120434247867926,28.4,0.0,2286.3,6008.3,0.2756371615267765,17.1,833.5
780,3,svr,loso,Al Baha - University,20.1794,41.6357,01-10-2019 00:00,6017.5,5889.796143709247,-127.70385629075281,127.70385629075281,16308.274911529246,2.1222078320025393,23.9,0.0,1698.9,6532.6,0.2063900868614469,27.1,835.5
781,3,svr,loso,Al Baha - University,20.1794,41.6357,01-11-2019 00:00,4554.2,5080.354916772122,526.1549167721223,526.1549167721223,276838.996443479,11.553179850953457,19.3,0.0,1546.0,5047.1,0.2344875703386874,47.2,835.2
782,3,svr,loso,Al Baha - University,20.1794,41.6357,01-12-2019 00:00,4915.2,5320.131311475806,404.93131147580607,404.93131147580607,163969.36701351628,8.238348622147749,17.2,0.0,1302.9,6612.5,0.16460317861384138,49.4,835.6
783,3,svr,loso,Al Baha - University,20.1794,41.6357,01-01-2020 00:00,5450.1,5504.605473123557,54.50547312355684,54.50547312355684,2970.846600422777,1.0000820741556455,15.2,0.4,1087.9,7888.5,0.12119557951962927,41.3,835.8
784,3,svr,loso,Al Baha - University,20.1794,41.6357,01-02-2020 00:00,5930.5,6033.839009394999,103.33900939499927,103.33900939499927,10678.950862739746,1.742500790742758,18.2,3.3,1902.6,6379.0,0.2297382148377125,39.4,835.8
785,3,svr,loso,Al Baha - University,20.1794,41.6357,01-03-2020 00:00,6950.0,6869.141265637704,-80.85873436229576,80.85873436229576,6538.13492267231,1.1634350267956224,20.2,3.1,2099.5,6879.2,0.23383117823292904,34.0,833.9
786,3,svr,loso,Al Baha - University,20.1794,41.6357,01-04-2020 00:00,6931.5,6077.244750479284,-854.2552495207156,854.2552495207156,729752.0313336999,12.324247991354188,22.8,3.0,2117.6,6560.4,0.24401935929937774,37.2,834.1
787,3,svr,loso,Al Baha - University,20.1794,41.6357,01-09-2020 00:00,6908.0,6836.636826339212,-71.36317366078765,71.36317366078765,5092.702554939737,1.0330511531671633,27.6,2.6,2028.7,6740.8,0.23133588003877076,16.0,833.4
788,3,svr,loso,Al Baha - University,20.1794,41.6357,01-10-2020 00:00,6661.9,6363.013698142594,-298.88630185740567,298.88630185740567,89333.02143799621,4.486502377060684,22.9,2.5,1150.5,8582.6,0.11820488847335381,15.4,835.9
789,3,svr,loso,Al Baha - University,20.1794,41.6357,01-11-2020 00:00,5160.2,5486.082830293641,325.88283029364084,325.88283029364084,106199.61908019391,6.315313947010598,20.3,2.1,1240.5,6777.1,0.15472211135501895,38.4,836.0
790,3,svr,loso,Al Baha - University,20.1794,41.6357,01-12-2020 00:00,5136.3,5297.206898962293,160.90689896229287,160.90689896229287,25891.030133661527,3.1327395004632295,17.7,2.2,1066.2,7527.1,0.12407340602562461,43.2,836.0
791,3,svr,loso,Al Baha - University,20.1794,41.6357,01-01-2021 00:00,5303.7,5440.701770969741,137.0017709697413,137.0017709697413,18769.48524884545,2.5831357537142243,16.4,2.3,1257.3,7177.5,0.14906103286384978,37.8,835.7
792,3,svr,loso,Al Baha - University,20.1794,41.6357,01-02-2021 00:00,5788.4,5708.9551858099385,-79.44481419006115,79.44481419006115,6311.478501693342,1.372483141974659,17.6,3.2,1576.4,6719.2,0.19002844881623993,39.8,834.9
793,3,svr,loso,Al Baha - University,20.1794,41.6357,01-09-2021 00:00,6325.3,6427.9867957518645,102.68679575186434,102.68679575186434,10544.578021785104,1.6234296515875033,27.8,2.7,2401.5,5279.2,0.312666814222662,18.5,833.0
794,3,svr,loso,Al Baha - University,20.1794,41.6357,01-10-2021 00:00,6161.8,6251.611531004436,89.81153100443589,89.81153100443589,8066.11110136075,1.4575534909350496,24.0,2.8,1513.4,7088.0,0.17594810147185344,21.0,835.9
795,3,svr,loso,Al Baha - University,20.1794,41.6357,01-11-2021 00:00,5526.5,5829.875047479686,303.37504747968615,303.37504747968615,92036.41943330182,5.489460734274607,20.3,2.2,1123.8,7609.0,0.1286872480762184,30.8,836.0
796,3,svr,loso,Al Baha - University,20.1794,41.6357,01-12-2021 00:00,5053.8,5395.552930073132,341.7529300731321,341.7529300731321,116795.06521357113,6.762296293346237,17.6,2.4,989.7,7569.3,0.11563266736768314,35.9,836.1
972,4,svr,loso,Al Dawadmi - TVTC,24.5569,44.47411,01-03-2017 00:00,5246.1,5344.102000465155,98.0020004651542,98.0020004651542,9604.392095172083,1.8680924966194734,21.4,3.4,3019.8,3091.2,0.4941580756013746,39.7,906.1
973,4,svr,loso,Al Dawadmi - TVTC,24.5569,44.47411,01-04-2017 00:00,6383.9,6411.245406259778,27.34540625977843,27.34540625977843,747.7712435123293,0.42834953961964367,27.9,3.2,3282.7,4047.5,0.44783225560012,22.1,907.1
974,4,svr,loso,Al Dawadmi - TVTC,24.5569,44.47411,01-05-2017 00:00,6876.5,6840.048475618159,-36.45152438184141,36.45152438184141,1328.7136297599786,0.530088335371794,32.4,3.0,3718.9,3915.8,0.48710492881187206,19.0,905.0
975,4,svr,loso,Al Dawadmi - TVTC,24.5569,44.47411,01-06-2017 00:00,8289.8,8165.925307312282,-123.87469268771747,123.87469268771747,15344.939488476444,1.4943025487673705,34.8,3.1,2772.7,7222.0,0.277417031026444,9.3,902.3
976,4,svr,loso,Al Dawadmi - TVTC,24.5569,44.47411,01-09-2017 00:00,6916.9,6818.3441842166385,-98.55581578336114,98.55581578336114,9713.248824723816,1.4248552933158083,32.6,2.6,2270.6,6564.4,0.25700056593095644,9.9,904.8
977,4,svr,loso,Al Dawadmi - TVTC,24.5569,44.47411,01-10-2017 00:00,6216.5,6275.9737358385355,59.473735838535504,59.473735838535504,3537.1252545919024,0.9567077268323896,28.2,2.6,1625.7,7341.2,0.1813001148668994,13.5,907.8
978,4,svr,loso,Al Dawadmi - TVTC,24.5569,44.47411,01-11-2017 00:00,4804.6,4903.518237349386,98.91823734938589,98.91823734938589,9784.817680309441,2.0588235721888584,21.2,2.6,1679.9,5576.3,0.23151236184228657,35.9,909.7
979,4,svr,loso,Al Dawadmi - TVTC,24.5569,44.47411,01-03-2018 00:00,6327.1,6454.125217112166,127.02521711216559,127.02521711216559,16135.405782392807,2.0076372605485227,24.4,3.0,2484.1,5572.4,0.3083348848755663,24.9,907.6
980,4,svr,loso,Al Dawadmi - TVTC,24.5569,44.47411,01-04-2018 00:00,6297.0,6288.841573594382,-8.15842640561823,8.15842640561823,66.55992141588878,0.1295605273244121,24.7,3.4,3284.9,3896.5,0.4574177736931518,36.6,905.0
981,4,svr,loso,Al Dawadmi - TVTC,24.5569,44.47411,01-05-2018 00:00,7142.7,7119.420530232705,-23.279469767295268,23.279469767295268,541.9337126464144,0.3259197469765672,30.5,3.3,3567.3,4445.4,0.4452057358942679,21.3,904.4
982,4,svr,loso,Al Dawadmi - TVTC,24.5569,44.47411,01-06-2018 00:00,7910.4,7892.6558569443905,-17.74414305560913,17.74414305560913,314.85461277792166,0.22431410618437916,34.7,2.9,2829.1,6525.5,0.302428751630214,12.7,901.8
983,4,svr,loso,Al Dawadmi - TVTC,24.5569,44.47411,01-07-2018 00:00,7785.4,7708.524708297693,-76.87529170230664,76.87529170230664,5909.810474314736,0.9874289272523781,34.9,3.2,2828.1,6413.4,0.3060217497159552,12.0,899.9
984,4,svr,loso,Al Dawadmi - TVTC,24.5569,44.47411,01-08-2018 00:00,7539.1,6906.837281674223,-632.2627183257773,632.2627183257773,399756.14498470124,8.386448227583893,34.3,2.9,2127.4,7341.5,0.22467234842484346,13.3,901.1
985,4,svr,loso,Al Dawadmi - TVTC,24.5569,44.47411,01-09-2018 00:00,6587.5,6523.685990730339,-63.814009269661256,63.814009269661256,4072.2277790684125,0.9687136132016889,34.1,2.7,2459.7,5713.5,0.3009469975040376,12.7,904.7
986,4,svr,loso,Al Dawadmi - TVTC,24.5569,44.47411,01-10-2018 00:00,5241.8,5210.0887567192085,-31.711243280791678,31.711243280791678,1005.6029504135553,0.6049685848523728,26.4,2.6,1941.9,5145.4,0.27399714983138856,33.2,909.2
987,4,svr,loso,Al Dawadmi - TVTC,24.5569,44.47411,01-11-2018 00:00,3903.4,3924.247742368224,20.847742368223862,20.847742368223862,434.6283618518363,0.534091878060764,19.1,2.5,1894.2,3530.8,0.34916129032258064,68.3,909.7
988,4,svr,loso,Al Dawadmi - TVTC,24.5569,44.47411,01-12-2018 00:00,4189.0,4098.5454206280565,-90.45457937194351,90.45457937194351,8182.030929355228,2.1593358646918954,17.3,2.8,1538.3,5117.0,0.23113909215211936,51.3,910.8
989,4,svr,loso,Al Dawadmi - TVTC,24.5569,44.47411,01-01-2019 00:00,4230.9,4332.846560564204,101.94656056420445,101.94656056420445,10393.101210871006,2.409571499307581,17.2,3.3,2265.2,3549.2,0.3895844799119428,40.5,910.2
990,4,svr,loso,Al Dawadmi - TVTC,24.5569,44.47411,01-02-2019 00:00,4990.8,4927.7234767501,-63.076523249899765,63.076523249899765,3978.6477852951457,1.2638559599643295,16.6,1.2,2211.8,4629.8,0.3232869504209542,44.5,909.2
991,4,svr,loso,Al Dawadmi - TVTC,24.5569,44.47411,01-03-2019 00:00,6375.6,6432.303678943182,56.70367894318133,56.70367894318133,3215.3072056913857,0.8893857667228391,19.4,2.2,2453.7,5810.6,0.2969035489999153,27.7,907.1
992,4,svr,loso,Al Dawadmi - TVTC,24.5569,44.47411,01-04-2019 00:00,6715.8,6624.229976966064,-91.5700230339362,91.5700230339362,8385.069118435606,1.36350134062861,23.9,0.0,2811.0,5298.9,0.346613398438945,30.4,906.2
993,4,svr,loso,Al Dawadmi - TVTC,24.5569,44.47411,01-05-2019 00:00,6851.1,6687.07454852185,-164.02545147815,164.02545147815,26904.348732610935,2.3941476766964427,30.5,0.0,2928.4,5014.1,0.3687000314762355,24.5,905.4
994,4,svr,loso,Al Dawadmi - TVTC,24.5569,44.47411,01-06-2019 00:00,7720.3,7571.957869870138,-148.3421301298622,148.3421301298622,22005.38757146497,1.921455515068873,35.5,0.0,2823.5,6364.0,0.30731972789115647,12.4,902.6
995,4,svr,loso,Al Dawadmi - TVTC,24.5569,44.47411,01-07-2019 00:00,7893.1,7849.355820825405,-43.74417917459505,43.74417917459505,1913.553211659075,0.5542078419707724,35.6,0.0,2362.3,7327.5,0.24379244153646107,11.8,899.9
996,4,svr,loso,Al Dawadmi - TVTC,24.5569,44.47411,01-08-2019 00:00,7492.7,7553.479575083797,60.77957508379677,60.77957508379677,3694.1567473668892,0.811183886767077,34.7,0.0,2126.7,7272.2,0.22627115939099254,12.5,901.3
997,4,svr,loso,Al Dawadmi - TVTC,24.5569,44.47411,01-09-2019 00:00,6612.8,7010.375850560792,397.5758505607919,397.5758505607919,158066.55694913713,6.0122164674690275,33.6,0.0,2180.7,6265.0,0.2582023988538546,14.3,904.0
998,4,svr,loso,Al Dawadmi - TVTC,24.5569,44.47411,01-10-2019 00:00,5699.9,5989.661627428124,289.7616274281245,289.7616274281245,83961.80072979523,5.083626509730426,28.9,0.0,1730.5,6196.8,0.2182962673293555,22.4,907.6
999,4,svr,loso,Al Dawadmi - TVTC,24.5569,44.47411,01-11-2019 00:00,4333.7,4355.238967859116,21.538967859116383,21.538967859116383,463.92713643604856,0.49701104966002224,20.7,0.0,1715.3,4642.1,0.2698115581841633,42.7,909.3
1000,4,svr,loso,Al Dawadmi - TVTC,24.5569,44.47411,01-12-2019 00:00,4303.7,4365.354136376782,61.654136376781935,61.654136376781935,3801.2325323668256,1.432584436108045,17.0,0.0,1231.7,6041.3,0.16935239928502682,43.1,909.8
1001,4,svr,loso,Al Dawadmi - TVTC,24.5569,44.47411,01-01-2020 00:00,4790.7,4774.853120209434,-15.846879790566163,15.846879790566163,251.1235990966543,0.33078422340297164,13.4,0.4,1199.6,6866.6,0.1487193474002628,38.2,910.5
1002,4,svr,loso,Al Dawadmi - TVTC,24.5569,44.47411,01-02-2020 00:00,5383.8,5500.634145682535,116.83414568253465,116.83414568253465,13650.217597367731,2.1701056072390252,17.8,2.6,2133.3,5392.1,0.2834799479097457,29.3,910.0
1003,4,svr,loso,Al Dawadmi - TVTC,24.5569,44.47411,01-03-2020 00:00,6521.3,6669.481035706399,148.1810357063987,148.1810357063987,21957.619343021004,2.272262213153799,21.1,1.7,2573.1,5764.2,0.30862509445503944,23.4,906.8
1004,4,svr,loso,Al Dawadmi - TVTC,24.5569,44.47411,01-04-2020 00:00,6967.3,6865.604853112754,-101.69514688724576,101.69514688724576,10341.90290041849,1.459606259056532,26.2,3.5,2964.8,5243.9,0.3611777747999074,30.7,905.4
1005,4,svr,loso,Al Dawadmi - TVTC,24.5569,44.47411,01-05-2020 00:00,7165.5,7103.910237197916,-61.5897628020839,61.5897628020839,3793.298882016957,0.85953196290676,31.2,3.2,3466.1,4717.4,0.4235473819270483,17.5,905.7
1006,4,svr,loso,Al Dawadmi - TVTC,24.5569,44.47411,01-09-2020 00:00,6828.0,6855.7329996809485,27.732999680948524,27.732999680948524,769.1192713034909,0.40616578325935154,32.6,2.5,1985.2,6920.8,0.2229059061306984,13.3,904.4
1007,4,svr,loso,Al Dawadmi - TVTC,24.5569,44.47411,01-10-2020 00:00,6238.0,6307.649575967466,69.64957596746626,69.64957596746626,4851.063432447854,1.116536966455054,25.7,2.3,1151.0,8358.0,0.12104322221053739,15.1,909.0
1008,4,svr,loso,Al Dawadmi - TVTC,24.5569,44.47411,01-11-2020 00:00,4682.5,4823.090683054738,140.5906830547383,140.5906830547383,19765.740161797876,3.002470540410855,21.6,3.1,1380.8,5990.7,0.1873160143797056,37.2,909.5
1009,4,svr,loso,Al Dawadmi - TVTC,24.5569,44.47411,01-12-2020 00:00,4216.5,4296.353623925986,79.85362392598563,79.85362392598563,6376.601254112745,1.8938366874418504,16.7,2.9,1559.0,5147.0,0.23247837757232329,48.9,910.8
1010,4,svr,loso,Al Dawadmi - TVTC,24.5569,44.47411,01-01-2021 00:00,4557.2,4536.681743117344,-20.518256882655805,20.518256882655805,420.99886550265234,0.4502382358170764,15.8,2.8,1529.9,5629.5,0.21369109143224294,42.0,911.0
1011,4,svr,loso,Al Dawadmi - TVTC,24.5569,44.47411,01-02-2021 00:00,5139.4,5106.680034654995,-32.71996534500431,32.71996534500431,1070.5961321782831,0.6366495183290718,17.3,3.2,1923.1,5428.2,0.26159998911757104,39.0,909.6
1012,4,svr,loso,Al Dawadmi - TVTC,24.5569,44.47411,01-03-2021 00:00,6455.2,6573.249253870625,118.04925387062485,118.04925387062485,13935.626339411237,1.8287466518562532,23.6,3.5,2873.7,5092.8,0.3607230276784033,21.4,907.4
1013,4,svr,loso,Al Dawadmi - TVTC,24.5569,44.47411,01-04-2021 00:00,6912.2,6967.013823614684,54.813823614684225,54.813823614684225,3004.555259261714,0.7930011228651402,27.0,3.0,3148.5,5005.7,0.3861200363003115,19.1,907.3
1014,4,svr,loso,Al Dawadmi - TVTC,24.5569,44.47411,01-05-2021 00:00,7830.1,7574.629651940747,-255.4703480592534,255.4703480592534,65265.098737516084,3.26267031148074,32.9,2.7,2637.3,6773.4,0.2802448276961331,11.9,903.8
1015,4,svr,loso,Al Dawadmi - TVTC,24.5569,44.47411,01-07-2021 00:00,7685.7,7689.959703699844,4.259703699844067,4.259703699844067,18.145075610465234,0.05542375710532634,37.0,3.0,2674.9,6543.7,0.2901633653700128,13.7,898.7
1016,4,svr,loso,Al Dawadmi - TVTC,24.5569,44.47411,01-08-2021 00:00,7560.5,7332.694216195516,-227.80578380448424,227.80578380448424,51895.47513477541,3.013104739163868,35.9,2.8,2255.5,7093.0,0.24126865272503611,11.6,901.4
1017,4,svr,loso,Al Dawadmi - TVTC,24.5569,44.47411,01-09-2021 00:00,6912.3,7042.358936811632,130.0589368116316,130.0589368116316,16915.327044571983,1.8815580459706844,32.1,2.6,1988.4,7041.3,0.22020665138376688,13.9,903.9
1018,4,svr,loso,Al Dawadmi - TVTC,24.5569,44.47411,01-10-2021 00:00,5993.7,6072.506743922913,78.80674392291348,78.80674392291348,6210.502887731661,1.3148262996632045,29.2,2.6,1604.3,6955.7,0.1874182242990654,16.6,908.1
1019,4,svr,loso,Al Dawadmi - TVTC,24.5569,44.47411,01-11-2021 00:00,4922.2,5103.174684660629,180.97468466062946,180.97468466062946,32751.836488014273,3.6767031949256324,22.0,0.7,1472.2,6196.1,0.19198518576477186,30.6,909.7
1020,4,svr,loso,Al Dawadmi - TVTC,24.5569,44.47411,01-12-2021 00:00,4105.8,4388.860590171183,283.0605901711824,283.0605901711824,80123.29770805809,6.894164113478066,17.0,0.0,1702.3,4622.7,0.2691383399209486,38.8,910.8
1558,5,svr,loso,Al Dhahran - KFUPM,26.30355,50.14412,01-01-2017 00:00,3555.2,3402.611984109217,-152.58801589078303,152.58801589078303,23283.10259348585,4.291967143642637,17.2,1.8,1555.3,3773.0,0.2918942251750089,67.5,1010.7
1559,5,svr,loso,Al Dhahran - KFUPM,26.30355,50.14412,01-02-2017 00:00,3690.5,3662.1690591605875,-28.330940839412506,28.330940839412506,802.6422088462914,0.7676721538927653,15.8,2.0,1718.0,3219.2,0.34797050960058334,65.0,1011.7
1560,5,svr,loso,Al Dhahran - KFUPM,26.30355,50.14412,01-03-2017 00:00,4160.6,4149.503973451132,-11.096026548868394,11.096026548868394,123.12180517319226,0.266692942096534,21.4,1.6,2312.3,2650.6,0.4659171049184953,63.5,1006.1
1561,5,svr,loso,Al Dhahran - KFUPM,26.30355,50.14412,01-04-2017 00:00,6185.7,6151.004706792386,-34.69529320761376,34.69529320761376,1203.7633707622895,0.5608951809433654,28.5,2.2,2751.2,4626.0,0.3729328200401236,42.2,1003.5
1562,5,svr,loso,Al Dhahran - KFUPM,26.30355,50.14412,01-05-2017 00:00,6441.2,6509.981883228637,68.78188322863753,68.78188322863753,4730.947460477928,1.0678426881425438,34.1,2.2,2953.9,4460.6,0.3983950367523097,32.7,999.1
1563,5,svr,loso,Al Dhahran - KFUPM,26.30355,50.14412,01-06-2017 00:00,7197.4,6896.529196997673,-300.8708030023263,300.8708030023263,90523.24009926463,4.180270695005507,36.5,2.3,1893.0,7104.6,0.21038943718324885,25.8,993.4
1564,5,svr,loso,Al Dhahran - KFUPM,26.30355,50.14412,01-09-2017 00:00,5932.9,5879.886173659461,-53.0138263405388,53.0138263405388,2810.4657832648054,0.8935567149377001,34.4,1.4,2000.7,5471.4,0.26775605251535717,58.9,997.7
1565,5,svr,loso,Al Dhahran - KFUPM,26.30355,50.14412,01-10-2017 00:00,5098.4,5137.476022094689,39.076022094689506,39.076022094689506,1526.9355027446625,0.7664369624723346,30.7,1.4,1640.5,5360.6,0.23432032109239975,57.9,1003.4
1566,5,svr,loso,Al Dhahran - KFUPM,26.30355,50.14412,01-11-2017 00:00,3809.0,3751.3322455891785,-57.667754410821544,57.667754410821544,3325.5698987868277,1.5139867264589535,24.8,1.4,1532.9,4097.3,0.27226386274022235,60.8,1008.5
1567,5,svr,loso,Al Dhahran - KFUPM,26.30355,50.14412,01-12-2017 00:00,3810.2,3567.8165431002503,-242.3834568997495,242.3834568997495,58749.74017867272,6.361436588623944,18.4,1.9,1158.9,5336.6,0.17841582634131323,56.7,1012.5
1568,5,svr,loso,Al Dhahran - KFUPM,26.30355,50.14412,01-03-2018 00:00,6090.6,5880.0509413856025,-210.54905861439784,210.54905861439784,44330.906083409136,3.4569510165566255,25.1,1.8,2337.3,5403.5,0.301945535345184,42.0,1005.6
1569,5,svr,loso,Al Dhahran - KFUPM,26.30355,50.14412,01-04-2018 00:00,5518.1,5365.332410736627,-152.76758926337334,152.76758926337334,23337.93632934274,2.7684817104324555,27.4,2.1,3215.2,2999.0,0.5173956422387435,44.8,1002.6
1570,5,svr,loso,Al Dhahran - KFUPM,26.30355,50.14412,01-05-2018 00:00,6756.9,6735.246251066125,-21.65374893387434,21.65374893387434,468.8848428912641,0.3204686902851062,32.7,1.8,3459.5,4251.6,0.4486389749841138,34.6,999.6
1571,5,svr,loso,Al Dhahran - KFUPM,26.30355,50.14412,01-06-2018 00:00,7695.9,7545.064939108315,-150.8350608916844,150.8350608916844,22751.215594198144,1.9599404993786878,37.6,2.3,2660.0,6458.8,0.2917050489099443,26.5,992.6
1572,5,svr,loso,Al Dhahran - KFUPM,26.30355,50.14412,01-07-2018 00:00,7303.7,7283.37156385094,-20.3284361490596,20.3284361490596,413.24531626639305,0.2783306563667675,38.1,2.1,2822.0,5758.1,0.32890059556415424,30.4,989.4
1573,5,svr,loso,Al Dhahran - KFUPM,26.30355,50.14412,01-08-2018 00:00,7003.3,7039.118996928137,35.818996928136585,35.818996928136585,1283.0005409378582,0.5114588398060427,37.4,2.0,2336.5,6207.6,0.27346355964934865,33.0,991.5
1574,5,svr,loso,Al Dhahran - KFUPM,26.30355,50.14412,01-09-2018 00:00,5998.5,5965.352095386593,-33.14790461340726,33.14790461340726,1098.7835802595466,0.5526032276970453,35.3,1.4,2182.0,5226.8,0.29451463124932514,57.1,997.6
1575,5,svr,loso,Al Dhahran - KFUPM,26.30355,50.14412,01-10-2018 00:00,4738.8,4800.957131696694,62.157131696693796,62.157131696693796,3863.5090207601365,1.311663959160416,30.7,1.5,2069.9,4035.2,0.33904440549704346,60.6,1005.2
1576,5,svr,loso,Al Dhahran - KFUPM,26.30355,50.14412,01-11-2018 00:00,3505.6,3510.0012667575343,4.4012667575343585,4.4012667575343585,19.371149070977005,0.12554959942761176,24.3,1.7,1717.6,3235.4,0.3467797294568948,69.9,1009.0
1577,5,svr,loso,Al Dhahran - KFUPM,26.30355,50.14412,01-12-2018 00:00,3640.3,3609.151534062178,-31.14846593782204,31.14846593782204,970.2269302796598,0.8556565650584302,20.7,0.0,1605.0,4011.3,0.28577533251428877,70.3,1011.4
1578,5,svr,loso,Al Dhahran - KFUPM,26.30355,50.14412,01-01-2019 00:00,3714.1,3511.596337312118,-202.50366268788184,202.50366268788184,41007.73340200743,5.452294302465789,19.2,0.0,1869.8,3402.5,0.3546459799328566,63.0,1011.3
1579,5,svr,loso,Al Dhahran - KFUPM,26.30355,50.14412,01-02-2019 00:00,4141.7,4006.6856490009063,-135.0143509990935,135.0143509990935,18228.874975706418,3.2598776106210856,18.9,0.0,1766.8,3934.5,0.3098942346482381,65.3,1010.0
1580,5,svr,loso,Al Dhahran - KFUPM,26.30355,50.14412,01-03-2019 00:00,5494.2,5311.620937645083,-182.57906235491646,182.57906235491646,33335.11401040047,3.32312370053723,21.3,0.0,2258.4,4705.8,0.32428706814853103,55.3,1006.7
1581,5,svr,loso,Al Dhahran - KFUPM,26.30355,50.14412,01-04-2019 00:00,5799.0,5773.197020294648,-25.8029797053523,25.8029797053523,665.7937616748227,0.4449556769331316,26.6,0.0,2842.8,3948.8,0.4185758878614759,46.2,1003.7
1582,5,svr,loso,Al Dhahran - KFUPM,26.30355,50.14412,01-05-2019 00:00,6486.3,6727.565163141826,241.26516314182572,241.26516314182572,58208.87894585178,3.719611537268176,33.7,0.0,2927.1,4609.5,0.3883846827481888,32.9,999.9
1583,5,svr,loso,Al Dhahran - KFUPM,26.30355,50.14412,01-06-2019 00:00,7163.0,7121.550348139166,-41.44965186083391,41.44965186083391,1718.073639384332,0.5786632955582006,38.4,0.0,2113.4,6634.7,0.24158388678684514,26.6,993.7
1584,5,svr,loso,Al Dhahran - KFUPM,26.30355,50.14412,01-07-2019 00:00,7331.7,7290.669009498884,-41.03099050111541,41.03099050111541,1683.5421815026232,0.5596381535130381,37.8,0.0,2237.7,6634.9,0.2522034127538715,32.7,990.1
1585,5,svr,loso,Al Dhahran - KFUPM,26.30355,50.14412,01-08-2019 00:00,6917.7,6974.831016814049,57.13101681404896,57.13101681404896,3263.953082207145,0.8258672219675465,37.5,0.0,2277.7,6200.9,0.2686410492298257,39.2,991.8
1586,5,svr,loso,Al Dhahran - KFUPM,26.30355,50.14412,01-10-2019 00:00,4902.0,5031.8498994926385,129.84989949263854,129.84989949263854,16860.99639824833,2.64891675831576,32.3,0.0,1885.6,4587.5,0.2912978325686301,61.1,1003.2
1587,5,svr,loso,Al Dhahran - KFUPM,26.30355,50.14412,01-11-2019 00:00,3802.9,3875.3171920257055,72.41719202570539,72.41719202570539,5244.249700887888,1.904262326795482,24.6,0.0,1557.1,4038.6,0.2782672409171328,57.4,1008.7
1588,5,svr,loso,Al Dhahran - KFUPM,26.30355,50.14412,01-12-2019 00:00,3380.7,3554.791993996093,174.09199399609315,174.09199399609315,30308.022373535732,5.149584228002874,20.3,0.0,1309.2,4063.3,0.24368543508608656,69.5,1010.4
1589,5,svr,loso,Al Dhahran - KFUPM,26.30355,50.14412,01-01-2020 00:00,3705.0,3700.5622172875087,-4.437782712491298,4.437782712491298,19.693915403286624,0.11977821086346285,17.3,0.4,1189.9,4731.9,0.20093552636022835,65.3,1010.9
1590,5,svr,loso,Al Dhahran - KFUPM,26.30355,50.14412,01-02-2020 00:00,4564.7,4311.529185744818,-253.17081425518154,253.17081425518154,64095.461190631635,5.546274985326123,19.2,2.1,1774.6,4549.5,0.28060909852785376,59.0,1010.6
1591,5,svr,loso,Al Dhahran - KFUPM,26.30355,50.14412,01-03-2020 00:00,5272.8,5042.309646607595,-230.49035339240527,230.49035339240527,53125.803006955866,4.37130847732524,22.7,2.2,2344.4,4205.4,0.3579345934227,57.5,1005.4
1592,5,svr,loso,Al Dhahran - KFUPM,26.30355,50.14412,01-04-2020 00:00,5364.5,6034.473385906613,669.9733859066127,669.9733859066127,448864.33782317105,12.489018285145171,27.5,2.2,2802.5,3393.9,0.45227874249564265,51.5,1003.1
1593,5,svr,loso,Al Dhahran - KFUPM,26.30355,50.14412,01-05-2020 00:00,7000.4,6850.2955260485305,-150.10447395146912,150.10447395146912,22531.35310024727,2.144227100615238,32.6,2.0,2665.9,5732.0,0.31744840972147803,35.9,999.9
1594,5,svr,loso,Al Dhahran - KFUPM,26.30355,50.14412,01-09-2020 00:00,6075.9,6489.3700193556215,413.47001935562184,413.47001935562184,170957.4569059383,6.805082693191491,35.3,1.5,1785.0,5939.9,0.23107095237478803,51.7,997.2
1595,5,svr,loso,Al Dhahran - KFUPM,26.30355,50.14412,01-10-2020 00:00,5253.3,5259.50074600159,6.2007460015902325,6.2007460015902325,38.44925097623725,0.11803525406107081,29.8,1.5,1278.3,6355.5,0.1674526448164741,59.2,1004.2
1596,5,svr,loso,Al Dhahran - KFUPM,26.30355,50.14412,01-11-2020 00:00,4139.8,4209.325748659363,69.52574865936276,69.52574865936276,4833.829726644883,1.6794470423538037,25.6,1.6,1406.7,4882.3,0.2236762601367467,65.5,1008.5
1597,5,svr,loso,Al Dhahran - KFUPM,26.30355,50.14412,01-12-2020 00:00,3623.2,3519.1540224608425,-104.04597753915732,104.04597753915732,10825.565442078829,2.871659790769412,19.9,2.0,1470.4,4221.3,0.2583410931707574,68.3,1011.4
1598,5,svr,loso,Al Dhahran - KFUPM,26.30355,50.14412,01-01-2021 00:00,4101.8,3894.370476132003,-207.42952386799698,207.42952386799698,43027.00737210393,5.0570365173337795,18.5,1.9,1536.3,4773.8,0.24346682302974595,62.8,1011.3
1599,5,svr,loso,Al Dhahran - KFUPM,26.30355,50.14412,01-02-2021 00:00,4581.9,4383.178158570114,-198.7218414298859,198.7218414298859,39490.37026128472,4.33710559876658,19.7,2.1,1666.3,4831.7,0.2564327485380117,65.0,1009.2
1600,5,svr,loso,Al Dhahran - KFUPM,26.30355,50.14412,01-10-2021 00:00,5254.1,5261.156032418604,7.056032418603536,7.056032418603536,49.78759349238406,0.13429573892014876,31.1,1.7,1623.6,5570.4,0.2256880733944954,59.5,1002.8
1601,5,svr,loso,Al Dhahran - KFUPM,26.30355,50.14412,01-11-2021 00:00,4294.0,4345.130002503029,51.13000250302866,51.13000250302866,2614.277155959717,1.1907313112023443,25.5,1.7,1414.9,5161.5,0.21514810534639014,60.6,1007.0
1602,5,svr,loso,Al Dhahran - KFUPM,26.30355,50.14412,01-12-2021 00:00,3558.8,3382.954432578201,-175.8455674217994,175.8455674217994,30921.663581894594,4.941147786383033,20.4,1.9,1507.2,3965.8,0.2753882696875571,66.6,1010.5
138,6,svr,loso,Al Farshah - TQ TVTC,17.7749,43.17555,01-01-2017 00:00,5253.8,5198.879071439199,-54.92092856080126,54.92092856080126,3016.308393980635,1.0453562861319665,23.8,1.9,1323.8,6504.9,0.1690957630257897,53.8,895.8
139,6,svr,loso,Al Farshah - TQ TVTC,17.7749,43.17555,01-02-2017 00:00,4657.6,4710.25290688345,52.65290688344976,52.65290688344976,2772.328603277231,1.13047292346809,23.3,2.0,2326.0,3505.4,0.39887505573275717,58.6,894.9
140,6,svr,loso,Al Farshah - TQ TVTC,17.7749,43.17555,01-03-2017 00:00,5753.0,5520.668003668643,-232.331996331357,232.331996331357,53978.156519313685,4.038449440837076,26.4,2.1,2300.3,4717.9,0.3277621042432533,52.4,893.0
141,6,svr,loso,Al Farshah - TQ TVTC,17.7749,43.17555,01-04-2017 00:00,6995.7,6803.97437871134,-191.72562128865957,191.72562128865957,36758.71385852251,2.7406209712917873,29.3,2.3,2473.9,5866.1,0.2966306954436451,35.6,893.1
142,6,svr,loso,Al Farshah - TQ TVTC,17.7749,43.17555,01-05-2017 00:00,6580.1,6316.155176594399,-263.9448234056017,263.9448234056017,69666.86980261427,4.011258543268365,29.4,2.0,2776.4,4744.2,0.3691726723931601,53.1,892.2
143,6,svr,loso,Al Farshah - TQ TVTC,17.7749,43.17555,01-09-2017 00:00,6518.8,6463.772745636657,-55.02725436334276,55.02725436334276,3027.9987227680253,0.8441316555706995,31.1,2.4,2299.6,5606.0,0.2908824124671119,38.6,890.6
144,6,svr,loso,Al Farshah - TQ TVTC,17.7749,43.17555,01-10-2017 00:00,6485.5,6155.790271370706,-329.70972862929375,329.70972862929375,108708.50515280252,5.083798144002679,29.3,2.3,1323.0,7616.6,0.1479931988008412,28.0,893.4
145,6,svr,loso,Al Farshah - TQ TVTC,17.7749,43.17555,01-11-2017 00:00,5619.6,5495.103919297902,-124.49608070209797,124.49608070209797,15499.27411018329,2.215390431740657,25.7,2.2,1173.5,7198.1,0.14017631038272252,38.8,894.6
146,6,svr,loso,Al Farshah - TQ TVTC,17.7749,43.17555,01-03-2018 00:00,6971.5,6644.153884502628,-327.346115497372,327.346115497372,107155.47933121881,4.695490432437381,26.8,2.3,1745.2,7193.5,0.19524091870182464,32.2,893.4
147,6,svr,loso,Al Farshah - TQ TVTC,17.7749,43.17555,01-04-2018 00:00,6168.1,6042.863931075715,-125.23606892428506,125.23606892428506,15684.072959608278,2.0303832448287973,26.6,2.0,2591.0,4620.9,0.3592673220649205,46.4,892.3
148,6,svr,loso,Al Farshah - TQ TVTC,17.7749,43.17555,01-05-2018 00:00,6640.5,6495.164135659696,-145.3358643403044,145.3358643403044,21122.513463543364,2.1886283313049377,30.0,2.3,2684.8,4991.3,0.3497609463138834,39.7,891.0
149,6,svr,loso,Al Farshah - TQ TVTC,17.7749,43.17555,01-06-2018 00:00,5958.5,6233.244254331208,274.74425433120814,274.74425433120814,75484.40528801158,4.610963402386643,31.3,2.1,3549.4,2937.0,0.5472064627528368,40.6,889.2
150,6,svr,loso,Al Farshah - TQ TVTC,17.7749,43.17555,01-07-2018 00:00,5318.7,5773.5951358867305,454.8951358867307,454.8951358867307,206929.5846534072,8.552750406804872,30.4,2.2,3802.2,1788.5,0.6800937270824763,43.6,889.0
151,6,svr,loso,Al Farshah - TQ TVTC,17.7749,43.17555,01-08-2018 00:00,5490.9,5694.20641042112,203.30641042112075,203.30641042112075,41333.4965183212,3.7026063199315367,29.2,2.0,3387.1,2519.3,0.5734626845455777,52.0,889.4
152,6,svr,loso,Al Farshah - TQ TVTC,17.7749,43.17555,01-09-2018 00:00,6400.2,6343.950713713078,-56.24928628692214,56.24928628692214,3163.982207788127,0.8788676336196078,30.5,2.4,2344.6,5328.5,0.3055609857814964,41.1,891.1
153,6,svr,loso,Al Farshah - TQ TVTC,17.7749,43.17555,01-10-2018 00:00,5778.6,5611.930340984352,-166.669659015648,166.669659015648,27778.775236392372,2.8842567233525074,27.5,2.2,1725.7,5794.8,0.22946612592247856,39.5,894.1
154,6,svr,loso,Al Farshah - TQ TVTC,17.7749,43.17555,01-11-2018 00:00,4929.0,4874.477528629113,-54.522471370886706,54.522471370886706,2972.6998843891606,1.1061568547552587,25.0,2.0,1611.9,5364.2,0.23106033457089203,48.3,894.8
155,6,svr,loso,Al Farshah - TQ TVTC,17.7749,43.17555,01-12-2018 00:00,4963.4,4945.767513413011,-17.632486586988307,17.632486586988307,310.90458324032255,0.35525016293243156,23.3,1.9,1332.3,6167.7,0.17764,52.7,895.8
156,6,svr,loso,Al Farshah - TQ TVTC,17.7749,43.17555,01-01-2019 00:00,5345.5,5345.054619787317,-0.4453802126827213,0.4453802126827213,0.19836353384930608,0.008331871905017703,23.6,1.8,1533.5,6242.8,0.19720175404755474,50.7,896.1
157,6,svr,loso,Al Farshah - TQ TVTC,17.7749,43.17555,01-02-2019 00:00,5318.9,5290.437451693624,-28.46254830637554,28.46254830637554,810.116656092761,0.5351209518204053,24.5,2.0,2299.9,4439.4,0.34126689715549097,50.5,894.9
158,6,svr,loso,Al Farshah - TQ TVTC,17.7749,43.17555,01-03-2019 00:00,5948.5,5774.555477676996,-173.9445223230041,173.9445223230041,30256.69684617807,2.9241745368244785,25.7,2.2,2335.9,4903.6,0.3226604047240832,45.9,893.8
159,6,svr,loso,Al Farshah - TQ TVTC,17.7749,43.17555,01-04-2019 00:00,6412.9,6304.121966862642,-108.77803313735785,108.77803313735785,11832.660493232122,1.696237788478814,28.1,2.3,2804.8,4668.9,0.37528934798025076,43.9,892.7
160,6,svr,loso,Al Farshah - TQ TVTC,17.7749,43.17555,01-05-2019 00:00,6343.7,6145.674873531734,-198.02512646826563,198.02512646826563,39213.950712772596,3.1216029520353366,28.1,2.0,2697.1,4650.2,0.3670872293223361,43.4,892.5
161,6,svr,loso,Al Farshah - TQ TVTC,17.7749,43.17555,01-06-2019 00:00,6041.4,5929.299143393162,-112.10085660683762,112.10085660683762,12566.60205198677,1.8555443540708716,31.2,2.1,2832.6,4033.9,0.41252457583921937,43.9,889.6
162,6,svr,loso,Al Farshah - TQ TVTC,17.7749,43.17555,01-07-2019 00:00,5393.4,5747.342942848711,353.942942848711,353.942942848711,125275.60679240592,6.562519799175122,31.2,2.2,3556.0,2203.4,0.6174254262596799,43.3,888.2
163,6,svr,loso,Al Farshah - TQ TVTC,17.7749,43.17555,01-08-2019 00:00,5735.8,5734.282564228262,-1.517435771737837,1.517435771737837,2.3026113213496053,0.026455520968964,28.8,2.2,2937.0,3449.6,0.4598691009300723,54.6,890.1
164,6,svr,loso,Al Farshah - TQ TVTC,17.7749,43.17555,01-09-2019 00:00,5977.4,5806.391974569636,-171.0080254303639,171.0080254303639,29243.74476159198,2.860909850944623,30.5,2.2,2295.6,4871.9,0.3202790373212417,42.2,890.4
165,6,svr,loso,Al Farshah - TQ TVTC,17.7749,43.17555,01-10-2019 00:00,5675.7,6050.173651009072,374.47365100907246,374.47365100907246,140230.51530006458,6.597840812746841,27.5,2.3,1690.2,5970.7,0.22062681930321504,43.6,893.3
166,6,svr,loso,Al Farshah - TQ TVTC,17.7749,43.17555,01-11-2019 00:00,5069.7,4959.521402939115,-110.17859706088439,110.17859706088439,12139.323250304722,2.173276467264027,25.3,2.0,1559.4,5647.2,0.2163849804346016,45.0,894.1
167,6,svr,loso,Al Farshah - TQ TVTC,17.7749,43.17555,01-12-2019 00:00,4828.7,4774.498425242017,-54.2015747579826,54.2015747579826,2937.8107062451763,1.1224879316996832,23.3,1.9,1444.5,5780.9,0.1999197276275362,52.1,895.1
168,6,svr,loso,Al Farshah - TQ TVTC,17.7749,43.17555,01-01-2020 00:00,4697.5,4567.255891361923,-130.2441086380768,130.2441086380768,16963.52783492715,2.772626048708394,21.8,2.0,1669.2,5022.5,0.24944334025733372,53.2,896.0
169,6,svr,loso,Al Farshah - TQ TVTC,17.7749,43.17555,01-02-2020 00:00,5332.4,5227.750413213482,-104.64958678651783,104.64958678651783,10951.536014588926,1.9625231938061254,25.5,2.1,2221.7,4481.5,0.3314387158372121,47.1,894.9
170,6,svr,loso,Al Farshah - TQ TVTC,17.7749,43.17555,01-03-2020 00:00,5972.7,5751.762499277988,-220.93750072201146,220.93750072201146,48813.379225288816,3.699122686925703,25.5,2.1,2581.1,4564.0,0.36124057046087527,51.5,893.1
171,6,svr,loso,Al Farshah - TQ TVTC,17.7749,43.17555,01-04-2020 00:00,6299.4,6002.3669698028525,-297.0330301971471,297.0330301971471,88228.62102809931,4.7152590754222174,27.4,2.0,2324.3,5260.8,0.3064297108805421,51.6,892.9
172,6,svr,loso,Al Farshah - TQ TVTC,17.7749,43.17555,01-05-2020 00:00,6540.7,6204.645242682837,-336.0547573171625,336.0547573171625,112932.79991549699,5.137902018395011,29.6,2.1,2439.4,5140.1,0.321841810145788,43.4,892.4
173,6,svr,loso,Al Farshah - TQ TVTC,17.7749,43.17555,01-09-2020 00:00,6443.4,6106.617959232192,-336.7820407678073,336.7820407678073,113422.14298372902,5.226775316879401,30.1,2.2,2029.4,5886.9,0.2563571365410609,39.5,890.3
174,6,svr,loso,Al Farshah - TQ TVTC,17.7749,43.17555,01-10-2020 00:00,6347.6,6077.694432454902,-269.90556754509817,269.90556754509817,72849.01539184155,4.252088467217502,28.2,2.4,1157.2,7732.7,0.13017019314053027,26.1,893.5
175,6,svr,loso,Al Farshah - TQ TVTC,17.7749,43.17555,01-11-2020 00:00,5099.8,4784.792683965743,-315.0073160342572,315.0073160342572,99229.60915510639,6.176856269545025,25.1,2.0,1161.3,6380.2,0.15398793343499304,48.3,894.9
176,6,svr,loso,Al Farshah - TQ TVTC,17.7749,43.17555,01-12-2020 00:00,4810.2,4871.034681220051,60.83468122005161,60.83468122005161,3700.8584391452996,1.2647017009698476,23.5,1.9,1149.8,6247.7,0.15543088881378844,52.8,895.3
177,6,svr,loso,Al Farshah - TQ TVTC,17.7749,43.17555,01-01-2021 00:00,5225.9,5184.284168722412,-41.61583127758786,41.61583127758786,1731.87741292466,0.7963380714821918,22.5,2.0,1409.8,6365.1,0.18132709102367875,46.5,895.1
178,6,svr,loso,Al Farshah - TQ TVTC,17.7749,43.17555,01-02-2021 00:00,5356.4,5032.1391019430475,-324.2608980569521,324.2608980569521,105145.13000870109,6.05370954478665,23.4,2.1,1808.6,5374.7,0.2517784305263598,48.4,894.6
179,6,svr,loso,Al Farshah - TQ TVTC,17.7749,43.17555,01-03-2021 00:00,6647.1,6415.0756017160265,-232.02439828397382,232.02439828397382,53835.32139904011,3.490610917301888,27.0,2.2,2144.3,6129.5,0.259167492566898,36.7,893.4
180,6,svr,loso,Al Farshah - TQ TVTC,17.7749,43.17555,01-04-2021 00:00,6493.8,6187.43987622556,-306.3601237744406,306.3601237744406,93856.52543909055,4.717732664609945,27.3,2.2,2522.8,5110.4,0.3305035895823508,39.9,893.0
181,6,svr,loso,Al Farshah - TQ TVTC,17.7749,43.17555,01-07-2021 00:00,4964.4,5373.439841561551,409.03984156155093,409.03984156155093,167313.5919846987,8.239461799241619,29.2,2.0,3261.8,2070.0,0.611763381972317,55.4,888.1
182,6,svr,loso,Al Farshah - TQ TVTC,17.7749,43.17555,01-11-2021 00:00,5462.0,5479.645228337338,17.645228337338267,17.645228337338267,311.3540830768054,0.323054345246032,26.0,2.2,1185.4,6978.5,0.14520021068361938,34.0,894.7
379,7,svr,loso,Al Hanakiyah - TVTC,24.85577,40.536,01-01-2017 00:00,4578.4,4678.789307994041,100.3893079940417,100.3893079940417,10078.013159522565,2.1926722871317863,18.8,3.1,1337.4,6122.4,0.17928094586986248,30.6,918.9
380,7,svr,loso,Al Hanakiyah - TVTC,24.85577,40.536,01-02-2017 00:00,5384.9,5326.702897533345,-58.19710246665454,58.19710246665454,3386.902735514288,1.0807462063669622,16.8,3.6,1986.1,5640.4,0.26042090080639874,27.4,919.0
381,7,svr,loso,Al Hanakiyah - TVTC,24.85577,40.536,01-03-2017 00:00,6075.7,6294.471156609117,218.7711566091175,218.7711566091175,47860.81896409101,3.600756400235652,23.4,3.7,2622.9,5070.3,0.34093745125565433,24.6,914.7
382,7,svr,loso,Al Hanakiyah - TVTC,24.85577,40.536,01-04-2017 00:00,6605.0,6687.217411960863,82.21741196086259,82.21741196086259,6759.7028295421915,1.244775351413514,29.5,4.0,3217.4,4426.2,0.4209273117379245,17.9,915.5
383,7,svr,loso,Al Hanakiyah - TVTC,24.85577,40.536,01-05-2017 00:00,6870.0,6969.47297823304,99.47297823303961,99.47297823303961,9894.873398550773,1.4479327253717555,32.4,3.1,3067.4,4924.9,0.38379440211203286,18.3,914.3
384,7,svr,loso,Al Hanakiyah - TVTC,24.85577,40.536,01-06-2017 00:00,8035.4,7836.563550218111,-198.8364497818884,198.8364497818884,39535.93376186543,2.474505933517789,37.2,3.1,2441.4,7385.0,0.24845314662541726,8.3,911.4
385,7,svr,loso,Al Hanakiyah - TVTC,24.85577,40.536,01-09-2017 00:00,6604.4,7264.723651313796,660.3236513137963,660.3236513137963,436027.32448438404,9.99823831557441,34.7,2.9,2064.4,7253.3,0.22155682196250145,9.4,913.8
386,7,svr,loso,Al Hanakiyah - TVTC,24.85577,40.536,01-10-2017 00:00,6029.6,6503.627795410663,474.0277954106623,474.0277954106623,224702.3508218927,7.861678973906433,29.7,2.4,1326.4,8131.0,0.14024996299194284,13.2,916.2
387,7,svr,loso,Al Hanakiyah - TVTC,24.85577,40.536,01-11-2017 00:00,4578.6,4493.279705985087,-85.32029401491309,85.32029401491309,7279.552570791214,1.8634581316322256,23.4,3.0,1614.0,5300.1,0.23343602204191433,32.3,917.9
388,7,svr,loso,Al Hanakiyah - TVTC,24.85577,40.536,01-03-2018 00:00,6591.4,6744.0175435267165,152.61754352671687,152.61754352671687,23292.114592129317,2.315404064792258,26.6,3.2,2257.7,6409.3,0.2604938271604938,20.0,916.2
389,7,svr,loso,Al Hanakiyah - TVTC,24.85577,40.536,01-04-2018 00:00,7158.4,7285.862266889644,127.46226688964452,127.46226688964452,16246.62948064697,1.7805971570413015,27.2,3.6,2787.1,5943.8,0.3192225314686917,23.2,913.6
390,7,svr,loso,Al Hanakiyah - TVTC,24.85577,40.536,01-05-2018 00:00,7165.7,7277.093527866997,111.39352786699692,111.39352786699692,12408.518050655419,1.5545379776853192,32.1,4.0,3523.0,4665.5,0.43023752824082556,17.6,913.2
391,7,svr,loso,Al Hanakiyah - TVTC,24.85577,40.536,01-06-2018 00:00,7916.7,7922.929227090932,6.2292270909319996,6.2292270909319996,38.80327015040114,0.07868464247643589,36.1,3.4,2643.9,6951.7,0.27553253574555003,11.4,911.2
392,7,svr,loso,Al Hanakiyah - TVTC,24.85577,40.536,01-07-2018 00:00,7658.0,7598.3661671376685,-59.633832862331474,59.633832862331474,3556.194021852485,0.7787128866849239,36.2,3.6,2644.2,6580.3,0.28664968290964277,13.5,910.0
393,7,svr,loso,Al Hanakiyah - TVTC,24.85577,40.536,01-08-2018 00:00,7446.5,7399.205916853523,-47.29408314647662,47.29408314647662,2236.730300665844,0.6351182857245232,36.8,3.1,2061.2,7241.3,0.22157484547164738,13.9,910.6
394,7,svr,loso,Al Hanakiyah - TVTC,24.85577,40.536,01-09-2018 00:00,6388.5,6359.988383736435,-28.511616263564974,28.511616263564974,812.9122619607828,0.4462959421392342,36.4,3.2,2709.2,4977.0,0.3524758658374749,12.5,913.7
395,7,svr,loso,Al Hanakiyah - TVTC,24.85577,40.536,01-10-2018 00:00,5490.0,5559.358337738132,69.35833773813192,69.35833773813192,4810.579013796775,1.2633577001481224,28.4,3.2,1816.7,5732.6,0.24064482799729775,28.3,917.5
396,7,svr,loso,Al Hanakiyah - TVTC,24.85577,40.536,01-11-2018 00:00,4315.5,4262.955037131855,-52.544962868145376,52.544962868145376,2760.973122814776,1.2175869046030674,20.9,3.3,1603.0,4974.5,0.24370961611554542,53.6,918.0
397,7,svr,loso,Al Hanakiyah - TVTC,24.85577,40.536,01-12-2018 00:00,4308.0,4242.20910920646,-65.7908907935398,65.7908907935398,4328.4413114074805,1.5271794520320288,19.3,3.3,1387.7,5796.5,0.19315998997800732,47.5,919.3
398,7,svr,loso,Al Hanakiyah - TVTC,24.85577,40.536,01-01-2019 00:00,4019.8,3858.910298073919,-160.88970192608122,160.88970192608122,25885.496185863263,4.002430517092423,19.2,3.0,2013.6,3669.5,0.3543136668367616,43.8,918.6
399,7,svr,loso,Al Hanakiyah - TVTC,24.85577,40.536,01-02-2019 00:00,4920.6,4885.875719457126,-34.72428054287411,34.72428054287411,1205.7756592202256,0.705691999814537,18.4,3.7,1950.7,4946.3,0.2828331158474699,38.4,918.0
400,7,svr,loso,Al Hanakiyah - TVTC,24.85577,40.536,01-03-2019 00:00,6668.2,6776.352715745235,108.15271574523558,108.15271574523558,11697.009923069729,1.6219176951086587,20.8,3.6,1915.2,7278.0,0.2083278945307401,24.4,916.3
401,7,svr,loso,Al Hanakiyah - TVTC,24.85577,40.536,01-04-2019 00:00,7259.4,7345.850367271647,86.45036727164734,86.45036727164734,7473.666001402713,1.1908748281076582,25.6,3.5,2515.2,6506.2,0.27880373334515707,23.9,915.1
402,7,svr,loso,Al Hanakiyah - TVTC,24.85577,40.536,01-05-2019 00:00,7359.8,7373.755868682291,13.955868682291111,13.955868682291111,194.76627067735384,0.1896229338065044,32.5,3.2,2839.9,5829.9,0.3275623428452791,18.3,914.1
403,7,svr,loso,Al Hanakiyah - TVTC,24.85577,40.536,01-06-2019 00:00,7467.2,7408.402487595767,-58.7975124042332,58.7975124042332,3457.147464925957,0.7874104403823816,36.5,3.4,2732.8,6149.4,0.30767152282092275,12.4,912.3
404,7,svr,loso,Al Hanakiyah - TVTC,24.85577,40.536,01-07-2019 00:00,7958.2,7819.095394527233,-139.1046054727667,139.1046054727667,19350.091263734077,1.7479405578242155,36.8,3.5,2221.4,7618.1,0.2257635042431018,12.2,909.8
405,7,svr,loso,Al Hanakiyah - TVTC,24.85577,40.536,01-08-2019 00:00,7554.9,7606.826965501657,51.92696550165692,51.92696550165692,2696.409746210268,0.6873282968888659,35.8,3.5,1981.2,7644.3,0.20582826866136825,14.1,911.2
406,7,svr,loso,Al Hanakiyah - TVTC,24.85577,40.536,01-09-2019 00:00,6635.6,6706.5628231445435,70.96282314454311,70.96282314454311,5035.7222686437035,1.0694258717304104,35.8,3.0,2210.9,6222.8,0.2621506574812953,13.8,912.8
407,7,svr,loso,Al Hanakiyah - TVTC,24.85577,40.536,01-10-2019 00:00,5505.8,5707.020067313071,201.220067313071,201.220067313071,40489.51548947683,3.65469263890935,30.4,2.9,1988.0,5546.6,0.2638494412443925,23.0,916.3
408,7,svr,loso,Al Hanakiyah - TVTC,24.85577,40.536,01-11-2019 00:00,4778.9,4816.072761283545,37.1727612835457,37.1727612835457,1381.814181443474,0.7778518337597711,23.6,3.2,1513.0,5907.5,0.20389461626575028,38.1,917.4
409,7,svr,loso,Al Hanakiyah - TVTC,24.85577,40.536,01-12-2019 00:00,4562.7,4665.897012485533,103.19701248553338,103.19701248553338,10649.623385939332,2.261753183105034,19.0,2.8,1013.4,7183.7,0.12362908833611887,33.6,918.5
410,7,svr,loso,Al Hanakiyah - TVTC,24.85577,40.536,01-01-2020 00:00,4929.4,5128.967302964949,199.5673029649497,199.5673029649497,39827.10841270402,4.0485110351148155,14.8,2.9,1127.9,7413.2,0.13205559002938733,34.3,919.8
411,7,svr,loso,Al Hanakiyah - TVTC,24.85577,40.536,01-02-2020 00:00,5470.3,5707.94222299339,237.64222299338962,237.64222299338962,56473.82614923992,4.344226513964309,19.0,3.3,1798.4,6283.0,0.22253569926002922,29.9,918.9
412,7,svr,loso,Al Hanakiyah - TVTC,24.85577,40.536,01-03-2020 00:00,6632.6,6791.969029769728,159.3690297697276,159.3690297697276,25398.487649744322,2.4028138251926485,22.9,3.6,2292.7,6386.9,0.2641481174247661,21.5,915.6
413,7,svr,loso,Al Hanakiyah - TVTC,24.85577,40.536,01-04-2020 00:00,7323.4,7543.3587955328385,219.95879553283885,219.95879553283885,48381.871732257205,3.003506506989088,27.1,3.7,2781.8,6290.0,0.3066425626667255,22.5,914.3
414,7,svr,loso,Al Hanakiyah - TVTC,24.85577,40.536,01-05-2020 00:00,7249.3,7330.83202789897,81.53202789897023,81.53202789897023,6647.471573318459,1.124688285751317,32.8,3.5,2956.4,5654.4,0.34333627537511036,17.2,914.5
415,7,svr,loso,Al Hanakiyah - TVTC,24.85577,40.536,01-09-2020 00:00,6812.8,6974.843113506961,162.04311350696116,162.04311350696116,26257.9706350299,2.37850976847935,34.8,3.0,2065.5,6758.2,0.23408547434749594,11.4,913.5
416,7,svr,loso,Al Hanakiyah - TVTC,24.85577,40.536,01-10-2020 00:00,6154.4,6376.614476727181,222.21447672718114,222.21447672718114,49379.27366713493,3.6106602873908287,28.6,2.8,1300.2,7893.3,0.14142600750530265,13.3,917.9
417,7,svr,loso,Al Hanakiyah - TVTC,24.85577,40.536,01-11-2020 00:00,4646.2,4695.710637434538,49.510637434537784,49.510637434537784,2451.303219174254,1.0656157168124012,23.7,3.0,1459.6,5791.0,0.20130747800182053,37.9,917.7
418,7,svr,loso,Al Hanakiyah - TVTC,24.85577,40.536,01-12-2020 00:00,4199.4,4183.104241827942,-16.295758172057504,16.295758172057504,265.5517344021789,0.3880496778601111,19.2,3.1,1500.0,5290.1,0.22090985405222308,39.7,919.2
419,7,svr,loso,Al Hanakiyah - TVTC,24.85577,40.536,01-01-2021 00:00,4720.7,4769.015396866065,48.315396866065385,48.315396866065385,2334.377574325401,1.0234795023209564,18.6,3.4,1556.5,5938.4,0.20767455202871288,36.4,919.4
420,7,svr,loso,Al Hanakiyah - TVTC,24.85577,40.536,01-02-2021 00:00,5417.2,5486.976919550091,69.7769195500914,69.7769195500914,4868.818501899928,1.2880624593903014,19.5,3.3,1664.4,6361.5,0.20737861174447728,35.0,918.1
421,7,svr,loso,Al Hanakiyah - TVTC,24.85577,40.536,01-03-2021 00:00,6589.8,6779.3651234649415,189.56512346494128,189.56512346494128,35934.93603427843,2.8766445637946716,25.6,3.5,2560.5,5854.2,0.3042889229562551,21.5,916.1
422,7,svr,loso,Al Hanakiyah - TVTC,24.85577,40.536,01-04-2021 00:00,7305.7,7383.727421776408,78.02742177640812,78.02742177640812,6088.278549073488,1.0680348464405618,28.2,3.7,2827.2,5988.0,0.32071875850803155,19.7,916.1
423,7,svr,loso,Al Hanakiyah - TVTC,24.85577,40.536,01-05-2021 00:00,7658.8,7681.822031264788,23.022031264787984,23.022031264787984,530.0139235568754,0.3005958017546872,34.0,3.3,2655.1,6538.0,0.2888144369146425,12.3,913.3
424,7,svr,loso,Al Hanakiyah - TVTC,24.85577,40.536,01-07-2021 00:00,7663.1,7594.953765290858,-68.14623470914194,68.14623470914194,4643.909305033461,0.8892776384118952,38.1,3.8,2575.0,6684.3,0.278098776365384,12.3,908.7
425,7,svr,loso,Al Hanakiyah - TVTC,24.85577,40.536,01-08-2021 00:00,7545.6,7604.646038955306,59.04603895530545,59.04603895530545,3486.4347163114485,0.7825227808962236,37.2,3.3,2170.8,7263.2,0.23010387958448167,12.2,910.8
426,7,svr,loso,Al Hanakiyah - TVTC,24.85577,40.536,01-09-2021 00:00,6608.6,6791.001289271109,182.4012892711089,182.4012892711089,33270.23032776275,2.760059456936551,35.4,3.0,2459.0,5760.0,0.2991848156710062,13.1,912.6
427,7,svr,loso,Al Hanakiyah - TVTC,24.85577,40.536,01-10-2021 00:00,5924.8,6102.0710897009185,177.2710897009183,177.2710897009183,31425.039243751027,2.992018122146204,31.0,2.5,1741.4,6635.7,0.20787623401893257,14.8,916.6
428,7,svr,loso,Al Hanakiyah - TVTC,24.85577,40.536,01-11-2021 00:00,4899.6,4977.206585963561,77.60658596356097,77.60658596356097,6022.782184919579,1.583937177801473,23.9,3.0,1283.7,6657.4,0.16165266776643036,26.8,918.3
429,7,svr,loso,Al Hanakiyah - TVTC,24.85577,40.536,01-12-2021 00:00,4052.8,4121.447283338892,68.64728333889161,68.64728333889161,4712.449509810066,1.6938236117965755,19.1,3.0,1536.5,4967.0,0.23625739986161298,36.8,919.2
843,8,svr,loso,Al Jouf - TVTC,29.77634,40.02318,01-01-2017 00:00,3830.0,3821.474526690693,-8.525473309307017,8.525473309307017,72.68369514770635,0.2225972143422198,9.7,3.8,1505.1,4813.8,0.2381901913307696,42.5,940.8
844,8,svr,loso,Al Jouf - TVTC,29.77634,40.02318,01-02-2017 00:00,4767.7,4703.468386985684,-64.23161301431537,64.23161301431537,4125.7001104207675,1.347224301325909,9.9,4.1,1533.8,5815.4,0.20870298808033527,26.7,941.3
845,8,svr,loso,Al Jouf - TVTC,29.77634,40.02318,01-03-2017 00:00,5740.9,5790.162980719327,49.26298071932706,49.26298071932706,2426.84126935279,0.8581055360540518,16.9,4.7,2227.6,5560.5,0.28602611676788947,35.9,935.8
846,8,svr,loso,Al Jouf - TVTC,29.77634,40.02318,01-04-2017 00:00,5726.0,5885.926340574596,159.926340574596,159.926340574596,25576.43440958167,2.792985340108208,22.3,4.6,2852.7,4059.5,0.4127050721911982,24.8,937.1
847,8,svr,loso,Al Jouf - TVTC,29.77634,40.02318,01-09-2017 00:00,6433.7,6582.875424992098,149.17542499209776,149.17542499209776,22253.307421572987,2.318656838088468,32.5,3.6,2436.7,5772.3,0.2968327445486661,14.8,934.1
848,8,svr,loso,Al Jouf - TVTC,29.77634,40.02318,01-10-2017 00:00,5433.4,5292.921836166829,-140.47816383317058,140.47816383317058,19734.114513939116,2.58545595452517,24.8,3.4,1587.2,6530.3,0.19552817985833076,22.4,936.8
849,8,svr,loso,Al Jouf - TVTC,29.77634,40.02318,01-11-2017 00:00,3972.7,3978.0861472728557,5.386147272855851,5.386147272855851,29.01058244489252,0.1355790085547827,17.6,3.6,1851.0,4120.6,0.30996717797575185,42.6,939.2
850,8,svr,loso,Al Jouf - TVTC,29.77634,40.02318,01-03-2018 00:00,6314.3,6461.006092780315,146.70609278031498,146.70609278031498,21522.677658866385,2.32339440286833,21.3,4.0,2252.1,6351.2,0.2617716457638348,22.7,936.9
851,8,svr,loso,Al Jouf - TVTC,29.77634,40.02318,01-04-2018 00:00,7142.7,7114.6005637526705,-28.099436247329322,28.099436247329322,789.578317417725,0.3934007622793807,22.4,4.5,2528.4,6491.3,0.28031974455913167,27.4,934.4
852,8,svr,loso,Al Jouf - TVTC,29.77634,40.02318,01-05-2018 00:00,7350.8,7135.921040656447,-214.8789593435531,214.8789593435531,46172.96716856835,2.9232050843928974,27.7,4.7,2944.4,5943.9,0.3312669464352014,21.4,933.7
853,8,svr,loso,Al Jouf - TVTC,29.77634,40.02318,01-06-2018 00:00,8361.9,8308.60213623425,-53.29786376574884,53.29786376574884,2840.6622819923236,0.637389394345171,32.0,4.8,2348.1,8113.2,0.22445585156720485,15.9,931.5
854,8,svr,loso,Al Jouf - TVTC,29.77634,40.02318,01-07-2018 00:00,8295.6,8338.653092848392,43.053092848391316,43.053092848391316,1853.5688038122034,0.5189870877138641,32.9,5.1,1991.9,8626.0,0.18759830098230348,16.8,929.6
855,8,svr,loso,Al Jouf - TVTC,29.77634,40.02318,01-08-2018 00:00,7827.0,7903.332573916096,76.33257391609641,76.33257391609641,5826.661840656322,0.9752468879020877,32.3,5.0,1515.3,8978.7,0.14439679817038306,19.8,930.8
856,8,svr,loso,Al Jouf - TVTC,29.77634,40.02318,01-10-2018 00:00,5122.5,5291.5358987667805,169.03589876678052,169.03589876678052,28573.135071893274,3.2998711325872234,25.7,3.4,2091.4,5041.5,0.29320472738998166,26.5,937.7
857,8,svr,loso,Al Jouf - TVTC,29.77634,40.02318,01-11-2018 00:00,3147.4,3358.756643144486,211.35664314448604,211.35664314448604,44671.63060130562,6.7152774717063615,15.3,2.7,1697.3,2934.3,0.3664608342689351,73.8,939.3
858,8,svr,loso,Al Jouf - TVTC,29.77634,40.02318,01-12-2018 00:00,3644.8,3705.915360643204,61.115360643203985,61.115360643203985,3735.0873065488868,1.676782282792032,12.8,3.3,1163.8,5454.8,0.17583779046928352,59.7,940.7
859,8,svr,loso,Al Jouf - TVTC,29.77634,40.02318,01-01-2019 00:00,3527.3,3751.2531332259246,223.95313322592438,223.95313322592438,50155.00588170863,6.349137675443664,10.7,4.0,1616.7,3915.4,0.29223983659008335,50.6,939.3
860,8,svr,loso,Al Jouf - TVTC,29.77634,40.02318,01-02-2019 00:00,4881.0,4825.43813471037,-55.56186528963008,55.56186528963008,3087.1208744629994,1.1383295490602352,12.2,3.8,1560.2,6004.0,0.20626107189127735,51.2,939.5
861,8,svr,loso,Al Jouf - TVTC,29.77634,40.02318,01-05-2019 00:00,7611.7,7590.430984287234,-21.269015712765395,21.269015712765395,452.37102938986123,0.2794253020056675,29.8,3.8,2428.0,6984.7,0.2579493662817257,12.7,934.4
862,8,svr,loso,Al Jouf - TVTC,29.77634,40.02318,01-06-2019 00:00,7742.5,7818.7685138265215,76.26851382652148,76.26851382652148,5816.886201306299,0.9850631427384111,33.2,4.3,2163.5,7565.8,0.22236954354372876,14.6,932.0
863,8,svr,loso,Al Jouf - TVTC,29.77634,40.02318,01-07-2019 00:00,8373.8,8278.693353831794,-95.10664616820577,95.10664616820577,9045.27414536429,1.1357644816953567,33.2,4.4,1571.1,9475.9,0.14221960713315832,14.7,929.6
864,8,svr,loso,Al Jouf - TVTC,29.77634,40.02318,01-08-2019 00:00,7668.3,7809.052981147926,140.75298114792622,140.75298114792622,19811.401702028474,1.8355174047432445,33.0,4.8,1856.6,8185.3,0.1848853304653502,16.7,930.6
865,8,svr,loso,Al Jouf - TVTC,29.77634,40.02318,01-09-2019 00:00,6670.0,6793.885081764978,123.88508176497817,123.88508176497817,15347.513483915325,1.8573475526983234,32.0,3.5,1744.2,7326.7,0.19228521976871094,17.4,933.1
866,8,svr,loso,Al Jouf - TVTC,29.77634,40.02318,01-10-2019 00:00,4920.7,5043.8618143882095,123.16181438820968,123.16181438820968,15168.832523395813,2.502932802003977,26.8,3.1,1912.3,4951.6,0.27860254374335286,30.7,936.8
867,8,svr,loso,Al Jouf - TVTC,29.77634,40.02318,01-11-2019 00:00,4056.3,4067.2621370468805,10.962137046880343,10.962137046880343,120.1684486345865,0.27024966217686913,17.3,3.2,1383.8,5332.8,0.2060268588273829,43.6,939.5
868,8,svr,loso,Al Jouf - TVTC,29.77634,40.02318,01-12-2019 00:00,3804.5,3904.552882012258,100.05288201225812,100.05288201225812,10010.579198958845,2.629856275785468,12.5,2.6,903.1,6460.4,0.12264548108915597,47.4,939.6
869,8,svr,loso,Al Jouf - TVTC,29.77634,40.02318,01-01-2020 00:00,3948.7,3876.660392666585,-72.039607333415,72.039607333415,5189.705024752621,1.8243879589083751,9.2,3.7,1333.4,5488.9,0.1954472831742961,48.9,940.4
870,8,svr,loso,Al Jouf - TVTC,29.77634,40.02318,01-02-2020 00:00,5013.3,5024.050397369615,10.750397369614802,10.750397369614802,115.57104360462085,0.2144375435265155,12.0,4.2,1454.2,6556.0,0.1815435319967042,45.4,939.6
871,8,svr,loso,Al Jouf - TVTC,29.77634,40.02318,01-03-2020 00:00,6023.0,5992.752931631906,-30.247068368094006,30.247068368094006,914.885144864153,0.5021927339879463,17.3,4.8,2141.1,6048.1,0.26145411029160354,33.1,935.6
872,8,svr,loso,Al Jouf - TVTC,29.77634,40.02318,01-04-2020 00:00,7187.5,7057.3986256933285,-130.10137430667146,130.10137430667146,16926.367596484633,1.8101060773102116,21.9,4.1,2330.6,6828.2,0.25446565052190245,27.7,935.0
873,8,svr,loso,Al Jouf - TVTC,29.77634,40.02318,01-05-2020 00:00,7638.5,7583.16046227303,-55.339537726969866,55.339537726969866,3062.464435834721,0.7244817402234714,28.1,4.2,2581.5,6901.0,0.27223833377273926,15.9,935.0
874,8,svr,loso,Al Jouf - TVTC,29.77634,40.02318,01-09-2020 00:00,6580.0,6838.994221175046,258.9942211750458,258.9942211750458,67078.00660206855,3.936082388678508,33.7,2.8,2126.1,6568.7,0.24452546349542256,11.5,933.6
875,8,svr,loso,Al Jouf - TVTC,29.77634,40.02318,01-10-2020 00:00,5708.7,5740.947047242792,32.24704724279218,32.24704724279218,1039.8720558788707,0.5648754925428238,26.1,2.5,1173.8,7846.8,0.1301243819701572,14.1,938.5
876,8,svr,loso,Al Jouf - TVTC,29.77634,40.02318,01-11-2020 00:00,4067.3,3907.3101797448535,-159.9898202551467,159.9898202551467,25596.742585274147,3.933563303792361,17.6,3.0,1380.2,5315.3,0.20613845119856622,51.3,938.9
877,8,svr,loso,Al Jouf - TVTC,29.77634,40.02318,01-12-2020 00:00,3380.6,3297.503165956617,-83.09683404338284,83.09683404338284,6905.083828033509,2.4580498740869325,12.6,3.3,1274.2,4545.1,0.21896104342446687,58.8,941.1
878,8,svr,loso,Al Jouf - TVTC,29.77634,40.02318,01-01-2021 00:00,3944.0,4589.985122130578,645.985122130578,645.985122130578,417296.7780140578,16.378933116901067,11.5,3.3,1446.4,5145.6,0.21941747572815534,45.9,941.2
879,8,svr,loso,Al Jouf - TVTC,29.77634,40.02318,01-03-2021 00:00,6384.4,6435.517849665519,51.117849665519316,51.117849665519316,2613.0345544266333,0.8006680293452685,18.1,3.9,2155.5,6569.8,0.24704021638224477,27.5,937.1
880,8,svr,loso,Al Jouf - TVTC,29.77634,40.02318,01-04-2021 00:00,7284.1,7134.830642538869,-149.26935746113122,149.26935746113122,22281.34107685897,2.049249151729537,23.9,3.5,2225.7,7076.1,0.23927626910920466,17.2,937.3
881,8,svr,loso,Al Jouf - TVTC,29.77634,40.02318,01-05-2021 00:00,8070.1,7996.695001000222,-73.4049989997784,73.4049989997784,5388.293878157468,0.9095921859676882,30.0,3.7,2289.2,7930.5,0.22399874751705037,12.3,933.4
882,8,svr,loso,Al Jouf - TVTC,29.77634,40.02318,01-09-2021 00:00,6706.2,6762.882671009156,56.682671009156365,56.682671009156365,3212.9251927322557,0.8452278639043924,30.3,3.2,1641.3,7626.5,0.1770970456850601,18.9,933.6
1459,9,svr,loso,Al Jubail - SWCC,26.9042,49.76274,01-01-2017 00:00,3548.4,3417.5950397894253,-130.8049602105748,130.8049602105748,17109.937615690054,3.686308201177285,16.8,2.8,1516.8,3907.2,0.279646017699115,72.4,1018.6
1460,9,svr,loso,Al Jubail - SWCC,26.9042,49.76274,01-02-2017 00:00,3721.4,3926.6202198871624,205.22021988716233,205.22021988716233,42115.338650535254,5.514597191572052,15.2,0.5,1664.5,3479.3,0.32359345231152065,71.1,1019.5
1461,9,svr,loso,Al Jubail - SWCC,26.9042,49.76274,01-03-2017 00:00,3973.8,4507.210670864002,533.410670864002,533.410670864002,284526.94379158464,13.4231886573054,20.7,0.0,2113.4,2693.2,0.43968709690841756,75.3,1013.7
1462,9,svr,loso,Al Jubail - SWCC,26.9042,49.76274,01-04-2017 00:00,5835.2,5956.960336834649,121.76033683464902,121.76033683464902,14825.579626087188,2.0866523312765466,26.4,0.0,2691.2,4230.3,0.3888174528642635,61.6,1010.9
1463,9,svr,loso,Al Jubail - SWCC,26.9042,49.76274,01-05-2017 00:00,6296.3,6172.883403918514,-123.4165960814862,123.4165960814862,15231.656188340716,1.9601447847384368,31.9,0.0,2872.1,4323.0,0.3991744381593028,49.5,1006.2
1464,9,svr,loso,Al Jubail - SWCC,26.9042,49.76274,01-06-2017 00:00,6948.8,6657.927256542265,-290.87274345773494,290.87274345773494,84606.95288662928,4.185942082916978,34.2,0.0,1737.5,6898.8,0.2011856929472112,45.9,1000.6
1465,9,svr,loso,Al Jubail - SWCC,26.9042,49.76274,01-09-2017 00:00,5878.6,5986.945109472002,108.34510947200124,108.34510947200124,11738.662746499933,1.843042722280836,33.3,0.0,2004.8,5499.9,0.26713925939744426,69.1,1004.9
1466,9,svr,loso,Al Jubail - SWCC,26.9042,49.76274,01-10-2017 00:00,5021.3,5102.81155619735,81.51155619734982,81.51155619734982,6644.133793713718,1.6233157986447695,29.9,0.0,1688.5,5317.2,0.24101802817705584,68.8,1010.9
1467,9,svr,loso,Al Jubail - SWCC,26.9042,49.76274,01-11-2017 00:00,3901.2,3788.538216515116,-112.66178348488393,112.66178348488393,12692.677457994865,2.887875102145082,24.6,0.0,1591.9,4243.0,0.27282387016058546,63.6,1016.1
1468,9,svr,loso,Al Jubail - SWCC,26.9042,49.76274,01-03-2018 00:00,5957.0,5930.86451067172,-26.13548932827962,26.13548932827962,683.0638024286178,0.4387357617639687,23.4,0.0,2331.4,5397.0,0.301666580404741,56.2,1013.4
1469,9,svr,loso,Al Jubail - SWCC,26.9042,49.76274,01-04-2018 00:00,5482.4,5489.281525232488,6.881525232488457,6.881525232488457,47.35538952537531,0.12552030556851848,25.8,0.0,3245.7,2919.8,0.526429324466791,57.3,1010.2
1470,9,svr,loso,Al Jubail - SWCC,26.9042,49.76274,01-05-2018 00:00,6604.4,6457.476391386631,-146.92360861336874,146.92360861336874,21586.546767974363,2.2246321938914777,30.3,0.0,3285.3,4260.7,0.43536973230850784,48.8,1007.2
1471,9,svr,loso,Al Jubail - SWCC,26.9042,49.76274,01-06-2018 00:00,7665.1,7620.178667405078,-44.921332594922205,44.921332594922205,2017.9261221036202,0.5860501832320805,35.1,0.0,2752.1,6272.2,0.3049654820872533,43.6,1000.0
1472,9,svr,loso,Al Jubail - SWCC,26.9042,49.76274,01-07-2018 00:00,7378.5,7398.277057669406,19.77705766940562,19.77705766940562,391.1320100589957,0.2680362901593227,35.4,0.0,2726.8,5954.3,0.314107659167617,45.6,996.6
1473,9,svr,loso,Al Jubail - SWCC,26.9042,49.76274,01-08-2018 00:00,7059.7,7108.619096902522,48.91909690252214,48.91909690252214,2393.0780417583514,0.6929345000853031,34.8,0.0,2176.3,6521.7,0.25020694412508626,48.0,998.5
1474,9,svr,loso,Al Jubail - SWCC,26.9042,49.76274,01-09-2018 00:00,6083.9,6213.555039122768,129.65503912276836,129.65503912276836,16810.429169926592,2.1311171965806204,33.1,0.0,2228.5,5429.9,0.2909876736655176,63.5,1005.0
1475,9,svr,loso,Al Jubail - SWCC,26.9042,49.76274,01-10-2018 00:00,4732.9,4903.2468338524095,170.34683385240987,170.34683385240987,29018.043803540535,3.599206276329732,29.4,0.0,2129.6,4037.2,0.3453330738794837,62.0,1012.9
1476,9,svr,loso,Al Jubail - SWCC,26.9042,49.76274,01-11-2018 00:00,3456.3,3538.7325411840598,82.43254118405957,82.43254118405957,6795.123846061678,2.3849938137331703,23.7,0.0,1734.3,3167.3,0.3538232413905663,66.8,1016.9
1477,9,svr,loso,Al Jubail - SWCC,26.9042,49.76274,01-12-2018 00:00,3545.2,3540.2115677531638,-4.988432246836055,4.988432246836055,24.884456281273813,0.14070947328320138,19.9,0.0,1657.1,3825.6,0.3022415962937968,64.4,1019.3
1478,9,svr,loso,Al Jubail - SWCC,26.9042,49.76274,01-01-2019 00:00,3651.6,3630.7641775021284,-20.835822497871504,20.835822497871504,434.1314991628083,0.5705943284552389,18.3,0.0,1940.7,3187.0,0.3784737796672972,59.2,1018.9
1479,9,svr,loso,Al Jubail - SWCC,26.9042,49.76274,01-02-2019 00:00,4125.3,4392.194426374326,266.89442637432603,266.89442637432603,71232.63482968054,6.4696973886584255,17.8,0.0,1600.8,4369.5,0.26812722978744785,62.0,1017.9
1480,9,svr,loso,Al Jubail - SWCC,26.9042,49.76274,01-03-2019 00:00,5465.2,5559.064643253073,93.86464325307315,93.86464325307315,8810.571253026692,1.7174969489327592,19.8,0.0,2306.3,4794.0,0.3248172612424827,57.8,1014.4
1481,9,svr,loso,Al Jubail - SWCC,26.9042,49.76274,01-04-2019 00:00,5869.6,5791.40597434274,-78.19402565726068,78.19402565726068,6114.305648488342,1.332186616758564,24.6,0.0,2808.2,4115.9,0.40556895481001143,54.2,1011.1
1482,9,svr,loso,Al Jubail - SWCC,26.9042,49.76274,01-05-2019 00:00,6475.5,6499.806165109616,24.306165109615904,24.306165109615904,590.7896623359095,0.37535580433350174,30.8,0.0,2917.2,4605.5,0.38778630013160165,43.9,1007.0
1483,9,svr,loso,Al Jubail - SWCC,26.9042,49.76274,01-06-2019 00:00,7163.6,6984.227710682909,-179.3722893170916,179.3722893170916,32174.418174854414,2.503940606916796,35.4,0.0,2053.7,6714.8,0.23421337743057533,41.9,1000.8
1484,9,svr,loso,Al Jubail - SWCC,26.9042,49.76274,01-07-2019 00:00,6808.1,6814.620930566284,6.520930566283823,6.520930566283823,42.52253545029466,0.09578194454082377,35.6,0.0,2048.9,6179.0,0.24901858311355268,43.0,996.9
1485,9,svr,loso,Al Jubail - SWCC,26.9042,49.76274,01-08-2019 00:00,6987.8,7044.206155551518,56.40615555151817,56.40615555151817,3181.654384102064,0.807209072261916,35.0,0.0,2260.6,6317.2,0.26354076802909837,46.0,998.6
1486,9,svr,loso,Al Jubail - SWCC,26.9042,49.76274,01-09-2019 00:00,6346.6,6438.116246457156,91.51624645715583,91.51624645715583,8375.223365606887,1.441972811539341,33.4,0.0,1719.8,6676.0,0.20484051549584317,52.1,1003.8
1487,9,svr,loso,Al Jubail - SWCC,26.9042,49.76274,01-10-2019 00:00,4976.4,5089.913174523054,113.51317452305466,113.51317452305466,12885.240790301465,2.2810299518337485,31.1,0.0,1954.9,4757.8,0.29122409760603035,56.1,1010.2
1488,9,svr,loso,Al Jubail - SWCC,26.9042,49.76274,01-11-2019 00:00,3931.9,3756.1428189258327,-175.75718107416742,175.75718107416742,30890.586699137675,4.470031818565259,23.9,0.0,1529.9,4384.7,0.25866499847834173,53.6,1015.9
1489,9,svr,loso,Al Jubail - SWCC,26.9042,49.76274,01-12-2019 00:00,3531.3,3538.70307345106,7.403073451059754,7.403073451059754,54.80549652178578,0.20964158952962803,19.6,0.0,1264.3,4553.2,0.21732703051138805,58.7,1018.0
1490,9,svr,loso,Al Jubail - SWCC,26.9042,49.76274,01-01-2020 00:00,3772.3,3685.7889556593223,-86.51104434067793,86.51104434067793,7484.160792914742,2.293323551697318,16.6,2.7,1288.1,4840.3,0.21018536649043795,56.6,1018.5
1491,9,svr,loso,Al Jubail - SWCC,26.9042,49.76274,01-02-2020 00:00,4780.3,4639.53025281708,-140.76974718292058,140.76974718292058,19816.12172194338,2.9447889710461808,18.2,4.1,1833.4,5000.4,0.26828411718224127,54.0,1018.0
1492,9,svr,loso,Al Jubail - SWCC,26.9042,49.76274,01-03-2020 00:00,5488.2,5429.646205319473,-58.55379468052706,58.55379468052706,3428.546871489319,1.0669034415751444,21.1,4.3,2332.8,4713.9,0.3310485759291584,54.9,1012.8
1493,9,svr,loso,Al Jubail - SWCC,26.9042,49.76274,01-04-2020 00:00,5407.2,5373.264150620616,-33.9358493793834,33.9358493793834,1151.6418731001966,0.6276048487088215,26.1,4.2,2869.8,3396.5,0.457973604838581,51.8,1009.7
1494,9,svr,loso,Al Jubail - SWCC,26.9042,49.76274,01-05-2020 00:00,6894.7,6855.471350052537,-39.228649947463055,39.228649947463055,1538.886976700593,0.5689681921978195,30.0,3.6,2616.7,5634.3,0.3171373166888862,47.2,1007.0
1495,9,svr,loso,Al Jubail - SWCC,26.9042,49.76274,01-11-2020 00:00,3905.2,3946.6894859829263,41.48948598292645,41.48948598292645,1721.3774471274508,1.0624164186962628,24.6,3.5,1498.6,4455.7,0.2516836571889223,58.9,1015.6
1496,9,svr,loso,Al Jubail - SWCC,26.9042,49.76274,01-12-2020 00:00,3358.2,3327.1350268126635,-31.064973187336363,31.064973187336363,965.0325591299272,0.9250483350406874,19.0,3.6,1436.2,3841.2,0.27214158487133816,61.7,1019.2
1497,9,svr,loso,Al Jubail - SWCC,26.9042,49.76274,01-01-2021 00:00,3883.0,3679.0074527398183,-203.9925472601817,203.9925472601817,41612.959337697466,5.253477910383253,17.4,3.4,1497.3,4548.5,0.2476595322372556,59.1,1019.3
1498,9,svr,loso,Al Jubail - SWCC,26.9042,49.76274,01-02-2021 00:00,4494.8,4515.644011311906,20.844011311905888,20.844011311905888,434.4728075708606,0.4637361242303526,18.4,3.8,1576.0,5087.3,0.23651944231837077,60.0,1017.3
1499,9,svr,loso,Al Jubail - SWCC,26.9042,49.76274,01-03-2021 00:00,5505.5,5455.476955223454,-50.02304477654616,50.02304477654616,2502.305008716342,0.9086013037243875,21.9,4.5,2614.9,4175.9,0.385065088060317,52.5,1013.0
1500,9,svr,loso,Al Jubail - SWCC,26.9042,49.76274,01-04-2021 00:00,6685.9,6568.080653528761,-117.81934647123853,117.81934647123853,13881.398402909748,1.7622062320890013,26.5,4.1,2655.6,5380.8,0.3304464685680155,47.7,1010.4
1501,9,svr,loso,Al Jubail - SWCC,26.9042,49.76274,01-05-2021 00:00,7350.3,7437.041817555941,86.74181755594054,86.74181755594054,7524.142912908075,1.1801126152121757,32.1,3.3,2539.0,6355.7,0.28545088648296174,42.6,1004.8
1502,9,svr,loso,Al Jubail - SWCC,26.9042,49.76274,01-07-2021 00:00,7340.4,7409.532534900309,69.13253490030911,69.13253490030911,4779.307381742457,0.9418088237740329,35.9,3.5,2197.9,6751.2,0.24560011621280353,50.2,997.0
1503,9,svr,loso,Al Jubail - SWCC,26.9042,49.76274,01-08-2021 00:00,6824.9,6628.174371476293,-196.7256285237063,196.7256285237063,38700.972918047286,2.8824690255345327,35.5,0.2,2101.2,6325.2,0.24935915693534605,55.2,1000.1
1504,9,svr,loso,Al Jubail - SWCC,26.9042,49.76274,01-09-2021 00:00,6263.2,6461.378348532496,198.17834853249587,198.17834853249587,39274.65782706741,3.164170847689614,32.8,0.0,1628.3,6721.8,0.19500365265086644,55.3,1003.5
1505,9,svr,loso,Al Jubail - SWCC,26.9042,49.76274,01-10-2021 00:00,5176.8,5191.044635262306,14.244635262305565,14.244635262305565,202.90963375611912,0.2751629435617672,29.5,0.0,1558.9,5815.0,0.21140780319776512,58.5,1010.8
1506,9,svr,loso,Al Jubail - SWCC,26.9042,49.76274,01-11-2021 00:00,4147.8,4014.122913540781,-133.67708645921903,133.67708645921903,17869.563444225518,3.2228431086170746,24.0,0.0,1445.8,5032.5,0.22317583316610837,59.0,1014.7
1507,9,svr,loso,Al Jubail - SWCC,26.9042,49.76274,01-12-2021 00:00,3370.2,3304.2453200326036,-65.95467996739626,65.95467996739626,4350.019809601661,1.956996023007426,19.1,0.0,1417.7,3890.0,0.2671025114456356,61.1,1018.4
513,10,svr,loso,Al Khafji - SWCC,28.50676,48.455128,01-02-2017 00:00,3949.1,4219.60821009806,270.5082100980603,270.5082100980603,73174.69173045634,6.849869846244975,12.5,3.5,1788.9,3785.9,0.3208904355313195,47.2,1019.5
514,10,svr,loso,Al Khafji - SWCC,28.50676,48.455128,01-11-2017 00:00,3938.1,3983.624103617137,45.524103617136916,45.524103617136916,2072.4440101438186,1.1559915598165846,21.5,3.3,1571.4,4407.1,0.26284184996236515,48.1,1016.4
515,10,svr,loso,Al Khafji - SWCC,28.50676,48.455128,01-03-2018 00:00,5826.0,5711.343602140279,-114.65639785972144,114.65639785972144,13146.089570166734,1.9680123216567358,21.5,3.4,2206.8,5403.5,0.2899754280383165,44.9,1013.0
516,10,svr,loso,Al Khafji - SWCC,28.50676,48.455128,01-04-2018 00:00,5838.9,5798.997618316127,-39.90238168387259,39.90238168387259,1592.2000640454507,0.6833886808109848,24.3,3.7,3234.6,3462.7,0.4829707494064773,51.3,1009.9
517,10,svr,loso,Al Khafji - SWCC,28.50676,48.455128,01-05-2018 00:00,6759.9,6659.6519868031,-100.24801319689959,100.24801319689959,10049.664149925755,1.4829807126865724,29.9,3.0,3162.2,4749.9,0.3996663338431011,38.4,1006.9
518,10,svr,loso,Al Khafji - SWCC,28.50676,48.455128,01-06-2018 00:00,7569.0,7578.68227411071,9.682274110709841,9.682274110709841,93.74643195492204,0.12792012301109582,34.8,3.8,3187.7,5639.7,0.36111425787887713,29.1,1000.0
519,10,svr,loso,Al Khafji - SWCC,28.50676,48.455128,01-07-2018 00:00,7416.9,7473.392435877686,56.49243587768615,56.49243587768615,3191.3953113944813,0.7616718019345838,36.4,4.0,2899.6,5875.5,0.3304349807979396,21.6,996.6
520,10,svr,loso,Al Khafji - SWCC,28.50676,48.455128,01-03-2020 00:00,5678.3,5368.655495132151,-309.6445048678488,309.6445048678488,95879.71939485524,5.453119857489897,19.3,3.6,2138.4,5343.2,0.2858212147134303,56.6,1012.8
521,10,svr,loso,Al Khafji - SWCC,28.50676,48.455128,01-04-2020 00:00,6194.9,6013.3876340643865,-181.51236593561316,181.51236593561316,32946.73898754394,2.930028990550504,24.3,3.5,3297.2,3990.5,0.45243355242394717,51.8,1009.8
522,10,svr,loso,Al Khafji - SWCC,28.50676,48.455128,01-09-2020 00:00,6394.5,6447.185300786559,52.68530078655931,52.68530078655931,2775.740918970227,0.8239158774972133,33.0,2.7,1898.9,6518.8,0.22558418570393338,40.8,1004.1
523,10,svr,loso,Al Khafji - SWCC,28.50676,48.455128,01-10-2020 00:00,5466.9,5341.307556681302,-125.5924433186974,125.5924433186974,15773.461818760221,2.2973246870931865,26.6,2.5,1368.7,6781.2,0.16794071092896848,42.6,1011.6
524,10,svr,loso,Al Khafji - SWCC,28.50676,48.455128,01-11-2020 00:00,3736.1,3578.133490580963,-157.9665094190368,157.9665094190368,24953.418098034646,4.228112454672969,22.4,3.6,1507.8,4169.5,0.2655839923907491,56.9,1015.9
525,10,svr,loso,Al Khafji - SWCC,28.50676,48.455128,01-12-2020 00:00,3067.4,3249.4347836635493,182.0347836635492,182.0347836635492,33136.66246343516,5.9344977395693155,15.5,3.1,1282.8,3681.1,0.25842583452527246,64.4,1019.5
526,10,svr,loso,Al Khafji - SWCC,28.50676,48.455128,01-01-2021 00:00,3791.6,3874.5160411544257,82.91604115442578,82.91604115442578,6875.069880722431,2.1868351396356625,13.9,2.9,1545.4,4379.7,0.26082260215017466,53.9,1019.7
527,10,svr,loso,Al Khafji - SWCC,28.50676,48.455128,01-02-2021 00:00,4392.6,4604.33477972307,211.73477972306955,211.73477972306955,44831.61694437679,4.820260887016108,16.0,0.0,1477.9,5060.7,0.22602697825222526,57.1,1017.6
528,10,svr,loso,Al Khafji - SWCC,28.50676,48.455128,01-03-2021 00:00,5763.4,5921.664508896048,158.26450889604803,158.26450889604803,25047.654776107265,2.746026805289379,20.1,0.0,2573.5,4760.7,0.3508903493223528,42.5,1013.2
529,10,svr,loso,Al Khafji - SWCC,28.50676,48.455128,01-04-2021 00:00,6385.6,6246.355737046871,-139.2442629531297,139.2442629531297,19388.964765360324,2.1805979540392397,25.6,0.0,2797.2,4953.7,0.360887122785741,34.3,1010.5
530,10,svr,loso,Al Khafji - SWCC,28.50676,48.455128,01-05-2021 00:00,7342.1,7290.451659846824,-51.64834015317592,51.64834015317592,2667.5510405781642,0.7034545995447613,32.1,0.0,2642.0,6220.9,0.29809655981676425,26.7,1004.7
531,10,svr,loso,Al Khafji - SWCC,28.50676,48.455128,01-07-2021 00:00,7678.7,7631.703705616013,-46.996294383986424,46.996294383986424,2208.651685826314,0.6120345160507172,36.7,0.0,2200.3,7293.0,0.23177398797046342,30.0,996.9
532,10,svr,loso,Al Khafji - SWCC,28.50676,48.455128,01-08-2021 00:00,7239.3,6592.736433443637,-646.5635665563632,646.5635665563632,418044.4455980847,8.931299525594508,35.8,0.0,2172.8,6851.9,0.24076146575509436,33.5,999.9
533,10,svr,loso,Al Khafji - SWCC,28.50676,48.455128,01-09-2021 00:00,6523.0,6641.761181780984,118.76118178098386,118.76118178098386,14104.218298015892,1.8206527944348283,32.2,0.0,1749.5,6997.5,0.2000114324911398,31.5,1003.5
534,10,svr,loso,Al Khafji - SWCC,28.50676,48.455128,01-10-2021 00:00,5078.8,4946.8020467454435,-131.9979532545567,131.9979532545567,17423.459663392136,2.5989988433204045,27.6,0.0,1732.2,5432.1,0.2417821699258825,38.1,1011.0
1068,11,svr,loso,Al Qunfudhah - TVTC,19.15197,41.08111,01-01-2017 00:00,4603.3,4660.634963604347,57.33496360434674,57.33496360434674,3287.298051511765,1.2455187279635638,26.5,2.3,1731.3,4826.3,0.26401427351470047,76.5,1012.8
1069,11,svr,loso,Al Qunfudhah - TVTC,19.15197,41.08111,01-02-2017 00:00,4068.8,4208.708339100702,139.9083391007016,139.9083391007016,19574.343349916908,3.4385651568202316,26.4,2.5,2493.3,2316.6,0.5183683652466788,71.1,1012.0
1070,11,svr,loso,Al Qunfudhah - TVTC,19.15197,41.08111,01-03-2017 00:00,5175.3,5127.371293033173,-47.92870696682712,47.92870696682712,2297.1609515119826,0.9261049014902927,28.0,2.6,2617.2,3455.6,0.4309708865762087,72.8,1008.9
1071,11,svr,loso,Al Qunfudhah - TVTC,19.15197,41.08111,01-04-2017 00:00,6063.9,5968.415414685778,-95.48458531422148,95.48458531422148,9117.30603262884,1.5746398409311084,30.6,2.6,2708.7,4292.5,0.3868908187167914,65.0,1007.7
1072,11,svr,loso,Al Qunfudhah - TVTC,19.15197,41.08111,01-05-2017 00:00,5961.5,5750.857997837195,-210.6420021628046,210.6420021628046,44370.05307515498,3.533372509650333,32.1,2.9,2791.6,3960.8,0.41342337539245305,71.3,1006.0
1073,11,svr,loso,Al Qunfudhah - TVTC,19.15197,41.08111,01-06-2017 00:00,5946.6,5794.266443393807,-152.33355660619327,152.33355660619327,23205.51246829229,2.561691665929998,32.6,2.9,2959.5,3624.0,0.44953292321713373,74.7,1002.2
1074,11,svr,loso,Al Qunfudhah - TVTC,19.15197,41.08111,01-09-2017 00:00,5957.8,5965.594469953063,7.794469953062617,7.794469953062617,60.75376184919595,0.13082798940989318,32.2,2.8,3070.0,3642.6,0.4573488663111164,79.4,1004.5
1075,11,svr,loso,Al Qunfudhah - TVTC,19.15197,41.08111,01-10-2017 00:00,5667.9,5783.524280662061,115.62428066206121,115.62428066206121,13368.974278619102,2.0399844856483216,30.5,2.5,2091.8,5201.7,0.2868033180228971,78.4,1007.8
1076,11,svr,loso,Al Qunfudhah - TVTC,19.15197,41.08111,01-11-2017 00:00,4737.6,4938.840967183097,201.24096718309647,201.24096718309647,40497.92687278811,4.247740779785048,29.1,2.3,1912.1,4619.1,0.2927639637432631,74.2,1010.4
1077,11,svr,loso,Al Qunfudhah - TVTC,19.15197,41.08111,01-12-2017 00:00,4548.6,4499.422290175683,-49.17770982431739,49.17770982431739,2418.447143564763,1.081161452409915,26.7,2.1,1658.6,5033.8,0.2478333632179786,73.0,1013.3
1078,11,svr,loso,Al Qunfudhah - TVTC,19.15197,41.08111,01-03-2018 00:00,6486.4,6340.474447553863,-145.92555244613686,145.92555244613686,21294.26685671024,2.249715596419229,27.8,2.3,2263.3,5829.9,0.2796545247862403,71.9,1009.3
1079,11,svr,loso,Al Qunfudhah - TVTC,19.15197,41.08111,01-04-2018 00:00,6652.1,6469.8841880751,-182.21581192490066,182.21581192490066,33202.60211545077,2.7392223797733144,30.2,2.5,2627.6,5211.2,0.3352043680155126,70.7,1006.9
1080,11,svr,loso,Al Qunfudhah - TVTC,19.15197,41.08111,01-05-2018 00:00,6919.4,6787.270917210519,-132.1290827894809,132.1290827894809,17458.094518789494,1.9095453766147483,31.8,2.6,3245.1,4602.4,0.41352022937241156,70.7,1004.8
1081,11,svr,loso,Al Qunfudhah - TVTC,19.15197,41.08111,01-06-2018 00:00,6298.2,6227.031416912416,-71.16858308758401,71.16858308758401,5064.967218694349,1.1299829012667748,32.7,3.2,3832.3,2975.4,0.5629360870778677,72.1,1002.3
1082,11,svr,loso,Al Qunfudhah - TVTC,19.15197,41.08111,01-07-2018 00:00,6173.5,6093.905478754034,-79.59452124596555,79.59452124596555,6335.287812374461,1.2892932898026332,32.7,3.5,3603.3,3098.7,0.537645478961504,69.2,1002.6
1083,11,svr,loso,Al Qunfudhah - TVTC,19.15197,41.08111,01-08-2018 00:00,6225.0,6118.030882553842,-106.96911744615772,106.96911744615772,11442.392087209884,1.718379396725425,33.0,3.5,3379.3,3438.1,0.4956875055006308,74.3,1002.8
1084,11,svr,loso,Al Qunfudhah - TVTC,19.15197,41.08111,01-09-2018 00:00,5957.2,6005.7399698266745,48.53996982667468,48.53996982667468,2356.128670774488,0.8148118214374988,32.7,2.3,3243.1,3374.2,0.4900941471597178,80.7,1005.0
1085,11,svr,loso,Al Qunfudhah - TVTC,19.15197,41.08111,01-10-2018 00:00,5391.0,5297.64840184101,-93.35159815898987,93.35159815898987,8714.520878837522,1.7316193314596526,30.8,1.8,2299.3,4418.2,0.3422850762932639,74.8,1008.8
1086,11,svr,loso,Al Qunfudhah - TVTC,19.15197,41.08111,01-11-2018 00:00,4418.4,5161.956726183249,743.5567261832493,743.5567261832493,552876.6050523516,16.828642182311455,29.1,1.6,2037.1,3856.6,0.3456402599385785,75.7,1010.4
1087,11,svr,loso,Al Qunfudhah - TVTC,19.15197,41.08111,01-12-2018 00:00,4109.2,4267.059990660212,157.85999066021213,157.85999066021213,24919.77665124226,3.8416234464180894,27.5,1.6,2033.3,3567.0,0.3630698355445244,77.8,1012.5
1088,11,svr,loso,Al Qunfudhah - TVTC,19.15197,41.08111,01-01-2019 00:00,4616.3,4766.904810604391,150.60481060439088,150.60481060439088,22681.808977184446,3.2624571757552774,26.8,1.6,2196.5,3983.3,0.3554322146347778,79.1,1012.9
1089,11,svr,loso,Al Qunfudhah - TVTC,19.15197,41.08111,01-02-2019 00:00,4805.2,4830.303615711573,25.103615711573184,25.103615711573184,630.191521794344,0.5224260324559474,26.6,2.0,2694.3,3153.1,0.46076888873687455,75.9,1011.7
1090,11,svr,loso,Al Qunfudhah - TVTC,19.15197,41.08111,01-03-2019 00:00,6154.0,6014.2898820459195,-139.7101179540805,139.7101179540805,19518.91705874308,2.2702326609372845,26.9,2.3,2688.8,4702.5,0.3637790375170809,71.5,1010.3
1091,11,svr,loso,Al Qunfudhah - TVTC,19.15197,41.08111,01-04-2019 00:00,6536.0,6480.79039510785,-55.20960489215031,55.20960489215031,3048.1004723473475,0.8447001972483218,29.8,2.0,2894.4,4666.4,0.3828166331605122,71.1,1007.6
1092,11,svr,loso,Al Qunfudhah - TVTC,19.15197,41.08111,01-05-2019 00:00,6425.8,5977.188407399948,-448.61159260005206,448.61159260005206,201252.3610151551,6.981412315977032,32.6,2.2,2897.1,4598.5,0.3865067506270345,60.9,1006.1
1093,11,svr,loso,Al Qunfudhah - TVTC,19.15197,41.08111,01-06-2019 00:00,6387.9,6174.900519130596,-212.99948086940367,212.99948086940367,45368.77885063546,3.33442102834114,33.3,2.9,3510.2,3458.7,0.5036949877312058,73.4,1002.6
1094,11,svr,loso,Al Qunfudhah - TVTC,19.15197,41.08111,01-07-2019 00:00,6463.4,6294.828748614291,-168.57125138570882,168.57125138570882,28416.26679374384,2.608089417113421,33.0,3.3,3579.8,3504.5,0.5053145688353119,70.0,1001.2
1095,11,svr,loso,Al Qunfudhah - TVTC,19.15197,41.08111,01-08-2019 00:00,6034.5,6017.098288329648,-17.401711670351688,17.401711670351688,302.8195690580541,0.28837039805040493,32.9,3.4,3219.6,3438.2,0.4835831656102617,76.4,1003.8
1096,11,svr,loso,Al Qunfudhah - TVTC,19.15197,41.08111,01-09-2019 00:00,5989.8,6029.369479304407,39.56947930440674,39.56947930440674,1565.7436924218734,0.6606143661625887,32.1,2.5,2896.6,3898.3,0.4262903059647677,82.2,1003.8
1097,11,svr,loso,Al Qunfudhah - TVTC,19.15197,41.08111,01-10-2019 00:00,5564.8,5969.251950035028,404.45195003502795,404.45195003502795,163581.37988713675,7.268041080272929,30.9,1.8,2124.4,4919.2,0.30160713271622464,77.3,1008.3
1098,11,svr,loso,Al Qunfudhah - TVTC,19.15197,41.08111,01-11-2019 00:00,4206.5,4365.506976079543,159.00697607954316,159.00697607954316,25283.218441960413,3.7800303358978526,28.7,1.4,1795.2,3890.5,0.31573948678263014,80.4,1009.6
1099,11,svr,loso,Al Qunfudhah - TVTC,19.15197,41.08111,01-12-2019 00:00,4460.9,4661.232159113765,200.33215911376556,200.33215911376556,40132.97397518308,4.490846221923055,27.6,1.8,1773.5,4714.4,0.273355014719709,79.0,1011.6
1100,11,svr,loso,Al Qunfudhah - TVTC,19.15197,41.08111,01-01-2020 00:00,4132.0,4111.138003154189,-20.86199684581061,20.86199684581061,435.2229123946118,0.5048885974300729,20.2,2.1,1493.0,4790.6,0.23760264816347315,62.9,1016.4
1101,11,svr,loso,Al Qunfudhah - TVTC,19.15197,41.08111,01-02-2020 00:00,5069.8,5063.409684141481,-6.3903158585189885,6.3903158585189885,40.836136771639275,0.1260467051662588,26.2,1.6,2509.8,3741.1,0.4015101825337152,79.0,1012.7
1102,11,svr,loso,Al Qunfudhah - TVTC,19.15197,41.08111,01-03-2020 00:00,5969.4,5972.973441724749,3.5734417247495003,3.5734417247495003,12.769485760180684,0.059862661653591664,27.1,1.2,2971.8,3975.4,0.4277694610778443,78.1,1009.3
1103,11,svr,loso,Al Qunfudhah - TVTC,19.15197,41.08111,01-04-2020 00:00,6822.3,6634.877425997662,-187.42257400233848,187.42257400233848,35127.22124566204,2.7472051068164474,29.8,2.5,2477.4,5643.0,0.3050834934239693,74.4,1007.8
1104,11,svr,loso,Al Qunfudhah - TVTC,19.15197,41.08111,01-05-2020 00:00,6685.0,6483.054223258607,-201.94577674139327,201.94577674139327,40782.096743684655,3.020879233229518,32.1,3.0,2890.0,4756.6,0.377945753668297,73.0,1006.0
1105,11,svr,loso,Al Qunfudhah - TVTC,19.15197,41.08111,01-10-2020 00:00,5807.6,5853.119300024887,45.519300024886434,45.519300024886434,2072.006674755626,0.7837884844838905,30.6,2.3,1839.5,5788.0,0.24116683054736152,78.8,1007.5
1106,11,svr,loso,Al Qunfudhah - TVTC,19.15197,41.08111,01-11-2020 00:00,4494.5,4570.866632004207,76.36663200420662,76.36663200420662,5831.862483665915,1.6991129603783874,29.2,2.3,1828.7,4301.2,0.29832460562162516,80.0,1010.2
1107,11,svr,loso,Al Qunfudhah - TVTC,19.15197,41.08111,01-12-2020 00:00,4492.0,4681.363930888067,189.36393088806744,189.36393088806744,35858.69832138078,4.215581720571404,27.4,2.1,1638.6,5006.1,0.24660255542010923,82.9,1011.5
1108,11,svr,loso,Al Qunfudhah - TVTC,19.15197,41.08111,01-01-2021 00:00,4590.6,4818.01227372197,227.41227372196954,227.41227372196954,51716.342239396,4.953868202892204,26.2,2.1,1968.1,4364.5,0.3107886176294097,83.6,1011.8
1109,11,svr,loso,Al Qunfudhah - TVTC,19.15197,41.08111,01-02-2021 00:00,5038.1,4905.4248283499255,-132.67517165007484,132.67517165007484,17602.701172376823,2.6334366457607996,26.0,2.6,2207.1,4209.1,0.3439886537202705,79.0,1011.5
1110,11,svr,loso,Al Qunfudhah - TVTC,19.15197,41.08111,01-04-2021 00:00,6796.6,7090.843084579474,294.24308457947336,294.24308457947336,86578.99282284311,4.329268819401956,29.6,2.5,2874.2,4925.7,0.3684919037423557,72.7,1007.5
1111,11,svr,loso,Al Qunfudhah - TVTC,19.15197,41.08111,01-07-2021 00:00,5840.7,5718.189682949101,-122.51031705089918,122.51031705089918,15008.777783911837,2.0975279855308298,33.1,3.6,3441.2,2969.5,0.5367900541282543,74.3,1001.1
1112,11,svr,loso,Al Qunfudhah - TVTC,19.15197,41.08111,01-10-2021 00:00,5500.6,5422.257886310592,-78.3421136894085,78.3421136894085,6137.486777324208,1.4242466947134584,30.6,0.0,2343.9,4448.1,0.3450971731448763,86.1,1007.4
430,12,svr,loso,Al Uwayqilah,30.327166,42.253735,01-04-2021 00:00,6817.4,6763.075413829576,-54.32458617042357,54.32458617042357,2951.160662587776,0.7968519695253846,24.9,3.9,2497.5,6127.0,0.2895820047538988,19.4,963.8
431,12,svr,loso,Al Uwayqilah,30.327166,42.253735,01-10-2021 00:00,4938.5,4906.362998699172,-32.13700130082816,32.13700130082816,1032.786852609431,0.6507441794234718,26.6,3.2,1705.0,5423.6,0.2391773980865808,22.2,963.8
432,12,svr,loso,Al Uwayqilah,30.327166,42.253735,01-11-2021 00:00,3868.8,3929.025239801539,60.22523980153892,60.22523980153892,3627.0795091528676,1.55669044152034,17.9,3.1,1358.3,4998.1,0.21369013907243092,37.7,967.4
433,12,svr,loso,Al Uwayqilah,30.327166,42.253735,01-12-2021 00:00,3175.3,3279.0777766101833,103.77777661018308,103.77777661018308,10769.826918153063,3.2682825751955114,12.7,2.9,1420.0,3801.5,0.2719525040697118,47.4,968.6
1422,13,svr,loso,Al Wajh - TVTC,26.256,36.443,01-01-2017 00:00,4200.7,4197.376607763011,-3.3233922369890934,3.3233922369890934,11.04493596087937,0.07911520072819038,19.5,2.9,1323.6,5446.0,0.19552115339163317,47.2,1013.9
1423,13,svr,loso,Al Wajh - TVTC,26.256,36.443,01-02-2017 00:00,5057.4,5082.741385711811,25.3413857118112,25.3413857118112,642.1858297947888,0.5010753690001029,19.3,3.0,1525.6,6045.2,0.20151106884345116,35.9,1014.3
1424,13,svr,loso,Al Wajh - TVTC,26.256,36.443,01-03-2017 00:00,5541.5,5520.168598006672,-21.331401993327745,21.331401993327745,455.0287110009469,0.3849391318835648,21.7,2.9,1725.0,5803.6,0.22912626517546422,52.4,1009.5
1425,13,svr,loso,Al Wajh - TVTC,26.256,36.443,01-11-2017 00:00,4630.7,4811.410661244814,180.71066124481422,180.71066124481422,32656.343087538,3.902448036901856,24.2,2.6,1275.5,6355.6,0.16714497254655292,50.1,1011.1
1426,13,svr,loso,Al Wajh - TVTC,26.256,36.443,01-03-2018 00:00,6522.6,6589.5023690095595,66.90236900955915,66.90236900955915,4475.926979091221,1.025700932290178,24.1,2.7,1793.9,7248.1,0.19839637248396375,55.3,1009.5
1427,13,svr,loso,Al Wajh - TVTC,26.256,36.443,01-04-2018 00:00,7375.2,7371.708478325212,-3.491521674787691,3.491521674787691,12.190723605512243,0.047341382942668556,25.3,2.7,2354.4,6860.2,0.25550756408308556,56.4,1007.2
1428,13,svr,loso,Al Wajh - TVTC,26.256,36.443,01-05-2018 00:00,7155.7,7103.848304486515,-51.85169551348463,51.85169551348463,2688.598327623122,0.7246208688665627,29.8,2.8,2985.8,5446.4,0.35409501672161475,48.4,1005.1
1429,13,svr,loso,Al Wajh - TVTC,26.256,36.443,01-06-2018 00:00,8075.8,8087.8085638120665,12.008563812066313,12.008563812066313,144.20560482846864,0.14869813284214956,30.1,3.1,2297.0,7721.7,0.22927126273867865,58.8,1003.2
1430,13,svr,loso,Al Wajh - TVTC,26.256,36.443,01-01-2019 00:00,3929.6,4107.6690232448955,178.06902324489556,178.06902324489556,31708.577039391155,4.531479622478002,19.5,2.6,1595.7,4439.3,0.2644076222038111,49.8,1014.0
1431,13,svr,loso,Al Wajh - TVTC,26.256,36.443,01-02-2019 00:00,5101.3,5211.631056461958,110.33105646195781,110.33105646195781,12172.942020011724,2.162802745613036,20.5,2.9,1733.3,5780.7,0.23067607133351078,43.8,1013.3
1432,13,svr,loso,Al Wajh - TVTC,26.256,36.443,01-03-2019 00:00,6392.0,6383.331009894763,-8.668990105236844,8.668990105236844,75.1513894446943,0.13562249851747252,20.9,3.1,1869.6,6942.3,0.21216763694549415,44.3,1011.8
1433,13,svr,loso,Al Wajh - TVTC,26.256,36.443,01-07-2019 00:00,8071.9,8121.494423446533,49.594423446533256,49.594423446533256,2459.6068369940476,0.6144082984989068,30.5,2.6,1699.1,8707.4,0.16327295440349782,65.1,1002.0
1434,13,svr,loso,Al Wajh - TVTC,26.256,36.443,01-08-2019 00:00,7581.2,7655.617882238064,74.41788223806452,74.41788223806452,5538.021196798439,0.9816108563032835,31.1,2.6,1678.4,8204.4,0.16983041243372327,65.5,1003.5
1435,13,svr,loso,Al Wajh - TVTC,26.256,36.443,01-11-2019 00:00,4649.9,4839.78265763361,189.8826576336105,189.8826576336105,36055.42367000294,4.0835858326761985,25.9,2.4,1294.0,6403.2,0.16811308008106846,47.3,1010.2
1436,13,svr,loso,Al Wajh - TVTC,26.256,36.443,01-02-2020 00:00,5416.4,5519.492241578244,103.09224157824428,103.09224157824428,10628.01027362708,1.903335085633341,19.2,2.8,1261.4,7373.9,0.1460748323740924,49.1,1014.7
1437,13,svr,loso,Al Wajh - TVTC,26.256,36.443,01-04-2020 00:00,7491.1,7385.798641930965,-105.30135806903581,105.30135806903581,11088.376011183294,1.4056861885308674,23.9,2.9,2108.3,7510.5,0.21918534536532627,56.7,1008.6
1438,13,svr,loso,Al Wajh - TVTC,26.256,36.443,01-01-2021 00:00,4163.9,4973.11541472854,809.21541472854,809.21541472854,654829.5874342831,19.434074178739646,21.4,0.0,933.3,6264.0,0.12967362761035386,46.8,1013.6
1439,13,svr,loso,Al Wajh - TVTC,26.256,36.443,01-04-2021 00:00,7780.5,7472.347732375534,-308.1522676244658,308.1522676244658,94957.8200421004,3.9605715265659764,25.0,0.0,2188.7,7759.7,0.22000522697117122,56.0,1008.7
1440,13,svr,loso,Al Wajh - TVTC,26.256,36.443,01-07-2021 00:00,8133.6,7753.860739075273,-379.7392609247272,379.7392609247272,144201.90628765806,4.6687722647379655,30.3,0.0,2075.4,8229.8,0.2013934712572294,64.9,1001.1
675,14,svr,loso,Arar - TVTC,31.027395,40.906419,01-01-2017 00:00,3512.9,3666.9191085498737,154.01910854987364,154.01910854987364,23721.88579849776,4.384386363115193,8.1,2.8,1302.8,4734.2,0.21580255093589532,50.1,952.2
676,14,svr,loso,Arar - TVTC,31.027395,40.906419,01-02-2017 00:00,4507.6,4533.4649174656,25.86491746559932,25.86491746559932,668.9939555022647,0.5738068476705857,9.0,3.4,1425.7,5677.6,0.2007095293736714,27.3,952.7
677,14,svr,loso,Arar - TVTC,31.027395,40.906419,01-03-2017 00:00,5568.1,5531.72123529728,-36.37876470272022,36.37876470272022,1323.4145212958824,0.6533425172450247,16.2,4.1,2247.0,5276.1,0.2986800653985724,41.1,946.8
678,14,svr,loso,Arar - TVTC,31.027395,40.906419,01-04-2017 00:00,6069.7,5951.405473431516,-118.29452656848389,118.29452656848389,13993.595016061741,1.94893531094591,21.7,4.0,2775.9,4632.1,0.3747165226781858,26.0,947.9
679,14,svr,loso,Arar - TVTC,31.027395,40.906419,01-05-2017 00:00,7301.0,7074.351084181149,-226.64891581885058,226.64891581885058,51369.73104186042,3.1043544147219637,28.4,4.1,2414.8,6512.4,0.2704991486692356,15.7,944.8
680,14,svr,loso,Arar - TVTC,31.027395,40.906419,01-11-2017 00:00,3901.3,3932.9942977368837,31.694297736883527,31.694297736883527,1004.5285090342203,0.8124034997791385,16.7,3.3,1737.8,4327.1,0.286533990667612,40.2,950.5
681,14,svr,loso,Arar - TVTC,31.027395,40.906419,01-03-2018 00:00,6026.1,6131.760803973705,105.66080397370479,105.66080397370479,11164.20549636967,1.7533861697234494,20.6,3.6,2377.8,5717.1,0.29374050327984286,23.7,947.5
682,14,svr,loso,Arar - TVTC,31.027395,40.906419,01-04-2018 00:00,6818.8,6807.832715501921,-10.967284498079607,10.967284498079607,120.28132926181726,0.16083892324279356,22.0,3.9,2498.6,6174.8,0.28807618696243686,27.2,945.0
683,14,svr,loso,Arar - TVTC,31.027395,40.906419,01-05-2018 00:00,7092.7,6975.439624738938,-117.26037526106211,117.26037526106211,13749.995606365106,1.6532544060944647,27.3,4.3,2895.7,5711.9,0.3364120079929365,25.5,944.0
684,14,svr,loso,Arar - TVTC,31.027395,40.906419,01-06-2018 00:00,8380.7,8398.415144501798,17.715144501797113,17.715144501797113,313.8263447195525,0.2113802486880226,32.0,4.5,2239.0,8282.5,0.21280235707836334,15.4,941.4
685,14,svr,loso,Arar - TVTC,31.027395,40.906419,01-07-2018 00:00,8347.3,8440.120516874409,92.8205168744098,92.8205168744098,8615.648352832595,1.1119825197897502,33.6,4.4,1892.3,8928.8,0.17487131622478308,15.0,939.0
686,14,svr,loso,Arar - TVTC,31.027395,40.906419,01-08-2018 00:00,7877.4,6911.227205234097,-966.1727947659028,966.1727947659028,933489.8693457554,12.265122943685771,33.2,3.9,1359.3,9382.7,0.12654068143734873,17.0,940.1
687,14,svr,loso,Arar - TVTC,31.027395,40.906419,01-11-2018 00:00,3071.3,3148.4774461168213,77.1774461168211,77.1774461168211,5956.358189114824,2.512859249074369,14.7,2.6,1513.2,3155.0,0.3241506362195279,75.0,950.6
688,14,svr,loso,Arar - TVTC,31.027395,40.906419,01-12-2018 00:00,3390.0,3515.2304216255156,125.23042162551565,125.23042162551565,15682.658500504416,3.6941127323160963,11.7,2.7,1226.3,4918.7,0.19956061838893407,66.5,951.8
689,14,svr,loso,Arar - TVTC,31.027395,40.906419,01-01-2019 00:00,3484.3,3567.8008909948226,83.50089099482238,83.50089099482238,6972.39879692921,2.3964897108406964,9.2,3.7,1518.7,4083.5,0.2710899289564814,55.5,950.5
690,14,svr,loso,Arar - TVTC,31.027395,40.906419,01-02-2019 00:00,4767.2,4574.135162525006,-193.0648374749935,193.0648374749935,37274.03146924566,4.049858144717938,11.2,3.2,1491.0,6024.6,0.19838735430304966,54.4,950.6
691,14,svr,loso,Arar - TVTC,31.027395,40.906419,01-03-2019 00:00,5977.9,5965.9207637660575,-11.979236233942174,11.979236233942174,143.50210074859308,0.20039204794229035,14.4,4.3,1759.4,6874.0,0.20378993212407628,38.3,947.3
692,14,svr,loso,Arar - TVTC,31.027395,40.906419,01-04-2019 00:00,6677.9,6531.643766070242,-146.2562339297574,146.2562339297574,21390.88596331592,2.1901531009712247,19.4,3.8,2353.1,6130.7,0.27736391711261466,33.3,946.8
693,14,svr,loso,Arar - TVTC,31.027395,40.906419,01-05-2019 00:00,7228.4,7163.1549628541525,-65.24503714584716,65.24503714584716,4256.914872162976,0.9026207341299204,29.5,4.1,2436.9,6413.1,0.27535593220338983,13.8,944.8
694,14,svr,loso,Arar - TVTC,31.027395,40.906419,01-06-2019 00:00,7792.8,7781.187172398521,-11.612827601478784,11.612827601478784,134.8577649016675,0.14901996203519638,33.8,4.4,2142.5,7696.6,0.2177536563303554,13.0,941.8
695,14,svr,loso,Arar - TVTC,31.027395,40.906419,01-07-2019 00:00,8295.1,8177.21214819962,-117.8878518003803,117.8878518003803,13897.54560210843,1.4211745705341743,33.9,4.0,1512.2,9517.0,0.1371087658216371,13.0,939.1
696,14,svr,loso,Arar - TVTC,31.027395,40.906419,01-08-2019 00:00,7449.2,7585.956053465924,136.7560534659242,136.7560534659242,18702.218159574717,1.8358488625077083,34.2,4.6,1847.9,7884.0,0.18988070161016865,14.7,939.9
697,14,svr,loso,Arar - TVTC,31.027395,40.906419,01-09-2019 00:00,6579.7,6705.5091948882055,125.80919488820564,125.80919488820564,15827.953518418508,1.912081020232011,31.8,3.5,1730.1,7316.8,0.19123677723861213,16.0,943.2
698,14,svr,loso,Arar - TVTC,31.027395,40.906419,01-10-2019 00:00,4677.5,4954.496909689883,276.99690968988307,276.99690968988307,76727.28797774523,5.921900795080344,25.9,3.3,1919.6,4585.6,0.2950870073172231,33.3,947.2
699,14,svr,loso,Arar - TVTC,31.027395,40.906419,01-11-2019 00:00,3861.5,3857.635470563376,-3.8645294366237977,3.8645294366237977,14.934587766531846,0.10007845232743227,16.3,3.3,1386.6,5025.0,0.21626427100879653,42.8,950.9
700,14,svr,loso,Arar - TVTC,31.027395,40.906419,01-12-2019 00:00,3586.5,3716.012345615782,129.51234561578212,129.51234561578212,16773.4476669018,3.6111068065183916,11.3,2.7,1018.9,5810.8,0.14918664070164137,52.7,950.5
701,14,svr,loso,Arar - TVTC,31.027395,40.906419,01-12-2020 00:00,3033.7,3224.2695888405915,190.56958884059168,190.56958884059168,36316.768190872164,6.281754584849909,11.1,2.2,1135.5,4234.8,0.21144070163678005,60.2,952.3
702,14,svr,loso,Arar - TVTC,31.027395,40.906419,01-01-2021 00:00,3818.0,3851.244995238721,33.244995238721,33.244995238721,1105.2297084225822,0.8707437202388948,10.3,2.6,1205.0,5599.4,0.17709129386867323,45.0,952.5
703,14,svr,loso,Arar - TVTC,31.027395,40.906419,01-02-2021 00:00,4494.1,4674.640891518501,180.54089151850076,180.54089151850076,32595.01351029506,4.017286921040937,12.8,4.0,1431.8,5623.1,0.2029511403421735,47.6,950.9
704,14,svr,loso,Arar - TVTC,31.027395,40.906419,01-03-2021 00:00,6031.2,6118.562937707934,87.36293770793418,87.36293770793418,7632.2828849603875,1.448516675088443,17.6,3.9,2035.0,6328.9,0.24330754791425055,26.8,947.7
705,14,svr,loso,Arar - TVTC,31.027395,40.906419,01-04-2021 00:00,7221.9,6893.980360690428,-327.9196393095717,327.9196393095717,107531.28984491962,4.540628356936149,23.8,3.5,2373.1,6738.1,0.26045965405215554,16.2,947.8
706,14,svr,loso,Arar - TVTC,31.027395,40.906419,01-05-2021 00:00,7981.5,7996.372262933886,14.872262933886304,14.872262933886304,221.18420477464846,0.18633418447517763,30.2,3.8,2280.7,7801.8,0.22620381849739646,11.4,943.1
707,14,svr,loso,Arar - TVTC,31.027395,40.906419,01-07-2021 00:00,8315.8,7835.618080052927,-480.18191994707195,480.18191994707195,230574.6762440562,5.774332234386012,35.7,4.1,1694.9,9161.6,0.15611845438216737,12.6,938.1
708,14,svr,loso,Arar - TVTC,31.027395,40.906419,01-09-2021 00:00,6632.8,6720.043875761022,87.24387576102163,87.24387576102163,7611.493857804577,1.3153400639401402,30.3,2.6,1476.5,7933.3,0.15691088014623053,17.3,943.7
709,14,svr,loso,Arar - TVTC,31.027395,40.906419,01-10-2021 00:00,5192.8,5146.427439275307,-46.37256072469336,46.37256072469336,2150.414388165373,0.8930164983186981,25.3,2.5,1552.1,6211.4,0.19992271527017452,19.4,947.9
710,14,svr,loso,Arar - TVTC,31.027395,40.906419,01-11-2021 00:00,3895.1,4030.579817904363,135.47981790436324,135.47981790436324,18354.78105939942,3.4782115453868516,17.2,1.7,1242.6,5412.9,0.1867027270678386,35.3,950.9
711,14,svr,loso,Arar - TVTC,31.027395,40.906419,01-12-2021 00:00,3266.2,3448.942563907098,182.74256390709797,182.74256390709797,33394.84466333979,5.594959399519257,11.6,2.3,1379.0,4174.4,0.2483163467425361,43.8,951.7
234,15,svr,loso,Dammam - IAFU,26.394974,50.188715,01-01-2017 00:00,3406.4,3528.2384126868856,121.83841268688548,121.83841268688548,14844.598806059816,3.576750020164557,16.9,3.1,1650.3,3329.7,0.33138554216867466,61.2,1016.7
235,15,svr,loso,Dammam - IAFU,26.394974,50.188715,01-02-2017 00:00,3697.9,3886.7923368062243,188.8923368062242,188.8923368062242,35680.314904116036,5.108097482523167,15.3,3.1,1811.4,3093.4,0.3693116946664492,59.1,1017.7
236,15,svr,loso,Dammam - IAFU,26.394974,50.188715,01-03-2017 00:00,4194.0,4561.792519455826,367.79251945582564,367.79251945582564,135271.3373676639,8.769492595513247,20.5,2.8,2367.4,2678.7,0.4691543964645964,61.7,1012.0
237,15,svr,loso,Dammam - IAFU,26.394974,50.188715,01-04-2017 00:00,6012.5,5934.550692054307,-77.94930794569336,77.94930794569336,6076.094609212534,1.2964541862069583,26.9,3.3,2837.3,4293.9,0.39787132600403863,43.3,1009.4
238,15,svr,loso,Dammam - IAFU,26.394974,50.188715,01-05-2017 00:00,5818.6,5790.8599618937515,-27.740038106248903,27.740038106248903,769.5097141361413,0.47674763871462034,32.3,3.6,2971.0,3669.4,0.44741280645744236,34.6,1004.7
239,15,svr,loso,Dammam - IAFU,26.394974,50.188715,01-09-2017 00:00,6432.2,6592.621239693893,160.42123969389286,160.42123969389286,25734.974144925425,2.494033762847748,33.6,2.2,2215.5,5997.2,0.26976511987531504,54.6,1003.5
240,15,svr,loso,Dammam - IAFU,26.394974,50.188715,01-11-2017 00:00,4137.7,4207.034730811129,69.3347308111288,69.3347308111288,4807.304896651693,1.6756828868967975,24.5,2.6,1651.3,4544.7,0.26651065203357005,51.5,1014.5
241,15,svr,loso,Dammam - IAFU,26.394974,50.188715,01-03-2018 00:00,6251.9,6382.890071259408,130.99007125940807,130.99007125940807,17158.398768544805,2.0952041980743146,23.8,2.7,2315.9,5841.9,0.2838878128907304,44.6,1011.7
242,15,svr,loso,Dammam - IAFU,26.394974,50.188715,01-04-2018 00:00,5642.3,5696.900636711891,54.60063671189073,54.60063671189073,2981.2295293438697,0.967701765448323,25.9,3.1,3132.6,3279.8,0.4885222381635581,47.7,1008.5
243,15,svr,loso,Dammam - IAFU,26.394974,50.188715,01-05-2018 00:00,6885.3,6994.698192710142,109.39819271014221,109.39819271014221,11967.964568245412,1.5888660292237407,30.9,2.6,3409.9,4513.0,0.430385338701738,38.7,1005.3
244,15,svr,loso,Dammam - IAFU,26.394974,50.188715,01-06-2018 00:00,7999.6,8012.016409165344,12.416409165343794,12.416409165343794,154.16721656123337,0.15521287521055796,35.7,3.7,2649.2,6889.6,0.27772885478257225,30.4,998.2
245,15,svr,loso,Dammam - IAFU,26.394974,50.188715,01-07-2018 00:00,7608.6,7752.600870755228,144.00087075522788,144.00087075522788,20736.250778263842,1.8926066655525047,36.1,3.3,2855.1,6132.0,0.31768868711820275,33.1,994.8
246,15,svr,loso,Dammam - IAFU,26.394974,50.188715,01-08-2018 00:00,7271.1,7387.787594085706,116.68759408570531,116.68759408570531,13615.99461351033,1.6048134956981104,35.5,1.0,2406.7,6500.8,0.2701880437833286,36.3,997.1
247,15,svr,loso,Dammam - IAFU,26.394974,50.188715,01-10-2018 00:00,5034.3,5141.657494678961,107.35749467896039,107.35749467896039,11525.631663743008,2.132520800885136,29.6,0.0,2182.0,4403.9,0.33131386750482095,54.9,1011.3
248,15,svr,loso,Dammam - IAFU,26.394974,50.188715,01-01-2019 00:00,3912.7,5299.372099798964,1386.6720997989642,1386.6720997989642,1922859.5123608685,35.44028675336632,18.2,0.0,3909.6,5.1,0.9986972181776381,56.8,1017.6
249,15,svr,loso,Dammam - IAFU,26.394974,50.188715,01-02-2019 00:00,4356.1,5511.725392381931,1155.6253923819304,1155.6253923819304,1335470.0475178906,26.528899528980748,17.7,0.0,3558.3,817.9,0.8131026918330972,60.1,1016.2
250,15,svr,loso,Dammam - IAFU,26.394974,50.188715,01-03-2019 00:00,5804.1,5742.325310302362,-61.77468969763868,61.77468969763868,3816.1122872395463,1.064328486718676,19.7,0.0,2153.9,5480.2,0.28214196827392884,53.2,1013.0
251,15,svr,loso,Dammam - IAFU,26.394974,50.188715,01-07-2019 00:00,7556.3,7610.675233377972,54.37523337797211,54.37523337797211,2956.666004908932,0.7196013045799149,36.0,0.0,2343.0,6820.9,0.2556771680179836,32.5,995.5
252,15,svr,loso,Dammam - IAFU,26.394974,50.188715,01-08-2019 00:00,7217.5,7431.6725219252785,214.1725219252785,214.1725219252785,45869.869147833895,2.967405915140679,35.6,0.0,2399.2,6436.4,0.2715378695278193,40.0,997.4
253,15,svr,loso,Dammam - IAFU,26.394974,50.188715,01-11-2019 00:00,4036.0,4017.7804825250523,-18.21951747494768,18.21951747494768,331.9508170199239,0.45142511087580967,23.9,0.0,1681.9,4326.4,0.2799294309538472,50.4,1014.6
254,15,svr,loso,Dammam - IAFU,26.394974,50.188715,01-11-2020 00:00,4243.7,4310.325693919757,66.6256939197574,66.6256939197574,4438.983090289197,1.5699906666295307,24.9,2.6,1467.4,5083.5,0.22399975575875072,56.0,1014.7
255,15,svr,loso,Dammam - IAFU,26.394974,50.188715,01-01-2021 00:00,4204.4,4276.775640524234,72.37564052423477,72.37564052423477,5238.233341293254,1.7214261374806101,17.6,2.9,1527.5,5119.4,0.22980637590455702,54.6,1018.0
256,15,svr,loso,Dammam - IAFU,26.394974,50.188715,01-04-2021 00:00,6972.2,6894.3846217801965,-77.81537821980328,77.81537821980328,6055.233087491035,1.1160806950432185,27.3,3.1,2608.9,5894.7,0.3067994731643069,36.0,1009.2
257,15,svr,loso,Dammam - IAFU,26.394974,50.188715,01-07-2021 00:00,7612.0,7845.128588144149,233.12858814414903,233.12858814414903,54348.93861008427,3.062645666633592,36.5,2.7,2515.5,6682.8,0.2734744463650892,41.1,995.7
1113,16,svr,loso,Duba - TVTC,27.34103,35.72295,01-01-2017 00:00,4044.4,4206.987961823963,162.58796182396281,162.58796182396281,26434.84533007039,4.020076199781496,20.1,2.3,1299.0,5473.0,0.19181925575900768,40.8,1013.4
1114,16,svr,loso,Duba - TVTC,27.34103,35.72295,01-02-2017 00:00,5226.7,5376.282630326652,149.58263032665218,149.58263032665218,22374.963295439884,2.861894318148204,19.9,2.5,1447.2,6666.4,0.17836718595937687,33.5,1014.0
1115,16,svr,loso,Duba - TVTC,27.34103,35.72295,01-03-2017 00:00,6089.8,6133.783001685345,43.98300168534479,43.98300168534479,1934.5044372530426,0.722240495342126,22.7,2.3,1688.2,6797.4,0.19894880739134532,45.1,1008.9
1116,16,svr,loso,Duba - TVTC,27.34103,35.72295,01-04-2017 00:00,6394.9,6377.116315969456,-17.783684030543554,17.783684030543554,316.25941769820986,0.2780916672746025,27.3,2.7,2330.9,5691.7,0.2905417196420113,43.0,1007.8
1117,16,svr,loso,Duba - TVTC,27.34103,35.72295,01-05-2017 00:00,7236.6,7159.510695426827,-77.08930457317365,77.08930457317365,5942.760879575531,1.0652696649417357,30.0,2.3,1884.1,7278.6,0.20562716229932224,46.8,1006.3
1118,16,svr,loso,Duba - TVTC,27.34103,35.72295,01-06-2017 00:00,7382.0,7098.684055488369,-283.31594451163073,283.31594451163073,80267.92441451743,3.837929348572619,32.8,2.8,1497.4,8077.4,0.1563896896018716,42.2,1002.4
1119,16,svr,loso,Duba - TVTC,27.34103,35.72295,01-09-2017 00:00,6391.5,6302.830222487113,-88.66977751288687,88.66977751288687,7862.3294441848575,1.3873077917998415,31.5,2.2,1794.8,6679.9,0.21178330796370376,54.7,1004.5
1120,16,svr,loso,Duba - TVTC,27.34103,35.72295,01-10-2017 00:00,5606.5,5539.032470888022,-67.46752911197837,67.46752911197837,4551.867484475648,1.2033805246049827,27.8,2.2,1066.2,7652.5,0.12228887334120912,52.5,1008.1
1121,16,svr,loso,Duba - TVTC,27.34103,35.72295,01-11-2017 00:00,4452.6,4436.200224892284,-16.399775107716778,16.399775107716778,268.95262358368683,0.36831907442206296,24.9,2.3,1155.1,6349.7,0.15391482784351349,45.2,1010.5
1122,16,svr,loso,Duba - TVTC,27.34103,35.72295,01-03-2018 00:00,6387.1,6317.650082768036,-69.44991723196472,69.44991723196472,4823.29100352675,1.0873466398203366,25.3,2.2,1788.4,7121.2,0.20072730537846817,42.9,1008.7
1123,16,svr,loso,Duba - TVTC,27.34103,35.72295,01-04-2018 00:00,7102.2,6986.092849068683,-116.10715093131694,116.10715093131694,13480.870497387612,1.6348054255204998,26.3,2.3,2444.0,6393.4,0.2765519270373639,46.3,1006.2
1124,16,svr,loso,Duba - TVTC,27.34103,35.72295,01-05-2018 00:00,7201.6,6976.971055523982,-224.62894447601866,224.62894447601866,50458.162696410276,3.119153305876731,31.4,2.6,2961.0,5579.1,0.34671725155443145,38.2,1004.4
1125,16,svr,loso,Duba - TVTC,27.34103,35.72295,01-06-2018 00:00,7884.4,7925.524752050598,41.124752050598545,41.124752050598545,1691.2452312232092,0.5215964696184687,32.3,2.5,2185.4,7673.3,0.22167222858997637,44.0,1002.5
1126,16,svr,loso,Duba - TVTC,27.34103,35.72295,01-07-2018 00:00,7742.1,7292.231319954496,-449.86868004550433,449.86868004550433,202381.82928588436,5.810680306964574,31.2,2.0,1849.7,8097.8,0.18594621764262378,56.6,1001.7
1127,16,svr,loso,Duba - TVTC,27.34103,35.72295,01-08-2018 00:00,7342.3,6982.1468949571845,-360.1531050428157,360.1531050428157,129710.25907198143,4.90518100653495,31.7,2.1,1394.7,8415.6,0.14216690621081923,61.0,1001.8
1128,16,svr,loso,Duba - TVTC,27.34103,35.72295,01-09-2018 00:00,6162.5,6279.0573039698,116.55730396980016,116.55730396980016,13585.605108708392,1.8913964133030454,31.8,2.4,2329.6,5452.0,0.2993728796134471,54.2,1003.9
1129,16,svr,loso,Duba - TVTC,27.34103,35.72295,01-10-2018 00:00,5367.0,5293.310183168528,-73.68981683147194,73.68981683147194,5430.189104655886,1.3730168964313758,29.1,2.3,1544.3,6273.1,0.1975464988359301,49.0,1008.4
1130,16,svr,loso,Duba - TVTC,27.34103,35.72295,01-11-2018 00:00,4328.8,4404.689027411644,75.88902741164384,75.88902741164384,5759.14448148523,1.7531192804390094,24.8,2.1,1158.7,6127.4,0.1590288357283046,45.5,1010.5
1131,16,svr,loso,Duba - TVTC,27.34103,35.72295,01-12-2018 00:00,3974.1,4040.9683619833922,66.86836198339233,66.86836198339233,4471.377834341989,1.68260390990142,21.0,2.3,1126.7,6047.5,0.15704886956036912,43.5,1013.6
1132,16,svr,loso,Duba - TVTC,27.34103,35.72295,01-01-2019 00:00,3792.0,3911.6373649425263,119.63736494252635,119.63736494252635,14313.099090391232,3.154993801226961,19.0,2.2,1550.7,4377.5,0.2615802435815256,47.4,1013.3
1133,16,svr,loso,Duba - TVTC,27.34103,35.72295,01-02-2019 00:00,4931.3,5101.603501894496,170.30350189449564,170.30350189449564,29003.28275752848,3.453521422231372,20.3,2.5,1629.7,5832.3,0.2183998927901367,40.4,1012.6
1134,16,svr,loso,Duba - TVTC,27.34103,35.72295,01-03-2019 00:00,6290.2,6263.081560417993,-27.11843958200643,27.11843958200643,735.4097653629332,0.43112205624632655,20.8,2.6,1821.7,7042.0,0.2055236526506989,41.5,1011.0
1135,16,svr,loso,Duba - TVTC,27.34103,35.72295,01-04-2019 00:00,7047.2,7083.373209303844,36.17320930384449,36.17320930384449,1308.5010713397414,0.5132990308753049,24.7,2.6,2103.9,6972.8,0.2317912897859354,39.1,1008.3
1136,16,svr,loso,Duba - TVTC,27.34103,35.72295,01-05-2019 00:00,7601.9,7525.433875815907,-76.46612418409222,76.46612418409222,5847.0681477370135,1.0058817425129536,29.9,2.2,2119.4,7435.5,0.22181289181467104,42.9,1005.3
1137,16,svr,loso,Duba - TVTC,27.34103,35.72295,01-06-2019 00:00,7745.1,7709.895375200369,-35.20462479963135,35.20462479963135,1239.3656072828185,0.4545406101874907,32.3,2.1,1959.9,7861.7,0.19954997149140669,46.5,1003.4
1138,16,svr,loso,Duba - TVTC,27.34103,35.72295,01-07-2019 00:00,7879.6,7535.828264390264,-343.7717356097364,343.7717356097364,118179.00620413052,4.362806939562115,31.8,2.2,1560.2,8718.2,0.1517940535491905,53.4,1000.9
1139,16,svr,loso,Duba - TVTC,27.34103,35.72295,01-08-2019 00:00,7363.8,6992.428968931606,-371.3710310683946,371.3710310683946,137916.4427168025,5.04319822738796,31.6,1.9,1440.5,8349.2,0.14714444773588567,59.2,1002.6
1140,16,svr,loso,Duba - TVTC,27.34103,35.72295,01-09-2019 00:00,6733.8,6602.963394887836,-130.83660511216385,130.83660511216385,17118.2172372763,1.942983235500963,30.7,1.8,1607.9,7569.2,0.17520785433306818,56.5,1003.5
1141,16,svr,loso,Duba - TVTC,27.34103,35.72295,01-10-2019 00:00,5376.6,5547.529445852441,170.92944585244095,170.92944585244095,29216.875459422543,3.1791363659643816,30.1,1.9,1709.8,6070.2,0.21976863753213366,47.0,1007.3
1142,16,svr,loso,Duba - TVTC,27.34103,35.72295,01-11-2019 00:00,4825.1,5085.342288387325,260.24228838732506,260.24228838732506,67726.04866507166,5.393510774643532,26.0,2.1,1253.5,6988.9,0.15207949141026886,42.5,1009.5
1143,16,svr,loso,Duba - TVTC,27.34103,35.72295,01-12-2019 00:00,4586.9,4923.238146409426,336.3381464094264,336.3381464094264,113123.34873012872,7.3325807497313304,21.1,2.4,960.2,7830.2,0.10923279941754642,40.6,1013.0
1144,16,svr,loso,Duba - TVTC,27.34103,35.72295,01-01-2020 00:00,4702.0,5003.044249627086,301.0442496270862,301.0442496270862,90627.64023353538,6.402472344259595,17.7,2.4,1041.6,7589.1,0.12068546004379713,43.4,1015.7
1145,16,svr,loso,Duba - TVTC,27.34103,35.72295,01-02-2020 00:00,5603.1,5769.727457645199,166.62745764519877,166.62745764519877,27764.70964130251,2.9738440799771335,19.1,2.2,1084.3,8304.3,0.11549112753765206,45.8,1013.8
1146,16,svr,loso,Duba - TVTC,27.34103,35.72295,01-03-2020 00:00,6184.2,6182.337545751544,-1.8624542484558333,1.8624542484558333,3.468735827591183,0.030116332726235134,22.0,2.4,1922.0,6556.7,0.22668569474093905,43.7,1009.1
1147,16,svr,loso,Duba - TVTC,27.34103,35.72295,01-04-2020 00:00,7341.8,7218.410104423627,-123.38989557637342,123.38989557637342,15225.066330348336,1.6806490993540197,24.3,2.2,2114.0,7323.4,0.22400237353508382,49.0,1007.5
1148,16,svr,loso,Duba - TVTC,27.34103,35.72295,01-05-2020 00:00,7401.7,7374.393288479175,-27.306711520825047,27.306711520825047,745.6564940815593,0.368924862137415,29.2,2.3,2208.2,7030.1,0.23902666074927206,42.9,1006.1
1149,16,svr,loso,Duba - TVTC,27.34103,35.72295,01-09-2020 00:00,6361.4,6496.1463987294155,134.7463987294159,134.7463987294159,18156.59197054673,2.11818780031779,34.2,2.2,1908.9,6454.4,0.22824722298614186,45.7,1003.0
1150,16,svr,loso,Duba - TVTC,27.34103,35.72295,01-10-2020 00:00,5646.5,5912.008191200205,265.50819120020515,265.50819120020515,70494.59959440469,4.702172871694061,31.0,1.8,1375.3,7169.2,0.1609573409795775,39.5,1007.7
1151,16,svr,loso,Duba - TVTC,27.34103,35.72295,01-11-2020 00:00,4804.9,5175.087923011289,370.18792301128906,370.18792301128906,137039.09834341207,7.7043835045742695,25.1,2.1,1022.6,7449.3,0.12070491861329809,44.9,1010.8
1152,16,svr,loso,Duba - TVTC,27.34103,35.72295,01-12-2020 00:00,4169.9,4504.884261732309,334.9842617323093,334.9842617323093,112214.45560834029,8.033388372198596,22.7,2.3,1237.4,6179.5,0.16683520069031538,42.6,1012.4
1153,16,svr,loso,Duba - TVTC,27.34103,35.72295,01-01-2021 00:00,4525.7,4849.371565717781,323.67156571778105,323.67156571778105,104763.28245419986,7.151856413765407,21.7,2.4,1299.2,6481.0,0.16698799516721935,42.0,1013.1
1154,16,svr,loso,Duba - TVTC,27.34103,35.72295,01-02-2021 00:00,5247.7,5401.581022565371,153.8810225653715,153.8810225653715,23679.36910576437,2.9323517458195303,21.4,2.6,1311.2,7016.4,0.15745232720111438,41.2,1012.5
1155,16,svr,loso,Duba - TVTC,27.34103,35.72295,01-03-2021 00:00,6446.8,6631.128261056522,184.32826105652202,184.32826105652202,33976.907824121336,2.8592210252609362,23.4,2.5,1948.5,6919.7,0.21971764281364875,42.3,1009.6
1156,16,svr,loso,Duba - TVTC,27.34103,35.72295,01-04-2021 00:00,7415.4,7401.4674280920635,-13.932571907936108,13.932571907936108,194.1165599698104,0.18788699069417844,26.9,2.4,2056.9,7514.4,0.21490288675519525,39.1,1008.2
1157,16,svr,loso,Duba - TVTC,27.34103,35.72295,01-05-2021 00:00,7911.0,7807.802345194859,-103.1976548051407,103.1976548051407,10649.755957280979,1.3044830590967096,31.7,2.6,1888.0,8243.7,0.18634582547844883,40.0,1004.5
1158,16,svr,loso,Duba - TVTC,27.34103,35.72295,01-07-2021 00:00,7761.3,7672.05068892703,-89.24931107297016,89.24931107297016,7965.439526999794,1.1499273455860508,32.2,2.3,1646.0,8452.1,0.16300096057674215,51.6,1000.2
1159,16,svr,loso,Duba - TVTC,27.34103,35.72295,01-08-2021 00:00,7187.6,6990.816550104059,-196.78344989594098,196.78344989594098,38723.726152948315,2.7378186028151394,32.9,2.1,1773.1,7564.6,0.18988616040352546,54.4,1001.4
1160,16,svr,loso,Duba - TVTC,27.34103,35.72295,01-09-2021 00:00,6412.8,6508.138895899835,95.33889589983482,95.33889589983482,9089.50507139954,1.4866968547254682,31.6,2.6,1661.4,7003.2,0.19174572398033377,51.6,1003.5
1161,16,svr,loso,Duba - TVTC,27.34103,35.72295,01-10-2021 00:00,5379.8,5311.889405957879,-67.91059404212137,67.91059404212137,4611.848783153811,1.2623256262708906,28.6,2.1,1384.0,6668.9,0.1718635522606763,52.6,1007.7
1162,16,svr,loso,Duba - TVTC,27.34103,35.72295,01-11-2021 00:00,4362.8,4380.665057537964,17.865057537963366,17.865057537963366,319.1602808347417,0.40948605340522976,25.9,2.0,1130.9,6184.3,0.1545959098862642,43.7,1010.3
1163,16,svr,loso,Duba - TVTC,27.34103,35.72295,01-12-2021 00:00,3703.4,3832.5050148657,129.1050148657,129.1050148657,16668.10486347262,3.4861212633174925,21.3,2.0,1345.8,4909.8,0.21513523882601188,42.1,1012.8
475,17,svr,loso,Farasan - SWCC,16.692097,42.098767,01-01-2017 00:00,4822.5,4861.147550099587,38.647550099586624,38.647550099586624,1493.633128700058,0.8014007278296863,26.9,3.1,1908.0,4814.5,0.28382298252138344,77.1,1012.4
476,17,svr,loso,Farasan - SWCC,16.692097,42.098767,01-02-2017 00:00,4637.0,4847.761298157519,210.76129815751938,210.76129815751938,44420.32480104278,4.545208068956639,27.0,3.8,2883.1,2564.2,0.5292713821526261,75.2,1011.6
477,17,svr,loso,Farasan - SWCC,16.692097,42.098767,01-04-2017 00:00,6131.4,6021.03355023935,-110.36644976064963,110.36644976064963,12180.75323277,1.8000203829573937,30.4,3.5,2685.1,4453.1,0.37615925583480425,71.8,1007.2
478,17,svr,loso,Farasan - SWCC,16.692097,42.098767,01-05-2017 00:00,6306.4,6197.012686203094,-109.3873137969058,109.3873137969058,11965.584419702738,1.7345444912613504,32.6,3.2,2936.2,4173.1,0.41300831305473107,71.0,1005.7
479,17,svr,loso,Farasan - SWCC,16.692097,42.098767,01-06-2017 00:00,6265.1,6227.888148275177,-37.211851724823646,37.211851724823646,1384.7219087902606,0.593954633203359,33.6,3.5,3288.5,3596.8,0.4776117235269342,69.4,1001.8
480,17,svr,loso,Farasan - SWCC,16.692097,42.098767,01-03-2018 00:00,6545.1,6430.2159218109755,-114.88407818902488,114.88407818902488,13198.351421341982,1.7552684938201841,28.1,3.4,2369.4,5679.6,0.2943719716734998,73.7,1008.6
481,17,svr,loso,Farasan - SWCC,16.692097,42.098767,01-04-2018 00:00,6577.0,6540.17741510082,-36.822584899179674,36.822584899179674,1355.902758657295,0.5598690116949928,30.6,3.5,2690.8,5046.4,0.34777438866773513,72.6,1006.2
482,17,svr,loso,Farasan - SWCC,16.692097,42.098767,01-05-2018 00:00,6800.7,6715.215974656416,-85.48402534358411,85.48402534358411,7307.51858894253,1.2569886238708385,32.3,3.6,3095.0,4629.2,0.4006887444654463,70.4,1004.2
483,17,svr,loso,Farasan - SWCC,16.692097,42.098767,01-06-2018 00:00,6138.8,6271.884002969779,133.08400296977925,133.08400296977925,17711.351846460213,2.167915601905572,33.8,1.1,3848.0,2741.4,0.5839681913376028,65.6,1001.7
484,17,svr,loso,Farasan - SWCC,16.692097,42.098767,01-07-2018 00:00,6003.1,5728.408082039473,-274.69191796052746,274.69191796052746,75455.64979283315,4.5758344515421605,34.4,0.0,3812.7,2586.4,0.5958181619290213,60.8,1001.8
485,17,svr,loso,Farasan - SWCC,16.692097,42.098767,01-08-2018 00:00,5969.5,5810.25066594848,-159.24933405152024,159.24933405152024,25360.35039585268,2.667716459527938,34.1,0.0,3396.6,3092.8,0.5234074028415571,64.3,1002.3
486,17,svr,loso,Farasan - SWCC,16.692097,42.098767,01-09-2018 00:00,5995.6,5868.509657041338,-127.0903429586624,127.0903429586624,16151.95527335043,2.119726849000307,33.5,0.0,2910.5,3904.2,0.4270914346926497,71.6,1004.4
487,17,svr,loso,Farasan - SWCC,16.692097,42.098767,01-01-2019 00:00,4754.0,5075.111902391005,321.11190239100506,321.11190239100506,103112.85385717037,6.754562524000948,26.6,0.0,2404.7,3782.8,0.3886383838383838,78.6,1012.6
488,17,svr,loso,Farasan - SWCC,16.692097,42.098767,01-02-2019 00:00,5113.6,5088.822049110265,-24.77795088973562,24.77795088973562,613.9468502941503,0.4845500408662316,27.0,0.0,2633.7,3600.6,0.4224532024445407,77.0,1011.2
489,17,svr,loso,Farasan - SWCC,16.692097,42.098767,01-03-2019 00:00,5900.8,5705.56685098307,-195.23314901692993,195.23314901692993,38115.98247506677,3.308587801940922,27.7,0.0,2817.3,4176.4,0.402833979152666,73.1,1009.7
490,17,svr,loso,Farasan - SWCC,16.692097,42.098767,01-08-2019 00:00,5428.8,6009.1203784558775,580.3203784558773,580.3203784558773,336771.74165117263,10.6896621436759,33.2,0.0,3152.4,2806.4,0.5290326911458683,71.9,1003.2
491,17,svr,loso,Farasan - SWCC,16.692097,42.098767,01-10-2019 00:00,5322.0,5337.00122514578,15.001225145780154,15.001225145780154,225.0367558743868,0.2818719493758015,31.6,0.0,2084.0,4717.2,0.3064165147326942,71.0,1007.7
492,17,svr,loso,Farasan - SWCC,16.692097,42.098767,01-11-2019 00:00,4776.9,5101.560479527231,324.6604795272315,324.6604795272315,105404.42696685188,6.796467992363908,29.9,0.0,1984.7,4517.0,0.3052586246673947,74.1,1008.9
493,17,svr,loso,Farasan - SWCC,16.692097,42.098767,01-12-2019 00:00,4425.7,4694.661764268014,268.9617642680141,268.9617642680141,72340.4306381628,6.07727058472138,27.9,0.0,2029.3,4060.3,0.3332402785076195,78.6,1011.0
494,17,svr,loso,Farasan - SWCC,16.692097,42.098767,01-01-2020 00:00,4308.7,4467.301131838099,158.6011318380988,158.6011318380988,25154.319020326,3.680950909510962,26.7,0.6,2129.0,3638.2,0.36915660979331394,72.3,1013.0
495,17,svr,loso,Farasan - SWCC,16.692097,42.098767,01-02-2020 00:00,4715.1,4850.588925746955,135.48892574695492,135.48892574695492,18357.249000063865,2.873511182094864,26.8,3.6,2773.8,2876.3,0.4909293640820516,77.2,1012.1
496,17,svr,loso,Farasan - SWCC,16.692097,42.098767,01-03-2020 00:00,5697.6,5949.615756650824,252.01575665082328,252.01575665082328,63511.94160028698,4.423191460453933,28.0,3.6,4136.7,2097.6,0.6635388094894376,76.8,1008.7
497,17,svr,loso,Farasan - SWCC,16.692097,42.098767,01-04-2020 00:00,6395.2,5941.92919024152,-453.27080975848,453.27080975848,205454.4269791082,7.087672156593696,30.3,3.4,6394.6,0.9,0.9998592760534751,74.9,1007.3
498,17,svr,loso,Farasan - SWCC,16.692097,42.098767,01-05-2020 00:00,6369.6,5965.982041144786,-403.61795885521406,403.61795885521406,162907.45671044927,6.336629597701802,33.1,3.5,6369.4,0.3,0.9999529020205032,69.1,1005.5
499,17,svr,loso,Farasan - SWCC,16.692097,42.098767,01-09-2020 00:00,5849.7,5756.215021067084,-93.48497893291551,93.48497893291551,8739.441286087656,1.5981157825686019,33.2,3.0,2483.6,4366.3,0.3625746361260748,73.9,1003.1
500,17,svr,loso,Farasan - SWCC,16.692097,42.098767,01-10-2020 00:00,5608.0,5586.694542201454,-21.30545779854583,21.30545779854583,453.92253200561737,0.3799118722993194,31.8,3.0,1654.5,5751.2,0.2234089957735258,69.5,1007.3
501,17,svr,loso,Farasan - SWCC,16.692097,42.098767,01-11-2020 00:00,4516.0,4530.823593398969,14.823593398969024,14.823593398969024,219.73892125795803,0.3282460894368694,29.4,3.4,1890.4,4170.0,0.3119266055045872,74.2,1010.2
502,17,svr,loso,Farasan - SWCC,16.692097,42.098767,01-12-2020 00:00,4354.0,4474.653787055404,120.65378705540388,120.65378705540388,14557.336330810745,2.7711021372394096,27.8,3.5,1916.8,4141.7,0.31638194272509695,77.8,1011.4
503,17,svr,loso,Farasan - SWCC,16.692097,42.098767,01-01-2021 00:00,4412.1,4526.433490790455,114.33349079045456,114.33349079045456,13072.147116330958,2.591362181057876,26.3,3.6,2203.7,3635.5,0.3773975887107823,78.0,1011.7
504,17,svr,loso,Farasan - SWCC,16.692097,42.098767,01-02-2021 00:00,4754.9,4832.699280998768,77.79928099876815,77.79928099876815,6052.728123925288,1.636191739022233,26.3,3.7,2326.4,3596.9,0.3927540391335911,77.0,1011.0
505,17,svr,loso,Farasan - SWCC,16.692097,42.098767,01-03-2021 00:00,6018.8,5796.169634657971,-222.6303653420291,222.6303653420291,49564.27957232536,3.6989161517583087,28.1,3.5,2220.3,5150.2,0.3012414354521403,75.4,1008.6
506,17,svr,loso,Farasan - SWCC,16.692097,42.098767,01-04-2021 00:00,6227.9,6054.012313310079,-173.88768668992088,173.88768668992088,30236.92758237209,2.792075766950672,29.8,3.5,2461.4,4867.0,0.3358714043993232,72.9,1007.3
507,17,svr,loso,Farasan - SWCC,16.692097,42.098767,01-05-2021 00:00,6185.8,6071.2788402154,-114.52115978460006,114.52115978460006,13115.096038409898,1.8513556821203412,32.4,3.2,2516.2,4683.6,0.34948193005361256,70.1,1004.5
508,17,svr,loso,Farasan - SWCC,16.692097,42.098767,01-07-2021 00:00,5243.7,5345.300909733656,101.60090973365641,101.60090973365641,10322.744858706597,1.9375805201223641,33.9,4.5,3023.3,2656.4,0.5322992411571034,65.7,1001.0
509,17,svr,loso,Farasan - SWCC,16.692097,42.098767,01-08-2021 00:00,5280.7,5231.998369698848,-48.701630301151454,48.701630301151454,2371.8487939900333,0.9222570928314704,34.0,3.7,2857.8,2952.7,0.49183374924705275,69.8,1002.0
510,17,svr,loso,Farasan - SWCC,16.692097,42.098767,01-09-2021 00:00,5434.2,5409.765540344519,-24.434459655481078,24.434459655481078,597.0428186553324,0.44964225931105,33.4,3.5,2661.9,3514.2,0.4310001457230291,72.5,1003.1
511,17,svr,loso,Farasan - SWCC,16.692097,42.098767,01-11-2021 00:00,4738.7,4717.392476659892,-21.307523340107764,21.307523340107764,454.0105508892371,0.44964913035448045,30.0,2.8,1771.0,4685.4,0.2743014683105136,71.6,1009.6
512,17,svr,loso,Farasan - SWCC,16.692097,42.098767,01-12-2021 00:00,4203.0,4271.413612260551,68.41361226055142,68.41361226055142,4680.422342537071,1.6277328636819275,27.7,3.3,1834.2,4076.7,0.3103080749124499,76.0,1011.8
183,18,svr,loso,Hada Al Sham - KAU,21.80117,39.72854,01-01-2017 00:00,4408.1,4333.587253412103,-74.51274658789771,74.51274658789771,5552.149404072262,1.6903597147954381,24.6,1.7,1576.4,4993.9,0.23992816157557498,61.0,987.8
184,18,svr,loso,Hada Al Sham - KAU,21.80117,39.72854,01-02-2017 00:00,4151.0,4217.06152190666,66.06152190666035,66.06152190666035,4364.124676624165,1.5914604169274957,24.0,2.8,2232.5,2989.1,0.42755094223992646,46.8,987.3
185,18,svr,loso,Hada Al Sham - KAU,21.80117,39.72854,01-03-2017 00:00,5374.8,5392.71529184252,17.915291842519764,17.915291842519764,320.9576818026552,0.3333201578201936,26.9,2.0,2605.2,3849.1,0.40363788482097207,50.7,983.8
186,18,svr,loso,Hada Al Sham - KAU,21.80117,39.72854,01-04-2017 00:00,5999.1,5892.826978808788,-106.27302119121214,106.27302119121214,11293.955033107824,1.7714827422648751,31.7,2.1,2869.7,3937.6,0.42156214651917795,38.0,982.8
187,18,svr,loso,Hada Al Sham - KAU,21.80117,39.72854,01-05-2017 00:00,6750.0,6684.885485242339,-65.1145147576608,65.1145147576608,4239.900032125626,0.9646594778912712,34.6,2.1,2984.3,4711.6,0.38777790771709614,33.4,981.4
188,18,svr,loso,Hada Al Sham - KAU,21.80117,39.72854,01-06-2017 00:00,7303.9,7565.114380566469,261.2143805664691,261.2143805664691,68232.95261472416,3.5763685232063573,35.2,2.0,2732.3,5928.5,0.3154789395898763,34.0,977.8
189,18,svr,loso,Hada Al Sham - KAU,21.80117,39.72854,01-09-2017 00:00,6183.4,6300.032356680068,116.63235668006837,116.63235668006837,13603.106624746688,1.8862172377667363,35.3,2.3,2651.4,4646.0,0.3633348863978952,43.3,979.9
190,18,svr,loso,Hada Al Sham - KAU,21.80117,39.72854,01-10-2017 00:00,5780.6,5849.708884807675,69.10888480767426,69.10888480767426,4776.03795936039,1.1955313428999457,31.6,1.7,1732.9,6069.7,0.22209263578807065,49.6,983.2
191,18,svr,loso,Hada Al Sham - KAU,21.80117,39.72854,01-11-2017 00:00,4581.6,4507.785958534294,-73.8140414657064,73.8140414657064,5448.512717501023,1.6110974652022523,28.4,1.7,1667.8,4858.2,0.2555623659209317,57.2,985.6
192,18,svr,loso,Hada Al Sham - KAU,21.80117,39.72854,01-03-2018 00:00,6510.6,6542.366901871756,31.76690187175609,31.76690187175609,1009.1360545297806,0.48792587275759663,28.2,2.0,2220.1,6090.5,0.2671407599932616,38.4,984.3
193,18,svr,loso,Hada Al Sham - KAU,21.80117,39.72854,01-04-2018 00:00,7066.7,7111.193492729807,44.49349272980726,44.49349272980726,1979.6708952974113,0.6296219272051631,29.6,2.1,2751.0,5662.1,0.32699005122963,35.2,982.2
194,18,svr,loso,Hada Al Sham - KAU,21.80117,39.72854,01-05-2018 00:00,7265.9,7335.924841997223,70.02484199722312,70.02484199722312,4903.478496736063,0.9637462942955879,33.9,2.5,3206.6,5161.2,0.38320705561796414,28.4,980.4
195,18,svr,loso,Hada Al Sham - KAU,21.80117,39.72854,01-06-2018 00:00,7274.0,7387.318786975873,113.31878697587308,113.31878697587308,12841.147481683303,1.557860695296578,35.1,2.4,3182.3,5201.8,0.37956369795207595,30.0,978.2
196,18,svr,loso,Hada Al Sham - KAU,21.80117,39.72854,01-07-2018 00:00,7251.2,7332.704338724593,81.50433872459325,81.50433872459325,6642.957230933232,1.124011732190441,34.5,2.2,2989.0,5476.0,0.35310100413467216,30.4,978.4
197,18,svr,loso,Hada Al Sham - KAU,21.80117,39.72854,01-08-2018 00:00,6941.3,7016.169989887153,74.86998988715277,74.86998988715277,5605.515385702358,1.0786162518138211,34.5,2.4,2558.4,5718.3,0.30910870274384716,35.0,978.6
198,18,svr,loso,Hada Al Sham - KAU,21.80117,39.72854,01-09-2018 00:00,6064.4,6113.310351976691,48.910351976691345,48.910351976691345,2392.222530483835,0.8065159286440761,34.4,2.2,3019.6,3925.1,0.43480639912451224,48.7,980.2
199,18,svr,loso,Hada Al Sham - KAU,21.80117,39.72854,01-10-2018 00:00,5283.7,5411.030275590596,127.3302755905961,127.3302755905961,16212.999081977154,2.4098695155023204,31.2,2.1,2017.2,4820.8,0.29499853758408895,45.6,984.2
200,18,svr,loso,Hada Al Sham - KAU,21.80117,39.72854,01-11-2018 00:00,3986.5,4021.9526471654954,35.452647165495364,35.452647165495364,1256.8901910411064,0.8893176261255579,26.0,1.7,1778.7,3773.0,0.32038834951456313,61.1,986.1
201,18,svr,loso,Hada Al Sham - KAU,21.80117,39.72854,01-12-2018 00:00,3945.8,3900.03017304636,-45.769826953640404,45.769826953640404,2094.8770593661875,1.159963174860368,24.3,1.7,1787.3,3944.5,0.31182176628633235,58.4,988.0
202,18,svr,loso,Hada Al Sham - KAU,21.80117,39.72854,01-01-2019 00:00,4115.1,3999.3116511865073,-115.78834881349303,115.78834881349303,13406.941720955132,2.8137432580859034,23.8,1.8,1989.4,3655.1,0.3524492869164674,60.7,988.1
203,18,svr,loso,Hada Al Sham - KAU,21.80117,39.72854,01-02-2019 00:00,4777.5,4814.47433725456,36.97433725455994,36.97433725455994,1367.1016154139393,0.773926473146205,24.0,2.3,2181.9,4078.1,0.34854632587859424,49.5,987.1
204,18,svr,loso,Hada Al Sham - KAU,21.80117,39.72854,01-03-2019 00:00,6230.3,6305.352700740606,75.05270074060627,75.05270074060627,5632.907888459001,1.2046402378794965,24.6,2.5,2349.6,5648.3,0.2937771164930794,41.6,985.8
205,18,svr,loso,Hada Al Sham - KAU,21.80117,39.72854,01-04-2019 00:00,6906.5,6867.888741772475,-38.61125822752456,38.61125822752456,1490.829261912583,0.5590568048580983,29.1,2.3,2751.7,5575.1,0.3304630830571168,37.4,983.2
206,18,svr,loso,Hada Al Sham - KAU,21.80117,39.72854,01-05-2019 00:00,6841.2,6806.4544366822865,-34.74556331771328,34.74556331771328,1207.2541702652225,0.5078869689193896,33.1,2.0,2958.4,4915.1,0.3757414110624246,35.9,981.4
207,18,svr,loso,Hada Al Sham - KAU,21.80117,39.72854,01-06-2019 00:00,6968.9,6970.061308558763,1.1613085587632668,1.1613085587632668,1.348637568656816,0.016664158744755513,35.6,2.4,3095.0,4821.7,0.3909457223338007,28.9,978.8
208,18,svr,loso,Hada Al Sham - KAU,21.80117,39.72854,01-07-2019 00:00,7390.4,7538.825533865664,148.42553386566397,148.42553386566397,22030.13910330736,2.0083558923152194,34.8,2.2,2747.2,5982.0,0.3147138340283187,28.6,977.5
209,18,svr,loso,Hada Al Sham - KAU,21.80117,39.72854,01-08-2019 00:00,6803.0,6828.900953290789,25.900953290789403,25.900953290789403,670.8593813716544,0.3807284035100603,33.9,2.2,2516.4,5552.8,0.3118524760818916,41.9,979.3
210,18,svr,loso,Hada Al Sham - KAU,21.80117,39.72854,01-09-2019 00:00,6277.8,6456.954777501193,179.15477750119317,179.15477750119317,32096.434301502028,2.8537828140621424,33.9,2.0,2587.3,4885.0,0.34625215797010295,42.5,979.5
211,18,svr,loso,Hada Al Sham - KAU,21.80117,39.72854,01-10-2019 00:00,5533.9,5325.396512517601,-208.50348748239867,208.50348748239867,43473.70429232278,3.7677494620863885,30.5,1.6,1940.5,5294.1,0.26822491913858404,55.3,983.7
212,18,svr,loso,Hada Al Sham - KAU,21.80117,39.72854,01-11-2019 00:00,4597.5,4510.503033618592,-86.99696638140813,86.99696638140813,7568.472159567857,1.892266805468366,27.5,1.6,1673.9,4939.0,0.253126464939739,53.8,985.0
213,18,svr,loso,Hada Al Sham - KAU,21.80117,39.72854,01-12-2019 00:00,4264.9,4229.016979643376,-35.883020356624,35.883020356624,1287.5911499138924,0.8413566638520014,24.1,2.2,1568.1,4959.9,0.24021139705882352,51.5,987.3
214,18,svr,loso,Hada Al Sham - KAU,21.80117,39.72854,01-01-2020 00:00,4793.9,4753.552063441348,-40.34793655865178,40.34793655865178,1627.955984540989,0.8416516105603326,21.1,2.6,1408.0,6102.4,0.18747337025990626,45.1,989.5
215,18,svr,loso,Hada Al Sham - KAU,21.80117,39.72854,01-02-2020 00:00,4873.9,4895.707479408628,21.80747940862875,21.80747940862875,475.566158157767,0.4474338703836507,23.2,1.9,2217.0,4158.9,0.3477156166188303,50.2,988.3
216,18,svr,loso,Hada Al Sham - KAU,21.80117,39.72854,01-03-2020 00:00,6432.5,6554.018718664892,121.51871866489182,121.51871866489182,14766.798985957128,1.8891367067997173,25.7,2.0,2599.8,5377.8,0.32588748495788206,42.3,984.6
217,18,svr,loso,Hada Al Sham - KAU,21.80117,39.72854,01-04-2020 00:00,7119.5,7136.352683990361,16.852683990360674,16.852683990360674,284.01295767895897,0.23671162287184033,28.8,1.8,2288.5,6487.8,0.26075908982145096,39.0,983.7
218,18,svr,loso,Hada Al Sham - KAU,21.80117,39.72854,01-05-2020 00:00,7050.0,7077.697062718611,27.69706271861105,27.69706271861105,767.1272832386742,0.39286613785263896,33.2,1.9,2672.2,5689.8,0.3195646974408036,32.7,982.0
219,18,svr,loso,Hada Al Sham - KAU,21.80117,39.72854,01-09-2020 00:00,6392.7,6402.723242095744,10.023242095744536,10.023242095744536,100.4653821099053,0.15679199861943366,35.3,1.7,2400.9,5322.1,0.3108766023565972,39.7,979.1
220,18,svr,loso,Hada Al Sham - KAU,21.80117,39.72854,01-10-2020 00:00,6037.1,6150.055475165779,112.95547516577881,112.95547516577881,12758.939369926873,1.8710220994480595,32.1,1.9,1615.5,6810.4,0.1917302602689327,34.0,983.7
221,18,svr,loso,Hada Al Sham - KAU,21.80117,39.72854,01-11-2020 00:00,4634.0,4690.579846950478,56.579846950477986,56.579846950477986,3201.279080939513,1.2209720964712556,27.5,1.2,1625.3,5119.0,0.24098868674287915,56.3,986.2
222,18,svr,loso,Hada Al Sham - KAU,21.80117,39.72854,01-12-2020 00:00,4165.0,4281.670167235104,116.67016723510369,116.67016723510369,13611.927922667062,2.8012044954406647,25.3,1.3,1731.9,4494.3,0.2781632456393948,51.3,987.1
223,18,svr,loso,Hada Al Sham - KAU,21.80117,39.72854,01-01-2021 00:00,4611.0,4651.899835245225,40.899835245225404,40.899835245225404,1672.7965230865823,0.8870057524447063,24.0,1.8,1760.7,5016.3,0.2598052235502435,51.5,987.5
224,18,svr,loso,Hada Al Sham - KAU,21.80117,39.72854,01-02-2021 00:00,4965.1,4925.326351984164,-39.77364801583644,39.77364801583644,1581.9430764876502,0.8010643897572343,23.6,1.9,1893.5,4859.5,0.2803938990078484,52.3,987.0
225,18,svr,loso,Hada Al Sham - KAU,21.80117,39.72854,01-03-2021 00:00,6314.5,6327.13524992221,12.635249922210278,12.635249922210278,159.64954059671484,0.20009897730953008,27.5,1.6,2368.3,5520.5,0.30021042490619615,43.5,984.3
226,18,svr,loso,Hada Al Sham - KAU,21.80117,39.72854,01-04-2021 00:00,6643.7,6618.392522115424,-25.307477884575746,25.307477884575746,640.4684368782905,0.3809244530092531,30.1,1.8,2883.8,4884.1,0.3712457678394418,39.1,983.2
227,18,svr,loso,Hada Al Sham - KAU,21.80117,39.72854,01-05-2021 00:00,7513.3,7464.785020944097,-48.514979055903495,48.514979055903495,2353.7031927947546,0.6457213082920087,33.2,1.6,2374.0,6797.4,0.2588481584054779,34.8,980.7
228,18,svr,loso,Hada Al Sham - KAU,21.80117,39.72854,01-07-2021 00:00,6766.8,6797.131502800058,30.331502800057933,30.331502800057933,920.0000621099223,0.44823997753824457,34.3,2.0,3150.5,4548.7,0.4091983582709892,38.0,977.1
229,18,svr,loso,Hada Al Sham - KAU,21.80117,39.72854,01-08-2021 00:00,6800.4,7024.681956125969,224.28195612596937,224.28195612596937,50302.39584369125,3.298070056555046,35.3,1.8,2800.2,5117.3,0.35367224502683925,39.6,978.0
230,18,svr,loso,Hada Al Sham - KAU,21.80117,39.72854,01-09-2021 00:00,6135.9,6167.639239566352,31.739239566352808,31.739239566352808,1007.3793282503356,0.5172711349003865,33.5,1.6,2779.0,4433.0,0.3853300055463117,47.7,979.4
231,18,svr,loso,Hada Al Sham - KAU,21.80117,39.72854,01-10-2021 00:00,5756.3,5889.063440955978,132.76344095597779,132.76344095597779,17626.1312544714,2.3064023931340927,31.8,1.4,1873.8,5781.3,0.24477799114315946,44.2,983.1
232,18,svr,loso,Hada Al Sham - KAU,21.80117,39.72854,01-11-2021 00:00,4633.4,4749.505231616704,116.10523161670426,116.10523161670426,13480.424808768543,2.50583225313386,27.7,1.2,1433.6,5484.8,0.2072155411655874,50.8,985.4
233,18,svr,loso,Hada Al Sham - KAU,21.80117,39.72854,01-12-2021 00:00,4082.8,4128.205723765162,45.40572376516138,45.40572376516138,2061.6797506381413,1.112122165307176,24.9,1.2,1664.7,4401.5,0.2744222083017375,53.1,987.4
1508,19,svr,loso,Hafar Al Batin - TVTC,28.33202,45.95708,01-01-2017 00:00,3902.6,3884.5839618539567,-18.01603814604323,18.01603814604323,324.57763047968473,0.46164193476254883,12.7,4.3,1535.2,4742.4,0.24455205811138017,43.6,973.2
1509,19,svr,loso,Hafar Al Batin - TVTC,28.33202,45.95708,01-02-2017 00:00,4710.6,4775.695149631532,65.09514963153197,65.09514963153197,4237.378505551536,1.381886588365218,12.3,4.4,1876.9,5046.3,0.27110295816963254,36.8,973.8
1510,19,svr,loso,Hafar Al Batin - TVTC,28.33202,45.95708,01-03-2017 00:00,5192.7,5295.344827598723,102.64482759872317,102.64482759872317,10535.960632771601,1.9767139946217416,20.7,5.1,2670.1,3775.7,0.41423872909491455,40.2,967.8
1511,19,svr,loso,Hafar Al Batin - TVTC,28.33202,45.95708,01-04-2017 00:00,5980.1,6052.131321221909,72.03132122190891,72.03132122190891,5188.511236973825,1.2045170017543003,27.7,5.3,3244.6,3715.0,0.4662049543077188,25.5,967.4
1512,19,svr,loso,Hafar Al Batin - TVTC,28.33202,45.95708,01-05-2017 00:00,6822.1,6797.666121426115,-24.433878573885522,24.433878573885522,597.014422163382,0.35815773110751115,34.1,4.8,3760.3,3863.1,0.49325760159508886,17.2,964.0
1513,19,svr,loso,Hafar Al Batin - TVTC,28.33202,45.95708,01-06-2017 00:00,8093.5,8009.342420166454,-84.15757983354615,84.15757983354615,7082.498243439694,1.0398168880403553,37.2,5.5,2295.8,7768.6,0.22811096538293388,11.3,960.3
1514,19,svr,loso,Hafar Al Batin - TVTC,28.33202,45.95708,01-09-2017 00:00,6699.5,6762.81330918129,63.313309181289696,63.313309181289696,4008.575119485582,0.9450452896677319,36.3,4.2,2163.1,6523.4,0.24901859206815172,12.1,963.1
1515,19,svr,loso,Hafar Al Batin - TVTC,28.33202,45.95708,01-10-2017 00:00,5477.1,5429.297365125058,-47.80263487494267,47.80263487494267,2285.091900987085,0.8727727241595491,29.6,4.5,1988.4,5629.1,0.2610305218247457,20.9,967.5
1516,19,svr,loso,Hafar Al Batin - TVTC,28.33202,45.95708,01-11-2017 00:00,4058.3,4056.1867041974415,-2.113295802558696,2.113295802558696,4.466019149112203,0.05207342489610664,21.0,4.1,1820.8,4263.4,0.29926695374905493,35.2,971.6
1517,19,svr,loso,Hafar Al Batin - TVTC,28.33202,45.95708,01-03-2018 00:00,5984.3,6053.815213702977,69.51521370297723,69.51521370297723,4832.364936170594,1.1616264843503372,23.6,4.4,2586.4,5077.5,0.3374783073891883,24.3,968.4
1518,19,svr,loso,Hafar Al Batin - TVTC,28.33202,45.95708,01-04-2018 00:00,6230.0,6438.663295431341,208.66329543134088,208.66329543134088,43540.370860267045,3.3493305847727273,25.1,4.5,3517.5,3686.9,0.48824329576369996,36.1,965.4
1519,19,svr,loso,Hafar Al Batin - TVTC,28.33202,45.95708,01-05-2018 00:00,7129.9,6968.630371640873,-161.26962835912673,161.26962835912673,26007.89303109085,2.2618778434357667,31.6,4.3,3506.6,4693.5,0.42762893135449564,22.2,963.7
1520,19,svr,loso,Hafar Al Batin - TVTC,28.33202,45.95708,01-06-2018 00:00,7805.1,7446.997927754601,-358.10207224539954,358.10207224539954,128237.09414644935,4.588052327906107,36.0,6.1,3209.5,5972.5,0.3495425833151819,13.8,959.1
1521,19,svr,loso,Hafar Al Batin - TVTC,28.33202,45.95708,01-07-2018 00:00,7640.7,6870.20024905122,-770.4997509487794,770.4997509487794,593669.866212131,10.084151333631466,37.0,6.6,2769.3,6397.1,0.3021142433234421,12.5,956.4
1522,19,svr,loso,Hafar Al Batin - TVTC,28.33202,45.95708,01-08-2018 00:00,7509.3,7537.587099300761,28.28709930076093,28.28709930076093,800.1599868511095,0.37669422317341067,36.3,5.4,1881.0,7857.0,0.19316081330868762,13.9,958.2
1523,19,svr,loso,Hafar Al Batin - TVTC,28.33202,45.95708,01-09-2018 00:00,6395.5,6525.806633743638,130.30663374363758,130.30663374363758,16979.818797598506,2.037473750975492,36.6,4.0,2380.7,5730.7,0.2935005054614493,13.1,963.0
1524,19,svr,loso,Hafar Al Batin - TVTC,28.33202,45.95708,01-10-2018 00:00,5214.2,5098.411407507581,-115.7885924924185,115.7885924924185,13406.998151375354,2.220639647355654,28.5,4.0,2070.6,5040.5,0.2911785799665312,28.0,968.9
1525,19,svr,loso,Hafar Al Batin - TVTC,28.33202,45.95708,01-11-2018 00:00,3269.8,3340.7233899098865,70.92338990988628,70.92338990988628,5030.12723630976,2.1690436696399256,17.4,3.9,1705.9,3019.9,0.3609759194210504,78.1,972.2
1526,19,svr,loso,Hafar Al Batin - TVTC,28.33202,45.95708,01-12-2018 00:00,3483.6,3296.3403186833198,-187.25968131668014,187.25968131668014,35066.188246824604,5.375464499847289,15.0,4.1,1556.9,3977.4,0.28131832390726924,66.6,973.8
1527,19,svr,loso,Hafar Al Batin - TVTC,28.33202,45.95708,01-02-2019 00:00,4466.5,4594.828714556374,128.3287145563736,128.3287145563736,16468.258979691214,2.873138129550511,14.4,4.3,1811.9,4751.4,0.2760653939329301,49.9,972.1
1528,19,svr,loso,Hafar Al Batin - TVTC,28.33202,45.95708,01-03-2019 00:00,5871.1,6010.274273786508,139.1742737865079,139.1742737865079,19369.478484001862,2.370497415927303,18.1,5.7,2266.7,5595.6,0.28829986136372304,34.5,968.5
1529,19,svr,loso,Hafar Al Batin - TVTC,28.33202,45.95708,01-04-2019 00:00,6712.2,6769.201481321427,57.00148132142749,57.00148132142749,3249.1688728370473,0.8492220333337429,23.8,4.9,2708.0,5520.2,0.32911207797574193,30.9,966.9
1530,19,svr,loso,Hafar Al Batin - TVTC,28.33202,45.95708,01-05-2019 00:00,7069.7,7085.111303269162,15.41130326916209,15.41130326916209,237.50826845408614,0.21799090865471082,32.8,4.4,3250.1,4945.1,0.396585806325654,17.4,964.2
1531,19,svr,loso,Hafar Al Batin - TVTC,28.33202,45.95708,01-06-2019 00:00,8091.9,7967.12979732215,-124.77020267784974,124.77020267784974,15567.603476271703,1.5419147873533996,37.6,5.1,2219.0,7868.3,0.21997957828160164,11.3,960.2
1532,19,svr,loso,Hafar Al Batin - TVTC,28.33202,45.95708,01-07-2019 00:00,8045.2,7928.455592314484,-116.7444076855154,116.7444076855154,13629.256725841828,1.4511063452184583,37.1,5.7,1892.6,8414.4,0.18362278063452023,12.4,956.9
1533,19,svr,loso,Hafar Al Batin - TVTC,28.33202,45.95708,01-08-2019 00:00,7512.5,7412.056153782245,-100.44384621775498,100.44384621775498,10088.966243016012,1.3370229113844259,37.1,5.8,2008.3,7588.7,0.20926331145149527,12.1,958.2
1534,19,svr,loso,Hafar Al Batin - TVTC,28.33202,45.95708,01-09-2019 00:00,6538.0,6543.841213277715,5.8412132777148145,5.8412132777148145,34.119772555751844,0.08934250960102194,35.7,3.8,1896.7,6757.5,0.21916526079822513,14.8,962.5
1535,19,svr,loso,Hafar Al Batin - TVTC,28.33202,45.95708,01-10-2019 00:00,4904.8,5420.5573328567225,515.7573328567223,515.7573328567223,266005.62639547983,10.515359094289723,29.7,4.0,2146.8,4383.0,0.32876964072406506,32.7,967.1
1536,19,svr,loso,Hafar Al Batin - TVTC,28.33202,45.95708,01-11-2019 00:00,3795.8,3629.4256347149826,-166.37436528501757,166.37436528501757,27680.42942399246,4.383117268692175,19.4,3.7,1668.2,4093.0,0.289557731028258,46.4,971.4
1537,19,svr,loso,Hafar Al Batin - TVTC,28.33202,45.95708,01-12-2019 00:00,3700.1,3490.404971209304,-209.6950287906957,209.6950287906957,43972.005099530696,5.667280040828509,14.5,4.5,1121.3,5525.4,0.16870025727052523,52.2,972.1
1538,19,svr,loso,Hafar Al Batin - TVTC,28.33202,45.95708,01-01-2020 00:00,4174.6,4141.625944186697,-32.974055813303494,32.974055813303494,1087.288356778854,0.7898734205266011,12.1,4.8,1183.7,6099.9,0.1625157888956011,45.0,972.7
1539,19,svr,loso,Hafar Al Batin - TVTC,28.33202,45.95708,01-02-2020 00:00,4878.4,5004.640070646216,126.24007064621674,126.24007064621674,15936.555436761793,2.5877351313179884,15.4,5.4,1817.0,5455.0,0.24986248624862487,36.6,971.9
1540,19,svr,loso,Hafar Al Batin - TVTC,28.33202,45.95708,01-03-2020 00:00,5863.8,6046.701381168037,182.901381168037,182.901381168037,33452.91523317556,3.119161314643013,19.9,5.3,2339.1,5400.9,0.3022093023255814,33.9,967.6
1541,19,svr,loso,Hafar Al Batin - TVTC,28.33202,45.95708,01-04-2020 00:00,6630.8,6521.982349888221,-108.81765011177959,108.81765011177959,11841.280975849684,1.641093836517156,25.9,4.9,3014.2,5000.1,0.3761027163944449,27.8,965.5
1542,19,svr,loso,Hafar Al Batin - TVTC,28.33202,45.95708,01-05-2020 00:00,7335.8,7364.44669791766,28.646697917659367,28.646697917659367,820.6333015856295,0.39050543795713305,31.5,4.8,3154.7,5501.1,0.3644608239561912,16.4,964.7
1543,19,svr,loso,Hafar Al Batin - TVTC,28.33202,45.95708,01-09-2020 00:00,6631.2,6811.509812913859,180.30981291385888,180.30981291385888,32511.62863303079,2.71911287419862,35.5,4.0,1854.5,7033.9,0.20864272534989425,12.4,962.4
1544,19,svr,loso,Hafar Al Batin - TVTC,28.33202,45.95708,01-10-2020 00:00,5695.4,5838.986844127082,143.58684412708226,143.58684412708226,20617.181806375018,2.52110201438147,27.2,3.1,1214.4,7657.2,0.13688624374408223,16.8,968.7
1545,19,svr,loso,Hafar Al Batin - TVTC,28.33202,45.95708,01-11-2020 00:00,3830.6,3851.42640506614,20.82640506614007,20.82640506614007,433.73914797894474,0.5436851946467934,20.3,4.4,1696.9,4056.9,0.2949181410546074,47.0,970.9
1546,19,svr,loso,Hafar Al Batin - TVTC,28.33202,45.95708,01-12-2020 00:00,3067.8,3193.403095913035,125.60309591303485,125.60309591303485,15776.137702939031,4.094240038888938,13.5,3.1,1335.2,3665.1,0.26702397856128635,65.9,974.4
1547,19,svr,loso,Hafar Al Batin - TVTC,28.33202,45.95708,01-01-2021 00:00,3939.0,3848.377237010966,-90.62276298903407,90.62276298903407,8212.485171766644,2.300654048972685,13.3,3.4,1482.7,4943.7,0.2307201543632516,43.7,974.3
1548,19,svr,loso,Hafar Al Batin - TVTC,28.33202,45.95708,01-02-2021 00:00,4359.8,4206.486984646923,-153.3130153530774,153.3130153530774,23504.880676652945,3.5165148711655903,15.5,4.1,1756.2,4525.7,0.27956509973097315,47.8,972.5
1549,19,svr,loso,Hafar Al Batin - TVTC,28.33202,45.95708,01-03-2021 00:00,5652.9,5712.543098219827,59.64309821982715,59.64309821982715,3557.299165259949,1.0550885071348717,21.2,5.0,2619.0,4537.6,0.3659559008467708,26.9,968.6
1550,19,svr,loso,Hafar Al Batin - TVTC,28.33202,45.95708,01-04-2021 00:00,6570.6,6638.57830236962,67.97830236962,67.97830236962,4621.0495930554835,1.0345828747697317,27.8,4.7,2763.5,5212.9,0.3464595556892834,17.3,967.3
1551,19,svr,loso,Hafar Al Batin - TVTC,28.33202,45.95708,01-05-2021 00:00,7198.4,7376.828858531253,178.42885853125335,178.42885853125335,31836.857556766023,2.4787294194717346,34.0,4.2,2706.7,5982.7,0.31149446451998986,12.9,962.4
1552,19,svr,loso,Hafar Al Batin - TVTC,28.33202,45.95708,01-07-2021 00:00,7820.6,7912.47561621391,91.87561621390978,91.87561621390978,8441.128854685641,1.1747898654055926,39.4,4.5,2191.7,7567.2,0.22458473803399973,12.5,956.0
1553,19,svr,loso,Hafar Al Batin - TVTC,28.33202,45.95708,01-08-2021 00:00,7351.9,7356.685058254542,4.785058254542491,4.785058254542491,22.896782499365234,0.06508600844057308,37.9,4.0,2074.4,7244.1,0.2226109352363578,13.2,958.8
1554,19,svr,loso,Hafar Al Batin - TVTC,28.33202,45.95708,01-09-2021 00:00,6662.7,6919.688134732453,256.98813473245355,256.98813473245355,66042.9013932657,3.8571170056051383,33.6,4.1,1649.2,7565.5,0.17897489880299955,15.7,962.5
1555,19,svr,loso,Hafar Al Batin - TVTC,28.33202,45.95708,01-10-2021 00:00,5328.4,5096.7498355243115,-231.65016447568814,231.65016447568814,53661.79870161337,4.34746198625644,29.2,3.6,1722.6,5921.6,0.22534732215274322,20.3,968.0
1556,19,svr,loso,Hafar Al Batin - TVTC,28.33202,45.95708,01-11-2021 00:00,4208.3,4114.8111500413,-93.48884995870048,93.48884995870048,8740.165066600412,2.2215348230568277,20.6,3.8,1460.7,5313.9,0.2156142060047826,32.2,971.0
1557,19,svr,loso,Hafar Al Batin - TVTC,28.33202,45.95708,01-12-2021 00:00,3209.2,3290.3817068375693,81.18170683756944,81.18170683756944,6590.469525061068,2.5296555788847512,14.3,3.7,1624.8,3357.8,0.32609480993858625,48.7,973.2
1371,20,svr,loso,Hagl - SWCC,29.28997,34.93002,01-01-2017 00:00,3583.5,5093.6637510074925,1510.1637510074925,1510.1637510074925,2280594.55485702,42.14214457953098,16.9,6.9,1209.4,4966.8,0.1958161976619928,50.7,1015.9
1372,20,svr,loso,Hagl - SWCC,29.28997,34.93002,01-02-2017 00:00,4743.2,5104.893506947124,361.69350694712375,361.69350694712375,130822.19296770905,7.625516675390533,17.7,6.5,1326.0,6195.3,0.1762993099597144,45.7,1016.2
1373,20,svr,loso,Hagl - SWCC,29.28997,34.93002,01-03-2017 00:00,5558.3,5505.073426975729,-53.2265730242716,53.2265730242716,2833.0680759081174,0.9576052574397136,21.3,6.1,1606.2,6199.7,0.20576743232682973,50.5,1010.3
1374,20,svr,loso,Hagl - SWCC,29.28997,34.93002,01-04-2017 00:00,6497.3,6132.159629362491,-365.1403706375095,365.1403706375095,133327.4902692978,5.619878574754274,24.9,6.7,2098.2,6201.1,0.25281650259660454,47.1,1010.0
1375,20,svr,loso,Hagl - SWCC,29.28997,34.93002,01-05-2017 00:00,7248.7,6581.996580228268,-666.7034197717321,666.7034197717321,444493.44993532245,9.197558455609036,27.9,6.1,1730.9,7562.2,0.18625646985397767,46.4,1008.0
1376,20,svr,loso,Hagl - SWCC,29.28997,34.93002,01-06-2017 00:00,7480.6,6699.294881550586,-781.3051184494143,781.3051184494143,610437.6881152533,10.444417806718903,29.7,7.3,1297.0,8543.8,0.13179822778635883,49.7,1005.2
1377,20,svr,loso,Hagl - SWCC,29.28997,34.93002,01-09-2017 00:00,6280.5,6182.743715056255,-97.75628494374541,97.75628494374541,9556.291246002746,1.5565048155997996,29.5,7.6,1554.4,7044.8,0.180761001023351,60.7,1006.9
1378,20,svr,loso,Hagl - SWCC,29.28997,34.93002,01-10-2017 00:00,5308.3,5751.126545723988,442.8265457239877,442.8265457239877,196095.34959783897,8.342153716330797,26.5,6.7,1177.5,7072.0,0.14273592338929633,57.8,1010.4
1379,20,svr,loso,Hagl - SWCC,29.28997,34.93002,01-11-2017 00:00,4213.1,5145.527785905819,932.4277859058184,932.4277859058184,869421.5759292267,22.13163195523055,22.7,6.9,1172.9,6017.5,0.16312027147307523,55.3,1012.8
1380,20,svr,loso,Hagl - SWCC,29.28997,34.93002,01-03-2018 00:00,6067.1,6026.292608523776,-40.80739147622444,40.80739147622444,1665.2431990938348,0.6726012671000055,23.4,6.1,1877.6,6505.4,0.2239770965048312,43.1,1010.2
1381,20,svr,loso,Hagl - SWCC,29.28997,34.93002,01-04-2018 00:00,6662.6,6231.931496601281,-430.6685033987196,430.6685033987196,185475.35981969297,6.463970573030342,24.8,5.9,2386.5,5939.1,0.2866460074949553,44.6,1008.0
1382,20,svr,loso,Hagl - SWCC,29.28997,34.93002,01-05-2018 00:00,6864.1,6584.045154226709,-280.05484577329116,280.05484577329116,78430.7166411019,4.079993673945472,29.3,4.9,2875.1,5215.4,0.3553674062171683,42.7,1005.5
1383,20,svr,loso,Hagl - SWCC,29.28997,34.93002,01-06-2018 00:00,7953.3,7106.078887763238,-847.2211122367626,847.2211122367626,717783.613019697,10.652447565623861,30.3,6.8,1845.1,8272.2,0.18237079062595749,46.0,1004.5
1384,20,svr,loso,Hagl - SWCC,29.28997,34.93002,01-07-2018 00:00,7799.3,7227.441726113674,-571.8582738863261,571.8582738863261,327021.8854122483,7.332174347522548,31.4,5.3,1649.4,8439.4,0.16348822456585524,47.3,1002.7
1385,20,svr,loso,Hagl - SWCC,29.28997,34.93002,01-08-2018 00:00,7365.1,6714.741194142608,-650.3588058573923,650.3588058573923,422966.5763562533,8.830278011939992,31.2,7.0,1215.1,8765.8,0.12174252822891722,52.4,1003.6
1386,20,svr,loso,Hagl - SWCC,29.28997,34.93002,01-09-2018 00:00,6092.9,5974.426902066035,-118.47309793396471,118.47309793396471,14035.874934070793,1.9444451399820237,29.9,7.8,1860.6,6244.5,0.22955916645075322,54.5,1006.4
1387,20,svr,loso,Hagl - SWCC,29.28997,34.93002,01-10-2018 00:00,5005.6,5296.99387637731,291.3938763773094,291.3938763773094,84910.39119019468,5.821357607026319,27.4,6.5,1624.0,5618.9,0.2242195805547502,54.2,1010.0
1388,20,svr,loso,Hagl - SWCC,29.28997,34.93002,01-11-2018 00:00,4118.3,4587.071058072541,468.77105807254065,468.77105807254065,219746.30488644927,11.382635021065504,23.5,5.7,1182.7,5706.6,0.17167201312179758,50.7,1011.9
1389,20,svr,loso,Hagl - SWCC,29.28997,34.93002,01-12-2018 00:00,3741.9,4497.930550548561,756.0305505485608,756.0305505485608,571582.1933627599,20.204456306917894,19.4,5.5,994.5,5997.1,0.1422421191143658,48.5,1015.3
1390,20,svr,loso,Hagl - SWCC,29.28997,34.93002,01-01-2019 00:00,3689.0,4227.720239169248,538.7202391692481,538.7202391692481,290219.49609057186,14.60342204308073,17.9,4.6,1455.0,4569.2,0.24152584575545302,44.6,1014.3
1391,20,svr,loso,Hagl - SWCC,29.28997,34.93002,01-02-2019 00:00,4761.4,5160.971317280277,399.57131728027707,399.57131728027707,159657.23759309584,8.391887202929329,18.8,5.2,1379.3,6049.8,0.18566178944959685,45.7,1014.3
1392,20,svr,loso,Hagl - SWCC,29.28997,34.93002,01-03-2019 00:00,5880.7,5796.633670512809,-84.06632948719107,84.06632948719107,7067.14775344897,1.4295292990152715,20.0,5.6,1746.0,6498.0,0.21179039301310043,45.0,1012.4
1393,20,svr,loso,Hagl - SWCC,29.28997,34.93002,01-04-2019 00:00,6665.1,6151.069263881222,-514.0307361187788,514.0307361187788,264227.5976748136,7.7122734260368,23.0,6.0,2146.5,6370.0,0.25204015734163093,44.9,1010.3
1394,20,svr,loso,Hagl - SWCC,29.28997,34.93002,01-05-2019 00:00,7078.2,6520.343725438544,-557.8562745614554,557.8562745614554,311203.6230675859,7.881329639759478,28.3,5.8,2163.4,6630.6,0.2460086422560837,40.5,1007.0
1395,20,svr,loso,Hagl - SWCC,29.28997,34.93002,01-06-2019 00:00,7575.9,6843.516568688454,-732.3834313115458,732.3834313115458,536385.4904596737,9.667279548456893,30.6,5.4,1772.0,7819.5,0.1847469113277381,47.5,1005.0
1396,20,svr,loso,Hagl - SWCC,29.28997,34.93002,01-07-2019 00:00,7943.0,7145.4943974736325,-797.5056025263675,797.5056025263675,636015.1860609445,10.040357579332337,31.4,5.9,1405.7,9070.0,0.13418673692450145,47.4,1002.5
1397,20,svr,loso,Hagl - SWCC,29.28997,34.93002,01-08-2019 00:00,7335.0,6755.415025626087,-579.5849743739127,579.5849743739127,335918.74252000905,7.901635642452797,31.8,5.1,1369.2,8400.7,0.14014473024288884,50.6,1003.6
1398,20,svr,loso,Hagl - SWCC,29.28997,34.93002,01-09-2019 00:00,6414.9,6215.6635288712305,-199.23647112876915,199.23647112876915,39695.17142784486,3.1058390797794067,29.3,7.6,1303.6,7710.3,0.14462108521283795,57.5,1006.0
1399,20,svr,loso,Hagl - SWCC,29.28997,34.93002,01-10-2019 00:00,5094.8,5685.452184661886,590.6521846618862,590.6521846618862,348870.0032458589,11.59323593981876,27.3,6.3,1307.9,6387.8,0.16995205114544484,56.2,1009.2
1400,20,svr,loso,Hagl - SWCC,29.28997,34.93002,01-11-2019 00:00,4235.4,5229.613351162014,994.2133511620141,994.2133511620141,988460.1876288024,23.47389505506007,24.5,5.1,1197.9,5960.9,0.16733251382913342,44.3,1011.4
1401,20,svr,loso,Hagl - SWCC,29.28997,34.93002,01-12-2019 00:00,3858.7,4828.743060383561,970.0430603835612,970.0430603835612,940983.5389983053,25.13911577431677,19.7,4.3,967.5,6272.7,0.1336289052788597,44.5,1014.8
1402,20,svr,loso,Hagl - SWCC,29.28997,34.93002,01-01-2020 00:00,3731.0,4218.558465270485,487.5584652704847,487.5584652704847,237713.25705691043,13.067769104006558,16.7,4.4,1121.0,5386.5,0.17226277372262774,47.9,1017.4
1403,20,svr,loso,Hagl - SWCC,29.28997,34.93002,01-02-2020 00:00,4778.0,5011.9981417190775,233.99814171907747,233.99814171907747,54755.13032798146,4.897407737946368,18.1,4.6,1219.8,6475.9,0.1585040996920358,51.2,1015.7
1404,20,svr,loso,Hagl - SWCC,29.28997,34.93002,01-03-2020 00:00,5607.3,5771.535119734427,164.23511973442692,164.23511973442692,26973.174554181547,2.9289518972487096,20.7,4.7,1968.0,5681.5,0.2572717171056932,50.0,1010.5
1405,20,svr,loso,Hagl - SWCC,29.28997,34.93002,01-04-2020 00:00,6767.8,6271.652031611902,-496.147968388098,496.147968388098,246162.80653563706,7.33100813245217,23.5,6.0,2123.8,6580.8,0.24398593846931507,49.7,1009.2
1406,20,svr,loso,Hagl - SWCC,29.28997,34.93002,01-05-2020 00:00,7163.3,6323.24864182988,-840.0513581701198,840.0513581701198,705686.2843634628,11.72715589421244,27.5,5.8,1935.2,7163.8,0.2126827123859765,43.3,1008.0
1407,20,svr,loso,Hagl - SWCC,29.28997,34.93002,01-09-2020 00:00,6086.8,6158.768119230416,71.96811923041605,71.96811923041605,5179.410185563381,1.1823637909971751,32.1,6.5,1840.4,6202.2,0.22883147240941984,52.7,1004.9
1408,20,svr,loso,Hagl - SWCC,29.28997,34.93002,01-10-2020 00:00,5200.8,5616.198287301394,415.3982873013938,415.3982873013938,172555.7370929313,7.987199801980345,28.9,5.8,1280.4,6602.2,0.1624337147641641,55.2,1009.6
1409,20,svr,loso,Hagl - SWCC,29.28997,34.93002,01-11-2020 00:00,4228.7,4979.841201118252,751.141201118252,751.141201118252,564213.1040173703,17.76293426155206,23.7,5.4,1018.4,6326.1,0.13866158349785554,50.6,1012.3
1410,20,svr,loso,Hagl - SWCC,29.28997,34.93002,01-12-2020 00:00,3585.6,4302.110822364253,716.5108223642533,716.5108223642533,513387.7585650985,19.983010440770116,21.0,5.4,1127.8,5298.5,0.17549756469508113,49.1,1014.0
1411,20,svr,loso,Hagl - SWCC,29.28997,34.93002,01-01-2021 00:00,3970.8,4614.810027611418,644.0100276114181,644.0100276114181,414748.91566405946,16.218646812013144,19.8,5.7,1159.1,5757.5,0.16758233814301823,45.2,1015.0
1412,20,svr,loso,Hagl - SWCC,29.28997,34.93002,01-02-2021 00:00,4891.3,5211.291202317361,319.99120231736106,319.99120231736106,102394.3695605103,6.542048173642202,19.8,5.9,1226.0,6526.8,0.15813641523062635,49.4,1014.2
1413,20,svr,loso,Hagl - SWCC,29.28997,34.93002,01-03-2021 00:00,6155.0,6028.174356752897,-126.82564324710256,126.82564324710256,16084.743785041332,2.060530353324168,21.1,6.9,1819.4,6718.9,0.21308691425693643,46.2,1012.2
1414,20,svr,loso,Hagl - SWCC,29.28997,34.93002,01-04-2021 00:00,7286.0,6576.2004254069425,-709.7995745930575,709.7995745930575,503815.43609248544,9.741965064411989,24.8,6.5,1940.6,7505.9,0.2054305827555179,41.6,1010.7
1415,20,svr,loso,Hagl - SWCC,29.28997,34.93002,01-05-2021 00:00,7801.4,7097.537638590873,-703.8623614091266,703.8623614091266,495422.22380843194,9.022257048851829,29.1,5.5,1874.0,8142.2,0.18709690301711226,41.3,1006.8
1416,20,svr,loso,Hagl - SWCC,29.28997,34.93002,01-07-2021 00:00,7859.4,7273.605533689432,-585.7944663105673,585.7944663105673,343155.15676008235,7.453424769200795,31.6,4.9,1346.5,9040.0,0.12963943580609444,47.4,1001.9
1417,20,svr,loso,Hagl - SWCC,29.28997,34.93002,01-08-2021 00:00,7092.8,6670.425237104813,-422.3747628951869,422.3747628951869,178400.44033076536,5.9549791745881295,32.2,5.0,1620.8,7617.8,0.17543783690169504,50.8,1003.0
1418,20,svr,loso,Hagl - SWCC,29.28997,34.93002,01-09-2021 00:00,6335.6,6174.979331942027,-160.6206680579735,160.6206680579735,25798.999007389706,2.535208473672162,29.5,3.8,1365.9,7494.1,0.1541647855530474,53.8,1006.6
1419,20,svr,loso,Hagl - SWCC,29.28997,34.93002,01-10-2021 00:00,5029.6,4941.144257768923,-88.45574223107724,88.45574223107724,7824.418333650781,1.7587033209614529,26.9,0.0,1368.1,6158.4,0.1817710755331163,55.8,1010.4
1420,20,svr,loso,Hagl - SWCC,29.28997,34.93002,01-11-2021 00:00,4057.2,4020.129017348028,-37.07098265197192,37.07098265197192,1374.2577547828027,0.9137085342593887,24.3,0.0,1119.1,5762.7,0.16261733848702375,50.2,1012.2
1421,20,svr,loso,Hagl - SWCC,29.28997,34.93002,01-12-2021 00:00,3391.2,3916.9984215180393,525.7984215180395,525.7984215180395,276463.98007086193,15.504789499824238,19.7,0.0,1366.7,4299.0,0.2412235028328362,47.9,1014.6
309,21,svr,loso,Hail - TVTC,27.65261,41.70826,01-01-2017 00:00,4169.5,4130.81854709297,-38.68145290702978,38.68145290702978,1496.2547989987627,0.9277240174368576,12.2,3.4,1329.8,5620.2,0.19133812949640286,35.6,912.4
310,21,svr,loso,Hail - TVTC,27.65261,41.70826,01-02-2017 00:00,5086.2,5049.64892470804,-36.55107529195993,36.55107529195993,1335.981104998524,0.7186322852416329,10.8,3.5,1599.7,6100.3,0.20775324675324675,28.4,912.7
311,21,svr,loso,Hail - TVTC,27.65261,41.70826,01-03-2017 00:00,5446.5,5240.329714153924,-206.17028584607579,206.17028584607579,42506.186765852595,3.785371997541096,18.1,3.8,2366.2,4584.1,0.34044573615527385,28.3,908.3
312,21,svr,loso,Hail - TVTC,27.65261,41.70826,01-04-2017 00:00,5863.9,5902.1726687596565,38.27266875965688,38.27266875965688,1464.7971739864158,0.6526828349674599,23.9,4.0,2984.1,3896.2,0.4337165530572795,20.2,909.6
313,21,svr,loso,Hail - TVTC,27.65261,41.70826,01-05-2017 00:00,6227.4,6433.602422148235,206.2024221482352,206.2024221482352,42519.438899798995,3.311212097315657,29.0,3.4,3023.5,4219.2,0.41745481657392963,14.9,907.7
314,21,svr,loso,Hail - TVTC,27.65261,41.70826,01-09-2017 00:00,6546.0,6482.453644659019,-63.54635534098088,63.54635534098088,4038.1392771222095,0.9707661983040159,32.6,3.0,2359.7,5922.3,0.28491910166626416,9.2,907.7
315,21,svr,loso,Hail - TVTC,27.65261,41.70826,01-10-2017 00:00,5714.3,5594.331091650211,-119.96890834978876,119.96890834978876,14392.538970640016,2.0994506474946846,26.8,3.1,1668.9,6630.7,0.2010819798544508,14.4,909.5
316,21,svr,loso,Hail - TVTC,27.65261,41.70826,01-11-2017 00:00,4206.8,4237.298561417294,30.498561417293786,30.498561417293786,930.1622485244411,0.7249824431228912,19.1,3.5,1758.8,4498.5,0.28107969891167117,37.9,911.7
317,21,svr,loso,Hail - TVTC,27.65261,41.70826,01-03-2018 00:00,6241.9,6391.095692104545,149.19569210454574,149.19569210454574,22259.354542554414,2.390228810210765,22.4,3.5,2453.4,5651.8,0.30269456645116716,19.7,909.8
318,21,svr,loso,Hail - TVTC,27.65261,41.70826,01-04-2018 00:00,6813.9,6756.440600920354,-57.459399079645664,57.459399079645664,3301.5825425939847,0.8432674251111062,22.3,3.7,2866.1,5310.2,0.3505375292002495,31.2,907.1
319,21,svr,loso,Hail - TVTC,27.65261,41.70826,01-05-2018 00:00,6997.7,7035.064765468244,37.364765468244514,37.364765468244514,1396.1256984969177,0.5339578071115441,27.9,3.5,3265.7,4853.3,0.4022293385884961,19.1,907.0
320,21,svr,loso,Hail - TVTC,27.65261,41.70826,01-06-2018 00:00,8237.7,8065.5096017449605,-172.19039825504024,172.19039825504024,29649.533251229364,2.090272749129493,32.6,3.2,2404.7,7785.7,0.23597699795886323,11.1,904.9
321,21,svr,loso,Hail - TVTC,27.65261,41.70826,01-07-2018 00:00,8175.3,6176.936387388671,-1998.3636126113288,1998.3636126113288,3993457.128209001,24.44391780865936,33.5,3.0,2293.6,7876.0,0.22553492762743862,11.3,903.1
322,21,svr,loso,Hail - TVTC,27.65261,41.70826,01-09-2018 00:00,6236.9,5967.62647819276,-269.2735218072394,269.2735218072394,72508.22954647383,4.317425673126704,33.6,2.7,2592.3,5069.1,0.3383585245516485,10.2,907.7
323,21,svr,loso,Hail - TVTC,27.65261,41.70826,01-11-2018 00:00,3453.8,3597.3915983009315,143.5915983009313,143.5915983009313,20618.54710261602,4.157496042067615,16.0,3.4,1609.1,3496.3,0.3151760880636189,67.2,912.0
324,21,svr,loso,Hail - TVTC,27.65261,41.70826,01-12-2018 00:00,3842.0,3838.187027156615,-3.8129728433850687,3.8129728433850687,14.538761904392016,0.09924447796421314,14.2,3.7,1358.8,5098.9,0.21041547300122335,52.8,913.2
325,21,svr,loso,Hail - TVTC,27.65261,41.70826,01-01-2019 00:00,3652.9,4001.14843310992,348.2484331099199,348.2484331099199,121276.97116351436,9.533478417419582,13.9,3.6,1815.2,3568.0,0.3371972061227523,39.3,911.7
326,21,svr,loso,Hail - TVTC,27.65261,41.70826,01-02-2019 00:00,4848.6,4893.854483466641,45.25448346664052,45.25448346664052,2047.9682738324404,0.9333515544000437,13.5,3.5,1713.1,5424.7,0.24000392277732635,41.7,911.5
327,21,svr,loso,Hail - TVTC,27.65261,41.70826,01-03-2019 00:00,6418.6,6469.026660438898,50.42666043889767,50.42666043889767,2542.8480830198873,0.7856333225142191,15.9,3.7,1872.9,7074.5,0.20932337885866287,27.6,909.2
328,21,svr,loso,Hail - TVTC,27.65261,41.70826,01-04-2019 00:00,6834.9,6751.981685574212,-82.91831442578768,82.91831442578768,6875.44686721379,1.2131606084330084,20.7,3.5,2247.6,6405.1,0.2597570700474996,23.6,908.6
329,21,svr,loso,Hail - TVTC,27.65261,41.70826,01-05-2019 00:00,6724.6,6777.767097387051,53.16709738705049,53.16709738705049,2826.740244564111,0.7906358353961647,29.3,3.5,2655.1,5407.0,0.3293310675878493,14.8,907.8
330,21,svr,loso,Hail - TVTC,27.65261,41.70826,01-07-2019 00:00,8184.0,7679.5984576968685,-504.40154230313146,504.40154230313146,254420.91587777773,6.163264202139925,33.7,3.1,1864.7,8552.2,0.17900719023893863,10.2,903.2
331,21,svr,loso,Hail - TVTC,27.65261,41.70826,01-08-2019 00:00,7644.2,7331.9235521878145,-312.2764478121853,312.2764478121853,97516.5798581965,4.085142301512066,33.2,3.3,1908.1,7915.6,0.1942343516190437,11.1,904.4
332,21,svr,loso,Hail - TVTC,27.65261,41.70826,01-09-2019 00:00,6659.0,6836.949132675573,177.9491326755733,177.9491326755733,31665.893819988793,2.672310146802422,33.0,3.0,2017.6,6718.7,0.23094445016769113,11.4,906.6
333,21,svr,loso,Hail - TVTC,27.65261,41.70826,01-10-2019 00:00,5007.4,5046.743112516751,39.34311251675172,39.34311251675172,1547.8805025057857,0.7856994152005377,27.4,2.8,1944.4,4869.2,0.28537043559938946,24.9,909.9
334,21,svr,loso,Hail - TVTC,27.65261,41.70826,01-11-2019 00:00,4172.4,4153.843058608684,-18.556941391315377,18.556941391315377,344.36007380071385,0.4447546110467687,18.1,3.3,1514.5,4990.9,0.2328065914471055,44.6,911.9
335,21,svr,loso,Hail - TVTC,27.65261,41.70826,01-12-2019 00:00,4280.9,4550.005167663876,269.1051676638763,269.1051676638763,72417.59126340297,6.286182056667437,13.8,3.0,973.4,6996.3,0.1221375961454007,39.3,912.0
336,21,svr,loso,Hail - TVTC,27.65261,41.70826,01-01-2020 00:00,4555.6,4554.875055760749,-0.7249442392512719,0.7249442392512719,0.5255441500236054,0.01591325487863886,10.4,3.3,1023.4,7158.7,0.1250779139829628,36.5,912.6
337,21,svr,loso,Hail - TVTC,27.65261,41.70826,01-02-2020 00:00,5484.9,5566.515288304669,81.61528830466978,81.61528830466978,6661.055285054367,1.4879995679897497,13.9,3.7,1484.5,7092.4,0.17308118317807134,33.9,911.9
338,21,svr,loso,Hail - TVTC,27.65261,41.70826,01-03-2020 00:00,6371.4,6424.938014708492,53.53801470849248,53.53801470849248,2866.3190189267575,0.8402865101624838,18.4,4.0,2168.0,6380.4,0.25361471152496373,26.2,908.6
339,21,svr,loso,Hail - TVTC,27.65261,41.70826,01-04-2020 00:00,7199.2,7126.921648814903,-72.27835118509665,72.27835118509665,5224.160050036163,1.0039775417420915,22.9,3.9,2498.0,6482.3,0.2781644265781767,24.9,907.6
340,21,svr,loso,Hail - TVTC,27.65261,41.70826,01-05-2020 00:00,7321.9,7327.11345400678,5.213454006780012,5.213454006780012,27.18010268081056,0.0712035674726507,28.9,3.6,2969.7,5666.2,0.3438784608436874,13.3,908.3
341,21,svr,loso,Hail - TVTC,27.65261,41.70826,01-09-2020 00:00,6805.0,6896.1170559129405,91.11705591294049,91.11705591294049,8302.317878241924,1.338972166244533,32.5,2.8,1980.6,7021.5,0.22001532975639015,8.9,907.5
342,21,svr,loso,Hail - TVTC,27.65261,41.70826,01-10-2020 00:00,5948.5,6026.381198349326,77.88119834932604,77.88119834932604,6065.481056327066,1.309257768333631,25.6,2.5,1173.5,8055.1,0.1271590490431918,11.7,911.6
343,21,svr,loso,Hail - TVTC,27.65261,41.70826,01-11-2020 00:00,4203.6,4113.80086051235,-89.79913948765079,89.79913948765079,8063.885452722564,2.1362436836913785,18.9,3.4,1584.9,4907.3,0.24412371769199961,43.5,911.6
344,21,svr,loso,Hail - TVTC,27.65261,41.70826,01-12-2020 00:00,3597.5,3741.845814191807,144.34581419180722,144.34581419180722,20835.714074695734,4.012392333337241,13.6,3.4,1356.6,4611.2,0.2273199504004826,52.0,913.3
345,21,svr,loso,Hail - TVTC,27.65261,41.70826,01-01-2021 00:00,4205.5,4239.502181205491,34.00218120549107,34.00218120549107,1156.1483267310502,0.8085169707642628,13.0,3.3,1441.0,5379.0,0.21129032258064517,43.9,913.5
346,21,svr,loso,Hail - TVTC,27.65261,41.70826,01-02-2021 00:00,4818.3,4910.2103560042115,91.91035600421128,91.91035600421128,8447.513540820857,1.9075266381132616,14.5,3.7,1657.8,5456.1,0.23303673090709734,41.7,912.1
347,21,svr,loso,Hail - TVTC,27.65261,41.70826,01-03-2021 00:00,6358.1,6394.504354612506,36.40435461250581,36.40435461250581,1325.2770347530732,0.5725665625344963,20.4,3.9,2499.7,5803.7,0.3010453549148541,20.8,909.7
348,21,svr,loso,Hail - TVTC,27.65261,41.70826,01-04-2021 00:00,7385.1,7394.689158842834,9.589158842833967,9.589158842833967,91.95196731310087,0.12984467160680244,24.5,3.5,2608.9,6535.3,0.2853065331029505,15.1,910.1
349,21,svr,loso,Hail - TVTC,27.65261,41.70826,01-05-2021 00:00,7637.6,7220.221196000031,-417.378803999969,417.378803999969,174205.06602844456,5.464790038755224,30.6,3.2,2423.3,6979.4,0.25772384527848385,9.9,906.7
350,21,svr,loso,Hail - TVTC,27.65261,41.70826,01-07-2021 00:00,7810.3,7749.385683096685,-60.91431690331501,60.91431690331501,3710.554003797489,0.7799228826461853,35.4,3.1,2111.9,7682.1,0.2156320196038391,9.8,902.3
351,21,svr,loso,Hail - TVTC,27.65261,41.70826,01-08-2021 00:00,7648.0,7605.204037044932,-42.79596295506781,42.79596295506781,1831.494445251536,0.5595706453329996,34.5,3.0,1929.6,7915.2,0.1960019502681619,8.7,904.5
352,21,svr,loso,Hail - TVTC,27.65261,41.70826,01-09-2021 00:00,6641.5,6720.139603400163,78.63960340016274,78.63960340016274,6184.187222934887,1.1840638921954791,31.3,2.9,2018.3,6679.7,0.23204184870085076,13.4,906.8
353,21,svr,loso,Hail - TVTC,27.65261,41.70826,01-10-2021 00:00,5596.1,5668.845874846264,72.74587484626409,72.74587484626409,5291.962307148318,1.2999387939147635,27.8,3.1,1749.6,6239.5,0.21899838529997118,15.0,910.3
354,21,svr,loso,Hail - TVTC,27.65261,41.70826,01-11-2021 00:00,4565.9,4677.8922270028625,111.99222700286282,111.99222700286282,12542.258909060756,2.452796316232568,19.1,2.9,1364.3,6071.7,0.18347229693383538,28.5,912.3
586,22,svr,loso,Jazan - University,16.96035,42.545865,01-01-2017 00:00,4845.9,4963.495596618146,117.59559661814637,117.59559661814637,13828.7243439778,2.4267029162414904,26.4,2.8,1898.2,4808.7,0.28302196245657457,75.7,1013.9
587,22,svr,loso,Jazan - University,16.96035,42.545865,01-02-2017 00:00,4480.2,6058.498333088861,1578.298333088861,1578.298333088861,2491025.6282310775,35.228300814447145,26.6,3.1,2707.0,2575.1,0.5124855644535317,73.7,1013.3
588,22,svr,loso,Jazan - University,16.96035,42.545865,01-09-2017 00:00,6127.2,5905.076748837923,-222.12325116207649,222.12325116207649,49338.73870681091,3.6251999471549237,32.8,3.0,2719.6,4304.0,0.38720883877213963,70.6,1005.7
589,22,svr,loso,Jazan - University,16.96035,42.545865,01-10-2017 00:00,5777.2,5704.794054399623,-72.40594560037698,72.40594560037698,5242.6209582847505,1.253305158214654,31.4,3.0,2056.1,5247.3,0.28152641235588904,71.2,1009.0
590,22,svr,loso,Jazan - University,16.96035,42.545865,01-11-2017 00:00,4930.5,4878.107965248262,-52.39203475173781,52.39203475173781,2744.925305427302,1.0626109877646852,29.3,2.9,1890.4,4789.9,0.2829813032348847,68.3,1011.7
591,22,svr,loso,Jazan - University,16.96035,42.545865,01-03-2018 00:00,6358.3,6010.931310478735,-347.36868952126497,347.36868952126497,120665.00645972099,5.463232145719217,28.2,3.0,2313.2,5432.7,0.29863540711860465,69.3,1010.3
592,22,svr,loso,Jazan - University,16.96035,42.545865,01-04-2018 00:00,6438.9,6355.145808477026,-83.754191522974,83.754191522974,7014.764597667009,1.3007531025947598,30.8,3.2,2756.7,4729.8,0.3682228010418753,67.3,1007.8
593,22,svr,loso,Jazan - University,16.96035,42.545865,01-05-2018 00:00,6626.3,6489.539974405838,-136.76002559416247,136.76002559416247,18703.304600515974,2.0638972819546724,32.2,3.1,3065.2,4422.6,0.4093592243382569,65.3,1005.9
594,22,svr,loso,Jazan - University,16.96035,42.545865,01-06-2018 00:00,5771.5,5823.497641102479,51.997641102479065,51.997641102479065,2703.7546802222205,0.9009380767994294,33.4,3.4,3795.9,2355.7,0.6170589765264322,64.7,1003.3
595,22,svr,loso,Jazan - University,16.96035,42.545865,01-07-2018 00:00,5564.3,5703.038788533213,138.73878853321276,138.73878853321276,19248.451443663525,2.493373623514418,33.6,3.1,3912.7,1901.7,0.6729327187671987,62.7,1003.3
596,22,svr,loso,Jazan - University,16.96035,42.545865,01-08-2018 00:00,5592.4,5636.634487701514,44.23448770151481,44.23448770151481,1956.6899022154648,0.7909750322136259,33.1,0.9,3454.5,2489.2,0.5812036273701566,66.9,1003.9
597,22,svr,loso,Jazan - University,16.96035,42.545865,01-09-2018 00:00,6013.7,5807.134060104159,-206.56593989584053,206.56593989584053,42669.487525052005,3.434922591679674,33.1,0.2,2776.4,4092.0,0.40422805893657915,68.8,1006.0
598,22,svr,loso,Jazan - University,16.96035,42.545865,01-10-2018 00:00,5312.8,5247.211192583753,-65.58880741624762,65.58880741624762,4301.891658285618,1.2345431301055492,31.0,0.0,2103.8,4681.1,0.3100708927176524,69.3,1009.9
599,22,svr,loso,Jazan - University,16.96035,42.545865,01-01-2019 00:00,4555.0,4562.410313951289,7.410313951289027,7.410313951289027,54.91275285666879,0.1626852678658403,26.5,0.0,2345.3,3542.5,0.3983321444342539,75.3,1014.3
600,22,svr,loso,Jazan - University,16.96035,42.545865,01-02-2019 00:00,5009.4,4916.857980916433,-92.54201908356663,92.54201908356663,8564.02529606321,1.8473673310888856,27.1,0.0,2780.7,3202.9,0.46472023530984685,72.5,1012.8
601,22,svr,loso,Jazan - University,16.96035,42.545865,01-03-2019 00:00,5803.7,5612.376218138867,-191.32378186113237,191.32378186113237,36604.789505646164,3.296582901616768,28.0,0.0,2850.6,3932.9,0.42022554728385053,69.4,1011.3
602,22,svr,loso,Jazan - University,16.96035,42.545865,01-04-2019 00:00,6218.7,6217.150624640075,-1.549375359924852,1.549375359924852,2.400564005942265,0.024914778971888856,30.3,0.0,2973.3,4159.3,0.41686061183860024,69.9,1008.8
603,22,svr,loso,Jazan - University,16.96035,42.545865,01-05-2019 00:00,6336.4,6281.242253002589,-55.15774699741087,55.15774699741087,3042.3770538303875,0.8704902941324864,32.9,0.0,2598.0,4736.9,0.35419705790126654,58.4,1007.0
604,22,svr,loso,Jazan - University,16.96035,42.545865,01-06-2019 00:00,5858.4,5755.484603634021,-102.91539636597827,102.91539636597827,10591.578809166413,1.75671508203568,33.8,0.0,3270.2,3108.3,0.5126910715685505,66.0,1003.7
605,22,svr,loso,Jazan - University,16.96035,42.545865,01-07-2019 00:00,5692.1,5619.629190549464,-72.47080945053676,72.47080945053676,5252.018222416009,1.2731822956472436,33.8,0.0,3737.2,2264.7,0.6226694879954681,62.9,1002.2
606,22,svr,loso,Jazan - University,16.96035,42.545865,01-08-2019 00:00,5297.0,5473.95090758006,176.95090758005972,176.95090758005972,31311.623693406837,3.340587267888611,32.4,0.0,3286.6,2389.9,0.5789835285827535,67.5,1004.8
607,22,svr,loso,Jazan - University,16.96035,42.545865,01-09-2019 00:00,5832.6,5659.281374846434,-173.31862515356624,173.31862515356624,30039.345825122407,2.971549997489391,32.5,0.0,2756.8,3856.2,0.41687585059730836,68.1,1004.9
608,22,svr,loso,Jazan - University,16.96035,42.545865,01-10-2019 00:00,5463.7,5187.522880015431,-276.1771199845689,276.1771199845689,76273.80160297095,5.054763621439115,30.9,0.0,1948.9,4979.8,0.28127931646629234,65.4,1009.4
609,22,svr,loso,Jazan - University,16.96035,42.545865,01-11-2019 00:00,4841.9,4838.539890236854,-3.360109763145374,3.360109763145374,11.29033762038486,0.06939651300409704,29.3,0.0,1881.3,4659.0,0.2876473556258887,63.9,1010.6
610,22,svr,loso,Jazan - University,16.96035,42.545865,01-12-2019 00:00,4326.8,4553.672425111432,226.87242511143177,226.87242511143177,51471.097275942215,5.243422971050933,27.8,0.0,1920.6,4072.9,0.320447151080337,60.2,1012.5
611,22,svr,loso,Jazan - University,16.96035,42.545865,01-01-2020 00:00,4546.7,4535.129137374262,-11.57086262573739,11.57086262573739,133.88486190368639,0.25448924771234943,26.3,0.3,1938.8,4213.2,0.31514954486345903,62.6,1014.6
612,22,svr,loso,Jazan - University,16.96035,42.545865,01-02-2020 00:00,4908.3,5058.921297018097,150.6212970180968,150.6212970180968,22686.77511541374,3.0687060085589066,26.8,3.2,2796.9,3092.3,0.4749201928954696,63.9,1013.8
613,22,svr,loso,Jazan - University,16.96035,42.545865,01-03-2020 00:00,5625.9,5504.18859359293,-121.71140640706926,121.71140640706926,14813.66644958678,2.1634121901752477,28.1,3.3,2985.8,3471.4,0.4623985628445766,64.9,1010.4
614,22,svr,loso,Jazan - University,16.96035,42.545865,01-04-2020 00:00,6391.6,6317.288348709555,-74.3116512904453,74.3116512904453,5522.22151751274,1.1626455236630153,30.8,3.3,2487.2,5109.0,0.32742687133040205,66.0,1008.9
615,22,svr,loso,Jazan - University,16.96035,42.545865,01-09-2020 00:00,5985.6,5838.917811398651,-146.68218860134948,146.68218860134948,21515.664452881858,2.450584546266865,32.7,2.6,2576.3,4338.2,0.37259382457155255,68.5,1004.8
616,22,svr,loso,Jazan - University,16.96035,42.545865,01-10-2020 00:00,5765.0,5595.122058833266,-169.87794116673376,169.87794116673376,28858.514895048258,2.946711902285061,31.4,2.7,1720.7,5828.1,0.2279435142009326,66.3,1009.0
617,22,svr,loso,Jazan - University,16.96035,42.545865,01-11-2020 00:00,4773.8,4734.094116058972,-39.70588394102833,39.70588394102833,1576.5572195384116,0.8317458615993198,29.5,2.8,1916.2,4469.8,0.3000626370184779,69.0,1011.9
618,22,svr,loso,Jazan - University,16.96035,42.545865,01-12-2020 00:00,4470.6,4612.552677781434,141.95267778143352,141.95267778143352,20150.562729319492,3.1752489102454593,27.6,2.6,1809.1,4512.5,0.28617754998734496,68.5,1013.1
619,22,svr,loso,Jazan - University,16.96035,42.545865,01-01-2021 00:00,4567.8,4582.227594493535,14.427594493535253,14.427594493535253,208.15548286988874,0.31585433892760745,25.9,2.5,2039.8,4135.8,0.3302998898892415,67.5,1013.5
620,22,svr,loso,Jazan - University,16.96035,42.545865,01-02-2021 00:00,4771.7,4618.8617691544205,-152.83823084557935,152.83823084557935,23359.5248080066,3.2030142474501617,26.2,2.8,2167.7,3835.3,0.3611027819423621,66.7,1012.9
621,22,svr,loso,Jazan - University,16.96035,42.545865,01-03-2021 00:00,6135.9,6070.766335075727,-65.13366492427303,65.13366492427303,4242.394306467475,1.061517706029646,28.4,2.7,2459.1,4951.1,0.3318533912714906,66.9,1010.2
622,22,svr,loso,Jazan - University,16.96035,42.545865,01-04-2021 00:00,6471.7,6361.486109785114,-110.2138902148854,110.2138902148854,12147.101596298811,1.7030129674565477,30.2,2.8,2649.0,4894.8,0.3511492881571622,65.2,1008.9
623,22,svr,loso,Jazan - University,16.96035,42.545865,01-05-2021 00:00,6409.8,6317.085398730209,-92.71460126979127,92.71460126979127,8595.997288616381,1.4464507671033615,32.3,2.6,2731.9,4649.9,0.37008588691105154,66.1,1006.3
624,22,svr,loso,Jazan - University,16.96035,42.545865,01-07-2021 00:00,5168.4,5335.755333754565,167.35533375456544,167.35533375456544,28007.80773610199,3.2380491787509764,33.0,3.2,3252.6,2258.3,0.5902121250612423,65.4,1002.7
625,22,svr,loso,Jazan - University,16.96035,42.545865,01-08-2021 00:00,5508.7,5431.653249053821,-77.04675094617869,77.04675094617869,5936.201831362487,1.3986376267754406,33.2,2.6,3038.2,2985.1,0.5044078827220959,70.0,1003.7
626,22,svr,loso,Jazan - University,16.96035,42.545865,01-09-2021 00:00,5653.7,5596.950681101414,-56.74931889858544,56.74931889858544,3220.485195453347,1.0037553973253879,32.9,2.0,2713.4,3697.1,0.42327431557600814,69.5,1004.7
627,22,svr,loso,Jazan - University,16.96035,42.545865,01-10-2021 00:00,5472.3,5340.836985682356,-131.4630143176446,131.4630143176446,17282.524133481227,2.4023356599171204,31.5,0.3,2142.3,4702.2,0.31299583607275916,70.3,1008.9
628,22,svr,loso,Jazan - University,16.96035,42.545865,01-11-2021 00:00,4887.3,4848.755209178543,-38.544790821457354,38.544790821457354,1485.700899469903,0.7886724944541434,29.7,0.0,1707.7,5022.5,0.2537368874624826,68.8,1011.3
629,22,svr,loso,Jazan - University,16.96035,42.545865,01-12-2021 00:00,4518.0,4457.839051892881,-60.16094810711911,60.16094810711911,3619.3396771474786,1.3315836234422114,27.5,0.0,1608.2,4876.1,0.24801443486575267,70.3,1013.5
1603,23,svr,loso,Jeddah - KAU,21.49604,39.24492,01-01-2017 00:00,4179.9,4275.946833346704,96.04683334670426,96.04683334670426,9224.994195929581,2.2978261046126525,25.6,3.4,1566.2,4609.3,0.2536150918953931,80.0,1007.6
1604,23,svr,loso,Jeddah - KAU,21.49604,39.24492,01-02-2017 00:00,4052.3,4120.587716413429,68.28771641342883,68.28771641342883,4663.212212960877,1.6851594505201695,24.8,4.4,2134.6,2999.4,0.41577717179587065,63.8,1007.1
1605,23,svr,loso,Jeddah - KAU,21.49604,39.24492,01-03-2017 00:00,5072.3,5023.375797634923,-48.92420236507678,48.92420236507678,2393.5775770589844,0.9645368445296371,26.8,4.1,2542.8,3507.3,0.4202905737095255,72.5,1003.5
1606,23,svr,loso,Jeddah - KAU,21.49604,39.24492,01-04-2017 00:00,5700.8,5592.433727537174,-108.3662724628266,108.3662724628266,11743.249007487571,1.9008958823818867,30.9,4.2,2830.8,3692.8,0.4339321846833037,60.5,1002.2
1607,23,svr,loso,Jeddah - KAU,21.49604,39.24492,01-05-2017 00:00,6236.0,6150.828042598746,-85.17195740125408,85.17195740125408,7254.262327561039,1.3658107344652675,33.5,4.2,2791.6,4368.0,0.3899100508408291,55.1,1000.6
1608,23,svr,loso,Jeddah - KAU,21.49604,39.24492,01-06-2017 00:00,6628.0,6507.919882079317,-120.08011792068282,120.08011792068282,14419.234719845092,1.8117096849831447,33.7,3.9,2515.2,5244.5,0.32413624238050437,65.0,996.9
1609,23,svr,loso,Jeddah - KAU,21.49604,39.24492,01-09-2017 00:00,5981.7,6118.464683300914,136.76468330091393,136.76468330091393,18704.578598399286,2.286384862178209,33.9,3.6,2723.3,4310.0,0.3872008872079963,77.9,998.8
1610,23,svr,loso,Jeddah - KAU,21.49604,39.24492,01-10-2017 00:00,5562.0,5816.159477424353,254.1594774243531,254.1594774243531,64597.03996462025,4.569569892562983,31.4,3.6,1835.5,5582.8,0.24742865616111506,85.1,1002.5
1611,23,svr,loso,Jeddah - KAU,21.49604,39.24492,01-11-2017 00:00,4469.3,4734.182473910138,264.8824739101374,264.8824739101374,70162.7249847546,5.926710534314934,29.2,3.3,1802.6,4521.0,0.28505914352583966,83.0,1005.0
1612,23,svr,loso,Jeddah - KAU,21.49604,39.24492,01-03-2018 00:00,6348.6,6432.133792650918,83.53379265091735,83.53379265091735,6977.894514646453,1.315782891518088,28.5,3.3,2259.9,5876.0,0.2777689007976991,50.1,1003.6
1613,23,svr,loso,Jeddah - KAU,21.49604,39.24492,01-04-2018 00:00,6918.0,6925.636374052294,7.6363740522938315,7.6363740522938315,58.31420866654651,0.11038412911670761,29.7,3.7,2655.6,5662.2,0.3192671139003102,46.4,1001.4
1614,23,svr,loso,Jeddah - KAU,21.49604,39.24492,01-05-2018 00:00,7145.1,7125.064481044435,-20.03551895556575,20.03551895556575,401.4220198188344,0.2804092168838189,33.4,4.0,3077.0,5216.1,0.37103133930617016,40.2,999.3
1615,23,svr,loso,Jeddah - KAU,21.49604,39.24492,01-06-2018 00:00,7049.4,7052.713997786341,3.313997786341133,3.313997786341133,10.98258132787393,0.04701106174058974,33.9,4.2,3198.7,4900.1,0.39495974712303056,46.2,997.1
1616,23,svr,loso,Jeddah - KAU,21.49604,39.24492,01-07-2018 00:00,6883.0,6860.161908334732,-22.83809166526771,22.83809166526771,521.5784309111705,0.33180432464430787,34.7,3.8,3023.7,4886.1,0.38227262383372523,44.2,997.2
1617,23,svr,loso,Jeddah - KAU,21.49604,39.24492,01-08-2018 00:00,6584.6,6582.176988162376,-2.423011837624472,2.423011837624472,5.87098636526832,0.03679816295028509,34.5,4.1,2592.3,5172.4,0.3338570711038418,50.0,997.4
1618,23,svr,loso,Jeddah - KAU,21.49604,39.24492,01-09-2018 00:00,5723.0,5846.801618085426,123.80161808542562,123.80161808542562,15326.840640569582,2.1632293916726475,33.4,3.0,3065.4,3435.0,0.47157098024736943,64.1,998.9
1619,23,svr,loso,Jeddah - KAU,21.49604,39.24492,01-10-2018 00:00,5027.9,5047.859866634678,19.959866634678292,19.959866634678292,398.3962760741437,0.39698217217284143,31.3,2.8,2094.4,4373.8,0.32379951145604646,61.2,1003.1
1620,23,svr,loso,Jeddah - KAU,21.49604,39.24492,01-11-2018 00:00,3939.4,4011.8544058612024,72.4544058612023,72.4544058612023,5249.640928699827,1.839224396131449,27.7,2.9,1792.8,3701.1,0.3263255610768307,58.3,1005.1
1621,23,svr,loso,Jeddah - KAU,21.49604,39.24492,01-12-2018 00:00,3797.9,3924.51520396658,126.61520396657988,126.61520396657988,16031.409875498626,3.333821426751096,25.7,3.7,1753.3,3762.9,0.31784561836046554,62.6,1007.5
1622,23,svr,loso,Jeddah - KAU,21.49604,39.24492,01-01-2019 00:00,3970.1,4037.823436071324,67.72343607132416,67.72343607132416,4586.463793306731,1.7058370336093338,25.1,3.4,2042.4,3345.4,0.37907865919299155,65.3,1007.5
1623,23,svr,loso,Jeddah - KAU,21.49604,39.24492,01-02-2019 00:00,4629.8,4693.773415209111,63.9734152091105,63.9734152091105,4092.5978535172503,1.3817749191997604,25.0,4.1,2151.7,3871.2,0.35725315047568446,56.0,1006.5
1624,23,svr,loso,Jeddah - KAU,21.49604,39.24492,01-03-2019 00:00,6041.3,6121.276014408557,79.9760144085567,79.9760144085567,6396.162880677668,1.3238212703980383,25.1,4.4,2348.2,5361.8,0.3045654993514915,51.9,1005.3
1625,23,svr,loso,Jeddah - KAU,21.49604,39.24492,01-04-2019 00:00,6618.6,6572.367503977436,-46.23249602256419,46.23249602256419,2137.4436884764136,0.6985237969142143,28.6,3.8,2576.9,5463.5,0.3204940052733695,49.1,1002.5
1626,23,svr,loso,Jeddah - KAU,21.49604,39.24492,01-05-2019 00:00,6524.3,6381.7459244627,-142.55407553730038,142.55407553730038,20321.664452294342,2.1849711928835336,33.6,2.6,2746.2,4804.7,0.3636917453548584,43.8,1000.3
1627,23,svr,loso,Jeddah - KAU,21.49604,39.24492,01-06-2019 00:00,6589.8,6521.27747252355,-68.5225274764498,68.5225274764498,4695.336771760817,1.0398271188268202,34.9,4.5,3057.6,4456.4,0.40692041522491346,43.8,997.4
1628,23,svr,loso,Jeddah - KAU,21.49604,39.24492,01-07-2019 00:00,6880.8,6838.733434459621,-42.06656554037909,42.06656554037909,1769.5959363630093,0.6113615501159616,34.9,4.2,2642.1,5472.3,0.3256063294883171,43.7,996.2
1629,23,svr,loso,Jeddah - KAU,21.49604,39.24492,01-08-2019 00:00,6475.4,6433.11578382872,-42.284216171279695,42.284216171279695,1787.9549372195113,0.6529977479581137,34.1,3.7,2437.3,5252.1,0.31696881421177203,54.8,998.0
1630,23,svr,loso,Jeddah - KAU,21.49604,39.24492,01-09-2019 00:00,5790.5,5696.604411328481,-93.89558867151936,93.89558867151936,8816.381571971155,1.6215454394528859,32.9,3.7,2502.0,4294.4,0.36813607203813786,61.3,998.2
1631,23,svr,loso,Jeddah - KAU,21.49604,39.24492,01-10-2019 00:00,5083.3,5183.169708981017,99.86970898101663,99.86970898101663,9973.958771952954,1.9646628957766927,31.6,2.7,2204.6,4315.5,0.3381236484103004,62.8,1002.5
1632,23,svr,loso,Jeddah - KAU,21.49604,39.24492,01-11-2019 00:00,4252.7,4270.597237666339,17.897237666339606,17.897237666339606,320.3111160854452,0.4208441147115857,29.2,2.8,1605.0,4497.7,0.2629983449948384,59.6,1003.8
1633,23,svr,loso,Jeddah - KAU,21.49604,39.24492,01-12-2019 00:00,4059.6,4079.3353809291325,19.73538092913259,19.73538092913259,389.48526041797027,0.48614102200050713,25.7,4.0,1565.7,4614.5,0.25334131581502217,57.4,1006.5
1634,23,svr,loso,Jeddah - KAU,21.49604,39.24492,01-01-2020 00:00,4583.7,4505.606228638419,-78.09377136158037,78.09377136158037,6098.63712547479,1.703727804210144,22.6,4.4,1415.2,5733.1,0.1979771414182393,52.3,1009.2
1635,23,svr,loso,Jeddah - KAU,21.49604,39.24492,01-02-2020 00:00,4780.0,4762.15759699805,-17.842403001949606,17.842403001949606,318.3513448839803,0.37327202932948966,23.9,3.9,2208.5,4053.1,0.35270537881691577,58.5,1007.7
1636,23,svr,loso,Jeddah - KAU,21.49604,39.24492,01-03-2020 00:00,5935.3,5908.632537400558,-26.667462599441933,26.667462599441933,711.1535614926343,0.44930269067177625,25.7,4.0,2378.5,4998.4,0.32242540904716077,57.1,1003.9
1637,23,svr,loso,Jeddah - KAU,21.49604,39.24492,01-04-2020 00:00,6537.0,6159.545703281659,-377.45429671834063,377.45429671834063,142471.74611113712,5.774121106292498,28.2,3.3,2184.2,5974.0,0.26773062685396287,54.4,1002.7
1638,23,svr,loso,Jeddah - KAU,21.49604,39.24492,01-05-2020 00:00,6427.6,6493.0944661401545,65.49446614015415,65.49446614015415,4289.525094983798,1.01895678231617,31.9,3.8,2462.4,5198.2,0.3214369631621544,48.8,1000.7
1639,23,svr,loso,Jeddah - KAU,21.49604,39.24492,01-09-2020 00:00,5847.3,5868.87003122009,21.57003122008973,21.57003122008973,465.2662468356457,0.36888873873565114,34.2,2.7,2430.1,4579.5,0.3466816936772426,60.5,997.6
1640,23,svr,loso,Jeddah - KAU,21.49604,39.24492,01-10-2020 00:00,5407.9,5444.350680079049,36.45068007904956,36.45068007904956,1328.6520782252205,0.6740265182242564,32.3,2.3,1707.8,5708.9,0.23026413364434317,52.5,1002.1
1641,23,svr,loso,Jeddah - KAU,21.49604,39.24492,01-11-2020 00:00,4208.8,4114.505856083417,-94.29414391658338,94.29414391658338,8891.385576961338,2.240404483857237,28.5,3.4,1550.9,4592.0,0.25247033160233767,64.0,1005.1
1642,23,svr,loso,Jeddah - KAU,21.49604,39.24492,01-12-2020 00:00,3885.5,3854.4126521501025,-31.08734784989747,31.08734784989747,966.4231963405248,0.80008616265339,26.5,3.1,1687.9,4103.0,0.29147455490510976,60.3,1006.3
1643,23,svr,loso,Jeddah - KAU,21.49604,39.24492,01-01-2021 00:00,4281.3,4234.551411680068,-46.74858831993242,46.74858831993242,2185.4305099065223,1.0919250769610263,25.4,3.3,1719.6,4525.4,0.2753562850280224,61.7,1006.7
1644,23,svr,loso,Jeddah - KAU,21.49604,39.24492,01-02-2021 00:00,4820.6,4718.064264933858,-102.53573506614248,102.53573506614248,10513.57696555416,2.127032632164927,24.7,3.7,1769.2,4875.9,0.26624129057501017,60.2,1006.5
1645,23,svr,loso,Jeddah - KAU,21.49604,39.24492,01-09-2021 00:00,5596.1,5560.003677986975,-36.0963220130252,36.0963220130252,1302.9444628680078,0.6450263936138597,32.6,4.0,2585.6,3944.4,0.3959571209800919,66.2,998.3
1646,23,svr,loso,Jeddah - KAU,21.49604,39.24492,01-10-2021 00:00,5173.6,5243.772927882635,70.17292788263421,70.17292788263421,4924.239807621382,1.3563655458990684,30.9,0.7,1797.1,5048.1,0.26253433062584,69.1,1002.3
1647,23,svr,loso,Jeddah - KAU,21.49604,39.24492,01-11-2021 00:00,4184.6,4320.441746147049,135.84174614704898,135.84174614704898,18452.979996279297,3.246230133036586,28.4,0.0,1386.1,4797.1,0.22417194979945654,67.6,1004.8
1648,23,svr,loso,Jeddah - KAU,21.49604,39.24492,01-12-2021 00:00,3625.7,3677.9169379306936,52.2169379306938,52.2169379306938,2726.6086068579293,1.440189147769915,26.1,0.0,1689.8,3558.4,0.32197705880111277,66.8,1007.0
41,24,svr,loso,Layla - TVTC,22.27948,46.73319,01-01-2017 00:00,4876.1,4862.463946766973,-13.636053233027269,13.636053233027269,185.94194777395344,0.27965081177636364,18.6,2.3,1507.6,6091.5,0.19839191483201957,32.7,954.8
42,24,svr,loso,Layla - TVTC,22.27948,46.73319,01-02-2017 00:00,4616.1,4652.620984476509,36.5209844765086,36.5209844765086,1333.7823071333823,0.7911653663592341,16.9,2.5,2531.8,3249.8,0.4379064618790646,44.6,955.1
43,24,svr,loso,Layla - TVTC,22.27948,46.73319,01-03-2017 00:00,5561.4,5543.355839224927,-18.04416077507267,18.04416077507267,325.5917380766711,0.32445356879693366,24.2,2.9,2994.1,3519.2,0.4596901724164402,42.2,949.9
44,24,svr,loso,Layla - TVTC,22.27948,46.73319,01-04-2017 00:00,7234.4,7326.487419519873,92.08741951987304,92.08741951987304,8480.092833829094,1.2729102554444465,30.7,2.5,2940.1,5645.8,0.3424335247324101,18.9,949.4
45,24,svr,loso,Layla - TVTC,22.27948,46.73319,01-05-2017 00:00,7183.5,7174.073134179291,-9.426865820709281,9.426865820709281,88.86579920165687,0.13122942605567317,35.5,2.4,3519.0,4607.1,0.43304906412670285,17.6,946.3
46,24,svr,loso,Layla - TVTC,22.27948,46.73319,01-06-2017 00:00,7708.1,7534.232028024524,-173.8679719754764,173.8679719754764,30230.071678865046,2.2556527805227797,37.8,2.7,3129.9,5882.6,0.3472843273231623,9.8,942.4
47,24,svr,loso,Layla - TVTC,22.27948,46.73319,01-09-2017 00:00,7081.8,6970.217147950537,-111.58285204946333,111.58285204946333,12450.732871492422,1.5756284002578909,35.2,2.3,2113.6,6908.4,0.23427178009310573,12.0,945.2
48,24,svr,loso,Layla - TVTC,22.27948,46.73319,01-10-2017 00:00,6346.5,6340.166499258673,-6.333500741327043,6.333500741327043,40.113231640390204,0.09979517436897571,30.2,2.1,1599.1,7406.4,0.1775692632280273,17.5,950.2
49,24,svr,loso,Layla - TVTC,22.27948,46.73319,01-11-2017 00:00,5221.3,5231.027945639014,9.727945639014251,9.727945639014251,94.63292635561639,0.18631271214092757,23.5,2.0,1532.9,6449.1,0.1920446003507893,33.0,953.4
50,24,svr,loso,Layla - TVTC,22.27948,46.73319,01-03-2018 00:00,6698.7,6626.0728427642425,-72.6271572357573,72.6271572357573,5274.703968147413,1.0841977881642304,25.9,2.6,2424.9,6159.7,0.28247093632784287,22.2,950.9
51,24,svr,loso,Layla - TVTC,22.27948,46.73319,01-04-2018 00:00,6787.2,6632.975172466961,-154.22482753303848,154.22482753303848,23785.297427595462,2.27228942027697,28.6,3.1,3720.5,3832.4,0.49259224933469264,30.9,948.0
52,24,svr,loso,Layla - TVTC,22.27948,46.73319,01-05-2018 00:00,7406.8,7143.572625619043,-263.2273743809574,263.2273743809574,69288.6506234927,3.5538609707425257,33.3,2.8,3444.5,5047.0,0.40564093505269977,17.9,946.1
53,24,svr,loso,Layla - TVTC,22.27948,46.73319,01-06-2018 00:00,7584.6,7376.463566264324,-208.1364337356763,208.1364337356763,43320.77504820557,2.744197897524936,37.8,2.6,3746.8,4811.7,0.4377869953847053,12.2,941.7
54,24,svr,loso,Layla - TVTC,22.27948,46.73319,01-07-2018 00:00,7466.0,7403.87746203132,-62.12253796868026,62.12253796868026,3859.2097236701206,0.8320725685598749,38.9,2.7,3551.7,4934.3,0.41853641291539,10.9,939.0
55,24,svr,loso,Layla - TVTC,22.27948,46.73319,01-08-2018 00:00,7273.2,7121.470023513221,-151.72997648677847,151.72997648677847,23021.985764678346,2.086151576840709,38.0,2.8,3072.9,5420.4,0.36180283282116493,13.1,940.5
56,24,svr,loso,Layla - TVTC,22.27948,46.73319,01-09-2018 00:00,6883.2,6851.511634256186,-31.688365743813847,31.688365743813847,1004.1525235137149,0.460372584609104,36.0,2.4,2311.1,6303.5,0.2682771109511759,14.7,945.1
57,24,svr,loso,Layla - TVTC,22.27948,46.73319,01-10-2018 00:00,5925.0,5976.720174904092,51.720174904092346,51.720174904092346,2674.9764921099036,0.8729143443728666,29.4,2.3,1934.9,6075.4,0.24155150244060775,29.1,951.2
58,24,svr,loso,Layla - TVTC,22.27948,46.73319,01-11-2018 00:00,4780.8,4784.461479916371,3.6614799163708085,3.6614799163708085,13.406435177986783,0.07658718031230774,23.6,2.7,1932.0,4908.4,0.28243962341383544,41.1,953.2
59,24,svr,loso,Layla - TVTC,22.27948,46.73319,01-12-2018 00:00,4692.0,4662.657973476271,-29.342026523729146,29.342026523729146,860.9545205192247,0.6253628841374499,19.0,2.2,1472.6,6052.0,0.19570475507003693,45.1,955.5
60,24,svr,loso,Layla - TVTC,22.27948,46.73319,01-01-2019 00:00,4759.5,4867.262531081002,107.76253108100173,107.76253108100173,11612.763104983864,2.264156551759675,18.4,2.5,2151.3,4667.5,0.31549539508417906,34.2,955.3
61,24,svr,loso,Layla - TVTC,22.27948,46.73319,01-02-2019 00:00,5422.8,5427.226475335737,4.426475335736541,4.426475335736541,19.59368389788392,0.08162711764653945,19.4,2.8,2465.4,4623.9,0.3477635309551014,32.3,953.5
62,24,svr,loso,Layla - TVTC,22.27948,46.73319,01-03-2019 00:00,6304.4,6275.869763783117,-28.53023621688226,28.53023621688226,813.9743785911,0.45254482927609707,22.9,2.7,3166.7,4375.8,0.4198475306595956,24.4,950.8
63,24,svr,loso,Layla - TVTC,22.27948,46.73319,01-04-2019 00:00,6610.5,6603.467688782059,-7.032311217941242,7.032311217941242,49.453401065982234,0.10638092758401396,27.4,2.4,3325.2,4240.9,0.4394866575910971,33.1,949.0
64,24,svr,loso,Layla - TVTC,22.27948,46.73319,01-05-2019 00:00,6704.8,6719.32002957386,14.520029573859574,14.520029573859574,210.83125882575663,0.21656171062312932,33.6,2.4,3436.5,4137.9,0.4536993029150824,20.8,947.0
65,24,svr,loso,Layla - TVTC,22.27948,46.73319,01-06-2019 00:00,7413.6,7344.431593983912,-69.16840601608874,69.16840601608874,4784.268390806501,0.9329934986523246,38.1,2.4,2893.3,5815.2,0.33223861744272837,11.8,942.6
66,24,svr,loso,Layla - TVTC,22.27948,46.73319,01-07-2019 00:00,7562.4,7409.012325894637,-153.38767410536275,153.38767410536275,23527.77856745297,2.0282935854406374,38.7,2.7,3026.4,5803.0,0.3427639477201169,11.6,939.5
67,24,svr,loso,Layla - TVTC,22.27948,46.73319,01-08-2019 00:00,7529.1,7638.341209600639,109.24120960063829,109.24120960063829,11933.641875010586,1.450919892160262,38.0,2.3,2532.8,6574.1,0.27811878905006093,12.1,941.0
68,24,svr,loso,Layla - TVTC,22.27948,46.73319,01-09-2019 00:00,6903.7,6897.80786569368,-5.8921343063202585,5.8921343063202585,34.71724668371611,0.08534748477367585,35.5,2.4,2127.3,6621.3,0.24315890542486798,16.9,944.7
69,24,svr,loso,Layla - TVTC,22.27948,46.73319,01-10-2019 00:00,6062.9,6117.715672904436,54.815672904436724,54.815672904436724,3004.7579959661985,0.9041163948677485,30.9,2.0,1746.7,6659.7,0.2077821659687857,21.8,949.6
70,24,svr,loso,Layla - TVTC,22.27948,46.73319,01-11-2019 00:00,4899.4,4735.205287713547,-164.19471228645307,164.19471228645307,26959.903542831104,3.351322861706598,22.7,2.0,1723.7,5485.0,0.23911384854412032,41.9,953.3
71,24,svr,loso,Layla - TVTC,22.27948,46.73319,01-12-2019 00:00,4472.2,4487.575723609721,15.375723609720808,15.375723609720808,236.41287652252586,0.34380670832522714,18.8,2.3,1374.2,5895.9,0.18902078375813264,43.1,954.4
72,24,svr,loso,Layla - TVTC,22.27948,46.73319,01-01-2020 00:00,5040.7,5050.643878149639,9.943878149639204,9.943878149639204,98.880712654872,0.19727177077864588,16.3,2.4,1473.9,6498.5,0.18487531985349456,35.5,955.1
73,24,svr,loso,Layla - TVTC,22.27948,46.73319,01-02-2020 00:00,5617.1,5696.9381023419855,79.83810234198518,79.83810234198518,6374.122585569299,1.421340235032048,19.8,2.6,2383.7,5143.7,0.3166697664532242,25.9,954.4
74,24,svr,loso,Layla - TVTC,22.27948,46.73319,01-03-2020 00:00,6578.6,6675.903744840238,97.30374484023741,97.30374484023741,9468.01875993403,1.4790950177885478,24.3,2.6,3107.7,4811.8,0.392411137066734,23.7,949.9
75,24,svr,loso,Layla - TVTC,22.27948,46.73319,01-04-2020 00:00,6680.1,6677.007657835585,-3.0923421644156406,3.0923421644156406,9.562580061822809,0.04629185437965959,29.2,2.7,3371.3,4290.1,0.44003706894301303,34.9,948.0
76,24,svr,loso,Layla - TVTC,22.27948,46.73319,01-05-2020 00:00,7397.1,7357.421584239325,-39.67841576067531,39.67841576067531,1574.3766772770066,0.5364050203549405,34.1,2.6,3319.9,5199.9,0.38966877156740776,16.1,946.8
77,24,svr,loso,Layla - TVTC,22.27948,46.73319,01-09-2020 00:00,7018.5,7090.067884805409,71.56788480540945,71.56788480540945,5121.962135520356,1.0197034238855802,35.0,2.2,2071.4,6883.4,0.23131728235136467,14.4,944.7
78,24,svr,loso,Layla - TVTC,22.27948,46.73319,01-10-2020 00:00,6364.6,6332.789405124122,-31.81059487587845,31.81059487587845,1011.9139463572643,0.4998050918498955,28.0,2.2,1289.4,8065.7,0.1378285640987269,17.0,950.6
79,24,svr,loso,Layla - TVTC,22.27948,46.73319,01-11-2020 00:00,5140.4,5125.4150061804885,-14.984993819511146,14.984993819511146,224.55003977078727,0.29151415881081527,23.2,2.0,1265.0,6865.6,0.1555850736722997,34.8,953.5
80,24,svr,loso,Layla - TVTC,22.27948,46.73319,01-12-2020 00:00,4621.5,4614.827094060734,-6.672905939265547,6.672905939265547,44.52767367428542,0.1443883141678145,18.0,2.3,1407.7,6100.6,0.1874858489937802,44.0,955.6
81,24,svr,loso,Layla - TVTC,22.27948,46.73319,01-01-2021 00:00,4847.6,4831.523935291001,-16.076064708999183,16.076064708999183,258.439856527929,0.33162935698075713,17.1,2.1,1504.9,6045.3,0.19931922333183227,36.7,955.8
82,24,svr,loso,Layla - TVTC,22.27948,46.73319,01-02-2021 00:00,5678.9,5718.179066156474,39.27906615647407,39.27906615647407,1542.8450381246669,0.6916668044246963,19.6,2.6,1881.4,6161.0,0.23393514373818763,31.9,953.9
83,24,svr,loso,Layla - TVTC,22.27948,46.73319,01-03-2021 00:00,6715.8,6853.833921459283,138.0339214592832,138.0339214592832,19053.363473427562,2.0553608126996514,25.6,2.7,2776.8,5583.3,0.3321491369720458,18.4,950.8
84,24,svr,loso,Layla - TVTC,22.27948,46.73319,01-04-2021 00:00,7200.0,7116.374420004078,-83.62557999592173,83.62557999592173,6993.237629654304,1.161466388832246,29.8,2.3,2991.0,5516.0,0.35159280592453274,15.4,949.1
85,24,svr,loso,Layla - TVTC,22.27948,46.73319,01-05-2021 00:00,7908.5,7756.14038190217,-152.3596180978302,152.3596180978302,23213.45322691667,1.9265299120924346,35.3,2.1,2868.5,6453.2,0.30772284025446,11.3,944.8
86,24,svr,loso,Layla - TVTC,22.27948,46.73319,01-07-2021 00:00,7298.5,7246.434947013665,-52.065052986335104,52.065052986335104,2710.7697424698817,0.7133664860770721,37.9,2.4,3041.2,5476.1,0.35706151010296694,22.0,938.4
87,24,svr,loso,Layla - TVTC,22.27948,46.73319,01-08-2021 00:00,7328.8,7369.8399471743005,41.03994717430032,41.03994717430032,1684.277264069361,0.5599818138617553,38.3,2.5,2865.8,5796.8,0.3308244637868538,14.4,941.1
88,24,svr,loso,Layla - TVTC,22.27948,46.73319,01-09-2021 00:00,7008.4,7156.351224683997,147.95122468399768,147.95122468399768,21889.564885494765,2.111055657268388,34.3,2.5,2223.0,6629.5,0.2511155040948885,14.4,944.2
89,24,svr,loso,Layla - TVTC,22.27948,46.73319,01-10-2021 00:00,6124.2,6137.259280907162,13.059280907162247,13.059280907162247,170.5448178121724,0.21324060133833395,30.4,2.3,1722.3,6798.2,0.20213602488116894,20.8,950.0
90,24,svr,loso,Layla - TVTC,22.27948,46.73319,01-11-2021 00:00,5205.4,5234.201749937937,28.80174993793753,28.80174993793753,829.5407994874845,0.5533052203084784,24.0,1.9,1438.3,6557.9,0.179872939646332,28.4,953.1
91,24,svr,loso,Layla - TVTC,22.27948,46.73319,01-12-2021 00:00,4724.3,4667.741573976916,-56.558426023084394,56.558426023084394,3198.85555420871,1.1971810855171008,18.4,1.7,1425.4,6196.0,0.18702600572073375,37.4,955.3
355,25,svr,loso,Madinah - Taibah University,24.4846,39.5418,01-01-2017 00:00,4222.1,3825.1994300706046,-396.9005699293957,396.9005699293957,157530.06241027915,9.400548777371348,20.8,2.6,1233.5,5525.1,0.1825082117598319,29.3,942.8
356,25,svr,loso,Madinah - Taibah University,24.4846,39.5418,01-02-2017 00:00,4885.0,4604.427528678573,-280.57247132142675,280.57247132142675,78720.91166341283,5.743551101769227,19.0,3.4,1754.9,5120.1,0.25525818181818183,26.1,943.0
357,25,svr,loso,Madinah - Taibah University,24.4846,39.5418,01-03-2017 00:00,5364.2,5287.422099657856,-76.77790034214377,76.77790034214377,5894.84598094816,1.4313019712565485,24.7,2.8,2255.1,4567.7,0.33052412499267164,22.9,938.5
358,25,svr,loso,Madinah - Taibah University,24.4846,39.5418,01-04-2017 00:00,6008.7,5959.167764061102,-49.53223593889743,49.53223593889743,2453.442397106602,0.824341969792092,31.1,3.3,2710.5,4359.3,0.3833913264873122,14.2,938.7
359,25,svr,loso,Madinah - Taibah University,24.4846,39.5418,01-05-2017 00:00,6402.0,6386.709152971992,-15.290847028008102,15.290847028008102,233.8100028339442,0.23884484579831464,33.5,3.2,2688.4,4873.5,0.3555191155661937,16.9,937.3
360,25,svr,loso,Madinah - Taibah University,24.4846,39.5418,01-09-2017 00:00,6414.2,6361.587412632734,-52.612587367265405,52.612587367265405,2768.084349478135,0.8202517440563969,36.7,2.7,2421.1,5438.2,0.30805542478337766,10.7,936.4
361,25,svr,loso,Madinah - Taibah University,24.4846,39.5418,01-10-2017 00:00,5871.0,5910.368147589343,39.3681475893427,39.3681475893427,1549.8510446162693,0.6705526756828939,32.0,2.2,1478.9,6881.4,0.17689556594859038,14.9,939.1
362,25,svr,loso,Madinah - Taibah University,24.4846,39.5418,01-11-2017 00:00,4467.8,4416.637398384251,-51.16260161574883,51.16260161574883,2617.6118040918245,1.1451408213382162,25.8,2.1,1559.4,5081.5,0.23481756990769326,31.9,941.1
363,25,svr,loso,Madinah - Taibah University,24.4846,39.5418,01-03-2018 00:00,6500.1,6594.111919357314,94.01191935731367,94.01191935731367,8838.24098124605,1.4463149698822122,27.9,2.0,1970.9,6658.6,0.22839098441392897,17.7,939.6
364,25,svr,loso,Madinah - Taibah University,24.4846,39.5418,01-04-2018 00:00,7350.0,7431.932516003799,81.93251600379881,81.93251600379881,6712.937178712748,1.114728108895222,28.9,2.5,2356.2,6789.1,0.25764053666910874,17.9,937.0
365,25,svr,loso,Madinah - Taibah University,24.4846,39.5418,01-05-2018 00:00,7147.6,7234.315846191253,86.71584619125224,86.71584619125224,7519.637980664916,1.2132162710735384,33.4,2.7,3111.0,5224.7,0.3732140072219489,14.6,936.4
366,25,svr,loso,Madinah - Taibah University,24.4846,39.5418,01-06-2018 00:00,7666.6,7488.3427295040265,-178.2572704959739,178.2572704959739,31775.654484674807,2.325115050947929,37.1,2.8,2342.5,7021.4,0.25016285949230554,9.8,934.3
367,25,svr,loso,Madinah - Taibah University,24.4846,39.5418,01-12-2018 00:00,4058.1,3821.6580865047063,-236.44191349529365,236.44191349529365,55904.77845731592,5.826419099955488,20.6,1.8,1306.6,5278.1,0.19842969307637398,43.9,943.0
368,25,svr,loso,Madinah - Taibah University,24.4846,39.5418,01-01-2019 00:00,3951.3,3986.6317689420084,35.33176894200824,35.33176894200824,1248.333896571458,0.8941808757119996,20.2,2.0,1825.2,3850.2,0.32159847764034255,43.2,942.5
369,25,svr,loso,Madinah - Taibah University,24.4846,39.5418,01-02-2019 00:00,4928.8,4865.291876726819,-63.5081232731809,63.5081232731809,4033.2817216815415,1.2885108601116073,19.7,2.3,1636.1,5366.0,0.23365847388640548,34.2,942.0
370,25,svr,loso,Madinah - Taibah University,24.4846,39.5418,01-03-2019 00:00,6546.7,6296.723777387711,-249.97622261228844,249.97622261228844,62488.11187150839,3.818354630764942,22.0,2.5,1678.1,7233.4,0.1883072434494754,23.0,940.4
371,25,svr,loso,Madinah - Taibah University,24.4846,39.5418,01-04-2019 00:00,6879.1,6921.889299220687,42.78929922068619,42.78929922068619,1830.9241277974156,0.6220188574186476,27.1,2.5,2332.0,6259.7,0.2714247471396813,20.0,938.6
372,25,svr,loso,Madinah - Taibah University,24.4846,39.5418,01-05-2019 00:00,6784.8,6815.497685172577,30.697685172576712,30.697685172576712,942.3478749546362,0.45244790078671016,33.7,2.4,2539.7,5503.5,0.31575740998607515,15.4,937.1
373,25,svr,loso,Madinah - Taibah University,24.4846,39.5418,01-07-2019 00:00,7652.5,7631.839358333476,-20.66064166652359,20.66064166652359,426.8621140724906,0.26998551671380056,36.6,3.0,2073.5,7454.2,0.2176285987174239,12.1,932.9
374,25,svr,loso,Madinah - Taibah University,24.4846,39.5418,01-11-2019 00:00,4642.0,4739.208044378264,97.20804437826428,97.20804437826428,9449.403891846598,2.0940983278385237,25.4,2.0,1378.9,5787.4,0.19241449562535762,31.5,940.6
375,25,svr,loso,Madinah - Taibah University,24.4846,39.5418,01-09-2020 00:00,6649.2,6787.172300690427,137.9723006904269,137.9723006904269,19036.35575780957,2.07502106554814,36.4,2.1,2010.6,6596.9,0.2335869880917804,9.2,936.0
376,25,svr,loso,Madinah - Taibah University,24.4846,39.5418,01-01-2021 00:00,4856.0,4939.835131842753,83.83513184275307,83.83513184275307,7028.32933109179,1.7264236376184734,20.3,2.0,1812.8,5565.0,0.24571010328282142,31.5,943.0
377,25,svr,loso,Madinah - Taibah University,24.4846,39.5418,01-04-2021 00:00,7540.0,7580.9091442539675,40.9091442539675,40.9091442539675,1673.5580835919218,0.5425615948802055,29.8,2.6,2805.7,6357.5,0.3061921599441243,15.7,939.1
378,25,svr,loso,Madinah - Taibah University,24.4846,39.5418,01-10-2021 00:00,5769.9,5866.028396281118,96.12839628111851,96.12839628111851,9240.66857157976,1.6660322757953954,32.9,1.7,1698.3,6348.0,0.2110659557809179,12.4,939.3
468,26,svr,loso,Mahd ad Dahab,23.419423,40.743138,01-04-2021 00:00,6614.9,6449.12594732786,-165.77405267214,165.77405267214,27481.03653934544,2.506070426947346,26.5,3.3,2715.3,5076.9,0.3484638484638485,25.5,904.0
469,26,svr,loso,Mahd ad Dahab,23.419423,40.743138,01-07-2021 00:00,6812.8,6455.083537212614,-357.71646278738626,357.71646278738626,127961.0677491195,5.250652636029037,34.7,4.2,3481.0,4221.5,0.4519311911716975,20.9,897.5
470,26,svr,loso,Mahd ad Dahab,23.419423,40.743138,01-08-2021 00:00,6508.0,6354.283955924072,-153.71604407592804,153.71604407592804,23628.62220635265,2.361955194774555,34.7,3.3,2185.4,5636.9,0.27938074479373076,19.4,899.4
471,26,svr,loso,Mahd ad Dahab,23.419423,40.743138,01-09-2021 00:00,6019.7,5915.735700316199,-103.96429968380107,103.96429968380107,10808.5756087432,1.7270677888233812,32.8,2.9,2329.5,4973.0,0.31900034234851077,19.1,900.9
472,26,svr,loso,Mahd ad Dahab,23.419423,40.743138,01-10-2021 00:00,5795.7,5825.169224800508,29.469224800508528,29.469224800508528,868.4352103429069,0.5084670497180415,28.6,2.4,1604.5,6522.6,0.1974258960760911,20.4,904.8
473,26,svr,loso,Mahd ad Dahab,23.419423,40.743138,01-11-2021 00:00,4780.9,4792.377805498376,11.477805498376256,11.477805498376256,131.74001905855621,0.24007625129946783,22.7,2.5,1246.2,6306.3,0.1650049652432969,29.0,905.9
474,26,svr,loso,Mahd ad Dahab,23.419423,40.743138,01-12-2021 00:00,4056.8,3982.0521579348137,-74.74784206518643,74.74784206518643,5587.239893402054,1.8425320958683304,18.5,2.6,1470.4,5001.9,0.2271835359918422,40.9,906.8
1320,27,svr,loso,Majmaah - University,25.85891,45.41889,01-01-2017 00:00,4179.1,4233.1459868777865,54.04598687778616,54.04598687778616,2920.968697593834,1.2932446430520006,14.0,3.1,1611.9,4846.9,0.2495664829380071,40.7,936.6
1321,27,svr,loso,Majmaah - University,25.85891,45.41889,01-02-2017 00:00,4783.2,4639.1066672862235,-144.09333271377636,144.09333271377636,20762.888532563054,3.012488140027102,12.6,3.3,1949.1,4732.1,0.2917290307130455,39.6,937.0
1322,27,svr,loso,Majmaah - University,25.85891,45.41889,01-03-2017 00:00,4958.5,5084.048606603413,125.54860660341274,125.54860660341274,15762.452620058491,2.53198762939221,20.4,4.2,2868.3,3001.6,0.488645462443994,40.8,932.1
1323,27,svr,loso,Majmaah - University,25.85891,45.41889,01-04-2017 00:00,6331.3,6336.9386668070765,5.6386668070763335,5.6386668070763335,31.794563361224412,0.08906017416764857,27.1,3.7,3386.2,3876.1,0.4662710160692894,25.8,932.5
1324,27,svr,loso,Majmaah - University,25.85891,45.41889,01-05-2017 00:00,6955.8,6897.932981889939,-57.86701811006151,57.86701811006151,3348.5917849501866,0.8319246975195017,32.4,3.3,3634.7,4113.2,0.4691206649543747,19.4,929.8
1325,27,svr,loso,Majmaah - University,25.85891,45.41889,01-06-2017 00:00,7907.4,7700.666492780061,-206.73350721993847,206.73350721993847,42738.74300745635,2.614430877658124,34.9,3.0,2535.3,7085.1,0.2635337408007983,10.0,926.7
1326,27,svr,loso,Majmaah - University,25.85891,45.41889,01-09-2017 00:00,6766.3,6655.6965298460555,-110.60347015394473,110.60347015394473,12233.127610094542,1.6346226172937164,32.7,2.5,2161.9,6542.7,0.24836293454035796,10.3,929.3
1327,27,svr,loso,Majmaah - University,25.85891,45.41889,01-10-2017 00:00,5844.2,5750.898103791329,-93.30189620867077,93.30189620867077,8705.243836133573,1.5964870505573179,28.1,2.7,1768.2,6498.1,0.21390464899652806,15.7,932.9
1328,27,svr,loso,Majmaah - University,25.85891,45.41889,01-11-2017 00:00,4333.5,4244.0915349463585,-89.40846505364152,89.40846505364152,7993.873623248237,2.0631929168949235,20.3,2.8,1633.2,4861.8,0.2514549653579677,34.6,935.5
1329,27,svr,loso,Majmaah - University,25.85891,45.41889,01-03-2018 00:00,6130.1,6182.707716295848,52.60771629584724,52.60771629584724,2767.571813864351,0.8581869185795865,23.7,3.4,2598.0,5142.9,0.3356198891601752,26.2,933.4
1330,27,svr,loso,Majmaah - University,25.85891,45.41889,01-04-2018 00:00,6129.9,6003.96265078195,-125.93734921804935,125.93734921804935,15860.215928068916,2.054476406108572,24.4,3.7,3363.6,3562.8,0.48562023562023565,39.6,930.6
1331,27,svr,loso,Majmaah - University,25.85891,45.41889,01-05-2018 00:00,7065.5,6995.081384320019,-70.41861567998058,70.41861567998058,4958.781434284806,0.9966543865258024,30.8,3.7,3902.2,3921.6,0.49876019325647386,21.9,929.4
1332,27,svr,loso,Majmaah - University,25.85891,45.41889,01-06-2018 00:00,7908.9,7756.680551512828,-152.21944848717158,152.21944848717158,23170.76049773868,1.9246601738190088,35.1,3.3,2888.6,6422.5,0.31023187378505224,13.7,926.0
1333,27,svr,loso,Majmaah - University,25.85891,45.41889,01-07-2018 00:00,7835.9,7765.24184308445,-70.65815691554963,70.65815691554963,4992.575138702433,0.9017235660938708,35.6,3.4,2710.9,6677.0,0.28876532557867046,12.5,923.8
1334,27,svr,loso,Majmaah - University,25.85891,45.41889,01-08-2018 00:00,7566.4,7522.0030872229545,-44.396912777045145,44.396912777045145,1971.0858641325544,0.5867640195739737,34.7,3.0,2030.7,7539.3,0.21219435736677117,13.9,925.3
1335,27,svr,loso,Majmaah - University,25.85891,45.41889,01-09-2018 00:00,6466.1,6473.64332765619,7.543327656189831,7.543327656189831,56.90179212863837,0.11665961949536552,34.3,2.5,2471.2,5573.8,0.307172156619018,13.8,929.3
1336,27,svr,loso,Majmaah - University,25.85891,45.41889,01-10-2018 00:00,5257.5,5099.738363414091,-157.7616365859094,157.7616365859094,24888.733978264547,3.0006968442398363,26.7,2.5,2007.8,5048.0,0.2845602199608832,30.6,934.6
1337,27,svr,loso,Majmaah - University,25.85891,45.41889,01-11-2018 00:00,3507.4,3515.5009171801835,8.100917180183387,8.100917180183387,65.62485916019037,0.23096644751620538,18.2,3.0,1777.1,3202.3,0.35689038840020887,73.9,936.1
1338,27,svr,loso,Majmaah - University,25.85891,45.41889,01-12-2018 00:00,3834.7,3751.3842348728936,-83.31576512710626,83.31576512710626,6941.5167187151355,2.1726801347460367,16.0,2.8,1580.7,4396.7,0.26444608023555394,63.4,937.4
1339,27,svr,loso,Majmaah - University,25.85891,45.41889,01-01-2019 00:00,3751.2,3816.542258281191,65.34225828119133,65.34225828119133,4269.610717285917,1.7419028119319508,15.9,3.4,2300.2,2693.9,0.4605834885164493,45.9,936.6
1340,27,svr,loso,Majmaah - University,25.85891,45.41889,01-02-2019 00:00,4669.5,4670.867913544218,1.3679135442180268,1.3679135442180268,1.8711874644551236,0.029294647054674522,15.1,3.1,1931.1,4659.4,0.29301266975191564,50.2,935.6
1341,27,svr,loso,Majmaah - University,25.85891,45.41889,01-03-2019 00:00,6289.7,6252.046842043141,-37.653157956859104,37.653157956859104,1417.760304124182,0.5986479157489086,18.6,3.7,2521.7,5628.1,0.3094186360401482,34.0,933.0
1342,27,svr,loso,Majmaah - University,25.85891,45.41889,01-04-2019 00:00,6665.8,6522.0863445449795,-143.71365545502067,143.71365545502067,20653.614764244394,2.1559851098895955,22.9,3.5,2687.9,5345.6,0.3345864193688928,37.5,931.8
1343,27,svr,loso,Majmaah - University,25.85891,45.41889,01-05-2019 00:00,7049.7,7118.231562113346,68.5315621133459,68.5315621133459,4696.575005695387,0.972120262044426,31.1,3.2,3170.8,4996.2,0.3882453777396841,23.5,930.0
1344,27,svr,loso,Majmaah - University,25.85891,45.41889,01-06-2019 00:00,7681.9,7599.455755686717,-82.44424431328298,82.44424431328298,6797.053420388293,1.0732272525453728,35.7,2.7,2665.1,6546.3,0.2893262696224244,12.5,926.9
1345,27,svr,loso,Majmaah - University,25.85891,45.41889,01-07-2019 00:00,7979.4,7973.341974458512,-6.05802554148795,6.05802554148795,36.69967346132037,0.07592081536817243,35.7,3.0,2278.9,7614.0,0.23035712480667955,12.5,924.1
1346,27,svr,loso,Majmaah - University,25.85891,45.41889,01-08-2019 00:00,7647.6,7468.7290745656965,-178.8709254343039,178.8709254343039,31994.807965724307,2.3389158093297753,35.2,3.3,2120.6,7502.3,0.2203701586839726,12.7,925.4
1347,27,svr,loso,Majmaah - University,25.85891,45.41889,01-09-2019 00:00,6796.3,6761.037406588998,-35.262593411001944,35.262593411001944,1243.4504940696377,0.5188498655298022,33.4,2.3,2047.6,6776.3,0.23205158716667235,15.0,928.7
1348,27,svr,loso,Majmaah - University,25.85891,45.41889,01-10-2019 00:00,5595.0,5620.835429624399,25.835429624398785,25.835429624398785,667.4694238772623,0.4617592426166003,29.0,2.5,1924.1,5750.9,0.25069706840390876,26.0,932.5
1349,27,svr,loso,Majmaah - University,25.85891,45.41889,01-11-2019 00:00,3986.5,3865.8847625751514,-120.6152374248486,120.6152374248486,14548.0354990526,3.025592309666339,20.0,2.6,1744.2,4032.4,0.301942319011183,49.9,935.5
1350,27,svr,loso,Majmaah - University,25.85891,45.41889,01-12-2019 00:00,4336.2,4189.776964544768,-146.4230354552319,146.4230354552319,21439.705311924103,3.3767592697576663,16.1,2.8,1230.7,6304.0,0.1633376245902292,45.6,936.0
1351,27,svr,loso,Majmaah - University,25.85891,45.41889,01-01-2020 00:00,4748.2,4650.235424082669,-97.96457591733088,97.96457591733088,9597.058134662484,2.0631939664995342,12.9,2.7,1206.0,6848.5,0.14972996461605315,40.3,936.7
1352,27,svr,loso,Majmaah - University,25.85891,45.41889,01-02-2020 00:00,5303.0,5336.939781275757,33.939781275757014,33.939781275757014,1151.9087530462264,0.6400109612626252,17.0,2.7,2049.9,5507.8,0.27123331172182014,31.2,936.0
1353,27,svr,loso,Majmaah - University,25.85891,45.41889,01-03-2020 00:00,6373.3,6405.178066971214,31.87806697121414,31.87806697121414,1016.2111538212138,0.5001814910833342,20.6,2.9,2846.5,5154.7,0.35575913612958054,26.9,932.4
1354,27,svr,loso,Majmaah - University,25.85891,45.41889,01-04-2020 00:00,7018.7,6978.309859520775,-40.39014047922501,40.39014047922501,1631.3634479315308,0.5754646940206165,25.8,3.6,3119.7,5160.7,0.3767571614897831,31.5,930.7
1355,27,svr,loso,Majmaah - University,25.85891,45.41889,01-05-2020 00:00,7073.8,6979.291537571325,-94.50846242867556,94.50846242867556,8931.84947063238,1.3360352629234014,30.8,2.6,3267.9,4921.1,0.39905971425082426,17.8,930.6
1356,27,svr,loso,Majmaah - University,25.85891,45.41889,01-09-2020 00:00,6787.4,6830.842923170417,43.44292317041709,43.44292317041709,1887.287573590762,0.640052496838511,32.8,1.8,2086.8,6745.1,0.23627984918307496,13.6,928.9
1357,27,svr,loso,Majmaah - University,25.85891,45.41889,01-10-2020 00:00,6164.0,6121.327870157802,-42.672129842198046,42.672129842198046,1820.910665269409,0.692279848186211,25.4,1.5,1186.7,8279.5,0.1253618136105301,16.4,934.1
1358,27,svr,loso,Majmaah - University,25.85891,45.41889,01-11-2020 00:00,4415.4,4489.778891849109,74.3788918491091,74.3788918491091,5532.219552701467,1.6845334929815894,21.3,2.4,1622.1,5097.0,0.24141626110639816,39.5,935.3
1359,27,svr,loso,Majmaah - University,25.85891,45.41889,01-12-2020 00:00,3855.8,3796.843710921759,-58.9562890782413,58.9562890782413,3475.8440218771543,1.5290287120245163,15.0,2.1,1507.5,4625.1,0.24581743469327852,58.6,937.6
1360,27,svr,loso,Majmaah - University,25.85891,45.41889,01-01-2021 00:00,4355.3,4308.079665401798,-47.2203345982025,47.2203345982025,2229.7599995662,1.0842039491700342,14.5,2.0,1537.6,5340.9,0.22353710838118773,46.1,937.7
1361,27,svr,loso,Majmaah - University,25.85891,45.41889,01-02-2021 00:00,4928.3,4830.282479895399,-98.01752010460132,98.01752010460132,9607.434247455923,1.98887080950026,16.1,2.5,1963.9,5057.5,0.27970205372148005,44.0,936.1
1362,27,svr,loso,Majmaah - University,25.85891,45.41889,01-03-2021 00:00,6328.4,6473.8874784162135,145.4874784162139,145.4874784162139,21166.6063759083,2.29896148183133,22.7,2.9,2965.9,4796.5,0.3820854374935587,23.9,933.2
1363,27,svr,loso,Majmaah - University,25.85891,45.41889,01-04-2021 00:00,6740.4,6619.830864328726,-120.56913567127322,120.56913567127322,14536.916476517887,1.7887534222193524,26.8,2.2,3155.4,4764.8,0.39839903032751695,19.4,932.5
1364,27,svr,loso,Majmaah - University,25.85891,45.41889,01-05-2021 00:00,7892.9,7894.5682714583045,1.6682714583048437,1.6682714583048437,2.7831296585945697,0.021136356197403283,32.7,2.1,2866.7,6559.5,0.3041204302900426,12.9,928.5
1365,27,svr,loso,Majmaah - University,25.85891,45.41889,01-07-2021 00:00,7874.2,7807.607508756946,-66.5924912430537,66.5924912430537,4434.559889956184,0.8457048492933085,37.4,2.2,2531.9,7053.2,0.2641495654714088,13.9,922.9
1366,27,svr,loso,Majmaah - University,25.85891,45.41889,01-08-2021 00:00,7591.7,7496.642626068046,-95.0573739319534,95.0573739319534,9035.904338839215,1.2521223695872257,35.9,2.0,2223.4,7254.2,0.23459525618299992,12.5,925.6
1367,27,svr,loso,Majmaah - University,25.85891,45.41889,01-09-2021 00:00,6960.1,6957.439223582563,-2.6607764174377735,2.6607764174377735,7.079731143592992,0.03822899696035651,31.9,1.8,1863.0,7363.6,0.20191619881646544,15.6,928.5
1368,27,svr,loso,Majmaah - University,25.85891,45.41889,01-10-2021 00:00,5851.7,5930.093540389945,78.39354038994497,78.39354038994497,6145.547174869934,1.339671213321684,28.6,1.8,1752.6,6505.0,0.21224084479751984,18.9,933.2
1369,27,svr,loso,Majmaah - University,25.85891,45.41889,01-11-2021 00:00,4731.8,4750.793486110285,18.99348611028472,18.99348611028472,360.7525146215786,0.4014008645818657,21.1,1.4,1544.8,5806.2,0.21014827914569445,31.7,935.6
1370,27,svr,loso,Majmaah - University,25.85891,45.41889,01-12-2021 00:00,3769.1,3755.9669928582257,-13.133007141774215,13.133007141774215,172.47587658589254,0.3484388087812532,16.0,1.7,1762.6,3957.5,0.3081414660582857,39.9,937.0
883,28,svr,loso,Makkah - UQU,21.331,39.949,01-01-2017 00:00,4250.1,4640.222863792324,390.1228637923232,390.1228637923232,152195.84885352355,9.179145521101225,25.2,2.2,1664.4,4531.1,0.26864659833750304,50.6,979.9
884,28,svr,loso,Makkah - UQU,21.331,39.949,01-03-2018 00:00,6678.2,6722.538599820026,44.3385998200265,44.3385998200265,1965.9114340004542,0.6639303977123552,29.5,2.4,2243.4,6226.5,0.2648673538058301,31.1,976.4
885,28,svr,loso,Makkah - UQU,21.331,39.949,01-04-2018 00:00,6886.4,6973.160083035388,86.76008303538856,86.76008303538856,7527.312008307518,1.2598757411040393,30.8,2.6,2751.8,5487.3,0.3339927904746878,31.7,974.3
886,28,svr,loso,Makkah - UQU,21.331,39.949,01-05-2018 00:00,7479.2,7430.603243342362,-48.59675665763825,48.59675665763825,2361.6447576417077,0.6497587530436176,35.1,2.9,3080.4,5602.1,0.3547826086956522,21.8,972.7
887,28,svr,loso,Makkah - UQU,21.331,39.949,01-06-2018 00:00,7310.5,7462.332170473533,151.83217047353264,151.83217047353264,23053.007990703878,2.0769054165041054,36.7,2.7,3313.7,5070.5,0.39523150688199227,21.8,970.5
888,28,svr,loso,Makkah - UQU,21.331,39.949,01-07-2018 00:00,7288.7,7233.849579510605,-54.85042048939522,54.85042048939522,3008.568627863467,0.7525405146239414,36.3,2.7,3111.1,5304.7,0.3696737089759738,21.9,970.7
889,28,svr,loso,Makkah - UQU,21.331,39.949,01-08-2018 00:00,6950.1,6574.979221718042,-375.12077828195834,375.12077828195834,140715.59829886214,5.397343610623708,36.0,2.8,2721.4,5482.6,0.3317162359824476,24.3,971.0
890,28,svr,loso,Makkah - UQU,21.331,39.949,01-02-2020 00:00,3893.2,3886.5193727629085,-6.6806272370913575,6.6806272370913575,44.6307802809669,0.1715973296283612,24.2,2.4,1823.6,3176.5,0.36471270574588505,44.3,979.7
891,28,svr,loso,Makkah - UQU,21.331,39.949,01-03-2020 00:00,5865.7,5788.827189392606,-76.87281060739406,76.87281060739406,5909.429010680276,1.3105479415482222,27.3,2.4,2373.9,4809.8,0.33045645001879254,33.4,976.3
892,28,svr,loso,Makkah - UQU,21.331,39.949,01-04-2020 00:00,6403.0,6261.477387338775,-141.52261266122514,141.52261266122514,20028.649894459162,2.2102547659101224,30.5,2.4,2255.5,5559.8,0.28860056555730423,29.6,975.3
893,28,svr,loso,Makkah - UQU,21.331,39.949,01-05-2020 00:00,6591.3,6399.903183109579,-191.39681689042118,191.39681689042118,36632.74151578541,2.9037794803820365,34.8,2.4,2609.2,5162.5,0.33573092116267994,23.1,973.9
894,28,svr,loso,Makkah - UQU,21.331,39.949,01-10-2020 00:00,5902.6,5872.951690136427,-29.64830986357356,29.64830986357356,879.0222777664732,0.5022923773180218,32.4,1.6,1686.9,6382.7,0.20904381877664321,29.7,975.5
895,28,svr,loso,Makkah - UQU,21.331,39.949,01-11-2020 00:00,4337.1,4376.341443871608,39.24144387160777,39.24144387160777,1539.8909171285432,0.9047853144176469,28.2,1.4,1719.9,4421.1,0.2800683927699072,48.5,977.9
896,28,svr,loso,Makkah - UQU,21.331,39.949,01-12-2020 00:00,4176.4,4215.071674479164,38.67167447916472,38.67167447916472,1495.49840702248,0.9259571515938302,26.2,1.5,1694.1,4523.4,0.27247285886610373,44.5,979.0
897,28,svr,loso,Makkah - UQU,21.331,39.949,01-01-2021 00:00,4565.6,4510.880518901209,-54.71948109879122,54.71948109879122,2994.2216117209696,1.1985167579023834,25.0,1.7,1817.5,4750.3,0.2767288894302506,46.3,979.2
898,28,svr,loso,Makkah - UQU,21.331,39.949,01-02-2021 00:00,4889.0,4973.492114920789,84.49211492078939,84.49211492078939,7138.917483787881,1.7282085277314254,24.5,1.9,1934.3,4678.4,0.2925128918596035,43.5,978.6
899,28,svr,loso,Makkah - UQU,21.331,39.949,01-03-2021 00:00,6393.8,6478.9287965682925,85.12879656829227,85.12879656829227,7246.91200516569,1.3314272665440312,29.1,1.8,2538.4,5233.3,0.3266209452243396,33.2,976.3
900,28,svr,loso,Makkah - UQU,21.331,39.949,01-05-2021 00:00,7485.0,6669.2495076799705,-815.7504923200295,815.7504923200295,665448.8657203704,10.898470171276278,34.6,2.0,2709.8,5090.8,0.34738353459990257,26.3,972.9
901,28,svr,loso,Makkah - UQU,21.331,39.949,01-07-2021 00:00,6611.6,6575.571549343514,-36.02845065648671,36.02845065648671,1298.0492567068977,0.5449278640039735,35.7,2.4,3277.3,4124.0,0.4428005890857012,25.6,969.5
902,28,svr,loso,Makkah - UQU,21.331,39.949,01-09-2021 00:00,5954.7,6034.0794511941585,79.37945119415872,79.37945119415872,6301.097271885826,1.333055421669584,34.9,2.1,2873.8,4043.6,0.4154451094341805,34.2,971.5
903,28,svr,loso,Makkah - UQU,21.331,39.949,01-10-2021 00:00,5698.0,5766.228962929261,68.22896292926089,68.22896292926089,4655.191382402457,1.1974194968280254,33.1,1.8,1969.6,5525.6,0.26278151350197454,33.1,975.3
904,28,svr,loso,Makkah - UQU,21.331,39.949,01-11-2021 00:00,4622.3,5334.451029110377,712.1510291103768,712.1510291103768,507159.0882629688,15.406854360607852,28.7,1.5,2303.9,3887.6,0.37210692077848667,43.1,977.6
905,28,svr,loso,Makkah - UQU,21.331,39.949,01-12-2021 00:00,4094.5,4080.1594792641963,-14.340520735803693,14.340520735803693,205.6505349740157,0.35023863074377076,25.9,1.8,1703.2,4285.1,0.28442128817861495,47.7,979.4
1164,29,svr,loso,Najran - University,17.63228,44.53735,01-01-2017 00:00,5782.0,5851.358034258182,69.35803425818176,69.35803425818176,4810.536916159114,1.199550921103109,20.0,1.7,1286.2,7774.0,0.14196154610273504,25.2,885.4
1165,29,svr,loso,Najran - University,17.63228,44.53735,01-02-2017 00:00,5517.5,5500.133858089441,-17.366141910559236,17.366141910559236,301.58288485768196,0.3147465683834932,19.3,2.2,2425.5,4577.2,0.34636640153083814,33.4,884.7
1166,29,svr,loso,Najran - University,17.63228,44.53735,01-03-2017 00:00,6515.7,6521.459133917446,5.759133917445979,5.759133917445979,33.16762347907667,0.08838856788136315,26.1,2.2,2536.9,5407.0,0.31935195558856483,29.7,881.4
1167,29,svr,loso,Najran - University,17.63228,44.53735,01-04-2017 00:00,7486.0,7259.224501596238,-226.77549840376196,226.77549840376196,51427.126676274645,3.0293280577579744,28.2,2.2,2597.4,6505.3,0.2853439089500917,15.8,882.4
1168,29,svr,loso,Najran - University,17.63228,44.53735,01-05-2017 00:00,7278.9,7183.4227979230745,-95.4772020769251,95.4772020769251,9115.89611643799,1.311698224689515,31.1,2.3,3150.9,5212.9,0.37673067266075233,21.0,880.9
1169,29,svr,loso,Najran - University,17.63228,44.53735,01-06-2017 00:00,7522.5,7235.279197585113,-287.22080241488675,287.22080241488675,82495.78933985141,3.8181562301746323,33.5,2.1,3465.6,5206.2,0.3996402131045458,10.1,878.2
1170,29,svr,loso,Najran - University,17.63228,44.53735,01-09-2017 00:00,7352.4,7252.450515395607,-99.94948460439264,99.94948460439264,9989.89947268372,1.3594130434197356,30.8,2.2,2186.3,7026.5,0.23731113233761728,13.5,879.8
1171,29,svr,loso,Najran - University,17.63228,44.53735,01-10-2017 00:00,6898.2,6712.488377195796,-185.71162280420413,185.71162280420413,34488.80684457099,2.6921751008118657,25.9,1.9,1430.4,8301.3,0.14698356916057834,18.0,883.4
1172,29,svr,loso,Najran - University,17.63228,44.53735,01-11-2017 00:00,5964.5,5935.673902159281,-28.82609784071883,28.82609784071883,830.9439167226948,0.48329445621123024,21.3,1.8,1290.5,7865.8,0.14094120987735223,30.8,885.0
1173,29,svr,loso,Najran - University,17.63228,44.53735,01-03-2018 00:00,7078.5,6851.695022353038,-226.80497764696156,226.80497764696156,51440.49788543873,3.2041389792605997,24.3,2.2,1944.5,7299.1,0.21036176381496385,21.3,883.1
1174,29,svr,loso,Najran - University,17.63228,44.53735,01-04-2018 00:00,6781.6,6466.513881338252,-315.0861186617485,315.0861186617485,99279.26217332546,4.64619143950909,26.8,2.0,3338.2,4304.0,0.43681138939048963,35.7,881.1
1175,29,svr,loso,Najran - University,17.63228,44.53735,01-05-2018 00:00,8046.4,7690.4978232352905,-355.9021767647091,355.9021767647091,126666.35942585825,4.423123095604359,30.4,2.4,3251.0,6126.8,0.3466697946213398,20.4,880.1
1176,29,svr,loso,Najran - University,17.63228,44.53735,01-06-2018 00:00,7486.6,7027.389168454121,-459.21083154587905,459.21083154587905,210874.5878090577,6.133770089838899,33.5,2.5,4190.2,4106.1,0.5050685245229801,15.8,877.8
1177,29,svr,loso,Najran - University,17.63228,44.53735,01-07-2018 00:00,7172.9,6924.478210110305,-248.421789889695,248.421789889695,61713.38569199976,3.4633382577436604,34.5,2.8,4208.9,3609.7,0.5383188806180135,16.3,876.1
1178,29,svr,loso,Najran - University,17.63228,44.53735,01-08-2018 00:00,7150.9,7154.803545094946,3.903545094945912,3.903545094945912,15.237664308276289,0.054588165055390395,33.9,2.6,3639.1,4356.4,0.4551435182290038,17.5,876.5
1179,29,svr,loso,Najran - University,17.63228,44.53735,01-09-2018 00:00,7522.8,7543.335025763573,20.535025763572776,20.535025763572776,421.68728311059766,0.27297051315431453,31.1,2.3,2429.9,6918.0,0.25994073535232515,15.2,880.1
1180,29,svr,loso,Najran - University,17.63228,44.53735,01-10-2018 00:00,6618.4,6685.434688320658,67.03468832065846,67.03468832065846,4493.649438247824,1.0128533833050053,25.9,2.1,2020.6,6779.8,0.22960319985455208,32.0,883.9
1181,29,svr,loso,Najran - University,17.63228,44.53735,01-11-2018 00:00,5677.8,5875.883608018509,198.08360801850904,198.08360801850904,39237.11576563034,3.4887387371606793,23.6,1.9,1838.0,6375.2,0.22378610042370817,35.4,884.5
1182,29,svr,loso,Najran - University,17.63228,44.53735,01-12-2018 00:00,5783.6,5794.223961656894,10.623961656893698,10.623961656893698,112.86856128714749,0.18369115528206822,19.9,1.8,1091.4,8418.9,0.11475978675751555,33.9,885.6
1183,29,svr,loso,Najran - University,17.63228,44.53735,01-01-2019 00:00,5863.7,6010.454748612602,146.75474861260227,146.75474861260227,21536.95624034809,2.502767000573056,20.4,1.8,1886.8,6776.7,0.21778726842500143,31.2,885.6
1184,29,svr,loso,Najran - University,17.63228,44.53735,01-02-2019 00:00,6352.1,6455.505596249106,103.40559624910566,103.40559624910566,10692.717335633053,1.6278962272178594,22.1,2.1,2522.7,5702.1,0.30671870440618615,32.8,884.1
1185,29,svr,loso,Najran - University,17.63228,44.53735,01-03-2019 00:00,7040.3,6950.3675911433775,-89.93240885662271,89.93240885662271,8087.8381627547515,1.2773945550136032,25.2,2.3,3158.5,5215.9,0.3771613488727551,24.2,882.3
1186,29,svr,loso,Najran - University,17.63228,44.53735,01-04-2019 00:00,6897.5,6769.094092203939,-128.405907796061,128.405907796061,16488.077156930518,1.8616296889606525,27.7,2.2,3202.8,4689.7,0.4058029775102946,30.3,881.6
1187,29,svr,loso,Najran - University,17.63228,44.53735,01-05-2019 00:00,7130.1,7070.174933268326,-59.92506673167463,59.92506673167463,3591.0136227956577,0.8404519814823723,29.3,2.2,2986.3,5303.9,0.36022050131480543,30.6,881.5
1188,29,svr,loso,Najran - University,17.63228,44.53735,01-06-2019 00:00,7670.6,7511.06321342805,-159.53678657194996,159.53678657194996,25451.986269703913,2.079847555236226,33.6,2.3,3098.2,5848.0,0.3463146363819275,14.8,878.4
1189,29,svr,loso,Najran - University,17.63228,44.53735,01-07-2019 00:00,7272.5,7174.076782116708,-98.42321788329173,98.42321788329173,9687.129818501917,1.3533615384433377,34.9,2.8,3849.4,4295.5,0.4726147650677111,13.7,876.0
1190,29,svr,loso,Najran - University,17.63228,44.53735,01-08-2019 00:00,7070.3,7129.222213458318,58.922213458317856,58.922213458317856,3471.8272388275736,0.8333764261533153,33.4,2.7,3201.5,4958.3,0.39235030270349763,18.6,877.5
1191,29,svr,loso,Najran - University,17.63228,44.53735,01-09-2019 00:00,7108.8,7019.7402852126415,-89.05971478735864,89.05971478735864,7931.632798005668,1.252809402252963,31.5,2.3,2532.0,6208.4,0.28968925907281134,19.3,879.5
1192,29,svr,loso,Najran - University,17.63228,44.53735,01-10-2019 00:00,6696.1,6746.273661119026,50.17366111902538,50.17366111902538,2517.396270086799,0.7492967715390358,27.0,2.1,1835.1,7261.1,0.20174358523339414,22.2,882.8
1193,29,svr,loso,Najran - University,17.63228,44.53735,01-11-2019 00:00,5674.1,5529.14450828537,-144.95549171463063,144.95549171463063,21012.094578230346,2.554686940918042,22.0,2.0,1644.5,6569.2,0.20021427614838622,37.5,884.5
1194,29,svr,loso,Najran - University,17.63228,44.53735,01-12-2019 00:00,5493.6,5667.011850137948,173.41185013794802,173.41185013794802,30071.669768266143,3.1566158828081408,20.0,1.8,1343.5,7390.3,0.15382765806407292,38.2,885.0
1195,29,svr,loso,Najran - University,17.63228,44.53735,01-01-2020 00:00,5907.3,5963.675121056807,56.375121056807075,56.375121056807075,3178.1542741696526,0.9543297455149912,18.5,1.9,1569.5,7353.5,0.1758937577048078,33.1,885.3
1196,29,svr,loso,Najran - University,17.63228,44.53735,01-02-2020 00:00,6317.6,6385.257894532156,67.6578945321553,67.6578945321553,4577.59069252425,1.0709429931011032,22.0,2.1,2253.5,6185.2,0.2670435019612025,27.4,884.9
1197,29,svr,loso,Najran - University,17.63228,44.53735,01-03-2020 00:00,7091.8,6953.8187556391795,-137.9812443608207,137.9812443608207,19038.823795360517,1.945644890730431,24.9,2.2,3119.6,5320.5,0.3696164737384628,26.0,882.0
1198,29,svr,loso,Najran - University,17.63228,44.53735,01-04-2020 00:00,7092.1,6905.750453992871,-186.349546007129,186.349546007129,34726.15329706309,2.6275651218557123,28.3,1.8,2923.7,5397.4,0.35135979618079344,35.2,881.0
1199,29,svr,loso,Najran - University,17.63228,44.53735,01-05-2020 00:00,7241.7,7239.760594829548,-1.939405170452119,1.939405170452119,3.7612924151764124,0.02678107585859838,33.6,2.2,3215.9,5163.0,0.38380933058038647,23.9,881.1
1200,29,svr,loso,Najran - University,17.63228,44.53735,01-09-2020 00:00,7666.8,7622.654965650521,-44.14503434947892,44.14503434947892,1948.7840577166737,0.5757947820404722,30.5,2.1,2282.6,7432.1,0.23496350890917886,15.5,879.5
1201,29,svr,loso,Najran - University,17.63228,44.53735,01-10-2020 00:00,7295.8,7107.626615708705,-188.1733842912954,188.1733842912954,35409.22255563954,2.57920151719202,25.1,1.8,1371.9,9097.3,0.13104153134910024,16.7,883.6
1202,29,svr,loso,Najran - University,17.63228,44.53735,01-12-2020 00:00,5877.6,6062.4457743611065,184.84577436110612,184.84577436110612,34167.960299156955,3.1449192588999955,19.0,1.4,1236.4,8347.2,0.1290120622730498,36.5,885.7
1203,29,svr,loso,Najran - University,17.63228,44.53735,01-01-2021 00:00,6173.5,6337.466163696288,163.96616369628828,163.96616369628828,26884.902837278005,2.6559676633398928,17.8,1.6,1484.0,8075.2,0.1552431165787932,28.3,885.7
1204,29,svr,loso,Najran - University,17.63228,44.53735,01-02-2021 00:00,6579.8,6541.937030674988,-37.86296932501227,37.86296932501227,1433.6044461068204,0.5754425563848791,20.8,1.9,1926.2,7125.9,0.21279040222710752,30.6,884.3
1205,29,svr,loso,Najran - University,17.63228,44.53735,01-03-2021 00:00,7761.2,7239.586447132135,-521.6135528678651,521.6135528678651,272080.6985354371,6.720784838270694,25.3,1.7,2329.1,7704.3,0.2321346702015269,16.8,882.8
1206,29,svr,loso,Najran - University,17.63228,44.53735,01-04-2021 00:00,7654.8,7186.91087051683,-467.8891294831701,467.8891294831701,218920.23748851873,6.112362563139078,27.2,1.9,3048.7,6030.8,0.3357784018943774,19.8,882.3
1207,29,svr,loso,Najran - University,17.63228,44.53735,01-05-2021 00:00,8035.1,7790.099697004209,-245.00030299579157,245.00030299579157,60025.14846802968,3.0491257482270484,31.9,2.2,3182.8,6322.6,0.3348412481326404,13.3,879.8
1208,29,svr,loso,Najran - University,17.63228,44.53735,01-07-2021 00:00,7113.9,6848.804090999872,-265.0959090001279,265.0959090001279,70275.8409686041,3.726449753301676,33.3,2.7,3549.2,4540.4,0.43873615506329117,23.4,875.0
1209,29,svr,loso,Najran - University,17.63228,44.53735,01-08-2021 00:00,7387.7,7414.273761075975,26.5737610759752,26.5737610759752,706.1647777230146,0.359702763728565,33.9,2.5,3338.4,5179.2,0.39194139194139194,17.8,877.0
1210,29,svr,loso,Najran - University,17.63228,44.53735,01-09-2021 00:00,7591.2,7571.218580240205,-19.981419759795244,19.981419759795244,399.2571356171358,0.2632181968568243,30.9,2.1,2482.8,6939.1,0.2635137286534563,15.1,879.2
1211,29,svr,loso,Najran - University,17.63228,44.53735,01-10-2021 00:00,7029.5,7134.312602234862,104.81260223486242,104.81260223486242,10985.681587243487,1.4910392237692927,26.9,1.9,1824.4,7831.0,0.1889512604345755,20.8,883.3
1212,29,svr,loso,Najran - University,17.63228,44.53735,01-11-2021 00:00,6370.7,6125.778715933043,-244.921284066957,244.921284066957,59986.43538900705,3.8444956451717553,22.5,1.3,1258.6,8607.1,0.12757330954721913,25.3,885.1
1213,29,svr,loso,Najran - University,17.63228,44.53735,01-12-2021 00:00,5952.6,5910.513891580553,-42.086108419447555,42.086108419447555,1771.2405218934944,0.7070206030885252,19.0,1.1,1067.6,8876.4,0.10736122284794851,32.0,885.6
92,30,svr,loso,Osfan - KAU,21.89252,39.2539,01-01-2017 00:00,4327.0,4428.17205407656,101.17205407656002,101.17205407656002,10235.784526070383,2.3381570158668827,24.4,2.9,1567.1,4919.9,0.24157545860952673,71.7,1001.7
93,30,svr,loso,Osfan - KAU,21.89252,39.2539,01-02-2017 00:00,4364.7,4481.420237741613,116.72023774161335,116.72023774161335,13623.61389845874,2.67418694850994,23.8,3.9,2375.4,3136.0,0.4309975686758356,54.7,1001.3
94,30,svr,loso,Osfan - KAU,21.89252,39.2539,01-03-2017 00:00,5568.6,5604.710892665344,36.11089266534327,36.11089266534327,1303.9965690879426,0.6484734523101546,25.9,3.6,2671.2,4086.5,0.395282418574367,64.0,997.8
95,30,svr,loso,Osfan - KAU,21.89252,39.2539,01-04-2017 00:00,6123.2,6014.955494074493,-108.24450592550693,108.24450592550693,11716.873063057104,1.7677767495020078,30.2,3.8,2994.4,4025.6,0.42655270655270655,53.4,996.6
96,30,svr,loso,Osfan - KAU,21.89252,39.2539,01-05-2017 00:00,6547.2,6495.9245872175225,-51.27541278247736,51.27541278247736,2629.1679560134426,0.7831655178164307,32.7,3.6,2983.5,4517.1,0.39776817854571633,49.6,995.2
97,30,svr,loso,Osfan - KAU,21.89252,39.2539,01-10-2017 00:00,5653.9,5751.461145170394,97.56114517039441,97.56114517039441,9518.177046958774,1.7255548412669912,30.6,2.7,1764.7,5868.9,0.23117533011947183,72.4,996.7
98,30,svr,loso,Osfan - KAU,21.89252,39.2539,01-11-2017 00:00,4491.7,4654.971244125072,163.27124412507237,163.27124412507237,26657.499158148978,3.6349543407857245,28.1,3.0,1781.3,4614.5,0.27851089777666593,69.8,999.3
99,30,svr,loso,Osfan - KAU,21.89252,39.2539,01-03-2018 00:00,6460.5,6607.460256505507,146.96025650550655,146.96025650550655,21597.31699216428,2.2747505070119427,28.2,3.2,2231.4,6115.0,0.26734879708616893,49.9,997.8
100,30,svr,loso,Osfan - KAU,21.89252,39.2539,01-04-2018 00:00,7129.6,7214.066301219778,84.46630121977796,84.46630121977796,7134.556041750264,1.184727070519776,29.4,3.2,2679.4,5946.1,0.31063706451799894,46.2,995.7
101,30,svr,loso,Osfan - KAU,21.89252,39.2539,01-05-2018 00:00,7282.0,7276.405615676987,-5.594384323013401,5.594384323013401,31.297135953578106,0.07682483277964022,33.3,3.7,3148.5,5293.3,0.37296548129545837,39.5,993.8
102,30,svr,loso,Osfan - KAU,21.89252,39.2539,01-06-2018 00:00,7254.0,7309.959940189464,55.95994018946385,55.95994018946385,3131.5149060083713,0.7714356243377978,33.9,3.3,3114.1,5273.3,0.3712831151489139,46.5,991.6
103,30,svr,loso,Osfan - KAU,21.89252,39.2539,01-07-2018 00:00,7178.2,7190.624510212692,12.42451021269244,12.42451021269244,154.36845402529872,0.17308670993692624,34.7,3.0,2931.9,5391.5,0.35224787947233105,44.5,991.7
104,30,svr,loso,Osfan - KAU,21.89252,39.2539,01-08-2018 00:00,6917.8,6956.805740836789,39.00574083678839,39.00574083678839,1521.4478182267014,0.5638460325072767,34.5,3.2,2527.4,5710.6,0.30679776644816703,51.0,992.0
105,30,svr,loso,Osfan - KAU,21.89252,39.2539,01-09-2018 00:00,6019.8,6157.980421733957,138.1804217339568,138.1804217339568,19093.82895057416,2.2954321029595137,33.7,2.9,3098.6,3795.7,0.4494437433822143,64.1,993.4
106,30,svr,loso,Osfan - KAU,21.89252,39.2539,01-10-2018 00:00,5231.0,5301.72960898953,70.72960898952988,70.72960898952988,5002.677587811786,1.3521240487388622,31.5,2.7,2130.2,4637.2,0.3147737683600792,59.5,997.4
107,30,svr,loso,Osfan - KAU,21.89252,39.2539,01-11-2018 00:00,4096.6,4156.240564296142,59.64056429614175,59.64056429614175,3556.9969095622178,1.455855204221592,27.7,3.1,1787.2,4049.0,0.30622665432987217,56.0,999.3
108,30,svr,loso,Osfan - KAU,21.89252,39.2539,01-12-2018 00:00,3975.6,4059.6303914582977,84.0303914582978,84.0303914582978,7061.106688634768,2.113653070185577,25.3,3.0,1781.4,4062.4,0.30483589445223996,62.7,1001.6
109,30,svr,loso,Osfan - KAU,21.89252,39.2539,01-01-2019 00:00,4045.3,4109.112567873644,63.812567873644184,63.812567873644184,4072.043818628446,1.5774495803437119,24.7,3.2,2080.9,3446.8,0.3764495178826636,64.3,1001.7
110,30,svr,loso,Osfan - KAU,21.89252,39.2539,01-02-2019 00:00,4778.0,4842.38093232047,64.38093232046958,64.38093232046958,4144.904446452885,1.347445213906856,24.5,3.7,2226.6,4016.0,0.35667830711562487,54.3,1000.8
111,30,svr,loso,Osfan - KAU,21.89252,39.2539,01-03-2019 00:00,6251.3,6421.699548095733,170.39954809573283,170.39954809573283,29036.005991229966,2.72582579776579,24.9,4.0,2396.7,5632.6,0.2984942647553336,51.1,999.6
112,30,svr,loso,Osfan - KAU,21.89252,39.2539,01-04-2019 00:00,6915.2,6833.423963315011,-81.77603668498887,81.77603668498887,6687.320175904645,1.1825549034733467,28.4,3.6,2699.6,5723.3,0.3205071887354712,48.7,996.9
113,30,svr,loso,Osfan - KAU,21.89252,39.2539,01-05-2019 00:00,6965.7,6908.195791101587,-57.5042088984128,57.5042088984128,3306.7340410322977,0.8255338142385231,33.6,3.1,2870.1,5217.8,0.354863437975247,41.3,994.8
114,30,svr,loso,Osfan - KAU,21.89252,39.2539,01-06-2019 00:00,7003.8,6838.1920389756515,-165.6079610243487,165.6079610243487,27425.996754642198,2.3645444048137967,35.0,3.7,3122.0,4851.0,0.3915715539947322,43.0,992.2
115,30,svr,loso,Osfan - KAU,21.89252,39.2539,01-07-2019 00:00,7240.6,7275.537742337213,34.93774233721251,34.93774233721251,1220.6458396214516,0.48252551359296897,34.6,3.2,2705.0,5875.9,0.31523499865981425,45.7,990.9
116,30,svr,loso,Osfan - KAU,21.89252,39.2539,01-08-2019 00:00,6971.0,7105.894822013242,134.89482201324245,134.89482201324245,18196.61300598436,1.9350856693909402,34.4,3.3,2505.4,5849.7,0.2998647532644732,51.7,992.6
117,30,svr,loso,Osfan - KAU,21.89252,39.2539,01-09-2019 00:00,6188.8,6249.930368607417,61.13036860741704,61.13036860741704,3736.921966078679,0.9877580242925452,32.9,3.0,2592.7,4759.2,0.35265713625049305,61.5,992.8
118,30,svr,loso,Osfan - KAU,21.89252,39.2539,01-10-2019 00:00,5377.9,5549.183403537376,171.28340353737622,171.28340353737622,29338.004327347662,3.184949581386345,31.6,2.9,2163.3,4866.9,0.3077152854826321,59.4,996.8
119,30,svr,loso,Osfan - KAU,21.89252,39.2539,01-11-2019 00:00,4634.7,4783.239271482985,148.539271482985,148.539271482985,22063.915172695917,3.2049382156986423,28.9,2.7,1693.7,5039.4,0.25154832098142016,57.3,998.2
120,30,svr,loso,Osfan - KAU,21.89252,39.2539,01-12-2019 00:00,4307.9,4451.849736339662,143.9497363396622,143.9497363396622,20721.526592258262,3.3415291984415196,25.2,3.7,1560.3,5176.9,0.2315947277800867,55.0,1000.8
121,30,svr,loso,Osfan - KAU,21.89252,39.2539,01-01-2020 00:00,4818.4,4997.700506622845,179.3005066228452,179.3005066228452,32148.671675208956,3.721162764047095,21.9,4.0,1405.7,6219.5,0.1843492629701516,49.7,1003.4
122,30,svr,loso,Osfan - KAU,21.89252,39.2539,01-02-2020 00:00,4959.4,5186.811122945518,227.4111229455184,227.4111229455184,51715.818839341686,4.585456364590846,23.4,3.5,2221.3,4385.6,0.3362091147134057,56.3,1002.0
123,30,svr,loso,Osfan - KAU,21.89252,39.2539,01-03-2020 00:00,6308.6,6373.0817335997035,64.48173359970315,64.48173359970315,4157.893968023086,1.0221243001569784,25.6,3.6,2436.8,5455.8,0.30874490028634416,54.4,998.1
124,30,svr,loso,Osfan - KAU,21.89252,39.2539,01-09-2020 00:00,6212.3,6333.754520545561,121.45452054556063,121.45452054556063,14751.200560952007,1.955065282513089,34.7,2.8,2468.7,5044.1,0.3285991907145139,56.4,992.0
125,30,svr,loso,Osfan - KAU,21.89252,39.2539,01-10-2020 00:00,5750.3,5957.936238219375,207.63623821937472,207.63623821937472,43112.807421892925,3.610876618948137,32.8,3.1,1698.5,6251.9,0.21363704970819078,45.7,996.6
126,30,svr,loso,Osfan - KAU,21.89252,39.2539,01-11-2020 00:00,4439.9,4538.824675046872,98.92467504687193,98.92467504687193,9786.091333129205,2.22808340383504,28.3,2.6,1592.7,4940.1,0.24380051432770022,61.0,999.5
127,30,svr,loso,Osfan - KAU,21.89252,39.2539,01-12-2020 00:00,4033.0,4266.194490540529,233.19449054052893,233.19449054052893,54379.67041845684,5.782159448066674,26.2,2.1,1688.5,4413.6,0.27670801855099064,58.3,1000.7
128,30,svr,loso,Osfan - KAU,21.89252,39.2539,01-01-2021 00:00,4348.2,4419.07210382498,70.87210382498051,70.87210382498051,5022.855100578818,1.6299182150080613,25.2,3.3,1805.4,4510.2,0.28586357590727723,58.4,1000.9
129,30,svr,loso,Osfan - KAU,21.89252,39.2539,01-02-2021 00:00,5016.3,5096.181016331327,79.88101633132646,79.88101633132646,6380.976770125645,1.5924290080602528,24.5,3.5,1814.4,5131.2,0.26123013130615064,58.0,1000.7
130,30,svr,loso,Osfan - KAU,21.89252,39.2539,01-03-2021 00:00,6161.8,6174.1572699287435,12.357269928743335,12.357269928743335,152.7021200918243,0.20054643008119924,27.4,3.3,2445.2,5248.1,0.3178349992850922,57.5,997.9
131,30,svr,loso,Osfan - KAU,21.89252,39.2539,01-04-2021 00:00,6718.8,6591.166186526686,-127.63381347331415,127.63381347331415,16290.39034174075,1.899651924053613,29.7,3.4,2720.1,5245.5,0.3414808677312443,50.7,996.7
132,30,svr,loso,Osfan - KAU,21.89252,39.2539,01-05-2021 00:00,7387.0,7445.698281954791,58.69828195479113,58.69828195479113,3445.4883044441576,0.7946159733963873,32.4,2.7,2251.1,6793.0,0.24890259948474694,53.1,994.1
133,30,svr,loso,Osfan - KAU,21.89252,39.2539,01-07-2021 00:00,6627.9,6646.878921891257,18.978921891257414,18.978921891257414,360.1994761544499,0.2863489474985654,33.9,3.2,3104.8,4465.3,0.41013989247169785,53.2,990.2
134,30,svr,loso,Osfan - KAU,21.89252,39.2539,01-08-2021 00:00,6560.8,6598.100519701087,37.30051970108707,37.30051970108707,1391.3287699711846,0.5685361495715014,34.7,3.1,2739.0,4890.9,0.3589824244092321,56.1,991.1
135,30,svr,loso,Osfan - KAU,21.89252,39.2539,01-09-2021 00:00,5972.5,6014.204744631965,41.704744631964786,41.704744631964786,1739.2857248173957,0.6982795250224325,32.8,3.2,2714.6,4315.4,0.3861450924608819,63.8,992.7
136,30,svr,loso,Osfan - KAU,21.89252,39.2539,01-10-2021 00:00,5533.7,5640.923657377555,107.22365737755536,107.22365737755536,11496.912701419382,1.9376485421608574,31.1,2.5,1853.6,5513.5,0.25160510920172113,65.5,996.5
137,30,svr,loso,Osfan - KAU,21.89252,39.2539,01-11-2021 00:00,4506.5,4641.862448209851,135.3624482098512,135.3624482098512,18322.99238536465,3.0037157042017353,28.5,2.5,1386.1,5330.4,0.20637236655996424,62.1,998.9
737,31,svr,loso,Rania - TVTC,21.21501,42.84853,01-02-2017 00:00,4696.4,4797.703201083618,101.30320108361866,101.30320108361866,10262.338549788077,2.1570394575338274,17.8,3.4,2489.3,3360.3,0.4255504649890591,36.1,912.8
738,31,svr,loso,Rania - TVTC,21.21501,42.84853,01-03-2017 00:00,5689.1,5676.169167150767,-12.930832849233411,12.930832849233411,167.20643817481385,0.22729136153756146,24.9,3.8,2849.3,3924.0,0.42066644028759986,33.7,909.1
739,31,svr,loso,Rania - TVTC,21.21501,42.84853,01-05-2017 00:00,6588.7,6452.933257122021,-135.7667428779787,135.7667428779787,18432.608471695177,2.060599858515013,32.0,3.1,3045.4,4398.2,0.40912999086463536,24.7,908.4
740,31,svr,loso,Rania - TVTC,21.21501,42.84853,01-09-2017 00:00,6773.0,6589.986941860247,-183.0130581397534,183.0130581397534,33493.77944966476,2.7020974182748176,32.2,2.4,2290.2,6135.3,0.27181769627915253,10.7,907.5
741,31,svr,loso,Rania - TVTC,21.21501,42.84853,01-11-2017 00:00,5252.1,5180.013686358358,-72.08631364164194,72.08631364164194,5196.436614441172,1.3725236313406435,23.2,3.4,1461.4,6553.3,0.18233995034124795,27.3,912.5
742,31,svr,loso,Rania - TVTC,21.21501,42.84853,01-03-2018 00:00,6647.4,6649.045281525281,1.6452815252814617,1.6452815252814617,2.706951297432493,0.024750752554103285,25.9,3.7,2201.4,6323.8,0.25822268099282125,21.7,910.6
743,31,svr,loso,Rania - TVTC,21.21501,42.84853,01-04-2018 00:00,6467.7,6387.0763295347915,-80.6236704652083,80.6236704652083,6500.176239282502,1.2465585983457537,26.5,3.7,2885.1,4650.2,0.38287792125064696,33.9,908.7
744,31,svr,loso,Rania - TVTC,21.21501,42.84853,01-05-2018 00:00,7521.3,7561.001331750269,39.701331750268764,39.701331750268764,1576.1957427448986,0.5278519903509867,32.2,3.4,3333.3,5330.2,0.3847521209672765,15.8,907.5
745,31,svr,loso,Rania - TVTC,21.21501,42.84853,01-03-2019 00:00,6513.2,6345.825155167851,-167.37484483214848,167.37484483214848,28014.33868258578,2.5697789847102572,23.5,4.0,2723.0,5245.0,0.3417419678714859,21.2,910.1
746,31,svr,loso,Rania - TVTC,21.21501,42.84853,01-04-2019 00:00,6275.2,6149.7016920854885,-125.49830791451132,125.49830791451132,15749.825289405493,1.9999092923653639,26.6,3.3,2881.5,4203.2,0.4067215266701484,30.5,909.1
747,31,svr,loso,Rania - TVTC,21.21501,42.84853,01-05-2019 00:00,6095.7,6008.24484113469,-87.45515886530939,87.45515886530939,7648.404812156503,1.4347024765869283,29.9,3.5,2986.6,3704.0,0.446387468986339,27.3,908.9
748,31,svr,loso,Rania - TVTC,21.21501,42.84853,01-06-2019 00:00,7328.3,7080.692509068287,-247.60749093171307,247.60749093171307,61309.46956549837,3.378784860495791,35.5,3.5,3051.8,5318.3,0.3646073523613816,11.0,905.7
749,31,svr,loso,Rania - TVTC,21.21501,42.84853,01-08-2019 00:00,7292.2,7130.524480903103,-161.675519096897,161.675519096897,26138.973475251107,2.2171020967183703,34.7,4.5,2803.0,5779.2,0.3266062315024119,14.6,904.7
750,31,svr,loso,Rania - TVTC,21.21501,42.84853,01-09-2019 00:00,6885.3,6961.57359915794,76.27359915794023,76.27359915794023,5817.66192850614,1.10777452192265,33.3,2.4,2417.9,6088.5,0.28424480391234835,13.3,906.8
751,31,svr,loso,Rania - TVTC,21.21501,42.84853,01-10-2019 00:00,6154.9,6279.357535129642,124.45753512964257,124.45753512964257,15489.678050546214,2.022088663173123,29.1,2.4,1826.4,6564.4,0.21766696858464035,17.7,910.3
752,31,svr,loso,Rania - TVTC,21.21501,42.84853,01-11-2019 00:00,4930.5,5186.0468926989315,255.54689269893152,255.54689269893152,65304.214368079214,5.18298129396474,23.2,3.3,1798.3,5284.9,0.2538824260221369,36.1,911.8
753,31,svr,loso,Rania - TVTC,21.21501,42.84853,01-02-2020 00:00,5547.4,5608.856254654036,61.45625465403646,61.45625465403646,3776.8712361017774,1.1078388912650334,21.0,3.0,2340.1,4962.5,0.32044751184509623,24.9,912.6
754,31,svr,loso,Rania - TVTC,21.21501,42.84853,01-03-2020 00:00,6522.9,6543.760598255671,20.860598255670993,20.860598255670993,435.1645595845037,0.3198055811935028,24.5,3.1,2867.5,5040.8,0.36259373063743155,19.3,909.6
755,31,svr,loso,Rania - TVTC,21.21501,42.84853,01-04-2020 00:00,6893.6,6821.172099655706,-72.42790034429436,72.42790034429436,5245.800748283034,1.0506542350048502,28.8,2.6,2695.2,5478.2,0.32975261213203805,24.1,908.5
756,31,svr,loso,Rania - TVTC,21.21501,42.84853,01-05-2020 00:00,6454.6,6374.063396532288,-80.53660346771267,80.53660346771267,6486.144498115588,1.2477396502914613,32.0,2.8,3106.1,4200.3,0.42512044235191065,20.0,908.6
757,31,svr,loso,Rania - TVTC,21.21501,42.84853,01-09-2020 00:00,7093.5,6146.419288862493,-947.080711137507,947.080711137507,896961.8734087261,13.351388047332163,32.2,2.1,2153.8,6819.7,0.2400178302780409,10.8,906.9
758,31,svr,loso,Rania - TVTC,21.21501,42.84853,01-11-2020 00:00,5419.3,5412.750406092617,-6.549593907383496,6.549593907383496,42.897180351635015,0.12085682481839898,23.5,3.0,1298.6,7125.5,0.15415296589546656,25.1,912.2
759,31,svr,loso,Rania - TVTC,21.21501,42.84853,01-01-2021 00:00,5111.7,5251.375623765,139.67562376499973,139.67562376499973,19509.279874141757,2.7324691152649754,18.4,2.7,1789.6,5867.5,0.23371772603204866,30.1,913.5
760,31,svr,loso,Rania - TVTC,21.21501,42.84853,01-04-2021 00:00,6991.2,6479.545476417656,-511.65452358234415,511.65452358234415,261790.35150227556,7.318550800754436,27.9,2.6,2861.2,5265.2,0.3520870250049222,20.4,909.9
761,31,svr,loso,Rania - TVTC,21.21501,42.84853,01-05-2021 00:00,7704.7,7493.779156792605,-210.92084320739468,210.92084320739468,44487.60209931837,2.737560751325745,33.4,2.4,2755.5,6359.7,0.30229726171669297,10.9,907.0
762,31,svr,loso,Rania - TVTC,21.21501,42.84853,01-07-2021 00:00,7095.6,6880.425194202521,-215.17480579747917,215.17480579747917,46300.197049982875,3.032510369771114,36.1,4.2,3245.5,4820.7,0.40235798765217823,14.2,902.2
763,31,svr,loso,Rania - TVTC,21.21501,42.84853,01-08-2021 00:00,7290.2,7211.518082152196,-78.68191784780356,78.68191784780356,6190.844196208509,1.07928339205788,36.0,3.4,2841.0,5704.4,0.33245956889086525,12.7,904.4
764,31,svr,loso,Rania - TVTC,21.21501,42.84853,01-10-2021 00:00,6307.4,6301.014302141701,-6.385697858298954,6.385697858298954,40.77713713748385,0.10124136503628998,28.6,2.4,1759.3,6942.6,0.2021742378101334,14.5,910.8
630,32,svr,loso,Riyadh - K.A.CARE City T2,24.52958,46.43635,01-01-2017 00:00,4453.5,4602.63915629925,149.13915629925032,149.13915629925032,22242.487941652216,3.348807820798256,15.5,4.1,1592.1,5395.1,0.22785951454087472,35.4,915.1
631,32,svr,loso,Riyadh - K.A.CARE City T2,24.52958,46.43635,01-02-2017 00:00,4382.4,4524.183435350293,141.78343535029308,141.78343535029308,20102.542539730737,3.2352919713009554,12.5,4.0,2183.0,3572.6,0.3792827854611161,45.5,915.3
632,32,svr,loso,Riyadh - K.A.CARE City T2,24.52958,46.43635,01-03-2017 00:00,5313.7,5385.428487044566,71.72848704456646,71.72848704456646,5144.975853702539,1.3498783718419645,19.9,5.0,2812.6,3552.7,0.4418644839991831,40.5,911.5
633,32,svr,loso,Riyadh - K.A.CARE City T2,24.52958,46.43635,01-04-2017 00:00,6906.3,6862.083746375458,-44.21625362454233,44.21625362454233,1955.077084589853,0.6402307114452359,27.5,4.2,3176.3,4950.9,0.39082340781572994,20.8,912.2
634,32,svr,loso,Riyadh - K.A.CARE City T2,24.52958,46.43635,01-05-2017 00:00,7135.2,7053.844953070895,-81.3550469291049,81.3550469291049,6618.64366083686,1.1401929438432685,32.1,4.1,3651.4,4332.6,0.45733967935871744,19.4,909.9
635,32,svr,loso,Riyadh - K.A.CARE City T2,24.52958,46.43635,01-06-2017 00:00,8050.4,7924.2588101306865,-126.14118986931317,126.14118986931317,15911.599781646115,1.5668934446650251,35.0,4.2,2687.6,7045.4,0.2761327442720641,10.3,906.8
636,32,svr,loso,Riyadh - K.A.CARE City T2,24.52958,46.43635,01-09-2017 00:00,7016.5,6901.505245994031,-114.9947540059693,114.9947540059693,13223.793448893392,1.638919033791339,33.0,3.3,2178.3,6788.4,0.24293218240824382,11.4,909.2
637,32,svr,loso,Riyadh - K.A.CARE City T2,24.52958,46.43635,01-10-2017 00:00,6247.4,6379.653745781705,132.25374578170522,132.25374578170522,17491.053273291913,2.1169405797884755,28.3,3.5,1682.9,7268.5,0.18800411108876824,17.3,913.0
638,32,svr,loso,Riyadh - K.A.CARE City T2,24.52958,46.43635,01-11-2017 00:00,4778.9,4788.850947031226,9.950947031225951,9.950947031225951,99.02134681826456,0.2082267264689772,20.5,3.7,1551.5,5817.6,0.21054131440745816,36.4,914.9
639,32,svr,loso,Riyadh - K.A.CARE City T2,24.52958,46.43635,01-03-2018 00:00,6516.1,6591.169612467274,75.06961246727406,75.06961246727406,5635.446715986708,1.152063542107611,23.4,4.2,2321.5,6119.7,0.2750201393166848,24.6,912.7
640,32,svr,loso,Riyadh - K.A.CARE City T2,24.52958,46.43635,01-04-2018 00:00,6333.4,6074.739897263771,-258.6601027362285,258.6601027362285,66905.04874751628,4.084063895162607,23.9,4.4,3398.0,3732.5,0.47654442184980017,37.1,910.3
641,32,svr,loso,Riyadh - K.A.CARE City T2,24.52958,46.43635,01-05-2018 00:00,6973.1,6922.447706271467,-50.65229372853355,50.65229372853355,2565.6548599616394,0.7263956307601145,30.2,4.7,3305.2,4630.5,0.4164975994556246,19.2,909.3
642,32,svr,loso,Riyadh - K.A.CARE City T2,24.52958,46.43635,01-06-2018 00:00,7410.6,7272.612025235069,-137.9879747649311,137.9879747649311,19040.68117972726,1.8620351221889062,34.9,4.2,2911.6,5774.3,0.33520993794540577,12.7,906.1
643,32,svr,loso,Riyadh - K.A.CARE City T2,24.52958,46.43635,01-07-2018 00:00,7248.4,7136.959232874964,-111.44076712503556,111.44076712503556,12419.044577416407,1.5374533293559347,35.5,4.1,2646.8,5873.9,0.3106317556069337,11.9,903.8
644,32,svr,loso,Riyadh - K.A.CARE City T2,24.52958,46.43635,01-08-2018 00:00,6973.3,6946.170201256582,-27.129798743418178,27.129798743418178,736.0259798583745,0.3890525109118807,34.9,3.8,2200.2,6321.8,0.2581788312602675,13.1,905.2
645,32,svr,loso,Riyadh - K.A.CARE City T2,24.52958,46.43635,01-09-2018 00:00,6134.3,6285.791464874894,151.4914648748936,151.4914648748936,22949.663929941125,2.469580308672442,34.1,3.8,2148.2,5530.4,0.2797645404110124,14.1,909.3
646,32,svr,loso,Riyadh - K.A.CARE City T2,24.52958,46.43635,01-10-2018 00:00,4837.2,4787.083778891498,-50.11622110850203,50.11622110850203,2511.6356181962647,1.0360584864901603,26.6,3.3,1889.3,4590.4,0.29157214068552556,31.7,914.0
647,32,svr,loso,Riyadh - K.A.CARE City T2,24.52958,46.43635,01-11-2018 00:00,4170.4,4174.704219802643,4.304219802643274,4.304219802643274,18.52630810946651,0.10320880017847868,18.6,4.2,1939.7,3934.5,0.33020666643968544,61.9,914.7
648,32,svr,loso,Riyadh - K.A.CARE City T2,24.52958,46.43635,01-12-2018 00:00,4232.3,4354.033235339036,121.73323533903567,121.73323533903567,14818.980586109044,2.8762903229694414,16.2,4.0,1421.4,5444.5,0.2070231142312006,53.7,915.9
649,32,svr,loso,Riyadh - K.A.CARE City T2,24.52958,46.43635,01-01-2019 00:00,4320.6,4608.797460131994,288.19746013199347,288.19746013199347,83057.77602653197,6.670311070962215,16.3,4.2,2091.7,4040.2,0.34111776121593634,38.3,915.5
650,32,svr,loso,Riyadh - K.A.CARE City T2,24.52958,46.43635,01-02-2019 00:00,5126.5,5020.263000193624,-106.23699980637593,106.23699980637593,11286.30012785992,2.0723105394787074,15.8,4.3,2088.4,5041.8,0.29289500995764495,39.8,914.1
651,32,svr,loso,Riyadh - K.A.CARE City T2,24.52958,46.43635,01-03-2019 00:00,6260.1,6206.907992649015,-53.19200735098548,53.19200735098548,2829.389646027293,0.8496990040252627,18.5,4.7,2449.2,5593.9,0.30450945530951995,29.3,912.0
652,32,svr,loso,Riyadh - K.A.CARE City T2,24.52958,46.43635,01-04-2019 00:00,6572.3,6410.094303213535,-162.20569678646552,162.20569678646552,26310.688069982793,2.46802027884402,23.0,4.5,3001.1,4740.9,0.38763885300955825,33.8,911.1
653,32,svr,loso,Riyadh - K.A.CARE City T2,24.52958,46.43635,01-05-2019 00:00,6652.3,6612.961458796103,-39.338541203896966,39.338541203896966,1547.5208240506993,0.5913524826585836,30.0,3.7,3106.9,4519.9,0.40736612996276295,23.2,910.1
654,32,svr,loso,Riyadh - K.A.CARE City T2,24.52958,46.43635,01-06-2019 00:00,7644.4,7625.876749526267,-18.523250473732332,18.523250473732332,343.1108081126251,0.24231137137947167,35.7,3.7,2665.4,6523.1,0.2900799912934647,12.2,907.0
655,32,svr,loso,Riyadh - K.A.CARE City T2,24.52958,46.43635,01-07-2019 00:00,8069.1,8042.844366835681,-26.25563316431908,26.25563316431908,689.3582728592919,0.32538490245899887,35.8,4.2,2377.9,7498.8,0.24075855295797177,11.8,904.2
656,32,svr,loso,Riyadh - K.A.CARE City T2,24.52958,46.43635,01-08-2019 00:00,7727.3,7656.166215728183,-71.1337842718176,71.1337842718176,5060.015264829485,0.9205516062766763,35.2,3.8,2122.5,7538.9,0.21968865795847395,12.1,905.5
657,32,svr,loso,Riyadh - K.A.CARE City T2,24.52958,46.43635,01-09-2019 00:00,6933.8,7038.396695322916,104.59669532291537,104.59669532291537,10940.468672474784,1.5085046485753175,33.4,3.6,2000.0,7014.8,0.22185739006966324,15.8,908.7
658,32,svr,loso,Riyadh - K.A.CARE City T2,24.52958,46.43635,01-10-2019 00:00,5863.3,6052.524285190302,189.224285190302,189.224285190302,35805.83010578075,3.227265962688281,28.9,3.5,1793.0,6434.5,0.21792768155575812,23.9,912.5
659,32,svr,loso,Riyadh - K.A.CARE City T2,24.52958,46.43635,01-11-2019 00:00,4330.5,4327.0935167679145,-3.4064832320855203,3.4064832320855203,11.604128010479812,0.07866258473814848,19.7,3.8,1792.0,4585.7,0.28097903632971133,45.1,914.6
660,32,svr,loso,Riyadh - K.A.CARE City T2,24.52958,46.43635,01-12-2019 00:00,4290.2,4240.824606113092,-49.37539388690766,49.37539388690766,2437.929521487278,1.1508879279965423,15.8,3.9,1308.1,5898.7,0.18150913026586002,47.8,914.8
661,32,svr,loso,Riyadh - K.A.CARE City T2,24.52958,46.43635,01-01-2020 00:00,4711.8,4867.788622202077,155.98862220207684,155.98862220207684,24332.45025650226,3.3105951483950258,12.9,3.8,1245.2,6602.5,0.15867069332415867,42.8,915.0
662,32,svr,loso,Riyadh - K.A.CARE City T2,24.52958,46.43635,01-02-2020 00:00,5374.6,5374.94876351581,0.3487635158098783,0.3487635158098783,0.12163598996006723,0.006489106460199424,17.1,4.2,2102.5,5382.8,0.2808838657101252,28.7,914.9
663,32,svr,loso,Riyadh - K.A.CARE City T2,24.52958,46.43635,01-03-2020 00:00,6459.8,6485.271452647274,25.47145264727351,25.47145264727351,648.7948999622967,0.3943071402717346,20.8,4.1,2661.8,5521.4,0.32527617557923555,25.9,911.5
664,32,svr,loso,Riyadh - K.A.CARE City T2,24.52958,46.43635,01-04-2020 00:00,6450.3,6235.4241783794405,-214.8758216205597,214.8758216205597,46171.618717110585,3.3312531451337097,25.4,4.7,3234.6,4214.9,0.43420363782804217,31.9,910.6
665,32,svr,loso,Riyadh - K.A.CARE City T2,24.52958,46.43635,01-05-2020 00:00,7466.7,7392.534833100127,-74.16516689987293,74.16516689987293,5500.471981286008,0.9932790509846778,31.1,4.1,3115.5,5659.6,0.35503868901778896,16.7,910.4
666,32,svr,loso,Riyadh - K.A.CARE City T2,24.52958,46.43635,01-09-2020 00:00,6797.3,6862.055105071773,64.75510507177296,64.75510507177296,4193.223632856356,0.9526592186864337,32.8,3.3,1985.8,6821.4,0.22547461168135163,15.0,908.8
667,32,svr,loso,Riyadh - K.A.CARE City T2,24.52958,46.43635,01-10-2020 00:00,6225.2,6279.855664231933,54.65566423193286,54.65566423193286,2987.2416326337852,0.8779744302501583,25.8,3.0,1182.8,8258.0,0.125285992712482,16.5,913.4
668,32,svr,loso,Riyadh - K.A.CARE City T2,24.52958,46.43635,01-11-2020 00:00,4766.4,4856.173642781472,89.77364278147252,89.77364278147252,8059.306938255432,1.883468504143012,21.3,3.7,1291.5,6331.5,0.16942148760330578,37.4,914.8
669,32,svr,loso,Riyadh - K.A.CARE City T2,24.52958,46.43635,01-12-2020 00:00,4173.6,4216.870261333506,43.270261333505914,43.270261333505914,1872.315515869897,1.036761101531194,15.1,4.1,1383.0,5451.7,0.2023497739476495,52.1,916.0
670,32,svr,loso,Riyadh - K.A.CARE City T2,24.52958,46.43635,01-01-2021 00:00,4551.4,4536.559125836705,-14.840874163294757,14.840874163294757,220.25154593074984,0.32607272846365426,14.3,4.1,1493.6,5712.0,0.20728322415898742,43.8,916.0
671,32,svr,loso,Riyadh - K.A.CARE City T2,24.52958,46.43635,01-02-2021 00:00,5049.4,5066.94579541969,17.545795419689966,17.545795419689966,307.8549369096134,0.3474827785418063,16.2,4.3,1831.4,5467.6,0.2509110837100973,40.3,914.7
672,32,svr,loso,Riyadh - K.A.CARE City T2,24.52958,46.43635,01-10-2021 00:00,5891.9,5933.227236779274,41.327236779274244,41.327236779274244,1707.9404998101977,0.7014246131005999,28.5,3.5,1655.6,6715.0,0.1977874943253769,20.3,913.1
673,32,svr,loso,Riyadh - K.A.CARE City T2,24.52958,46.43635,01-11-2021 00:00,4901.4,4925.415858620602,24.015858620602557,24.015858620602557,576.7614652847702,0.48997956952304567,21.6,3.1,1419.9,6272.1,0.18459438377535103,31.1,914.8
674,32,svr,loso,Riyadh - K.A.CARE City T2,24.52958,46.43635,01-12-2021 00:00,4047.2,3959.967600989335,-87.23239901066472,87.23239901066472,7609.49143715582,2.1553765321868137,16.2,3.1,1548.3,4877.7,0.24094304388422036,38.6,915.8
1263,33,svr,loso,Riyadh - K.A.CARE HQ,24.707744,46.6792,01-01-2017 00:00,4098.6,4108.352700011319,9.752700011318666,9.752700011318666,95.1151575107751,0.2379519838803168,17.1,2.6,1584.2,4669.2,0.25333418620270576,33.9,941.6
1264,33,svr,loso,Riyadh - K.A.CARE HQ,24.707744,46.6792,01-02-2017 00:00,4242.8,4338.206833371062,95.40683337106202,95.40683337106202,9102.463853893594,2.248676189569671,14.6,2.7,2143.2,3405.3,0.3862665585293322,41.5,942.2
1265,33,svr,loso,Riyadh - K.A.CARE HQ,24.707744,46.6792,01-03-2017 00:00,4810.7,4889.380448201043,78.68044820104296,78.68044820104296,6190.612929117005,1.635530134929282,22.3,3.1,2674.1,3030.1,0.46879492303916415,36.8,937.6
1266,33,svr,loso,Riyadh - K.A.CARE HQ,24.707744,46.6792,01-04-2017 00:00,6469.9,6564.777081252291,94.87708125229165,94.87708125229165,9001.660546953952,1.4664381405012699,30.2,3.1,3096.4,4439.3,0.41089746141698846,19.4,937.4
1267,33,svr,loso,Riyadh - K.A.CARE HQ,24.707744,46.6792,01-05-2017 00:00,6540.2,6626.236065700615,86.03606570061493,86.03606570061493,7402.204601240528,1.3154959435585292,35.4,3.0,3515.4,3740.9,0.4844617780411504,17.1,934.6
1268,33,svr,loso,Riyadh - K.A.CARE HQ,24.707744,46.6792,01-06-2017 00:00,7492.8,7447.023384978983,-45.77661502101728,45.77661502101728,2095.4984827824246,0.6109413706627332,38.1,3.4,2536.9,6475.5,0.28148994718388,9.9,931.1
1269,33,svr,loso,Riyadh - K.A.CARE HQ,24.707744,46.6792,01-09-2017 00:00,6676.1,6605.8058721873695,-70.2941278126309,70.2941278126309,4941.26440493849,1.052922032513457,36.2,2.6,2089.3,6434.0,0.24512806072765247,10.9,933.6
1270,33,svr,loso,Riyadh - K.A.CARE HQ,24.707744,46.6792,01-10-2017 00:00,5822.8,5873.853430050095,51.0534300500949,51.0534300500949,2606.4527198799333,0.8767848809867229,31.4,2.4,1702.9,6489.5,0.20786338557687614,16.8,937.9
1271,33,svr,loso,Riyadh - K.A.CARE HQ,24.707744,46.6792,01-11-2017 00:00,4407.8,4419.86658301854,12.066583018539859,12.066583018539859,145.60242574331448,0.2737552297867385,23.2,2.5,1544.6,5084.4,0.23300648664957005,32.7,941.0
1272,33,svr,loso,Riyadh - K.A.CARE HQ,24.707744,46.6792,01-03-2018 00:00,6302.3,6237.483985135114,-64.8160148648858,64.8160148648858,4201.115782965097,1.0284501668420387,26.2,2.7,2322.3,5757.1,0.2874347104983043,21.9,938.5
1273,33,svr,loso,Riyadh - K.A.CARE HQ,24.707744,46.6792,01-04-2018 00:00,6082.4,6023.720132174562,-58.67986782543721,58.67986782543721,3443.3268880107817,0.9647485832144748,27.1,3.1,3386.4,3416.9,0.4977584407566916,31.5,935.7
1274,33,svr,loso,Riyadh - K.A.CARE HQ,24.707744,46.6792,01-05-2018 00:00,7086.7,7079.116304132161,-7.583695867839197,7.583695867839197,57.5124430158813,0.10701307897666328,33.3,3.2,3467.3,4535.6,0.4332554449012233,16.8,934.2
1275,33,svr,loso,Riyadh - K.A.CARE HQ,24.707744,46.6792,01-06-2018 00:00,7754.9,7715.7059136407615,-39.1940863592381,39.1940863592381,1536.176405535414,0.5054105966451934,37.8,3.5,3174.8,5832.1,0.3524853168126658,11.3,930.2
1276,33,svr,loso,Riyadh - K.A.CARE HQ,24.707744,46.6792,01-07-2018 00:00,7531.5,7413.471275881893,-118.02872411810677,118.02872411810677,13930.779716948158,1.5671343572742051,38.3,3.2,2885.3,5908.8,0.32809497276583166,10.5,927.8
1277,33,svr,loso,Riyadh - K.A.CARE HQ,24.707744,46.6792,01-08-2018 00:00,7326.4,7326.943393180345,0.543393180345447,0.543393180345447,0.2952761484459395,0.007416919364837397,37.6,3.1,2438.2,6450.5,0.27430332894574005,11.6,929.4
1278,33,svr,loso,Riyadh - K.A.CARE HQ,24.707744,46.6792,01-09-2018 00:00,6539.8,6599.2902228171,59.49022281709949,59.49022281709949,3539.0866108281452,0.9096642529909095,37.4,2.9,2324.2,5837.6,0.2847656154279693,12.6,933.7
1279,33,svr,loso,Riyadh - K.A.CARE HQ,24.707744,46.6792,01-10-2018 00:00,5113.3,5324.081438450921,210.7814384509211,210.7814384509211,44428.81479543944,4.122219280130661,29.6,2.4,2007.3,4774.6,0.2959790029342809,28.3,939.4
1280,33,svr,loso,Riyadh - K.A.CARE HQ,24.707744,46.6792,01-11-2018 00:00,3924.8,3755.2571070090316,-169.54289299096854,169.54289299096854,28744.79256374701,4.319784269032015,21.4,2.7,1902.8,3547.2,0.3491376146788991,53.4,941.1
1281,33,svr,loso,Riyadh - K.A.CARE HQ,24.707744,46.6792,01-12-2018 00:00,3989.0,3902.7377519536885,-86.26224804631147,86.26224804631147,7441.175438003367,2.1625030846405484,18.5,2.6,1469.9,4769.5,0.23558354970029172,48.2,942.7
1282,33,svr,loso,Riyadh - K.A.CARE HQ,24.707744,46.6792,01-01-2019 00:00,4154.9,4222.918947824792,68.01894782479212,68.01894782479212,4626.577263191793,1.6370778556593932,18.2,2.7,2126.0,3618.2,0.3701124612652763,34.7,942.0
1283,33,svr,loso,Riyadh - K.A.CARE HQ,24.707744,46.6792,01-02-2019 00:00,4844.9,4696.275679300954,-148.6243206990457,148.6243206990457,22089.18870325279,3.067644754257998,18.0,3.1,2038.2,4674.0,0.30365602931974617,34.9,940.5
1284,33,svr,loso,Riyadh - K.A.CARE HQ,24.707744,46.6792,01-03-2019 00:00,6177.3,6093.896466151341,-83.40353384865921,83.40353384865921,6956.149458444443,1.3501616215605396,20.7,3.3,2522.5,5358.4,0.32007765610526717,27.1,938.1
1285,33,svr,loso,Riyadh - K.A.CARE HQ,24.707744,46.6792,01-04-2019 00:00,6201.2,6133.549075471548,-67.65092452845147,67.65092452845147,4576.647589554236,1.0909327957242385,25.6,3.1,2914.4,4333.6,0.4020971302428256,30.0,936.7
1286,33,svr,loso,Riyadh - K.A.CARE HQ,24.707744,46.6792,01-05-2019 00:00,6293.4,6307.323901586881,13.923901586881584,13.923901586881584,193.8750354011635,0.22124609252362135,33.1,2.7,3011.6,4159.6,0.4199576082106202,20.4,935.0
1287,33,svr,loso,Riyadh - K.A.CARE HQ,24.707744,46.6792,01-06-2019 00:00,7447.6,7438.9640717441725,-8.635928255827821,8.635928255827821,74.57925683980535,0.11595585498452951,38.8,2.9,2646.8,6268.4,0.2968862167982771,10.8,931.2
1288,33,svr,loso,Riyadh - K.A.CARE HQ,24.707744,46.6792,01-07-2019 00:00,7800.8,7852.463063474171,51.663063474170485,51.663063474170485,2669.0721275361684,0.6622790415620255,38.8,3.5,2377.1,7142.7,0.2497006239626883,10.6,928.3
1289,33,svr,loso,Riyadh - K.A.CARE HQ,24.707744,46.6792,01-08-2019 00:00,7400.6,7372.5472469830465,-28.05275301695383,28.05275301695383,786.9569518302122,0.3790605223489153,38.0,3.0,2153.1,7024.4,0.23460637428493597,11.0,929.6
1290,33,svr,loso,Riyadh - K.A.CARE HQ,24.707744,46.6792,01-09-2019 00:00,6625.9,6568.153167953587,-57.74683204641224,57.74683204641224,3334.696611396543,0.8715318982540068,36.8,2.8,1975.7,6583.0,0.23084113241496954,14.0,933.3
1291,33,svr,loso,Riyadh - K.A.CARE HQ,24.707744,46.6792,01-10-2019 00:00,5582.8,5719.621353963016,136.821353963016,136.821353963016,18720.082900272915,2.4507658157737335,31.9,2.5,1800.4,5925.4,0.23303735535478529,21.7,937.6
1292,33,svr,loso,Riyadh - K.A.CARE HQ,24.707744,46.6792,01-11-2019 00:00,4037.4,4090.4158501418656,53.015850141865485,53.015850141865485,2810.6803662647385,1.31311859468632,22.2,2.5,1709.9,4156.5,0.291473476067094,40.6,940.8
1293,33,svr,loso,Riyadh - K.A.CARE HQ,24.707744,46.6792,01-12-2019 00:00,3868.2,3760.219727372611,-107.98027262738879,107.98027262738879,11659.739276685208,2.7914862889041103,17.9,2.5,1249.2,5068.1,0.19774270653602014,44.3,941.8
1294,33,svr,loso,Riyadh - K.A.CARE HQ,24.707744,46.6792,01-01-2020 00:00,4365.8,4426.78295620502,60.982956205019946,60.982956205019946,3718.920947503381,1.3968334830963385,15.0,2.7,1284.0,5824.0,0.18064153066966798,38.5,942.2
1295,33,svr,loso,Riyadh - K.A.CARE HQ,24.707744,46.6792,01-02-2020 00:00,5206.5,5249.488105273192,42.98810527319165,42.98810527319165,1847.9771949790077,0.825662254358814,18.9,3.1,2164.8,4979.0,0.30303199977602957,26.8,941.5
1296,33,svr,loso,Riyadh - K.A.CARE HQ,24.707744,46.6792,01-03-2020 00:00,6299.3,6420.141161261151,120.84116126115077,120.84116126115077,14602.586254943446,1.9183268182361652,23.1,3.0,2696.3,5170.0,0.342765976380255,24.0,937.3
1297,33,svr,loso,Riyadh - K.A.CARE HQ,24.707744,46.6792,01-04-2020 00:00,6176.2,6087.50756427276,-88.69243572724008,88.69243572724008,7866.348155230613,1.4360356809565766,27.8,3.1,3111.0,3991.0,0.43804562095184457,29.4,936.0
1298,33,svr,loso,Riyadh - K.A.CARE HQ,24.707744,46.6792,01-05-2020 00:00,7168.5,7008.826872715031,-159.67312728496927,159.67312728496927,25495.507576961998,2.2274273179182433,33.9,3.0,3117.4,5301.3,0.3702947010821148,14.7,935.2
1299,33,svr,loso,Riyadh - K.A.CARE HQ,24.707744,46.6792,01-09-2020 00:00,6645.7,6758.254611598823,112.55461159882361,112.55461159882361,12668.540592162039,1.6936456896763863,35.6,2.8,2015.4,6533.6,0.23574687097906188,14.1,933.2
1300,33,svr,loso,Riyadh - K.A.CARE HQ,24.707744,46.6792,01-10-2020 00:00,6005.1,6107.744635125234,102.64463512523344,102.64463512523344,10535.921119992305,1.7092910213857127,28.3,2.4,1236.0,7759.2,0.13740661686232655,15.9,938.5
1301,33,svr,loso,Riyadh - K.A.CARE HQ,24.707744,46.6792,01-11-2020 00:00,4552.7,4624.455362349841,71.75536234984156,71.75536234984156,5148.83202595706,1.576105659275629,23.6,2.7,1309.7,5832.6,0.18337230303963709,34.3,940.6
1302,33,svr,loso,Riyadh - K.A.CARE HQ,24.707744,46.6792,01-12-2020 00:00,3870.4,3848.199427776061,-22.20057222393916,22.20057222393916,492.865407070339,0.5735989102919379,17.3,2.5,1472.9,4618.6,0.24179594516949848,46.6,942.6
1303,33,svr,loso,Riyadh - K.A.CARE HQ,24.707744,46.6792,01-01-2021 00:00,4261.2,4209.205089479818,-51.9949105201822,51.9949105201822,2703.4707200017538,1.2201940889932932,16.6,2.4,1517.5,5078.2,0.2300741392119108,38.3,942.7
1304,33,svr,loso,Riyadh - K.A.CARE HQ,24.707744,46.6792,01-02-2021 00:00,4898.9,4939.017030945389,40.11703094538916,40.11703094538916,1609.3761718733115,0.8188987516664794,18.3,2.9,1792.8,5224.7,0.2554755967224795,36.0,941.2
1305,33,svr,loso,Riyadh - K.A.CARE HQ,24.707744,46.6792,01-10-2021 00:00,5736.8,5697.598307278821,-39.201692721178915,39.201692721178915,1536.772712205732,0.6833372737620086,31.2,2.7,1698.3,6358.3,0.21079611746890747,19.3,938.2
1306,33,svr,loso,Riyadh - K.A.CARE HQ,24.707744,46.6792,01-11-2021 00:00,4751.9,4748.974450780066,-2.9255492199336004,2.9255492199336004,8.558838238254097,0.06156588353992299,24.0,2.5,1483.4,5832.1,0.20277492994327115,28.5,940.6
1307,33,svr,loso,Riyadh - K.A.CARE HQ,24.707744,46.6792,01-12-2021 00:00,3876.0,3880.459295970632,4.459295970631956,4.459295970631956,19.8853205536944,0.11504891565097926,18.1,2.5,1548.0,4454.6,0.2578882484256822,35.1,942.2
535,34,svr,loso,Riyadh - KSU,24.72359,46.61639,01-01-2017 00:00,4379.7,4286.389634829144,-93.31036517085613,93.31036517085613,8706.82424831852,2.130519560035074,16.9,1.9,1684.0,4945.2,0.2540276353104447,36.5,942.7
536,34,svr,loso,Riyadh - KSU,24.72359,46.61639,01-02-2017 00:00,4482.8,4531.235146833054,48.435146833054205,48.435146833054205,2345.9634487395206,1.0804663788938655,14.5,2.0,2240.0,3624.6,0.381952733349248,44.1,943.2
537,34,svr,loso,Riyadh - KSU,24.72359,46.61639,01-03-2017 00:00,5128.6,5106.819944287266,-21.780055712734793,21.780055712734793,474.3708268498315,0.42467838616259396,22.3,2.2,2825.4,3235.2,0.4661914661914662,39.3,938.5
538,34,svr,loso,Riyadh - KSU,24.72359,46.61639,01-04-2017 00:00,6876.9,6914.7331014152805,37.83310141528091,37.83310141528091,1431.34356269893,0.5501476161538035,29.7,2.2,3292.8,4711.6,0.4113737444405577,21.4,938.4
539,34,svr,loso,Riyadh - KSU,24.72359,46.61639,01-05-2017 00:00,7158.3,7000.3986894197,-157.90131058030056,157.90131058030056,24932.823882976536,2.2058493019334278,34.7,2.1,3808.4,4143.5,0.4789295640035715,19.2,935.5
540,34,svr,loso,Riyadh - KSU,24.72359,46.61639,01-06-2017 00:00,8177.0,8121.066008053831,-55.933991946169044,55.933991946169044,3128.6114550341035,0.684040503193947,37.0,2.3,2797.7,7017.4,0.2850403969394097,11.4,932.0
541,34,svr,loso,Riyadh - KSU,24.72359,46.61639,01-09-2017 00:00,6742.2,6724.650176055571,-17.54982394442868,17.54982394442868,307.99632048044225,0.26029818077821304,35.1,1.6,2054.9,6637.3,0.23640735371942662,12.7,934.6
542,34,svr,loso,Riyadh - KSU,24.72359,46.61639,01-10-2017 00:00,5978.9,6053.870524149034,74.97052414903465,74.97052414903465,5620.579491180987,1.2539183486767576,30.4,1.4,1745.2,6675.4,0.20725363988314371,19.1,938.9
543,34,svr,loso,Riyadh - KSU,24.72359,46.61639,01-11-2017 00:00,4498.9,4384.213017750164,-114.68698224983564,114.68698224983564,13153.103897574114,2.549222748890521,22.8,1.6,1577.4,5164.4,0.23397312290486225,35.5,941.8
544,34,svr,loso,Riyadh - KSU,24.72359,46.61639,01-03-2018 00:00,6286.7,6203.754503938548,-82.9454960614521,82.9454960614521,6879.955316880367,1.3193805344847394,25.9,1.9,2318.5,5733.3,0.2879480364638963,23.0,939.4
545,34,svr,loso,Riyadh - KSU,24.72359,46.61639,01-04-2018 00:00,6105.1,6004.111557645784,-100.9884423542162,100.9884423542162,10198.66548913085,1.654165244700598,26.9,2.2,3399.3,3434.4,0.4974318451205057,33.4,936.7
546,34,svr,loso,Riyadh - KSU,24.72359,46.61639,01-05-2018 00:00,7141.6,7226.743300624152,85.14330062415138,85.14330062415138,7249.381641174617,1.192216038760941,33.1,2.2,3500.5,4557.7,0.4344022238216972,18.1,935.1
547,34,svr,loso,Riyadh - KSU,24.72359,46.61639,01-06-2018 00:00,7787.4,7796.973194621554,9.573194621554649,9.573194621554649,91.64605526216285,0.12293184659263232,37.5,2.4,3191.4,5845.5,0.3531520764864058,12.6,931.0
548,34,svr,loso,Riyadh - KSU,24.72359,46.61639,01-07-2018 00:00,7549.8,7395.925309586062,-153.87469041393797,153.87469041393797,23677.420349985252,2.038129359902752,38.0,2.2,2897.7,5911.1,0.3289551357733176,11.8,928.6
549,34,svr,loso,Riyadh - KSU,24.72359,46.61639,01-08-2018 00:00,7345.4,7439.390054427115,93.99005442711496,93.99005442711496,8834.13033121203,1.2795770744563257,37.0,1.9,2459.3,6446.6,0.2761427817514232,13.3,930.3
550,34,svr,loso,Riyadh - KSU,24.72359,46.61639,01-09-2018 00:00,6565.6,6669.441301124286,103.84130112428556,103.84130112428556,10783.015819184551,1.5815965201091378,36.4,1.7,2366.5,5812.3,0.2893456252751015,14.3,934.6
551,34,svr,loso,Riyadh - KSU,24.72359,46.61639,01-10-2018 00:00,5125.0,5067.358177343015,-57.641822656984914,57.641822656984914,3322.5797192192995,1.1247184908679984,29.1,1.5,2006.4,4792.2,0.29511958344365014,30.6,940.2
552,34,svr,loso,Riyadh - KSU,24.72359,46.61639,01-11-2018 00:00,3889.5,3691.1099666427326,-198.39003335726738,198.39003335726738,39358.60533549767,5.100656468884622,21.3,1.9,1887.6,3492.5,0.3508484972398282,56.6,941.9
553,34,svr,loso,Riyadh - KSU,24.72359,46.61639,01-12-2018 00:00,3977.8,3703.4796352826547,-274.32036471734546,274.32036471734546,75251.66249865743,6.89628349131041,18.4,1.8,1442.7,4760.7,0.2325660121868653,50.5,943.5
554,34,svr,loso,Riyadh - KSU,24.72359,46.61639,01-01-2019 00:00,4125.2,4113.793266245224,-11.406733754775814,11.406733754775814,130.11357495234193,0.276513472189853,18.2,1.9,2100.8,3592.9,0.368969211584734,36.5,942.9
555,34,svr,loso,Riyadh - KSU,24.72359,46.61639,01-02-2019 00:00,4913.4,4731.066504773647,-182.33349522635308,182.33349522635308,33245.50348145852,3.7109434449943643,18.1,2.2,2046.4,4755.0,0.30087923074661105,36.8,941.6
556,34,svr,loso,Riyadh - KSU,24.72359,46.61639,01-03-2019 00:00,6189.1,6048.314476623132,-140.7855233768687,140.7855233768687,19820.563592498842,2.274733376046092,21.0,2.4,2525.2,5356.4,0.3203917986195696,28.0,939.2
557,34,svr,loso,Riyadh - KSU,24.72359,46.61639,01-04-2019 00:00,6199.7,6115.634967009143,-84.06503299085671,84.06503299085671,7066.929771753827,1.355953239525408,25.7,2.2,2922.9,4329.2,0.40304187752513065,31.3,937.7
558,34,svr,loso,Riyadh - KSU,24.72359,46.61639,01-05-2019 00:00,6209.3,6221.295926514332,11.995926514331586,11.995926514331586,143.90225293724356,0.19319289637046988,32.9,1.8,2962.2,4113.4,0.41865000847984624,21.9,935.9
559,34,svr,loso,Riyadh - KSU,24.72359,46.61639,01-06-2019 00:00,7261.7,7322.565663641588,60.86566364158807,60.86566364158807,3704.6290105309363,0.8381737560294157,38.0,1.9,2606.6,6062.2,0.300687523071244,12.3,932.0
560,34,svr,loso,Riyadh - KSU,24.72359,46.61639,01-07-2019 00:00,7737.8,7921.5200133758335,183.72001337583333,183.72001337583333,33753.04331481638,2.37431845454565,38.0,2.3,2394.1,7027.0,0.2541210686650179,11.9,929.0
561,34,svr,loso,Riyadh - KSU,24.72359,46.61639,01-08-2019 00:00,7412.5,7408.3954366006465,-4.1045633993535375,4.1045633993535375,16.847440699312667,0.05537353658487065,37.3,2.0,2176.6,7002.8,0.237117894415757,12.4,930.4
562,34,svr,loso,Riyadh - KSU,24.72359,46.61639,01-09-2019 00:00,6639.2,6732.436268460364,93.23626846036404,93.23626846036404,8693.001756413076,1.4043298659531878,35.9,1.7,2004.4,6547.9,0.23436970171766663,15.8,934.0
563,34,svr,loso,Riyadh - KSU,24.72359,46.61639,01-10-2019 00:00,5614.5,5728.5359199332215,114.03591993322152,114.03591993322152,13004.191035016109,2.0310966236213646,31.2,1.6,1800.2,5991.1,0.23105258429273678,23.6,938.3
564,34,svr,loso,Riyadh - KSU,24.72359,46.61639,01-11-2019 00:00,4052.7,4031.3112178798397,-21.38878212016016,21.38878212016016,457.48000058368285,0.5277662328857344,22.1,1.7,1703.6,4160.2,0.2905283263412804,42.8,941.5
565,34,svr,loso,Riyadh - KSU,24.72359,46.61639,01-12-2019 00:00,3978.1,3837.7041360435164,-140.39586395648348,140.39586395648348,19710.998616087418,3.529219073338616,17.8,1.8,1288.7,5120.3,0.2010766110157591,46.3,942.3
566,34,svr,loso,Riyadh - KSU,24.72359,46.61639,01-01-2020 00:00,4446.7,4451.106037864236,4.406037864236168,4.406037864236168,19.413169661082815,0.09908556602055837,14.8,1.8,1305.5,5841.8,0.1826563877268339,40.8,942.8
567,34,svr,loso,Riyadh - KSU,24.72359,46.61639,01-02-2020 00:00,5154.1,5167.52731860472,13.427318604719403,13.427318604719403,180.2928849126438,0.26051723103392255,19.0,2.2,2118.4,4982.2,0.2983409852688505,27.8,942.4
568,34,svr,loso,Riyadh - KSU,24.72359,46.61639,01-03-2020 00:00,6235.7,6285.056211621262,49.356211621262446,49.356211621262446,2436.035625602842,0.791510361647649,23.1,2.0,2676.4,5101.0,0.34412528608532417,24.9,938.4
569,34,svr,loso,Riyadh - KSU,24.72359,46.61639,01-04-2020 00:00,6285.3,6190.286724343311,-95.01327565668907,95.01327565668907,9027.522551013984,1.511674473083052,28.4,2.3,3200.1,3992.3,0.4449279795339525,29.0,936.7
570,34,svr,loso,Riyadh - KSU,24.72359,46.61639,01-05-2020 00:00,7182.2,7266.615217729309,84.415217729309,84.415217729309,7125.928984286646,1.1753392794590656,33.5,2.0,3132.4,5272.8,0.37267405891590916,16.3,936.2
571,34,svr,loso,Riyadh - KSU,24.72359,46.61639,01-09-2020 00:00,6630.2,6710.09130399715,79.89130399715032,79.89130399715032,6382.6204543650865,1.2049606949586786,35.1,1.6,2016.9,6497.7,0.23687548446198295,15.2,934.1
572,34,svr,loso,Riyadh - KSU,24.72359,46.61639,01-10-2020 00:00,5985.7,5915.681430392518,-70.01856960748137,70.01856960748137,4902.600089877714,1.1697640978913304,27.8,1.4,1247.3,7725.2,0.1390136528280858,17.0,939.5
573,34,svr,loso,Riyadh - KSU,24.72359,46.61639,01-11-2020 00:00,4530.7,4586.180317399128,55.48031739912858,55.48031739912858,3078.0656187080494,1.2245418456116843,23.5,1.8,1331.9,5734.9,0.18847285900266036,36.1,941.6
574,34,svr,loso,Riyadh - KSU,24.72359,46.61639,01-12-2020 00:00,3933.7,3911.0657102178316,-22.634289782168253,22.634289782168253,512.3110739431662,0.575394406847707,17.5,1.7,1489.7,4640.4,0.24301398019608167,49.0,943.6
575,34,svr,loso,Riyadh - KSU,24.72359,46.61639,01-01-2021 00:00,4327.6,4321.4675281112995,-6.13247188870082,6.13247188870082,37.6072114657058,0.14170607007812228,16.7,1.6,1550.3,5067.0,0.2342798422317259,40.7,943.8
576,34,svr,loso,Riyadh - KSU,24.72359,46.61639,01-02-2021 00:00,4880.6,5218.865795252495,338.2657952524951,338.2657952524951,114423.74823780292,6.9308239817337025,18.5,2.0,1799.3,5203.8,0.25692907426711026,37.6,942.2
577,34,svr,loso,Riyadh - KSU,24.72359,46.61639,01-03-2021 00:00,6313.1,6416.754933511308,103.65493351130772,103.65493351130772,10744.345241233623,1.6419022906544758,25.3,2.2,2866.7,4834.0,0.37226485903878864,20.6,939.3
578,34,svr,loso,Riyadh - KSU,24.72359,46.61639,01-04-2021 00:00,6907.5,6959.378580945284,51.87858094528383,51.87858094528383,2691.3871608963664,0.7510471363776161,29.6,1.9,3077.5,5034.0,0.3793996178265426,16.8,938.1
579,34,svr,loso,Riyadh - KSU,24.72359,46.61639,01-05-2021 00:00,7581.9,7302.706989414105,-279.1930105858946,279.1930105858946,77948.73716001547,3.6823620805588924,35.5,1.8,2738.9,6268.5,0.30407220729622314,12.8,934.2
580,34,svr,loso,Riyadh - KSU,24.72359,46.61639,01-07-2021 00:00,7521.9,7493.8805831713225,-28.019416828677095,28.019416828677095,785.0877194191531,0.3725045112096292,39.5,2.0,2563.7,6441.0,0.28470687529845523,16.3,928.0
581,34,svr,loso,Riyadh - KSU,24.72359,46.61639,01-08-2021 00:00,7314.8,7263.814375107274,-50.985624892726264,50.985624892726264,2599.533945701788,0.6970200811057892,38.6,1.8,2211.4,6769.8,0.24622544871509375,13.5,930.7
582,34,svr,loso,Riyadh - KSU,24.72359,46.61639,01-09-2021 00:00,6750.1,6818.662071384102,68.56207138410173,68.56207138410173,4700.757632478661,1.015719343181608,34.3,2.1,1875.2,6940.9,0.21270176154989168,15.4,933.7
583,34,svr,loso,Riyadh - KSU,24.72359,46.61639,01-10-2021 00:00,5645.1,5732.932892854436,87.83289285443607,87.83289285443607,7714.617067178847,1.5559138519146882,30.8,1.6,1681.4,6241.3,0.2122256301513373,20.7,939.0
584,34,svr,loso,Riyadh - KSU,24.72359,46.61639,01-11-2021 00:00,4651.8,4692.797419551155,40.99741955115496,40.99741955115496,1680.7884098534232,0.8813237789921097,23.7,1.5,1465.7,5656.9,0.20578159660798026,30.5,941.5
585,34,svr,loso,Riyadh - KSU,24.72359,46.61639,01-12-2021 00:00,3779.4,3871.0090379358553,91.60903793585521,91.60903793585521,8392.21583153296,2.4239042688219086,18.2,1.6,1528.9,4263.2,0.26396298406450164,37.3,943.2
1021,35,svr,loso,Shaqra - University,25.17279,45.14198,01-01-2017 00:00,4376.5,4527.107522200615,150.60752220061477,150.60752220061477,22682.62574340867,3.441277783631093,15.8,2.0,1651.9,5148.0,0.24293004308886898,37.4,928.8
1022,35,svr,loso,Shaqra - University,25.17279,45.14198,01-02-2017 00:00,4770.5,4797.138009872908,26.638009872907787,26.638009872907787,709.5835699891328,0.5583903128164299,13.7,2.0,2193.4,4202.8,0.3429223601513398,42.1,929.2
1023,35,svr,loso,Shaqra - University,25.17279,45.14198,01-03-2017 00:00,5267.3,5303.387908819289,36.087908819288714,36.087908819288714,1302.337162949296,0.6851310694148561,21.5,2.4,2988.1,3208.7,0.48220049057578107,39.0,924.4
1024,35,svr,loso,Shaqra - University,25.17279,45.14198,01-04-2017 00:00,6521.1,6535.473362383575,14.373362383574204,14.373362383574204,206.5935462095459,0.22041315703752745,28.1,2.1,3339.2,4171.1,0.44461606061009545,23.4,924.6
1025,35,svr,loso,Shaqra - University,25.17279,45.14198,01-05-2017 00:00,7071.3,6971.163316877804,-100.13668312219579,100.13668312219579,10027.355306715051,1.4161000540522364,33.2,2.1,3783.9,4083.1,0.4809838566162451,18.9,922.0
1026,35,svr,loso,Shaqra - University,25.17279,45.14198,01-06-2017 00:00,8038.0,7874.511813374349,-163.488186625651,163.488186625651,26728.38716614369,2.033941112536091,36.1,1.9,2708.2,7005.7,0.2787963639732754,9.7,918.9
1027,35,svr,loso,Shaqra - University,25.17279,45.14198,01-09-2017 00:00,6905.7,6718.457884647327,-187.24211535267295,187.24211535267295,35059.60976174368,2.7114139819666794,34.1,1.6,2195.5,6640.8,0.24846372350418164,10.2,921.5
1028,35,svr,loso,Shaqra - University,25.17279,45.14198,01-10-2017 00:00,6051.4,6092.513860256602,41.11386025660249,41.11386025660249,1690.349505199438,0.6794107191162788,28.9,1.6,1753.7,6887.0,0.2029580936729663,15.4,925.4
1029,35,svr,loso,Shaqra - University,25.17279,45.14198,01-11-2017 00:00,4543.3,4566.495818382083,23.195818382082507,23.195818382082507,538.0459904145567,0.5105500051082364,21.5,1.8,1716.0,5058.0,0.2533215234720992,35.9,927.9
1030,35,svr,loso,Shaqra - University,25.17279,45.14198,01-03-2018 00:00,6267.0,6465.070709779609,198.0707097796094,198.0707097796094,39232.00607259825,3.1605347020840813,24.3,2.0,2527.2,5471.2,0.3159631926385277,24.0,925.5
1031,35,svr,loso,Shaqra - University,25.17279,45.14198,01-06-2018 00:00,7855.3,7797.473067431445,-57.826932568555094,57.826932568555094,3343.954130288218,0.736151802840822,35.5,1.2,2937.8,6331.1,0.31695238917239366,12.5,918.2
1032,35,svr,loso,Shaqra - University,25.17279,45.14198,01-07-2018 00:00,7713.6,7732.662717165378,19.062717165377762,19.062717165377762,363.387185727188,0.24713126381168019,35.7,1.4,2713.8,6471.7,0.2954439061564422,11.7,916.1
1033,35,svr,loso,Shaqra - University,25.17279,45.14198,01-08-2018 00:00,7504.7,7508.386134940712,3.6861349407117814,3.6861349407117814,13.587590801136248,0.04911768545993552,35.2,1.2,2103.0,7323.4,0.22309683442247305,12.9,917.5
1034,35,svr,loso,Shaqra - University,25.17279,45.14198,01-09-2018 00:00,6501.4,6446.375295723659,-55.024704276340344,55.024704276340344,3027.7180806987076,0.846351620825366,35.1,1.0,2424.8,5671.4,0.2994985301746499,12.5,921.5
1035,35,svr,loso,Shaqra - University,25.17279,45.14198,01-10-2018 00:00,5224.4,5135.489492768333,-88.910507231667,88.910507231667,7905.07829619231,1.701831927717384,27.1,0.8,1942.9,5105.2,0.27566294462337365,31.4,926.9
1036,35,svr,loso,Shaqra - University,25.17279,45.14198,01-11-2018 00:00,3692.9,3738.9237243819307,46.023724381930606,46.023724381930606,2118.183205983914,1.2462759452444043,18.7,0.8,1877.7,3227.1,0.36783027738598967,68.3,928.3
1037,35,svr,loso,Shaqra - University,25.17279,45.14198,01-12-2018 00:00,4008.8,4028.6572987447394,19.857298744739182,19.857298744739182,394.3123134378203,0.4953427146462578,16.9,0.4,1548.2,4811.6,0.24343532815497343,54.8,929.5
1038,35,svr,loso,Shaqra - University,25.17279,45.14198,01-01-2019 00:00,4012.7,4253.295668953792,240.59566895379248,240.59566895379248,57886.27591932291,5.995854884586251,16.3,0.5,2337.2,3045.2,0.43423008323424495,41.7,928.9
1039,35,svr,loso,Shaqra - University,25.17279,45.14198,01-02-2019 00:00,4614.9,4606.477408755431,-8.422591244569048,8.422591244569048,70.94004327309119,0.18250864037290188,16.2,0.5,2060.4,4302.8,0.3237993462408851,43.0,927.8
1040,35,svr,loso,Shaqra - University,25.17279,45.14198,01-03-2019 00:00,6134.1,5951.179285199988,-182.92071480001232,182.92071480001232,33459.98790294745,2.9820302049202376,19.3,0.9,2454.1,5459.8,0.31009995071961993,28.2,925.3
1041,35,svr,loso,Shaqra - University,25.17279,45.14198,01-04-2019 00:00,6514.2,6463.876518059657,-50.32348194034239,50.32348194034239,2532.4528345999665,0.7725197559230971,23.6,0.5,2805.7,4983.8,0.36018999935811025,33.3,924.1
1042,35,svr,loso,Shaqra - University,25.17279,45.14198,01-05-2019 00:00,6931.7,6971.043362805664,39.34336280566458,39.34336280566458,1547.9001968581513,0.5675860583358279,31.2,0.4,3084.3,4914.3,0.38560498087165257,22.6,922.3
1043,35,svr,loso,Shaqra - University,25.17279,45.14198,01-06-2019 00:00,7617.1,7518.256660244668,-98.84333975533264,98.84333975533264,9770.00581398812,1.2976505462096155,36.3,1.1,2765.3,6356.2,0.3031628569862413,11.4,919.0
1044,35,svr,loso,Shaqra - University,25.17279,45.14198,01-07-2019 00:00,7863.9,7659.922165908907,-203.97783409109252,203.97783409109252,41606.956800493266,2.59385081309646,36.2,1.4,2246.1,7477.3,0.2309994446387066,11.4,916.3
1045,35,svr,loso,Shaqra - University,25.17279,45.14198,01-08-2019 00:00,7506.2,7324.602792441434,-181.59720755856597,181.59720755856597,32977.545793068886,2.4192961492974603,35.2,1.7,2065.5,7348.6,0.21940493515046577,12.1,917.7
1046,35,svr,loso,Shaqra - University,25.17279,45.14198,01-09-2019 00:00,6681.2,6497.421864104203,-183.77813589579637,183.77813589579637,33774.4032333338,2.7506755657037116,34.1,1.1,2028.3,6615.0,0.23466731456735276,13.9,920.9
1047,35,svr,loso,Shaqra - University,25.17279,45.14198,01-10-2019 00:00,5639.6,5669.56363804481,29.963638044810068,29.963638044810068,897.8196048803893,0.531307859507945,29.2,1.0,1808.2,6042.5,0.2303234106512795,22.4,924.7
1048,35,svr,loso,Shaqra - University,25.17279,45.14198,01-11-2019 00:00,4080.6,4017.832101930041,-62.76789806995885,62.76789806995885,3939.8090281207433,1.5382026679889929,20.4,0.2,1769.5,4173.6,0.29774023657687065,43.9,927.7
1049,35,svr,loso,Shaqra - University,25.17279,45.14198,01-12-2019 00:00,4239.8,4282.14839998318,42.34839998317966,42.34839998317966,1793.3869811353711,0.9988301331001382,16.5,0.2,1230.8,6053.3,0.1689707719553548,44.1,928.4
1050,35,svr,loso,Shaqra - University,25.17279,45.14198,01-01-2020 00:00,4597.3,4751.275249174246,153.97524917424562,153.97524917424562,23708.377358271027,3.349253891941914,13.1,0.4,1230.6,6521.2,0.15875022575401843,38.8,929.1
1051,35,svr,loso,Shaqra - University,25.17279,45.14198,01-02-2020 00:00,5296.2,5563.7530273031425,267.5530273031427,267.5530273031427,71584.62241907623,5.05179236628418,17.4,0.4,2156.0,5290.3,0.28953977143010623,28.6,928.3
1052,35,svr,loso,Shaqra - University,25.17279,45.14198,01-03-2020 00:00,6388.6,6395.382423547147,6.782423547146209,6.782423547146209,46.00126917288336,0.1061644733923897,21.1,0.3,2721.6,5345.2,0.3373828531759806,24.1,924.8
1053,35,svr,loso,Shaqra - University,25.17279,45.14198,01-04-2020 00:00,6946.7,6769.202491753195,-177.4975082468045,177.4975082468045,31505.36543382443,2.5551342111621995,26.2,0.3,3047.1,5120.9,0.3730533790401567,29.9,922.7
1054,35,svr,loso,Shaqra - University,25.17279,45.14198,01-05-2020 00:00,7207.3,6983.815686303518,-223.48431369648188,223.48431369648188,49945.23846838751,3.1008049296752165,31.6,0.2,3356.9,4948.0,0.4042071548122193,16.2,922.5
1055,35,svr,loso,Shaqra - University,25.17279,45.14198,01-09-2020 00:00,6670.5,6861.489246221043,190.98924622104278,190.98924622104278,36476.8921720821,2.8631923577099583,33.4,0.0,2016.7,6662.2,0.2323681572549517,12.8,921.1
1056,35,svr,loso,Shaqra - University,25.17279,45.14198,01-12-2020 00:00,3944.8,4339.443694723654,394.6436947236534,394.6436947236534,155743.64578513615,10.00414963302711,15.7,0.0,1477.4,4816.3,0.23474267918712363,53.2,929.8
1057,35,svr,loso,Shaqra - University,25.17279,45.14198,01-01-2021 00:00,4399.0,4561.3470258817015,162.34702588170148,162.34702588170148,26356.55681263385,3.6905438936508634,15.1,0.0,1464.0,5528.6,0.20936418499556672,43.2,930.1
1058,35,svr,loso,Shaqra - University,25.17279,45.14198,01-02-2021 00:00,5016.8,5302.4528866512865,285.6528866512863,285.6528866512863,81597.5716522126,5.693926141191322,16.7,0.0,1963.2,5167.6,0.2753127278846693,39.7,928.8
1059,35,svr,loso,Shaqra - University,25.17279,45.14198,01-03-2021 00:00,6316.0,6365.617937550877,49.617937550877286,49.617937550877286,2461.9397268027583,0.7855911581836177,23.1,0.0,2925.7,4811.0,0.37815864645132935,21.9,925.9
1060,35,svr,loso,Shaqra - University,25.17279,45.14198,01-04-2021 00:00,6755.0,6589.792493202331,-165.20750679766934,165.20750679766934,27293.52030230196,2.445706984421456,27.1,0.0,3187.9,4723.0,0.40297564120390855,18.5,924.9
1061,35,svr,loso,Shaqra - University,25.17279,45.14198,01-05-2021 00:00,7730.5,7449.091470954356,-281.4085290456442,281.4085290456442,79190.76021963316,3.6402371003899385,33.2,0.0,2729.1,6537.5,0.2945093130166404,11.6,920.7
1062,35,svr,loso,Shaqra - University,25.17279,45.14198,01-07-2021 00:00,7615.5,7634.538447216731,19.038447216730674,19.038447216730674,362.46247242423993,0.24999602411832017,37.6,0.0,2574.2,6625.9,0.279801306507538,13.0,915.0
1063,35,svr,loso,Shaqra - University,25.17279,45.14198,01-08-2021 00:00,7483.7,7354.652719083489,-129.04728091651123,129.04728091651123,16653.200711944963,1.7243780605383865,36.2,0.0,2113.4,7255.4,0.22557851592519856,11.5,917.7
1064,35,svr,loso,Shaqra - University,25.17279,45.14198,01-09-2021 00:00,6809.4,7188.493099073066,379.0930990730667,379.0930990730667,143711.57776482197,5.567202676786012,32.3,0.0,1882.6,7070.6,0.2102711879551445,14.0,920.7
1065,35,svr,loso,Shaqra - University,25.17279,45.14198,01-10-2021 00:00,5778.5,5897.6731045005645,119.17310450056448,119.17310450056448,14202.228836302462,2.0623536298445004,28.9,0.0,1691.3,6501.1,0.2064474390898882,17.3,925.4
1066,35,svr,loso,Shaqra - University,25.17279,45.14198,01-11-2021 00:00,4729.9,4731.108866672902,1.2088666729023316,1.2088666729023316,1.461358632853953,0.025557975282824833,21.7,0.0,1478.9,5897.1,0.20050162689804774,29.7,927.8
1067,35,svr,loso,Shaqra - University,25.17279,45.14198,01-12-2021 00:00,3911.0,3972.807578435185,61.80757843518495,61.80757843518495,3820.17675202154,1.5803522995444887,16.1,0.0,1694.5,4351.2,0.28028185321798965,38.8,929.7
0,36,svr,loso,Sharurah - TVTC,17.47586,47.08618,01-05-2017 00:00,7400.9,7448.059801347141,47.15980134714118,47.15980134714118,2224.0468631018193,0.637217113420546,34.5,3.8,2866.0,5908.4,0.3266320204230489,19.9,926.6
1,36,svr,loso,Sharurah - TVTC,17.47586,47.08618,01-06-2017 00:00,7412.5,7327.798770365136,-84.70122963486392,84.70122963486392,7174.29830165795,1.142681006878434,36.3,3.3,3404.4,5124.4,0.3991651815026733,10.1,923.4
2,36,svr,loso,Sharurah - TVTC,17.47586,47.08618,01-09-2017 00:00,6528.3,6322.271624964132,-206.02837503586852,206.02837503586852,42447.691319920494,3.155926888100555,33.9,3.3,2007.4,6131.6,0.2466396363189581,14.3,925.6
3,36,svr,loso,Sharurah - TVTC,17.47586,47.08618,01-10-2017 00:00,6073.3,5992.890505318268,-80.40949468173221,80.40949468173221,6465.6868349715205,1.3239835786431133,29.2,3.3,1451.7,6975.2,0.17226975518874083,17.7,930.1
4,36,svr,loso,Sharurah - TVTC,17.47586,47.08618,01-11-2017 00:00,5262.7,5267.298726313988,4.598726313987754,4.598726313987754,21.148283710963394,0.08738340232176933,24.8,3.5,1092.0,7020.8,0.13460211024553792,28.9,932.6
5,36,svr,loso,Sharurah - TVTC,17.47586,47.08618,01-03-2018 00:00,7122.5,7220.373099983738,97.87309998373803,97.87309998373803,9579.143700426781,1.3741396979113798,27.4,3.9,1905.3,7405.5,0.20463332903724707,18.0,930.4
6,36,svr,loso,Sharurah - TVTC,17.47586,47.08618,01-04-2018 00:00,6758.0,6659.434872900317,-98.5651270996832,98.5651270996832,9715.084280176703,1.4584955179000179,31.4,4.0,3578.9,4034.8,0.47006054874765224,24.4,927.5
7,36,svr,loso,Sharurah - TVTC,17.47586,47.08618,01-05-2018 00:00,7276.2,7209.569509866069,-66.63049013393083,66.63049013393083,4439.622215487854,0.9157319773223775,33.1,3.9,2861.0,5660.0,0.3357587137659899,21.8,926.2
8,36,svr,loso,Sharurah - TVTC,17.47586,47.08618,01-06-2018 00:00,6892.3,6882.828900255249,-9.471099744750973,9.471099744750973,89.70173037502194,0.1374156630551626,36.2,3.6,3875.3,3752.6,0.5080428427221123,14.7,922.9
9,36,svr,loso,Sharurah - TVTC,17.47586,47.08618,01-07-2018 00:00,6505.0,6648.53258391757,143.53258391757026,143.53258391757026,20601.60264605435,2.206496293890396,36.8,3.8,3845.5,3268.7,0.5405386410278036,11.9,920.8
10,36,svr,loso,Sharurah - TVTC,17.47586,47.08618,01-08-2018 00:00,6688.9,6708.534855499927,19.634855499927653,19.634855499927653,385.5275505030392,0.2935438637134305,36.6,3.7,3350.5,4163.6,0.4458950506381336,15.4,921.7
11,36,svr,loso,Sharurah - TVTC,17.47586,47.08618,01-09-2018 00:00,6771.1,6778.791338102113,7.6913381021122404,7.6913381021122404,59.15668180100352,0.11359067362928092,34.1,3.7,1989.3,6609.0,0.23135968738006352,16.3,925.9
12,36,svr,loso,Sharurah - TVTC,17.47586,47.08618,01-04-2019 00:00,6784.3,6860.083670456077,75.78367045607683,75.78367045607683,5743.164707795253,1.1170448013218288,30.9,4.0,3090.8,4821.7,0.3906224328593997,23.7,928.2
13,36,svr,loso,Sharurah - TVTC,17.47586,47.08618,01-05-2019 00:00,7180.5,7259.8808570758,79.38085707580012,79.38085707580012,6301.320470088606,1.1055059825332514,33.2,3.5,2921.6,5517.5,0.34619805429488926,23.2,927.4
14,36,svr,loso,Sharurah - TVTC,17.47586,47.08618,01-06-2019 00:00,7425.5,7476.753899177923,51.253899177922904,51.253899177922904,2626.9621809406863,0.6902417234923292,36.5,3.4,3053.4,5649.9,0.35083244286649895,13.7,923.2
15,36,svr,loso,Sharurah - TVTC,17.47586,47.08618,01-07-2019 00:00,7131.2,7208.409115166045,77.2091151660452,77.2091151660452,5961.24746472363,1.0826945698626487,37.3,3.6,3780.9,4164.7,0.4758482682239227,15.3,920.5
16,36,svr,loso,Sharurah - TVTC,17.47586,47.08618,01-08-2019 00:00,6987.6,7174.326707766587,186.72670776658651,186.72670776658651,34866.8633933482,2.672258111033638,36.3,3.9,3195.1,4911.8,0.3941210573708816,15.6,922.3
17,36,svr,loso,Sharurah - TVTC,17.47586,47.08618,01-09-2019 00:00,6840.7,6835.122688072141,-5.577311927859228,5.577311927859228,31.106408340640815,0.08153130422119415,34.7,3.8,2555.1,5726.3,0.30853478880382545,19.3,924.7
18,36,svr,loso,Sharurah - TVTC,17.47586,47.08618,01-10-2019 00:00,6614.2,6669.068052249577,54.86805224957698,54.86805224957698,3010.503157662309,0.8295493370260497,30.5,3.7,1531.1,7635.1,0.1670375946411817,20.7,929.3
19,36,svr,loso,Sharurah - TVTC,17.47586,47.08618,01-11-2019 00:00,5571.5,5463.551242186876,-107.94875781312385,107.94875781312385,11652.934313396467,1.9375169669411083,24.5,3.8,1426.3,6870.4,0.17191172393843338,36.2,932.1
20,36,svr,loso,Sharurah - TVTC,17.47586,47.08618,01-12-2019 00:00,5309.2,5325.505205509776,16.305205509775988,16.305205509775988,265.85972671602923,0.3071122864042791,22.0,3.5,1168.4,7408.1,0.13623272896869354,37.8,933.1
21,36,svr,loso,Sharurah - TVTC,17.47586,47.08618,01-01-2020 00:00,5578.3,5682.399995727887,104.09999572788638,104.09999572788638,10836.809110545963,1.866159864616216,19.9,3.4,1640.6,6715.3,0.19634031043933028,34.4,933.8
22,36,svr,loso,Sharurah - TVTC,17.47586,47.08618,01-02-2020 00:00,6153.8,6319.89115847219,166.09115847218982,166.09115847218982,27586.27292263407,2.6990015676848422,23.6,3.9,2103.2,6297.3,0.2503660496399024,23.6,932.7
23,36,svr,loso,Sharurah - TVTC,17.47586,47.08618,01-03-2020 00:00,6779.9,6703.979978641479,-75.9200213585209,75.9200213585209,5763.84964307827,1.119780842763476,26.9,4.2,3186.7,4887.2,0.394691536927631,26.1,929.2
24,36,svr,loso,Sharurah - TVTC,17.47586,47.08618,01-04-2020 00:00,7098.2,7220.434256873331,122.2342568733311,122.2342568733311,14941.213553375492,1.722045826735385,31.1,3.8,2729.7,5737.1,0.3224004346388246,34.4,927.9
25,36,svr,loso,Sharurah - TVTC,17.47586,47.08618,01-05-2020 00:00,7522.2,7546.258762866768,24.05876286676812,24.05876286676812,578.8240706793806,0.3198367879977682,34.6,3.7,2767.2,6153.8,0.3101894406456675,19.4,927.0
26,36,svr,loso,Sharurah - TVTC,17.47586,47.08618,01-09-2020 00:00,7309.1,7441.916551966332,132.81655196633164,132.81655196633164,17640.236476225273,1.8171396200124725,33.4,3.3,1963.5,7390.4,0.20991244293823969,15.2,925.1
27,36,svr,loso,Sharurah - TVTC,17.47586,47.08618,01-10-2020 00:00,6800.6,6713.340807316969,-87.25919268303096,87.25919268303096,7614.166707694324,1.283110206202849,27.6,2.8,1365.0,8286.2,0.1414331896551724,17.3,930.4
28,36,svr,loso,Sharurah - TVTC,17.47586,47.08618,01-11-2020 00:00,5977.3,6085.372043261825,108.07204326182455,108.07204326182455,11679.566534785676,1.8080411433561063,25.1,3.2,1054.2,8351.0,0.11208693063411729,26.4,932.6
29,36,svr,loso,Sharurah - TVTC,17.47586,47.08618,01-12-2020 00:00,5510.5,5691.128732685247,180.6287326852471,180.6287326852471,32626.73907147845,3.27790096516191,21.2,3.3,1098.5,7951.0,0.12138792198464003,35.8,934.1
30,36,svr,loso,Sharurah - TVTC,17.47586,47.08618,01-01-2021 00:00,5912.8,6130.555626850379,217.75562685037858,217.75562685037858,47417.51302500132,3.6827835687048194,19.8,3.2,1163.1,8247.4,0.12359598321024387,26.6,934.3
31,36,svr,loso,Sharurah - TVTC,17.47586,47.08618,01-02-2021 00:00,6299.1,6390.776538219598,91.6765382195972,91.6765382195972,8404.587659929268,1.4553910593512913,22.9,3.8,1854.5,6918.3,0.21139202991063288,25.7,932.3
32,36,svr,loso,Sharurah - TVTC,17.47586,47.08618,01-03-2021 00:00,7471.9,7700.7262144492015,228.82621444920187,228.82621444920187,52361.43641915212,3.0624903230664473,27.7,3.6,1970.8,7876.3,0.20014014278315442,16.1,930.2
33,36,svr,loso,Sharurah - TVTC,17.47586,47.08618,01-04-2021 00:00,7598.6,7660.384706501127,61.78470650112649,61.78470650112649,3817.3499574303423,0.8131064472551062,30.1,3.7,2565.5,6611.2,0.27956672878049843,19.5,929.0
34,36,svr,loso,Sharurah - TVTC,17.47586,47.08618,01-05-2021 00:00,7702.5,7805.1214870141375,102.62148701413753,102.62148701413753,10531.169596992797,1.3323140151137622,34.4,3.6,2769.7,6458.4,0.30013762312935494,13.7,925.9
35,36,svr,loso,Sharurah - TVTC,17.47586,47.08618,01-07-2021 00:00,6678.1,6695.357518761804,17.257518761804022,17.257518761804022,297.82195381401783,0.2584195918270769,34.9,4.1,3336.1,4290.0,0.4374582027510785,27.5,920.1
36,36,svr,loso,Sharurah - TVTC,17.47586,47.08618,01-08-2021 00:00,7125.3,7221.146491001778,95.8464910017774,95.8464910017774,9186.549837353796,1.3451572705960084,36.7,4.1,3060.8,5235.1,0.36895333839607514,17.9,922.0
37,36,svr,loso,Sharurah - TVTC,17.47586,47.08618,01-09-2021 00:00,7019.1,7077.052923003688,57.95292300368783,57.95292300368783,3358.54128467137,0.8256460657874631,34.0,3.4,2545.6,6044.4,0.29634458672875436,15.1,924.5
38,36,svr,loso,Sharurah - TVTC,17.47586,47.08618,01-10-2021 00:00,6476.5,6482.826200819744,6.326200819744372,6.326200819744372,40.02081681173436,0.097679314749392,29.9,3.3,1702.3,7160.0,0.1920833192286427,21.6,929.7
39,36,svr,loso,Sharurah - TVTC,17.47586,47.08618,01-11-2021 00:00,5876.1,5677.293501128291,-198.80649887170966,198.80649887170966,39524.023993627095,3.38330693609213,25.1,3.1,1249.5,7711.1,0.13944378724638976,24.9,932.5
40,36,svr,loso,Sharurah - TVTC,17.47586,47.08618,01-12-2021 00:00,5491.3,5567.929186416148,76.6291864161476,76.6291864161476,5872.0322108007,1.3954653072341268,21.0,2.5,1039.4,8066.4,0.11414702716949639,32.6,933.9
434,37,svr,loso,Tabuk - University,28.38287,36.48396,01-01-2017 00:00,4028.6,4087.607604036717,59.00760403671711,59.00760403671711,3481.8973341539936,1.4647173717101998,11.2,2.1,1282.3,5592.6,0.18651907664111475,36.7,929.7
435,37,svr,loso,Tabuk - University,28.38287,36.48396,01-02-2017 00:00,5199.5,4944.78114595667,-254.71885404332988,254.71885404332988,64881.69460514719,4.898910549924606,11.5,2.3,1318.5,6873.2,0.1609556014014185,26.5,930.0
436,37,svr,loso,Tabuk - University,28.38287,36.48396,01-03-2017 00:00,6312.4,6118.914284755687,-193.48571524431281,193.48571524431281,37436.7220036033,3.0651687986235476,17.7,2.6,1617.6,7280.9,0.1817834466483115,25.8,925.4
437,37,svr,loso,Tabuk - University,28.38287,36.48396,01-04-2017 00:00,6791.0,6732.596590748256,-58.40340925174405,58.40340925174405,3410.9582122267025,0.8600119165328235,23.1,0.4,2492.4,6099.6,0.2900837988826816,21.2,926.3
438,37,svr,loso,Tabuk - University,28.38287,36.48396,01-05-2017 00:00,7630.7,7288.20430459856,-342.49569540143966,342.49569540143966,117303.30136851573,4.488391568289144,27.5,0.0,1894.8,7888.3,0.19368093957947888,17.3,925.1
439,37,svr,loso,Tabuk - University,28.38287,36.48396,01-09-2017 00:00,6626.0,6718.961974809201,92.96197480920091,92.96197480920091,8641.928760426505,1.4029878480108802,29.9,2.8,1888.1,6915.3,0.21447395324533702,22.4,924.5
440,37,svr,loso,Tabuk - University,28.38287,36.48396,01-11-2017 00:00,4388.9,4367.851853976857,-21.04814602314309,21.04814602314309,443.0244510115543,0.479576796535421,17.5,2.0,1375.6,5824.3,0.19105820914179364,39.6,928.5
441,37,svr,loso,Tabuk - University,28.38287,36.48396,01-03-2018 00:00,6380.9,6454.8939314996205,73.99393149962089,73.99393149962089,5475.1018987705875,1.1596159084082323,21.9,2.5,1814.9,7139.4,0.20268474364271916,18.7,926.5
442,37,svr,loso,Tabuk - University,28.38287,36.48396,01-04-2018 00:00,7043.3,6937.906599176797,-105.39340082320359,105.39340082320359,11107.768937080451,1.4963639320091944,22.4,2.5,2347.1,6530.4,0.2643874964798648,24.7,924.4
443,37,svr,loso,Tabuk - University,28.38287,36.48396,01-05-2018 00:00,7448.6,7363.085805645044,-85.51419435495609,85.51419435495609,7312.677436177204,1.148057277272992,28.1,3.1,2752.3,6270.7,0.3050315859470243,18.8,923.8
444,37,svr,loso,Tabuk - University,28.38287,36.48396,01-06-2018 00:00,8333.0,8361.717005690309,28.717005690308724,28.717005690308724,824.6664158172237,0.3446178529978246,30.6,2.9,2058.5,8506.7,0.19483776928027863,19.4,922.6
445,37,svr,loso,Tabuk - University,28.38287,36.48396,01-07-2018 00:00,8157.9,8141.882029410244,-16.01797058975535,16.01797058975535,256.57538181426736,0.1963491902297816,31.6,2.8,1839.3,8659.4,0.17519311914808502,19.7,921.0
446,37,svr,loso,Tabuk - University,28.38287,36.48396,01-08-2018 00:00,7802.0,5791.071839110149,-2010.928160889851,2010.928160889851,4043832.068259838,25.774521416173428,31.0,2.8,1266.2,9316.7,0.11964584376683139,23.9,922.0
447,37,svr,loso,Tabuk - University,28.38287,36.48396,01-03-2019 00:00,6494.3,6448.489305293984,-45.810694706015965,45.810694706015965,2098.619749447799,0.7053984987760954,15.7,2.8,1643.5,7700.4,0.17589015293399973,29.7,926.7
448,37,svr,loso,Tabuk - University,28.38287,36.48396,01-04-2019 00:00,6681.0,6697.8469715117435,16.846971511743504,16.846971511743504,283.8204491174972,0.25216242346570134,20.6,2.7,2060.7,6569.1,0.2387888479454912,23.4,925.8
449,37,svr,loso,Tabuk - University,28.38287,36.48396,01-05-2019 00:00,7116.1,6981.312561256427,-134.78743874357315,134.78743874357315,18167.653643052483,1.8941195141098797,29.0,2.7,2054.7,6870.8,0.23020559072320876,13.4,924.7
450,37,svr,loso,Tabuk - University,28.38287,36.48396,01-06-2019 00:00,7896.1,7875.212893130996,-20.88710686900413,20.88710686900413,436.27123335719943,0.26452434580367684,31.4,3.0,1917.9,8159.0,0.19032639006043528,18.3,923.1
451,37,svr,loso,Tabuk - University,28.38287,36.48396,01-07-2019 00:00,8313.3,7974.468830435312,-338.8311695646871,338.8311695646871,114806.56146857375,4.075772191123707,31.8,2.8,1500.0,9425.8,0.13728971791539293,18.7,921.0
452,37,svr,loso,Tabuk - University,28.38287,36.48396,01-08-2019 00:00,7684.6,7434.009692042882,-250.59030795711806,250.59030795711806,62795.50244204327,3.2609414667922603,31.3,2.7,1533.0,8704.4,0.14974505245472483,21.1,922.1
453,37,svr,loso,Tabuk - University,28.38287,36.48396,01-09-2019 00:00,6747.2,6841.649447389388,94.4494473893883,94.4494473893883,8920.698112160828,1.3998317433807848,30.0,2.7,1567.3,7724.1,0.16868286802849947,23.6,923.8
454,37,svr,loso,Tabuk - University,28.38287,36.48396,01-10-2019 00:00,5138.7,5473.2947112064785,334.5947112064787,334.5947112064787,111953.62076734687,6.511271551296606,25.8,2.5,2188.2,4966.1,0.3058580154592343,29.9,926.7
455,37,svr,loso,Tabuk - University,28.38287,36.48396,01-11-2019 00:00,4226.5,4461.871481719219,235.37148171921945,235.37148171921945,55399.73440670085,5.5689455038263205,18.8,2.1,1259.1,5771.2,0.1790961978862922,36.4,928.0
456,37,svr,loso,Tabuk - University,28.38287,36.48396,01-12-2019 00:00,4025.8,4112.574016315561,86.7740163155604,86.7740163155604,7529.729907533143,2.155447769773968,13.1,2.1,865.8,6857.0,0.11210959755529082,39.5,929.3
457,37,svr,loso,Tabuk - University,28.38287,36.48396,01-01-2020 00:00,4191.2,4293.816342622543,102.61634262254302,102.61634262254302,10530.113773227138,2.448376183969818,10.3,1.9,1060.0,6498.1,0.1402468874452574,42.2,930.3
458,37,svr,loso,Tabuk - University,28.38287,36.48396,01-09-2020 00:00,6244.6,6178.30136777209,-66.29863222791028,66.29863222791028,4395.508635291703,1.0616954204898676,32.4,2.4,1627.6,6731.6,0.19470762752416496,18.1,924.0
459,37,svr,loso,Tabuk - University,28.38287,36.48396,01-10-2020 00:00,5630.9,5729.314241692936,98.41424169293623,98.41424169293623,9685.362967995668,1.7477533199477213,26.8,2.2,1270.6,7375.2,0.14696153045409333,17.6,927.6
460,37,svr,loso,Tabuk - University,28.38287,36.48396,01-11-2020 00:00,4561.7,4664.9963608911785,103.29636089117867,103.29636089117867,10670.138173360625,2.264426877944158,18.1,2.2,1000.6,6999.7,0.12507030986338014,40.3,928.0
461,37,svr,loso,Tabuk - University,28.38287,36.48396,01-12-2020 00:00,3685.6,3812.854742084078,127.25474208407832,127.25474208407832,16193.769382885293,3.4527551032146278,14.5,1.9,1259.4,5190.9,0.19524673271010654,43.1,929.5
462,37,svr,loso,Tabuk - University,28.38287,36.48396,01-01-2021 00:00,4246.2,4224.739894662092,-21.460105337907407,21.460105337907407,460.536121114082,0.5053955380789272,13.3,2.0,1255.2,6090.1,0.17088478346697888,41.5,930.0
463,37,svr,loso,Tabuk - University,28.38287,36.48396,01-02-2021 00:00,5149.7,5091.690482021683,-58.00951797831658,58.00951797831658,3365.1041760766348,1.126464026609639,14.4,2.4,1345.2,6825.2,0.16464310192891415,39.2,928.8
464,37,svr,loso,Tabuk - University,28.38287,36.48396,01-09-2021 00:00,6587.6,6647.473118392898,59.873118392897595,59.873118392897595,3584.7903060899325,0.9088760457966117,29.5,2.8,1565.9,7489.3,0.1729282622139765,24.4,924.1
465,37,svr,loso,Tabuk - University,28.38287,36.48396,01-10-2021 00:00,5489.4,5548.46643942166,59.06643942166011,59.06643942166011,3488.844265952643,1.0760090250603,25.3,2.4,1432.5,6797.3,0.17406255316046565,25.4,927.3
466,37,svr,loso,Tabuk - University,28.38287,36.48396,01-11-2021 00:00,4362.8,4415.9146815169315,53.11468151693134,53.11468151693134,2821.169392645048,1.217444795015388,19.1,1.9,1072.8,6400.4,0.1435529625863084,34.5,928.8
467,37,svr,loso,Tabuk - University,28.38287,36.48396,01-12-2021 00:00,3774.5,3951.4013191391723,176.9013191391723,176.9013191391723,31294.07671317929,4.6867484206960475,13.7,2.1,1420.9,4968.0,0.2224013523454742,39.6,929.3
712,38,svr,loso,Taif - University,21.43278,40.49173,01-01-2017 00:00,4868.6,4957.765125229645,89.16512522964422,89.16512522964422,7950.419557218136,1.8314325520610484,18.1,2.5,1127.7,6756.0,0.14304197267780358,43.8,851.0
713,38,svr,loso,Taif - University,21.43278,40.49173,01-02-2017 00:00,4544.6,4725.701917142069,181.1019171420685,181.1019171420685,32797.90439253264,3.9849913555003407,15.9,3.1,1958.9,4114.3,0.32254824474741484,47.1,849.8
714,38,svr,loso,Taif - University,21.43278,40.49173,01-05-2017 00:00,6424.3,6570.32347385824,146.0234738582394,146.0234738582394,21322.85491762793,2.2729865332914,26.0,2.6,2870.0,4672.9,0.38049026236593353,33.7,849.6
715,38,svr,loso,Taif - University,21.43278,40.49173,01-09-2017 00:00,6560.7,6700.319167913275,139.6191679132753,139.6191679132753,19493.512048795365,2.128113888964216,28.0,2.5,2412.9,5620.2,0.30036972028233183,18.9,848.8
716,38,svr,loso,Taif - University,21.43278,40.49173,01-11-2017 00:00,5215.9,5392.3895808219295,176.48958082192985,176.48958082192985,31148.572138700507,3.3836841354690437,20.0,2.3,1409.4,6571.4,0.17659883720930236,42.1,850.6
717,38,svr,loso,Taif - University,21.43278,40.49173,01-03-2018 00:00,6963.9,6775.349708292078,-188.55029170792204,188.55029170792204,35551.212503142495,2.7075387600040504,21.5,2.7,1815.4,7489.4,0.1951036024417505,29.7,849.6
718,38,svr,loso,Taif - University,21.43278,40.49173,01-04-2018 00:00,6959.2,6703.249212055806,-255.9507879441935,255.9507879441935,65510.80584925351,3.6778765942090113,21.9,3.1,2318.9,6303.2,0.2689484000417532,38.0,848.1
719,38,svr,loso,Taif - University,21.43278,40.49173,01-05-2018 00:00,7434.2,7390.853854961054,-43.346145038945906,43.346145038945906,1878.8882897373348,0.5830640154817722,26.6,2.8,2718.2,6136.2,0.3069886158294181,22.9,848.5
720,38,svr,loso,Taif - University,21.43278,40.49173,01-06-2018 00:00,7557.7,7486.923844305696,-70.77615569430418,70.77615569430418,5009.264214864386,0.9364774427974673,29.5,3.2,2904.7,5915.2,0.3293347997142825,15.5,847.2
721,38,svr,loso,Taif - University,21.43278,40.49173,01-07-2018 00:00,7580.5,7387.790071693584,-192.70992830641626,192.70992830641626,37137.11646786409,2.5421796491843054,28.3,4.2,2744.1,6186.4,0.3072728290689211,18.7,846.8
722,38,svr,loso,Taif - University,21.43278,40.49173,01-08-2018 00:00,7265.2,7169.5616237702325,-95.63837622976735,95.63837622976735,9146.699007866528,1.3163901369510453,28.5,4.2,2426.0,6352.0,0.2763727500569606,19.5,846.9
723,38,svr,loso,Taif - University,21.43278,40.49173,01-11-2018 00:00,4463.3,4651.846843421238,188.546843421238,188.546843421238,35549.912164112844,4.224382036189322,18.3,2.3,1618.7,4984.8,0.2451275838570455,60.2,850.6
724,38,svr,loso,Taif - University,21.43278,40.49173,01-12-2018 00:00,4686.2,4668.766273305106,-17.433726694894176,17.433726694894176,303.9348264722658,0.3720226771135286,17.5,2.2,1426.5,5956.6,0.19321152361474175,54.9,851.2
725,38,svr,loso,Taif - University,21.43278,40.49173,01-01-2019 00:00,5163.2,5181.654190253111,18.454190253110937,18.454190253110937,340.55713789801473,0.3574176916081294,18.2,2.7,1390.7,6733.5,0.1711799315624923,43.7,851.1
726,38,svr,loso,Taif - University,21.43278,40.49173,01-02-2019 00:00,5702.3,5744.123895927771,41.823895927770536,41.823895927770536,1749.2382705769808,0.7334566039627963,17.7,3.3,1904.4,6095.4,0.238055951398785,43.6,849.8
727,38,svr,loso,Taif - University,21.43278,40.49173,01-03-2019 00:00,7014.5,6731.570698803191,-282.9293011968093,282.9293011968093,80048.98947571484,4.033492069239566,18.7,3.7,1888.6,7502.6,0.20110316040548595,30.7,849.0
728,38,svr,loso,Taif - University,21.43278,40.49173,01-02-2020 00:00,5953.4,5901.2000027233835,-52.19999727661616,52.19999727661616,2724.8397156787346,0.8768098444017899,17.5,3.0,1637.0,6898.4,0.19178948848325797,41.4,850.5
729,38,svr,loso,Taif - University,21.43278,40.49173,01-04-2020 00:00,7457.6,7094.818479078796,-362.781520921204,362.781520921204,131610.43192190197,4.864588083581903,23.0,3.2,2103.6,7390.6,0.22156685134081858,32.4,848.7
730,38,svr,loso,Taif - University,21.43278,40.49173,01-05-2020 00:00,6566.1,6522.217870748608,-43.88212925139214,43.88212925139214,1925.641267635886,0.6683134471206978,25.9,2.6,2471.2,5410.9,0.31352050849392926,29.6,849.6
731,38,svr,loso,Taif - University,21.43278,40.49173,01-09-2020 00:00,6771.3,6774.714203881196,3.4142038811960447,3.4142038811960447,11.656788142374134,0.05042168979658329,28.2,2.4,2112.4,6453.2,0.24661436443448212,20.6,848.3
732,38,svr,loso,Taif - University,21.43278,40.49173,01-11-2020 00:00,5037.2,5163.446392687723,126.24639268772353,126.24639268772353,15938.151666662892,2.5062811222052632,20.2,2.2,1345.1,6446.9,0.17262577002053386,48.9,850.7
733,38,svr,loso,Taif - University,21.43278,40.49173,01-01-2021 00:00,5078.9,5130.8235246573895,51.92352465738986,51.92352465738986,2696.052412846573,1.0223379995154436,16.5,2.2,1373.4,6610.2,0.17202765669622727,46.8,850.6
734,38,svr,loso,Taif - University,21.43278,40.49173,01-04-2021 00:00,6761.1,6706.903649751855,-54.19635024814579,54.19635024814579,2937.244380219692,0.8015907211569979,22.8,2.5,2491.3,5707.1,0.30387636612021857,33.3,849.6
735,38,svr,loso,Taif - University,21.43278,40.49173,01-07-2021 00:00,7142.4,6973.230658997034,-169.16934100296567,169.16934100296567,28618.26593537768,2.3685223594725255,29.3,4.4,3065.0,5167.7,0.37229584461962656,19.6,845.5
736,38,svr,loso,Taif - University,21.43278,40.49173,01-10-2021 00:00,6174.0,6232.1361227557345,58.136122755734505,58.136122755734505,3379.808769069831,0.9416281625483398,25.0,2.4,1625.4,7011.9,0.18818380743982496,24.6,850.8
797,39,svr,loso,Thuwal - KAUST,22.3065,39.107,01-01-2017 00:00,4441.4,4486.073895757045,44.6738957570451,44.6738957570451,1995.7569621113323,1.0058516629226169,23.9,2.2,1551.0,5142.7,0.2317104142701346,83.6,1012.4
798,39,svr,loso,Thuwal - KAUST,22.3065,39.107,01-02-2017 00:00,4529.6,4650.46442739941,120.86442739940958,120.86442739940958,14608.209810587148,2.668324518708265,23.3,2.7,2316.1,3523.9,0.39659246575342466,65.1,1012.1
799,39,svr,loso,Thuwal - KAUST,22.3065,39.107,01-03-2017 00:00,5726.5,5777.240346358747,50.74034635874705,50.74034635874705,2574.5827486056146,0.8860621035317741,24.6,2.6,2544.1,4485.6,0.36190733601718417,83.6,1008.4
800,39,svr,loso,Thuwal - KAUST,22.3065,39.107,01-04-2017 00:00,6098.8,6011.031454595615,-87.7685454043849,87.7685454043849,7703.317562401573,1.4391117171309913,27.9,2.8,3026.8,3978.0,0.43210370031978074,80.6,1007.1
801,39,svr,loso,Thuwal - KAUST,22.3065,39.107,01-05-2017 00:00,6160.8,6014.5096142911,-146.29038570890043,146.29038570890043,21400.87695085886,2.3745355426064867,29.8,2.6,2851.5,4210.5,0.4037807986406117,83.8,1005.5
802,39,svr,loso,Thuwal - KAUST,22.3065,39.107,01-06-2017 00:00,6778.2,6475.093532174656,-303.1064678253442,303.1064678253442,91873.53083755643,4.471784069890889,29.9,2.5,2344.2,5721.0,0.29065615235828,92.4,1001.6
803,39,svr,loso,Thuwal - KAUST,22.3065,39.107,01-09-2017 00:00,6160.3,6114.4073604596215,-45.892639540378696,45.892639540378696,2106.1343639831302,0.74497410094279,31.4,2.5,2630.7,4680.7,0.3598079711136034,93.7,1003.3
804,39,svr,loso,Thuwal - KAUST,22.3065,39.107,01-10-2017 00:00,5630.4,5601.407381617581,-28.992618382418186,28.992618382418186,840.5719206685329,0.5149299940043014,29.0,2.1,1788.8,5825.1,0.23493873047978037,95.9,1007.0
805,39,svr,loso,Thuwal - KAUST,22.3065,39.107,01-11-2017 00:00,4537.8,4478.403376956367,-59.396623043633554,59.396623043633554,3527.9588289875005,1.3089299449872966,27.5,2.3,1685.6,4843.0,0.25818705388597857,88.8,1009.6
806,39,svr,loso,Thuwal - KAUST,22.3065,39.107,01-03-2018 00:00,6375.2,6294.8852381884535,-80.3147618115463,80.3147618115463,6450.460964845417,1.25979987783201,26.0,0.0,2089.3,6161.7,0.2532177917828142,68.9,1008.3
807,39,svr,loso,Thuwal - KAUST,22.3065,39.107,01-04-2018 00:00,7031.1,6967.654814510971,-63.44518548902943,63.44518548902943,4025.29156173735,0.9023507771049967,27.0,0.0,2507.9,6022.8,0.29398525326174874,65.5,1006.2
808,39,svr,loso,Thuwal - KAUST,22.3065,39.107,01-05-2018 00:00,7120.5,7130.449604137712,9.949604137712413,9.949604137712413,98.99462249718397,0.1397318185199412,30.2,0.0,3128.0,5108.0,0.37979601748421565,62.0,1003.9
809,39,svr,loso,Thuwal - KAUST,22.3065,39.107,01-06-2018 00:00,7152.3,7143.499034801306,-8.80096519869403,8.80096519869403,77.45698842862345,0.12305083957180249,30.9,0.0,2970.5,5355.5,0.3567739610857555,68.2,1001.6
810,39,svr,loso,Thuwal - KAUST,22.3065,39.107,01-07-2018 00:00,7036.3,7058.482641038171,22.182641038170914,22.182641038170914,492.06956342834434,0.3152600235659496,31.9,0.0,2769.9,5444.7,0.3371923161200789,65.5,1001.7
811,39,svr,loso,Thuwal - KAUST,22.3065,39.107,01-08-2018 00:00,6668.6,6655.474214519134,-13.125785480866398,13.125785480866398,172.28624448972315,0.1968297015995321,32.1,0.0,2421.2,5502.2,0.30557588913850114,69.5,1001.9
812,39,svr,loso,Thuwal - KAUST,22.3065,39.107,01-09-2018 00:00,5840.5,5723.628360089122,-116.871639910878,116.871639910878,13658.980215457932,2.001055387567469,31.6,0.0,3004.4,3679.4,0.4495047727340734,79.2,1003.4
813,39,svr,loso,Thuwal - KAUST,22.3065,39.107,01-10-2018 00:00,5111.6,5117.66967914066,6.0696791406599,6.0696791406599,36.84100487056191,0.1187432338340226,29.9,0.0,2043.4,4577.8,0.3086147526128194,71.9,1007.7
814,39,svr,loso,Thuwal - KAUST,22.3065,39.107,01-11-2018 00:00,4224.2,4195.0253544910065,-29.174645508993308,29.174645508993308,851.1599405754234,0.6906549289568038,26.9,0.0,1619.0,4521.7,0.26365072385884347,61.5,1009.8
815,39,svr,loso,Thuwal - KAUST,22.3065,39.107,01-12-2018 00:00,3910.5,3932.0636766524076,21.563676652407594,21.563676652407594,464.99215076958836,0.551430166280721,24.8,0.0,1644.6,4220.4,0.28040920716112533,66.4,1012.2
816,39,svr,loso,Thuwal - KAUST,22.3065,39.107,01-01-2019 00:00,3951.5,3911.8488302483147,-39.6511697516853,39.6511697516853,1572.2152626769634,1.0034460268679057,24.1,0.0,1959.2,3470.4,0.36083689406217767,67.7,1012.3
817,39,svr,loso,Thuwal - KAUST,22.3065,39.107,01-02-2019 00:00,4607.3,4597.832810907293,-9.467189092707486,9.467189092707486,89.62766931707958,0.20548236695477795,23.9,0.0,2080.2,4001.6,0.3420368969712914,57.9,1011.5
818,39,svr,loso,Thuwal - KAUST,22.3065,39.107,01-03-2019 00:00,6107.7,5918.785389991695,-188.9146100083044,188.9146100083044,35688.72987458975,3.0930564698381455,23.7,0.0,2209.2,5648.4,0.28115455100794134,60.6,1010.2
819,39,svr,loso,Thuwal - KAUST,22.3065,39.107,01-04-2019 00:00,6768.1,6688.581885594961,-79.51811440503934,79.51811440503934,6323.130518532926,1.1748956783298021,26.2,0.0,2516.8,5741.0,0.30477851243672655,64.7,1007.5
820,39,svr,loso,Thuwal - KAUST,22.3065,39.107,01-05-2019 00:00,6682.7,6566.6317902294995,-116.06820977050029,116.06820977050029,13471.82931932886,1.7368460318509031,30.2,0.0,2797.3,4946.6,0.36122625550433246,63.9,1005.1
821,39,svr,loso,Thuwal - KAUST,22.3065,39.107,01-06-2019 00:00,6334.7,6297.683680274777,-37.016319725223184,37.016319725223184,1370.207925999947,0.5843421113110832,31.8,0.0,2680.4,4588.4,0.36875412722870354,66.0,1002.1
822,39,svr,loso,Thuwal - KAUST,22.3065,39.107,01-07-2019 00:00,6893.8,7120.677338358495,226.87733835849485,226.87733835849485,51473.32666063496,3.2910345289752363,31.8,0.0,2480.5,5709.7,0.3028619569729677,68.0,1000.9
823,39,svr,loso,Thuwal - KAUST,22.3065,39.107,01-08-2019 00:00,6611.0,6505.731119278685,-105.26888072131533,105.26888072131533,11081.537248318513,1.592329159299884,32.2,0.0,2337.3,5597.8,0.294552053534297,69.8,1002.5
824,39,svr,loso,Thuwal - KAUST,22.3065,39.107,01-09-2019 00:00,5908.1,5819.893854435435,-88.2061455645653,88.2061455645653,7780.3241153572835,1.4929697460192837,30.9,0.0,2469.5,4619.7,0.34834678101901484,78.0,1002.8
825,39,svr,loso,Thuwal - KAUST,22.3065,39.107,01-10-2019 00:00,5228.0,5526.041124167418,298.0411241674183,298.0411241674183,88828.51169497844,5.700863124854978,31.1,0.0,1870.5,5032.4,0.2709730692897188,69.0,1007.6
826,39,svr,loso,Thuwal - KAUST,22.3065,39.107,01-11-2019 00:00,4486.9,4558.604344566033,71.7043445660338,71.7043445660338,5141.5130296445,1.5980820737264885,28.1,0.0,1567.2,5053.0,0.23673000815685327,63.0,1008.6
827,39,svr,loso,Thuwal - KAUST,22.3065,39.107,01-12-2019 00:00,4316.6,4342.368366364482,25.768366364482063,25.768366364482063,664.0087050941705,0.5969597916064046,24.8,0.0,1322.5,5637.5,0.19001436781609196,58.0,1011.5
828,39,svr,loso,Thuwal - KAUST,22.3065,39.107,01-01-2020 00:00,4597.0,4211.922138509384,-385.07786149061576,385.07786149061576,148284.95941018587,8.37672093736384,21.6,0.2,1307.7,6020.4,0.17845007573586608,52.8,1014.3
829,39,svr,loso,Thuwal - KAUST,22.3065,39.107,01-02-2020 00:00,4914.9,5010.52415136914,95.62415136914024,95.62415136914024,9143.978325068245,1.9455970898520876,22.7,2.6,1963.0,4774.1,0.2913716584287008,62.1,1012.8
830,39,svr,loso,Thuwal - KAUST,22.3065,39.107,01-03-2020 00:00,6083.3,6100.625081307532,17.325081307531946,17.325081307531946,300.15844231259285,0.2847974176439095,24.1,2.6,2321.5,5308.6,0.304255514344504,66.8,1008.8
831,39,svr,loso,Thuwal - KAUST,22.3065,39.107,01-04-2020 00:00,6790.1,5567.575338423113,-1222.5246615768874,1222.5246615768874,1494566.5481636832,18.004516304279576,26.0,2.4,2145.2,6306.7,0.2538127521622357,67.9,1007.6
832,39,svr,loso,Thuwal - KAUST,22.3065,39.107,01-05-2020 00:00,6632.5,6618.32249684667,-14.17750315332978,14.17750315332978,201.00159566267587,0.21375805734383385,29.3,2.5,2533.6,5336.2,0.32193956644387406,67.4,1005.5
833,39,svr,loso,Thuwal - KAUST,22.3065,39.107,01-09-2020 00:00,6025.7,6037.637905387765,11.937905387765568,11.937905387765568,142.51358504724217,0.19811649082705027,32.4,2.3,2314.2,5023.7,0.3153763338284795,74.8,1002.1
834,39,svr,loso,Thuwal - KAUST,22.3065,39.107,01-10-2020 00:00,5569.3,5671.468015278172,102.16801527817188,102.16801527817188,10438.303345880762,1.834485757243673,31.3,2.3,1615.0,6168.2,0.20749820125398294,57.9,1006.8
835,39,svr,loso,Thuwal - KAUST,22.3065,39.107,01-11-2020 00:00,4492.5,4321.096526576923,-171.40347342307723,171.40347342307723,29379.150701495542,3.815324950986694,27.8,2.4,1422.6,5307.0,0.21139443651925818,63.7,1009.9
836,39,svr,loso,Thuwal - KAUST,22.3065,39.107,01-12-2020 00:00,4028.1,3990.1485523697115,-37.951447630288385,37.951447630288385,1440.3123772345218,0.942167464320359,25.5,2.1,1489.9,4741.3,0.23910322249325971,62.3,1011.3
837,39,svr,loso,Thuwal - KAUST,22.3065,39.107,01-01-2021 00:00,4280.5,4303.276657967544,22.776657967544452,22.776657967544452,518.7761481705062,0.5321027442482059,24.9,2.5,1733.6,4544.0,0.2761564929272333,59.4,1011.7
838,39,svr,loso,Thuwal - KAUST,22.3065,39.107,01-02-2021 00:00,4971.2,4995.540133455326,24.340133455326395,24.340133455326395,592.4420966230992,0.48962289699320877,23.9,2.7,1647.6,5373.2,0.23467411121239745,63.0,1011.4
839,39,svr,loso,Thuwal - KAUST,22.3065,39.107,01-09-2021 00:00,5790.5,5680.972378521185,-109.52762147881458,109.52762147881458,11996.299866806485,1.8915054223092063,31.1,2.5,2674.1,4143.2,0.392252064600355,76.7,1002.9
840,39,svr,loso,Thuwal - KAUST,22.3065,39.107,01-10-2021 00:00,5313.2,5298.884657147607,-14.31534285239286,14.31534285239286,204.92904098155535,0.26942977588633704,29.3,0.2,1831.3,5239.4,0.25899840185554474,78.8,1006.7
841,39,svr,loso,Thuwal - KAUST,22.3065,39.107,01-11-2021 00:00,4389.4,4437.088265009812,47.68826500981231,47.68826500981231,2274.170619646089,1.0864415412086463,27.4,0.0,1350.9,5247.1,0.20474386177629586,69.7,1009.5
842,39,svr,loso,Thuwal - KAUST,22.3065,39.107,01-12-2021 00:00,3797.4,3772.679819062519,-24.720180937481018,24.720180937481018,611.0873455817999,0.6509764822636809,25.3,0.0,1589.8,4094.9,0.27966295494924975,62.9,1011.8
258,40,svr,loso,Timaa - TVTC,27.6173,38.5252,01-01-2017 00:00,4235.7,4326.931946915755,91.23194691575554,91.23194691575554,8323.268138039237,2.1538812218937964,13.2,1.9,1325.4,5906.3,0.1832764080368378,36.9,921.5
259,40,svr,loso,Timaa - TVTC,27.6173,38.5252,01-02-2017 00:00,5392.6,5417.506706108484,24.906706108483377,24.906706108483377,620.3440091743631,0.46186822884106693,12.5,2.3,1649.3,6580.6,0.200403407088786,28.9,921.8
260,40,svr,loso,Timaa - TVTC,27.6173,38.5252,01-03-2017 00:00,6511.6,6614.356741811538,102.75674181153772,102.75674181153772,10558.947987723024,1.5780567266345862,19.4,2.6,1990.0,7008.4,0.22115042674253202,25.2,917.2
261,40,svr,loso,Timaa - TVTC,27.6173,38.5252,01-04-2017 00:00,6508.5,6401.199864232397,-107.30013576760302,107.30013576760302,11513.319135746042,1.6486154377752633,25.1,3.1,2727.9,5257.1,0.34162805259862244,21.1,918.3
262,40,svr,loso,Timaa - TVTC,27.6173,38.5252,01-05-2017 00:00,7872.0,7958.659100244111,86.65910024411096,86.65910024411096,7509.799655118873,1.100852391312385,29.8,2.6,2439.0,7320.8,0.24990266193979388,16.1,916.8
263,40,svr,loso,Timaa - TVTC,27.6173,38.5252,01-06-2017 00:00,8158.9,7578.3082291983765,-580.5917708016232,580.5917708016232,337086.8043225645,7.116054502465078,33.5,2.4,1845.5,8604.1,0.17660963099065993,14.6,914.7
264,40,svr,loso,Timaa - TVTC,27.6173,38.5252,01-09-2017 00:00,6674.6,6879.988030586839,205.3880305868388,205.3880305868388,42184.243108340226,3.0771586400209565,33.0,2.3,2419.6,6025.1,0.2865229078593674,15.6,916.4
265,40,svr,loso,Timaa - TVTC,27.6173,38.5252,01-10-2017 00:00,5879.9,5982.277647112738,102.37764711273849,102.37764711273849,10481.182628340412,1.7411460588230836,26.4,2.0,1347.0,7582.5,0.15084831177557534,24.0,918.5
266,40,svr,loso,Timaa - TVTC,27.6173,38.5252,01-11-2017 00:00,4426.5,4511.860727626282,85.36072762628191,85.36072762628191,7286.453820888289,1.9284022958608815,20.3,2.0,1652.8,5246.3,0.23956747981620788,38.9,920.2
267,40,svr,loso,Timaa - TVTC,27.6173,38.5252,01-03-2018 00:00,6509.7,6521.0572401029185,11.357240102918695,11.357240102918695,128.98690275534466,0.17446641324360102,22.8,2.4,2201.9,6702.4,0.24728501959727325,21.6,918.5
268,40,svr,loso,Timaa - TVTC,27.6173,38.5252,01-04-2018 00:00,7333.9,7274.955135061084,-58.944864938916,58.944864938916,3474.4971026670487,0.803731506277915,23.4,2.8,2665.5,6450.5,0.29239798157086444,26.7,916.1
269,40,svr,loso,Timaa - TVTC,27.6173,38.5252,01-05-2018 00:00,7389.0,7333.140512129952,-55.859487870047815,55.859487870047815,3120.282385104019,0.7559817007720641,28.8,3.0,3115.1,5636.0,0.35596667847470603,20.9,915.9
270,40,svr,loso,Timaa - TVTC,27.6173,38.5252,01-06-2018 00:00,8218.7,8365.855626086272,147.1556260862708,147.1556260862708,21654.77828884234,1.7904975979932445,32.3,2.5,2262.5,8035.6,0.21970072149231412,17.1,914.3
271,40,svr,loso,Timaa - TVTC,27.6173,38.5252,01-07-2018 00:00,8005.7,8055.138785224486,49.43878522448631,49.43878522448631,2444.1934844728858,0.617544814625658,33.4,2.5,2187.6,7878.7,0.2173191738771942,17.9,912.7
272,40,svr,loso,Timaa - TVTC,27.6173,38.5252,01-08-2018 00:00,7533.6,7538.2718031158065,4.671803115806142,4.671803115806142,21.825744352855978,0.06201289046148112,33.3,2.3,1625.7,8288.3,0.16398022997780917,20.1,913.6
273,40,svr,loso,Timaa - TVTC,27.6173,38.5252,01-09-2018 00:00,6329.5,6327.7821569231655,-1.7178430768344697,1.7178430768344697,2.9509848366281175,0.027140265057816096,33.7,2.2,2464.5,5371.6,0.3145059404550733,17.5,916.5
274,40,svr,loso,Timaa - TVTC,27.6173,38.5252,01-10-2018 00:00,5447.3,5587.160644602685,139.86064460268517,139.86064460268517,19560.99990867861,2.5675223432284833,27.0,2.3,1906.8,5731.5,0.24963669926554335,25.4,919.5
275,40,svr,loso,Timaa - TVTC,27.6173,38.5252,01-11-2018 00:00,3967.4,4048.7232003757817,81.32320037578165,81.32320037578165,6613.462919359533,2.049785763365974,18.0,2.2,1406.4,4995.9,0.2196710557143527,59.7,920.0
276,40,svr,loso,Timaa - TVTC,27.6173,38.5252,01-12-2018 00:00,4013.6,4136.87474968935,123.2747496893503,123.2747496893503,15196.663910971973,3.0714258941934998,14.7,2.1,1205.0,5996.9,0.16731695802496566,54.5,921.7
277,40,svr,loso,Timaa - TVTC,27.6173,38.5252,01-01-2019 00:00,3942.3,3867.287716984806,-75.01228301519404,75.01228301519404,5626.842603151569,1.9027543062474708,14.2,2.1,1738.1,4375.9,0.28428197579326137,43.8,920.4
278,40,svr,loso,Timaa - TVTC,27.6173,38.5252,01-02-2019 00:00,5130.1,5034.057443541068,-96.04255645893227,96.04255645893227,9224.172651167191,1.8721380959227356,14.6,2.8,1621.0,6143.3,0.20877606480944838,47.0,920.4
279,40,svr,loso,Timaa - TVTC,27.6173,38.5252,01-03-2019 00:00,6669.6,6657.046096107991,-12.553903892009657,12.553903892009657,157.6005029298152,0.18822573905496065,16.7,2.7,1709.9,7841.6,0.17901900225095535,30.7,918.6
280,40,svr,loso,Timaa - TVTC,27.6173,38.5252,01-04-2019 00:00,7251.2,7345.820647229875,94.62064722987543,94.62064722987543,8953.066882200534,1.3048963927332777,21.9,2.8,2292.5,6982.3,0.24717514124293788,25.1,917.6
281,40,svr,loso,Timaa - TVTC,27.6173,38.5252,01-05-2019 00:00,7953.8,7995.143650969914,41.34365096991405,41.34365096991405,1709.297475522075,0.5197974674987308,30.3,2.5,2357.2,7511.2,0.2388634429086782,14.3,916.6
282,40,svr,loso,Timaa - TVTC,27.6173,38.5252,01-06-2019 00:00,8149.4,8195.328726931948,45.928726931948404,45.928726931948404,2109.4479575894825,0.5635841525995583,33.7,2.6,2203.0,8039.6,0.21508210805850075,15.5,914.9
283,40,svr,loso,Timaa - TVTC,27.6173,38.5252,01-07-2019 00:00,8239.6,8289.338155334019,49.7381553340183,49.7381553340183,2473.884096030933,0.6036476932620309,33.7,2.5,1707.7,9016.2,0.15924243978403377,16.9,912.7
284,40,svr,loso,Timaa - TVTC,27.6173,38.5252,01-08-2019 00:00,7711.6,7841.220490655846,129.62049065584597,129.62049065584597,16801.47159786225,1.6808508047077904,33.7,2.4,1671.9,8426.6,0.1655592414715057,17.9,913.8
285,40,svr,loso,Timaa - TVTC,27.6173,38.5252,01-09-2019 00:00,6725.4,6873.575957406361,148.1759574063617,148.1759574063617,21956.11435329192,2.203228914359915,32.9,2.1,1825.0,7172.7,0.2028296120119586,18.2,915.5
286,40,svr,loso,Timaa - TVTC,27.6173,38.5252,01-10-2019 00:00,5224.5,5295.745111225903,71.2451112259032,71.2451112259032,5075.865873591319,1.363673293633902,28.1,2.2,1902.4,5422.5,0.2597168562028151,26.7,918.7
287,40,svr,loso,Timaa - TVTC,27.6173,38.5252,01-11-2019 00:00,4375.6,4449.10465952698,73.5046595269796,73.5046595269796,5402.934972177192,1.6798761204630128,19.9,2.2,1342.1,5845.2,0.1867321525468535,42.5,920.1
288,40,svr,loso,Timaa - TVTC,27.6173,38.5252,01-12-2019 00:00,4303.5,4470.064768947822,166.5647689478219,166.5647689478219,27743.822254641294,3.870448912462458,14.3,1.9,876.6,7341.8,0.10666309743989098,41.7,921.1
289,40,svr,loso,Timaa - TVTC,27.6173,38.5252,01-01-2020 00:00,4477.6,4442.342585446377,-35.257414553623676,35.257414553623676,1243.0852810060746,0.787417691478106,11.1,1.9,1155.3,6835.6,0.14457695628777734,39.6,922.2
290,40,svr,loso,Timaa - TVTC,27.6173,38.5252,01-02-2020 00:00,5507.3,5530.3527456460015,23.052745646001313,23.052745646001313,531.4290818192325,0.4185852531367696,14.6,2.1,1300.9,7610.3,0.1459848280815154,33.6,921.0
291,40,svr,loso,Timaa - TVTC,27.6173,38.5252,01-03-2020 00:00,6387.8,6513.23427796471,125.43427796470951,125.43427796470951,15733.75808852801,1.9636538082706019,19.4,2.8,2117.1,6558.9,0.2440179806362379,28.3,917.6
292,40,svr,loso,Timaa - TVTC,27.6173,38.5252,01-04-2020 00:00,7732.1,7698.288343397553,-33.81165660244733,33.81165660244733,1143.22812220182,0.43728943757125915,23.9,3.2,2158.2,7770.5,0.2173698470091754,24.8,916.5
293,40,svr,loso,Timaa - TVTC,27.6173,38.5252,01-05-2020 00:00,7826.2,7991.998566681545,165.7985666815448,165.7985666815448,27489.164713654656,2.1185066402793793,29.2,2.9,2584.8,6907.7,0.27229918356597316,18.1,917.1
294,40,svr,loso,Timaa - TVTC,27.6173,38.5252,01-09-2020 00:00,6710.6,6963.036894614122,252.43689461412123,252.43689461412123,63724.38576242095,3.7617633984162553,33.4,2.0,1992.1,6882.4,0.22447461828835427,14.5,916.3
295,40,svr,loso,Timaa - TVTC,27.6173,38.5252,01-10-2020 00:00,5854.3,6029.635828497239,175.33582849723916,175.33582849723916,30742.652754813265,2.9949922022656708,27.3,2.1,1244.5,7751.5,0.1383392618941752,16.0,920.0
296,40,svr,loso,Timaa - TVTC,27.6173,38.5252,01-11-2020 00:00,4608.5,4714.860136735397,106.36013673539674,106.36013673539674,11312.478686372291,2.307912265062314,19.7,2.1,1158.3,6697.6,0.1474433228528876,45.0,919.9
297,40,svr,loso,Timaa - TVTC,27.6173,38.5252,01-12-2020 00:00,3823.8,3924.6224723765563,100.8224723765561,100.8224723765561,10165.17093612142,2.6367088335309408,15.0,1.9,1186.1,5481.4,0.1778927634045744,45.8,921.7
298,40,svr,loso,Timaa - TVTC,27.6173,38.5252,01-01-2021 00:00,4346.5,4356.0217528899275,9.521752889927484,9.521752889927484,90.66377809684239,0.2190671319435749,14.4,2.1,1335.1,5998.3,0.18205743584149234,46.3,922.0
299,40,svr,loso,Timaa - TVTC,27.6173,38.5252,01-02-2021 00:00,5093.9,5990.291796662736,896.3917966627359,896.3917966627359,803518.2531242478,17.597357558309664,15.4,2.4,1537.8,6355.2,0.19483086278981376,43.6,921.0
300,40,svr,loso,Timaa - TVTC,27.6173,38.5252,01-03-2021 00:00,6610.4,6695.746189821753,85.3461898217538,85.3461898217538,7283.9721170908315,1.2910896439210002,20.9,2.7,2135.2,6826.1,0.23826900114938682,25.7,918.7
301,40,svr,loso,Timaa - TVTC,27.6173,38.5252,01-04-2021 00:00,7631.2,7595.618850210717,-35.58114978928279,35.58114978928279,1266.0182203273787,0.46625890802603515,25.4,2.9,2302.7,7431.0,0.2365698552451791,19.5,918.8
302,40,svr,loso,Timaa - TVTC,27.6173,38.5252,01-05-2021 00:00,8199.1,8112.807861711202,-86.29213828879801,86.29213828879801,7446.33313045304,1.0524586636191535,30.6,2.3,2093.4,8362.2,0.200218064960404,14.4,916.1
303,40,svr,loso,Timaa - TVTC,27.6173,38.5252,01-07-2021 00:00,8089.8,8095.069990615559,5.269990615558527,5.269990615558527,27.77280108807494,0.06514364527625562,34.9,2.5,1961.6,8305.6,0.1910550101293439,16.6,911.9
304,40,svr,loso,Timaa - TVTC,27.6173,38.5252,01-08-2021 00:00,7626.9,7732.314618314533,105.41461831453307,105.41461831453307,11112.241754398692,1.382142394872531,34.4,2.3,1896.3,7943.6,0.19271537312371062,16.0,913.8
305,40,svr,loso,Timaa - TVTC,27.6173,38.5252,01-09-2021 00:00,6691.9,6880.219187852055,188.31918785205562,188.31918785205562,35464.11651325781,2.8141363118405183,31.2,2.3,1884.6,7036.9,0.21124250406321807,22.2,915.8
306,40,svr,loso,Timaa - TVTC,27.6173,38.5252,01-10-2021 00:00,5692.4,5769.17590941804,76.7759094180401,76.7759094180401,5894.540266967098,1.348744104736844,27.4,1.8,1514.6,6928.6,0.17938696228917944,22.2,919.2
307,40,svr,loso,Timaa - TVTC,27.6173,38.5252,01-11-2021 00:00,4512.3,4547.72067633673,35.42067633673014,35.42067633673014,1254.6243121513944,0.7849805273747343,20.3,1.9,1236.1,6313.6,0.16372836006728742,33.7,920.8
308,40,svr,loso,Timaa - TVTC,27.6173,38.5252,01-12-2021 00:00,3793.3,3865.091855064958,71.79185506495787,71.79185506495787,5154.070453667917,1.8925962899047761,15.1,2.1,1524.0,4748.1,0.24298081982111253,40.2,921.2
906,41,svr,loso,Umluj - SWCC,25.00411,37.27382,01-01-2017 00:00,4448.2,4435.716682725299,-12.483317274701221,12.483317274701221,155.83321018085394,0.2806374999932832,21.5,3.1,1233.7,6085.1,0.16856588511777887,58.2,1015.2
907,41,svr,loso,Umluj - SWCC,25.00411,37.27382,01-02-2017 00:00,5284.5,5300.01991260653,15.519912606529942,15.519912606529942,240.86768731432704,0.29368743696716704,21.2,3.5,1716.4,5960.5,0.2235798304002918,46.3,1015.4
908,41,svr,loso,Umluj - SWCC,25.00411,37.27382,01-03-2017 00:00,6148.7,6229.325224591633,80.62522459163301,80.62522459163301,6500.426840451265,1.3112564378101552,23.1,3.3,2006.1,6196.2,0.24457774038989066,61.4,1010.9
909,41,svr,loso,Umluj - SWCC,25.00411,37.27382,01-04-2017 00:00,6404.3,6273.202561650439,-131.09743834956134,131.09743834956134,17186.53834181704,2.047022131217484,27.0,3.6,2766.8,4908.7,0.3604716305126702,57.2,1009.5
910,41,svr,loso,Umluj - SWCC,25.00411,37.27382,01-05-2017 00:00,7035.7,7084.0936839175965,48.39368391759672,48.39368391759672,2341.948643116259,0.6878304066062612,29.3,2.9,2419.5,6147.7,0.28241432440003733,61.5,1008.2
911,41,svr,loso,Umluj - SWCC,25.00411,37.27382,01-06-2017 00:00,7460.0,7384.2497491749145,-75.75025082508546,75.75025082508546,5738.10050006336,1.0154189118644164,30.5,3.1,2041.9,7201.9,0.22089400463013048,65.7,1004.4
912,41,svr,loso,Umluj - SWCC,25.00411,37.27382,01-09-2017 00:00,6164.3,6237.35194323962,73.0519432396195,73.0519432396195,5336.58641108459,1.1850809214285403,30.6,3.1,2512.2,5045.0,0.3324247075636479,69.0,1006.3
913,41,svr,loso,Umluj - SWCC,25.00411,37.27382,01-10-2017 00:00,5632.0,5684.56994203028,52.56994203027989,52.56994203027989,2763.598805066988,0.9334151638899129,28.0,3.3,1424.7,6765.1,0.17396029207062444,65.7,1010.5
914,41,svr,loso,Umluj - SWCC,25.00411,37.27382,01-11-2017 00:00,4545.7,4500.004942598945,-45.69505740105524,45.69505740105524,2088.038270885733,1.0052369800262937,26.0,2.8,1284.1,5939.8,0.17775716718116252,59.8,1012.2
915,41,svr,loso,Umluj - SWCC,25.00411,37.27382,01-03-2018 00:00,6422.2,6402.066684342941,-20.13331565705903,20.13331565705903,405.35039934677826,0.3134956192124043,25.9,2.4,1836.6,6863.6,0.21109859543458767,55.8,1010.6
916,41,svr,loso,Umluj - SWCC,25.00411,37.27382,01-04-2018 00:00,7208.7,7132.96372690657,-75.7362730934301,75.7362730934301,5735.983062082624,1.0506231788454243,26.9,2.4,2349.4,6564.8,0.26355702138161585,58.2,1008.6
917,41,svr,loso,Umluj - SWCC,25.00411,37.27382,01-05-2018 00:00,7035.2,7119.690007484896,84.49000748489652,84.49000748489652,7138.561364797871,1.2009609888119248,31.4,2.8,3193.0,4945.1,0.3923520231995183,51.6,1006.2
918,41,svr,loso,Umluj - SWCC,25.00411,37.27382,01-06-2018 00:00,7620.7,7653.786434213211,33.08643421321085,33.08643421321085,1094.7121289451295,0.43416528945124266,31.7,2.7,2406.9,6873.3,0.2593586345121872,59.8,1004.3
919,41,svr,loso,Umluj - SWCC,25.00411,37.27382,01-07-2018 00:00,7427.1,7345.17956210237,-81.92043789763011,81.92043789763011,6710.958145339471,1.102993603124101,32.4,2.2,2274.3,6839.9,0.24953369467424458,59.9,1003.7
920,41,svr,loso,Umluj - SWCC,25.00411,37.27382,01-08-2018 00:00,7125.3,7000.979566526406,-124.32043347359377,124.32043347359377,15455.570179062253,1.744774724904127,32.3,2.3,1768.9,7281.4,0.1954520844612886,67.8,1004.4
921,41,svr,loso,Umluj - SWCC,25.00411,37.27382,01-09-2018 00:00,5939.5,5913.709124313379,-25.790875686620893,25.790875686620893,665.1692686827328,0.43422637741595915,31.8,0.3,2915.1,4050.2,0.41851750821931577,71.9,1005.9
922,41,svr,loso,Umluj - SWCC,25.00411,37.27382,01-10-2018 00:00,5176.9,5367.796840955774,190.89684095577468,190.89684095577468,36441.603886894336,3.6874739893715294,30.1,0.2,1812.5,5230.3,0.2573550292497302,59.8,1010.1
923,41,svr,loso,Umluj - SWCC,25.00411,37.27382,01-11-2018 00:00,4267.1,4636.241388399102,369.14138839910174,369.14138839910174,136265.3646292165,8.65087268634674,26.0,0.1,1205.0,5602.3,0.1770158506309403,57.5,1012.5
924,41,svr,loso,Umluj - SWCC,25.00411,37.27382,01-12-2018 00:00,4118.4,4367.373034022977,248.97303402297712,248.97303402297712,61987.57167060652,6.045382527752941,23.0,0.2,1223.5,5806.4,0.1740423050114511,56.9,1015.3
925,41,svr,loso,Umluj - SWCC,25.00411,37.27382,01-01-2019 00:00,3911.3,4141.201684526888,229.90168452688795,229.90168452688795,52854.78454830071,5.877884195200775,21.9,0.4,1748.0,4060.0,0.3009641873278237,55.3,1014.9
926,41,svr,loso,Umluj - SWCC,25.00411,37.27382,01-02-2019 00:00,5000.7,5055.279543837622,54.57954383762262,54.57954383762262,2978.9266055229696,1.0914380754218935,22.2,0.4,1729.3,5524.6,0.23839589737934075,50.3,1014.4
927,41,svr,loso,Umluj - SWCC,25.00411,37.27382,01-03-2019 00:00,6381.1,6279.410477436843,-101.68952256315697,101.68952256315697,10340.75899912281,1.5936049045330267,22.6,0.8,1890.3,6770.1,0.21826936400166275,51.1,1012.9
928,41,svr,loso,Umluj - SWCC,25.00411,37.27382,01-04-2019 00:00,6939.8,6653.507214201598,-286.2927857984023,286.2927857984023,81963.55920020986,4.125375166408287,25.3,0.5,2371.0,6279.5,0.27408820299404657,54.6,1010.1
929,41,svr,loso,Umluj - SWCC,25.00411,37.27382,01-05-2019 00:00,7286.7,6967.522369411443,-319.1776305885569,319.1776305885569,101874.35986812529,4.380276813764213,29.2,0.1,2464.0,6381.8,0.2785502724456805,62.3,1007.2
930,41,svr,loso,Umluj - SWCC,25.00411,37.27382,01-06-2019 00:00,7548.1,7503.687141530954,-44.412858469046114,44.412858469046114,1972.5019973915212,0.5883978546792717,32.5,0.0,2346.2,6909.1,0.2534979957429797,55.3,1005.1
931,41,svr,loso,Umluj - SWCC,25.00411,37.27382,01-07-2019 00:00,7719.4,7371.3747711243095,-348.0252288756901,348.0252288756901,121121.55993397649,4.508449217240849,32.1,0.0,1789.5,7975.2,0.18326215859166178,62.8,1003.3
932,41,svr,loso,Umluj - SWCC,25.00411,37.27382,01-08-2019 00:00,7172.1,7038.453917219391,-133.6460827806095,133.6460827806095,17861.275442601527,1.8634163324634276,32.6,0.0,1825.1,7252.6,0.20105313019817792,63.7,1004.6
933,41,svr,loso,Umluj - SWCC,25.00411,37.27382,01-09-2019 00:00,6201.0,6313.718168666264,112.71816866626432,112.71816866626432,12705.385547476411,1.8177417943277585,30.9,0.0,2219.7,5567.2,0.28505567042083496,69.9,1005.5
934,41,svr,loso,Umluj - SWCC,25.00411,37.27382,01-10-2019 00:00,5237.5,5556.564929100246,319.06492910024645,319.06492910024645,101802.4289817453,6.091931820529766,30.6,0.0,1872.5,5319.4,0.2603623520905463,64.3,1009.2
935,41,svr,loso,Umluj - SWCC,25.00411,37.27382,01-11-2019 00:00,4663.0,4947.578632682435,284.57863268243545,284.57863268243545,80984.99817940452,6.102908700030784,27.4,0.0,1263.6,6261.0,0.16792919224942188,54.2,1011.1
936,41,svr,loso,Umluj - SWCC,25.00411,37.27382,01-12-2019 00:00,4424.3,4728.353778809024,304.05377880902415,304.05377880902415,92448.70040804698,6.872358990326699,22.9,0.0,962.1,7000.3,0.12083040289359992,48.7,1014.7
937,41,svr,loso,Umluj - SWCC,25.00411,37.27382,01-01-2020 00:00,4496.6,4699.037370257345,202.4373702573448,202.4373702573448,40980.888876709316,4.502009746416066,19.7,0.0,1133.8,6545.9,0.14763597536362097,46.8,1017.4
938,41,svr,loso,Umluj - SWCC,25.00411,37.27382,01-02-2020 00:00,5487.1,5602.669136192668,115.56913619266743,115.56913619266743,13356.225240319312,2.106197011038024,20.7,0.0,1317.3,7167.4,0.15525593126451143,54.0,1015.8
939,41,svr,loso,Umluj - SWCC,25.00411,37.27382,01-03-2020 00:00,6296.2,6325.203710496241,29.003710496241183,29.003710496241183,841.2152225497709,0.46065421200472007,23.6,2.9,2293.7,5856.0,0.28144594279544033,56.4,1011.7
940,41,svr,loso,Umluj - SWCC,25.00411,37.27382,01-04-2020 00:00,7289.3,7108.604113641177,-180.69588635882337,180.69588635882337,32651.00334700081,2.478919599396696,25.4,3.3,2294.6,6871.1,0.25034640016583565,59.8,1010.4
941,41,svr,loso,Umluj - SWCC,25.00411,37.27382,01-05-2020 00:00,7382.4,7335.491082070817,-46.90891792918228,46.90891792918228,2200.446581286759,0.6354155549574974,29.0,3.0,2402.8,6623.9,0.26618808645462905,60.8,1008.0
942,41,svr,loso,Umluj - SWCC,25.00411,37.27382,01-09-2020 00:00,6252.2,6383.095962044367,130.89596204436748,130.89596204436748,17133.752879520493,2.093598446056868,33.6,2.7,2145.4,5735.0,0.27224506370235013,62.0,1005.2
943,41,svr,loso,Umluj - SWCC,25.00411,37.27382,01-10-2020 00:00,5538.8,5545.609248498294,6.8092484982935275,6.8092484982935275,46.36586511151266,0.12293725172047244,31.4,2.1,1499.9,6507.8,0.1873072168038263,51.7,1009.4
944,41,svr,loso,Umluj - SWCC,25.00411,37.27382,01-11-2020 00:00,4650.6,4765.978229085947,115.37822908594626,115.37822908594626,13312.135747009095,2.4809321181341386,26.5,3.1,1069.4,6695.2,0.1377276356798805,54.8,1012.4
945,41,svr,loso,Umluj - SWCC,25.00411,37.27382,01-12-2020 00:00,4134.5,4192.203145503894,57.70314550389412,57.70314550389412,3329.6530010435763,1.3956499093939805,24.3,2.7,1242.8,5702.6,0.17893857805166008,52.8,1013.9
946,41,svr,loso,Umluj - SWCC,25.00411,37.27382,01-01-2021 00:00,4551.5,4711.860987129614,160.36098712961393,160.36098712961393,25715.646193184206,3.523255786655255,23.3,3.1,1358.5,6064.5,0.1830122591943958,52.0,1014.6
947,41,svr,loso,Umluj - SWCC,25.00411,37.27382,01-02-2021 00:00,5326.6,5330.316474068519,3.716474068518437,3.716474068518437,13.812179501969984,0.06977197590429987,22.6,3.3,1338.4,6747.1,0.1655308886277905,53.8,1014.3
948,41,svr,loso,Umluj - SWCC,25.00411,37.27382,01-03-2021 00:00,6299.4,6392.509114037575,93.10911403757564,93.10911403757564,8669.307116862265,1.4780632129659277,24.5,3.4,2221.2,5961.2,0.27146069612827534,57.6,1011.2
949,41,svr,loso,Umluj - SWCC,25.00411,37.27382,01-04-2021 00:00,7206.9,7152.251868566726,-54.64813143327319,54.64813143327319,2986.4182691483015,0.758275145114726,26.6,3.0,2338.7,6639.8,0.2604778080971209,61.1,1009.8
950,41,svr,loso,Umluj - SWCC,25.00411,37.27382,01-05-2021 00:00,7448.6,7196.852559633064,-251.74744036693664,251.74744036693664,63376.77373130432,3.3797954027191235,30.5,2.7,2210.7,7041.8,0.23893001891380705,62.0,1006.4
951,41,svr,loso,Umluj - SWCC,25.00411,37.27382,01-07-2021 00:00,7250.6,7347.746989112664,97.1469891126635,97.1469891126635,9437.537493655962,1.3398475865812967,32.1,3.0,2348.7,6507.2,0.2652130218272564,63.0,1002.3
952,41,svr,loso,Umluj - SWCC,25.00411,37.27382,01-08-2021 00:00,6928.1,6939.202295410714,11.10229541071385,11.10229541071385,123.26096338675782,0.16025021882931612,33.0,2.8,2195.7,6375.9,0.256159876802464,64.7,1003.3
953,41,svr,loso,Umluj - SWCC,25.00411,37.27382,01-09-2021 00:00,6136.1,6315.229537859215,179.1295378592149,179.1295378592149,32087.391333655905,2.9192734450092876,30.8,3.1,2252.4,5489.1,0.2909513660143383,70.8,1005.4
954,41,svr,loso,Umluj - SWCC,25.00411,37.27382,01-10-2021 00:00,5448.4,5351.986423982172,-96.41357601782784,96.41357601782784,9295.577640545467,1.7695759492296423,28.9,2.9,1623.5,6044.3,0.2117295704113305,68.1,1009.6
955,41,svr,loso,Umluj - SWCC,25.00411,37.27382,01-11-2021 00:00,4539.7,4622.725901206669,83.025901206669,83.025901206669,6893.300271179562,1.8288851952038463,26.8,2.5,1257.1,6067.4,0.17162946276196325,59.8,1011.9
956,41,svr,loso,Umluj - SWCC,25.00411,37.27382,01-12-2021 00:00,3847.4,3899.333592168655,51.93359216865474,51.93359216865474,2697.097995540157,1.3498360495049835,23.3,2.9,1361.4,4889.2,0.2178030909032733,53.6,1014.6
957,42,svr,loso,Wadi Addawasir - TVTC,20.43008,44.89433,01-01-2017 00:00,4977.4,4962.133092585348,-15.266907414651541,15.266907414651541,233.0784620075422,0.30672454322842335,18.6,2.7,1579.1,5955.5,0.20957980516550312,28.5,941.9
958,42,svr,loso,Wadi Addawasir - TVTC,20.43008,44.89433,01-02-2017 00:00,5020.4,5045.8060199164665,25.406019916466903,25.406019916466903,645.4658479959129,0.5060556911096109,18.1,3.5,2572.6,3716.9,0.409030924556801,36.1,942.0
959,42,svr,loso,Wadi Addawasir - TVTC,20.43008,44.89433,01-03-2017 00:00,5831.1,5790.935204531231,-40.164795468769626,40.164795468769626,1613.210795048097,0.6888030640662932,25.2,3.2,2967.1,3884.9,0.4330268534734384,32.7,937.2
960,42,svr,loso,Wadi Addawasir - TVTC,20.43008,44.89433,01-04-2017 00:00,6901.4,6966.839074011555,65.43907401155502,65.43907401155502,4282.272407489776,0.9481999885755793,29.6,3.0,2843.7,5392.9,0.34525168151907343,16.8,937.4
961,42,svr,loso,Wadi Addawasir - TVTC,20.43008,44.89433,01-05-2017 00:00,6876.1,6880.243400152853,4.143400152852337,4.143400152852337,17.167764826656768,0.0602579973073739,33.6,2.5,3274.7,4561.7,0.41788321167883213,19.0,935.2
962,42,svr,loso,Wadi Addawasir - TVTC,20.43008,44.89433,01-05-2019 00:00,6581.4,6568.963767579402,-12.436232420597662,12.436232420597662,154.65987681912438,0.18896028839756987,32.1,3.1,3115.5,4327.2,0.4185980894030392,20.8,935.8
963,42,svr,loso,Wadi Addawasir - TVTC,20.43008,44.89433,01-02-2020 00:00,5844.4,5871.61549464948,27.215494649480206,27.215494649480206,740.6831490158858,0.4656678983211314,20.9,3.3,2203.6,5644.7,0.2807741803957545,21.8,941.5
964,42,svr,loso,Wadi Addawasir - TVTC,20.43008,44.89433,01-04-2020 00:00,6929.7,6901.6040552485065,-28.095944751493334,28.095944751493334,789.3821114789658,0.40544243980970796,30.1,3.2,2829.1,5323.9,0.3470011038881393,27.1,936.0
965,42,svr,loso,Wadi Addawasir - TVTC,20.43008,44.89433,01-05-2020 00:00,6863.4,6855.28210143225,-8.117898567749762,8.117898567749762,65.90027715627365,0.11827809202071514,33.5,2.8,3240.3,4594.4,0.4135831620866147,15.0,935.3
966,42,svr,loso,Wadi Addawasir - TVTC,20.43008,44.89433,01-09-2020 00:00,7092.6,6912.36849801956,-180.23150198044004,180.23150198044004,32483.394306125363,2.5411203505123656,32.6,1.9,2038.8,6992.3,0.2257532305034824,12.4,933.7
967,42,svr,loso,Wadi Addawasir - TVTC,20.43008,44.89433,01-11-2020 00:00,5538.1,5430.7301416020355,-107.36985839796489,107.36985839796489,11528.286492399031,1.9387490005230112,22.6,2.5,1207.5,7472.4,0.13911450592748764,27.0,941.0
968,42,svr,loso,Wadi Addawasir - TVTC,20.43008,44.89433,01-01-2021 00:00,5181.0,5183.28500408118,2.285004081179977,2.285004081179977,5.221243651009152,0.0441035337035317,17.4,2.9,1607.7,6255.2,0.2044665454221725,30.7,942.8
969,42,svr,loso,Wadi Addawasir - TVTC,20.43008,44.89433,01-04-2021 00:00,7354.2,7256.701445428123,-97.49855457187641,97.49855457187641,9505.968143605163,1.3257533732000273,29.0,2.7,2725.9,6052.8,0.3105129461081937,14.1,937.4
970,42,svr,loso,Wadi Addawasir - TVTC,20.43008,44.89433,01-07-2021 00:00,6964.2,7002.218263441982,38.018263441982526,38.018263441982526,1445.388355143985,0.5459099888283295,36.0,2.6,3141.6,4847.9,0.3932160961261656,18.5,928.1
971,42,svr,loso,Wadi Addawasir - TVTC,20.43008,44.89433,01-10-2021 00:00,6404.1,6341.797185249905,-62.30281475009542,62.30281475009542,3881.6407257847077,0.9728582431582178,28.2,2.0,1683.5,7204.1,0.18942121607633106,18.2,938.5
1308,43,svr,loso,Yanbu - RCJY,23.98655,38.20451,01-01-2017 00:00,4068.4,4264.08712695632,195.6871269563203,195.6871269563203,38293.45165641902,4.809928398297127,22.4,2.4,1403.7,5130.4,0.21482683154527787,53.9,1014.2
1309,43,svr,loso,Yanbu - RCJY,23.98655,38.20451,01-02-2017 00:00,4398.5,4513.2464551236935,114.74645512369352,114.74645512369352,13166.74896345381,2.608763331219587,21.6,3.5,1896.4,4096.8,0.3164252819862511,38.0,1014.4
1310,43,svr,loso,Yanbu - RCJY,23.98655,38.20451,01-09-2017 00:00,6309.4,6322.087018840244,12.687018840244491,12.687018840244491,160.96044705271868,0.20108122547697868,32.5,0.0,2707.0,4926.1,0.3546396614743682,56.4,1004.7
1311,43,svr,loso,Yanbu - RCJY,23.98655,38.20451,01-11-2017 00:00,4643.4,5510.856998079832,867.4569980798324,867.4569980798324,752481.6435176743,18.681504890378438,26.5,0.0,1566.3,5473.5,0.22249211625330265,56.0,1011.7
1312,43,svr,loso,Yanbu - RCJY,23.98655,38.20451,01-04-2018 00:00,7540.4,7352.411919677625,-187.98808032237503,187.98808032237503,35339.518343291726,2.4930783555564036,26.8,0.0,2414.7,6962.9,0.25749658761303534,56.5,1007.9
1313,43,svr,loso,Yanbu - RCJY,23.98655,38.20451,01-05-2018 00:00,7572.4,7485.336287845374,-87.06371215462605,87.06371215462605,7580.089974143579,1.1497505698936408,31.5,0.0,3416.5,5288.5,0.39247558874210225,44.0,1005.7
1314,43,svr,loso,Yanbu - RCJY,23.98655,38.20451,01-06-2018 00:00,7806.4,7620.074943602605,-186.3250563973943,186.3250563973943,34717.026641492164,2.386824354342518,32.0,0.0,2673.0,6763.5,0.2832618025751073,52.8,1002.9
1315,43,svr,loso,Yanbu - RCJY,23.98655,38.20451,01-01-2019 00:00,4003.2,4329.933405250128,326.73340525012827,326.73340525012827,106754.71810634455,8.161805686703843,22.5,0.0,1845.6,3937.3,0.31914783240242783,52.7,1014.3
1316,43,svr,loso,Yanbu - RCJY,23.98655,38.20451,01-02-2019 00:00,5492.9,5917.632885081524,424.7328850815247,424.7328850815247,180398.0236696757,7.732397915154558,22.8,0.0,2272.0,5237.1,0.30256621965348707,42.4,1013.4
1317,43,svr,loso,Yanbu - RCJY,23.98655,38.20451,01-03-2019 00:00,6508.9,6106.617758032548,-402.2822419674512,402.2822419674512,161831.00220235897,6.180495044745675,23.0,0.0,2012.5,6677.6,0.23158536725699358,44.1,1012.0
1318,43,svr,loso,Yanbu - RCJY,23.98655,38.20451,01-04-2019 00:00,6712.6,6503.7149338929885,-208.88506610701188,208.88506610701188,43632.970842530725,3.111835445386465,26.3,0.0,2464.4,5801.4,0.29814416027486756,44.9,1009.1
1319,43,svr,loso,Yanbu - RCJY,23.98655,38.20451,01-10-2021 00:00,5533.9,5485.0496653205755,-48.85033467942412,48.85033467942412,2386.355198291747,0.8827469719262026,29.6,0.0,1817.2,5649.4,0.24337717301047332,64.9,1008.4
