record_id,fold,model_name,cv_strategy,station_name,latitude,longitude,date,actual_ghi,predicted_ghi,residual_error,absolute_error,squared_error,relative_error_pct,air_temperature_c,wind_speed_m_s,dhi_wh_m2,dni_wh_m2,diffuse_fraction,relative_humidity_pct,barometric_pressure_mb
1214,1,transformer,loso,Afif - TVTC,23.92118,42.94815,01-01-2017 00:00,4723.7,4749.037109375,25.337109375000182,25.337109375000182,641.9691114807221,0.5363826952389056,17.4,4.3,1542.9,5834.3,0.20914439082578756,32.4,898.9
1215,1,transformer,loso,Afif - TVTC,23.92118,42.94815,01-02-2017 00:00,4872.1,5000.81787109375,128.71787109374964,128.71787109374964,16568.290338907147,2.6419382010580574,14.3,4.5,2397.0,3992.9,0.3751232413652796,39.3,898.9
1216,1,transformer,loso,Afif - TVTC,23.92118,42.94815,01-03-2017 00:00,5521.8,5633.0048828125,111.20488281249982,111.20488281249982,12366.525961341817,2.013924495861853,21.7,4.7,2974.0,3598.1,0.45251898175621186,36.2,895.0
1217,1,transformer,loso,Afif - TVTC,23.92118,42.94815,01-04-2017 00:00,6322.8,6378.9375,56.13749999999982,56.13749999999982,3151.4189062499795,0.8878582273676191,27.9,5.0,3415.9,3770.1,0.47535485666573896,20.6,896.1
1218,1,transformer,loso,Afif - TVTC,23.92118,42.94815,01-05-2017 00:00,6918.2,6947.25732421875,29.057324218750182,29.057324218750182,844.3280907535659,0.42001278105215495,31.0,3.5,3460.3,4369.2,0.44195670221597805,21.4,894.7
1219,1,transformer,loso,Afif - TVTC,23.92118,42.94815,01-06-2017 00:00,7910.8,7965.98974609375,55.18974609374982,55.18974609374982,3045.908073892573,0.6976506307042248,34.5,3.8,2742.9,6769.5,0.2883499432319919,8.7,891.7
1220,1,transformer,loso,Afif - TVTC,23.92118,42.94815,01-09-2017 00:00,6954.4,7058.02294921875,103.62294921875036,103.62294921875036,10737.715604791716,1.4900343554979636,31.6,3.1,2286.2,6573.0,0.2580594184576485,10.0,894.3
1221,1,transformer,loso,Afif - TVTC,23.92118,42.94815,01-10-2017 00:00,6326.5,6466.3349609375,139.8349609375,139.8349609375,19553.81630039215,2.2103052388761557,27.5,3.8,1532.0,7682.0,0.1662687215107445,13.0,897.3
1222,1,transformer,loso,Afif - TVTC,23.92118,42.94815,01-11-2017 00:00,4973.7,5060.52294921875,86.82294921875018,86.82294921875018,7538.2245110416725,1.7456410563313065,21.4,4.3,1611.6,5986.5,0.21210565799344572,32.7,898.5
1223,1,transformer,loso,Afif - TVTC,23.92118,42.94815,01-03-2018 00:00,6556.4,6727.87158203125,171.47158203125036,171.47158203125036,29402.503444299822,2.615331310341809,24.7,4.3,2421.9,6007.3,0.28732264034546573,25.7,896.8
1224,1,transformer,loso,Afif - TVTC,23.92118,42.94815,01-04-2018 00:00,6654.2,6699.21630859375,45.01630859375018,45.01630859375018,2026.4680394077466,0.6765097020490846,24.7,4.9,3076.3,4729.0,0.3941296298668853,35.1,894.3
1225,1,transformer,loso,Afif - TVTC,23.92118,42.94815,01-05-2018 00:00,7499.6,7505.08349609375,5.483496093749636,5.483496093749636,30.06872941016752,0.0731171808329729,30.7,4.3,3497.6,5083.6,0.4075886822355847,19.1,893.8
1226,1,transformer,loso,Afif - TVTC,23.92118,42.94815,01-06-2018 00:00,7850.1,7898.265625,48.165624999999636,48.165624999999636,2319.92743164059,0.6135670246238855,34.3,3.4,3047.3,6214.8,0.3290074605111152,12.1,891.7
1227,1,transformer,loso,Afif - TVTC,23.92118,42.94815,01-07-2018 00:00,7727.5,7788.3623046875,60.8623046875,60.8623046875,3704.2201318740845,0.7876066604658687,34.1,3.4,2838.8,6323.6,0.30983148520038417,13.2,890.2
1228,1,transformer,loso,Afif - TVTC,23.92118,42.94815,01-08-2018 00:00,7555.9,7511.15673828125,-44.743261718749636,44.743261718749636,2001.9594692325265,0.5921632329537135,34.2,3.0,2169.3,7267.0,0.2298888335470471,13.2,890.9
1229,1,transformer,loso,Afif - TVTC,23.92118,42.94815,01-09-2018 00:00,6637.8,6835.6572265625,197.85722656249982,197.85722656249982,39147.48210300438,2.980765111369728,33.8,3.3,2582.3,5525.6,0.3184918412905931,13.6,894.3
1230,1,transformer,loso,Afif - TVTC,23.92118,42.94815,01-10-2018 00:00,5498.5,5559.8212890625,61.3212890625,61.3212890625,3760.300492286682,1.1152366838683279,26.4,3.9,1913.0,5582.8,0.25520958403372557,33.6,898.2
1231,1,transformer,loso,Afif - TVTC,23.92118,42.94815,01-11-2018 00:00,4236.3,4127.9677734375,-108.33222656250018,108.33222656250018,11735.87131198887,2.557236894518806,20.0,4.2,1777.1,4318.1,0.2915572909830686,60.4,898.4
1232,1,transformer,loso,Afif - TVTC,23.92118,42.94815,01-12-2018 00:00,4387.7,4536.69921875,148.99921875000018,148.99921875000018,22200.767188110407,3.3958387936732275,18.5,4.2,1505.2,5596.8,0.21194029850746268,45.7,899.6
1233,1,transformer,loso,Afif - TVTC,23.92118,42.94815,01-01-2019 00:00,4414.1,4490.0283203125,75.92832031249964,75.92832031249964,5765.109825477545,1.720131404193372,18.4,4.6,2204.3,3976.2,0.35665399239543727,40.4,899.2
1234,1,transformer,loso,Afif - TVTC,23.92118,42.94815,01-02-2019 00:00,5097.9,5260.92822265625,163.02822265625036,163.02822265625036,26578.201382455944,3.197948619161819,17.9,4.7,2182.2,4812.9,0.31196123000385984,41.5,898.0
1235,1,transformer,loso,Afif - TVTC,23.92118,42.94815,01-03-2019 00:00,6589.6,6651.0703125,61.470312499999636,61.470312499999636,3778.5993188476114,0.9328382982275044,20.0,4.4,2364.1,6282.7,0.2734075033538419,26.4,896.3
1236,1,transformer,loso,Afif - TVTC,23.92118,42.94815,01-04-2019 00:00,7156.5,7208.76806640625,52.26806640625,52.26806640625,2731.95076584816,0.7303579460106198,24.4,4.0,2643.4,6163.0,0.3001680595930233,28.6,895.4
1237,1,transformer,loso,Afif - TVTC,23.92118,42.94815,01-05-2019 00:00,6958.5,7011.6923828125,53.1923828125,53.1923828125,2829.4295892715454,0.7644231201049076,30.0,3.6,2892.2,5191.5,0.3577817088709378,26.4,894.9
1238,1,transformer,loso,Afif - TVTC,23.92118,42.94815,01-06-2019 00:00,7610.3,7747.07861328125,136.77861328124982,136.77861328124982,18708.38905114169,1.797282804636477,35.1,3.4,2739.2,6325.8,0.30217319360176503,13.3,892.4
1239,1,transformer,loso,Afif - TVTC,23.92118,42.94815,01-07-2019 00:00,7836.3,7927.05078125,90.75078124999982,90.75078124999982,8235.70429748532,1.1580820189375065,35.4,3.3,2634.9,6860.6,0.2774893370543942,12.2,889.8
1240,1,transformer,loso,Afif - TVTC,23.92118,42.94815,01-08-2019 00:00,7641.6,7648.24560546875,6.645605468749636,6.645605468749636,44.16407204627507,0.08696615196751513,34.3,3.3,2137.6,7414.8,0.22377622377622378,13.5,891.2
1241,1,transformer,loso,Afif - TVTC,23.92118,42.94815,01-09-2019 00:00,6736.4,6722.9208984375,-13.479101562499636,13.479101562499636,181.68617893218013,0.2000935449572418,33.6,3.5,2220.0,6283.9,0.2610566916356025,14.2,893.4
1242,1,transformer,loso,Afif - TVTC,23.92118,42.94815,01-10-2019 00:00,5849.9,6027.4931640625,177.59316406250036,177.59316406250036,31539.331921730172,3.0358324768372174,29.1,3.2,1861.0,6245.0,0.22958302491981247,21.6,896.5
1243,1,transformer,loso,Afif - TVTC,23.92118,42.94815,01-11-2019 00:00,4843.5,4857.25537109375,13.75537109375,13.75537109375,189.21023392677307,0.28399651272323734,21.8,4.5,1732.7,5494.2,0.23975701891544093,39.2,898.0
1244,1,transformer,loso,Afif - TVTC,23.92118,42.94815,01-12-2019 00:00,4592.8,4632.8125,40.01249999999982,40.01249999999982,1601.0001562499854,0.8712005748127465,18.3,4.1,1308.8,6414.6,0.16945904653390992,38.5,898.7
1245,1,transformer,loso,Afif - TVTC,23.92118,42.94815,01-01-2020 00:00,5030.2,5157.4775390625,127.27753906250018,127.27753906250018,16199.571949806259,2.530267962754964,14.3,3.7,1246.2,7255.0,0.14659106949607115,36.0,899.4
1246,1,transformer,loso,Afif - TVTC,23.92118,42.94815,01-02-2020 00:00,5601.3,5758.86376953125,157.56376953124982,157.56376953124982,24826.341468896808,2.812985727085673,18.6,4.4,2050.5,5828.9,0.2602355509302739,30.9,898.8
1247,1,transformer,loso,Afif - TVTC,23.92118,42.94815,01-03-2020 00:00,6705.5,6857.8525390625,152.3525390625,152.3525390625,23211.29615879059,2.272053375027962,21.7,4.2,2476.1,6175.9,0.2861881645862228,22.1,895.8
1248,1,transformer,loso,Afif - TVTC,23.92118,42.94815,01-04-2020 00:00,7324.1,7394.8408203125,70.74082031249964,70.74082031249964,5004.263658485361,0.965863659869467,26.4,4.0,2808.9,6139.0,0.3139172319762179,27.2,894.6
1249,1,transformer,loso,Afif - TVTC,23.92118,42.94815,01-05-2020 00:00,7113.0,7115.7509765625,2.7509765625,2.7509765625,7.567872047424316,0.038675334774356813,31.2,4.0,3419.7,4699.0,0.4212127557367559,20.2,894.9
1250,1,transformer,loso,Afif - TVTC,23.92118,42.94815,01-09-2020 00:00,6862.5,6966.271484375,103.771484375,103.771484375,10768.52096939087,1.5121527777777777,32.1,2.9,2037.5,6866.3,0.2288348794896561,12.9,893.9
1251,1,transformer,loso,Afif - TVTC,23.92118,42.94815,01-10-2020 00:00,6419.3,6588.95947265625,169.65947265624982,169.65947265624982,28784.33666199678,2.642959086757899,25.8,2.7,1220.8,8472.9,0.1259374645388242,14.6,898.2
1252,1,transformer,loso,Afif - TVTC,23.92118,42.94815,01-11-2020 00:00,5000.4,5193.8916015625,193.49160156250036,193.49160156250036,37438.999875221394,3.8695224694524515,22.5,4.7,1439.3,6489.2,0.18153496878350256,33.5,898.3
1253,1,transformer,loso,Afif - TVTC,23.92118,42.94815,01-12-2020 00:00,4332.4,4438.95068359375,106.55068359375036,106.55068359375036,11353.048174295503,2.4593916442099153,18.0,4.6,1616.9,5196.0,0.23732918434146988,43.7,899.3
1254,1,transformer,loso,Afif - TVTC,23.92118,42.94815,01-01-2021 00:00,4835.5,4910.73974609375,75.23974609375,75.23974609375,5661.019392251968,1.5559868905749146,16.9,4.6,1669.7,5767.6,0.2245035160609361,38.5,899.6
1255,1,transformer,loso,Afif - TVTC,23.92118,42.94815,01-02-2021 00:00,5430.2,5545.9697265625,115.76972656250018,115.76972656250018,13402.62958835606,2.131960637959931,18.4,5.0,2034.9,5682.9,0.2636632200886263,37.3,898.3
1256,1,transformer,loso,Afif - TVTC,23.92118,42.94815,01-03-2021 00:00,6626.1,6781.662109375,155.56210937499964,155.56210937499964,24199.56987319935,2.3477175016223666,24.6,4.6,2908.1,5271.0,0.35555256690833953,20.5,896.4
1257,1,transformer,loso,Afif - TVTC,23.92118,42.94815,01-04-2021 00:00,7084.3,7133.2099609375,48.90996093749982,48.90996093749982,2392.184278907758,0.6903993469714695,26.9,3.9,3134.9,5236.5,0.3744773872948372,22.3,896.4
1258,1,transformer,loso,Afif - TVTC,23.92118,42.94815,01-05-2021 00:00,8037.0,8059.29736328125,22.29736328125,22.29736328125,497.17240929603577,0.2774339091856414,32.6,3.2,2602.0,7173.4,0.2661783661026659,12.3,893.4
1259,1,transformer,loso,Afif - TVTC,23.92118,42.94815,01-08-2021 00:00,7523.6,7596.1376953125,72.53769531249964,72.53769531249964,5261.717241249032,0.9641354579257222,35.3,3.3,2449.3,6776.8,0.26547511949794605,12.7,891.1
1260,1,transformer,loso,Afif - TVTC,23.92118,42.94815,01-09-2021 00:00,6930.7,7145.3173828125,214.61738281250018,214.61738281250018,46060.62100528725,3.0966191411040755,32.7,3.3,2300.2,6470.7,0.26225358857129827,13.1,893.2
1261,1,transformer,loso,Afif - TVTC,23.92118,42.94815,01-11-2021 00:00,5126.2,5245.86669921875,119.66669921875018,119.66669921875018,14320.118901910826,2.334413390401276,23.0,3.9,1489.8,6500.4,0.18645340542164152,28.5,898.5
1262,1,transformer,loso,Afif - TVTC,23.92118,42.94815,01-12-2021 00:00,4333.9,4433.19287109375,99.29287109375036,99.29287109375036,9859.074250040127,2.291074346287417,18.2,4.0,1642.5,5185.3,0.24056064911098743,37.5,899.5
1441,2,transformer,loso,Al Ahsa - KFU,25.34616,49.5956,01-01-2017 00:00,3707.6,3661.68701171875,-45.91298828124991,45.91298828124991,2108.0024929141914,1.2383479415592273,17.0,1.9,1691.9,3758.5,0.3104175840305299,37.9,1000.6
1442,2,transformer,loso,Al Ahsa - KFU,25.34616,49.5956,01-02-2017 00:00,3725.0,3767.23046875,42.23046875,42.23046875,1783.4124908447266,1.1337038590604027,15.4,1.8,2081.7,2698.7,0.4354656514099238,44.8,1001.4
1443,2,transformer,loso,Al Ahsa - KFU,25.34616,49.5956,01-03-2017 00:00,4575.6,4552.6953125,-22.904687500000364,22.904687500000364,524.6247094726729,0.5005832568406409,22.3,1.6,2750.5,2633.0,0.5109129748305006,40.7,995.9
1444,2,transformer,loso,Al Ahsa - KFU,25.34616,49.5956,01-04-2017 00:00,6136.1,6282.1484375,146.04843749999964,146.04843749999964,21330.1460961913,2.3801508694447553,30.0,2.0,3259.5,3821.9,0.4602903380687435,21.6,993.7
1445,2,transformer,loso,Al Ahsa - KFU,25.34616,49.5956,01-09-2017 00:00,6667.4,6710.76416015625,43.364160156250364,43.364160156250364,1880.4503860569316,0.6503908593492271,35.7,1.2,2166.1,6297.6,0.2559282583267365,29.6,988.3
1446,2,transformer,loso,Al Ahsa - KFU,25.34616,49.5956,01-11-2017 00:00,4347.2,4374.19921875,26.999218750000182,26.999218750000182,728.9578131103614,0.6210714655410421,23.7,1.4,1673.0,4803.4,0.25832252485948987,37.8,998.8
1447,2,transformer,loso,Al Ahsa - KFU,25.34616,49.5956,01-12-2017 00:00,4260.2,4341.4736328125,81.27363281250018,81.27363281250018,6605.403390541106,1.9077421908009058,17.8,1.6,1195.7,6085.2,0.16422420305182053,31.2,1002.5
1448,2,transformer,loso,Al Ahsa - KFU,25.34616,49.5956,01-03-2019 00:00,5956.1,5984.4580078125,28.358007812499636,28.358007812499636,804.1766070937904,0.4761170533150826,21.4,1.9,2431.1,5091.9,0.32315565598830254,34.6,996.9
1449,2,transformer,loso,Al Ahsa - KFU,25.34616,49.5956,01-05-2019 00:00,5879.3,5983.69482421875,104.39482421874982,104.39482421874982,10898.279323663673,1.7756335655392617,34.3,1.7,3126.1,3401.6,0.47889762090782356,18.6,990.6
1450,2,transformer,loso,Al Ahsa - KFU,25.34616,49.5956,01-07-2019 00:00,7450.6,7418.03466796875,-32.565332031250364,32.565332031250364,1060.500850305581,0.43708334941146165,38.8,2.0,2768.7,5921.1,0.3186149278464407,14.9,981.1
1451,2,transformer,loso,Al Ahsa - KFU,25.34616,49.5956,01-08-2019 00:00,7203.9,7250.841796875,46.941796875000364,46.941796875000364,2203.532293853794,0.6516164421355151,38.7,1.9,2596.3,6001.1,0.30198664712587525,17.0,982.8
1452,2,transformer,loso,Al Ahsa - KFU,25.34616,49.5956,01-11-2019 00:00,4107.6,4075.53466796875,-32.065332031250364,32.065332031250364,1028.1855182743307,0.7806342397324559,23.3,1.4,1743.9,4166.4,0.29506116440789815,43.8,999.0
1453,2,transformer,loso,Al Ahsa - KFU,25.34616,49.5956,01-02-2020 00:00,4940.6,4860.7431640625,-79.85683593750036,79.85683593750036,6377.114245948849,1.6163388239788763,19.1,1.4,1896.0,4985.1,0.2755373414134368,32.7,1000.7
1454,2,transformer,loso,Al Ahsa - KFU,25.34616,49.5956,01-09-2020 00:00,6638.8,6598.8876953125,-39.91230468750018,39.91230468750018,1592.992065467849,0.601197576180939,36.1,1.2,1902.2,6615.8,0.22331533223761446,21.4,987.9
1455,2,transformer,loso,Al Ahsa - KFU,25.34616,49.5956,01-11-2020 00:00,4461.1,4331.732421875,-129.36757812500036,129.36757812500036,16735.97026992807,2.8999031208670587,24.4,0.0,1402.9,5489.3,0.20354893938074925,41.6,999.1
1456,2,transformer,loso,Al Ahsa - KFU,25.34616,49.5956,01-04-2021 00:00,6957.6,6980.052734375,22.452734374999636,22.452734374999636,504.12528091429033,0.322708036894901,30.1,0.0,2924.7,5225.1,0.35886770227490244,16.5,993.1
1457,2,transformer,loso,Al Ahsa - KFU,25.34616,49.5956,01-07-2021 00:00,7299.4,7297.9296875,-1.4703124999996362,1.4703124999996362,2.16181884765518,0.020142922705970852,39.7,0.0,2690.6,5825.2,0.3159538739754339,21.2,980.3
1458,2,transformer,loso,Al Ahsa - KFU,25.34616,49.5956,01-10-2021 00:00,5573.0,5566.23828125,-6.76171875,6.76171875,45.72084045410156,0.12132996142113764,31.2,0.0,1680.5,6010.6,0.21849930439078935,31.4,993.7
765,3,transformer,loso,Al Baha - University,20.1794,41.6357,01-01-2017 00:00,5018.8,4974.375,-44.42500000000018,44.42500000000018,1973.5806250000162,0.8851717542041958,18.5,2.5,1128.1,6915.1,0.1402551223393674,39.0,836.3
766,3,transformer,loso,Al Baha - University,20.1794,41.6357,01-02-2017 00:00,5049.4,5042.2841796875,-7.115820312499636,7.115820312499636,50.63489871978242,0.14092407637540375,16.5,3.2,2030.9,4829.5,0.296032301323538,48.5,835.0
767,3,transformer,loso,Al Baha - University,20.1794,41.6357,01-03-2018 00:00,6968.5,6785.6796875,-182.8203125,182.8203125,33423.266662597656,2.6235246107483676,21.2,2.6,1712.1,7597.9,0.18389903329752952,29.4,834.9
768,3,transformer,loso,Al Baha - University,20.1794,41.6357,01-04-2018 00:00,6852.4,6729.8076171875,-122.59238281249964,122.59238281249964,15028.892323646456,1.789043004093451,21.6,3.3,2345.7,6034.2,0.27991980811226863,42.2,833.6
769,3,transformer,loso,Al Baha - University,20.1794,41.6357,01-05-2018 00:00,7144.1,7062.8828125,-81.21718750000036,81.21718750000036,6596.231545410215,1.136842814350308,26.5,2.8,2678.3,5692.9,0.31994218272171254,24.2,833.6
770,3,transformer,loso,Al Baha - University,20.1794,41.6357,01-06-2018 00:00,6996.7,7080.283203125,83.58320312500018,83.58320312500018,6986.15184463504,1.1946089317106663,29.3,2.8,3295.4,4686.4,0.41286426620561784,17.9,832.4
771,3,transformer,loso,Al Baha - University,20.1794,41.6357,01-07-2018 00:00,6665.0,6722.33251953125,57.33251953125,57.33251953125,3287.0177958011627,0.8602028436796699,28.6,3.1,3105.6,4438.7,0.4116485293532866,21.9,831.6
772,3,transformer,loso,Al Baha - University,20.1794,41.6357,01-08-2018 00:00,6590.6,6603.18603515625,12.586035156249636,12.586035156249636,158.4082809543518,0.19096948921569562,28.9,3.1,2628.8,5055.4,0.34210457822544965,23.4,831.9
773,3,transformer,loso,Al Baha - University,20.1794,41.6357,01-03-2019 00:00,6846.4,6676.14111328125,-170.25888671874964,170.25888671874964,28988.08850670802,2.4868381444080048,19.5,0.0,1944.9,7084.3,0.21540114295840163,35.4,834.0
774,3,transformer,loso,Al Baha - University,20.1794,41.6357,01-04-2019 00:00,6864.9,6679.47119140625,-185.42880859374964,185.42880859374964,34383.84305649744,2.7011144895592016,22.5,0.0,2381.3,5975.5,0.2849535707447827,40.4,834.1
775,3,transformer,loso,Al Baha - University,20.1794,41.6357,01-05-2019 00:00,5895.8,5919.41552734375,23.615527343749818,23.615527343749818,557.6931317233954,0.40054831140387764,24.1,0.0,2730.5,4082.4,0.4007838071893027,34.4,834.7
776,3,transformer,loso,Al Baha - University,20.1794,41.6357,01-06-2019 00:00,6252.5,6254.16259765625,1.66259765625,1.66259765625,2.764230966567993,0.026590926129548182,29.1,0.0,2752.9,4397.7,0.38498867227924927,18.4,833.2
777,3,transformer,loso,Al Baha - University,20.1794,41.6357,01-07-2019 00:00,6914.6,7001.99853515625,87.39853515624964,87.39853515624964,7638.503947458204,1.2639709477952394,29.9,0.0,2950.1,4929.2,0.37441143248765757,16.4,831.3
778,3,transformer,loso,Al Baha - University,20.1794,41.6357,01-08-2019 00:00,6362.0,6377.4453125,15.4453125,15.4453125,238.55767822265625,0.2427744812951902,27.8,0.0,2624.2,4751.7,0.3557803115552,28.3,832.4
779,3,transformer,loso,Al Baha - University,20.1794,41.6357,01-09-2019 00:00,6709.8,6672.43359375,-37.36640625000018,37.36640625000018,1396.2483160400527,0.5568929960654592,28.4,0.0,2286.3,6008.3,0.2756371615267765,17.1,833.5
780,3,transformer,loso,Al Baha - University,20.1794,41.6357,01-10-2019 00:00,6017.5,5977.1552734375,-40.3447265625,40.3447265625,1627.696961402893,0.6704566109264645,23.9,0.0,1698.9,6532.6,0.2063900868614469,27.1,835.5
781,3,transformer,loso,Al Baha - University,20.1794,41.6357,01-11-2019 00:00,4554.2,4493.84619140625,-60.35380859374982,60.35380859374982,3642.5822117709895,1.3252340387718988,19.3,0.0,1546.0,5047.1,0.2344875703386874,47.2,835.2
782,3,transformer,loso,Al Baha - University,20.1794,41.6357,01-12-2019 00:00,4915.2,5040.259765625,125.05976562500018,125.05976562500018,15639.944978179978,2.5443474451700885,17.2,0.0,1302.9,6612.5,0.16460317861384138,49.4,835.6
783,3,transformer,loso,Al Baha - University,20.1794,41.6357,01-01-2020 00:00,5450.1,5212.57763671875,-237.52236328125036,237.52236328125036,56416.87305871027,4.358128534912209,15.2,0.4,1087.9,7888.5,0.12119557951962927,41.3,835.8
784,3,transformer,loso,Al Baha - University,20.1794,41.6357,01-02-2020 00:00,5930.5,5970.7373046875,40.2373046875,40.2373046875,1619.0406885147095,0.678480814223084,18.2,3.3,1902.6,6379.0,0.2297382148377125,39.4,835.8
785,3,transformer,loso,Al Baha - University,20.1794,41.6357,01-03-2020 00:00,6950.0,6824.3505859375,-125.6494140625,125.6494140625,15787.775254249573,1.8079052383093523,20.2,3.1,2099.5,6879.2,0.23383117823292904,34.0,833.9
786,3,transformer,loso,Al Baha - University,20.1794,41.6357,01-04-2020 00:00,6931.5,6762.93798828125,-168.56201171875,168.56201171875,28413.151794672012,2.4318258922130855,22.8,3.0,2117.6,6560.4,0.24401935929937774,37.2,834.1
787,3,transformer,loso,Al Baha - University,20.1794,41.6357,01-09-2020 00:00,6908.0,6768.64013671875,-139.35986328125,139.35986328125,19421.171493768692,2.017369184731471,27.6,2.6,2028.7,6740.8,0.23133588003877076,16.0,833.4
788,3,transformer,loso,Al Baha - University,20.1794,41.6357,01-10-2020 00:00,6661.9,6323.83984375,-338.06015624999964,338.06015624999964,114284.66924377417,5.074530633152699,22.9,2.5,1150.5,8582.6,0.11820488847335381,15.4,835.9
789,3,transformer,loso,Al Baha - University,20.1794,41.6357,01-11-2020 00:00,5160.2,5161.3974609375,1.197460937500182,1.197460937500182,1.4339126968388145,0.023205707869853532,20.3,2.1,1240.5,6777.1,0.15472211135501895,38.4,836.0
790,3,transformer,loso,Al Baha - University,20.1794,41.6357,01-12-2020 00:00,5136.3,5047.396484375,-88.90351562500018,88.90351562500018,7903.835090484651,1.7308863505831078,17.7,2.2,1066.2,7527.1,0.12407340602562461,43.2,836.0
791,3,transformer,loso,Al Baha - University,20.1794,41.6357,01-01-2021 00:00,5303.7,5203.74560546875,-99.95439453124982,99.95439453124982,9990.880986108743,1.8846162967598057,16.4,2.3,1257.3,7177.5,0.14906103286384978,37.8,835.7
792,3,transformer,loso,Al Baha - University,20.1794,41.6357,01-02-2021 00:00,5788.4,5632.7216796875,-155.67832031249964,155.67832031249964,24235.739415321237,2.689487946798764,17.6,3.2,1576.4,6719.2,0.19002844881623993,39.8,834.9
793,3,transformer,loso,Al Baha - University,20.1794,41.6357,01-09-2021 00:00,6325.3,6364.15478515625,38.85478515624982,38.85478515624982,1509.6943295383312,0.614275768046572,27.8,2.7,2401.5,5279.2,0.312666814222662,18.5,833.0
794,3,transformer,loso,Al Baha - University,20.1794,41.6357,01-10-2021 00:00,6161.8,6000.638671875,-161.16132812500018,161.16132812500018,25972.973683013974,2.6154910598364145,24.0,2.8,1513.4,7088.0,0.17594810147185344,21.0,835.9
795,3,transformer,loso,Al Baha - University,20.1794,41.6357,01-11-2021 00:00,5526.5,5372.3232421875,-154.1767578125,154.1767578125,23770.47264957428,2.789772148964082,20.3,2.2,1123.8,7609.0,0.1286872480762184,30.8,836.0
796,3,transformer,loso,Al Baha - University,20.1794,41.6357,01-12-2021 00:00,5053.8,4881.69140625,-172.10859375000018,172.10859375000018,29621.3680426026,3.4055283895286754,17.6,2.4,989.7,7569.3,0.11563266736768314,35.9,836.1
972,4,transformer,loso,Al Dawadmi - TVTC,24.5569,44.47411,01-03-2017 00:00,5246.1,5297.67431640625,51.574316406249636,51.574316406249636,2659.9101127719505,0.9830982330921948,21.4,3.4,3019.8,3091.2,0.4941580756013746,39.7,906.1
973,4,transformer,loso,Al Dawadmi - TVTC,24.5569,44.47411,01-04-2017 00:00,6383.9,6464.98095703125,81.08095703125036,81.08095703125036,6574.121593103468,1.2700850112196365,27.9,3.2,3282.7,4047.5,0.44783225560012,22.1,907.1
974,4,transformer,loso,Al Dawadmi - TVTC,24.5569,44.47411,01-05-2017 00:00,6876.5,6911.09716796875,34.59716796875,34.59716796875,1196.964031457901,0.5031217620700937,32.4,3.0,3718.9,3915.8,0.48710492881187206,19.0,905.0
975,4,transformer,loso,Al Dawadmi - TVTC,24.5569,44.47411,01-06-2017 00:00,8289.8,8261.2861328125,-28.513867187499272,28.513867187499272,813.0406219863477,0.3439632703744273,34.8,3.1,2772.7,7222.0,0.277417031026444,9.3,902.3
976,4,transformer,loso,Al Dawadmi - TVTC,24.5569,44.47411,01-09-2017 00:00,6916.9,7007.5595703125,90.65957031250036,90.65957031250036,8219.157689247197,1.3106965593329434,32.6,2.6,2270.6,6564.4,0.25700056593095644,9.9,904.8
977,4,transformer,loso,Al Dawadmi - TVTC,24.5569,44.47411,01-10-2017 00:00,6216.5,6242.89013671875,26.39013671875,26.39013671875,696.439316034317,0.424517601845894,28.2,2.6,1625.7,7341.2,0.1813001148668994,13.5,907.8
978,4,transformer,loso,Al Dawadmi - TVTC,24.5569,44.47411,01-11-2017 00:00,4804.6,4801.10498046875,-3.495019531250364,3.495019531250364,12.215161523821513,0.07274319467282112,21.2,2.6,1679.9,5576.3,0.23151236184228657,35.9,909.7
979,4,transformer,loso,Al Dawadmi - TVTC,24.5569,44.47411,01-03-2018 00:00,6327.1,6456.794921875,129.69492187499964,129.69492187499964,16820.77276016226,2.04983202217445,24.4,3.0,2484.1,5572.4,0.3083348848755663,24.9,907.6
980,4,transformer,loso,Al Dawadmi - TVTC,24.5569,44.47411,01-04-2018 00:00,6297.0,6348.6376953125,51.6376953125,51.6376953125,2666.4515771865845,0.8200364508893123,24.7,3.4,3284.9,3896.5,0.4574177736931518,36.6,905.0
981,4,transformer,loso,Al Dawadmi - TVTC,24.5569,44.47411,01-05-2018 00:00,7142.7,7214.994140625,72.29414062500018,72.29414062500018,5226.442768707302,1.012140235835191,30.5,3.3,3567.3,4445.4,0.4452057358942679,21.3,904.4
982,4,transformer,loso,Al Dawadmi - TVTC,24.5569,44.47411,01-06-2018 00:00,7910.4,7887.81787109375,-22.582128906249636,22.582128906249636,509.9525459384754,0.2854739192234228,34.7,2.9,2829.1,6525.5,0.302428751630214,12.7,901.8
983,4,transformer,loso,Al Dawadmi - TVTC,24.5569,44.47411,01-07-2018 00:00,7785.4,7850.04345703125,64.64345703125036,64.64345703125036,4178.776536951112,0.8303164517076883,34.9,3.2,2828.1,6413.4,0.3060217497159552,12.0,899.9
984,4,transformer,loso,Al Dawadmi - TVTC,24.5569,44.47411,01-08-2018 00:00,7539.1,7615.7919921875,76.69199218749964,76.69199218749964,5881.661665687505,1.0172565981018906,34.3,2.9,2127.4,7341.5,0.22467234842484346,13.3,901.1
985,4,transformer,loso,Al Dawadmi - TVTC,24.5569,44.47411,01-09-2018 00:00,6587.5,6685.2705078125,97.7705078125,97.7705078125,9559.072197914124,1.4841822817836812,34.1,2.7,2459.7,5713.5,0.3009469975040376,12.7,904.7
986,4,transformer,loso,Al Dawadmi - TVTC,24.5569,44.47411,01-10-2018 00:00,5241.8,5204.453125,-37.34687500000018,37.34687500000018,1394.7890722656387,0.7124818764546564,26.4,2.6,1941.9,5145.4,0.27399714983138856,33.2,909.2
987,4,transformer,loso,Al Dawadmi - TVTC,24.5569,44.47411,01-11-2018 00:00,3903.4,3811.108642578125,-92.29135742187509,92.29135742187509,8517.694654772298,2.3643838044237095,19.1,2.5,1894.2,3530.8,0.34916129032258064,68.3,909.7
988,4,transformer,loso,Al Dawadmi - TVTC,24.5569,44.47411,01-12-2018 00:00,4189.0,4162.626953125,-26.373046875,26.373046875,695.5376014709473,0.6295785837908809,17.3,2.8,1538.3,5117.0,0.23113909215211936,51.3,910.8
989,4,transformer,loso,Al Dawadmi - TVTC,24.5569,44.47411,01-01-2019 00:00,4230.9,4271.8994140625,40.999414062500364,40.999414062500364,1680.9519534683525,0.969047107293965,17.2,3.3,2265.2,3549.2,0.3895844799119428,40.5,910.2
990,4,transformer,loso,Al Dawadmi - TVTC,24.5569,44.47411,01-02-2019 00:00,4990.8,5065.693359375,74.89335937499982,74.89335937499982,5609.015278472873,1.5006283436523165,16.6,1.2,2211.8,4629.8,0.3232869504209542,44.5,909.2
991,4,transformer,loso,Al Dawadmi - TVTC,24.5569,44.47411,01-03-2019 00:00,6375.6,6415.7880859375,40.188085937499636,40.188085937499636,1615.082251319856,0.6303420217312823,19.4,2.2,2453.7,5810.6,0.2969035489999153,27.7,907.1
992,4,transformer,loso,Al Dawadmi - TVTC,24.5569,44.47411,01-04-2019 00:00,6715.8,6743.4140625,27.614062499999818,27.614062499999818,762.5364477538963,0.4111805369427293,23.9,0.0,2811.0,5298.9,0.346613398438945,30.4,906.2
993,4,transformer,loso,Al Dawadmi - TVTC,24.5569,44.47411,01-05-2019 00:00,6851.1,6928.1279296875,77.02792968749964,77.02792968749964,5933.301951942388,1.1243147770066066,30.5,0.0,2928.4,5014.1,0.3687000314762355,24.5,905.4
994,4,transformer,loso,Al Dawadmi - TVTC,24.5569,44.47411,01-06-2019 00:00,7720.3,7825.0908203125,104.79082031249982,104.79082031249982,10981.116021766624,1.357341299075163,35.5,0.0,2823.5,6364.0,0.30731972789115647,12.4,902.6
995,4,transformer,loso,Al Dawadmi - TVTC,24.5569,44.47411,01-07-2019 00:00,7893.1,7988.92041015625,95.82041015624964,95.82041015624964,9181.55100251191,1.21397689318835,35.6,0.0,2362.3,7327.5,0.24379244153646107,11.8,899.9
996,4,transformer,loso,Al Dawadmi - TVTC,24.5569,44.47411,01-08-2019 00:00,7492.7,7516.27197265625,23.571972656250182,23.571972656250182,555.6378949070063,0.31459917861718983,34.7,0.0,2126.7,7272.2,0.22627115939099254,12.5,901.3
997,4,transformer,loso,Al Dawadmi - TVTC,24.5569,44.47411,01-09-2019 00:00,6612.8,6712.43896484375,99.63896484374982,99.63896484374982,9927.923315134012,1.5067590860717066,33.6,0.0,2180.7,6265.0,0.2582023988538546,14.3,904.0
998,4,transformer,loso,Al Dawadmi - TVTC,24.5569,44.47411,01-10-2019 00:00,5699.9,5860.7109375,160.81093750000036,160.81093750000036,25860.157619629023,2.8212940139300753,28.9,0.0,1730.5,6196.8,0.2182962673293555,22.4,907.6
999,4,transformer,loso,Al Dawadmi - TVTC,24.5569,44.47411,01-11-2019 00:00,4333.7,4330.94677734375,-2.753222656249818,2.753222656249818,7.580234994887304,0.06353053179153652,20.7,0.0,1715.3,4642.1,0.2698115581841633,42.7,909.3
1000,4,transformer,loso,Al Dawadmi - TVTC,24.5569,44.47411,01-12-2019 00:00,4303.7,4265.67236328125,-38.02763671874982,38.02763671874982,1446.1011544132095,0.8836033347758864,17.0,0.0,1231.7,6041.3,0.16935239928502682,43.1,909.8
1001,4,transformer,loso,Al Dawadmi - TVTC,24.5569,44.47411,01-01-2020 00:00,4790.7,4668.255859375,-122.44414062499982,122.44414062499982,14992.56757339473,2.5558715975744635,13.4,0.4,1199.6,6866.6,0.1487193474002628,38.2,910.5
1002,4,transformer,loso,Al Dawadmi - TVTC,24.5569,44.47411,01-02-2020 00:00,5383.8,5477.5185546875,93.71855468749982,93.71855468749982,8783.167492713894,1.7407510436401763,17.8,2.6,2133.3,5392.1,0.2834799479097457,29.3,910.0
1003,4,transformer,loso,Al Dawadmi - TVTC,24.5569,44.47411,01-03-2020 00:00,6521.3,6637.3701171875,116.07011718749982,116.07011718749982,13472.27210391994,1.7798616408921504,21.1,1.7,2573.1,5764.2,0.30862509445503944,23.4,906.8
1004,4,transformer,loso,Al Dawadmi - TVTC,24.5569,44.47411,01-04-2020 00:00,6967.3,6957.32177734375,-9.978222656250182,9.978222656250182,99.56492737770444,0.14321505685488184,26.2,3.5,2964.8,5243.9,0.3611777747999074,30.7,905.4
1005,4,transformer,loso,Al Dawadmi - TVTC,24.5569,44.47411,01-05-2020 00:00,7165.5,7177.34375,11.84375,11.84375,140.2744140625,0.1652885353429628,31.2,3.2,3466.1,4717.4,0.4235473819270483,17.5,905.7
1006,4,transformer,loso,Al Dawadmi - TVTC,24.5569,44.47411,01-09-2020 00:00,6828.0,6904.01953125,76.01953125,76.01953125,5778.969131469727,1.1133499011423549,32.6,2.5,1985.2,6920.8,0.2229059061306984,13.3,904.4
1007,4,transformer,loso,Al Dawadmi - TVTC,24.5569,44.47411,01-10-2020 00:00,6238.0,6247.69384765625,9.69384765625,9.69384765625,93.97068238258362,0.1553999303663033,25.7,2.3,1151.0,8358.0,0.12104322221053739,15.1,909.0
1008,4,transformer,loso,Al Dawadmi - TVTC,24.5569,44.47411,01-11-2020 00:00,4682.5,4704.3623046875,21.8623046875,21.8623046875,477.9603662490845,0.4668938534436733,21.6,3.1,1380.8,5990.7,0.1873160143797056,37.2,909.5
1009,4,transformer,loso,Al Dawadmi - TVTC,24.5569,44.47411,01-12-2020 00:00,4216.5,4196.2197265625,-20.2802734375,20.2802734375,411.28949069976807,0.4809741121190561,16.7,2.9,1559.0,5147.0,0.23247837757232329,48.9,910.8
1010,4,transformer,loso,Al Dawadmi - TVTC,24.5569,44.47411,01-01-2021 00:00,4557.2,4445.94775390625,-111.25224609374982,111.25224609374982,12377.062260904271,2.4412412466810722,15.8,2.8,1529.9,5629.5,0.21369109143224294,42.0,911.0
1011,4,transformer,loso,Al Dawadmi - TVTC,24.5569,44.47411,01-02-2021 00:00,5139.4,5089.5419921875,-49.858007812499636,49.858007812499636,2485.820943031275,0.9701133948028884,17.3,3.2,1923.1,5428.2,0.26159998911757104,39.0,909.6
1012,4,transformer,loso,Al Dawadmi - TVTC,24.5569,44.47411,01-03-2021 00:00,6455.2,6560.67626953125,105.47626953125018,105.47626953125018,11125.243434228936,1.6339736883636478,23.6,3.5,2873.7,5092.8,0.3607230276784033,21.4,907.4
1013,4,transformer,loso,Al Dawadmi - TVTC,24.5569,44.47411,01-04-2021 00:00,6912.2,7013.94677734375,101.74677734375018,101.74677734375018,10352.406699838675,1.47198832996369,27.0,3.0,3148.5,5005.7,0.3861200363003115,19.1,907.3
1014,4,transformer,loso,Al Dawadmi - TVTC,24.5569,44.47411,01-05-2021 00:00,7830.1,7900.35546875,70.25546874999964,70.25546874999964,4935.830889282175,0.8972486781777964,32.9,2.7,2637.3,6773.4,0.2802448276961331,11.9,903.8
1015,4,transformer,loso,Al Dawadmi - TVTC,24.5569,44.47411,01-07-2021 00:00,7685.7,7802.76953125,117.06953125000018,117.06953125000018,13705.27514709477,1.52321234565492,37.0,3.0,2674.9,6543.7,0.2901633653700128,13.7,898.7
1016,4,transformer,loso,Al Dawadmi - TVTC,24.5569,44.47411,01-08-2021 00:00,7560.5,7571.89599609375,11.39599609375,11.39599609375,129.86872696876526,0.1507307201077971,35.9,2.8,2255.5,7093.0,0.24126865272503611,11.6,901.4
1017,4,transformer,loso,Al Dawadmi - TVTC,24.5569,44.47411,01-09-2021 00:00,6912.3,7014.572265625,102.27226562499982,102.27226562499982,10459.61631607052,1.4795692551683206,32.1,2.6,1988.4,7041.3,0.22020665138376688,13.9,903.9
1018,4,transformer,loso,Al Dawadmi - TVTC,24.5569,44.47411,01-10-2021 00:00,5993.7,5987.69677734375,-6.003222656249818,6.003222656249818,36.03868226051112,0.10015887775914407,29.2,2.6,1604.3,6955.7,0.1874182242990654,16.6,908.1
1019,4,transformer,loso,Al Dawadmi - TVTC,24.5569,44.47411,01-11-2021 00:00,4922.2,4891.6318359375,-30.568164062499818,30.568164062499818,934.4126541519054,0.6210264528564426,22.0,0.7,1472.2,6196.1,0.19198518576477186,30.6,909.7
1020,4,transformer,loso,Al Dawadmi - TVTC,24.5569,44.47411,01-12-2021 00:00,4105.8,4188.228515625,82.42851562499982,82.42851562499982,6794.460188140839,2.0076115647376835,17.0,0.0,1702.3,4622.7,0.2691383399209486,38.8,910.8
1558,5,transformer,loso,Al Dhahran - KFUPM,26.30355,50.14412,01-01-2017 00:00,3555.2,3384.635498046875,-170.56450195312482,170.56450195312482,29092.24932651752,4.7976063780694425,17.2,1.8,1555.3,3773.0,0.2918942251750089,67.5,1010.7
1559,5,transformer,loso,Al Dhahran - KFUPM,26.30355,50.14412,01-02-2017 00:00,3690.5,3529.970458984375,-160.529541015625,160.529541015625,25769.73353868723,4.349804661038477,15.8,2.0,1718.0,3219.2,0.34797050960058334,65.0,1011.7
1560,5,transformer,loso,Al Dhahran - KFUPM,26.30355,50.14412,01-03-2017 00:00,4160.6,4089.4169921875,-71.18300781250036,71.18300781250036,5067.020601234488,1.7108832334879671,21.4,1.6,2312.3,2650.6,0.4659171049184953,63.5,1006.1
1561,5,transformer,loso,Al Dhahran - KFUPM,26.30355,50.14412,01-04-2017 00:00,6185.7,6214.32763671875,28.627636718750182,28.627636718750182,819.5415841007336,0.462803510010996,28.5,2.2,2751.2,4626.0,0.3729328200401236,42.2,1003.5
1562,5,transformer,loso,Al Dhahran - KFUPM,26.30355,50.14412,01-05-2017 00:00,6441.2,6421.4384765625,-19.761523437499818,19.761523437499818,390.51780857085464,0.3067987865226948,34.1,2.2,2953.9,4460.6,0.3983950367523097,32.7,999.1
1563,5,transformer,loso,Al Dhahran - KFUPM,26.30355,50.14412,01-06-2017 00:00,7197.4,7040.28662109375,-157.11337890624964,157.11337890624964,24684.613831338767,2.182918538725785,36.5,2.3,1893.0,7104.6,0.21038943718324885,25.8,993.4
1564,5,transformer,loso,Al Dhahran - KFUPM,26.30355,50.14412,01-09-2017 00:00,5932.9,5830.2783203125,-102.62167968749964,102.62167968749964,10531.209141883775,1.7297051979217524,34.4,1.4,2000.7,5471.4,0.26775605251535717,58.9,997.7
1565,5,transformer,loso,Al Dhahran - KFUPM,26.30355,50.14412,01-10-2017 00:00,5098.4,5015.2294921875,-83.17050781249964,83.17050781249964,6917.333369789063,1.6313060531245027,30.7,1.4,1640.5,5360.6,0.23432032109239975,57.9,1003.4
1566,5,transformer,loso,Al Dhahran - KFUPM,26.30355,50.14412,01-11-2017 00:00,3809.0,3727.638671875,-81.361328125,81.361328125,6619.665714263916,2.1360285672092414,24.8,1.4,1532.9,4097.3,0.27226386274022235,60.8,1008.5
1567,5,transformer,loso,Al Dhahran - KFUPM,26.30355,50.14412,01-12-2017 00:00,3810.2,3785.782470703125,-24.417529296874818,24.417529296874818,596.21573696374,0.6408463938080631,18.4,1.9,1158.9,5336.6,0.17841582634131323,56.7,1012.5
1568,5,transformer,loso,Al Dhahran - KFUPM,26.30355,50.14412,01-03-2018 00:00,6090.6,5997.853515625,-92.74648437500036,92.74648437500036,8601.910363922187,1.5227807502544963,25.1,1.8,2337.3,5403.5,0.301945535345184,42.0,1005.6
1569,5,transformer,loso,Al Dhahran - KFUPM,26.30355,50.14412,01-04-2018 00:00,5518.1,5457.23779296875,-60.862207031250364,60.862207031250364,3704.2082447147814,1.1029558549364884,27.4,2.1,3215.2,2999.0,0.5173956422387435,44.8,1002.6
1570,5,transformer,loso,Al Dhahran - KFUPM,26.30355,50.14412,01-05-2018 00:00,6756.9,6799.748046875,42.848046875000364,42.848046875000364,1835.9551210022285,0.6341376500318247,32.7,1.8,3459.5,4251.6,0.4486389749841138,34.6,999.6
1571,5,transformer,loso,Al Dhahran - KFUPM,26.30355,50.14412,01-06-2018 00:00,7695.9,7684.7890625,-11.110937499999636,11.110937499999636,123.45293212889817,0.1443747644849808,37.6,2.3,2660.0,6458.8,0.2917050489099443,26.5,992.6
1572,5,transformer,loso,Al Dhahran - KFUPM,26.30355,50.14412,01-07-2018 00:00,7303.7,7364.15087890625,60.45087890625018,60.45087890625018,3654.3087605381234,0.8276747252248886,38.1,2.1,2822.0,5758.1,0.32890059556415424,30.4,989.4
1573,5,transformer,loso,Al Dhahran - KFUPM,26.30355,50.14412,01-08-2018 00:00,7003.3,6943.705078125,-59.59492187500018,59.59492187500018,3551.5547132873753,0.8509548623506088,37.4,2.0,2336.5,6207.6,0.27346355964934865,33.0,991.5
1574,5,transformer,loso,Al Dhahran - KFUPM,26.30355,50.14412,01-09-2018 00:00,5998.5,5984.0322265625,-14.4677734375,14.4677734375,209.31646823883057,0.2411898547553555,35.3,1.4,2182.0,5226.8,0.29451463124932514,57.1,997.6
1575,5,transformer,loso,Al Dhahran - KFUPM,26.30355,50.14412,01-10-2018 00:00,4738.8,4705.17236328125,-33.62763671875018,33.62763671875018,1130.8179512882355,0.7096234641417697,30.7,1.5,2069.9,4035.2,0.33904440549704346,60.6,1005.2
1576,5,transformer,loso,Al Dhahran - KFUPM,26.30355,50.14412,01-11-2018 00:00,3505.6,3465.4267578125,-40.17324218749991,40.17324218749991,1613.8893878555225,1.1459733622632333,24.3,1.7,1717.6,3235.4,0.3467797294568948,69.9,1009.0
1577,5,transformer,loso,Al Dhahran - KFUPM,26.30355,50.14412,01-12-2018 00:00,3640.3,3671.32373046875,31.023730468749818,31.023730468749818,962.4718521976358,0.852230048862726,20.7,0.0,1605.0,4011.3,0.28577533251428877,70.3,1011.4
1578,5,transformer,loso,Al Dhahran - KFUPM,26.30355,50.14412,01-01-2019 00:00,3714.1,3622.19970703125,-91.90029296874991,91.90029296874991,8445.663847742064,2.474362374969708,19.2,0.0,1869.8,3402.5,0.3546459799328566,63.0,1011.3
1579,5,transformer,loso,Al Dhahran - KFUPM,26.30355,50.14412,01-02-2019 00:00,4141.7,3865.900390625,-275.7996093749998,275.7996093749998,76065.42453140249,6.659091903686888,18.9,0.0,1766.8,3934.5,0.3098942346482381,65.3,1010.0
1580,5,transformer,loso,Al Dhahran - KFUPM,26.30355,50.14412,01-03-2019 00:00,5494.2,5280.09033203125,-214.10966796874982,214.10966796874982,45842.94991768829,3.8970126309335265,21.3,0.0,2258.4,4705.8,0.32428706814853103,55.3,1006.7
1581,5,transformer,loso,Al Dhahran - KFUPM,26.30355,50.14412,01-04-2019 00:00,5799.0,5822.40576171875,23.40576171875,23.40576171875,547.829681634903,0.4036172050137955,26.6,0.0,2842.8,3948.8,0.4185758878614759,46.2,1003.7
1582,5,transformer,loso,Al Dhahran - KFUPM,26.30355,50.14412,01-05-2019 00:00,6486.3,6575.005859375,88.70585937499982,88.70585937499982,7868.7294874572435,1.3675879835191067,33.7,0.0,2927.1,4609.5,0.3883846827481888,32.9,999.9
1583,5,transformer,loso,Al Dhahran - KFUPM,26.30355,50.14412,01-06-2019 00:00,7163.0,7087.00390625,-75.99609375,75.99609375,5775.406265258789,1.0609534238447578,38.4,0.0,2113.4,6634.7,0.24158388678684514,26.6,993.7
1584,5,transformer,loso,Al Dhahran - KFUPM,26.30355,50.14412,01-07-2019 00:00,7331.7,7283.2490234375,-48.45097656249982,48.45097656249982,2347.4971298599066,0.660842322551384,37.8,0.0,2237.7,6634.9,0.2522034127538715,32.7,990.1
1585,5,transformer,loso,Al Dhahran - KFUPM,26.30355,50.14412,01-08-2019 00:00,6917.7,6920.1923828125,2.492382812500182,2.492382812500182,6.211972084046317,0.03602906764531827,37.5,0.0,2277.7,6200.9,0.2686410492298257,39.2,991.8
1586,5,transformer,loso,Al Dhahran - KFUPM,26.30355,50.14412,01-10-2019 00:00,4902.0,4892.30859375,-9.69140625,9.69140625,93.92335510253906,0.197703105875153,32.3,0.0,1885.6,4587.5,0.2912978325686301,61.1,1003.2
1587,5,transformer,loso,Al Dhahran - KFUPM,26.30355,50.14412,01-11-2019 00:00,3802.9,3749.305419921875,-53.59458007812509,53.59458007812509,2872.379013750563,1.4093081616167948,24.6,0.0,1557.1,4038.6,0.2782672409171328,57.4,1008.7
1588,5,transformer,loso,Al Dhahran - KFUPM,26.30355,50.14412,01-12-2019 00:00,3380.7,3365.444580078125,-15.255419921874818,15.255419921874818,232.7278369927351,0.45125033046040225,20.3,0.0,1309.2,4063.3,0.24368543508608656,69.5,1010.4
1589,5,transformer,loso,Al Dhahran - KFUPM,26.30355,50.14412,01-01-2020 00:00,3705.0,3529.179443359375,-175.820556640625,175.820556640625,30912.868137419224,4.745494106359649,17.3,0.4,1189.9,4731.9,0.20093552636022835,65.3,1010.9
1590,5,transformer,loso,Al Dhahran - KFUPM,26.30355,50.14412,01-02-2020 00:00,4564.7,4281.55419921875,-283.1458007812498,283.1458007812498,80171.54450005521,6.202944350806183,19.2,2.1,1774.6,4549.5,0.28060909852785376,59.0,1010.6
1591,5,transformer,loso,Al Dhahran - KFUPM,26.30355,50.14412,01-03-2020 00:00,5272.8,5065.66357421875,-207.13642578125018,207.13642578125018,42905.49888543136,3.9283952697096454,22.7,2.2,2344.4,4205.4,0.3579345934227,57.5,1005.4
1592,5,transformer,loso,Al Dhahran - KFUPM,26.30355,50.14412,01-04-2020 00:00,5364.5,5354.93017578125,-9.56982421875,9.56982421875,91.58153557777405,0.1783917274443098,27.5,2.2,2802.5,3393.9,0.45227874249564265,51.5,1003.1
1593,5,transformer,loso,Al Dhahran - KFUPM,26.30355,50.14412,01-05-2020 00:00,7000.4,7022.4033203125,22.003320312500364,22.003320312500364,484.1461047744911,0.31431518645363643,32.6,2.0,2665.9,5732.0,0.31744840972147803,35.9,999.9
1594,5,transformer,loso,Al Dhahran - KFUPM,26.30355,50.14412,01-09-2020 00:00,6075.9,5977.5576171875,-98.34238281249964,98.34238281249964,9671.224257240225,1.618564867961942,35.3,1.5,1785.0,5939.9,0.23107095237478803,51.7,997.2
1595,5,transformer,loso,Al Dhahran - KFUPM,26.30355,50.14412,01-10-2020 00:00,5253.3,5014.265625,-239.03437500000018,239.03437500000018,57137.432431640715,4.550175603906119,29.8,1.5,1278.3,6355.5,0.1674526448164741,59.2,1004.2
1596,5,transformer,loso,Al Dhahran - KFUPM,26.30355,50.14412,01-11-2020 00:00,4139.8,4047.42041015625,-92.37958984375018,92.37958984375018,8533.988619699512,2.2314988609051207,25.6,1.6,1406.7,4882.3,0.2236762601367467,65.5,1008.5
1597,5,transformer,loso,Al Dhahran - KFUPM,26.30355,50.14412,01-12-2020 00:00,3623.2,3614.010498046875,-9.189501953124818,9.189501953124818,84.44694614648485,0.25362944229202966,19.9,2.0,1470.4,4221.3,0.2583410931707574,68.3,1011.4
1598,5,transformer,loso,Al Dhahran - KFUPM,26.30355,50.14412,01-01-2021 00:00,4101.8,3970.075439453125,-131.72456054687518,131.72456054687518,17351.359851267385,3.2113842836529125,18.5,1.9,1536.3,4773.8,0.24346682302974595,62.8,1011.3
1599,5,transformer,loso,Al Dhahran - KFUPM,26.30355,50.14412,01-02-2021 00:00,4581.9,4432.265625,-149.63437499999964,149.63437499999964,22390.446181640516,3.2657712957506635,19.7,2.1,1666.3,4831.7,0.2564327485380117,65.0,1009.2
1600,5,transformer,loso,Al Dhahran - KFUPM,26.30355,50.14412,01-10-2021 00:00,5254.1,5078.8837890625,-175.21621093750036,175.21621093750036,30700.72057529462,3.3348472799813544,31.1,1.7,1623.6,5570.4,0.2256880733944954,59.5,1002.8
1601,5,transformer,loso,Al Dhahran - KFUPM,26.30355,50.14412,01-11-2021 00:00,4294.0,4259.837890625,-34.162109375,34.162109375,1167.049716949463,0.7955777683977643,25.5,1.7,1414.9,5161.5,0.21514810534639014,60.6,1007.0
1602,5,transformer,loso,Al Dhahran - KFUPM,26.30355,50.14412,01-12-2021 00:00,3558.8,3474.945556640625,-83.85444335937518,83.85444335937518,7031.567671110661,2.356256135758547,20.4,1.9,1507.2,3965.8,0.2753882696875571,66.6,1010.5
138,6,transformer,loso,Al Farshah - TQ TVTC,17.7749,43.17555,01-01-2017 00:00,5253.8,4972.4013671875,-281.3986328125002,281.3986328125002,79185.1905487443,5.356097164195442,23.8,1.9,1323.8,6504.9,0.1690957630257897,53.8,895.8
139,6,transformer,loso,Al Farshah - TQ TVTC,17.7749,43.17555,01-02-2017 00:00,4657.6,4603.7314453125,-53.868554687500364,53.868554687500364,2901.8211841202174,1.1565732284331063,23.3,2.0,2326.0,3505.4,0.39887505573275717,58.6,894.9
140,6,transformer,loso,Al Farshah - TQ TVTC,17.7749,43.17555,01-03-2017 00:00,5753.0,5642.873046875,-110.126953125,110.126953125,12127.945804595947,1.9142526181992006,26.4,2.1,2300.3,4717.9,0.3277621042432533,52.4,893.0
141,6,transformer,loso,Al Farshah - TQ TVTC,17.7749,43.17555,01-04-2017 00:00,6995.7,6880.630859375,-115.06914062499982,115.06914062499982,13240.907124175983,1.6448552771702591,29.3,2.3,2473.9,5866.1,0.2966306954436451,35.6,893.1
142,6,transformer,loso,Al Farshah - TQ TVTC,17.7749,43.17555,01-05-2017 00:00,6580.1,6476.5126953125,-103.58730468750036,103.58730468750036,10730.329692421035,1.5742512224358347,29.4,2.0,2776.4,4744.2,0.3691726723931601,53.1,892.2
143,6,transformer,loso,Al Farshah - TQ TVTC,17.7749,43.17555,01-09-2017 00:00,6518.8,6295.3701171875,-223.42988281250018,223.42988281250018,49920.91253360757,3.427469516053571,31.1,2.4,2299.6,5606.0,0.2908824124671119,38.6,890.6
144,6,transformer,loso,Al Farshah - TQ TVTC,17.7749,43.17555,01-10-2017 00:00,6485.5,6095.6435546875,-389.8564453125,389.8564453125,151988.0479516983,6.011201068730244,29.3,2.3,1323.0,7616.6,0.1479931988008412,28.0,893.4
145,6,transformer,loso,Al Farshah - TQ TVTC,17.7749,43.17555,01-11-2017 00:00,5619.6,5207.32177734375,-412.27822265625036,412.27822265625036,169973.33287659675,7.3364336012572124,25.7,2.2,1173.5,7198.1,0.14017631038272252,38.8,894.6
146,6,transformer,loso,Al Farshah - TQ TVTC,17.7749,43.17555,01-03-2018 00:00,6971.5,6342.9951171875,-628.5048828125,628.5048828125,395018.38771915436,9.01534652244854,26.8,2.3,1745.2,7193.5,0.19524091870182464,32.2,893.4
147,6,transformer,loso,Al Farshah - TQ TVTC,17.7749,43.17555,01-04-2018 00:00,6168.1,5960.203125,-207.89687500000036,207.89687500000036,43221.11063476578,3.370517258150814,26.6,2.0,2591.0,4620.9,0.3592673220649205,46.4,892.3
148,6,transformer,loso,Al Farshah - TQ TVTC,17.7749,43.17555,01-05-2018 00:00,6640.5,6437.69384765625,-202.80615234375,202.80615234375,41130.33542847633,3.0540795473797155,30.0,2.3,2684.8,4991.3,0.3497609463138834,39.7,891.0
149,6,transformer,loso,Al Farshah - TQ TVTC,17.7749,43.17555,01-06-2018 00:00,5958.5,6190.671875,232.171875,232.171875,53903.779541015625,3.896481916589746,31.3,2.1,3549.4,2937.0,0.5472064627528368,40.6,889.2
150,6,transformer,loso,Al Farshah - TQ TVTC,17.7749,43.17555,01-07-2018 00:00,5318.7,5691.90234375,373.2023437500002,373.2023437500002,139279.9893804933,7.016796280106044,30.4,2.2,3802.2,1788.5,0.6800937270824763,43.6,889.0
151,6,transformer,loso,Al Farshah - TQ TVTC,17.7749,43.17555,01-08-2018 00:00,5490.9,5502.90234375,12.002343750000364,12.002343750000364,144.05625549317278,0.2185860924438683,29.2,2.0,3387.1,2519.3,0.5734626845455777,52.0,889.4
152,6,transformer,loso,Al Farshah - TQ TVTC,17.7749,43.17555,01-09-2018 00:00,6400.2,6136.6396484375,-263.5603515624998,263.5603515624998,69464.0589157485,4.118001805607634,30.5,2.4,2344.6,5328.5,0.3055609857814964,41.1,891.1
153,6,transformer,loso,Al Farshah - TQ TVTC,17.7749,43.17555,01-10-2018 00:00,5778.6,5314.20947265625,-464.39052734375036,464.39052734375036,215658.56188660656,8.036384718508813,27.5,2.2,1725.7,5794.8,0.22946612592247856,39.5,894.1
154,6,transformer,loso,Al Farshah - TQ TVTC,17.7749,43.17555,01-11-2018 00:00,4929.0,4694.1552734375,-234.8447265625,234.8447265625,55152.04559421539,4.764551157689186,25.0,2.0,1611.9,5364.2,0.23106033457089203,48.3,894.8
155,6,transformer,loso,Al Farshah - TQ TVTC,17.7749,43.17555,01-12-2018 00:00,4963.4,4675.6923828125,-287.70761718749964,287.70761718749964,82775.67298770884,5.796583333753066,23.3,1.9,1332.3,6167.7,0.17764,52.7,895.8
156,6,transformer,loso,Al Farshah - TQ TVTC,17.7749,43.17555,01-01-2019 00:00,5345.5,5098.57080078125,-246.92919921875,246.92919921875,60974.029426813126,4.619384514428024,23.6,1.8,1533.5,6242.8,0.19720175404755474,50.7,896.1
157,6,transformer,loso,Al Farshah - TQ TVTC,17.7749,43.17555,01-02-2019 00:00,5318.9,5214.51904296875,-104.38095703124964,104.38095703124964,10895.384190759583,1.9624538350269727,24.5,2.0,2299.9,4439.4,0.34126689715549097,50.5,894.9
158,6,transformer,loso,Al Farshah - TQ TVTC,17.7749,43.17555,01-03-2019 00:00,5948.5,5674.2900390625,-274.2099609375,274.2099609375,75191.10267734528,4.6097328895940155,25.7,2.2,2335.9,4903.6,0.3226604047240832,45.9,893.8
159,6,transformer,loso,Al Farshah - TQ TVTC,17.7749,43.17555,01-04-2019 00:00,6412.9,6403.2626953125,-9.637304687499636,9.637304687499636,92.87764163970246,0.15027997766220644,28.1,2.3,2804.8,4668.9,0.37528934798025076,43.9,892.7
160,6,transformer,loso,Al Farshah - TQ TVTC,17.7749,43.17555,01-05-2019 00:00,6343.7,6279.0087890625,-64.69121093749982,64.69121093749982,4184.9527725600965,1.0197709686381735,28.1,2.0,2697.1,4650.2,0.3670872293223361,43.4,892.5
161,6,transformer,loso,Al Farshah - TQ TVTC,17.7749,43.17555,01-06-2019 00:00,6041.4,6082.49658203125,41.096582031250364,41.096582031250364,1688.9290546512902,0.680249313590399,31.2,2.1,2832.6,4033.9,0.41252457583921937,43.9,889.6
162,6,transformer,loso,Al Farshah - TQ TVTC,17.7749,43.17555,01-07-2019 00:00,5393.4,5630.5078125,237.10781250000036,237.10781250000036,56220.11474853533,4.3962586216486885,31.2,2.2,3556.0,2203.4,0.6174254262596799,43.3,888.2
163,6,transformer,loso,Al Farshah - TQ TVTC,17.7749,43.17555,01-08-2019 00:00,5735.8,5558.8271484375,-176.97285156250018,176.97285156250018,31319.39019016272,3.0854083399438643,28.8,2.2,2937.0,3449.6,0.4598691009300723,54.6,890.1
164,6,transformer,loso,Al Farshah - TQ TVTC,17.7749,43.17555,01-09-2019 00:00,5977.4,5733.28857421875,-244.11142578124964,244.11142578124964,59590.38819695455,4.083906477419106,30.5,2.2,2295.6,4871.9,0.3202790373212417,42.2,890.4
165,6,transformer,loso,Al Farshah - TQ TVTC,17.7749,43.17555,01-10-2019 00:00,5675.7,5319.265625,-356.4343749999998,356.4343749999998,127045.4636816405,6.2800073118734225,27.5,2.3,1690.2,5970.7,0.22062681930321504,43.6,893.3
166,6,transformer,loso,Al Farshah - TQ TVTC,17.7749,43.17555,01-11-2019 00:00,5069.7,4857.89697265625,-211.80302734374982,211.80302734374982,44860.52239197723,4.177821712206834,25.3,2.0,1559.4,5647.2,0.2163849804346016,45.0,894.1
167,6,transformer,loso,Al Farshah - TQ TVTC,17.7749,43.17555,01-12-2019 00:00,4828.7,4613.8974609375,-214.80253906249982,214.80253906249982,46140.13078769676,4.4484548442127245,23.3,1.9,1444.5,5780.9,0.1999197276275362,52.1,895.1
168,6,transformer,loso,Al Farshah - TQ TVTC,17.7749,43.17555,01-01-2020 00:00,4697.5,4573.4794921875,-124.0205078125,124.0205078125,15381.086358070374,2.6401385377860564,21.8,2.0,1669.2,5022.5,0.24944334025733372,53.2,896.0
169,6,transformer,loso,Al Farshah - TQ TVTC,17.7749,43.17555,01-02-2020 00:00,5332.4,5301.8759765625,-30.524023437499636,30.524023437499636,931.7160068130271,0.5724256139355569,25.5,2.1,2221.7,4481.5,0.3314387158372121,47.1,894.9
170,6,transformer,loso,Al Farshah - TQ TVTC,17.7749,43.17555,01-03-2020 00:00,5972.7,5979.2958984375,6.595898437500182,6.595898437500182,43.505876197817344,0.11043411585213023,25.5,2.1,2581.1,4564.0,0.36124057046087527,51.5,893.1
171,6,transformer,loso,Al Farshah - TQ TVTC,17.7749,43.17555,01-04-2020 00:00,6299.4,6165.3125,-134.08749999999964,134.08749999999964,17979.457656249902,2.1285757373718077,27.4,2.0,2324.3,5260.8,0.3064297108805421,51.6,892.9
172,6,transformer,loso,Al Farshah - TQ TVTC,17.7749,43.17555,01-05-2020 00:00,6540.7,6345.57568359375,-195.12431640624982,195.12431640624982,38073.49885300629,2.9832329323505102,29.6,2.1,2439.4,5140.1,0.321841810145788,43.4,892.4
173,6,transformer,loso,Al Farshah - TQ TVTC,17.7749,43.17555,01-09-2020 00:00,6443.4,6202.111328125,-241.28867187499964,241.28867187499964,58220.22317520124,3.7447414699537456,30.1,2.2,2029.4,5886.9,0.2563571365410609,39.5,890.3
174,6,transformer,loso,Al Farshah - TQ TVTC,17.7749,43.17555,01-10-2020 00:00,6347.6,5976.970703125,-370.62929687500036,370.62929687500036,137366.07570205716,5.838888664613403,28.2,2.4,1157.2,7732.7,0.13017019314053027,26.1,893.5
175,6,transformer,loso,Al Farshah - TQ TVTC,17.7749,43.17555,01-11-2020 00:00,5099.8,4805.11328125,-294.6867187500002,294.6867187500002,86840.2622076417,5.778397559708227,25.1,2.0,1161.3,6380.2,0.15398793343499304,48.3,894.9
176,6,transformer,loso,Al Farshah - TQ TVTC,17.7749,43.17555,01-12-2020 00:00,4810.2,4509.18408203125,-301.0159179687498,301.0159179687498,90610.58287056912,6.257866990327841,23.5,1.9,1149.8,6247.7,0.15543088881378844,52.8,895.3
177,6,transformer,loso,Al Farshah - TQ TVTC,17.7749,43.17555,01-01-2021 00:00,5225.9,5035.28955078125,-190.61044921874964,190.61044921874964,36332.343351373536,3.647418611507102,22.5,2.0,1409.8,6365.1,0.18132709102367875,46.5,895.1
178,6,transformer,loso,Al Farshah - TQ TVTC,17.7749,43.17555,01-02-2021 00:00,5356.4,5187.96044921875,-168.43955078124964,168.43955078124964,28371.882267389174,3.144641004802659,23.4,2.1,1808.6,5374.7,0.2517784305263598,48.4,894.6
179,6,transformer,loso,Al Farshah - TQ TVTC,17.7749,43.17555,01-03-2021 00:00,6647.1,6419.92236328125,-227.17763671875036,227.17763671875036,51609.67862511651,3.4176954870357052,27.0,2.2,2144.3,6129.5,0.259167492566898,36.7,893.4
180,6,transformer,loso,Al Farshah - TQ TVTC,17.7749,43.17555,01-04-2021 00:00,6493.8,6329.86865234375,-163.93134765625018,163.93134765625018,26873.486744394362,2.5244286497312847,27.3,2.2,2522.8,5110.4,0.3305035895823508,39.9,893.0
181,6,transformer,loso,Al Farshah - TQ TVTC,17.7749,43.17555,01-07-2021 00:00,4964.4,5321.36669921875,356.96669921875036,356.96669921875036,127425.22435112979,7.190530561976279,29.2,2.0,3261.8,2070.0,0.611763381972317,55.4,888.1
182,6,transformer,loso,Al Farshah - TQ TVTC,17.7749,43.17555,01-11-2021 00:00,5462.0,5108.4140625,-353.5859375,353.5859375,125023.0151977539,6.473561653240571,26.0,2.2,1185.4,6978.5,0.14520021068361938,34.0,894.7
379,7,transformer,loso,Al Hanakiyah - TVTC,24.85577,40.536,01-01-2017 00:00,4578.4,4587.5849609375,9.184960937500364,9.184960937500364,84.36350742340757,0.20061508250699733,18.8,3.1,1337.4,6122.4,0.17928094586986248,30.6,918.9
380,7,transformer,loso,Al Hanakiyah - TVTC,24.85577,40.536,01-02-2017 00:00,5384.9,5267.931640625,-116.96835937499964,116.96835937499964,13681.597094879065,2.1721547173577904,16.8,3.6,1986.1,5640.4,0.26042090080639874,27.4,919.0
381,7,transformer,loso,Al Hanakiyah - TVTC,24.85577,40.536,01-03-2017 00:00,6075.7,6210.69287109375,134.99287109375018,134.99287109375018,18223.075246133852,2.2218488584648712,23.4,3.7,2622.9,5070.3,0.34093745125565433,24.6,914.7
382,7,transformer,loso,Al Hanakiyah - TVTC,24.85577,40.536,01-04-2017 00:00,6605.0,6634.34228515625,29.34228515625,29.34228515625,860.9696981906891,0.44424352999621497,29.5,4.0,3217.4,4426.2,0.4209273117379245,17.9,915.5
383,7,transformer,loso,Al Hanakiyah - TVTC,24.85577,40.536,01-05-2017 00:00,6870.0,6931.091796875,61.091796875,61.091796875,3732.2076454162598,0.8892546852256187,32.4,3.1,3067.4,4924.9,0.38379440211203286,18.3,914.3
384,7,transformer,loso,Al Hanakiyah - TVTC,24.85577,40.536,01-06-2017 00:00,8035.4,8072.9365234375,37.536523437500364,37.536523437500364,1408.990591774014,0.4671394508985286,37.2,3.1,2441.4,7385.0,0.24845314662541726,8.3,911.4
385,7,transformer,loso,Al Hanakiyah - TVTC,24.85577,40.536,01-09-2017 00:00,6604.4,7430.7470703125,826.3470703125004,826.3470703125004,682849.4806140524,12.512068777065297,34.7,2.9,2064.4,7253.3,0.22155682196250145,9.4,913.8
386,7,transformer,loso,Al Hanakiyah - TVTC,24.85577,40.536,01-10-2017 00:00,6029.6,6631.263671875,601.6636718749996,601.6636718749996,361999.1740541072,9.978500594981417,29.7,2.4,1326.4,8131.0,0.14024996299194284,13.2,916.2
387,7,transformer,loso,Al Hanakiyah - TVTC,24.85577,40.536,01-11-2017 00:00,4578.6,4549.99609375,-28.603906250000364,28.603906250000364,818.1834527588098,0.6247304033984267,23.4,3.0,1614.0,5300.1,0.23343602204191433,32.3,917.9
388,7,transformer,loso,Al Hanakiyah - TVTC,24.85577,40.536,01-03-2018 00:00,6591.4,6714.32861328125,122.92861328125036,122.92861328125036,15111.443963251204,1.8649848784969867,26.6,3.2,2257.7,6409.3,0.2604938271604938,20.0,916.2
389,7,transformer,loso,Al Hanakiyah - TVTC,24.85577,40.536,01-04-2018 00:00,7158.4,7276.52734375,118.12734375000036,118.12734375000036,13954.06934143075,1.6501919947194954,27.2,3.6,2787.1,5943.8,0.3192225314686917,23.2,913.6
390,7,transformer,loso,Al Hanakiyah - TVTC,24.85577,40.536,01-05-2018 00:00,7165.7,7223.70458984375,58.00458984375018,58.00458984375018,3364.532442941687,0.8094755549876521,32.1,4.0,3523.0,4665.5,0.43023752824082556,17.6,913.2
391,7,transformer,loso,Al Hanakiyah - TVTC,24.85577,40.536,01-06-2018 00:00,7916.7,7847.91064453125,-68.78935546874982,68.78935546874982,4731.97542580602,0.8689145157546683,36.1,3.4,2643.9,6951.7,0.27553253574555003,11.4,911.2
392,7,transformer,loso,Al Hanakiyah - TVTC,24.85577,40.536,01-07-2018 00:00,7658.0,7656.1611328125,-1.8388671875,1.8388671875,3.38143253326416,0.02401236860146252,36.2,3.6,2644.2,6580.3,0.28664968290964277,13.5,910.0
393,7,transformer,loso,Al Hanakiyah - TVTC,24.85577,40.536,01-08-2018 00:00,7446.5,7452.44921875,5.94921875,5.94921875,35.39320373535156,0.07989281877392063,36.8,3.1,2061.2,7241.3,0.22157484547164738,13.9,910.6
394,7,transformer,loso,Al Hanakiyah - TVTC,24.85577,40.536,01-09-2018 00:00,6388.5,6448.13037109375,59.63037109375,59.63037109375,3555.7811567783356,0.9334017546176724,36.4,3.2,2709.2,4977.0,0.3524758658374749,12.5,913.7
395,7,transformer,loso,Al Hanakiyah - TVTC,24.85577,40.536,01-10-2018 00:00,5490.0,5429.96728515625,-60.03271484375,60.03271484375,3603.9268515110016,1.0934920736566485,28.4,3.2,1816.7,5732.6,0.24064482799729775,28.3,917.5
396,7,transformer,loso,Al Hanakiyah - TVTC,24.85577,40.536,01-11-2018 00:00,4315.5,4263.41845703125,-52.08154296875,52.08154296875,2712.4871180057526,1.2068484061812073,20.9,3.3,1603.0,4974.5,0.24370961611554542,53.6,918.0
397,7,transformer,loso,Al Hanakiyah - TVTC,24.85577,40.536,01-12-2018 00:00,4308.0,4284.56201171875,-23.43798828125,23.43798828125,549.3392946720123,0.5440572952936398,19.3,3.3,1387.7,5796.5,0.19315998997800732,47.5,919.3
398,7,transformer,loso,Al Hanakiyah - TVTC,24.85577,40.536,01-01-2019 00:00,4019.8,3975.286376953125,-44.51362304687518,44.51362304687518,1981.4626367592973,1.1073591483873622,19.2,3.0,2013.6,3669.5,0.3543136668367616,43.8,918.6
399,7,transformer,loso,Al Hanakiyah - TVTC,24.85577,40.536,01-02-2019 00:00,4920.6,4823.92431640625,-96.67568359375036,96.67568359375036,9346.187798318933,1.9647133193868707,18.4,3.7,1950.7,4946.3,0.2828331158474699,38.4,918.0
400,7,transformer,loso,Al Hanakiyah - TVTC,24.85577,40.536,01-03-2019 00:00,6668.2,6706.693359375,38.49335937500018,38.49335937500018,1481.7387159729144,0.577267619072616,20.8,3.6,1915.2,7278.0,0.2083278945307401,24.4,916.3
401,7,transformer,loso,Al Hanakiyah - TVTC,24.85577,40.536,01-04-2019 00:00,7259.4,7285.0595703125,25.659570312500364,25.659570312500364,658.4135486221501,0.353466819744061,25.6,3.5,2515.2,6506.2,0.27880373334515707,23.9,915.1
402,7,transformer,loso,Al Hanakiyah - TVTC,24.85577,40.536,01-05-2019 00:00,7359.8,7367.0595703125,7.259570312499818,7.259570312499818,52.70136112212871,0.09863814658686129,32.5,3.2,2839.9,5829.9,0.3275623428452791,18.3,914.1
403,7,transformer,loso,Al Hanakiyah - TVTC,24.85577,40.536,01-06-2019 00:00,7467.2,7507.34912109375,40.14912109375018,40.14912109375018,1611.9519246006157,0.5376730380028684,36.5,3.4,2732.8,6149.4,0.30767152282092275,12.4,912.3
404,7,transformer,loso,Al Hanakiyah - TVTC,24.85577,40.536,01-07-2019 00:00,7958.2,7945.583984375,-12.616015624999818,12.616015624999818,159.16385025023956,0.1585285067603204,36.8,3.5,2221.4,7618.1,0.2257635042431018,12.2,909.8
405,7,transformer,loso,Al Hanakiyah - TVTC,24.85577,40.536,01-08-2019 00:00,7554.9,7658.25,103.35000000000036,103.35000000000036,10681.222500000074,1.3679863399912688,35.8,3.5,1981.2,7644.3,0.20582826866136825,14.1,911.2
406,7,transformer,loso,Al Hanakiyah - TVTC,24.85577,40.536,01-09-2019 00:00,6635.6,6662.7451171875,27.145117187499636,27.145117187499636,736.8573871230882,0.4090830849885411,35.8,3.0,2210.9,6222.8,0.2621506574812953,13.8,912.8
407,7,transformer,loso,Al Hanakiyah - TVTC,24.85577,40.536,01-10-2019 00:00,5505.8,5601.2822265625,95.48222656249982,95.48222656249982,9116.855589332547,1.7342116779123797,30.4,2.9,1988.0,5546.6,0.2638494412443925,23.0,916.3
408,7,transformer,loso,Al Hanakiyah - TVTC,24.85577,40.536,01-11-2019 00:00,4778.9,4821.98486328125,43.084863281250364,43.084863281250364,1856.305443964036,0.9015644454006229,23.6,3.2,1513.0,5907.5,0.20389461626575028,38.1,917.4
409,7,transformer,loso,Al Hanakiyah - TVTC,24.85577,40.536,01-12-2019 00:00,4562.7,4585.26220703125,22.562207031250182,22.562207031250182,509.0531861209951,0.4944924503309484,19.0,2.8,1013.4,7183.7,0.12362908833611887,33.6,918.5
410,7,transformer,loso,Al Hanakiyah - TVTC,24.85577,40.536,01-01-2020 00:00,4929.4,4935.732421875,6.332421875000364,6.332421875000364,40.09956680298313,0.12846232553658385,14.8,2.9,1127.9,7413.2,0.13205559002938733,34.3,919.8
411,7,transformer,loso,Al Hanakiyah - TVTC,24.85577,40.536,01-02-2020 00:00,5470.3,5607.12939453125,136.82939453124982,136.82939453124982,18722.283207788416,2.50131427035537,19.0,3.3,1798.4,6283.0,0.22253569926002922,29.9,918.9
412,7,transformer,loso,Al Hanakiyah - TVTC,24.85577,40.536,01-03-2020 00:00,6632.6,6710.5263671875,77.92636718749964,77.92636718749964,6072.51870304102,1.174899242943938,22.9,3.6,2292.7,6386.9,0.2641481174247661,21.5,915.6
413,7,transformer,loso,Al Hanakiyah - TVTC,24.85577,40.536,01-04-2020 00:00,7323.4,7499.91552734375,176.51552734375036,176.51552734375036,31157.731393442282,2.4102947721516013,27.1,3.7,2781.8,6290.0,0.3066425626667255,22.5,914.3
414,7,transformer,loso,Al Hanakiyah - TVTC,24.85577,40.536,01-05-2020 00:00,7249.3,7290.4833984375,41.18339843749982,41.18339843749982,1696.0723068618624,0.568101726201148,32.8,3.5,2956.4,5654.4,0.34333627537511036,17.2,914.5
415,7,transformer,loso,Al Hanakiyah - TVTC,24.85577,40.536,01-09-2020 00:00,6812.8,6971.375,158.57499999999982,158.57499999999982,25146.03062499994,2.327603922029119,34.8,3.0,2065.5,6758.2,0.23408547434749594,11.4,913.5
416,7,transformer,loso,Al Hanakiyah - TVTC,24.85577,40.536,01-10-2020 00:00,6154.4,6260.2685546875,105.86855468750036,105.86855468750036,11208.150871620255,1.7202091948443452,28.6,2.8,1300.2,7893.3,0.14142600750530265,13.3,917.9
417,7,transformer,loso,Al Hanakiyah - TVTC,24.85577,40.536,01-11-2020 00:00,4646.2,4749.0107421875,102.81074218750018,102.81074218750018,10570.04870914463,2.2127920061017643,23.7,3.0,1459.6,5791.0,0.20130747800182053,37.9,917.7
418,7,transformer,loso,Al Hanakiyah - TVTC,24.85577,40.536,01-12-2020 00:00,4199.4,4238.455078125,39.055078125000364,39.055078125000364,1525.299127349882,0.9300156718817062,19.2,3.1,1500.0,5290.1,0.22090985405222308,39.7,919.2
419,7,transformer,loso,Al Hanakiyah - TVTC,24.85577,40.536,01-01-2021 00:00,4720.7,4789.66943359375,68.96943359375018,68.96943359375018,4756.782770242716,1.4610001396773824,18.6,3.4,1556.5,5938.4,0.20767455202871288,36.4,919.4
420,7,transformer,loso,Al Hanakiyah - TVTC,24.85577,40.536,01-02-2021 00:00,5417.2,5506.130859375,88.93085937500018,88.93085937500018,7908.697749176058,1.6416388424832051,19.5,3.3,1664.4,6361.5,0.20737861174447728,35.0,918.1
421,7,transformer,loso,Al Hanakiyah - TVTC,24.85577,40.536,01-03-2021 00:00,6589.8,6736.5810546875,146.78105468749982,146.78105468749982,21544.678015174813,2.22739771597772,25.6,3.5,2560.5,5854.2,0.3042889229562551,21.5,916.1
422,7,transformer,loso,Al Hanakiyah - TVTC,24.85577,40.536,01-04-2021 00:00,7305.7,7368.9052734375,63.20527343750018,63.20527343750018,3994.906590309166,0.8651501353395319,28.2,3.7,2827.2,5988.0,0.32071875850803155,19.7,916.1
423,7,transformer,loso,Al Hanakiyah - TVTC,24.85577,40.536,01-05-2021 00:00,7658.8,7643.68798828125,-15.112011718750182,15.112011718750182,228.37289818764282,0.19731565935590667,34.0,3.3,2655.1,6538.0,0.2888144369146425,12.3,913.3
424,7,transformer,loso,Al Hanakiyah - TVTC,24.85577,40.536,01-07-2021 00:00,7663.1,7794.06591796875,130.96591796874964,130.96591796874964,17152.071669397257,1.7090461819465965,38.1,3.8,2575.0,6684.3,0.278098776365384,12.3,908.7
425,7,transformer,loso,Al Hanakiyah - TVTC,24.85577,40.536,01-08-2021 00:00,7545.6,7650.388671875,104.78867187499964,104.78867187499964,10980.66575332634,1.3887387600058263,37.2,3.3,2170.8,7263.2,0.23010387958448167,12.2,910.8
426,7,transformer,loso,Al Hanakiyah - TVTC,24.85577,40.536,01-09-2021 00:00,6608.6,6802.51416015625,193.91416015624964,193.91416015624964,37602.70150910364,2.9342698931127567,35.4,3.0,2459.0,5760.0,0.2991848156710062,13.1,912.6
427,7,transformer,loso,Al Hanakiyah - TVTC,24.85577,40.536,01-10-2021 00:00,5924.8,6040.7529296875,115.95292968749982,115.95292968749982,13445.081903114276,1.957077533207869,31.0,2.5,1741.4,6635.7,0.20787623401893257,14.8,916.6
428,7,transformer,loso,Al Hanakiyah - TVTC,24.85577,40.536,01-11-2021 00:00,4899.6,4970.88232421875,71.28232421874964,71.28232421874964,5081.169746026941,1.4548600746744558,23.9,3.0,1283.7,6657.4,0.16165266776643036,26.8,918.3
429,7,transformer,loso,Al Hanakiyah - TVTC,24.85577,40.536,01-12-2021 00:00,4052.8,4095.2802734375,42.48027343749982,42.48027343749982,1804.5736313247526,1.048170979014504,19.1,3.0,1536.5,4967.0,0.23625739986161298,36.8,919.2
843,8,transformer,loso,Al Jouf - TVTC,29.77634,40.02318,01-01-2017 00:00,3830.0,3796.697998046875,-33.302001953125,33.302001953125,1109.0233340859413,0.869503967444517,9.7,3.8,1505.1,4813.8,0.2381901913307696,42.5,940.8
844,8,transformer,loso,Al Jouf - TVTC,29.77634,40.02318,01-02-2017 00:00,4767.7,4566.986328125,-200.71367187499982,200.71367187499982,40285.97807754509,4.209863705245712,9.9,4.1,1533.8,5815.4,0.20870298808033527,26.7,941.3
845,8,transformer,loso,Al Jouf - TVTC,29.77634,40.02318,01-03-2017 00:00,5740.9,5800.43701171875,59.537011718750364,59.537011718750364,3544.655764398618,1.0370675629039066,16.9,4.7,2227.6,5560.5,0.28602611676788947,35.9,935.8
846,8,transformer,loso,Al Jouf - TVTC,29.77634,40.02318,01-04-2017 00:00,5726.0,5852.43310546875,126.43310546875,126.43310546875,15985.330158472061,2.2080528373864827,22.3,4.6,2852.7,4059.5,0.4127050721911982,24.8,937.1
847,8,transformer,loso,Al Jouf - TVTC,29.77634,40.02318,01-09-2017 00:00,6433.7,6669.638671875,235.93867187500018,235.93867187500018,55667.056886139,3.667231482273034,32.5,3.6,2436.7,5772.3,0.2968327445486661,14.8,934.1
848,8,transformer,loso,Al Jouf - TVTC,29.77634,40.02318,01-10-2017 00:00,5433.4,5549.81591796875,116.41591796875036,116.41591796875036,13552.665956506813,2.142597967547951,24.8,3.4,1587.2,6530.3,0.19552817985833076,22.4,936.8
849,8,transformer,loso,Al Jouf - TVTC,29.77634,40.02318,01-11-2017 00:00,3972.7,3976.1005859375,3.400585937500182,3.400585937500182,11.563984718323992,0.08559886066151942,17.6,3.6,1851.0,4120.6,0.30996717797575185,42.6,939.2
850,8,transformer,loso,Al Jouf - TVTC,29.77634,40.02318,01-03-2018 00:00,6314.3,6436.619140625,122.31914062499982,122.31914062499982,14961.97216323848,1.9371765773719938,21.3,4.0,2252.1,6351.2,0.2617716457638348,22.7,936.9
851,8,transformer,loso,Al Jouf - TVTC,29.77634,40.02318,01-04-2018 00:00,7142.7,7026.7421875,-115.95781249999982,115.95781249999982,13446.214279785114,1.6234450907919948,22.4,4.5,2528.4,6491.3,0.28031974455913167,27.4,934.4
852,8,transformer,loso,Al Jouf - TVTC,29.77634,40.02318,01-05-2018 00:00,7350.8,7448.70166015625,97.90166015624982,97.90166015624982,9584.735061349833,1.331850412965253,27.7,4.7,2944.4,5943.9,0.3312669464352014,21.4,933.7
853,8,transformer,loso,Al Jouf - TVTC,29.77634,40.02318,01-06-2018 00:00,8361.9,8336.01953125,-25.880468749999636,25.880468749999636,669.7986627197077,0.3095046430835054,32.0,4.8,2348.1,8113.2,0.22445585156720485,15.9,931.5
854,8,transformer,loso,Al Jouf - TVTC,29.77634,40.02318,01-07-2018 00:00,8295.6,8321.37890625,25.778906249999636,25.778906249999636,664.5520074462703,0.31075396897149854,32.9,5.1,1991.9,8626.0,0.18759830098230348,16.8,929.6
855,8,transformer,loso,Al Jouf - TVTC,29.77634,40.02318,01-08-2018 00:00,7827.0,8111.4541015625,284.4541015625,284.4541015625,80914.13589572906,3.6342672998914014,32.3,5.0,1515.3,8978.7,0.14439679817038306,19.8,930.8
856,8,transformer,loso,Al Jouf - TVTC,29.77634,40.02318,01-10-2018 00:00,5122.5,5239.3076171875,116.8076171875,116.8076171875,13644.019433021545,2.28028535261103,25.7,3.4,2091.4,5041.5,0.29320472738998166,26.5,937.7
857,8,transformer,loso,Al Jouf - TVTC,29.77634,40.02318,01-11-2018 00:00,3147.4,3296.499755859375,149.0997558593749,149.0997558593749,22230.7371973252,4.7372356821304855,15.3,2.7,1697.3,2934.3,0.3664608342689351,73.8,939.3
858,8,transformer,loso,Al Jouf - TVTC,29.77634,40.02318,01-12-2018 00:00,3644.8,3671.84912109375,27.049121093749818,27.049121093749818,731.6549519443414,0.742129090587956,12.8,3.3,1163.8,5454.8,0.17583779046928352,59.7,940.7
859,8,transformer,loso,Al Jouf - TVTC,29.77634,40.02318,01-01-2019 00:00,3527.3,3514.692626953125,-12.607373046875182,12.607373046875182,158.9458551430748,0.3574227609467633,10.7,4.0,1616.7,3915.4,0.29223983659008335,50.6,939.3
860,8,transformer,loso,Al Jouf - TVTC,29.77634,40.02318,01-02-2019 00:00,4881.0,4871.84228515625,-9.15771484375,9.15771484375,83.86374115943909,0.18761964441200574,12.2,3.8,1560.2,6004.0,0.20626107189127735,51.2,939.5
861,8,transformer,loso,Al Jouf - TVTC,29.77634,40.02318,01-05-2019 00:00,7611.7,7688.1201171875,76.42011718750018,76.42011718750018,5840.0343109512605,1.0039822534716316,29.8,3.8,2428.0,6984.7,0.2579493662817257,12.7,934.4
862,8,transformer,loso,Al Jouf - TVTC,29.77634,40.02318,01-06-2019 00:00,7742.5,7844.3974609375,101.8974609375,101.8974609375,10383.092545509338,1.3160795729738457,33.2,4.3,2163.5,7565.8,0.22236954354372876,14.6,932.0
863,8,transformer,loso,Al Jouf - TVTC,29.77634,40.02318,01-07-2019 00:00,8373.8,8353.2490234375,-20.550976562499272,20.550976562499272,422.3426376723944,0.24541995942701372,33.2,4.4,1571.1,9475.9,0.14221960713315832,14.7,929.6
864,8,transformer,loso,Al Jouf - TVTC,29.77634,40.02318,01-08-2019 00:00,7668.3,7930.43359375,262.1335937499998,262.1335937499998,68714.02097228995,3.418405562510593,33.0,4.8,1856.6,8185.3,0.1848853304653502,16.7,930.6
865,8,transformer,loso,Al Jouf - TVTC,29.77634,40.02318,01-09-2019 00:00,6670.0,6765.03857421875,95.03857421875,95.03857421875,9032.330589532852,1.4248661801911544,32.0,3.5,1744.2,7326.7,0.19228521976871094,17.4,933.1
866,8,transformer,loso,Al Jouf - TVTC,29.77634,40.02318,01-10-2019 00:00,4920.7,4893.3759765625,-27.324023437499818,27.324023437499818,746.6022568130394,0.555287325736172,26.8,3.1,1912.3,4951.6,0.27860254374335286,30.7,936.8
867,8,transformer,loso,Al Jouf - TVTC,29.77634,40.02318,01-11-2019 00:00,4056.3,4031.14208984375,-25.157910156250182,25.157910156250182,632.9204434299561,0.6202181829807998,17.3,3.2,1383.8,5332.8,0.2060268588273829,43.6,939.5
868,8,transformer,loso,Al Jouf - TVTC,29.77634,40.02318,01-12-2019 00:00,3804.5,3846.26904296875,41.76904296875,41.76904296875,1744.6529505252838,1.0978852140557236,12.5,2.6,903.1,6460.4,0.12264548108915597,47.4,939.6
869,8,transformer,loso,Al Jouf - TVTC,29.77634,40.02318,01-01-2020 00:00,3948.7,3946.42138671875,-2.278613281249818,2.278613281249818,5.192078485488063,0.05770540383543491,9.2,3.7,1333.4,5488.9,0.1954472831742961,48.9,940.4
870,8,transformer,loso,Al Jouf - TVTC,29.77634,40.02318,01-02-2020 00:00,5013.3,5151.8857421875,138.58574218749982,138.58574218749982,19206.007937660168,2.764361641782854,12.0,4.2,1454.2,6556.0,0.1815435319967042,45.4,939.6
871,8,transformer,loso,Al Jouf - TVTC,29.77634,40.02318,01-03-2020 00:00,6023.0,6035.4658203125,12.4658203125,12.4658203125,155.3966760635376,0.20697028577951188,17.3,4.8,2141.1,6048.1,0.26145411029160354,33.1,935.6
872,8,transformer,loso,Al Jouf - TVTC,29.77634,40.02318,01-04-2020 00:00,7187.5,7084.39306640625,-103.10693359375,103.10693359375,10631.039755105972,1.43453125,21.9,4.1,2330.6,6828.2,0.25446565052190245,27.7,935.0
873,8,transformer,loso,Al Jouf - TVTC,29.77634,40.02318,01-05-2020 00:00,7638.5,7653.537109375,15.037109375,15.037109375,226.1146583557129,0.1968594537540093,28.1,4.2,2581.5,6901.0,0.27223833377273926,15.9,935.0
874,8,transformer,loso,Al Jouf - TVTC,29.77634,40.02318,01-09-2020 00:00,6580.0,6870.125,290.125,290.125,84172.515625,4.40919452887538,33.7,2.8,2126.1,6568.7,0.24452546349542256,11.5,933.6
875,8,transformer,loso,Al Jouf - TVTC,29.77634,40.02318,01-10-2020 00:00,5708.7,5729.1572265625,20.457226562500182,20.457226562500182,418.498118629463,0.3583517536829783,26.1,2.5,1173.8,7846.8,0.1301243819701572,14.1,938.5
876,8,transformer,loso,Al Jouf - TVTC,29.77634,40.02318,01-11-2020 00:00,4067.3,4023.39892578125,-43.90107421875018,43.90107421875018,1927.304317560212,1.0793665138728439,17.6,3.0,1380.2,5315.3,0.20613845119856622,51.3,938.9
877,8,transformer,loso,Al Jouf - TVTC,29.77634,40.02318,01-12-2020 00:00,3380.6,3416.017822265625,35.41782226562509,35.41782226562509,1254.4221340394085,1.047678585624596,12.6,3.3,1274.2,4545.1,0.21896104342446687,58.8,941.1
878,8,transformer,loso,Al Jouf - TVTC,29.77634,40.02318,01-01-2021 00:00,3944.0,4022.888427734375,78.888427734375,78.888427734375,6223.384030401707,2.000213684948656,11.5,3.3,1446.4,5145.6,0.21941747572815534,45.9,941.2
879,8,transformer,loso,Al Jouf - TVTC,29.77634,40.02318,01-03-2021 00:00,6384.4,6442.5517578125,58.151757812500364,58.151757812500364,3381.6269366836973,0.9108413917126178,18.1,3.9,2155.5,6569.8,0.24704021638224477,27.5,937.1
880,8,transformer,loso,Al Jouf - TVTC,29.77634,40.02318,01-04-2021 00:00,7284.1,7289.02001953125,4.920019531249636,4.920019531249636,24.20659218787789,0.06754464561510187,23.9,3.5,2225.7,7076.1,0.23927626910920466,17.2,937.3
881,8,transformer,loso,Al Jouf - TVTC,29.77634,40.02318,01-05-2021 00:00,8070.1,8178.9384765625,108.83847656249964,108.83847656249964,11845.813980445782,1.3486632949096,30.0,3.7,2289.2,7930.5,0.22399874751705037,12.3,933.4
882,8,transformer,loso,Al Jouf - TVTC,29.77634,40.02318,01-09-2021 00:00,6706.2,6845.30224609375,139.10224609375018,139.10224609375018,19349.434868326236,2.0742334868293546,30.3,3.2,1641.3,7626.5,0.1770970456850601,18.9,933.6
1459,9,transformer,loso,Al Jubail - SWCC,26.9042,49.76274,01-01-2017 00:00,3548.4,3378.09619140625,-170.3038085937501,170.3038085937501,29003.38722153667,4.799453516901987,16.8,2.8,1516.8,3907.2,0.279646017699115,72.4,1018.6
1460,9,transformer,loso,Al Jubail - SWCC,26.9042,49.76274,01-02-2017 00:00,3721.4,3523.845458984375,-197.5545410156251,197.5545410156251,39027.79667589429,5.308608078025073,15.2,0.5,1664.5,3479.3,0.32359345231152065,71.1,1019.5
1461,9,transformer,loso,Al Jubail - SWCC,26.9042,49.76274,01-03-2017 00:00,3973.8,3899.3076171875,-74.49238281250018,74.49238281250018,5549.115097084073,1.8745881225149776,20.7,0.0,2113.4,2693.2,0.43968709690841756,75.3,1013.7
1462,9,transformer,loso,Al Jubail - SWCC,26.9042,49.76274,01-04-2017 00:00,5835.2,5797.39208984375,-37.80791015624982,37.80791015624982,1429.4380703830582,0.6479282656335656,26.4,0.0,2691.2,4230.3,0.3888174528642635,61.6,1010.9
1463,9,transformer,loso,Al Jubail - SWCC,26.9042,49.76274,01-05-2017 00:00,6296.3,6223.3720703125,-72.92792968750018,72.92792968750018,5318.48292850497,1.158266437232981,31.9,0.0,2872.1,4323.0,0.3991744381593028,49.5,1006.2
1464,9,transformer,loso,Al Jubail - SWCC,26.9042,49.76274,01-06-2017 00:00,6948.8,6636.49951171875,-312.3004882812502,312.3004882812502,97531.59498070728,4.494308201146244,34.2,0.0,1737.5,6898.8,0.2011856929472112,45.9,1000.6
1465,9,transformer,loso,Al Jubail - SWCC,26.9042,49.76274,01-09-2017 00:00,5878.6,5950.56103515625,71.96103515624964,71.96103515624964,5178.390580758996,1.2241185853136738,33.3,0.0,2004.8,5499.9,0.26713925939744426,69.1,1004.9
1466,9,transformer,loso,Al Jubail - SWCC,26.9042,49.76274,01-10-2017 00:00,5021.3,5054.48681640625,33.18681640624982,33.18681640624982,1101.364783182132,0.6609208054935936,29.9,0.0,1688.5,5317.2,0.24101802817705584,68.8,1010.9
1467,9,transformer,loso,Al Jubail - SWCC,26.9042,49.76274,01-11-2017 00:00,3901.2,3910.74560546875,9.545605468750182,9.545605468750182,91.11858376503338,0.2446838272518759,24.6,0.0,1591.9,4243.0,0.27282387016058546,63.6,1016.1
1468,9,transformer,loso,Al Jubail - SWCC,26.9042,49.76274,01-03-2018 00:00,5957.0,6081.89208984375,124.89208984375,124.89208984375,15598.034105539322,2.0965601786763473,23.4,0.0,2331.4,5397.0,0.301666580404741,56.2,1013.4
1469,9,transformer,loso,Al Jubail - SWCC,26.9042,49.76274,01-04-2018 00:00,5482.4,5367.4716796875,-114.92832031249964,114.92832031249964,13208.518809852516,2.096314028755648,25.8,0.0,3245.7,2919.8,0.526429324466791,57.3,1010.2
1470,9,transformer,loso,Al Jubail - SWCC,26.9042,49.76274,01-05-2018 00:00,6604.4,6520.62353515625,-83.77646484374964,83.77646484374964,7018.496061716019,1.2684947132782636,30.3,0.0,3285.3,4260.7,0.43536973230850784,48.8,1007.2
1471,9,transformer,loso,Al Jubail - SWCC,26.9042,49.76274,01-06-2018 00:00,7665.1,7714.87744140625,49.777441406249636,49.777441406249636,2477.793672952616,0.6494036790942014,35.1,0.0,2752.1,6272.2,0.3049654820872533,43.6,1000.0
1472,9,transformer,loso,Al Jubail - SWCC,26.9042,49.76274,01-07-2018 00:00,7378.5,7446.47216796875,67.97216796875,67.97216796875,4620.2156183719635,0.9212193259978315,35.4,0.0,2726.8,5954.3,0.314107659167617,45.6,996.6
1473,9,transformer,loso,Al Jubail - SWCC,26.9042,49.76274,01-08-2018 00:00,7059.7,7126.2919921875,66.59199218750018,66.59199218750018,4434.493423500086,0.9432694333682761,34.8,0.0,2176.3,6521.7,0.25020694412508626,48.0,998.5
1474,9,transformer,loso,Al Jubail - SWCC,26.9042,49.76274,01-09-2018 00:00,6083.9,6266.8193359375,182.91933593750036,182.91933593750036,33459.48345981611,3.0066131254212,33.1,0.0,2228.5,5429.9,0.2909876736655176,63.5,1005.0
1475,9,transformer,loso,Al Jubail - SWCC,26.9042,49.76274,01-10-2018 00:00,4732.9,4768.2451171875,35.345117187500364,35.345117187500364,1249.2773089981335,0.7467961965708205,29.4,0.0,2129.6,4037.2,0.3453330738794837,62.0,1012.9
1476,9,transformer,loso,Al Jubail - SWCC,26.9042,49.76274,01-11-2018 00:00,3456.3,3500.618896484375,44.31889648437482,44.31889648437482,1964.1645855927306,1.2822641693248509,23.7,0.0,1734.3,3167.3,0.3538232413905663,66.8,1016.9
1477,9,transformer,loso,Al Jubail - SWCC,26.9042,49.76274,01-12-2018 00:00,3545.2,3568.76806640625,23.568066406250182,23.568066406250182,555.4537541294184,0.6647880629090089,19.9,0.0,1657.1,3825.6,0.3022415962937968,64.4,1019.3
1478,9,transformer,loso,Al Jubail - SWCC,26.9042,49.76274,01-01-2019 00:00,3651.6,3658.232666015625,6.632666015625091,6.632666015625091,43.99225847482802,0.1816372553298579,18.3,0.0,1940.7,3187.0,0.3784737796672972,59.2,1018.9
1479,9,transformer,loso,Al Jubail - SWCC,26.9042,49.76274,01-02-2019 00:00,4125.3,3919.052978515625,-206.24702148437518,206.24702148437518,42537.83387117632,4.999564188892327,17.8,0.0,1600.8,4369.5,0.26812722978744785,62.0,1017.9
1480,9,transformer,loso,Al Jubail - SWCC,26.9042,49.76274,01-03-2019 00:00,5465.2,5495.7138671875,30.513867187500182,30.513867187500182,931.0960907364002,0.5583302932646597,19.8,0.0,2306.3,4794.0,0.3248172612424827,57.8,1014.4
1481,9,transformer,loso,Al Jubail - SWCC,26.9042,49.76274,01-04-2019 00:00,5869.6,5754.8447265625,-114.75527343750036,114.75527343750036,13168.772781715477,1.955078258101069,24.6,0.0,2808.2,4115.9,0.40556895481001143,54.2,1011.1
1482,9,transformer,loso,Al Jubail - SWCC,26.9042,49.76274,01-05-2019 00:00,6475.5,6492.47314453125,16.97314453125,16.97314453125,288.0876352787018,0.2621132658675006,30.8,0.0,2917.2,4605.5,0.38778630013160165,43.9,1007.0
1483,9,transformer,loso,Al Jubail - SWCC,26.9042,49.76274,01-06-2019 00:00,7163.6,7077.177734375,-86.42226562500036,86.42226562500036,7468.807995758119,1.2064083090206092,35.4,0.0,2053.7,6714.8,0.23421337743057533,41.9,1000.8
1484,9,transformer,loso,Al Jubail - SWCC,26.9042,49.76274,01-07-2019 00:00,6808.1,6661.68603515625,-146.41396484375036,146.41396484375036,21437.049101266966,2.1505848157892857,35.6,0.0,2048.9,6179.0,0.24901858311355268,43.0,996.9
1485,9,transformer,loso,Al Jubail - SWCC,26.9042,49.76274,01-08-2019 00:00,6987.8,7090.2587890625,102.45878906249982,102.45878906249982,10497.803456153832,1.4662524551718683,35.0,0.0,2260.6,6317.2,0.26354076802909837,46.0,998.6
1486,9,transformer,loso,Al Jubail - SWCC,26.9042,49.76274,01-09-2019 00:00,6346.6,6283.5986328125,-63.001367187500364,63.001367187500364,3969.1722674942475,0.9926790279441017,33.4,0.0,1719.8,6676.0,0.20484051549584317,52.1,1003.8
1487,9,transformer,loso,Al Jubail - SWCC,26.9042,49.76274,01-10-2019 00:00,4976.4,5082.8046875,106.40468750000036,106.40468750000036,11321.957521972734,2.1381859878627196,31.1,0.0,1954.9,4757.8,0.29122409760603035,56.1,1010.2
1488,9,transformer,loso,Al Jubail - SWCC,26.9042,49.76274,01-11-2019 00:00,3931.9,3905.128662109375,-26.77133789062509,26.77133789062509,716.7045324540187,0.6808753501010985,23.9,0.0,1529.9,4384.7,0.25866499847834173,53.6,1015.9
1489,9,transformer,loso,Al Jubail - SWCC,26.9042,49.76274,01-12-2019 00:00,3531.3,3612.705810546875,81.40581054687482,81.40581054687482,6626.905990793675,2.305264648907621,19.6,0.0,1264.3,4553.2,0.21732703051138805,58.7,1018.0
1490,9,transformer,loso,Al Jubail - SWCC,26.9042,49.76274,01-01-2020 00:00,3772.3,3673.380126953125,-98.91987304687518,98.91987304687518,9785.141283609903,2.622269518513246,16.6,2.7,1288.1,4840.3,0.21018536649043795,56.6,1018.5
1491,9,transformer,loso,Al Jubail - SWCC,26.9042,49.76274,01-02-2020 00:00,4780.3,4582.6484375,-197.65156250000018,197.65156250000018,39066.14015869148,4.134710426123887,18.2,4.1,1833.4,5000.4,0.26828411718224127,54.0,1018.0
1492,9,transformer,loso,Al Jubail - SWCC,26.9042,49.76274,01-03-2020 00:00,5488.2,5493.96728515625,5.767285156250182,5.767285156250182,33.261578073503685,0.10508518560275104,21.1,4.3,2332.8,4713.9,0.3310485759291584,54.9,1012.8
1493,9,transformer,loso,Al Jubail - SWCC,26.9042,49.76274,01-04-2020 00:00,5407.2,5369.7734375,-37.42656249999982,37.42656249999982,1400.7475805663926,0.6921616085959428,26.1,4.2,2869.8,3396.5,0.457973604838581,51.8,1009.7
1494,9,transformer,loso,Al Jubail - SWCC,26.9042,49.76274,01-05-2020 00:00,6894.7,6908.3662109375,13.666210937500182,13.666210937500182,186.7653213882496,0.19821327885912632,30.0,3.6,2616.7,5634.3,0.3171373166888862,47.2,1007.0
1495,9,transformer,loso,Al Jubail - SWCC,26.9042,49.76274,01-11-2020 00:00,3905.2,3916.14794921875,10.947949218750182,10.947949218750182,119.85759209633272,0.2803428561597404,24.6,3.5,1498.6,4455.7,0.2516836571889223,58.9,1015.6
1496,9,transformer,loso,Al Jubail - SWCC,26.9042,49.76274,01-12-2020 00:00,3358.2,3323.39404296875,-34.80595703124982,34.80595703124982,1211.4546448612086,1.0364468176776196,19.0,3.6,1436.2,3841.2,0.27214158487133816,61.7,1019.2
1497,9,transformer,loso,Al Jubail - SWCC,26.9042,49.76274,01-01-2021 00:00,3883.0,3739.000732421875,-143.999267578125,143.999267578125,20735.78906303644,3.7084539680176407,17.4,3.4,1497.3,4548.5,0.2476595322372556,59.1,1019.3
1498,9,transformer,loso,Al Jubail - SWCC,26.9042,49.76274,01-02-2021 00:00,4494.8,4409.6767578125,-85.12324218750018,85.12324218750018,7245.96636051181,1.8938160137825972,18.4,3.8,1576.0,5087.3,0.23651944231837077,60.0,1017.3
1499,9,transformer,loso,Al Jubail - SWCC,26.9042,49.76274,01-03-2021 00:00,5505.5,5498.30224609375,-7.19775390625,7.19775390625,51.807661294937134,0.1307375153255835,21.9,4.5,2614.9,4175.9,0.385065088060317,52.5,1013.0
1500,9,transformer,loso,Al Jubail - SWCC,26.9042,49.76274,01-04-2021 00:00,6685.9,6677.2880859375,-8.611914062499636,8.611914062499636,74.165063819879,0.12880710244693513,26.5,4.1,2655.6,5380.8,0.3304464685680155,47.7,1010.4
1501,9,transformer,loso,Al Jubail - SWCC,26.9042,49.76274,01-05-2021 00:00,7350.3,7439.6025390625,89.30253906249982,89.30253906249982,7974.943483009306,1.2149509416282303,32.1,3.3,2539.0,6355.7,0.28545088648296174,42.6,1004.8
1502,9,transformer,loso,Al Jubail - SWCC,26.9042,49.76274,01-07-2021 00:00,7340.4,7386.3603515625,45.960351562500364,45.960351562500364,2112.35391574863,0.6261287063715923,35.9,3.5,2197.9,6751.2,0.24560011621280353,50.2,997.0
1503,9,transformer,loso,Al Jubail - SWCC,26.9042,49.76274,01-08-2021 00:00,6824.9,6735.40966796875,-89.49033203124964,89.49033203124964,8008.519527063305,1.3112328683387249,35.5,0.2,2101.2,6325.2,0.24935915693534605,55.2,1000.1
1504,9,transformer,loso,Al Jubail - SWCC,26.9042,49.76274,01-09-2021 00:00,6263.2,6180.888671875,-82.31132812499982,82.31132812499982,6775.154737701386,1.3142056476721136,32.8,0.0,1628.3,6721.8,0.19500365265086644,55.3,1003.5
1505,9,transformer,loso,Al Jubail - SWCC,26.9042,49.76274,01-10-2021 00:00,5176.8,5101.2646484375,-75.53535156250018,75.53535156250018,5705.589335670498,1.4591128025517728,29.5,0.0,1558.9,5815.0,0.21140780319776512,58.5,1010.8
1506,9,transformer,loso,Al Jubail - SWCC,26.9042,49.76274,01-11-2021 00:00,4147.8,4135.9462890625,-11.853710937500182,11.853710937500182,140.51046298981143,0.2857830883239351,24.0,0.0,1445.8,5032.5,0.22317583316610837,59.0,1014.7
1507,9,transformer,loso,Al Jubail - SWCC,26.9042,49.76274,01-12-2021 00:00,3370.2,3455.002197265625,84.80219726562518,84.80219726562518,7191.412661078007,2.5162363440040707,19.1,0.0,1417.7,3890.0,0.2671025114456356,61.1,1018.4
513,10,transformer,loso,Al Khafji - SWCC,28.50676,48.455128,01-02-2017 00:00,3949.1,3932.53369140625,-16.56630859374991,16.56630859374991,274.44258042335207,0.4194957988845537,12.5,3.5,1788.9,3785.9,0.3208904355313195,47.2,1019.5
514,10,transformer,loso,Al Khafji - SWCC,28.50676,48.455128,01-11-2017 00:00,3938.1,3862.5537109375,-75.54628906249991,75.54628906249991,5707.241791114793,1.9183435936746123,21.5,3.3,1571.4,4407.1,0.26284184996236515,48.1,1016.4
515,10,transformer,loso,Al Khafji - SWCC,28.50676,48.455128,01-03-2018 00:00,5826.0,5657.74072265625,-168.25927734375,168.25927734375,28311.184412240982,2.888075477922245,21.5,3.4,2206.8,5403.5,0.2899754280383165,44.9,1013.0
516,10,transformer,loso,Al Khafji - SWCC,28.50676,48.455128,01-04-2018 00:00,5838.9,5782.47216796875,-56.427832031249636,56.427832031249636,3184.1002277469224,0.9664120301983189,24.3,3.7,3234.6,3462.7,0.4829707494064773,51.3,1009.9
517,10,transformer,loso,Al Khafji - SWCC,28.50676,48.455128,01-05-2018 00:00,6759.9,6858.47607421875,98.57607421875036,98.57607421875036,9717.24240838058,1.458247521690415,29.9,3.0,3162.2,4749.9,0.3996663338431011,38.4,1006.9
518,10,transformer,loso,Al Khafji - SWCC,28.50676,48.455128,01-06-2018 00:00,7569.0,7554.205078125,-14.794921875,14.794921875,218.88971328735352,0.19546732560443916,34.8,3.8,3187.7,5639.7,0.36111425787887713,29.1,1000.0
519,10,transformer,loso,Al Khafji - SWCC,28.50676,48.455128,01-07-2018 00:00,7416.9,7521.47509765625,104.57509765625036,104.57509765625036,10935.9510498143,1.4099569585170404,36.4,4.0,2899.6,5875.5,0.3304349807979396,21.6,996.6
520,10,transformer,loso,Al Khafji - SWCC,28.50676,48.455128,01-03-2020 00:00,5678.3,5573.619140625,-104.68085937500018,104.68085937500018,10958.082319488563,1.8435246354542765,19.3,3.6,2138.4,5343.2,0.2858212147134303,56.6,1012.8
521,10,transformer,loso,Al Khafji - SWCC,28.50676,48.455128,01-04-2020 00:00,6194.9,6207.2568359375,12.356835937500364,12.356835937500364,152.6913943863005,0.19946788386415218,24.3,3.5,3297.2,3990.5,0.45243355242394717,51.8,1009.8
522,10,transformer,loso,Al Khafji - SWCC,28.50676,48.455128,01-09-2020 00:00,6394.5,6446.1181640625,51.6181640625,51.6181640625,2664.4348611831665,0.8072275246305419,33.0,2.7,1898.9,6518.8,0.22558418570393338,40.8,1004.1
523,10,transformer,loso,Al Khafji - SWCC,28.50676,48.455128,01-10-2020 00:00,5466.9,5269.046875,-197.85312499999964,197.85312499999964,39145.859072265484,3.6191100074996734,26.6,2.5,1368.7,6781.2,0.16794071092896848,42.6,1011.6
524,10,transformer,loso,Al Khafji - SWCC,28.50676,48.455128,01-11-2020 00:00,3736.1,3671.345703125,-64.75429687499991,64.75429687499991,4193.118963775623,1.7332056656674046,22.4,3.6,1507.8,4169.5,0.2655839923907491,56.9,1015.9
525,10,transformer,loso,Al Khafji - SWCC,28.50676,48.455128,01-12-2020 00:00,3067.4,3205.283935546875,137.8839355468749,137.8839355468749,19011.979681894754,4.495140364702188,15.5,3.1,1282.8,3681.1,0.25842583452527246,64.4,1019.5
526,10,transformer,loso,Al Khafji - SWCC,28.50676,48.455128,01-01-2021 00:00,3791.6,3599.2431640625,-192.3568359374999,192.3568359374999,37001.15233188626,5.073236521191579,13.9,2.9,1545.4,4379.7,0.26082260215017466,53.9,1019.7
527,10,transformer,loso,Al Khafji - SWCC,28.50676,48.455128,01-02-2021 00:00,4392.6,4366.55517578125,-26.044824218750364,26.044824218750364,678.3328685856055,0.5929250152244767,16.0,0.0,1477.9,5060.7,0.22602697825222526,57.1,1017.6
528,10,transformer,loso,Al Khafji - SWCC,28.50676,48.455128,01-03-2021 00:00,5763.4,5796.61181640625,33.211816406250364,33.211816406250364,1103.0247490024808,0.5762538849680807,20.1,0.0,2573.5,4760.7,0.3508903493223528,42.5,1013.2
529,10,transformer,loso,Al Khafji - SWCC,28.50676,48.455128,01-04-2021 00:00,6385.6,6495.935546875,110.33554687499964,110.33554687499964,12173.932904205241,1.7278806513874911,25.6,0.0,2797.2,4953.7,0.360887122785741,34.3,1010.5
530,10,transformer,loso,Al Khafji - SWCC,28.50676,48.455128,01-05-2021 00:00,7342.1,7448.52490234375,106.42490234374964,106.42490234374964,11326.259838876647,1.4495158380265813,32.1,0.0,2642.0,6220.9,0.29809655981676425,26.7,1004.7
531,10,transformer,loso,Al Khafji - SWCC,28.50676,48.455128,01-07-2021 00:00,7678.7,7893.4814453125,214.78144531250018,214.78144531250018,46131.0692505265,2.797106871117509,36.7,0.0,2200.3,7293.0,0.23177398797046342,30.0,996.9
532,10,transformer,loso,Al Khafji - SWCC,28.50676,48.455128,01-08-2021 00:00,7239.3,7425.6455078125,186.34550781249982,186.34550781249982,34724.64828189843,2.574081856153217,35.8,0.0,2172.8,6851.9,0.24076146575509436,33.5,999.9
533,10,transformer,loso,Al Khafji - SWCC,28.50676,48.455128,01-09-2021 00:00,6523.0,6620.912109375,97.912109375,97.912109375,9586.781162261963,1.5010288115131074,32.2,0.0,1749.5,6997.5,0.2000114324911398,31.5,1003.5
534,10,transformer,loso,Al Khafji - SWCC,28.50676,48.455128,01-10-2021 00:00,5078.8,5084.5498046875,5.749804687499818,5.749804687499818,33.06025394439488,0.1132118746062026,27.6,0.0,1732.2,5432.1,0.2417821699258825,38.1,1011.0
1068,11,transformer,loso,Al Qunfudhah - TVTC,19.15197,41.08111,01-01-2017 00:00,4603.3,4558.6435546875,-44.65644531250018,44.65644531250018,1994.1981079483194,0.9700963507157947,26.5,2.3,1731.3,4826.3,0.26401427351470047,76.5,1012.8
1069,11,transformer,loso,Al Qunfudhah - TVTC,19.15197,41.08111,01-02-2017 00:00,4068.8,4171.03076171875,102.23076171874982,102.23076171874982,10451.128641595804,2.5125531291474097,26.4,2.5,2493.3,2316.6,0.5183683652466788,71.1,1012.0
1070,11,transformer,loso,Al Qunfudhah - TVTC,19.15197,41.08111,01-03-2017 00:00,5175.3,5091.5869140625,-83.71308593750018,83.71308593750018,7007.88075717929,1.6175504016675397,28.0,2.6,2617.2,3455.6,0.4309708865762087,72.8,1008.9
1071,11,transformer,loso,Al Qunfudhah - TVTC,19.15197,41.08111,01-04-2017 00:00,6063.9,6020.4150390625,-43.484960937499636,43.484960937499636,1890.9418277358693,0.717112105039655,30.6,2.6,2708.7,4292.5,0.3868908187167914,65.0,1007.7
1072,11,transformer,loso,Al Qunfudhah - TVTC,19.15197,41.08111,01-05-2017 00:00,5961.5,5853.53466796875,-107.96533203125,107.96533203125,11656.512920618057,1.8110430601568397,32.1,2.9,2791.6,3960.8,0.41342337539245305,71.3,1006.0
1073,11,transformer,loso,Al Qunfudhah - TVTC,19.15197,41.08111,01-06-2017 00:00,5946.6,5815.98876953125,-130.61123046875036,130.61123046875036,17059.293524561024,2.1964018173199875,32.6,2.9,2959.5,3624.0,0.44953292321713373,74.7,1002.2
1074,11,transformer,loso,Al Qunfudhah - TVTC,19.15197,41.08111,01-09-2017 00:00,5957.8,5937.8037109375,-19.996289062500182,19.996289062500182,399.8515762710644,0.3356320967890863,32.2,2.8,3070.0,3642.6,0.4573488663111164,79.4,1004.5
1075,11,transformer,loso,Al Qunfudhah - TVTC,19.15197,41.08111,01-10-2017 00:00,5667.9,5760.087890625,92.18789062500036,92.18789062500036,8498.60717788703,1.626491127666338,30.5,2.5,2091.8,5201.7,0.2868033180228971,78.4,1007.8
1076,11,transformer,loso,Al Qunfudhah - TVTC,19.15197,41.08111,01-11-2017 00:00,4737.6,4814.67333984375,77.07333984374964,77.07333984374964,5940.2997146701255,1.626843546178437,29.1,2.3,1912.1,4619.1,0.2927639637432631,74.2,1010.4
1077,11,transformer,loso,Al Qunfudhah - TVTC,19.15197,41.08111,01-12-2017 00:00,4548.6,4550.37548828125,1.7754882812496362,1.7754882812496362,3.152358636854787,0.03903373084574673,26.7,2.1,1658.6,5033.8,0.2478333632179786,73.0,1013.3
1078,11,transformer,loso,Al Qunfudhah - TVTC,19.15197,41.08111,01-03-2018 00:00,6486.4,6447.369140625,-39.030859374999636,39.030859374999636,1523.407983550997,0.6017337718148686,27.8,2.3,2263.3,5829.9,0.2796545247862403,71.9,1009.3
1079,11,transformer,loso,Al Qunfudhah - TVTC,19.15197,41.08111,01-04-2018 00:00,6652.1,6648.2197265625,-3.880273437500364,3.880273437500364,15.05652194977089,0.058331556012392524,30.2,2.5,2627.6,5211.2,0.3352043680155126,70.7,1006.9
1080,11,transformer,loso,Al Qunfudhah - TVTC,19.15197,41.08111,01-05-2018 00:00,6919.4,7032.28759765625,112.88759765625036,112.88759765625036,12743.609704599463,1.6314651220662248,31.8,2.6,3245.1,4602.4,0.41352022937241156,70.7,1004.8
1081,11,transformer,loso,Al Qunfudhah - TVTC,19.15197,41.08111,01-06-2018 00:00,6298.2,6392.18115234375,93.98115234375018,93.98115234375018,8832.45699585918,1.4921906631061286,32.7,3.2,3832.3,2975.4,0.5629360870778677,72.1,1002.3
1082,11,transformer,loso,Al Qunfudhah - TVTC,19.15197,41.08111,01-07-2018 00:00,6173.5,6083.3115234375,-90.1884765625,90.1884765625,8133.961304664612,1.4608970043330365,32.7,3.5,3603.3,3098.7,0.537645478961504,69.2,1002.6
1083,11,transformer,loso,Al Qunfudhah - TVTC,19.15197,41.08111,01-08-2018 00:00,6225.0,6167.48193359375,-57.51806640625,57.51806640625,3308.327963113785,0.9239850025100402,33.0,3.5,3379.3,3438.1,0.4956875055006308,74.3,1002.8
1084,11,transformer,loso,Al Qunfudhah - TVTC,19.15197,41.08111,01-09-2018 00:00,5957.2,6001.34033203125,44.14033203125018,44.14033203125018,1948.3689118290108,0.7409576987720772,32.7,2.3,3243.1,3374.2,0.4900941471597178,80.7,1005.0
1085,11,transformer,loso,Al Qunfudhah - TVTC,19.15197,41.08111,01-10-2018 00:00,5391.0,5363.09814453125,-27.90185546875,27.90185546875,778.5135385990143,0.5175636332544982,30.8,1.8,2299.3,4418.2,0.3422850762932639,74.8,1008.8
1086,11,transformer,loso,Al Qunfudhah - TVTC,19.15197,41.08111,01-11-2018 00:00,4418.4,4370.189453125,-48.210546874999636,48.210546874999636,2324.256829986537,1.091131334306528,29.1,1.6,2037.1,3856.6,0.3456402599385785,75.7,1010.4
1087,11,transformer,loso,Al Qunfudhah - TVTC,19.15197,41.08111,01-12-2018 00:00,4109.2,4154.0712890625,44.87128906250018,44.87128906250018,2013.4325821304485,1.0919714071473812,27.5,1.6,2033.3,3567.0,0.3630698355445244,77.8,1012.5
1088,11,transformer,loso,Al Qunfudhah - TVTC,19.15197,41.08111,01-01-2019 00:00,4616.3,4679.1083984375,62.80839843749982,62.80839843749982,3944.8949142837296,1.3605787846868664,26.8,1.6,2196.5,3983.3,0.3554322146347778,79.1,1012.9
1089,11,transformer,loso,Al Qunfudhah - TVTC,19.15197,41.08111,01-02-2019 00:00,4805.2,4975.90087890625,170.70087890625018,170.70087890625018,29138.79005936629,3.5524198557032003,26.6,2.0,2694.3,3153.1,0.46076888873687455,75.9,1011.7
1090,11,transformer,loso,Al Qunfudhah - TVTC,19.15197,41.08111,01-03-2019 00:00,6154.0,6200.7548828125,46.7548828125,46.7548828125,2186.019066810608,0.7597478520068248,26.9,2.3,2688.8,4702.5,0.3637790375170809,71.5,1010.3
1091,11,transformer,loso,Al Qunfudhah - TVTC,19.15197,41.08111,01-04-2019 00:00,6536.0,6538.95361328125,2.95361328125,2.95361328125,8.723831415176392,0.04518992168375153,29.8,2.0,2894.4,4666.4,0.3828166331605122,71.1,1007.6
1092,11,transformer,loso,Al Qunfudhah - TVTC,19.15197,41.08111,01-05-2019 00:00,6425.8,6653.10498046875,227.30498046874982,227.30498046874982,51667.554145898735,3.537380255668552,32.6,2.2,2897.1,4598.5,0.3865067506270345,60.9,1006.1
1093,11,transformer,loso,Al Qunfudhah - TVTC,19.15197,41.08111,01-06-2019 00:00,6387.9,6380.29345703125,-7.606542968749636,7.606542968749636,57.85949593543453,0.11907736452902576,33.3,2.9,3510.2,3458.7,0.5036949877312058,73.4,1002.6
1094,11,transformer,loso,Al Qunfudhah - TVTC,19.15197,41.08111,01-07-2019 00:00,6463.4,6496.25244140625,32.852441406250364,32.852441406250364,1079.2829063511133,0.5082842065515111,33.0,3.3,3579.8,3504.5,0.5053145688353119,70.0,1001.2
1095,11,transformer,loso,Al Qunfudhah - TVTC,19.15197,41.08111,01-08-2019 00:00,6034.5,6027.185546875,-7.314453125,7.314453125,53.501224517822266,0.12121059118402519,32.9,3.4,3219.6,3438.2,0.4835831656102617,76.4,1003.8
1096,11,transformer,loso,Al Qunfudhah - TVTC,19.15197,41.08111,01-09-2019 00:00,5989.8,5978.74560546875,-11.054394531250182,11.054394531250182,122.19963845253393,0.18455365005927044,32.1,2.5,2896.6,3898.3,0.4262903059647677,82.2,1003.8
1097,11,transformer,loso,Al Qunfudhah - TVTC,19.15197,41.08111,01-10-2019 00:00,5564.8,5572.9013671875,8.101367187499818,8.101367187499818,65.63215030669872,0.1455823603274119,30.9,1.8,2124.4,4919.2,0.30160713271622464,77.3,1008.3
1098,11,transformer,loso,Al Qunfudhah - TVTC,19.15197,41.08111,01-11-2019 00:00,4206.5,4003.21484375,-203.28515625,203.28515625,41324.854751586914,4.832643676453109,28.7,1.4,1795.2,3890.5,0.31573948678263014,80.4,1009.6
1099,11,transformer,loso,Al Qunfudhah - TVTC,19.15197,41.08111,01-12-2019 00:00,4460.9,4573.93408203125,113.03408203125036,113.03408203125036,12776.703700647437,2.533885135987141,27.6,1.8,1773.5,4714.4,0.273355014719709,79.0,1011.6
1100,11,transformer,loso,Al Qunfudhah - TVTC,19.15197,41.08111,01-01-2020 00:00,4132.0,3929.876953125,-202.123046875,202.123046875,40853.72607803345,4.891651666868345,20.2,2.1,1493.0,4790.6,0.23760264816347315,62.9,1016.4
1101,11,transformer,loso,Al Qunfudhah - TVTC,19.15197,41.08111,01-02-2020 00:00,5069.8,5040.3779296875,-29.422070312500182,29.422070312500182,865.6582214737045,0.580339861779561,26.2,1.6,2509.8,3741.1,0.4015101825337152,79.0,1012.7
1102,11,transformer,loso,Al Qunfudhah - TVTC,19.15197,41.08111,01-03-2020 00:00,5969.4,5998.599609375,29.199609375000364,29.199609375000364,852.6171876526091,0.4891548459644246,27.1,1.2,2971.8,3975.4,0.4277694610778443,78.1,1009.3
1103,11,transformer,loso,Al Qunfudhah - TVTC,19.15197,41.08111,01-04-2020 00:00,6822.3,6698.68505859375,-123.61494140625018,123.61494140625018,15280.653738870666,1.8119247380832002,29.8,2.5,2477.4,5643.0,0.3050834934239693,74.4,1007.8
1104,11,transformer,loso,Al Qunfudhah - TVTC,19.15197,41.08111,01-05-2020 00:00,6685.0,6663.794921875,-21.205078125,21.205078125,449.6553382873535,0.3172038612565445,32.1,3.0,2890.0,4756.6,0.377945753668297,73.0,1006.0
1105,11,transformer,loso,Al Qunfudhah - TVTC,19.15197,41.08111,01-10-2020 00:00,5807.6,5732.6337890625,-74.96621093750036,74.96621093750036,5619.932782325799,1.2908294465441896,30.6,2.3,1839.5,5788.0,0.24116683054736152,78.8,1007.5
1106,11,transformer,loso,Al Qunfudhah - TVTC,19.15197,41.08111,01-11-2020 00:00,4494.5,4436.2060546875,-58.2939453125,58.2939453125,3398.1840600967407,1.2970062367894093,29.2,2.3,1828.7,4301.2,0.29832460562162516,80.0,1010.2
1107,11,transformer,loso,Al Qunfudhah - TVTC,19.15197,41.08111,01-12-2020 00:00,4492.0,4552.5263671875,60.5263671875,60.5263671875,3663.4411249160767,1.3474258055988424,27.4,2.1,1638.6,5006.1,0.24660255542010923,82.9,1011.5
1108,11,transformer,loso,Al Qunfudhah - TVTC,19.15197,41.08111,01-01-2021 00:00,4590.6,4561.56787109375,-29.032128906250364,29.032128906250364,842.8645088291379,0.6324255850270196,26.2,2.1,1968.1,4364.5,0.3107886176294097,83.6,1011.8
1109,11,transformer,loso,Al Qunfudhah - TVTC,19.15197,41.08111,01-02-2021 00:00,5038.1,4816.47314453125,-221.62685546875036,221.62685546875036,49118.46306496636,4.399016602861205,26.0,2.6,2207.1,4209.1,0.3439886537202705,79.0,1011.5
1110,11,transformer,loso,Al Qunfudhah - TVTC,19.15197,41.08111,01-04-2021 00:00,6796.6,6787.3271484375,-9.272851562500364,9.272851562500364,85.98577610016544,0.13643368099491457,29.6,2.5,2874.2,4925.7,0.3684919037423557,72.7,1007.5
1111,11,transformer,loso,Al Qunfudhah - TVTC,19.15197,41.08111,01-07-2021 00:00,5840.7,5957.9052734375,117.20527343750018,117.20527343750018,13737.076121559187,2.006699084655952,33.1,3.6,3441.2,2969.5,0.5367900541282543,74.3,1001.1
1112,11,transformer,loso,Al Qunfudhah - TVTC,19.15197,41.08111,01-10-2021 00:00,5500.6,5581.66015625,81.06015624999964,81.06015624999964,6570.7489312743555,1.4736602597898343,30.6,0.0,2343.9,4448.1,0.3450971731448763,86.1,1007.4
430,12,transformer,loso,Al Uwayqilah,30.327166,42.253735,01-04-2021 00:00,6817.4,6774.326171875,-43.073828124999636,43.073828124999636,1855.3546693420096,0.6318219280810813,24.9,3.9,2497.5,6127.0,0.2895820047538988,19.4,963.8
431,12,transformer,loso,Al Uwayqilah,30.327166,42.253735,01-10-2021 00:00,4938.5,4890.318359375,-48.181640625,48.181640625,2321.4704933166504,0.9756330996253924,26.6,3.2,1705.0,5423.6,0.2391773980865808,22.2,963.8
432,12,transformer,loso,Al Uwayqilah,30.327166,42.253735,01-11-2021 00:00,3868.8,3821.720703125,-47.07929687500018,47.07929687500018,2216.460194244402,1.2168966313844132,17.9,3.1,1358.3,4998.1,0.21369013907243092,37.7,967.4
433,12,transformer,loso,Al Uwayqilah,30.327166,42.253735,01-12-2021 00:00,3175.3,3234.863525390625,59.56352539062482,59.56352539062482,3547.8135569596075,1.875839303077656,12.7,2.9,1420.0,3801.5,0.2719525040697118,47.4,968.6
1422,13,transformer,loso,Al Wajh - TVTC,26.256,36.443,01-01-2017 00:00,4200.7,4114.28271484375,-86.41728515624982,86.41728515624982,7467.947173776595,2.0572115398921564,19.5,2.9,1323.6,5446.0,0.19552115339163317,47.2,1013.9
1423,13,transformer,loso,Al Wajh - TVTC,26.256,36.443,01-02-2017 00:00,5057.4,4926.4853515625,-130.91464843749964,130.91464843749964,17138.645175514124,2.5885761149503628,19.3,3.0,1525.6,6045.2,0.20151106884345116,35.9,1014.3
1424,13,transformer,loso,Al Wajh - TVTC,26.256,36.443,01-03-2017 00:00,5541.5,5247.83154296875,-293.66845703125,293.66845703125,86241.16265511513,5.299439809279979,21.7,2.9,1725.0,5803.6,0.22912626517546422,52.4,1009.5
1425,13,transformer,loso,Al Wajh - TVTC,26.256,36.443,01-11-2017 00:00,4630.7,4683.08642578125,52.38642578125018,52.38642578125018,2744.337606134434,1.1312852437266545,24.2,2.6,1275.5,6355.6,0.16714497254655292,50.1,1011.1
1426,13,transformer,loso,Al Wajh - TVTC,26.256,36.443,01-03-2018 00:00,6522.6,6560.939453125,38.339453124999636,38.339453124999636,1469.9136659240444,0.5877940257719259,24.1,2.7,1793.9,7248.1,0.19839637248396375,55.3,1009.5
1427,13,transformer,loso,Al Wajh - TVTC,26.256,36.443,01-04-2018 00:00,7375.2,7336.3837890625,-38.81621093749982,38.81621093749982,1506.6982315444804,0.5263072314988043,25.3,2.7,2354.4,6860.2,0.25550756408308556,56.4,1007.2
1428,13,transformer,loso,Al Wajh - TVTC,26.256,36.443,01-05-2018 00:00,7155.7,7167.0009765625,11.300976562500182,11.300976562500182,127.71207126617843,0.15792971424878324,29.8,2.8,2985.8,5446.4,0.35409501672161475,48.4,1005.1
1429,13,transformer,loso,Al Wajh - TVTC,26.256,36.443,01-06-2018 00:00,8075.8,8177.75439453125,101.95439453124982,101.95439453124982,10394.698564233742,1.2624680468962803,30.1,3.1,2297.0,7721.7,0.22927126273867865,58.8,1003.2
1430,13,transformer,loso,Al Wajh - TVTC,26.256,36.443,01-01-2019 00:00,3929.6,3937.51123046875,7.911230468750091,7.911230468750091,62.58756752967978,0.20132406526745958,19.5,2.6,1595.7,4439.3,0.2644076222038111,49.8,1014.0
1431,13,transformer,loso,Al Wajh - TVTC,26.256,36.443,01-02-2019 00:00,5101.3,5148.1650390625,46.86503906249982,46.86503906249982,2196.331886329634,0.9186881591457043,20.5,2.9,1733.3,5780.7,0.23067607133351078,43.8,1013.3
1432,13,transformer,loso,Al Wajh - TVTC,26.256,36.443,01-03-2019 00:00,6392.0,6350.5556640625,-41.4443359375,41.4443359375,1717.632981300354,0.6483782218006884,20.9,3.1,1869.6,6942.3,0.21216763694549415,44.3,1011.8
1433,13,transformer,loso,Al Wajh - TVTC,26.256,36.443,01-07-2019 00:00,8071.9,8123.97998046875,52.079980468750364,52.079980468750364,2712.3243656254194,0.6452010117661315,30.5,2.6,1699.1,8707.4,0.16327295440349782,65.1,1002.0
1434,13,transformer,loso,Al Wajh - TVTC,26.256,36.443,01-08-2019 00:00,7581.2,7595.7568359375,14.556835937500182,14.556835937500182,211.9014725112968,0.1920122927438952,31.1,2.6,1678.4,8204.4,0.16983041243372327,65.5,1003.5
1435,13,transformer,loso,Al Wajh - TVTC,26.256,36.443,01-11-2019 00:00,4649.9,4847.4912109375,197.59121093750036,197.59121093750036,39042.28663974776,4.249364737682539,25.9,2.4,1294.0,6403.2,0.16811308008106846,47.3,1010.2
1436,13,transformer,loso,Al Wajh - TVTC,26.256,36.443,01-02-2020 00:00,5416.4,5395.734375,-20.665624999999636,20.665624999999636,427.06805664060994,0.3815380141791529,19.2,2.8,1261.4,7373.9,0.1460748323740924,49.1,1014.7
1437,13,transformer,loso,Al Wajh - TVTC,26.256,36.443,01-04-2020 00:00,7491.1,7481.46337890625,-9.636621093750364,9.636621093750364,92.86446610451446,0.12864093515972772,23.9,2.9,2108.3,7510.5,0.21918534536532627,56.7,1008.6
1438,13,transformer,loso,Al Wajh - TVTC,26.256,36.443,01-01-2021 00:00,4163.9,4176.13427734375,12.234277343750364,12.234277343750364,149.67754212380345,0.29381775123683,21.4,0.0,933.3,6264.0,0.12967362761035386,46.8,1013.6
1439,13,transformer,loso,Al Wajh - TVTC,26.256,36.443,01-04-2021 00:00,7780.5,7934.31591796875,153.81591796875,153.81591796875,23659.33662056923,1.9769413015712358,25.0,0.0,2188.7,7759.7,0.22000522697117122,56.0,1008.7
1440,13,transformer,loso,Al Wajh - TVTC,26.256,36.443,01-07-2021 00:00,8133.6,8268.4755859375,134.87558593749964,134.87558593749964,18191.423681983848,1.6582520155589116,30.3,0.0,2075.4,8229.8,0.2013934712572294,64.9,1001.1
675,14,transformer,loso,Arar - TVTC,31.027395,40.906419,01-01-2017 00:00,3512.9,3458.98681640625,-53.91318359375009,53.91318359375009,2906.631365213404,1.53472013418401,8.1,2.8,1302.8,4734.2,0.21580255093589532,50.1,952.2
676,14,transformer,loso,Arar - TVTC,31.027395,40.906419,01-02-2017 00:00,4507.6,4342.55859375,-165.04140625000036,165.04140625000036,27238.665776977658,3.661403102537944,9.0,3.4,1425.7,5677.6,0.2007095293736714,27.3,952.7
677,14,transformer,loso,Arar - TVTC,31.027395,40.906419,01-03-2017 00:00,5568.1,5619.64208984375,51.542089843749636,51.542089843749636,2656.5870254611596,0.9256674600626718,16.2,4.1,2247.0,5276.1,0.2986800653985724,41.1,946.8
678,14,transformer,loso,Arar - TVTC,31.027395,40.906419,01-04-2017 00:00,6069.7,5983.91259765625,-85.78740234374982,85.78740234374982,7359.478400888412,1.4133713749237988,21.7,4.0,2775.9,4632.1,0.3747165226781858,26.0,947.9
679,14,transformer,loso,Arar - TVTC,31.027395,40.906419,01-05-2017 00:00,7301.0,7149.4150390625,-151.5849609375,151.5849609375,22978.0003824234,2.07622190025339,28.4,4.1,2414.8,6512.4,0.2704991486692356,15.7,944.8
680,14,transformer,loso,Arar - TVTC,31.027395,40.906419,01-11-2017 00:00,3901.3,3977.302734375,76.00273437499982,76.00273437499982,5776.415632476779,1.9481386813369854,16.7,3.3,1737.8,4327.1,0.286533990667612,40.2,950.5
681,14,transformer,loso,Arar - TVTC,31.027395,40.906419,01-03-2018 00:00,6026.1,6135.912109375,109.81210937499964,109.81210937499964,12058.699365386883,1.822274926984279,20.6,3.6,2377.8,5717.1,0.29374050327984286,23.7,947.5
682,14,transformer,loso,Arar - TVTC,31.027395,40.906419,01-04-2018 00:00,6818.8,6761.2978515625,-57.50214843750018,57.50214843750018,3306.4970749283048,0.8432883856030413,22.0,3.9,2498.6,6174.8,0.28807618696243686,27.2,945.0
683,14,transformer,loso,Arar - TVTC,31.027395,40.906419,01-05-2018 00:00,7092.7,7096.70703125,4.007031250000182,4.007031250000182,16.05629943847802,0.05649514641815081,27.3,4.3,2895.7,5711.9,0.3364120079929365,25.5,944.0
684,14,transformer,loso,Arar - TVTC,31.027395,40.906419,01-06-2018 00:00,8380.7,8177.501953125,-203.19804687500073,203.19804687500073,41289.446253815,2.424595163590162,32.0,4.5,2239.0,8282.5,0.21280235707836334,15.4,941.4
685,14,transformer,loso,Arar - TVTC,31.027395,40.906419,01-07-2018 00:00,8347.3,8252.14453125,-95.15546874999927,95.15546874999927,9054.563233032088,1.1399550603188968,33.6,4.4,1892.3,8928.8,0.17487131622478308,15.0,939.0
686,14,transformer,loso,Arar - TVTC,31.027395,40.906419,01-08-2018 00:00,7877.4,8070.162109375,192.76210937500036,192.76210937500036,37157.230810699606,2.4470270568334778,33.2,3.9,1359.3,9382.7,0.12654068143734873,17.0,940.1
687,14,transformer,loso,Arar - TVTC,31.027395,40.906419,01-11-2018 00:00,3071.3,3123.606201171875,52.30620117187482,52.30620117187482,2735.9386810326387,1.7030638873400454,14.7,2.6,1513.2,3155.0,0.3241506362195279,75.0,950.6
688,14,transformer,loso,Arar - TVTC,31.027395,40.906419,01-12-2018 00:00,3390.0,3483.429931640625,93.429931640625,93.429931640625,8729.15212637186,2.7560451811393807,11.7,2.7,1226.3,4918.7,0.19956061838893407,66.5,951.8
689,14,transformer,loso,Arar - TVTC,31.027395,40.906419,01-01-2019 00:00,3484.3,3427.80419921875,-56.49580078125018,56.49580078125018,3191.7755059147084,1.6214390489122685,9.2,3.7,1518.7,4083.5,0.2710899289564814,55.5,950.5
690,14,transformer,loso,Arar - TVTC,31.027395,40.906419,01-02-2019 00:00,4767.2,4633.9267578125,-133.27324218749982,133.27324218749982,17761.75708316798,2.795629346104628,11.2,3.2,1491.0,6024.6,0.19838735430304966,54.4,950.6
691,14,transformer,loso,Arar - TVTC,31.027395,40.906419,01-03-2019 00:00,5977.9,6046.46826171875,68.56826171875036,68.56826171875036,4701.606515131047,1.147029253061282,14.4,4.3,1759.4,6874.0,0.20378993212407628,38.3,947.3
692,14,transformer,loso,Arar - TVTC,31.027395,40.906419,01-04-2019 00:00,6677.9,6499.1962890625,-178.70371093749964,178.70371093749964,31935.01630283343,2.676046525666746,19.4,3.8,2353.1,6130.7,0.27736391711261466,33.3,946.8
693,14,transformer,loso,Arar - TVTC,31.027395,40.906419,01-05-2019 00:00,7228.4,7136.193359375,-92.20664062499964,92.20664062499964,8502.064575347833,1.2756161892673294,29.5,4.1,2436.9,6413.1,0.27535593220338983,13.8,944.8
694,14,transformer,loso,Arar - TVTC,31.027395,40.906419,01-06-2019 00:00,7792.8,7893.4951171875,100.69511718749982,100.69511718749982,10139.506625404321,1.2921558000654425,33.8,4.4,2142.5,7696.6,0.2177536563303554,13.0,941.8
695,14,transformer,loso,Arar - TVTC,31.027395,40.906419,01-07-2019 00:00,8295.1,8196.2763671875,-98.82363281250036,98.82363281250036,9766.1104022599,1.19134950528023,33.9,4.0,1512.2,9517.0,0.1371087658216371,13.0,939.1
696,14,transformer,loso,Arar - TVTC,31.027395,40.906419,01-08-2019 00:00,7449.2,7613.2080078125,164.00800781250018,164.00800781250018,26898.626626625122,2.2016861919736375,34.2,4.6,1847.9,7884.0,0.18988070161016865,14.7,939.9
697,14,transformer,loso,Arar - TVTC,31.027395,40.906419,01-09-2019 00:00,6579.7,6639.58447265625,59.88447265625018,59.88447265625018,3586.1500653171756,0.9101398643745184,31.8,3.5,1730.1,7316.8,0.19123677723861213,16.0,943.2
698,14,transformer,loso,Arar - TVTC,31.027395,40.906419,01-10-2019 00:00,4677.5,4554.1650390625,-123.3349609375,123.3349609375,15211.51258945465,2.6367709446819885,25.9,3.3,1919.6,4585.6,0.2950870073172231,33.3,947.2
699,14,transformer,loso,Arar - TVTC,31.027395,40.906419,01-11-2019 00:00,3861.5,3795.887451171875,-65.612548828125,65.612548828125,4305.006563723087,1.69914667430079,16.3,3.3,1386.6,5025.0,0.21626427100879653,42.8,950.9
700,14,transformer,loso,Arar - TVTC,31.027395,40.906419,01-12-2019 00:00,3586.5,3618.174072265625,31.674072265625,31.674072265625,1003.2468538880348,0.8831471424961662,11.3,2.7,1018.9,5810.8,0.14918664070164137,52.7,950.5
701,14,transformer,loso,Arar - TVTC,31.027395,40.906419,01-12-2020 00:00,3033.7,3209.18603515625,175.48603515625018,175.48603515625018,30795.348534860674,5.784554674366292,11.1,2.2,1135.5,4234.8,0.21144070163678005,60.2,952.3
702,14,transformer,loso,Arar - TVTC,31.027395,40.906419,01-01-2021 00:00,3818.0,3817.194580078125,-0.805419921875,0.805419921875,0.6487012505531311,0.021095335827003667,10.3,2.6,1205.0,5599.4,0.17709129386867323,45.0,952.5
703,14,transformer,loso,Arar - TVTC,31.027395,40.906419,01-02-2021 00:00,4494.1,4505.78857421875,11.688574218749636,11.688574218749636,136.62276726721868,0.26008709683250564,12.8,4.0,1431.8,5623.1,0.2029511403421735,47.6,950.9
704,14,transformer,loso,Arar - TVTC,31.027395,40.906419,01-03-2021 00:00,6031.2,6027.13720703125,-4.062792968749818,4.062792968749818,16.50628670692296,0.06736292891546986,17.6,3.9,2035.0,6328.9,0.24330754791425055,26.8,947.7
705,14,transformer,loso,Arar - TVTC,31.027395,40.906419,01-04-2021 00:00,7221.9,7100.74853515625,-121.15146484374964,121.15146484374964,14677.677433786304,1.677556665749313,23.8,3.5,2373.1,6738.1,0.26045965405215554,16.2,947.8
706,14,transformer,loso,Arar - TVTC,31.027395,40.906419,01-05-2021 00:00,7981.5,7947.6865234375,-33.8134765625,33.8134765625,1143.3511972427368,0.4236481433627764,30.2,3.8,2280.7,7801.8,0.22620381849739646,11.4,943.1
707,14,transformer,loso,Arar - TVTC,31.027395,40.906419,01-07-2021 00:00,8315.8,8242.380859375,-73.41914062499927,73.41914062499927,5390.370210113419,0.8828872823420391,35.7,4.1,1694.9,9161.6,0.15611845438216737,12.6,938.1
708,14,transformer,loso,Arar - TVTC,31.027395,40.906419,01-09-2021 00:00,6632.8,6850.2861328125,217.48613281249982,217.48613281249982,47300.21796573631,3.278949053378661,30.3,2.6,1476.5,7933.3,0.15691088014623053,17.3,943.7
709,14,transformer,loso,Arar - TVTC,31.027395,40.906419,01-10-2021 00:00,5192.8,5225.5126953125,32.71269531249982,32.71269531249982,1070.1204346084476,0.6299625503100412,25.3,2.5,1552.1,6211.4,0.19992271527017452,19.4,947.9
710,14,transformer,loso,Arar - TVTC,31.027395,40.906419,01-11-2021 00:00,3895.1,3901.467041015625,6.367041015625091,6.367041015625091,40.53921129465219,0.16346283832571926,17.2,1.7,1242.6,5412.9,0.1867027270678386,35.3,950.9
711,14,transformer,loso,Arar - TVTC,31.027395,40.906419,01-12-2021 00:00,3266.2,3301.634765625,35.43476562500018,35.43476562500018,1255.6226148986946,1.0848927078868467,11.6,2.3,1379.0,4174.4,0.2483163467425361,43.8,951.7
234,15,transformer,loso,Dammam - IAFU,26.394974,50.188715,01-01-2017 00:00,3406.4,3329.567626953125,-76.83237304687509,76.83237304687509,5903.213548014178,2.2555299743681037,16.9,3.1,1650.3,3329.7,0.33138554216867466,61.2,1016.7
235,15,transformer,loso,Dammam - IAFU,26.394974,50.188715,01-02-2017 00:00,3697.9,3500.97314453125,-196.9268554687501,196.9268554687501,38780.18640480999,5.325369952371618,15.3,3.1,1811.4,3093.4,0.3693116946664492,59.1,1017.7
236,15,transformer,loso,Dammam - IAFU,26.394974,50.188715,01-03-2017 00:00,4194.0,4137.052734375,-56.947265625,56.947265625,3242.9910621643066,1.3578270296852646,20.5,2.8,2367.4,2678.7,0.4691543964645964,61.7,1012.0
237,15,transformer,loso,Dammam - IAFU,26.394974,50.188715,01-04-2017 00:00,6012.5,6056.25439453125,43.75439453125,43.75439453125,1914.44704079628,0.7277238175675675,26.9,3.3,2837.3,4293.9,0.39787132600403863,43.3,1009.4
238,15,transformer,loso,Dammam - IAFU,26.394974,50.188715,01-05-2017 00:00,5818.6,5903.62548828125,85.02548828124964,85.02548828124964,7229.333657464919,1.4612705510131239,32.3,3.6,2971.0,3669.4,0.44741280645744236,34.6,1004.7
239,15,transformer,loso,Dammam - IAFU,26.394974,50.188715,01-09-2017 00:00,6432.2,6599.32470703125,167.12470703125018,167.12470703125018,27930.667700281203,2.5982510965338483,33.6,2.2,2215.5,5997.2,0.26976511987531504,54.6,1003.5
240,15,transformer,loso,Dammam - IAFU,26.394974,50.188715,01-11-2017 00:00,4137.7,4187.0888671875,49.38886718750018,49.38886718750018,2439.260202064532,1.193630934758445,24.5,2.6,1651.3,4544.7,0.26651065203357005,51.5,1014.5
241,15,transformer,loso,Dammam - IAFU,26.394974,50.188715,01-03-2018 00:00,6251.9,6320.7861328125,68.88613281250036,68.88613281250036,4745.299293861439,1.1018431646779439,23.8,2.7,2315.9,5841.9,0.2838878128907304,44.6,1011.7
242,15,transformer,loso,Dammam - IAFU,26.394974,50.188715,01-04-2018 00:00,5642.3,5605.0869140625,-37.21308593750018,37.21308593750018,1384.8137649917737,0.6595375279141517,25.9,3.1,3132.6,3279.8,0.4885222381635581,47.7,1008.5
243,15,transformer,loso,Dammam - IAFU,26.394974,50.188715,01-05-2018 00:00,6885.3,6959.787109375,74.48710937499982,74.48710937499982,5548.329463043186,1.081828088463826,30.9,2.6,3409.9,4513.0,0.430385338701738,38.7,1005.3
244,15,transformer,loso,Dammam - IAFU,26.394974,50.188715,01-06-2018 00:00,7999.6,8015.953125,16.353124999999636,16.353124999999636,267.4246972656131,0.20442428371418114,35.7,3.7,2649.2,6889.6,0.27772885478257225,30.4,998.2
245,15,transformer,loso,Dammam - IAFU,26.394974,50.188715,01-07-2018 00:00,7608.6,7735.1494140625,126.54941406249964,126.54941406249964,16014.754199561981,1.6632417798609418,36.1,3.3,2855.1,6132.0,0.31768868711820275,33.1,994.8
246,15,transformer,loso,Dammam - IAFU,26.394974,50.188715,01-08-2018 00:00,7271.1,7483.58740234375,212.48740234374964,212.48740234374964,45150.89615479454,2.9223556593053273,35.5,1.0,2406.7,6500.8,0.2701880437833286,36.3,997.1
247,15,transformer,loso,Dammam - IAFU,26.394974,50.188715,01-10-2018 00:00,5034.3,5075.43017578125,41.13017578124982,41.13017578124982,1691.691359796509,0.8169989031493916,29.6,0.0,2182.0,4403.9,0.33131386750482095,54.9,1011.3
248,15,transformer,loso,Dammam - IAFU,26.394974,50.188715,01-01-2019 00:00,3912.7,4255.08447265625,342.3844726562502,342.3844726562502,117227.12711609853,8.750593519979814,18.2,0.0,3909.6,5.1,0.9986972181776381,56.8,1017.6
249,15,transformer,loso,Dammam - IAFU,26.394974,50.188715,01-02-2019 00:00,4356.1,4352.47802734375,-3.621972656250364,3.621972656250364,13.118685922625316,0.0831471420823756,17.7,0.0,3558.3,817.9,0.8131026918330972,60.1,1016.2
250,15,transformer,loso,Dammam - IAFU,26.394974,50.188715,01-03-2019 00:00,5804.1,5626.97802734375,-177.12197265625036,177.12197265625036,31372.1931976415,3.0516698998337444,19.7,0.0,2153.9,5480.2,0.28214196827392884,53.2,1013.0
251,15,transformer,loso,Dammam - IAFU,26.394974,50.188715,01-07-2019 00:00,7556.3,7553.04736328125,-3.252636718750182,3.252636718750182,10.57964562416195,0.04304536239628101,36.0,0.0,2343.0,6820.9,0.2556771680179836,32.5,995.5
252,15,transformer,loso,Dammam - IAFU,26.394974,50.188715,01-08-2019 00:00,7217.5,7397.369140625,179.869140625,179.869140625,32352.907749176025,2.492125259785244,35.6,0.0,2399.2,6436.4,0.2715378695278193,40.0,997.4
253,15,transformer,loso,Dammam - IAFU,26.394974,50.188715,01-11-2019 00:00,4036.0,3997.9248046875,-38.0751953125,38.0751953125,1449.720498085022,0.9433893784068386,23.9,0.0,1681.9,4326.4,0.2799294309538472,50.4,1014.6
254,15,transformer,loso,Dammam - IAFU,26.394974,50.188715,01-11-2020 00:00,4243.7,4173.29296875,-70.40703124999982,70.40703124999982,4957.150049438451,1.6590953943492663,24.9,2.6,1467.4,5083.5,0.22399975575875072,56.0,1014.7
255,15,transformer,loso,Dammam - IAFU,26.394974,50.188715,01-01-2021 00:00,4204.4,4207.4482421875,3.048242187500364,3.048242187500364,9.291780433657003,0.07250124125916574,17.6,2.9,1527.5,5119.4,0.22980637590455702,54.6,1018.0
256,15,transformer,loso,Dammam - IAFU,26.394974,50.188715,01-04-2021 00:00,6972.2,7054.890625,82.69062500000018,82.69062500000018,6837.739462890655,1.1860047761108428,27.3,3.1,2608.9,5894.7,0.3067994731643069,36.0,1009.2
257,15,transformer,loso,Dammam - IAFU,26.394974,50.188715,01-07-2021 00:00,7612.0,7745.7841796875,133.7841796875,133.7841796875,17898.206734657288,1.7575430857527587,36.5,2.7,2515.5,6682.8,0.2734744463650892,41.1,995.7
1113,16,transformer,loso,Duba - TVTC,27.34103,35.72295,01-01-2017 00:00,4044.4,3967.69091796875,-76.70908203125009,76.70908203125009,5884.2832660770555,1.896673969717389,20.1,2.3,1299.0,5473.0,0.19181925575900768,40.8,1013.4
1114,16,transformer,loso,Duba - TVTC,27.34103,35.72295,01-02-2017 00:00,5226.7,5202.5234375,-24.176562499999818,24.176562499999818,584.5061743163975,0.46255883253295227,19.9,2.5,1447.2,6666.4,0.17836718595937687,33.5,1014.0
1115,16,transformer,loso,Duba - TVTC,27.34103,35.72295,01-03-2017 00:00,6089.8,6074.3955078125,-15.404492187500182,15.404492187500182,237.29837955475415,0.2529556338057109,22.7,2.3,1688.2,6797.4,0.19894880739134532,45.1,1008.9
1116,16,transformer,loso,Duba - TVTC,27.34103,35.72295,01-04-2017 00:00,6394.9,6506.38427734375,111.48427734375036,111.48427734375036,12428.74409485825,1.7433310504269086,27.3,2.7,2330.9,5691.7,0.2905417196420113,43.0,1007.8
1117,16,transformer,loso,Duba - TVTC,27.34103,35.72295,01-05-2017 00:00,7236.6,7155.37548828125,-81.22451171875036,81.22451171875036,6597.421303949415,1.1224126208267744,30.0,2.3,1884.1,7278.6,0.20562716229932224,46.8,1006.3
1118,16,transformer,loso,Duba - TVTC,27.34103,35.72295,01-06-2017 00:00,7382.0,7391.59814453125,9.59814453125,9.59814453125,92.12437844276428,0.1300209229375508,32.8,2.8,1497.4,8077.4,0.1563896896018716,42.2,1002.4
1119,16,transformer,loso,Duba - TVTC,27.34103,35.72295,01-09-2017 00:00,6391.5,6423.98974609375,32.48974609375,32.48974609375,1055.5836012363434,0.5083274050496753,31.5,2.2,1794.8,6679.9,0.21178330796370376,54.7,1004.5
1120,16,transformer,loso,Duba - TVTC,27.34103,35.72295,01-10-2017 00:00,5606.5,5688.62939453125,82.12939453125,82.12939453125,6745.237446069717,1.464896005194863,27.8,2.2,1066.2,7652.5,0.12228887334120912,52.5,1008.1
1121,16,transformer,loso,Duba - TVTC,27.34103,35.72295,01-11-2017 00:00,4452.6,4393.10107421875,-59.498925781250364,59.498925781250364,3540.1221691227393,1.3362737677143772,24.9,2.3,1155.1,6349.7,0.15391482784351349,45.2,1010.5
1122,16,transformer,loso,Duba - TVTC,27.34103,35.72295,01-03-2018 00:00,6387.1,6541.0380859375,153.93808593749964,153.93808593749964,23696.934302101025,2.4101405322838163,25.3,2.2,1788.4,7121.2,0.20072730537846817,42.9,1008.7
1123,16,transformer,loso,Duba - TVTC,27.34103,35.72295,01-04-2018 00:00,7102.2,7105.974609375,3.774609375000182,3.774609375000182,14.247675933839265,0.053147044225735435,26.3,2.3,2444.0,6393.4,0.2765519270373639,46.3,1006.2
1124,16,transformer,loso,Duba - TVTC,27.34103,35.72295,01-05-2018 00:00,7201.6,7266.30224609375,64.70224609374964,64.70224609374964,4186.38064957614,0.8984426529347593,31.4,2.6,2961.0,5579.1,0.34671725155443145,38.2,1004.4
1125,16,transformer,loso,Duba - TVTC,27.34103,35.72295,01-06-2018 00:00,7884.4,8056.423828125,172.02382812500036,172.02382812500036,29592.197442779667,2.181825226079351,32.3,2.5,2185.4,7673.3,0.22167222858997637,44.0,1002.5
1126,16,transformer,loso,Duba - TVTC,27.34103,35.72295,01-07-2018 00:00,7742.1,7969.23974609375,227.13974609374964,227.13974609374964,51592.46425553305,2.933826043240847,31.2,2.0,1849.7,8097.8,0.18594621764262378,56.6,1001.7
1127,16,transformer,loso,Duba - TVTC,27.34103,35.72295,01-08-2018 00:00,7342.3,7465.24609375,122.94609374999982,122.94609374999982,15115.741968383745,1.6744901972134048,31.7,2.1,1394.7,8415.6,0.14216690621081923,61.0,1001.8
1128,16,transformer,loso,Duba - TVTC,27.34103,35.72295,01-09-2018 00:00,6162.5,6343.75927734375,181.25927734375,181.25927734375,32854.92562317848,2.941327015720081,31.8,2.4,2329.6,5452.0,0.2993728796134471,54.2,1003.9
1129,16,transformer,loso,Duba - TVTC,27.34103,35.72295,01-10-2018 00:00,5367.0,5417.8564453125,50.8564453125,50.8564453125,2586.378029823303,0.9475767712409168,29.1,2.3,1544.3,6273.1,0.1975464988359301,49.0,1008.4
1130,16,transformer,loso,Duba - TVTC,27.34103,35.72295,01-11-2018 00:00,4328.8,4270.35400390625,-58.44599609375018,58.44599609375018,3415.9344593906617,1.3501662376120445,24.8,2.1,1158.7,6127.4,0.1590288357283046,45.5,1010.5
1131,16,transformer,loso,Duba - TVTC,27.34103,35.72295,01-12-2018 00:00,3974.1,3962.310546875,-11.789453124999909,11.789453124999909,138.99120498657012,0.29665718338743136,21.0,2.3,1126.7,6047.5,0.15704886956036912,43.5,1013.6
1132,16,transformer,loso,Duba - TVTC,27.34103,35.72295,01-01-2019 00:00,3792.0,3781.3330078125,-10.6669921875,10.6669921875,113.78472232818604,0.2813025365901899,19.0,2.2,1550.7,4377.5,0.2615802435815256,47.4,1013.3
1133,16,transformer,loso,Duba - TVTC,27.34103,35.72295,01-02-2019 00:00,4931.3,5067.61962890625,136.31962890624982,136.31962890624982,18583.041225137662,2.764375091887531,20.3,2.5,1629.7,5832.3,0.2183998927901367,40.4,1012.6
1134,16,transformer,loso,Duba - TVTC,27.34103,35.72295,01-03-2019 00:00,6290.2,6386.22705078125,96.02705078125018,96.02705078125018,9221.194481744802,1.5266136336086322,20.8,2.6,1821.7,7042.0,0.2055236526506989,41.5,1011.0
1135,16,transformer,loso,Duba - TVTC,27.34103,35.72295,01-04-2019 00:00,7047.2,7121.97802734375,74.77802734375018,74.77802734375018,5591.75337342265,1.061102669766009,24.7,2.6,2103.9,6972.8,0.2317912897859354,39.1,1008.3
1136,16,transformer,loso,Duba - TVTC,27.34103,35.72295,01-05-2019 00:00,7601.9,7718.00732421875,116.10732421875036,116.10732421875036,13480.910737238015,1.5273461137182858,29.9,2.2,2119.4,7435.5,0.22181289181467104,42.9,1005.3
1137,16,transformer,loso,Duba - TVTC,27.34103,35.72295,01-06-2019 00:00,7745.1,7887.43359375,142.33359374999964,142.33359374999964,20258.851909789937,1.8377244160824215,32.3,2.1,1959.9,7861.7,0.19954997149140669,46.5,1003.4
1138,16,transformer,loso,Duba - TVTC,27.34103,35.72295,01-07-2019 00:00,7879.6,8040.6044921875,161.00449218749964,161.00449218749964,25922.44650455463,2.043307936792472,31.8,2.2,1560.2,8718.2,0.1517940535491905,53.4,1000.9
1139,16,transformer,loso,Duba - TVTC,27.34103,35.72295,01-08-2019 00:00,7363.8,7403.8896484375,40.08964843749982,40.08964843749982,1607.1799118423316,0.5444152263437331,31.6,1.9,1440.5,8349.2,0.14714444773588567,59.2,1002.6
1140,16,transformer,loso,Duba - TVTC,27.34103,35.72295,01-09-2019 00:00,6733.8,6909.4541015625,175.65410156249982,175.65410156249982,30854.363395729,2.6085434904882803,30.7,1.8,1607.9,7569.2,0.17520785433306818,56.5,1003.5
1141,16,transformer,loso,Duba - TVTC,27.34103,35.72295,01-10-2019 00:00,5376.6,5693.27099609375,316.67099609374964,316.67099609374964,100280.5197670076,5.889800172855515,30.1,1.9,1709.8,6070.2,0.21976863753213366,47.0,1007.3
1142,16,transformer,loso,Duba - TVTC,27.34103,35.72295,01-11-2019 00:00,4825.1,5217.373046875,392.27304687499964,392.27304687499964,153878.14330459567,8.129842840044759,26.0,2.1,1253.5,6988.9,0.15207949141026886,42.5,1009.5
1143,16,transformer,loso,Duba - TVTC,27.34103,35.72295,01-12-2019 00:00,4586.9,5172.224609375,585.3246093750004,585.3246093750004,342604.89833999675,12.760788536375339,21.1,2.4,960.2,7830.2,0.10923279941754642,40.6,1013.0
1144,16,transformer,loso,Duba - TVTC,27.34103,35.72295,01-01-2020 00:00,4702.0,4941.6962890625,239.6962890625,239.6962890625,57454.31099033356,5.0977517878030625,17.7,2.4,1041.6,7589.1,0.12068546004379713,43.4,1015.7
1145,16,transformer,loso,Duba - TVTC,27.34103,35.72295,01-02-2020 00:00,5603.1,5874.59765625,271.49765624999964,271.49765624999964,73710.97734924297,4.845490108154408,19.1,2.2,1084.3,8304.3,0.11549112753765206,45.8,1013.8
1146,16,transformer,loso,Duba - TVTC,27.34103,35.72295,01-03-2020 00:00,6184.2,6350.63134765625,166.43134765625018,166.43134765625018,27699.393482675612,2.691234883351932,22.0,2.4,1922.0,6556.7,0.22668569474093905,43.7,1009.1
1147,16,transformer,loso,Duba - TVTC,27.34103,35.72295,01-04-2020 00:00,7341.8,7421.52197265625,79.72197265624982,79.72197265624982,6355.592924203844,1.0858641294539462,24.3,2.2,2114.0,7323.4,0.22400237353508382,49.0,1007.5
1148,16,transformer,loso,Duba - TVTC,27.34103,35.72295,01-05-2020 00:00,7401.7,7452.17578125,50.47578125000018,50.47578125000018,2547.80449279787,0.6819484881851491,29.2,2.3,2208.2,7030.1,0.23902666074927206,42.9,1006.1
1149,16,transformer,loso,Duba - TVTC,27.34103,35.72295,01-09-2020 00:00,6361.4,6490.134765625,128.73476562500036,128.73476562500036,16572.639880523777,2.0236860694972862,34.2,2.2,1908.9,6454.4,0.22824722298614186,45.7,1003.0
1150,16,transformer,loso,Duba - TVTC,27.34103,35.72295,01-10-2020 00:00,5646.5,5874.54296875,228.04296875,228.04296875,52003.59559631348,4.038660564066236,31.0,1.8,1375.3,7169.2,0.1609573409795775,39.5,1007.7
1151,16,transformer,loso,Duba - TVTC,27.34103,35.72295,01-11-2020 00:00,4804.9,5029.6328125,224.73281250000036,224.73281250000036,50504.83701416032,4.67715899394369,25.1,2.1,1022.6,7449.3,0.12070491861329809,44.9,1010.8
1152,16,transformer,loso,Duba - TVTC,27.34103,35.72295,01-12-2020 00:00,4169.9,4347.357421875,177.45742187500036,177.45742187500036,31491.13657852186,4.255675720640792,22.7,2.3,1237.4,6179.5,0.16683520069031538,42.6,1012.4
1153,16,transformer,loso,Duba - TVTC,27.34103,35.72295,01-01-2021 00:00,4525.7,4706.23388671875,180.53388671875018,180.53388671875018,32592.484253778523,3.989082058438478,21.7,2.4,1299.2,6481.0,0.16698799516721935,42.0,1013.1
1154,16,transformer,loso,Duba - TVTC,27.34103,35.72295,01-02-2021 00:00,5247.7,5309.544921875,61.84492187500018,61.84492187500018,3824.794361724876,1.1785148136326427,21.4,2.6,1311.2,7016.4,0.15745232720111438,41.2,1012.5
1155,16,transformer,loso,Duba - TVTC,27.34103,35.72295,01-03-2021 00:00,6446.8,6651.59765625,204.79765624999982,204.79765624999982,41942.08000549309,3.1767335150772444,23.4,2.5,1948.5,6919.7,0.21971764281364875,42.3,1009.6
1156,16,transformer,loso,Duba - TVTC,27.34103,35.72295,01-04-2021 00:00,7415.4,7582.31494140625,166.91494140625036,166.91494140625036,27860.597664651992,2.2509229631071874,26.9,2.4,2056.9,7514.4,0.21490288675519525,39.1,1008.2
1157,16,transformer,loso,Duba - TVTC,27.34103,35.72295,01-05-2021 00:00,7911.0,8107.5400390625,196.5400390625,196.5400390625,38627.986954689026,2.484389319460245,31.7,2.6,1888.0,8243.7,0.18634582547844883,40.0,1004.5
1158,16,transformer,loso,Duba - TVTC,27.34103,35.72295,01-07-2021 00:00,7761.3,8013.6123046875,252.31230468749982,252.31230468749982,63661.499096717744,3.250902615380153,32.2,2.3,1646.0,8452.1,0.16300096057674215,51.6,1000.2
1159,16,transformer,loso,Duba - TVTC,27.34103,35.72295,01-08-2021 00:00,7187.6,7385.140625,197.54062499999964,197.54062499999964,39022.298525390484,2.7483530663921147,32.9,2.1,1773.1,7564.6,0.18988616040352546,54.4,1001.4
1160,16,transformer,loso,Duba - TVTC,27.34103,35.72295,01-09-2021 00:00,6412.8,6458.7431640625,45.94316406249982,45.94316406249982,2110.774324073775,0.7164290803159278,31.6,2.6,1661.4,7003.2,0.19174572398033377,51.6,1003.5
1161,16,transformer,loso,Duba - TVTC,27.34103,35.72295,01-10-2021 00:00,5379.8,5435.97412109375,56.17412109374982,56.17412109374982,3155.531880655268,1.0441674614994947,28.6,2.1,1384.0,6668.9,0.1718635522606763,52.6,1007.7
1162,16,transformer,loso,Duba - TVTC,27.34103,35.72295,01-11-2021 00:00,4362.8,4324.2470703125,-38.55292968750018,38.55292968750018,1486.328387489333,0.8836740095237045,25.9,2.0,1130.9,6184.3,0.1545959098862642,43.7,1010.3
1163,16,transformer,loso,Duba - TVTC,27.34103,35.72295,01-12-2021 00:00,3703.4,3730.265625,26.86562499999991,26.86562499999991,721.7618066406201,0.725431360371548,21.3,2.0,1345.8,4909.8,0.21513523882601188,42.1,1012.8
475,17,transformer,loso,Farasan - SWCC,16.692097,42.098767,01-01-2017 00:00,4822.5,4824.189453125,1.689453125,1.689453125,2.8542518615722656,0.035032724209434936,26.9,3.1,1908.0,4814.5,0.28382298252138344,77.1,1012.4
476,17,transformer,loso,Farasan - SWCC,16.692097,42.098767,01-02-2017 00:00,4637.0,4722.17919921875,85.17919921875,85.17919921875,7255.495979547501,1.8369462846398534,27.0,3.8,2883.1,2564.2,0.5292713821526261,75.2,1011.6
477,17,transformer,loso,Farasan - SWCC,16.692097,42.098767,01-04-2017 00:00,6131.4,6093.5283203125,-37.871679687499636,37.871679687499636,1434.2641223525725,0.6176677379962103,30.4,3.5,2685.1,4453.1,0.37615925583480425,71.8,1007.2
478,17,transformer,loso,Farasan - SWCC,16.692097,42.098767,01-05-2017 00:00,6306.4,6294.15234375,-12.247656249999636,12.247656249999636,150.00508361815514,0.19420994941646005,32.6,3.2,2936.2,4173.1,0.41300831305473107,71.0,1005.7
479,17,transformer,loso,Farasan - SWCC,16.692097,42.098767,01-06-2017 00:00,6265.1,6261.53271484375,-3.567285156250364,3.567285156250364,12.725523386004182,0.05693899788112502,33.6,3.5,3288.5,3596.8,0.4776117235269342,69.4,1001.8
480,17,transformer,loso,Farasan - SWCC,16.692097,42.098767,01-03-2018 00:00,6545.1,6507.86279296875,-37.237207031250364,37.237207031250364,1386.6095874882014,0.5689325912705744,28.1,3.4,2369.4,5679.6,0.2943719716734998,73.7,1008.6
481,17,transformer,loso,Farasan - SWCC,16.692097,42.098767,01-04-2018 00:00,6577.0,6581.9853515625,4.9853515625,4.9853515625,24.85373020172119,0.07579978048502356,30.6,3.5,2690.8,5046.4,0.34777438866773513,72.6,1006.2
482,17,transformer,loso,Farasan - SWCC,16.692097,42.098767,01-05-2018 00:00,6800.7,6802.71533203125,2.015332031250182,2.015332031250182,4.061563196182984,0.0296341851757934,32.3,3.6,3095.0,4629.2,0.4006887444654463,70.4,1004.2
483,17,transformer,loso,Farasan - SWCC,16.692097,42.098767,01-06-2018 00:00,6138.8,6072.75244140625,-66.04755859375018,66.04755859375018,4362.279996194863,1.0759034109883068,33.8,1.1,3848.0,2741.4,0.5839681913376028,65.6,1001.7
484,17,transformer,loso,Farasan - SWCC,16.692097,42.098767,01-07-2018 00:00,6003.1,5946.4189453125,-56.681054687500364,56.681054687500364,3212.741960487407,0.9441964099798498,34.4,0.0,3812.7,2586.4,0.5958181619290213,60.8,1001.8
485,17,transformer,loso,Farasan - SWCC,16.692097,42.098767,01-08-2018 00:00,5969.5,5988.65576171875,19.15576171875,19.15576171875,366.94320702552795,0.32089390600134016,34.1,0.0,3396.6,3092.8,0.5234074028415571,64.3,1002.3
486,17,transformer,loso,Farasan - SWCC,16.692097,42.098767,01-09-2018 00:00,5995.6,6050.3876953125,54.787695312499636,54.787695312499636,3001.6915576552947,0.9137983740159389,33.5,0.0,2910.5,3904.2,0.4270914346926497,71.6,1004.4
487,17,transformer,loso,Farasan - SWCC,16.692097,42.098767,01-01-2019 00:00,4754.0,4935.40478515625,181.40478515625,181.40478515625,32907.69607758522,3.8158347740061003,26.6,0.0,2404.7,3782.8,0.3886383838383838,78.6,1012.6
488,17,transformer,loso,Farasan - SWCC,16.692097,42.098767,01-02-2019 00:00,5113.6,5115.49462890625,1.8946289062496362,1.8946289062496362,3.5896186923966926,0.03705078430557016,27.0,0.0,2633.7,3600.6,0.4224532024445407,77.0,1011.2
489,17,transformer,loso,Farasan - SWCC,16.692097,42.098767,01-03-2019 00:00,5900.8,5907.7021484375,6.902148437499818,6.902148437499818,47.63965305328118,0.116969706438107,27.7,0.0,2817.3,4176.4,0.402833979152666,73.1,1009.7
490,17,transformer,loso,Farasan - SWCC,16.692097,42.098767,01-08-2019 00:00,5428.8,5324.064453125,-104.73554687500018,104.73554687500018,10969.53477920536,1.929257789474657,33.2,0.0,3152.4,2806.4,0.5290326911458683,71.9,1003.2
491,17,transformer,loso,Farasan - SWCC,16.692097,42.098767,01-10-2019 00:00,5322.0,5312.314453125,-9.685546875,9.685546875,93.80981826782227,0.18199073421645998,31.6,0.0,2084.0,4717.2,0.3064165147326942,71.0,1007.7
492,17,transformer,loso,Farasan - SWCC,16.692097,42.098767,01-11-2019 00:00,4776.9,4901.69921875,124.79921875000036,124.79921875000036,15574.845000610443,2.6125566528501825,29.9,0.0,1984.7,4517.0,0.3052586246673947,74.1,1008.9
493,17,transformer,loso,Farasan - SWCC,16.692097,42.098767,01-12-2019 00:00,4425.7,4478.1103515625,52.41035156250018,52.41035156250018,2746.844950904865,1.184227389170079,27.9,0.0,2029.3,4060.3,0.3332402785076195,78.6,1011.0
494,17,transformer,loso,Farasan - SWCC,16.692097,42.098767,01-01-2020 00:00,4308.7,4301.345703125,-7.354296874999818,7.354296874999818,54.08568252563209,0.1706848208276236,26.7,0.6,2129.0,3638.2,0.36915660979331394,72.3,1013.0
495,17,transformer,loso,Farasan - SWCC,16.692097,42.098767,01-02-2020 00:00,4715.1,4845.48828125,130.38828124999964,130.38828124999964,17001.103887329005,2.7653343778498787,26.8,3.6,2773.8,2876.3,0.4909293640820516,77.2,1012.1
496,17,transformer,loso,Farasan - SWCC,16.692097,42.098767,01-03-2020 00:00,5697.6,5460.4775390625,-237.12246093750036,237.12246093750036,56227.061481056386,4.161795509293393,28.0,3.6,4136.7,2097.6,0.6635388094894376,76.8,1008.7
497,17,transformer,loso,Farasan - SWCC,16.692097,42.098767,01-04-2020 00:00,6395.2,5126.685546875,-1268.5144531249998,1268.5144531249998,1609128.9177870173,19.835414891246558,30.3,3.4,6394.6,0.9,0.9998592760534751,74.9,1007.3
498,17,transformer,loso,Farasan - SWCC,16.692097,42.098767,01-05-2020 00:00,6369.6,5067.3603515625,-1302.2396484375004,1302.2396484375004,1695828.1019626246,20.444606387175025,33.1,3.5,6369.4,0.3,0.9999529020205032,69.1,1005.5
499,17,transformer,loso,Farasan - SWCC,16.692097,42.098767,01-09-2020 00:00,5849.7,5815.50634765625,-34.19365234374982,34.19365234374982,1169.2058606052274,0.5845368539198561,33.2,3.0,2483.6,4366.3,0.3625746361260748,73.9,1003.1
500,17,transformer,loso,Farasan - SWCC,16.692097,42.098767,01-10-2020 00:00,5608.0,5434.7021484375,-173.2978515625,173.2978515625,30032.145356178284,3.0901899351373037,31.8,3.0,1654.5,5751.2,0.2234089957735258,69.5,1007.3
501,17,transformer,loso,Farasan - SWCC,16.692097,42.098767,01-11-2020 00:00,4516.0,4499.03173828125,-16.96826171875,16.96826171875,287.9219057559967,0.37573653053033657,29.4,3.4,1890.4,4170.0,0.3119266055045872,74.2,1010.2
502,17,transformer,loso,Farasan - SWCC,16.692097,42.098767,01-12-2020 00:00,4354.0,4380.24072265625,26.24072265625,26.24072265625,688.575525522232,0.6026808143373908,27.8,3.5,1916.8,4141.7,0.31638194272509695,77.8,1011.4
503,17,transformer,loso,Farasan - SWCC,16.692097,42.098767,01-01-2021 00:00,4412.1,4448.30517578125,36.205175781249636,36.205175781249636,1310.8147533511851,0.8205882863318972,26.3,3.6,2203.7,3635.5,0.3773975887107823,78.0,1011.7
504,17,transformer,loso,Farasan - SWCC,16.692097,42.098767,01-02-2021 00:00,4754.9,4759.1572265625,4.257226562500364,4.257226562500364,18.123978004458664,0.08953346153442479,26.3,3.7,2326.4,3596.9,0.3927540391335911,77.0,1011.0
505,17,transformer,loso,Farasan - SWCC,16.692097,42.098767,01-03-2021 00:00,6018.8,5881.07275390625,-137.72724609375018,137.72724609375018,18968.794316568426,2.2882841445761644,28.1,3.5,2220.3,5150.2,0.3012414354521403,75.4,1008.6
506,17,transformer,loso,Farasan - SWCC,16.692097,42.098767,01-04-2021 00:00,6227.9,6110.12646484375,-117.77353515624964,117.77353515624964,13870.60558320037,1.891063362549971,29.8,3.5,2461.4,4867.0,0.3358714043993232,72.9,1007.3
507,17,transformer,loso,Farasan - SWCC,16.692097,42.098767,01-05-2021 00:00,6185.8,6091.67529296875,-94.12470703125018,94.12470703125018,8859.460473718678,1.5216254491132948,32.4,3.2,2516.2,4683.6,0.34948193005361256,70.1,1004.5
508,17,transformer,loso,Farasan - SWCC,16.692097,42.098767,01-07-2021 00:00,5243.7,5308.35888671875,64.65888671875018,64.65888671875018,4180.771631708169,1.2330775353042733,33.9,4.5,3023.3,2656.4,0.5322992411571034,65.7,1001.0
509,17,transformer,loso,Farasan - SWCC,16.692097,42.098767,01-08-2021 00:00,5280.7,5299.93017578125,19.230175781250182,19.230175781250182,369.799660577781,0.3641595959105835,34.0,3.7,2857.8,2952.7,0.49183374924705275,69.8,1002.0
510,17,transformer,loso,Farasan - SWCC,16.692097,42.098767,01-09-2021 00:00,5434.2,5402.1025390625,-32.09746093749982,32.09746093749982,1030.2469986343267,0.5906565996374777,33.4,3.5,2661.9,3514.2,0.4310001457230291,72.5,1003.1
511,17,transformer,loso,Farasan - SWCC,16.692097,42.098767,01-11-2021 00:00,4738.7,4655.4375,-83.26249999999982,83.26249999999982,6932.643906249969,1.7570747251355818,30.0,2.8,1771.0,4685.4,0.2743014683105136,71.6,1009.6
512,17,transformer,loso,Farasan - SWCC,16.692097,42.098767,01-12-2021 00:00,4203.0,4131.609375,-71.390625,71.390625,5096.621337890625,1.6985635260528196,27.7,3.3,1834.2,4076.7,0.3103080749124499,76.0,1011.8
183,18,transformer,loso,Hada Al Sham - KAU,21.80117,39.72854,01-01-2017 00:00,4408.1,4311.53369140625,-96.56630859375036,96.56630859375036,9325.051955423425,2.1906560330698115,24.6,1.7,1576.4,4993.9,0.23992816157557498,61.0,987.8
184,18,transformer,loso,Hada Al Sham - KAU,21.80117,39.72854,01-02-2017 00:00,4151.0,4131.89501953125,-19.10498046875,19.10498046875,365.00027871131897,0.46025007151891106,24.0,2.8,2232.5,2989.1,0.42755094223992646,46.8,987.3
185,18,transformer,loso,Hada Al Sham - KAU,21.80117,39.72854,01-03-2017 00:00,5374.8,5391.7119140625,16.911914062499818,16.911914062499818,286.0128372573791,0.31465196960816805,26.9,2.0,2605.2,3849.1,0.40363788482097207,50.7,983.8
186,18,transformer,loso,Hada Al Sham - KAU,21.80117,39.72854,01-04-2017 00:00,5999.1,5901.64306640625,-97.45693359375036,97.45693359375036,9497.853905496668,1.6245259054483232,31.7,2.1,2869.7,3937.6,0.42156214651917795,38.0,982.8
187,18,transformer,loso,Hada Al Sham - KAU,21.80117,39.72854,01-05-2017 00:00,6750.0,6734.1005859375,-15.8994140625,15.8994140625,252.79136753082275,0.235546875,34.6,2.1,2984.3,4711.6,0.38777790771709614,33.4,981.4
188,18,transformer,loso,Hada Al Sham - KAU,21.80117,39.72854,01-06-2017 00:00,7303.9,7363.9814453125,60.081445312500364,60.081445312500364,3609.780070838972,0.822594029388414,35.2,2.0,2732.3,5928.5,0.3154789395898763,34.0,977.8
189,18,transformer,loso,Hada Al Sham - KAU,21.80117,39.72854,01-09-2017 00:00,6183.4,6289.34521484375,105.94521484375036,105.94521484375036,11224.388548288422,1.713381227864126,35.3,2.3,2651.4,4646.0,0.3633348863978952,43.3,979.9
190,18,transformer,loso,Hada Al Sham - KAU,21.80117,39.72854,01-10-2017 00:00,5780.6,5737.38623046875,-43.213769531250364,43.213769531250364,1867.4298771000224,0.7475654695230661,31.6,1.7,1732.9,6069.7,0.22209263578807065,49.6,983.2
191,18,transformer,loso,Hada Al Sham - KAU,21.80117,39.72854,01-11-2017 00:00,4581.6,4475.4384765625,-106.16152343750036,106.16152343750036,11270.269058570939,2.31712771602716,28.4,1.7,1667.8,4858.2,0.2555623659209317,57.2,985.6
192,18,transformer,loso,Hada Al Sham - KAU,21.80117,39.72854,01-03-2018 00:00,6510.6,6526.28857421875,15.688574218749636,15.688574218749636,246.13136101721577,0.24096971429283992,28.2,2.0,2220.1,6090.5,0.2671407599932616,38.4,984.3
193,18,transformer,loso,Hada Al Sham - KAU,21.80117,39.72854,01-04-2018 00:00,7066.7,7068.3291015625,1.629101562500182,1.629101562500182,2.653971900940534,0.023053215256062687,29.6,2.1,2751.0,5662.1,0.32699005122963,35.2,982.2
194,18,transformer,loso,Hada Al Sham - KAU,21.80117,39.72854,01-05-2018 00:00,7265.9,7343.0966796875,77.19667968750036,77.19667968750036,5959.327354774531,1.0624517222573993,33.9,2.5,3206.6,5161.2,0.38320705561796414,28.4,980.4
195,18,transformer,loso,Hada Al Sham - KAU,21.80117,39.72854,01-06-2018 00:00,7274.0,7314.84912109375,40.84912109375,40.84912109375,1668.6506941318512,0.5615771390397305,35.1,2.4,3182.3,5201.8,0.37956369795207595,30.0,978.2
196,18,transformer,loso,Hada Al Sham - KAU,21.80117,39.72854,01-07-2018 00:00,7251.2,7361.3583984375,110.15839843750018,110.15839843750018,12134.872746315043,1.5191747357333985,34.5,2.2,2989.0,5476.0,0.35310100413467216,30.4,978.4
197,18,transformer,loso,Hada Al Sham - KAU,21.80117,39.72854,01-08-2018 00:00,6941.3,6938.26904296875,-3.030957031250182,3.030957031250182,9.186700525284916,0.04366555301240664,34.5,2.4,2558.4,5718.3,0.30910870274384716,35.0,978.6
198,18,transformer,loso,Hada Al Sham - KAU,21.80117,39.72854,01-09-2018 00:00,6064.4,6140.234375,75.83437500000036,75.83437500000036,5750.85243164068,1.2504843842754496,34.4,2.2,3019.6,3925.1,0.43480639912451224,48.7,980.2
199,18,transformer,loso,Hada Al Sham - KAU,21.80117,39.72854,01-10-2018 00:00,5283.7,5161.0263671875,-122.67363281249982,122.67363281249982,15048.820187416031,2.3217372828226397,31.2,2.1,2017.2,4820.8,0.29499853758408895,45.6,984.2
200,18,transformer,loso,Hada Al Sham - KAU,21.80117,39.72854,01-11-2018 00:00,3986.5,3827.2353515625,-159.2646484375,159.2646484375,25365.22824192047,3.9950996723316194,26.0,1.7,1778.7,3773.0,0.32038834951456313,61.1,986.1
201,18,transformer,loso,Hada Al Sham - KAU,21.80117,39.72854,01-12-2018 00:00,3945.8,3850.5791015625,-95.22089843750018,95.22089843750018,9067.019499244725,2.413221613804556,24.3,1.7,1787.3,3944.5,0.31182176628633235,58.4,988.0
202,18,transformer,loso,Hada Al Sham - KAU,21.80117,39.72854,01-01-2019 00:00,4115.1,3966.71240234375,-148.38759765625036,148.38759765625036,22018.87913819324,3.605929325077163,23.8,1.8,1989.4,3655.1,0.3524492869164674,60.7,988.1
203,18,transformer,loso,Hada Al Sham - KAU,21.80117,39.72854,01-02-2019 00:00,4777.5,4651.60400390625,-125.89599609375,125.89599609375,15849.801832437515,2.6351856848508635,24.0,2.3,2181.9,4078.1,0.34854632587859424,49.5,987.1
204,18,transformer,loso,Hada Al Sham - KAU,21.80117,39.72854,01-03-2019 00:00,6230.3,6304.7421875,74.44218749999982,74.44218749999982,5541.6392797851295,1.1948411392709792,24.6,2.5,2349.6,5648.3,0.2937771164930794,41.6,985.8
205,18,transformer,loso,Hada Al Sham - KAU,21.80117,39.72854,01-04-2019 00:00,6906.5,6881.06689453125,-25.43310546875,25.43310546875,646.8428537845612,0.368248830359082,29.1,2.3,2751.7,5575.1,0.3304630830571168,37.4,983.2
206,18,transformer,loso,Hada Al Sham - KAU,21.80117,39.72854,01-05-2019 00:00,6841.2,6842.09375,0.8937500000001819,0.8937500000001819,0.7987890625003251,0.013064228497926999,33.1,2.0,2958.4,4915.1,0.3757414110624246,35.9,981.4
207,18,transformer,loso,Hada Al Sham - KAU,21.80117,39.72854,01-06-2019 00:00,6968.9,6951.61328125,-17.286718749999636,17.286718749999636,298.830645141589,0.24805519881185892,35.6,2.4,3095.0,4821.7,0.3909457223338007,28.9,978.8
208,18,transformer,loso,Hada Al Sham - KAU,21.80117,39.72854,01-07-2019 00:00,7390.4,7376.1943359375,-14.205664062499636,14.205664062499636,201.80089145659366,0.19221779690544,34.8,2.2,2747.2,5982.0,0.3147138340283187,28.6,977.5
209,18,transformer,loso,Hada Al Sham - KAU,21.80117,39.72854,01-08-2019 00:00,6803.0,6680.349609375,-122.650390625,122.650390625,15043.118320465088,1.8028868238277231,33.9,2.2,2516.4,5552.8,0.3118524760818916,41.9,979.3
210,18,transformer,loso,Hada Al Sham - KAU,21.80117,39.72854,01-09-2019 00:00,6277.8,6346.3486328125,68.54863281249982,68.54863281249982,4698.915060462927,1.0919212592389025,33.9,2.0,2587.3,4885.0,0.34625215797010295,42.5,979.5
211,18,transformer,loso,Hada Al Sham - KAU,21.80117,39.72854,01-10-2019 00:00,5533.9,5453.5302734375,-80.36972656249964,80.36972656249964,6459.29294773096,1.452316206698705,30.5,1.6,1940.5,5294.1,0.26822491913858404,55.3,983.7
212,18,transformer,loso,Hada Al Sham - KAU,21.80117,39.72854,01-11-2019 00:00,4597.5,4533.80078125,-63.69921875,63.69921875,4057.5904693603516,1.3855186242523112,27.5,1.6,1673.9,4939.0,0.253126464939739,53.8,985.0
213,18,transformer,loso,Hada Al Sham - KAU,21.80117,39.72854,01-12-2019 00:00,4264.9,4214.8740234375,-50.025976562499636,50.025976562499636,2502.598331031763,1.172969508370645,24.1,2.2,1568.1,4959.9,0.24021139705882352,51.5,987.3
214,18,transformer,loso,Hada Al Sham - KAU,21.80117,39.72854,01-01-2020 00:00,4793.9,4760.291015625,-33.608984374999636,33.608984374999636,1129.5638307189697,0.7010781279334078,21.1,2.6,1408.0,6102.4,0.18747337025990626,45.1,989.5
215,18,transformer,loso,Hada Al Sham - KAU,21.80117,39.72854,01-02-2020 00:00,4873.9,4844.58984375,-29.310156249999636,29.310156249999636,859.0852593993927,0.6013696680276501,23.2,1.9,2217.0,4158.9,0.3477156166188303,50.2,988.3
216,18,transformer,loso,Hada Al Sham - KAU,21.80117,39.72854,01-03-2020 00:00,6432.5,6552.9833984375,120.4833984375,120.4833984375,14516.249299049377,1.873041561406918,25.7,2.0,2599.8,5377.8,0.32588748495788206,42.3,984.6
217,18,transformer,loso,Hada Al Sham - KAU,21.80117,39.72854,01-04-2020 00:00,7119.5,7079.83642578125,-39.66357421875,39.66357421875,1573.1991198062897,0.5571117946309432,28.8,1.8,2288.5,6487.8,0.26075908982145096,39.0,983.7
218,18,transformer,loso,Hada Al Sham - KAU,21.80117,39.72854,01-05-2020 00:00,7050.0,7053.1064453125,3.1064453125,3.1064453125,9.650002479553223,0.04406305407801418,33.2,1.9,2672.2,5689.8,0.3195646974408036,32.7,982.0
219,18,transformer,loso,Hada Al Sham - KAU,21.80117,39.72854,01-09-2020 00:00,6392.7,6380.07470703125,-12.625292968749818,12.625292968749818,159.3980225467636,0.1974954709082206,35.3,1.7,2400.9,5322.1,0.3108766023565972,39.7,979.1
220,18,transformer,loso,Hada Al Sham - KAU,21.80117,39.72854,01-10-2020 00:00,6037.1,6065.9130859375,28.813085937499636,28.813085937499636,830.1939212417393,0.47726699802056677,32.1,1.9,1615.5,6810.4,0.1917302602689327,34.0,983.7
221,18,transformer,loso,Hada Al Sham - KAU,21.80117,39.72854,01-11-2020 00:00,4634.0,4633.67724609375,-0.32275390625,0.32275390625,0.10417008399963379,0.006964909500431592,27.5,1.2,1625.3,5119.0,0.24098868674287915,56.3,986.2
222,18,transformer,loso,Hada Al Sham - KAU,21.80117,39.72854,01-12-2020 00:00,4165.0,4280.8837890625,115.8837890625,115.8837890625,13429.052567481995,2.7823238670468187,25.3,1.3,1731.9,4494.3,0.2781632456393948,51.3,987.1
223,18,transformer,loso,Hada Al Sham - KAU,21.80117,39.72854,01-01-2021 00:00,4611.0,4706.58447265625,95.58447265625,95.58447265625,9136.391412973404,2.0729662254662764,24.0,1.8,1760.7,5016.3,0.2598052235502435,51.5,987.5
224,18,transformer,loso,Hada Al Sham - KAU,21.80117,39.72854,01-02-2021 00:00,4965.1,4919.009765625,-46.090234375000364,46.090234375000364,2124.3097047424653,0.9282841105919389,23.6,1.9,1893.5,4859.5,0.2803938990078484,52.3,987.0
225,18,transformer,loso,Hada Al Sham - KAU,21.80117,39.72854,01-03-2021 00:00,6314.5,6273.388671875,-41.111328125,41.111328125,1690.141300201416,0.6510622871961359,27.5,1.6,2368.3,5520.5,0.30021042490619615,43.5,984.3
226,18,transformer,loso,Hada Al Sham - KAU,21.80117,39.72854,01-04-2021 00:00,6643.7,6695.0576171875,51.35761718750018,51.35761718750018,2637.604843177814,0.7730273369884278,30.1,1.8,2883.8,4884.1,0.3712457678394418,39.1,983.2
227,18,transformer,loso,Hada Al Sham - KAU,21.80117,39.72854,01-05-2021 00:00,7513.3,7569.765625,56.46562499999982,56.46562499999982,3188.3668066406044,0.7515422650499757,33.2,1.6,2374.0,6797.4,0.2588481584054779,34.8,980.7
228,18,transformer,loso,Hada Al Sham - KAU,21.80117,39.72854,01-07-2021 00:00,6766.8,6827.05810546875,60.25810546874982,60.25810546874982,3631.0392746829766,0.890496327196752,34.3,2.0,3150.5,4548.7,0.4091983582709892,38.0,977.1
229,18,transformer,loso,Hada Al Sham - KAU,21.80117,39.72854,01-08-2021 00:00,6800.4,6873.91357421875,73.51357421875036,73.51357421875036,5404.245594415718,1.081018384488418,35.3,1.8,2800.2,5117.3,0.35367224502683925,39.6,978.0
230,18,transformer,loso,Hada Al Sham - KAU,21.80117,39.72854,01-09-2021 00:00,6135.9,6217.32275390625,81.42275390625036,81.42275390625036,6629.664853677808,1.3269895843519348,33.5,1.6,2779.0,4433.0,0.3853300055463117,47.7,979.4
231,18,transformer,loso,Hada Al Sham - KAU,21.80117,39.72854,01-10-2021 00:00,5756.3,5813.099609375,56.79960937499982,56.79960937499982,3226.195625152567,0.9867381716554005,31.8,1.4,1873.8,5781.3,0.24477799114315946,44.2,983.1
232,18,transformer,loso,Hada Al Sham - KAU,21.80117,39.72854,01-11-2021 00:00,4633.4,4565.181640625,-68.21835937499964,68.21835937499964,4653.744555816601,1.472317507122192,27.7,1.2,1433.6,5484.8,0.2072155411655874,50.8,985.4
233,18,transformer,loso,Hada Al Sham - KAU,21.80117,39.72854,01-12-2021 00:00,4082.8,3992.57568359375,-90.22431640625018,90.22431640625018,8140.427270975146,2.2098637309260845,24.9,1.2,1664.7,4401.5,0.2744222083017375,53.1,987.4
1508,19,transformer,loso,Hafar Al Batin - TVTC,28.33202,45.95708,01-01-2017 00:00,3902.6,3877.7373046875,-24.86269531249991,24.86269531249991,618.1536182022049,0.6370802878209376,12.7,4.3,1535.2,4742.4,0.24455205811138017,43.6,973.2
1509,19,transformer,loso,Hafar Al Batin - TVTC,28.33202,45.95708,01-02-2017 00:00,4710.6,4836.66162109375,126.06162109374964,126.06162109374964,15891.532312784104,2.676126631294307,12.3,4.4,1876.9,5046.3,0.27110295816963254,36.8,973.8
1510,19,transformer,loso,Hafar Al Batin - TVTC,28.33202,45.95708,01-03-2017 00:00,5192.7,5185.2734375,-7.426562499999818,7.426562499999818,55.15383056640355,0.143019286690928,20.7,5.1,2670.1,3775.7,0.41423872909491455,40.2,967.8
1511,19,transformer,loso,Hafar Al Batin - TVTC,28.33202,45.95708,01-04-2017 00:00,5980.1,6109.74755859375,129.64755859374964,129.64755859374964,16808.489449319746,2.1679831205790814,27.7,5.3,3244.6,3715.0,0.4662049543077188,25.5,967.4
1512,19,transformer,loso,Hafar Al Batin - TVTC,28.33202,45.95708,01-05-2017 00:00,6822.1,6939.56103515625,117.46103515624964,117.46103515624964,13797.094779977713,1.721772403750306,34.1,4.8,3760.3,3863.1,0.49325760159508886,17.2,964.0
1513,19,transformer,loso,Hafar Al Batin - TVTC,28.33202,45.95708,01-06-2017 00:00,8093.5,8199.783203125,106.283203125,106.283203125,11296.11926651001,1.3131921063198864,37.2,5.5,2295.8,7768.6,0.22811096538293388,11.3,960.3
1514,19,transformer,loso,Hafar Al Batin - TVTC,28.33202,45.95708,01-09-2017 00:00,6699.5,6933.84765625,234.34765625,234.34765625,54918.823989868164,3.49798725651168,36.3,4.2,2163.1,6523.4,0.24901859206815172,12.1,963.1
1515,19,transformer,loso,Hafar Al Batin - TVTC,28.33202,45.95708,01-10-2017 00:00,5477.1,5670.599609375,193.49960937499964,193.49960937499964,37442.09882827745,3.5328843617060053,29.6,4.5,1988.4,5629.1,0.2610305218247457,20.9,967.5
1516,19,transformer,loso,Hafar Al Batin - TVTC,28.33202,45.95708,01-11-2017 00:00,4058.3,4171.1455078125,112.84550781249982,112.84550781249982,12734.108633460957,2.780610300187266,21.0,4.1,1820.8,4263.4,0.29926695374905493,35.2,971.6
1517,19,transformer,loso,Hafar Al Batin - TVTC,28.33202,45.95708,01-03-2018 00:00,5984.3,6197.74365234375,213.44365234374982,213.44365234374982,45558.19272583954,3.5667271417500763,23.6,4.4,2586.4,5077.5,0.3374783073891883,24.3,968.4
1518,19,transformer,loso,Hafar Al Batin - TVTC,28.33202,45.95708,01-04-2018 00:00,6230.0,6299.9619140625,69.9619140625,69.9619140625,4894.669419288635,1.1229841743579454,25.1,4.5,3517.5,3686.9,0.48824329576369996,36.1,965.4
1519,19,transformer,loso,Hafar Al Batin - TVTC,28.33202,45.95708,01-05-2018 00:00,7129.9,7237.40673828125,107.50673828125036,107.50673828125036,11557.698775873263,1.5078295387207445,31.6,4.3,3506.6,4693.5,0.42762893135449564,22.2,963.7
1520,19,transformer,loso,Hafar Al Batin - TVTC,28.33202,45.95708,01-06-2018 00:00,7805.1,7855.291015625,50.191015624999636,50.191015624999636,2519.1380494689574,0.643054100844315,36.0,6.1,3209.5,5972.5,0.3495425833151819,13.8,959.1
1521,19,transformer,loso,Hafar Al Batin - TVTC,28.33202,45.95708,01-07-2018 00:00,7640.7,7767.853515625,127.15351562500018,127.15351562500018,16168.016535797165,1.6641605562972002,37.0,6.6,2769.3,6397.1,0.3021142433234421,12.5,956.4
1522,19,transformer,loso,Hafar Al Batin - TVTC,28.33202,45.95708,01-08-2018 00:00,7509.3,7719.8173828125,210.51738281249982,210.51738281249982,44317.56846622459,2.803422193979463,36.3,5.4,1881.0,7857.0,0.19316081330868762,13.9,958.2
1523,19,transformer,loso,Hafar Al Batin - TVTC,28.33202,45.95708,01-09-2018 00:00,6395.5,6574.06494140625,178.56494140625,178.56494140625,31885.438299417496,2.792040362852787,36.6,4.0,2380.7,5730.7,0.2935005054614493,13.1,963.0
1524,19,transformer,loso,Hafar Al Batin - TVTC,28.33202,45.95708,01-10-2018 00:00,5214.2,5284.03955078125,69.83955078125018,69.83955078125018,4877.562853326823,1.3394106628293925,28.5,4.0,2070.6,5040.5,0.2911785799665312,28.0,968.9
1525,19,transformer,loso,Hafar Al Batin - TVTC,28.33202,45.95708,01-11-2018 00:00,3269.8,3379.124267578125,109.32426757812482,109.32426757812482,11951.795481493433,3.343454265646976,17.4,3.9,1705.9,3019.9,0.3609759194210504,78.1,972.2
1526,19,transformer,loso,Hafar Al Batin - TVTC,28.33202,45.95708,01-12-2018 00:00,3483.6,3374.4521484375,-109.14785156249991,109.14785156249991,11913.253500709514,3.1331912838012377,15.0,4.1,1556.9,3977.4,0.28131832390726924,66.6,973.8
1527,19,transformer,loso,Hafar Al Batin - TVTC,28.33202,45.95708,01-02-2019 00:00,4466.5,4495.0888671875,28.5888671875,28.5888671875,817.3233270645142,0.6400731487182357,14.4,4.3,1811.9,4751.4,0.2760653939329301,49.9,972.1
1528,19,transformer,loso,Hafar Al Batin - TVTC,28.33202,45.95708,01-03-2019 00:00,5871.1,5938.86083984375,67.76083984374964,67.76083984374964,4591.531416330288,1.1541421512791408,18.1,5.7,2266.7,5595.6,0.28829986136372304,34.5,968.5
1529,19,transformer,loso,Hafar Al Batin - TVTC,28.33202,45.95708,01-04-2019 00:00,6712.2,6670.5927734375,-41.60722656249982,41.60722656249982,1731.1613022231904,0.6198746545469417,23.8,4.9,2708.0,5520.2,0.32911207797574193,30.9,966.9
1530,19,transformer,loso,Hafar Al Batin - TVTC,28.33202,45.95708,01-05-2019 00:00,7069.7,7198.0751953125,128.37519531250018,128.37519531250018,16480.190771522568,1.8158506770089282,32.8,4.4,3250.1,4945.1,0.396585806325654,17.4,964.2
1531,19,transformer,loso,Hafar Al Batin - TVTC,28.33202,45.95708,01-06-2019 00:00,8091.9,8198.9580078125,107.05800781250036,107.05800781250036,11461.41703678139,1.3230268269813068,37.6,5.1,2219.0,7868.3,0.21997957828160164,11.3,960.2
1532,19,transformer,loso,Hafar Al Batin - TVTC,28.33202,45.95708,01-07-2019 00:00,8045.2,8163.38623046875,118.18623046875018,118.18623046875018,13967.985072412534,1.4690278733748097,37.1,5.7,1892.6,8414.4,0.18362278063452023,12.4,956.9
1533,19,transformer,loso,Hafar Al Batin - TVTC,28.33202,45.95708,01-08-2019 00:00,7512.5,7703.25439453125,190.75439453125,190.75439453125,36387.23903298378,2.539159993760399,37.1,5.8,2008.3,7588.7,0.20926331145149527,12.1,958.2
1534,19,transformer,loso,Hafar Al Batin - TVTC,28.33202,45.95708,01-09-2019 00:00,6538.0,6650.9912109375,112.9912109375,112.9912109375,12767.01374912262,1.7282228653640257,35.7,3.8,1896.7,6757.5,0.21916526079822513,14.8,962.5
1535,19,transformer,loso,Hafar Al Batin - TVTC,28.33202,45.95708,01-10-2019 00:00,4904.8,5078.619140625,173.81914062499982,173.81914062499982,30213.093647613463,3.54385786627385,29.7,4.0,2146.8,4383.0,0.32876964072406506,32.7,967.1
1536,19,transformer,loso,Hafar Al Batin - TVTC,28.33202,45.95708,01-11-2019 00:00,3795.8,3755.857421875,-39.94257812500018,39.94257812500018,1595.4095472717431,1.0522835271879492,19.4,3.7,1668.2,4093.0,0.289557731028258,46.4,971.4
1537,19,transformer,loso,Hafar Al Batin - TVTC,28.33202,45.95708,01-12-2019 00:00,3700.1,3584.842529296875,-115.25747070312491,115.25747070312491,13284.284552881696,3.114982587041564,14.5,4.5,1121.3,5525.4,0.16870025727052523,52.2,972.1
1538,19,transformer,loso,Hafar Al Batin - TVTC,28.33202,45.95708,01-01-2020 00:00,4174.6,3981.66796875,-192.93203125000036,192.93203125000036,37222.76868225112,4.621569282086915,12.1,4.8,1183.7,6099.9,0.1625157888956011,45.0,972.7
1539,19,transformer,loso,Hafar Al Batin - TVTC,28.33202,45.95708,01-02-2020 00:00,4878.4,4932.9482421875,54.548242187500364,54.548242187500364,2975.5107257461946,1.1181584574348222,15.4,5.4,1817.0,5455.0,0.24986248624862487,36.6,971.9
1540,19,transformer,loso,Hafar Al Batin - TVTC,28.33202,45.95708,01-03-2020 00:00,5863.8,5953.3564453125,89.55644531249982,89.55644531249982,8020.356897010771,1.5272766007111398,19.9,5.3,2339.1,5400.9,0.3022093023255814,33.9,967.6
1541,19,transformer,loso,Hafar Al Batin - TVTC,28.33202,45.95708,01-04-2020 00:00,6630.8,6699.60546875,68.80546874999982,68.80546874999982,4734.192529907202,1.0376646671593144,25.9,4.9,3014.2,5000.1,0.3761027163944449,27.8,965.5
1542,19,transformer,loso,Hafar Al Batin - TVTC,28.33202,45.95708,01-05-2020 00:00,7335.8,7451.42578125,115.62578124999982,115.62578124999982,13369.32128967281,1.5761850275361897,31.5,4.8,3154.7,5501.1,0.3644608239561912,16.4,964.7
1543,19,transformer,loso,Hafar Al Batin - TVTC,28.33202,45.95708,01-09-2020 00:00,6631.2,6890.02099609375,258.8209960937502,258.8209960937502,66988.30801896105,3.9030793234067764,35.5,4.0,1854.5,7033.9,0.20864272534989425,12.4,962.4
1544,19,transformer,loso,Hafar Al Batin - TVTC,28.33202,45.95708,01-10-2020 00:00,5695.4,5808.6884765625,113.28847656250036,113.28847656250036,12834.278921852194,1.989122389340527,27.2,3.1,1214.4,7657.2,0.13688624374408223,16.8,968.7
1545,19,transformer,loso,Hafar Al Batin - TVTC,28.33202,45.95708,01-11-2020 00:00,3830.6,3919.02294921875,88.42294921875009,88.42294921875009,7818.617948541657,2.308331572566963,20.3,4.4,1696.9,4056.9,0.2949181410546074,47.0,970.9
1546,19,transformer,loso,Hafar Al Batin - TVTC,28.33202,45.95708,01-12-2020 00:00,3067.8,3240.42529296875,172.62529296874982,172.62529296874982,29799.491772546706,5.627006094554724,13.5,3.1,1335.2,3665.1,0.26702397856128635,65.9,974.4
1547,19,transformer,loso,Hafar Al Batin - TVTC,28.33202,45.95708,01-01-2021 00:00,3939.0,3904.16259765625,-34.83740234375,34.83740234375,1213.644602060318,0.8844225017453667,13.3,3.4,1482.7,4943.7,0.2307201543632516,43.7,974.3
1548,19,transformer,loso,Hafar Al Batin - TVTC,28.33202,45.95708,01-02-2021 00:00,4359.8,4257.03662109375,-102.76337890625018,102.76337890625018,10560.312044229544,2.3570663541045502,15.5,4.1,1756.2,4525.7,0.27956509973097315,47.8,972.5
1549,19,transformer,loso,Hafar Al Batin - TVTC,28.33202,45.95708,01-03-2021 00:00,5652.9,5697.142578125,44.242578125000364,44.242578125000364,1957.4057191467607,0.7826527645102579,21.2,5.0,2619.0,4537.6,0.3659559008467708,26.9,968.6
1550,19,transformer,loso,Hafar Al Batin - TVTC,28.33202,45.95708,01-04-2021 00:00,6570.6,6608.02587890625,37.425878906249636,37.425878906249636,1400.6964119052614,0.5695960628595507,27.8,4.7,2763.5,5212.9,0.3464595556892834,17.3,967.3
1551,19,transformer,loso,Hafar Al Batin - TVTC,28.33202,45.95708,01-05-2021 00:00,7198.4,7316.8720703125,118.47207031250036,118.47207031250036,14035.63144413003,1.6458111568195761,34.0,4.2,2706.7,5982.7,0.31149446451998986,12.9,962.4
1552,19,transformer,loso,Hafar Al Batin - TVTC,28.33202,45.95708,01-07-2021 00:00,7820.6,7963.3212890625,142.72128906249964,142.72128906249964,20369.366351661578,1.8249404017914181,39.4,4.5,2191.7,7567.2,0.22458473803399973,12.5,956.0
1553,19,transformer,loso,Hafar Al Batin - TVTC,28.33202,45.95708,01-08-2021 00:00,7351.9,7475.73779296875,123.83779296875036,123.83779296875036,15335.798967371076,1.6844325000170075,37.9,4.0,2074.4,7244.1,0.2226109352363578,13.2,958.8
1554,19,transformer,loso,Hafar Al Batin - TVTC,28.33202,45.95708,01-09-2021 00:00,6662.7,6960.14404296875,297.4440429687502,297.4440429687502,88472.9586975957,4.464316913094544,33.6,4.1,1649.2,7565.5,0.17897489880299955,15.7,962.5
1555,19,transformer,loso,Hafar Al Batin - TVTC,28.33202,45.95708,01-10-2021 00:00,5328.4,5474.349609375,145.94960937500036,145.94960937500036,21301.288476715195,2.7390888329517376,29.2,3.6,1722.6,5921.6,0.22534732215274322,20.3,968.0
1556,19,transformer,loso,Hafar Al Batin - TVTC,28.33202,45.95708,01-11-2021 00:00,4208.3,4245.08447265625,36.78447265624982,36.78447265624982,1353.0974285983905,0.8740934024724905,20.6,3.8,1460.7,5313.9,0.2156142060047826,32.2,971.0
1557,19,transformer,loso,Hafar Al Batin - TVTC,28.33202,45.95708,01-12-2021 00:00,3209.2,3277.486083984375,68.28608398437518,68.28608398437518,4662.989265921141,2.127822634437716,14.3,3.7,1624.8,3357.8,0.32609480993858625,48.7,973.2
1371,20,transformer,loso,Hagl - SWCC,29.28997,34.93002,01-01-2017 00:00,3583.5,3550.939697265625,-32.560302734375,32.560302734375,1060.173314154148,0.9086173499197712,16.9,6.9,1209.4,4966.8,0.1958161976619928,50.7,1015.9
1372,20,transformer,loso,Hagl - SWCC,29.28997,34.93002,01-02-2017 00:00,4743.2,4507.34375,-235.85624999999982,235.85624999999982,55628.17066406241,4.972513282172369,17.7,6.5,1326.0,6195.3,0.1762993099597144,45.7,1016.2
1373,20,transformer,loso,Hagl - SWCC,29.28997,34.93002,01-03-2017 00:00,5558.3,5272.9482421875,-285.3517578125002,285.3517578125002,81425.62568668376,5.133795545625464,21.3,6.1,1606.2,6199.7,0.20576743232682973,50.5,1010.3
1374,20,transformer,loso,Hagl - SWCC,29.28997,34.93002,01-04-2017 00:00,6497.3,6360.076171875,-137.22382812500018,137.22382812500018,18830.379005279592,2.1120131150631827,24.9,6.7,2098.2,6201.1,0.25281650259660454,47.1,1010.0
1375,20,transformer,loso,Hagl - SWCC,29.28997,34.93002,01-05-2017 00:00,7248.7,6920.87158203125,-327.8284179687498,327.8284179687498,107471.47162789333,4.522582228106416,27.9,6.1,1730.9,7562.2,0.18625646985397767,46.4,1008.0
1376,20,transformer,loso,Hagl - SWCC,29.28997,34.93002,01-06-2017 00:00,7480.6,6958.0595703125,-522.5404296875004,522.5404296875004,273048.5006579975,6.985274305369894,29.7,7.3,1297.0,8543.8,0.13179822778635883,49.7,1005.2
1377,20,transformer,loso,Hagl - SWCC,29.28997,34.93002,01-09-2017 00:00,6280.5,6136.1015625,-144.3984375,144.3984375,20850.908752441406,2.299155122999761,29.5,7.6,1554.4,7044.8,0.180761001023351,60.7,1006.9
1378,20,transformer,loso,Hagl - SWCC,29.28997,34.93002,01-10-2017 00:00,5308.3,5175.38623046875,-132.91376953125018,132.91376953125018,17666.07013100629,2.5038857926501925,26.5,6.7,1177.5,7072.0,0.14273592338929633,57.8,1010.4
1379,20,transformer,loso,Hagl - SWCC,29.28997,34.93002,01-11-2017 00:00,4213.1,4251.07958984375,37.979589843749636,37.979589843749636,1442.4492446994504,0.9014642387731038,22.7,6.9,1172.9,6017.5,0.16312027147307523,55.3,1012.8
1380,20,transformer,loso,Hagl - SWCC,29.28997,34.93002,01-03-2018 00:00,6067.1,5965.26318359375,-101.83681640625036,101.83681640625036,10370.737175760343,1.6785089483649578,23.4,6.1,1877.6,6505.4,0.2239770965048312,43.1,1010.2
1381,20,transformer,loso,Hagl - SWCC,29.28997,34.93002,01-04-2018 00:00,6662.6,6670.02490234375,7.424902343749636,7.424902343749636,55.12917481421884,0.11144151448007739,24.8,5.9,2386.5,5939.1,0.2866460074949553,44.6,1008.0
1382,20,transformer,loso,Hagl - SWCC,29.28997,34.93002,01-05-2018 00:00,6864.1,6861.337890625,-2.762109375000364,2.762109375000364,7.6292481994649,0.04023993495141917,29.3,4.9,2875.1,5215.4,0.3553674062171683,42.7,1005.5
1383,20,transformer,loso,Hagl - SWCC,29.28997,34.93002,01-06-2018 00:00,7953.3,7873.02880859375,-80.27119140625018,80.27119140625018,6443.464169778853,1.0092815737649803,30.3,6.8,1845.1,8272.2,0.18237079062595749,46.0,1004.5
1384,20,transformer,loso,Hagl - SWCC,29.28997,34.93002,01-07-2018 00:00,7799.3,7721.08349609375,-78.21650390625018,78.21650390625018,6117.82148331645,1.0028656918729908,31.4,5.3,1649.4,8439.4,0.16348822456585524,47.3,1002.7
1385,20,transformer,loso,Hagl - SWCC,29.28997,34.93002,01-08-2018 00:00,7365.1,7035.0849609375,-330.01503906250036,330.01503906250036,108909.92600742364,4.480795088491675,31.2,7.0,1215.1,8765.8,0.12174252822891722,52.4,1003.6
1386,20,transformer,loso,Hagl - SWCC,29.28997,34.93002,01-09-2018 00:00,6092.9,5990.169921875,-102.73007812499964,102.73007812499964,10553.46895156853,1.6860621071246802,29.9,7.8,1860.6,6244.5,0.22955916645075322,54.5,1006.4
1387,20,transformer,loso,Hagl - SWCC,29.28997,34.93002,01-10-2018 00:00,5005.6,4957.82470703125,-47.775292968750364,47.775292968750364,2282.478618249928,0.9544368900581421,27.4,6.5,1624.0,5618.9,0.2242195805547502,54.2,1010.0
1388,20,transformer,loso,Hagl - SWCC,29.28997,34.93002,01-11-2018 00:00,4118.3,4064.647705078125,-53.65229492187518,53.65229492187518,2878.5687503838735,1.3027777219210641,23.5,5.7,1182.7,5706.6,0.17167201312179758,50.7,1011.9
1389,20,transformer,loso,Hagl - SWCC,29.28997,34.93002,01-12-2018 00:00,3741.9,3846.89599609375,104.99599609374991,104.99599609374991,11024.159195718747,2.8059540900010664,19.4,5.5,994.5,5997.1,0.1422421191143658,48.5,1015.3
1390,20,transformer,loso,Hagl - SWCC,29.28997,34.93002,01-01-2019 00:00,3689.0,3679.4267578125,-9.5732421875,9.5732421875,91.64696598052979,0.25950778496882626,17.9,4.6,1455.0,4569.2,0.24152584575545302,44.6,1014.3
1391,20,transformer,loso,Hagl - SWCC,29.28997,34.93002,01-02-2019 00:00,4761.4,4553.6787109375,-207.72128906249964,207.72128906249964,43148.133929786534,4.362609506920227,18.8,5.2,1379.3,6049.8,0.18566178944959685,45.7,1014.3
1392,20,transformer,loso,Hagl - SWCC,29.28997,34.93002,01-03-2019 00:00,5880.7,5669.72314453125,-210.97685546874982,210.97685546874982,44511.23354348175,3.5876146626889627,20.0,5.6,1746.0,6498.0,0.21179039301310043,45.0,1012.4
1393,20,transformer,loso,Hagl - SWCC,29.28997,34.93002,01-04-2019 00:00,6665.1,6576.94384765625,-88.15615234375036,88.15615234375036,7771.507196054523,1.322653108636785,23.0,6.0,2146.5,6370.0,0.25204015734163093,44.9,1010.3
1394,20,transformer,loso,Hagl - SWCC,29.28997,34.93002,01-05-2019 00:00,7078.2,6915.92431640625,-162.27568359374982,162.27568359374982,26333.397485818805,2.2926122968233424,28.3,5.8,2163.4,6630.6,0.2460086422560837,40.5,1007.0
1395,20,transformer,loso,Hagl - SWCC,29.28997,34.93002,01-06-2019 00:00,7575.9,7218.88720703125,-357.01279296874964,357.01279296874964,127458.1343433473,4.712480272558371,30.6,5.4,1772.0,7819.5,0.1847469113277381,47.5,1005.0
1396,20,transformer,loso,Hagl - SWCC,29.28997,34.93002,01-07-2019 00:00,7943.0,7745.751953125,-197.248046875,197.248046875,38906.7919960022,2.4832940560871206,31.4,5.9,1405.7,9070.0,0.13418673692450145,47.4,1002.5
1397,20,transformer,loso,Hagl - SWCC,29.28997,34.93002,01-08-2019 00:00,7335.0,6962.8828125,-372.1171875,372.1171875,138471.20123291016,5.073172290388548,31.8,5.1,1369.2,8400.7,0.14014473024288884,50.6,1003.6
1398,20,transformer,loso,Hagl - SWCC,29.28997,34.93002,01-09-2019 00:00,6414.9,6182.07763671875,-232.82236328124964,232.82236328124964,54206.252843866176,3.6293997300230663,29.3,7.6,1303.6,7710.3,0.14462108521283795,57.5,1006.0
1399,20,transformer,loso,Hagl - SWCC,29.28997,34.93002,01-10-2019 00:00,5094.8,4882.71875,-212.08125000000018,212.08125000000018,44978.456601562575,4.162700204129704,27.3,6.3,1307.9,6387.8,0.16995205114544484,56.2,1009.2
1400,20,transformer,loso,Hagl - SWCC,29.28997,34.93002,01-11-2019 00:00,4235.4,4249.06396484375,13.663964843750364,13.663964843750364,186.7039352512459,0.3226133268109356,24.5,5.1,1197.9,5960.9,0.16733251382913342,44.3,1011.4
1401,20,transformer,loso,Hagl - SWCC,29.28997,34.93002,01-12-2019 00:00,3858.7,3906.69189453125,47.99189453125018,47.99189453125018,2303.221940698641,1.2437322033651277,19.7,4.3,967.5,6272.7,0.1336289052788597,44.5,1014.8
1402,20,transformer,loso,Hagl - SWCC,29.28997,34.93002,01-01-2020 00:00,3731.0,3682.393310546875,-48.606689453125,48.606689453125,2362.610259592533,1.3027791330239882,16.7,4.4,1121.0,5386.5,0.17226277372262774,47.9,1017.4
1403,20,transformer,loso,Hagl - SWCC,29.28997,34.93002,01-02-2020 00:00,4778.0,4609.8095703125,-168.1904296875,168.1904296875,28288.02063846588,3.5201010817810796,18.1,4.6,1219.8,6475.9,0.1585040996920358,51.2,1015.7
1404,20,transformer,loso,Hagl - SWCC,29.28997,34.93002,01-03-2020 00:00,5607.3,5610.9765625,3.676562499999818,3.676562499999818,13.517111816404913,0.06556742995737375,20.7,4.7,1968.0,5681.5,0.2572717171056932,50.0,1010.5
1405,20,transformer,loso,Hagl - SWCC,29.28997,34.93002,01-04-2020 00:00,6767.8,6587.611328125,-180.18867187500018,180.18867187500018,32467.957472076483,2.6624408504240695,23.5,6.0,2123.8,6580.8,0.24398593846931507,49.7,1009.2
1406,20,transformer,loso,Hagl - SWCC,29.28997,34.93002,01-05-2020 00:00,7163.3,6967.2919921875,-196.00800781250018,196.00800781250018,38419.13912662513,2.736280873515003,27.5,5.8,1935.2,7163.8,0.2126827123859765,43.3,1008.0
1407,20,transformer,loso,Hagl - SWCC,29.28997,34.93002,01-09-2020 00:00,6086.8,6103.7001953125,16.900195312499818,16.900195312499818,285.6166016006408,0.27765320550206707,32.1,6.5,1840.4,6202.2,0.22883147240941984,52.7,1004.9
1408,20,transformer,loso,Hagl - SWCC,29.28997,34.93002,01-10-2020 00:00,5200.8,5200.83544921875,0.0354492187498181,0.0354492187498181,0.0012566471099724552,0.0006816108819761978,28.9,5.8,1280.4,6602.2,0.1624337147641641,55.2,1009.6
1409,20,transformer,loso,Hagl - SWCC,29.28997,34.93002,01-11-2020 00:00,4228.7,4222.005859375,-6.694140624999818,6.694140624999818,44.81151870727295,0.15830256639155812,23.7,5.4,1018.4,6326.1,0.13866158349785554,50.6,1012.3
1410,20,transformer,loso,Hagl - SWCC,29.28997,34.93002,01-12-2020 00:00,3585.6,3669.164794921875,83.56479492187509,83.56479492187509,6983.074950335041,2.3305665696640756,21.0,5.4,1127.8,5298.5,0.17549756469508113,49.1,1014.0
1411,20,transformer,loso,Hagl - SWCC,29.28997,34.93002,01-01-2021 00:00,3970.8,3949.1806640625,-21.619335937500182,21.619335937500182,467.39568637848686,0.5444579414097961,19.8,5.7,1159.1,5757.5,0.16758233814301823,45.2,1015.0
1412,20,transformer,loso,Hagl - SWCC,29.28997,34.93002,01-02-2021 00:00,4891.3,4650.0302734375,-241.26972656250018,241.26972656250018,58211.080955543606,4.932629905393253,19.8,5.9,1226.0,6526.8,0.15813641523062635,49.4,1014.2
1413,20,transformer,loso,Hagl - SWCC,29.28997,34.93002,01-03-2021 00:00,6155.0,6012.298828125,-142.701171875,142.701171875,20363.62445449829,2.318459331844029,21.1,6.9,1819.4,6718.9,0.21308691425693643,46.2,1012.2
1414,20,transformer,loso,Hagl - SWCC,29.28997,34.93002,01-04-2021 00:00,7286.0,7140.8388671875,-145.1611328125,145.1611328125,21071.754479408264,1.992329574698051,24.8,6.5,1940.6,7505.9,0.2054305827555179,41.6,1010.7
1415,20,transformer,loso,Hagl - SWCC,29.28997,34.93002,01-05-2021 00:00,7801.4,7734.8642578125,-66.53574218749964,66.53574218749964,4427.004988441419,0.8528692566398292,29.1,5.5,1874.0,8142.2,0.18709690301711226,41.3,1006.8
1416,20,transformer,loso,Hagl - SWCC,29.28997,34.93002,01-07-2021 00:00,7859.4,7604.271484375,-255.12851562499964,255.12851562499964,65090.559485015685,3.2461576662976768,31.6,4.9,1346.5,9040.0,0.12963943580609444,47.4,1001.9
1417,20,transformer,loso,Hagl - SWCC,29.28997,34.93002,01-08-2021 00:00,7092.8,6812.07373046875,-280.7262695312502,280.7262695312502,78807.23840493213,3.9579047700661256,32.2,5.0,1620.8,7617.8,0.17543783690169504,50.8,1003.0
1418,20,transformer,loso,Hagl - SWCC,29.28997,34.93002,01-09-2021 00:00,6335.6,6179.365234375,-156.23476562500036,156.23476562500036,24409.301989898795,2.465982158359119,29.5,3.8,1365.9,7494.1,0.1541647855530474,53.8,1006.6
1419,20,transformer,loso,Hagl - SWCC,29.28997,34.93002,01-10-2021 00:00,5029.6,4822.744140625,-206.85585937500036,206.85585937500036,42789.346557769924,4.112769591518219,26.9,0.0,1368.1,6158.4,0.1817710755331163,55.8,1010.4
1420,20,transformer,loso,Hagl - SWCC,29.28997,34.93002,01-11-2021 00:00,4057.2,4072.4658203125,15.265820312500182,15.265820312500182,233.04526981354314,0.37626491946416696,24.3,0.0,1119.1,5762.7,0.16261733848702375,50.2,1012.2
1421,20,transformer,loso,Hagl - SWCC,29.28997,34.93002,01-12-2021 00:00,3391.2,3529.498291015625,138.29829101562518,138.29829101562518,19126.417297842552,4.078152011548278,19.7,0.0,1366.7,4299.0,0.2412235028328362,47.9,1014.6
309,21,transformer,loso,Hail - TVTC,27.65261,41.70826,01-01-2017 00:00,4169.5,4063.939697265625,-105.560302734375,105.560302734375,11142.977513372898,2.5317256921543354,12.2,3.4,1329.8,5620.2,0.19133812949640286,35.6,912.4
310,21,transformer,loso,Hail - TVTC,27.65261,41.70826,01-02-2017 00:00,5086.2,5000.4453125,-85.75468749999982,85.75468749999982,7353.8664282226255,1.6860266505446073,10.8,3.5,1599.7,6100.3,0.20775324675324675,28.4,912.7
311,21,transformer,loso,Hail - TVTC,27.65261,41.70826,01-03-2017 00:00,5446.5,5315.654296875,-130.845703125,130.845703125,17120.598026275635,2.4023814031947124,18.1,3.8,2366.2,4584.1,0.34044573615527385,28.3,908.3
312,21,transformer,loso,Hail - TVTC,27.65261,41.70826,01-04-2017 00:00,5863.9,5899.99853515625,36.098535156250364,36.098535156250364,1303.1042404270436,0.6156062544765492,23.9,4.0,2984.1,3896.2,0.4337165530572795,20.2,909.6
313,21,transformer,loso,Hail - TVTC,27.65261,41.70826,01-05-2017 00:00,6227.4,6378.69970703125,151.29970703125036,151.29970703125036,22891.60134774219,2.4295806762252363,29.0,3.4,3023.5,4219.2,0.41745481657392963,14.9,907.7
314,21,transformer,loso,Hail - TVTC,27.65261,41.70826,01-09-2017 00:00,6546.0,6662.109375,116.109375,116.109375,13481.386962890625,1.7737454170485791,32.6,3.0,2359.7,5922.3,0.28491910166626416,9.2,907.7
315,21,transformer,loso,Hail - TVTC,27.65261,41.70826,01-10-2017 00:00,5714.3,5826.6728515625,112.37285156249982,112.37285156249982,12627.657768287618,1.9665199860437816,26.8,3.1,1668.9,6630.7,0.2010819798544508,14.4,909.5
316,21,transformer,loso,Hail - TVTC,27.65261,41.70826,01-11-2017 00:00,4206.8,4173.1357421875,-33.66425781250018,33.66425781250018,1133.2822540664795,0.8002343304293092,19.1,3.5,1758.8,4498.5,0.28107969891167117,37.9,911.7
317,21,transformer,loso,Hail - TVTC,27.65261,41.70826,01-03-2018 00:00,6241.9,6318.9384765625,77.03847656250036,77.03847656250036,5934.9268710709175,1.2342151678575493,22.4,3.5,2453.4,5651.8,0.30269456645116716,19.7,909.8
318,21,transformer,loso,Hail - TVTC,27.65261,41.70826,01-04-2018 00:00,6813.9,6684.1318359375,-129.76816406249964,129.76816406249964,16839.77640415182,1.9044624086426223,22.3,3.7,2866.1,5310.2,0.3505375292002495,31.2,907.1
319,21,transformer,loso,Hail - TVTC,27.65261,41.70826,01-05-2018 00:00,6997.7,7023.83984375,26.139843750000182,26.139843750000182,683.2914312744235,0.37354907683953564,27.9,3.5,3265.7,4853.3,0.4022293385884961,19.1,907.0
320,21,transformer,loso,Hail - TVTC,27.65261,41.70826,01-06-2018 00:00,8237.7,8181.8388671875,-55.86113281250073,55.86113281250073,3120.4661590958453,0.6781156489372121,32.6,3.2,2404.7,7785.7,0.23597699795886323,11.1,904.9
321,21,transformer,loso,Hail - TVTC,27.65261,41.70826,01-07-2018 00:00,8175.3,8185.42138671875,10.121386718749818,10.121386718749818,102.4424691104852,0.12380446856690051,33.5,3.0,2293.6,7876.0,0.22553492762743862,11.3,903.1
322,21,transformer,loso,Hail - TVTC,27.65261,41.70826,01-09-2018 00:00,6236.9,6516.2119140625,279.31191406250036,279.31191406250036,78015.14533725759,4.4783773038288315,33.6,2.7,2592.3,5069.1,0.3383585245516485,10.2,907.7
323,21,transformer,loso,Hail - TVTC,27.65261,41.70826,01-11-2018 00:00,3453.8,3455.359619140625,1.559619140624818,1.559619140624818,2.432411863803296,0.04515661418219984,16.0,3.4,1609.1,3496.3,0.3151760880636189,67.2,912.0
324,21,transformer,loso,Hail - TVTC,27.65261,41.70826,01-12-2018 00:00,3842.0,3814.59326171875,-27.40673828125,27.40673828125,751.1293032169342,0.7133456085697553,14.2,3.7,1358.8,5098.9,0.21041547300122335,52.8,913.2
325,21,transformer,loso,Hail - TVTC,27.65261,41.70826,01-01-2019 00:00,3652.9,3676.857421875,23.95742187499991,23.95742187499991,573.9580628967242,0.6558466389717733,13.9,3.6,1815.2,3568.0,0.3371972061227523,39.3,911.7
326,21,transformer,loso,Hail - TVTC,27.65261,41.70826,01-02-2019 00:00,4848.6,4740.525390625,-108.07460937500036,108.07460937500036,11680.121191558917,2.2289858799447337,13.5,3.5,1713.1,5424.7,0.24000392277732635,41.7,911.5
327,21,transformer,loso,Hail - TVTC,27.65261,41.70826,01-03-2019 00:00,6418.6,6288.37548828125,-130.22451171875036,130.22451171875036,16958.42345238695,2.028861616532427,15.9,3.7,1872.9,7074.5,0.20932337885866287,27.6,909.2
328,21,transformer,loso,Hail - TVTC,27.65261,41.70826,01-04-2019 00:00,6834.9,6575.470703125,-259.42929687499964,259.42929687499964,67303.5600770567,3.79565607214443,20.7,3.5,2247.6,6405.1,0.2597570700474996,23.6,908.6
329,21,transformer,loso,Hail - TVTC,27.65261,41.70826,01-05-2019 00:00,6724.6,6764.45361328125,39.853613281249636,39.853613281249636,1588.3104915713975,0.592654035648955,29.3,3.5,2655.1,5407.0,0.3293310675878493,14.8,907.8
330,21,transformer,loso,Hail - TVTC,27.65261,41.70826,01-07-2019 00:00,8184.0,8042.25,-141.75,141.75,20093.0625,1.7320381231671553,33.7,3.1,1864.7,8552.2,0.17900719023893863,10.2,903.2
331,21,transformer,loso,Hail - TVTC,27.65261,41.70826,01-08-2019 00:00,7644.2,7566.52880859375,-77.67119140624982,77.67119140624982,6032.813974466296,1.0160800529322862,33.2,3.3,1908.1,7915.6,0.1942343516190437,11.1,904.4
332,21,transformer,loso,Hail - TVTC,27.65261,41.70826,01-09-2019 00:00,6659.0,6756.4501953125,97.4501953125,97.4501953125,9496.540566444397,1.4634358809505932,33.0,3.0,2017.6,6718.7,0.23094445016769113,11.4,906.6
333,21,transformer,loso,Hail - TVTC,27.65261,41.70826,01-10-2019 00:00,5007.4,4972.32080078125,-35.079199218749636,35.079199218749636,1230.5502178287252,0.7005471745566489,27.4,2.8,1944.4,4869.2,0.28537043559938946,24.9,909.9
334,21,transformer,loso,Hail - TVTC,27.65261,41.70826,01-11-2019 00:00,4172.4,4085.1826171875,-87.21738281249964,87.21738281249964,7606.871864662107,2.0903408784512427,18.1,3.3,1514.5,4990.9,0.2328065914471055,44.6,911.9
335,21,transformer,loso,Hail - TVTC,27.65261,41.70826,01-12-2019 00:00,4280.9,4361.38232421875,80.48232421875036,80.48232421875036,6477.404511652051,1.8800328019517012,13.8,3.0,973.4,6996.3,0.1221375961454007,39.3,912.0
336,21,transformer,loso,Hail - TVTC,27.65261,41.70826,01-01-2020 00:00,4555.6,4498.9794921875,-56.620507812500364,56.620507812500364,3205.8819049454146,1.2428770702542007,10.4,3.3,1023.4,7158.7,0.1250779139829628,36.5,912.6
337,21,transformer,loso,Hail - TVTC,27.65261,41.70826,01-02-2020 00:00,5484.9,5528.92626953125,44.026269531250364,44.026269531250364,1938.3124088383042,0.8026813530100889,13.9,3.7,1484.5,7092.4,0.17308118317807134,33.9,911.9
338,21,transformer,loso,Hail - TVTC,27.65261,41.70826,01-03-2020 00:00,6371.4,6399.37451171875,27.974511718750364,27.974511718750364,782.5733059025015,0.4390638120154184,18.4,4.0,2168.0,6380.4,0.25361471152496373,26.2,908.6
339,21,transformer,loso,Hail - TVTC,27.65261,41.70826,01-04-2020 00:00,7199.2,7201.142578125,1.942578125000182,1.942578125000182,3.7736097717292223,0.026983249874988634,22.9,3.9,2498.0,6482.3,0.2781644265781767,24.9,907.6
340,21,transformer,loso,Hail - TVTC,27.65261,41.70826,01-05-2020 00:00,7321.9,7329.06494140625,7.164941406250364,7.164941406250364,51.33638535500094,0.09785631333739007,28.9,3.6,2969.7,5666.2,0.3438784608436874,13.3,908.3
341,21,transformer,loso,Hail - TVTC,27.65261,41.70826,01-09-2020 00:00,6805.0,7012.9267578125,207.9267578125,207.9267578125,43233.53661441803,3.0554997474283616,32.5,2.8,1980.6,7021.5,0.22001532975639015,8.9,907.5
342,21,transformer,loso,Hail - TVTC,27.65261,41.70826,01-10-2020 00:00,5948.5,5986.5107421875,38.0107421875,38.0107421875,1444.8165216445923,0.638997094855846,25.6,2.5,1173.5,8055.1,0.1271590490431918,11.7,911.6
343,21,transformer,loso,Hail - TVTC,27.65261,41.70826,01-11-2020 00:00,4203.6,4166.3974609375,-37.202539062500364,37.202539062500364,1384.0289126968655,0.8850161543082207,18.9,3.4,1584.9,4907.3,0.24412371769199961,43.5,911.6
344,21,transformer,loso,Hail - TVTC,27.65261,41.70826,01-12-2020 00:00,3597.5,3715.638916015625,118.138916015625,118.138916015625,13956.803477346897,3.2839170539437106,13.6,3.4,1356.6,4611.2,0.2273199504004826,52.0,913.3
345,21,transformer,loso,Hail - TVTC,27.65261,41.70826,01-01-2021 00:00,4205.5,4278.36962890625,72.86962890625,72.86962890625,5309.982816934586,1.7327221235584354,13.0,3.3,1441.0,5379.0,0.21129032258064517,43.9,913.5
346,21,transformer,loso,Hail - TVTC,27.65261,41.70826,01-02-2021 00:00,4818.3,4835.8134765625,17.513476562499818,17.513476562499818,306.72186130523045,0.36347833390407025,14.5,3.7,1657.8,5456.1,0.23303673090709734,41.7,912.1
347,21,transformer,loso,Hail - TVTC,27.65261,41.70826,01-03-2021 00:00,6358.1,6462.4150390625,104.31503906249964,104.31503906249964,10881.627374610825,1.6406637055488216,20.4,3.9,2499.7,5803.7,0.3010453549148541,20.8,909.7
348,21,transformer,loso,Hail - TVTC,27.65261,41.70826,01-04-2021 00:00,7385.1,7423.78271484375,38.682714843749636,38.682714843749636,1496.3524276828484,0.5237940561908387,24.5,3.5,2608.9,6535.3,0.2853065331029505,15.1,910.1
349,21,transformer,loso,Hail - TVTC,27.65261,41.70826,01-05-2021 00:00,7637.6,7666.76953125,29.169531249999636,29.169531249999636,850.8615533447054,0.38192012215878857,30.6,3.2,2423.3,6979.4,0.25772384527848385,9.9,906.7
350,21,transformer,loso,Hail - TVTC,27.65261,41.70826,01-07-2021 00:00,7810.3,7752.546875,-57.75312500000018,57.75312500000018,3335.423447265646,0.7394482286211821,35.4,3.1,2111.9,7682.1,0.2156320196038391,9.8,902.3
351,21,transformer,loso,Hail - TVTC,27.65261,41.70826,01-08-2021 00:00,7648.0,7684.60498046875,36.60498046875,36.60498046875,1339.924595117569,0.4786216065474634,34.5,3.0,1929.6,7915.2,0.1960019502681619,8.7,904.5
352,21,transformer,loso,Hail - TVTC,27.65261,41.70826,01-09-2021 00:00,6641.5,6753.974609375,112.474609375,112.474609375,12650.537754058838,1.6935121489874274,31.3,2.9,2018.3,6679.7,0.23204184870085076,13.4,906.8
353,21,transformer,loso,Hail - TVTC,27.65261,41.70826,01-10-2021 00:00,5596.1,5625.14892578125,29.048925781249636,29.048925781249636,843.8400890445498,0.5190923282509182,27.8,3.1,1749.6,6239.5,0.21899838529997118,15.0,910.3
354,21,transformer,loso,Hail - TVTC,27.65261,41.70826,01-11-2021 00:00,4565.9,4585.3876953125,19.487695312500364,19.487695312500364,379.77026859284865,0.42680950770933146,19.1,2.9,1364.3,6071.7,0.18347229693383538,28.5,912.3
586,22,transformer,loso,Jazan - University,16.96035,42.545865,01-01-2017 00:00,4845.9,4796.66015625,-49.239843749999636,49.239843749999636,2424.562212524378,1.016113492849618,26.4,2.8,1898.2,4808.7,0.28302196245657457,75.7,1013.9
587,22,transformer,loso,Jazan - University,16.96035,42.545865,01-02-2017 00:00,4480.2,4530.09814453125,49.89814453125018,49.89814453125018,2489.8248276615323,1.1137481481016513,26.6,3.1,2707.0,2575.1,0.5124855644535317,73.7,1013.3
588,22,transformer,loso,Jazan - University,16.96035,42.545865,01-09-2017 00:00,6127.2,6005.75244140625,-121.44755859374982,121.44755859374982,14749.509488382295,1.982105343284858,32.8,3.0,2719.6,4304.0,0.38720883877213963,70.6,1005.7
589,22,transformer,loso,Jazan - University,16.96035,42.545865,01-10-2017 00:00,5777.2,5653.3955078125,-123.80449218749982,123.80449218749982,15327.552285804704,2.1429843555268957,31.4,3.0,2056.1,5247.3,0.28152641235588904,71.2,1009.0
590,22,transformer,loso,Jazan - University,16.96035,42.545865,01-11-2017 00:00,4930.5,4869.4658203125,-61.0341796875,61.0341796875,3725.1710901260376,1.2378902684818984,29.3,2.9,1890.4,4789.9,0.2829813032348847,68.3,1011.7
591,22,transformer,loso,Jazan - University,16.96035,42.545865,01-03-2018 00:00,6358.3,6149.919921875,-208.38007812500018,208.38007812500018,43422.25695938118,3.277292328531214,28.2,3.0,2313.2,5432.7,0.29863540711860465,69.3,1010.3
592,22,transformer,loso,Jazan - University,16.96035,42.545865,01-04-2018 00:00,6438.9,6436.83642578125,-2.063574218749636,2.063574218749636,4.258338556288171,0.032048552062458435,30.8,3.2,2756.7,4729.8,0.3682228010418753,67.3,1007.8
593,22,transformer,loso,Jazan - University,16.96035,42.545865,01-05-2018 00:00,6626.3,6550.6083984375,-75.69160156250018,75.69160156250018,5729.21854709628,1.1422905929779843,32.2,3.1,3065.2,4422.6,0.4093592243382569,65.3,1005.9
594,22,transformer,loso,Jazan - University,16.96035,42.545865,01-06-2018 00:00,5771.5,5888.63134765625,117.13134765625,117.13134765625,13719.752603769302,2.0294784311920644,33.4,3.4,3795.9,2355.7,0.6170589765264322,64.7,1003.3
595,22,transformer,loso,Jazan - University,16.96035,42.545865,01-07-2018 00:00,5564.3,5676.41357421875,112.11357421874982,112.11357421874982,12569.453524103124,2.0148729259520484,33.6,3.1,3912.7,1901.7,0.6729327187671987,62.7,1003.3
596,22,transformer,loso,Jazan - University,16.96035,42.545865,01-08-2018 00:00,5592.4,5594.65869140625,2.258691406250364,2.258691406250364,5.101686868669246,0.04038858819559338,33.1,0.9,3454.5,2489.2,0.5812036273701566,66.9,1003.9
597,22,transformer,loso,Jazan - University,16.96035,42.545865,01-09-2018 00:00,6013.7,5913.744140625,-99.95585937499982,99.95585937499982,9991.17382339474,1.6621357795533505,33.1,0.2,2776.4,4092.0,0.40422805893657915,68.8,1006.0
598,22,transformer,loso,Jazan - University,16.96035,42.545865,01-10-2018 00:00,5312.8,5289.0888671875,-23.711132812500182,23.711132812500182,562.2178192520228,0.4463020029457194,31.0,0.0,2103.8,4681.1,0.3100708927176524,69.3,1009.9
599,22,transformer,loso,Jazan - University,16.96035,42.545865,01-01-2019 00:00,4555.0,4497.3447265625,-57.6552734375,57.6552734375,3324.130555152893,1.2657579239846322,26.5,0.0,2345.3,3542.5,0.3983321444342539,75.3,1014.3
600,22,transformer,loso,Jazan - University,16.96035,42.545865,01-02-2019 00:00,5009.4,4906.3896484375,-103.01035156249964,103.01035156249964,10611.132529029772,2.056341109963262,27.1,0.0,2780.7,3202.9,0.46472023530984685,72.5,1012.8
601,22,transformer,loso,Jazan - University,16.96035,42.545865,01-03-2019 00:00,5803.7,5708.3935546875,-95.30644531249982,95.30644531249982,9083.31851810452,1.6421669850698661,28.0,0.0,2850.6,3932.9,0.42022554728385053,69.4,1011.3
602,22,transformer,loso,Jazan - University,16.96035,42.545865,01-04-2019 00:00,6218.7,6188.9990234375,-29.700976562499818,29.700976562499818,882.1480087661635,0.4776074832762446,30.3,0.0,2973.3,4159.3,0.41686061183860024,69.9,1008.8
603,22,transformer,loso,Jazan - University,16.96035,42.545865,01-05-2019 00:00,6336.4,6275.1416015625,-61.258398437499636,61.258398437499636,3752.591379127458,0.9667697499763216,32.9,0.0,2598.0,4736.9,0.35419705790126654,58.4,1007.0
604,22,transformer,loso,Jazan - University,16.96035,42.545865,01-06-2019 00:00,5858.4,5809.43603515625,-48.963964843749636,48.963964843749636,2397.4698532199504,0.8357907422461702,33.8,0.0,3270.2,3108.3,0.5126910715685505,66.0,1003.7
605,22,transformer,loso,Jazan - University,16.96035,42.545865,01-07-2019 00:00,5692.1,5674.59765625,-17.502343750000364,17.502343750000364,306.3320367431768,0.3074848254598542,33.8,0.0,3737.2,2264.7,0.6226694879954681,62.9,1002.2
606,22,transformer,loso,Jazan - University,16.96035,42.545865,01-08-2019 00:00,5297.0,5360.10986328125,63.10986328125,63.10986328125,3982.854843378067,1.19142652975741,32.4,0.0,3286.6,2389.9,0.5789835285827535,67.5,1004.8
607,22,transformer,loso,Jazan - University,16.96035,42.545865,01-09-2019 00:00,5832.6,5744.30615234375,-88.29384765625036,88.29384765625036,7795.803533945148,1.5137991231397723,32.5,0.0,2756.8,3856.2,0.41687585059730836,68.1,1004.9
608,22,transformer,loso,Jazan - University,16.96035,42.545865,01-10-2019 00:00,5463.7,5229.78466796875,-233.91533203124982,233.91533203124982,54716.38255928985,4.28126236856434,30.9,0.0,1948.9,4979.8,0.28127931646629234,65.4,1009.4
609,22,transformer,loso,Jazan - University,16.96035,42.545865,01-11-2019 00:00,4841.9,4750.57763671875,-91.32236328124964,91.32236328124964,8339.774035272532,1.8860852822497294,29.3,0.0,1881.3,4659.0,0.2876473556258887,63.9,1010.6
610,22,transformer,loso,Jazan - University,16.96035,42.545865,01-12-2019 00:00,4326.8,4326.4453125,-0.3546875000001819,0.3546875000001819,0.12580322265637903,0.008197455394290974,27.8,0.0,1920.6,4072.9,0.320447151080337,60.2,1012.5
611,22,transformer,loso,Jazan - University,16.96035,42.545865,01-01-2020 00:00,4546.7,4445.30078125,-101.39921874999982,101.39921874999982,10281.801563110315,2.230171745441745,26.3,0.3,1938.8,4213.2,0.31514954486345903,62.6,1014.6
612,22,transformer,loso,Jazan - University,16.96035,42.545865,01-02-2020 00:00,4908.3,4901.83447265625,-6.465527343750182,6.465527343750182,41.803043832781285,0.1317264092201003,26.8,3.2,2796.9,3092.3,0.4749201928954696,63.9,1013.8
613,22,transformer,loso,Jazan - University,16.96035,42.545865,01-03-2020 00:00,5625.9,5595.36181640625,-30.538183593749636,30.538183593749636,932.5806572055594,0.5428141913960368,28.1,3.3,2985.8,3471.4,0.4623985628445766,64.9,1010.4
614,22,transformer,loso,Jazan - University,16.96035,42.545865,01-04-2020 00:00,6391.6,6389.58642578125,-2.013574218750364,2.013574218750364,4.054481134416138,0.03150344544011458,30.8,3.3,2487.2,5109.0,0.32742687133040205,66.0,1008.9
615,22,transformer,loso,Jazan - University,16.96035,42.545865,01-09-2020 00:00,5985.6,5819.88818359375,-165.71181640625036,165.71181640625036,27460.406096658826,2.7685080260333192,32.7,2.6,2576.3,4338.2,0.37259382457155255,68.5,1004.8
616,22,transformer,loso,Jazan - University,16.96035,42.545865,01-10-2020 00:00,5765.0,5467.7841796875,-297.2158203125,297.2158203125,88337.24384403229,5.155521601257589,31.4,2.7,1720.7,5828.1,0.2279435142009326,66.3,1009.0
617,22,transformer,loso,Jazan - University,16.96035,42.545865,01-11-2020 00:00,4773.8,4735.27099609375,-38.52900390625018,38.52900390625018,1484.4841420078417,0.8070929638076622,29.5,2.8,1916.2,4469.8,0.3000626370184779,69.0,1011.9
618,22,transformer,loso,Jazan - University,16.96035,42.545865,01-12-2020 00:00,4470.6,4497.15673828125,26.556738281249636,26.556738281249636,705.2603481387899,0.5940307404207407,27.6,2.6,1809.1,4512.5,0.28617754998734496,68.5,1013.1
619,22,transformer,loso,Jazan - University,16.96035,42.545865,01-01-2021 00:00,4567.8,4527.91015625,-39.88984375000018,39.88984375000018,1591.1996343994285,0.8732835008100219,25.9,2.5,2039.8,4135.8,0.3302998898892415,67.5,1013.5
620,22,transformer,loso,Jazan - University,16.96035,42.545865,01-02-2021 00:00,4771.7,4650.0263671875,-121.67363281249982,121.67363281249982,14804.472921791032,2.5499011424125535,26.2,2.8,2167.7,3835.3,0.3611027819423621,66.7,1012.9
621,22,transformer,loso,Jazan - University,16.96035,42.545865,01-03-2021 00:00,6135.9,6130.7919921875,-5.108007812499636,5.108007812499636,26.09174381255732,0.08324789863752076,28.4,2.7,2459.1,4951.1,0.3318533912714906,66.9,1010.2
622,22,transformer,loso,Jazan - University,16.96035,42.545865,01-04-2021 00:00,6471.7,6377.12255859375,-94.57744140624982,94.57744140624982,8944.892422952618,1.461400272049845,30.2,2.8,2649.0,4894.8,0.3511492881571622,65.2,1008.9
623,22,transformer,loso,Jazan - University,16.96035,42.545865,01-05-2021 00:00,6409.8,6356.62060546875,-53.17939453125018,53.17939453125018,2828.0480027103617,0.8296576263104961,32.3,2.6,2731.9,4649.9,0.37008588691105154,66.1,1006.3
624,22,transformer,loso,Jazan - University,16.96035,42.545865,01-07-2021 00:00,5168.4,5283.3603515625,114.96035156250036,114.96035156250036,13215.88243137368,2.2242928481251525,33.0,3.2,3252.6,2258.3,0.5902121250612423,65.4,1002.7
625,22,transformer,loso,Jazan - University,16.96035,42.545865,01-08-2021 00:00,5508.7,5439.2177734375,-69.48222656249982,69.48222656249982,4827.779808082555,1.2613180344273571,33.2,2.6,3038.2,2985.1,0.5044078827220959,70.0,1003.7
626,22,transformer,loso,Jazan - University,16.96035,42.545865,01-09-2021 00:00,5653.7,5523.408203125,-130.29179687499982,130.29179687499982,16975.95233291621,2.304540334205915,32.9,2.0,2713.4,3697.1,0.42327431557600814,69.5,1004.7
627,22,transformer,loso,Jazan - University,16.96035,42.545865,01-10-2021 00:00,5472.3,5357.50830078125,-114.79169921875018,114.79169921875018,13177.13420952801,2.0976865160672875,31.5,0.3,2142.3,4702.2,0.31299583607275916,70.3,1008.9
628,22,transformer,loso,Jazan - University,16.96035,42.545865,01-11-2021 00:00,4887.3,4819.564453125,-67.73554687500018,67.73554687500018,4588.104310455347,1.3859502562764754,29.7,0.0,1707.7,5022.5,0.2537368874624826,68.8,1011.3
629,22,transformer,loso,Jazan - University,16.96035,42.545865,01-12-2021 00:00,4518.0,4425.9169921875,-92.0830078125,92.0830078125,8479.280327796936,2.0381365164342626,27.5,0.0,1608.2,4876.1,0.24801443486575267,70.3,1013.5
1603,23,transformer,loso,Jeddah - KAU,21.49604,39.24492,01-01-2017 00:00,4179.9,4057.219970703125,-122.68002929687464,122.68002929687464,15050.38958828202,2.9349991458378106,25.6,3.4,1566.2,4609.3,0.2536150918953931,80.0,1007.6
1604,23,transformer,loso,Jeddah - KAU,21.49604,39.24492,01-02-2017 00:00,4052.3,4047.50537109375,-4.794628906250182,4.794628906250182,22.988466348649816,0.11831870558078578,24.8,4.4,2134.6,2999.4,0.41577717179587065,63.8,1007.1
1605,23,transformer,loso,Jeddah - KAU,21.49604,39.24492,01-03-2017 00:00,5072.3,4884.4365234375,-187.86347656250018,187.86347656250018,35292.685826149056,3.7037138292786347,26.8,4.1,2542.8,3507.3,0.4202905737095255,72.5,1003.5
1606,23,transformer,loso,Jeddah - KAU,21.49604,39.24492,01-04-2017 00:00,5700.8,5655.23388671875,-45.56611328125018,45.56611328125018,2076.270679559724,0.799293314644439,30.9,4.2,2830.8,3692.8,0.4339321846833037,60.5,1002.2
1607,23,transformer,loso,Jeddah - KAU,21.49604,39.24492,01-05-2017 00:00,6236.0,6155.267578125,-80.732421875,80.732421875,6517.7239418029785,1.2946186958787684,33.5,4.2,2791.6,4368.0,0.3899100508408291,55.1,1000.6
1608,23,transformer,loso,Jeddah - KAU,21.49604,39.24492,01-06-2017 00:00,6628.0,6538.9541015625,-89.0458984375,89.0458984375,7929.172028541565,1.3434806644161135,33.7,3.9,2515.2,5244.5,0.32413624238050437,65.0,996.9
1609,23,transformer,loso,Jeddah - KAU,21.49604,39.24492,01-09-2017 00:00,5981.7,6054.5927734375,72.89277343750018,72.89277343750018,5313.356419410732,1.2185962759332662,33.9,3.6,2723.3,4310.0,0.3872008872079963,77.9,998.8
1610,23,transformer,loso,Jeddah - KAU,21.49604,39.24492,01-10-2017 00:00,5562.0,5569.49609375,7.49609375,7.49609375,56.19142150878906,0.13477335041352032,31.4,3.6,1835.5,5582.8,0.24742865616111506,85.1,1002.5
1611,23,transformer,loso,Jeddah - KAU,21.49604,39.24492,01-11-2017 00:00,4469.3,4478.7431640625,9.443164062499818,9.443164062499818,89.17334751128807,0.21128955457230034,29.2,3.3,1802.6,4521.0,0.28505914352583966,83.0,1005.0
1612,23,transformer,loso,Jeddah - KAU,21.49604,39.24492,01-03-2018 00:00,6348.6,6444.8818359375,96.28183593749964,96.28183593749964,9270.191931495596,1.5165837497637216,28.5,3.3,2259.9,5876.0,0.2777689007976991,50.1,1003.6
1613,23,transformer,loso,Jeddah - KAU,21.49604,39.24492,01-04-2018 00:00,6918.0,6891.34228515625,-26.65771484375,26.65771484375,710.6337606906891,0.38533846261564036,29.7,3.7,2655.6,5662.2,0.3192671139003102,46.4,1001.4
1614,23,transformer,loso,Jeddah - KAU,21.49604,39.24492,01-05-2018 00:00,7145.1,7126.9072265625,-18.192773437500364,18.192773437500364,330.9770053482188,0.2546188777973767,33.4,4.0,3077.0,5216.1,0.37103133930617016,40.2,999.3
1615,23,transformer,loso,Jeddah - KAU,21.49604,39.24492,01-06-2018 00:00,7049.4,7034.4462890625,-14.953710937499636,14.953710937499636,223.61347080229626,0.21212742839815638,33.9,4.2,3198.7,4900.1,0.39495974712303056,46.2,997.1
1616,23,transformer,loso,Jeddah - KAU,21.49604,39.24492,01-07-2018 00:00,6883.0,6897.49951171875,14.49951171875,14.49951171875,210.23584008216858,0.21065686065305828,34.7,3.8,3023.7,4886.1,0.38227262383372523,44.2,997.2
1617,23,transformer,loso,Jeddah - KAU,21.49604,39.24492,01-08-2018 00:00,6584.6,6557.4873046875,-27.112695312500364,27.112695312500364,735.0982471084792,0.41175918525803185,34.5,4.1,2592.3,5172.4,0.3338570711038418,50.0,997.4
1618,23,transformer,loso,Jeddah - KAU,21.49604,39.24492,01-09-2018 00:00,5723.0,5828.41552734375,105.41552734375,105.41552734375,11112.433405160904,1.8419627353442252,33.4,3.0,3065.4,3435.0,0.47157098024736943,64.1,998.9
1619,23,transformer,loso,Jeddah - KAU,21.49604,39.24492,01-10-2018 00:00,5027.9,5027.0166015625,-0.8833984374996362,0.8833984374996362,0.7803927993767986,0.01756992854869103,31.3,2.8,2094.4,4373.8,0.32379951145604646,61.2,1003.1
1620,23,transformer,loso,Jeddah - KAU,21.49604,39.24492,01-11-2018 00:00,3939.4,3947.453125,8.053124999999909,8.053124999999909,64.85282226562353,0.20442516626897264,27.7,2.9,1792.8,3701.1,0.3263255610768307,58.3,1005.1
1621,23,transformer,loso,Jeddah - KAU,21.49604,39.24492,01-12-2018 00:00,3797.9,3790.89697265625,-7.003027343750091,7.003027343750091,49.04239197731145,0.18439209415071725,25.7,3.7,1753.3,3762.9,0.31784561836046554,62.6,1007.5
1622,23,transformer,loso,Jeddah - KAU,21.49604,39.24492,01-01-2019 00:00,3970.1,3913.46875,-56.63124999999991,56.63124999999991,3207.09847656249,1.4264439182892097,25.1,3.4,2042.4,3345.4,0.37907865919299155,65.3,1007.5
1623,23,transformer,loso,Jeddah - KAU,21.49604,39.24492,01-02-2019 00:00,4629.8,4452.419921875,-177.38007812500018,177.38007812500018,31463.69211563117,3.831268696811961,25.0,4.1,2151.7,3871.2,0.35725315047568446,56.0,1006.5
1624,23,transformer,loso,Jeddah - KAU,21.49604,39.24492,01-03-2019 00:00,6041.3,6116.0087890625,74.70878906249982,74.70878906249982,5581.403163185092,1.2366343181517192,25.1,4.4,2348.2,5361.8,0.3045654993514915,51.9,1005.3
1625,23,transformer,loso,Jeddah - KAU,21.49604,39.24492,01-04-2019 00:00,6618.6,6526.814453125,-91.78554687500036,91.78554687500036,8424.586615142889,1.3867819006285371,28.6,3.8,2576.9,5463.5,0.3204940052733695,49.1,1002.5
1626,23,transformer,loso,Jeddah - KAU,21.49604,39.24492,01-05-2019 00:00,6524.3,6455.0146484375,-69.28535156250018,69.28535156250018,4800.459941139246,1.0619583949619145,33.6,2.6,2746.2,4804.7,0.3636917453548584,43.8,1000.3
1627,23,transformer,loso,Jeddah - KAU,21.49604,39.24492,01-06-2019 00:00,6589.8,6556.52880859375,-33.27119140625018,33.27119140625018,1106.972177591336,0.5048892440779718,34.9,4.5,3057.6,4456.4,0.40692041522491346,43.8,997.4
1628,23,transformer,loso,Jeddah - KAU,21.49604,39.24492,01-07-2019 00:00,6880.8,6855.9111328125,-24.888867187500182,24.888867187500182,619.4557098770232,0.3617147306635883,34.9,4.2,2642.1,5472.3,0.3256063294883171,43.7,996.2
1629,23,transformer,loso,Jeddah - KAU,21.49604,39.24492,01-08-2019 00:00,6475.4,6394.69921875,-80.70078124999964,80.70078124999964,6512.616094360293,1.2462671224943578,34.1,3.7,2437.3,5252.1,0.31696881421177203,54.8,998.0
1630,23,transformer,loso,Jeddah - KAU,21.49604,39.24492,01-09-2019 00:00,5790.5,5666.68310546875,-123.81689453125,123.81689453125,15330.623371362686,2.138276392906485,32.9,3.7,2502.0,4294.4,0.36813607203813786,61.3,998.2
1631,23,transformer,loso,Jeddah - KAU,21.49604,39.24492,01-10-2019 00:00,5083.3,5145.63671875,62.33671874999982,62.33671874999982,3885.866504516579,1.2263041478960481,31.6,2.7,2204.6,4315.5,0.3381236484103004,62.8,1002.5
1632,23,transformer,loso,Jeddah - KAU,21.49604,39.24492,01-11-2019 00:00,4252.7,4122.751953125,-129.94804687499982,129.94804687499982,16886.49488662715,3.055659860206453,29.2,2.8,1605.0,4497.7,0.2629983449948384,59.6,1003.8
1633,23,transformer,loso,Jeddah - KAU,21.49604,39.24492,01-12-2019 00:00,4059.6,3996.02685546875,-63.57314453124991,63.57314453124991,4041.54470559119,1.5659952835562596,25.7,4.0,1565.7,4614.5,0.25334131581502217,57.4,1006.5
1634,23,transformer,loso,Jeddah - KAU,21.49604,39.24492,01-01-2020 00:00,4583.7,4445.8857421875,-137.81425781249982,137.81425781249982,18992.769656410168,3.0066160048105206,22.6,4.4,1415.2,5733.1,0.1979771414182393,52.3,1009.2
1635,23,transformer,loso,Jeddah - KAU,21.49604,39.24492,01-02-2020 00:00,4780.0,4736.00244140625,-43.99755859375,43.99755859375,1935.7851622104645,0.9204510166056485,23.9,3.9,2208.5,4053.1,0.35270537881691577,58.5,1007.7
1636,23,transformer,loso,Jeddah - KAU,21.49604,39.24492,01-03-2020 00:00,5935.3,5986.3427734375,51.04277343749982,51.04277343749982,2605.364720191937,0.8599864107542975,25.7,4.0,2378.5,4998.4,0.32242540904716077,57.1,1003.9
1637,23,transformer,loso,Jeddah - KAU,21.49604,39.24492,01-04-2020 00:00,6537.0,6486.982421875,-50.017578125,50.017578125,2501.7581214904785,0.7651457568456479,28.2,3.3,2184.2,5974.0,0.26773062685396287,54.4,1002.7
1638,23,transformer,loso,Jeddah - KAU,21.49604,39.24492,01-05-2020 00:00,6427.6,6344.2470703125,-83.35292968750036,83.35292968750036,6947.710887489379,1.2967970889212204,31.9,3.8,2462.4,5198.2,0.3214369631621544,48.8,1000.7
1639,23,transformer,loso,Jeddah - KAU,21.49604,39.24492,01-09-2020 00:00,5847.3,5847.15185546875,-0.1481445312501819,0.1481445312501819,0.02194680213933612,0.002533554482413796,34.2,2.7,2430.1,4579.5,0.3466816936772426,60.5,997.6
1640,23,transformer,loso,Jeddah - KAU,21.49604,39.24492,01-10-2020 00:00,5407.9,5397.57421875,-10.325781249999636,10.325781249999636,106.62175842284405,0.19093883485270877,32.3,2.3,1707.8,5708.9,0.23026413364434317,52.5,1002.1
1641,23,transformer,loso,Jeddah - KAU,21.49604,39.24492,01-11-2020 00:00,4208.8,4127.2294921875,-81.57050781250018,81.57050781250018,6653.747744789153,1.938094179160335,28.5,3.4,1550.9,4592.0,0.25247033160233767,64.0,1005.1
1642,23,transformer,loso,Jeddah - KAU,21.49604,39.24492,01-12-2020 00:00,3885.5,3935.66064453125,50.16064453125,50.16064453125,2516.0902597904205,1.2909701333483463,26.5,3.1,1687.9,4103.0,0.29147455490510976,60.3,1006.3
1643,23,transformer,loso,Jeddah - KAU,21.49604,39.24492,01-01-2021 00:00,4281.3,4240.3232421875,-40.97675781250018,40.97675781250018,1679.0946808242948,0.9571101724359465,25.4,3.3,1719.6,4525.4,0.2753562850280224,61.7,1006.7
1644,23,transformer,loso,Jeddah - KAU,21.49604,39.24492,01-02-2021 00:00,4820.6,4764.099609375,-56.500390625000364,56.500390625000364,3192.294140777629,1.172061374621424,24.7,3.7,1769.2,4875.9,0.26624129057501017,60.2,1006.5
1645,23,transformer,loso,Jeddah - KAU,21.49604,39.24492,01-09-2021 00:00,5596.1,5476.11767578125,-119.98232421875036,119.98232421875036,14395.75812493333,2.144034670909211,32.6,4.0,2585.6,3944.4,0.3959571209800919,66.2,998.3
1646,23,transformer,loso,Jeddah - KAU,21.49604,39.24492,01-10-2021 00:00,5173.6,5061.546875,-112.05312500000036,112.05312500000036,12555.902822265707,2.1658637119220727,30.9,0.7,1797.1,5048.1,0.26253433062584,69.1,1002.3
1647,23,transformer,loso,Jeddah - KAU,21.49604,39.24492,01-11-2021 00:00,4184.6,4128.6142578125,-55.985742187500364,55.985742187500364,3134.403328285258,1.3378994930817847,28.4,0.0,1386.1,4797.1,0.22417194979945654,67.6,1004.8
1648,23,transformer,loso,Jeddah - KAU,21.49604,39.24492,01-12-2021 00:00,3625.7,3686.100341796875,60.40034179687518,60.40034179687518,3648.201289179347,1.6658946354324733,26.1,0.0,1689.8,3558.4,0.32197705880111277,66.8,1007.0
41,24,transformer,loso,Layla - TVTC,22.27948,46.73319,01-01-2017 00:00,4876.1,4874.7431640625,-1.3568359375003638,1.3568359375003638,1.8410037612924912,0.027826253306953583,18.6,2.3,1507.6,6091.5,0.19839191483201957,32.7,954.8
42,24,transformer,loso,Layla - TVTC,22.27948,46.73319,01-02-2017 00:00,4616.1,4568.84716796875,-47.252832031250364,47.252832031250364,2232.8301349735602,1.0236526945094422,16.9,2.5,2531.8,3249.8,0.4379064618790646,44.6,955.1
43,24,transformer,loso,Layla - TVTC,22.27948,46.73319,01-03-2017 00:00,5561.4,5648.7265625,87.32656250000036,87.32656250000036,7625.92851806647,1.570226246988175,24.2,2.9,2994.1,3519.2,0.4596901724164402,42.2,949.9
44,24,transformer,loso,Layla - TVTC,22.27948,46.73319,01-04-2017 00:00,7234.4,7281.42236328125,47.022363281250364,47.022363281250364,2211.1026485538823,0.6499829050266832,30.7,2.5,2940.1,5645.8,0.3424335247324101,18.9,949.4
45,24,transformer,loso,Layla - TVTC,22.27948,46.73319,01-05-2017 00:00,7183.5,7144.01953125,-39.48046875,39.48046875,1558.7074127197266,0.5495993422426394,35.5,2.4,3519.0,4607.1,0.43304906412670285,17.6,946.3
46,24,transformer,loso,Layla - TVTC,22.27948,46.73319,01-06-2017 00:00,7708.1,7664.9912109375,-43.108789062500364,43.108789062500364,1858.367694435151,0.5592660845409422,37.8,2.7,3129.9,5882.6,0.3472843273231623,9.8,942.4
47,24,transformer,loso,Layla - TVTC,22.27948,46.73319,01-09-2017 00:00,7081.8,7013.6591796875,-68.14082031250018,68.14082031250018,4643.171392860438,0.9621963386780223,35.2,2.3,2113.6,6908.4,0.23427178009310573,12.0,945.2
48,24,transformer,loso,Layla - TVTC,22.27948,46.73319,01-10-2017 00:00,6346.5,6397.38623046875,50.88623046875,50.88623046875,2589.408451318741,0.8017998970889466,30.2,2.1,1599.1,7406.4,0.1775692632280273,17.5,950.2
49,24,transformer,loso,Layla - TVTC,22.27948,46.73319,01-11-2017 00:00,5221.3,5245.37255859375,24.072558593749818,24.072558593749818,579.4880772495183,0.4610453066046735,23.5,2.0,1532.9,6449.1,0.1920446003507893,33.0,953.4
50,24,transformer,loso,Layla - TVTC,22.27948,46.73319,01-03-2018 00:00,6698.7,6793.29248046875,94.59248046875018,94.59248046875018,8947.737361230884,1.412102056649054,25.9,2.6,2424.9,6159.7,0.28247093632784287,22.2,950.9
51,24,transformer,loso,Layla - TVTC,22.27948,46.73319,01-04-2018 00:00,6787.2,6656.51416015625,-130.68583984374982,130.68583984374982,17078.78873566623,1.9254750094847628,28.6,3.1,3720.5,3832.4,0.49259224933469264,30.9,948.0
52,24,transformer,loso,Layla - TVTC,22.27948,46.73319,01-05-2018 00:00,7406.8,7354.0166015625,-52.78339843750018,52.78339843750018,2786.0871506118965,0.7126343149200759,33.3,2.8,3444.5,5047.0,0.40564093505269977,17.9,946.1
53,24,transformer,loso,Layla - TVTC,22.27948,46.73319,01-06-2018 00:00,7584.6,7450.7353515625,-133.86464843750036,133.86464843750036,17919.744101295568,1.7649533058763858,37.8,2.6,3746.8,4811.7,0.4377869953847053,12.2,941.7
54,24,transformer,loso,Layla - TVTC,22.27948,46.73319,01-07-2018 00:00,7466.0,7429.6337890625,-36.3662109375,36.3662109375,1322.5012979507446,0.4870909581770694,38.9,2.7,3551.7,4934.3,0.41853641291539,10.9,939.0
55,24,transformer,loso,Layla - TVTC,22.27948,46.73319,01-08-2018 00:00,7273.2,7316.95458984375,43.75458984375018,43.75458984375018,1914.4641323948065,0.6015865072285952,38.0,2.8,3072.9,5420.4,0.36180283282116493,13.1,940.5
56,24,transformer,loso,Layla - TVTC,22.27948,46.73319,01-09-2018 00:00,6883.2,6872.61279296875,-10.587207031249818,10.587207031249818,112.08895272254559,0.15381228253210452,36.0,2.4,2311.1,6303.5,0.2682771109511759,14.7,945.1
57,24,transformer,loso,Layla - TVTC,22.27948,46.73319,01-10-2018 00:00,5925.0,5955.8388671875,30.8388671875,30.8388671875,951.0357294082642,0.5204872099156118,29.4,2.3,1934.9,6075.4,0.24155150244060775,29.1,951.2
58,24,transformer,loso,Layla - TVTC,22.27948,46.73319,01-11-2018 00:00,4780.8,4795.6474609375,14.847460937499818,14.847460937499818,220.44709629058298,0.31056436030580276,23.6,2.7,1932.0,4908.4,0.28243962341383544,41.1,953.2
59,24,transformer,loso,Layla - TVTC,22.27948,46.73319,01-12-2018 00:00,4692.0,4715.111328125,23.111328125,23.111328125,534.133487701416,0.4925688006180733,19.0,2.2,1472.6,6052.0,0.19570475507003693,45.1,955.5
60,24,transformer,loso,Layla - TVTC,22.27948,46.73319,01-01-2019 00:00,4759.5,4910.154296875,150.654296875,150.654296875,22696.717166900635,3.165338730433869,18.4,2.5,2151.3,4667.5,0.31549539508417906,34.2,955.3
61,24,transformer,loso,Layla - TVTC,22.27948,46.73319,01-02-2019 00:00,5422.8,5429.13134765625,6.331347656249818,6.331347656249818,40.08596314430007,0.11675421657169392,19.4,2.8,2465.4,4623.9,0.3477635309551014,32.3,953.5
62,24,transformer,loso,Layla - TVTC,22.27948,46.73319,01-03-2019 00:00,6304.4,6330.01806640625,25.618066406250364,25.618066406250364,656.2853263950534,0.40635217318460704,22.9,2.7,3166.7,4375.8,0.4198475306595956,24.4,950.8
63,24,transformer,loso,Layla - TVTC,22.27948,46.73319,01-04-2019 00:00,6610.5,6566.720703125,-43.779296875,43.779296875,1916.6268348693848,0.6622690700400877,27.4,2.4,3325.2,4240.9,0.4394866575910971,33.1,949.0
64,24,transformer,loso,Layla - TVTC,22.27948,46.73319,01-05-2019 00:00,6704.8,6735.716796875,30.916796874999818,30.916796874999818,955.8483290099986,0.46111437887781614,33.6,2.4,3436.5,4137.9,0.4536993029150824,20.8,947.0
65,24,transformer,loso,Layla - TVTC,22.27948,46.73319,01-06-2019 00:00,7413.6,7433.36767578125,19.767675781249636,19.767675781249636,390.76100579260344,0.2666407114121295,38.1,2.4,2893.3,5815.2,0.33223861744272837,11.8,942.6
66,24,transformer,loso,Layla - TVTC,22.27948,46.73319,01-07-2019 00:00,7562.4,7549.134765625,-13.265234374999636,13.265234374999636,175.96644302367199,0.1754103773272987,38.7,2.7,3026.4,5803.0,0.3427639477201169,11.6,939.5
67,24,transformer,loso,Layla - TVTC,22.27948,46.73319,01-08-2019 00:00,7529.1,7565.18896484375,36.088964843749636,36.088964843749636,1302.4133834933973,0.4793264114402735,38.0,2.3,2532.8,6574.1,0.27811878905006093,12.1,941.0
68,24,transformer,loso,Layla - TVTC,22.27948,46.73319,01-09-2019 00:00,6903.7,6813.78955078125,-89.91044921874982,89.91044921874982,8083.88887871739,1.3023516262113044,35.5,2.4,2127.3,6621.3,0.24315890542486798,16.9,944.7
69,24,transformer,loso,Layla - TVTC,22.27948,46.73319,01-10-2019 00:00,6062.9,6081.86572265625,18.965722656250364,18.965722656250364,359.69863587380837,0.31281602296343936,30.9,2.0,1746.7,6659.7,0.2077821659687857,21.8,949.6
70,24,transformer,loso,Layla - TVTC,22.27948,46.73319,01-11-2019 00:00,4899.4,4880.87890625,-18.521093749999636,18.521093749999636,343.0309136962756,0.37802779421969296,22.7,2.0,1723.7,5485.0,0.23911384854412032,41.9,953.3
71,24,transformer,loso,Layla - TVTC,22.27948,46.73319,01-12-2019 00:00,4472.2,4444.57861328125,-27.621386718749818,27.621386718749818,762.9410042667289,0.6176241384273919,18.8,2.3,1374.2,5895.9,0.18902078375813264,43.1,954.4
72,24,transformer,loso,Layla - TVTC,22.27948,46.73319,01-01-2020 00:00,5040.7,4970.35546875,-70.34453124999982,70.34453124999982,4948.353076782201,1.395531002638519,16.3,2.4,1473.9,6498.5,0.18487531985349456,35.5,955.1
73,24,transformer,loso,Layla - TVTC,22.27948,46.73319,01-02-2020 00:00,5617.1,5670.033203125,52.933203124999636,52.933203124999636,2801.923993072471,0.9423582119777044,19.8,2.6,2383.7,5143.7,0.3166697664532242,25.9,954.4
74,24,transformer,loso,Layla - TVTC,22.27948,46.73319,01-03-2020 00:00,6578.6,6614.13134765625,35.531347656249636,35.531347656249636,1262.4766662692766,0.5401050019190958,24.3,2.6,3107.7,4811.8,0.392411137066734,23.7,949.9
75,24,transformer,loso,Layla - TVTC,22.27948,46.73319,01-04-2020 00:00,6680.1,6730.13037109375,50.030371093749636,50.030371093749636,2503.0380317782992,0.7489464393309926,29.2,2.7,3371.3,4290.1,0.44003706894301303,34.9,948.0
76,24,transformer,loso,Layla - TVTC,22.27948,46.73319,01-05-2020 00:00,7397.1,7378.4619140625,-18.638085937500364,18.638085937500364,347.3782474136488,0.25196476913250276,34.1,2.6,3319.9,5199.9,0.38966877156740776,16.1,946.8
77,24,transformer,loso,Layla - TVTC,22.27948,46.73319,01-09-2020 00:00,7018.5,7060.5400390625,42.0400390625,42.0400390625,1767.3648843765259,0.5989889443969509,35.0,2.2,2071.4,6883.4,0.23131728235136467,14.4,944.7
78,24,transformer,loso,Layla - TVTC,22.27948,46.73319,01-10-2020 00:00,6364.6,6302.029296875,-62.570703125000364,62.570703125000364,3915.0928895569305,0.983105036058831,28.0,2.2,1289.4,8065.7,0.1378285640987269,17.0,950.6
79,24,transformer,loso,Layla - TVTC,22.27948,46.73319,01-11-2020 00:00,5140.4,5056.72265625,-83.67734374999964,83.67734374999964,7001.897857055603,1.627837206248534,23.2,2.0,1265.0,6865.6,0.1555850736722997,34.8,953.5
80,24,transformer,loso,Layla - TVTC,22.27948,46.73319,01-12-2020 00:00,4621.5,4589.42919921875,-32.07080078125,32.07080078125,1028.5362627506256,0.6939478693335497,18.0,2.3,1407.7,6100.6,0.1874858489937802,44.0,955.6
81,24,transformer,loso,Layla - TVTC,22.27948,46.73319,01-01-2021 00:00,4847.6,4778.53759765625,-69.06240234375036,69.06240234375036,4769.615417490056,1.4246720509891568,17.1,2.1,1504.9,6045.3,0.19931922333183227,36.7,955.8
82,24,transformer,loso,Layla - TVTC,22.27948,46.73319,01-02-2021 00:00,5678.9,5600.2607421875,-78.63925781249964,78.63925781249964,6184.132869300785,1.3847621513409225,19.6,2.6,1881.4,6161.0,0.23393514373818763,31.9,953.9
83,24,transformer,loso,Layla - TVTC,22.27948,46.73319,01-03-2021 00:00,6715.8,6842.6728515625,126.87285156249982,126.87285156249982,16096.720463600113,1.889169593533158,25.6,2.7,2776.8,5583.3,0.3321491369720458,18.4,950.8
84,24,transformer,loso,Layla - TVTC,22.27948,46.73319,01-04-2021 00:00,7200.0,7217.9765625,17.9765625,17.9765625,323.15679931640625,0.24967447916666666,29.8,2.3,2991.0,5516.0,0.35159280592453274,15.4,949.1
85,24,transformer,loso,Layla - TVTC,22.27948,46.73319,01-05-2021 00:00,7908.5,7799.537109375,-108.962890625,108.962890625,11872.911533355713,1.3777946592274135,35.3,2.1,2868.5,6453.2,0.30772284025446,11.3,944.8
86,24,transformer,loso,Layla - TVTC,22.27948,46.73319,01-07-2021 00:00,7298.5,7358.3447265625,59.8447265625,59.8447265625,3581.391297340393,0.8199592596081386,37.9,2.4,3041.2,5476.1,0.35706151010296694,22.0,938.4
87,24,transformer,loso,Layla - TVTC,22.27948,46.73319,01-08-2021 00:00,7328.8,7376.02001953125,47.22001953124982,47.22001953124982,2229.7302445316145,0.6443076565228935,38.3,2.5,2865.8,5796.8,0.3308244637868538,14.4,941.1
88,24,transformer,loso,Layla - TVTC,22.27948,46.73319,01-09-2021 00:00,7008.4,7068.03076171875,59.630761718750364,59.630761718750364,3555.827743158384,0.8508470081438041,34.3,2.5,2223.0,6629.5,0.2511155040948885,14.4,944.2
89,24,transformer,loso,Layla - TVTC,22.27948,46.73319,01-10-2021 00:00,6124.2,6131.42822265625,7.228222656250182,7.228222656250182,52.247202768328435,0.11802721426880543,30.4,2.3,1722.3,6798.2,0.20213602488116894,20.8,950.0
90,24,transformer,loso,Layla - TVTC,22.27948,46.73319,01-11-2021 00:00,5205.4,5183.29443359375,-22.105566406249636,22.105566406249636,488.65606614111243,0.42466604691761706,24.0,1.9,1438.3,6557.9,0.179872939646332,28.4,953.1
91,24,transformer,loso,Layla - TVTC,22.27948,46.73319,01-12-2021 00:00,4724.3,4678.8330078125,-45.46699218750018,45.46699218750018,2067.2473785782026,0.9624069637300803,18.4,1.7,1425.4,6196.0,0.18702600572073375,37.4,955.3
355,25,transformer,loso,Madinah - Taibah University,24.4846,39.5418,01-01-2017 00:00,4222.1,4082.1376953125,-139.96230468750036,139.96230468750036,19589.446733436685,3.3149926502806744,20.8,2.6,1233.5,5525.1,0.1825082117598319,29.3,942.8
356,25,transformer,loso,Madinah - Taibah University,24.4846,39.5418,01-02-2017 00:00,4885.0,4629.5166015625,-255.4833984375,255.4833984375,65271.76687717438,5.229956979273285,19.0,3.4,1754.9,5120.1,0.25525818181818183,26.1,943.0
357,25,transformer,loso,Madinah - Taibah University,24.4846,39.5418,01-03-2017 00:00,5364.2,5298.9677734375,-65.23222656249982,65.23222656249982,4255.243382301307,1.2160662645408415,24.7,2.8,2255.1,4567.7,0.33052412499267164,22.9,938.5
358,25,transformer,loso,Madinah - Taibah University,24.4846,39.5418,01-04-2017 00:00,6008.7,6090.17578125,81.47578125000018,81.47578125000018,6638.302930297881,1.3559635403664716,31.1,3.3,2710.5,4359.3,0.3833913264873122,14.2,938.7
359,25,transformer,loso,Madinah - Taibah University,24.4846,39.5418,01-05-2017 00:00,6402.0,6489.05224609375,87.05224609375,87.05224609375,7578.093549966812,1.3597664182091533,33.5,3.2,2688.4,4873.5,0.3555191155661937,16.9,937.3
360,25,transformer,loso,Madinah - Taibah University,24.4846,39.5418,01-09-2017 00:00,6414.2,6400.63720703125,-13.562792968749818,13.562792968749818,183.9493531131695,0.211449486588348,36.7,2.7,2421.1,5438.2,0.30805542478337766,10.7,936.4
361,25,transformer,loso,Madinah - Taibah University,24.4846,39.5418,01-10-2017 00:00,5871.0,5856.1689453125,-14.8310546875,14.8310546875,219.96018314361572,0.2526154775591892,32.0,2.2,1478.9,6881.4,0.17689556594859038,14.9,939.1
362,25,transformer,loso,Madinah - Taibah University,24.4846,39.5418,01-11-2017 00:00,4467.8,4363.4375,-104.36250000000018,104.36250000000018,10891.531406250038,2.3358811943238322,25.8,2.1,1559.4,5081.5,0.23481756990769326,31.9,941.1
363,25,transformer,loso,Madinah - Taibah University,24.4846,39.5418,01-03-2018 00:00,6500.1,6471.8740234375,-28.225976562500364,28.225976562500364,796.7057529068198,0.434239112667503,27.9,2.0,1970.9,6658.6,0.22839098441392897,17.7,939.6
364,25,transformer,loso,Madinah - Taibah University,24.4846,39.5418,01-04-2018 00:00,7350.0,7366.38330078125,16.38330078125,16.38330078125,268.41254448890686,0.22290205144557823,28.9,2.5,2356.2,6789.1,0.25764053666910874,17.9,937.0
365,25,transformer,loso,Madinah - Taibah University,24.4846,39.5418,01-05-2018 00:00,7147.6,7215.31005859375,67.71005859374964,67.71005859374964,4584.652034769009,0.9473118052737931,33.4,2.7,3111.0,5224.7,0.3732140072219489,14.6,936.4
366,25,transformer,loso,Madinah - Taibah University,24.4846,39.5418,01-06-2018 00:00,7666.6,7640.671875,-25.928125000000364,25.928125000000364,672.2676660156438,0.3381958756163144,37.1,2.8,2342.5,7021.4,0.25016285949230554,9.8,934.3
367,25,transformer,loso,Madinah - Taibah University,24.4846,39.5418,01-12-2018 00:00,4058.1,3983.066162109375,-75.03383789062491,75.03383789062491,5630.076828596579,1.8489893765709302,20.6,1.8,1306.6,5278.1,0.19842969307637398,43.9,943.0
368,25,transformer,loso,Madinah - Taibah University,24.4846,39.5418,01-01-2019 00:00,3951.3,3861.544921875,-89.75507812500018,89.75507812500018,8055.974049224887,2.271532865765702,20.2,2.0,1825.2,3850.2,0.32159847764034255,43.2,942.5
369,25,transformer,loso,Madinah - Taibah University,24.4846,39.5418,01-02-2019 00:00,4928.8,4569.56201171875,-359.2379882812502,359.2379882812502,129051.93222435964,7.288548699100191,19.7,2.3,1636.1,5366.0,0.23365847388640548,34.2,942.0
370,25,transformer,loso,Madinah - Taibah University,24.4846,39.5418,01-03-2019 00:00,6546.7,6099.8447265625,-446.8552734374998,446.8552734374998,199679.63539890273,6.825656795599307,22.0,2.5,1678.1,7233.4,0.1883072434494754,23.0,940.4
371,25,transformer,loso,Madinah - Taibah University,24.4846,39.5418,01-04-2019 00:00,6879.1,6840.6865234375,-38.413476562500364,38.413476562500364,1475.5951816177649,0.558408462771298,27.1,2.5,2332.0,6259.7,0.2714247471396813,20.0,938.6
372,25,transformer,loso,Madinah - Taibah University,24.4846,39.5418,01-05-2019 00:00,6784.8,6718.5673828125,-66.23261718750018,66.23261718750018,4386.759579505944,0.9761911506234551,33.7,2.4,2539.7,5503.5,0.31575740998607515,15.4,937.1
373,25,transformer,loso,Madinah - Taibah University,24.4846,39.5418,01-07-2019 00:00,7652.5,7663.4716796875,10.9716796875,10.9716796875,120.3777551651001,0.1433737953283241,36.6,3.0,2073.5,7454.2,0.2176285987174239,12.1,932.9
374,25,transformer,loso,Madinah - Taibah University,24.4846,39.5418,01-11-2019 00:00,4642.0,4626.05322265625,-15.94677734375,15.94677734375,254.2997076511383,0.3435324718601896,25.4,2.0,1378.9,5787.4,0.19241449562535762,31.5,940.6
375,25,transformer,loso,Madinah - Taibah University,24.4846,39.5418,01-09-2020 00:00,6649.2,6554.0087890625,-95.19121093749982,95.19121093749982,9061.366639747584,1.4316190058578449,36.4,2.1,2010.6,6596.9,0.2335869880917804,9.2,936.0
376,25,transformer,loso,Madinah - Taibah University,24.4846,39.5418,01-01-2021 00:00,4856.0,5033.9638671875,177.9638671875,177.9638671875,31671.13802433014,3.6648242831033775,20.3,2.0,1812.8,5565.0,0.24571010328282142,31.5,943.0
377,25,transformer,loso,Madinah - Taibah University,24.4846,39.5418,01-04-2021 00:00,7540.0,7763.501953125,223.501953125,223.501953125,49953.1230506897,2.9642168849469495,29.8,2.6,2805.7,6357.5,0.3061921599441243,15.7,939.1
378,25,transformer,loso,Madinah - Taibah University,24.4846,39.5418,01-10-2021 00:00,5769.9,5802.0185546875,32.118554687500364,32.118554687500364,1031.6015552139515,0.5566570423664252,32.9,1.7,1698.3,6348.0,0.2110659557809179,12.4,939.3
468,26,transformer,loso,Mahd ad Dahab,23.419423,40.743138,01-04-2021 00:00,6614.9,6486.79736328125,-128.10263671874964,128.10263671874964,16410.28553429594,1.9365770717433315,26.5,3.3,2715.3,5076.9,0.3484638484638485,25.5,904.0
469,26,transformer,loso,Mahd ad Dahab,23.419423,40.743138,01-07-2021 00:00,6812.8,7028.6494140625,215.84941406249982,215.84941406249982,46590.96955112449,3.168292244928661,34.7,4.2,3481.0,4221.5,0.4519311911716975,20.9,897.5
470,26,transformer,loso,Mahd ad Dahab,23.419423,40.743138,01-08-2021 00:00,6508.0,6308.63232421875,-199.36767578125,199.36767578125,39747.47014641762,3.063424643227566,34.7,3.3,2185.4,5636.9,0.27938074479373076,19.4,899.4
471,26,transformer,loso,Mahd ad Dahab,23.419423,40.743138,01-09-2021 00:00,6019.7,5958.908203125,-60.79179687499982,60.79179687499982,3695.642567291238,1.0098808391614171,32.8,2.9,2329.5,4973.0,0.31900034234851077,19.1,900.9
472,26,transformer,loso,Mahd ad Dahab,23.419423,40.743138,01-10-2021 00:00,5795.7,5740.32861328125,-55.37138671874982,55.37138671874982,3065.9904671573436,0.9553873857989513,28.6,2.4,1604.5,6522.6,0.1974258960760911,20.4,904.8
473,26,transformer,loso,Mahd ad Dahab,23.419423,40.743138,01-11-2021 00:00,4780.9,4804.7529296875,23.852929687500364,23.852929687500364,568.9622546768362,0.4989213262670285,22.7,2.5,1246.2,6306.3,0.1650049652432969,29.0,905.9
474,26,transformer,loso,Mahd ad Dahab,23.419423,40.743138,01-12-2021 00:00,4056.8,4072.4716796875,15.671679687499818,15.671679687499818,245.6015442275944,0.3863064407291416,18.5,2.6,1470.4,5001.9,0.2271835359918422,40.9,906.8
1320,27,transformer,loso,Majmaah - University,25.85891,45.41889,01-01-2017 00:00,4179.1,4078.0048828125,-101.09511718750036,101.09511718750036,10220.222719154432,2.419064324555535,14.0,3.1,1611.9,4846.9,0.2495664829380071,40.7,936.6
1321,27,transformer,loso,Majmaah - University,25.85891,45.41889,01-02-2017 00:00,4783.2,4634.8203125,-148.37968749999982,148.37968749999982,22016.5316625976,3.102100842532192,12.6,3.3,1949.1,4732.1,0.2917290307130455,39.6,937.0
1322,27,transformer,loso,Majmaah - University,25.85891,45.41889,01-03-2017 00:00,4958.5,4971.6796875,13.1796875,13.1796875,173.70416259765625,0.2657998890793587,20.4,4.2,2868.3,3001.6,0.488645462443994,40.8,932.1
1323,27,transformer,loso,Majmaah - University,25.85891,45.41889,01-04-2017 00:00,6331.3,6282.89599609375,-48.40400390625018,48.40400390625018,2342.947594156283,0.7645191967881823,27.1,3.7,3386.2,3876.1,0.4662710160692894,25.8,932.5
1324,27,transformer,loso,Majmaah - University,25.85891,45.41889,01-05-2017 00:00,6955.8,6844.47900390625,-111.32099609375018,111.32099609375018,12392.364171304744,1.6004053609038524,32.4,3.3,3634.7,4113.2,0.4691206649543747,19.4,929.8
1325,27,transformer,loso,Majmaah - University,25.85891,45.41889,01-06-2017 00:00,7907.4,8029.3251953125,121.92519531250036,121.92519531250036,14865.75325199136,1.5419125795141309,34.9,3.0,2535.3,7085.1,0.2635337408007983,10.0,926.7
1326,27,transformer,loso,Majmaah - University,25.85891,45.41889,01-09-2017 00:00,6766.3,6813.2841796875,46.98417968749982,46.98417968749982,2207.5131409072706,0.694385109845851,32.7,2.5,2161.9,6542.7,0.24836293454035796,10.3,929.3
1327,27,transformer,loso,Majmaah - University,25.85891,45.41889,01-10-2017 00:00,5844.2,5854.333984375,10.133984375000182,10.133984375000182,102.69763931274782,0.17340242248725543,28.1,2.7,1768.2,6498.1,0.21390464899652806,15.7,932.9
1328,27,transformer,loso,Majmaah - University,25.85891,45.41889,01-11-2017 00:00,4333.5,4242.29736328125,-91.20263671875,91.20263671875,8317.920944452286,2.1045952859986157,20.3,2.8,1633.2,4861.8,0.2514549653579677,34.6,935.5
1329,27,transformer,loso,Majmaah - University,25.85891,45.41889,01-03-2018 00:00,6130.1,6178.419921875,48.319921874999636,48.319921874999636,2334.8148500060684,0.788240352930615,23.7,3.4,2598.0,5142.9,0.3356198891601752,26.2,933.4
1330,27,transformer,loso,Majmaah - University,25.85891,45.41889,01-04-2018 00:00,6129.9,6054.41845703125,-75.48154296874964,75.48154296874964,5697.463328943198,1.2313666286358609,24.4,3.7,3363.6,3562.8,0.48562023562023565,39.6,930.6
1331,27,transformer,loso,Majmaah - University,25.85891,45.41889,01-05-2018 00:00,7065.5,6885.625,-179.875,179.875,32355.015625,2.5458212440733137,30.8,3.7,3902.2,3921.6,0.49876019325647386,21.9,929.4
1332,27,transformer,loso,Majmaah - University,25.85891,45.41889,01-06-2018 00:00,7908.9,7850.66796875,-58.232031249999636,58.232031249999636,3390.969463500934,0.7362848341741537,35.1,3.3,2888.6,6422.5,0.31023187378505224,13.7,926.0
1333,27,transformer,loso,Majmaah - University,25.85891,45.41889,01-07-2018 00:00,7835.9,7893.82470703125,57.924707031250364,57.924707031250364,3355.2716846561852,0.7392221318706258,35.6,3.4,2710.9,6677.0,0.28876532557867046,12.5,923.8
1334,27,transformer,loso,Majmaah - University,25.85891,45.41889,01-08-2018 00:00,7566.4,7593.5908203125,27.190820312500364,27.190820312500364,739.3407092666824,0.35936271294803823,34.7,3.0,2030.7,7539.3,0.21219435736677117,13.9,925.3
1335,27,transformer,loso,Majmaah - University,25.85891,45.41889,01-09-2018 00:00,6466.1,6567.76953125,101.66953124999964,101.66953124999964,10336.693584594652,1.5723470291211028,34.3,2.5,2471.2,5573.8,0.307172156619018,13.8,929.3
1336,27,transformer,loso,Majmaah - University,25.85891,45.41889,01-10-2018 00:00,5257.5,5175.2509765625,-82.2490234375,82.2490234375,6764.901856422424,1.5644131894912032,26.7,2.5,2007.8,5048.0,0.2845602199608832,30.6,934.6
1337,27,transformer,loso,Majmaah - University,25.85891,45.41889,01-11-2018 00:00,3507.4,3508.045654296875,0.645654296874909,0.645654296874909,0.4168694710730332,0.018408345123878345,18.2,3.0,1777.1,3202.3,0.35689038840020887,73.9,936.1
1338,27,transformer,loso,Majmaah - University,25.85891,45.41889,01-12-2018 00:00,3834.7,3770.189697265625,-64.51030273437482,64.51030273437482,4161.579158880687,1.6822776940666757,16.0,2.8,1580.7,4396.7,0.26444608023555394,63.4,937.4
1339,27,transformer,loso,Majmaah - University,25.85891,45.41889,01-01-2019 00:00,3751.2,3909.953857421875,158.75385742187518,158.75385742187518,25202.787246325075,4.232081931698528,15.9,3.4,2300.2,2693.9,0.4605834885164493,45.9,936.6
1340,27,transformer,loso,Majmaah - University,25.85891,45.41889,01-02-2019 00:00,4669.5,4550.15869140625,-119.34130859375,119.34130859375,14242.347936868668,2.5557620429114465,15.1,3.1,1931.1,4659.4,0.29301266975191564,50.2,935.6
1341,27,transformer,loso,Majmaah - University,25.85891,45.41889,01-03-2019 00:00,6289.7,6274.03125,-15.668749999999818,15.668749999999818,245.5097265624943,0.24911760497320729,18.6,3.7,2521.7,5628.1,0.3094186360401482,34.0,933.0
1342,27,transformer,loso,Majmaah - University,25.85891,45.41889,01-04-2019 00:00,6665.8,6399.42041015625,-266.3795898437502,266.3795898437502,70958.08588532457,3.9962133553924537,22.9,3.5,2687.9,5345.6,0.3345864193688928,37.5,931.8
1343,27,transformer,loso,Majmaah - University,25.85891,45.41889,01-05-2019 00:00,7049.7,7044.57958984375,-5.120410156249818,5.120410156249818,26.21860016822629,0.07263302206121988,31.1,3.2,3170.8,4996.2,0.3882453777396841,23.5,930.0
1344,27,transformer,loso,Majmaah - University,25.85891,45.41889,01-06-2019 00:00,7681.9,7759.169921875,77.26992187500036,77.26992187500036,5970.64082656866,1.0058699263854043,35.7,2.7,2665.1,6546.3,0.2893262696224244,12.5,926.9
1345,27,transformer,loso,Majmaah - University,25.85891,45.41889,01-07-2019 00:00,7979.4,8024.580078125,45.180078125000364,45.180078125000364,2041.2394593811364,0.5662089646464692,35.7,3.0,2278.9,7614.0,0.23035712480667955,12.5,924.1
1346,27,transformer,loso,Majmaah - University,25.85891,45.41889,01-08-2019 00:00,7647.6,7695.40380859375,47.803808593749636,47.803808593749636,2285.2041160678514,0.6250824911573517,35.2,3.3,2120.6,7502.3,0.2203701586839726,12.7,925.4
1347,27,transformer,loso,Majmaah - University,25.85891,45.41889,01-09-2019 00:00,6796.3,6859.22900390625,62.92900390624982,62.92900390624982,3960.059532632805,0.9259303430726987,33.4,2.3,2047.6,6776.3,0.23205158716667235,15.0,928.7
1348,27,transformer,loso,Majmaah - University,25.85891,45.41889,01-10-2019 00:00,5595.0,5574.19384765625,-20.80615234375,20.80615234375,432.8959753513336,0.37187046190795353,29.0,2.5,1924.1,5750.9,0.25069706840390876,26.0,932.5
1349,27,transformer,loso,Majmaah - University,25.85891,45.41889,01-11-2019 00:00,3986.5,3910.76806640625,-75.73193359375,75.73193359375,5735.32576584816,1.899709860623354,20.0,2.6,1744.2,4032.4,0.301942319011183,49.9,935.5
1350,27,transformer,loso,Majmaah - University,25.85891,45.41889,01-12-2019 00:00,4336.2,4243.6279296875,-92.57207031249982,92.57207031249982,8569.58820194241,2.1348662495387623,16.1,2.8,1230.7,6304.0,0.1633376245902292,45.6,936.0
1351,27,transformer,loso,Majmaah - University,25.85891,45.41889,01-01-2020 00:00,4748.2,4628.82861328125,-119.37138671874982,119.37138671874982,14249.52796715732,2.5140345124204924,12.9,2.7,1206.0,6848.5,0.14972996461605315,40.3,936.7
1352,27,transformer,loso,Majmaah - University,25.85891,45.41889,01-02-2020 00:00,5303.0,5404.73779296875,101.73779296875,101.73779296875,10350.578518152237,1.9184950588110503,17.0,2.7,2049.9,5507.8,0.27123331172182014,31.2,936.0
1353,27,transformer,loso,Majmaah - University,25.85891,45.41889,01-03-2020 00:00,6373.3,6413.7958984375,40.49589843749982,40.49589843749982,1639.9177902603003,0.6353992192035495,20.6,2.9,2846.5,5154.7,0.35575913612958054,26.9,932.4
1354,27,transformer,loso,Majmaah - University,25.85891,45.41889,01-04-2020 00:00,7018.7,6911.875,-106.82499999999982,106.82499999999982,11411.58062499996,1.5220054995939394,25.8,3.6,3119.7,5160.7,0.3767571614897831,31.5,930.7
1355,27,transformer,loso,Majmaah - University,25.85891,45.41889,01-05-2020 00:00,7073.8,7018.193359375,-55.60664062500018,55.60664062500018,3092.0984815979205,0.7860929150527324,30.8,2.6,3267.9,4921.1,0.39905971425082426,17.8,930.6
1356,27,transformer,loso,Majmaah - University,25.85891,45.41889,01-09-2020 00:00,6787.4,6932.36328125,144.96328125000036,144.96328125000036,21014.352910766705,2.1357704165070626,32.8,1.8,2086.8,6745.1,0.23627984918307496,13.6,928.9
1357,27,transformer,loso,Majmaah - University,25.85891,45.41889,01-10-2020 00:00,6164.0,6207.3505859375,43.3505859375,43.3505859375,1879.2733011245728,0.7032865985966905,25.4,1.5,1186.7,8279.5,0.1253618136105301,16.4,934.1
1358,27,transformer,loso,Majmaah - University,25.85891,45.41889,01-11-2020 00:00,4415.4,4542.65283203125,127.25283203125036,127.25283203125036,16193.28325997362,2.8820227393044884,21.3,2.4,1622.1,5097.0,0.24141626110639816,39.5,935.3
1359,27,transformer,loso,Majmaah - University,25.85891,45.41889,01-12-2020 00:00,3855.8,3824.454345703125,-31.345654296875182,31.345654296875182,982.5500432992095,0.8129481377891795,15.0,2.1,1507.5,4625.1,0.24581743469327852,58.6,937.6
1360,27,transformer,loso,Majmaah - University,25.85891,45.41889,01-01-2021 00:00,4355.3,4317.390625,-37.90937500000018,37.90937500000018,1437.1207128906387,0.8704193740959333,14.5,2.0,1537.6,5340.9,0.22353710838118773,46.1,937.7
1361,27,transformer,loso,Majmaah - University,25.85891,45.41889,01-02-2021 00:00,4928.3,4973.41650390625,45.11650390624982,45.11650390624982,2035.4989247226551,0.91545774214739,16.1,2.5,1963.9,5057.5,0.27970205372148005,44.0,936.1
1362,27,transformer,loso,Majmaah - University,25.85891,45.41889,01-03-2021 00:00,6328.4,6367.69189453125,39.291894531250364,39.291894531250364,1543.8529758549023,0.6208819690798679,22.7,2.9,2965.9,4796.5,0.3820854374935587,23.9,933.2
1363,27,transformer,loso,Majmaah - University,25.85891,45.41889,01-04-2021 00:00,6740.4,6752.7734375,12.373437500000364,12.373437500000364,153.10195556641526,0.18357126431666318,26.8,2.2,3155.4,4764.8,0.39839903032751695,19.4,932.5
1364,27,transformer,loso,Majmaah - University,25.85891,45.41889,01-05-2021 00:00,7892.9,7946.0390625,53.139062500000364,53.139062500000364,2823.759963378945,0.6732514348338426,32.7,2.1,2866.7,6559.5,0.3041204302900426,12.9,928.5
1365,27,transformer,loso,Majmaah - University,25.85891,45.41889,01-07-2021 00:00,7874.2,7982.19775390625,107.99775390625018,107.99775390625018,11663.514848794977,1.3715393805878715,37.4,2.2,2531.9,7053.2,0.2641495654714088,13.9,922.9
1366,27,transformer,loso,Majmaah - University,25.85891,45.41889,01-08-2021 00:00,7591.7,7651.98974609375,60.28974609375018,60.28974609375018,3634.8534840488655,0.7941534319552958,35.9,2.0,2223.4,7254.2,0.23459525618299992,12.5,925.6
1367,27,transformer,loso,Majmaah - University,25.85891,45.41889,01-09-2021 00:00,6960.1,7064.28125,104.18124999999964,104.18124999999964,10853.732851562425,1.4968355339722077,31.9,1.8,1863.0,7363.6,0.20191619881646544,15.6,928.5
1368,27,transformer,loso,Majmaah - University,25.85891,45.41889,01-10-2021 00:00,5851.7,5850.23486328125,-1.465136718749818,1.465136718749818,2.1466256046289836,0.025037796174612815,28.6,1.8,1752.6,6505.0,0.21224084479751984,18.9,933.2
1369,27,transformer,loso,Majmaah - University,25.85891,45.41889,01-11-2021 00:00,4731.8,4699.318359375,-32.48164062500018,32.48164062500018,1055.0569776916623,0.6864542166828729,21.1,1.4,1544.8,5806.2,0.21014827914569445,31.7,935.6
1370,27,transformer,loso,Majmaah - University,25.85891,45.41889,01-12-2021 00:00,3769.1,3777.5712890625,8.471289062500091,8.471289062500091,71.76273838043367,0.22475628299859626,16.0,1.7,1762.6,3957.5,0.3081414660582857,39.9,937.0
883,28,transformer,loso,Makkah - UQU,21.331,39.949,01-01-2017 00:00,4250.1,4131.15966796875,-118.94033203125036,118.94033203125036,14146.80258370408,2.7985302000247136,25.2,2.2,1664.4,4531.1,0.26864659833750304,50.6,979.9
884,28,transformer,loso,Makkah - UQU,21.331,39.949,01-03-2018 00:00,6678.2,6568.203125,-109.99687499999982,109.99687499999982,12099.312509765585,1.6471036357102187,29.5,2.4,2243.4,6226.5,0.2648673538058301,31.1,976.4
885,28,transformer,loso,Makkah - UQU,21.331,39.949,01-04-2018 00:00,6886.4,6919.484375,33.084375000000364,33.084375000000364,1094.575869140649,0.48043063138941056,30.8,2.6,2751.8,5487.3,0.3339927904746878,31.7,974.3
886,28,transformer,loso,Makkah - UQU,21.331,39.949,01-05-2018 00:00,7479.2,7516.18017578125,36.98017578125018,36.98017578125018,1367.5334008121624,0.49444025806570463,35.1,2.9,3080.4,5602.1,0.3547826086956522,21.8,972.7
887,28,transformer,loso,Makkah - UQU,21.331,39.949,01-06-2018 00:00,7310.5,7363.61962890625,53.11962890625,53.11962890625,2821.6949751377106,0.7266210095923671,36.7,2.7,3313.7,5070.5,0.39523150688199227,21.8,970.5
888,28,transformer,loso,Makkah - UQU,21.331,39.949,01-07-2018 00:00,7288.7,7324.154296875,35.45429687500018,35.45429687500018,1257.0071669006477,0.486428263956538,36.3,2.7,3111.1,5304.7,0.3696737089759738,21.9,970.7
889,28,transformer,loso,Makkah - UQU,21.331,39.949,01-08-2018 00:00,6950.1,6882.94189453125,-67.15810546875036,67.15810546875036,4510.211130151797,0.9662897723593957,36.0,2.8,2721.4,5482.6,0.3317162359824476,24.3,971.0
890,28,transformer,loso,Makkah - UQU,21.331,39.949,01-02-2020 00:00,3893.2,3717.294189453125,-175.90581054687482,175.90581054687482,30942.854184153017,4.51828343128724,24.2,2.4,1823.6,3176.5,0.36471270574588505,44.3,979.7
891,28,transformer,loso,Makkah - UQU,21.331,39.949,01-03-2020 00:00,5865.7,5799.5830078125,-66.11699218749982,66.11699218749982,4371.456655921912,1.1271799135226797,27.3,2.4,2373.9,4809.8,0.33045645001879254,33.4,976.3
892,28,transformer,loso,Makkah - UQU,21.331,39.949,01-04-2020 00:00,6403.0,6147.3369140625,-255.6630859375,255.6630859375,65363.61351108551,3.992864062744026,30.5,2.4,2255.5,5559.8,0.28860056555730423,29.6,975.3
893,28,transformer,loso,Makkah - UQU,21.331,39.949,01-05-2020 00:00,6591.3,6582.68505859375,-8.614941406250182,8.614941406250182,74.21721543312387,0.13070170385584304,34.8,2.4,2609.2,5162.5,0.33573092116267994,23.1,973.9
894,28,transformer,loso,Makkah - UQU,21.331,39.949,01-10-2020 00:00,5902.6,5764.26513671875,-138.33486328125036,138.33486328125036,19136.53439904223,2.3436259153805166,32.4,1.6,1686.9,6382.7,0.20904381877664321,29.7,975.5
895,28,transformer,loso,Makkah - UQU,21.331,39.949,01-11-2020 00:00,4337.1,4232.88134765625,-104.21865234375036,104.21865234375036,10861.527496347504,2.402957099069663,28.2,1.4,1719.9,4421.1,0.2800683927699072,48.5,977.9
896,28,transformer,loso,Makkah - UQU,21.331,39.949,01-12-2020 00:00,4176.4,4214.6708984375,38.270898437500364,38.270898437500364,1464.6616672134678,0.9163609433363751,26.2,1.5,1694.1,4523.4,0.27247285886610373,44.5,979.0
897,28,transformer,loso,Makkah - UQU,21.331,39.949,01-01-2021 00:00,4565.6,4486.37548828125,-79.22451171875036,79.22451171875036,6276.523257074414,1.7352486358583836,25.0,1.7,1817.5,4750.3,0.2767288894302506,46.3,979.2
898,28,transformer,loso,Makkah - UQU,21.331,39.949,01-02-2021 00:00,4889.0,4936.69140625,47.69140625,47.69140625,2274.470230102539,0.9754838668439354,24.5,1.9,1934.3,4678.4,0.2925128918596035,43.5,978.6
899,28,transformer,loso,Makkah - UQU,21.331,39.949,01-03-2021 00:00,6393.8,6319.98876953125,-73.81123046875018,73.81123046875018,5448.097743310956,1.1544188193054237,29.1,1.8,2538.4,5233.3,0.3266209452243396,33.2,976.3
900,28,transformer,loso,Makkah - UQU,21.331,39.949,01-05-2021 00:00,7485.0,6542.37890625,-942.62109375,942.62109375,888534.5263824463,12.593468186372744,34.6,2.0,2709.8,5090.8,0.34738353459990257,26.3,972.9
901,28,transformer,loso,Makkah - UQU,21.331,39.949,01-07-2021 00:00,6611.6,6658.9931640625,47.393164062499636,47.393164062499636,2246.111999855007,0.7168183807625935,35.7,2.4,3277.3,4124.0,0.4428005890857012,25.6,969.5
902,28,transformer,loso,Makkah - UQU,21.331,39.949,01-09-2021 00:00,5954.7,6067.48583984375,112.78583984375018,112.78583984375018,12720.645669260066,1.894064181969708,34.9,2.1,2873.8,4043.6,0.4154451094341805,34.2,971.5
903,28,transformer,loso,Makkah - UQU,21.331,39.949,01-10-2021 00:00,5698.0,5688.2060546875,-9.7939453125,9.7939453125,95.92136478424072,0.17188391211828713,33.1,1.8,1969.6,5525.6,0.26278151350197454,33.1,975.3
904,28,transformer,loso,Makkah - UQU,21.331,39.949,01-11-2021 00:00,4622.3,4899.36474609375,277.0647460937498,277.0647460937498,76764.87352799406,5.994088356310707,28.7,1.5,2303.9,3887.6,0.37210692077848667,43.1,977.6
905,28,transformer,loso,Makkah - UQU,21.331,39.949,01-12-2021 00:00,4094.5,4010.2421875,-84.2578125,84.2578125,7099.378967285156,2.0578291000122118,25.9,1.8,1703.2,4285.1,0.28442128817861495,47.7,979.4
1164,29,transformer,loso,Najran - University,17.63228,44.53735,01-01-2017 00:00,5782.0,5987.8134765625,205.8134765625,205.8134765625,42359.18713474274,3.5595551117692836,20.0,1.7,1286.2,7774.0,0.14196154610273504,25.2,885.4
1165,29,transformer,loso,Najran - University,17.63228,44.53735,01-02-2017 00:00,5517.5,5621.326171875,103.826171875,103.826171875,10779.873966217041,1.8817611576801088,19.3,2.2,2425.5,4577.2,0.34636640153083814,33.4,884.7
1166,29,transformer,loso,Najran - University,17.63228,44.53735,01-03-2017 00:00,6515.7,6557.63720703125,41.93720703125018,41.93720703125018,1758.7293335819397,0.6436331788027408,26.1,2.2,2536.9,5407.0,0.31935195558856483,29.7,881.4
1167,29,transformer,loso,Najran - University,17.63228,44.53735,01-04-2017 00:00,7486.0,7588.91845703125,102.91845703125,102.91845703125,10592.208797693253,1.3748124102491317,28.2,2.2,2597.4,6505.3,0.2853439089500917,15.8,882.4
1168,29,transformer,loso,Najran - University,17.63228,44.53735,01-05-2017 00:00,7278.9,7302.67431640625,23.774316406250364,23.774316406250364,565.2181205845052,0.3266196321731356,31.1,2.3,3150.9,5212.9,0.37673067266075233,21.0,880.9
1169,29,transformer,loso,Najran - University,17.63228,44.53735,01-06-2017 00:00,7522.5,7527.94091796875,5.44091796875,5.44091796875,29.603588342666626,0.07232858715520106,33.5,2.1,3465.6,5206.2,0.3996402131045458,10.1,878.2
1170,29,transformer,loso,Najran - University,17.63228,44.53735,01-09-2017 00:00,7352.4,7377.24609375,24.846093750000364,24.846093750000364,617.3283746338071,0.33793174677656773,30.8,2.2,2186.3,7026.5,0.23731113233761728,13.5,879.8
1171,29,transformer,loso,Najran - University,17.63228,44.53735,01-10-2017 00:00,6898.2,6975.6611328125,77.46113281250018,77.46113281250018,6000.227096595792,1.1229180483676928,25.9,1.9,1430.4,8301.3,0.14698356916057834,18.0,883.4
1172,29,transformer,loso,Najran - University,17.63228,44.53735,01-11-2017 00:00,5964.5,6192.69921875,228.19921875,228.19921875,52074.88343811035,3.8259572260876853,21.3,1.8,1290.5,7865.8,0.14094120987735223,30.8,885.0
1173,29,transformer,loso,Najran - University,17.63228,44.53735,01-03-2018 00:00,7078.5,7079.2890625,0.7890625,0.7890625,0.62261962890625,0.01114731228367592,24.3,2.2,1944.5,7299.1,0.21036176381496385,21.3,883.1
1174,29,transformer,loso,Najran - University,17.63228,44.53735,01-04-2018 00:00,6781.6,6705.6103515625,-75.98964843750036,75.98964843750036,5774.426669654901,1.1205268437758105,26.8,2.0,3338.2,4304.0,0.43681138939048963,35.7,881.1
1175,29,transformer,loso,Najran - University,17.63228,44.53735,01-05-2018 00:00,8046.4,8015.89697265625,-30.503027343749636,30.503027343749636,930.434677133538,0.3790891248726093,30.4,2.4,3251.0,6126.8,0.3466697946213398,20.4,880.1
1176,29,transformer,loso,Najran - University,17.63228,44.53735,01-06-2018 00:00,7486.6,7357.93408203125,-128.66591796875036,128.66591796875036,16554.918446741198,1.7186161671352864,33.5,2.5,4190.2,4106.1,0.5050685245229801,15.8,877.8
1177,29,transformer,loso,Najran - University,17.63228,44.53735,01-07-2018 00:00,7172.9,7192.98828125,20.088281250000364,20.088281250000364,403.5390435791162,0.2800580134952441,34.5,2.8,4208.9,3609.7,0.5383188806180135,16.3,876.1
1178,29,transformer,loso,Najran - University,17.63228,44.53735,01-08-2018 00:00,7150.9,7167.044921875,16.144921875000364,16.144921875000364,260.6585023498653,0.22577468395587078,33.9,2.6,3639.1,4356.4,0.4551435182290038,17.5,876.5
1179,29,transformer,loso,Najran - University,17.63228,44.53735,01-09-2018 00:00,7522.8,7665.2529296875,142.45292968749982,142.45292968749982,20292.837176551766,1.8936158037898099,31.1,2.3,2429.9,6918.0,0.25994073535232515,15.2,880.1
1180,29,transformer,loso,Najran - University,17.63228,44.53735,01-10-2018 00:00,6618.4,6837.23876953125,218.83876953125036,218.83876953125036,47890.40704995171,3.3065207532220837,25.9,2.1,2020.6,6779.8,0.22960319985455208,32.0,883.9
1181,29,transformer,loso,Najran - University,17.63228,44.53735,01-11-2018 00:00,5677.8,5966.26611328125,288.4661132812498,288.4661132812498,83212.69851159085,5.080596591659618,23.6,1.9,1838.0,6375.2,0.22378610042370817,35.4,884.5
1182,29,transformer,loso,Najran - University,17.63228,44.53735,01-12-2018 00:00,5783.6,6279.8447265625,496.24472656249964,496.24472656249964,246258.82864109002,8.580204830252777,19.9,1.8,1091.4,8418.9,0.11475978675751555,33.9,885.6
1183,29,transformer,loso,Najran - University,17.63228,44.53735,01-01-2019 00:00,5863.7,6276.17431640625,412.4743164062502,412.4743164062502,170135.0616948034,7.034369364160005,20.4,1.8,1886.8,6776.7,0.21778726842500143,31.2,885.6
1184,29,transformer,loso,Najran - University,17.63228,44.53735,01-02-2019 00:00,6352.1,6642.4306640625,290.33066406249964,290.33066406249964,84291.89449497202,4.570624896687703,22.1,2.1,2522.7,5702.1,0.30671870440618615,32.8,884.1
1185,29,transformer,loso,Najran - University,17.63228,44.53735,01-03-2019 00:00,7040.3,7140.3251953125,100.02519531249982,100.02519531249982,10005.039697303735,1.4207518900117866,25.2,2.3,3158.5,5215.9,0.3771613488727551,24.2,882.3
1186,29,transformer,loso,Najran - University,17.63228,44.53735,01-04-2019 00:00,6897.5,6849.2470703125,-48.2529296875,48.2529296875,2328.345223426819,0.6995712894164553,27.7,2.2,3202.8,4689.7,0.4058029775102946,30.3,881.6
1187,29,transformer,loso,Najran - University,17.63228,44.53735,01-05-2019 00:00,7130.1,7173.45263671875,43.352636718749636,43.352636718749636,1879.4511104678793,0.6080228428598425,29.3,2.2,2986.3,5303.9,0.36022050131480543,30.6,881.5
1188,29,transformer,loso,Najran - University,17.63228,44.53735,01-06-2019 00:00,7670.6,7751.63232421875,81.03232421874964,81.03232421874964,6566.2375682925585,1.0564013795367981,33.6,2.3,3098.2,5848.0,0.3463146363819275,14.8,878.4
1189,29,transformer,loso,Najran - University,17.63228,44.53735,01-07-2019 00:00,7272.5,7314.19482421875,41.69482421875,41.69482421875,1738.4583666324615,0.5733217493124786,34.9,2.8,3849.4,4295.5,0.4726147650677111,13.7,876.0
1190,29,transformer,loso,Najran - University,17.63228,44.53735,01-08-2019 00:00,7070.3,7184.35302734375,114.05302734374982,114.05302734374982,13008.093046274143,1.6131285425476969,33.4,2.7,3201.5,4958.3,0.39235030270349763,18.6,877.5
1191,29,transformer,loso,Najran - University,17.63228,44.53735,01-09-2019 00:00,7108.8,7292.06494140625,183.26494140624982,183.26494140624982,33586.03874863618,2.5780010888792737,31.5,2.3,2532.0,6208.4,0.28968925907281134,19.3,879.5
1192,29,transformer,loso,Najran - University,17.63228,44.53735,01-10-2019 00:00,6696.1,6862.82666015625,166.72666015624964,166.72666015624964,27797.779206857558,2.4899069631016504,27.0,2.1,1835.1,7261.1,0.20174358523339414,22.2,882.8
1193,29,transformer,loso,Najran - University,17.63228,44.53735,01-11-2019 00:00,5674.1,5870.41796875,196.31796874999964,196.31796874999964,38540.744854125835,3.4598961729613444,22.0,2.0,1644.5,6569.2,0.20021427614838622,37.5,884.5
1194,29,transformer,loso,Najran - University,17.63228,44.53735,01-12-2019 00:00,5493.6,5743.45068359375,249.85068359374964,249.85068359374964,62425.364092264,4.5480319570727685,20.0,1.8,1343.5,7390.3,0.15382765806407292,38.2,885.0
1195,29,transformer,loso,Najran - University,17.63228,44.53735,01-01-2020 00:00,5907.3,6214.52001953125,307.2200195312498,307.2200195312498,94384.14040078151,5.200684230210922,18.5,1.9,1569.5,7353.5,0.1758937577048078,33.1,885.3
1196,29,transformer,loso,Najran - University,17.63228,44.53735,01-02-2020 00:00,6317.6,6447.1591796875,129.55917968749964,129.55917968749964,16785.581041297817,2.0507657921916493,22.0,2.1,2253.5,6185.2,0.2670435019612025,27.4,884.9
1197,29,transformer,loso,Najran - University,17.63228,44.53735,01-03-2020 00:00,7091.8,7162.9130859375,71.11308593749982,71.11308593749982,5057.070991554235,1.0027508663174345,24.9,2.2,3119.6,5320.5,0.3696164737384628,26.0,882.0
1198,29,transformer,loso,Najran - University,17.63228,44.53735,01-04-2020 00:00,7092.1,7123.76171875,31.661718749999636,31.661718749999636,1002.4644342040785,0.44643643984150866,28.3,1.8,2923.7,5397.4,0.35135979618079344,35.2,881.0
1199,29,transformer,loso,Najran - University,17.63228,44.53735,01-05-2020 00:00,7241.7,7327.9150390625,86.21503906250018,86.21503906250018,7433.032960548432,1.190535910939423,33.6,2.2,3215.9,5163.0,0.38380933058038647,23.9,881.1
1200,29,transformer,loso,Najran - University,17.63228,44.53735,01-09-2020 00:00,7666.8,7946.94677734375,280.1467773437498,280.1467773437498,78482.21685608853,3.6540248518775735,30.5,2.1,2282.6,7432.1,0.23496350890917886,15.5,879.5
1201,29,transformer,loso,Najran - University,17.63228,44.53735,01-10-2020 00:00,7295.8,7625.18701171875,329.3870117187498,329.3870117187498,108495.80348900783,4.5147483719228845,25.1,1.8,1371.9,9097.3,0.13104153134910024,16.7,883.6
1202,29,transformer,loso,Najran - University,17.63228,44.53735,01-12-2020 00:00,5877.6,6412.84716796875,535.2471679687496,535.2471679687496,286489.5308185669,9.106559955913122,19.0,1.4,1236.4,8347.2,0.1290120622730498,36.5,885.7
1203,29,transformer,loso,Najran - University,17.63228,44.53735,01-01-2021 00:00,6173.5,6592.580078125,419.080078125,419.080078125,175628.1118812561,6.788370909937637,17.8,1.6,1484.0,8075.2,0.1552431165787932,28.3,885.7
1204,29,transformer,loso,Najran - University,17.63228,44.53735,01-02-2021 00:00,6579.8,6716.498046875,136.69804687499982,136.69804687499982,18686.35601943965,2.0775410631782094,20.8,1.9,1926.2,7125.9,0.21279040222710752,30.6,884.3
1205,29,transformer,loso,Najran - University,17.63228,44.53735,01-03-2021 00:00,7761.2,8019.98974609375,258.7897460937502,258.7897460937502,66972.13268326769,3.334403778974259,25.3,1.7,2329.1,7704.3,0.2321346702015269,16.8,882.8
1206,29,transformer,loso,Najran - University,17.63228,44.53735,01-04-2021 00:00,7654.8,7640.31298828125,-14.487011718750182,14.487011718750182,209.8735085392051,0.18925395462651123,27.2,1.9,3048.7,6030.8,0.3357784018943774,19.8,882.3
1207,29,transformer,loso,Najran - University,17.63228,44.53735,01-05-2021 00:00,8035.1,8065.3642578125,30.264257812499636,30.264257812499636,915.9253009414452,0.37665066785104895,31.9,2.2,3182.8,6322.6,0.3348412481326404,13.3,879.8
1208,29,transformer,loso,Najran - University,17.63228,44.53735,01-07-2021 00:00,7113.9,7164.9580078125,51.058007812500364,51.058007812500364,2606.9201617813483,0.7177217533631393,33.3,2.7,3549.2,4540.4,0.43873615506329117,23.4,875.0
1209,29,transformer,loso,Najran - University,17.63228,44.53735,01-08-2021 00:00,7387.7,7527.1708984375,139.47089843750018,139.47089843750018,19452.131510963492,1.8878798332024878,33.9,2.5,3338.4,5179.2,0.39194139194139194,17.8,877.0
1210,29,transformer,loso,Najran - University,17.63228,44.53735,01-09-2021 00:00,7591.2,7827.0185546875,235.81855468750018,235.81855468750018,55610.39073490151,3.1064726879478894,30.9,2.1,2482.8,6939.1,0.2635137286534563,15.1,879.2
1211,29,transformer,loso,Najran - University,17.63228,44.53735,01-10-2021 00:00,7029.5,7403.72216796875,374.22216796875,374.22216796875,140042.23099923134,5.323595817181165,26.9,1.9,1824.4,7831.0,0.1889512604345755,20.8,883.3
1212,29,transformer,loso,Najran - University,17.63228,44.53735,01-11-2021 00:00,6370.7,6795.82763671875,425.1276367187502,425.1276367187502,180733.50750206964,6.6731699298154075,22.5,1.3,1258.6,8607.1,0.12757330954721913,25.3,885.1
1213,29,transformer,loso,Najran - University,17.63228,44.53735,01-12-2021 00:00,5952.6,6398.8466796875,446.24667968749964,446.24667968749964,199136.0991321179,7.496668341355031,19.0,1.1,1067.6,8876.4,0.10736122284794851,32.0,885.6
92,30,transformer,loso,Osfan - KAU,21.89252,39.2539,01-01-2017 00:00,4327.0,4201.36279296875,-125.63720703125,125.63720703125,15784.707790613174,2.9035638324763116,24.4,2.9,1567.1,4919.9,0.24157545860952673,71.7,1001.7
93,30,transformer,loso,Osfan - KAU,21.89252,39.2539,01-02-2017 00:00,4364.7,4433.4140625,68.71406250000018,68.71406250000018,4721.6223852539315,1.5743135267028703,23.8,3.9,2375.4,3136.0,0.4309975686758356,54.7,1001.3
94,30,transformer,loso,Osfan - KAU,21.89252,39.2539,01-03-2017 00:00,5568.6,5677.00732421875,108.40732421874964,108.40732421874964,11752.147944269102,1.9467608414816941,25.9,3.6,2671.2,4086.5,0.395282418574367,64.0,997.8
95,30,transformer,loso,Osfan - KAU,21.89252,39.2539,01-04-2017 00:00,6123.2,6085.88720703125,-37.31279296874982,37.31279296874982,1392.244519128786,0.6093675360718223,30.2,3.8,2994.4,4025.6,0.42655270655270655,53.4,996.6
96,30,transformer,loso,Osfan - KAU,21.89252,39.2539,01-05-2017 00:00,6547.2,6553.2939453125,6.093945312500182,6.093945312500182,37.13616947174294,0.0930771217085194,32.7,3.6,2983.5,4517.1,0.39776817854571633,49.6,995.2
97,30,transformer,loso,Osfan - KAU,21.89252,39.2539,01-10-2017 00:00,5653.9,5691.85595703125,37.955957031250364,37.955957031250364,1440.654674158124,0.6713234586966583,30.6,2.7,1764.7,5868.9,0.23117533011947183,72.4,996.7
98,30,transformer,loso,Osfan - KAU,21.89252,39.2539,01-11-2017 00:00,4491.7,4467.650390625,-24.049609374999818,24.049609374999818,578.3837110900791,0.5354233224614248,28.1,3.0,1781.3,4614.5,0.27851089777666593,69.8,999.3
99,30,transformer,loso,Osfan - KAU,21.89252,39.2539,01-03-2018 00:00,6460.5,6572.6240234375,112.1240234375,112.1240234375,12571.79663181305,1.735531668408018,28.2,3.2,2231.4,6115.0,0.26734879708616893,49.9,997.8
100,30,transformer,loso,Osfan - KAU,21.89252,39.2539,01-04-2018 00:00,7129.6,7191.16064453125,61.560644531249636,61.560644531249636,3789.7129551028756,0.8634515895877697,29.4,3.2,2679.4,5946.1,0.31063706451799894,46.2,995.7
101,30,transformer,loso,Osfan - KAU,21.89252,39.2539,01-05-2018 00:00,7282.0,7319.14892578125,37.14892578125,37.14892578125,1380.042686700821,0.5101472916952761,33.3,3.7,3148.5,5293.3,0.37296548129545837,39.5,993.8
102,30,transformer,loso,Osfan - KAU,21.89252,39.2539,01-06-2018 00:00,7254.0,7285.271484375,31.271484375,31.271484375,977.9057350158691,0.43109297456575685,33.9,3.3,3114.1,5273.3,0.3712831151489139,46.5,991.6
103,30,transformer,loso,Osfan - KAU,21.89252,39.2539,01-07-2018 00:00,7178.2,7215.10400390625,36.90400390625018,36.90400390625018,1361.9055043125286,0.5141122273863947,34.7,3.0,2931.9,5391.5,0.35224787947233105,44.5,991.7
104,30,transformer,loso,Osfan - KAU,21.89252,39.2539,01-08-2018 00:00,6917.8,6893.47802734375,-24.321972656250182,24.321972656250182,591.5583538913816,0.35158536899375786,34.5,3.2,2527.4,5710.6,0.30679776644816703,51.0,992.0
105,30,transformer,loso,Osfan - KAU,21.89252,39.2539,01-09-2018 00:00,6019.8,6184.37451171875,164.57451171874982,164.57451171874982,27084.76990746492,2.7338867025274896,33.7,2.9,3098.6,3795.7,0.4494437433822143,64.1,993.4
106,30,transformer,loso,Osfan - KAU,21.89252,39.2539,01-10-2018 00:00,5231.0,5271.005859375,40.005859375,40.005859375,1600.4687843322754,0.7647841593385586,31.5,2.7,2130.2,4637.2,0.3147737683600792,59.5,997.4
107,30,transformer,loso,Osfan - KAU,21.89252,39.2539,01-11-2018 00:00,4096.6,4077.40380859375,-19.196191406250364,19.196191406250364,368.4937645054003,0.4685883758787863,27.7,3.1,1787.2,4049.0,0.30622665432987217,56.0,999.3
108,30,transformer,loso,Osfan - KAU,21.89252,39.2539,01-12-2018 00:00,3975.6,3944.787353515625,-30.81264648437491,30.81264648437491,949.4191833710614,0.7750439300828783,25.3,3.0,1781.4,4062.4,0.30483589445223996,62.7,1001.6
109,30,transformer,loso,Osfan - KAU,21.89252,39.2539,01-01-2019 00:00,4045.3,3946.84814453125,-98.45185546875018,98.45185546875018,9692.767845239676,2.4337343452586997,24.7,3.2,2080.9,3446.8,0.3764495178826636,64.3,1001.7
110,30,transformer,loso,Osfan - KAU,21.89252,39.2539,01-02-2019 00:00,4778.0,4822.7958984375,44.7958984375,44.7958984375,2006.672516822815,0.9375449652051067,24.5,3.7,2226.6,4016.0,0.35667830711562487,54.3,1000.8
111,30,transformer,loso,Osfan - KAU,21.89252,39.2539,01-03-2019 00:00,6251.3,6382.30615234375,131.00615234374982,131.00615234374982,17162.611951913786,2.095662539691741,24.9,4.0,2396.7,5632.6,0.2984942647553336,51.1,999.6
112,30,transformer,loso,Osfan - KAU,21.89252,39.2539,01-04-2019 00:00,6915.2,6869.89892578125,-45.30107421874982,45.30107421874982,2052.1873253726794,0.6550942014511485,28.4,3.6,2699.6,5723.3,0.3205071887354712,48.7,996.9
113,30,transformer,loso,Osfan - KAU,21.89252,39.2539,01-05-2019 00:00,6965.7,6956.0634765625,-9.636523437499818,9.636523437499818,92.86258396148331,0.13834249877973237,33.6,3.1,2870.1,5217.8,0.354863437975247,41.3,994.8
114,30,transformer,loso,Osfan - KAU,21.89252,39.2539,01-06-2019 00:00,7003.8,6963.48046875,-40.31953125000018,40.31953125000018,1625.6646002197413,0.575680791141954,35.0,3.7,3122.0,4851.0,0.3915715539947322,43.0,992.2
115,30,transformer,loso,Osfan - KAU,21.89252,39.2539,01-07-2019 00:00,7240.6,7304.09521484375,63.495214843749636,63.495214843749636,4031.6423080539244,0.8769330558758892,34.6,3.2,2705.0,5875.9,0.31523499865981425,45.7,990.9
116,30,transformer,loso,Osfan - KAU,21.89252,39.2539,01-08-2019 00:00,6971.0,6965.873046875,-5.126953125,5.126953125,26.285648345947266,0.07354688172428633,34.4,3.3,2505.4,5849.7,0.2998647532644732,51.7,992.6
117,30,transformer,loso,Osfan - KAU,21.89252,39.2539,01-09-2019 00:00,6188.8,6220.22607421875,31.426074218749818,31.426074218749818,987.598140802372,0.5077894619110299,32.9,3.0,2592.7,4759.2,0.35265713625049305,61.5,992.8
118,30,transformer,loso,Osfan - KAU,21.89252,39.2539,01-10-2019 00:00,5377.9,5547.22509765625,169.32509765625036,169.32509765625036,28670.988696298722,3.1485356301948784,31.6,2.9,2163.3,4866.9,0.3077152854826321,59.4,996.8
119,30,transformer,loso,Osfan - KAU,21.89252,39.2539,01-11-2019 00:00,4634.7,4771.3359375,136.63593750000018,136.63593750000018,18669.379416503954,2.9481074826849674,28.9,2.7,1693.7,5039.4,0.25154832098142016,57.3,998.2
120,30,transformer,loso,Osfan - KAU,21.89252,39.2539,01-12-2019 00:00,4307.9,4348.10205078125,40.202050781250364,40.202050781250364,1616.204887018233,0.9332168987499796,25.2,3.7,1560.3,5176.9,0.2315947277800867,55.0,1000.8
121,30,transformer,loso,Osfan - KAU,21.89252,39.2539,01-01-2020 00:00,4818.4,4801.89453125,-16.505468749999636,16.505468749999636,272.43049865721457,0.34255082081188026,21.9,4.0,1405.7,6219.5,0.1843492629701516,49.7,1003.4
122,30,transformer,loso,Osfan - KAU,21.89252,39.2539,01-02-2020 00:00,4959.4,5125.23681640625,165.83681640625036,165.83681640625036,27501.84967576039,3.3438887044047747,23.4,3.5,2221.3,4385.6,0.3362091147134057,56.3,1002.0
123,30,transformer,loso,Osfan - KAU,21.89252,39.2539,01-03-2020 00:00,6308.6,6443.82177734375,135.22177734374964,135.22177734374964,18284.929068002602,2.143451436828292,25.6,3.6,2436.8,5455.8,0.30874490028634416,54.4,998.1
124,30,transformer,loso,Osfan - KAU,21.89252,39.2539,01-09-2020 00:00,6212.3,6305.39892578125,93.09892578124982,93.09892578124982,8667.409981622663,1.4986225034407517,34.7,2.8,2468.7,5044.1,0.3285991907145139,56.4,992.0
125,30,transformer,loso,Osfan - KAU,21.89252,39.2539,01-10-2020 00:00,5750.3,5873.0625,122.76249999999982,122.76249999999982,15070.631406249955,2.1348886145070662,32.8,3.1,1698.5,6251.9,0.21363704970819078,45.7,996.6
126,30,transformer,loso,Osfan - KAU,21.89252,39.2539,01-11-2020 00:00,4439.9,4446.4892578125,6.589257812500364,6.589257812500364,43.41831851959708,0.14841005005744193,28.3,2.6,1592.7,4940.1,0.24380051432770022,61.0,999.5
127,30,transformer,loso,Osfan - KAU,21.89252,39.2539,01-12-2020 00:00,4033.0,4129.162109375,96.162109375,96.162109375,9247.151279449463,2.384381586288123,26.2,2.1,1688.5,4413.6,0.27670801855099064,58.3,1000.7
128,30,transformer,loso,Osfan - KAU,21.89252,39.2539,01-01-2021 00:00,4348.2,4396.41748046875,48.21748046875018,48.21748046875018,2324.925422754305,1.108906684806361,25.2,3.3,1805.4,4510.2,0.28586357590727723,58.4,1000.9
129,30,transformer,loso,Osfan - KAU,21.89252,39.2539,01-02-2021 00:00,5016.3,5068.75244140625,52.45244140624982,52.45244140624982,2751.2586094760704,1.045640041589415,24.5,3.5,1814.4,5131.2,0.26123013130615064,58.0,1000.7
130,30,transformer,loso,Osfan - KAU,21.89252,39.2539,01-03-2021 00:00,6161.8,6285.7294921875,123.92949218749982,123.92949218749982,15358.519033851579,2.0112547013453828,27.4,3.3,2445.2,5248.1,0.3178349992850922,57.5,997.9
131,30,transformer,loso,Osfan - KAU,21.89252,39.2539,01-04-2021 00:00,6718.8,6710.7724609375,-8.027539062500182,8.027539062500182,64.4413833999663,0.11947876201851791,29.7,3.4,2720.1,5245.5,0.3414808677312443,50.7,996.7
132,30,transformer,loso,Osfan - KAU,21.89252,39.2539,01-05-2021 00:00,7387.0,7393.423828125,6.423828125,6.423828125,41.265567779541016,0.08696125795316097,32.4,2.7,2251.1,6793.0,0.24890259948474694,53.1,994.1
133,30,transformer,loso,Osfan - KAU,21.89252,39.2539,01-07-2021 00:00,6627.9,6672.19287109375,44.292871093750364,44.292871093750364,1961.8584297275866,0.6682791094275768,33.9,3.2,3104.8,4465.3,0.41013989247169785,53.2,990.2
134,30,transformer,loso,Osfan - KAU,21.89252,39.2539,01-08-2021 00:00,6560.8,6595.6064453125,34.80644531249982,34.80644531249982,1211.4886352920405,0.530521358866294,34.7,3.1,2739.0,4890.9,0.3589824244092321,56.1,991.1
135,30,transformer,loso,Osfan - KAU,21.89252,39.2539,01-09-2021 00:00,5972.5,6083.48388671875,110.98388671875,110.98388671875,12317.423111200333,1.8582484172247802,32.8,3.2,2714.6,4315.4,0.3861450924608819,63.8,992.7
136,30,transformer,loso,Osfan - KAU,21.89252,39.2539,01-10-2021 00:00,5533.7,5530.5361328125,-3.163867187499818,3.163867187499818,10.01005558013801,0.05717453399172015,31.1,2.5,1853.6,5513.5,0.25160510920172113,65.5,996.5
137,30,transformer,loso,Osfan - KAU,21.89252,39.2539,01-11-2021 00:00,4506.5,4484.95556640625,-21.54443359375,21.54443359375,464.16261887550354,0.47807463871629874,28.5,2.5,1386.1,5330.4,0.20637236655996424,62.1,998.9
737,31,transformer,loso,Rania - TVTC,21.21501,42.84853,01-02-2017 00:00,4696.4,4663.64453125,-32.755468749999636,32.755468749999636,1072.9207330322026,0.6974590910058692,17.8,3.4,2489.3,3360.3,0.4255504649890591,36.1,912.8
738,31,transformer,loso,Rania - TVTC,21.21501,42.84853,01-03-2017 00:00,5689.1,5777.29541015625,88.19541015624964,88.19541015624964,7778.430372629102,1.5502524152546031,24.9,3.8,2849.3,3924.0,0.42066644028759986,33.7,909.1
739,31,transformer,loso,Rania - TVTC,21.21501,42.84853,01-05-2017 00:00,6588.7,6554.330078125,-34.36992187499982,34.36992187499982,1181.291529693591,0.5216495192526571,32.0,3.1,3045.4,4398.2,0.40912999086463536,24.7,908.4
740,31,transformer,loso,Rania - TVTC,21.21501,42.84853,01-09-2017 00:00,6773.0,6601.998046875,-171.001953125,171.001953125,29241.667972564697,2.524759384689207,32.2,2.4,2290.2,6135.3,0.27181769627915253,10.7,907.5
741,31,transformer,loso,Rania - TVTC,21.21501,42.84853,01-11-2017 00:00,5252.1,5353.65234375,101.55234374999964,101.55234374999964,10312.87852111809,1.9335569343691024,23.2,3.4,1461.4,6553.3,0.18233995034124795,27.3,912.5
742,31,transformer,loso,Rania - TVTC,21.21501,42.84853,01-03-2018 00:00,6647.4,6558.98583984375,-88.41416015624964,88.41416015624964,7817.0637161349605,1.3300562649494485,25.9,3.7,2201.4,6323.8,0.25822268099282125,21.7,910.6
743,31,transformer,loso,Rania - TVTC,21.21501,42.84853,01-04-2018 00:00,6467.7,6357.5390625,-110.16093749999982,110.16093749999982,12135.432150878865,1.703247483649517,26.5,3.7,2885.1,4650.2,0.38287792125064696,33.9,908.7
744,31,transformer,loso,Rania - TVTC,21.21501,42.84853,01-05-2018 00:00,7521.3,7457.8203125,-63.47968750000018,63.47968750000018,4029.670725097679,0.8439988765240075,32.2,3.4,3333.3,5330.2,0.3847521209672765,15.8,907.5
745,31,transformer,loso,Rania - TVTC,21.21501,42.84853,01-03-2019 00:00,6513.2,6424.244140625,-88.95585937499982,88.95585937499982,7913.144917144743,1.365778102545597,23.5,4.0,2723.0,5245.0,0.3417419678714859,21.2,910.1
746,31,transformer,loso,Rania - TVTC,21.21501,42.84853,01-04-2019 00:00,6275.2,6005.8818359375,-269.3181640624998,269.3181640624998,72532.27349399557,4.291786143270331,26.6,3.3,2881.5,4203.2,0.4067215266701484,30.5,909.1
747,31,transformer,loso,Rania - TVTC,21.21501,42.84853,01-05-2019 00:00,6095.7,6003.7177734375,-91.98222656249982,91.98222656249982,8460.730003395047,1.5089690529799666,29.9,3.5,2986.6,3704.0,0.446387468986339,27.3,908.9
748,31,transformer,loso,Rania - TVTC,21.21501,42.84853,01-06-2019 00:00,7328.3,7222.7900390625,-105.50996093750018,105.50996093750018,11132.351857032814,1.4397603937816434,35.5,3.5,3051.8,5318.3,0.3646073523613816,11.0,905.7
749,31,transformer,loso,Rania - TVTC,21.21501,42.84853,01-08-2019 00:00,7292.2,7271.37158203125,-20.828417968749818,20.828417968749818,433.8229950809403,0.28562598349949014,34.7,4.5,2803.0,5779.2,0.3266062315024119,14.6,904.7
750,31,transformer,loso,Rania - TVTC,21.21501,42.84853,01-09-2019 00:00,6885.3,6896.12158203125,10.821582031249818,10.821582031249818,117.10663765906894,0.15716936126602787,33.3,2.4,2417.9,6088.5,0.28424480391234835,13.3,906.8
751,31,transformer,loso,Rania - TVTC,21.21501,42.84853,01-10-2019 00:00,6154.9,6175.7607421875,20.860742187500364,20.860742187500364,435.17056461335744,0.3389290189523853,29.1,2.4,1826.4,6564.4,0.21766696858464035,17.7,910.3
752,31,transformer,loso,Rania - TVTC,21.21501,42.84853,01-11-2019 00:00,4930.5,5028.75341796875,98.25341796875,98.25341796875,9653.734142541885,1.99276783224318,23.2,3.3,1798.3,5284.9,0.2538824260221369,36.1,911.8
753,31,transformer,loso,Rania - TVTC,21.21501,42.84853,01-02-2020 00:00,5547.4,5604.33154296875,56.931542968750364,56.931542968750364,3241.200584802669,1.026274344174755,21.0,3.0,2340.1,4962.5,0.32044751184509623,24.9,912.6
754,31,transformer,loso,Rania - TVTC,21.21501,42.84853,01-03-2020 00:00,6522.9,6575.4794921875,52.579492187500364,52.579492187500364,2764.6029986954118,0.8060753987873547,24.5,3.1,2867.5,5040.8,0.36259373063743155,19.3,909.6
755,31,transformer,loso,Rania - TVTC,21.21501,42.84853,01-04-2020 00:00,6893.6,6778.0849609375,-115.51503906250036,115.51503906250036,13343.724249610985,1.6756852596974057,28.8,2.6,2695.2,5478.2,0.32975261213203805,24.1,908.5
756,31,transformer,loso,Rania - TVTC,21.21501,42.84853,01-05-2020 00:00,6454.6,6439.19873046875,-15.401269531250364,15.401269531250364,237.1991031742208,0.23860920167400557,32.0,2.8,3106.1,4200.3,0.42512044235191065,20.0,908.6
757,31,transformer,loso,Rania - TVTC,21.21501,42.84853,01-09-2020 00:00,7093.5,7274.154296875,180.654296875,180.654296875,32635.974979400635,2.5467582557975614,32.2,2.1,2153.8,6819.7,0.2400178302780409,10.8,906.9
758,31,transformer,loso,Rania - TVTC,21.21501,42.84853,01-11-2020 00:00,5419.3,5503.89453125,84.59453124999982,84.59453124999982,7156.234717407196,1.5609863128079238,23.5,3.0,1298.6,7125.5,0.15415296589546656,25.1,912.2
759,31,transformer,loso,Rania - TVTC,21.21501,42.84853,01-01-2021 00:00,5111.7,5185.1826171875,73.48261718750018,73.48261718750018,5399.695028724697,1.4375377504059352,18.4,2.7,1789.6,5867.5,0.23371772603204866,30.1,913.5
760,31,transformer,loso,Rania - TVTC,21.21501,42.84853,01-04-2021 00:00,6991.2,6810.48486328125,-180.71513671874982,180.71513671874982,32657.96063927644,2.5848943917889606,27.9,2.6,2861.2,5265.2,0.3520870250049222,20.4,909.9
761,31,transformer,loso,Rania - TVTC,21.21501,42.84853,01-05-2021 00:00,7704.7,7605.09375,-99.60624999999982,99.60624999999982,9921.405039062463,1.2927985515334772,33.4,2.4,2755.5,6359.7,0.30229726171669297,10.9,907.0
762,31,transformer,loso,Rania - TVTC,21.21501,42.84853,01-07-2021 00:00,7095.6,7110.791015625,15.191015624999636,15.191015624999636,230.7669557189831,0.21409064244038042,36.1,4.2,3245.5,4820.7,0.40235798765217823,14.2,902.2
763,31,transformer,loso,Rania - TVTC,21.21501,42.84853,01-08-2021 00:00,7290.2,7266.1064453125,-24.093554687499818,24.093554687499818,580.4993774795445,0.33049236903651225,36.0,3.4,2841.0,5704.4,0.33245956889086525,12.7,904.4
764,31,transformer,loso,Rania - TVTC,21.21501,42.84853,01-10-2021 00:00,6307.4,6352.2470703125,44.847070312500364,44.847070312500364,2011.2597156143515,0.7110230889510791,28.6,2.4,1759.3,6942.6,0.2021742378101334,14.5,910.8
630,32,transformer,loso,Riyadh - K.A.CARE City T2,24.52958,46.43635,01-01-2017 00:00,4453.5,4377.34228515625,-76.15771484375,76.15771484375,5799.997530221939,1.7100643279162455,15.5,4.1,1592.1,5395.1,0.22785951454087472,35.4,915.1
631,32,transformer,loso,Riyadh - K.A.CARE City T2,24.52958,46.43635,01-02-2017 00:00,4382.4,4245.6318359375,-136.76816406249964,136.76816406249964,18705.530701026815,3.1208507681293276,12.5,4.0,2183.0,3572.6,0.3792827854611161,45.5,915.3
632,32,transformer,loso,Riyadh - K.A.CARE City T2,24.52958,46.43635,01-03-2017 00:00,5313.7,5267.34716796875,-46.35283203124982,46.35283203124982,2148.5850373172593,0.8723268538165463,19.9,5.0,2812.6,3552.7,0.4418644839991831,40.5,911.5
633,32,transformer,loso,Riyadh - K.A.CARE City T2,24.52958,46.43635,01-04-2017 00:00,6906.3,7022.572265625,116.27226562499982,116.27226562499982,13519.239753570515,1.6835681280135504,27.5,4.2,3176.3,4950.9,0.39082340781572994,20.8,912.2
634,32,transformer,loso,Riyadh - K.A.CARE City T2,24.52958,46.43635,01-05-2017 00:00,7135.2,7100.84716796875,-34.35283203124982,34.35283203124982,1180.1170685672635,0.48145576902188897,32.1,4.1,3651.4,4332.6,0.45733967935871744,19.4,909.9
635,32,transformer,loso,Riyadh - K.A.CARE City T2,24.52958,46.43635,01-06-2017 00:00,8050.4,8073.89794921875,23.497949218750364,23.497949218750364,552.1536174869708,0.29188548666836883,35.0,4.2,2687.6,7045.4,0.2761327442720641,10.3,906.8
636,32,transformer,loso,Riyadh - K.A.CARE City T2,24.52958,46.43635,01-09-2017 00:00,7016.5,6958.86669921875,-57.63330078125,57.63330078125,3321.597358942032,0.8213967188947482,33.0,3.3,2178.3,6788.4,0.24293218240824382,11.4,909.2
637,32,transformer,loso,Riyadh - K.A.CARE City T2,24.52958,46.43635,01-10-2017 00:00,6247.4,6354.228515625,106.82851562500036,106.82851562500036,11412.331750640948,1.7099675965201584,28.3,3.5,1682.9,7268.5,0.18800411108876824,17.3,913.0
638,32,transformer,loso,Riyadh - K.A.CARE City T2,24.52958,46.43635,01-11-2017 00:00,4778.9,4779.29541015625,0.3954101562503638,0.3954101562503638,0.1563491916659371,0.008274083078749583,20.5,3.7,1551.5,5817.6,0.21054131440745816,36.4,914.9
639,32,transformer,loso,Riyadh - K.A.CARE City T2,24.52958,46.43635,01-03-2018 00:00,6516.1,6583.7763671875,67.67636718749964,67.67636718749964,4580.090675697277,1.0386023416997843,23.4,4.2,2321.5,6119.7,0.2750201393166848,24.6,912.7
640,32,transformer,loso,Riyadh - K.A.CARE City T2,24.52958,46.43635,01-04-2018 00:00,6333.4,6272.01220703125,-61.387792968749636,61.387792968749636,3768.4611255740674,0.9692707387619548,23.9,4.4,3398.0,3732.5,0.47654442184980017,37.1,910.3
641,32,transformer,loso,Riyadh - K.A.CARE City T2,24.52958,46.43635,01-05-2018 00:00,6973.1,6948.5849609375,-24.515039062500364,24.515039062500364,600.9871402359187,0.35156586113063576,30.2,4.7,3305.2,4630.5,0.4164975994556246,19.2,909.3
642,32,transformer,loso,Riyadh - K.A.CARE City T2,24.52958,46.43635,01-06-2018 00:00,7410.6,7447.2001953125,36.600195312499636,36.600195312499636,1339.5742969131204,0.4938897702277769,34.9,4.2,2911.6,5774.3,0.33520993794540577,12.7,906.1
643,32,transformer,loso,Riyadh - K.A.CARE City T2,24.52958,46.43635,01-07-2018 00:00,7248.4,7138.0244140625,-110.37558593749964,110.37558593749964,12182.769971046368,1.522757931922902,35.5,4.1,2646.8,5873.9,0.3106317556069337,11.9,903.8
644,32,transformer,loso,Riyadh - K.A.CARE City T2,24.52958,46.43635,01-08-2018 00:00,6973.3,6785.8037109375,-187.49628906250018,187.49628906250018,35154.858412208625,2.68877416807681,34.9,3.8,2200.2,6321.8,0.2581788312602675,13.1,905.2
645,32,transformer,loso,Riyadh - K.A.CARE City T2,24.52958,46.43635,01-09-2018 00:00,6134.3,5987.42041015625,-146.87958984375018,146.87958984375018,21573.613912668283,2.394398543334206,34.1,3.8,2148.2,5530.4,0.2797645404110124,14.1,909.3
646,32,transformer,loso,Riyadh - K.A.CARE City T2,24.52958,46.43635,01-10-2018 00:00,4837.2,4790.4814453125,-46.71855468749982,46.71855468749982,2182.6233520889114,0.9658181321322216,26.6,3.3,1889.3,4590.4,0.29157214068552556,31.7,914.0
647,32,transformer,loso,Riyadh - K.A.CARE City T2,24.52958,46.43635,01-11-2018 00:00,4170.4,4021.93017578125,-148.46982421874964,148.46982421874964,22043.288703546415,3.560085944243949,18.6,4.2,1939.7,3934.5,0.33020666643968544,61.9,914.7
648,32,transformer,loso,Riyadh - K.A.CARE City T2,24.52958,46.43635,01-12-2018 00:00,4232.3,4088.991455078125,-143.30854492187518,143.30854492187518,20537.339047625115,3.3860677390987215,16.2,4.0,1421.4,5444.5,0.2070231142312006,53.7,915.9
649,32,transformer,loso,Riyadh - K.A.CARE City T2,24.52958,46.43635,01-01-2019 00:00,4320.6,4317.81982421875,-2.780175781250364,2.780175781250364,7.7293773746510706,0.06434698378119622,16.3,4.2,2091.7,4040.2,0.34111776121593634,38.3,915.5
650,32,transformer,loso,Riyadh - K.A.CARE City T2,24.52958,46.43635,01-02-2019 00:00,5126.5,5008.50927734375,-117.99072265625,117.99072265625,13921.810632944107,2.301584368599434,15.8,4.3,2088.4,5041.8,0.29289500995764495,39.8,914.1
651,32,transformer,loso,Riyadh - K.A.CARE City T2,24.52958,46.43635,01-03-2019 00:00,6260.1,6134.205078125,-125.89492187500036,125.89492187500036,15849.531353912445,2.0110688627178535,18.5,4.7,2449.2,5593.9,0.30450945530951995,29.3,912.0
652,32,transformer,loso,Riyadh - K.A.CARE City T2,24.52958,46.43635,01-04-2019 00:00,6572.3,6521.2529296875,-51.04707031250018,51.04707031250018,2605.8033874893376,0.7767002466792474,23.0,4.5,3001.1,4740.9,0.38763885300955825,33.8,911.1
653,32,transformer,loso,Riyadh - K.A.CARE City T2,24.52958,46.43635,01-05-2019 00:00,6652.3,6684.3505859375,32.05058593749982,32.05058593749982,1027.2400589370611,0.48179706173052655,30.0,3.7,3106.9,4519.9,0.40736612996276295,23.2,910.1
654,32,transformer,loso,Riyadh - K.A.CARE City T2,24.52958,46.43635,01-06-2019 00:00,7644.4,7716.2919921875,71.89199218750036,71.89199218750036,5168.458540687613,0.9404530399704406,35.7,3.7,2665.4,6523.1,0.2900799912934647,12.2,907.0
655,32,transformer,loso,Riyadh - K.A.CARE City T2,24.52958,46.43635,01-07-2019 00:00,8069.1,8066.84326171875,-2.256738281250364,2.256738281250364,5.092867670060846,0.027967657870770764,35.8,4.2,2377.9,7498.8,0.24075855295797177,11.8,904.2
656,32,transformer,loso,Riyadh - K.A.CARE City T2,24.52958,46.43635,01-08-2019 00:00,7727.3,7734.17919921875,6.879199218749818,6.879199218749818,47.32338189124811,0.08902461686164402,35.2,3.8,2122.5,7538.9,0.21968865795847395,12.1,905.5
657,32,transformer,loso,Riyadh - K.A.CARE City T2,24.52958,46.43635,01-09-2019 00:00,6933.8,6889.4287109375,-44.37128906250018,44.37128906250018,1968.8112930679483,0.63992744328507,33.4,3.6,2000.0,7014.8,0.22185739006966324,15.8,908.7
658,32,transformer,loso,Riyadh - K.A.CARE City T2,24.52958,46.43635,01-10-2019 00:00,5863.3,5920.40380859375,57.10380859374982,57.10380859374982,3260.8449559116157,0.9739192706112567,28.9,3.5,1793.0,6434.5,0.21792768155575812,23.9,912.5
659,32,transformer,loso,Riyadh - K.A.CARE City T2,24.52958,46.43635,01-11-2019 00:00,4330.5,4240.5009765625,-89.9990234375,89.9990234375,8099.824219703674,2.0782594027825887,19.7,3.8,1792.0,4585.7,0.28097903632971133,45.1,914.6
660,32,transformer,loso,Riyadh - K.A.CARE City T2,24.52958,46.43635,01-12-2019 00:00,4290.2,4043.840576171875,-246.35942382812482,246.35942382812482,60692.965708925636,5.742376202231244,15.8,3.9,1308.1,5898.7,0.18150913026586002,47.8,914.8
661,32,transformer,loso,Riyadh - K.A.CARE City T2,24.52958,46.43635,01-01-2020 00:00,4711.8,4627.21826171875,-84.58173828125018,84.58173828125018,7154.070450677902,1.7951045944490467,12.9,3.8,1245.2,6602.5,0.15867069332415867,42.8,915.0
662,32,transformer,loso,Riyadh - K.A.CARE City T2,24.52958,46.43635,01-02-2020 00:00,5374.6,5395.16650390625,20.566503906249636,20.566503906249636,422.98108292578155,0.38266110791965235,17.1,4.2,2102.5,5382.8,0.2808838657101252,28.7,914.9
663,32,transformer,loso,Riyadh - K.A.CARE City T2,24.52958,46.43635,01-03-2020 00:00,6459.8,6425.3876953125,-34.41230468750018,34.41230468750018,1184.206713905347,0.5327147076921914,20.8,4.1,2661.8,5521.4,0.32527617557923555,25.9,911.5
664,32,transformer,loso,Riyadh - K.A.CARE City T2,24.52958,46.43635,01-04-2020 00:00,6450.3,6562.86181640625,112.56181640624982,112.56181640624982,12670.162512674291,1.745063274673268,25.4,4.7,3234.6,4214.9,0.43420363782804217,31.9,910.6
665,32,transformer,loso,Riyadh - K.A.CARE City T2,24.52958,46.43635,01-05-2020 00:00,7466.7,7505.86181640625,39.16181640625018,39.16181640625018,1533.6478642368459,0.5244862711271402,31.1,4.1,3115.5,5659.6,0.35503868901778896,16.7,910.4
666,32,transformer,loso,Riyadh - K.A.CARE City T2,24.52958,46.43635,01-09-2020 00:00,6797.3,6759.70458984375,-37.59541015625018,37.59541015625018,1413.4148648166793,0.553093289339152,32.8,3.3,1985.8,6821.4,0.22547461168135163,15.0,908.8
667,32,transformer,loso,Riyadh - K.A.CARE City T2,24.52958,46.43635,01-10-2020 00:00,6225.2,6144.984375,-80.21562499999982,80.21562499999982,6434.546494140596,1.288563018055642,25.8,3.0,1182.8,8258.0,0.125285992712482,16.5,913.4
668,32,transformer,loso,Riyadh - K.A.CARE City T2,24.52958,46.43635,01-11-2020 00:00,4766.4,4782.81884765625,16.418847656250364,16.418847656250364,269.5785583591581,0.34447062051549104,21.3,3.7,1291.5,6331.5,0.16942148760330578,37.4,914.8
669,32,transformer,loso,Riyadh - K.A.CARE City T2,24.52958,46.43635,01-12-2020 00:00,4173.6,4015.6845703125,-157.91542968750036,157.91542968750036,24937.282933387873,3.783674278500584,15.1,4.1,1383.0,5451.7,0.2023497739476495,52.1,916.0
670,32,transformer,loso,Riyadh - K.A.CARE City T2,24.52958,46.43635,01-01-2021 00:00,4551.4,4380.57666015625,-170.82333984374964,170.82333984374964,29180.613435373183,3.753204285357245,14.3,4.1,1493.6,5712.0,0.20728322415898742,43.8,916.0
671,32,transformer,loso,Riyadh - K.A.CARE City T2,24.52958,46.43635,01-02-2021 00:00,5049.4,5079.65625,30.256250000000364,30.256250000000364,915.440664062522,0.599204856022505,16.2,4.3,1831.4,5467.6,0.2509110837100973,40.3,914.7
672,32,transformer,loso,Riyadh - K.A.CARE City T2,24.52958,46.43635,01-10-2021 00:00,5891.9,5845.0244140625,-46.875585937499636,46.875585937499636,2197.320556983914,0.7955937123423622,28.5,3.5,1655.6,6715.0,0.1977874943253769,20.3,913.1
673,32,transformer,loso,Riyadh - K.A.CARE City T2,24.52958,46.43635,01-11-2021 00:00,4901.4,4866.25244140625,-35.147558593749636,35.147558593749636,1235.3508751010638,0.7170922306636806,21.6,3.1,1419.9,6272.1,0.18459438377535103,31.1,914.8
674,32,transformer,loso,Riyadh - K.A.CARE City T2,24.52958,46.43635,01-12-2021 00:00,4047.2,3950.764892578125,-96.43510742187482,96.43510742187482,9299.729943468536,2.3827611045136097,16.2,3.1,1548.3,4877.7,0.24094304388422036,38.6,915.8
1263,33,transformer,loso,Riyadh - K.A.CARE HQ,24.707744,46.6792,01-01-2017 00:00,4098.6,3988.111083984375,-110.48891601562536,110.48891601562536,12207.800562307915,2.6957721176895855,17.1,2.6,1584.2,4669.2,0.25333418620270576,33.9,941.6
1264,33,transformer,loso,Riyadh - K.A.CARE HQ,24.707744,46.6792,01-02-2017 00:00,4242.8,4145.140625,-97.65937500000018,97.65937500000018,9537.353525390661,2.301767111341571,14.6,2.7,2143.2,3405.3,0.3862665585293322,41.5,942.2
1265,33,transformer,loso,Riyadh - K.A.CARE HQ,24.707744,46.6792,01-03-2017 00:00,4810.7,4770.0146484375,-40.68535156249982,40.68535156249982,1655.2978317642064,0.8457262261729024,22.3,3.1,2674.1,3030.1,0.46879492303916415,36.8,937.6
1266,33,transformer,loso,Riyadh - K.A.CARE HQ,24.707744,46.6792,01-04-2017 00:00,6469.9,6571.4287109375,101.52871093750036,101.52871093750036,10308.079144630507,1.569246988941102,30.2,3.1,3096.4,4439.3,0.41089746141698846,19.4,937.4
1267,33,transformer,loso,Riyadh - K.A.CARE HQ,24.707744,46.6792,01-05-2017 00:00,6540.2,6560.0634765625,19.863476562500182,19.863476562500182,394.55770114899406,0.30371359534112385,35.4,3.0,3515.4,3740.9,0.4844617780411504,17.1,934.6
1268,33,transformer,loso,Riyadh - K.A.CARE HQ,24.707744,46.6792,01-06-2017 00:00,7492.8,7529.828125,37.02812499999982,37.02812499999982,1371.0820410156116,0.4941827487721521,38.1,3.4,2536.9,6475.5,0.28148994718388,9.9,931.1
1269,33,transformer,loso,Riyadh - K.A.CARE HQ,24.707744,46.6792,01-09-2017 00:00,6676.1,6575.17333984375,-100.92666015625036,100.92666015625036,10186.190730295255,1.5117607608671284,36.2,2.6,2089.3,6434.0,0.24512806072765247,10.9,933.6
1270,33,transformer,loso,Riyadh - K.A.CARE HQ,24.707744,46.6792,01-10-2017 00:00,5822.8,5828.31103515625,5.511035156249818,5.511035156249818,30.37150849342146,0.09464579165092082,31.4,2.4,1702.9,6489.5,0.20786338557687614,16.8,937.9
1271,33,transformer,loso,Riyadh - K.A.CARE HQ,24.707744,46.6792,01-11-2017 00:00,4407.8,4331.87060546875,-75.92939453125018,75.92939453125018,5765.272953882245,1.7226143321214706,23.2,2.5,1544.6,5084.4,0.23300648664957005,32.7,941.0
1272,33,transformer,loso,Riyadh - K.A.CARE HQ,24.707744,46.6792,01-03-2018 00:00,6302.3,6338.9072265625,36.60722656249982,36.60722656249982,1340.0890365981923,0.5808550301080528,26.2,2.7,2322.3,5757.1,0.2874347104983043,21.9,938.5
1273,33,transformer,loso,Riyadh - K.A.CARE HQ,24.707744,46.6792,01-04-2018 00:00,6082.4,6053.83642578125,-28.563574218749636,28.563574218749636,815.8777721500189,0.46961025612833157,27.1,3.1,3386.4,3416.9,0.4977584407566916,31.5,935.7
1274,33,transformer,loso,Riyadh - K.A.CARE HQ,24.707744,46.6792,01-05-2018 00:00,7086.7,7046.435546875,-40.26445312499982,40.26445312499982,1621.2261854553076,0.5681692907135877,33.3,3.2,3467.3,4535.6,0.4332554449012233,16.8,934.2
1275,33,transformer,loso,Riyadh - K.A.CARE HQ,24.707744,46.6792,01-06-2018 00:00,7754.9,7776.49609375,21.596093750000364,21.596093750000364,466.39126525880476,0.27848320094392404,37.8,3.5,3174.8,5832.1,0.3524853168126658,11.3,930.2
1276,33,transformer,loso,Riyadh - K.A.CARE HQ,24.707744,46.6792,01-07-2018 00:00,7531.5,7546.396484375,14.896484375,14.896484375,221.90524673461914,0.1977890775409945,38.3,3.2,2885.3,5908.8,0.32809497276583166,10.5,927.8
1277,33,transformer,loso,Riyadh - K.A.CARE HQ,24.707744,46.6792,01-08-2018 00:00,7326.4,7310.5693359375,-15.830664062499636,15.830664062499636,250.60992465971748,0.2160769827268459,37.6,3.1,2438.2,6450.5,0.27430332894574005,11.6,929.4
1278,33,transformer,loso,Riyadh - K.A.CARE HQ,24.707744,46.6792,01-09-2018 00:00,6539.8,6549.60791015625,9.807910156249818,9.807910156249818,96.19510163306833,0.1499726315216034,37.4,2.9,2324.2,5837.6,0.2847656154279693,12.6,933.7
1279,33,transformer,loso,Riyadh - K.A.CARE HQ,24.707744,46.6792,01-10-2018 00:00,5113.3,5019.345703125,-93.95429687500018,93.95429687500018,8827.409901275669,1.8374493355562977,29.6,2.4,2007.3,4774.6,0.2959790029342809,28.3,939.4
1280,33,transformer,loso,Riyadh - K.A.CARE HQ,24.707744,46.6792,01-11-2018 00:00,3924.8,3785.346435546875,-139.45356445312518,139.45356445312518,19447.29663868194,3.5531381077539024,21.4,2.7,1902.8,3547.2,0.3491376146788991,53.4,941.1
1281,33,transformer,loso,Riyadh - K.A.CARE HQ,24.707744,46.6792,01-12-2018 00:00,3989.0,3791.59814453125,-197.40185546875,197.40185546875,38967.492542505264,4.9486551884870895,18.5,2.6,1469.9,4769.5,0.23558354970029172,48.2,942.7
1282,33,transformer,loso,Riyadh - K.A.CARE HQ,24.707744,46.6792,01-01-2019 00:00,4154.9,3972.8056640625,-182.09433593749964,182.09433593749964,33158.34718051897,4.38264063966641,18.2,2.7,2126.0,3618.2,0.3701124612652763,34.7,942.0
1283,33,transformer,loso,Riyadh - K.A.CARE HQ,24.707744,46.6792,01-02-2019 00:00,4844.9,4740.1591796875,-104.74082031249964,104.74082031249964,10970.639439735336,2.1618778573861097,18.0,3.1,2038.2,4674.0,0.30365602931974617,34.9,940.5
1284,33,transformer,loso,Riyadh - K.A.CARE HQ,24.707744,46.6792,01-03-2019 00:00,6177.3,6080.3115234375,-96.98847656250018,96.98847656250018,9406.764585914647,1.570078781385074,20.7,3.3,2522.5,5358.4,0.32007765610526717,27.1,938.1
1285,33,transformer,loso,Riyadh - K.A.CARE HQ,24.707744,46.6792,01-04-2019 00:00,6201.2,6148.09326171875,-53.10673828124982,53.10673828124982,2820.3256508731647,0.8563945410767241,25.6,3.1,2914.4,4333.6,0.4020971302428256,30.0,936.7
1286,33,transformer,loso,Riyadh - K.A.CARE HQ,24.707744,46.6792,01-05-2019 00:00,6293.4,6370.33447265625,76.93447265625036,76.93447265625036,5918.913082895335,1.2224627809490953,33.1,2.7,3011.6,4159.6,0.4199576082106202,20.4,935.0
1287,33,transformer,loso,Riyadh - K.A.CARE HQ,24.707744,46.6792,01-06-2019 00:00,7447.6,7497.3134765625,49.713476562499636,49.713476562499636,2471.429751930201,0.6675100242024227,38.8,2.9,2646.8,6268.4,0.2968862167982771,10.8,931.2
1288,33,transformer,loso,Riyadh - K.A.CARE HQ,24.707744,46.6792,01-07-2019 00:00,7800.8,7854.98046875,54.18046874999982,54.18046874999982,2935.523193969707,0.6945501583170933,38.8,3.5,2377.1,7142.7,0.2497006239626883,10.6,928.3
1289,33,transformer,loso,Riyadh - K.A.CARE HQ,24.707744,46.6792,01-08-2019 00:00,7400.6,7393.7119140625,-6.888085937500364,6.888085937500364,47.445727882390266,0.09307469580169667,38.0,3.0,2153.1,7024.4,0.23460637428493597,11.0,929.6
1290,33,transformer,loso,Riyadh - K.A.CARE HQ,24.707744,46.6792,01-09-2019 00:00,6625.9,6587.2470703125,-38.652929687499636,38.652929687499636,1494.0489734267908,0.5833611990446526,36.8,2.8,1975.7,6583.0,0.23084113241496954,14.0,933.3
1291,33,transformer,loso,Riyadh - K.A.CARE HQ,24.707744,46.6792,01-10-2019 00:00,5582.8,5582.3896484375,-0.4103515625001819,0.4103515625001819,0.16838840484634068,0.007350282340405924,31.9,2.5,1800.4,5925.4,0.23303735535478529,21.7,937.6
1292,33,transformer,loso,Riyadh - K.A.CARE HQ,24.707744,46.6792,01-11-2019 00:00,4037.4,3933.48291015625,-103.91708984375009,103.91708984375009,10798.761561594029,2.5738616397619776,22.2,2.5,1709.9,4156.5,0.291473476067094,40.6,940.8
1293,33,transformer,loso,Riyadh - K.A.CARE HQ,24.707744,46.6792,01-12-2019 00:00,3868.2,3682.10791015625,-186.09208984374982,186.09208984374982,34630.265902414256,4.810818723017161,17.9,2.5,1249.2,5068.1,0.19774270653602014,44.3,941.8
1294,33,transformer,loso,Riyadh - K.A.CARE HQ,24.707744,46.6792,01-01-2020 00:00,4365.8,4219.9072265625,-145.89277343750018,145.89277343750018,21284.70134128576,3.3417191222112828,15.0,2.7,1284.0,5824.0,0.18064153066966798,38.5,942.2
1295,33,transformer,loso,Riyadh - K.A.CARE HQ,24.707744,46.6792,01-02-2020 00:00,5206.5,5196.61767578125,-9.88232421875,9.88232421875,97.6603319644928,0.1898074372179007,18.9,3.1,2164.8,4979.0,0.30303199977602957,26.8,941.5
1296,33,transformer,loso,Riyadh - K.A.CARE HQ,24.707744,46.6792,01-03-2020 00:00,6299.3,6327.40625,28.106249999999818,28.106249999999818,789.9612890624898,0.4461805279951712,23.1,3.0,2696.3,5170.0,0.342765976380255,24.0,937.3
1297,33,transformer,loso,Riyadh - K.A.CARE HQ,24.707744,46.6792,01-04-2020 00:00,6176.2,6265.1806640625,88.98066406250018,88.98066406250018,7917.558577003511,1.4407024394044912,27.8,3.1,3111.0,3991.0,0.43804562095184457,29.4,936.0
1298,33,transformer,loso,Riyadh - K.A.CARE HQ,24.707744,46.6792,01-05-2020 00:00,7168.5,7281.78076171875,113.28076171875,113.28076171875,12832.530975580215,1.5802575394957104,33.9,3.0,3117.4,5301.3,0.3702947010821148,14.7,935.2
1299,33,transformer,loso,Riyadh - K.A.CARE HQ,24.707744,46.6792,01-09-2020 00:00,6645.7,6686.65625,40.95625000000018,40.95625000000018,1677.4144140625149,0.616281956753994,35.6,2.8,2015.4,6533.6,0.23574687097906188,14.1,933.2
1300,33,transformer,loso,Riyadh - K.A.CARE HQ,24.707744,46.6792,01-10-2020 00:00,6005.1,5961.8994140625,-43.200585937500364,43.200585937500364,1866.2906253433541,0.7193982770894799,28.3,2.4,1236.0,7759.2,0.13740661686232655,15.9,938.5
1301,33,transformer,loso,Riyadh - K.A.CARE HQ,24.707744,46.6792,01-11-2020 00:00,4552.7,4529.4072265625,-23.292773437499818,23.292773437499818,542.553294410697,0.5116254846025395,23.6,2.7,1309.7,5832.6,0.18337230303963709,34.3,940.6
1302,33,transformer,loso,Riyadh - K.A.CARE HQ,24.707744,46.6792,01-12-2020 00:00,3870.4,3751.313232421875,-119.08676757812509,119.08676757812509,14181.658212206385,3.0768594351520537,17.3,2.5,1472.9,4618.6,0.24179594516949848,46.6,942.6
1303,33,transformer,loso,Riyadh - K.A.CARE HQ,24.707744,46.6792,01-01-2021 00:00,4261.2,4165.2041015625,-95.99589843749982,95.99589843749982,9215.21251682278,2.25279025714587,16.6,2.4,1517.5,5078.2,0.2300741392119108,38.3,942.7
1304,33,transformer,loso,Riyadh - K.A.CARE HQ,24.707744,46.6792,01-02-2021 00:00,4898.9,4857.25,-41.649999999999636,41.649999999999636,1734.7224999999696,0.8501908591724598,18.3,2.9,1792.8,5224.7,0.2554755967224795,36.0,941.2
1305,33,transformer,loso,Riyadh - K.A.CARE HQ,24.707744,46.6792,01-10-2021 00:00,5736.8,5726.16259765625,-10.637402343750182,10.637402343750182,113.15432862282186,0.18542397057157617,31.2,2.7,1698.3,6358.3,0.21079611746890747,19.3,938.2
1306,33,transformer,loso,Riyadh - K.A.CARE HQ,24.707744,46.6792,01-11-2021 00:00,4751.9,4697.6875,-54.212499999999636,54.212499999999636,2938.9951562499605,1.1408594456953984,24.0,2.5,1483.4,5832.1,0.20277492994327115,28.5,940.6
1307,33,transformer,loso,Riyadh - K.A.CARE HQ,24.707744,46.6792,01-12-2021 00:00,3876.0,3774.3193359375,-101.6806640625,101.6806640625,10338.957444190979,2.6233401460913313,18.1,2.5,1548.0,4454.6,0.2578882484256822,35.1,942.2
535,34,transformer,loso,Riyadh - KSU,24.72359,46.61639,01-01-2017 00:00,4379.7,4321.1123046875,-58.58769531249982,58.58769531249982,3432.518042030313,1.3377102384295687,16.9,1.9,1684.0,4945.2,0.2540276353104447,36.5,942.7
536,34,transformer,loso,Riyadh - KSU,24.72359,46.61639,01-02-2017 00:00,4482.8,4465.54541015625,-17.254589843750182,17.254589843750182,297.7208706760469,0.384906528146475,14.5,2.0,2240.0,3624.6,0.381952733349248,44.1,943.2
537,34,transformer,loso,Riyadh - KSU,24.72359,46.61639,01-03-2017 00:00,5128.6,5123.89208984375,-4.707910156250364,4.707910156250364,22.164418039325327,0.09179717966404796,22.3,2.2,2825.4,3235.2,0.4661914661914662,39.3,938.5
538,34,transformer,loso,Riyadh - KSU,24.72359,46.61639,01-04-2017 00:00,6876.9,6948.10009765625,71.20009765625036,71.20009765625036,5069.453906259589,1.0353516505438551,29.7,2.2,3292.8,4711.6,0.4113737444405577,21.4,938.4
539,34,transformer,loso,Riyadh - KSU,24.72359,46.61639,01-05-2017 00:00,7158.3,7105.1591796875,-53.14082031250018,53.14082031250018,2823.9467834854318,0.7423664880278863,34.7,2.1,3808.4,4143.5,0.4789295640035715,19.2,935.5
540,34,transformer,loso,Riyadh - KSU,24.72359,46.61639,01-06-2017 00:00,8177.0,8179.1923828125,2.1923828125,2.1923828125,4.80654239654541,0.02681157897150544,37.0,2.3,2797.7,7017.4,0.2850403969394097,11.4,932.0
541,34,transformer,loso,Riyadh - KSU,24.72359,46.61639,01-09-2017 00:00,6742.2,6669.125,-73.07499999999982,73.07499999999982,5339.955624999973,1.0838450357450065,35.1,1.6,2054.9,6637.3,0.23640735371942662,12.7,934.6
542,34,transformer,loso,Riyadh - KSU,24.72359,46.61639,01-10-2017 00:00,5978.9,6013.72265625,34.822656250000364,34.822656250000364,1212.6173883056895,0.5824258015688566,30.4,1.4,1745.2,6675.4,0.20725363988314371,19.1,938.9
543,34,transformer,loso,Riyadh - KSU,24.72359,46.61639,01-11-2017 00:00,4498.9,4447.53173828125,-51.368261718749636,51.368261718749636,2638.6983120059595,1.141796032780227,22.8,1.6,1577.4,5164.4,0.23397312290486225,35.5,941.8
544,34,transformer,loso,Riyadh - KSU,24.72359,46.61639,01-03-2018 00:00,6286.7,6237.08544921875,-49.61455078124982,49.61455078124982,2461.603649225217,0.7891986380970909,25.9,1.9,2318.5,5733.3,0.2879480364638963,23.0,939.4
545,34,transformer,loso,Riyadh - KSU,24.72359,46.61639,01-04-2018 00:00,6105.1,6019.72802734375,-85.37197265625036,85.37197265625036,7288.37371521956,1.3983714051571696,26.9,2.2,3399.3,3434.4,0.4974318451205057,33.4,936.7
546,34,transformer,loso,Riyadh - KSU,24.72359,46.61639,01-05-2018 00:00,7141.6,7134.12744140625,-7.472558593750364,7.472558593750364,55.83913193703241,0.10463423593803017,33.1,2.2,3500.5,4557.7,0.4344022238216972,18.1,935.1
547,34,transformer,loso,Riyadh - KSU,24.72359,46.61639,01-06-2018 00:00,7787.4,7785.35888671875,-2.041113281249636,2.041113281249636,4.166143426893656,0.026210458962550226,37.5,2.4,3191.4,5845.5,0.3531520764864058,12.6,931.0
548,34,transformer,loso,Riyadh - KSU,24.72359,46.61639,01-07-2018 00:00,7549.8,7538.0908203125,-11.709179687500182,11.709179687500182,137.10488895416685,0.15509258109486584,38.0,2.2,2897.7,5911.1,0.3289551357733176,11.8,928.6
549,34,transformer,loso,Riyadh - KSU,24.72359,46.61639,01-08-2018 00:00,7345.4,7322.06298828125,-23.337011718749636,23.337011718749636,544.6161159610579,0.317709201932497,37.0,1.9,2459.3,6446.6,0.2761427817514232,13.3,930.3
550,34,transformer,loso,Riyadh - KSU,24.72359,46.61639,01-09-2018 00:00,6565.6,6590.39111328125,24.791113281249636,24.791113281249636,614.5992977237521,0.37759097845207806,36.4,1.7,2366.5,5812.3,0.2893456252751015,14.3,934.6
551,34,transformer,loso,Riyadh - KSU,24.72359,46.61639,01-10-2018 00:00,5125.0,5048.54248046875,-76.45751953125,76.45751953125,5845.752292871475,1.4918540396341464,29.1,1.5,2006.4,4792.2,0.29511958344365014,30.6,940.2
552,34,transformer,loso,Riyadh - KSU,24.72359,46.61639,01-11-2018 00:00,3889.5,3826.711669921875,-62.788330078125,62.788330078125,3942.3743939995766,1.6143033829059006,21.3,1.9,1887.6,3492.5,0.3508484972398282,56.6,941.9
553,34,transformer,loso,Riyadh - KSU,24.72359,46.61639,01-12-2018 00:00,3977.8,3844.30908203125,-133.49091796875018,133.49091796875018,17819.82518013959,3.3558981841407354,18.4,1.8,1442.7,4760.7,0.2325660121868653,50.5,943.5
554,34,transformer,loso,Riyadh - KSU,24.72359,46.61639,01-01-2019 00:00,4125.2,4057.90283203125,-67.29716796874982,67.29716796874982,4528.908816614126,1.6313673996109237,18.2,1.9,2100.8,3592.9,0.368969211584734,36.5,942.9
555,34,transformer,loso,Riyadh - KSU,24.72359,46.61639,01-02-2019 00:00,4913.4,4854.416015625,-58.983984374999636,58.983984374999636,3479.1104127502012,1.200471860117223,18.1,2.2,2046.4,4755.0,0.30087923074661105,36.8,941.6
556,34,transformer,loso,Riyadh - KSU,24.72359,46.61639,01-03-2019 00:00,6189.1,6121.31591796875,-67.78408203125036,67.78408203125036,4594.681776819279,1.0952171080003614,21.0,2.4,2525.2,5356.4,0.3203917986195696,28.0,939.2
557,34,transformer,loso,Riyadh - KSU,24.72359,46.61639,01-04-2019 00:00,6199.7,6098.23486328125,-101.46513671874982,101.46513671874982,10295.173969354593,1.6366136541889096,25.7,2.2,2922.9,4329.2,0.40304187752513065,31.3,937.7
558,34,transformer,loso,Riyadh - KSU,24.72359,46.61639,01-05-2019 00:00,6209.3,6215.6044921875,6.304492187499818,6.304492187499818,39.74662174224624,0.10153305827548707,32.9,1.8,2962.2,4113.4,0.41865000847984624,21.9,935.9
559,34,transformer,loso,Riyadh - KSU,24.72359,46.61639,01-06-2019 00:00,7261.7,7296.3701171875,34.67011718750018,34.67011718750018,1202.0170257949956,0.4774380267361662,38.0,1.9,2606.6,6062.2,0.300687523071244,12.3,932.0
560,34,transformer,loso,Riyadh - KSU,24.72359,46.61639,01-07-2019 00:00,7737.8,7838.40087890625,100.60087890624982,100.60087890624982,10120.53683670994,1.300122501308509,38.0,2.3,2394.1,7027.0,0.2541210686650179,11.9,929.0
561,34,transformer,loso,Riyadh - KSU,24.72359,46.61639,01-08-2019 00:00,7412.5,7289.29736328125,-123.20263671875,123.20263671875,15178.889694452286,1.6620929068296795,37.3,2.0,2176.6,7002.8,0.237117894415757,12.4,930.4
562,34,transformer,loso,Riyadh - KSU,24.72359,46.61639,01-09-2019 00:00,6639.2,6547.94091796875,-91.25908203124982,91.25908203124982,8328.220053186384,1.3745493738891708,35.9,1.7,2004.4,6547.9,0.23436970171766663,15.8,934.0
563,34,transformer,loso,Riyadh - KSU,24.72359,46.61639,01-10-2019 00:00,5614.5,5721.92724609375,107.42724609375,107.42724609375,11540.613203287125,1.913389368487844,31.2,1.6,1800.2,5991.1,0.23105258429273678,23.6,938.3
564,34,transformer,loso,Riyadh - KSU,24.72359,46.61639,01-11-2019 00:00,4052.7,3968.720947265625,-83.97905273437482,83.97905273437482,7052.481298162907,2.072175407367306,22.1,1.7,1703.6,4160.2,0.2905283263412804,42.8,941.5
565,34,transformer,loso,Riyadh - KSU,24.72359,46.61639,01-12-2019 00:00,3978.1,3787.778564453125,-190.3214355468749,190.3214355468749,36222.24882862326,4.784229545433119,17.8,1.8,1288.7,5120.3,0.2010766110157591,46.3,942.3
566,34,transformer,loso,Riyadh - KSU,24.72359,46.61639,01-01-2020 00:00,4446.7,4321.869140625,-124.83085937499982,124.83085937499982,15582.74345230098,2.8072696465918505,14.8,1.8,1305.5,5841.8,0.1826563877268339,40.8,942.8
567,34,transformer,loso,Riyadh - KSU,24.72359,46.61639,01-02-2020 00:00,5154.1,5154.1708984375,0.0708984374996362,0.0708984374996362,0.005026588439889821,0.0013755735724886244,19.0,2.2,2118.4,4982.2,0.2983409852688505,27.8,942.4
568,34,transformer,loso,Riyadh - KSU,24.72359,46.61639,01-03-2020 00:00,6235.7,6283.37158203125,47.67158203125018,47.67158203125018,2272.5797333622154,0.7644944758607723,23.1,2.0,2676.4,5101.0,0.34412528608532417,24.9,938.4
569,34,transformer,loso,Riyadh - KSU,24.72359,46.61639,01-04-2020 00:00,6285.3,6340.39013671875,55.09013671874982,55.09013671874982,3034.923163690547,0.8764917620280626,28.4,2.3,3200.1,3992.3,0.4449279795339525,29.0,936.7
570,34,transformer,loso,Riyadh - KSU,24.72359,46.61639,01-05-2020 00:00,7182.2,7264.19921875,81.99921875000018,81.99921875000018,6723.871875610382,1.1417005757288878,33.5,2.0,3132.4,5272.8,0.37267405891590916,16.3,936.2
571,34,transformer,loso,Riyadh - KSU,24.72359,46.61639,01-09-2020 00:00,6630.2,6620.380859375,-9.819140624999818,9.819140624999818,96.41552261352182,0.14809720106482185,35.1,1.6,2016.9,6497.7,0.23687548446198295,15.2,934.1
572,34,transformer,loso,Riyadh - KSU,24.72359,46.61639,01-10-2020 00:00,5985.7,5978.41552734375,-7.284472656249818,7.284472656249818,53.06354187965128,0.12169792432380204,27.8,1.4,1247.3,7725.2,0.1390136528280858,17.0,939.5
573,34,transformer,loso,Riyadh - KSU,24.72359,46.61639,01-11-2020 00:00,4530.7,4535.388671875,4.688671875000182,4.688671875000182,21.983643951417722,0.10348669907520212,23.5,1.8,1331.9,5734.9,0.18847285900266036,36.1,941.6
574,34,transformer,loso,Riyadh - KSU,24.72359,46.61639,01-12-2020 00:00,3933.7,3807.976318359375,-125.72368164062482,125.72368164062482,15806.444125273181,3.196066849038433,17.5,1.7,1489.7,4640.4,0.24301398019608167,49.0,943.6
575,34,transformer,loso,Riyadh - KSU,24.72359,46.61639,01-01-2021 00:00,4327.6,4236.43505859375,-91.16494140625036,91.16494140625036,8311.046541605063,2.1065935254240307,16.7,1.6,1550.3,5067.0,0.2342798422317259,40.7,943.8
576,34,transformer,loso,Riyadh - KSU,24.72359,46.61639,01-02-2021 00:00,4880.6,4980.45263671875,99.85263671874964,99.85263671874964,9970.549059686587,2.045909042305242,18.5,2.0,1799.3,5203.8,0.25692907426711026,37.6,942.2
577,34,transformer,loso,Riyadh - KSU,24.72359,46.61639,01-03-2021 00:00,6313.1,6462.15966796875,149.05966796874964,149.05966796874964,22218.784614953885,2.361116851764579,25.3,2.2,2866.7,4834.0,0.37226485903878864,20.6,939.3
578,34,transformer,loso,Riyadh - KSU,24.72359,46.61639,01-04-2021 00:00,6907.5,6987.75439453125,80.25439453125,80.25439453125,6440.76784157753,1.161844292888165,29.6,1.9,3077.5,5034.0,0.3793996178265426,16.8,938.1
579,34,transformer,loso,Riyadh - KSU,24.72359,46.61639,01-05-2021 00:00,7581.9,7635.7421875,53.842187500000364,53.842187500000364,2898.9811547851955,0.710141092602123,35.5,1.8,2738.9,6268.5,0.30407220729622314,12.8,934.2
580,34,transformer,loso,Riyadh - KSU,24.72359,46.61639,01-07-2021 00:00,7521.9,7583.38671875,61.486718750000364,61.486718750000364,3780.6165826416463,0.8174360035363454,39.5,2.0,2563.7,6441.0,0.28470687529845523,16.3,928.0
581,34,transformer,loso,Riyadh - KSU,24.72359,46.61639,01-08-2021 00:00,7314.8,7164.3056640625,-150.49433593750018,150.49433593750018,22648.545149269157,2.0573950885533465,38.6,1.8,2211.4,6769.8,0.24622544871509375,13.5,930.7
582,34,transformer,loso,Riyadh - KSU,24.72359,46.61639,01-09-2021 00:00,6750.1,6756.6630859375,6.563085937499636,6.563085937499636,43.07409702300548,0.09722946234129326,34.3,2.1,1875.2,6940.9,0.21270176154989168,15.4,933.7
583,34,transformer,loso,Riyadh - KSU,24.72359,46.61639,01-10-2021 00:00,5645.1,5687.85546875,42.755468749999636,42.755468749999636,1828.0301080321954,0.7573908123859565,30.8,1.6,1681.4,6241.3,0.2122256301513373,20.7,939.0
584,34,transformer,loso,Riyadh - KSU,24.72359,46.61639,01-11-2021 00:00,4651.8,4628.4482421875,-23.351757812500182,23.351757812500182,545.3045929336632,0.5019940197880429,23.7,1.5,1465.7,5656.9,0.20578159660798026,30.5,941.5
585,34,transformer,loso,Riyadh - KSU,24.72359,46.61639,01-12-2021 00:00,3779.4,3755.399658203125,-24.00034179687509,24.00034179687509,576.0164063668294,0.6350304756542068,18.2,1.6,1528.9,4263.2,0.26396298406450164,37.3,943.2
1021,35,transformer,loso,Shaqra - University,25.17279,45.14198,01-01-2017 00:00,4376.5,4344.73291015625,-31.76708984375,31.76708984375,1009.1479971408844,0.7258560457843025,15.8,2.0,1651.9,5148.0,0.24293004308886898,37.4,928.8
1022,35,transformer,loso,Shaqra - University,25.17279,45.14198,01-02-2017 00:00,4770.5,4729.4560546875,-41.0439453125,41.0439453125,1684.6054468154907,0.8603698839220207,13.7,2.0,2193.4,4202.8,0.3429223601513398,42.1,929.2
1023,35,transformer,loso,Shaqra - University,25.17279,45.14198,01-03-2017 00:00,5267.3,5172.5712890625,-94.72871093750018,94.72871093750018,8973.528675880467,1.7984301432897345,21.5,2.4,2988.1,3208.7,0.48220049057578107,39.0,924.4
1024,35,transformer,loso,Shaqra - University,25.17279,45.14198,01-04-2017 00:00,6521.1,6549.416015625,28.316015624999636,28.316015624999636,801.7967408752236,0.4342214599530698,28.1,2.1,3339.2,4171.1,0.44461606061009545,23.4,924.6
1025,35,transformer,loso,Shaqra - University,25.17279,45.14198,01-05-2017 00:00,7071.3,7013.685546875,-57.61445312500018,57.61445312500018,3319.4252088928433,0.8147646560745575,33.2,2.1,3783.9,4083.1,0.4809838566162451,18.9,922.0
1026,35,transformer,loso,Shaqra - University,25.17279,45.14198,01-06-2017 00:00,8038.0,8118.083984375,80.083984375,80.083984375,6413.444553375244,0.9963172975242598,36.1,1.9,2708.2,7005.7,0.2787963639732754,9.7,918.9
1027,35,transformer,loso,Shaqra - University,25.17279,45.14198,01-09-2017 00:00,6905.7,7000.88720703125,95.18720703125018,95.18720703125018,9060.604382410083,1.378386072827522,34.1,1.6,2195.5,6640.8,0.24846372350418164,10.2,921.5
1028,35,transformer,loso,Shaqra - University,25.17279,45.14198,01-10-2017 00:00,6051.4,6225.642578125,174.24257812500036,174.24257812500036,30360.476031646856,2.879376311679948,28.9,1.6,1753.7,6887.0,0.2029580936729663,15.4,925.4
1029,35,transformer,loso,Shaqra - University,25.17279,45.14198,01-11-2017 00:00,4543.3,4554.00634765625,10.706347656249818,10.706347656249818,114.62588013648597,0.23565134717605743,21.5,1.8,1716.0,5058.0,0.2533215234720992,35.9,927.9
1030,35,transformer,loso,Shaqra - University,25.17279,45.14198,01-03-2018 00:00,6267.0,6366.14111328125,99.14111328125,99.14111328125,9828.960342645645,1.5819548951850966,24.3,2.0,2527.2,5471.2,0.3159631926385277,24.0,925.5
1031,35,transformer,loso,Shaqra - University,25.17279,45.14198,01-06-2018 00:00,7855.3,7864.86474609375,9.564746093749818,9.564746093749818,91.48436783790241,0.12176169075337438,35.5,1.2,2937.8,6331.1,0.31695238917239366,12.5,918.2
1032,35,transformer,loso,Shaqra - University,25.17279,45.14198,01-07-2018 00:00,7713.6,7688.859375,-24.740625000000364,24.740625000000364,612.098525390643,0.3207403158058541,35.7,1.4,2713.8,6471.7,0.2954439061564422,11.7,916.1
1033,35,transformer,loso,Shaqra - University,25.17279,45.14198,01-08-2018 00:00,7504.7,7477.11474609375,-27.585253906249818,27.585253906249818,760.9462330722708,0.3675730396451533,35.2,1.2,2103.0,7323.4,0.22309683442247305,12.9,917.5
1034,35,transformer,loso,Shaqra - University,25.17279,45.14198,01-09-2018 00:00,6501.4,6612.3369140625,110.93691406250036,110.93691406250036,12306.99890171059,1.7063542323576517,35.1,1.0,2424.8,5671.4,0.2994985301746499,12.5,921.5
1035,35,transformer,loso,Shaqra - University,25.17279,45.14198,01-10-2018 00:00,5224.4,5194.00341796875,-30.396582031249636,30.396582031249636,923.9521991824882,0.5818195779658839,27.1,0.8,1942.9,5105.2,0.27566294462337365,31.4,926.9
1036,35,transformer,loso,Shaqra - University,25.17279,45.14198,01-11-2018 00:00,3692.9,3585.060302734375,-107.83969726562509,107.83969726562509,11629.400306341668,2.920190020461564,18.7,0.8,1877.7,3227.1,0.36783027738598967,68.3,928.3
1037,35,transformer,loso,Shaqra - University,25.17279,45.14198,01-12-2018 00:00,4008.8,4026.9189453125,18.118945312499818,18.118945312499818,328.2961792373591,0.4519792784000154,16.9,0.4,1548.2,4811.6,0.24343532815497343,54.8,929.5
1038,35,transformer,loso,Shaqra - University,25.17279,45.14198,01-01-2019 00:00,4012.7,3888.24267578125,-124.45732421874982,124.45732421874982,15489.62555169101,3.101585571279932,16.3,0.5,2337.2,3045.2,0.43423008323424495,41.7,928.9
1039,35,transformer,loso,Shaqra - University,25.17279,45.14198,01-02-2019 00:00,4614.9,4549.37890625,-65.52109374999964,65.52109374999964,4293.013726196242,1.419772774057935,16.2,0.5,2060.4,4302.8,0.3237993462408851,43.0,927.8
1040,35,transformer,loso,Shaqra - University,25.17279,45.14198,01-03-2019 00:00,6134.1,6125.41455078125,-8.685449218750364,8.685449218750364,75.4370281314913,0.14159288597757394,19.3,0.9,2454.1,5459.8,0.31009995071961993,28.2,925.3
1041,35,transformer,loso,Shaqra - University,25.17279,45.14198,01-04-2019 00:00,6514.2,6358.43408203125,-155.76591796874982,155.76591796874982,24263.021200647298,2.391174940418621,23.6,0.5,2805.7,4983.8,0.36018999935811025,33.3,924.1
1042,35,transformer,loso,Shaqra - University,25.17279,45.14198,01-05-2019 00:00,6931.7,6933.576171875,1.876171875000182,1.876171875000182,3.520020904541698,0.027066547528026053,31.2,0.4,3084.3,4914.3,0.38560498087165257,22.6,922.3
1043,35,transformer,loso,Shaqra - University,25.17279,45.14198,01-06-2019 00:00,7617.1,7696.96728515625,79.86728515624964,79.86728515624964,6378.783238229694,1.0485261471721474,36.3,1.1,2765.3,6356.2,0.3031628569862413,11.4,919.0
1044,35,transformer,loso,Shaqra - University,25.17279,45.14198,01-07-2019 00:00,7863.9,7879.5185546875,15.618554687500364,15.618554687500364,243.9392505264396,0.19861079982579083,36.2,1.4,2246.1,7477.3,0.2309994446387066,11.4,916.3
1045,35,transformer,loso,Shaqra - University,25.17279,45.14198,01-08-2019 00:00,7506.2,7408.0390625,-98.16093749999982,98.16093749999982,9635.56965087887,1.3077314420079378,35.2,1.7,2065.5,7348.6,0.21940493515046577,12.1,917.7
1046,35,transformer,loso,Shaqra - University,25.17279,45.14198,01-09-2019 00:00,6681.2,6705.3388671875,24.138867187500182,24.138867187500182,582.6849090957729,0.3612953838756538,34.1,1.1,2028.3,6615.0,0.23466731456735276,13.9,920.9
1047,35,transformer,loso,Shaqra - University,25.17279,45.14198,01-10-2019 00:00,5639.6,5671.4921875,31.892187499999636,31.892187499999636,1017.111623535133,0.5655044240726228,29.2,1.0,1808.2,6042.5,0.2303234106512795,22.4,924.7
1048,35,transformer,loso,Shaqra - University,25.17279,45.14198,01-11-2019 00:00,4080.6,4071.267578125,-9.332421874999909,9.332421874999909,87.09409805297682,0.22870219759348892,20.4,0.2,1769.5,4173.6,0.29774023657687065,43.9,927.7
1049,35,transformer,loso,Shaqra - University,25.17279,45.14198,01-12-2019 00:00,4239.8,4143.0869140625,-96.71308593750018,96.71308593750018,9353.420991554296,2.281076605913019,16.5,0.2,1230.8,6053.3,0.1689707719553548,44.1,928.4
1050,35,transformer,loso,Shaqra - University,25.17279,45.14198,01-01-2020 00:00,4597.3,4527.9375,-69.36250000000018,69.36250000000018,4811.156406250026,1.5087660148347983,13.1,0.4,1230.6,6521.2,0.15875022575401843,38.8,929.1
1051,35,transformer,loso,Shaqra - University,25.17279,45.14198,01-02-2020 00:00,5296.2,5440.70166015625,144.50166015625018,144.50166015625018,20880.72978791242,2.7284026312497676,17.4,0.4,2156.0,5290.3,0.28953977143010623,28.6,928.3
1052,35,transformer,loso,Shaqra - University,25.17279,45.14198,01-03-2020 00:00,6388.6,6421.0947265625,32.494726562499636,32.494726562499636,1055.9072543716195,0.5086361106110828,21.1,0.3,2721.6,5345.2,0.3373828531759806,24.1,924.8
1053,35,transformer,loso,Shaqra - University,25.17279,45.14198,01-04-2020 00:00,6946.7,6837.07373046875,-109.62626953124982,109.62626953124982,12017.918971338233,1.5781057125145728,26.2,0.3,3047.1,5120.9,0.3730533790401567,29.9,922.7
1054,35,transformer,loso,Shaqra - University,25.17279,45.14198,01-05-2020 00:00,7207.3,7130.8818359375,-76.41816406250018,76.41816406250018,5839.735798683194,1.06028837515436,31.6,0.2,3356.9,4948.0,0.4042071548122193,16.2,922.5
1055,35,transformer,loso,Shaqra - University,25.17279,45.14198,01-09-2020 00:00,6670.5,6833.7548828125,163.2548828125,163.2548828125,26652.156762123108,2.44741597800015,33.4,0.0,2016.7,6662.2,0.2323681572549517,12.8,921.1
1056,35,transformer,loso,Shaqra - University,25.17279,45.14198,01-12-2020 00:00,3944.8,3911.065673828125,-33.73432617187518,33.73432617187518,1138.0047622704628,0.8551593533734329,15.7,0.0,1477.4,4816.3,0.23474267918712363,53.2,929.8
1057,35,transformer,loso,Shaqra - University,25.17279,45.14198,01-01-2021 00:00,4399.0,4354.9609375,-44.0390625,44.0390625,1939.4390258789062,1.001115310297795,15.1,0.0,1464.0,5528.6,0.20936418499556672,43.2,930.1
1058,35,transformer,loso,Shaqra - University,25.17279,45.14198,01-02-2021 00:00,5016.8,5056.681640625,39.88164062499982,39.88164062499982,1590.545258941636,0.7949617410500681,16.7,0.0,1963.2,5167.6,0.2753127278846693,39.7,928.8
1059,35,transformer,loso,Shaqra - University,25.17279,45.14198,01-03-2021 00:00,6316.0,6327.1669921875,11.1669921875,11.1669921875,124.70171451568604,0.17680481614154528,23.1,0.0,2925.7,4811.0,0.37815864645132935,21.9,925.9
1060,35,transformer,loso,Shaqra - University,25.17279,45.14198,01-04-2021 00:00,6755.0,6755.96630859375,0.96630859375,0.96630859375,0.9337522983551025,0.014305086509992598,27.1,0.0,3187.9,4723.0,0.40297564120390855,18.5,924.9
1061,35,transformer,loso,Shaqra - University,25.17279,45.14198,01-05-2021 00:00,7730.5,7778.5791015625,48.0791015625,48.0791015625,2311.60000705719,0.6219403862945475,33.2,0.0,2729.1,6537.5,0.2945093130166404,11.6,920.7
1062,35,transformer,loso,Shaqra - University,25.17279,45.14198,01-07-2021 00:00,7615.5,7745.97412109375,130.47412109375,130.47412109375,17023.49627518654,1.7132705809697328,37.6,0.0,2574.2,6625.9,0.279801306507538,13.0,915.0
1063,35,transformer,loso,Shaqra - University,25.17279,45.14198,01-08-2021 00:00,7483.7,7484.90673828125,1.206738281250182,1.206738281250182,1.456217279434643,0.016124888507692475,36.2,0.0,2113.4,7255.4,0.22557851592519856,11.5,917.7
1064,35,transformer,loso,Shaqra - University,25.17279,45.14198,01-09-2021 00:00,6809.4,6882.0126953125,72.61269531250036,72.61269531250036,5272.603520546012,1.066359669170564,32.3,0.0,1882.6,7070.6,0.2102711879551445,14.0,920.7
1065,35,transformer,loso,Shaqra - University,25.17279,45.14198,01-10-2021 00:00,5778.5,5859.615234375,81.115234375,81.115234375,6579.681247711182,1.4037420502725622,28.9,0.0,1691.3,6501.1,0.2064474390898882,17.3,925.4
1066,35,transformer,loso,Shaqra - University,25.17279,45.14198,01-11-2021 00:00,4729.9,4689.47265625,-40.427343749999636,40.427343749999636,1634.3701226806347,0.8547187836952078,21.7,0.0,1478.9,5897.1,0.20050162689804774,29.7,927.8
1067,35,transformer,loso,Shaqra - University,25.17279,45.14198,01-12-2021 00:00,3911.0,3938.11572265625,27.11572265625,27.11572265625,735.2624151706696,0.6933194235809256,16.1,0.0,1694.5,4351.2,0.28028185321798965,38.8,929.7
0,36,transformer,loso,Sharurah - TVTC,17.47586,47.08618,01-05-2017 00:00,7400.9,7468.9697265625,68.06972656250036,68.06972656250036,4633.487674293568,0.9197493083611502,34.5,3.8,2866.0,5908.4,0.3266320204230489,19.9,926.6
1,36,transformer,loso,Sharurah - TVTC,17.47586,47.08618,01-06-2017 00:00,7412.5,7479.46484375,66.96484375,66.96484375,4484.290298461914,0.903404300168634,36.3,3.3,3404.4,5124.4,0.3991651815026733,10.1,923.4
2,36,transformer,loso,Sharurah - TVTC,17.47586,47.08618,01-09-2017 00:00,6528.3,6303.322265625,-224.97773437500018,224.97773437500018,50614.98096450814,3.4461917248747787,33.9,3.3,2007.4,6131.6,0.2466396363189581,14.3,925.6
3,36,transformer,loso,Sharurah - TVTC,17.47586,47.08618,01-10-2017 00:00,6073.3,5900.73828125,-172.56171875000018,172.56171875000018,29777.546777954165,2.841317220456756,29.2,3.3,1451.7,6975.2,0.17226975518874083,17.7,930.1
4,36,transformer,loso,Sharurah - TVTC,17.47586,47.08618,01-11-2017 00:00,5262.7,4975.3544921875,-287.3455078124998,287.3455078124998,82567.44086002339,5.460039671888952,24.8,3.5,1092.0,7020.8,0.13460211024553792,28.9,932.6
5,36,transformer,loso,Sharurah - TVTC,17.47586,47.08618,01-03-2018 00:00,7122.5,7075.48876953125,-47.01123046875,47.01123046875,2210.0557901859283,0.6600383358195858,27.4,3.9,1905.3,7405.5,0.20463332903724707,18.0,930.4
6,36,transformer,loso,Sharurah - TVTC,17.47586,47.08618,01-04-2018 00:00,6758.0,6900.0595703125,142.0595703125,142.0595703125,20180.92151737213,2.1020948551716483,31.4,4.0,3578.9,4034.8,0.47006054874765224,24.4,927.5
7,36,transformer,loso,Sharurah - TVTC,17.47586,47.08618,01-05-2018 00:00,7276.2,7240.5576171875,-35.64238281249982,35.64238281249982,1270.3794525527824,0.489848860840821,33.1,3.9,2861.0,5660.0,0.3357587137659899,21.8,926.2
8,36,transformer,loso,Sharurah - TVTC,17.47586,47.08618,01-06-2018 00:00,6892.3,7042.2548828125,149.95488281249982,149.95488281249982,22486.466879310552,2.1756871118857246,36.2,3.6,3875.3,3752.6,0.5080428427221123,14.7,922.9
9,36,transformer,loso,Sharurah - TVTC,17.47586,47.08618,01-07-2018 00:00,6505.0,6528.15673828125,23.15673828125,23.15673828125,536.2345278263092,0.3559836784204458,36.8,3.8,3845.5,3268.7,0.5405386410278036,11.9,920.8
10,36,transformer,loso,Sharurah - TVTC,17.47586,47.08618,01-08-2018 00:00,6688.9,6792.07421875,103.17421875000036,103.17421875000036,10644.919414672926,1.5424691466459413,36.6,3.7,3350.5,4163.6,0.4458950506381336,15.4,921.7
11,36,transformer,loso,Sharurah - TVTC,17.47586,47.08618,01-09-2018 00:00,6771.1,6613.94189453125,-157.15810546875036,157.15810546875036,24698.670114526863,2.3210129147221332,34.1,3.7,1989.3,6609.0,0.23135968738006352,16.3,925.9
12,36,transformer,loso,Sharurah - TVTC,17.47586,47.08618,01-04-2019 00:00,6784.3,6865.33544921875,81.03544921874982,81.03544921874982,6566.74403008458,1.1944555697529562,30.9,4.0,3090.8,4821.7,0.3906224328593997,23.7,928.2
13,36,transformer,loso,Sharurah - TVTC,17.47586,47.08618,01-05-2019 00:00,7180.5,7171.509765625,-8.990234375,8.990234375,80.82431411743164,0.12520345902095953,33.2,3.5,2921.6,5517.5,0.34619805429488926,23.2,927.4
14,36,transformer,loso,Sharurah - TVTC,17.47586,47.08618,01-06-2019 00:00,7425.5,7480.763671875,55.263671875,55.263671875,3054.073429107666,0.744241759814154,36.5,3.4,3053.4,5649.9,0.35083244286649895,13.7,923.2
15,36,transformer,loso,Sharurah - TVTC,17.47586,47.08618,01-07-2019 00:00,7131.2,7303.716796875,172.51679687500018,172.51679687500018,29762.04520401007,2.4191832633357664,37.3,3.6,3780.9,4164.7,0.4758482682239227,15.3,920.5
16,36,transformer,loso,Sharurah - TVTC,17.47586,47.08618,01-08-2019 00:00,6987.6,7053.9296875,66.32968749999964,66.32968749999964,4399.6274438476075,0.9492484901826039,36.3,3.9,3195.1,4911.8,0.3941210573708816,15.6,922.3
17,36,transformer,loso,Sharurah - TVTC,17.47586,47.08618,01-09-2019 00:00,6840.7,6842.7978515625,2.097851562500182,2.097851562500182,4.400981178284455,0.030667206024239946,34.7,3.8,2555.1,5726.3,0.30853478880382545,19.3,924.7
18,36,transformer,loso,Sharurah - TVTC,17.47586,47.08618,01-10-2019 00:00,6614.2,6565.8515625,-48.34843749999982,48.34843749999982,2337.5714086913886,0.7309793701430229,30.5,3.7,1531.1,7635.1,0.1670375946411817,20.7,929.3
19,36,transformer,loso,Sharurah - TVTC,17.47586,47.08618,01-11-2019 00:00,5571.5,5545.7626953125,-25.7373046875,25.7373046875,662.4088525772095,0.46194570021538184,24.5,3.8,1426.3,6870.4,0.17191172393843338,36.2,932.1
20,36,transformer,loso,Sharurah - TVTC,17.47586,47.08618,01-12-2019 00:00,5309.2,5078.01416015625,-231.18583984374982,231.18583984374982,53446.89254425994,4.354438330515894,22.0,3.5,1168.4,7408.1,0.13623272896869354,37.8,933.1
21,36,transformer,loso,Sharurah - TVTC,17.47586,47.08618,01-01-2020 00:00,5578.3,5635.62353515625,57.32353515624982,57.32353515624982,3285.987682809809,1.0276165705725726,19.9,3.4,1640.6,6715.3,0.19634031043933028,34.4,933.8
22,36,transformer,loso,Sharurah - TVTC,17.47586,47.08618,01-02-2020 00:00,6153.8,6280.0400390625,126.24003906249982,126.24003906249982,15936.54746250148,2.051416020385775,23.6,3.9,2103.2,6297.3,0.2503660496399024,23.6,932.7
23,36,transformer,loso,Sharurah - TVTC,17.47586,47.08618,01-03-2020 00:00,6779.9,6910.740234375,130.84023437500036,130.84023437500036,17119.166931305026,1.929825430684824,26.9,4.2,3186.7,4887.2,0.394691536927631,26.1,929.2
24,36,transformer,loso,Sharurah - TVTC,17.47586,47.08618,01-04-2020 00:00,7098.2,7095.5771484375,-2.622851562499818,2.622851562499818,6.879350318907737,0.03695093914654163,31.1,3.8,2729.7,5737.1,0.3224004346388246,34.4,927.9
25,36,transformer,loso,Sharurah - TVTC,17.47586,47.08618,01-05-2020 00:00,7522.2,7568.76513671875,46.56513671875018,46.56513671875018,2168.3119576358963,0.6190361426012361,34.6,3.7,2767.2,6153.8,0.3101894406456675,19.4,927.0
26,36,transformer,loso,Sharurah - TVTC,17.47586,47.08618,01-09-2020 00:00,7309.1,7322.88671875,13.786718749999636,13.786718749999636,190.07361389159152,0.1886240268979715,33.4,3.3,1963.5,7390.4,0.20991244293823969,15.2,925.1
27,36,transformer,loso,Sharurah - TVTC,17.47586,47.08618,01-10-2020 00:00,6800.6,6741.13037109375,-59.469628906250364,59.469628906250364,3536.636762247129,0.8744762066030991,27.6,2.8,1365.0,8286.2,0.1414331896551724,17.3,930.4
28,36,transformer,loso,Sharurah - TVTC,17.47586,47.08618,01-11-2020 00:00,5977.3,5895.0859375,-82.21406250000018,82.21406250000018,6759.152072753936,1.3754381158717177,25.1,3.2,1054.2,8351.0,0.11208693063411729,26.4,932.6
29,36,transformer,loso,Sharurah - TVTC,17.47586,47.08618,01-12-2020 00:00,5510.5,5252.8466796875,-257.6533203125,257.6533203125,66385.23346805573,4.6756795265856095,21.2,3.3,1098.5,7951.0,0.12138792198464003,35.8,934.1
30,36,transformer,loso,Sharurah - TVTC,17.47586,47.08618,01-01-2021 00:00,5912.8,5614.74951171875,-298.0504882812502,298.0504882812502,88834.09356469165,5.040767289291878,19.8,3.2,1163.1,8247.4,0.12359598321024387,26.6,934.3
31,36,transformer,loso,Sharurah - TVTC,17.47586,47.08618,01-02-2021 00:00,6299.1,6386.0869140625,86.98691406249964,86.98691406249964,7566.723218116697,1.3809419450794498,22.9,3.8,1854.5,6918.3,0.21139202991063288,25.7,932.3
32,36,transformer,loso,Sharurah - TVTC,17.47586,47.08618,01-03-2021 00:00,7471.9,7573.93115234375,102.03115234375036,102.03115234375036,10410.356048593596,1.3655315561470358,27.7,3.6,1970.8,7876.3,0.20014014278315442,16.1,930.2
33,36,transformer,loso,Sharurah - TVTC,17.47586,47.08618,01-04-2021 00:00,7598.6,7602.01513671875,3.415136718749636,3.415136718749636,11.663158807752032,0.04494428866830253,30.1,3.7,2565.5,6611.2,0.27956672878049843,19.5,929.0
34,36,transformer,loso,Sharurah - TVTC,17.47586,47.08618,01-05-2021 00:00,7702.5,7787.87109375,85.37109375,85.37109375,7288.223648071289,1.10835564751704,34.4,3.6,2769.7,6458.4,0.30013762312935494,13.7,925.9
35,36,transformer,loso,Sharurah - TVTC,17.47586,47.08618,01-07-2021 00:00,6678.1,6837.7509765625,159.65097656249964,159.65097656249964,25488.43431735981,2.3906646585480846,34.9,4.1,3336.1,4290.0,0.4374582027510785,27.5,920.1
36,36,transformer,loso,Sharurah - TVTC,17.47586,47.08618,01-08-2021 00:00,7125.3,7193.00048828125,67.70048828124982,67.70048828124982,4583.356113519644,0.9501422856756883,36.7,4.1,3060.8,5235.1,0.36895333839607514,17.9,922.0
37,36,transformer,loso,Sharurah - TVTC,17.47586,47.08618,01-09-2021 00:00,7019.1,7150.7626953125,131.66269531249964,131.66269531249964,17335.065336952113,1.8757774545525727,34.0,3.4,2545.6,6044.4,0.29634458672875436,15.1,924.5
38,36,transformer,loso,Sharurah - TVTC,17.47586,47.08618,01-10-2021 00:00,6476.5,6477.810546875,1.310546875,1.310546875,1.7175331115722656,0.020235418435883577,29.9,3.3,1702.3,7160.0,0.1920833192286427,21.6,929.7
39,36,transformer,loso,Sharurah - TVTC,17.47586,47.08618,01-11-2021 00:00,5876.1,5661.146484375,-214.95351562500036,214.95351562500036,46205.013879547274,3.658098324143571,25.1,3.1,1249.5,7711.1,0.13944378724638976,24.9,932.5
40,36,transformer,loso,Sharurah - TVTC,17.47586,47.08618,01-12-2021 00:00,5491.3,5201.73046875,-289.5695312500002,289.5695312500002,83850.51342834483,5.273241878061665,21.0,2.5,1039.4,8066.4,0.11414702716949639,32.6,933.9
434,37,transformer,loso,Tabuk - University,28.38287,36.48396,01-01-2017 00:00,4028.6,3981.7685546875,-46.83144531249991,46.83144531249991,2193.18427005767,1.162474440562476,11.2,2.1,1282.3,5592.6,0.18651907664111475,36.7,929.7
435,37,transformer,loso,Tabuk - University,28.38287,36.48396,01-02-2017 00:00,5199.5,4844.2685546875,-355.2314453125,355.2314453125,126189.37973880768,6.8320308743629194,11.5,2.3,1318.5,6873.2,0.1609556014014185,26.5,930.0
436,37,transformer,loso,Tabuk - University,28.38287,36.48396,01-03-2017 00:00,6312.4,5985.1083984375,-327.29160156249964,327.29160156249964,107119.79245334602,5.1848995875182124,17.7,2.6,1617.6,7280.9,0.1817834466483115,25.8,925.4
437,37,transformer,loso,Tabuk - University,28.38287,36.48396,01-04-2017 00:00,6791.0,6849.9443359375,58.9443359375,58.9443359375,3474.434739112854,0.8679772631055809,23.1,0.4,2492.4,6099.6,0.2900837988826816,21.2,926.3
438,37,transformer,loso,Tabuk - University,28.38287,36.48396,01-05-2017 00:00,7630.7,7528.71533203125,-101.98466796874982,101.98466796874982,10400.872500696145,1.3365047501375997,27.5,0.0,1894.8,7888.3,0.19368093957947888,17.3,925.1
439,37,transformer,loso,Tabuk - University,28.38287,36.48396,01-09-2017 00:00,6626.0,6605.98388671875,-20.01611328125,20.01611328125,400.64479088783264,0.30208441414503473,29.9,2.8,1888.1,6915.3,0.21447395324533702,22.4,924.5
440,37,transformer,loso,Tabuk - University,28.38287,36.48396,01-11-2017 00:00,4388.9,4329.037109375,-59.862890624999636,59.862890624999636,3583.5656739806695,1.3639611434527932,17.5,2.0,1375.6,5824.3,0.19105820914179364,39.6,928.5
441,37,transformer,loso,Tabuk - University,28.38287,36.48396,01-03-2018 00:00,6380.9,6428.8779296875,47.977929687500364,47.977929687500364,2301.8817370987285,0.7518991002444854,21.9,2.5,1814.9,7139.4,0.20268474364271916,18.7,926.5
442,37,transformer,loso,Tabuk - University,28.38287,36.48396,01-04-2018 00:00,7043.3,7049.1611328125,5.861132812499818,5.861132812499818,34.35287784576203,0.0832157200814933,22.4,2.5,2347.1,6530.4,0.2643874964798648,24.7,924.4
443,37,transformer,loso,Tabuk - University,28.38287,36.48396,01-05-2018 00:00,7448.6,7512.88330078125,64.28330078124964,64.28330078124964,4132.3427593326105,0.8630252769815754,28.1,3.1,2752.3,6270.7,0.3050315859470243,18.8,923.8
444,37,transformer,loso,Tabuk - University,28.38287,36.48396,01-06-2018 00:00,8333.0,8329.830078125,-3.169921875,3.169921875,10.048404693603516,0.03804058412336494,30.6,2.9,2058.5,8506.7,0.19483776928027863,19.4,922.6
445,37,transformer,loso,Tabuk - University,28.38287,36.48396,01-07-2018 00:00,8157.9,8192.478515625,34.578515625000364,34.578515625000364,1195.6737428283943,0.42386540194168065,31.6,2.8,1839.3,8659.4,0.17519311914808502,19.7,921.0
446,37,transformer,loso,Tabuk - University,28.38287,36.48396,01-08-2018 00:00,7802.0,7588.30419921875,-213.69580078125,213.69580078125,45665.89527153969,2.738987449131633,31.0,2.8,1266.2,9316.7,0.11964584376683139,23.9,922.0
447,37,transformer,loso,Tabuk - University,28.38287,36.48396,01-03-2019 00:00,6494.3,6296.02490234375,-198.27509765625018,198.27509765625018,39313.01435059555,3.053063419556383,15.7,2.8,1643.5,7700.4,0.17589015293399973,29.7,926.7
448,37,transformer,loso,Tabuk - University,28.38287,36.48396,01-04-2019 00:00,6681.0,6423.91015625,-257.08984375,257.08984375,66095.18775939941,3.8480742965124977,20.6,2.7,2060.7,6569.1,0.2387888479454912,23.4,925.8
449,37,transformer,loso,Tabuk - University,28.38287,36.48396,01-05-2019 00:00,7116.1,6882.19921875,-233.90078125000036,233.90078125000036,54709.57546936052,3.286923753882047,29.0,2.7,2054.7,6870.8,0.23020559072320876,13.4,924.7
450,37,transformer,loso,Tabuk - University,28.38287,36.48396,01-06-2019 00:00,7896.1,7946.7177734375,50.617773437499636,50.617773437499636,2562.158987770044,0.6410477759590131,31.4,3.0,1917.9,8159.0,0.19032639006043528,18.3,923.1
451,37,transformer,loso,Tabuk - University,28.38287,36.48396,01-07-2019 00:00,8313.3,8167.00341796875,-146.29658203124927,146.29658203124927,21402.689914026047,1.7597895183771701,31.8,2.8,1500.0,9425.8,0.13728971791539293,18.7,921.0
452,37,transformer,loso,Tabuk - University,28.38287,36.48396,01-08-2019 00:00,7684.6,7729.5966796875,44.996679687499636,44.996679687499636,2024.7011828994423,0.5855435505751716,31.3,2.7,1533.0,8704.4,0.14974505245472483,21.1,922.1
453,37,transformer,loso,Tabuk - University,28.38287,36.48396,01-09-2019 00:00,6747.2,6648.82568359375,-98.37431640624982,98.37431640624982,9677.506128396952,1.4580020809558012,30.0,2.7,1567.3,7724.1,0.16868286802849947,23.6,923.8
454,37,transformer,loso,Tabuk - University,28.38287,36.48396,01-10-2019 00:00,5138.7,5452.05419921875,313.3541992187502,313.3541992187502,98190.85416802418,6.097927476185615,25.8,2.5,2188.2,4966.1,0.3058580154592343,29.9,926.7
455,37,transformer,loso,Tabuk - University,28.38287,36.48396,01-11-2019 00:00,4226.5,4091.890869140625,-134.609130859375,134.609130859375,18119.618110716343,3.1848842034632674,18.8,2.1,1259.1,5771.2,0.1790961978862922,36.4,928.0
456,37,transformer,loso,Tabuk - University,28.38287,36.48396,01-12-2019 00:00,4025.8,4002.3798828125,-23.420117187500182,23.420117187500182,548.5018890762415,0.5817506380719405,13.1,2.1,865.8,6857.0,0.11210959755529082,39.5,929.3
457,37,transformer,loso,Tabuk - University,28.38287,36.48396,01-01-2020 00:00,4191.2,4236.77880859375,45.57880859375018,45.57880859375018,2077.4277928257156,1.0874882752851256,10.3,1.9,1060.0,6498.1,0.1402468874452574,42.2,930.3
458,37,transformer,loso,Tabuk - University,28.38287,36.48396,01-09-2020 00:00,6244.6,6126.0,-118.60000000000036,118.60000000000036,14065.960000000086,1.8992409441757736,32.4,2.4,1627.6,6731.6,0.19470762752416496,18.1,924.0
459,37,transformer,loso,Tabuk - University,28.38287,36.48396,01-10-2020 00:00,5630.9,5616.302734375,-14.597265624999636,14.597265624999636,213.08016372679603,0.25923503569588585,26.8,2.2,1270.6,7375.2,0.14696153045409333,17.6,927.6
460,37,transformer,loso,Tabuk - University,28.38287,36.48396,01-11-2020 00:00,4561.7,4411.39306640625,-150.30693359374982,150.30693359374982,22592.17428635592,3.294976293788496,18.1,2.2,1000.6,6999.7,0.12507030986338014,40.3,928.0
461,37,transformer,loso,Tabuk - University,28.38287,36.48396,01-12-2020 00:00,3685.6,3718.918212890625,33.31821289062509,33.31821289062509,1110.103310225016,0.9040105516232118,14.5,1.9,1259.4,5190.9,0.19524673271010654,43.1,929.5
462,37,transformer,loso,Tabuk - University,28.38287,36.48396,01-01-2021 00:00,4246.2,4193.11767578125,-53.08232421874982,53.08232421874982,2817.7331444644733,1.2501136126124492,13.3,2.0,1255.2,6090.1,0.17088478346697888,41.5,930.0
463,37,transformer,loso,Tabuk - University,28.38287,36.48396,01-02-2021 00:00,5149.7,5036.63525390625,-113.06474609374982,113.06474609374982,12783.636809244115,2.1955598596762886,14.4,2.4,1345.2,6825.2,0.16464310192891415,39.2,928.8
464,37,transformer,loso,Tabuk - University,28.38287,36.48396,01-09-2021 00:00,6587.6,6465.2236328125,-122.37636718750036,122.37636718750036,14975.975246009915,1.8576775637182033,29.5,2.8,1565.9,7489.3,0.1729282622139765,24.4,924.1
465,37,transformer,loso,Tabuk - University,28.38287,36.48396,01-10-2021 00:00,5489.4,5494.19873046875,4.798730468750364,4.798730468750364,23.027814111713088,0.08741812345156783,25.3,2.4,1432.5,6797.3,0.17406255316046565,25.4,927.3
466,37,transformer,loso,Tabuk - University,28.38287,36.48396,01-11-2021 00:00,4362.8,4255.1865234375,-107.61347656250018,107.61347656250018,11580.660337867776,2.4666149390872874,19.1,1.9,1072.8,6400.4,0.1435529625863084,34.5,928.8
467,37,transformer,loso,Tabuk - University,28.38287,36.48396,01-12-2021 00:00,3774.5,3823.36083984375,48.86083984375,48.86083984375,2387.3816702365875,1.294498340011922,13.7,2.1,1420.9,4968.0,0.2224013523454742,39.6,929.3
712,38,transformer,loso,Taif - University,21.43278,40.49173,01-01-2017 00:00,4868.6,4845.64453125,-22.955468750000364,22.955468750000364,526.9535455322433,0.4715004056607724,18.1,2.5,1127.7,6756.0,0.14304197267780358,43.8,851.0
713,38,transformer,loso,Taif - University,21.43278,40.49173,01-02-2017 00:00,4544.6,4524.6474609375,-19.952539062500364,19.952539062500364,398.1038150406029,0.4390383985939436,15.9,3.1,1958.9,4114.3,0.32254824474741484,47.1,849.8
714,38,transformer,loso,Taif - University,21.43278,40.49173,01-05-2017 00:00,6424.3,6589.2236328125,164.92363281249982,164.92363281249982,27199.804660072266,2.567184484107215,26.0,2.6,2870.0,4672.9,0.38049026236593353,33.7,849.6
715,38,transformer,loso,Taif - University,21.43278,40.49173,01-09-2017 00:00,6560.7,6560.09619140625,-0.6038085937498181,0.6038085937498181,0.3645848178861329,0.009203417223006967,28.0,2.5,2412.9,5620.2,0.30036972028233183,18.9,848.8
716,38,transformer,loso,Taif - University,21.43278,40.49173,01-11-2017 00:00,5215.9,5238.2763671875,22.376367187500364,22.376367187500364,500.7018085098429,0.42900299444967055,20.0,2.3,1409.4,6571.4,0.17659883720930236,42.1,850.6
717,38,transformer,loso,Taif - University,21.43278,40.49173,01-03-2018 00:00,6963.9,6867.11865234375,-96.78134765624964,96.78134765624964,9366.629254159858,1.3897578606276604,21.5,2.7,1815.4,7489.4,0.1951036024417505,29.7,849.6
718,38,transformer,loso,Taif - University,21.43278,40.49173,01-04-2018 00:00,6959.2,6879.966796875,-79.23320312499982,79.23320312499982,6277.900477447481,1.1385389574232645,21.9,3.1,2318.9,6303.2,0.2689484000417532,38.0,848.1
719,38,transformer,loso,Taif - University,21.43278,40.49173,01-05-2018 00:00,7434.2,7415.42919921875,-18.770800781249818,18.770800781249818,352.3429619693688,0.2524925450115657,26.6,2.8,2718.2,6136.2,0.3069886158294181,22.9,848.5
720,38,transformer,loso,Taif - University,21.43278,40.49173,01-06-2018 00:00,7557.7,7502.7958984375,-54.90410156249982,54.90410156249982,3014.460368385295,0.7264657443732858,29.5,3.2,2904.7,5915.2,0.3293347997142825,15.5,847.2
721,38,transformer,loso,Taif - University,21.43278,40.49173,01-07-2018 00:00,7580.5,7515.263671875,-65.236328125,65.236328125,4255.778507232666,0.860580807664402,28.3,4.2,2744.1,6186.4,0.3072728290689211,18.7,846.8
722,38,transformer,loso,Taif - University,21.43278,40.49173,01-08-2018 00:00,7265.2,7200.3134765625,-64.88652343749982,64.88652343749982,4210.260923805213,0.8931140703284124,28.5,4.2,2426.0,6352.0,0.2763727500569606,19.5,846.9
723,38,transformer,loso,Taif - University,21.43278,40.49173,01-11-2018 00:00,4463.3,4392.14208984375,-71.15791015625018,71.15791015625018,5063.448177804973,1.5942892065568117,18.3,2.3,1618.7,4984.8,0.2451275838570455,60.2,850.6
724,38,transformer,loso,Taif - University,21.43278,40.49173,01-12-2018 00:00,4686.2,4742.125,55.92500000000018,55.92500000000018,3127.60562500002,1.1933976356109468,17.5,2.2,1426.5,5956.6,0.19321152361474175,54.9,851.2
725,38,transformer,loso,Taif - University,21.43278,40.49173,01-01-2019 00:00,5163.2,5246.56103515625,83.36103515625018,83.36103515625018,6949.062182321579,1.6145226827597263,18.2,2.7,1390.7,6733.5,0.1711799315624923,43.7,851.1
726,38,transformer,loso,Taif - University,21.43278,40.49173,01-02-2019 00:00,5702.3,5785.63720703125,83.33720703124982,83.33720703124982,6945.090075769394,1.4614665491336796,17.7,3.3,1904.4,6095.4,0.238055951398785,43.6,849.8
727,38,transformer,loso,Taif - University,21.43278,40.49173,01-03-2019 00:00,7014.5,6898.8876953125,-115.6123046875,115.6123046875,13366.204995155334,1.6481902443153469,18.7,3.7,1888.6,7502.6,0.20110316040548595,30.7,849.0
728,38,transformer,loso,Taif - University,21.43278,40.49173,01-02-2020 00:00,5953.4,5963.19580078125,9.795800781250364,9.795800781250364,95.95771294594523,0.164541283657244,17.5,3.0,1637.0,6898.4,0.19178948848325797,41.4,850.5
729,38,transformer,loso,Taif - University,21.43278,40.49173,01-04-2020 00:00,7457.6,7431.21826171875,-26.381738281250364,26.381738281250364,695.9961147403909,0.35375641334008745,23.0,3.2,2103.6,7390.6,0.22156685134081858,32.4,848.7
730,38,transformer,loso,Taif - University,21.43278,40.49173,01-05-2020 00:00,6566.1,6535.88818359375,-30.211816406250364,30.211816406250364,912.7538505649786,0.4601181280554722,25.9,2.6,2471.2,5410.9,0.31352050849392926,29.6,849.6
731,38,transformer,loso,Taif - University,21.43278,40.49173,01-09-2020 00:00,6771.3,6786.84765625,15.547656249999818,15.547656249999818,241.7296148681584,0.22961109757357992,28.2,2.4,2112.4,6453.2,0.24661436443448212,20.6,848.3
732,38,transformer,loso,Taif - University,21.43278,40.49173,01-11-2020 00:00,5037.2,5109.390625,72.19062500000018,72.19062500000018,5211.486337890651,1.433149865004371,20.2,2.2,1345.1,6446.9,0.17262577002053386,48.9,850.7
733,38,transformer,loso,Taif - University,21.43278,40.49173,01-01-2021 00:00,5078.9,5188.6591796875,109.75917968750036,109.75917968750036,12047.077525672992,2.1610817241430302,16.5,2.2,1373.4,6610.2,0.17202765669622727,46.8,850.6
734,38,transformer,loso,Taif - University,21.43278,40.49173,01-04-2021 00:00,6761.1,6604.947265625,-156.15273437500036,156.15273437500036,24383.67645278942,2.3095758733785976,22.8,2.5,2491.3,5707.1,0.30387636612021857,33.3,849.6
735,38,transformer,loso,Taif - University,21.43278,40.49173,01-07-2021 00:00,7142.4,7169.29296875,26.892968750000364,26.892968750000364,723.2317681884962,0.37652566014225425,29.3,4.4,3065.0,5167.7,0.37229584461962656,19.6,845.5
736,38,transformer,loso,Taif - University,21.43278,40.49173,01-10-2021 00:00,6174.0,6253.27685546875,79.27685546875,79.27685546875,6284.819813013077,1.2840436583859736,25.0,2.4,1625.4,7011.9,0.18818380743982496,24.6,850.8
797,39,transformer,loso,Thuwal - KAUST,22.3065,39.107,01-01-2017 00:00,4441.4,4394.76708984375,-46.632910156249636,46.632910156249636,2174.6283096408506,1.0499597009107406,23.9,2.2,1551.0,5142.7,0.2317104142701346,83.6,1012.4
798,39,transformer,loso,Thuwal - KAUST,22.3065,39.107,01-02-2017 00:00,4529.6,4631.50732421875,101.90732421874964,101.90732421874964,10385.102729425356,2.2498084647374963,23.3,2.7,2316.1,3523.9,0.39659246575342466,65.1,1012.1
799,39,transformer,loso,Thuwal - KAUST,22.3065,39.107,01-03-2017 00:00,5726.5,5762.591796875,36.091796875,36.091796875,1302.6178016662598,0.6302592661311447,24.6,2.6,2544.1,4485.6,0.36190733601718417,83.6,1008.4
800,39,transformer,loso,Thuwal - KAUST,22.3065,39.107,01-04-2017 00:00,6098.8,6066.705078125,-32.09492187500018,32.09492187500018,1030.0840101623653,0.5262497847937329,27.9,2.8,3026.8,3978.0,0.43210370031978074,80.6,1007.1
801,39,transformer,loso,Thuwal - KAUST,22.3065,39.107,01-05-2017 00:00,6160.8,6135.814453125,-24.985546875000182,24.985546875000182,624.2775526428313,0.40555685746981207,29.8,2.6,2851.5,4210.5,0.4037807986406117,83.8,1005.5
802,39,transformer,loso,Thuwal - KAUST,22.3065,39.107,01-06-2017 00:00,6778.2,6604.30029296875,-173.89970703124982,173.89970703124982,30241.10810555452,2.5655735598130747,29.9,2.5,2344.2,5721.0,0.29065615235828,92.4,1001.6
803,39,transformer,loso,Thuwal - KAUST,22.3065,39.107,01-09-2017 00:00,6160.3,6191.33984375,31.039843749999818,31.039843749999818,963.4719000244028,0.5038690282940737,31.4,2.5,2630.7,4680.7,0.3598079711136034,93.7,1003.3
804,39,transformer,loso,Thuwal - KAUST,22.3065,39.107,01-10-2017 00:00,5630.4,5594.35400390625,-36.045996093749636,36.045996093749636,1299.313834390614,0.6402031133445162,29.0,2.1,1788.8,5825.1,0.23493873047978037,95.9,1007.0
805,39,transformer,loso,Thuwal - KAUST,22.3065,39.107,01-11-2017 00:00,4537.8,4455.8076171875,-81.99238281250018,81.99238281250018,6722.750839271575,1.8068751997113177,27.5,2.3,1685.6,4843.0,0.25818705388597857,88.8,1009.6
806,39,transformer,loso,Thuwal - KAUST,22.3065,39.107,01-03-2018 00:00,6375.2,6240.3935546875,-134.80644531249982,134.80644531249982,18172.777697792004,2.114544568209622,26.0,0.0,2089.3,6161.7,0.2532177917828142,68.9,1008.3
807,39,transformer,loso,Thuwal - KAUST,22.3065,39.107,01-04-2018 00:00,7031.1,6953.8173828125,-77.28261718750036,77.28261718750036,5972.602919349727,1.0991540041743164,27.0,0.0,2507.9,6022.8,0.29398525326174874,65.5,1006.2
808,39,transformer,loso,Thuwal - KAUST,22.3065,39.107,01-05-2018 00:00,7120.5,7197.0478515625,76.5478515625,76.5478515625,5859.573578834534,1.0750347807387122,30.2,0.0,3128.0,5108.0,0.37979601748421565,62.0,1003.9
809,39,transformer,loso,Thuwal - KAUST,22.3065,39.107,01-06-2018 00:00,7152.3,7201.37548828125,49.07548828124982,49.07548828124982,2408.403550043088,0.6861497459733208,30.9,0.0,2970.5,5355.5,0.3567739610857555,68.2,1001.6
810,39,transformer,loso,Thuwal - KAUST,22.3065,39.107,01-07-2018 00:00,7036.3,7027.28564453125,-9.014355468750182,9.014355468750182,81.25860451698631,0.128112153670966,31.9,0.0,2769.9,5444.7,0.3371923161200789,65.5,1001.7
811,39,transformer,loso,Thuwal - KAUST,22.3065,39.107,01-08-2018 00:00,6668.6,6528.63916015625,-139.96083984375036,139.96083984375036,19589.036689767938,2.0988039445123468,32.1,0.0,2421.2,5502.2,0.30557588913850114,69.5,1001.9
812,39,transformer,loso,Thuwal - KAUST,22.3065,39.107,01-09-2018 00:00,5840.5,5989.44775390625,148.94775390625,148.94775390625,22185.433393716812,2.5502568942085437,31.6,0.0,3004.4,3679.4,0.4495047727340734,79.2,1003.4
813,39,transformer,loso,Thuwal - KAUST,22.3065,39.107,01-10-2018 00:00,5111.6,5039.6259765625,-71.97402343750036,71.97402343750036,5180.260049781852,1.40805273177675,29.9,0.0,2043.4,4577.8,0.3086147526128194,71.9,1007.7
814,39,transformer,loso,Thuwal - KAUST,22.3065,39.107,01-11-2018 00:00,4224.2,4148.55908203125,-75.64091796874982,75.64091796874982,5721.548471155139,1.7906566443054261,26.9,0.0,1619.0,4521.7,0.26365072385884347,61.5,1009.8
815,39,transformer,loso,Thuwal - KAUST,22.3065,39.107,01-12-2018 00:00,3910.5,3835.2548828125,-75.2451171875,75.2451171875,5661.827660560608,1.9241814905382941,24.8,0.0,1644.6,4220.4,0.28040920716112533,66.4,1012.2
816,39,transformer,loso,Thuwal - KAUST,22.3065,39.107,01-01-2019 00:00,3951.5,3848.216796875,-103.283203125,103.283203125,10667.42004776001,2.613772064405922,24.1,0.0,1959.2,3470.4,0.36083689406217767,67.7,1012.3
817,39,transformer,loso,Thuwal - KAUST,22.3065,39.107,01-02-2019 00:00,4607.3,4547.34130859375,-59.95869140625018,59.95869140625018,3595.0446751499394,1.3013845724448196,23.9,0.0,2080.2,4001.6,0.3420368969712914,57.9,1011.5
818,39,transformer,loso,Thuwal - KAUST,22.3065,39.107,01-03-2019 00:00,6107.7,6075.21728515625,-32.48271484374982,32.48271484374982,1055.1267636203647,0.5318321928671974,23.7,0.0,2209.2,5648.4,0.28115455100794134,60.6,1010.2
819,39,transformer,loso,Thuwal - KAUST,22.3065,39.107,01-04-2019 00:00,6768.1,6649.91357421875,-118.18642578125036,118.18642578125036,13968.031238947,1.7462275347771214,26.2,0.0,2516.8,5741.0,0.30477851243672655,64.7,1007.5
820,39,transformer,loso,Thuwal - KAUST,22.3065,39.107,01-05-2019 00:00,6682.7,6653.88916015625,-28.810839843749818,28.810839843749818,830.064492502202,0.4311257402509438,30.2,0.0,2797.3,4946.6,0.36122625550433246,63.9,1005.1
821,39,transformer,loso,Thuwal - KAUST,22.3065,39.107,01-06-2019 00:00,6334.7,6256.8271484375,-77.87285156249982,77.87285156249982,6064.18101047513,1.2293060691508646,31.8,0.0,2680.4,4588.4,0.36875412722870354,66.0,1002.1
822,39,transformer,loso,Thuwal - KAUST,22.3065,39.107,01-07-2019 00:00,6893.8,6805.65185546875,-88.14814453125018,88.14814453125018,7770.095384302172,1.2786582803569901,31.8,0.0,2480.5,5709.7,0.3028619569729677,68.0,1000.9
823,39,transformer,loso,Thuwal - KAUST,22.3065,39.107,01-08-2019 00:00,6611.0,6511.091796875,-99.908203125,99.908203125,9981.64905166626,1.511241916880956,32.2,0.0,2337.3,5597.8,0.294552053534297,69.8,1002.5
824,39,transformer,loso,Thuwal - KAUST,22.3065,39.107,01-09-2019 00:00,5908.1,5912.78076171875,4.680761718749636,4.680761718749636,21.90953026771205,0.07922617624531805,30.9,0.0,2469.5,4619.7,0.34834678101901484,78.0,1002.8
825,39,transformer,loso,Thuwal - KAUST,22.3065,39.107,01-10-2019 00:00,5228.0,5187.2041015625,-40.7958984375,40.7958984375,1664.305329322815,0.7803347061495791,31.1,0.0,1870.5,5032.4,0.2709730692897188,69.0,1007.6
826,39,transformer,loso,Thuwal - KAUST,22.3065,39.107,01-11-2019 00:00,4486.9,4471.36474609375,-15.535253906249636,15.535253906249636,241.34411393164459,0.34623579545453737,28.1,0.0,1567.2,5053.0,0.23673000815685327,63.0,1008.6
827,39,transformer,loso,Thuwal - KAUST,22.3065,39.107,01-12-2019 00:00,4316.6,4290.66259765625,-25.937402343750364,25.937402343750364,672.7488403415869,0.600875743496047,24.8,0.0,1322.5,5637.5,0.19001436781609196,58.0,1011.5
828,39,transformer,loso,Thuwal - KAUST,22.3065,39.107,01-01-2020 00:00,4597.0,4372.0654296875,-224.9345703125,224.9345703125,50595.560921669006,4.8930730979443116,21.6,0.2,1307.7,6020.4,0.17845007573586608,52.8,1014.3
829,39,transformer,loso,Thuwal - KAUST,22.3065,39.107,01-02-2020 00:00,4914.9,4888.2978515625,-26.602148437499636,26.602148437499636,707.6743014907644,0.5412551310809912,22.7,2.6,1963.0,4774.1,0.2913716584287008,62.1,1012.8
830,39,transformer,loso,Thuwal - KAUST,22.3065,39.107,01-03-2020 00:00,6083.3,5999.94580078125,-83.35419921875018,83.35419921875018,6947.922527399093,1.3702135225740992,24.1,2.6,2321.5,5308.6,0.304255514344504,66.8,1008.8
831,39,transformer,loso,Thuwal - KAUST,22.3065,39.107,01-04-2020 00:00,6790.1,6408.2041015625,-381.89589843750036,381.89589843750036,145844.4772433856,5.624304479131387,26.0,2.4,2145.2,6306.7,0.2538127521622357,67.9,1007.6
832,39,transformer,loso,Thuwal - KAUST,22.3065,39.107,01-05-2020 00:00,6632.5,6396.33642578125,-236.16357421875,236.16357421875,55773.23378777504,3.5607022121183567,29.3,2.5,2533.6,5336.2,0.32193956644387406,67.4,1005.5
833,39,transformer,loso,Thuwal - KAUST,22.3065,39.107,01-09-2020 00:00,6025.7,5991.48388671875,-34.21611328124982,34.21611328124982,1170.74240807532,0.5678363224397135,32.4,2.3,2314.2,5023.7,0.3153763338284795,74.8,1002.1
834,39,transformer,loso,Thuwal - KAUST,22.3065,39.107,01-10-2020 00:00,5569.3,5587.39208984375,18.092089843749818,18.092089843749818,327.3237149143153,0.32485392856821893,31.3,2.3,1615.0,6168.2,0.20749820125398294,57.9,1006.8
835,39,transformer,loso,Thuwal - KAUST,22.3065,39.107,01-11-2020 00:00,4492.5,4343.126953125,-149.373046875,149.373046875,22312.307132720947,3.324942612687813,27.8,2.4,1422.6,5307.0,0.21139443651925818,63.7,1009.9
836,39,transformer,loso,Thuwal - KAUST,22.3065,39.107,01-12-2020 00:00,4028.1,3983.396484375,-44.70351562499991,44.70351562499991,1998.404309234611,1.109791604602664,25.5,2.1,1489.9,4741.3,0.23910322249325971,62.3,1011.3
837,39,transformer,loso,Thuwal - KAUST,22.3065,39.107,01-01-2021 00:00,4280.5,4243.98291015625,-36.51708984375,36.51708984375,1333.4978506565094,0.8531033721235837,24.9,2.5,1733.6,4544.0,0.2761564929272333,59.4,1011.7
838,39,transformer,loso,Thuwal - KAUST,22.3065,39.107,01-02-2021 00:00,4971.2,4828.318359375,-142.88164062499982,142.88164062499982,20415.1632276916,2.8741881361643027,23.9,2.7,1647.6,5373.2,0.23467411121239745,63.0,1011.4
839,39,transformer,loso,Thuwal - KAUST,22.3065,39.107,01-09-2021 00:00,5790.5,5835.5556640625,45.0556640625,45.0556640625,2030.012864112854,0.7780962621967015,31.1,2.5,2674.1,4143.2,0.392252064600355,76.7,1002.9
840,39,transformer,loso,Thuwal - KAUST,22.3065,39.107,01-10-2021 00:00,5313.2,5222.7001953125,-90.49980468749982,90.49980468749982,8190.214648475614,1.7033013002992512,29.3,0.2,1831.3,5239.4,0.25899840185554474,78.8,1006.7
841,39,transformer,loso,Thuwal - KAUST,22.3065,39.107,01-11-2021 00:00,4389.4,4226.6767578125,-162.72324218749964,162.72324218749964,26478.853548011662,3.707186453444654,27.4,0.0,1350.9,5247.1,0.20474386177629586,69.7,1009.5
842,39,transformer,loso,Thuwal - KAUST,22.3065,39.107,01-12-2021 00:00,3797.4,3742.599365234375,-54.80063476562509,54.80063476562509,3003.1095707154373,1.443109358129907,25.3,0.0,1589.8,4094.9,0.27966295494924975,62.9,1011.8
258,40,transformer,loso,Timaa - TVTC,27.6173,38.5252,01-01-2017 00:00,4235.7,4351.41796875,115.71796875000018,115.71796875000018,13390.64829162602,2.731968004107944,13.2,1.9,1325.4,5906.3,0.1832764080368378,36.9,921.5
259,40,transformer,loso,Timaa - TVTC,27.6173,38.5252,01-02-2017 00:00,5392.6,5383.564453125,-9.035546875000364,9.035546875000364,81.64110733032884,0.16755455392575683,12.5,2.3,1649.3,6580.6,0.200403407088786,28.9,921.8
260,40,transformer,loso,Timaa - TVTC,27.6173,38.5252,01-03-2017 00:00,6511.6,6483.3046875,-28.295312500000364,28.295312500000364,800.6247094726768,0.43453701855151367,19.4,2.6,1990.0,7008.4,0.22115042674253202,25.2,917.2
261,40,transformer,loso,Timaa - TVTC,27.6173,38.5252,01-04-2017 00:00,6508.5,6598.76416015625,90.26416015625,90.26416015625,8147.61860871315,1.3868657932895445,25.1,3.1,2727.9,5257.1,0.34162805259862244,21.1,918.3
262,40,transformer,loso,Timaa - TVTC,27.6173,38.5252,01-05-2017 00:00,7872.0,7974.98046875,102.98046875,102.98046875,10604.976943969727,1.3081868489583335,29.8,2.6,2439.0,7320.8,0.24990266193979388,16.1,916.8
263,40,transformer,loso,Timaa - TVTC,27.6173,38.5252,01-06-2017 00:00,8158.9,8146.0205078125,-12.879492187499636,12.879492187499636,165.88131900786416,0.15785819396609393,33.5,2.4,1845.5,8604.1,0.17660963099065993,14.6,914.7
264,40,transformer,loso,Timaa - TVTC,27.6173,38.5252,01-09-2017 00:00,6674.6,6827.48974609375,152.88974609374964,152.88974609374964,23375.274460611232,2.290620353185953,33.0,2.3,2419.6,6025.1,0.2865229078593674,15.6,916.4
265,40,transformer,loso,Timaa - TVTC,27.6173,38.5252,01-10-2017 00:00,5879.9,5964.2470703125,84.34707031250036,84.34707031250036,7114.42827030188,1.4344983811374405,26.4,2.0,1347.0,7582.5,0.15084831177557534,24.0,918.5
266,40,transformer,loso,Timaa - TVTC,27.6173,38.5252,01-11-2017 00:00,4426.5,4502.212890625,75.712890625,75.712890625,5732.441806793213,1.7104459646447534,20.3,2.0,1652.8,5246.3,0.23956747981620788,38.9,920.2
267,40,transformer,loso,Timaa - TVTC,27.6173,38.5252,01-03-2018 00:00,6509.7,6603.29248046875,93.59248046875018,93.59248046875018,8759.552400293383,1.4377387662833954,22.8,2.4,2201.9,6702.4,0.24728501959727325,21.6,918.5
268,40,transformer,loso,Timaa - TVTC,27.6173,38.5252,01-04-2018 00:00,7333.9,7199.5732421875,-134.32675781249964,134.32675781249964,18043.677864417932,1.8315869839035117,23.4,2.8,2665.5,6450.5,0.29239798157086444,26.7,916.1
269,40,transformer,loso,Timaa - TVTC,27.6173,38.5252,01-05-2018 00:00,7389.0,7387.1572265625,-1.8427734375,1.8427734375,3.3958139419555664,0.024939415854648803,28.8,3.0,3115.1,5636.0,0.35596667847470603,20.9,915.9
270,40,transformer,loso,Timaa - TVTC,27.6173,38.5252,01-06-2018 00:00,8218.7,8290.08984375,71.38984374999927,71.38984374999927,5096.50979064931,0.8686269574263481,32.3,2.5,2262.5,8035.6,0.21970072149231412,17.1,914.3
271,40,transformer,loso,Timaa - TVTC,27.6173,38.5252,01-07-2018 00:00,8005.7,8155.787109375,150.08710937500018,150.08710937500018,22526.140400543267,1.8747531055997624,33.4,2.5,2187.6,7878.7,0.2173191738771942,17.9,912.7
272,40,transformer,loso,Timaa - TVTC,27.6173,38.5252,01-08-2018 00:00,7533.6,7554.32470703125,20.724707031249636,20.724707031249636,429.5134815311281,0.2750969925566746,33.3,2.3,1625.7,8288.3,0.16398022997780917,20.1,913.6
273,40,transformer,loso,Timaa - TVTC,27.6173,38.5252,01-09-2018 00:00,6329.5,6463.5859375,134.0859375,134.0859375,17979.038635253906,2.1184285883561103,33.7,2.2,2464.5,5371.6,0.3145059404550733,17.5,916.5
274,40,transformer,loso,Timaa - TVTC,27.6173,38.5252,01-10-2018 00:00,5447.3,5526.67333984375,79.37333984374982,79.37333984374982,6300.1270779514025,1.4571134294742316,27.0,2.3,1906.8,5731.5,0.24963669926554335,25.4,919.5
275,40,transformer,loso,Timaa - TVTC,27.6173,38.5252,01-11-2018 00:00,3967.4,4027.531005859375,60.13100585937491,60.13100585937491,3615.7378656601795,1.5156275106965496,18.0,2.2,1406.4,4995.9,0.2196710557143527,59.7,920.0
276,40,transformer,loso,Timaa - TVTC,27.6173,38.5252,01-12-2018 00:00,4013.6,4053.928466796875,40.32846679687509,40.32846679687509,1626.3852341866566,1.0047953656785702,14.7,2.1,1205.0,5996.9,0.16731695802496566,54.5,921.7
277,40,transformer,loso,Timaa - TVTC,27.6173,38.5252,01-01-2019 00:00,3942.3,3973.5810546875,31.281054687499818,31.281054687499818,978.5043823623544,0.7934722037262466,14.2,2.1,1738.1,4375.9,0.28428197579326137,43.8,920.4
278,40,transformer,loso,Timaa - TVTC,27.6173,38.5252,01-02-2019 00:00,5130.1,5031.234375,-98.86562500000036,98.86562500000036,9774.411806640697,1.9271675990721497,14.6,2.8,1621.0,6143.3,0.20877606480944838,47.0,920.4
279,40,transformer,loso,Timaa - TVTC,27.6173,38.5252,01-03-2019 00:00,6669.6,6644.12353515625,-25.476464843750364,25.476464843750364,649.0502609348482,0.3819789019394021,16.7,2.7,1709.9,7841.6,0.17901900225095535,30.7,918.6
280,40,transformer,loso,Timaa - TVTC,27.6173,38.5252,01-04-2019 00:00,7251.2,7222.1650390625,-29.034960937499818,29.034960937499818,843.0289566421403,0.4004159440851145,21.9,2.8,2292.5,6982.3,0.24717514124293788,25.1,917.6
281,40,transformer,loso,Timaa - TVTC,27.6173,38.5252,01-05-2019 00:00,7953.8,7959.150390625,5.350390624999818,5.350390624999818,28.626679840085945,0.06726835757750783,30.3,2.5,2357.2,7511.2,0.2388634429086782,14.3,916.6
282,40,transformer,loso,Timaa - TVTC,27.6173,38.5252,01-06-2019 00:00,8149.4,8191.1640625,41.764062500000364,41.764062500000364,1744.2369165039365,0.5124802132672389,33.7,2.6,2203.0,8039.6,0.21508210805850075,15.5,914.9
283,40,transformer,loso,Timaa - TVTC,27.6173,38.5252,01-07-2019 00:00,8239.6,8216.404296875,-23.195703125000364,23.195703125000364,538.0406434631517,0.28151491728967865,33.7,2.5,1707.7,9016.2,0.15924243978403377,16.9,912.7
284,40,transformer,loso,Timaa - TVTC,27.6173,38.5252,01-08-2019 00:00,7711.6,7757.31396484375,45.713964843749636,45.713964843749636,2089.766581735578,0.5927948135762959,33.7,2.4,1671.9,8426.6,0.1655592414715057,17.9,913.8
285,40,transformer,loso,Timaa - TVTC,27.6173,38.5252,01-09-2019 00:00,6725.4,6784.29150390625,58.891503906250364,58.891503906250364,3468.209232339902,0.8756580115123319,32.9,2.1,1825.0,7172.7,0.2028296120119586,18.2,915.5
286,40,transformer,loso,Timaa - TVTC,27.6173,38.5252,01-10-2019 00:00,5224.5,5285.95947265625,61.45947265625,61.45947265625,3777.2667791843414,1.176370421212556,28.1,2.2,1902.4,5422.5,0.2597168562028151,26.7,918.7
287,40,transformer,loso,Timaa - TVTC,27.6173,38.5252,01-11-2019 00:00,4375.6,4355.4521484375,-20.147851562500364,20.147851562500364,405.93592258454834,0.46045917274203224,19.9,2.2,1342.1,5845.2,0.1867321525468535,42.5,920.1
288,40,transformer,loso,Timaa - TVTC,27.6173,38.5252,01-12-2019 00:00,4303.5,4251.92236328125,-51.57763671875,51.57763671875,2660.2526094913483,1.1985043968572093,14.3,1.9,876.6,7341.8,0.10666309743989098,41.7,921.1
289,40,transformer,loso,Timaa - TVTC,27.6173,38.5252,01-01-2020 00:00,4477.6,4413.5810546875,-64.01894531250036,64.01894531250036,4098.425358924912,1.4297602580065294,11.1,1.9,1155.3,6835.6,0.14457695628777734,39.6,922.2
290,40,transformer,loso,Timaa - TVTC,27.6173,38.5252,01-02-2020 00:00,5507.3,5503.57421875,-3.725781250000182,3.725781250000182,13.881445922852919,0.06765168503622794,14.6,2.1,1300.9,7610.3,0.1459848280815154,33.6,921.0
291,40,transformer,loso,Timaa - TVTC,27.6173,38.5252,01-03-2020 00:00,6387.8,6473.46875,85.66874999999982,85.66874999999982,7339.134726562469,1.3411307492407372,19.4,2.8,2117.1,6558.9,0.2440179806362379,28.3,917.6
292,40,transformer,loso,Timaa - TVTC,27.6173,38.5252,01-04-2020 00:00,7732.1,7636.6787109375,-95.42128906250036,95.42128906250036,9105.222406349252,1.234092795779935,23.9,3.2,2158.2,7770.5,0.2173698470091754,24.8,916.5
293,40,transformer,loso,Timaa - TVTC,27.6173,38.5252,01-05-2020 00:00,7826.2,7742.73486328125,-83.46513671874982,83.46513671874982,6966.429047479599,1.0664835644214283,29.2,2.9,2584.8,6907.7,0.27229918356597316,18.1,917.1
294,40,transformer,loso,Timaa - TVTC,27.6173,38.5252,01-09-2020 00:00,6710.6,6902.3037109375,191.70371093749964,191.70371093749964,36750.312787208415,2.856729814584383,33.4,2.0,1992.1,6882.4,0.22447461828835427,14.5,916.3
295,40,transformer,loso,Timaa - TVTC,27.6173,38.5252,01-10-2020 00:00,5854.3,5971.439453125,117.13945312499982,117.13945312499982,13721.65147842403,2.0009130574961964,27.3,2.1,1244.5,7751.5,0.1383392618941752,16.0,920.0
296,40,transformer,loso,Timaa - TVTC,27.6173,38.5252,01-11-2020 00:00,4608.5,4586.49169921875,-22.00830078125,22.00830078125,484.36530327796936,0.47755887558316157,19.7,2.1,1158.3,6697.6,0.1474433228528876,45.0,919.9
297,40,transformer,loso,Timaa - TVTC,27.6173,38.5252,01-12-2020 00:00,3823.8,3958.071044921875,134.27104492187482,134.27104492187482,18028.713504412124,3.5114557487806586,15.0,1.9,1186.1,5481.4,0.1778927634045744,45.8,921.7
298,40,transformer,loso,Timaa - TVTC,27.6173,38.5252,01-01-2021 00:00,4346.5,4385.68310546875,39.18310546875,39.18310546875,1535.3157541751862,0.9014863791268837,14.4,2.1,1335.1,5998.3,0.18205743584149234,46.3,922.0
299,40,transformer,loso,Timaa - TVTC,27.6173,38.5252,01-02-2021 00:00,5093.9,5155.89892578125,61.998925781250364,61.998925781250364,3843.866798028991,1.2171209835538659,15.4,2.4,1537.8,6355.2,0.19483086278981376,43.6,921.0
300,40,transformer,loso,Timaa - TVTC,27.6173,38.5252,01-03-2021 00:00,6610.4,6592.70068359375,-17.699316406249636,17.699316406249636,313.2658012485375,0.2677495523152856,20.9,2.7,2135.2,6826.1,0.23826900114938682,25.7,918.7
301,40,transformer,loso,Timaa - TVTC,27.6173,38.5252,01-04-2021 00:00,7631.2,7630.24853515625,-0.9514648437498181,0.9514648437498181,0.9052853488918657,0.012468089471509305,25.4,2.9,2302.7,7431.0,0.2365698552451791,19.5,918.8
302,40,transformer,loso,Timaa - TVTC,27.6173,38.5252,01-05-2021 00:00,8199.1,8173.84765625,-25.252343750000364,25.252343750000364,637.6808648681824,0.3079892152797302,30.6,2.3,2093.4,8362.2,0.200218064960404,14.4,916.1
303,40,transformer,loso,Timaa - TVTC,27.6173,38.5252,01-07-2021 00:00,8089.8,8110.9541015625,21.154101562499818,21.154101562499818,447.4960129165572,0.26149103268931023,34.9,2.5,1961.6,8305.6,0.1910550101293439,16.6,911.9
304,40,transformer,loso,Timaa - TVTC,27.6173,38.5252,01-08-2021 00:00,7626.9,7727.80712890625,100.90712890625036,100.90712890625036,10182.248664102628,1.3230425062115718,34.4,2.3,1896.3,7943.6,0.19271537312371062,16.0,913.8
305,40,transformer,loso,Timaa - TVTC,27.6173,38.5252,01-09-2021 00:00,6691.9,6846.185546875,154.28554687500036,154.28554687500036,23804.029974517933,2.3055566711247986,31.2,2.3,1884.6,7036.9,0.21124250406321807,22.2,915.8
306,40,transformer,loso,Timaa - TVTC,27.6173,38.5252,01-10-2021 00:00,5692.4,5799.22412109375,106.82412109375036,106.82412109375036,11411.392847452242,1.8766095336545285,27.4,1.8,1514.6,6928.6,0.17938696228917944,22.2,919.2
307,40,transformer,loso,Timaa - TVTC,27.6173,38.5252,01-11-2021 00:00,4512.3,4544.02685546875,31.726855468749818,31.726855468749818,1006.5933579349403,0.7031193730192987,20.3,1.9,1236.1,6313.6,0.16372836006728742,33.7,920.8
308,40,transformer,loso,Timaa - TVTC,27.6173,38.5252,01-12-2021 00:00,3793.3,3849.625732421875,56.32573242187482,56.32573242187482,3172.58813286064,1.4848741840053465,15.1,2.1,1524.0,4748.1,0.24298081982111253,40.2,921.2
906,41,transformer,loso,Umluj - SWCC,25.00411,37.27382,01-01-2017 00:00,4448.2,4375.046875,-73.15312499999982,73.15312499999982,5351.379697265598,1.6445556629647906,21.5,3.1,1233.7,6085.1,0.16856588511777887,58.2,1015.2
907,41,transformer,loso,Umluj - SWCC,25.00411,37.27382,01-02-2017 00:00,5284.5,5275.3349609375,-9.1650390625,9.1650390625,83.99794101715088,0.17343247350742738,21.2,3.5,1716.4,5960.5,0.2235798304002918,46.3,1015.4
908,41,transformer,loso,Umluj - SWCC,25.00411,37.27382,01-03-2017 00:00,6148.7,6186.9990234375,38.29902343750018,38.29902343750018,1466.8151962661882,0.6228800142713123,23.1,3.3,2006.1,6196.2,0.24457774038989066,61.4,1010.9
909,41,transformer,loso,Umluj - SWCC,25.00411,37.27382,01-04-2017 00:00,6404.3,6426.30224609375,22.002246093749818,22.002246093749818,484.09883316992915,0.343554269689893,27.0,3.6,2766.8,4908.7,0.3604716305126702,57.2,1009.5
910,41,transformer,loso,Umluj - SWCC,25.00411,37.27382,01-05-2017 00:00,7035.7,7038.8232421875,3.123242187500182,3.123242187500182,9.754641761780922,0.04439134965248919,29.3,2.9,2419.5,6147.7,0.28241432440003733,61.5,1008.2
911,41,transformer,loso,Umluj - SWCC,25.00411,37.27382,01-06-2017 00:00,7460.0,7342.13818359375,-117.86181640625,117.86181640625,13891.407766580582,1.5799171100033513,30.5,3.1,2041.9,7201.9,0.22089400463013048,65.7,1004.4
912,41,transformer,loso,Umluj - SWCC,25.00411,37.27382,01-09-2017 00:00,6164.3,6285.79736328125,121.49736328124982,121.49736328124982,14761.609284295992,1.9709839443448538,30.6,3.1,2512.2,5045.0,0.3324247075636479,69.0,1006.3
913,41,transformer,loso,Umluj - SWCC,25.00411,37.27382,01-10-2017 00:00,5632.0,5589.232421875,-42.767578125,42.767578125,1829.0657386779785,0.759367509321733,28.0,3.3,1424.7,6765.1,0.17396029207062444,65.7,1010.5
914,41,transformer,loso,Umluj - SWCC,25.00411,37.27382,01-11-2017 00:00,4545.7,4489.69189453125,-56.00810546874982,56.00810546874982,3136.907878198603,1.2321117862760371,26.0,2.8,1284.1,5939.8,0.17775716718116252,59.8,1012.2
915,41,transformer,loso,Umluj - SWCC,25.00411,37.27382,01-03-2018 00:00,6422.2,6480.3349609375,58.13496093750018,58.13496093750018,3379.673683204672,0.9052187869810997,25.9,2.4,1836.6,6863.6,0.21109859543458767,55.8,1010.6
916,41,transformer,loso,Umluj - SWCC,25.00411,37.27382,01-04-2018 00:00,7208.7,7187.111328125,-21.588671874999818,21.588671874999818,466.0707533264082,0.299480792306516,26.9,2.4,2349.4,6564.8,0.26355702138161585,58.2,1008.6
917,41,transformer,loso,Umluj - SWCC,25.00411,37.27382,01-05-2018 00:00,7035.2,6987.77099609375,-47.42900390624982,47.42900390624982,2249.5104115390604,0.6741671012373468,31.4,2.8,3193.0,4945.1,0.3923520231995183,51.6,1006.2
918,41,transformer,loso,Umluj - SWCC,25.00411,37.27382,01-06-2018 00:00,7620.7,7622.353515625,1.653515625000182,1.653515625000182,2.734113922119742,0.021697686892282624,31.7,2.7,2406.9,6873.3,0.2593586345121872,59.8,1004.3
919,41,transformer,loso,Umluj - SWCC,25.00411,37.27382,01-07-2018 00:00,7427.1,7378.31396484375,-48.786035156250364,48.786035156250364,2380.0772262668966,0.6568651984792229,32.4,2.2,2274.3,6839.9,0.24953369467424458,59.9,1003.7
920,41,transformer,loso,Umluj - SWCC,25.00411,37.27382,01-08-2018 00:00,7125.3,7014.873046875,-110.42695312500018,110.42695312500018,12194.111976470987,1.5497867195065496,32.3,2.3,1768.9,7281.4,0.1954520844612886,67.8,1004.4
921,41,transformer,loso,Umluj - SWCC,25.00411,37.27382,01-09-2018 00:00,5939.5,5986.00390625,46.50390625,46.50390625,2162.613296508789,0.7829599503325195,31.8,0.3,2915.1,4050.2,0.41851750821931577,71.9,1005.9
922,41,transformer,loso,Umluj - SWCC,25.00411,37.27382,01-10-2018 00:00,5176.9,5283.05859375,106.15859375000036,106.15859375000036,11269.647026977616,2.0506209072997423,30.1,0.2,1812.5,5230.3,0.2573550292497302,59.8,1010.1
923,41,transformer,loso,Umluj - SWCC,25.00411,37.27382,01-11-2018 00:00,4267.1,4212.43408203125,-54.665917968750364,54.665917968750364,2988.362587366144,1.281102340436136,26.0,0.1,1205.0,5602.3,0.1770158506309403,57.5,1012.5
924,41,transformer,loso,Umluj - SWCC,25.00411,37.27382,01-12-2018 00:00,4118.4,4213.94140625,95.54140625000036,95.54140625000036,9128.160308227609,2.319867090374912,23.0,0.2,1223.5,5806.4,0.1740423050114511,56.9,1015.3
925,41,transformer,loso,Umluj - SWCC,25.00411,37.27382,01-01-2019 00:00,3911.3,3900.3984375,-10.901562500000182,10.901562500000182,118.84406494141021,0.27871967120906554,21.9,0.4,1748.0,4060.0,0.3009641873278237,55.3,1014.9
926,41,transformer,loso,Umluj - SWCC,25.00411,37.27382,01-02-2019 00:00,5000.7,5006.3701171875,5.670117187500182,5.670117187500182,32.150228919984976,0.11338646964425346,22.2,0.4,1729.3,5524.6,0.23839589737934075,50.3,1014.4
927,41,transformer,loso,Umluj - SWCC,25.00411,37.27382,01-03-2019 00:00,6381.1,6369.1875,-11.912500000000364,11.912500000000364,141.90765625000867,0.1866841140242335,22.6,0.8,1890.3,6770.1,0.21826936400166275,51.1,1012.9
928,41,transformer,loso,Umluj - SWCC,25.00411,37.27382,01-04-2019 00:00,6939.8,6905.5146484375,-34.28535156250018,34.28535156250018,1175.4853317642337,0.49403947610161936,25.3,0.5,2371.0,6279.5,0.27408820299404657,54.6,1010.1
929,41,transformer,loso,Umluj - SWCC,25.00411,37.27382,01-05-2019 00:00,7286.7,7313.04736328125,26.347363281250182,26.347363281250182,694.1835518741703,0.36158155655166513,29.2,0.1,2464.0,6381.8,0.2785502724456805,62.3,1007.2
930,41,transformer,loso,Umluj - SWCC,25.00411,37.27382,01-06-2019 00:00,7548.1,7662.005859375,113.90585937499964,113.90585937499964,12974.544799957193,1.5090666442548406,32.5,0.0,2346.2,6909.1,0.2534979957429797,55.3,1005.1
931,41,transformer,loso,Umluj - SWCC,25.00411,37.27382,01-07-2019 00:00,7719.4,7818.171875,98.77187500000036,98.77187500000036,9755.883291015696,1.2795278778143426,32.1,0.0,1789.5,7975.2,0.18326215859166178,62.8,1003.3
932,41,transformer,loso,Umluj - SWCC,25.00411,37.27382,01-08-2019 00:00,7172.1,7177.09716796875,4.997167968749636,4.997167968749636,24.971687707897367,0.06967510169615086,32.6,0.0,1825.1,7252.6,0.20105313019817792,63.7,1004.6
933,41,transformer,loso,Umluj - SWCC,25.00411,37.27382,01-09-2019 00:00,6201.0,6300.33544921875,99.33544921875,99.33544921875,9867.53147149086,1.6019262896105466,30.9,0.0,2219.7,5567.2,0.28505567042083496,69.9,1005.5
934,41,transformer,loso,Umluj - SWCC,25.00411,37.27382,01-10-2019 00:00,5237.5,5434.28076171875,196.78076171875,196.78076171875,38722.668182611465,3.7571505817422435,30.6,0.0,1872.5,5319.4,0.2603623520905463,64.3,1009.2
935,41,transformer,loso,Umluj - SWCC,25.00411,37.27382,01-11-2019 00:00,4663.0,4772.5947265625,109.5947265625,109.5947265625,12011.004090309143,2.350305094627922,27.4,0.0,1263.6,6261.0,0.16792919224942188,54.2,1011.1
936,41,transformer,loso,Umluj - SWCC,25.00411,37.27382,01-12-2019 00:00,4424.3,4386.587890625,-37.71210937500018,37.71210937500018,1422.2031935119767,0.8523859000293873,22.9,0.0,962.1,7000.3,0.12083040289359992,48.7,1014.7
937,41,transformer,loso,Umluj - SWCC,25.00411,37.27382,01-01-2020 00:00,4496.6,4511.4365234375,14.836523437499636,14.836523437499636,220.12242771147604,0.3299498162500475,19.7,0.0,1133.8,6545.9,0.14763597536362097,46.8,1017.4
938,41,transformer,loso,Umluj - SWCC,25.00411,37.27382,01-02-2020 00:00,5487.1,5469.17333984375,-17.926660156250364,17.926660156250364,321.3651443576943,0.3267055485821356,20.7,0.0,1317.3,7167.4,0.15525593126451143,54.0,1015.8
939,41,transformer,loso,Umluj - SWCC,25.00411,37.27382,01-03-2020 00:00,6296.2,6338.982421875,42.78242187500018,42.78242187500018,1830.335621490494,0.6794959161875446,23.6,2.9,2293.7,5856.0,0.28144594279544033,56.4,1011.7
940,41,transformer,loso,Umluj - SWCC,25.00411,37.27382,01-04-2020 00:00,7289.3,7274.21728515625,-15.082714843750182,15.082714843750182,227.48828705788208,0.20691581967747494,25.4,3.3,2294.6,6871.1,0.25034640016583565,59.8,1010.4
941,41,transformer,loso,Umluj - SWCC,25.00411,37.27382,01-05-2020 00:00,7382.4,7386.3896484375,3.989648437500364,3.989648437500364,15.917294654849094,0.054042702068437955,29.0,3.0,2402.8,6623.9,0.26618808645462905,60.8,1008.0
942,41,transformer,loso,Umluj - SWCC,25.00411,37.27382,01-09-2020 00:00,6252.2,6363.34423828125,111.14423828125018,111.14423828125018,12353.04170311932,1.777682068411922,33.6,2.7,2145.4,5735.0,0.27224506370235013,62.0,1005.2
943,41,transformer,loso,Umluj - SWCC,25.00411,37.27382,01-10-2020 00:00,5538.8,5641.4931640625,102.69316406249982,102.69316406249982,10545.885945167503,1.8540688247002928,31.4,2.1,1499.9,6507.8,0.1873072168038263,51.7,1009.4
944,41,transformer,loso,Umluj - SWCC,25.00411,37.27382,01-11-2020 00:00,4650.6,4691.6103515625,41.010351562499636,41.010351562499636,1681.8489352798163,0.881829259934194,26.5,3.1,1069.4,6695.2,0.1377276356798805,54.8,1012.4
945,41,transformer,loso,Umluj - SWCC,25.00411,37.27382,01-12-2020 00:00,4134.5,4212.7119140625,78.2119140625,78.2119140625,6117.103501319885,1.8916897826218404,24.3,2.7,1242.8,5702.6,0.17893857805166008,52.8,1013.9
946,41,transformer,loso,Umluj - SWCC,25.00411,37.27382,01-01-2021 00:00,4551.5,4690.513671875,139.013671875,139.013671875,19324.800968170166,3.0542386438536746,23.3,3.1,1358.5,6064.5,0.1830122591943958,52.0,1014.6
947,41,transformer,loso,Umluj - SWCC,25.00411,37.27382,01-02-2021 00:00,5326.6,5412.55810546875,85.95810546874964,85.95810546874964,7388.795895776686,1.613751839236091,22.6,3.3,1338.4,6747.1,0.1655308886277905,53.8,1014.3
948,41,transformer,loso,Umluj - SWCC,25.00411,37.27382,01-03-2021 00:00,6299.4,6354.07958984375,54.679589843750364,54.679589843750364,2989.857545480768,0.8680126653927417,24.5,3.4,2221.2,5961.2,0.27146069612827534,57.6,1011.2
949,41,transformer,loso,Umluj - SWCC,25.00411,37.27382,01-04-2021 00:00,7206.9,7218.0791015625,11.179101562500364,11.179101562500364,124.97231174469808,0.15511664602672945,26.6,3.0,2338.7,6639.8,0.2604778080971209,61.1,1009.8
950,41,transformer,loso,Umluj - SWCC,25.00411,37.27382,01-05-2021 00:00,7448.6,7569.77099609375,121.17099609374964,121.17099609374964,14682.41029435149,1.6267620236520908,30.5,2.7,2210.7,7041.8,0.23893001891380705,62.0,1006.4
951,41,transformer,loso,Umluj - SWCC,25.00411,37.27382,01-07-2021 00:00,7250.6,7264.82275390625,14.222753906249636,14.222753906249636,202.2867286777393,0.19615968204354997,32.1,3.0,2348.7,6507.2,0.2652130218272564,63.0,1002.3
952,41,transformer,loso,Umluj - SWCC,25.00411,37.27382,01-08-2021 00:00,6928.1,6821.58837890625,-106.51162109375036,106.51162109375036,11344.725428018648,1.5373857348154667,33.0,2.8,2195.7,6375.9,0.256159876802464,64.7,1003.3
953,41,transformer,loso,Umluj - SWCC,25.00411,37.27382,01-09-2021 00:00,6136.1,6277.97802734375,141.87802734374964,141.87802734374964,20129.374642953768,2.3121857098767884,30.8,3.1,2252.4,5489.1,0.2909513660143383,70.8,1005.4
954,41,transformer,loso,Umluj - SWCC,25.00411,37.27382,01-10-2021 00:00,5448.4,5417.15380859375,-31.246191406249636,31.246191406249636,976.3244773959887,0.5734929778696432,28.9,2.9,1623.5,6044.3,0.2117295704113305,68.1,1009.6
955,41,transformer,loso,Umluj - SWCC,25.00411,37.27382,01-11-2021 00:00,4539.7,4551.48486328125,11.784863281250182,11.784863281250182,138.8830025577588,0.2595956402680834,26.8,2.5,1257.1,6067.4,0.17162946276196325,59.8,1011.9
956,41,transformer,loso,Umluj - SWCC,25.00411,37.27382,01-12-2021 00:00,3847.4,3892.0888671875,44.68886718749991,44.68886718749991,1997.094850502006,1.1615342097910253,23.3,2.9,1361.4,4889.2,0.2178030909032733,53.6,1014.6
957,42,transformer,loso,Wadi Addawasir - TVTC,20.43008,44.89433,01-01-2017 00:00,4977.4,4811.17578125,-166.22421874999964,166.22421874999964,27630.49089904773,3.339579273315379,18.6,2.7,1579.1,5955.5,0.20957980516550312,28.5,941.9
958,42,transformer,loso,Wadi Addawasir - TVTC,20.43008,44.89433,01-02-2017 00:00,5020.4,5015.71337890625,-4.686621093749636,4.686621093749636,21.964417276379038,0.09335154756094408,18.1,3.5,2572.6,3716.9,0.409030924556801,36.1,942.0
959,42,transformer,loso,Wadi Addawasir - TVTC,20.43008,44.89433,01-03-2017 00:00,5831.1,5961.27685546875,130.17685546874964,130.17685546874964,16946.01369973173,2.2324579490790697,25.2,3.2,2967.1,3884.9,0.4330268534734384,32.7,937.2
960,42,transformer,loso,Wadi Addawasir - TVTC,20.43008,44.89433,01-04-2017 00:00,6901.4,7015.54296875,114.14296875000036,114.14296875000036,13028.61731506356,1.6539103479004316,29.6,3.0,2843.7,5392.9,0.34525168151907343,16.8,937.4
961,42,transformer,loso,Wadi Addawasir - TVTC,20.43008,44.89433,01-05-2017 00:00,6876.1,6945.0205078125,68.92050781249964,68.92050781249964,4750.036397132823,1.0023197424775618,33.6,2.5,3274.7,4561.7,0.41788321167883213,19.0,935.2
962,42,transformer,loso,Wadi Addawasir - TVTC,20.43008,44.89433,01-05-2019 00:00,6581.4,6585.1455078125,3.745507812500364,3.745507812500364,14.02882877350126,0.05691050251466806,32.1,3.1,3115.5,4327.2,0.4185980894030392,20.8,935.8
963,42,transformer,loso,Wadi Addawasir - TVTC,20.43008,44.89433,01-02-2020 00:00,5844.4,5753.36083984375,-91.03916015624964,91.03916015624964,8288.128681955272,1.5577161069784689,20.9,3.3,2203.6,5644.7,0.2807741803957545,21.8,941.5
964,42,transformer,loso,Wadi Addawasir - TVTC,20.43008,44.89433,01-04-2020 00:00,6929.7,6998.06298828125,68.36298828125018,68.36298828125018,4673.49816674235,0.9865216139407216,30.1,3.2,2829.1,5323.9,0.3470011038881393,27.1,936.0
965,42,transformer,loso,Wadi Addawasir - TVTC,20.43008,44.89433,01-05-2020 00:00,6863.4,6948.47900390625,85.07900390625036,85.07900390625036,7238.436905679765,1.2396043346774248,33.5,2.8,3240.3,4594.4,0.4135831620866147,15.0,935.3
966,42,transformer,loso,Wadi Addawasir - TVTC,20.43008,44.89433,01-09-2020 00:00,7092.6,6991.3740234375,-101.22597656250036,101.22597656250036,10246.698331031874,1.4272054897005382,32.6,1.9,2038.8,6992.3,0.2257532305034824,12.4,933.7
967,42,transformer,loso,Wadi Addawasir - TVTC,20.43008,44.89433,01-11-2020 00:00,5538.1,5273.2841796875,-264.81582031250036,264.81582031250036,70127.41868778248,4.781708894973011,22.6,2.5,1207.5,7472.4,0.13911450592748764,27.0,941.0
968,42,transformer,loso,Wadi Addawasir - TVTC,20.43008,44.89433,01-01-2021 00:00,5181.0,5102.95361328125,-78.04638671875,78.04638671875,6091.238479852676,1.5063961922167535,17.4,2.9,1607.7,6255.2,0.2044665454221725,30.7,942.8
969,42,transformer,loso,Wadi Addawasir - TVTC,20.43008,44.89433,01-04-2021 00:00,7354.2,7274.7431640625,-79.45683593749982,79.45683593749982,6313.388777198763,1.0804279994764872,29.0,2.7,2725.9,6052.8,0.3105129461081937,14.1,937.4
970,42,transformer,loso,Wadi Addawasir - TVTC,20.43008,44.89433,01-07-2021 00:00,6964.2,7005.2177734375,41.01777343750018,41.01777343750018,1682.4577377700955,0.5889804060408975,36.0,2.6,3141.6,4847.9,0.3932160961261656,18.5,928.1
971,42,transformer,loso,Wadi Addawasir - TVTC,20.43008,44.89433,01-10-2021 00:00,6404.1,6252.16162109375,-151.93837890625036,151.93837890625036,23085.270984659306,2.372517276529885,28.2,2.0,1683.5,7204.1,0.18942121607633106,18.2,938.5
1308,43,transformer,loso,Yanbu - RCJY,23.98655,38.20451,01-01-2017 00:00,4068.4,4158.48876953125,90.08876953124991,90.08876953124991,8115.986395654662,2.214353788497933,22.4,2.4,1403.7,5130.4,0.21482683154527787,53.9,1014.2
1309,43,transformer,loso,Yanbu - RCJY,23.98655,38.20451,01-02-2017 00:00,4398.5,4357.5810546875,-40.9189453125,40.9189453125,1674.3600854873657,0.9302931752301921,21.6,3.5,1896.4,4096.8,0.3164252819862511,38.0,1014.4
1310,43,transformer,loso,Yanbu - RCJY,23.98655,38.20451,01-09-2017 00:00,6309.4,6546.921875,237.52187500000036,237.52187500000036,56416.641103515794,3.7645715123466634,32.5,0.0,2707.0,4926.1,0.3546396614743682,56.4,1004.7
1311,43,transformer,loso,Yanbu - RCJY,23.98655,38.20451,01-11-2017 00:00,4643.4,4721.248046875,77.84804687500036,77.84804687500036,6060.318402252254,1.6765311382823012,26.5,0.0,1566.3,5473.5,0.22249211625330265,56.0,1011.7
1312,43,transformer,loso,Yanbu - RCJY,23.98655,38.20451,01-04-2018 00:00,7540.4,7625.4677734375,85.06777343750036,85.06777343750036,7236.526077613892,1.1281599575287833,26.8,0.0,2414.7,6962.9,0.25749658761303534,56.5,1007.9
1313,43,transformer,loso,Yanbu - RCJY,23.98655,38.20451,01-05-2018 00:00,7572.4,7461.9111328125,-110.48886718749964,110.48886718749964,12207.789772376933,1.4590997198708422,31.5,0.0,3416.5,5288.5,0.39247558874210225,44.0,1005.7
1314,43,transformer,loso,Yanbu - RCJY,23.98655,38.20451,01-06-2018 00:00,7806.4,7913.44580078125,107.04580078125036,107.04580078125036,11458.803464899142,1.3712569274089255,32.0,0.0,2673.0,6763.5,0.2832618025751073,52.8,1002.9
1315,43,transformer,loso,Yanbu - RCJY,23.98655,38.20451,01-01-2019 00:00,4003.2,4064.0625,60.86250000000018,60.86250000000018,3704.243906250022,1.5203462230215874,22.5,0.0,1845.6,3937.3,0.31914783240242783,52.7,1014.3
1316,43,transformer,loso,Yanbu - RCJY,23.98655,38.20451,01-02-2019 00:00,5492.9,6070.73974609375,577.8397460937504,577.8397460937504,333898.7721656899,10.519757251975284,22.8,0.0,2272.0,5237.1,0.30256621965348707,42.4,1013.4
1317,43,transformer,loso,Yanbu - RCJY,23.98655,38.20451,01-03-2019 00:00,6508.9,6611.88037109375,102.98037109375036,102.98037109375036,10604.956830606536,1.5821470769830597,23.0,0.0,2012.5,6677.6,0.23158536725699358,44.1,1012.0
1318,43,transformer,loso,Yanbu - RCJY,23.98655,38.20451,01-04-2019 00:00,6712.6,6604.8291015625,-107.77089843750036,107.77089843750036,11614.566550026018,1.6055015707401061,26.3,0.0,2464.4,5801.4,0.29814416027486756,44.9,1009.1
1319,43,transformer,loso,Yanbu - RCJY,23.98655,38.20451,01-10-2021 00:00,5533.9,5544.90087890625,11.000878906250364,11.000878906250364,121.0193367099842,0.19879070648639052,29.6,0.0,1817.2,5649.4,0.24337717301047332,64.9,1008.4
