record_id,fold,model_name,cv_strategy,station_name,latitude,longitude,date,actual_ghi,predicted_ghi,residual_error,absolute_error,squared_error,relative_error_pct,air_temperature_c,wind_speed_m_s,dhi_wh_m2,dni_wh_m2,diffuse_fraction,relative_humidity_pct,barometric_pressure_mb
23,1,transformer,kfold,Sharurah - TVTC,17.47586,47.08618,01-03-2020 00:00,6779.9,6859.04345703125,79.14345703125036,79.14345703125036,6263.686790857372,1.1673248430102268,26.9,4.2,3186.7,4887.2,0.394691536927631,26.1,929.2
29,1,transformer,kfold,Sharurah - TVTC,17.47586,47.08618,01-12-2020 00:00,5510.5,5467.71484375,-42.78515625,42.78515625,1830.569595336914,0.7764296570184194,21.2,3.3,1098.5,7951.0,0.12138792198464003,35.8,934.1
30,1,transformer,kfold,Sharurah - TVTC,17.47586,47.08618,01-01-2021 00:00,5912.8,5864.40234375,-48.39765625000018,48.39765625000018,2342.3331304931817,0.818523478724127,19.8,3.2,1163.1,8247.4,0.12359598321024387,26.6,934.3
32,1,transformer,kfold,Sharurah - TVTC,17.47586,47.08618,01-03-2021 00:00,7471.9,7585.34521484375,113.44521484375036,113.44521484375036,12869.816770944677,1.5182913963483233,27.7,3.6,1970.8,7876.3,0.20014014278315442,16.1,930.2
49,1,transformer,kfold,Layla - TVTC,22.27948,46.73319,01-11-2017 00:00,5221.3,5220.23046875,-1.069531250000182,1.069531250000182,1.1438970947269516,0.02048400302606979,23.5,2.0,1532.9,6449.1,0.1920446003507893,33.0,953.4
51,1,transformer,kfold,Layla - TVTC,22.27948,46.73319,01-04-2018 00:00,6787.2,6672.00537109375,-115.19462890624982,115.19462890624982,13269.802528848606,1.697233452767707,28.6,3.1,3720.5,3832.4,0.49259224933469264,30.9,948.0
59,1,transformer,kfold,Layla - TVTC,22.27948,46.73319,01-12-2018 00:00,4692.0,4697.93017578125,5.93017578125,5.93017578125,35.16698479652405,0.1263890831468457,19.0,2.2,1472.6,6052.0,0.19570475507003693,45.1,955.5
65,1,transformer,kfold,Layla - TVTC,22.27948,46.73319,01-06-2019 00:00,7413.6,7430.31103515625,16.711035156249636,16.711035156249636,279.2586959934113,0.2254105314051154,38.1,2.4,2893.3,5815.2,0.33223861744272837,11.8,942.6
69,1,transformer,kfold,Layla - TVTC,22.27948,46.73319,01-10-2019 00:00,6062.9,6061.79052734375,-1.1094726562496362,1.1094726562496362,1.2309295749656235,0.018299372515621835,30.9,2.0,1746.7,6659.7,0.2077821659687857,21.8,949.6
70,1,transformer,kfold,Layla - TVTC,22.27948,46.73319,01-11-2019 00:00,4899.4,4871.11181640625,-28.288183593749636,28.288183593749636,800.221331033686,0.5773805689216973,22.7,2.0,1723.7,5485.0,0.23911384854412032,41.9,953.3
73,1,transformer,kfold,Layla - TVTC,22.27948,46.73319,01-02-2020 00:00,5617.1,5745.13134765625,128.03134765624964,128.03134765624964,16392.02598267546,2.279314017130719,19.8,2.6,2383.7,5143.7,0.3166697664532242,25.9,954.4
76,1,transformer,kfold,Layla - TVTC,22.27948,46.73319,01-05-2020 00:00,7397.1,7369.103515625,-27.996484375000364,27.996484375000364,783.8031373596395,0.3784791928593687,34.1,2.6,3319.9,5199.9,0.38966877156740776,16.1,946.8
78,1,transformer,kfold,Layla - TVTC,22.27948,46.73319,01-10-2020 00:00,6364.6,6259.5322265625,-105.06777343750036,105.06777343750036,11039.237015113908,1.6508150305989435,28.0,2.2,1289.4,8065.7,0.1378285640987269,17.0,950.6
99,1,transformer,kfold,Osfan - KAU,21.89252,39.2539,01-03-2018 00:00,6460.5,6630.52197265625,170.02197265625,170.02197265625,28907.471185922623,2.631715388224596,28.2,3.2,2231.4,6115.0,0.26734879708616893,49.9,997.8
109,1,transformer,kfold,Osfan - KAU,21.89252,39.2539,01-01-2019 00:00,4045.3,4020.78955078125,-24.510449218750182,24.510449218750182,600.7621209049314,0.6058994195424364,24.7,3.2,2080.9,3446.8,0.3764495178826636,64.3,1001.7
123,1,transformer,kfold,Osfan - KAU,21.89252,39.2539,01-03-2020 00:00,6308.6,6434.12109375,125.52109374999964,125.52109374999964,15755.544976196197,1.9896822393240914,25.6,3.6,2436.8,5455.8,0.30874490028634416,54.4,998.1
124,1,transformer,kfold,Osfan - KAU,21.89252,39.2539,01-09-2020 00:00,6212.3,6285.6171875,73.31718749999982,73.31718749999982,5375.40998291013,1.180193929784457,34.7,2.8,2468.7,5044.1,0.3285991907145139,56.4,992.0
135,1,transformer,kfold,Osfan - KAU,21.89252,39.2539,01-09-2021 00:00,5972.5,6044.62451171875,72.12451171875,72.12451171875,5201.945190668106,1.2076100748221013,32.8,3.2,2714.6,4315.4,0.3861450924608819,63.8,992.7
162,1,transformer,kfold,Al Farshah - TQ TVTC,17.7749,43.17555,01-07-2019 00:00,5393.4,5596.06103515625,202.66103515625036,202.66103515625036,41071.495170602946,3.7575747238523083,31.2,2.2,3556.0,2203.4,0.6174254262596799,43.3,888.2
168,1,transformer,kfold,Al Farshah - TQ TVTC,17.7749,43.17555,01-01-2020 00:00,4697.5,4697.25732421875,-0.24267578125,0.24267578125,0.05889153480529785,0.005166062400212879,21.8,2.0,1669.2,5022.5,0.24944334025733372,53.2,896.0
173,1,transformer,kfold,Al Farshah - TQ TVTC,17.7749,43.17555,01-09-2020 00:00,6443.4,6213.41845703125,-229.98154296874964,229.98154296874964,52891.510106286834,3.5692575809161258,30.1,2.2,2029.4,5886.9,0.2563571365410609,39.5,890.3
185,1,transformer,kfold,Hada Al Sham - KAU,21.80117,39.72854,01-03-2017 00:00,5374.8,5378.8818359375,4.081835937499818,4.081835937499818,16.661384620665018,0.07594395954267727,26.9,2.0,2605.2,3849.1,0.40363788482097207,50.7,983.8
188,1,transformer,kfold,Hada Al Sham - KAU,21.80117,39.72854,01-06-2017 00:00,7303.9,7350.6630859375,46.763085937500364,46.763085937500364,2186.786206398044,0.6402481679308365,35.2,2.0,2732.3,5928.5,0.3154789395898763,34.0,977.8
203,1,transformer,kfold,Hada Al Sham - KAU,21.80117,39.72854,01-02-2019 00:00,4777.5,4695.8623046875,-81.6376953125,81.6376953125,6664.7132959365845,1.7087952969649398,24.0,2.3,2181.9,4078.1,0.34854632587859424,49.5,987.1
251,1,transformer,kfold,Dammam - IAFU,26.394974,50.188715,01-07-2019 00:00,7556.3,7593.27294921875,36.97294921874982,36.97294921874982,1366.9989739322527,0.4892996469005971,36.0,0.0,2343.0,6820.9,0.2556771680179836,32.5,995.5
259,1,transformer,kfold,Timaa - TVTC,27.6173,38.5252,01-02-2017 00:00,5392.6,5423.73095703125,31.130957031249636,31.130957031249636,969.1364856815112,0.5772903058125883,12.5,2.3,1649.3,6580.6,0.200403407088786,28.9,921.8
261,1,transformer,kfold,Timaa - TVTC,27.6173,38.5252,01-04-2017 00:00,6508.5,6532.43017578125,23.93017578125,23.93017578125,572.653312921524,0.36767574373895673,25.1,3.1,2727.9,5257.1,0.34162805259862244,21.1,918.3
270,1,transformer,kfold,Timaa - TVTC,27.6173,38.5252,01-06-2018 00:00,8218.7,8206.6455078125,-12.054492187500728,12.054492187500728,145.31078189851607,0.14667151967465325,32.3,2.5,2262.5,8035.6,0.21970072149231412,17.1,914.3
271,1,transformer,kfold,Timaa - TVTC,27.6173,38.5252,01-07-2018 00:00,8005.7,8011.216796875,5.516796875000182,5.516796875000182,30.435047760011773,0.06891086194836406,33.4,2.5,2187.6,7878.7,0.2173191738771942,17.9,912.7
275,1,transformer,kfold,Timaa - TVTC,27.6173,38.5252,01-11-2018 00:00,3967.4,3994.669189453125,27.26918945312491,27.26918945312491,743.6086934304187,0.6873314879549556,18.0,2.2,1406.4,4995.9,0.2196710557143527,59.7,920.0
289,1,transformer,kfold,Timaa - TVTC,27.6173,38.5252,01-01-2020 00:00,4477.6,4391.50634765625,-86.09365234375036,86.09365234375036,7412.116973886553,1.9227633630460594,11.1,1.9,1155.3,6835.6,0.14457695628777734,39.6,922.2
297,1,transformer,kfold,Timaa - TVTC,27.6173,38.5252,01-12-2020 00:00,3823.8,3821.19580078125,-2.604199218750182,2.604199218750182,6.781853570939058,0.0681050059822737,15.0,1.9,1186.1,5481.4,0.1778927634045744,45.8,921.7
303,1,transformer,kfold,Timaa - TVTC,27.6173,38.5252,01-07-2021 00:00,8089.8,8145.18603515625,55.38603515624982,55.38603515624982,3067.6128903293406,0.6846403515074516,34.9,2.5,1961.6,8305.6,0.1910550101293439,16.6,911.9
331,1,transformer,kfold,Hail - TVTC,27.65261,41.70826,01-08-2019 00:00,7644.2,7626.16455078125,-18.035449218749818,18.035449218749818,325.27742852210343,0.23593638600180292,33.2,3.3,1908.1,7915.6,0.1942343516190437,11.1,904.4
342,1,transformer,kfold,Hail - TVTC,27.65261,41.70826,01-10-2020 00:00,5948.5,5926.94970703125,-21.55029296875,21.55029296875,464.4151270389557,0.36228112917121963,25.6,2.5,1173.5,8055.1,0.1271590490431918,11.7,911.6
344,1,transformer,kfold,Hail - TVTC,27.65261,41.70826,01-12-2020 00:00,3597.5,3644.083251953125,46.583251953125,46.583251953125,2169.999362528324,1.2948784420604587,13.6,3.4,1356.6,4611.2,0.2273199504004826,52.0,913.3
351,1,transformer,kfold,Hail - TVTC,27.65261,41.70826,01-08-2021 00:00,7648.0,7675.13134765625,27.13134765625,27.13134765625,736.1100256443024,0.3547508846266998,34.5,3.0,1929.6,7915.2,0.1960019502681619,8.7,904.5
361,1,transformer,kfold,Madinah - Taibah University,24.4846,39.5418,01-10-2017 00:00,5871.0,5755.720703125,-115.279296875,115.279296875,13289.316287994385,1.9635376745869528,32.0,2.2,1478.9,6881.4,0.17689556594859038,14.9,939.1
374,1,transformer,kfold,Madinah - Taibah University,24.4846,39.5418,01-11-2019 00:00,4642.0,4537.541015625,-104.458984375,104.458984375,10911.679416656494,2.2503012575398533,25.4,2.0,1378.9,5787.4,0.19241449562535762,31.5,940.6
381,1,transformer,kfold,Al Hanakiyah - TVTC,24.85577,40.536,01-03-2017 00:00,6075.7,6161.50146484375,85.80146484375018,85.80146484375018,7361.891369333299,1.41220706821848,23.4,3.7,2622.9,5070.3,0.34093745125565433,24.6,914.7
394,1,transformer,kfold,Al Hanakiyah - TVTC,24.85577,40.536,01-09-2018 00:00,6388.5,6543.8623046875,155.3623046875,155.3623046875,24137.445717811584,2.4319058415512247,36.4,3.2,2709.2,4977.0,0.3524758658374749,12.5,913.7
405,1,transformer,kfold,Al Hanakiyah - TVTC,24.85577,40.536,01-08-2019 00:00,7554.9,7608.35693359375,53.456933593750364,53.456933593750364,2857.643749246636,0.7075796316794447,35.8,3.5,1981.2,7644.3,0.20582826866136825,14.1,911.2
411,1,transformer,kfold,Al Hanakiyah - TVTC,24.85577,40.536,01-02-2020 00:00,5470.3,5626.97900390625,156.67900390624982,156.67900390624982,24548.310265054646,2.864175710769973,19.0,3.3,1798.4,6283.0,0.22253569926002922,29.9,918.9
413,1,transformer,kfold,Al Hanakiyah - TVTC,24.85577,40.536,01-04-2020 00:00,7323.4,7479.1572265625,155.75722656250036,155.75722656250036,24260.31362644207,2.126843086032449,27.1,3.7,2781.8,6290.0,0.3066425626667255,22.5,914.3
420,1,transformer,kfold,Al Hanakiyah - TVTC,24.85577,40.536,01-02-2021 00:00,5417.2,5510.95361328125,93.75361328125018,93.75361328125018,8789.74000329021,1.7306655335090115,19.5,3.3,1664.4,6361.5,0.20737861174447728,35.0,918.1
422,1,transformer,kfold,Al Hanakiyah - TVTC,24.85577,40.536,01-04-2021 00:00,7305.7,7322.03125,16.331250000000182,16.331250000000182,266.7097265625059,0.2235412075502715,28.2,3.7,2827.2,5988.0,0.32071875850803155,19.7,916.1
425,1,transformer,kfold,Al Hanakiyah - TVTC,24.85577,40.536,01-08-2021 00:00,7545.6,7616.9443359375,71.34433593749964,71.34433593749964,5090.014270362802,0.9455091170682204,37.2,3.3,2170.8,7263.2,0.23010387958448167,12.2,910.8
433,1,transformer,kfold,Al Uwayqilah,30.327166,42.253735,01-12-2021 00:00,3175.3,3194.96533203125,19.665332031249818,19.665332031249818,386.7252838993001,0.6193220178014618,12.7,2.9,1420.0,3801.5,0.2719525040697118,47.4,968.6
438,1,transformer,kfold,Tabuk - University,28.38287,36.48396,01-05-2017 00:00,7630.7,7594.01708984375,-36.68291015624982,36.68291015624982,1345.635897531496,0.4807279824426307,27.5,0.0,1894.8,7888.3,0.19368093957947888,17.3,925.1
450,1,transformer,kfold,Tabuk - University,28.38287,36.48396,01-06-2019 00:00,7896.1,7945.419921875,49.319921874999636,49.319921874999636,2432.4546937560676,0.6246111608895485,31.4,3.0,1917.9,8159.0,0.19032639006043528,18.3,923.1
451,1,transformer,kfold,Tabuk - University,28.38287,36.48396,01-07-2019 00:00,8313.3,8175.1396484375,-138.16035156249927,138.16035156249927,19088.282743873395,1.6619194731634763,31.8,2.8,1500.0,9425.8,0.13728971791539293,18.7,921.0
478,1,transformer,kfold,Farasan - SWCC,16.692097,42.098767,01-05-2017 00:00,6306.4,6203.7177734375,-102.68222656249964,102.68222656249964,10543.639651832505,1.6282225447561152,32.6,3.2,2936.2,4173.1,0.41300831305473107,71.0,1005.7
479,1,transformer,kfold,Farasan - SWCC,16.692097,42.098767,01-06-2017 00:00,6265.1,6161.5908203125,-103.50917968750036,103.50917968750036,10714.150279579238,1.6521552678728249,33.6,3.5,3288.5,3596.8,0.4776117235269342,69.4,1001.8
481,1,transformer,kfold,Farasan - SWCC,16.692097,42.098767,01-04-2018 00:00,6577.0,6551.546875,-25.453125,25.453125,647.861572265625,0.3870020526075718,30.6,3.5,2690.8,5046.4,0.34777438866773513,72.6,1006.2
483,1,transformer,kfold,Farasan - SWCC,16.692097,42.098767,01-06-2018 00:00,6138.8,6107.17578125,-31.624218750000182,31.624218750000182,1000.091211547863,0.5151531040268486,33.8,1.1,3848.0,2741.4,0.5839681913376028,65.6,1001.7
490,1,transformer,kfold,Farasan - SWCC,16.692097,42.098767,01-08-2019 00:00,5428.8,5296.37646484375,-132.42353515625018,132.42353515625018,17535.992663278626,2.439278204322321,33.2,0.0,3152.4,2806.4,0.5290326911458683,71.9,1003.2
493,1,transformer,kfold,Farasan - SWCC,16.692097,42.098767,01-12-2019 00:00,4425.7,4470.767578125,45.06757812500018,45.06757812500018,2031.086598052995,1.0183152523894567,27.9,0.0,2029.3,4060.3,0.3332402785076195,78.6,1011.0
494,1,transformer,kfold,Farasan - SWCC,16.692097,42.098767,01-01-2020 00:00,4308.7,4264.3935546875,-44.30644531249982,44.30644531249982,1963.061096229537,1.0283019312669672,26.7,0.6,2129.0,3638.2,0.36915660979331394,72.3,1013.0
495,1,transformer,kfold,Farasan - SWCC,16.692097,42.098767,01-02-2020 00:00,4715.1,4803.5791015625,88.47910156249964,88.47910156249964,7828.551413307126,1.8765053034400039,26.8,3.6,2773.8,2876.3,0.4909293640820516,77.2,1012.1
514,1,transformer,kfold,Al Khafji - SWCC,28.50676,48.455128,01-11-2017 00:00,3938.1,3841.503662109375,-96.59633789062491,96.59633789062491,9330.852493879778,2.452866557238895,21.5,3.3,1571.4,4407.1,0.26284184996236515,48.1,1016.4
518,1,transformer,kfold,Al Khafji - SWCC,28.50676,48.455128,01-06-2018 00:00,7569.0,7594.8291015625,25.8291015625,25.8291015625,667.1424875259399,0.3412485343176113,34.8,3.8,3187.7,5639.7,0.36111425787887713,29.1,1000.0
522,1,transformer,kfold,Al Khafji - SWCC,28.50676,48.455128,01-09-2020 00:00,6394.5,6473.1435546875,78.6435546875,78.6435546875,6184.808693885803,1.2298624550394872,33.0,2.7,1898.9,6518.8,0.22558418570393338,40.8,1004.1
532,1,transformer,kfold,Al Khafji - SWCC,28.50676,48.455128,01-08-2021 00:00,7239.3,7325.787109375,86.48710937499982,86.48710937499982,7480.020088043181,1.1946888424985815,35.8,0.0,2172.8,6851.9,0.24076146575509436,33.5,999.9
552,1,transformer,kfold,Riyadh - KSU,24.72359,46.61639,01-11-2018 00:00,3889.5,3760.817626953125,-128.682373046875,128.682373046875,16559.1531329751,3.3084554067842906,21.3,1.9,1887.6,3492.5,0.3508484972398282,56.6,941.9
560,1,transformer,kfold,Riyadh - KSU,24.72359,46.61639,01-07-2019 00:00,7737.8,7710.36572265625,-27.434277343750182,27.434277343750182,752.6395733738045,0.3545488038428259,38.0,2.3,2394.1,7027.0,0.2541210686650179,11.9,929.0
561,1,transformer,kfold,Riyadh - KSU,24.72359,46.61639,01-08-2019 00:00,7412.5,7300.78564453125,-111.71435546875,111.71435546875,12480.097217798233,1.5071076623102868,37.3,2.0,2176.6,7002.8,0.237117894415757,12.4,930.4
566,1,transformer,kfold,Riyadh - KSU,24.72359,46.61639,01-01-2020 00:00,4446.7,4291.84765625,-154.85234374999982,154.85234374999982,23979.24836486811,3.482410411091367,14.8,1.8,1305.5,5841.8,0.1826563877268339,40.8,942.8
576,1,transformer,kfold,Riyadh - KSU,24.72359,46.61639,01-02-2021 00:00,4880.6,4955.69384765625,75.09384765624964,75.09384765624964,5639.085955820029,1.5386191791224364,18.5,2.0,1799.3,5203.8,0.25692907426711026,37.6,942.2
582,1,transformer,kfold,Riyadh - KSU,24.72359,46.61639,01-09-2021 00:00,6750.1,6675.53955078125,-74.56044921875036,74.56044921875036,5559.260587701851,1.104582883494324,34.3,2.1,1875.2,6940.9,0.21270176154989168,15.4,933.7
583,1,transformer,kfold,Riyadh - KSU,24.72359,46.61639,01-10-2021 00:00,5645.1,5628.775390625,-16.324609375000364,16.324609375000364,266.49287124634975,0.28918193433243633,30.8,1.6,1681.4,6241.3,0.2122256301513373,20.7,939.0
596,1,transformer,kfold,Jazan - University,16.96035,42.545865,01-08-2018 00:00,5592.4,5632.3876953125,39.987695312500364,39.987695312500364,1599.0157764053636,0.7150363942582856,33.1,0.9,3454.5,2489.2,0.5812036273701566,66.9,1003.9
597,1,transformer,kfold,Jazan - University,16.96035,42.545865,01-09-2018 00:00,6013.7,5932.38916015625,-81.31083984374982,81.31083984374982,6611.452676095933,1.352093384168645,33.1,0.2,2776.4,4092.0,0.40422805893657915,68.8,1006.0
602,1,transformer,kfold,Jazan - University,16.96035,42.545865,01-04-2019 00:00,6218.7,6236.69677734375,17.996777343750182,17.996777343750182,323.88399476051984,0.2893977413888784,30.3,0.0,2973.3,4159.3,0.41686061183860024,69.9,1008.8
620,1,transformer,kfold,Jazan - University,16.96035,42.545865,01-02-2021 00:00,4771.7,4571.712890625,-199.98710937499982,199.98710937499982,39994.84391616814,4.191108187333651,26.2,2.8,2167.7,3835.3,0.3611027819423621,66.7,1012.9
621,1,transformer,kfold,Jazan - University,16.96035,42.545865,01-03-2021 00:00,6135.9,6083.6142578125,-52.285742187499636,52.285742187499636,2733.798836097679,0.8521283297886153,28.4,2.7,2459.1,4951.1,0.3318533912714906,66.9,1010.2
626,1,transformer,kfold,Jazan - University,16.96035,42.545865,01-09-2021 00:00,5653.7,5574.5751953125,-79.12480468749982,79.12480468749982,6260.734716834993,1.3995225195447198,32.9,2.0,2713.4,3697.1,0.42327431557600814,69.5,1004.7
637,1,transformer,kfold,Riyadh - K.A.CARE City T2,24.52958,46.43635,01-10-2017 00:00,6247.4,6419.93798828125,172.53798828125036,172.53798828125036,29769.35740014089,2.761756703288574,28.3,3.5,1682.9,7268.5,0.18800411108876824,17.3,913.0
651,1,transformer,kfold,Riyadh - K.A.CARE City T2,24.52958,46.43635,01-03-2019 00:00,6260.1,5989.16748046875,-270.93251953125036,270.93251953125036,73404.43013955136,4.327926383464327,18.5,4.7,2449.2,5593.9,0.30450945530951995,29.3,912.0
664,1,transformer,kfold,Riyadh - K.A.CARE City T2,24.52958,46.43635,01-04-2020 00:00,6450.3,6341.3837890625,-108.91621093750018,108.91621093750018,11862.741004982034,1.6885448884160454,25.4,4.7,3234.6,4214.9,0.43420363782804217,31.9,910.6
678,1,transformer,kfold,Arar - TVTC,31.027395,40.906419,01-04-2017 00:00,6069.7,6052.42919921875,-17.270800781249818,17.270800781249818,298.28055962561933,0.2845412587318948,21.7,4.0,2775.9,4632.1,0.3747165226781858,26.0,947.9
682,1,transformer,kfold,Arar - TVTC,31.027395,40.906419,01-04-2018 00:00,6818.8,6812.6083984375,-6.191601562500182,6.191601562500182,38.33592990875469,0.09080192354226817,22.0,3.9,2498.6,6174.8,0.28807618696243686,27.2,945.0
693,1,transformer,kfold,Arar - TVTC,31.027395,40.906419,01-05-2019 00:00,7228.4,7232.67578125,4.275781250000364,4.275781250000364,18.282305297854673,0.05915252683858619,29.5,4.1,2436.9,6413.1,0.27535593220338983,13.8,944.8
701,1,transformer,kfold,Arar - TVTC,31.027395,40.906419,01-12-2020 00:00,3033.7,3240.36181640625,206.66181640625018,206.66181640625018,42709.106360330654,6.812203461326109,11.1,2.2,1135.5,4234.8,0.21144070163678005,60.2,952.3
707,1,transformer,kfold,Arar - TVTC,31.027395,40.906419,01-07-2021 00:00,8315.8,8287.79296875,-28.007031249999272,28.007031249999272,784.3937994384358,0.3367929874455768,35.7,4.1,1694.9,9161.6,0.15611845438216737,12.6,938.1
715,1,transformer,kfold,Taif - University,21.43278,40.49173,01-09-2017 00:00,6560.7,6610.84228515625,50.14228515625018,50.14228515625018,2514.2487606907075,0.7642825484513875,28.0,2.5,2412.9,5620.2,0.30036972028233183,18.9,848.8
720,1,transformer,kfold,Taif - University,21.43278,40.49173,01-06-2018 00:00,7557.7,7527.69677734375,-30.003222656249818,30.003222656249818,900.1933697605024,0.39698880156991967,29.5,3.2,2904.7,5915.2,0.3293347997142825,15.5,847.2
727,1,transformer,kfold,Taif - University,21.43278,40.49173,01-03-2019 00:00,7014.5,6841.78515625,-172.71484375,172.71484375,29830.417251586914,2.4622545263382993,18.7,3.7,1888.6,7502.6,0.20110316040548595,30.7,849.0
741,1,transformer,kfold,Rania - TVTC,21.21501,42.84853,01-11-2017 00:00,5252.1,5208.96044921875,-43.139550781250364,43.139550781250364,1861.0208416080789,0.8213771782953554,23.2,3.4,1461.4,6553.3,0.18233995034124795,27.3,912.5
743,1,transformer,kfold,Rania - TVTC,21.21501,42.84853,01-04-2018 00:00,6467.7,6407.34814453125,-60.35185546874982,60.35185546874982,3642.346458520867,0.9331270075722409,26.5,3.7,2885.1,4650.2,0.38287792125064696,33.9,908.7
745,1,transformer,kfold,Rania - TVTC,21.21501,42.84853,01-03-2019 00:00,6513.2,6438.11328125,-75.08671874999982,75.08671874999982,5638.015332641574,1.152839138211629,23.5,4.0,2723.0,5245.0,0.3417419678714859,21.2,910.1
767,1,transformer,kfold,Al Baha - University,20.1794,41.6357,01-03-2018 00:00,6968.5,6816.11083984375,-152.38916015625,152.38916015625,23222.456133127213,2.1868287315240007,21.2,2.6,1712.1,7597.9,0.18389903329752952,29.4,834.9
774,1,transformer,kfold,Al Baha - University,20.1794,41.6357,01-04-2019 00:00,6864.9,6658.49609375,-206.40390624999964,206.40390624999964,42602.57251525864,3.0066556869000225,22.5,0.0,2381.3,5975.5,0.2849535707447827,40.4,834.1
807,1,transformer,kfold,Thuwal - KAUST,22.3065,39.107,01-04-2018 00:00,7031.1,7021.68017578125,-9.419824218750364,9.419824218750364,88.7330883121559,0.13397369143875584,27.0,0.0,2507.9,6022.8,0.29398525326174874,65.5,1006.2
808,1,transformer,kfold,Thuwal - KAUST,22.3065,39.107,01-05-2018 00:00,7120.5,7172.2109375,51.7109375,51.7109375,2674.0210571289062,0.7262262130468367,30.2,0.0,3128.0,5108.0,0.37979601748421565,62.0,1003.9
829,1,transformer,kfold,Thuwal - KAUST,22.3065,39.107,01-02-2020 00:00,4914.9,4889.17822265625,-25.721777343749636,25.721777343749636,661.6098297214321,0.5233428420466263,22.7,2.6,1963.0,4774.1,0.2913716584287008,62.1,1012.8
857,1,transformer,kfold,Al Jouf - TVTC,29.77634,40.02318,01-11-2018 00:00,3147.4,3274.189208984375,126.78920898437491,126.78920898437491,16075.503514883496,4.028379264928986,15.3,2.7,1697.3,2934.3,0.3664608342689351,73.8,939.3
881,1,transformer,kfold,Al Jouf - TVTC,29.77634,40.02318,01-05-2021 00:00,8070.1,8193.63671875,123.53671874999964,123.53671874999964,15261.320879516512,1.5307953897721172,30.0,3.7,2289.2,7930.5,0.22399874751705037,12.3,933.4
901,1,transformer,kfold,Makkah - UQU,21.331,39.949,01-07-2021 00:00,6611.6,6562.4091796875,-49.190820312500364,49.190820312500364,2419.7368030166986,0.7440078091914266,35.7,2.4,3277.3,4124.0,0.4428005890857012,25.6,969.5
904,1,transformer,kfold,Makkah - UQU,21.331,39.949,01-11-2021 00:00,4622.3,4792.919921875,170.61992187499982,170.61992187499982,29111.157740631043,3.6912342746035485,28.7,1.5,2303.9,3887.6,0.37210692077848667,43.1,977.6
917,1,transformer,kfold,Umluj - SWCC,25.00411,37.27382,01-05-2018 00:00,7035.2,7067.94970703125,32.74970703125018,32.74970703125018,1072.5433106327175,0.46551209675986727,31.4,2.8,3193.0,4945.1,0.3923520231995183,51.6,1006.2
930,1,transformer,kfold,Umluj - SWCC,25.00411,37.27382,01-06-2019 00:00,7548.1,7628.14599609375,80.04599609374964,80.04599609374964,6407.361490640582,1.0604787442369554,32.5,0.0,2346.2,6909.1,0.2534979957429797,55.3,1005.1
944,1,transformer,kfold,Umluj - SWCC,25.00411,37.27382,01-11-2020 00:00,4650.6,4454.3740234375,-196.22597656250036,196.22597656250036,38504.63387790694,4.219369039747567,26.5,3.1,1069.4,6695.2,0.1377276356798805,54.8,1012.4
962,1,transformer,kfold,Wadi Addawasir - TVTC,20.43008,44.89433,01-05-2019 00:00,6581.4,6543.6875,-37.712499999999636,37.712499999999636,1422.2326562499725,0.5730163794937192,32.1,3.1,3115.5,4327.2,0.4185980894030392,20.8,935.8
963,1,transformer,kfold,Wadi Addawasir - TVTC,20.43008,44.89433,01-02-2020 00:00,5844.4,5744.6416015625,-99.75839843749964,99.75839843749964,9951.73805881493,1.706905729202307,20.9,3.3,2203.6,5644.7,0.2807741803957545,21.8,941.5
968,1,transformer,kfold,Wadi Addawasir - TVTC,20.43008,44.89433,01-01-2021 00:00,5181.0,5141.22021484375,-39.77978515625,39.77978515625,1582.4313070774078,0.7678012962024705,17.4,2.9,1607.7,6255.2,0.2044665454221725,30.7,942.8
982,1,transformer,kfold,Al Dawadmi - TVTC,24.5569,44.47411,01-06-2018 00:00,7910.4,7900.34716796875,-10.052832031249636,10.052832031249636,101.05943184851868,0.12708373825912264,34.7,2.9,2829.1,6525.5,0.302428751630214,12.7,901.8
985,1,transformer,kfold,Al Dawadmi - TVTC,24.5569,44.47411,01-09-2018 00:00,6587.5,6652.5703125,65.0703125,65.0703125,4234.145568847656,0.9877846299810247,34.1,2.7,2459.7,5713.5,0.3009469975040376,12.7,904.7
1001,1,transformer,kfold,Al Dawadmi - TVTC,24.5569,44.47411,01-01-2020 00:00,4790.7,4718.50439453125,-72.19560546874982,72.19560546874982,5212.205448999379,1.5069949165831678,13.4,0.4,1199.6,6866.6,0.1487193474002628,38.2,910.5
1005,1,transformer,kfold,Al Dawadmi - TVTC,24.5569,44.47411,01-05-2020 00:00,7165.5,7159.6376953125,-5.8623046875,5.8623046875,34.36661624908447,0.0818129186728072,31.2,3.2,3466.1,4717.4,0.4235473819270483,17.5,905.7
1022,1,transformer,kfold,Shaqra - University,25.17279,45.14198,01-02-2017 00:00,4770.5,4810.3740234375,39.8740234375,39.8740234375,1589.9377450942993,0.8358457905355834,13.7,2.0,2193.4,4202.8,0.3429223601513398,42.1,929.2
1023,1,transformer,kfold,Shaqra - University,25.17279,45.14198,01-03-2017 00:00,5267.3,5312.453125,45.15312499999982,45.15312499999982,2038.8046972656086,0.8572347312664899,21.5,2.4,2988.1,3208.7,0.48220049057578107,39.0,924.4
1034,1,transformer,kfold,Shaqra - University,25.17279,45.14198,01-09-2018 00:00,6501.4,6549.00927734375,47.609277343750364,47.609277343750364,2266.6432891941417,0.7322926960923858,35.1,1.0,2424.8,5671.4,0.2994985301746499,12.5,921.5
1035,1,transformer,kfold,Shaqra - University,25.17279,45.14198,01-10-2018 00:00,5224.4,5220.79150390625,-3.608496093749636,3.608496093749636,13.021244058606383,0.06907005768604312,27.1,0.8,1942.9,5105.2,0.27566294462337365,31.4,926.9
1057,1,transformer,kfold,Shaqra - University,25.17279,45.14198,01-01-2021 00:00,4399.0,4338.2890625,-60.7109375,60.7109375,3685.8179321289062,1.380107694930666,15.1,0.0,1464.0,5528.6,0.20936418499556672,43.2,930.1
1067,1,transformer,kfold,Shaqra - University,25.17279,45.14198,01-12-2021 00:00,3911.0,3842.198974609375,-68.801025390625,68.801025390625,4733.581094801426,1.7591671028029916,16.1,0.0,1694.5,4351.2,0.28028185321798965,38.8,929.7
1094,1,transformer,kfold,Al Qunfudhah - TVTC,19.15197,41.08111,01-07-2019 00:00,6463.4,6392.73095703125,-70.66904296874964,70.66904296874964,4994.113634118982,1.0933725743223326,33.0,3.3,3579.8,3504.5,0.5053145688353119,70.0,1001.2
1102,1,transformer,kfold,Al Qunfudhah - TVTC,19.15197,41.08111,01-03-2020 00:00,5969.4,5983.63427734375,14.234277343750364,14.234277343750364,202.6146514988049,0.23845407149379105,27.1,1.2,2971.8,3975.4,0.4277694610778443,78.1,1009.3
1111,1,transformer,kfold,Al Qunfudhah - TVTC,19.15197,41.08111,01-07-2021 00:00,5840.7,5841.58984375,0.8898437500001819,0.8898437500001819,0.7918218994143862,0.015235224373793928,33.1,3.6,3441.2,2969.5,0.5367900541282543,74.3,1001.1
1112,1,transformer,kfold,Al Qunfudhah - TVTC,19.15197,41.08111,01-10-2021 00:00,5500.6,5499.0869140625,-1.5130859375003638,1.5130859375003638,2.2894290542613547,0.027507652574271235,30.6,0.0,2343.9,4448.1,0.3450971731448763,86.1,1007.4
1118,1,transformer,kfold,Duba - TVTC,27.34103,35.72295,01-06-2017 00:00,7382.0,7292.8583984375,-89.1416015625,89.1416015625,7946.225129127502,1.2075535297006232,32.8,2.8,1497.4,8077.4,0.1563896896018716,42.2,1002.4
1134,1,transformer,kfold,Duba - TVTC,27.34103,35.72295,01-03-2019 00:00,6290.2,6374.0244140625,83.82441406250018,83.82441406250018,7026.532392921478,1.3326192181886138,20.8,2.6,1821.7,7042.0,0.2055236526506989,41.5,1011.0
1145,1,transformer,kfold,Duba - TVTC,27.34103,35.72295,01-02-2020 00:00,5603.1,5403.93798828125,-199.16201171875036,199.16201171875036,39665.50691185966,3.5544968270912594,19.1,2.2,1084.3,8304.3,0.11549112753765206,45.8,1013.8
1146,1,transformer,kfold,Duba - TVTC,27.34103,35.72295,01-03-2020 00:00,6184.2,6304.99853515625,120.79853515625018,120.79853515625018,14592.286095895812,1.9533413401288797,22.0,2.4,1922.0,6556.7,0.22668569474093905,43.7,1009.1
1161,1,transformer,kfold,Duba - TVTC,27.34103,35.72295,01-10-2021 00:00,5379.8,5252.1025390625,-127.69746093750018,127.69746093750018,16306.641529884384,2.3736469931503064,28.6,2.1,1384.0,6668.9,0.1718635522606763,52.6,1007.7
1164,1,transformer,kfold,Najran - University,17.63228,44.53735,01-01-2017 00:00,5782.0,5764.01171875,-17.98828125,17.98828125,323.57826232910156,0.31110828865444484,20.0,1.7,1286.2,7774.0,0.14196154610273504,25.2,885.4
1177,1,transformer,kfold,Najran - University,17.63228,44.53735,01-07-2018 00:00,7172.9,7110.2001953125,-62.699804687499636,62.699804687499636,3931.2655078506014,0.8741207139023217,34.5,2.8,4208.9,3609.7,0.5383188806180135,16.3,876.1
1181,1,transformer,kfold,Najran - University,17.63228,44.53735,01-11-2018 00:00,5677.8,5863.70947265625,185.90947265624982,185.90947265624982,34562.332023324896,3.274322319494343,23.6,1.9,1838.0,6375.2,0.22378610042370817,35.4,884.5
1229,1,transformer,kfold,Afif - TVTC,23.92118,42.94815,01-09-2018 00:00,6637.8,6778.83056640625,141.03056640624982,141.03056640624982,19889.62066086764,2.1246582663872036,33.8,3.3,2582.3,5525.6,0.3184918412905931,13.6,894.3
1235,1,transformer,kfold,Afif - TVTC,23.92118,42.94815,01-03-2019 00:00,6589.6,6555.14013671875,-34.459863281250364,34.459863281250364,1187.4821773624672,0.5229431722904329,20.0,4.4,2364.1,6282.7,0.2734075033538419,26.4,896.3
1237,1,transformer,kfold,Afif - TVTC,23.92118,42.94815,01-05-2019 00:00,6958.5,6922.478515625,-36.021484375,36.021484375,1297.5473365783691,0.5176616278652008,30.0,3.6,2892.2,5191.5,0.3577817088709378,26.4,894.9
1245,1,transformer,kfold,Afif - TVTC,23.92118,42.94815,01-01-2020 00:00,5030.2,5143.29296875,113.09296875000018,113.09296875000018,12790.019580688519,2.2482797652180864,14.3,3.7,1246.2,7255.0,0.14659106949607115,36.0,899.4
1253,1,transformer,kfold,Afif - TVTC,23.92118,42.94815,01-12-2020 00:00,4332.4,4378.482421875,46.082421875000364,46.082421875000364,2123.589605865512,1.0636696028760126,18.0,4.6,1616.9,5196.0,0.23732918434146988,43.7,899.3
1277,1,transformer,kfold,Riyadh - K.A.CARE HQ,24.707744,46.6792,01-08-2018 00:00,7326.4,7342.2802734375,15.880273437500364,15.880273437500364,252.1830844497796,0.21675411440134806,37.6,3.1,2438.2,6450.5,0.27430332894574005,11.6,929.4
1281,1,transformer,kfold,Riyadh - K.A.CARE HQ,24.707744,46.6792,01-12-2018 00:00,3989.0,3902.4228515625,-86.5771484375,86.5771484375,7495.602631568909,2.170397303522186,18.5,2.6,1469.9,4769.5,0.23558354970029172,48.2,942.7
1287,1,transformer,kfold,Riyadh - K.A.CARE HQ,24.707744,46.6792,01-06-2019 00:00,7447.6,7513.75,66.14999999999964,66.14999999999964,4375.822499999952,0.8882055964337455,38.8,2.9,2646.8,6268.4,0.2968862167982771,10.8,931.2
1311,1,transformer,kfold,Yanbu - RCJY,23.98655,38.20451,01-11-2017 00:00,4643.4,4749.23828125,105.83828125000036,105.83828125000036,11201.74177795418,2.27932724404532,26.5,0.0,1566.3,5473.5,0.22249211625330265,56.0,1011.7
1313,1,transformer,kfold,Yanbu - RCJY,23.98655,38.20451,01-05-2018 00:00,7572.4,7528.333984375,-44.066015624999636,44.066015624999636,1941.8137330627121,0.5819293173234329,31.5,0.0,3416.5,5288.5,0.39247558874210225,44.0,1005.7
1319,1,transformer,kfold,Yanbu - RCJY,23.98655,38.20451,01-10-2021 00:00,5533.9,5520.2158203125,-13.684179687499636,13.684179687499636,187.25677371977764,0.24727912841756516,29.6,0.0,1817.2,5649.4,0.24337717301047332,64.9,1008.4
1328,1,transformer,kfold,Majmaah - University,25.85891,45.41889,01-11-2017 00:00,4333.5,4270.5224609375,-62.9775390625,62.9775390625,3966.1704263687134,1.4532719294450214,20.3,2.8,1633.2,4861.8,0.2514549653579677,34.6,935.5
1330,1,transformer,kfold,Majmaah - University,25.85891,45.41889,01-04-2018 00:00,6129.9,6046.8349609375,-83.06503906249964,83.06503906249964,6899.800714454591,1.3550798391898666,24.4,3.7,3363.6,3562.8,0.48562023562023565,39.6,930.6
1334,1,transformer,kfold,Majmaah - University,25.85891,45.41889,01-08-2018 00:00,7566.4,7528.92724609375,-37.472753906249636,37.472753906249636,1404.2072853183474,0.4952520869402839,34.7,3.0,2030.7,7539.3,0.21219435736677117,13.9,925.3
1348,1,transformer,kfold,Majmaah - University,25.85891,45.41889,01-10-2019 00:00,5595.0,5565.19921875,-29.80078125,29.80078125,888.0865631103516,0.5326323726541555,29.0,2.5,1924.1,5750.9,0.25069706840390876,26.0,932.5
1365,1,transformer,kfold,Majmaah - University,25.85891,45.41889,01-07-2021 00:00,7874.2,7961.26953125,87.06953125000018,87.06953125000018,7581.103272094758,1.105757172157174,37.4,2.2,2531.9,7053.2,0.2641495654714088,13.9,922.9
1375,1,transformer,kfold,Hagl - SWCC,29.28997,34.93002,01-05-2017 00:00,7248.7,7047.9794921875,-200.72050781249982,200.72050781249982,40288.7222565078,2.7690552486997646,27.9,6.1,1730.9,7562.2,0.18625646985397767,46.4,1008.0
1387,1,transformer,kfold,Hagl - SWCC,29.28997,34.93002,01-10-2018 00:00,5005.6,5015.90234375,10.302343749999636,10.302343749999636,106.13828674315657,0.20581636067603554,27.4,6.5,1624.0,5618.9,0.2242195805547502,54.2,1010.0
1414,1,transformer,kfold,Hagl - SWCC,29.28997,34.93002,01-04-2021 00:00,7286.0,7372.6875,86.6875,86.6875,7514.72265625,1.1897817732637936,24.8,6.5,1940.6,7505.9,0.2054305827555179,41.6,1010.7
1418,1,transformer,kfold,Hagl - SWCC,29.28997,34.93002,01-09-2021 00:00,6335.6,6298.130859375,-37.469140625000364,37.469140625000364,1403.9364991760526,0.5914063486489103,29.5,3.8,1365.9,7494.1,0.1541647855530474,53.8,1006.6
1438,1,transformer,kfold,Al Wajh - TVTC,26.256,36.443,01-01-2021 00:00,4163.9,4025.562744140625,-138.33725585937464,138.33725585937464,19137.196358702084,3.3223001479232126,21.4,0.0,933.3,6264.0,0.12967362761035386,46.8,1013.6
1479,1,transformer,kfold,Al Jubail - SWCC,26.9042,49.76274,01-02-2019 00:00,4125.3,3931.074462890625,-194.22553710937518,194.22553710937518,37723.559265425276,4.708155458012149,17.8,0.0,1600.8,4369.5,0.26812722978744785,62.0,1017.9
1492,1,transformer,kfold,Al Jubail - SWCC,26.9042,49.76274,01-03-2020 00:00,5488.2,5439.7216796875,-48.47832031249982,48.47832031249982,2350.1475403213326,0.8833191267173175,21.1,4.3,2332.8,4713.9,0.3310485759291584,54.9,1012.8
1512,1,transformer,kfold,Hafar Al Batin - TVTC,28.33202,45.95708,01-05-2017 00:00,6822.1,6799.19775390625,-22.902246093750364,22.902246093750364,524.5128761387037,0.3357066899305252,34.1,4.8,3760.3,3863.1,0.49325760159508886,17.2,964.0
1514,1,transformer,kfold,Hafar Al Batin - TVTC,28.33202,45.95708,01-09-2017 00:00,6699.5,6829.1533203125,129.6533203125,129.6533203125,16809.983468055725,1.9352686067990148,36.3,4.2,2163.1,6523.4,0.24901859206815172,12.1,963.1
1517,1,transformer,kfold,Hafar Al Batin - TVTC,28.33202,45.95708,01-03-2018 00:00,5984.3,6141.203125,156.90312499999982,156.90312499999982,24618.59063476557,2.6219127550423575,23.6,4.4,2586.4,5077.5,0.3374783073891883,24.3,968.4
1527,1,transformer,kfold,Hafar Al Batin - TVTC,28.33202,45.95708,01-02-2019 00:00,4466.5,4502.54052734375,36.04052734375,36.04052734375,1298.9196112155914,0.8069075863371769,14.4,4.3,1811.9,4751.4,0.2760653939329301,49.9,972.1
1539,1,transformer,kfold,Hafar Al Batin - TVTC,28.33202,45.95708,01-02-2020 00:00,4878.4,4876.015625,-2.384374999999636,2.384374999999636,5.685244140623265,0.0488761684158666,15.4,5.4,1817.0,5455.0,0.24986248624862487,36.6,971.9
1540,1,transformer,kfold,Hafar Al Batin - TVTC,28.33202,45.95708,01-03-2020 00:00,5863.8,5909.1396484375,45.33964843749982,45.33964843749982,2055.6837204360795,0.773212736408128,19.9,5.3,2339.1,5400.9,0.3022093023255814,33.9,967.6
1549,1,transformer,kfold,Hafar Al Batin - TVTC,28.33202,45.95708,01-03-2021 00:00,5652.9,5641.3232421875,-11.576757812499636,11.576757812499636,134.02132144927137,0.20479325324169254,21.2,5.0,2619.0,4537.6,0.3659559008467708,26.9,968.6
1569,1,transformer,kfold,Al Dhahran - KFUPM,26.30355,50.14412,01-04-2018 00:00,5518.1,5566.44970703125,48.349707031249636,48.349707031249636,2337.6941700076704,0.8762020809925452,27.4,2.1,3215.2,2999.0,0.5173956422387435,44.8,1002.6
1572,1,transformer,kfold,Al Dhahran - KFUPM,26.30355,50.14412,01-07-2018 00:00,7303.7,7358.4013671875,54.70136718750018,54.70136718750018,2992.2395721817215,0.7489541901707378,38.1,2.1,2822.0,5758.1,0.32890059556415424,30.4,989.4
1578,1,transformer,kfold,Al Dhahran - KFUPM,26.30355,50.14412,01-01-2019 00:00,3714.1,3596.567138671875,-117.53286132812491,117.53286132812491,13813.97349197624,3.1645044917510274,19.2,0.0,1869.8,3402.5,0.3546459799328566,63.0,1011.3
1594,1,transformer,kfold,Al Dhahran - KFUPM,26.30355,50.14412,01-09-2020 00:00,6075.9,6260.61669921875,184.71669921875036,184.71669921875036,34120.25897027029,3.040153709224154,35.3,1.5,1785.0,5939.9,0.23107095237478803,51.7,997.2
1595,1,transformer,kfold,Al Dhahran - KFUPM,26.30355,50.14412,01-10-2020 00:00,5253.3,4957.38720703125,-295.9127929687502,295.9127929687502,87564.38104256641,5.632893475886589,29.8,1.5,1278.3,6355.5,0.1674526448164741,59.2,1004.2
1599,1,transformer,kfold,Al Dhahran - KFUPM,26.30355,50.14412,01-02-2021 00:00,4581.9,4485.62646484375,-96.27353515624964,96.27353515624964,9268.593571481635,2.1011705876655897,19.7,2.1,1666.3,4831.7,0.2564327485380117,65.0,1009.2
1617,1,transformer,kfold,Jeddah - KAU,21.49604,39.24492,01-08-2018 00:00,6584.6,6596.20068359375,11.600683593749636,11.600683593749636,134.57585984229198,0.17617901761306132,34.5,4.1,2592.3,5172.4,0.3338570711038418,50.0,997.4
1637,1,transformer,kfold,Jeddah - KAU,21.49604,39.24492,01-04-2020 00:00,6537.0,6450.68798828125,-86.31201171875,86.31201171875,7449.763366937637,1.3203612011434909,28.2,3.3,2184.2,5974.0,0.26773062685396287,54.4,1002.7
15,2,transformer,kfold,Sharurah - TVTC,17.47586,47.08618,01-07-2019 00:00,7131.2,7288.55224609375,157.35224609375018,157.35224609375018,24759.72935074812,2.206532506362887,37.3,3.6,3780.9,4164.7,0.4758482682239227,15.3,920.5
43,2,transformer,kfold,Layla - TVTC,22.27948,46.73319,01-03-2017 00:00,5561.4,5666.2333984375,104.83339843750036,104.83339843750036,10990.041427955704,1.8850181327993019,24.2,2.9,2994.1,3519.2,0.4596901724164402,42.2,949.9
44,2,transformer,kfold,Layla - TVTC,22.27948,46.73319,01-04-2017 00:00,7234.4,7373.123046875,138.72304687500036,138.72304687500036,19244.083734283548,1.9175473691667637,30.7,2.5,2940.1,5645.8,0.3424335247324101,18.9,949.4
56,2,transformer,kfold,Layla - TVTC,22.27948,46.73319,01-09-2018 00:00,6883.2,6905.1640625,21.964062500000182,21.964062500000182,482.42004150391426,0.3190966774174829,36.0,2.4,2311.1,6303.5,0.2682771109511759,14.7,945.1
67,2,transformer,kfold,Layla - TVTC,22.27948,46.73319,01-08-2019 00:00,7529.1,7601.4482421875,72.34824218749964,72.34824218749964,5234.268147621102,0.960914879434456,38.0,2.3,2532.8,6574.1,0.27811878905006093,12.1,941.0
100,2,transformer,kfold,Osfan - KAU,21.89252,39.2539,01-04-2018 00:00,7129.6,7205.66162109375,76.06162109374964,76.06162109374964,5785.370203409139,1.0668427554666409,29.4,3.2,2679.4,5946.1,0.31063706451799894,46.2,995.7
101,2,transformer,kfold,Osfan - KAU,21.89252,39.2539,01-05-2018 00:00,7282.0,7351.2099609375,69.2099609375,69.2099609375,4790.018692970276,0.9504251707978577,33.3,3.7,3148.5,5293.3,0.37296548129545837,39.5,993.8
107,2,transformer,kfold,Osfan - KAU,21.89252,39.2539,01-11-2018 00:00,4096.6,4054.3173828125,-42.282617187500364,42.282617187500364,1787.819716224701,1.0321392664038558,27.7,3.1,1787.2,4049.0,0.30622665432987217,56.0,999.3
115,2,transformer,kfold,Osfan - KAU,21.89252,39.2539,01-07-2019 00:00,7240.6,7271.9189453125,31.318945312499636,31.318945312499636,980.8763354873429,0.4325462711998955,34.6,3.2,2705.0,5875.9,0.31523499865981425,45.7,990.9
128,2,transformer,kfold,Osfan - KAU,21.89252,39.2539,01-01-2021 00:00,4348.2,4337.70556640625,-10.494433593749818,10.494433593749818,110.13313645362473,0.241351216451631,25.2,3.3,1805.4,4510.2,0.28586357590727723,58.4,1000.9
141,2,transformer,kfold,Al Farshah - TQ TVTC,17.7749,43.17555,01-04-2017 00:00,6995.7,6931.83935546875,-63.86064453124982,63.86064453124982,4078.181919946647,0.9128556760760156,29.3,2.3,2473.9,5866.1,0.2966306954436451,35.6,893.1
148,2,transformer,kfold,Al Farshah - TQ TVTC,17.7749,43.17555,01-05-2018 00:00,6640.5,6629.46630859375,-11.03369140625,11.03369140625,121.7423460483551,0.16615753943603645,30.0,2.3,2684.8,4991.3,0.3497609463138834,39.7,891.0
163,2,transformer,kfold,Al Farshah - TQ TVTC,17.7749,43.17555,01-08-2019 00:00,5735.8,5603.7734375,-132.02656250000018,132.02656250000018,17431.013205566454,2.301798572125949,28.8,2.2,2937.0,3449.6,0.4598691009300723,54.6,890.1
170,2,transformer,kfold,Al Farshah - TQ TVTC,17.7749,43.17555,01-03-2020 00:00,5972.7,6011.3486328125,38.64863281250018,38.64863281250018,1493.7168182754658,0.6470881312053206,25.5,2.1,2581.1,4564.0,0.36124057046087527,51.5,893.1
175,2,transformer,kfold,Al Farshah - TQ TVTC,17.7749,43.17555,01-11-2020 00:00,5099.8,4992.578125,-107.22187500000018,107.22187500000018,11496.530478515664,2.102472155770818,25.1,2.0,1161.3,6380.2,0.15398793343499304,48.3,894.9
184,2,transformer,kfold,Hada Al Sham - KAU,21.80117,39.72854,01-02-2017 00:00,4151.0,4268.298828125,117.298828125,117.298828125,13759.015079498291,2.825796871235847,24.0,2.8,2232.5,2989.1,0.42755094223992646,46.8,987.3
192,2,transformer,kfold,Hada Al Sham - KAU,21.80117,39.72854,01-03-2018 00:00,6510.6,6499.27978515625,-11.320214843750364,11.320214843750364,128.14726410866606,0.17387360371932484,28.2,2.0,2220.1,6090.5,0.2671407599932616,38.4,984.3
198,2,transformer,kfold,Hada Al Sham - KAU,21.80117,39.72854,01-09-2018 00:00,6064.4,6232.5732421875,168.17324218750036,168.17324218750036,28282.23938785565,2.7731225213953627,34.4,2.2,3019.6,3925.1,0.43480639912451224,48.7,980.2
199,2,transformer,kfold,Hada Al Sham - KAU,21.80117,39.72854,01-10-2018 00:00,5283.7,5250.04345703125,-33.65654296874982,33.65654296874982,1132.7628846073028,0.6369881516503553,31.2,2.1,2017.2,4820.8,0.29499853758408895,45.6,984.2
212,2,transformer,kfold,Hada Al Sham - KAU,21.80117,39.72854,01-11-2019 00:00,4597.5,4487.62890625,-109.87109375,109.87109375,12071.657241821289,2.3898008428493744,27.5,1.6,1673.9,4939.0,0.253126464939739,53.8,985.0
220,2,transformer,kfold,Hada Al Sham - KAU,21.80117,39.72854,01-10-2020 00:00,6037.1,6201.0869140625,163.98691406249964,163.98691406249964,26891.707983741642,2.7163193265392263,32.1,1.9,1615.5,6810.4,0.1917302602689327,34.0,983.7
226,2,transformer,kfold,Hada Al Sham - KAU,21.80117,39.72854,01-04-2021 00:00,6643.7,6726.03955078125,82.33955078125018,82.33955078125018,6779.801622858077,1.239362866794861,30.1,1.8,2883.8,4884.1,0.3712457678394418,39.1,983.2
231,2,transformer,kfold,Hada Al Sham - KAU,21.80117,39.72854,01-10-2021 00:00,5756.3,5772.693359375,16.393359374999818,16.393359374999818,268.74223159789443,0.2847898715320573,31.8,1.4,1873.8,5781.3,0.24477799114315946,44.2,983.1
237,2,transformer,kfold,Dammam - IAFU,26.394974,50.188715,01-04-2017 00:00,6012.5,6026.125,13.625,13.625,185.640625,0.22661122661122662,26.9,3.3,2837.3,4293.9,0.39787132600403863,43.3,1009.4
239,2,transformer,kfold,Dammam - IAFU,26.394974,50.188715,01-09-2017 00:00,6432.2,6584.69580078125,152.49580078125018,152.49580078125018,23254.969255914744,2.370818705594512,33.6,2.2,2215.5,5997.2,0.26976511987531504,54.6,1003.5
240,2,transformer,kfold,Dammam - IAFU,26.394974,50.188715,01-11-2017 00:00,4137.7,4109.248046875,-28.451953124999818,28.451953124999818,809.5136366271869,0.687627259709496,24.5,2.6,1651.3,4544.7,0.26651065203357005,51.5,1014.5
244,2,transformer,kfold,Dammam - IAFU,26.394974,50.188715,01-06-2018 00:00,7999.6,7984.5693359375,-15.030664062500364,15.030664062500364,225.92086215973995,0.18789269541602532,35.7,3.7,2649.2,6889.6,0.27772885478257225,30.4,998.2
247,2,transformer,kfold,Dammam - IAFU,26.394974,50.188715,01-10-2018 00:00,5034.3,5088.50439453125,54.20439453124982,54.20439453124982,2938.116386499385,1.0767017168474229,29.6,0.0,2182.0,4403.9,0.33131386750482095,54.9,1011.3
266,2,transformer,kfold,Timaa - TVTC,27.6173,38.5252,01-11-2017 00:00,4426.5,4507.2197265625,80.7197265625,80.7197265625,6515.674256324768,1.8235564568507852,20.3,2.0,1652.8,5246.3,0.23956747981620788,38.9,920.2
274,2,transformer,kfold,Timaa - TVTC,27.6173,38.5252,01-10-2018 00:00,5447.3,5522.63330078125,75.33330078124982,75.33330078124982,5675.106206598254,1.3829475296247649,27.0,2.3,1906.8,5731.5,0.24963669926554335,25.4,919.5
298,2,transformer,kfold,Timaa - TVTC,27.6173,38.5252,01-01-2021 00:00,4346.5,4380.17041015625,33.67041015625,33.67041015625,1133.6965200901031,0.7746557035833429,14.4,2.1,1335.1,5998.3,0.18205743584149234,46.3,922.0
300,2,transformer,kfold,Timaa - TVTC,27.6173,38.5252,01-03-2021 00:00,6610.4,6672.64404296875,62.244042968750364,62.244042968750364,3874.3208850956416,0.9416078144855132,20.9,2.7,2135.2,6826.1,0.23826900114938682,25.7,918.7
306,2,transformer,kfold,Timaa - TVTC,27.6173,38.5252,01-10-2021 00:00,5692.4,5794.27783203125,101.87783203125036,101.87783203125036,10379.092659387663,1.7897166754137162,27.4,1.8,1514.6,6928.6,0.17938696228917944,22.2,919.2
309,2,transformer,kfold,Hail - TVTC,27.65261,41.70826,01-01-2017 00:00,4169.5,4044.492431640625,-125.007568359375,125.007568359375,15626.892147123814,2.9981429034506535,12.2,3.4,1329.8,5620.2,0.19133812949640286,35.6,912.4
316,2,transformer,kfold,Hail - TVTC,27.65261,41.70826,01-11-2017 00:00,4206.8,4222.15966796875,15.359667968749818,15.359667968749818,235.91940011023917,0.3651152412463111,19.1,3.5,1758.8,4498.5,0.28107969891167117,37.9,911.7
324,2,transformer,kfold,Hail - TVTC,27.65261,41.70826,01-12-2018 00:00,3842.0,3738.373779296875,-103.626220703125,103.626220703125,10738.393617212772,2.697194708566502,14.2,3.7,1358.8,5098.9,0.21041547300122335,52.8,913.2
332,2,transformer,kfold,Hail - TVTC,27.65261,41.70826,01-09-2019 00:00,6659.0,6803.4267578125,144.4267578125,144.4267578125,20859.08837223053,2.1688955971241928,33.0,3.0,2017.6,6718.7,0.23094445016769113,11.4,906.6
339,2,transformer,kfold,Hail - TVTC,27.65261,41.70826,01-04-2020 00:00,7199.2,7177.4296875,-21.770312499999818,21.770312499999818,473.9465063476483,0.30239905128347344,22.9,3.9,2498.0,6482.3,0.2781644265781767,24.9,907.6
350,2,transformer,kfold,Hail - TVTC,27.65261,41.70826,01-07-2021 00:00,7810.3,7780.748046875,-29.551953125000182,29.551953125000182,873.317933502208,0.37837154942832135,35.4,3.1,2111.9,7682.1,0.2156320196038391,9.8,902.3
352,2,transformer,kfold,Hail - TVTC,27.65261,41.70826,01-09-2021 00:00,6641.5,6673.1083984375,31.6083984375,31.6083984375,999.0908517837524,0.47592258431830164,31.3,2.9,2018.3,6679.7,0.23204184870085076,13.4,906.8
353,2,transformer,kfold,Hail - TVTC,27.65261,41.70826,01-10-2021 00:00,5596.1,5709.9541015625,113.85410156249964,113.85410156249964,12962.756442603983,2.0345258584103147,27.8,3.1,1749.6,6239.5,0.21899838529997118,15.0,910.3
366,2,transformer,kfold,Madinah - Taibah University,24.4846,39.5418,01-06-2018 00:00,7666.6,7744.10546875,77.50546874999964,77.50546874999964,6007.09768615717,1.0109496876059745,37.1,2.8,2342.5,7021.4,0.25016285949230554,9.8,934.3
367,2,transformer,kfold,Madinah - Taibah University,24.4846,39.5418,01-12-2018 00:00,4058.1,3917.72509765625,-140.3749023437499,140.3749023437499,19705.113208017323,3.4591287140225697,20.6,1.8,1306.6,5278.1,0.19842969307637398,43.9,943.0
371,2,transformer,kfold,Madinah - Taibah University,24.4846,39.5418,01-04-2019 00:00,6879.1,6763.1533203125,-115.94667968750036,115.94667968750036,13443.63253055581,1.6854919929569327,27.1,2.5,2332.0,6259.7,0.2714247471396813,20.0,938.6
383,2,transformer,kfold,Al Hanakiyah - TVTC,24.85577,40.536,01-05-2017 00:00,6870.0,6922.2607421875,52.2607421875,52.2607421875,2731.1851739883423,0.7607094932678311,32.4,3.1,3067.4,4924.9,0.38379440211203286,18.3,914.3
398,2,transformer,kfold,Al Hanakiyah - TVTC,24.85577,40.536,01-01-2019 00:00,4019.8,4070.505126953125,50.70512695312482,50.70512695312482,2571.009899332505,1.261384321437007,19.2,3.0,2013.6,3669.5,0.3543136668367616,43.8,918.6
408,2,transformer,kfold,Al Hanakiyah - TVTC,24.85577,40.536,01-11-2019 00:00,4778.9,4828.46923828125,49.569238281250364,49.569238281250364,2457.1093837833764,1.037252051335043,23.6,3.2,1513.0,5907.5,0.20389461626575028,38.1,917.4
414,2,transformer,kfold,Al Hanakiyah - TVTC,24.85577,40.536,01-05-2020 00:00,7249.3,7288.943359375,39.64335937499982,39.64335937499982,1571.595942535386,0.5468577569558415,32.8,3.5,2956.4,5654.4,0.34333627537511036,17.2,914.5
415,2,transformer,kfold,Al Hanakiyah - TVTC,24.85577,40.536,01-09-2020 00:00,6812.8,6901.62939453125,88.82939453124982,88.82939453124982,7890.661332788435,1.3038603001886129,34.8,3.0,2065.5,6758.2,0.23408547434749594,11.4,913.5
416,2,transformer,kfold,Al Hanakiyah - TVTC,24.85577,40.536,01-10-2020 00:00,6154.4,6291.81005859375,137.41005859375036,137.41005859375036,18881.52420273791,2.2327125080227215,28.6,2.8,1300.2,7893.3,0.14142600750530265,13.3,917.9
426,2,transformer,kfold,Al Hanakiyah - TVTC,24.85577,40.536,01-09-2021 00:00,6608.6,6736.6826171875,128.08261718749964,128.08261718749964,16405.156825599577,1.9381202854991924,35.4,3.0,2459.0,5760.0,0.2991848156710062,13.1,912.6
427,2,transformer,kfold,Al Hanakiyah - TVTC,24.85577,40.536,01-10-2021 00:00,5924.8,6044.77734375,119.97734374999982,119.97734374999982,14394.56301330562,2.025002426242233,31.0,2.5,1741.4,6635.7,0.20787623401893257,14.8,916.6
429,2,transformer,kfold,Al Hanakiyah - TVTC,24.85577,40.536,01-12-2021 00:00,4052.8,4142.41943359375,89.61943359374982,89.61943359374982,8031.642877664533,2.2112967230988407,19.1,3.0,1536.5,4967.0,0.23625739986161298,36.8,919.2
453,2,transformer,kfold,Tabuk - University,28.38287,36.48396,01-09-2019 00:00,6747.2,6679.7431640625,-67.45683593749982,67.45683593749982,4550.424714698767,0.9997752539942468,30.0,2.7,1567.3,7724.1,0.16868286802849947,23.6,923.8
486,2,transformer,kfold,Farasan - SWCC,16.692097,42.098767,01-09-2018 00:00,5995.6,6051.02783203125,55.427832031249636,55.427832031249636,3072.244563684423,0.9244751489634004,33.5,0.0,2910.5,3904.2,0.4270914346926497,71.6,1004.4
497,2,transformer,kfold,Farasan - SWCC,16.692097,42.098767,01-04-2020 00:00,6395.2,5864.66943359375,-530.5305664062498,530.5305664062498,281462.6818913362,8.295761921538809,30.3,3.4,6394.6,0.9,0.9998592760534751,74.9,1007.3
513,2,transformer,kfold,Al Khafji - SWCC,28.50676,48.455128,01-02-2017 00:00,3949.1,3953.07763671875,3.977636718750091,3.977636718750091,15.82159386634899,0.10072261322200227,12.5,3.5,1788.9,3785.9,0.3208904355313195,47.2,1019.5
529,2,transformer,kfold,Al Khafji - SWCC,28.50676,48.455128,01-04-2021 00:00,6385.6,6463.51611328125,77.91611328124964,77.91611328124964,6070.920708856526,1.2201846855620402,25.6,0.0,2797.2,4953.7,0.360887122785741,34.3,1010.5
551,2,transformer,kfold,Riyadh - KSU,24.72359,46.61639,01-10-2018 00:00,5125.0,5105.138671875,-19.861328125,19.861328125,394.472354888916,0.38753810975609754,29.1,1.5,2006.4,4792.2,0.29511958344365014,30.6,940.2
555,2,transformer,kfold,Riyadh - KSU,24.72359,46.61639,01-02-2019 00:00,4913.4,4852.3876953125,-61.012304687499636,61.012304687499636,3722.5013232802903,1.2417532602169503,18.1,2.2,2046.4,4755.0,0.30087923074661105,36.8,941.6
590,2,transformer,kfold,Jazan - University,16.96035,42.545865,01-11-2017 00:00,4930.5,4922.1748046875,-8.3251953125,8.3251953125,69.30887699127197,0.1688509342358787,29.3,2.9,1890.4,4789.9,0.2829813032348847,68.3,1011.7
591,2,transformer,kfold,Jazan - University,16.96035,42.545865,01-03-2018 00:00,6358.3,6131.78857421875,-226.51142578125018,226.51142578125018,51307.42600945481,3.5624526332706887,28.2,3.0,2313.2,5432.7,0.29863540711860465,69.3,1010.3
599,2,transformer,kfold,Jazan - University,16.96035,42.545865,01-01-2019 00:00,4555.0,4590.98046875,35.98046875,35.98046875,1294.5941314697266,0.7899114983534578,26.5,0.0,2345.3,3542.5,0.3983321444342539,75.3,1014.3
611,2,transformer,kfold,Jazan - University,16.96035,42.545865,01-01-2020 00:00,4546.7,4409.2978515625,-137.40214843749982,137.40214843749982,18879.350395240734,3.0220192323553308,26.3,0.3,1938.8,4213.2,0.31514954486345903,62.6,1014.6
617,2,transformer,kfold,Jazan - University,16.96035,42.545865,01-11-2020 00:00,4773.8,4773.90966796875,0.1096679687498181,0.1096679687498181,0.012027063369711079,0.002297288716532282,29.5,2.8,1916.2,4469.8,0.3000626370184779,69.0,1011.9
618,2,transformer,kfold,Jazan - University,16.96035,42.545865,01-12-2020 00:00,4470.6,4541.181640625,70.58164062499964,70.58164062499964,4981.767993316599,1.578795701359988,27.6,2.6,1809.1,4512.5,0.28617754998734496,68.5,1013.1
629,2,transformer,kfold,Jazan - University,16.96035,42.545865,01-12-2021 00:00,4518.0,4434.52734375,-83.47265625,83.47265625,6967.684341430664,1.8475576859229748,27.5,0.0,1608.2,4876.1,0.24801443486575267,70.3,1013.5
631,2,transformer,kfold,Riyadh - K.A.CARE City T2,24.52958,46.43635,01-02-2017 00:00,4382.4,4322.3017578125,-60.098242187499636,60.098242187499636,3611.7987140273613,1.3713545588604337,12.5,4.0,2183.0,3572.6,0.3792827854611161,45.5,915.3
643,2,transformer,kfold,Riyadh - K.A.CARE City T2,24.52958,46.43635,01-07-2018 00:00,7248.4,7183.00439453125,-65.39560546874964,65.39560546874964,4276.585214624357,0.9022074591461515,35.5,4.1,2646.8,5873.9,0.3106317556069337,11.9,903.8
670,2,transformer,kfold,Riyadh - K.A.CARE City T2,24.52958,46.43635,01-01-2021 00:00,4551.4,4451.6572265625,-99.74277343749964,99.74277343749964,9948.620853004382,2.191474566891498,14.3,4.1,1493.6,5712.0,0.20728322415898742,43.8,916.0
674,2,transformer,kfold,Riyadh - K.A.CARE City T2,24.52958,46.43635,01-12-2021 00:00,4047.2,3995.249267578125,-51.95073242187482,51.95073242187482,2698.8785991692353,1.2836215759506528,16.2,3.1,1548.3,4877.7,0.24094304388422036,38.6,915.8
711,2,transformer,kfold,Arar - TVTC,31.027395,40.906419,01-12-2021 00:00,3266.2,3281.414794921875,15.214794921875182,15.214794921875182,231.48998451471883,0.4658255747313447,11.6,2.3,1379.0,4174.4,0.2483163467425361,43.8,951.7
754,2,transformer,kfold,Rania - TVTC,21.21501,42.84853,01-03-2020 00:00,6522.9,6603.41015625,80.51015625000036,80.51015625000036,6481.8852593994725,1.234269362553471,24.5,3.1,2867.5,5040.8,0.36259373063743155,19.3,909.6
756,2,transformer,kfold,Rania - TVTC,21.21501,42.84853,01-05-2020 00:00,6454.6,6411.107421875,-43.492578125000364,43.492578125000364,1891.6043519592602,0.6738229808973502,32.0,2.8,3106.1,4200.3,0.42512044235191065,20.0,908.6
764,2,transformer,kfold,Rania - TVTC,21.21501,42.84853,01-10-2021 00:00,6307.4,6356.5634765625,49.163476562500364,49.163476562500364,2417.0474277115227,0.7794570910755678,28.6,2.4,1759.3,6942.6,0.2021742378101334,14.5,910.8
780,2,transformer,kfold,Al Baha - University,20.1794,41.6357,01-10-2019 00:00,6017.5,6141.35791015625,123.85791015625,123.85791015625,15340.781908273697,2.0582951417739923,23.9,0.0,1698.9,6532.6,0.2063900868614469,27.1,835.5
782,2,transformer,kfold,Al Baha - University,20.1794,41.6357,01-12-2019 00:00,4915.2,5058.71240234375,143.51240234375018,143.51240234375018,20595.809626474434,2.9197673002878863,17.2,0.0,1302.9,6612.5,0.16460317861384138,49.4,835.6
813,2,transformer,kfold,Thuwal - KAUST,22.3065,39.107,01-10-2018 00:00,5111.6,5062.142578125,-49.457421875000364,49.457421875000364,2446.0365785217646,0.9675526620823296,29.9,0.0,2043.4,4577.8,0.3086147526128194,71.9,1007.7
816,2,transformer,kfold,Thuwal - KAUST,22.3065,39.107,01-01-2019 00:00,3951.5,3945.973876953125,-5.526123046875,5.526123046875,30.538035929203033,0.13984874217069468,24.1,0.0,1959.2,3470.4,0.36083689406217767,67.7,1012.3
817,2,transformer,kfold,Thuwal - KAUST,22.3065,39.107,01-02-2019 00:00,4607.3,4543.8427734375,-63.45722656250018,63.45722656250018,4026.8196030044787,1.3773191796171333,23.9,0.0,2080.2,4001.6,0.3420368969712914,57.9,1011.5
818,2,transformer,kfold,Thuwal - KAUST,22.3065,39.107,01-03-2019 00:00,6107.7,6059.08447265625,-48.61552734374982,48.61552734374982,2363.469498910886,0.7959711076796473,23.7,0.0,2209.2,5648.4,0.28115455100794134,60.6,1010.2
819,2,transformer,kfold,Thuwal - KAUST,22.3065,39.107,01-04-2019 00:00,6768.1,6702.419921875,-65.68007812500036,65.68007812500036,4313.872662506152,0.9704359883128257,26.2,0.0,2516.8,5741.0,0.30477851243672655,64.7,1007.5
839,2,transformer,kfold,Thuwal - KAUST,22.3065,39.107,01-09-2021 00:00,5790.5,5827.51171875,37.01171875,37.01171875,1369.8673248291016,0.6391800146792159,31.1,2.5,2674.1,4143.2,0.392252064600355,76.7,1002.9
841,2,transformer,kfold,Thuwal - KAUST,22.3065,39.107,01-11-2021 00:00,4389.4,4338.259765625,-51.140234374999636,51.140234374999636,2615.3235719298946,1.165084849296023,27.4,0.0,1350.9,5247.1,0.20474386177629586,69.7,1009.5
861,2,transformer,kfold,Al Jouf - TVTC,29.77634,40.02318,01-05-2019 00:00,7611.7,7709.9267578125,98.22675781250018,98.22675781250018,9648.495950355566,1.290470693964557,29.8,3.8,2428.0,6984.7,0.2579493662817257,12.7,934.4
887,2,transformer,kfold,Makkah - UQU,21.331,39.949,01-06-2018 00:00,7310.5,7418.11328125,107.61328125,107.61328125,11580.618301391602,1.4720372238560975,36.7,2.7,3313.7,5070.5,0.39523150688199227,21.8,970.5
889,2,transformer,kfold,Makkah - UQU,21.331,39.949,01-08-2018 00:00,6950.1,6968.6474609375,18.547460937499636,18.547460937499636,344.0083072280749,0.2668661017467322,36.0,2.8,2721.4,5482.6,0.3317162359824476,24.3,971.0
892,2,transformer,kfold,Makkah - UQU,21.331,39.949,01-04-2020 00:00,6403.0,6160.33447265625,-242.66552734375,242.66552734375,58886.55816102028,3.7898723620763706,30.5,2.4,2255.5,5559.8,0.28860056555730423,29.6,975.3
893,2,transformer,kfold,Makkah - UQU,21.331,39.949,01-05-2020 00:00,6591.3,6634.2158203125,42.91582031249982,42.91582031249982,1841.767633094772,0.6510979672067697,34.8,2.4,2609.2,5162.5,0.33573092116267994,23.1,973.9
898,2,transformer,kfold,Makkah - UQU,21.331,39.949,01-02-2021 00:00,4889.0,4936.982421875,47.982421875,47.982421875,2302.3128089904785,0.9814363238903662,24.5,1.9,1934.3,4678.4,0.2925128918596035,43.5,978.6
910,2,transformer,kfold,Umluj - SWCC,25.00411,37.27382,01-05-2017 00:00,7035.7,7020.9716796875,-14.728320312499818,14.728320312499818,216.92341922759474,0.20933695741006322,29.3,2.9,2419.5,6147.7,0.28241432440003733,61.5,1008.2
918,2,transformer,kfold,Umluj - SWCC,25.00411,37.27382,01-06-2018 00:00,7620.7,7735.34765625,114.64765625000018,114.64765625000018,13144.085083618205,1.5044242162793469,31.7,2.7,2406.9,6873.3,0.2593586345121872,59.8,1004.3
925,2,transformer,kfold,Umluj - SWCC,25.00411,37.27382,01-01-2019 00:00,3911.3,3887.853271484375,-23.446728515625182,23.446728515625182,549.749078085431,0.5994612664747061,21.9,0.4,1748.0,4060.0,0.3009641873278237,55.3,1014.9
931,2,transformer,kfold,Umluj - SWCC,25.00411,37.27382,01-07-2019 00:00,7719.4,7577.6572265625,-141.74277343749964,141.74277343749964,20091.013821754354,1.8361889970399208,32.1,0.0,1789.5,7975.2,0.18326215859166178,62.8,1003.3
932,2,transformer,kfold,Umluj - SWCC,25.00411,37.27382,01-08-2019 00:00,7172.1,7077.28173828125,-94.81826171875036,94.81826171875036,8990.50275536544,1.3220432191234137,32.6,0.0,1825.1,7252.6,0.20105313019817792,63.7,1004.6
948,2,transformer,kfold,Umluj - SWCC,25.00411,37.27382,01-03-2021 00:00,6299.4,6342.177734375,42.777734375000364,42.777734375000364,1829.9345582580877,0.679076330682293,24.5,3.4,2221.2,5961.2,0.27146069612827534,57.6,1011.2
966,2,transformer,kfold,Wadi Addawasir - TVTC,20.43008,44.89433,01-09-2020 00:00,7092.6,6934.02587890625,-158.57412109375036,158.57412109375036,25145.751880655404,2.2357685629212187,32.6,1.9,2038.8,6992.3,0.2257532305034824,12.4,933.7
986,2,transformer,kfold,Al Dawadmi - TVTC,24.5569,44.47411,01-10-2018 00:00,5241.8,5208.81640625,-32.98359375000018,32.98359375000018,1087.917456665051,0.6292417442481625,26.4,2.6,1941.9,5145.4,0.27399714983138856,33.2,909.2
987,2,transformer,kfold,Al Dawadmi - TVTC,24.5569,44.47411,01-11-2018 00:00,3903.4,3832.735107421875,-70.66489257812509,70.66489257812509,4993.527043077958,1.8103420755783441,19.1,2.5,1894.2,3530.8,0.34916129032258064,68.3,909.7
997,2,transformer,kfold,Al Dawadmi - TVTC,24.5569,44.47411,01-09-2019 00:00,6612.8,6725.67041015625,112.87041015624982,112.87041015624982,12739.729488840063,1.706847479982002,33.6,0.0,2180.7,6265.0,0.2582023988538546,14.3,904.0
998,2,transformer,kfold,Al Dawadmi - TVTC,24.5569,44.47411,01-10-2019 00:00,5699.9,5785.28466796875,85.38466796875036,85.38466796875036,7290.541524133744,1.4980029117835465,28.9,0.0,1730.5,6196.8,0.2182962673293555,22.4,907.6
1007,2,transformer,kfold,Al Dawadmi - TVTC,24.5569,44.47411,01-10-2020 00:00,6238.0,6222.7333984375,-15.2666015625,15.2666015625,233.06912326812744,0.2447355171930106,25.7,2.3,1151.0,8358.0,0.12104322221053739,15.1,909.0
1013,2,transformer,kfold,Al Dawadmi - TVTC,24.5569,44.47411,01-04-2021 00:00,6912.2,6989.7978515625,77.59785156250018,77.59785156250018,6021.426567115812,1.1226216192022827,27.0,3.0,3148.5,5005.7,0.3861200363003115,19.1,907.3
1026,2,transformer,kfold,Shaqra - University,25.17279,45.14198,01-06-2017 00:00,8038.0,8074.2119140625,36.2119140625,36.2119140625,1311.3027200698853,0.45050900799328186,36.1,1.9,2708.2,7005.7,0.2787963639732754,9.7,918.9
1029,2,transformer,kfold,Shaqra - University,25.17279,45.14198,01-11-2017 00:00,4543.3,4620.33837890625,77.03837890624982,77.03837890624982,5934.911824502917,1.6956480731241568,21.5,1.8,1716.0,5058.0,0.2533215234720992,35.9,927.9
1040,2,transformer,kfold,Shaqra - University,25.17279,45.14198,01-03-2019 00:00,6134.1,6115.87060546875,-18.229394531250364,18.229394531250364,332.31082497598067,0.29718124144129315,19.3,0.9,2454.1,5459.8,0.31009995071961993,28.2,925.3
1050,2,transformer,kfold,Shaqra - University,25.17279,45.14198,01-01-2020 00:00,4597.3,4476.8974609375,-120.40253906250018,120.40253906250018,14496.771412696882,2.6189837309399033,13.1,0.4,1230.6,6521.2,0.15875022575401843,38.8,929.1
1053,2,transformer,kfold,Shaqra - University,25.17279,45.14198,01-04-2020 00:00,6946.7,6932.81591796875,-13.884082031249818,13.884082031249818,192.7677338504741,0.1998658648171048,26.2,0.3,3047.1,5120.9,0.3730533790401567,29.9,922.7
1055,2,transformer,kfold,Shaqra - University,25.17279,45.14198,01-09-2020 00:00,6670.5,6774.7578125,104.2578125,104.2578125,10869.691467285156,1.5629684806236415,33.4,0.0,2016.7,6662.2,0.2323681572549517,12.8,921.1
1078,2,transformer,kfold,Al Qunfudhah - TVTC,19.15197,41.08111,01-03-2018 00:00,6486.4,6362.4541015625,-123.94589843749964,123.94589843749964,15362.585739478975,1.9108580790191732,27.8,2.3,2263.3,5829.9,0.2796545247862403,71.9,1009.3
1080,2,transformer,kfold,Al Qunfudhah - TVTC,19.15197,41.08111,01-05-2018 00:00,6919.4,6875.224609375,-44.175390624999636,44.175390624999636,1951.4651368713057,0.6384280519264623,31.8,2.6,3245.1,4602.4,0.41352022937241156,70.7,1004.8
1085,2,transformer,kfold,Al Qunfudhah - TVTC,19.15197,41.08111,01-10-2018 00:00,5391.0,5380.13134765625,-10.86865234375,10.86865234375,118.12760376930237,0.20160735195232796,30.8,1.8,2299.3,4418.2,0.3422850762932639,74.8,1008.8
1089,2,transformer,kfold,Al Qunfudhah - TVTC,19.15197,41.08111,01-02-2019 00:00,4805.2,4850.56689453125,45.36689453125018,45.36689453125018,2058.1551194095778,0.9441208384926785,26.6,2.0,2694.3,3153.1,0.46076888873687455,75.9,1011.7
1103,2,transformer,kfold,Al Qunfudhah - TVTC,19.15197,41.08111,01-04-2020 00:00,6822.3,6612.93408203125,-209.36591796875018,209.36591796875018,43834.08760689743,3.068846546894012,29.8,2.5,2477.4,5643.0,0.3050834934239693,74.4,1007.8
1114,2,transformer,kfold,Duba - TVTC,27.34103,35.72295,01-02-2017 00:00,5226.7,5118.28955078125,-108.41044921874982,108.41044921874982,11752.825499811133,2.074166285012528,19.9,2.5,1447.2,6666.4,0.17836718595937687,33.5,1014.0
1144,2,transformer,kfold,Duba - TVTC,27.34103,35.72295,01-01-2020 00:00,4702.0,4699.4638671875,-2.5361328125,2.5361328125,6.43196964263916,0.05393732055508294,17.7,2.4,1041.6,7589.1,0.12068546004379713,43.4,1015.7
1149,2,transformer,kfold,Duba - TVTC,27.34103,35.72295,01-09-2020 00:00,6361.4,6538.30078125,176.90078125000036,176.90078125000036,31293.88640686048,2.7808466886220073,34.2,2.2,1908.9,6454.4,0.22824722298614186,45.7,1003.0
1167,2,transformer,kfold,Najran - University,17.63228,44.53735,01-04-2017 00:00,7486.0,7454.546875,-31.453125,31.453125,989.299072265625,0.4201592973550628,28.2,2.2,2597.4,6505.3,0.2853439089500917,15.8,882.4
1168,2,transformer,kfold,Najran - University,17.63228,44.53735,01-05-2017 00:00,7278.9,7378.3896484375,99.48964843750036,99.48964843750036,9898.19014621742,1.3668225753547976,31.1,2.3,3150.9,5212.9,0.37673067266075233,21.0,880.9
1174,2,transformer,kfold,Najran - University,17.63228,44.53735,01-04-2018 00:00,6781.6,6698.7744140625,-82.82558593750036,82.82558593750036,6860.077685890258,1.2213280927436057,26.8,2.0,3338.2,4304.0,0.43681138939048963,35.7,881.1
1188,2,transformer,kfold,Najran - University,17.63228,44.53735,01-06-2019 00:00,7670.6,7744.76953125,74.16953124999964,74.16953124999964,5501.119365844673,0.966932590019029,33.6,2.3,3098.2,5848.0,0.3463146363819275,14.8,878.4
1202,2,transformer,kfold,Najran - University,17.63228,44.53735,01-12-2020 00:00,5877.6,5914.88623046875,37.286230468749636,37.286230468749636,1390.2629825687138,0.6343784957933448,19.0,1.4,1236.4,8347.2,0.1290120622730498,36.5,885.7
1233,2,transformer,kfold,Afif - TVTC,23.92118,42.94815,01-01-2019 00:00,4414.1,4554.78173828125,140.68173828124964,140.68173828124964,19791.35148583402,3.187099029955135,18.4,4.6,2204.3,3976.2,0.35665399239543727,40.4,899.2
1239,2,transformer,kfold,Afif - TVTC,23.92118,42.94815,01-07-2019 00:00,7836.3,7935.2177734375,98.91777343749982,98.91777343749982,9784.725901832544,1.2623020231167748,35.4,3.3,2634.9,6860.6,0.2774893370543942,12.2,889.8
1244,2,transformer,kfold,Afif - TVTC,23.92118,42.94815,01-12-2019 00:00,4592.8,4683.62255859375,90.82255859374982,90.82255859374982,8248.737149515118,1.9774986629888045,18.3,4.1,1308.8,6414.6,0.16945904653390992,38.5,898.7
1246,2,transformer,kfold,Afif - TVTC,23.92118,42.94815,01-02-2020 00:00,5601.3,5685.07177734375,83.77177734374982,83.77177734374982,7017.710679330796,1.4955774078115762,18.6,4.4,2050.5,5828.9,0.2602355509302739,30.9,898.8
1252,2,transformer,kfold,Afif - TVTC,23.92118,42.94815,01-11-2020 00:00,5000.4,5137.2919921875,136.89199218750036,136.89199218750036,18739.41752506266,2.737620834083281,22.5,4.7,1439.3,6489.2,0.18153496878350256,33.5,898.3
1288,2,transformer,kfold,Riyadh - K.A.CARE HQ,24.707744,46.6792,01-07-2019 00:00,7800.8,7891.400390625,90.60039062499982,90.60039062499982,8208.430781402554,1.1614243491052176,38.8,3.5,2377.1,7142.7,0.2497006239626883,10.6,928.3
1289,2,transformer,kfold,Riyadh - K.A.CARE HQ,24.707744,46.6792,01-08-2019 00:00,7400.6,7380.38232421875,-20.217675781250364,20.217675781250364,408.7544139957575,0.273189684366813,38.0,3.0,2153.1,7024.4,0.23460637428493597,11.0,929.6
1292,2,transformer,kfold,Riyadh - K.A.CARE HQ,24.707744,46.6792,01-11-2019 00:00,4037.4,4041.5380859375,4.138085937499909,4.138085937499909,17.123755226134502,0.10249383111655792,22.2,2.5,1709.9,4156.5,0.291473476067094,40.6,940.8
1307,2,transformer,kfold,Riyadh - K.A.CARE HQ,24.707744,46.6792,01-12-2021 00:00,3876.0,3900.323974609375,24.323974609375,24.323974609375,591.6557407975197,0.627553524493679,18.1,2.5,1548.0,4454.6,0.2578882484256822,35.1,942.2
1315,2,transformer,kfold,Yanbu - RCJY,23.98655,38.20451,01-01-2019 00:00,4003.2,4065.02392578125,61.82392578125018,61.82392578125018,3822.197799005531,1.5443626544077285,22.5,0.0,1845.6,3937.3,0.31914783240242783,52.7,1014.3
1339,2,transformer,kfold,Majmaah - University,25.85891,45.41889,01-01-2019 00:00,3751.2,3989.85302734375,238.65302734375018,238.65302734375018,56955.26746033677,6.362044874806734,15.9,3.4,2300.2,2693.9,0.4605834885164493,45.9,936.6
1347,2,transformer,kfold,Majmaah - University,25.85891,45.41889,01-09-2019 00:00,6796.3,6831.3115234375,35.01152343749982,35.01152343749982,1225.806773414599,0.5151556499492344,33.4,2.3,2047.6,6776.3,0.23205158716667235,15.0,928.7
1353,2,transformer,kfold,Majmaah - University,25.85891,45.41889,01-03-2020 00:00,6373.3,6295.68017578125,-77.61982421875018,77.61982421875018,6024.837111749677,1.217890640935625,20.6,2.9,2846.5,5154.7,0.35575913612958054,26.9,932.4
1358,2,transformer,kfold,Majmaah - University,25.85891,45.41889,01-11-2020 00:00,4415.4,4532.48291015625,117.08291015625036,117.08291015625036,13708.407850656595,2.6516943007711733,21.3,2.4,1622.1,5097.0,0.24141626110639816,39.5,935.3
1359,2,transformer,kfold,Majmaah - University,25.85891,45.41889,01-12-2020 00:00,3855.8,3848.801513671875,-6.998486328125182,6.998486328125182,48.97881088495509,0.18150542891553456,15.0,2.1,1507.5,4625.1,0.24581743469327852,58.6,937.6
1362,2,transformer,kfold,Majmaah - University,25.85891,45.41889,01-03-2021 00:00,6328.4,6381.6796875,53.279687500000364,53.279687500000364,2838.725100097695,0.8419140304026351,22.7,2.9,2965.9,4796.5,0.3820854374935587,23.9,933.2
1386,2,transformer,kfold,Hagl - SWCC,29.28997,34.93002,01-09-2018 00:00,6092.9,6077.18212890625,-15.717871093749636,15.717871093749636,247.0514717197304,0.257970278418317,29.9,7.8,1860.6,6244.5,0.22955916645075322,54.5,1006.4
1388,2,transformer,kfold,Hagl - SWCC,29.28997,34.93002,01-11-2018 00:00,4118.3,4013.83203125,-104.46796875000018,104.46796875000018,10913.556494751014,2.5366769965762614,23.5,5.7,1182.7,5706.6,0.17167201312179758,50.7,1011.9
1392,2,transformer,kfold,Hagl - SWCC,29.28997,34.93002,01-03-2019 00:00,5880.7,5805.95263671875,-74.74736328124982,74.74736328124982,5587.168317499134,1.271062344299995,20.0,5.6,1746.0,6498.0,0.21179039301310043,45.0,1012.4
1393,2,transformer,kfold,Hagl - SWCC,29.28997,34.93002,01-04-2019 00:00,6665.1,6532.705078125,-132.39492187500036,132.39492187500036,17528.41533828745,1.9863906299230374,23.0,6.0,2146.5,6370.0,0.25204015734163093,44.9,1010.3
1402,2,transformer,kfold,Hagl - SWCC,29.28997,34.93002,01-01-2020 00:00,3731.0,3732.74951171875,1.74951171875,1.74951171875,3.060791254043579,0.046891228055481106,16.7,4.4,1121.0,5386.5,0.17226277372262774,47.9,1017.4
1404,2,transformer,kfold,Hagl - SWCC,29.28997,34.93002,01-03-2020 00:00,5607.3,5659.75390625,52.45390624999982,52.45390624999982,2751.41228088377,0.9354574617017071,20.7,4.7,1968.0,5681.5,0.2572717171056932,50.0,1010.5
1417,2,transformer,kfold,Hagl - SWCC,29.28997,34.93002,01-08-2021 00:00,7092.8,7145.0146484375,52.21464843749982,52.21464843749982,2726.3695114517022,0.7361641162516893,32.2,5.0,1620.8,7617.8,0.17543783690169504,50.8,1003.0
1427,2,transformer,kfold,Al Wajh - TVTC,26.256,36.443,01-04-2018 00:00,7375.2,7435.3583984375,60.15839843750018,60.15839843750018,3619.0329025650244,0.8156849771870619,25.3,2.7,2354.4,6860.2,0.25550756408308556,56.4,1007.2
1428,2,transformer,kfold,Al Wajh - TVTC,26.256,36.443,01-05-2018 00:00,7155.7,7122.806640625,-32.89335937499982,32.89335937499982,1081.9730909728885,0.45968052566485207,29.8,2.8,2985.8,5446.4,0.35409501672161475,48.4,1005.1
1433,2,transformer,kfold,Al Wajh - TVTC,26.256,36.443,01-07-2019 00:00,8071.9,8041.3681640625,-30.531835937499636,30.531835937499636,932.1930057143943,0.37824844135209357,30.5,2.6,1699.1,8707.4,0.16327295440349782,65.1,1002.0
1435,2,transformer,kfold,Al Wajh - TVTC,26.256,36.443,01-11-2019 00:00,4649.9,4635.4345703125,-14.465429687499636,14.465429687499636,209.24865604399582,0.31109119954191783,25.9,2.4,1294.0,6403.2,0.16811308008106846,47.3,1010.2
1439,2,transformer,kfold,Al Wajh - TVTC,26.256,36.443,01-04-2021 00:00,7780.5,7860.365234375,79.865234375,79.865234375,6378.455661773682,1.0264794598676177,25.0,0.0,2188.7,7759.7,0.22000522697117122,56.0,1008.7
1456,2,transformer,kfold,Al Ahsa - KFU,25.34616,49.5956,01-04-2021 00:00,6957.6,7053.5830078125,95.98300781249964,95.98300781249964,9212.737788734366,1.3795419083088944,30.1,0.0,2924.7,5225.1,0.35886770227490244,16.5,993.1
1462,2,transformer,kfold,Al Jubail - SWCC,26.9042,49.76274,01-04-2017 00:00,5835.2,5813.10107421875,-22.098925781249818,22.098925781249818,488.36252068518786,0.3787175380663871,26.4,0.0,2691.2,4230.3,0.3888174528642635,61.6,1010.9
1470,2,transformer,kfold,Al Jubail - SWCC,26.9042,49.76274,01-05-2018 00:00,6604.4,6644.66943359375,40.269433593750364,40.269433593750364,1621.6272819614703,0.6097364422771239,30.3,0.0,3285.3,4260.7,0.43536973230850784,48.8,1007.2
1487,2,transformer,kfold,Al Jubail - SWCC,26.9042,49.76274,01-10-2019 00:00,4976.4,5126.412109375,150.01210937500036,150.01210937500036,22503.63295913707,3.014470488204332,31.1,0.0,1954.9,4757.8,0.29122409760603035,56.1,1010.2
1488,2,transformer,kfold,Al Jubail - SWCC,26.9042,49.76274,01-11-2019 00:00,3931.9,3866.099365234375,-65.80063476562509,65.80063476562509,4329.723535559189,1.6735073314587117,23.9,0.0,1529.9,4384.7,0.25866499847834173,53.6,1015.9
1501,2,transformer,kfold,Al Jubail - SWCC,26.9042,49.76274,01-05-2021 00:00,7350.3,7422.48681640625,72.18681640624982,72.18681640624982,5210.936462869618,0.9820934710998165,32.1,3.3,2539.0,6355.7,0.28545088648296174,42.6,1004.8
1529,2,transformer,kfold,Hafar Al Batin - TVTC,28.33202,45.95708,01-04-2019 00:00,6712.2,6668.77490234375,-43.42509765624982,43.42509765624982,1885.7391064548335,0.6469577434559431,23.8,4.9,2708.0,5520.2,0.32911207797574193,30.9,966.9
1535,2,transformer,kfold,Hafar Al Batin - TVTC,28.33202,45.95708,01-10-2019 00:00,4904.8,4922.865234375,18.065234374999818,18.065234374999818,326.35269302367504,0.3683174517819242,29.7,4.0,2146.8,4383.0,0.32876964072406506,32.7,967.1
1577,2,transformer,kfold,Al Dhahran - KFUPM,26.30355,50.14412,01-12-2018 00:00,3640.3,3717.58837890625,77.28837890624982,77.28837890624982,5973.493513956042,2.1231321293918035,20.7,0.0,1605.0,4011.3,0.28577533251428877,70.3,1011.4
1591,2,transformer,kfold,Al Dhahran - KFUPM,26.30355,50.14412,01-03-2020 00:00,5272.8,5083.65771484375,-189.14228515625018,189.14228515625018,35774.80403412826,3.5871317925248474,22.7,2.2,2344.4,4205.4,0.3579345934227,57.5,1005.4
1593,2,transformer,kfold,Al Dhahran - KFUPM,26.30355,50.14412,01-05-2020 00:00,7000.4,7131.40478515625,131.00478515625036,131.00478515625036,17162.253733835314,1.8713899942324776,32.6,2.0,2665.9,5732.0,0.31744840972147803,35.9,999.9
1600,2,transformer,kfold,Al Dhahran - KFUPM,26.30355,50.14412,01-10-2021 00:00,5254.1,5288.841796875,34.741796874999636,34.741796874999636,1206.9924501037344,0.6612321211054155,31.1,1.7,1623.6,5570.4,0.2256880733944954,59.5,1002.8
1601,2,transformer,kfold,Al Dhahran - KFUPM,26.30355,50.14412,01-11-2021 00:00,4294.0,4215.08056640625,-78.91943359375,78.91943359375,6228.276998758316,1.8379001768455985,25.5,1.7,1414.9,5161.5,0.21514810534639014,60.6,1007.0
1614,2,transformer,kfold,Jeddah - KAU,21.49604,39.24492,01-05-2018 00:00,7145.1,7250.14306640625,105.04306640624964,105.04306640624964,11034.04580002777,1.470141305317625,33.4,4.0,3077.0,5216.1,0.37103133930617016,40.2,999.3
1628,2,transformer,kfold,Jeddah - KAU,21.49604,39.24492,01-07-2019 00:00,6880.8,6888.95361328125,8.153613281249818,8.153613281249818,66.48140954017343,0.11849804210629312,34.9,4.2,2642.1,5472.3,0.3256063294883171,43.7,996.2
18,3,transformer,kfold,Sharurah - TVTC,17.47586,47.08618,01-10-2019 00:00,6614.2,6606.3203125,-7.879687499999818,7.879687499999818,62.089475097653384,0.11913288833116353,30.5,3.7,1531.1,7635.1,0.1670375946411817,20.7,929.3
54,3,transformer,kfold,Layla - TVTC,22.27948,46.73319,01-07-2018 00:00,7466.0,7540.3193359375,74.3193359375,74.3193359375,5523.363694190979,0.9954371274778998,38.9,2.7,3551.7,4934.3,0.41853641291539,10.9,939.0
58,3,transformer,kfold,Layla - TVTC,22.27948,46.73319,01-11-2018 00:00,4780.8,4717.65966796875,-63.14033203125018,63.14033203125018,3986.7015290165177,1.3207064096228702,23.6,2.7,1932.0,4908.4,0.28243962341383544,41.1,953.2
63,3,transformer,kfold,Layla - TVTC,22.27948,46.73319,01-04-2019 00:00,6610.5,6497.10546875,-113.39453125,113.39453125,12858.319717407227,1.715369960668633,27.4,2.4,3325.2,4240.9,0.4394866575910971,33.1,949.0
81,3,transformer,kfold,Layla - TVTC,22.27948,46.73319,01-01-2021 00:00,4847.6,4771.7275390625,-75.87246093750036,75.87246093750036,5756.630328712518,1.5651551476503913,17.1,2.1,1504.9,6045.3,0.19931922333183227,36.7,955.8
86,3,transformer,kfold,Layla - TVTC,22.27948,46.73319,01-07-2021 00:00,7298.5,7396.83203125,98.33203125,98.33203125,9669.188369750977,1.3472909673220523,37.9,2.4,3041.2,5476.1,0.35706151010296694,22.0,938.4
111,3,transformer,kfold,Osfan - KAU,21.89252,39.2539,01-03-2019 00:00,6251.3,6391.79345703125,140.49345703124982,140.49345703124982,19738.41146859164,2.2474278475077156,24.9,4.0,2396.7,5632.6,0.2984942647553336,51.1,999.6
113,3,transformer,kfold,Osfan - KAU,21.89252,39.2539,01-05-2019 00:00,6965.7,7012.9228515625,47.22285156250018,47.22285156250018,2229.997709693926,0.6779340419842971,33.6,3.1,2870.1,5217.8,0.354863437975247,41.3,994.8
174,3,transformer,kfold,Al Farshah - TQ TVTC,17.7749,43.17555,01-10-2020 00:00,6347.6,5906.587890625,-441.01210937500036,441.01210937500036,194491.68061538727,6.94769849037432,28.2,2.4,1157.2,7732.7,0.13017019314053027,26.1,893.5
196,3,transformer,kfold,Hada Al Sham - KAU,21.80117,39.72854,01-07-2018 00:00,7251.2,7313.8896484375,62.68964843750018,62.68964843750018,3929.992021217369,0.8645417094756755,34.5,2.2,2989.0,5476.0,0.35310100413467216,30.4,978.4
208,3,transformer,kfold,Hada Al Sham - KAU,21.80117,39.72854,01-07-2019 00:00,7390.4,7467.4619140625,77.06191406250036,77.06191406250036,5938.538598976192,1.0427299478039127,34.8,2.2,2747.2,5982.0,0.3147138340283187,28.6,977.5
218,3,transformer,kfold,Hada Al Sham - KAU,21.80117,39.72854,01-05-2020 00:00,7050.0,7160.21484375,110.21484375,110.21484375,12147.311782836914,1.5633311170212765,33.2,1.9,2672.2,5689.8,0.3195646974408036,32.7,982.0
221,3,transformer,kfold,Hada Al Sham - KAU,21.80117,39.72854,01-11-2020 00:00,4634.0,4701.494140625,67.494140625,67.494140625,4555.459018707275,1.45649850291325,27.5,1.2,1625.3,5119.0,0.24098868674287915,56.3,986.2
233,3,transformer,kfold,Hada Al Sham - KAU,21.80117,39.72854,01-12-2021 00:00,4082.8,4010.803955078125,-71.99604492187518,71.99604492187518,5183.430484392669,1.76339876853814,24.9,1.2,1664.7,4401.5,0.2744222083017375,53.1,987.4
236,3,transformer,kfold,Dammam - IAFU,26.394974,50.188715,01-03-2017 00:00,4194.0,4167.509765625,-26.490234375,26.490234375,701.7325172424316,0.6316221834763949,20.5,2.8,2367.4,2678.7,0.4691543964645964,61.7,1012.0
254,3,transformer,kfold,Dammam - IAFU,26.394974,50.188715,01-11-2020 00:00,4243.7,4274.3349609375,30.634960937500182,30.634960937500182,938.500831642162,0.7218927100761171,24.9,2.6,1467.4,5083.5,0.22399975575875072,56.0,1014.7
265,3,transformer,kfold,Timaa - TVTC,27.6173,38.5252,01-10-2017 00:00,5879.9,5950.12841796875,70.22841796875036,70.22841796875036,4932.030690393499,1.1943811624134828,26.4,2.0,1347.0,7582.5,0.15084831177557534,24.0,918.5
277,3,transformer,kfold,Timaa - TVTC,27.6173,38.5252,01-01-2019 00:00,3942.3,3943.75341796875,1.453417968749818,1.453417968749818,2.112423791884847,0.036867259436111355,14.2,2.1,1738.1,4375.9,0.28428197579326137,43.8,920.4
286,3,transformer,kfold,Timaa - TVTC,27.6173,38.5252,01-10-2019 00:00,5224.5,5175.02734375,-49.47265625,49.47265625,2447.543716430664,0.9469357115513446,28.1,2.2,1902.4,5422.5,0.2597168562028151,26.7,918.7
287,3,transformer,kfold,Timaa - TVTC,27.6173,38.5252,01-11-2019 00:00,4375.6,4299.7783203125,-75.82167968750036,75.82167968750036,5748.927110633906,1.7328293191219573,19.9,2.2,1342.1,5845.2,0.1867321525468535,42.5,920.1
292,3,transformer,kfold,Timaa - TVTC,27.6173,38.5252,01-04-2020 00:00,7732.1,7627.208984375,-104.89101562500036,104.89101562500036,11002.12515884407,1.3565656888167557,23.9,3.2,2158.2,7770.5,0.2173698470091754,24.8,916.5
310,3,transformer,kfold,Hail - TVTC,27.65261,41.70826,01-02-2017 00:00,5086.2,4945.03125,-141.16874999999982,141.16874999999982,19928.615976562447,2.775524949864335,10.8,3.5,1599.7,6100.3,0.20775324675324675,28.4,912.7
322,3,transformer,kfold,Hail - TVTC,27.65261,41.70826,01-09-2018 00:00,6236.9,6425.1103515625,188.21035156250036,188.21035156250036,35423.13643527999,3.017690704717093,33.6,2.7,2592.3,5069.1,0.3383585245516485,10.2,907.7
327,3,transformer,kfold,Hail - TVTC,27.65261,41.70826,01-03-2019 00:00,6418.6,6440.91455078125,22.314550781249636,22.314550781249636,497.9391765689688,0.34765448510967556,15.9,3.7,1872.9,7074.5,0.20932337885866287,27.6,909.2
354,3,transformer,kfold,Hail - TVTC,27.65261,41.70826,01-11-2021 00:00,4565.9,4569.59228515625,3.692285156250364,3.692285156250364,13.632969675066773,0.08086653575966105,19.1,2.9,1364.3,6071.7,0.18347229693383538,28.5,912.3
358,3,transformer,kfold,Madinah - Taibah University,24.4846,39.5418,01-04-2017 00:00,6008.7,6040.947265625,32.24726562500018,32.24726562500018,1039.8861402893183,0.5366762465258739,31.1,3.3,2710.5,4359.3,0.3833913264873122,14.2,938.7
363,3,transformer,kfold,Madinah - Taibah University,24.4846,39.5418,01-03-2018 00:00,6500.1,6423.6689453125,-76.43105468750036,76.43105468750036,5841.706120643671,1.1758442898955457,27.9,2.0,1970.9,6658.6,0.22839098441392897,17.7,939.6
365,3,transformer,kfold,Madinah - Taibah University,24.4846,39.5418,01-05-2018 00:00,7147.6,7210.4404296875,62.840429687499636,62.840429687499636,3948.9196033095855,0.8791822386185523,33.4,2.7,3111.0,5224.7,0.3732140072219489,14.6,936.4
380,3,transformer,kfold,Al Hanakiyah - TVTC,24.85577,40.536,01-02-2017 00:00,5384.9,5314.021484375,-70.87851562499964,70.87851562499964,5023.763977203317,1.316245717190656,16.8,3.6,1986.1,5640.4,0.26042090080639874,27.4,919.0
382,3,transformer,kfold,Al Hanakiyah - TVTC,24.85577,40.536,01-04-2017 00:00,6605.0,6636.982421875,31.982421875,31.982421875,1022.8753089904785,0.48421531983345956,29.5,4.0,3217.4,4426.2,0.4209273117379245,17.9,915.5
423,3,transformer,kfold,Al Hanakiyah - TVTC,24.85577,40.536,01-05-2021 00:00,7658.8,7752.6376953125,93.83769531249982,93.83769531249982,8805.51306156155,1.225227128433956,34.0,3.3,2655.1,6538.0,0.2888144369146425,12.3,913.3
432,3,transformer,kfold,Al Uwayqilah,30.327166,42.253735,01-11-2021 00:00,3868.8,3785.4462890625,-83.35371093750018,83.35371093750018,6947.8411270523375,2.1545107252248807,17.9,3.1,1358.3,4998.1,0.21369013907243092,37.7,967.4
462,3,transformer,kfold,Tabuk - University,28.38287,36.48396,01-01-2021 00:00,4246.2,4206.310546875,-39.88945312499982,39.88945312499982,1591.1684706115577,0.9394153154585234,13.3,2.0,1255.2,6090.1,0.17088478346697888,41.5,930.0
464,3,transformer,kfold,Tabuk - University,28.38287,36.48396,01-09-2021 00:00,6587.6,6526.86669921875,-60.733300781250364,60.733300781250364,3688.533823785826,0.9219336447454364,29.5,2.8,1565.9,7489.3,0.1729282622139765,24.4,924.1
471,3,transformer,kfold,Mahd ad Dahab,23.419423,40.743138,01-09-2021 00:00,6019.7,5922.82421875,-96.87578124999982,96.87578124999982,9384.916992797816,1.6093124449723377,32.8,2.9,2329.5,4973.0,0.31900034234851077,19.1,900.9
482,3,transformer,kfold,Farasan - SWCC,16.692097,42.098767,01-05-2018 00:00,6800.7,6783.9541015625,-16.745898437499818,16.745898437499818,280.42511447905883,0.24623786430073108,32.3,3.6,3095.0,4629.2,0.4006887444654463,70.4,1004.2
485,3,transformer,kfold,Farasan - SWCC,16.692097,42.098767,01-08-2018 00:00,5969.5,5914.5029296875,-54.9970703125,54.9970703125,3024.677742958069,0.9213011192310914,34.1,0.0,3396.6,3092.8,0.5234074028415571,64.3,1002.3
506,3,transformer,kfold,Farasan - SWCC,16.692097,42.098767,01-04-2021 00:00,6227.9,6136.23291015625,-91.66708984374964,91.66708984374964,8402.855360422067,1.4718779981012804,29.8,3.5,2461.4,4867.0,0.3358714043993232,72.9,1007.3
526,3,transformer,kfold,Al Khafji - SWCC,28.50676,48.455128,01-01-2021 00:00,3791.6,3566.3251953125,-225.2748046874999,225.2748046874999,50748.73762699123,5.941417994711993,13.9,2.9,1545.4,4379.7,0.26082260215017466,53.9,1019.7
527,3,transformer,kfold,Al Khafji - SWCC,28.50676,48.455128,01-02-2021 00:00,4392.6,4300.95556640625,-91.64443359375036,91.64443359375036,8398.70220871932,2.086336875512233,16.0,0.0,1477.9,5060.7,0.22602697825222526,57.1,1017.6
530,3,transformer,kfold,Al Khafji - SWCC,28.50676,48.455128,01-05-2021 00:00,7342.1,7544.51611328125,202.41611328124964,202.41611328124964,40972.282915887685,2.7569239492958366,32.1,0.0,2642.0,6220.9,0.29809655981676425,26.7,1004.7
534,3,transformer,kfold,Al Khafji - SWCC,28.50676,48.455128,01-10-2021 00:00,5078.8,5021.921875,-56.87812500000018,56.87812500000018,3235.1211035156457,1.1199126762227334,27.6,0.0,1732.2,5432.1,0.2417821699258825,38.1,1011.0
535,3,transformer,kfold,Riyadh - KSU,24.72359,46.61639,01-01-2017 00:00,4379.7,4297.251953125,-82.44804687499982,82.44804687499982,6797.680433502167,1.8825044380893627,16.9,1.9,1684.0,4945.2,0.2540276353104447,36.5,942.7
538,3,transformer,kfold,Riyadh - KSU,24.72359,46.61639,01-04-2017 00:00,6876.9,6941.3505859375,64.45058593750036,64.45058593750036,4153.878027687119,0.937204059060047,29.7,2.2,3292.8,4711.6,0.4113737444405577,21.4,938.4
543,3,transformer,kfold,Riyadh - KSU,24.72359,46.61639,01-11-2017 00:00,4498.9,4463.45849609375,-35.441503906249636,35.441503906249636,1256.1001991367082,0.7877815445164295,22.8,1.6,1577.4,5164.4,0.23397312290486225,35.5,941.8
544,3,transformer,kfold,Riyadh - KSU,24.72359,46.61639,01-03-2018 00:00,6286.7,6335.9208984375,49.22089843750018,49.22089843750018,2422.696842994708,0.7829369691173458,25.9,1.9,2318.5,5733.3,0.2879480364638963,23.0,939.4
548,3,transformer,kfold,Riyadh - KSU,24.72359,46.61639,01-07-2018 00:00,7549.8,7549.6982421875,-0.1017578125001819,0.1017578125001819,0.010354652404822175,0.0013478212999043936,38.0,2.2,2897.7,5911.1,0.3289551357733176,11.8,928.6
554,3,transformer,kfold,Riyadh - KSU,24.72359,46.61639,01-01-2019 00:00,4125.2,3929.288818359375,-195.91118164062482,195.91118164062482,38381.19109182589,4.749131718234869,18.2,1.9,2100.8,3592.9,0.368969211584734,36.5,942.9
570,3,transformer,kfold,Riyadh - KSU,24.72359,46.61639,01-05-2020 00:00,7182.2,7279.33203125,97.13203125000018,97.13203125000018,9434.631494751013,1.3523994214864552,33.5,2.0,3132.4,5272.8,0.37267405891590916,16.3,936.2
575,3,transformer,kfold,Riyadh - KSU,24.72359,46.61639,01-01-2021 00:00,4327.6,4243.8720703125,-83.72792968750036,83.72792968750036,7010.366209755005,1.9347428063476373,16.7,1.6,1550.3,5067.0,0.2342798422317259,40.7,943.8
584,3,transformer,kfold,Riyadh - KSU,24.72359,46.61639,01-11-2021 00:00,4651.8,4619.05712890625,-32.74287109375018,32.74287109375018,1072.0956074619412,0.7038752975998577,23.7,1.5,1465.7,5656.9,0.20578159660798026,30.5,941.5
588,3,transformer,kfold,Jazan - University,16.96035,42.545865,01-09-2017 00:00,6127.2,5968.62890625,-158.57109374999982,158.57109374999982,25144.791773071232,2.5879862539169576,32.8,3.0,2719.6,4304.0,0.38720883877213963,70.6,1005.7
601,3,transformer,kfold,Jazan - University,16.96035,42.545865,01-03-2019 00:00,5803.7,5695.0234375,-108.67656249999982,108.67656249999982,11810.595236816367,1.872539285283523,28.0,0.0,2850.6,3932.9,0.42022554728385053,69.4,1011.3
610,3,transformer,kfold,Jazan - University,16.96035,42.545865,01-12-2019 00:00,4326.8,4285.1630859375,-41.63691406250018,41.63691406250018,1733.6326126480253,0.9623027193884668,27.8,0.0,1920.6,4072.9,0.320447151080337,60.2,1012.5
614,3,transformer,kfold,Jazan - University,16.96035,42.545865,01-04-2020 00:00,6391.6,6361.546875,-30.053125000000364,30.053125000000364,903.1903222656468,0.4701972119657107,30.8,3.3,2487.2,5109.0,0.32742687133040205,66.0,1008.9
619,3,transformer,kfold,Jazan - University,16.96035,42.545865,01-01-2021 00:00,4567.8,4467.869140625,-99.93085937500018,99.93085937500018,9986.176655426061,2.187724054796624,25.9,2.5,2039.8,4135.8,0.3302998898892415,67.5,1013.5
650,3,transformer,kfold,Riyadh - K.A.CARE City T2,24.52958,46.43635,01-02-2019 00:00,5126.5,4993.1318359375,-133.3681640625,133.3681640625,17787.067185401917,2.6015442126694626,15.8,4.3,2088.4,5041.8,0.29289500995764495,39.8,914.1
654,3,transformer,kfold,Riyadh - K.A.CARE City T2,24.52958,46.43635,01-06-2019 00:00,7644.4,7739.89697265625,95.49697265625036,95.49697265625036,9119.67178650863,1.2492409169620946,35.7,3.7,2665.4,6523.1,0.2900799912934647,12.2,907.0
668,3,transformer,kfold,Riyadh - K.A.CARE City T2,24.52958,46.43635,01-11-2020 00:00,4766.4,4726.095703125,-40.304296874999636,40.304296874999636,1624.4363465881054,0.845591995531211,21.3,3.7,1291.5,6331.5,0.16942148760330578,37.4,914.8
669,3,transformer,kfold,Riyadh - K.A.CARE City T2,24.52958,46.43635,01-12-2020 00:00,4173.6,4120.0615234375,-53.538476562500364,53.538476562500364,2866.368472633401,1.2827888768089986,15.1,4.1,1383.0,5451.7,0.2023497739476495,52.1,916.0
677,3,transformer,kfold,Arar - TVTC,31.027395,40.906419,01-03-2017 00:00,5568.1,5602.025390625,33.925390624999636,33.925390624999636,1150.9321290588132,0.609281274133001,16.2,4.1,2247.0,5276.1,0.2986800653985724,41.1,946.8
692,3,transformer,kfold,Arar - TVTC,31.027395,40.906419,01-04-2019 00:00,6677.9,6517.083984375,-160.81601562499964,160.81601562499964,25861.79088150013,2.408182446951881,19.4,3.8,2353.1,6130.7,0.27736391711261466,33.3,946.8
694,3,transformer,kfold,Arar - TVTC,31.027395,40.906419,01-06-2019 00:00,7792.8,7946.70947265625,153.90947265624982,153.90947265624982,23688.12577332491,1.9750214641239323,33.8,4.4,2142.5,7696.6,0.2177536563303554,13.0,941.8
704,3,transformer,kfold,Arar - TVTC,31.027395,40.906419,01-03-2021 00:00,6031.2,6151.5087890625,120.30878906250018,120.30878906250018,14474.204725685164,1.9947736613360558,17.6,3.9,2035.0,6328.9,0.24330754791425055,26.8,947.7
705,3,transformer,kfold,Arar - TVTC,31.027395,40.906419,01-04-2021 00:00,7221.9,7194.740234375,-27.159765624999636,27.159765624999636,737.6528688049119,0.37607507200320744,23.8,3.5,2373.1,6738.1,0.26045965405215554,16.2,947.8
710,3,transformer,kfold,Arar - TVTC,31.027395,40.906419,01-11-2021 00:00,3895.1,3872.194580078125,-22.90541992187491,22.90541992187491,524.658261797424,0.588057300759285,17.2,1.7,1242.6,5412.9,0.1867027270678386,35.3,950.9
714,3,transformer,kfold,Taif - University,21.43278,40.49173,01-05-2017 00:00,6424.3,6591.2607421875,166.96074218749982,166.96074218749982,27875.88943180078,2.5988939213221642,26.0,2.6,2870.0,4672.9,0.38049026236593353,33.7,849.6
722,3,transformer,kfold,Taif - University,21.43278,40.49173,01-08-2018 00:00,7265.2,7312.22265625,47.02265625000018,47.02265625000018,2211.130200805681,0.6472314079447253,28.5,4.2,2426.0,6352.0,0.2763727500569606,19.5,846.9
736,3,transformer,kfold,Taif - University,21.43278,40.49173,01-10-2021 00:00,6174.0,6256.09130859375,82.09130859375,82.09130859375,6738.982946634293,1.3296292289237124,25.0,2.4,1625.4,7011.9,0.18818380743982496,24.6,850.8
744,3,transformer,kfold,Rania - TVTC,21.21501,42.84853,01-05-2018 00:00,7521.3,7483.4853515625,-37.81464843750018,37.81464843750018,1429.947636451735,0.5027674529336708,32.2,3.4,3333.3,5330.2,0.3847521209672765,15.8,907.5
752,3,transformer,kfold,Rania - TVTC,21.21501,42.84853,01-11-2019 00:00,4930.5,4968.92138671875,38.42138671875,38.42138671875,1476.202957391739,0.7792594405993306,23.2,3.3,1798.3,5284.9,0.2538824260221369,36.1,911.8
781,3,transformer,kfold,Al Baha - University,20.1794,41.6357,01-11-2019 00:00,4554.2,4519.3583984375,-34.84160156249982,34.84160156249982,1213.9371994399899,0.7650432910829524,19.3,0.0,1546.0,5047.1,0.2344875703386874,47.2,835.2
785,3,transformer,kfold,Al Baha - University,20.1794,41.6357,01-03-2020 00:00,6950.0,6875.8203125,-74.1796875,74.1796875,5502.626037597656,1.0673336330935252,20.2,3.1,2099.5,6879.2,0.23383117823292904,34.0,833.9
786,3,transformer,kfold,Al Baha - University,20.1794,41.6357,01-04-2020 00:00,6931.5,6891.84423828125,-39.65576171875,39.65576171875,1572.579437494278,0.5721093806355046,22.8,3.0,2117.6,6560.4,0.24401935929937774,37.2,834.1
806,3,transformer,kfold,Thuwal - KAUST,22.3065,39.107,01-03-2018 00:00,6375.2,6361.64599609375,-13.554003906249818,13.554003906249818,183.71102189063532,0.21260515601471044,26.0,0.0,2089.3,6161.7,0.2532177917828142,68.9,1008.3
811,3,transformer,kfold,Thuwal - KAUST,22.3065,39.107,01-08-2018 00:00,6668.6,6633.5576171875,-35.042382812500364,35.042382812500364,1227.9685931778208,0.525483352015421,32.1,0.0,2421.2,5502.2,0.30557588913850114,69.5,1001.9
836,3,transformer,kfold,Thuwal - KAUST,22.3065,39.107,01-12-2020 00:00,4028.1,4034.56201171875,6.462011718750091,6.462011718750091,41.757595453263505,0.1604233191517115,25.5,2.1,1489.9,4741.3,0.23910322249325971,62.3,1011.3
838,3,transformer,kfold,Thuwal - KAUST,22.3065,39.107,01-02-2021 00:00,4971.2,4920.564453125,-50.63554687499982,50.63554687499982,2563.958607330304,1.0185779464716733,23.9,2.7,1647.6,5373.2,0.23467411121239745,63.0,1011.4
842,3,transformer,kfold,Thuwal - KAUST,22.3065,39.107,01-12-2021 00:00,3797.4,3797.75341796875,0.35341796874990905,0.35341796874990905,0.1249042606353117,0.009306840700213542,25.3,0.0,1589.8,4094.9,0.27966295494924975,62.9,1011.8
843,3,transformer,kfold,Al Jouf - TVTC,29.77634,40.02318,01-01-2017 00:00,3830.0,3692.36279296875,-137.63720703125,137.63720703125,18944.000759363174,3.593660757996084,9.7,3.8,1505.1,4813.8,0.2381901913307696,42.5,940.8
845,3,transformer,kfold,Al Jouf - TVTC,29.77634,40.02318,01-03-2017 00:00,5740.9,5808.8955078125,67.99550781250036,67.99550781250036,4623.389082679798,1.184405020336539,16.9,4.7,2227.6,5560.5,0.28602611676788947,35.9,935.8
873,3,transformer,kfold,Al Jouf - TVTC,29.77634,40.02318,01-05-2020 00:00,7638.5,7837.48046875,198.98046875,198.98046875,39593.22694396973,2.6049678438175032,28.1,4.2,2581.5,6901.0,0.27223833377273926,15.9,935.0
879,3,transformer,kfold,Al Jouf - TVTC,29.77634,40.02318,01-03-2021 00:00,6384.4,6541.57177734375,157.17177734375036,157.17177734375036,24702.96759339344,2.4618096820962094,18.1,3.9,2155.5,6569.8,0.24704021638224477,27.5,937.1
906,3,transformer,kfold,Umluj - SWCC,25.00411,37.27382,01-01-2017 00:00,4448.2,4262.42919921875,-185.77080078124982,185.77080078124982,34510.79042290681,4.176314032220894,21.5,3.1,1233.7,6085.1,0.16856588511777887,58.2,1015.2
914,3,transformer,kfold,Umluj - SWCC,25.00411,37.27382,01-11-2017 00:00,4545.7,4405.6982421875,-140.00175781249982,140.00175781249982,19600.492190589855,3.0798723587676227,26.0,2.8,1284.1,5939.8,0.17775716718116252,59.8,1012.2
915,3,transformer,kfold,Umluj - SWCC,25.00411,37.27382,01-03-2018 00:00,6422.2,6453.6640625,31.464062500000182,31.464062500000182,989.9872290039177,0.4899265438634764,25.9,2.4,1836.6,6863.6,0.21109859543458767,55.8,1010.6
923,3,transformer,kfold,Umluj - SWCC,25.00411,37.27382,01-11-2018 00:00,4267.1,4156.75927734375,-110.34072265625036,110.34072265625036,12175.075076303563,2.5858480620620643,26.0,0.1,1205.0,5602.3,0.1770158506309403,57.5,1012.5
936,3,transformer,kfold,Umluj - SWCC,25.00411,37.27382,01-12-2019 00:00,4424.3,4353.10693359375,-71.19306640625018,71.19306640625018,5068.452704324748,1.6091374094489563,22.9,0.0,962.1,7000.3,0.12083040289359992,48.7,1014.7
940,3,transformer,kfold,Umluj - SWCC,25.00411,37.27382,01-04-2020 00:00,7289.3,7354.43310546875,65.13310546874982,65.13310546874982,4242.321428003287,0.8935440367216305,25.4,3.3,2294.6,6871.1,0.25034640016583565,59.8,1010.4
942,3,transformer,kfold,Umluj - SWCC,25.00411,37.27382,01-09-2020 00:00,6252.2,6387.2353515625,135.03535156250018,135.03535156250018,18234.54617160802,2.159805373508528,33.6,2.7,2145.4,5735.0,0.27224506370235013,62.0,1005.2
952,3,transformer,kfold,Umluj - SWCC,25.00411,37.27382,01-08-2021 00:00,6928.1,6909.44921875,-18.650781250000364,18.650781250000364,347.85164123536515,0.2692048505362273,33.0,2.8,2195.7,6375.9,0.256159876802464,64.7,1003.3
983,3,transformer,kfold,Al Dawadmi - TVTC,24.5569,44.47411,01-07-2018 00:00,7785.4,7826.669921875,41.269921875000364,41.269921875000364,1703.2064515686336,0.5300937893364549,34.9,3.2,2828.1,6413.4,0.3060217497159552,12.0,899.9
1009,3,transformer,kfold,Al Dawadmi - TVTC,24.5569,44.47411,01-12-2020 00:00,4216.5,4205.5703125,-10.9296875,10.9296875,119.45806884765625,0.25921232064508476,16.7,2.9,1559.0,5147.0,0.23247837757232329,48.9,910.8
1027,3,transformer,kfold,Shaqra - University,25.17279,45.14198,01-09-2017 00:00,6905.7,7006.5,100.80000000000018,100.80000000000018,10160.640000000036,1.459663756027632,34.1,1.6,2195.5,6640.8,0.24846372350418164,10.2,921.5
1031,3,transformer,kfold,Shaqra - University,25.17279,45.14198,01-06-2018 00:00,7855.3,7899.41943359375,44.11943359374982,44.11943359374982,1946.5244206333,0.5616517967964282,35.5,1.2,2937.8,6331.1,0.31695238917239366,12.5,918.2
1075,3,transformer,kfold,Al Qunfudhah - TVTC,19.15197,41.08111,01-10-2017 00:00,5667.9,5748.2119140625,80.31191406250036,80.31191406250036,6450.003540382444,1.4169606743679382,30.5,2.5,2091.8,5201.7,0.2868033180228971,78.4,1007.8
1084,3,transformer,kfold,Al Qunfudhah - TVTC,19.15197,41.08111,01-09-2018 00:00,5957.2,5924.7236328125,-32.47636718749982,32.47636718749982,1054.714425697315,0.5451616059138491,32.7,2.3,3243.1,3374.2,0.4900941471597178,80.7,1005.0
1087,3,transformer,kfold,Al Qunfudhah - TVTC,19.15197,41.08111,01-12-2018 00:00,4109.2,4164.65966796875,55.45966796875018,55.45966796875018,3075.774771204015,1.3496463537610772,27.5,1.6,2033.3,3567.0,0.3630698355445244,77.8,1012.5
1105,3,transformer,kfold,Al Qunfudhah - TVTC,19.15197,41.08111,01-10-2020 00:00,5807.6,5824.17431640625,16.574316406249636,16.574316406249636,274.70796433447583,0.28539011650681234,30.6,2.3,1839.5,5788.0,0.24116683054736152,78.8,1007.5
1121,3,transformer,kfold,Duba - TVTC,27.34103,35.72295,01-11-2017 00:00,4452.6,4325.28662109375,-127.31337890625036,127.31337890625036,16208.696448526474,2.8593042021796333,24.9,2.3,1155.1,6349.7,0.15391482784351349,45.2,1010.5
1131,3,transformer,kfold,Duba - TVTC,27.34103,35.72295,01-12-2018 00:00,3974.1,3931.743408203125,-42.35659179687491,42.35659179687491,1794.080868647091,1.0658159532189655,21.0,2.3,1126.7,6047.5,0.15704886956036912,43.5,1013.6
1133,3,transformer,kfold,Duba - TVTC,27.34103,35.72295,01-02-2019 00:00,4931.3,5021.2646484375,89.96464843749982,89.96464843749982,8093.637968482938,1.8243596706243752,20.3,2.5,1629.7,5832.3,0.2183998927901367,40.4,1012.6
1137,3,transformer,kfold,Duba - TVTC,27.34103,35.72295,01-06-2019 00:00,7745.1,7863.2666015625,118.16660156249964,118.16660156249964,13963.345724830542,1.5256949756943052,32.3,2.1,1959.9,7861.7,0.19954997149140669,46.5,1003.4
1142,3,transformer,kfold,Duba - TVTC,27.34103,35.72295,01-11-2019 00:00,4825.1,5130.36083984375,305.26083984374964,305.26083984374964,93184.18034211136,6.326518410887849,26.0,2.1,1253.5,6988.9,0.15207949141026886,42.5,1009.5
1155,3,transformer,kfold,Duba - TVTC,27.34103,35.72295,01-03-2021 00:00,6446.8,6568.59130859375,121.79130859374982,121.79130859374982,14833.122848977999,1.8891746074602873,23.4,2.5,1948.5,6919.7,0.21971764281364875,42.3,1009.6
1160,3,transformer,kfold,Duba - TVTC,27.34103,35.72295,01-09-2021 00:00,6412.8,6527.814453125,115.01445312499982,115.01445312499982,13228.324427642781,1.7935138024731758,31.6,2.6,1661.4,7003.2,0.19174572398033377,51.6,1003.5
1169,3,transformer,kfold,Najran - University,17.63228,44.53735,01-06-2017 00:00,7522.5,7532.5341796875,10.0341796875,10.0341796875,100.6847620010376,0.13338889581256233,33.5,2.1,3465.6,5206.2,0.3996402131045458,10.1,878.2
1170,3,transformer,kfold,Najran - University,17.63228,44.53735,01-09-2017 00:00,7352.4,7354.91259765625,2.512597656250364,2.512597656250364,6.313146982194821,0.03417384331987329,30.8,2.2,2186.3,7026.5,0.23731113233761728,13.5,879.8
1176,3,transformer,kfold,Najran - University,17.63228,44.53735,01-06-2018 00:00,7486.6,7357.91015625,-128.68984375000036,128.68984375000036,16561.075884399506,1.7189357485373917,33.5,2.5,4190.2,4106.1,0.5050685245229801,15.8,877.8
1182,3,transformer,kfold,Najran - University,17.63228,44.53735,01-12-2018 00:00,5783.6,5840.5283203125,56.928320312499636,56.928320312499636,3240.8336536025586,0.9843059740040742,19.9,1.8,1091.4,8418.9,0.11475978675751555,33.9,885.6
1190,3,transformer,kfold,Najran - University,17.63228,44.53735,01-08-2019 00:00,7070.3,7215.2001953125,144.90019531249982,144.90019531249982,20996.066601600593,2.049420750357125,33.4,2.7,3201.5,4958.3,0.39235030270349763,18.6,877.5
1192,3,transformer,kfold,Najran - University,17.63228,44.53735,01-10-2019 00:00,6696.1,6827.0419921875,130.94199218749964,130.94199218749964,17145.805318031216,1.9554963663550369,27.0,2.1,1835.1,7261.1,0.20174358523339414,22.2,882.8
1193,3,transformer,kfold,Najran - University,17.63228,44.53735,01-11-2019 00:00,5674.1,5685.111328125,11.011328124999636,11.011328124999636,121.249347076408,0.19406299016583486,22.0,2.0,1644.5,6569.2,0.20021427614838622,37.5,884.5
1200,3,transformer,kfold,Najran - University,17.63228,44.53735,01-09-2020 00:00,7666.8,7919.76025390625,252.96025390624982,252.96025390624982,63988.890056314376,3.29942419139993,30.5,2.1,2282.6,7432.1,0.23496350890917886,15.5,879.5
1214,3,transformer,kfold,Afif - TVTC,23.92118,42.94815,01-01-2017 00:00,4723.7,4688.89990234375,-34.80009765624982,34.80009765624982,1211.0467968845242,0.7367126967472494,17.4,4.3,1542.9,5834.3,0.20914439082578756,32.4,898.9
1217,3,transformer,kfold,Afif - TVTC,23.92118,42.94815,01-04-2017 00:00,6322.8,6370.08984375,47.28984374999982,47.28984374999982,2236.3293218993967,0.7479256618902989,27.9,5.0,3415.9,3770.1,0.47535485666573896,20.6,896.1
1234,3,transformer,kfold,Afif - TVTC,23.92118,42.94815,01-02-2019 00:00,5097.9,5145.77294921875,47.872949218750364,47.872949218750364,2291.819266901051,0.9390719554865802,17.9,4.7,2182.2,4812.9,0.31196123000385984,41.5,898.0
1258,3,transformer,kfold,Afif - TVTC,23.92118,42.94815,01-05-2021 00:00,8037.0,8173.9638671875,136.9638671875,136.9638671875,18759.10091495514,1.7041665694599977,32.6,3.2,2602.0,7173.4,0.2661783661026659,12.3,893.4
1259,3,transformer,kfold,Afif - TVTC,23.92118,42.94815,01-08-2021 00:00,7523.6,7659.21875,135.61874999999964,135.61874999999964,18392.4453515624,1.802577888244984,35.3,3.3,2449.3,6776.8,0.26547511949794605,12.7,891.1
1261,3,transformer,kfold,Afif - TVTC,23.92118,42.94815,01-11-2021 00:00,5126.2,5191.8779296875,65.67792968750018,65.67792968750018,4313.590448036218,1.2812205861554404,23.0,3.9,1489.8,6500.4,0.18645340542164152,28.5,898.5
1263,3,transformer,kfold,Riyadh - K.A.CARE HQ,24.707744,46.6792,01-01-2017 00:00,4098.6,3982.92822265625,-115.67177734375036,115.67177734375036,13379.96007386216,2.8222265491570377,17.1,2.6,1584.2,4669.2,0.25333418620270576,33.9,941.6
1269,3,transformer,kfold,Riyadh - K.A.CARE HQ,24.707744,46.6792,01-09-2017 00:00,6676.1,6621.458984375,-54.641015625000364,54.641015625000364,2985.640588531534,0.818457117553667,36.2,2.6,2089.3,6434.0,0.24512806072765247,10.9,933.6
1273,3,transformer,kfold,Riyadh - K.A.CARE HQ,24.707744,46.6792,01-04-2018 00:00,6082.4,6024.4169921875,-57.983007812499636,57.983007812499636,3362.029194984394,0.9532915923401888,27.1,3.1,3386.4,3416.9,0.4977584407566916,31.5,935.7
1276,3,transformer,kfold,Riyadh - K.A.CARE HQ,24.707744,46.6792,01-07-2018 00:00,7531.5,7525.8974609375,-5.6025390625,5.6025390625,31.38844394683838,0.07438809085175596,38.3,3.2,2885.3,5908.8,0.32809497276583166,10.5,927.8
1283,3,transformer,kfold,Riyadh - K.A.CARE HQ,24.707744,46.6792,01-02-2019 00:00,4844.9,4727.361328125,-117.53867187499964,117.53867187499964,13815.33938613883,2.4260288525046882,18.0,3.1,2038.2,4674.0,0.30365602931974617,34.9,940.5
1284,3,transformer,kfold,Riyadh - K.A.CARE HQ,24.707744,46.6792,01-03-2019 00:00,6177.3,6068.685546875,-108.61445312500018,108.61445312500018,11797.099427642861,1.758283604892108,20.7,3.3,2522.5,5358.4,0.32007765610526717,27.1,938.1
1285,3,transformer,kfold,Riyadh - K.A.CARE HQ,24.707744,46.6792,01-04-2019 00:00,6201.2,6102.0439453125,-99.15605468749982,99.15605468749982,9831.923181190454,1.5989817243033575,25.6,3.1,2914.4,4333.6,0.4020971302428256,30.0,936.7
1309,3,transformer,kfold,Yanbu - RCJY,23.98655,38.20451,01-02-2017 00:00,4398.5,4286.6474609375,-111.8525390625,111.8525390625,12510.990494728088,2.5429700821302714,21.6,3.5,1896.4,4096.8,0.3164252819862511,38.0,1014.4
1314,3,transformer,kfold,Yanbu - RCJY,23.98655,38.20451,01-06-2018 00:00,7806.4,7940.4228515625,134.02285156250036,134.02285156250036,17962.124740944007,1.71683300320891,32.0,0.0,2673.0,6763.5,0.2832618025751073,52.8,1002.9
1322,3,transformer,kfold,Majmaah - University,25.85891,45.41889,01-03-2017 00:00,4958.5,4924.6484375,-33.8515625,33.8515625,1145.9282836914062,0.6826976404154482,20.4,4.2,2868.3,3001.6,0.488645462443994,40.8,932.1
1323,3,transformer,kfold,Majmaah - University,25.85891,45.41889,01-04-2017 00:00,6331.3,6318.736328125,-12.563671875000182,12.563671875000182,157.84585098267058,0.19843747532102698,27.1,3.7,3386.2,3876.1,0.4662710160692894,25.8,932.5
1338,3,transformer,kfold,Majmaah - University,25.85891,45.41889,01-12-2018 00:00,3834.7,3659.47216796875,-175.22783203124982,175.22783203124982,30704.7931183719,4.569531698209764,16.0,2.8,1580.7,4396.7,0.26444608023555394,63.4,937.4
1351,3,transformer,kfold,Majmaah - University,25.85891,45.41889,01-01-2020 00:00,4748.2,4602.02099609375,-146.17900390624982,146.17900390624982,21368.3011830234,3.078619348516276,12.9,2.7,1206.0,6848.5,0.14972996461605315,40.3,936.7
1377,3,transformer,kfold,Hagl - SWCC,29.28997,34.93002,01-09-2017 00:00,6280.5,6251.03857421875,-29.46142578125,29.46142578125,867.9756090641022,0.4690936355584746,29.5,7.6,1554.4,7044.8,0.180761001023351,60.7,1006.9
1379,3,transformer,kfold,Hagl - SWCC,29.28997,34.93002,01-11-2017 00:00,4213.1,4164.423828125,-48.676171875000364,48.676171875000364,2369.3697084045766,1.1553528725878892,22.7,6.9,1172.9,6017.5,0.16312027147307523,55.3,1012.8
1383,3,transformer,kfold,Hagl - SWCC,29.28997,34.93002,01-06-2018 00:00,7953.3,8049.314453125,96.01445312499982,96.01445312499982,9218.775208892788,1.207227856675843,30.3,6.8,1845.1,8272.2,0.18237079062595749,46.0,1004.5
1384,3,transformer,kfold,Hagl - SWCC,29.28997,34.93002,01-07-2018 00:00,7799.3,7918.9814453125,119.68144531249982,119.68144531249982,14323.648352088885,1.5345152169104896,31.4,5.3,1649.4,8439.4,0.16348822456585524,47.3,1002.7
1385,3,transformer,kfold,Hagl - SWCC,29.28997,34.93002,01-08-2018 00:00,7365.1,7481.642578125,116.54257812499964,116.54257812499964,13582.172516021643,1.5823624679230375,31.2,7.0,1215.1,8765.8,0.12174252822891722,52.4,1003.6
1395,3,transformer,kfold,Hagl - SWCC,29.28997,34.93002,01-06-2019 00:00,7575.9,7631.4912109375,55.591210937500364,55.591210937500364,3090.38273349766,0.7337901891194494,30.6,5.4,1772.0,7819.5,0.1847469113277381,47.5,1005.0
1465,3,transformer,kfold,Al Jubail - SWCC,26.9042,49.76274,01-09-2017 00:00,5878.6,5952.96142578125,74.36142578124964,74.36142578124964,5529.621644220298,1.264951277196095,33.3,0.0,2004.8,5499.9,0.26713925939744426,69.1,1004.9
1466,3,transformer,kfold,Al Jubail - SWCC,26.9042,49.76274,01-10-2017 00:00,5021.3,5037.22998046875,15.929980468749818,15.929980468749818,253.76427773475066,0.3172481323312652,29.9,0.0,1688.5,5317.2,0.24101802817705584,68.8,1010.9
1467,3,transformer,kfold,Al Jubail - SWCC,26.9042,49.76274,01-11-2017 00:00,3901.2,3911.193359375,9.993359375000182,9.993359375000182,99.86723159790402,0.25616116515431614,24.6,0.0,1591.9,4243.0,0.27282387016058546,63.6,1016.1
1477,3,transformer,kfold,Al Jubail - SWCC,26.9042,49.76274,01-12-2018 00:00,3545.2,3559.640625,14.440625000000182,14.440625000000182,208.53165039063026,0.407328923615034,19.9,0.0,1657.1,3825.6,0.3022415962937968,64.4,1019.3
1491,3,transformer,kfold,Al Jubail - SWCC,26.9042,49.76274,01-02-2020 00:00,4780.3,4624.841796875,-155.45820312500018,155.45820312500018,24167.252918853817,3.2520595595464754,18.2,4.1,1833.4,5000.4,0.26828411718224127,54.0,1018.0
1494,3,transformer,kfold,Al Jubail - SWCC,26.9042,49.76274,01-05-2020 00:00,6894.7,6892.66259765625,-2.037402343749818,2.037402343749818,4.151008310317252,0.029550268231392493,30.0,3.6,2616.7,5634.3,0.3171373166888862,47.2,1007.0
1496,3,transformer,kfold,Al Jubail - SWCC,26.9042,49.76274,01-12-2020 00:00,3358.2,3305.223388671875,-52.97661132812482,52.97661132812482,2806.5213478112028,1.5775299662951825,19.0,3.6,1436.2,3841.2,0.27214158487133816,61.7,1019.2
1502,3,transformer,kfold,Al Jubail - SWCC,26.9042,49.76274,01-07-2021 00:00,7340.4,7345.06787109375,4.667871093750364,4.667871093750364,21.78902054787022,0.06359150855199122,35.9,3.5,2197.9,6751.2,0.24560011621280353,50.2,997.0
1505,3,transformer,kfold,Al Jubail - SWCC,26.9042,49.76274,01-10-2021 00:00,5176.8,5112.61865234375,-64.18134765625018,64.18134765625018,4119.24538697245,1.2397880477563394,29.5,0.0,1558.9,5815.0,0.21140780319776512,58.5,1010.8
1533,3,transformer,kfold,Hafar Al Batin - TVTC,28.33202,45.95708,01-08-2019 00:00,7512.5,7709.70068359375,197.20068359375,197.20068359375,38888.1096098423,2.624967502079867,37.1,5.8,2008.3,7588.7,0.20926331145149527,12.1,958.2
1538,3,transformer,kfold,Hafar Al Batin - TVTC,28.33202,45.95708,01-01-2020 00:00,4174.6,4059.91796875,-114.68203125000036,114.68203125000036,13151.96829162606,2.747138198869361,12.1,4.8,1183.7,6099.9,0.1625157888956011,45.0,972.7
1542,3,transformer,kfold,Hafar Al Batin - TVTC,28.33202,45.95708,01-05-2020 00:00,7335.8,7429.87646484375,94.07646484374982,94.07646484374982,8850.381237497295,1.282429521575695,31.5,4.8,3154.7,5501.1,0.3644608239561912,16.4,964.7
1558,3,transformer,kfold,Al Dhahran - KFUPM,26.30355,50.14412,01-01-2017 00:00,3555.2,3397.845703125,-157.35429687499982,157.35429687499982,24760.374745025576,4.426032202829653,17.2,1.8,1555.3,3773.0,0.2918942251750089,67.5,1010.7
1560,3,transformer,kfold,Al Dhahran - KFUPM,26.30355,50.14412,01-03-2017 00:00,4160.6,4121.09130859375,-39.508691406250364,39.508691406250364,1560.9366966343214,0.9495911985350757,21.4,1.6,2312.3,2650.6,0.4659171049184953,63.5,1006.1
1575,3,transformer,kfold,Al Dhahran - KFUPM,26.30355,50.14412,01-10-2018 00:00,4738.8,4711.5830078125,-27.216992187500182,27.216992187500182,740.7646637344459,0.5743435508462096,30.7,1.5,2069.9,4035.2,0.33904440549704346,60.6,1005.2
1580,3,transformer,kfold,Al Dhahran - KFUPM,26.30355,50.14412,01-03-2019 00:00,5494.2,5270.30810546875,-223.89189453124982,223.89189453124982,50127.58043679229,4.075059053752136,21.3,0.0,2258.4,4705.8,0.32428706814853103,55.3,1006.7
1585,3,transformer,kfold,Al Dhahran - KFUPM,26.30355,50.14412,01-08-2019 00:00,6917.7,7022.935546875,105.23554687500018,105.23554687500018,11074.520326080361,1.5212505149833064,37.5,0.0,2277.7,6200.9,0.2686410492298257,39.2,991.8
1587,3,transformer,kfold,Al Dhahran - KFUPM,26.30355,50.14412,01-11-2019 00:00,3802.9,3750.208984375,-52.69101562500009,52.69101562500009,2776.343127594004,1.3855482822319833,24.6,0.0,1557.1,4038.6,0.2782672409171328,57.4,1008.7
1604,3,transformer,kfold,Jeddah - KAU,21.49604,39.24492,01-02-2017 00:00,4052.3,3988.36474609375,-63.93525390625018,63.93525390625018,4087.716692056679,1.577752237155447,24.8,4.4,2134.6,2999.4,0.41577717179587065,63.8,1007.1
1607,3,transformer,kfold,Jeddah - KAU,21.49604,39.24492,01-05-2017 00:00,6236.0,6200.8662109375,-35.1337890625,35.1337890625,1234.3831338882446,0.5634026469291212,33.5,4.2,2791.6,4368.0,0.3899100508408291,55.1,1000.6
1630,3,transformer,kfold,Jeddah - KAU,21.49604,39.24492,01-09-2019 00:00,5790.5,5664.212890625,-126.287109375,126.287109375,15948.433994293213,2.1809361777912097,32.9,3.7,2502.0,4294.4,0.36813607203813786,61.3,998.2
1631,3,transformer,kfold,Jeddah - KAU,21.49604,39.24492,01-10-2019 00:00,5083.3,5110.30908203125,27.009082031249818,27.009082031249818,729.4905121707818,0.5313296880225409,31.6,2.7,2204.6,4315.5,0.3381236484103004,62.8,1002.5
1634,3,transformer,kfold,Jeddah - KAU,21.49604,39.24492,01-01-2020 00:00,4583.7,4461.9169921875,-121.78300781249982,121.78300781249982,14831.100991859392,2.6568712571176087,22.6,4.4,1415.2,5733.1,0.1979771414182393,52.3,1009.2
1635,3,transformer,kfold,Jeddah - KAU,21.49604,39.24492,01-02-2020 00:00,4780.0,4758.94384765625,-21.05615234375,21.05615234375,443.3615515232086,0.4405052791579498,23.9,3.9,2208.5,4053.1,0.35270537881691577,58.5,1007.7
1639,3,transformer,kfold,Jeddah - KAU,21.49604,39.24492,01-09-2020 00:00,5847.3,5855.2197265625,7.919726562499818,7.919726562499818,62.72206882476519,0.1354424531407627,34.2,2.7,2430.1,4579.5,0.3466816936772426,60.5,997.6
1640,3,transformer,kfold,Jeddah - KAU,21.49604,39.24492,01-10-2020 00:00,5407.9,5476.48486328125,68.58486328125036,68.58486328125036,4703.883471307804,1.2682346803981281,32.3,2.3,1707.8,5708.9,0.23026413364434317,52.5,1002.1
10,4,transformer,kfold,Sharurah - TVTC,17.47586,47.08618,01-08-2018 00:00,6688.9,6791.8974609375,102.99746093750036,102.99746093750036,10608.476959571914,1.5398265923769285,36.6,3.7,3350.5,4163.6,0.4458950506381336,15.4,921.7
31,4,transformer,kfold,Sharurah - TVTC,17.47586,47.08618,01-02-2021 00:00,6299.1,6279.962890625,-19.137109375000364,19.137109375000364,366.2289552307268,0.3038070418790043,22.9,3.8,1854.5,6918.3,0.21139202991063288,25.7,932.3
41,4,transformer,kfold,Layla - TVTC,22.27948,46.73319,01-01-2017 00:00,4876.1,4781.38916015625,-94.71083984375036,94.71083984375036,8970.14318390853,1.9423481848967485,18.6,2.3,1507.6,6091.5,0.19839191483201957,32.7,954.8
48,4,transformer,kfold,Layla - TVTC,22.27948,46.73319,01-10-2017 00:00,6346.5,6361.33935546875,14.83935546875,14.83935546875,220.20647072792053,0.23381951420074057,30.2,2.1,1599.1,7406.4,0.1775692632280273,17.5,950.2
83,4,transformer,kfold,Layla - TVTC,22.27948,46.73319,01-03-2021 00:00,6715.8,6857.5947265625,141.79472656249982,141.79472656249982,20105.744480934092,2.1113601739554455,25.6,2.7,2776.8,5583.3,0.3321491369720458,18.4,950.8
88,4,transformer,kfold,Layla - TVTC,22.27948,46.73319,01-09-2021 00:00,7008.4,7121.3974609375,112.99746093750036,112.99746093750036,12768.42617832192,1.6123146643670503,34.3,2.5,2223.0,6629.5,0.2511155040948885,14.4,944.2
96,4,transformer,kfold,Osfan - KAU,21.89252,39.2539,01-05-2017 00:00,6547.2,6593.60888671875,46.40888671875018,46.40888671875018,2153.784766473787,0.70883563536703,32.7,3.6,2983.5,4517.1,0.39776817854571633,49.6,995.2
126,4,transformer,kfold,Osfan - KAU,21.89252,39.2539,01-11-2020 00:00,4439.9,4420.0205078125,-19.879492187499636,19.879492187499636,395.1942096328591,0.4477463949075348,28.3,2.6,1592.7,4940.1,0.24380051432770022,61.0,999.5
129,4,transformer,kfold,Osfan - KAU,21.89252,39.2539,01-02-2021 00:00,5016.3,5057.36572265625,41.06572265624982,41.06572265624982,1686.3935772800296,0.8186456682465127,24.5,3.5,1814.4,5131.2,0.26123013130615064,58.0,1000.7
131,4,transformer,kfold,Osfan - KAU,21.89252,39.2539,01-04-2021 00:00,6718.8,6763.35693359375,44.55693359374982,44.55693359374982,1985.320331277831,0.6631680299123328,29.7,3.4,2720.1,5245.5,0.3414808677312443,50.7,996.7
140,4,transformer,kfold,Al Farshah - TQ TVTC,17.7749,43.17555,01-03-2017 00:00,5753.0,5702.5234375,-50.4765625,50.4765625,2547.8833618164062,0.8773954893099253,26.4,2.1,2300.3,4717.9,0.3277621042432533,52.4,893.0
142,4,transformer,kfold,Al Farshah - TQ TVTC,17.7749,43.17555,01-05-2017 00:00,6580.1,6590.37158203125,10.271582031249636,10.271582031249636,105.5053974246904,0.15610069803269913,29.4,2.0,2776.4,4744.2,0.3691726723931601,53.1,892.2
147,4,transformer,kfold,Al Farshah - TQ TVTC,17.7749,43.17555,01-04-2018 00:00,6168.1,6015.1943359375,-152.90566406250036,152.90566406250036,23380.142102394217,2.4789751149057304,26.6,2.0,2591.0,4620.9,0.3592673220649205,46.4,892.3
155,4,transformer,kfold,Al Farshah - TQ TVTC,17.7749,43.17555,01-12-2018 00:00,4963.4,4805.1904296875,-158.20957031249964,158.20957031249964,25030.268138465766,3.1875240825341424,23.3,1.9,1332.3,6167.7,0.17764,52.7,895.8
156,4,transformer,kfold,Al Farshah - TQ TVTC,17.7749,43.17555,01-01-2019 00:00,5345.5,5281.93701171875,-63.56298828125,63.56298828125,4040.253479242325,1.189093410929754,23.6,1.8,1533.5,6242.8,0.19720175404755474,50.7,896.1
158,4,transformer,kfold,Al Farshah - TQ TVTC,17.7749,43.17555,01-03-2019 00:00,5948.5,5779.826171875,-168.673828125,168.673828125,28450.86029434204,2.8355691035555184,25.7,2.2,2335.9,4903.6,0.3226604047240832,45.9,893.8
164,4,transformer,kfold,Al Farshah - TQ TVTC,17.7749,43.17555,01-09-2019 00:00,5977.4,5852.4599609375,-124.94003906249964,124.94003906249964,15610.013360938936,2.090207097776619,30.5,2.2,2295.6,4871.9,0.3202790373212417,42.2,890.4
178,4,transformer,kfold,Al Farshah - TQ TVTC,17.7749,43.17555,01-02-2021 00:00,5356.4,5253.41796875,-102.98203124999964,102.98203124999964,10605.298760375901,1.922597850235226,23.4,2.1,1808.6,5374.7,0.2517784305263598,48.4,894.6
179,4,transformer,kfold,Al Farshah - TQ TVTC,17.7749,43.17555,01-03-2021 00:00,6647.1,6484.908203125,-162.19179687500036,162.19179687500036,26306.178973541377,2.440038466022782,27.0,2.2,2144.3,6129.5,0.259167492566898,36.7,893.4
181,4,transformer,kfold,Al Farshah - TQ TVTC,17.7749,43.17555,01-07-2021 00:00,4964.4,5148.08837890625,183.68837890625036,183.68837890625036,33741.4205452062,3.700112378258206,29.2,2.0,3261.8,2070.0,0.611763381972317,55.4,888.1
195,4,transformer,kfold,Hada Al Sham - KAU,21.80117,39.72854,01-06-2018 00:00,7274.0,7355.05322265625,81.05322265625,81.05322265625,6569.624902963638,1.1142868113314546,35.1,2.4,3182.3,5201.8,0.37956369795207595,30.0,978.2
209,4,transformer,kfold,Hada Al Sham - KAU,21.80117,39.72854,01-08-2019 00:00,6803.0,6771.1220703125,-31.8779296875,31.8779296875,1016.2024011611938,0.468586354365721,33.9,2.2,2516.4,5552.8,0.3118524760818916,41.9,979.3
210,4,transformer,kfold,Hada Al Sham - KAU,21.80117,39.72854,01-09-2019 00:00,6277.8,6372.18603515625,94.38603515624982,94.38603515624982,8908.723632516827,1.5034890432356847,33.9,2.0,2587.3,4885.0,0.34625215797010295,42.5,979.5
214,4,transformer,kfold,Hada Al Sham - KAU,21.80117,39.72854,01-01-2020 00:00,4793.9,4753.60498046875,-40.295019531249636,40.295019531249636,1623.6885990237897,0.840547769691684,21.1,2.6,1408.0,6102.4,0.18747337025990626,45.1,989.5
243,4,transformer,kfold,Dammam - IAFU,26.394974,50.188715,01-05-2018 00:00,6885.3,7012.384765625,127.08476562499982,127.08476562499982,16150.537653961135,1.8457404270692608,30.9,2.6,3409.9,4513.0,0.430385338701738,38.7,1005.3
282,4,transformer,kfold,Timaa - TVTC,27.6173,38.5252,01-06-2019 00:00,8149.4,8167.51953125,18.119531250000364,18.119531250000364,328.31741271973976,0.22234190553906255,33.7,2.6,2203.0,8039.6,0.21508210805850075,15.5,914.9
285,4,transformer,kfold,Timaa - TVTC,27.6173,38.5252,01-09-2019 00:00,6725.4,6752.07568359375,26.675683593750364,26.675683593750364,711.5920951938823,0.39664084803506655,32.9,2.1,1825.0,7172.7,0.2028296120119586,18.2,915.5
290,4,transformer,kfold,Timaa - TVTC,27.6173,38.5252,01-02-2020 00:00,5507.3,5487.40185546875,-19.898144531250182,19.898144531250182,395.9361557865215,0.3613048958881881,14.6,2.1,1300.9,7610.3,0.1459848280815154,33.6,921.0
291,4,transformer,kfold,Timaa - TVTC,27.6173,38.5252,01-03-2020 00:00,6387.8,6475.60107421875,87.80107421874982,87.80107421874982,7709.028633966414,1.3745119480689725,19.4,2.8,2117.1,6558.9,0.2440179806362379,28.3,917.6
294,4,transformer,kfold,Timaa - TVTC,27.6173,38.5252,01-09-2020 00:00,6710.6,6838.7138671875,128.11386718749964,128.11386718749964,16413.162965736297,1.9091268617932768,33.4,2.0,1992.1,6882.4,0.22447461828835427,14.5,916.3
296,4,transformer,kfold,Timaa - TVTC,27.6173,38.5252,01-11-2020 00:00,4608.5,4552.2861328125,-56.2138671875,56.2138671875,3159.998864173889,1.219786637463383,19.7,2.1,1158.3,6697.6,0.1474433228528876,45.0,919.9
308,4,transformer,kfold,Timaa - TVTC,27.6173,38.5252,01-12-2021 00:00,3793.3,3828.238037109375,34.93803710937482,34.93803710937482,1220.6664370560518,0.9210459786828042,15.1,2.1,1524.0,4748.1,0.24298081982111253,40.2,921.2
312,4,transformer,kfold,Hail - TVTC,27.65261,41.70826,01-04-2017 00:00,5863.9,5864.87939453125,0.9793945312503638,0.9793945312503638,0.9592136478431198,0.016702101523736145,23.9,4.0,2984.1,3896.2,0.4337165530572795,20.2,909.6
323,4,transformer,kfold,Hail - TVTC,27.65261,41.70826,01-11-2018 00:00,3453.8,3345.74951171875,-108.05048828125018,108.05048828125018,11674.908017816582,3.1284523794443855,16.0,3.4,1609.1,3496.3,0.3151760880636189,67.2,912.0
326,4,transformer,kfold,Hail - TVTC,27.65261,41.70826,01-02-2019 00:00,4848.6,4766.431640625,-82.16835937500036,82.16835937500036,6751.63928237921,1.6946821634080016,13.5,3.5,1713.1,5424.7,0.24000392277732635,41.7,911.5
333,4,transformer,kfold,Hail - TVTC,27.65261,41.70826,01-10-2019 00:00,5007.4,4953.375,-54.024999999999636,54.024999999999636,2918.700624999961,1.078903223229613,27.4,2.8,1944.4,4869.2,0.28537043559938946,24.9,909.9
341,4,transformer,kfold,Hail - TVTC,27.65261,41.70826,01-09-2020 00:00,6805.0,6933.013671875,128.013671875,128.013671875,16387.500186920166,1.881170784349743,32.5,2.8,1980.6,7021.5,0.22001532975639015,8.9,907.5
346,4,transformer,kfold,Hail - TVTC,27.65261,41.70826,01-02-2021 00:00,4818.3,4821.9501953125,3.650195312499818,3.650195312499818,13.323925819395646,0.07575691244837013,14.5,3.7,1657.8,5456.1,0.23303673090709734,41.7,912.1
348,4,transformer,kfold,Hail - TVTC,27.65261,41.70826,01-04-2021 00:00,7385.1,7392.39208984375,7.292089843749636,7.292089843749636,53.174574289316595,0.09874057011752901,24.5,3.5,2608.9,6535.3,0.2853065331029505,15.1,910.1
355,4,transformer,kfold,Madinah - Taibah University,24.4846,39.5418,01-01-2017 00:00,4222.1,4038.53271484375,-183.56728515625036,183.56728515625036,33696.948179636136,4.347772083945201,20.8,2.6,1233.5,5525.1,0.1825082117598319,29.3,942.8
360,4,transformer,kfold,Madinah - Taibah University,24.4846,39.5418,01-09-2017 00:00,6414.2,6455.7568359375,41.55683593750018,41.55683593750018,1726.9706131363066,0.6478880598905582,36.7,2.7,2421.1,5438.2,0.30805542478337766,10.7,936.4
370,4,transformer,kfold,Madinah - Taibah University,24.4846,39.5418,01-03-2019 00:00,6546.7,6199.72998046875,-346.9700195312498,346.9700195312498,120388.19445351588,5.299922396493651,22.0,2.5,1678.1,7233.4,0.1883072434494754,23.0,940.4
375,4,transformer,kfold,Madinah - Taibah University,24.4846,39.5418,01-09-2020 00:00,6649.2,6515.6162109375,-133.58378906249982,133.58378906249982,17844.628700294445,2.0090204695677647,36.4,2.1,2010.6,6596.9,0.2335869880917804,9.2,936.0
377,4,transformer,kfold,Madinah - Taibah University,24.4846,39.5418,01-04-2021 00:00,7540.0,7681.255859375,141.255859375,141.255859375,19953.217807769775,1.8734198856100794,29.8,2.6,2805.7,6357.5,0.3061921599441243,15.7,939.1
390,4,transformer,kfold,Al Hanakiyah - TVTC,24.85577,40.536,01-05-2018 00:00,7165.7,7304.73388671875,139.03388671875018,139.03388671875018,19330.421656122257,1.9402694324176308,32.1,4.0,3523.0,4665.5,0.43023752824082556,17.6,913.2
410,4,transformer,kfold,Al Hanakiyah - TVTC,24.85577,40.536,01-01-2020 00:00,4929.4,4944.96875,15.568750000000364,15.568750000000364,242.38597656251133,0.3158345843307576,14.8,2.9,1127.9,7413.2,0.13205559002938733,34.3,919.8
419,4,transformer,kfold,Al Hanakiyah - TVTC,24.85577,40.536,01-01-2021 00:00,4720.7,4761.71533203125,41.01533203125018,41.01533203125018,1682.2574616336972,0.868840045570576,18.6,3.4,1556.5,5938.4,0.20767455202871288,36.4,919.4
428,4,transformer,kfold,Al Hanakiyah - TVTC,24.85577,40.536,01-11-2021 00:00,4899.6,4913.91650390625,14.316503906249636,14.316503906249636,204.9622840976611,0.2921974019562747,23.9,3.0,1283.7,6657.4,0.16165266776643036,26.8,918.3
430,4,transformer,kfold,Al Uwayqilah,30.327166,42.253735,01-04-2021 00:00,6817.4,6833.5576171875,16.157617187500364,16.157617187500364,261.06859317780714,0.23700556205445428,24.9,3.9,2497.5,6127.0,0.2895820047538988,19.4,963.8
435,4,transformer,kfold,Tabuk - University,28.38287,36.48396,01-02-2017 00:00,5199.5,4902.087890625,-297.412109375,297.412109375,88453.96280288696,5.720013643138763,11.5,2.3,1318.5,6873.2,0.1609556014014185,26.5,930.0
439,4,transformer,kfold,Tabuk - University,28.38287,36.48396,01-09-2017 00:00,6626.0,6560.3837890625,-65.6162109375,65.6162109375,4305.487137794495,0.990283895827045,29.9,2.8,1888.1,6915.3,0.21447395324533702,22.4,924.5
447,4,transformer,kfold,Tabuk - University,28.38287,36.48396,01-03-2019 00:00,6494.3,6301.54638671875,-192.75361328125018,192.75361328125018,37153.955432977746,2.9680429496828014,15.7,2.8,1643.5,7700.4,0.17589015293399973,29.7,926.7
458,4,transformer,kfold,Tabuk - University,28.38287,36.48396,01-09-2020 00:00,6244.6,6124.9609375,-119.63906250000036,119.63906250000036,14313.505275878993,1.9158803205970014,32.4,2.4,1627.6,6731.6,0.19470762752416496,18.1,924.0
461,4,transformer,kfold,Tabuk - University,28.38287,36.48396,01-12-2020 00:00,3685.6,3792.67138671875,107.07138671875009,107.07138671875009,11464.281853876133,2.905127705631379,14.5,1.9,1259.4,5190.9,0.19524673271010654,43.1,929.5
468,4,transformer,kfold,Mahd ad Dahab,23.419423,40.743138,01-04-2021 00:00,6614.9,6444.11279296875,-170.78720703124964,170.78720703124964,29168.270085534925,2.5818562190093526,26.5,3.3,2715.3,5076.9,0.3484638484638485,25.5,904.0
477,4,transformer,kfold,Farasan - SWCC,16.692097,42.098767,01-04-2017 00:00,6131.4,6105.68896484375,-25.711035156249636,25.711035156249636,661.0573288059047,0.41933384147583974,30.4,3.5,2685.1,4453.1,0.37615925583480425,71.8,1007.2
500,4,transformer,kfold,Farasan - SWCC,16.692097,42.098767,01-10-2020 00:00,5608.0,5507.26318359375,-100.73681640625,100.73681640625,10147.90617966652,1.7963055707248574,31.8,3.0,1654.5,5751.2,0.2234089957735258,69.5,1007.3
516,4,transformer,kfold,Al Khafji - SWCC,28.50676,48.455128,01-04-2018 00:00,5838.9,5771.52392578125,-67.37607421874964,67.37607421874964,4539.535377130459,1.1539172484329179,24.3,3.7,3234.6,3462.7,0.4829707494064773,51.3,1009.9
528,4,transformer,kfold,Al Khafji - SWCC,28.50676,48.455128,01-03-2021 00:00,5763.4,5927.6591796875,164.25917968750036,164.25917968750036,26981.07811161053,2.8500395545598147,20.1,0.0,2573.5,4760.7,0.3508903493223528,42.5,1013.2
567,4,transformer,kfold,Riyadh - KSU,24.72359,46.61639,01-02-2020 00:00,5154.1,5129.91650390625,-24.183496093750364,24.183496093750364,584.841483316439,0.46920890347006,19.0,2.2,2118.4,4982.2,0.2983409852688505,27.8,942.4
571,4,transformer,kfold,Riyadh - KSU,24.72359,46.61639,01-09-2020 00:00,6630.2,6638.6484375,8.448437500000182,8.448437500000182,71.37609619140932,0.12742356942475613,35.1,1.6,2016.9,6497.7,0.23687548446198295,15.2,934.1
578,4,transformer,kfold,Riyadh - KSU,24.72359,46.61639,01-04-2021 00:00,6907.5,7002.4140625,94.9140625,94.9140625,9008.679260253906,1.3740725660513935,29.6,1.9,3077.5,5034.0,0.3793996178265426,16.8,938.1
585,4,transformer,kfold,Riyadh - KSU,24.72359,46.61639,01-12-2021 00:00,3779.4,3695.176513671875,-84.22348632812509,84.22348632812509,7093.595649263874,2.2284882872446707,18.2,1.6,1528.9,4263.2,0.26396298406450164,37.3,943.2
589,4,transformer,kfold,Jazan - University,16.96035,42.545865,01-10-2017 00:00,5777.2,5726.01220703125,-51.18779296874982,51.18779296874982,2620.1901490115933,0.8860311737303508,31.4,3.0,2056.1,5247.3,0.28152641235588904,71.2,1009.0
598,4,transformer,kfold,Jazan - University,16.96035,42.545865,01-10-2018 00:00,5312.8,5365.15576171875,52.35576171874982,52.35576171874982,2741.125785150509,0.9854645708242323,31.0,0.0,2103.8,4681.1,0.3100708927176524,69.3,1009.9
607,4,transformer,kfold,Jazan - University,16.96035,42.545865,01-09-2019 00:00,5832.6,5771.57763671875,-61.022363281250364,61.022363281250364,3723.7288204288925,1.0462291822043404,32.5,0.0,2756.8,3856.2,0.41687585059730836,68.1,1004.9
613,4,transformer,kfold,Jazan - University,16.96035,42.545865,01-03-2020 00:00,5625.9,5631.48681640625,5.586816406250364,5.586816406250364,31.21251755714823,0.0993052917088886,28.1,3.3,2985.8,3471.4,0.4623985628445766,64.9,1010.4
615,4,transformer,kfold,Jazan - University,16.96035,42.545865,01-09-2020 00:00,5985.6,5890.255859375,-95.34414062500036,95.34414062500036,9090.505151519845,1.592891951099311,32.7,2.6,2576.3,4338.2,0.37259382457155255,68.5,1004.8
628,4,transformer,kfold,Jazan - University,16.96035,42.545865,01-11-2021 00:00,4887.3,4836.51416015625,-50.78583984375018,50.78583984375018,2579.2015286350434,1.039138989702907,29.7,0.0,1707.7,5022.5,0.2537368874624826,68.8,1011.3
634,4,transformer,kfold,Riyadh - K.A.CARE City T2,24.52958,46.43635,01-05-2017 00:00,7135.2,7112.1904296875,-23.009570312499818,23.009570312499818,529.440325965873,0.322479682594739,32.1,4.1,3651.4,4332.6,0.45733967935871744,19.4,909.9
636,4,transformer,kfold,Riyadh - K.A.CARE City T2,24.52958,46.43635,01-09-2017 00:00,7016.5,7030.24072265625,13.74072265625,13.74072265625,188.80745911598206,0.19583442822276062,33.0,3.3,2178.3,6788.4,0.24293218240824382,11.4,909.2
660,4,transformer,kfold,Riyadh - K.A.CARE City T2,24.52958,46.43635,01-12-2019 00:00,4290.2,4233.392578125,-56.80742187499982,56.80742187499982,3227.083180084208,1.3241205975245867,15.8,3.9,1308.1,5898.7,0.18150913026586002,47.8,914.8
680,4,transformer,kfold,Arar - TVTC,31.027395,40.906419,01-11-2017 00:00,3901.3,3914.225830078125,12.925830078124818,12.925830078124818,167.07708320855625,0.33132110009803956,16.7,3.3,1737.8,4327.1,0.286533990667612,40.2,950.5
700,4,transformer,kfold,Arar - TVTC,31.027395,40.906419,01-12-2019 00:00,3586.5,3650.03955078125,63.53955078125,63.53955078125,4037.2745134830475,1.771631138470654,11.3,2.7,1018.9,5810.8,0.14918664070164137,52.7,950.5
706,4,transformer,kfold,Arar - TVTC,31.027395,40.906419,01-05-2021 00:00,7981.5,7974.068359375,-7.431640625,7.431640625,55.22928237915039,0.09311082659901021,30.2,3.8,2280.7,7801.8,0.22620381849739646,11.4,943.1
712,4,transformer,kfold,Taif - University,21.43278,40.49173,01-01-2017 00:00,4868.6,4785.05224609375,-83.54775390625036,83.54775390625036,6980.227182779373,1.7160529496415882,18.1,2.5,1127.7,6756.0,0.14304197267780358,43.8,851.0
724,4,transformer,kfold,Taif - University,21.43278,40.49173,01-12-2018 00:00,4686.2,4698.3193359375,12.119335937500182,12.119335937500182,146.8783035659834,0.2586175566023683,17.5,2.2,1426.5,5956.6,0.19321152361474175,54.9,851.2
730,4,transformer,kfold,Taif - University,21.43278,40.49173,01-05-2020 00:00,6566.1,6594.3125,28.212499999999636,28.212499999999636,795.9451562499795,0.42966905773594116,25.9,2.6,2471.2,5410.9,0.31352050849392926,29.6,849.6
755,4,transformer,kfold,Rania - TVTC,21.21501,42.84853,01-04-2020 00:00,6893.6,6873.361328125,-20.238671875000364,20.238671875000364,409.60383926393075,0.2935863971654921,28.8,2.6,2695.2,5478.2,0.32975261213203805,24.1,908.5
757,4,transformer,kfold,Rania - TVTC,21.21501,42.84853,01-09-2020 00:00,7093.5,7257.4853515625,163.9853515625,163.9853515625,26891.19552707672,2.3117692473743565,32.2,2.1,2153.8,6819.7,0.2400178302780409,10.8,906.9
759,4,transformer,kfold,Rania - TVTC,21.21501,42.84853,01-01-2021 00:00,5111.7,5131.96630859375,20.266308593750182,20.266308593750182,410.72326401711246,0.39646905322593623,18.4,2.7,1789.6,5867.5,0.23371772603204866,30.1,913.5
765,4,transformer,kfold,Al Baha - University,20.1794,41.6357,01-01-2017 00:00,5018.8,4901.9306640625,-116.86933593750018,116.86933593750018,13658.441682472272,2.3286310659420613,18.5,2.5,1128.1,6915.1,0.1402551223393674,39.0,836.3
777,4,transformer,kfold,Al Baha - University,20.1794,41.6357,01-07-2019 00:00,6914.6,7043.587890625,128.98789062499964,128.98789062499964,16637.875927886867,1.8654425509067718,29.9,0.0,2950.1,4929.2,0.37441143248765757,16.4,831.3
787,4,transformer,kfold,Al Baha - University,20.1794,41.6357,01-09-2020 00:00,6908.0,6879.31689453125,-28.68310546875,28.68310546875,822.7205393314362,0.4152157711168211,27.6,2.6,2028.7,6740.8,0.23133588003877076,16.0,833.4
802,4,transformer,kfold,Thuwal - KAUST,22.3065,39.107,01-06-2017 00:00,6778.2,6669.77685546875,-108.42314453124982,108.42314453124982,11755.578270044287,1.5995860926388987,29.9,2.5,2344.2,5721.0,0.29065615235828,92.4,1001.6
832,4,transformer,kfold,Thuwal - KAUST,22.3065,39.107,01-05-2020 00:00,6632.5,6487.51806640625,-144.98193359375,144.98193359375,21019.761068582535,2.1859319049189594,29.3,2.5,2533.6,5336.2,0.32193956644387406,67.4,1005.5
834,4,transformer,kfold,Thuwal - KAUST,22.3065,39.107,01-10-2020 00:00,5569.3,5568.88037109375,-0.4196289062501819,0.4196289062501819,0.17608841896072394,0.0075346795153822185,31.3,2.3,1615.0,6168.2,0.20749820125398294,57.9,1006.8
846,4,transformer,kfold,Al Jouf - TVTC,29.77634,40.02318,01-04-2017 00:00,5726.0,5745.78857421875,19.78857421875,19.78857421875,391.5876696109772,0.34559158607666784,22.3,4.6,2852.7,4059.5,0.4127050721911982,24.8,937.1
865,4,transformer,kfold,Al Jouf - TVTC,29.77634,40.02318,01-09-2019 00:00,6670.0,6687.423828125,17.423828125,17.423828125,303.589786529541,0.2612268084707646,32.0,3.5,1744.2,7326.7,0.19228521976871094,17.4,933.1
874,4,transformer,kfold,Al Jouf - TVTC,29.77634,40.02318,01-09-2020 00:00,6580.0,6845.51904296875,265.51904296875,265.51904296875,70500.36217904091,4.035243814114741,33.7,2.8,2126.1,6568.7,0.24452546349542256,11.5,933.6
909,4,transformer,kfold,Umluj - SWCC,25.00411,37.27382,01-04-2017 00:00,6404.3,6444.806640625,40.50664062499982,40.50664062499982,1640.7879347228857,0.6324913046702968,27.0,3.6,2766.8,4908.7,0.3604716305126702,57.2,1009.5
921,4,transformer,kfold,Umluj - SWCC,25.00411,37.27382,01-09-2018 00:00,5939.5,6179.4892578125,239.9892578125,239.9892578125,57594.84386539459,4.040563310253388,31.8,0.3,2915.1,4050.2,0.41851750821931577,71.9,1005.9
939,4,transformer,kfold,Umluj - SWCC,25.00411,37.27382,01-03-2020 00:00,6296.2,6418.1923828125,121.99238281250018,121.99238281250018,14882.14146427159,1.9375557131682632,23.6,2.9,2293.7,5856.0,0.28144594279544033,56.4,1011.7
949,4,transformer,kfold,Umluj - SWCC,25.00411,37.27382,01-04-2021 00:00,7206.9,7347.90625,141.00625000000036,141.00625000000036,19882.7625390626,1.9565451164855954,26.6,3.0,2338.7,6639.8,0.2604778080971209,61.1,1009.8
964,4,transformer,kfold,Wadi Addawasir - TVTC,20.43008,44.89433,01-04-2020 00:00,6929.7,6903.60302734375,-26.096972656249818,26.096972656249818,681.0519818210507,0.3765959948662975,30.1,3.2,2829.1,5323.9,0.3470011038881393,27.1,936.0
976,4,transformer,kfold,Al Dawadmi - TVTC,24.5569,44.47411,01-09-2017 00:00,6916.9,7029.51171875,112.61171875000036,112.61171875000036,12681.399199829184,1.6280663122207981,32.6,2.6,2270.6,6564.4,0.25700056593095644,9.9,904.8
978,4,transformer,kfold,Al Dawadmi - TVTC,24.5569,44.47411,01-11-2017 00:00,4804.6,4807.306640625,2.706640624999636,2.706640624999636,7.325903472898421,0.05633435925986838,21.2,2.6,1679.9,5576.3,0.23151236184228657,35.9,909.7
989,4,transformer,kfold,Al Dawadmi - TVTC,24.5569,44.47411,01-01-2019 00:00,4230.9,4237.7353515625,6.835351562500364,6.835351562500364,46.722030982976165,0.16155786150701656,17.2,3.3,2265.2,3549.2,0.3895844799119428,40.5,910.2
993,4,transformer,kfold,Al Dawadmi - TVTC,24.5569,44.47411,01-05-2019 00:00,6851.1,6933.75390625,82.65390624999964,82.65390624999964,6831.668218383729,1.2064326349053385,30.5,0.0,2928.4,5014.1,0.3687000314762355,24.5,905.4
1000,4,transformer,kfold,Al Dawadmi - TVTC,24.5569,44.47411,01-12-2019 00:00,4303.7,4214.21240234375,-89.48759765624982,89.48759765624982,8008.030134286848,2.079317741855841,17.0,0.0,1231.7,6041.3,0.16935239928502682,43.1,909.8
1030,4,transformer,kfold,Shaqra - University,25.17279,45.14198,01-03-2018 00:00,6267.0,6379.1865234375,112.1865234375,112.1865234375,12585.816040992737,1.7901152614887506,24.3,2.0,2527.2,5471.2,0.3159631926385277,24.0,925.5
1033,4,transformer,kfold,Shaqra - University,25.17279,45.14198,01-08-2018 00:00,7504.7,7485.169921875,-19.530078124999818,19.530078124999818,381.4239515685964,0.2602379592122246,35.2,1.2,2103.0,7323.4,0.22309683442247305,12.9,917.5
1046,4,transformer,kfold,Shaqra - University,25.17279,45.14198,01-09-2019 00:00,6681.2,6587.2119140625,-93.98808593749982,93.98808593749982,8833.760298194851,1.4067545641127315,34.1,1.1,2028.3,6615.0,0.23466731456735276,13.9,920.9
1083,4,transformer,kfold,Al Qunfudhah - TVTC,19.15197,41.08111,01-08-2018 00:00,6225.0,6177.6181640625,-47.3818359375,47.3818359375,2245.0383768081665,0.7611539909638554,33.0,3.5,3379.3,3438.1,0.4956875055006308,74.3,1002.8
1088,4,transformer,kfold,Al Qunfudhah - TVTC,19.15197,41.08111,01-01-2019 00:00,4616.3,4721.4892578125,105.18925781249982,105.18925781249982,11064.779959144555,2.2786486539544617,26.8,1.6,2196.5,3983.3,0.3554322146347778,79.1,1012.9
1096,4,transformer,kfold,Al Qunfudhah - TVTC,19.15197,41.08111,01-09-2019 00:00,5989.8,5950.25537109375,-39.54462890625018,39.54462890625018,1563.7776753330375,0.6601994875663658,32.1,2.5,2896.6,3898.3,0.4262903059647677,82.2,1003.8
1097,4,transformer,kfold,Al Qunfudhah - TVTC,19.15197,41.08111,01-10-2019 00:00,5564.8,5583.53466796875,18.734667968749818,18.734667968749818,350.98778389930044,0.336663814849587,30.9,1.8,2124.4,4919.2,0.30160713271622464,77.3,1008.3
1100,4,transformer,kfold,Al Qunfudhah - TVTC,19.15197,41.08111,01-01-2020 00:00,4132.0,4024.58349609375,-107.41650390625,107.41650390625,11538.305311441422,2.5996249735297674,20.2,2.1,1493.0,4790.6,0.23760264816347315,62.9,1016.4
1116,4,transformer,kfold,Duba - TVTC,27.34103,35.72295,01-04-2017 00:00,6394.9,6287.00830078125,-107.89169921874964,107.89169921874964,11640.61876030914,1.6871522497419762,27.3,2.7,2330.9,5691.7,0.2905417196420113,43.0,1007.8
1138,4,transformer,kfold,Duba - TVTC,27.34103,35.72295,01-07-2019 00:00,7879.6,8044.033203125,164.43320312499964,164.43320312499964,27038.27828994739,2.086821705733789,31.8,2.2,1560.2,8718.2,0.1517940535491905,53.4,1000.9
1151,4,transformer,kfold,Duba - TVTC,27.34103,35.72295,01-11-2020 00:00,4804.9,5004.33544921875,199.43544921875036,199.43544921875036,39774.498405084756,4.150668051754467,25.1,2.1,1022.6,7449.3,0.12070491861329809,44.9,1010.8
1156,4,transformer,kfold,Duba - TVTC,27.34103,35.72295,01-04-2021 00:00,7415.4,7558.1474609375,142.74746093750036,142.74746093750036,20376.83760410319,1.925013632946306,26.9,2.4,2056.9,7514.4,0.21490288675519525,39.1,1008.2
1159,4,transformer,kfold,Duba - TVTC,27.34103,35.72295,01-08-2021 00:00,7187.6,7240.328125,52.728124999999636,52.728124999999636,2780.255166015587,0.7335984890644949,32.9,2.1,1773.1,7564.6,0.18988616040352546,54.4,1001.4
1172,4,transformer,kfold,Najran - University,17.63228,44.53735,01-11-2017 00:00,5964.5,5792.7646484375,-171.7353515625,171.7353515625,29493.03097629547,2.879291668413111,21.3,1.8,1290.5,7865.8,0.14094120987735223,30.8,885.0
1179,4,transformer,kfold,Najran - University,17.63228,44.53735,01-09-2018 00:00,7522.8,7635.8173828125,113.01738281249982,113.01738281249982,12772.92881778713,1.5023313501954036,31.1,2.3,2429.9,6918.0,0.25994073535232515,15.2,880.1
1196,4,transformer,kfold,Najran - University,17.63228,44.53735,01-02-2020 00:00,6317.6,6370.8984375,53.298437499999636,53.298437499999636,2840.7234399413674,0.8436500807268524,22.0,2.1,2253.5,6185.2,0.2670435019612025,27.4,884.9
1201,4,transformer,kfold,Najran - University,17.63228,44.53735,01-10-2020 00:00,7295.8,7519.44482421875,223.64482421874982,223.64482421874982,50017.00739983551,3.065391378858382,25.1,1.8,1371.9,9097.3,0.13104153134910024,16.7,883.6
1206,4,transformer,kfold,Najran - University,17.63228,44.53735,01-04-2021 00:00,7654.8,7616.9912109375,-37.80878906250018,37.80878906250018,1429.5045303726333,0.4939226245297092,27.2,1.9,3048.7,6030.8,0.3357784018943774,19.8,882.3
1210,4,transformer,kfold,Najran - University,17.63228,44.53735,01-09-2021 00:00,7591.2,7795.02685546875,203.82685546875018,203.82685546875018,41545.38701027878,2.6850413039934424,30.9,2.1,2482.8,6939.1,0.2635137286534563,15.1,879.2
1211,4,transformer,kfold,Najran - University,17.63228,44.53735,01-10-2021 00:00,7029.5,7392.564453125,363.064453125,363.064453125,131815.79712295532,5.164868811793157,26.9,1.9,1824.4,7831.0,0.1889512604345755,20.8,883.3
1221,4,transformer,kfold,Afif - TVTC,23.92118,42.94815,01-10-2017 00:00,6326.5,6404.0537109375,77.5537109375,77.5537109375,6014.578080177307,1.2258549108906978,27.5,3.8,1532.0,7682.0,0.1662687215107445,13.0,897.3
1232,4,transformer,kfold,Afif - TVTC,23.92118,42.94815,01-12-2018 00:00,4387.7,4444.9833984375,57.28339843750018,57.28339843750018,3281.387736549398,1.305545010768744,18.5,4.2,1505.2,5596.8,0.21194029850746268,45.7,899.6
1240,4,transformer,kfold,Afif - TVTC,23.92118,42.94815,01-08-2019 00:00,7641.6,7644.7509765625,3.150976562499636,3.150976562499636,9.928653297422024,0.04123451322366568,34.3,3.3,2137.6,7414.8,0.22377622377622378,13.5,891.2
1242,4,transformer,kfold,Afif - TVTC,23.92118,42.94815,01-10-2019 00:00,5849.9,5963.43994140625,113.53994140625036,113.53994140625036,12891.318294534765,1.9408868768055927,29.1,3.2,1861.0,6245.0,0.22958302491981247,21.6,896.5
1247,4,transformer,kfold,Afif - TVTC,23.92118,42.94815,01-03-2020 00:00,6705.5,6763.923828125,58.423828125,58.423828125,3413.343692779541,0.8712822030422788,21.7,4.2,2476.1,6175.9,0.2861881645862228,22.1,895.8
1265,4,transformer,kfold,Riyadh - K.A.CARE HQ,24.707744,46.6792,01-03-2017 00:00,4810.7,4834.31103515625,23.611035156250182,23.611035156250182,557.4809811496821,0.4908024852152531,22.3,3.1,2674.1,3030.1,0.46879492303916415,36.8,937.6
1280,4,transformer,kfold,Riyadh - K.A.CARE HQ,24.707744,46.6792,01-11-2018 00:00,3924.8,3787.02001953125,-137.77998046875018,137.77998046875018,18983.323017969182,3.510496852546631,21.4,2.7,1902.8,3547.2,0.3491376146788991,53.4,941.1
1298,4,transformer,kfold,Riyadh - K.A.CARE HQ,24.707744,46.6792,01-05-2020 00:00,7168.5,7259.2548828125,90.7548828125,90.7548828125,8236.448754310608,1.2660233356001953,33.9,3.0,3117.4,5301.3,0.3702947010821148,14.7,935.2
1301,4,transformer,kfold,Riyadh - K.A.CARE HQ,24.707744,46.6792,01-11-2020 00:00,4552.7,4564.2294921875,11.529492187500182,11.529492187500182,132.92919010162774,0.2532451553473803,23.6,2.7,1309.7,5832.6,0.18337230303963709,34.3,940.6
1305,4,transformer,kfold,Riyadh - K.A.CARE HQ,24.707744,46.6792,01-10-2021 00:00,5736.8,5736.0556640625,-0.7443359375001819,0.7443359375001819,0.5540359878542747,0.012974758358321396,31.2,2.7,1698.3,6358.3,0.21079611746890747,19.3,938.2
1308,4,transformer,kfold,Yanbu - RCJY,23.98655,38.20451,01-01-2017 00:00,4068.4,4251.12890625,182.7289062499999,182.7289062499999,33389.85317932125,4.491419384770423,22.4,2.4,1403.7,5130.4,0.21482683154527787,53.9,1014.2
1310,4,transformer,kfold,Yanbu - RCJY,23.98655,38.20451,01-09-2017 00:00,6309.4,6601.837890625,292.43789062500036,292.43789062500036,85519.91987319967,4.634955631676553,32.5,0.0,2707.0,4926.1,0.3546396614743682,56.4,1004.7
1318,4,transformer,kfold,Yanbu - RCJY,23.98655,38.20451,01-04-2019 00:00,6712.6,6640.59423828125,-72.00576171875036,72.00576171875036,5184.829720697456,1.072695553418204,26.3,0.0,2464.4,5801.4,0.29814416027486756,44.9,1009.1
1324,4,transformer,kfold,Majmaah - University,25.85891,45.41889,01-05-2017 00:00,6955.8,6943.859375,-11.940625000000182,11.940625000000182,142.57852539062935,0.17166429454556173,32.4,3.3,3634.7,4113.2,0.4691206649543747,19.4,929.8
1333,4,transformer,kfold,Majmaah - University,25.85891,45.41889,01-07-2018 00:00,7835.9,7865.11083984375,29.210839843750364,29.210839843750364,853.2731643772338,0.3727821927762014,35.6,3.4,2710.9,6677.0,0.28876532557867046,12.5,923.8
1336,4,transformer,kfold,Majmaah - University,25.85891,45.41889,01-10-2018 00:00,5257.5,5137.30078125,-120.19921875,120.19921875,14447.852188110352,2.2862428673323825,26.7,2.5,2007.8,5048.0,0.2845602199608832,30.6,934.6
1344,4,transformer,kfold,Majmaah - University,25.85891,45.41889,01-06-2019 00:00,7681.9,7734.18896484375,52.288964843750364,52.288964843750364,2734.1358444309617,0.6806774996257484,35.7,2.7,2665.1,6546.3,0.2893262696224244,12.5,926.9
1346,4,transformer,kfold,Majmaah - University,25.85891,45.41889,01-08-2019 00:00,7647.6,7656.1337890625,8.533789062499636,8.533789062499636,72.82555576323843,0.11158780614179135,35.2,3.3,2120.6,7502.3,0.2203701586839726,12.7,925.4
1350,4,transformer,kfold,Majmaah - University,25.85891,45.41889,01-12-2019 00:00,4336.2,4272.87890625,-63.32109374999982,63.32109374999982,4009.560913696266,1.4602899716341455,16.1,2.8,1230.7,6304.0,0.1633376245902292,45.6,936.0
1356,4,transformer,kfold,Majmaah - University,25.85891,45.41889,01-09-2020 00:00,6787.4,6943.41455078125,156.01455078125036,156.01455078125036,24340.540055475347,2.2985907826450536,32.8,1.8,2086.8,6745.1,0.23627984918307496,13.6,928.9
1357,4,transformer,kfold,Majmaah - University,25.85891,45.41889,01-10-2020 00:00,6164.0,6113.208984375,-50.791015625,50.791015625,2579.727268218994,0.8239944131245944,25.4,1.5,1186.7,8279.5,0.1253618136105301,16.4,934.1
1364,4,transformer,kfold,Majmaah - University,25.85891,45.41889,01-05-2021 00:00,7892.9,7867.67333984375,-25.226660156249636,25.226660156249636,636.3843826389129,0.31961205838474627,32.7,2.1,2866.7,6559.5,0.3041204302900426,12.9,928.5
1407,4,transformer,kfold,Hagl - SWCC,29.28997,34.93002,01-09-2020 00:00,6086.8,6110.3974609375,23.597460937499818,23.597460937499818,556.8401626968298,0.38768254152427906,32.1,6.5,1840.4,6202.2,0.22883147240941984,52.7,1004.9
1420,4,transformer,kfold,Hagl - SWCC,29.28997,34.93002,01-11-2021 00:00,4057.2,3993.18798828125,-64.01201171874982,64.01201171874982,4097.537644281364,1.577738630551854,24.3,0.0,1119.1,5762.7,0.16261733848702375,50.2,1012.2
1424,4,transformer,kfold,Al Wajh - TVTC,26.256,36.443,01-03-2017 00:00,5541.5,5351.408203125,-190.091796875,190.091796875,36134.89123916626,3.430331081385906,21.7,2.9,1725.0,5803.6,0.22912626517546422,52.4,1009.5
1426,4,transformer,kfold,Al Wajh - TVTC,26.256,36.443,01-03-2018 00:00,6522.6,6620.5126953125,97.91269531249964,97.91269531249964,9586.895903358389,1.5011298456520348,24.1,2.7,1793.9,7248.1,0.19839637248396375,55.3,1009.5
1445,4,transformer,kfold,Al Ahsa - KFU,25.34616,49.5956,01-09-2017 00:00,6667.4,6677.3505859375,9.950585937500364,9.950585937500364,99.01416049958,0.1492423724015413,35.7,1.2,2166.1,6297.6,0.2559282583267365,29.6,988.3
1448,4,transformer,kfold,Al Ahsa - KFU,25.34616,49.5956,01-03-2019 00:00,5956.1,5795.3232421875,-160.77675781250036,160.77675781250036,25849.165852699396,2.699362969266808,21.4,1.9,2431.1,5091.9,0.32315565598830254,34.6,996.9
1449,4,transformer,kfold,Al Ahsa - KFU,25.34616,49.5956,01-05-2019 00:00,5879.3,6041.12353515625,161.82353515624982,161.82353515624982,26186.856530466022,2.7524286081038527,34.3,1.7,3126.1,3401.6,0.47889762090782356,18.6,990.6
1454,4,transformer,kfold,Al Ahsa - KFU,25.34616,49.5956,01-09-2020 00:00,6638.8,6643.8154296875,5.015429687499818,5.015429687499818,25.154534950254522,0.07554723274537292,36.1,1.2,1902.2,6615.8,0.22331533223761446,21.4,987.9
1458,4,transformer,kfold,Al Ahsa - KFU,25.34616,49.5956,01-10-2021 00:00,5573.0,5537.8935546875,-35.1064453125,35.1064453125,1232.4625024795532,0.6299380102727437,31.2,0.0,1680.5,6010.6,0.21849930439078935,31.4,993.7
1510,4,transformer,kfold,Hafar Al Batin - TVTC,28.33202,45.95708,01-03-2017 00:00,5192.7,5138.8779296875,-53.82207031249982,53.82207031249982,2896.8152527236743,1.0364948930710387,20.7,5.1,2670.1,3775.7,0.41423872909491455,40.2,967.8
1520,4,transformer,kfold,Hafar Al Batin - TVTC,28.33202,45.95708,01-06-2018 00:00,7805.1,7866.40625,61.306249999999636,61.306249999999636,3758.456289062455,0.7854639914927372,36.0,6.1,3209.5,5972.5,0.3495425833151819,13.8,959.1
1523,4,transformer,kfold,Hafar Al Batin - TVTC,28.33202,45.95708,01-09-2018 00:00,6395.5,6566.25732421875,170.75732421875,170.75732421875,29158.063774347305,2.669960506899382,36.6,4.0,2380.7,5730.7,0.2935005054614493,13.1,963.0
1550,4,transformer,kfold,Hafar Al Batin - TVTC,28.33202,45.95708,01-04-2021 00:00,6570.6,6616.4052734375,45.805273437499636,45.805273437499636,2098.1230746841097,0.6971246680287894,27.8,4.7,2763.5,5212.9,0.3464595556892834,17.3,967.3
1555,4,transformer,kfold,Hafar Al Batin - TVTC,28.33202,45.95708,01-10-2021 00:00,5328.4,5308.4375,-19.962499999999636,19.962499999999636,398.50140624998545,0.37464342016364455,29.2,3.6,1722.6,5921.6,0.22534732215274322,20.3,968.0
1557,4,transformer,kfold,Hafar Al Batin - TVTC,28.33202,45.95708,01-12-2021 00:00,3209.2,3206.89599609375,-2.304003906249818,2.304003906249818,5.308434000014421,0.07179371513928139,14.3,3.7,1624.8,3357.8,0.32609480993858625,48.7,973.2
1559,4,transformer,kfold,Al Dhahran - KFUPM,26.30355,50.14412,01-02-2017 00:00,3690.5,3545.9013671875,-144.5986328125,144.5986328125,20908.7646112442,3.9181312237501693,15.8,2.0,1718.0,3219.2,0.34797050960058334,65.0,1011.7
1562,4,transformer,kfold,Al Dhahran - KFUPM,26.30355,50.14412,01-05-2017 00:00,6441.2,6640.55078125,199.35078125000018,199.35078125000018,39740.733984985425,3.094932330155874,34.1,2.2,2953.9,4460.6,0.3983950367523097,32.7,999.1
1570,4,transformer,kfold,Al Dhahran - KFUPM,26.30355,50.14412,01-05-2018 00:00,6756.9,6950.9482421875,194.04824218750036,194.04824218750036,37654.7202960588,2.8718531010892625,32.7,1.8,3459.5,4251.6,0.4486389749841138,34.6,999.6
1582,4,transformer,kfold,Al Dhahran - KFUPM,26.30355,50.14412,01-05-2019 00:00,6486.3,6696.8681640625,210.56816406249982,210.56816406249982,44338.95171665184,3.246352528598736,33.7,0.0,2927.1,4609.5,0.3883846827481888,32.9,999.9
1589,4,transformer,kfold,Al Dhahran - KFUPM,26.30355,50.14412,01-01-2020 00:00,3705.0,3559.62841796875,-145.37158203125,145.37158203125,21132.896862268448,3.923659434041835,17.3,0.4,1189.9,4731.9,0.20093552636022835,65.3,1010.9
1612,4,transformer,kfold,Jeddah - KAU,21.49604,39.24492,01-03-2018 00:00,6348.6,6463.54638671875,114.94638671874964,114.94638671874964,13212.671819696343,1.8105785010671585,28.5,3.3,2259.9,5876.0,0.2777689007976991,50.1,1003.6
1615,4,transformer,kfold,Jeddah - KAU,21.49604,39.24492,01-06-2018 00:00,7049.4,7150.54345703125,101.14345703125036,101.14345703125036,10229.99890023239,1.43478107400985,33.9,4.2,3198.7,4900.1,0.39495974712303056,46.2,997.1
1629,4,transformer,kfold,Jeddah - KAU,21.49604,39.24492,01-08-2019 00:00,6475.4,6393.27880859375,-82.12119140624964,82.12119140624964,6743.890077981889,1.268202603796671,34.1,3.7,2437.3,5252.1,0.31696881421177203,54.8,998.0
2,5,transformer,kfold,Sharurah - TVTC,17.47586,47.08618,01-09-2017 00:00,6528.3,6322.34423828125,-205.95576171875018,205.95576171875018,42417.7757851506,3.1548146028636883,33.9,3.3,2007.4,6131.6,0.2466396363189581,14.3,925.6
3,5,transformer,kfold,Sharurah - TVTC,17.47586,47.08618,01-10-2017 00:00,6073.3,5856.77001953125,-216.52998046875018,216.52998046875018,46885.232441797336,3.5652772046292815,29.2,3.3,1451.7,6975.2,0.17226975518874083,17.7,930.1
5,5,transformer,kfold,Sharurah - TVTC,17.47586,47.08618,01-03-2018 00:00,7122.5,6993.2587890625,-129.2412109375,129.2412109375,16703.29060459137,1.814548416110916,27.4,3.9,1905.3,7405.5,0.20463332903724707,18.0,930.4
6,5,transformer,kfold,Sharurah - TVTC,17.47586,47.08618,01-04-2018 00:00,6758.0,6816.7001953125,58.7001953125,58.7001953125,3445.712929725647,0.8686030676605505,31.4,4.0,3578.9,4034.8,0.47006054874765224,24.4,927.5
7,5,transformer,kfold,Sharurah - TVTC,17.47586,47.08618,01-05-2018 00:00,7276.2,7237.56396484375,-38.63603515624982,38.63603515624982,1492.743212594972,0.530991934749592,33.1,3.9,2861.0,5660.0,0.3357587137659899,21.8,926.2
12,5,transformer,kfold,Sharurah - TVTC,17.47586,47.08618,01-04-2019 00:00,6784.3,6822.013671875,37.71367187499982,37.71367187499982,1422.3210462951522,0.5558962881211004,30.9,4.0,3090.8,4821.7,0.3906224328593997,23.7,928.2
24,5,transformer,kfold,Sharurah - TVTC,17.47586,47.08618,01-04-2020 00:00,7098.2,7040.79345703125,-57.40654296874982,57.40654296874982,3295.5111756229194,0.8087478933919842,31.1,3.8,2729.7,5737.1,0.3224004346388246,34.4,927.9
25,5,transformer,kfold,Sharurah - TVTC,17.47586,47.08618,01-05-2020 00:00,7522.2,7494.3857421875,-27.814257812499818,27.814257812499818,773.6329376602072,0.36976227450080856,34.6,3.7,2767.2,6153.8,0.3101894406456675,19.4,927.0
27,5,transformer,kfold,Sharurah - TVTC,17.47586,47.08618,01-10-2020 00:00,6800.6,6670.494140625,-130.10585937500036,130.10585937500036,16927.53464370737,1.913152653809963,27.6,2.8,1365.0,8286.2,0.1414331896551724,17.3,930.4
39,5,transformer,kfold,Sharurah - TVTC,17.47586,47.08618,01-11-2021 00:00,5876.1,5847.28125,-28.818750000000364,28.818750000000364,830.520351562521,0.4904400878133518,25.1,3.1,1249.5,7711.1,0.13944378724638976,24.9,932.5
45,5,transformer,kfold,Layla - TVTC,22.27948,46.73319,01-05-2017 00:00,7183.5,7159.85009765625,-23.64990234375,23.64990234375,559.3178808689117,0.3292253406243475,35.5,2.4,3519.0,4607.1,0.43304906412670285,17.6,946.3
47,5,transformer,kfold,Layla - TVTC,22.27948,46.73319,01-09-2017 00:00,7081.8,7076.06396484375,-5.736035156250182,5.736035156250182,32.90209931373805,0.08099685328942051,35.2,2.3,2113.6,6908.4,0.23427178009310573,12.0,945.2
55,5,transformer,kfold,Layla - TVTC,22.27948,46.73319,01-08-2018 00:00,7273.2,7393.806640625,120.60664062500018,120.60664062500018,14545.961762847945,1.6582335234147305,38.0,2.8,3072.9,5420.4,0.36180283282116493,13.1,940.5
66,5,transformer,kfold,Layla - TVTC,22.27948,46.73319,01-07-2019 00:00,7562.4,7571.56982421875,9.169824218750364,9.169824218750364,84.08567620278072,0.12125547734515979,38.7,2.7,3026.4,5803.0,0.3427639477201169,11.6,939.5
72,5,transformer,kfold,Layla - TVTC,22.27948,46.73319,01-01-2020 00:00,5040.7,5019.10791015625,-21.592089843749818,21.592089843749818,466.21834382056403,0.428354987278549,16.3,2.4,1473.9,6498.5,0.18487531985349456,35.5,955.1
85,5,transformer,kfold,Layla - TVTC,22.27948,46.73319,01-05-2021 00:00,7908.5,7830.8359375,-77.6640625,77.6640625,6031.706604003906,0.9820327811848011,35.3,2.1,2868.5,6453.2,0.30772284025446,11.3,944.8
106,5,transformer,kfold,Osfan - KAU,21.89252,39.2539,01-10-2018 00:00,5231.0,5306.3701171875,75.3701171875,75.3701171875,5680.654564857483,1.4408357328904606,31.5,2.7,2130.2,4637.2,0.3147737683600792,59.5,997.4
120,5,transformer,kfold,Osfan - KAU,21.89252,39.2539,01-12-2019 00:00,4307.9,4332.322265625,24.422265625000364,24.422265625000364,596.4470582580744,0.5669181184567972,25.2,3.7,1560.3,5176.9,0.2315947277800867,55.0,1000.8
136,5,transformer,kfold,Osfan - KAU,21.89252,39.2539,01-10-2021 00:00,5533.7,5517.3232421875,-16.376757812499818,16.376757812499818,268.19819644927384,0.29594589176319314,31.1,2.5,1853.6,5513.5,0.25160510920172113,65.5,996.5
138,5,transformer,kfold,Al Farshah - TQ TVTC,17.7749,43.17555,01-01-2017 00:00,5253.8,5141.60888671875,-112.19111328125018,112.19111328125018,12586.84589928631,2.135427943226811,23.8,1.9,1323.8,6504.9,0.1690957630257897,53.8,895.8
139,5,transformer,kfold,Al Farshah - TQ TVTC,17.7749,43.17555,01-02-2017 00:00,4657.6,4708.048828125,50.448828124999636,50.448828124999636,2545.0842591857545,1.083150724085358,23.3,2.0,2326.0,3505.4,0.39887505573275717,58.6,894.9
167,5,transformer,kfold,Al Farshah - TQ TVTC,17.7749,43.17555,01-12-2019 00:00,4828.7,4747.9150390625,-80.78496093749982,80.78496093749982,6526.209913673371,1.6730167734069175,23.3,1.9,1444.5,5780.9,0.1999197276275362,52.1,895.1
171,5,transformer,kfold,Al Farshah - TQ TVTC,17.7749,43.17555,01-04-2020 00:00,6299.4,6183.8037109375,-115.59628906249964,115.59628906249964,13362.502045020972,1.83503649653141,27.4,2.0,2324.3,5260.8,0.3064297108805421,51.6,892.9
193,5,transformer,kfold,Hada Al Sham - KAU,21.80117,39.72854,01-04-2018 00:00,7066.7,7087.513671875,20.813671875000182,20.813671875000182,433.2089369201736,0.2945317032702702,29.6,2.1,2751.0,5662.1,0.32699005122963,35.2,982.2
211,5,transformer,kfold,Hada Al Sham - KAU,21.80117,39.72854,01-10-2019 00:00,5533.9,5448.7978515625,-85.10214843749964,85.10214843749964,7242.375668678222,1.5378331454760592,30.5,1.6,1940.5,5294.1,0.26822491913858404,55.3,983.7
213,5,transformer,kfold,Hada Al Sham - KAU,21.80117,39.72854,01-12-2019 00:00,4264.9,4247.634765625,-17.265234374999636,17.265234374999636,298.0883180236691,0.40482155208796544,24.1,2.2,1568.1,4959.9,0.24021139705882352,51.5,987.3
215,5,transformer,kfold,Hada Al Sham - KAU,21.80117,39.72854,01-02-2020 00:00,4873.9,4923.12548828125,49.225488281250364,49.225488281250364,2423.1486965275167,1.009981499030558,23.2,1.9,2217.0,4158.9,0.3477156166188303,50.2,988.3
222,5,transformer,kfold,Hada Al Sham - KAU,21.80117,39.72854,01-12-2020 00:00,4165.0,4306.0361328125,141.0361328125,141.0361328125,19891.19075870514,3.386221676170468,25.3,1.3,1731.9,4494.3,0.2781632456393948,51.3,987.1
224,5,transformer,kfold,Hada Al Sham - KAU,21.80117,39.72854,01-02-2021 00:00,4965.1,5040.3232421875,75.22324218749964,75.22324218749964,5658.536165199225,1.515039821705497,23.6,1.9,1893.5,4859.5,0.2803938990078484,52.3,987.0
227,5,transformer,kfold,Hada Al Sham - KAU,21.80117,39.72854,01-05-2021 00:00,7513.3,7594.84814453125,81.54814453124982,81.54814453124982,6650.099876489609,1.0853838463957224,33.2,1.6,2374.0,6797.4,0.2588481584054779,34.8,980.7
242,5,transformer,kfold,Dammam - IAFU,26.394974,50.188715,01-04-2018 00:00,5642.3,5559.857421875,-82.44257812500018,82.44257812500018,6796.778687896758,1.4611519792460554,25.9,3.1,3132.6,3279.8,0.4885222381635581,47.7,1008.5
256,5,transformer,kfold,Dammam - IAFU,26.394974,50.188715,01-04-2021 00:00,6972.2,7033.6396484375,61.43964843750018,61.43964843750018,3774.8304001236183,0.8812089216818247,27.3,3.1,2608.9,5894.7,0.3067994731643069,36.0,1009.2
258,5,transformer,kfold,Timaa - TVTC,27.6173,38.5252,01-01-2017 00:00,4235.7,4421.611328125,185.91132812500018,185.91132812500018,34563.02192520149,4.3891523980688,13.2,1.9,1325.4,5906.3,0.1832764080368378,36.9,921.5
260,5,transformer,kfold,Timaa - TVTC,27.6173,38.5252,01-03-2017 00:00,6511.6,6498.099609375,-13.500390625000364,13.500390625000364,182.2605470275977,0.20732831600528845,19.4,2.6,1990.0,7008.4,0.22115042674253202,25.2,917.2
272,5,transformer,kfold,Timaa - TVTC,27.6173,38.5252,01-08-2018 00:00,7533.6,7542.533203125,8.933203124999636,8.933203124999636,79.80211807250326,0.11857814491079478,33.3,2.3,1625.7,8288.3,0.16398022997780917,20.1,913.6
273,5,transformer,kfold,Timaa - TVTC,27.6173,38.5252,01-09-2018 00:00,6329.5,6435.2822265625,105.7822265625,105.7822265625,11189.87945652008,1.6712572329962871,33.7,2.2,2464.5,5371.6,0.3145059404550733,17.5,916.5
299,5,transformer,kfold,Timaa - TVTC,27.6173,38.5252,01-02-2021 00:00,5093.9,5144.4140625,50.514062500000364,50.514062500000364,2551.670510253943,0.991657914368173,15.4,2.4,1537.8,6355.2,0.19483086278981376,43.6,921.0
311,5,transformer,kfold,Hail - TVTC,27.65261,41.70826,01-03-2017 00:00,5446.5,5252.439453125,-194.060546875,194.060546875,37659.49585342407,3.5630321651519323,18.1,3.8,2366.2,4584.1,0.34044573615527385,28.3,908.3
314,5,transformer,kfold,Hail - TVTC,27.65261,41.70826,01-09-2017 00:00,6546.0,6684.212890625,138.212890625,138.212890625,19102.803134918213,2.1114098781698747,32.6,3.0,2359.7,5922.3,0.28491910166626416,9.2,907.7
318,5,transformer,kfold,Hail - TVTC,27.65261,41.70826,01-04-2018 00:00,6813.9,6660.1728515625,-153.72714843749964,153.72714843749964,23632.036166725047,2.2560816630343803,22.3,3.7,2866.1,5310.2,0.3505375292002495,31.2,907.1
319,5,transformer,kfold,Hail - TVTC,27.65261,41.70826,01-05-2018 00:00,6997.7,6995.08349609375,-2.616503906249818,2.616503906249818,6.846092691420557,0.03739091281778039,27.9,3.5,3265.7,4853.3,0.4022293385884961,19.1,907.0
321,5,transformer,kfold,Hail - TVTC,27.65261,41.70826,01-07-2018 00:00,8175.3,8172.1630859375,-3.136914062500182,3.136914062500182,9.840229835511396,0.03837062936528546,33.5,3.0,2293.6,7876.0,0.22553492762743862,11.3,903.1
325,5,transformer,kfold,Hail - TVTC,27.65261,41.70826,01-01-2019 00:00,3652.9,3620.7685546875,-32.13144531250009,32.13144531250009,1032.4297778701841,0.879614698253445,13.9,3.6,1815.2,3568.0,0.3371972061227523,39.3,911.7
328,5,transformer,kfold,Hail - TVTC,27.65261,41.70826,01-04-2019 00:00,6834.9,6595.59912109375,-239.30087890624964,239.30087890624964,57264.91064530355,3.5011613762637297,20.7,3.5,2247.6,6405.1,0.2597570700474996,23.6,908.6
336,5,transformer,kfold,Hail - TVTC,27.65261,41.70826,01-01-2020 00:00,4555.6,4573.6826171875,18.082617187499636,18.082617187499636,326.9810443496573,0.3969316267341214,10.4,3.3,1023.4,7158.7,0.1250779139829628,36.5,912.6
349,5,transformer,kfold,Hail - TVTC,27.65261,41.70826,01-05-2021 00:00,7637.6,7681.88720703125,44.287207031249636,44.287207031249636,1961.3567066287671,0.5798576389343464,30.6,3.2,2423.3,6979.4,0.25772384527848385,9.9,906.7
362,5,transformer,kfold,Madinah - Taibah University,24.4846,39.5418,01-11-2017 00:00,4467.8,4422.05322265625,-45.74677734375018,45.74677734375018,2092.767637338655,1.0239217812737853,25.8,2.1,1559.4,5081.5,0.23481756990769326,31.9,941.1
364,5,transformer,kfold,Madinah - Taibah University,24.4846,39.5418,01-04-2018 00:00,7350.0,7379.6220703125,29.6220703125,29.6220703125,877.4670495986938,0.40302136479591844,28.9,2.5,2356.2,6789.1,0.25764053666910874,17.9,937.0
368,5,transformer,kfold,Madinah - Taibah University,24.4846,39.5418,01-01-2019 00:00,3951.3,3849.29638671875,-102.00361328125018,102.00361328125018,10404.737122430839,2.5815203421975093,20.2,2.0,1825.2,3850.2,0.32159847764034255,43.2,942.5
376,5,transformer,kfold,Madinah - Taibah University,24.4846,39.5418,01-01-2021 00:00,4856.0,5120.50830078125,264.50830078125,264.50830078125,69964.64118218422,5.447040790388179,20.3,2.0,1812.8,5565.0,0.24571010328282142,31.5,943.0
393,5,transformer,kfold,Al Hanakiyah - TVTC,24.85577,40.536,01-08-2018 00:00,7446.5,7364.0146484375,-82.4853515625,82.4853515625,6803.833222389221,1.107706325958504,36.8,3.1,2061.2,7241.3,0.22157484547164738,13.9,910.6
409,5,transformer,kfold,Al Hanakiyah - TVTC,24.85577,40.536,01-12-2019 00:00,4562.7,4546.86376953125,-15.836230468749818,15.836230468749818,250.78619545936007,0.347080247852145,19.0,2.8,1013.4,7183.7,0.12362908833611887,33.6,918.5
424,5,transformer,kfold,Al Hanakiyah - TVTC,24.85577,40.536,01-07-2021 00:00,7663.1,7763.30078125,100.20078124999964,100.20078124999964,10040.19656311028,1.3075750185956028,38.1,3.8,2575.0,6684.3,0.278098776365384,12.3,908.7
440,5,transformer,kfold,Tabuk - University,28.38287,36.48396,01-11-2017 00:00,4388.9,4363.55615234375,-25.343847656249636,25.343847656249636,642.3106140231902,0.5774532948175999,17.5,2.0,1375.6,5824.3,0.19105820914179364,39.6,928.5
442,5,transformer,kfold,Tabuk - University,28.38287,36.48396,01-04-2018 00:00,7043.3,6909.0615234375,-134.23847656250018,134.23847656250018,18019.96858982091,1.9059031499794155,22.4,2.5,2347.1,6530.4,0.2643874964798648,24.7,924.4
467,5,transformer,kfold,Tabuk - University,28.38287,36.48396,01-12-2021 00:00,3774.5,3812.133056640625,37.633056640625,37.633056640625,1416.2469521164894,0.9970342201781692,13.7,2.1,1420.9,4968.0,0.2224013523454742,39.6,929.3
503,5,transformer,kfold,Farasan - SWCC,16.692097,42.098767,01-01-2021 00:00,4412.1,4391.7080078125,-20.391992187500364,20.391992187500364,415.83334537507585,0.46218336364770435,26.3,3.6,2203.7,3635.5,0.3773975887107823,78.0,1011.7
505,5,transformer,kfold,Farasan - SWCC,16.692097,42.098767,01-03-2021 00:00,6018.8,5838.66650390625,-180.13349609375018,180.13349609375018,32448.07641495711,2.992847346543334,28.1,3.5,2220.3,5150.2,0.3012414354521403,75.4,1008.6
523,5,transformer,kfold,Al Khafji - SWCC,28.50676,48.455128,01-10-2020 00:00,5466.9,5392.740234375,-74.15976562499964,74.15976562499964,5499.670837554878,1.3565231781265368,26.6,2.5,1368.7,6781.2,0.16794071092896848,42.6,1011.6
525,5,transformer,kfold,Al Khafji - SWCC,28.50676,48.455128,01-12-2020 00:00,3067.4,3128.88427734375,61.48427734374991,61.48427734374991,3780.3163604831584,2.004442764026534,15.5,3.1,1282.8,3681.1,0.25842583452527246,64.4,1019.5
531,5,transformer,kfold,Al Khafji - SWCC,28.50676,48.455128,01-07-2021 00:00,7678.7,7714.43505859375,35.73505859375018,35.73505859375018,1276.9944126987587,0.46537901720017955,36.7,0.0,2200.3,7293.0,0.23177398797046342,30.0,996.9
536,5,transformer,kfold,Riyadh - KSU,24.72359,46.61639,01-02-2017 00:00,4482.8,4414.359375,-68.44062500000018,68.44062500000018,4684.11915039065,1.5267383108771344,14.5,2.0,2240.0,3624.6,0.381952733349248,44.1,943.2
542,5,transformer,kfold,Riyadh - KSU,24.72359,46.61639,01-10-2017 00:00,5978.9,6060.5302734375,81.63027343750036,81.63027343750036,6663.501541481078,1.365305882980153,30.4,1.4,1745.2,6675.4,0.20725363988314371,19.1,938.9
547,5,transformer,kfold,Riyadh - KSU,24.72359,46.61639,01-06-2018 00:00,7787.4,7743.17724609375,-44.222753906249636,44.222753906249636,1955.6519630527175,0.5678757211167994,37.5,2.4,3191.4,5845.5,0.3531520764864058,12.6,931.0
549,5,transformer,kfold,Riyadh - KSU,24.72359,46.61639,01-08-2018 00:00,7345.4,7352.23681640625,6.836816406250364,6.836816406250364,46.74205857277414,0.09307616203678988,37.0,1.9,2459.3,6446.6,0.2761427817514232,13.3,930.3
553,5,transformer,kfold,Riyadh - KSU,24.72359,46.61639,01-12-2018 00:00,3977.8,3841.4287109375,-136.37128906250018,136.37128906250018,18597.128480567982,3.4283093434184773,18.4,1.8,1442.7,4760.7,0.2325660121868653,50.5,943.5
558,5,transformer,kfold,Riyadh - KSU,24.72359,46.61639,01-05-2019 00:00,6209.3,6264.69775390625,55.39775390624982,55.39775390624982,3068.911137857417,0.892173898929828,32.9,1.8,2962.2,4113.4,0.41865000847984624,21.9,935.9
572,5,transformer,kfold,Riyadh - KSU,24.72359,46.61639,01-10-2020 00:00,5985.7,5975.02197265625,-10.678027343749818,10.678027343749818,114.0202679538688,0.1783922906886382,27.8,1.4,1247.3,7725.2,0.1390136528280858,17.0,939.5
573,5,transformer,kfold,Riyadh - KSU,24.72359,46.61639,01-11-2020 00:00,4530.7,4475.0673828125,-55.63261718749982,55.63261718749982,3094.9880951309,1.227903352406909,23.5,1.8,1331.9,5734.9,0.18847285900266036,36.1,941.6
579,5,transformer,kfold,Riyadh - KSU,24.72359,46.61639,01-05-2021 00:00,7581.9,7584.10498046875,2.204980468750364,2.204980468750364,4.861938867570574,0.029082162370255002,35.5,1.8,2738.9,6268.5,0.30407220729622314,12.8,934.2
581,5,transformer,kfold,Riyadh - KSU,24.72359,46.61639,01-08-2021 00:00,7314.8,7177.248046875,-137.55195312500018,137.55195312500018,18920.539808502246,1.8804608892245882,38.6,1.8,2211.4,6769.8,0.24622544871509375,13.5,930.7
594,5,transformer,kfold,Jazan - University,16.96035,42.545865,01-06-2018 00:00,5771.5,5941.86669921875,170.36669921875,170.36669921875,29024.812202692032,2.951861720848133,33.4,3.4,3795.9,2355.7,0.6170589765264322,64.7,1003.3
605,5,transformer,kfold,Jazan - University,16.96035,42.545865,01-07-2019 00:00,5692.1,5527.9775390625,-164.12246093750036,164.12246093750036,26936.182184181333,2.883337624734287,33.8,0.0,3737.2,2264.7,0.6226694879954681,62.9,1002.2
622,5,transformer,kfold,Jazan - University,16.96035,42.545865,01-04-2021 00:00,6471.7,6391.33935546875,-80.36064453124982,80.36064453124982,6457.833189477891,1.2417238829248856,30.2,2.8,2649.0,4894.8,0.3511492881571622,65.2,1008.9
624,5,transformer,kfold,Jazan - University,16.96035,42.545865,01-07-2021 00:00,5168.4,5262.57568359375,94.17568359375036,94.17568359375036,8869.059380350182,1.8221438664528748,33.0,3.2,3252.6,2258.3,0.5902121250612423,65.4,1002.7
630,5,transformer,kfold,Riyadh - K.A.CARE City T2,24.52958,46.43635,01-01-2017 00:00,4453.5,4453.501953125,0.001953125,0.001953125,3.814697265625e-06,4.3855955989671044e-05,15.5,4.1,1592.1,5395.1,0.22785951454087472,35.4,915.1
638,5,transformer,kfold,Riyadh - K.A.CARE City T2,24.52958,46.43635,01-11-2017 00:00,4778.9,4751.8359375,-27.064062499999636,27.064062499999636,732.4634790038865,0.566324101780737,20.5,3.7,1551.5,5817.6,0.21054131440745816,36.4,914.9
649,5,transformer,kfold,Riyadh - K.A.CARE City T2,24.52958,46.43635,01-01-2019 00:00,4320.6,4312.4287109375,-8.171289062500364,8.171289062500364,66.76996494293807,0.18912394256585574,16.3,4.2,2091.7,4040.2,0.34111776121593634,38.3,915.5
661,5,transformer,kfold,Riyadh - K.A.CARE City T2,24.52958,46.43635,01-01-2020 00:00,4711.8,4665.1943359375,-46.60566406250018,46.60566406250018,2172.087922706621,0.9891265347107301,12.9,3.8,1245.2,6602.5,0.15867069332415867,42.8,915.0
665,5,transformer,kfold,Riyadh - K.A.CARE City T2,24.52958,46.43635,01-05-2020 00:00,7466.7,7473.5380859375,6.838085937500182,6.838085937500182,46.759419288637744,0.09158109924732723,31.1,4.1,3115.5,5659.6,0.35503868901778896,16.7,910.4
672,5,transformer,kfold,Riyadh - K.A.CARE City T2,24.52958,46.43635,01-10-2021 00:00,5891.9,5876.13232421875,-15.767675781249636,15.767675781249636,248.61959954260632,0.2676161472742178,28.5,3.5,1655.6,6715.0,0.1977874943253769,20.3,913.1
679,5,transformer,kfold,Arar - TVTC,31.027395,40.906419,01-05-2017 00:00,7301.0,7216.380859375,-84.619140625,84.619140625,7160.398960113525,1.1590075417750993,28.4,4.1,2414.8,6512.4,0.2704991486692356,15.7,944.8
691,5,transformer,kfold,Arar - TVTC,31.027395,40.906419,01-03-2019 00:00,5977.9,5919.38232421875,-58.517675781249636,58.517675781249636,3424.3183788394504,0.9789002121355266,14.4,4.3,1759.4,6874.0,0.20378993212407628,38.3,947.3
718,5,transformer,kfold,Taif - University,21.43278,40.49173,01-04-2018 00:00,6959.2,6871.81884765625,-87.38115234374982,87.38115234374982,7635.465784921615,1.2556206509907721,21.9,3.1,2318.9,6303.2,0.2689484000417532,38.0,848.1
721,5,transformer,kfold,Taif - University,21.43278,40.49173,01-07-2018 00:00,7580.5,7530.263671875,-50.236328125,50.236328125,2523.688663482666,0.6627046781214959,28.3,4.2,2744.1,6186.4,0.3072728290689211,18.7,846.8
772,5,transformer,kfold,Al Baha - University,20.1794,41.6357,01-08-2018 00:00,6590.6,6568.13525390625,-22.464746093750364,22.464746093750364,504.66481705667223,0.34086040866917067,28.9,3.1,2628.8,5055.4,0.34210457822544965,23.4,831.9
792,5,transformer,kfold,Al Baha - University,20.1794,41.6357,01-02-2021 00:00,5788.4,5659.3408203125,-129.05917968749964,129.05917968749964,16656.27186161032,2.229617505485102,17.6,3.2,1576.4,6719.2,0.19002844881623993,39.8,834.9
793,5,transformer,kfold,Al Baha - University,20.1794,41.6357,01-09-2021 00:00,6325.3,6336.9345703125,11.634570312499818,11.634570312499818,135.3632263565021,0.1839370514046736,27.8,2.7,2401.5,5279.2,0.312666814222662,18.5,833.0
798,5,transformer,kfold,Thuwal - KAUST,22.3065,39.107,01-02-2017 00:00,4529.6,4567.376953125,37.776953124999636,37.776953124999636,1427.0981874084198,0.8340019676130261,23.3,2.7,2316.1,3523.9,0.39659246575342466,65.1,1012.1
803,5,transformer,kfold,Thuwal - KAUST,22.3065,39.107,01-09-2017 00:00,6160.3,6176.3681640625,16.068164062499818,16.068164062499818,258.18589633941065,0.26083411623621927,31.4,2.5,2630.7,4680.7,0.3598079711136034,93.7,1003.3
809,5,transformer,kfold,Thuwal - KAUST,22.3065,39.107,01-06-2018 00:00,7152.3,7204.591796875,52.29179687499982,52.29179687499982,2734.432020416241,0.7311186174377448,30.9,0.0,2970.5,5355.5,0.3567739610857555,68.2,1001.6
810,5,transformer,kfold,Thuwal - KAUST,22.3065,39.107,01-07-2018 00:00,7036.3,7047.99169921875,11.691699218749818,11.691699218749818,136.69583062171512,0.1661626027706297,31.9,0.0,2769.9,5444.7,0.3371923161200789,65.5,1001.7
812,5,transformer,kfold,Thuwal - KAUST,22.3065,39.107,01-09-2018 00:00,5840.5,5863.07421875,22.57421875,22.57421875,509.59535217285156,0.38651174985018405,31.6,0.0,3004.4,3679.4,0.4495047727340734,79.2,1003.4
820,5,transformer,kfold,Thuwal - KAUST,22.3065,39.107,01-05-2019 00:00,6682.7,6682.98095703125,0.2809570312501819,0.2809570312501819,0.0789368534089157,0.004204244261304292,30.2,0.0,2797.3,4946.6,0.36122625550433246,63.9,1005.1
855,5,transformer,kfold,Al Jouf - TVTC,29.77634,40.02318,01-08-2018 00:00,7827.0,8175.55029296875,348.55029296875,348.55029296875,121487.30672860146,4.453178650424811,32.3,5.0,1515.3,8978.7,0.14439679817038306,19.8,930.8
859,5,transformer,kfold,Al Jouf - TVTC,29.77634,40.02318,01-01-2019 00:00,3527.3,3453.778076171875,-73.52192382812518,73.52192382812518,5405.473283388641,2.0843683221763154,10.7,4.0,1616.7,3915.4,0.29223983659008335,50.6,939.3
864,5,transformer,kfold,Al Jouf - TVTC,29.77634,40.02318,01-08-2019 00:00,7668.3,7897.5302734375,229.23027343749982,229.23027343749982,52546.518260230936,2.9893232324961176,33.0,4.8,1856.6,8185.3,0.1848853304653502,16.7,930.6
867,5,transformer,kfold,Al Jouf - TVTC,29.77634,40.02318,01-11-2019 00:00,4056.3,3993.235595703125,-63.06440429687518,63.06440429687518,3977.119089319729,1.5547273203874266,17.3,3.2,1383.8,5332.8,0.2060268588273829,43.6,939.5
886,5,transformer,kfold,Makkah - UQU,21.331,39.949,01-05-2018 00:00,7479.2,7492.630859375,13.430859375000182,13.430859375000182,180.3879835510303,0.17957614952134163,35.1,2.9,3080.4,5602.1,0.3547826086956522,21.8,972.7
900,5,transformer,kfold,Makkah - UQU,21.331,39.949,01-05-2021 00:00,7485.0,6663.00830078125,-821.99169921875,821.99169921875,675670.353584528,10.981853028974616,34.6,2.0,2709.8,5090.8,0.34738353459990257,26.3,972.9
903,5,transformer,kfold,Makkah - UQU,21.331,39.949,01-10-2021 00:00,5698.0,5767.09423828125,69.09423828125,69.09423828125,4774.013763666153,1.212605094441032,33.1,1.8,1969.6,5525.6,0.26278151350197454,33.1,975.3
905,5,transformer,kfold,Makkah - UQU,21.331,39.949,01-12-2021 00:00,4094.5,4083.49951171875,-11.00048828125,11.00048828125,121.01074242591858,0.26866499648919284,25.9,1.8,1703.2,4285.1,0.28442128817861495,47.7,979.4
907,5,transformer,kfold,Umluj - SWCC,25.00411,37.27382,01-02-2017 00:00,5284.5,5385.54248046875,101.04248046875,101.04248046875,10209.582859277725,1.9120537509461633,21.2,3.5,1716.4,5960.5,0.2235798304002918,46.3,1015.4
938,5,transformer,kfold,Umluj - SWCC,25.00411,37.27382,01-02-2020 00:00,5487.1,5448.07958984375,-39.020410156250364,39.020410156250364,1522.5924087620065,0.7111299257576928,20.7,0.0,1317.3,7167.4,0.15525593126451143,54.0,1015.8
941,5,transformer,kfold,Umluj - SWCC,25.00411,37.27382,01-05-2020 00:00,7382.4,7401.89208984375,19.492089843750364,19.492089843750364,379.9415664768361,0.2640345936788899,29.0,3.0,2402.8,6623.9,0.26618808645462905,60.8,1008.0
943,5,transformer,kfold,Umluj - SWCC,25.00411,37.27382,01-10-2020 00:00,5538.8,5742.93310546875,204.13310546874982,204.13310546874982,41670.32474831574,3.685511400822377,31.4,2.1,1499.9,6507.8,0.1873072168038263,51.7,1009.4
946,5,transformer,kfold,Umluj - SWCC,25.00411,37.27382,01-01-2021 00:00,4551.5,4681.5478515625,130.0478515625,130.0478515625,16912.443696022034,2.857252588432385,23.3,3.1,1358.5,6064.5,0.1830122591943958,52.0,1014.6
950,5,transformer,kfold,Umluj - SWCC,25.00411,37.27382,01-05-2021 00:00,7448.6,7526.49755859375,77.89755859374964,77.89755859374964,6068.029634866658,1.0458013397651857,30.5,2.7,2210.7,7041.8,0.23893001891380705,62.0,1006.4
965,5,transformer,kfold,Wadi Addawasir - TVTC,20.43008,44.89433,01-05-2020 00:00,6863.4,6859.7021484375,-3.697851562499636,3.697851562499636,13.674106178281,0.05387783842555637,33.5,2.8,3240.3,4594.4,0.4135831620866147,15.0,935.3
973,5,transformer,kfold,Al Dawadmi - TVTC,24.5569,44.47411,01-04-2017 00:00,6383.9,6485.92822265625,102.02822265625036,102.02822265625036,10409.7582183934,1.5982114797576774,27.9,3.2,3282.7,4047.5,0.44783225560012,22.1,907.1
979,5,transformer,kfold,Al Dawadmi - TVTC,24.5569,44.47411,01-03-2018 00:00,6327.1,6447.6552734375,120.55527343749964,120.55527343749964,14533.573953590305,1.9053796121050661,24.4,3.0,2484.1,5572.4,0.3083348848755663,24.9,907.6
990,5,transformer,kfold,Al Dawadmi - TVTC,24.5569,44.47411,01-02-2019 00:00,4990.8,5042.7080078125,51.90800781249982,51.90800781249982,2694.441275062542,1.040073892211666,16.6,1.2,2211.8,4629.8,0.3232869504209542,44.5,909.2
999,5,transformer,kfold,Al Dawadmi - TVTC,24.5569,44.47411,01-11-2019 00:00,4333.7,4320.0693359375,-13.630664062499818,13.630664062499818,185.79500278472403,0.31452717222003873,20.7,0.0,1715.3,4642.1,0.2698115581841633,42.7,909.3
1036,5,transformer,kfold,Shaqra - University,25.17279,45.14198,01-11-2018 00:00,3692.9,3563.0546875,-129.8453125000001,129.8453125000001,16859.80517822268,3.516079842400284,18.7,0.8,1877.7,3227.1,0.36783027738598967,68.3,928.3
1047,5,transformer,kfold,Shaqra - University,25.17279,45.14198,01-10-2019 00:00,5639.6,5670.701171875,31.101171874999636,31.101171874999636,967.2828919982684,0.5514783295801056,29.2,1.0,1808.2,6042.5,0.2303234106512795,22.4,924.7
1054,5,transformer,kfold,Shaqra - University,25.17279,45.14198,01-05-2020 00:00,7207.3,7206.3857421875,-0.9142578125001819,0.9142578125001819,0.8358673477176177,0.012685163826955753,31.6,0.2,3356.9,4948.0,0.4042071548122193,16.2,922.5
1090,5,transformer,kfold,Al Qunfudhah - TVTC,19.15197,41.08111,01-03-2019 00:00,6154.0,6130.51171875,-23.48828125,23.48828125,551.6993560791016,0.3816750284367891,26.9,2.3,2688.8,4702.5,0.3637790375170809,71.5,1010.3
1091,5,transformer,kfold,Al Qunfudhah - TVTC,19.15197,41.08111,01-04-2019 00:00,6536.0,6471.69140625,-64.30859375,64.30859375,4135.595230102539,0.9839136130660955,29.8,2.0,2894.4,4666.4,0.3828166331605122,71.1,1007.6
1101,5,transformer,kfold,Al Qunfudhah - TVTC,19.15197,41.08111,01-02-2020 00:00,5069.8,4969.2099609375,-100.59003906250018,100.59003906250018,10118.355958595312,1.9841027074539466,26.2,1.6,2509.8,3741.1,0.4015101825337152,79.0,1012.7
1110,5,transformer,kfold,Al Qunfudhah - TVTC,19.15197,41.08111,01-04-2021 00:00,6796.6,6755.87548828125,-40.724511718750364,40.724511718750364,1658.4858547306358,0.5991894729533938,29.6,2.5,2874.2,4925.7,0.3684919037423557,72.7,1007.5
1113,5,transformer,kfold,Duba - TVTC,27.34103,35.72295,01-01-2017 00:00,4044.4,4069.69677734375,25.29677734374991,25.29677734374991,639.9269439792587,0.6254766428580236,20.1,2.3,1299.0,5473.0,0.19181925575900768,40.8,1013.4
1125,5,transformer,kfold,Duba - TVTC,27.34103,35.72295,01-06-2018 00:00,7884.4,7983.8798828125,99.47988281250036,99.47988281250036,9896.247084388806,1.2617305414806501,32.3,2.5,2185.4,7673.3,0.22167222858997637,44.0,1002.5
1140,5,transformer,kfold,Duba - TVTC,27.34103,35.72295,01-09-2019 00:00,6733.8,6833.6640625,99.86406249999982,99.86406249999982,9972.83097900387,1.4830268570495087,30.7,1.8,1607.9,7569.2,0.17520785433306818,56.5,1003.5
1163,5,transformer,kfold,Duba - TVTC,27.34103,35.72295,01-12-2021 00:00,3703.4,3813.152587890625,109.75258789062491,109.75258789062491,12045.630548689345,2.9635628852034595,21.3,2.0,1345.8,4909.8,0.21513523882601188,42.1,1012.8
1165,5,transformer,kfold,Najran - University,17.63228,44.53735,01-02-2017 00:00,5517.5,5528.603515625,11.103515625,11.103515625,123.28805923461914,0.2012417874943362,19.3,2.2,2425.5,4577.2,0.34636640153083814,33.4,884.7
1178,5,transformer,kfold,Najran - University,17.63228,44.53735,01-08-2018 00:00,7150.9,7196.8486328125,45.948632812500364,45.948632812500364,2111.276857337985,0.6425573398103787,33.9,2.6,3639.1,4356.4,0.4551435182290038,17.5,876.5
1189,5,transformer,kfold,Najran - University,17.63228,44.53735,01-07-2019 00:00,7272.5,7283.00537109375,10.50537109375,10.50537109375,110.36282181739807,0.14445336670677209,34.9,2.8,3849.4,4295.5,0.4726147650677111,13.7,876.0
1198,5,transformer,kfold,Najran - University,17.63228,44.53735,01-04-2020 00:00,7092.1,7056.5732421875,-35.526757812500364,35.526757812500364,1262.1505206680556,0.5009342481423043,28.3,1.8,2923.7,5397.4,0.35135979618079344,35.2,881.0
1209,5,transformer,kfold,Najran - University,17.63228,44.53735,01-08-2021 00:00,7387.7,7452.67919921875,64.97919921875018,64.97919921875018,4222.296331110024,0.8795592568559928,33.9,2.5,3338.4,5179.2,0.39194139194139194,17.8,877.0
1225,5,transformer,kfold,Afif - TVTC,23.92118,42.94815,01-05-2018 00:00,7499.6,7437.6064453125,-61.993554687500364,61.993554687500364,3843.2008227920983,0.8266248158235154,30.7,4.3,3497.6,5083.6,0.4075886822355847,19.1,893.8
1230,5,transformer,kfold,Afif - TVTC,23.92118,42.94815,01-10-2018 00:00,5498.5,5424.705078125,-73.794921875,73.794921875,5445.6904945373535,1.342091877330181,26.4,3.9,1913.0,5582.8,0.25520958403372557,33.6,898.2
1236,5,transformer,kfold,Afif - TVTC,23.92118,42.94815,01-04-2019 00:00,7156.5,7121.330078125,-35.169921875,35.169921875,1236.9234046936035,0.4914402553622581,24.4,4.0,2643.4,6163.0,0.3001680595930233,28.6,895.4
1260,5,transformer,kfold,Afif - TVTC,23.92118,42.94815,01-09-2021 00:00,6930.7,7087.06396484375,156.36396484375018,156.36396484375018,24449.689501657544,2.256106379496302,32.7,3.3,2300.2,6470.7,0.26225358857129827,13.1,893.2
1274,5,transformer,kfold,Riyadh - K.A.CARE HQ,24.707744,46.6792,01-05-2018 00:00,7086.7,7093.9580078125,7.258007812500182,7.258007812500182,52.678677406313675,0.10241731430002939,33.3,3.2,3467.3,4535.6,0.4332554449012233,16.8,934.2
1278,5,transformer,kfold,Riyadh - K.A.CARE HQ,24.707744,46.6792,01-09-2018 00:00,6539.8,6618.28173828125,78.48173828124982,78.48173828124982,6159.383243646593,1.2000632784068292,37.4,2.9,2324.2,5837.6,0.2847656154279693,12.6,933.7
1296,5,transformer,kfold,Riyadh - K.A.CARE HQ,24.707744,46.6792,01-03-2020 00:00,6299.3,6350.65771484375,51.35771484374982,51.35771484374982,2637.6148739719206,0.8152924109623263,23.1,3.0,2696.3,5170.0,0.342765976380255,24.0,937.3
1329,5,transformer,kfold,Majmaah - University,25.85891,45.41889,01-03-2018 00:00,6130.1,6196.79931640625,66.69931640624964,66.69931640624964,4448.7988090610015,1.08806245259049,23.7,3.4,2598.0,5142.9,0.3356198891601752,26.2,933.4
1331,5,transformer,kfold,Majmaah - University,25.85891,45.41889,01-05-2018 00:00,7065.5,6939.9306640625,-125.5693359375,125.5693359375,15767.658127784729,1.777217973781049,30.8,3.7,3902.2,3921.6,0.49876019325647386,21.9,929.4
1381,5,transformer,kfold,Hagl - SWCC,29.28997,34.93002,01-04-2018 00:00,6662.6,6667.8896484375,5.289648437499636,5.289648437499636,27.980380592342343,0.07939315638789116,24.8,5.9,2386.5,5939.1,0.2866460074949553,44.6,1008.0
1394,5,transformer,kfold,Hagl - SWCC,29.28997,34.93002,01-05-2019 00:00,7078.2,6929.98681640625,-148.21318359374982,148.21318359374982,21967.14779099459,2.0939389052831205,28.3,5.8,2163.4,6630.6,0.2460086422560837,40.5,1007.0
1422,5,transformer,kfold,Al Wajh - TVTC,26.256,36.443,01-01-2017 00:00,4200.7,4036.722900390625,-163.97709960937482,163.97709960937482,26888.48919630283,3.9035660630222306,19.5,2.9,1323.6,5446.0,0.19552115339163317,47.2,1013.9
1429,5,transformer,kfold,Al Wajh - TVTC,26.256,36.443,01-06-2018 00:00,8075.8,8127.865234375,52.06523437499982,52.06523437499982,2710.7886305236625,0.6447068324500337,30.1,3.1,2297.0,7721.7,0.22927126273867865,58.8,1003.2
1431,5,transformer,kfold,Al Wajh - TVTC,26.256,36.443,01-02-2019 00:00,5101.3,5177.80078125,76.50078124999982,76.50078124999982,5852.369531860324,1.4996330592201952,20.5,2.9,1733.3,5780.7,0.23067607133351078,43.8,1013.3
1444,5,transformer,kfold,Al Ahsa - KFU,25.34616,49.5956,01-04-2017 00:00,6136.1,6301.802734375,165.70273437499964,165.70273437499964,27457.396179351686,2.7004568761102266,30.0,2.0,3259.5,3821.9,0.4602903380687435,21.6,993.7
1446,5,transformer,kfold,Al Ahsa - KFU,25.34616,49.5956,01-11-2017 00:00,4347.2,4407.69677734375,60.49677734375018,60.49677734375018,3659.860068979285,1.3916262730895792,23.7,1.4,1673.0,4803.4,0.25832252485948987,37.8,998.8
1463,5,transformer,kfold,Al Jubail - SWCC,26.9042,49.76274,01-05-2017 00:00,6296.3,6245.7587890625,-50.54121093750018,50.54121093750018,2554.414003028888,0.8027128779997805,31.9,0.0,2872.1,4323.0,0.3991744381593028,49.5,1006.2
1464,5,transformer,kfold,Al Jubail - SWCC,26.9042,49.76274,01-06-2017 00:00,6948.8,6605.244140625,-343.5558593750002,343.5558593750002,118030.6285108949,4.94410343332662,34.2,0.0,1737.5,6898.8,0.2011856929472112,45.9,1000.6
1468,5,transformer,kfold,Al Jubail - SWCC,26.9042,49.76274,01-03-2018 00:00,5957.0,6093.490234375,136.490234375,136.490234375,18629.58407974243,2.29125792135303,23.4,0.0,2331.4,5397.0,0.301666580404741,56.2,1013.4
1474,5,transformer,kfold,Al Jubail - SWCC,26.9042,49.76274,01-09-2018 00:00,6083.9,6284.96923828125,201.06923828125036,201.06923828125036,40428.83858300224,3.304939895153608,33.1,0.0,2228.5,5429.9,0.2909876736655176,63.5,1005.0
1480,5,transformer,kfold,Al Jubail - SWCC,26.9042,49.76274,01-03-2019 00:00,5465.2,5470.49365234375,5.293652343750182,5.293652343750182,28.022755136491796,0.09686109097105654,19.8,0.0,2306.3,4794.0,0.3248172612424827,57.8,1014.4
1481,5,transformer,kfold,Al Jubail - SWCC,26.9042,49.76274,01-04-2019 00:00,5869.6,5781.50390625,-88.09609375000036,88.09609375000036,7760.9217340088535,1.500887517888789,24.6,0.0,2808.2,4115.9,0.40556895481001143,54.2,1011.1
1483,5,transformer,kfold,Al Jubail - SWCC,26.9042,49.76274,01-06-2019 00:00,7163.6,6984.41845703125,-179.18154296875036,179.18154296875036,32106.025340662134,2.5012778905682946,35.4,0.0,2053.7,6714.8,0.23421337743057533,41.9,1000.8
1506,5,transformer,kfold,Al Jubail - SWCC,26.9042,49.76274,01-11-2021 00:00,4147.8,4164.9140625,17.114062499999818,17.114062499999818,292.8911352539,0.41260577896715894,24.0,0.0,1445.8,5032.5,0.22317583316610837,59.0,1014.7
1509,5,transformer,kfold,Hafar Al Batin - TVTC,28.33202,45.95708,01-02-2017 00:00,4710.6,4758.6845703125,48.084570312499636,48.084570312499636,2312.1259021377214,1.020773793412721,12.3,4.4,1876.9,5046.3,0.27110295816963254,36.8,973.8
1524,5,transformer,kfold,Hafar Al Batin - TVTC,28.33202,45.95708,01-10-2018 00:00,5214.2,5224.3662109375,10.166210937500182,10.166210937500182,103.35184482574833,0.1949716339515205,28.5,4.0,2070.6,5040.5,0.2911785799665312,28.0,968.9
1525,5,transformer,kfold,Hafar Al Batin - TVTC,28.33202,45.95708,01-11-2018 00:00,3269.8,3299.27880859375,29.478808593749818,29.478808593749818,869.0001561069381,0.9015477580815284,17.4,3.9,1705.9,3019.9,0.3609759194210504,78.1,972.2
1526,5,transformer,kfold,Hafar Al Batin - TVTC,28.33202,45.95708,01-12-2018 00:00,3483.6,3414.045654296875,-69.55434570312491,69.55434570312491,4837.807006189811,1.9966226232381705,15.0,4.1,1556.9,3977.4,0.28131832390726924,66.6,973.8
1537,5,transformer,kfold,Hafar Al Batin - TVTC,28.33202,45.95708,01-12-2019 00:00,3700.1,3651.816650390625,-48.28334960937491,48.28334960937491,2331.2818495011243,1.3049201267364372,14.5,4.5,1121.3,5525.4,0.16870025727052523,52.2,972.1
1563,5,transformer,kfold,Al Dhahran - KFUPM,26.30355,50.14412,01-06-2017 00:00,7197.4,7048.37451171875,-149.02548828124964,149.02548828124964,22208.59615746487,2.070546145569923,36.5,2.3,1893.0,7104.6,0.21038943718324885,25.8,993.4
1576,5,transformer,kfold,Al Dhahran - KFUPM,26.30355,50.14412,01-11-2018 00:00,3505.6,3574.607177734375,69.00717773437509,69.00717773437509,4761.990578863633,1.9684840750335206,24.3,1.7,1717.6,3235.4,0.3467797294568948,69.9,1009.0
1609,5,transformer,kfold,Jeddah - KAU,21.49604,39.24492,01-09-2017 00:00,5981.7,6072.07080078125,90.37080078125018,90.37080078125018,8166.8816338444085,1.51078791616514,33.9,3.6,2723.3,4310.0,0.3872008872079963,77.9,998.8
1611,5,transformer,kfold,Jeddah - KAU,21.49604,39.24492,01-11-2017 00:00,4469.3,4552.4814453125,83.18144531249982,83.18144531249982,6919.152844276398,1.8611739044704947,29.2,3.3,1802.6,4521.0,0.28505914352583966,83.0,1005.0
1621,5,transformer,kfold,Jeddah - KAU,21.49604,39.24492,01-12-2018 00:00,3797.9,3803.116943359375,5.216943359374909,5.216943359374909,27.21649801492596,0.1373638947675007,25.7,3.7,1753.3,3762.9,0.31784561836046554,62.6,1007.5
1624,5,transformer,kfold,Jeddah - KAU,21.49604,39.24492,01-03-2019 00:00,6041.3,6056.83935546875,15.539355468749818,15.539355468749818,241.47156838416487,0.2572187355163594,25.1,4.4,2348.2,5361.8,0.3045654993514915,51.9,1005.3
1627,5,transformer,kfold,Jeddah - KAU,21.49604,39.24492,01-06-2019 00:00,6589.8,6505.53271484375,-84.26728515625018,84.26728515625018,7100.975347604783,1.2787533029264952,34.9,4.5,3057.6,4456.4,0.40692041522491346,43.8,997.4
0,6,transformer,kfold,Sharurah - TVTC,17.47586,47.08618,01-05-2017 00:00,7400.9,7448.3154296875,47.415429687500364,47.415429687500364,2248.222972450291,0.6406711303692844,34.5,3.8,2866.0,5908.4,0.3266320204230489,19.9,926.6
33,6,transformer,kfold,Sharurah - TVTC,17.47586,47.08618,01-04-2021 00:00,7598.6,7509.28759765625,-89.31240234375036,89.31240234375036,7976.7052124119455,1.1753797060478295,30.1,3.7,2565.5,6611.2,0.27956672878049843,19.5,929.0
42,6,transformer,kfold,Layla - TVTC,22.27948,46.73319,01-02-2017 00:00,4616.1,4556.61474609375,-59.485253906250364,59.485253906250364,3538.495432291074,1.288647427617477,16.9,2.5,2531.8,3249.8,0.4379064618790646,44.6,955.1
52,6,transformer,kfold,Layla - TVTC,22.27948,46.73319,01-05-2018 00:00,7406.8,7404.33740234375,-2.462597656250182,2.462597656250182,6.064387216568889,0.033247794678541095,33.3,2.8,3444.5,5047.0,0.40564093505269977,17.9,946.1
60,6,transformer,kfold,Layla - TVTC,22.27948,46.73319,01-01-2019 00:00,4759.5,4832.29638671875,72.79638671875,72.79638671875,5299.313919305801,1.5294965168347516,18.4,2.5,2151.3,4667.5,0.31549539508417906,34.2,955.3
62,6,transformer,kfold,Layla - TVTC,22.27948,46.73319,01-03-2019 00:00,6304.4,6342.107421875,37.707421875000364,37.707421875000364,1421.849664459256,0.5981127763942701,22.9,2.7,3166.7,4375.8,0.4198475306595956,24.4,950.8
68,6,transformer,kfold,Layla - TVTC,22.27948,46.73319,01-09-2019 00:00,6903.7,6850.50634765625,-53.19365234374982,53.19365234374982,2829.5646496677205,0.770509326067903,35.5,2.4,2127.3,6621.3,0.24315890542486798,16.9,944.7
71,6,transformer,kfold,Layla - TVTC,22.27948,46.73319,01-12-2019 00:00,4472.2,4438.9638671875,-33.23613281249982,33.23613281249982,1104.6405243301272,0.7431718798913246,18.8,2.3,1374.2,5895.9,0.18902078375813264,43.1,954.4
74,6,transformer,kfold,Layla - TVTC,22.27948,46.73319,01-03-2020 00:00,6578.6,6593.65966796875,15.059667968749636,15.059667968749636,226.7935993289838,0.2289190400503091,24.3,2.6,3107.7,4811.8,0.392411137066734,23.7,949.9
77,6,transformer,kfold,Layla - TVTC,22.27948,46.73319,01-09-2020 00:00,7018.5,7073.3486328125,54.8486328125,54.8486328125,3008.3725214004517,0.781486540037045,35.0,2.2,2071.4,6883.4,0.23131728235136467,14.4,944.7
80,6,transformer,kfold,Layla - TVTC,22.27948,46.73319,01-12-2020 00:00,4621.5,4598.34521484375,-23.15478515625,23.15478515625,536.1440756320953,0.501023156037001,18.0,2.3,1407.7,6100.6,0.1874858489937802,44.0,955.6
82,6,transformer,kfold,Layla - TVTC,22.27948,46.73319,01-02-2021 00:00,5678.9,5542.47314453125,-136.42685546874964,136.42685546874964,18612.286893091103,2.4023465014131196,19.6,2.6,1881.4,6161.0,0.23393514373818763,31.9,953.9
84,6,transformer,kfold,Layla - TVTC,22.27948,46.73319,01-04-2021 00:00,7200.0,7228.078125,28.078125,28.078125,788.381103515625,0.3899739583333333,29.8,2.3,2991.0,5516.0,0.35159280592453274,15.4,949.1
92,6,transformer,kfold,Osfan - KAU,21.89252,39.2539,01-01-2017 00:00,4327.0,4273.6337890625,-53.3662109375,53.3662109375,2847.9524698257446,1.2333305046799168,24.4,2.9,1567.1,4919.9,0.24157545860952673,71.7,1001.7
94,6,transformer,kfold,Osfan - KAU,21.89252,39.2539,01-03-2017 00:00,5568.6,5670.57470703125,101.97470703124964,101.97470703124964,10398.840874109193,1.831244963388457,25.9,3.6,2671.2,4086.5,0.395282418574367,64.0,997.8
97,6,transformer,kfold,Osfan - KAU,21.89252,39.2539,01-10-2017 00:00,5653.9,5648.47412109375,-5.425878906249636,5.425878906249636,29.44016190528475,0.09596701226144141,30.6,2.7,1764.7,5868.9,0.23117533011947183,72.4,996.7
102,6,transformer,kfold,Osfan - KAU,21.89252,39.2539,01-06-2018 00:00,7254.0,7334.40283203125,80.40283203125,80.40283203125,6464.615398645401,1.1083930525399779,33.9,3.3,3114.1,5273.3,0.3712831151489139,46.5,991.6
104,6,transformer,kfold,Osfan - KAU,21.89252,39.2539,01-08-2018 00:00,6917.8,6917.873046875,0.0730468749998181,0.0730468749998181,0.005335845947239051,0.001055926378325741,34.5,3.2,2527.4,5710.6,0.30679776644816703,51.0,992.0
105,6,transformer,kfold,Osfan - KAU,21.89252,39.2539,01-09-2018 00:00,6019.8,6181.83349609375,162.03349609374982,162.03349609374982,26254.85385636324,2.691675738292797,33.7,2.9,3098.6,3795.7,0.4494437433822143,64.1,993.4
110,6,transformer,kfold,Osfan - KAU,21.89252,39.2539,01-02-2019 00:00,4778.0,4742.123046875,-35.876953125,35.876953125,1287.1557655334473,0.750878047823357,24.5,3.7,2226.6,4016.0,0.35667830711562487,54.3,1000.8
117,6,transformer,kfold,Osfan - KAU,21.89252,39.2539,01-09-2019 00:00,6188.8,6230.85888671875,42.05888671874982,42.05888671874982,1768.9499520206298,0.6795967993593235,32.9,3.0,2592.7,4759.2,0.35265713625049305,61.5,992.8
118,6,transformer,kfold,Osfan - KAU,21.89252,39.2539,01-10-2019 00:00,5377.9,5586.62353515625,208.72353515625036,208.72353515625036,43565.51412812248,3.881134553566455,31.6,2.9,2163.3,4866.9,0.3077152854826321,59.4,996.8
125,6,transformer,kfold,Osfan - KAU,21.89252,39.2539,01-10-2020 00:00,5750.3,5878.5703125,128.27031249999982,128.27031249999982,16453.27306884761,2.2306716606090085,32.8,3.1,1698.5,6251.9,0.21363704970819078,45.7,996.6
132,6,transformer,kfold,Osfan - KAU,21.89252,39.2539,01-05-2021 00:00,7387.0,7416.5341796875,29.5341796875,29.5341796875,872.2677698135376,0.3998129103492622,32.4,2.7,2251.1,6793.0,0.24890259948474694,53.1,994.1
137,6,transformer,kfold,Osfan - KAU,21.89252,39.2539,01-11-2021 00:00,4506.5,4492.1494140625,-14.3505859375,14.3505859375,205.93931674957275,0.31844193803395093,28.5,2.5,1386.1,5330.4,0.20637236655996424,62.1,998.9
145,6,transformer,kfold,Al Farshah - TQ TVTC,17.7749,43.17555,01-11-2017 00:00,5619.6,5289.85498046875,-329.74501953125036,329.74501953125036,108731.77790566468,5.86776673662272,25.7,2.2,1173.5,7198.1,0.14017631038272252,38.8,894.6
165,6,transformer,kfold,Al Farshah - TQ TVTC,17.7749,43.17555,01-10-2019 00:00,5675.7,5532.13134765625,-143.56865234374982,143.56865234374982,20611.9579358005,2.529532081395243,27.5,2.3,1690.2,5970.7,0.22062681930321504,43.6,893.3
182,6,transformer,kfold,Al Farshah - TQ TVTC,17.7749,43.17555,01-11-2021 00:00,5462.0,5195.79296875,-266.20703125,266.20703125,70866.18348693848,4.8738013777004765,26.0,2.2,1185.4,6978.5,0.14520021068361938,34.0,894.7
183,6,transformer,kfold,Hada Al Sham - KAU,21.80117,39.72854,01-01-2017 00:00,4408.1,4349.6826171875,-58.417382812500364,58.417382812500364,3412.590614662213,1.325228166613742,24.6,1.7,1576.4,4993.9,0.23992816157557498,61.0,987.8
194,6,transformer,kfold,Hada Al Sham - KAU,21.80117,39.72854,01-05-2018 00:00,7265.9,7328.74365234375,62.843652343750364,62.843652343750364,3949.3246399021605,0.8649121560130247,33.9,2.5,3206.6,5161.2,0.38320705561796414,28.4,980.4
204,6,transformer,kfold,Hada Al Sham - KAU,21.80117,39.72854,01-03-2019 00:00,6230.3,6279.6689453125,49.36894531249982,49.36894531249982,2437.2927612685976,0.7924007722340788,24.6,2.5,2349.6,5648.3,0.2937771164930794,41.6,985.8
223,6,transformer,kfold,Hada Al Sham - KAU,21.80117,39.72854,01-01-2021 00:00,4611.0,4703.90380859375,92.90380859375,92.90380859375,8631.117651224136,2.0148299413088266,24.0,1.8,1760.7,5016.3,0.2598052235502435,51.5,987.5
228,6,transformer,kfold,Hada Al Sham - KAU,21.80117,39.72854,01-07-2021 00:00,6766.8,6843.9580078125,77.15800781249982,77.15800781249982,5953.358169593783,1.1402436574525598,34.3,2.0,3150.5,4548.7,0.4091983582709892,38.0,977.1
232,6,transformer,kfold,Hada Al Sham - KAU,21.80117,39.72854,01-11-2021 00:00,4633.4,4631.70166015625,-1.6983398437496362,1.6983398437496362,2.8843582248675386,0.03665428937172781,27.7,1.2,1433.6,5484.8,0.2072155411655874,50.8,985.4
235,6,transformer,kfold,Dammam - IAFU,26.394974,50.188715,01-02-2017 00:00,3697.9,3636.13427734375,-61.76572265625009,61.76572265625009,3815.0044952488056,1.6702918590619023,15.3,3.1,1811.4,3093.4,0.3693116946664492,59.1,1017.7
238,6,transformer,kfold,Dammam - IAFU,26.394974,50.188715,01-05-2017 00:00,5818.6,5928.10888671875,109.50888671874964,109.50888671874964,11992.19627037994,1.8820487182268868,32.3,3.6,2971.0,3669.4,0.44741280645744236,34.6,1004.7
248,6,transformer,kfold,Dammam - IAFU,26.394974,50.188715,01-01-2019 00:00,3912.7,4475.87353515625,563.1735351562502,563.1735351562502,317164.43070038815,14.393475992441287,18.2,0.0,3909.6,5.1,0.9986972181776381,56.8,1017.6
249,6,transformer,kfold,Dammam - IAFU,26.394974,50.188715,01-02-2019 00:00,4356.1,4657.73974609375,301.63974609374964,301.63974609374964,90986.53642350175,6.924536766689232,17.7,0.0,3558.3,817.9,0.8131026918330972,60.1,1016.2
250,6,transformer,kfold,Dammam - IAFU,26.394974,50.188715,01-03-2019 00:00,5804.1,5747.15283203125,-56.947167968750364,56.947167968750364,3242.9799396610674,0.9811541491144253,19.7,0.0,2153.9,5480.2,0.28214196827392884,53.2,1013.0
267,6,transformer,kfold,Timaa - TVTC,27.6173,38.5252,01-03-2018 00:00,6509.7,6606.9970703125,97.29707031250018,97.29707031250018,9466.719891395604,1.4946475308001934,22.8,2.4,2201.9,6702.4,0.24728501959727325,21.6,918.5
280,6,transformer,kfold,Timaa - TVTC,27.6173,38.5252,01-04-2019 00:00,7251.2,7157.52783203125,-93.67216796874982,93.67216796874982,8774.475051965679,1.29181608518245,21.9,2.8,2292.5,6982.3,0.24717514124293788,25.1,917.6
281,6,transformer,kfold,Timaa - TVTC,27.6173,38.5252,01-05-2019 00:00,7953.8,8019.8564453125,66.05644531249982,66.05644531249982,4363.453967323279,0.8305017138034627,30.3,2.5,2357.2,7511.2,0.2388634429086782,14.3,916.6
302,6,transformer,kfold,Timaa - TVTC,27.6173,38.5252,01-05-2021 00:00,8199.1,8247.6591796875,48.559179687499636,48.559179687499636,2357.9939319228774,0.5922501212023227,30.6,2.3,2093.4,8362.2,0.200218064960404,14.4,916.1
305,6,transformer,kfold,Timaa - TVTC,27.6173,38.5252,01-09-2021 00:00,6691.9,6866.0908203125,174.19082031250036,174.19082031250036,30342.44188114179,2.6030099121699424,31.2,2.3,1884.6,7036.9,0.21124250406321807,22.2,915.8
307,6,transformer,kfold,Timaa - TVTC,27.6173,38.5252,01-11-2021 00:00,4512.3,4448.1064453125,-64.19355468750018,64.19355468750018,4120.812463417076,1.4226349021009281,20.3,1.9,1236.1,6313.6,0.16372836006728742,33.7,920.8
329,6,transformer,kfold,Hail - TVTC,27.65261,41.70826,01-05-2019 00:00,6724.6,6815.4912109375,90.89121093749964,90.89121093749964,8261.212225685054,1.3516225639814952,29.3,3.5,2655.1,5407.0,0.3293310675878493,14.8,907.8
334,6,transformer,kfold,Hail - TVTC,27.65261,41.70826,01-11-2019 00:00,4172.4,4120.234375,-52.165624999999636,52.165624999999636,2721.252431640587,1.250254649602139,18.1,3.3,1514.5,4990.9,0.2328065914471055,44.6,911.9
359,6,transformer,kfold,Madinah - Taibah University,24.4846,39.5418,01-05-2017 00:00,6402.0,6454.8134765625,52.8134765625,52.8134765625,2789.263306617737,0.824952773547329,33.5,3.2,2688.4,4873.5,0.3555191155661937,16.9,937.3
373,6,transformer,kfold,Madinah - Taibah University,24.4846,39.5418,01-07-2019 00:00,7652.5,7627.76123046875,-24.73876953125,24.73876953125,612.0067179203033,0.3232769621855603,36.6,3.0,2073.5,7454.2,0.2176285987174239,12.1,932.9
388,6,transformer,kfold,Al Hanakiyah - TVTC,24.85577,40.536,01-03-2018 00:00,6591.4,6680.48779296875,89.08779296875036,89.08779296875036,7936.634856042927,1.3515761897131167,26.6,3.2,2257.7,6409.3,0.2604938271604938,20.0,916.2
404,6,transformer,kfold,Al Hanakiyah - TVTC,24.85577,40.536,01-07-2019 00:00,7958.2,7966.8740234375,8.674023437500182,8.674023437500182,75.23868259430247,0.10899479075042323,36.8,3.5,2221.4,7618.1,0.2257635042431018,12.2,909.8
421,6,transformer,kfold,Al Hanakiyah - TVTC,24.85577,40.536,01-03-2021 00:00,6589.8,6760.39453125,170.59453124999982,170.59453124999982,29102.494092407163,2.5887664458708883,25.6,3.5,2560.5,5854.2,0.3042889229562551,21.5,916.1
434,6,transformer,kfold,Tabuk - University,28.38287,36.48396,01-01-2017 00:00,4028.6,4005.983154296875,-22.61684570312491,22.61684570312491,511.5217095589597,0.5614070819422358,11.2,2.1,1282.3,5592.6,0.18651907664111475,36.7,929.7
436,6,transformer,kfold,Tabuk - University,28.38287,36.48396,01-03-2017 00:00,6312.4,6002.59228515625,-309.80771484374964,309.80771484374964,95980.82017670608,4.907922736894836,17.7,2.6,1617.6,7280.9,0.1817834466483115,25.8,925.4
445,6,transformer,kfold,Tabuk - University,28.38287,36.48396,01-07-2018 00:00,8157.9,8167.7568359375,9.856835937500364,9.856835937500364,97.15721469879868,0.12082565289474453,31.6,2.8,1839.3,8659.4,0.17519311914808502,19.7,921.0
446,6,transformer,kfold,Tabuk - University,28.38287,36.48396,01-08-2018 00:00,7802.0,7893.3134765625,91.3134765625,91.3134765625,8338.151001930237,1.170385498109459,31.0,2.8,1266.2,9316.7,0.11964584376683139,23.9,922.0
448,6,transformer,kfold,Tabuk - University,28.38287,36.48396,01-04-2019 00:00,6681.0,6347.35791015625,-333.64208984375,333.64208984375,111317.04411530495,4.993894474535997,20.6,2.7,2060.7,6569.1,0.2387888479454912,23.4,925.8
457,6,transformer,kfold,Tabuk - University,28.38287,36.48396,01-01-2020 00:00,4191.2,4273.234375,82.03437500000018,82.03437500000018,6729.638681640655,1.9573004151555686,10.3,1.9,1060.0,6498.1,0.1402468874452574,42.2,930.3
465,6,transformer,kfold,Tabuk - University,28.38287,36.48396,01-10-2021 00:00,5489.4,5529.83349609375,40.433496093750364,40.433496093750364,1634.8676063633259,0.7365740535167845,25.3,2.4,1432.5,6797.3,0.17406255316046565,25.4,927.3
480,6,transformer,kfold,Farasan - SWCC,16.692097,42.098767,01-03-2018 00:00,6545.1,6441.12548828125,-103.97451171875036,103.97451171875036,10810.699087152556,1.5885855329750553,28.1,3.4,2369.4,5679.6,0.2943719716734998,73.7,1008.6
507,6,transformer,kfold,Farasan - SWCC,16.692097,42.098767,01-05-2021 00:00,6185.8,6171.7353515625,-14.064648437500182,14.064648437500182,197.8143356704763,0.22736991880597793,32.4,3.2,2516.2,4683.6,0.34948193005361256,70.1,1004.5
519,6,transformer,kfold,Al Khafji - SWCC,28.50676,48.455128,01-07-2018 00:00,7416.9,7537.181640625,120.28164062500036,120.28164062500036,14467.673071441737,1.621723909247804,36.4,4.0,2899.6,5875.5,0.3304349807979396,21.6,996.6
533,6,transformer,kfold,Al Khafji - SWCC,28.50676,48.455128,01-09-2021 00:00,6523.0,6648.64697265625,125.64697265625,125.64697265625,15787.161737680435,1.9262145125900658,32.2,0.0,1749.5,6997.5,0.2000114324911398,31.5,1003.5
541,6,transformer,kfold,Riyadh - KSU,24.72359,46.61639,01-09-2017 00:00,6742.2,6668.28125,-73.91874999999982,73.91874999999982,5463.981601562473,1.096359496900119,35.1,1.6,2054.9,6637.3,0.23640735371942662,12.7,934.6
545,6,transformer,kfold,Riyadh - KSU,24.72359,46.61639,01-04-2018 00:00,6105.1,6014.3564453125,-90.74355468750036,90.74355468750036,8234.39271732337,1.4863565656172768,26.9,2.2,3399.3,3434.4,0.4974318451205057,33.4,936.7
603,6,transformer,kfold,Jazan - University,16.96035,42.545865,01-05-2019 00:00,6336.4,6309.3818359375,-27.018164062499636,27.018164062499636,729.9811893081469,0.42639612496843066,32.9,0.0,2598.0,4736.9,0.35419705790126654,58.4,1007.0
609,6,transformer,kfold,Jazan - University,16.96035,42.545865,01-11-2019 00:00,4841.9,4795.91796875,-45.982031249999636,45.982031249999636,2114.347197875943,0.9496691639645518,29.3,0.0,1881.3,4659.0,0.2876473556258887,63.9,1010.6
644,6,transformer,kfold,Riyadh - K.A.CARE City T2,24.52958,46.43635,01-08-2018 00:00,6973.3,6821.984375,-151.31562500000018,151.31562500000018,22896.41836914068,2.169928513042608,34.9,3.8,2200.2,6321.8,0.2581788312602675,13.1,905.2
666,6,transformer,kfold,Riyadh - K.A.CARE City T2,24.52958,46.43635,01-09-2020 00:00,6797.3,6815.712890625,18.412890624999818,18.412890624999818,339.0345411682062,0.27088536073146424,32.8,3.3,1985.8,6821.4,0.22547461168135163,15.0,908.8
673,6,transformer,kfold,Riyadh - K.A.CARE City T2,24.52958,46.43635,01-11-2021 00:00,4901.4,4850.1396484375,-51.260351562499636,51.260351562499636,2627.623642311059,1.0458308149202196,21.6,3.1,1419.9,6272.1,0.18459438377535103,31.1,914.8
676,6,transformer,kfold,Arar - TVTC,31.027395,40.906419,01-02-2017 00:00,4507.6,4336.4892578125,-171.11074218750036,171.11074218750036,29278.886091957218,3.796049831118563,9.0,3.4,1425.7,5677.6,0.2007095293736714,27.3,952.7
688,6,transformer,kfold,Arar - TVTC,31.027395,40.906419,01-12-2018 00:00,3390.0,3414.88525390625,24.88525390625,24.88525390625,619.2758619785309,0.734078286320059,11.7,2.7,1226.3,4918.7,0.19956061838893407,66.5,951.8
695,6,transformer,kfold,Arar - TVTC,31.027395,40.906419,01-07-2019 00:00,8295.1,8377.9189453125,82.81894531249964,82.81894531249964,6858.977702674805,0.9984080398367666,33.9,4.0,1512.2,9517.0,0.1371087658216371,13.0,939.1
716,6,transformer,kfold,Taif - University,21.43278,40.49173,01-11-2017 00:00,5215.9,5257.76123046875,41.861230468750364,41.861230468750364,1752.3626163578338,0.8025696518098577,20.0,2.3,1409.4,6571.4,0.17659883720930236,42.1,850.6
733,6,transformer,kfold,Taif - University,21.43278,40.49173,01-01-2021 00:00,5078.9,5107.48193359375,28.581933593750364,28.581933593750364,816.9269279575556,0.5627583451879417,16.5,2.2,1373.4,6610.2,0.17202765669622727,46.8,850.6
737,6,transformer,kfold,Rania - TVTC,21.21501,42.84853,01-02-2017 00:00,4696.4,4602.94482421875,-93.45517578124964,93.45517578124964,8733.869880304268,1.9899321987319998,17.8,3.4,2489.3,3360.3,0.4255504649890591,36.1,912.8
746,6,transformer,kfold,Rania - TVTC,21.21501,42.84853,01-04-2019 00:00,6275.2,6042.5439453125,-232.65605468749982,232.65605468749982,54128.839782752904,3.7075480412974855,26.6,3.3,2881.5,4203.2,0.4067215266701484,30.5,909.1
762,6,transformer,kfold,Rania - TVTC,21.21501,42.84853,01-07-2021 00:00,7095.6,7052.599609375,-43.000390625000364,43.000390625000364,1849.0335939026193,0.60601486308417,36.1,4.2,3245.5,4820.7,0.40235798765217823,14.2,902.2
770,6,transformer,kfold,Al Baha - University,20.1794,41.6357,01-06-2018 00:00,6996.7,7046.1728515625,49.47285156250018,49.47285156250018,2447.563041725177,0.7070883639787354,29.3,2.8,3295.4,4686.4,0.41286426620561784,17.9,832.4
771,6,transformer,kfold,Al Baha - University,20.1794,41.6357,01-07-2018 00:00,6665.0,6673.83154296875,8.83154296875,8.83154296875,77.99615120887756,0.13250627109902474,28.6,3.1,3105.6,4438.7,0.4116485293532866,21.9,831.6
778,6,transformer,kfold,Al Baha - University,20.1794,41.6357,01-08-2019 00:00,6362.0,6333.55517578125,-28.44482421875,28.44482421875,809.1080248355865,0.4471050647398617,27.8,0.0,2624.2,4751.7,0.3557803115552,28.3,832.4
788,6,transformer,kfold,Al Baha - University,20.1794,41.6357,01-10-2020 00:00,6661.9,6226.21875,-435.68124999999964,435.68124999999964,189818.1516015622,6.53989477476395,22.9,2.5,1150.5,8582.6,0.11820488847335381,15.4,835.9
796,6,transformer,kfold,Al Baha - University,20.1794,41.6357,01-12-2021 00:00,5053.8,5010.94921875,-42.85078125000018,42.85078125000018,1836.1894537353671,0.8478923038109973,17.6,2.4,989.7,7569.3,0.11563266736768314,35.9,836.1
799,6,transformer,kfold,Thuwal - KAUST,22.3065,39.107,01-03-2017 00:00,5726.5,5734.138671875,7.638671875,7.638671875,58.349308013916016,0.1333916331965424,24.6,2.6,2544.1,4485.6,0.36190733601718417,83.6,1008.4
824,6,transformer,kfold,Thuwal - KAUST,22.3065,39.107,01-09-2019 00:00,5908.1,5900.18798828125,-7.912011718750364,7.912011718750364,62.599929437643084,0.1339180399578606,30.9,0.0,2469.5,4619.7,0.34834678101901484,78.0,1002.8
826,6,transformer,kfold,Thuwal - KAUST,22.3065,39.107,01-11-2019 00:00,4486.9,4538.232421875,51.332421875000364,51.332421875000364,2635.017535553016,1.1440509455303298,28.1,0.0,1567.2,5053.0,0.23673000815685327,63.0,1008.6
844,6,transformer,kfold,Al Jouf - TVTC,29.77634,40.02318,01-02-2017 00:00,4767.7,4588.18798828125,-179.51201171874982,179.51201171874982,32224.562351312572,3.7651700341621708,9.9,4.1,1533.8,5815.4,0.20870298808033527,26.7,941.3
847,6,transformer,kfold,Al Jouf - TVTC,29.77634,40.02318,01-09-2017 00:00,6433.7,6667.2734375,233.57343750000018,233.57343750000018,54556.55070556649,3.6304682764194816,32.5,3.6,2436.7,5772.3,0.2968327445486661,14.8,934.1
849,6,transformer,kfold,Al Jouf - TVTC,29.77634,40.02318,01-11-2017 00:00,3972.7,3984.16259765625,11.462597656250182,11.462597656250182,131.39114502907216,0.2885341872341275,17.6,3.6,1851.0,4120.6,0.30996717797575185,42.6,939.2
852,6,transformer,kfold,Al Jouf - TVTC,29.77634,40.02318,01-05-2018 00:00,7350.8,7423.1796875,72.37968749999982,72.37968749999982,5238.81916259763,0.9846504802198375,27.7,4.7,2944.4,5943.9,0.3312669464352014,21.4,933.7
858,6,transformer,kfold,Al Jouf - TVTC,29.77634,40.02318,01-12-2018 00:00,3644.8,3663.1005859375,18.300585937499818,18.300585937499818,334.9114456558161,0.5021012384081381,12.8,3.3,1163.8,5454.8,0.17583779046928352,59.7,940.7
862,6,transformer,kfold,Al Jouf - TVTC,29.77634,40.02318,01-06-2019 00:00,7742.5,7846.4814453125,103.9814453125,103.9814453125,10812.140969276428,1.3429957418469485,33.2,4.3,2163.5,7565.8,0.22236954354372876,14.6,932.0
869,6,transformer,kfold,Al Jouf - TVTC,29.77634,40.02318,01-01-2020 00:00,3948.7,3936.6826171875,-12.017382812499818,12.017382812499818,144.41748966216605,0.3043377013320794,9.2,3.7,1333.4,5488.9,0.1954472831742961,48.9,940.4
888,6,transformer,kfold,Makkah - UQU,21.331,39.949,01-07-2018 00:00,7288.7,7339.275390625,50.57539062500018,50.57539062500018,2557.8701368713564,0.6938876702978608,36.3,2.7,3111.1,5304.7,0.3696737089759738,21.9,970.7
899,6,transformer,kfold,Makkah - UQU,21.331,39.949,01-03-2021 00:00,6393.8,6439.791015625,45.99101562499982,45.99101562499982,2115.1735182189773,0.7193064472614066,29.1,1.8,2538.4,5233.3,0.3266209452243396,33.2,976.3
916,6,transformer,kfold,Umluj - SWCC,25.00411,37.27382,01-04-2018 00:00,7208.7,7120.5283203125,-88.17167968749982,88.17167968749982,7774.245098915068,1.223128715128939,26.9,2.4,2349.4,6564.8,0.26355702138161585,58.2,1008.6
926,6,transformer,kfold,Umluj - SWCC,25.00411,37.27382,01-02-2019 00:00,5000.7,5034.501953125,33.80195312500018,33.80195312500018,1142.5720350647096,0.6759444302797646,22.2,0.4,1729.3,5524.6,0.23839589737934075,50.3,1014.4
937,6,transformer,kfold,Umluj - SWCC,25.00411,37.27382,01-01-2020 00:00,4496.6,4526.900390625,30.300390624999636,30.300390624999636,918.1136720275658,0.6738511458657571,19.7,0.0,1133.8,6545.9,0.14763597536362097,46.8,1017.4
974,6,transformer,kfold,Al Dawadmi - TVTC,24.5569,44.47411,01-05-2017 00:00,6876.5,6914.18408203125,37.68408203125,37.68408203125,1420.0900385379791,0.5480125359012579,32.4,3.0,3718.9,3915.8,0.48710492881187206,19.0,905.0
984,6,transformer,kfold,Al Dawadmi - TVTC,24.5569,44.47411,01-08-2018 00:00,7539.1,7534.34033203125,-4.759667968750364,4.759667968750364,22.654439172748216,0.06313310565916838,34.3,2.9,2127.4,7341.5,0.22467234842484346,13.3,901.1
988,6,transformer,kfold,Al Dawadmi - TVTC,24.5569,44.47411,01-12-2018 00:00,4189.0,4206.7607421875,17.7607421875,17.7607421875,315.4439630508423,0.42398525155168293,17.3,2.8,1538.3,5117.0,0.23113909215211936,51.3,910.8
994,6,transformer,kfold,Al Dawadmi - TVTC,24.5569,44.47411,01-06-2019 00:00,7720.3,7764.5625,44.26249999999982,44.26249999999982,1959.1689062499838,0.5733261660816267,35.5,0.0,2823.5,6364.0,0.30731972789115647,12.4,902.6
1004,6,transformer,kfold,Al Dawadmi - TVTC,24.5569,44.47411,01-04-2020 00:00,6967.3,6945.6845703125,-21.615429687500182,21.615429687500182,467.22680057526424,0.310241121919541,26.2,3.5,2964.8,5243.9,0.3611777747999074,30.7,905.4
1006,6,transformer,kfold,Al Dawadmi - TVTC,24.5569,44.47411,01-09-2020 00:00,6828.0,6928.0107421875,100.0107421875,100.0107421875,10002.148552894592,1.4647150291080844,32.6,2.5,1985.2,6920.8,0.2229059061306984,13.3,904.4
1010,6,transformer,kfold,Al Dawadmi - TVTC,24.5569,44.47411,01-01-2021 00:00,4557.2,4514.9345703125,-42.26542968749982,42.26542968749982,1786.366546668991,0.9274429405665721,15.8,2.8,1529.9,5629.5,0.21369109143224294,42.0,911.0
1037,6,transformer,kfold,Shaqra - University,25.17279,45.14198,01-12-2018 00:00,4008.8,3986.477783203125,-22.322216796875182,22.322216796875182,498.2813627266965,0.5568303930571538,16.9,0.4,1548.2,4811.6,0.24343532815497343,54.8,929.5
1043,6,transformer,kfold,Shaqra - University,25.17279,45.14198,01-06-2019 00:00,7617.1,7700.1806640625,83.08066406249964,83.08066406249964,6902.396741065919,1.090712529210587,36.3,1.1,2765.3,6356.2,0.3031628569862413,11.4,919.0
1049,6,transformer,kfold,Shaqra - University,25.17279,45.14198,01-12-2019 00:00,4239.8,4205.8515625,-33.94843750000018,33.94843750000018,1152.4964086914185,0.8007084650219394,16.5,0.2,1230.8,6053.3,0.1689707719553548,44.1,928.4
1052,6,transformer,kfold,Shaqra - University,25.17279,45.14198,01-03-2020 00:00,6388.6,6401.10693359375,12.506933593749636,12.506933593749636,156.4233879184632,0.19576955191668968,21.1,0.3,2721.6,5345.2,0.3373828531759806,24.1,924.8
1058,6,transformer,kfold,Shaqra - University,25.17279,45.14198,01-02-2021 00:00,5016.8,5028.4912109375,11.691210937499818,11.691210937499818,136.68441318511537,0.23304120031693146,16.7,0.0,1963.2,5167.6,0.2753127278846693,39.7,928.8
1063,6,transformer,kfold,Shaqra - University,25.17279,45.14198,01-08-2021 00:00,7483.7,7417.4619140625,-66.23808593749982,66.23808593749982,4387.484028663611,0.8850980923540471,36.2,0.0,2113.4,7255.4,0.22557851592519856,11.5,917.7
1068,6,transformer,kfold,Al Qunfudhah - TVTC,19.15197,41.08111,01-01-2017 00:00,4603.3,4612.51953125,9.219531249999818,9.219531249999818,84.99975646972321,0.20028091260616987,26.5,2.3,1731.3,4826.3,0.26401427351470047,76.5,1012.8
1073,6,transformer,kfold,Al Qunfudhah - TVTC,19.15197,41.08111,01-06-2017 00:00,5946.6,5814.79931640625,-131.80068359375036,131.80068359375036,17371.420195779898,2.2164040559941878,32.6,2.9,2959.5,3624.0,0.44953292321713373,74.7,1002.2
1074,6,transformer,kfold,Al Qunfudhah - TVTC,19.15197,41.08111,01-09-2017 00:00,5957.8,5967.6689453125,9.868945312499818,9.868945312499818,97.39608158111213,0.1656474757880395,32.2,2.8,3070.0,3642.6,0.4573488663111164,79.4,1004.5
1079,6,transformer,kfold,Al Qunfudhah - TVTC,19.15197,41.08111,01-04-2018 00:00,6652.1,6654.62255859375,2.522558593749636,2.522558593749636,6.363301858900142,0.03792123680867149,30.2,2.5,2627.6,5211.2,0.3352043680155126,70.7,1006.9
1093,6,transformer,kfold,Al Qunfudhah - TVTC,19.15197,41.08111,01-06-2019 00:00,6387.9,6318.27099609375,-69.62900390624964,69.62900390624964,4848.198184976527,1.0900139937420692,33.3,2.9,3510.2,3458.7,0.5036949877312058,73.4,1002.6
1108,6,transformer,kfold,Al Qunfudhah - TVTC,19.15197,41.08111,01-01-2021 00:00,4590.6,4556.693359375,-33.906640625000364,33.906640625000364,1149.660278472925,0.7386102170740286,26.2,2.1,1968.1,4364.5,0.3107886176294097,83.6,1011.8
1120,6,transformer,kfold,Duba - TVTC,27.34103,35.72295,01-10-2017 00:00,5606.5,5407.978515625,-198.521484375,198.521484375,39410.77975845337,3.5409165143137433,27.8,2.2,1066.2,7652.5,0.12228887334120912,52.5,1008.1
1124,6,transformer,kfold,Duba - TVTC,27.34103,35.72295,01-05-2018 00:00,7201.6,7311.64599609375,110.04599609374964,110.04599609374964,12110.12125626556,1.528077039737692,31.4,2.6,2961.0,5579.1,0.34671725155443145,38.2,1004.4
1128,6,transformer,kfold,Duba - TVTC,27.34103,35.72295,01-09-2018 00:00,6162.5,6324.98828125,162.48828125,162.48828125,26402.4415435791,2.636726673427992,31.8,2.4,2329.6,5452.0,0.2993728796134471,54.2,1003.9
1157,6,transformer,kfold,Duba - TVTC,27.34103,35.72295,01-05-2021 00:00,7911.0,7996.55322265625,85.55322265625,85.55322265625,7319.353906869888,1.081446374115156,31.7,2.6,1888.0,8243.7,0.18634582547844883,40.0,1004.5
1173,6,transformer,kfold,Najran - University,17.63228,44.53735,01-03-2018 00:00,7078.5,6984.75830078125,-93.74169921875,93.74169921875,8787.506172418594,1.3243158750971251,24.3,2.2,1944.5,7299.1,0.21036176381496385,21.3,883.1
1175,6,transformer,kfold,Najran - University,17.63228,44.53735,01-05-2018 00:00,8046.4,7971.9755859375,-74.42441406249964,74.42441406249964,5538.993408546394,0.9249405207608327,30.4,2.4,3251.0,6126.8,0.3466697946213398,20.4,880.1
1191,6,transformer,kfold,Najran - University,17.63228,44.53735,01-09-2019 00:00,7108.8,7298.34912109375,189.54912109374982,189.54912109374982,35928.869307413035,2.6664010957369713,31.5,2.3,2532.0,6208.4,0.28968925907281134,19.3,879.5
1204,6,transformer,kfold,Najran - University,17.63228,44.53735,01-02-2021 00:00,6579.8,6555.470703125,-24.329296875000182,24.329296875000182,591.9146864318936,0.3697573919420071,20.8,1.9,1926.2,7125.9,0.21279040222710752,30.6,884.3
1222,6,transformer,kfold,Afif - TVTC,23.92118,42.94815,01-11-2017 00:00,4973.7,4971.28076171875,-2.419238281249818,2.419238281249818,5.852713861464574,0.04864061526127065,21.4,4.3,1611.6,5986.5,0.21210565799344572,32.7,898.5
1226,6,transformer,kfold,Afif - TVTC,23.92118,42.94815,01-06-2018 00:00,7850.1,7862.27490234375,12.174902343749636,12.174902343749636,148.22824707984037,0.15509232167424156,34.3,3.4,3047.3,6214.8,0.3290074605111152,12.1,891.7
1227,6,transformer,kfold,Afif - TVTC,23.92118,42.94815,01-07-2018 00:00,7727.5,7775.6474609375,48.1474609375,48.1474609375,2318.1779947280884,0.6230664631187318,34.1,3.4,2838.8,6323.6,0.30983148520038417,13.2,890.2
1228,6,transformer,kfold,Afif - TVTC,23.92118,42.94815,01-08-2018 00:00,7555.9,7513.953125,-41.946874999999636,41.946874999999636,1759.5403222655946,0.5551539194536672,34.2,3.0,2169.3,7267.0,0.2298888335470471,13.2,890.9
1231,6,transformer,kfold,Afif - TVTC,23.92118,42.94815,01-11-2018 00:00,4236.3,4168.29931640625,-68.00068359375018,68.00068359375018,4624.092969217325,1.6051904632285292,20.0,4.2,1777.1,4318.1,0.2915572909830686,60.4,898.4
1249,6,transformer,kfold,Afif - TVTC,23.92118,42.94815,01-05-2020 00:00,7113.0,7067.1669921875,-45.8330078125,45.8330078125,2100.664605140686,0.6443555154294953,31.2,4.0,3419.7,4699.0,0.4212127557367559,20.2,894.9
1270,6,transformer,kfold,Riyadh - K.A.CARE HQ,24.707744,46.6792,01-10-2017 00:00,5822.8,5787.0478515625,-35.75214843750018,35.75214843750018,1278.2161178970466,0.6140026866370162,31.4,2.4,1702.9,6489.5,0.20786338557687614,16.8,937.9
1272,6,transformer,kfold,Riyadh - K.A.CARE HQ,24.707744,46.6792,01-03-2018 00:00,6302.3,6360.53564453125,58.23564453124982,58.23564453124982,3391.390293970087,0.9240379628270602,26.2,2.7,2322.3,5757.1,0.2874347104983043,21.9,938.5
1302,6,transformer,kfold,Riyadh - K.A.CARE HQ,24.707744,46.6792,01-12-2020 00:00,3870.4,3727.288818359375,-143.1111816406251,143.1111816406251,20480.810310575987,3.6975811709545545,17.3,2.5,1472.9,4618.6,0.24179594516949848,46.6,942.6
1303,6,transformer,kfold,Riyadh - K.A.CARE HQ,24.707744,46.6792,01-01-2021 00:00,4261.2,4182.93212890625,-78.26787109374982,78.26787109374982,6125.859645547838,1.8367565731190705,16.6,2.4,1517.5,5078.2,0.2300741392119108,38.3,942.7
1304,6,transformer,kfold,Riyadh - K.A.CARE HQ,24.707744,46.6792,01-02-2021 00:00,4898.9,4862.79541015625,-36.104589843749636,36.104589843749636,1303.5414077853893,0.7369938117485484,18.3,2.9,1792.8,5224.7,0.2554755967224795,36.0,941.2
1317,6,transformer,kfold,Yanbu - RCJY,23.98655,38.20451,01-03-2019 00:00,6508.9,6512.16455078125,3.264550781250364,3.264550781250364,10.65729180336236,0.05015518415170557,23.0,0.0,2012.5,6677.6,0.23158536725699358,44.1,1012.0
1320,6,transformer,kfold,Majmaah - University,25.85891,45.41889,01-01-2017 00:00,4179.1,4065.465087890625,-113.63491210937536,113.63491210937536,12912.893250105464,2.7191240245357937,14.0,3.1,1611.9,4846.9,0.2495664829380071,40.7,936.6
1325,6,transformer,kfold,Majmaah - University,25.85891,45.41889,01-06-2017 00:00,7907.4,7933.1875,25.787500000000364,25.787500000000364,664.9951562500188,0.3261185724764191,34.9,3.0,2535.3,7085.1,0.2635337408007983,10.0,926.7
1326,6,transformer,kfold,Majmaah - University,25.85891,45.41889,01-09-2017 00:00,6766.3,6803.490234375,37.19023437499982,37.19023437499982,1383.1135328674181,0.5496391584026694,32.7,2.5,2161.9,6542.7,0.24836293454035796,10.3,929.3
1335,6,transformer,kfold,Majmaah - University,25.85891,45.41889,01-09-2018 00:00,6466.1,6555.9326171875,89.83261718749964,89.83261718749964,8069.899110755855,1.3892859248619667,34.3,2.5,2471.2,5573.8,0.307172156619018,13.8,929.3
1343,6,transformer,kfold,Majmaah - University,25.85891,45.41889,01-05-2019 00:00,7049.7,7077.5576171875,27.857617187500182,27.857617187500182,776.0468353653056,0.3951603215385078,31.1,3.2,3170.8,4996.2,0.3882453777396841,23.5,930.0
1355,6,transformer,kfold,Majmaah - University,25.85891,45.41889,01-05-2020 00:00,7073.8,7027.61181640625,-46.18818359375018,46.18818359375018,2133.3483036899734,0.6529472644653536,30.8,2.6,3267.9,4921.1,0.39905971425082426,17.8,930.6
1361,6,transformer,kfold,Majmaah - University,25.85891,45.41889,01-02-2021 00:00,4928.3,5001.65380859375,73.35380859374982,73.35380859374982,5380.781235208485,1.4884201163433601,16.1,2.5,1963.9,5057.5,0.27970205372148005,44.0,936.1
1370,6,transformer,kfold,Majmaah - University,25.85891,45.41889,01-12-2021 00:00,3769.1,3782.2802734375,13.180273437500091,13.180273437500091,173.71960788727046,0.3496928560531716,16.0,1.7,1762.6,3957.5,0.3081414660582857,39.9,937.0
1378,6,transformer,kfold,Hagl - SWCC,29.28997,34.93002,01-10-2017 00:00,5308.3,5295.0556640625,-13.244335937500182,13.244335937500182,175.4124344253588,0.249502400721515,26.5,6.7,1177.5,7072.0,0.14273592338929633,57.8,1010.4
1380,6,transformer,kfold,Hagl - SWCC,29.28997,34.93002,01-03-2018 00:00,6067.1,5999.60107421875,-67.49892578125036,67.49892578125036,4556.104981622745,1.112540188578569,23.4,6.1,1877.6,6505.4,0.2239770965048312,43.1,1010.2
1403,6,transformer,kfold,Hagl - SWCC,29.28997,34.93002,01-02-2020 00:00,4778.0,4722.00732421875,-55.99267578125,55.99267578125,3135.1797411441803,1.1718852193647968,18.1,4.6,1219.8,6475.9,0.1585040996920358,51.2,1015.7
1415,6,transformer,kfold,Hagl - SWCC,29.28997,34.93002,01-05-2021 00:00,7801.4,7879.15625,77.75625000000036,77.75625000000036,6046.034414062557,0.996696105827164,29.1,5.5,1874.0,8142.2,0.18709690301711226,41.3,1006.8
1425,6,transformer,kfold,Al Wajh - TVTC,26.256,36.443,01-11-2017 00:00,4630.7,4638.6953125,7.995312500000182,7.995312500000182,63.92502197265916,0.1726588312782124,24.2,2.6,1275.5,6355.6,0.16714497254655292,50.1,1011.1
1436,6,transformer,kfold,Al Wajh - TVTC,26.256,36.443,01-02-2020 00:00,5416.4,5440.3818359375,23.981835937500364,23.981835937500364,575.128454933184,0.4427633841204558,19.2,2.8,1261.4,7373.9,0.1460748323740924,49.1,1014.7
1443,6,transformer,kfold,Al Ahsa - KFU,25.34616,49.5956,01-03-2017 00:00,4575.6,4518.765625,-56.834375000000364,56.834375000000364,3230.1461816406663,1.2421185199755302,22.3,1.6,2750.5,2633.0,0.5109129748305006,40.7,995.9
1450,6,transformer,kfold,Al Ahsa - KFU,25.34616,49.5956,01-07-2019 00:00,7450.6,7428.92333984375,-21.676660156250364,21.676660156250364,469.87759552957203,0.29093845000738683,38.8,2.0,2768.7,5921.1,0.3186149278464407,14.9,981.1
1472,6,transformer,kfold,Al Jubail - SWCC,26.9042,49.76274,01-07-2018 00:00,7378.5,7480.396484375,101.896484375,101.896484375,10382.89352798462,1.3809918597953514,35.4,0.0,2726.8,5954.3,0.314107659167617,45.6,996.6
1493,6,transformer,kfold,Al Jubail - SWCC,26.9042,49.76274,01-04-2020 00:00,5407.2,5458.00830078125,50.80830078125018,50.80830078125018,2581.483428277988,0.939641603440786,26.1,4.2,2869.8,3396.5,0.457973604838581,51.8,1009.7
1536,6,transformer,kfold,Hafar Al Batin - TVTC,28.33202,45.95708,01-11-2019 00:00,3795.8,3758.141357421875,-37.65864257812518,37.65864257812518,1418.1733608269828,0.992113456402476,19.4,3.7,1668.2,4093.0,0.289557731028258,46.4,971.4
1552,6,transformer,kfold,Hafar Al Batin - TVTC,28.33202,45.95708,01-07-2021 00:00,7820.6,7936.22509765625,115.62509765624964,115.62509765624964,13369.163208017266,1.4784683739898425,39.4,4.5,2191.7,7567.2,0.22458473803399973,12.5,956.0
1564,6,transformer,kfold,Al Dhahran - KFUPM,26.30355,50.14412,01-09-2017 00:00,5932.9,5878.255859375,-54.644140624999636,54.644140624999636,2985.9821046447355,0.9210359288880587,34.4,1.4,2000.7,5471.4,0.26775605251535717,58.9,997.7
1583,6,transformer,kfold,Al Dhahran - KFUPM,26.30355,50.14412,01-06-2019 00:00,7163.0,7061.2783203125,-101.7216796875,101.7216796875,10347.30011844635,1.420098836904928,38.4,0.0,2113.4,6634.7,0.24158388678684514,26.6,993.7
1586,6,transformer,kfold,Al Dhahran - KFUPM,26.30355,50.14412,01-10-2019 00:00,4902.0,4922.4833984375,20.4833984375,20.4833984375,419.56961154937744,0.4178579852611179,32.3,0.0,1885.6,4587.5,0.2912978325686301,61.1,1003.2
1618,6,transformer,kfold,Jeddah - KAU,21.49604,39.24492,01-09-2018 00:00,5723.0,5846.51611328125,123.51611328125,123.51611328125,15256.230240106583,2.158240665407129,33.4,3.0,3065.4,3435.0,0.47157098024736943,64.1,998.9
1625,6,transformer,kfold,Jeddah - KAU,21.49604,39.24492,01-04-2019 00:00,6618.6,6593.373046875,-25.226953125000364,25.226953125000364,636.3991639709657,0.38115240572024844,28.6,3.8,2576.9,5463.5,0.3204940052733695,49.1,1002.5
1641,6,transformer,kfold,Jeddah - KAU,21.49604,39.24492,01-11-2020 00:00,4208.8,4176.470703125,-32.32929687500018,32.32929687500018,1045.1834364318966,0.7681357364331919,28.5,3.4,1550.9,4592.0,0.25247033160233767,64.0,1005.1
1642,6,transformer,kfold,Jeddah - KAU,21.49604,39.24492,01-12-2020 00:00,3885.5,3935.576171875,50.076171875,50.076171875,2507.622989654541,1.2887960848024707,26.5,3.1,1687.9,4103.0,0.29147455490510976,60.3,1006.3
1644,6,transformer,kfold,Jeddah - KAU,21.49604,39.24492,01-02-2021 00:00,4820.6,4784.26220703125,-36.337792968750364,36.337792968750364,1320.4351978397633,0.7538022853742348,24.7,3.7,1769.2,4875.9,0.26624129057501017,60.2,1006.5
9,7,transformer,kfold,Sharurah - TVTC,17.47586,47.08618,01-07-2018 00:00,6505.0,6593.8095703125,88.8095703125,88.8095703125,7887.139779090881,1.3652508887394312,36.8,3.8,3845.5,3268.7,0.5405386410278036,11.9,920.8
11,7,transformer,kfold,Sharurah - TVTC,17.47586,47.08618,01-09-2018 00:00,6771.1,6581.51123046875,-189.58876953125036,189.58876953125036,35943.901532373566,2.799970012719504,34.1,3.7,1989.3,6609.0,0.23135968738006352,16.3,925.9
28,7,transformer,kfold,Sharurah - TVTC,17.47586,47.08618,01-11-2020 00:00,5977.3,6089.2509765625,111.95097656249982,111.95097656249982,12533.021153297384,1.872935548868215,25.1,3.2,1054.2,8351.0,0.11208693063411729,26.4,932.6
36,7,transformer,kfold,Sharurah - TVTC,17.47586,47.08618,01-08-2021 00:00,7125.3,7261.6494140625,136.34941406249982,136.34941406249982,18591.162715187023,1.9135954144036016,36.7,4.1,3060.8,5235.1,0.36895333839607514,17.9,922.0
38,7,transformer,kfold,Sharurah - TVTC,17.47586,47.08618,01-10-2021 00:00,6476.5,6436.162109375,-40.337890625,40.337890625,1627.145420074463,0.6228347197560411,29.9,3.3,1702.3,7160.0,0.1920833192286427,21.6,929.7
57,7,transformer,kfold,Layla - TVTC,22.27948,46.73319,01-10-2018 00:00,5925.0,5926.14111328125,1.14111328125,1.14111328125,1.3021395206451416,0.019259295886075948,29.4,2.3,1934.9,6075.4,0.24155150244060775,29.1,951.2
61,7,transformer,kfold,Layla - TVTC,22.27948,46.73319,01-02-2019 00:00,5422.8,5482.90673828125,60.10673828124982,60.10673828124982,3612.819986810662,1.1084078018966184,19.4,2.8,2465.4,4623.9,0.3477635309551014,32.3,953.5
75,7,transformer,kfold,Layla - TVTC,22.27948,46.73319,01-04-2020 00:00,6680.1,6709.794921875,29.694921874999636,29.694921874999636,881.7883851623319,0.4445281039954437,29.2,2.7,3371.3,4290.1,0.44003706894301303,34.9,948.0
79,7,transformer,kfold,Layla - TVTC,22.27948,46.73319,01-11-2020 00:00,5140.4,5102.5751953125,-37.824804687499636,37.824804687499636,1430.7158496474945,0.7358338784433048,23.2,2.0,1265.0,6865.6,0.1555850736722997,34.8,953.5
89,7,transformer,kfold,Layla - TVTC,22.27948,46.73319,01-10-2021 00:00,6124.2,6090.1728515625,-34.02714843749982,34.02714843749982,1157.8468307876462,0.5556178511070804,30.4,2.3,1722.3,6798.2,0.20213602488116894,20.8,950.0
90,7,transformer,kfold,Layla - TVTC,22.27948,46.73319,01-11-2021 00:00,5205.4,5191.14208984375,-14.257910156249636,14.257910156249636,203.28800202368652,0.2739061389374426,24.0,1.9,1438.3,6557.9,0.179872939646332,28.4,953.1
108,7,transformer,kfold,Osfan - KAU,21.89252,39.2539,01-12-2018 00:00,3975.6,3959.968017578125,-15.631982421874909,15.631982421874909,244.35887443780615,0.39319806876634744,25.3,3.0,1781.4,4062.4,0.30483589445223996,62.7,1001.6
114,7,transformer,kfold,Osfan - KAU,21.89252,39.2539,01-06-2019 00:00,7003.8,6851.955078125,-151.84492187500018,151.84492187500018,23056.880299224908,2.1680362356863445,35.0,3.7,3122.0,4851.0,0.3915715539947322,43.0,992.2
133,7,transformer,kfold,Osfan - KAU,21.89252,39.2539,01-07-2021 00:00,6627.9,6599.20703125,-28.692968749999636,28.692968749999636,823.2864556884557,0.43291191403007945,33.9,3.2,3104.8,4465.3,0.41013989247169785,53.2,990.2
144,7,transformer,kfold,Al Farshah - TQ TVTC,17.7749,43.17555,01-10-2017 00:00,6485.5,6332.98388671875,-152.51611328125,152.51611328125,23261.164810419083,2.351647726177627,29.3,2.3,1323.0,7616.6,0.1479931988008412,28.0,893.4
169,7,transformer,kfold,Al Farshah - TQ TVTC,17.7749,43.17555,01-02-2020 00:00,5332.4,5371.1787109375,38.778710937500364,38.778710937500364,1503.7884219742105,0.7272280949947559,25.5,2.1,2221.7,4481.5,0.3314387158372121,47.1,894.9
172,7,transformer,kfold,Al Farshah - TQ TVTC,17.7749,43.17555,01-05-2020 00:00,6540.7,6376.53076171875,-164.16923828124982,164.16923828124982,26951.53879784578,2.509964350623784,29.6,2.1,2439.4,5140.1,0.321841810145788,43.4,892.4
176,7,transformer,kfold,Al Farshah - TQ TVTC,17.7749,43.17555,01-12-2020 00:00,4810.2,4707.05712890625,-103.14287109374982,103.14287109374982,10638.451857461892,2.144253276241109,23.5,1.9,1149.8,6247.7,0.15543088881378844,52.8,895.3
177,7,transformer,kfold,Al Farshah - TQ TVTC,17.7749,43.17555,01-01-2021 00:00,5225.9,5164.5869140625,-61.313085937499636,61.313085937499636,3759.2945071792155,1.173254098576315,22.5,2.0,1409.8,6365.1,0.18132709102367875,46.5,895.1
191,7,transformer,kfold,Hada Al Sham - KAU,21.80117,39.72854,01-11-2017 00:00,4581.6,4542.40771484375,-39.192285156250364,39.192285156250364,1536.0352157688426,0.8554279106916876,28.4,1.7,1667.8,4858.2,0.2555623659209317,57.2,985.6
234,7,transformer,kfold,Dammam - IAFU,26.394974,50.188715,01-01-2017 00:00,3406.4,3286.78076171875,-119.61923828125009,119.61923828125009,14308.762166986488,3.511602814738436,16.9,3.1,1650.3,3329.7,0.33138554216867466,61.2,1016.7
255,7,transformer,kfold,Dammam - IAFU,26.394974,50.188715,01-01-2021 00:00,4204.4,4289.91552734375,85.51552734375036,85.51552734375036,7312.9054168797165,2.033953176285567,17.6,2.9,1527.5,5119.4,0.22980637590455702,54.6,1018.0
264,7,transformer,kfold,Timaa - TVTC,27.6173,38.5252,01-09-2017 00:00,6674.6,6820.8271484375,146.22714843749964,146.22714843749964,21382.37894016255,2.190800174355012,33.0,2.3,2419.6,6025.1,0.2865229078593674,15.6,916.4
278,7,transformer,kfold,Timaa - TVTC,27.6173,38.5252,01-02-2019 00:00,5130.1,5045.2177734375,-84.88222656250036,84.88222656250036,7204.992386207642,1.6545920462076833,14.6,2.8,1621.0,6143.3,0.20877606480944838,47.0,920.4
284,7,transformer,kfold,Timaa - TVTC,27.6173,38.5252,01-08-2019 00:00,7711.6,7776.00244140625,64.40244140624964,64.40244140624964,4147.674459085418,0.8351372141481616,33.7,2.4,1671.9,8426.6,0.1655592414715057,17.9,913.8
338,7,transformer,kfold,Hail - TVTC,27.65261,41.70826,01-03-2020 00:00,6371.4,6427.42333984375,56.023339843750364,56.023339843750364,3138.614607248347,0.8792940302563075,18.4,4.0,2168.0,6380.4,0.25361471152496373,26.2,908.6
347,7,transformer,kfold,Hail - TVTC,27.65261,41.70826,01-03-2021 00:00,6358.1,6424.02392578125,65.92392578124964,65.92392578124964,4345.96399041171,1.0368494641677488,20.4,3.9,2499.7,5803.7,0.3010453549148541,20.8,909.7
357,7,transformer,kfold,Madinah - Taibah University,24.4846,39.5418,01-03-2017 00:00,5364.2,5253.06591796875,-111.13408203124982,111.13408203124982,12350.784188928563,2.0717736480975693,24.7,2.8,2255.1,4567.7,0.33052412499267164,22.9,938.5
372,7,transformer,kfold,Madinah - Taibah University,24.4846,39.5418,01-05-2019 00:00,6784.8,6769.26806640625,-15.531933593750182,15.531933593750182,241.24096116066545,0.22892249725489597,33.7,2.4,2539.7,5503.5,0.31575740998607515,15.4,937.1
386,7,transformer,kfold,Al Hanakiyah - TVTC,24.85577,40.536,01-10-2017 00:00,6029.6,6673.1279296875,643.5279296874996,643.5279296874996,414128.1962878795,10.672812950900552,29.7,2.4,1326.4,8131.0,0.14024996299194284,13.2,916.2
389,7,transformer,kfold,Al Hanakiyah - TVTC,24.85577,40.536,01-04-2018 00:00,7158.4,7241.359375,82.95937500000036,82.95937500000036,6882.257900390686,1.1589094630084986,27.2,3.6,2787.1,5943.8,0.3192225314686917,23.2,913.6
395,7,transformer,kfold,Al Hanakiyah - TVTC,24.85577,40.536,01-10-2018 00:00,5490.0,5392.04248046875,-97.95751953125,97.95751953125,9595.675632715225,1.7842899732468123,28.4,3.2,1816.7,5732.6,0.24064482799729775,28.3,917.5
396,7,transformer,kfold,Al Hanakiyah - TVTC,24.85577,40.536,01-11-2018 00:00,4315.5,4273.52490234375,-41.97509765625,41.97509765625,1761.9088232517242,0.9726589655022593,20.9,3.3,1603.0,4974.5,0.24370961611554542,53.6,918.0
412,7,transformer,kfold,Al Hanakiyah - TVTC,24.85577,40.536,01-03-2020 00:00,6632.6,6713.09716796875,80.49716796874964,80.49716796874964,6479.794050989092,1.2136593186495437,22.9,3.6,2292.7,6386.9,0.2641481174247661,21.5,915.6
417,7,transformer,kfold,Al Hanakiyah - TVTC,24.85577,40.536,01-11-2020 00:00,4646.2,4678.65625,32.45625000000018,32.45625000000018,1053.4081640625118,0.6985547329000082,23.7,3.0,1459.6,5791.0,0.20130747800182053,37.9,917.7
444,7,transformer,kfold,Tabuk - University,28.38287,36.48396,01-06-2018 00:00,8333.0,8194.62109375,-138.37890625,138.37890625,19148.72169494629,1.6606132995319811,30.6,2.9,2058.5,8506.7,0.19483776928027863,19.4,922.6
449,7,transformer,kfold,Tabuk - University,28.38287,36.48396,01-05-2019 00:00,7116.1,6892.01611328125,-224.08388671875036,224.08388671875036,50213.58828698174,3.1489704573959103,29.0,2.7,2054.7,6870.8,0.23020559072320876,13.4,924.7
454,7,transformer,kfold,Tabuk - University,28.38287,36.48396,01-10-2019 00:00,5138.7,5409.19091796875,270.4909179687502,270.4909179687502,73165.33670357714,5.263800532600661,25.8,2.5,2188.2,4966.1,0.3058580154592343,29.9,926.7
456,7,transformer,kfold,Tabuk - University,28.38287,36.48396,01-12-2019 00:00,4025.8,4116.1005859375,90.30058593749982,90.30058593749982,8154.19582065579,2.2430469953176964,13.1,2.1,865.8,6857.0,0.11210959755529082,39.5,929.3
460,7,transformer,kfold,Tabuk - University,28.38287,36.48396,01-11-2020 00:00,4561.7,4443.99853515625,-117.70146484374982,117.70146484374982,13853.634826364474,2.5802105540423486,18.1,2.2,1000.6,6999.7,0.12507030986338014,40.3,928.0
475,7,transformer,kfold,Farasan - SWCC,16.692097,42.098767,01-01-2017 00:00,4822.5,4806.8291015625,-15.6708984375,15.6708984375,245.57705783843994,0.3249538297045101,26.9,3.1,1908.0,4814.5,0.28382298252138344,77.1,1012.4
491,7,transformer,kfold,Farasan - SWCC,16.692097,42.098767,01-10-2019 00:00,5322.0,5327.24853515625,5.24853515625,5.24853515625,27.547121286392212,0.09861960083145435,31.6,0.0,2084.0,4717.2,0.3064165147326942,71.0,1007.7
498,7,transformer,kfold,Farasan - SWCC,16.692097,42.098767,01-05-2020 00:00,6369.6,6117.775390625,-251.82460937500036,251.82460937500036,63415.633886871525,3.9535388309313038,33.1,3.5,6369.4,0.3,0.9999529020205032,69.1,1005.5
499,7,transformer,kfold,Farasan - SWCC,16.692097,42.098767,01-09-2020 00:00,5849.7,5832.37158203125,-17.328417968749818,17.328417968749818,300.2740692996916,0.2962274641220886,33.2,3.0,2483.6,4366.3,0.3625746361260748,73.9,1003.1
501,7,transformer,kfold,Farasan - SWCC,16.692097,42.098767,01-11-2020 00:00,4516.0,4554.650390625,38.650390625,38.650390625,1493.852695465088,0.8558545311116031,29.4,3.4,1890.4,4170.0,0.3119266055045872,74.2,1010.2
504,7,transformer,kfold,Farasan - SWCC,16.692097,42.098767,01-02-2021 00:00,4754.9,4729.51904296875,-25.380957031249636,25.380957031249636,644.1929798221404,0.533785295826403,26.3,3.7,2326.4,3596.9,0.3927540391335911,77.0,1011.0
539,7,transformer,kfold,Riyadh - KSU,24.72359,46.61639,01-05-2017 00:00,7158.3,7122.65869140625,-35.64130859375018,35.64130859375018,1270.3028782749307,0.4979018564987522,34.7,2.1,3808.4,4143.5,0.4789295640035715,19.2,935.5
557,7,transformer,kfold,Riyadh - KSU,24.72359,46.61639,01-04-2019 00:00,6199.7,6130.85693359375,-68.84306640624982,68.84306640624982,4739.367792215322,1.1104257690896304,25.7,2.2,2922.9,4329.2,0.40304187752513065,31.3,937.7
568,7,transformer,kfold,Riyadh - KSU,24.72359,46.61639,01-03-2020 00:00,6235.7,6231.6455078125,-4.054492187499818,4.054492187499818,16.43890689849706,0.06502064222941799,23.1,2.0,2676.4,5101.0,0.34412528608532417,24.9,938.4
587,7,transformer,kfold,Jazan - University,16.96035,42.545865,01-02-2017 00:00,4480.2,4863.01416015625,382.8141601562502,382.8141601562502,146546.68121613516,8.544577477707472,26.6,3.1,2707.0,2575.1,0.5124855644535317,73.7,1013.3
593,7,transformer,kfold,Jazan - University,16.96035,42.545865,01-05-2018 00:00,6626.3,6556.17431640625,-70.12568359375018,70.12568359375018,4917.611499490763,1.0582932193494134,32.2,3.1,3065.2,4422.6,0.4093592243382569,65.3,1005.9
595,7,transformer,kfold,Jazan - University,16.96035,42.545865,01-07-2018 00:00,5564.3,5751.21630859375,186.91630859374982,186.91630859374982,34937.706418313915,3.359206164185069,33.6,3.1,3912.7,1901.7,0.6729327187671987,62.7,1003.3
604,7,transformer,kfold,Jazan - University,16.96035,42.545865,01-06-2019 00:00,5858.4,5846.83251953125,-11.567480468749636,11.567480468749636,133.8066043949043,0.1974511892112119,33.8,0.0,3270.2,3108.3,0.5126910715685505,66.0,1003.7
616,7,transformer,kfold,Jazan - University,16.96035,42.545865,01-10-2020 00:00,5765.0,5415.20751953125,-349.79248046875,349.79248046875,122354.77939248085,6.067519175520382,31.4,2.7,1720.7,5828.1,0.2279435142009326,66.3,1009.0
652,7,transformer,kfold,Riyadh - K.A.CARE City T2,24.52958,46.43635,01-04-2019 00:00,6572.3,6499.7783203125,-72.52167968750018,72.52167968750018,5259.394024696377,1.1034444515238224,23.0,4.5,3001.1,4740.9,0.38763885300955825,33.8,911.1
657,7,transformer,kfold,Riyadh - K.A.CARE City T2,24.52958,46.43635,01-09-2019 00:00,6933.8,6912.20166015625,-21.598339843750182,21.598339843750182,466.4882840061266,0.31149355106507515,33.4,3.6,2000.0,7014.8,0.22185739006966324,15.8,908.7
662,7,transformer,kfold,Riyadh - K.A.CARE City T2,24.52958,46.43635,01-02-2020 00:00,5374.6,5400.87939453125,26.279394531249636,26.279394531249636,690.6065769290733,0.4889553553985345,17.1,4.2,2102.5,5382.8,0.2808838657101252,28.7,914.9
667,7,transformer,kfold,Riyadh - K.A.CARE City T2,24.52958,46.43635,01-10-2020 00:00,6225.2,6263.5283203125,38.32832031250018,38.32832031250018,1469.060137977614,0.6156962075515675,25.8,3.0,1182.8,8258.0,0.125285992712482,16.5,913.4
671,7,transformer,kfold,Riyadh - K.A.CARE City T2,24.52958,46.43635,01-02-2021 00:00,5049.4,5044.13525390625,-5.264746093749636,5.264746093749636,27.717551431652055,0.10426478579137397,16.2,4.3,1831.4,5467.6,0.2509110837100973,40.3,914.7
675,7,transformer,kfold,Arar - TVTC,31.027395,40.906419,01-01-2017 00:00,3512.9,3455.584716796875,-57.31528320312509,57.31528320312509,3285.041688654433,1.6315660338502402,8.1,2.8,1302.8,4734.2,0.21580255093589532,50.1,952.2
690,7,transformer,kfold,Arar - TVTC,31.027395,40.906419,01-02-2019 00:00,4767.2,4634.1494140625,-133.05058593749982,133.05058593749982,17702.458418312024,2.790958758547991,11.2,3.2,1491.0,6024.6,0.19838735430304966,54.4,950.6
697,7,transformer,kfold,Arar - TVTC,31.027395,40.906419,01-09-2019 00:00,6579.7,6703.25341796875,123.55341796875018,123.55341796875018,15265.44709176068,1.8777971331329726,31.8,3.5,1730.1,7316.8,0.19123677723861213,16.0,943.2
708,7,transformer,kfold,Arar - TVTC,31.027395,40.906419,01-09-2021 00:00,6632.8,7011.62744140625,378.8274414062498,378.8274414062498,143510.23036240565,5.711425663464145,30.3,2.6,1476.5,7933.3,0.15691088014623053,17.3,943.7
713,7,transformer,kfold,Taif - University,21.43278,40.49173,01-02-2017 00:00,4544.6,4420.63671875,-123.96328125000036,123.96328125000036,15366.895098266692,2.727704996039263,15.9,3.1,1958.9,4114.3,0.32254824474741484,47.1,849.8
717,7,transformer,kfold,Taif - University,21.43278,40.49173,01-03-2018 00:00,6963.9,6845.869140625,-118.03085937499964,118.03085937499964,13931.283764800939,1.6948959544938846,21.5,2.7,1815.4,7489.4,0.1951036024417505,29.7,849.6
723,7,transformer,kfold,Taif - University,21.43278,40.49173,01-11-2018 00:00,4463.3,4536.064453125,72.76445312499982,72.76445312499982,5294.665638580296,1.630283716644631,18.3,2.3,1618.7,4984.8,0.2451275838570455,60.2,850.6
728,7,transformer,kfold,Taif - University,21.43278,40.49173,01-02-2020 00:00,5953.4,5947.125,-6.274999999999636,6.274999999999636,39.37562499999544,0.10540195518526617,17.5,3.0,1637.0,6898.4,0.19178948848325797,41.4,850.5
731,7,transformer,kfold,Taif - University,21.43278,40.49173,01-09-2020 00:00,6771.3,6878.9345703125,107.63457031249982,107.63457031249982,11585.200726356466,1.5895702496197157,28.2,2.4,2112.4,6453.2,0.24661436443448212,20.6,848.3
732,7,transformer,kfold,Taif - University,21.43278,40.49173,01-11-2020 00:00,5037.2,5176.9931640625,139.79316406250018,139.79316406250018,19542.128718605094,2.775215676615981,20.2,2.2,1345.1,6446.9,0.17262577002053386,48.9,850.7
734,7,transformer,kfold,Taif - University,21.43278,40.49173,01-04-2021 00:00,6761.1,6694.6103515625,-66.48964843750036,66.48964843750036,4420.873349342394,0.9834146579328861,22.8,2.5,2491.3,5707.1,0.30387636612021857,33.3,849.6
735,7,transformer,kfold,Taif - University,21.43278,40.49173,01-07-2021 00:00,7142.4,7205.29150390625,62.891503906250364,62.891503906250364,3955.341263589905,0.8805374090816864,29.3,4.4,3065.0,5167.7,0.37229584461962656,19.6,845.5
738,7,transformer,kfold,Rania - TVTC,21.21501,42.84853,01-03-2017 00:00,5689.1,5967.34326171875,278.24326171874964,278.24326171874964,77419.31269188861,4.8908133398736116,24.9,3.8,2849.3,3924.0,0.42066644028759986,33.7,909.1
739,7,transformer,kfold,Rania - TVTC,21.21501,42.84853,01-05-2017 00:00,6588.7,6616.05712890625,27.357128906250182,27.357128906250182,748.4125019931893,0.4152128478493509,32.0,3.1,3045.4,4398.2,0.40912999086463536,24.7,908.4
750,7,transformer,kfold,Rania - TVTC,21.21501,42.84853,01-09-2019 00:00,6885.3,6918.3291015625,33.02910156249982,33.02910156249982,1090.921550025928,0.4797046107286511,33.3,2.4,2417.9,6088.5,0.28424480391234835,13.3,906.8
753,7,transformer,kfold,Rania - TVTC,21.21501,42.84853,01-02-2020 00:00,5547.4,5612.7822265625,65.38222656250036,65.38222656250036,4274.835550270128,1.17861027801313,21.0,3.0,2340.1,4962.5,0.32044751184509623,24.9,912.6
760,7,transformer,kfold,Rania - TVTC,21.21501,42.84853,01-04-2021 00:00,6991.2,6908.6728515625,-82.52714843749982,82.52714843749982,6810.730229225129,1.1804432491918386,27.9,2.6,2861.2,5265.2,0.3520870250049222,20.4,909.9
783,7,transformer,kfold,Al Baha - University,20.1794,41.6357,01-01-2020 00:00,5450.1,5286.556640625,-163.54335937500036,163.54335937500036,26746.430395660518,3.0007405254032102,15.2,0.4,1087.9,7888.5,0.12119557951962927,41.3,835.8
814,7,transformer,kfold,Thuwal - KAUST,22.3065,39.107,01-11-2018 00:00,4224.2,4172.65380859375,-51.54619140624982,51.54619140624982,2657.0098484897426,1.2202592539711619,26.9,0.0,1619.0,4521.7,0.26365072385884347,61.5,1009.8
823,7,transformer,kfold,Thuwal - KAUST,22.3065,39.107,01-08-2019 00:00,6611.0,6551.873046875,-59.126953125,59.126953125,3495.9965858459473,0.8943723056269854,32.2,0.0,2337.3,5597.8,0.294552053534297,69.8,1002.5
825,7,transformer,kfold,Thuwal - KAUST,22.3065,39.107,01-10-2019 00:00,5228.0,5263.74609375,35.74609375,35.74609375,1277.783218383789,0.6837431857306809,31.1,0.0,1870.5,5032.4,0.2709730692897188,69.0,1007.6
828,7,transformer,kfold,Thuwal - KAUST,22.3065,39.107,01-01-2020 00:00,4597.0,4353.44775390625,-243.55224609375,243.55224609375,59317.69657731056,5.298069308108548,21.6,0.2,1307.7,6020.4,0.17845007573586608,52.8,1014.3
848,7,transformer,kfold,Al Jouf - TVTC,29.77634,40.02318,01-10-2017 00:00,5433.4,5420.330078125,-13.069921874999636,13.069921874999636,170.822857818594,0.24054775784959026,24.8,3.4,1587.2,6530.3,0.19552817985833076,22.4,936.8
850,7,transformer,kfold,Al Jouf - TVTC,29.77634,40.02318,01-03-2018 00:00,6314.3,6494.0185546875,179.71855468749982,179.71855468749982,32298.758898963864,2.846215014926434,21.3,4.0,2252.1,6351.2,0.2617716457638348,22.7,936.9
868,7,transformer,kfold,Al Jouf - TVTC,29.77634,40.02318,01-12-2019 00:00,3804.5,3813.70751953125,9.20751953125,9.20751953125,84.77841591835022,0.2420165470166908,12.5,2.6,903.1,6460.4,0.12264548108915597,47.4,939.6
872,7,transformer,kfold,Al Jouf - TVTC,29.77634,40.02318,01-04-2020 00:00,7187.5,7116.3154296875,-71.1845703125,71.1845703125,5067.243050575256,0.9903940217391305,21.9,4.1,2330.6,6828.2,0.25446565052190245,27.7,935.0
875,7,transformer,kfold,Al Jouf - TVTC,29.77634,40.02318,01-10-2020 00:00,5708.7,5905.69091796875,196.99091796875018,196.99091796875018,38805.42176217087,3.4507141375225565,26.1,2.5,1173.8,7846.8,0.1301243819701572,14.1,938.5
882,7,transformer,kfold,Al Jouf - TVTC,29.77634,40.02318,01-09-2021 00:00,6706.2,6875.95849609375,169.75849609375018,169.75849609375018,28817.946996011797,2.5313664384263843,30.3,3.2,1641.3,7626.5,0.1770970456850601,18.9,933.6
884,7,transformer,kfold,Makkah - UQU,21.331,39.949,01-03-2018 00:00,6678.2,6708.28076171875,30.080761718750182,30.080761718750182,904.8522255802264,0.45043217811311703,29.5,2.4,2243.4,6226.5,0.2648673538058301,31.1,976.4
885,7,transformer,kfold,Makkah - UQU,21.331,39.949,01-04-2018 00:00,6886.4,6979.1884765625,92.78847656250036,92.78847656250036,8609.701382789679,1.3474163069601006,30.8,2.6,2751.8,5487.3,0.3339927904746878,31.7,974.3
890,7,transformer,kfold,Makkah - UQU,21.331,39.949,01-02-2020 00:00,3893.2,3858.72509765625,-34.47490234374982,34.47490234374982,1188.5188916110867,0.8855158312891662,24.2,2.4,1823.6,3176.5,0.36471270574588505,44.3,979.7
894,7,transformer,kfold,Makkah - UQU,21.331,39.949,01-10-2020 00:00,5902.6,5696.130859375,-206.46914062500036,206.46914062500036,42629.50603042618,3.497935496645552,32.4,1.6,1686.9,6382.7,0.20904381877664321,29.7,975.5
908,7,transformer,kfold,Umluj - SWCC,25.00411,37.27382,01-03-2017 00:00,6148.7,6170.2265625,21.526562500000182,21.526562500000182,463.3928930664141,0.3500994112576672,23.1,3.3,2006.1,6196.2,0.24457774038989066,61.4,1010.9
912,7,transformer,kfold,Umluj - SWCC,25.00411,37.27382,01-09-2017 00:00,6164.3,6346.6123046875,182.31230468749982,182.31230468749982,33237.776440467765,2.957550811730445,30.6,3.1,2512.2,5045.0,0.3324247075636479,69.0,1006.3
919,7,transformer,kfold,Umluj - SWCC,25.00411,37.27382,01-07-2018 00:00,7427.1,7470.869140625,43.769140624999636,43.769140624999636,1915.7376710509936,0.5893166999905701,32.4,2.2,2274.3,6839.9,0.24953369467424458,59.9,1003.7
922,7,transformer,kfold,Umluj - SWCC,25.00411,37.27382,01-10-2018 00:00,5176.9,5239.44580078125,62.545800781250364,62.545800781250364,3911.9771953678587,1.208170928185794,30.1,0.2,1812.5,5230.3,0.2573550292497302,59.8,1010.1
924,7,transformer,kfold,Umluj - SWCC,25.00411,37.27382,01-12-2018 00:00,4118.4,4172.6259765625,54.225976562500364,54.225976562500364,2940.4565341568386,1.3166758100840221,23.0,0.2,1223.5,5806.4,0.1740423050114511,56.9,1015.3
933,7,transformer,kfold,Umluj - SWCC,25.00411,37.27382,01-09-2019 00:00,6201.0,6323.7197265625,122.7197265625,122.7197265625,15060.131287574768,1.979031229841961,30.9,0.0,2219.7,5567.2,0.28505567042083496,69.9,1005.5
934,7,transformer,kfold,Umluj - SWCC,25.00411,37.27382,01-10-2019 00:00,5237.5,5428.25830078125,190.75830078125,190.75830078125,36388.729316949844,3.6421632607398573,30.6,0.0,1872.5,5319.4,0.2603623520905463,64.3,1009.2
945,7,transformer,kfold,Umluj - SWCC,25.00411,37.27382,01-12-2020 00:00,4134.5,4178.50390625,44.00390625,44.00390625,1936.343765258789,1.0643102249365097,24.3,2.7,1242.8,5702.6,0.17893857805166008,52.8,1013.9
947,7,transformer,kfold,Umluj - SWCC,25.00411,37.27382,01-02-2021 00:00,5326.6,5344.86474609375,18.264746093749636,18.264746093749636,333.6009498691426,0.34289689658975026,22.6,3.3,1338.4,6747.1,0.1655308886277905,53.8,1014.3
953,7,transformer,kfold,Umluj - SWCC,25.00411,37.27382,01-09-2021 00:00,6136.1,6255.03857421875,118.93857421874964,118.93857421874964,14146.384437189015,1.938341523422852,30.8,3.1,2252.4,5489.1,0.2909513660143383,70.8,1005.4
958,7,transformer,kfold,Wadi Addawasir - TVTC,20.43008,44.89433,01-02-2017 00:00,5020.4,5005.13720703125,-15.262792968749636,15.262792968749636,232.95284920691333,0.30401547623196634,18.1,3.5,2572.6,3716.9,0.409030924556801,36.1,942.0
967,7,transformer,kfold,Wadi Addawasir - TVTC,20.43008,44.89433,01-11-2020 00:00,5538.1,5411.09765625,-127.00234375000036,127.00234375000036,16129.595317993257,2.2932475713692484,22.6,2.5,1207.5,7472.4,0.13911450592748764,27.0,941.0
969,7,transformer,kfold,Wadi Addawasir - TVTC,20.43008,44.89433,01-04-2021 00:00,7354.2,7304.80029296875,-49.39970703124982,49.39970703124982,2440.3310547733126,0.6717210169868894,29.0,2.7,2725.9,6052.8,0.3105129461081937,14.1,937.4
970,7,transformer,kfold,Wadi Addawasir - TVTC,20.43008,44.89433,01-07-2021 00:00,6964.2,6994.015625,29.815625000000182,29.815625000000182,888.9714941406359,0.42812706412797136,36.0,2.6,3141.6,4847.9,0.3932160961261656,18.5,928.1
977,7,transformer,kfold,Al Dawadmi - TVTC,24.5569,44.47411,01-10-2017 00:00,6216.5,6212.275390625,-4.224609375,4.224609375,17.84732437133789,0.06795800490629776,28.2,2.6,1625.7,7341.2,0.1813001148668994,13.5,907.8
1018,7,transformer,kfold,Al Dawadmi - TVTC,24.5569,44.47411,01-10-2021 00:00,5993.7,5907.3623046875,-86.33769531249982,86.33769531249982,7454.1976318740535,1.4404740863323127,29.2,2.6,1604.3,6955.7,0.1874182242990654,16.6,908.1
1024,7,transformer,kfold,Shaqra - University,25.17279,45.14198,01-04-2017 00:00,6521.1,6571.4072265625,50.307226562499636,50.307226562499636,2530.817044410669,0.771453076359811,28.1,2.1,3339.2,4171.1,0.44461606061009545,23.4,924.6
1032,7,transformer,kfold,Shaqra - University,25.17279,45.14198,01-07-2018 00:00,7713.6,7765.4638671875,51.863867187499636,51.863867187499636,2689.8607196426015,0.6723691556147536,35.7,1.4,2713.8,6471.7,0.2954439061564422,11.7,916.1
1041,7,transformer,kfold,Shaqra - University,25.17279,45.14198,01-04-2019 00:00,6514.2,6376.5361328125,-137.66386718749982,137.66386718749982,18951.34032901759,2.1132889255395875,23.6,0.5,2805.7,4983.8,0.36018999935811025,33.3,924.1
1042,7,transformer,kfold,Shaqra - University,25.17279,45.14198,01-05-2019 00:00,6931.7,6915.0439453125,-16.656054687499818,16.656054687499818,277.4241577529847,0.2402881643391927,31.2,0.4,3084.3,4914.3,0.38560498087165257,22.6,922.3
1048,7,transformer,kfold,Shaqra - University,25.17279,45.14198,01-11-2019 00:00,4080.6,4033.64501953125,-46.95498046874991,46.95498046874991,2204.7701908206855,1.1506881455852058,20.4,0.2,1769.5,4173.6,0.29774023657687065,43.9,927.7
1061,7,transformer,kfold,Shaqra - University,25.17279,45.14198,01-05-2021 00:00,7730.5,7684.40478515625,-46.09521484375,46.09521484375,2124.7688314914703,0.5962772762919604,33.2,0.0,2729.1,6537.5,0.2945093130166404,11.6,920.7
1065,7,transformer,kfold,Shaqra - University,25.17279,45.14198,01-10-2021 00:00,5778.5,5750.69287109375,-27.80712890625,27.80712890625,773.2364180088043,0.4812170789348447,28.9,0.0,1691.3,6501.1,0.2064474390898882,17.3,925.4
1066,7,transformer,kfold,Shaqra - University,25.17279,45.14198,01-11-2021 00:00,4729.9,4783.03173828125,53.131738281250364,53.131738281250364,2822.9816127872855,1.1233163128448882,21.7,0.0,1478.9,5897.1,0.20050162689804774,29.7,927.8
1098,7,transformer,kfold,Al Qunfudhah - TVTC,19.15197,41.08111,01-11-2019 00:00,4206.5,4111.91552734375,-94.58447265625,94.58447265625,8946.222467660904,2.2485313837216214,28.7,1.4,1795.2,3890.5,0.31573948678263014,80.4,1009.6
1106,7,transformer,kfold,Al Qunfudhah - TVTC,19.15197,41.08111,01-11-2020 00:00,4494.5,4465.9560546875,-28.5439453125,28.5439453125,814.7568140029907,0.63508611219268,29.2,2.3,1828.7,4301.2,0.29832460562162516,80.0,1010.2
1107,7,transformer,kfold,Al Qunfudhah - TVTC,19.15197,41.08111,01-12-2020 00:00,4492.0,4524.08984375,32.08984375,32.08984375,1029.758071899414,0.7143776435886019,27.4,2.1,1638.6,5006.1,0.24660255542010923,82.9,1011.5
1117,7,transformer,kfold,Duba - TVTC,27.34103,35.72295,01-05-2017 00:00,7236.6,7175.5068359375,-61.093164062500364,61.093164062500364,3732.3746951675857,0.8442246920169743,30.0,2.3,1884.1,7278.6,0.20562716229932224,46.8,1006.3
1132,7,transformer,kfold,Duba - TVTC,27.34103,35.72295,01-01-2019 00:00,3792.0,3768.8623046875,-23.1376953125,23.1376953125,535.3529443740845,0.6101712898866034,19.0,2.2,1550.7,4377.5,0.2615802435815256,47.4,1013.3
1185,7,transformer,kfold,Najran - University,17.63228,44.53735,01-03-2019 00:00,7040.3,7200.59375,160.29374999999982,160.29374999999982,25694.08628906244,2.276802835106456,25.2,2.3,3158.5,5215.9,0.3771613488727551,24.2,882.3
1187,7,transformer,kfold,Najran - University,17.63228,44.53735,01-05-2019 00:00,7130.1,7180.1044921875,50.004492187499636,50.004492187499636,2500.449238929712,0.7013154400008363,29.3,2.2,2986.3,5303.9,0.36022050131480543,30.6,881.5
1197,7,transformer,kfold,Najran - University,17.63228,44.53735,01-03-2020 00:00,7091.8,7086.642578125,-5.157421875000182,5.157421875000182,26.599000396730393,0.0727237355114383,24.9,2.2,3119.6,5320.5,0.3696164737384628,26.0,882.0
1205,7,transformer,kfold,Najran - University,17.63228,44.53735,01-03-2021 00:00,7761.2,7931.63232421875,170.43232421875018,170.43232421875018,29047.17713860518,2.1959532574698524,25.3,1.7,2329.1,7704.3,0.2321346702015269,16.8,882.8
1208,7,transformer,kfold,Najran - University,17.63228,44.53735,01-07-2021 00:00,7113.9,7206.6904296875,92.79042968750036,92.79042968750036,8610.063841590949,1.3043538661985743,33.3,2.7,3549.2,4540.4,0.43873615506329117,23.4,875.0
1216,7,transformer,kfold,Afif - TVTC,23.92118,42.94815,01-03-2017 00:00,5521.8,5675.1552734375,153.35527343749982,153.35527343749982,23517.839891090338,2.777269612037738,21.7,4.7,2974.0,3598.1,0.45251898175621186,36.2,895.0
1220,7,transformer,kfold,Afif - TVTC,23.92118,42.94815,01-09-2017 00:00,6954.4,7099.734375,145.33437500000036,145.33437500000036,21122.080556640733,2.089819035430812,31.6,3.1,2286.2,6573.0,0.2580594184576485,10.0,894.3
1223,7,transformer,kfold,Afif - TVTC,23.92118,42.94815,01-03-2018 00:00,6556.4,6645.9033203125,89.50332031250036,89.50332031250036,8010.844346962041,1.3651290389924404,24.7,4.3,2421.9,6007.3,0.28732264034546573,25.7,896.8
1251,7,transformer,kfold,Afif - TVTC,23.92118,42.94815,01-10-2020 00:00,6419.3,6558.8798828125,139.57988281249982,139.57988281249982,19482.543685951183,2.174378558604518,25.8,2.7,1220.8,8472.9,0.1259374645388242,14.6,898.2
1255,7,transformer,kfold,Afif - TVTC,23.92118,42.94815,01-02-2021 00:00,5430.2,5528.5712890625,98.37128906250018,98.37128906250018,9676.910511817969,1.8115592254889357,18.4,5.0,2034.9,5682.9,0.2636632200886263,37.3,898.3
1262,7,transformer,kfold,Afif - TVTC,23.92118,42.94815,01-12-2021 00:00,4333.9,4398.03857421875,64.13857421875036,64.13857421875036,4113.756702814148,1.4799274145400303,18.2,4.0,1642.5,5185.3,0.24056064911098743,37.5,899.5
1268,7,transformer,kfold,Riyadh - K.A.CARE HQ,24.707744,46.6792,01-06-2017 00:00,7492.8,7490.91845703125,-1.881542968750182,1.881542968750182,3.540203943253248,0.025111346475952673,38.1,3.4,2536.9,6475.5,0.28148994718388,9.9,931.1
1271,7,transformer,kfold,Riyadh - K.A.CARE HQ,24.707744,46.6792,01-11-2017 00:00,4407.8,4357.4921875,-50.30781250000018,50.30781250000018,2530.8759985351744,1.1413360973728433,23.2,2.5,1544.6,5084.4,0.23300648664957005,32.7,941.0
1290,7,transformer,kfold,Riyadh - K.A.CARE HQ,24.707744,46.6792,01-09-2019 00:00,6625.9,6486.4755859375,-139.42441406249964,139.42441406249964,19439.167236671346,2.1042335993978125,36.8,2.8,1975.7,6583.0,0.23084113241496954,14.0,933.3
1295,7,transformer,kfold,Riyadh - K.A.CARE HQ,24.707744,46.6792,01-02-2020 00:00,5206.5,5190.3671875,-16.1328125,16.1328125,260.26763916015625,0.30985907039277827,18.9,3.1,2164.8,4979.0,0.30303199977602957,26.8,941.5
1312,7,transformer,kfold,Yanbu - RCJY,23.98655,38.20451,01-04-2018 00:00,7540.4,7634.9267578125,94.52675781250036,94.52675781250036,8935.307942543099,1.2536040238250008,26.8,0.0,2414.7,6962.9,0.25749658761303534,56.5,1007.9
1342,7,transformer,kfold,Majmaah - University,25.85891,45.41889,01-04-2019 00:00,6665.8,6437.0517578125,-228.74824218750018,228.74824218750018,52325.75830387124,3.431669749879987,22.9,3.5,2687.9,5345.6,0.3345864193688928,37.5,931.8
1345,7,transformer,kfold,Majmaah - University,25.85891,45.41889,01-07-2019 00:00,7979.4,8096.0712890625,116.67128906250036,116.67128906250036,13612.189691505517,1.4621561654071782,35.7,3.0,2278.9,7614.0,0.23035712480667955,12.5,924.1
1360,7,transformer,kfold,Majmaah - University,25.85891,45.41889,01-01-2021 00:00,4355.3,4317.2431640625,-38.05683593750018,38.05683593750018,1448.3227615738053,0.8738051555001992,14.5,2.0,1537.6,5340.9,0.22353710838118773,46.1,937.7
1368,7,transformer,kfold,Majmaah - University,25.85891,45.41889,01-10-2021 00:00,5851.7,5762.7060546875,-88.99394531249982,88.99394531249982,7919.922302284208,1.520822074140845,28.6,1.8,1752.6,6505.0,0.21224084479751984,18.9,933.2
1391,7,transformer,kfold,Hagl - SWCC,29.28997,34.93002,01-02-2019 00:00,4761.4,4459.5615234375,-301.83847656249964,301.83847656249964,91106.46593357064,6.339279971489471,18.8,5.2,1379.3,6049.8,0.18566178944959685,45.7,1014.3
1399,7,transformer,kfold,Hagl - SWCC,29.28997,34.93002,01-10-2019 00:00,5094.8,4901.85595703125,-192.94404296875018,192.94404296875018,37227.403717126916,3.787077863090802,27.3,6.3,1307.9,6387.8,0.16995205114544484,56.2,1009.2
1405,7,transformer,kfold,Hagl - SWCC,29.28997,34.93002,01-04-2020 00:00,6767.8,6698.16796875,-69.63203125000018,69.63203125000018,4848.619776001002,1.0288724733295929,23.5,6.0,2123.8,6580.8,0.24398593846931507,49.7,1009.2
1406,7,transformer,kfold,Hagl - SWCC,29.28997,34.93002,01-05-2020 00:00,7163.3,7023.44775390625,-139.85224609375018,139.85224609375018,19558.65073746686,1.9523438372502921,27.5,5.8,1935.2,7163.8,0.2126827123859765,43.3,1008.0
1419,7,transformer,kfold,Hagl - SWCC,29.28997,34.93002,01-10-2021 00:00,5029.6,4835.7275390625,-193.87246093750036,193.87246093750036,37586.531109962605,3.85462981027319,26.9,0.0,1368.1,6158.4,0.1817710755331163,55.8,1010.4
1432,7,transformer,kfold,Al Wajh - TVTC,26.256,36.443,01-03-2019 00:00,6392.0,6424.10302734375,32.10302734375,32.10302734375,1030.6043646335602,0.5022375992451502,20.9,3.1,1869.6,6942.3,0.21216763694549415,44.3,1011.8
1452,7,transformer,kfold,Al Ahsa - KFU,25.34616,49.5956,01-11-2019 00:00,4107.6,4012.967041015625,-94.63295898437536,94.63295898437536,8955.39692613847,2.3038503988795247,23.3,1.4,1743.9,4166.4,0.29506116440789815,43.8,999.0
1461,7,transformer,kfold,Al Jubail - SWCC,26.9042,49.76274,01-03-2017 00:00,3973.8,3868.619873046875,-105.18012695312518,105.18012695312518,11062.85910587553,2.64683997566876,20.7,0.0,2113.4,2693.2,0.43968709690841756,75.3,1013.7
1490,7,transformer,kfold,Al Jubail - SWCC,26.9042,49.76274,01-01-2020 00:00,3772.3,3645.01953125,-127.28046875000018,127.28046875000018,16200.317725219773,3.3740812965564824,16.6,2.7,1288.1,4840.3,0.21018536649043795,56.6,1018.5
1503,7,transformer,kfold,Al Jubail - SWCC,26.9042,49.76274,01-08-2021 00:00,6824.9,6712.591796875,-112.30820312499964,112.30820312499964,12613.132489166179,1.6455655485794614,35.5,0.2,2101.2,6325.2,0.24935915693534605,55.2,1000.1
1516,7,transformer,kfold,Hafar Al Batin - TVTC,28.33202,45.95708,01-11-2017 00:00,4058.3,4062.833984375,4.533984374999818,4.533984374999818,20.557014312742492,0.11172127183795721,21.0,4.1,1820.8,4263.4,0.29926695374905493,35.2,971.6
1519,7,transformer,kfold,Hafar Al Batin - TVTC,28.33202,45.95708,01-05-2018 00:00,7129.9,7080.71484375,-49.185156249999636,49.185156249999636,2419.1795953368783,0.6898435637245913,31.6,4.3,3506.6,4693.5,0.42762893135449564,22.2,963.7
1530,7,transformer,kfold,Hafar Al Batin - TVTC,28.33202,45.95708,01-05-2019 00:00,7069.7,7104.35107421875,34.65107421875018,34.65107421875018,1200.6969445133336,0.4901350017504305,32.8,4.4,3250.1,4945.1,0.396585806325654,17.4,964.2
1531,7,transformer,kfold,Hafar Al Batin - TVTC,28.33202,45.95708,01-06-2019 00:00,8091.9,8152.6025390625,60.702539062500364,60.702539062500364,3684.7982486343826,0.7501642267267312,37.6,5.1,2219.0,7868.3,0.21997957828160164,11.3,960.2
1532,7,transformer,kfold,Hafar Al Batin - TVTC,28.33202,45.95708,01-07-2019 00:00,8045.2,8133.072265625,87.87226562500018,87.87226562500018,7721.535066070589,1.0922322083354072,37.1,5.7,1892.6,8414.4,0.18362278063452023,12.4,956.9
1544,7,transformer,kfold,Hafar Al Batin - TVTC,28.33202,45.95708,01-10-2020 00:00,5695.4,5974.7470703125,279.34707031250036,279.34707031250036,78034.78569217703,4.904784041726663,27.2,3.1,1214.4,7657.2,0.13688624374408223,16.8,968.7
1554,7,transformer,kfold,Hafar Al Batin - TVTC,28.33202,45.95708,01-09-2021 00:00,6662.7,7024.47265625,361.7726562500002,361.7726562500002,130879.45481018079,5.429820586999268,33.6,4.1,1649.2,7565.5,0.17897489880299955,15.7,962.5
1568,7,transformer,kfold,Al Dhahran - KFUPM,26.30355,50.14412,01-03-2018 00:00,6090.6,6124.82958984375,34.229589843749636,34.229589843749636,1171.6648208713282,0.5620068604694058,25.1,1.8,2337.3,5403.5,0.301945535345184,42.0,1005.6
1573,7,transformer,kfold,Al Dhahran - KFUPM,26.30355,50.14412,01-08-2018 00:00,7003.3,7016.43896484375,13.138964843749818,13.138964843749818,172.6323971652937,0.1876110525573632,37.4,2.0,2336.5,6207.6,0.27346355964934865,33.0,991.5
1574,7,transformer,kfold,Al Dhahran - KFUPM,26.30355,50.14412,01-09-2018 00:00,5998.5,6057.93017578125,59.43017578125,59.43017578125,3531.945793390274,0.9907506173418354,35.3,1.4,2182.0,5226.8,0.29451463124932514,57.1,997.6
1588,7,transformer,kfold,Al Dhahran - KFUPM,26.30355,50.14412,01-12-2019 00:00,3380.7,3400.32080078125,19.620800781250182,19.620800781250182,384.97582329750776,0.5803768681412188,20.3,0.0,1309.2,4063.3,0.24368543508608656,69.5,1010.4
1592,7,transformer,kfold,Al Dhahran - KFUPM,26.30355,50.14412,01-04-2020 00:00,5364.5,5542.71044921875,178.21044921875,178.21044921875,31758.964210748672,3.3220327937133005,27.5,2.2,2802.5,3393.9,0.45227874249564265,51.5,1003.1
1610,7,transformer,kfold,Jeddah - KAU,21.49604,39.24492,01-10-2017 00:00,5562.0,5562.919921875,0.919921875,0.919921875,0.8462562561035156,0.016539408036677455,31.4,3.6,1835.5,5582.8,0.24742865616111506,85.1,1002.5
1626,7,transformer,kfold,Jeddah - KAU,21.49604,39.24492,01-05-2019 00:00,6524.3,6499.67822265625,-24.621777343750182,24.621777343750182,606.2319195652098,0.37738573247321827,33.6,2.6,2746.2,4804.7,0.3636917453548584,43.8,1000.3
1643,7,transformer,kfold,Jeddah - KAU,21.49604,39.24492,01-01-2021 00:00,4281.3,4280.16259765625,-1.137402343750182,1.137402343750182,1.293684091568407,0.026566751775166,25.4,3.3,1719.6,4525.4,0.2753562850280224,61.7,1006.7
4,8,transformer,kfold,Sharurah - TVTC,17.47586,47.08618,01-11-2017 00:00,5262.7,5124.78125,-137.91874999999982,137.91874999999982,19021.58160156245,2.6206842495297056,24.8,3.5,1092.0,7020.8,0.13460211024553792,28.9,932.6
16,8,transformer,kfold,Sharurah - TVTC,17.47586,47.08618,01-08-2019 00:00,6987.6,7076.7373046875,89.13730468749964,89.13730468749964,7945.459086952144,1.2756497894484462,36.3,3.9,3195.1,4911.8,0.3941210573708816,15.6,922.3
17,8,transformer,kfold,Sharurah - TVTC,17.47586,47.08618,01-09-2019 00:00,6840.7,6866.98828125,26.288281250000182,26.288281250000182,691.0737310791111,0.3842922690660339,34.7,3.8,2555.1,5726.3,0.30853478880382545,19.3,924.7
19,8,transformer,kfold,Sharurah - TVTC,17.47586,47.08618,01-11-2019 00:00,5571.5,5522.8505859375,-48.6494140625,48.6494140625,2366.7654886245728,0.8731834167190163,24.5,3.8,1426.3,6870.4,0.17191172393843338,36.2,932.1
22,8,transformer,kfold,Sharurah - TVTC,17.47586,47.08618,01-02-2020 00:00,6153.8,6245.62060546875,91.82060546874982,91.82060546874982,8431.02358864781,1.4920960295874064,23.6,3.9,2103.2,6297.3,0.2503660496399024,23.6,932.7
35,8,transformer,kfold,Sharurah - TVTC,17.47586,47.08618,01-07-2021 00:00,6678.1,6744.0185546875,65.91855468749964,65.91855468749964,4345.255852088881,0.9870854687336164,34.9,4.1,3336.1,4290.0,0.4374582027510785,27.5,920.1
46,8,transformer,kfold,Layla - TVTC,22.27948,46.73319,01-06-2017 00:00,7708.1,7744.51953125,36.419531249999636,36.419531249999636,1326.3822564697,0.47248389680984465,37.8,2.7,3129.9,5882.6,0.3472843273231623,9.8,942.4
50,8,transformer,kfold,Layla - TVTC,22.27948,46.73319,01-03-2018 00:00,6698.7,6804.29443359375,105.59443359375018,105.59443359375018,11150.184405984917,1.5763421797326376,25.9,2.6,2424.9,6159.7,0.28247093632784287,22.2,950.9
93,8,transformer,kfold,Osfan - KAU,21.89252,39.2539,01-02-2017 00:00,4364.7,4429.28173828125,64.58173828125018,64.58173828125018,4170.800919427895,1.4796375073029115,23.8,3.9,2375.4,3136.0,0.4309975686758356,54.7,1001.3
116,8,transformer,kfold,Osfan - KAU,21.89252,39.2539,01-08-2019 00:00,6971.0,6901.52978515625,-69.47021484375,69.47021484375,4826.110750436783,0.9965602473640798,34.4,3.3,2505.4,5849.7,0.2998647532644732,51.7,992.6
119,8,transformer,kfold,Osfan - KAU,21.89252,39.2539,01-11-2019 00:00,4634.7,4724.5810546875,89.88105468750018,89.88105468750018,8078.603991737398,1.9393068523852717,28.9,2.7,1693.7,5039.4,0.25154832098142016,57.3,998.2
127,8,transformer,kfold,Osfan - KAU,21.89252,39.2539,01-12-2020 00:00,4033.0,4083.94873046875,50.94873046875,50.94873046875,2595.7731363773346,1.2632960691482766,26.2,2.1,1688.5,4413.6,0.27670801855099064,58.3,1000.7
149,8,transformer,kfold,Al Farshah - TQ TVTC,17.7749,43.17555,01-06-2018 00:00,5958.5,6218.5537109375,260.0537109375,260.0537109375,67627.9325723648,4.364415724385331,31.3,2.1,3549.4,2937.0,0.5472064627528368,40.6,889.2
153,8,transformer,kfold,Al Farshah - TQ TVTC,17.7749,43.17555,01-10-2018 00:00,5778.6,5454.56201171875,-324.03798828125036,324.03798828125036,105000.61784935975,5.607551799419416,27.5,2.2,1725.7,5794.8,0.22946612592247856,39.5,894.1
154,8,transformer,kfold,Al Farshah - TQ TVTC,17.7749,43.17555,01-11-2018 00:00,4929.0,4762.427734375,-166.572265625,166.572265625,27746.319675445557,3.3794332648610266,25.0,2.0,1611.9,5364.2,0.23106033457089203,48.3,894.8
157,8,transformer,kfold,Al Farshah - TQ TVTC,17.7749,43.17555,01-02-2019 00:00,5318.9,5329.255859375,10.355859375000364,10.355859375000364,107.24382339478292,0.19469926817575747,24.5,2.0,2299.9,4439.4,0.34126689715549097,50.5,894.9
159,8,transformer,kfold,Al Farshah - TQ TVTC,17.7749,43.17555,01-04-2019 00:00,6412.9,6415.62744140625,2.727441406250364,2.727441406250364,7.438936624528962,0.04253054634019498,28.1,2.3,2804.8,4668.9,0.37528934798025076,43.9,892.7
180,8,transformer,kfold,Al Farshah - TQ TVTC,17.7749,43.17555,01-04-2021 00:00,6493.8,6393.6064453125,-100.19355468750018,100.19355468750018,10038.74840091709,1.5429110026101847,27.3,2.2,2522.8,5110.4,0.3305035895823508,39.9,893.0
190,8,transformer,kfold,Hada Al Sham - KAU,21.80117,39.72854,01-10-2017 00:00,5780.6,5702.12109375,-78.47890625000036,78.47890625000036,6158.938726196347,1.3576256141231076,31.6,1.7,1732.9,6069.7,0.22209263578807065,49.6,983.2
217,8,transformer,kfold,Hada Al Sham - KAU,21.80117,39.72854,01-04-2020 00:00,7119.5,7077.91162109375,-41.58837890625,41.58837890625,1729.59326004982,0.584147466904277,28.8,1.8,2288.5,6487.8,0.26075908982145096,39.0,983.7
245,8,transformer,kfold,Dammam - IAFU,26.394974,50.188715,01-07-2018 00:00,7608.6,7642.00341796875,33.403417968749636,33.403417968749636,1115.788331994986,0.4390218695784985,36.1,3.3,2855.1,6132.0,0.31768868711820275,33.1,994.8
257,8,transformer,kfold,Dammam - IAFU,26.394974,50.188715,01-07-2021 00:00,7612.0,7680.8505859375,68.8505859375,68.8505859375,4740.403183937073,0.904500603487914,36.5,2.7,2515.5,6682.8,0.2734744463650892,41.1,995.7
263,8,transformer,kfold,Timaa - TVTC,27.6173,38.5252,01-06-2017 00:00,8158.9,8010.884765625,-148.01523437499964,148.01523437499964,21908.509607086075,1.8141567414112152,33.5,2.4,1845.5,8604.1,0.17660963099065993,14.6,914.7
268,8,transformer,kfold,Timaa - TVTC,27.6173,38.5252,01-04-2018 00:00,7333.9,7118.55908203125,-215.34091796874964,215.34091796874964,46371.71095162376,2.93624017192421,23.4,2.8,2665.5,6450.5,0.29239798157086444,26.7,916.1
283,8,transformer,kfold,Timaa - TVTC,27.6173,38.5252,01-07-2019 00:00,8239.6,8185.873046875,-53.726953125000364,53.726953125000364,2886.5854920959864,0.6520577834482301,33.7,2.5,1707.7,9016.2,0.15924243978403377,16.9,912.7
301,8,transformer,kfold,Timaa - TVTC,27.6173,38.5252,01-04-2021 00:00,7631.2,7699.0986328125,67.89863281250018,67.89863281250018,4610.224337806726,0.8897504037700517,25.4,2.9,2302.7,7431.0,0.2365698552451791,19.5,918.8
304,8,transformer,kfold,Timaa - TVTC,27.6173,38.5252,01-08-2021 00:00,7626.9,7673.2900390625,46.390039062500364,46.390039062500364,2152.0357242203095,0.6082423928791562,34.4,2.3,1896.3,7943.6,0.19271537312371062,16.0,913.8
313,8,transformer,kfold,Hail - TVTC,27.65261,41.70826,01-05-2017 00:00,6227.4,6340.962890625,113.56289062500036,113.56289062500036,12896.530127105796,1.8236003890066539,29.0,3.4,3023.5,4219.2,0.41745481657392963,14.9,907.7
320,8,transformer,kfold,Hail - TVTC,27.65261,41.70826,01-06-2018 00:00,8237.7,8141.568359375,-96.13164062500073,96.13164062500073,9241.292329254291,1.1669718565254952,32.6,3.2,2404.7,7785.7,0.23597699795886323,11.1,904.9
335,8,transformer,kfold,Hail - TVTC,27.65261,41.70826,01-12-2019 00:00,4280.9,4327.921875,47.021875000000364,47.021875000000364,2211.0567285156594,1.0984109649840073,13.8,3.0,973.4,6996.3,0.1221375961454007,39.3,912.0
340,8,transformer,kfold,Hail - TVTC,27.65261,41.70826,01-05-2020 00:00,7321.9,7354.513671875,32.613671875000364,32.613671875000364,1063.6515931701897,0.44542634937653297,28.9,3.6,2969.7,5666.2,0.3438784608436874,13.3,908.3
356,8,transformer,kfold,Madinah - Taibah University,24.4846,39.5418,01-02-2017 00:00,4885.0,4583.75048828125,-301.24951171875,301.24951171875,90751.2683107853,6.166827261386898,19.0,3.4,1754.9,5120.1,0.25525818181818183,26.1,943.0
369,8,transformer,kfold,Madinah - Taibah University,24.4846,39.5418,01-02-2019 00:00,4928.8,4631.17431640625,-297.6256835937502,297.6256835937502,88581.04753464709,6.03850193949339,19.7,2.3,1636.1,5366.0,0.23365847388640548,34.2,942.0
399,8,transformer,kfold,Al Hanakiyah - TVTC,24.85577,40.536,01-02-2019 00:00,4920.6,4844.70703125,-75.89296875000036,75.89296875000036,5759.742705688532,1.5423519235459162,18.4,3.7,1950.7,4946.3,0.2828331158474699,38.4,918.0
407,8,transformer,kfold,Al Hanakiyah - TVTC,24.85577,40.536,01-10-2019 00:00,5505.8,5546.86083984375,41.06083984374982,41.06083984374982,1685.9925686740726,0.7457742715636204,30.4,2.9,1988.0,5546.6,0.2638494412443925,23.0,916.3
431,8,transformer,kfold,Al Uwayqilah,30.327166,42.253735,01-10-2021 00:00,4938.5,4852.09033203125,-86.40966796875,86.40966796875,7466.63071846962,1.7497148520552799,26.6,3.2,1705.0,5423.6,0.2391773980865808,22.2,963.8
443,8,transformer,kfold,Tabuk - University,28.38287,36.48396,01-05-2018 00:00,7448.6,7357.22021484375,-91.37978515625036,91.37978515625036,8350.265135202475,1.2268048379057859,28.1,3.1,2752.3,6270.7,0.3050315859470243,18.8,923.8
470,8,transformer,kfold,Mahd ad Dahab,23.419423,40.743138,01-08-2021 00:00,6508.0,6376.1630859375,-131.8369140625,131.8369140625,17380.97190952301,2.025766964697296,34.7,3.3,2185.4,5636.9,0.27938074479373076,19.4,899.4
473,8,transformer,kfold,Mahd ad Dahab,23.419423,40.743138,01-11-2021 00:00,4780.9,4682.6923828125,-98.20761718749964,98.20761718749964,9644.736073646474,2.0541658931895594,22.7,2.5,1246.2,6306.3,0.1650049652432969,29.0,905.9
476,8,transformer,kfold,Farasan - SWCC,16.692097,42.098767,01-02-2017 00:00,4637.0,4716.89990234375,79.89990234375,79.89990234375,6383.994394540787,1.723094723824671,27.0,3.8,2883.1,2564.2,0.5292713821526261,75.2,1011.6
487,8,transformer,kfold,Farasan - SWCC,16.692097,42.098767,01-01-2019 00:00,4754.0,4880.220703125,126.220703125,126.220703125,15931.665897369385,2.655042135570046,26.6,0.0,2404.7,3782.8,0.3886383838383838,78.6,1012.6
489,8,transformer,kfold,Farasan - SWCC,16.692097,42.098767,01-03-2019 00:00,5900.8,5961.4423828125,60.64238281249982,60.64238281249982,3677.4985931777733,1.0276976479884052,27.7,0.0,2817.3,4176.4,0.402833979152666,73.1,1009.7
496,8,transformer,kfold,Farasan - SWCC,16.692097,42.098767,01-03-2020 00:00,5697.6,5775.88818359375,78.28818359374964,78.28818359374964,6129.03969040865,1.3740554548186892,28.0,3.6,4136.7,2097.6,0.6635388094894376,76.8,1008.7
511,8,transformer,kfold,Farasan - SWCC,16.692097,42.098767,01-11-2021 00:00,4738.7,4635.90234375,-102.79765624999982,102.79765624999982,10567.358130493127,2.169321886804394,30.0,2.8,1771.0,4685.4,0.2743014683105136,71.6,1009.6
512,8,transformer,kfold,Farasan - SWCC,16.692097,42.098767,01-12-2021 00:00,4203.0,4173.0185546875,-29.9814453125,29.9814453125,898.8870630264282,0.7133344114323102,27.7,3.3,1834.2,4076.7,0.3103080749124499,76.0,1011.8
515,8,transformer,kfold,Al Khafji - SWCC,28.50676,48.455128,01-03-2018 00:00,5826.0,5703.876953125,-122.123046875,122.123046875,14914.038578033447,2.096173135513217,21.5,3.4,2206.8,5403.5,0.2899754280383165,44.9,1013.0
517,8,transformer,kfold,Al Khafji - SWCC,28.50676,48.455128,01-05-2018 00:00,6759.9,6748.939453125,-10.960546874999636,10.960546874999636,120.13358779906429,0.16214066591221227,29.9,3.0,3162.2,4749.9,0.3996663338431011,38.4,1006.9
521,8,transformer,kfold,Al Khafji - SWCC,28.50676,48.455128,01-04-2020 00:00,6194.9,6083.658203125,-111.24179687499964,111.24179687499964,12374.73737197868,1.7956996380086787,24.3,3.5,3297.2,3990.5,0.45243355242394717,51.8,1009.8
537,8,transformer,kfold,Riyadh - KSU,24.72359,46.61639,01-03-2017 00:00,5128.6,5126.42431640625,-2.175683593750364,2.175683593750364,4.733599100114498,0.04242256354073945,22.3,2.2,2825.4,3235.2,0.4661914661914662,39.3,938.5
546,8,transformer,kfold,Riyadh - KSU,24.72359,46.61639,01-05-2018 00:00,7141.6,7137.548828125,-4.051171875000364,4.051171875000364,16.411993560793963,0.056726390094661745,33.1,2.2,3500.5,4557.7,0.4344022238216972,18.1,935.1
559,8,transformer,kfold,Riyadh - KSU,24.72359,46.61639,01-06-2019 00:00,7261.7,7229.4150390625,-32.28496093749982,32.28496093749982,1042.3187027358892,0.4445923260049275,38.0,1.9,2606.6,6062.2,0.300687523071244,12.3,932.0
569,8,transformer,kfold,Riyadh - KSU,24.72359,46.61639,01-04-2020 00:00,6285.3,6361.7978515625,76.49785156249982,76.49785156249982,5851.921293678256,1.217091492251759,28.4,2.3,3200.1,3992.3,0.4449279795339525,29.0,936.7
574,8,transformer,kfold,Riyadh - KSU,24.72359,46.61639,01-12-2020 00:00,3933.7,3843.636962890625,-90.06303710937482,90.06303710937482,8111.350653364626,2.2895248013161864,17.5,1.7,1489.7,4640.4,0.24301398019608167,49.0,943.6
580,8,transformer,kfold,Riyadh - KSU,24.72359,46.61639,01-07-2021 00:00,7521.9,7517.29296875,-4.607031249999636,4.607031249999636,21.22473693847321,0.06124823847697572,39.5,2.0,2563.7,6441.0,0.28470687529845523,16.3,928.0
606,8,transformer,kfold,Jazan - University,16.96035,42.545865,01-08-2019 00:00,5297.0,5314.92822265625,17.92822265625,17.92822265625,321.4211676120758,0.3384599330989239,32.4,0.0,3286.6,2389.9,0.5789835285827535,67.5,1004.8
625,8,transformer,kfold,Jazan - University,16.96035,42.545865,01-08-2021 00:00,5508.7,5456.6669921875,-52.03300781249982,52.03300781249982,2707.433902015667,0.9445605644253603,33.2,2.6,3038.2,2985.1,0.5044078827220959,70.0,1003.7
633,8,transformer,kfold,Riyadh - K.A.CARE City T2,24.52958,46.43635,01-04-2017 00:00,6906.3,6987.7939453125,81.49394531249982,81.49394531249982,6641.263122596711,1.1799942851092453,27.5,4.2,3176.3,4950.9,0.39082340781572994,20.8,912.2
635,8,transformer,kfold,Riyadh - K.A.CARE City T2,24.52958,46.43635,01-06-2017 00:00,8050.4,8037.4287109375,-12.971289062499636,12.971289062499636,168.25433994292268,0.161126019359282,35.0,4.2,2687.6,7045.4,0.2761327442720641,10.3,906.8
653,8,transformer,kfold,Riyadh - K.A.CARE City T2,24.52958,46.43635,01-05-2019 00:00,6652.3,6629.55126953125,-22.748730468750182,22.748730468750182,517.5047379398429,0.3419678978511219,30.0,3.7,3106.9,4519.9,0.40736612996276295,23.2,910.1
655,8,transformer,kfold,Riyadh - K.A.CARE City T2,24.52958,46.43635,01-07-2019 00:00,8069.1,8029.8232421875,-39.276757812500364,39.276757812500364,1542.6637042618083,0.4867551252618057,35.8,4.2,2377.9,7498.8,0.24075855295797177,11.8,904.2
656,8,transformer,kfold,Riyadh - K.A.CARE City T2,24.52958,46.43635,01-08-2019 00:00,7727.3,7634.01171875,-93.28828125000018,93.28828125000018,8702.703418579136,1.207255849391122,35.2,3.8,2122.5,7538.9,0.21968865795847395,12.1,905.5
658,8,transformer,kfold,Riyadh - K.A.CARE City T2,24.52958,46.43635,01-10-2019 00:00,5863.3,5977.45947265625,114.15947265624982,114.15947265624982,13032.38519715305,1.9470174245945084,28.9,3.5,1793.0,6434.5,0.21792768155575812,23.9,912.5
684,8,transformer,kfold,Arar - TVTC,31.027395,40.906419,01-06-2018 00:00,8380.7,8201.3759765625,-179.32402343750073,179.32402343750073,32157.10538181331,2.1397260782213983,32.0,4.5,2239.0,8282.5,0.21280235707836334,15.4,941.4
685,8,transformer,kfold,Arar - TVTC,31.027395,40.906419,01-07-2018 00:00,8347.3,8233.205078125,-114.09492187499927,114.09492187499927,13017.651197662188,1.3668482248751006,33.6,4.4,1892.3,8928.8,0.17487131622478308,15.0,939.0
689,8,transformer,kfold,Arar - TVTC,31.027395,40.906419,01-01-2019 00:00,3484.3,3300.907958984375,-183.39204101562518,183.39204101562518,33632.64070787675,5.263382631105966,9.2,3.7,1518.7,4083.5,0.2710899289564814,55.5,950.5
696,8,transformer,kfold,Arar - TVTC,31.027395,40.906419,01-08-2019 00:00,7449.2,7499.37841796875,50.17841796875018,50.17841796875018,2517.873629846591,0.6736081454216585,34.2,4.6,1847.9,7884.0,0.18988070161016865,14.7,939.9
703,8,transformer,kfold,Arar - TVTC,31.027395,40.906419,01-02-2021 00:00,4494.1,4464.36328125,-29.736718750000364,29.736718750000364,884.2724420166232,0.661683512827938,12.8,4.0,1431.8,5623.1,0.2029511403421735,47.6,950.9
726,8,transformer,kfold,Taif - University,21.43278,40.49173,01-02-2019 00:00,5702.3,5674.552734375,-27.747265625000182,27.747265625000182,769.9107496643168,0.4865977872963573,17.7,3.3,1904.4,6095.4,0.238055951398785,43.6,849.8
740,8,transformer,kfold,Rania - TVTC,21.21501,42.84853,01-09-2017 00:00,6773.0,6636.29638671875,-136.70361328125,136.70361328125,18687.87788414955,2.01836133591097,32.2,2.4,2290.2,6135.3,0.27181769627915253,10.7,907.5
758,8,transformer,kfold,Rania - TVTC,21.21501,42.84853,01-11-2020 00:00,5419.3,5365.99169921875,-53.30830078125018,53.30830078125018,2841.774932184239,0.9836750277941835,23.5,3.0,1298.6,7125.5,0.15415296589546656,25.1,912.2
761,8,transformer,kfold,Rania - TVTC,21.21501,42.84853,01-05-2021 00:00,7704.7,7575.67236328125,-129.02763671874982,129.02763671874982,16648.131037225678,1.6746613978318405,33.4,2.4,2755.5,6359.7,0.30229726171669297,10.9,907.0
768,8,transformer,kfold,Al Baha - University,20.1794,41.6357,01-04-2018 00:00,6852.4,6631.87744140625,-220.52255859374964,220.52255859374964,48630.198848733744,3.2181798872475285,21.6,3.3,2345.7,6034.2,0.27991980811226863,42.2,833.6
773,8,transformer,kfold,Al Baha - University,20.1794,41.6357,01-03-2019 00:00,6846.4,6687.34423828125,-159.05576171874964,159.05576171874964,25298.735335931662,2.323202876237872,19.5,0.0,1944.9,7084.3,0.21540114295840163,35.4,834.0
784,8,transformer,kfold,Al Baha - University,20.1794,41.6357,01-02-2020 00:00,5930.5,6021.9599609375,91.4599609375,91.4599609375,8364.924454689026,1.5421964579293483,18.2,3.3,1902.6,6379.0,0.2297382148377125,39.4,835.8
789,8,transformer,kfold,Al Baha - University,20.1794,41.6357,01-11-2020 00:00,5160.2,5119.15625,-41.04374999999982,41.04374999999982,1684.589414062485,0.7953906825316813,20.3,2.1,1240.5,6777.1,0.15472211135501895,38.4,836.0
790,8,transformer,kfold,Al Baha - University,20.1794,41.6357,01-12-2020 00:00,5136.3,5308.9404296875,172.64042968749982,172.64042968749982,29804.71796268457,3.361182751932321,17.7,2.2,1066.2,7527.1,0.12407340602562461,43.2,836.0
801,8,transformer,kfold,Thuwal - KAUST,22.3065,39.107,01-05-2017 00:00,6160.8,6099.39990234375,-61.40009765625018,61.40009765625018,3769.971992197059,0.9966254002118261,29.8,2.6,2851.5,4210.5,0.4037807986406117,83.8,1005.5
822,8,transformer,kfold,Thuwal - KAUST,22.3065,39.107,01-07-2019 00:00,6893.8,6778.2490234375,-115.55097656250018,115.55097656250018,13352.028184547466,1.6761579471771764,31.8,0.0,2480.5,5709.7,0.3028619569729677,68.0,1000.9
827,8,transformer,kfold,Thuwal - KAUST,22.3065,39.107,01-12-2019 00:00,4316.6,4367.0244140625,50.424414062499636,50.424414062499636,2542.6215335464112,1.1681511852499569,24.8,0.0,1322.5,5637.5,0.19001436781609196,58.0,1011.5
830,8,transformer,kfold,Thuwal - KAUST,22.3065,39.107,01-03-2020 00:00,6083.3,6069.89453125,-13.405468750000182,13.405468750000182,179.70659240723143,0.2203650773428925,24.1,2.6,2321.5,5308.6,0.304255514344504,66.8,1008.8
833,8,transformer,kfold,Thuwal - KAUST,22.3065,39.107,01-09-2020 00:00,6025.7,5996.81201171875,-28.887988281249818,28.887988281249818,834.5158669376268,0.4794129857319452,32.4,2.3,2314.2,5023.7,0.3153763338284795,74.8,1002.1
837,8,transformer,kfold,Thuwal - KAUST,22.3065,39.107,01-01-2021 00:00,4280.5,4245.9580078125,-34.5419921875,34.5419921875,1193.149224281311,0.8069616210139001,24.9,2.5,1733.6,4544.0,0.2761564929272333,59.4,1011.7
851,8,transformer,kfold,Al Jouf - TVTC,29.77634,40.02318,01-04-2018 00:00,7142.7,7108.2841796875,-34.41582031249982,34.41582031249982,1184.448687782275,0.4818320846808604,22.4,4.5,2528.4,6491.3,0.28031974455913167,27.4,934.4
853,8,transformer,kfold,Al Jouf - TVTC,29.77634,40.02318,01-06-2018 00:00,8361.9,8227.611328125,-134.28867187499964,134.28867187499964,18033.44739395132,1.6059588356115193,32.0,4.8,2348.1,8113.2,0.22445585156720485,15.9,931.5
866,8,transformer,kfold,Al Jouf - TVTC,29.77634,40.02318,01-10-2019 00:00,4920.7,4755.35498046875,-165.34501953124982,165.34501953124982,27338.975483789385,3.3601930524366415,26.8,3.1,1912.3,4951.6,0.27860254374335286,30.7,936.8
876,8,transformer,kfold,Al Jouf - TVTC,29.77634,40.02318,01-11-2020 00:00,4067.3,4048.25732421875,-19.042675781250182,19.042675781250182,362.6235009098122,0.4681896044366086,17.6,3.0,1380.2,5315.3,0.20613845119856622,51.3,938.9
895,8,transformer,kfold,Makkah - UQU,21.331,39.949,01-11-2020 00:00,4337.1,4300.69140625,-36.408593750000364,36.408593750000364,1325.5856988525657,0.8394686253487436,28.2,1.4,1719.9,4421.1,0.2800683927699072,48.5,977.9
902,8,transformer,kfold,Makkah - UQU,21.331,39.949,01-09-2021 00:00,5954.7,6110.64453125,155.94453125000018,155.94453125000018,24318.696826782285,2.618847821888595,34.9,2.1,2873.8,4043.6,0.4154451094341805,34.2,971.5
911,8,transformer,kfold,Umluj - SWCC,25.00411,37.27382,01-06-2017 00:00,7460.0,7243.49658203125,-216.50341796875,216.50341796875,46873.72999215126,2.9021905893934314,30.5,3.1,2041.9,7201.9,0.22089400463013048,65.7,1004.4
920,8,transformer,kfold,Umluj - SWCC,25.00411,37.27382,01-08-2018 00:00,7125.3,6862.56494140625,-262.7350585937502,262.7350585937502,69029.71101426134,3.6873543372735207,32.3,2.3,1768.9,7281.4,0.1954520844612886,67.8,1004.4
927,8,transformer,kfold,Umluj - SWCC,25.00411,37.27382,01-03-2019 00:00,6381.1,6269.234375,-111.86562500000036,111.86562500000036,12513.918056640707,1.7530774474620419,22.6,0.8,1890.3,6770.1,0.21826936400166275,51.1,1012.9
935,8,transformer,kfold,Umluj - SWCC,25.00411,37.27382,01-11-2019 00:00,4663.0,4749.93994140625,86.93994140625,86.93994140625,7558.553411722183,1.8644636801683465,27.4,0.0,1263.6,6261.0,0.16792919224942188,54.2,1011.1
959,8,transformer,kfold,Wadi Addawasir - TVTC,20.43008,44.89433,01-03-2017 00:00,5831.1,5878.76611328125,47.666113281249636,47.666113281249636,2272.058355340923,0.8174463357042347,25.2,3.2,2967.1,3884.9,0.4330268534734384,32.7,937.2
961,8,transformer,kfold,Wadi Addawasir - TVTC,20.43008,44.89433,01-05-2017 00:00,6876.1,6924.85693359375,48.756933593749636,48.756933593749636,2377.2385734653117,0.7090783088342175,33.6,2.5,3274.7,4561.7,0.41788321167883213,19.0,935.2
971,8,transformer,kfold,Wadi Addawasir - TVTC,20.43008,44.89433,01-10-2021 00:00,6404.1,6303.0634765625,-101.03652343750036,101.03652343750036,10208.37906833656,1.5776849742742987,28.2,2.0,1683.5,7204.1,0.18942121607633106,18.2,938.5
980,8,transformer,kfold,Al Dawadmi - TVTC,24.5569,44.47411,01-04-2018 00:00,6297.0,6284.17724609375,-12.82275390625,12.82275390625,164.42301774024963,0.20363274426314115,24.7,3.4,3284.9,3896.5,0.4574177736931518,36.6,905.0
991,8,transformer,kfold,Al Dawadmi - TVTC,24.5569,44.47411,01-03-2019 00:00,6375.6,6423.072265625,47.472265624999636,47.472265624999636,2253.616003570522,0.7445929108632856,19.4,2.2,2453.7,5810.6,0.2969035489999153,27.7,907.1
992,8,transformer,kfold,Al Dawadmi - TVTC,24.5569,44.47411,01-04-2019 00:00,6715.8,6698.98486328125,-16.815136718750182,16.815136718750182,282.74882287026065,0.2503817373767858,23.9,0.0,2811.0,5298.9,0.346613398438945,30.4,906.2
996,8,transformer,kfold,Al Dawadmi - TVTC,24.5569,44.47411,01-08-2019 00:00,7492.7,7522.7314453125,30.031445312500182,30.031445312500182,901.8877075576892,0.40080939197485793,34.7,0.0,2126.7,7272.2,0.22627115939099254,12.5,901.3
1002,8,transformer,kfold,Al Dawadmi - TVTC,24.5569,44.47411,01-02-2020 00:00,5383.8,5527.10986328125,143.30986328124982,143.30986328124982,20537.716913690514,2.661871972979119,17.8,2.6,2133.3,5392.1,0.2834799479097457,29.3,910.0
1003,8,transformer,kfold,Al Dawadmi - TVTC,24.5569,44.47411,01-03-2020 00:00,6521.3,6594.0107421875,72.71074218749982,72.71074218749982,5286.852029457066,1.1149731217318606,21.1,1.7,2573.1,5764.2,0.30862509445503944,23.4,906.8
1008,8,transformer,kfold,Al Dawadmi - TVTC,24.5569,44.47411,01-11-2020 00:00,4682.5,4724.072265625,41.572265625,41.572265625,1728.2532691955566,0.8878220101441539,21.6,3.1,1380.8,5990.7,0.1873160143797056,37.2,909.5
1011,8,transformer,kfold,Al Dawadmi - TVTC,24.5569,44.47411,01-02-2021 00:00,5139.4,5193.89404296875,54.494042968750364,54.494042968750364,2969.600719080011,1.060319161161816,17.3,3.2,1923.1,5428.2,0.26159998911757104,39.0,909.6
1015,8,transformer,kfold,Al Dawadmi - TVTC,24.5569,44.47411,01-07-2021 00:00,7685.7,7726.6689453125,40.96894531250018,40.96894531250018,1678.4544800186306,0.5330541826053603,37.0,3.0,2674.9,6543.7,0.2901633653700128,13.7,898.7
1019,8,transformer,kfold,Al Dawadmi - TVTC,24.5569,44.47411,01-11-2021 00:00,4922.2,5002.00830078125,79.80830078125018,79.80830078125018,6369.364873590498,1.6213949205893745,22.0,0.7,1472.2,6196.1,0.19198518576477186,30.6,909.7
1039,8,transformer,kfold,Shaqra - University,25.17279,45.14198,01-02-2019 00:00,4614.9,4486.07080078125,-128.82919921874964,128.82919921874964,16596.96257134428,2.7915924336117715,16.2,0.5,2060.4,4302.8,0.3237993462408851,43.0,927.8
1062,8,transformer,kfold,Shaqra - University,25.17279,45.14198,01-07-2021 00:00,7615.5,7726.55712890625,111.05712890625,111.05712890625,12333.68588089943,1.4583038396198542,37.6,0.0,2574.2,6625.9,0.279801306507538,13.0,915.0
1069,8,transformer,kfold,Al Qunfudhah - TVTC,19.15197,41.08111,01-02-2017 00:00,4068.8,4256.85791015625,188.05791015624982,188.05791015624982,35365.77757233613,4.62195021028927,26.4,2.5,2493.3,2316.6,0.5183683652466788,71.1,1012.0
1070,8,transformer,kfold,Al Qunfudhah - TVTC,19.15197,41.08111,01-03-2017 00:00,5175.3,5179.37158203125,4.071582031249818,4.071582031249818,16.577780237196396,0.07867335287325987,28.0,2.6,2617.2,3455.6,0.4309708865762087,72.8,1008.9
1072,8,transformer,kfold,Al Qunfudhah - TVTC,19.15197,41.08111,01-05-2017 00:00,5961.5,5965.99755859375,4.49755859375,4.49755859375,20.228033304214478,0.07544340507841986,32.1,2.9,2791.6,3960.8,0.41342337539245305,71.3,1006.0
1077,8,transformer,kfold,Al Qunfudhah - TVTC,19.15197,41.08111,01-12-2017 00:00,4548.6,4562.865234375,14.265234374999636,14.265234374999636,203.49691177367126,0.31361813250230036,26.7,2.1,1658.6,5033.8,0.2478333632179786,73.0,1013.3
1081,8,transformer,kfold,Al Qunfudhah - TVTC,19.15197,41.08111,01-06-2018 00:00,6298.2,6403.51171875,105.31171875000018,105.31171875000018,11090.55810607914,1.6720923239973355,32.7,3.2,3832.3,2975.4,0.5629360870778677,72.1,1002.3
1092,8,transformer,kfold,Al Qunfudhah - TVTC,19.15197,41.08111,01-05-2019 00:00,6425.8,6366.6220703125,-59.17792968750018,59.17792968750018,3502.0273620987155,0.9209426015048738,32.6,2.2,2897.1,4598.5,0.3865067506270345,60.9,1006.1
1099,8,transformer,kfold,Al Qunfudhah - TVTC,19.15197,41.08111,01-12-2019 00:00,4460.9,4508.54443359375,47.644433593750364,47.644433593750364,2269.9920524692884,1.068045318069232,27.6,1.8,1773.5,4714.4,0.273355014719709,79.0,1011.6
1115,8,transformer,kfold,Duba - TVTC,27.34103,35.72295,01-03-2017 00:00,6089.8,5945.1689453125,-144.63105468750018,144.63105468750018,20918.141980018667,2.3749721614420864,22.7,2.3,1688.2,6797.4,0.19894880739134532,45.1,1008.9
1119,8,transformer,kfold,Duba - TVTC,27.34103,35.72295,01-09-2017 00:00,6391.5,6323.8857421875,-67.6142578125,67.6142578125,4571.687859535217,1.0578777722365642,31.5,2.2,1794.8,6679.9,0.21178330796370376,54.7,1004.5
1127,8,transformer,kfold,Duba - TVTC,27.34103,35.72295,01-08-2018 00:00,7342.3,7259.9228515625,-82.37714843750018,82.37714843750018,6785.994584693939,1.1219529089999072,31.7,2.1,1394.7,8415.6,0.14216690621081923,61.0,1001.8
1139,8,transformer,kfold,Duba - TVTC,27.34103,35.72295,01-08-2019 00:00,7363.8,7204.8154296875,-158.98457031250018,158.98457031250018,25276.093597450315,2.159001742476713,31.6,1.9,1440.5,8349.2,0.14714444773588567,59.2,1002.6
1141,8,transformer,kfold,Duba - TVTC,27.34103,35.72295,01-10-2019 00:00,5376.6,5550.9482421875,174.34824218749964,174.34824218749964,30397.30955387103,3.242722951075022,30.1,1.9,1709.8,6070.2,0.21976863753213366,47.0,1007.3
1148,8,transformer,kfold,Duba - TVTC,27.34103,35.72295,01-05-2020 00:00,7401.7,7442.123046875,40.42304687500018,40.42304687500018,1634.022718658462,0.5461319274626124,29.2,2.3,2208.2,7030.1,0.23902666074927206,42.9,1006.1
1150,8,transformer,kfold,Duba - TVTC,27.34103,35.72295,01-10-2020 00:00,5646.5,5936.4296875,289.9296875,289.9296875,84059.22369384766,5.134679668821394,31.0,1.8,1375.3,7169.2,0.1609573409795775,39.5,1007.7
1166,8,transformer,kfold,Najran - University,17.63228,44.53735,01-03-2017 00:00,6515.7,6516.337890625,0.6378906250001819,0.6378906250001819,0.4069044494631227,0.009790055174427643,26.1,2.2,2536.9,5407.0,0.31935195558856483,29.7,881.4
1195,8,transformer,kfold,Najran - University,17.63228,44.53735,01-01-2020 00:00,5907.3,6061.28173828125,153.98173828124982,153.98173828124982,23710.375724115314,2.6066348125412593,18.5,1.9,1569.5,7353.5,0.1758937577048078,33.1,885.3
1199,8,transformer,kfold,Najran - University,17.63228,44.53735,01-05-2020 00:00,7241.7,7304.072265625,62.37226562500018,62.37226562500018,3890.2995191955793,0.8612931442202824,33.6,2.2,3215.9,5163.0,0.38380933058038647,23.9,881.1
1203,8,transformer,kfold,Najran - University,17.63228,44.53735,01-01-2021 00:00,6173.5,6491.294921875,317.794921875,317.794921875,100993.61236953735,5.147726927593747,17.8,1.6,1484.0,8075.2,0.1552431165787932,28.3,885.7
1212,8,transformer,kfold,Najran - University,17.63228,44.53735,01-11-2021 00:00,6370.7,6366.17041015625,-4.529589843749818,4.529589843749818,20.5171841526015,0.07110034758738944,22.5,1.3,1258.6,8607.1,0.12757330954721913,25.3,885.1
1213,8,transformer,kfold,Najran - University,17.63228,44.53735,01-12-2021 00:00,5952.6,5794.3212890625,-158.27871093750036,158.27871093750036,25052.150336036797,2.658984493120659,19.0,1.1,1067.6,8876.4,0.10736122284794851,32.0,885.6
1219,8,transformer,kfold,Afif - TVTC,23.92118,42.94815,01-06-2017 00:00,7910.8,7876.86669921875,-33.93330078125018,33.93330078125018,1151.468901910794,0.4289490415792357,34.5,3.8,2742.9,6769.5,0.2883499432319919,8.7,891.7
1243,8,transformer,kfold,Afif - TVTC,23.92118,42.94815,01-11-2019 00:00,4843.5,4815.34765625,-28.15234375,28.15234375,792.5544586181641,0.581239676886549,21.8,4.5,1732.7,5494.2,0.23975701891544093,39.2,898.0
1279,8,transformer,kfold,Riyadh - K.A.CARE HQ,24.707744,46.6792,01-10-2018 00:00,5113.3,5168.5546875,55.25468749999982,55.25468749999982,3053.080490722636,1.0806071910507855,29.6,2.4,2007.3,4774.6,0.2959790029342809,28.3,939.4
1286,8,transformer,kfold,Riyadh - K.A.CARE HQ,24.707744,46.6792,01-05-2019 00:00,6293.4,6333.060546875,39.660546875000364,39.660546875000364,1572.9589784241011,0.630192691947125,33.1,2.7,3011.6,4159.6,0.4199576082106202,20.4,935.0
1293,8,transformer,kfold,Riyadh - K.A.CARE HQ,24.707744,46.6792,01-12-2019 00:00,3868.2,3729.001953125,-139.19804687499982,139.19804687499982,19376.096253814645,3.598522487849641,17.9,2.5,1249.2,5068.1,0.19774270653602014,44.3,941.8
1299,8,transformer,kfold,Riyadh - K.A.CARE HQ,24.707744,46.6792,01-09-2020 00:00,6645.7,6636.5419921875,-9.158007812499818,9.158007812499818,83.8691070938077,0.13780350922400678,35.6,2.8,2015.4,6533.6,0.23574687097906188,14.1,933.2
1316,8,transformer,kfold,Yanbu - RCJY,23.98655,38.20451,01-02-2019 00:00,5492.9,6290.50537109375,797.6053710937504,797.6053710937504,636174.3279975993,14.520660690960154,22.8,0.0,2272.0,5237.1,0.30256621965348707,42.4,1013.4
1340,8,transformer,kfold,Majmaah - University,25.85891,45.41889,01-02-2019 00:00,4669.5,4555.0673828125,-114.4326171875,114.4326171875,13094.82387638092,2.4506396228182887,15.1,3.1,1931.1,4659.4,0.29301266975191564,50.2,935.6
1352,8,transformer,kfold,Majmaah - University,25.85891,45.41889,01-02-2020 00:00,5303.0,5394.07275390625,91.07275390625,91.07275390625,8294.246504068375,1.7173817444135395,17.0,2.7,2049.9,5507.8,0.27123331172182014,31.2,936.0
1373,8,transformer,kfold,Hagl - SWCC,29.28997,34.93002,01-03-2017 00:00,5558.3,5380.64306640625,-177.65693359375018,177.65693359375018,31561.98605393416,3.196245859233042,21.3,6.1,1606.2,6199.7,0.20576743232682973,50.5,1010.3
1376,8,transformer,kfold,Hagl - SWCC,29.28997,34.93002,01-06-2017 00:00,7480.6,7204.591796875,-276.00820312500036,276.00820312500036,76180.52819229146,3.6896532781461424,29.7,7.3,1297.0,8543.8,0.13179822778635883,49.7,1005.2
1401,8,transformer,kfold,Hagl - SWCC,29.28997,34.93002,01-12-2019 00:00,3858.7,3879.34814453125,20.648144531250182,20.648144531250182,426.3458725833968,0.5351062412535358,19.7,4.3,967.5,6272.7,0.1336289052788597,44.5,1014.8
1412,8,transformer,kfold,Hagl - SWCC,29.28997,34.93002,01-02-2021 00:00,4891.3,4766.572265625,-124.72773437500018,124.72773437500018,15557.007722320603,2.5499915027702285,19.8,5.9,1226.0,6526.8,0.15813641523062635,49.4,1014.2
1421,8,transformer,kfold,Hagl - SWCC,29.28997,34.93002,01-12-2021 00:00,3391.2,3496.995361328125,105.79536132812518,105.79536132812518,11192.658478548565,3.1197027992487967,19.7,0.0,1366.7,4299.0,0.2412235028328362,47.9,1014.6
1423,8,transformer,kfold,Al Wajh - TVTC,26.256,36.443,01-02-2017 00:00,5057.4,4984.88427734375,-72.51572265624964,72.51572265624964,5258.530032358117,1.43385381137046,19.3,3.0,1525.6,6045.2,0.20151106884345116,35.9,1014.3
1440,8,transformer,kfold,Al Wajh - TVTC,26.256,36.443,01-07-2021 00:00,8133.6,8099.6904296875,-33.909570312500364,33.909570312500364,1149.858958778406,0.416907277374107,30.3,0.0,2075.4,8229.8,0.2013934712572294,64.9,1001.1
1453,8,transformer,kfold,Al Ahsa - KFU,25.34616,49.5956,01-02-2020 00:00,4940.6,4784.9501953125,-155.64980468750036,155.64980468750036,24226.86169925701,3.150423120420604,19.1,1.4,1896.0,4985.1,0.2755373414134368,32.7,1000.7
1469,8,transformer,kfold,Al Jubail - SWCC,26.9042,49.76274,01-04-2018 00:00,5482.4,5649.13427734375,166.73427734375036,166.73427734375036,27800.319241342666,3.041264361297067,25.8,0.0,3245.7,2919.8,0.526429324466791,57.3,1010.2
1471,8,transformer,kfold,Al Jubail - SWCC,26.9042,49.76274,01-06-2018 00:00,7665.1,7638.02587890625,-27.074121093750364,27.074121093750364,733.0080329990584,0.35321288820433344,35.1,0.0,2752.1,6272.2,0.3049654820872533,43.6,1000.0
1473,8,transformer,kfold,Al Jubail - SWCC,26.9042,49.76274,01-08-2018 00:00,7059.7,7064.8486328125,5.148632812500182,5.148632812500182,26.508419837953532,0.07292990938000456,34.8,0.0,2176.3,6521.7,0.25020694412508626,48.0,998.5
1476,8,transformer,kfold,Al Jubail - SWCC,26.9042,49.76274,01-11-2018 00:00,3456.3,3526.95703125,70.65703124999982,70.65703124999982,4992.416065063451,2.044296827532327,23.7,0.0,1734.3,3167.3,0.3538232413905663,66.8,1016.9
1504,8,transformer,kfold,Al Jubail - SWCC,26.9042,49.76274,01-09-2021 00:00,6263.2,6276.302734375,13.102734375000182,13.102734375000182,171.68164810181142,0.20920191555435214,32.8,0.0,1628.3,6721.8,0.19500365265086644,55.3,1003.5
1534,8,transformer,kfold,Hafar Al Batin - TVTC,28.33202,45.95708,01-09-2019 00:00,6538.0,6558.12646484375,20.12646484375,20.12646484375,405.0745871067047,0.30783825089859285,35.7,3.8,1896.7,6757.5,0.21916526079822513,14.8,962.5
1541,8,transformer,kfold,Hafar Al Batin - TVTC,28.33202,45.95708,01-04-2020 00:00,6630.8,6733.6416015625,102.84160156249982,102.84160156249982,10576.395011939965,1.5509682325285006,25.9,4.9,3014.2,5000.1,0.3761027163944449,27.8,965.5
1545,8,transformer,kfold,Hafar Al Batin - TVTC,28.33202,45.95708,01-11-2020 00:00,3830.6,3865.91796875,35.31796875000009,35.31796875000009,1247.358916625983,0.9219957382655483,20.3,4.4,1696.9,4056.9,0.2949181410546074,47.0,970.9
1547,8,transformer,kfold,Hafar Al Batin - TVTC,28.33202,45.95708,01-01-2021 00:00,3939.0,3830.30859375,-108.69140625,108.69140625,11813.821792602539,2.7593654798172125,13.3,3.4,1482.7,4943.7,0.2307201543632516,43.7,974.3
1565,8,transformer,kfold,Al Dhahran - KFUPM,26.30355,50.14412,01-10-2017 00:00,5098.4,5057.32763671875,-41.072363281249636,41.072363281249636,1686.9390255069434,0.8055931916140288,30.7,1.4,1640.5,5360.6,0.23432032109239975,57.9,1003.4
1566,8,transformer,kfold,Al Dhahran - KFUPM,26.30355,50.14412,01-11-2017 00:00,3809.0,3738.39306640625,-70.60693359375,70.60693359375,4985.339071512222,1.8536868887831452,24.8,1.4,1532.9,4097.3,0.27226386274022235,60.8,1008.5
1567,8,transformer,kfold,Al Dhahran - KFUPM,26.30355,50.14412,01-12-2017 00:00,3810.2,3757.553466796875,-52.64653320312482,52.64653320312482,2771.657458307724,1.3817262401743957,18.4,1.9,1158.9,5336.6,0.17841582634131323,56.7,1012.5
1579,8,transformer,kfold,Al Dhahran - KFUPM,26.30355,50.14412,01-02-2019 00:00,4141.7,3879.1943359375,-262.5056640624998,262.5056640624998,68909.223664894,6.338113916085178,18.9,0.0,1766.8,3934.5,0.3098942346482381,65.3,1010.0
1603,8,transformer,kfold,Jeddah - KAU,21.49604,39.24492,01-01-2017 00:00,4179.9,4050.1611328125,-129.73886718749964,129.73886718749964,16832.173659095668,3.1038749057991732,25.6,3.4,1566.2,4609.3,0.2536150918953931,80.0,1007.6
1608,8,transformer,kfold,Jeddah - KAU,21.49604,39.24492,01-06-2017 00:00,6628.0,6537.1171875,-90.8828125,90.8828125,8259.685607910156,1.3711951191913097,33.7,3.9,2515.2,5244.5,0.32413624238050437,65.0,996.9
1616,8,transformer,kfold,Jeddah - KAU,21.49604,39.24492,01-07-2018 00:00,6883.0,6894.0888671875,11.0888671875,11.0888671875,122.96297550201416,0.16110514583030655,34.7,3.8,3023.7,4886.1,0.38227262383372523,44.2,997.2
1620,8,transformer,kfold,Jeddah - KAU,21.49604,39.24492,01-11-2018 00:00,3939.4,3919.74560546875,-19.65439453125009,19.65439453125009,386.29522439003347,0.49891847822638197,27.7,2.9,1792.8,3701.1,0.3263255610768307,58.3,1005.1
1623,8,transformer,kfold,Jeddah - KAU,21.49604,39.24492,01-02-2019 00:00,4629.8,4528.6337890625,-101.16621093750018,101.16621093750018,10234.602235450782,2.1851097442114167,25.0,4.1,2151.7,3871.2,0.35725315047568446,56.0,1006.5
1633,8,transformer,kfold,Jeddah - KAU,21.49604,39.24492,01-12-2019 00:00,4059.6,3984.8974609375,-74.70253906249991,74.70253906249991,5580.469342384325,1.8401453114223052,25.7,4.0,1565.7,4614.5,0.25334131581502217,57.4,1006.5
1646,8,transformer,kfold,Jeddah - KAU,21.49604,39.24492,01-10-2021 00:00,5173.6,5029.1982421875,-144.40175781250036,144.40175781250036,20851.86765934001,2.7911272191994034,30.9,0.7,1797.1,5048.1,0.26253433062584,69.1,1002.3
1648,8,transformer,kfold,Jeddah - KAU,21.49604,39.24492,01-12-2021 00:00,3625.7,3682.947021484375,57.24702148437518,57.24702148437518,3277.2214688325134,1.5789232833487377,26.1,0.0,1689.8,3558.4,0.32197705880111277,66.8,1007.0
1,9,transformer,kfold,Sharurah - TVTC,17.47586,47.08618,01-06-2017 00:00,7412.5,7378.8828125,-33.6171875,33.6171875,1130.1152954101562,0.4535202360876897,36.3,3.3,3404.4,5124.4,0.3991651815026733,10.1,923.4
8,9,transformer,kfold,Sharurah - TVTC,17.47586,47.08618,01-06-2018 00:00,6892.3,6847.28271484375,-45.01728515625018,45.01728515625018,2026.555962839143,0.6531533037774064,36.2,3.6,3875.3,3752.6,0.5080428427221123,14.7,922.9
26,9,transformer,kfold,Sharurah - TVTC,17.47586,47.08618,01-09-2020 00:00,7309.1,7421.78662109375,112.68662109374964,112.68662109374964,12698.2745735263,1.5417304605731161,33.4,3.3,1963.5,7390.4,0.20991244293823969,15.2,925.1
37,9,transformer,kfold,Sharurah - TVTC,17.47586,47.08618,01-09-2021 00:00,7019.1,7150.69677734375,131.59677734374964,131.59677734374964,17317.711807260417,1.8748383317483672,34.0,3.4,2545.6,6044.4,0.29634458672875436,15.1,924.5
53,9,transformer,kfold,Layla - TVTC,22.27948,46.73319,01-06-2018 00:00,7584.6,7515.07373046875,-69.52626953125036,69.52626953125036,4833.902154932072,0.9166768126367951,37.8,2.6,3746.8,4811.7,0.4377869953847053,12.2,941.7
95,9,transformer,kfold,Osfan - KAU,21.89252,39.2539,01-04-2017 00:00,6123.2,6155.03955078125,31.839550781250182,31.839550781250182,1013.756993951809,0.5199822116091289,30.2,3.8,2994.4,4025.6,0.42655270655270655,53.4,996.6
103,9,transformer,kfold,Osfan - KAU,21.89252,39.2539,01-07-2018 00:00,7178.2,7285.12451171875,106.92451171875018,106.92451171875018,11432.851206293146,1.4895727580556433,34.7,3.0,2931.9,5391.5,0.35224787947233105,44.5,991.7
112,9,transformer,kfold,Osfan - KAU,21.89252,39.2539,01-04-2019 00:00,6915.2,6967.2978515625,52.09785156250018,52.09785156250018,2714.1861374283026,0.7533817035299077,28.4,3.6,2699.6,5723.3,0.3205071887354712,48.7,996.9
122,9,transformer,kfold,Osfan - KAU,21.89252,39.2539,01-02-2020 00:00,4959.4,5145.50341796875,186.10341796875036,186.10341796875036,34634.48217965139,3.7525389758589824,23.4,3.5,2221.3,4385.6,0.3362091147134057,56.3,1002.0
143,9,transformer,kfold,Al Farshah - TQ TVTC,17.7749,43.17555,01-09-2017 00:00,6518.8,6416.68701171875,-102.11298828125018,102.11298828125018,10427.062375726737,1.566438428564309,31.1,2.4,2299.6,5606.0,0.2908824124671119,38.6,890.6
146,9,transformer,kfold,Al Farshah - TQ TVTC,17.7749,43.17555,01-03-2018 00:00,6971.5,6667.2470703125,-304.2529296875,304.2529296875,92569.84522342682,4.36423911191996,26.8,2.3,1745.2,7193.5,0.19524091870182464,32.2,893.4
150,9,transformer,kfold,Al Farshah - TQ TVTC,17.7749,43.17555,01-07-2018 00:00,5318.7,5480.57080078125,161.87080078125018,161.87080078125018,26202.156145563185,3.0434279200039516,30.4,2.2,3802.2,1788.5,0.6800937270824763,43.6,889.0
151,9,transformer,kfold,Al Farshah - TQ TVTC,17.7749,43.17555,01-08-2018 00:00,5490.9,5498.23828125,7.338281250000364,7.338281250000364,53.850371704106905,0.13364441621592751,29.2,2.0,3387.1,2519.3,0.5734626845455777,52.0,889.4
152,9,transformer,kfold,Al Farshah - TQ TVTC,17.7749,43.17555,01-09-2018 00:00,6400.2,6315.34326171875,-84.85673828124982,84.85673828124982,7200.666031732529,1.3258451029850602,30.5,2.4,2344.6,5328.5,0.3055609857814964,41.1,891.1
160,9,transformer,kfold,Al Farshah - TQ TVTC,17.7749,43.17555,01-05-2019 00:00,6343.7,6394.826171875,51.12617187500018,51.12617187500018,2613.8854505920594,0.805936155161817,28.1,2.0,2697.1,4650.2,0.3670872293223361,43.4,892.5
186,9,transformer,kfold,Hada Al Sham - KAU,21.80117,39.72854,01-04-2017 00:00,5999.1,5918.697265625,-80.40273437500036,80.40273437500036,6464.599694976865,1.340246609908159,31.7,2.1,2869.7,3937.6,0.42156214651917795,38.0,982.8
197,9,transformer,kfold,Hada Al Sham - KAU,21.80117,39.72854,01-08-2018 00:00,6941.3,6981.353515625,40.05351562499982,40.05351562499982,1604.2841139221046,0.5770319050466025,34.5,2.4,2558.4,5718.3,0.30910870274384716,35.0,978.6
202,9,transformer,kfold,Hada Al Sham - KAU,21.80117,39.72854,01-01-2019 00:00,4115.1,3998.59765625,-116.50234375000036,116.50234375000036,13572.796099243249,2.8310938677067474,23.8,1.8,1989.4,3655.1,0.3524492869164674,60.7,988.1
207,9,transformer,kfold,Hada Al Sham - KAU,21.80117,39.72854,01-06-2019 00:00,6968.9,7016.20068359375,47.300683593750364,47.300683593750364,2237.354668436085,0.678739594394386,35.6,2.4,3095.0,4821.7,0.3909457223338007,28.9,978.8
219,9,transformer,kfold,Hada Al Sham - KAU,21.80117,39.72854,01-09-2020 00:00,6392.7,6469.0,76.30000000000018,76.30000000000018,5821.690000000028,1.1935488917046033,35.3,1.7,2400.9,5322.1,0.3108766023565972,39.7,979.1
225,9,transformer,kfold,Hada Al Sham - KAU,21.80117,39.72854,01-03-2021 00:00,6314.5,6437.49658203125,122.99658203125,122.99658203125,15128.15919137001,1.947843566889698,27.5,1.6,2368.3,5520.5,0.30021042490619615,43.5,984.3
229,9,transformer,kfold,Hada Al Sham - KAU,21.80117,39.72854,01-08-2021 00:00,6800.4,6853.39990234375,52.999902343750364,52.999902343750364,2808.9896484470755,0.7793644836149398,35.3,1.8,2800.2,5117.3,0.35367224502683925,39.6,978.0
246,9,transformer,kfold,Dammam - IAFU,26.394974,50.188715,01-08-2018 00:00,7271.1,7388.287109375,117.18710937499964,117.18710937499964,13732.818603668127,1.6116833680598484,35.5,1.0,2406.7,6500.8,0.2701880437833286,36.3,997.1
253,9,transformer,kfold,Dammam - IAFU,26.394974,50.188715,01-11-2019 00:00,4036.0,4070.1123046875,34.1123046875,34.1123046875,1163.6493310928345,0.8452008098984143,23.9,0.0,1681.9,4326.4,0.2799294309538472,50.4,1014.6
262,9,transformer,kfold,Timaa - TVTC,27.6173,38.5252,01-05-2017 00:00,7872.0,7978.720703125,106.720703125,106.720703125,11389.308475494385,1.3556999888846546,29.8,2.6,2439.0,7320.8,0.24990266193979388,16.1,916.8
279,9,transformer,kfold,Timaa - TVTC,27.6173,38.5252,01-03-2019 00:00,6669.6,6709.38720703125,39.787207031249636,39.787207031249636,1583.0218433475204,0.5965456253935714,16.7,2.7,1709.9,7841.6,0.17901900225095535,30.7,918.6
293,9,transformer,kfold,Timaa - TVTC,27.6173,38.5252,01-05-2020 00:00,7826.2,7775.9150390625,-50.28496093749982,50.28496093749982,2528.5772964858825,0.6425207755679617,29.2,2.9,2584.8,6907.7,0.27229918356597316,18.1,917.1
317,9,transformer,kfold,Hail - TVTC,27.65261,41.70826,01-03-2018 00:00,6241.9,6349.0205078125,107.12050781250036,107.12050781250036,11474.80319400795,1.7161522583267974,22.4,3.5,2453.4,5651.8,0.30269456645116716,19.7,909.8
345,9,transformer,kfold,Hail - TVTC,27.65261,41.70826,01-01-2021 00:00,4205.5,4248.46923828125,42.96923828125,42.96923828125,1846.3554384708405,1.0217391102425395,13.0,3.3,1441.0,5379.0,0.21129032258064517,43.9,913.5
384,9,transformer,kfold,Al Hanakiyah - TVTC,24.85577,40.536,01-06-2017 00:00,8035.4,8134.7607421875,99.36074218750036,99.36074218750036,9872.557088050915,1.2365375984705225,37.2,3.1,2441.4,7385.0,0.24845314662541726,8.3,911.4
400,9,transformer,kfold,Al Hanakiyah - TVTC,24.85577,40.536,01-03-2019 00:00,6668.2,6724.45458984375,56.25458984375018,56.25458984375018,3164.5788784885613,0.8436248139490444,20.8,3.6,1915.2,7278.0,0.2083278945307401,24.4,916.3
402,9,transformer,kfold,Al Hanakiyah - TVTC,24.85577,40.536,01-05-2019 00:00,7359.8,7376.3505859375,16.550585937499818,16.550585937499818,273.92189487456676,0.22487820236283346,32.5,3.2,2839.9,5829.9,0.3275623428452791,18.3,914.1
403,9,transformer,kfold,Al Hanakiyah - TVTC,24.85577,40.536,01-06-2019 00:00,7467.2,7571.72265625,104.52265625000018,104.52265625000018,10924.985669555703,1.3997570207038807,36.5,3.4,2732.8,6149.4,0.30767152282092275,12.4,912.3
437,9,transformer,kfold,Tabuk - University,28.38287,36.48396,01-04-2017 00:00,6791.0,6813.27734375,22.27734375,22.27734375,496.28004455566406,0.328042169783537,23.1,0.4,2492.4,6099.6,0.2900837988826816,21.2,926.3
441,9,transformer,kfold,Tabuk - University,28.38287,36.48396,01-03-2018 00:00,6380.9,6412.82275390625,31.922753906250364,31.922753906250364,1019.0622169590229,0.5002860710283873,21.9,2.5,1814.9,7139.4,0.20268474364271916,18.7,926.5
452,9,transformer,kfold,Tabuk - University,28.38287,36.48396,01-08-2019 00:00,7684.6,7646.70458984375,-37.895410156250364,37.895410156250364,1436.0621109104432,0.4931344527529131,31.3,2.7,1533.0,8704.4,0.14974505245472483,21.1,922.1
463,9,transformer,kfold,Tabuk - University,28.38287,36.48396,01-02-2021 00:00,5149.7,5072.609375,-77.09062499999982,77.09062499999982,5942.964462890597,1.4969925432549434,14.4,2.4,1345.2,6825.2,0.16464310192891415,39.2,928.8
469,9,transformer,kfold,Mahd ad Dahab,23.419423,40.743138,01-07-2021 00:00,6812.8,6903.8349609375,91.03496093749982,91.03496093749982,8287.364112892117,1.3362341612479423,34.7,4.2,3481.0,4221.5,0.4519311911716975,20.9,897.5
472,9,transformer,kfold,Mahd ad Dahab,23.419423,40.743138,01-10-2021 00:00,5795.7,5821.6201171875,25.920117187500182,25.920117187500182,671.8524750137424,0.447230139370571,28.6,2.4,1604.5,6522.6,0.1974258960760911,20.4,904.8
484,9,transformer,kfold,Farasan - SWCC,16.692097,42.098767,01-07-2018 00:00,6003.1,5972.287109375,-30.812890625000364,30.812890625000364,949.4342286682353,0.5132829808765531,34.4,0.0,3812.7,2586.4,0.5958181619290213,60.8,1001.8
488,9,transformer,kfold,Farasan - SWCC,16.692097,42.098767,01-02-2019 00:00,5113.6,5079.134765625,-34.465234375000364,34.465234375000364,1187.8523805237066,0.6739915983847067,27.0,0.0,2633.7,3600.6,0.4224532024445407,77.0,1011.2
509,9,transformer,kfold,Farasan - SWCC,16.692097,42.098767,01-08-2021 00:00,5280.7,5285.5185546875,4.818554687500182,4.818554687500182,23.218469276429975,0.09124840811824535,34.0,3.7,2857.8,2952.7,0.49183374924705275,69.8,1002.0
524,9,transformer,kfold,Al Khafji - SWCC,28.50676,48.455128,01-11-2020 00:00,3736.1,3664.666259765625,-71.43374023437491,71.43374023437491,5102.779243872153,1.9119868374608526,22.4,3.6,1507.8,4169.5,0.2655839923907491,56.9,1015.9
540,9,transformer,kfold,Riyadh - KSU,24.72359,46.61639,01-06-2017 00:00,8177.0,8078.4716796875,-98.5283203125,98.5283203125,9707.8299036026,1.2049446045310017,37.0,2.3,2797.7,7017.4,0.2850403969394097,11.4,932.0
550,9,transformer,kfold,Riyadh - KSU,24.72359,46.61639,01-09-2018 00:00,6565.6,6642.7724609375,77.17246093749964,77.17246093749964,5955.588727149907,1.1754060700849829,36.4,1.7,2366.5,5812.3,0.2893456252751015,14.3,934.6
556,9,transformer,kfold,Riyadh - KSU,24.72359,46.61639,01-03-2019 00:00,6189.1,6133.138671875,-55.961328125000364,55.961328125000364,3131.6702455139566,0.9041916938650265,21.0,2.4,2525.2,5356.4,0.3203917986195696,28.0,939.2
577,9,transformer,kfold,Riyadh - KSU,24.72359,46.61639,01-03-2021 00:00,6313.1,6358.607421875,45.507421874999636,45.507421874999636,2070.9254457091956,0.7208411378720381,25.3,2.2,2866.7,4834.0,0.37226485903878864,20.6,939.3
586,9,transformer,kfold,Jazan - University,16.96035,42.545865,01-01-2017 00:00,4845.9,4846.20361328125,0.3036132812503638,0.3036132812503638,0.0921810245516125,0.006265364148050182,26.4,2.8,1898.2,4808.7,0.28302196245657457,75.7,1013.9
608,9,transformer,kfold,Jazan - University,16.96035,42.545865,01-10-2019 00:00,5463.7,5262.52099609375,-201.17900390624982,201.17900390624982,40472.99161271088,3.682101943852148,30.9,0.0,1948.9,4979.8,0.28127931646629234,65.4,1009.4
623,9,transformer,kfold,Jazan - University,16.96035,42.545865,01-05-2021 00:00,6409.8,6396.20068359375,-13.599316406250182,13.599316406250182,184.94140671730537,0.21216444204577647,32.3,2.6,2731.9,4649.9,0.37008588691105154,66.1,1006.3
627,9,transformer,kfold,Jazan - University,16.96035,42.545865,01-10-2021 00:00,5472.3,5354.80810546875,-117.49189453125018,117.49189453125018,13804.345280542417,2.1470294854311747,31.5,0.3,2142.3,4702.2,0.31299583607275916,70.3,1008.9
632,9,transformer,kfold,Riyadh - K.A.CARE City T2,24.52958,46.43635,01-03-2017 00:00,5313.7,5321.7626953125,8.062695312500182,8.062695312500182,65.00705570221241,0.15173410829554138,19.9,5.0,2812.6,3552.7,0.4418644839991831,40.5,911.5
639,9,transformer,kfold,Riyadh - K.A.CARE City T2,24.52958,46.43635,01-03-2018 00:00,6516.1,6625.0,108.89999999999964,108.89999999999964,11859.209999999921,1.671245069903771,23.4,4.2,2321.5,6119.7,0.2750201393166848,24.6,912.7
640,9,transformer,kfold,Riyadh - K.A.CARE City T2,24.52958,46.43635,01-04-2018 00:00,6333.4,6181.93603515625,-151.46396484374964,151.46396484374964,22941.332646188624,2.391511113205382,23.9,4.4,3398.0,3732.5,0.47654442184980017,37.1,910.3
641,9,transformer,kfold,Riyadh - K.A.CARE City T2,24.52958,46.43635,01-05-2018 00:00,6973.1,6926.13720703125,-46.962792968750364,46.962792968750364,2205.5039234257088,0.6734851496285779,30.2,4.7,3305.2,4630.5,0.4164975994556246,19.2,909.3
645,9,transformer,kfold,Riyadh - K.A.CARE City T2,24.52958,46.43635,01-09-2018 00:00,6134.3,6134.82861328125,0.5286132812498181,0.5286132812498181,0.2794320011136993,0.008617336635799002,34.1,3.8,2148.2,5530.4,0.2797645404110124,14.1,909.3
648,9,transformer,kfold,Riyadh - K.A.CARE City T2,24.52958,46.43635,01-12-2018 00:00,4232.3,4231.923828125,-0.3761718750001819,0.3761718750001819,0.14150527954115247,0.008888119344096161,16.2,4.0,1421.4,5444.5,0.2070231142312006,53.7,915.9
659,9,transformer,kfold,Riyadh - K.A.CARE City T2,24.52958,46.43635,01-11-2019 00:00,4330.5,4359.56494140625,29.06494140625,29.06494140625,844.7708189487457,0.6711682578512874,19.7,3.8,1792.0,4585.7,0.28097903632971133,45.1,914.6
663,9,transformer,kfold,Riyadh - K.A.CARE City T2,24.52958,46.43635,01-03-2020 00:00,6459.8,6537.962890625,78.16289062499982,78.16289062499982,6109.437470855684,1.2099893282299732,20.8,4.1,2661.8,5521.4,0.32527617557923555,25.9,911.5
681,9,transformer,kfold,Arar - TVTC,31.027395,40.906419,01-03-2018 00:00,6026.1,6160.57861328125,134.47861328124964,134.47861328124964,18084.49743004789,2.231602749394295,20.6,3.6,2377.8,5717.1,0.29374050327984286,23.7,947.5
687,9,transformer,kfold,Arar - TVTC,31.027395,40.906419,01-11-2018 00:00,3071.3,3142.791259765625,71.49125976562482,71.49125976562482,5111.000222876046,2.3277198504094296,14.7,2.6,1513.2,3155.0,0.3241506362195279,75.0,950.6
698,9,transformer,kfold,Arar - TVTC,31.027395,40.906419,01-10-2019 00:00,4677.5,4673.8212890625,-3.6787109375,3.6787109375,13.532914161682129,0.07864694681988242,25.9,3.3,1919.6,4585.6,0.2950870073172231,33.3,947.2
709,9,transformer,kfold,Arar - TVTC,31.027395,40.906419,01-10-2021 00:00,5192.8,5071.2177734375,-121.58222656250018,121.58222656250018,14782.237815895125,2.341361626916118,25.3,2.5,1552.1,6211.4,0.19992271527017452,19.4,947.9
748,9,transformer,kfold,Rania - TVTC,21.21501,42.84853,01-06-2019 00:00,7328.3,7206.66943359375,-121.63056640625018,121.63056640625018,14793.994684305235,1.6597378164956427,35.5,3.5,3051.8,5318.3,0.3646073523613816,11.0,905.7
749,9,transformer,kfold,Rania - TVTC,21.21501,42.84853,01-08-2019 00:00,7292.2,7310.73291015625,18.532910156250182,18.532910156250182,343.4687588596411,0.254147035959658,34.7,4.5,2803.0,5779.2,0.3266062315024119,14.6,904.7
751,9,transformer,kfold,Rania - TVTC,21.21501,42.84853,01-10-2019 00:00,6154.9,6151.86474609375,-3.035253906249636,3.035253906249636,9.212766275403675,0.049314430880268344,29.1,2.4,1826.4,6564.4,0.21766696858464035,17.7,910.3
795,9,transformer,kfold,Al Baha - University,20.1794,41.6357,01-11-2021 00:00,5526.5,5530.041015625,3.541015625,3.541015625,12.53879165649414,0.06407338505383155,20.3,2.2,1123.8,7609.0,0.1286872480762184,30.8,836.0
797,9,transformer,kfold,Thuwal - KAUST,22.3065,39.107,01-01-2017 00:00,4441.4,4472.93505859375,31.535058593750364,31.535058593750364,994.4599205112687,0.7100251856115272,23.9,2.2,1551.0,5142.7,0.2317104142701346,83.6,1012.4
800,9,transformer,kfold,Thuwal - KAUST,22.3065,39.107,01-04-2017 00:00,6098.8,6037.201171875,-61.59882812500018,61.59882812500018,3794.4156263733134,1.0100155460910372,27.9,2.8,3026.8,3978.0,0.43210370031978074,80.6,1007.1
821,9,transformer,kfold,Thuwal - KAUST,22.3065,39.107,01-06-2019 00:00,6334.7,6318.34375,-16.356249999999818,16.356249999999818,267.52691406249403,0.25820086191926717,31.8,0.0,2680.4,4588.4,0.36875412722870354,66.0,1002.1
835,9,transformer,kfold,Thuwal - KAUST,22.3065,39.107,01-11-2020 00:00,4492.5,4497.43896484375,4.93896484375,4.93896484375,24.393373727798462,0.10993800431274346,27.8,2.4,1422.6,5307.0,0.21139443651925818,63.7,1009.9
854,9,transformer,kfold,Al Jouf - TVTC,29.77634,40.02318,01-07-2018 00:00,8295.6,8312.2451171875,16.645117187499636,16.645117187499636,277.0599261855958,0.20064994922006407,32.9,5.1,1991.9,8626.0,0.18759830098230348,16.8,929.6
877,9,transformer,kfold,Al Jouf - TVTC,29.77634,40.02318,01-12-2020 00:00,3380.6,3338.977783203125,-41.62221679687491,41.62221679687491,1732.4089310860559,1.2312079748232536,12.6,3.3,1274.2,4545.1,0.21896104342446687,58.8,941.1
880,9,transformer,kfold,Al Jouf - TVTC,29.77634,40.02318,01-04-2021 00:00,7284.1,7227.61181640625,-56.488183593750364,56.488183593750364,3190.9148857212476,0.7754998365446708,23.9,3.5,2225.7,7076.1,0.23927626910920466,17.2,937.3
883,9,transformer,kfold,Makkah - UQU,21.331,39.949,01-01-2017 00:00,4250.1,4208.267578125,-41.832421875000364,41.832421875000364,1749.951519928009,0.9842691201383582,25.2,2.2,1664.4,4531.1,0.26864659833750304,50.6,979.9
896,9,transformer,kfold,Makkah - UQU,21.331,39.949,01-12-2020 00:00,4176.4,4277.79638671875,101.39638671875036,101.39638671875036,10281.227239618374,2.427841842705449,26.2,1.5,1694.1,4523.4,0.27247285886610373,44.5,979.0
913,9,transformer,kfold,Umluj - SWCC,25.00411,37.27382,01-10-2017 00:00,5632.0,5582.39501953125,-49.60498046875,49.60498046875,2460.654087305069,0.8807702498002485,28.0,3.3,1424.7,6765.1,0.17396029207062444,65.7,1010.5
928,9,transformer,kfold,Umluj - SWCC,25.00411,37.27382,01-04-2019 00:00,6939.8,6930.53515625,-9.264843750000182,9.264843750000182,85.83732971191743,0.1335030368310352,25.3,0.5,2371.0,6279.5,0.27408820299404657,54.6,1010.1
951,9,transformer,kfold,Umluj - SWCC,25.00411,37.27382,01-07-2021 00:00,7250.6,7251.2109375,0.6109374999996362,0.6109374999996362,0.3732446289058055,0.008426026811569197,32.1,3.0,2348.7,6507.2,0.2652130218272564,63.0,1002.3
954,9,transformer,kfold,Umluj - SWCC,25.00411,37.27382,01-10-2021 00:00,5448.4,5455.984375,7.584375000000364,7.584375000000364,57.52274414063052,0.13920371118127092,28.9,2.9,1623.5,6044.3,0.2117295704113305,68.1,1009.6
956,9,transformer,kfold,Umluj - SWCC,25.00411,37.27382,01-12-2021 00:00,3847.4,3880.1728515625,32.77285156249991,32.77285156249991,1074.0597995376527,0.8518181515438974,23.3,2.9,1361.4,4889.2,0.2178030909032733,53.6,1014.6
972,9,transformer,kfold,Al Dawadmi - TVTC,24.5569,44.47411,01-03-2017 00:00,5246.1,5262.6015625,16.501562499999636,16.501562499999636,272.30156494139425,0.31454914126683886,21.4,3.4,3019.8,3091.2,0.4941580756013746,39.7,906.1
981,9,transformer,kfold,Al Dawadmi - TVTC,24.5569,44.47411,01-05-2018 00:00,7142.7,7065.08056640625,-77.61943359374982,77.61943359374982,6024.776471414538,1.0866959776240053,30.5,3.3,3567.3,4445.4,0.4452057358942679,21.3,904.4
1012,9,transformer,kfold,Al Dawadmi - TVTC,24.5569,44.47411,01-03-2021 00:00,6455.2,6536.3349609375,81.13496093750018,81.13496093750018,6582.88188632968,1.256893061988787,23.6,3.5,2873.7,5092.8,0.3607230276784033,21.4,907.4
1014,9,transformer,kfold,Al Dawadmi - TVTC,24.5569,44.47411,01-05-2021 00:00,7830.1,7798.7578125,-31.342187500000364,31.342187500000364,982.332717285179,0.4002782531513054,32.9,2.7,2637.3,6773.4,0.2802448276961331,11.9,903.8
1045,9,transformer,kfold,Shaqra - University,25.17279,45.14198,01-08-2019 00:00,7506.2,7478.251953125,-27.948046874999818,27.948046874999818,781.0933241271871,0.37233282986064614,35.2,1.7,2065.5,7348.6,0.21940493515046577,12.1,917.7
1059,9,transformer,kfold,Shaqra - University,25.17279,45.14198,01-03-2021 00:00,6316.0,6360.322265625,44.322265625,44.322265625,1964.4632301330566,0.7017458142020266,23.1,0.0,2925.7,4811.0,0.37815864645132935,21.9,925.9
1060,9,transformer,kfold,Shaqra - University,25.17279,45.14198,01-04-2021 00:00,6755.0,6768.60986328125,13.60986328125,13.60986328125,185.22837853431702,0.20147836093634344,27.1,0.0,3187.9,4723.0,0.40297564120390855,18.5,924.9
1109,9,transformer,kfold,Al Qunfudhah - TVTC,19.15197,41.08111,01-02-2021 00:00,5038.1,4896.046875,-142.05312500000036,142.05312500000036,20179.09032226573,2.819577320815394,26.0,2.6,2207.1,4209.1,0.3439886537202705,79.0,1011.5
1122,9,transformer,kfold,Duba - TVTC,27.34103,35.72295,01-03-2018 00:00,6387.1,6523.466796875,136.36679687499964,136.36679687499964,18595.90328994741,2.135034630348666,25.3,2.2,1788.4,7121.2,0.20072730537846817,42.9,1008.7
1135,9,transformer,kfold,Duba - TVTC,27.34103,35.72295,01-04-2019 00:00,7047.2,7086.814453125,39.61445312500018,39.61445312500018,1569.3048963928368,0.5621303939862666,24.7,2.6,2103.9,6972.8,0.2317912897859354,39.1,1008.3
1136,9,transformer,kfold,Duba - TVTC,27.34103,35.72295,01-05-2019 00:00,7601.9,7673.0263671875,71.12636718750036,71.12636718750036,5058.960109291128,0.9356393426314523,29.9,2.2,2119.4,7435.5,0.22181289181467104,42.9,1005.3
1143,9,transformer,kfold,Duba - TVTC,27.34103,35.72295,01-12-2019 00:00,4586.9,4923.076171875,336.17617187500036,336.17617187500036,113014.41853652979,7.329049507837546,21.1,2.4,960.2,7830.2,0.10923279941754642,40.6,1013.0
1147,9,transformer,kfold,Duba - TVTC,27.34103,35.72295,01-04-2020 00:00,7341.8,7322.07177734375,-19.728222656250182,19.728222656250182,389.202769174583,0.2687109790003838,24.3,2.2,2114.0,7323.4,0.22400237353508382,49.0,1007.5
1153,9,transformer,kfold,Duba - TVTC,27.34103,35.72295,01-01-2021 00:00,4525.7,4731.509765625,205.80976562500018,205.80976562500018,42357.659626617504,4.547578620434412,21.7,2.4,1299.2,6481.0,0.16698799516721935,42.0,1013.1
1158,9,transformer,kfold,Duba - TVTC,27.34103,35.72295,01-07-2021 00:00,7761.3,7887.318359375,126.01835937499982,126.01835937499982,15880.626899566605,1.623675922525863,32.2,2.3,1646.0,8452.1,0.16300096057674215,51.6,1000.2
1171,9,transformer,kfold,Najran - University,17.63228,44.53735,01-10-2017 00:00,6898.2,6773.009765625,-125.19023437499982,125.19023437499982,15672.594782867385,1.81482465534487,25.9,1.9,1430.4,8301.3,0.14698356916057834,18.0,883.4
1183,9,transformer,kfold,Najran - University,17.63228,44.53735,01-01-2019 00:00,5863.7,6202.43115234375,338.7311523437502,338.7311523437502,114738.7935681249,5.776747656663032,20.4,1.8,1886.8,6776.7,0.21778726842500143,31.2,885.6
1186,9,transformer,kfold,Najran - University,17.63228,44.53735,01-04-2019 00:00,6897.5,6903.9111328125,6.4111328125,6.4111328125,41.10262393951416,0.0929486453425154,27.7,2.2,3202.8,4689.7,0.4058029775102946,30.3,881.6
1194,9,transformer,kfold,Najran - University,17.63228,44.53735,01-12-2019 00:00,5493.6,5668.17333984375,174.57333984374964,174.57333984374964,30475.850984201305,3.177758479753707,20.0,1.8,1343.5,7390.3,0.15382765806407292,38.2,885.0
1207,9,transformer,kfold,Najran - University,17.63228,44.53735,01-05-2021 00:00,8035.1,8077.169921875,42.069921874999636,42.069921874999636,1769.878326568573,0.5235768300954516,31.9,2.2,3182.8,6322.6,0.3348412481326404,13.3,879.8
1218,9,transformer,kfold,Afif - TVTC,23.92118,42.94815,01-05-2017 00:00,6918.2,6974.173828125,55.97382812500018,55.97382812500018,3133.069434967061,0.8090808031713479,31.0,3.5,3460.3,4369.2,0.44195670221597805,21.4,894.7
1224,9,transformer,kfold,Afif - TVTC,23.92118,42.94815,01-04-2018 00:00,6654.2,6661.08544921875,6.885449218750182,6.885449218750182,47.40941094398749,0.10347523697439484,24.7,4.9,3076.3,4729.0,0.3941296298668853,35.1,894.3
1248,9,transformer,kfold,Afif - TVTC,23.92118,42.94815,01-04-2020 00:00,7324.1,7461.1533203125,137.05332031249964,137.05332031249964,18783.612608680625,1.8712650061099605,26.4,4.0,2808.9,6139.0,0.3139172319762179,27.2,894.6
1250,9,transformer,kfold,Afif - TVTC,23.92118,42.94815,01-09-2020 00:00,6862.5,6976.79931640625,114.29931640625,114.29931640625,13064.33373093605,1.6655638091985427,32.1,2.9,2037.5,6866.3,0.2288348794896561,12.9,893.9
1254,9,transformer,kfold,Afif - TVTC,23.92118,42.94815,01-01-2021 00:00,4835.5,4932.67041015625,97.17041015625,97.17041015625,9442.088609933853,2.00952145913039,16.9,4.6,1669.7,5767.6,0.2245035160609361,38.5,899.6
1256,9,transformer,kfold,Afif - TVTC,23.92118,42.94815,01-03-2021 00:00,6626.1,6765.939453125,139.83945312499964,139.83945312499964,19555.07265029897,2.110433786465638,24.6,4.6,2908.1,5271.0,0.35555256690833953,20.5,896.4
1257,9,transformer,kfold,Afif - TVTC,23.92118,42.94815,01-04-2021 00:00,7084.3,7131.80029296875,47.50029296874982,47.50029296874982,2256.2778321170636,0.6705008676757028,26.9,3.9,3134.9,5236.5,0.3744773872948372,22.3,896.4
1266,9,transformer,kfold,Riyadh - K.A.CARE HQ,24.707744,46.6792,01-04-2017 00:00,6469.9,6535.31787109375,65.41787109375036,65.41787109375036,4279.497858438539,1.0111110078015173,30.2,3.1,3096.4,4439.3,0.41089746141698846,19.4,937.4
1282,9,transformer,kfold,Riyadh - K.A.CARE HQ,24.707744,46.6792,01-01-2019 00:00,4154.9,4047.989990234375,-106.91000976562464,106.91000976562464,11429.750188085955,2.573106687660946,18.2,2.7,2126.0,3618.2,0.3701124612652763,34.7,942.0
1291,9,transformer,kfold,Riyadh - K.A.CARE HQ,24.707744,46.6792,01-10-2019 00:00,5582.8,5663.34130859375,80.54130859374982,80.54130859374982,6486.902389993638,1.4426687073466686,31.9,2.5,1800.4,5925.4,0.23303735535478529,21.7,937.6
1300,9,transformer,kfold,Riyadh - K.A.CARE HQ,24.707744,46.6792,01-10-2020 00:00,6005.1,5973.06201171875,-32.037988281250364,32.037988281250364,1026.4326931095356,0.5335129853166536,28.3,2.4,1236.0,7759.2,0.13740661686232655,15.9,938.5
1306,9,transformer,kfold,Riyadh - K.A.CARE HQ,24.707744,46.6792,01-11-2021 00:00,4751.9,4725.2744140625,-26.625585937499636,26.625585937499636,708.9218265151784,0.5603145255055796,24.0,2.5,1483.4,5832.1,0.20277492994327115,28.5,940.6
1321,9,transformer,kfold,Majmaah - University,25.85891,45.41889,01-02-2017 00:00,4783.2,4717.79638671875,-65.40361328124982,65.40361328124982,4277.632630243277,1.3673610403338732,12.6,3.3,1949.1,4732.1,0.2917290307130455,39.6,937.0
1327,9,transformer,kfold,Majmaah - University,25.85891,45.41889,01-10-2017 00:00,5844.2,5884.63916015625,40.43916015625018,40.43916015625018,1635.3256741428522,0.6919537345787308,28.1,2.7,1768.2,6498.1,0.21390464899652806,15.7,932.9
1341,9,transformer,kfold,Majmaah - University,25.85891,45.41889,01-03-2019 00:00,6289.7,6370.93505859375,81.23505859375018,81.23505859375018,6599.134744730025,1.291556967641544,18.6,3.7,2521.7,5628.1,0.3094186360401482,34.0,933.0
1349,9,transformer,kfold,Majmaah - University,25.85891,45.41889,01-11-2019 00:00,3986.5,3851.330078125,-135.169921875,135.169921875,18270.907779693604,3.390691631130064,20.0,2.6,1744.2,4032.4,0.301942319011183,49.9,935.5
1354,9,transformer,kfold,Majmaah - University,25.85891,45.41889,01-04-2020 00:00,7018.7,7030.62890625,11.928906250000182,11.928906250000182,142.2988043212934,0.1699589133315312,25.8,3.6,3119.7,5160.7,0.3767571614897831,31.5,930.7
1366,9,transformer,kfold,Majmaah - University,25.85891,45.41889,01-08-2021 00:00,7591.7,7651.609375,59.90937500000018,59.90937500000018,3589.133212890647,0.7891430773081153,35.9,2.0,2223.4,7254.2,0.23459525618299992,12.5,925.6
1371,9,transformer,kfold,Hagl - SWCC,29.28997,34.93002,01-01-2017 00:00,3583.5,3638.64794921875,55.14794921875,55.14794921875,3041.2963030338287,1.5389409576880146,16.9,6.9,1209.4,4966.8,0.1958161976619928,50.7,1015.9
1372,9,transformer,kfold,Hagl - SWCC,29.28997,34.93002,01-02-2017 00:00,4743.2,4580.7978515625,-162.40214843749982,162.40214843749982,26374.457817115726,3.4238941735010084,17.7,6.5,1326.0,6195.3,0.1762993099597144,45.7,1016.2
1374,9,transformer,kfold,Hagl - SWCC,29.28997,34.93002,01-04-2017 00:00,6497.3,6443.306640625,-53.99335937500018,53.99335937500018,2915.28285659792,0.8310122570144549,24.9,6.7,2098.2,6201.1,0.25281650259660454,47.1,1010.0
1382,9,transformer,kfold,Hagl - SWCC,29.28997,34.93002,01-05-2018 00:00,6864.1,6945.302734375,81.20273437499964,81.20273437499964,6593.884069976748,1.183006284509253,29.3,4.9,2875.1,5215.4,0.3553674062171683,42.7,1005.5
1389,9,transformer,kfold,Hagl - SWCC,29.28997,34.93002,01-12-2018 00:00,3741.9,3802.936767578125,61.03676757812491,61.03676757812491,3725.48699638604,1.6311704636180793,19.4,5.5,994.5,5997.1,0.1422421191143658,48.5,1015.3
1397,9,transformer,kfold,Hagl - SWCC,29.28997,34.93002,01-08-2019 00:00,7335.0,7368.64892578125,33.64892578125,33.64892578125,1132.250206232071,0.4587447277607362,31.8,5.1,1369.2,8400.7,0.14014473024288884,50.6,1003.6
1398,9,transformer,kfold,Hagl - SWCC,29.28997,34.93002,01-09-2019 00:00,6414.9,6347.61572265625,-67.28427734374964,67.28427734374964,4527.173977670621,1.0488749215693096,29.3,7.6,1303.6,7710.3,0.14462108521283795,57.5,1006.0
1400,9,transformer,kfold,Hagl - SWCC,29.28997,34.93002,01-11-2019 00:00,4235.4,4362.5986328125,127.19863281250036,127.19863281250036,16179.492189369294,3.003225971868073,24.5,5.1,1197.9,5960.9,0.16733251382913342,44.3,1011.4
1408,9,transformer,kfold,Hagl - SWCC,29.28997,34.93002,01-10-2020 00:00,5200.8,5339.63671875,138.83671874999982,138.83671874999982,19275.63447326655,2.669526202699581,28.9,5.8,1280.4,6602.2,0.1624337147641641,55.2,1009.6
1409,9,transformer,kfold,Hagl - SWCC,29.28997,34.93002,01-11-2020 00:00,4228.7,4254.822265625,26.122265625000182,26.122265625000182,682.3727613830662,0.617737499113207,23.7,5.4,1018.4,6326.1,0.13866158349785554,50.6,1012.3
1410,9,transformer,kfold,Hagl - SWCC,29.28997,34.93002,01-12-2020 00:00,3585.6,3685.863037109375,100.26303710937509,100.26303710937509,10052.676610395927,2.796269441916976,21.0,5.4,1127.8,5298.5,0.17549756469508113,49.1,1014.0
1416,9,transformer,kfold,Hagl - SWCC,29.28997,34.93002,01-07-2021 00:00,7859.4,7923.23681640625,63.836816406250364,63.836816406250364,4075.1391288853156,0.8122352394107739,31.6,4.9,1346.5,9040.0,0.12963943580609444,47.4,1001.9
1430,9,transformer,kfold,Al Wajh - TVTC,26.256,36.443,01-01-2019 00:00,3929.6,3943.732177734375,14.132177734375091,14.132177734375091,199.71844751596709,0.35963400179089705,19.5,2.6,1595.7,4439.3,0.2644076222038111,49.8,1014.0
1434,9,transformer,kfold,Al Wajh - TVTC,26.256,36.443,01-08-2019 00:00,7581.2,7720.962890625,139.76289062500018,139.76289062500018,19533.665595855764,1.8435457529810608,31.1,2.6,1678.4,8204.4,0.16983041243372327,65.5,1003.5
1441,9,transformer,kfold,Al Ahsa - KFU,25.34616,49.5956,01-01-2017 00:00,3707.6,3563.101318359375,-144.4986816406249,144.4986816406249,20879.86899587867,3.8973643769722974,17.0,1.9,1691.9,3758.5,0.3104175840305299,37.9,1000.6
1442,9,transformer,kfold,Al Ahsa - KFU,25.34616,49.5956,01-02-2017 00:00,3725.0,3681.959228515625,-43.040771484375,43.040771484375,1852.5080099701881,1.155456952600671,15.4,1.8,2081.7,2698.7,0.4354656514099238,44.8,1001.4
1447,9,transformer,kfold,Al Ahsa - KFU,25.34616,49.5956,01-12-2017 00:00,4260.2,4217.53369140625,-42.66630859374982,42.66630859374982,1820.4138890170896,1.0015095205330693,17.8,1.6,1195.7,6085.2,0.16422420305182053,31.2,1002.5
1455,9,transformer,kfold,Al Ahsa - KFU,25.34616,49.5956,01-11-2020 00:00,4461.1,4547.49609375,86.39609374999964,86.39609374999964,7464.285015258726,1.9366544966488004,24.4,0.0,1402.9,5489.3,0.20354893938074925,41.6,999.1
1457,9,transformer,kfold,Al Ahsa - KFU,25.34616,49.5956,01-07-2021 00:00,7299.4,7300.6806640625,1.2806640625003638,1.2806640625003638,1.6401004409799358,0.017544785359075592,39.7,0.0,2690.6,5825.2,0.3159538739754339,21.2,980.3
1460,9,transformer,kfold,Al Jubail - SWCC,26.9042,49.76274,01-02-2017 00:00,3721.4,3556.3095703125,-165.0904296875001,165.0904296875001,27254.849974403412,4.4362452218923005,15.2,0.5,1664.5,3479.3,0.32359345231152065,71.1,1019.5
1475,9,transformer,kfold,Al Jubail - SWCC,26.9042,49.76274,01-10-2018 00:00,4732.9,4696.916015625,-35.983984374999636,35.983984374999636,1294.847131500218,0.7602946264446668,29.4,0.0,2129.6,4037.2,0.3453330738794837,62.0,1012.9
1486,9,transformer,kfold,Al Jubail - SWCC,26.9042,49.76274,01-09-2019 00:00,6346.6,6359.4619140625,12.861914062499636,12.861914062499636,165.4288333511259,0.20265833773200825,33.4,0.0,1719.8,6676.0,0.20484051549584317,52.1,1003.8
1489,9,transformer,kfold,Al Jubail - SWCC,26.9042,49.76274,01-12-2019 00:00,3531.3,3339.4150390625,-191.88496093750018,191.88496093750018,36819.83823398597,5.4338334589952755,19.6,0.0,1264.3,4553.2,0.21732703051138805,58.7,1018.0
1497,9,transformer,kfold,Al Jubail - SWCC,26.9042,49.76274,01-01-2021 00:00,3883.0,3752.569580078125,-130.430419921875,130.430419921875,17012.094440996647,3.359011586965619,17.4,3.4,1497.3,4548.5,0.2476595322372556,59.1,1019.3
1498,9,transformer,kfold,Al Jubail - SWCC,26.9042,49.76274,01-02-2021 00:00,4494.8,4363.25732421875,-131.54267578125018,131.54267578125018,17303.475551691103,2.9265523667627074,18.4,3.8,1576.0,5087.3,0.23651944231837077,60.0,1017.3
1507,9,transformer,kfold,Al Jubail - SWCC,26.9042,49.76274,01-12-2021 00:00,3370.2,3281.776123046875,-88.42387695312482,88.42387695312482,7818.782015421359,2.623698206430622,19.1,0.0,1417.7,3890.0,0.2671025114456356,61.1,1018.4
1518,9,transformer,kfold,Hafar Al Batin - TVTC,28.33202,45.95708,01-04-2018 00:00,6230.0,6209.0927734375,-20.9072265625,20.9072265625,437.11212253570557,0.3355895114365971,25.1,4.5,3517.5,3686.9,0.48824329576369996,36.1,965.4
1521,9,transformer,kfold,Hafar Al Batin - TVTC,28.33202,45.95708,01-07-2018 00:00,7640.7,7811.27783203125,170.57783203125018,170.57783203125018,29096.7967804814,2.232489589059251,37.0,6.6,2769.3,6397.1,0.3021142433234421,12.5,956.4
1543,9,transformer,kfold,Hafar Al Batin - TVTC,28.33202,45.95708,01-09-2020 00:00,6631.2,6815.0068359375,183.80683593750018,183.80683593750018,33784.952937355105,2.771848774543072,35.5,4.0,1854.5,7033.9,0.20864272534989425,12.4,962.4
1546,9,transformer,kfold,Hafar Al Batin - TVTC,28.33202,45.95708,01-12-2020 00:00,3067.8,3134.04443359375,66.24443359374982,66.24443359374982,4388.32498215673,2.1593465543304586,13.5,3.1,1335.2,3665.1,0.26702397856128635,65.9,974.4
1548,9,transformer,kfold,Hafar Al Batin - TVTC,28.33202,45.95708,01-02-2021 00:00,4359.8,4322.1162109375,-37.68378906250018,37.68378906250018,1420.0679581070083,0.8643467375223676,15.5,4.1,1756.2,4525.7,0.27956509973097315,47.8,972.5
1551,9,transformer,kfold,Hafar Al Batin - TVTC,28.33202,45.95708,01-05-2021 00:00,7198.4,7279.0009765625,80.60097656250036,80.60097656250036,6496.517422828733,1.1197068315528502,34.0,4.2,2706.7,5982.7,0.31149446451998986,12.9,962.4
1556,9,transformer,kfold,Hafar Al Batin - TVTC,28.33202,45.95708,01-11-2021 00:00,4208.3,4198.69384765625,-9.606152343750182,9.606152343750182,92.27816285133711,0.22826681424209733,20.6,3.8,1460.7,5313.9,0.2156142060047826,32.2,971.0
1561,9,transformer,kfold,Al Dhahran - KFUPM,26.30355,50.14412,01-04-2017 00:00,6185.7,6274.10107421875,88.40107421875018,88.40107421875018,7814.749923028978,1.4291199737903582,28.5,2.2,2751.2,4626.0,0.3729328200401236,42.2,1003.5
1571,9,transformer,kfold,Al Dhahran - KFUPM,26.30355,50.14412,01-06-2018 00:00,7695.9,7778.0234375,82.12343750000036,82.12343750000036,6744.258986816466,1.0671063488350987,37.6,2.3,2660.0,6458.8,0.2917050489099443,26.5,992.6
1581,9,transformer,kfold,Al Dhahran - KFUPM,26.30355,50.14412,01-04-2019 00:00,5799.0,5813.140625,14.140625,14.140625,199.957275390625,0.24384592171063976,26.6,0.0,2842.8,3948.8,0.4185758878614759,46.2,1003.7
1596,9,transformer,kfold,Al Dhahran - KFUPM,26.30355,50.14412,01-11-2020 00:00,4139.8,4110.7509765625,-29.049023437500182,29.049023437500182,843.8457626724348,0.7017011313952408,25.6,1.6,1406.7,4882.3,0.2236762601367467,65.5,1008.5
1597,9,transformer,kfold,Al Dhahran - KFUPM,26.30355,50.14412,01-12-2020 00:00,3623.2,3599.4580078125,-23.741992187499818,23.741992187499818,563.6821930313024,0.655276887488955,19.9,2.0,1470.4,4221.3,0.2583410931707574,68.3,1011.4
1598,9,transformer,kfold,Al Dhahran - KFUPM,26.30355,50.14412,01-01-2021 00:00,4101.8,3999.768798828125,-102.03120117187518,102.03120117187518,10410.366012575663,2.487473820563537,18.5,1.9,1536.3,4773.8,0.24346682302974595,62.8,1011.3
1602,9,transformer,kfold,Al Dhahran - KFUPM,26.30355,50.14412,01-12-2021 00:00,3558.8,3495.85400390625,-62.94599609375018,62.94599609375018,3962.1984242344133,1.7687421629130655,20.4,1.9,1507.2,3965.8,0.2753882696875571,66.6,1010.5
1606,9,transformer,kfold,Jeddah - KAU,21.49604,39.24492,01-04-2017 00:00,5700.8,5674.0419921875,-26.758007812500182,26.758007812500182,715.9909820938208,0.4693728566604719,30.9,4.2,2830.8,3692.8,0.4339321846833037,60.5,1002.2
1613,9,transformer,kfold,Jeddah - KAU,21.49604,39.24492,01-04-2018 00:00,6918.0,7017.86083984375,99.86083984375,99.86083984375,9972.187334299088,1.443492914769442,29.7,3.7,2655.6,5662.2,0.3192671139003102,46.4,1001.4
1619,9,transformer,kfold,Jeddah - KAU,21.49604,39.24492,01-10-2018 00:00,5027.9,5021.765625,-6.134374999999636,6.134374999999636,37.63055664062054,0.1220067025994876,31.3,2.8,2094.4,4373.8,0.32379951145604646,61.2,1003.1
1632,9,transformer,kfold,Jeddah - KAU,21.49604,39.24492,01-11-2019 00:00,4252.7,4172.40576171875,-80.29423828124982,80.29423828124982,6447.164701166123,1.8880767108248837,29.2,2.8,1605.0,4497.7,0.2629983449948384,59.6,1003.8
1636,9,transformer,kfold,Jeddah - KAU,21.49604,39.24492,01-03-2020 00:00,5935.3,5988.5322265625,53.23222656249982,53.23222656249982,2833.669944801311,0.8968750789766283,25.7,4.0,2378.5,4998.4,0.32242540904716077,57.1,1003.9
1647,9,transformer,kfold,Jeddah - KAU,21.49604,39.24492,01-11-2021 00:00,4184.6,4157.5244140625,-27.075585937500364,27.075585937500364,733.0873538589675,0.6470292486139742,28.4,0.0,1386.1,4797.1,0.22417194979945654,67.6,1004.8
13,10,transformer,kfold,Sharurah - TVTC,17.47586,47.08618,01-05-2019 00:00,7180.5,7210.71142578125,30.21142578125,30.21142578125,912.7302477359772,0.4207426471868254,33.2,3.5,2921.6,5517.5,0.34619805429488926,23.2,927.4
14,10,transformer,kfold,Sharurah - TVTC,17.47586,47.08618,01-06-2019 00:00,7425.5,7500.88232421875,75.38232421875,75.38232421875,5682.494804620743,1.0151817954178168,36.5,3.4,3053.4,5649.9,0.35083244286649895,13.7,923.2
20,10,transformer,kfold,Sharurah - TVTC,17.47586,47.08618,01-12-2019 00:00,5309.2,5129.19140625,-180.00859374999982,180.00859374999982,32403.093823852472,3.3905031596097306,22.0,3.5,1168.4,7408.1,0.13623272896869354,37.8,933.1
21,10,transformer,kfold,Sharurah - TVTC,17.47586,47.08618,01-01-2020 00:00,5578.3,5589.19140625,10.891406249999818,10.891406249999818,118.6227301025351,0.19524597547639636,19.9,3.4,1640.6,6715.3,0.19634031043933028,34.4,933.8
34,10,transformer,kfold,Sharurah - TVTC,17.47586,47.08618,01-05-2021 00:00,7702.5,7754.0859375,51.5859375,51.5859375,2661.1089477539062,0.6697297955209348,34.4,3.6,2769.7,6458.4,0.30013762312935494,13.7,925.9
40,10,transformer,kfold,Sharurah - TVTC,17.47586,47.08618,01-12-2021 00:00,5491.3,5372.517578125,-118.78242187500018,118.78242187500018,14109.263746490522,2.163102031850385,21.0,2.5,1039.4,8066.4,0.11414702716949639,32.6,933.9
64,10,transformer,kfold,Layla - TVTC,22.27948,46.73319,01-05-2019 00:00,6704.8,6744.0849609375,39.28496093749982,39.28496093749982,1543.3081558608865,0.5859229348750122,33.6,2.4,3436.5,4137.9,0.4536993029150824,20.8,947.0
87,10,transformer,kfold,Layla - TVTC,22.27948,46.73319,01-08-2021 00:00,7328.8,7459.93115234375,131.13115234374982,131.13115234374982,17195.379114999723,1.7892581642799614,38.3,2.5,2865.8,5796.8,0.3308244637868538,14.4,941.1
91,10,transformer,kfold,Layla - TVTC,22.27948,46.73319,01-12-2021 00:00,4724.3,4681.8671875,-42.43281250000018,42.43281250000018,1800.5435766601718,0.8981820057998049,18.4,1.7,1425.4,6196.0,0.18702600572073375,37.4,955.3
98,10,transformer,kfold,Osfan - KAU,21.89252,39.2539,01-11-2017 00:00,4491.7,4450.5126953125,-41.18730468749982,41.18730468749982,1696.3940674209446,0.916964727998304,28.1,3.0,1781.3,4614.5,0.27851089777666593,69.8,999.3
121,10,transformer,kfold,Osfan - KAU,21.89252,39.2539,01-01-2020 00:00,4818.4,4776.8740234375,-41.525976562499636,41.525976562499636,1724.406729469269,0.8618208650693101,21.9,4.0,1405.7,6219.5,0.1843492629701516,49.7,1003.4
130,10,transformer,kfold,Osfan - KAU,21.89252,39.2539,01-03-2021 00:00,6161.8,6278.421875,116.62187499999982,116.62187499999982,13600.661728515583,1.8926592067253045,27.4,3.3,2445.2,5248.1,0.3178349992850922,57.5,997.9
134,10,transformer,kfold,Osfan - KAU,21.89252,39.2539,01-08-2021 00:00,6560.8,6598.53857421875,37.73857421874982,37.73857421874982,1424.1999840640885,0.5752129956522043,34.7,3.1,2739.0,4890.9,0.3589824244092321,56.1,991.1
161,10,transformer,kfold,Al Farshah - TQ TVTC,17.7749,43.17555,01-06-2019 00:00,6041.4,6070.88720703125,29.487207031250364,29.487207031250364,869.4953785038209,0.48808565947049304,31.2,2.1,2832.6,4033.9,0.41252457583921937,43.9,889.6
166,10,transformer,kfold,Al Farshah - TQ TVTC,17.7749,43.17555,01-11-2019 00:00,5069.7,4999.32568359375,-70.37431640624982,70.37431640624982,4952.544409646962,1.3881357162406025,25.3,2.0,1559.4,5647.2,0.2163849804346016,45.0,894.1
187,10,transformer,kfold,Hada Al Sham - KAU,21.80117,39.72854,01-05-2017 00:00,6750.0,6762.9453125,12.9453125,12.9453125,167.58111572265625,0.19178240740740743,34.6,2.1,2984.3,4711.6,0.38777790771709614,33.4,981.4
189,10,transformer,kfold,Hada Al Sham - KAU,21.80117,39.72854,01-09-2017 00:00,6183.4,6247.68603515625,64.28603515625036,64.28603515625036,4132.694316110657,1.039655127539062,35.3,2.3,2651.4,4646.0,0.3633348863978952,43.3,979.9
200,10,transformer,kfold,Hada Al Sham - KAU,21.80117,39.72854,01-11-2018 00:00,3986.5,3828.5791015625,-157.9208984375,157.9208984375,24939.01016330719,3.961392159475731,26.0,1.7,1778.7,3773.0,0.32038834951456313,61.1,986.1
201,10,transformer,kfold,Hada Al Sham - KAU,21.80117,39.72854,01-12-2018 00:00,3945.8,3901.65625,-44.14375000000018,44.14375000000018,1948.6706640625162,1.1187528511328548,24.3,1.7,1787.3,3944.5,0.31182176628633235,58.4,988.0
205,10,transformer,kfold,Hada Al Sham - KAU,21.80117,39.72854,01-04-2019 00:00,6906.5,6911.9765625,5.4765625,5.4765625,29.99273681640625,0.07929577209874757,29.1,2.3,2751.7,5575.1,0.3304630830571168,37.4,983.2
206,10,transformer,kfold,Hada Al Sham - KAU,21.80117,39.72854,01-05-2019 00:00,6841.2,6890.79345703125,49.59345703125018,49.59345703125018,2459.5109803104583,0.724923361855379,33.1,2.0,2958.4,4915.1,0.3757414110624246,35.9,981.4
216,10,transformer,kfold,Hada Al Sham - KAU,21.80117,39.72854,01-03-2020 00:00,6432.5,6591.1904296875,158.6904296875,158.6904296875,25182.65247440338,2.4670101778080062,25.7,2.0,2599.8,5377.8,0.32588748495788206,42.3,984.6
230,10,transformer,kfold,Hada Al Sham - KAU,21.80117,39.72854,01-09-2021 00:00,6135.9,6258.69921875,122.79921875000036,122.79921875000036,15079.648125610442,2.001323664825052,33.5,1.6,2779.0,4433.0,0.3853300055463117,47.7,979.4
241,10,transformer,kfold,Dammam - IAFU,26.394974,50.188715,01-03-2018 00:00,6251.9,6440.51025390625,188.61025390625036,188.61025390625036,35573.82787858023,3.016846941029933,23.8,2.7,2315.9,5841.9,0.2838878128907304,44.6,1011.7
252,10,transformer,kfold,Dammam - IAFU,26.394974,50.188715,01-08-2019 00:00,7217.5,7427.8076171875,210.3076171875,210.3076171875,44229.293847084045,2.9138568366816764,35.6,0.0,2399.2,6436.4,0.2715378695278193,40.0,997.4
269,10,transformer,kfold,Timaa - TVTC,27.6173,38.5252,01-05-2018 00:00,7389.0,7389.23681640625,0.23681640625,0.23681640625,0.05608201026916504,0.0032049858742725676,28.8,3.0,3115.1,5636.0,0.35596667847470603,20.9,915.9
276,10,transformer,kfold,Timaa - TVTC,27.6173,38.5252,01-12-2018 00:00,4013.6,4038.859375,25.25937500000009,25.25937500000009,638.0360253906296,0.629344603348617,14.7,2.1,1205.0,5996.9,0.16731695802496566,54.5,921.7
288,10,transformer,kfold,Timaa - TVTC,27.6173,38.5252,01-12-2019 00:00,4303.5,4470.60791015625,167.10791015625,167.10791015625,27925.053636789322,3.883069830515859,14.3,1.9,876.6,7341.8,0.10666309743989098,41.7,921.1
295,10,transformer,kfold,Timaa - TVTC,27.6173,38.5252,01-10-2020 00:00,5854.3,5885.2607421875,30.960742187499818,30.960742187499818,958.567556800831,0.5288547253727998,27.3,2.1,1244.5,7751.5,0.1383392618941752,16.0,920.0
315,10,transformer,kfold,Hail - TVTC,27.65261,41.70826,01-10-2017 00:00,5714.3,5788.7626953125,74.46269531249982,74.46269531249982,5544.692993202182,1.3030939102339711,26.8,3.1,1668.9,6630.7,0.2010819798544508,14.4,909.5
330,10,transformer,kfold,Hail - TVTC,27.65261,41.70826,01-07-2019 00:00,8184.0,8111.9560546875,-72.0439453125,72.0439453125,5190.330056190491,0.8803023620784457,33.7,3.1,1864.7,8552.2,0.17900719023893863,10.2,903.2
337,10,transformer,kfold,Hail - TVTC,27.65261,41.70826,01-02-2020 00:00,5484.9,5497.0849609375,12.184960937500364,12.184960937500364,148.47327304840974,0.2221546598388369,13.9,3.7,1484.5,7092.4,0.17308118317807134,33.9,911.9
343,10,transformer,kfold,Hail - TVTC,27.65261,41.70826,01-11-2020 00:00,4203.6,4168.43310546875,-35.166894531250364,35.166894531250364,1236.7104709720868,0.8365899355611942,18.9,3.4,1584.9,4907.3,0.24412371769199961,43.5,911.6
378,10,transformer,kfold,Madinah - Taibah University,24.4846,39.5418,01-10-2021 00:00,5769.9,5865.98388671875,96.08388671875036,96.08388671875036,9232.113286981652,1.6652608661978607,32.9,1.7,1698.3,6348.0,0.2110659557809179,12.4,939.3
379,10,transformer,kfold,Al Hanakiyah - TVTC,24.85577,40.536,01-01-2017 00:00,4578.4,4570.77978515625,-7.620214843749636,7.620214843749636,58.067674264902294,0.16643838117573032,18.8,3.1,1337.4,6122.4,0.17928094586986248,30.6,918.9
385,10,transformer,kfold,Al Hanakiyah - TVTC,24.85577,40.536,01-09-2017 00:00,6604.4,7400.7109375,796.3109375000004,796.3109375000004,634111.1091821295,12.057279048815946,34.7,2.9,2064.4,7253.3,0.22155682196250145,9.4,913.8
387,10,transformer,kfold,Al Hanakiyah - TVTC,24.85577,40.536,01-11-2017 00:00,4578.6,4562.87890625,-15.721093750000364,15.721093750000364,247.1527886963005,0.34336027934303853,23.4,3.0,1614.0,5300.1,0.23343602204191433,32.3,917.9
391,10,transformer,kfold,Al Hanakiyah - TVTC,24.85577,40.536,01-06-2018 00:00,7916.7,8006.7734375,90.07343750000018,90.07343750000018,8113.224143066439,1.1377649462528603,36.1,3.4,2643.9,6951.7,0.27553253574555003,11.4,911.2
392,10,transformer,kfold,Al Hanakiyah - TVTC,24.85577,40.536,01-07-2018 00:00,7658.0,7780.9775390625,122.9775390625,122.9775390625,15123.475113868713,1.6058701888547924,36.2,3.6,2644.2,6580.3,0.28664968290964277,13.5,910.0
397,10,transformer,kfold,Al Hanakiyah - TVTC,24.85577,40.536,01-12-2018 00:00,4308.0,4315.5244140625,7.5244140625,7.5244140625,56.616806983947754,0.1746614220636026,19.3,3.3,1387.7,5796.5,0.19315998997800732,47.5,919.3
401,10,transformer,kfold,Al Hanakiyah - TVTC,24.85577,40.536,01-04-2019 00:00,7259.4,7261.9892578125,2.589257812500364,2.589257812500364,6.704256019594169,0.03566765590131917,25.6,3.5,2515.2,6506.2,0.27880373334515707,23.9,915.1
406,10,transformer,kfold,Al Hanakiyah - TVTC,24.85577,40.536,01-09-2019 00:00,6635.6,6615.8876953125,-19.712304687500364,19.712304687500364,388.5749560928488,0.29706891143981495,35.8,3.0,2210.9,6222.8,0.2621506574812953,13.8,912.8
418,10,transformer,kfold,Al Hanakiyah - TVTC,24.85577,40.536,01-12-2020 00:00,4199.4,4209.5751953125,10.175195312500364,10.175195312500364,103.53459964752938,0.24230116951231995,19.2,3.1,1500.0,5290.1,0.22090985405222308,39.7,919.2
455,10,transformer,kfold,Tabuk - University,28.38287,36.48396,01-11-2019 00:00,4226.5,4120.4287109375,-106.0712890625,106.0712890625,11251.118363380432,2.5096720469064238,18.8,2.1,1259.1,5771.2,0.1790961978862922,36.4,928.0
459,10,transformer,kfold,Tabuk - University,28.38287,36.48396,01-10-2020 00:00,5630.9,5662.51318359375,31.613183593750364,31.613183593750364,999.3933769321671,0.5614232821351891,26.8,2.2,1270.6,7375.2,0.14696153045409333,17.6,927.6
466,10,transformer,kfold,Tabuk - University,28.38287,36.48396,01-11-2021 00:00,4362.8,4348.77978515625,-14.020214843750182,14.020214843750182,196.56642426491294,0.32135818382117404,19.1,1.9,1072.8,6400.4,0.1435529625863084,34.5,928.8
474,10,transformer,kfold,Mahd ad Dahab,23.419423,40.743138,01-12-2021 00:00,4056.8,4043.51123046875,-13.288769531250182,13.288769531250182,176.59139565468317,0.3275677758639859,18.5,2.6,1470.4,5001.9,0.2271835359918422,40.9,906.8
492,10,transformer,kfold,Farasan - SWCC,16.692097,42.098767,01-11-2019 00:00,4776.9,4919.9990234375,143.09902343750036,143.09902343750036,20477.330508766277,2.9956462022964763,29.9,0.0,1984.7,4517.0,0.3052586246673947,74.1,1008.9
502,10,transformer,kfold,Farasan - SWCC,16.692097,42.098767,01-12-2020 00:00,4354.0,4372.361328125,18.361328125,18.361328125,337.138370513916,0.42171171623794207,27.8,3.5,1916.8,4141.7,0.31638194272509695,77.8,1011.4
508,10,transformer,kfold,Farasan - SWCC,16.692097,42.098767,01-07-2021 00:00,5243.7,5207.3857421875,-36.31425781249982,36.31425781249982,1318.725320472704,0.692531186233,33.9,4.5,3023.3,2656.4,0.5322992411571034,65.7,1001.0
510,10,transformer,kfold,Farasan - SWCC,16.692097,42.098767,01-09-2021 00:00,5434.2,5363.73828125,-70.46171874999982,70.46171874999982,4964.853809204076,1.2966346242317144,33.4,3.5,2661.9,3514.2,0.4310001457230291,72.5,1003.1
520,10,transformer,kfold,Al Khafji - SWCC,28.50676,48.455128,01-03-2020 00:00,5678.3,5557.6650390625,-120.63496093750018,120.63496093750018,14552.793800392195,2.1244907972016303,19.3,3.6,2138.4,5343.2,0.2858212147134303,56.6,1012.8
562,10,transformer,kfold,Riyadh - KSU,24.72359,46.61639,01-09-2019 00:00,6639.2,6596.8837890625,-42.31621093749982,42.31621093749982,1790.6617081069792,0.6373691248569078,35.9,1.7,2004.4,6547.9,0.23436970171766663,15.8,934.0
563,10,transformer,kfold,Riyadh - KSU,24.72359,46.61639,01-10-2019 00:00,5614.5,5724.14990234375,109.64990234375,109.64990234375,12023.101083993912,1.9529771545774333,31.2,1.6,1800.2,5991.1,0.23105258429273678,23.6,938.3
564,10,transformer,kfold,Riyadh - KSU,24.72359,46.61639,01-11-2019 00:00,4052.7,3971.1572265625,-81.54277343749982,81.54277343749982,6649.2238998794255,2.0120604396451705,22.1,1.7,1703.6,4160.2,0.2905283263412804,42.8,941.5
565,10,transformer,kfold,Riyadh - KSU,24.72359,46.61639,01-12-2019 00:00,3978.1,3789.193359375,-188.9066406249999,188.9066406249999,35685.71887222287,4.748664956260524,17.8,1.8,1288.7,5120.3,0.2010766110157591,46.3,942.3
592,10,transformer,kfold,Jazan - University,16.96035,42.545865,01-04-2018 00:00,6438.9,6432.3349609375,-6.565039062499636,6.565039062499636,43.0997378921461,0.10195901570919934,30.8,3.2,2756.7,4729.8,0.3682228010418753,67.3,1007.8
600,10,transformer,kfold,Jazan - University,16.96035,42.545865,01-02-2019 00:00,5009.4,4924.72119140625,-84.67880859374964,84.67880859374964,7170.500624856887,1.6903982232153478,27.1,0.0,2780.7,3202.9,0.46472023530984685,72.5,1012.8
612,10,transformer,kfold,Jazan - University,16.96035,42.545865,01-02-2020 00:00,4908.3,4945.6708984375,37.37089843749982,37.37089843749982,1396.5840500259264,0.7613817092985314,26.8,3.2,2796.9,3092.3,0.4749201928954696,63.9,1013.8
642,10,transformer,kfold,Riyadh - K.A.CARE City T2,24.52958,46.43635,01-06-2018 00:00,7410.6,7449.76953125,39.169531249999636,39.169531249999636,1534.252178344698,0.5285608621434112,34.9,4.2,2911.6,5774.3,0.33520993794540577,12.7,906.1
646,10,transformer,kfold,Riyadh - K.A.CARE City T2,24.52958,46.43635,01-10-2018 00:00,4837.2,4772.30224609375,-64.89775390624982,64.89775390624982,4211.718462076164,1.3416388387135083,26.6,3.3,1889.3,4590.4,0.29157214068552556,31.7,914.0
647,10,transformer,kfold,Riyadh - K.A.CARE City T2,24.52958,46.43635,01-11-2018 00:00,4170.4,4075.17333984375,-95.22666015624964,95.22666015624964,9068.116804513862,2.2833939227951667,18.6,4.2,1939.7,3934.5,0.33020666643968544,61.9,914.7
683,10,transformer,kfold,Arar - TVTC,31.027395,40.906419,01-05-2018 00:00,7092.7,7136.53564453125,43.83564453125018,43.83564453125018,1921.563731470124,0.6180388925409249,27.3,4.3,2895.7,5711.9,0.3364120079929365,25.5,944.0
686,10,transformer,kfold,Arar - TVTC,31.027395,40.906419,01-08-2018 00:00,7877.4,8288.5244140625,411.12441406250036,411.12441406250036,169023.28383823426,5.219036916527032,33.2,3.9,1359.3,9382.7,0.12654068143734873,17.0,940.1
699,10,transformer,kfold,Arar - TVTC,31.027395,40.906419,01-11-2019 00:00,3861.5,3786.11865234375,-75.38134765625,75.38134765625,5682.347574472427,1.9521260560986662,16.3,3.3,1386.6,5025.0,0.21626427100879653,42.8,950.9
702,10,transformer,kfold,Arar - TVTC,31.027395,40.906419,01-01-2021 00:00,3818.0,3783.1552734375,-34.8447265625,34.8447265625,1214.154969215393,0.9126434406102671,10.3,2.6,1205.0,5599.4,0.17709129386867323,45.0,952.5
719,10,transformer,kfold,Taif - University,21.43278,40.49173,01-05-2018 00:00,7434.2,7509.99609375,75.79609375000018,75.79609375000018,5745.047827758816,1.0195595188453388,26.6,2.8,2718.2,6136.2,0.3069886158294181,22.9,848.5
725,10,transformer,kfold,Taif - University,21.43278,40.49173,01-01-2019 00:00,5163.2,5169.8515625,6.651562500000182,6.651562500000182,44.24328369140867,0.12882635768516001,18.2,2.7,1390.7,6733.5,0.1711799315624923,43.7,851.1
729,10,transformer,kfold,Taif - University,21.43278,40.49173,01-04-2020 00:00,7457.6,7516.431640625,58.831640624999636,58.831640624999636,3461.1619386291077,0.7888816861322627,23.0,3.2,2103.6,7390.6,0.22156685134081858,32.4,848.7
742,10,transformer,kfold,Rania - TVTC,21.21501,42.84853,01-03-2018 00:00,6647.4,6624.69384765625,-22.706152343749636,22.706152343749636,515.569354257567,0.3415794497660685,25.9,3.7,2201.4,6323.8,0.25822268099282125,21.7,910.6
747,10,transformer,kfold,Rania - TVTC,21.21501,42.84853,01-05-2019 00:00,6095.7,5979.5361328125,-116.16386718749982,116.16386718749982,13494.044039955097,1.9056690320635827,29.9,3.5,2986.6,3704.0,0.446387468986339,27.3,908.9
763,10,transformer,kfold,Rania - TVTC,21.21501,42.84853,01-08-2021 00:00,7290.2,7376.3134765625,86.11347656250018,86.11347656250018,7415.530845680268,1.1812224158802251,36.0,3.4,2841.0,5704.4,0.33245956889086525,12.7,904.4
766,10,transformer,kfold,Al Baha - University,20.1794,41.6357,01-02-2017 00:00,5049.4,5113.95166015625,64.55166015625036,64.55166015625036,4166.916828928041,1.278402585579482,16.5,3.2,2030.9,4829.5,0.296032301323538,48.5,835.0
769,10,transformer,kfold,Al Baha - University,20.1794,41.6357,01-05-2018 00:00,7144.1,7093.2392578125,-50.860742187500364,50.860742187500364,2586.815095863379,0.7119265154113235,26.5,2.8,2678.3,5692.9,0.31994218272171254,24.2,833.6
775,10,transformer,kfold,Al Baha - University,20.1794,41.6357,01-05-2019 00:00,5895.8,5859.150390625,-36.64960937500018,36.64960937500018,1343.1938673401012,0.6216223307269613,24.1,0.0,2730.5,4082.4,0.4007838071893027,34.4,834.7
776,10,transformer,kfold,Al Baha - University,20.1794,41.6357,01-06-2019 00:00,6252.5,6226.970703125,-25.529296875,25.529296875,651.7449989318848,0.4083054278288685,29.1,0.0,2752.9,4397.7,0.38498867227924927,18.4,833.2
779,10,transformer,kfold,Al Baha - University,20.1794,41.6357,01-09-2019 00:00,6709.8,6763.4892578125,53.68925781249982,53.68925781249982,2882.536404457073,0.8001618202107338,28.4,0.0,2286.3,6008.3,0.2756371615267765,17.1,833.5
791,10,transformer,kfold,Al Baha - University,20.1794,41.6357,01-01-2021 00:00,5303.7,5312.06591796875,8.365917968750182,8.365917968750182,69.98858345985717,0.1577373902888584,16.4,2.3,1257.3,7177.5,0.14906103286384978,37.8,835.7
794,10,transformer,kfold,Al Baha - University,20.1794,41.6357,01-10-2021 00:00,6161.8,6069.2978515625,-92.50214843750018,92.50214843750018,8556.647465553317,1.5012195857947381,24.0,2.8,1513.4,7088.0,0.17594810147185344,21.0,835.9
804,10,transformer,kfold,Thuwal - KAUST,22.3065,39.107,01-10-2017 00:00,5630.4,5667.9638671875,37.563867187500364,37.563867187500364,1411.0441180801665,0.6671616081894779,29.0,2.1,1788.8,5825.1,0.23493873047978037,95.9,1007.0
805,10,transformer,kfold,Thuwal - KAUST,22.3065,39.107,01-11-2017 00:00,4537.8,4490.95703125,-46.84296875000018,46.84296875000018,2194.2637213134935,1.0322836782141165,27.5,2.3,1685.6,4843.0,0.25818705388597857,88.8,1009.6
815,10,transformer,kfold,Thuwal - KAUST,22.3065,39.107,01-12-2018 00:00,3910.5,3906.12109375,-4.37890625,4.37890625,19.174819946289062,0.11197816775348421,24.8,0.0,1644.6,4220.4,0.28040920716112533,66.4,1012.2
831,10,transformer,kfold,Thuwal - KAUST,22.3065,39.107,01-04-2020 00:00,6790.1,6575.56982421875,-214.53017578125036,214.53017578125036,46023.19632073418,3.159455321442252,26.0,2.4,2145.2,6306.7,0.2538127521622357,67.9,1007.6
840,10,transformer,kfold,Thuwal - KAUST,22.3065,39.107,01-10-2021 00:00,5313.2,5212.177734375,-101.02226562499982,101.02226562499982,10205.49815200802,1.901345058062934,29.3,0.2,1831.3,5239.4,0.25899840185554474,78.8,1006.7
856,10,transformer,kfold,Al Jouf - TVTC,29.77634,40.02318,01-10-2018 00:00,5122.5,5236.498046875,113.998046875,113.998046875,12995.554691314697,2.2254377135187897,25.7,3.4,2091.4,5041.5,0.29320472738998166,26.5,937.7
860,10,transformer,kfold,Al Jouf - TVTC,29.77634,40.02318,01-02-2019 00:00,4881.0,4734.7431640625,-146.2568359375,146.2568359375,21391.06205844879,2.996452283087482,12.2,3.8,1560.2,6004.0,0.20626107189127735,51.2,939.5
863,10,transformer,kfold,Al Jouf - TVTC,29.77634,40.02318,01-07-2019 00:00,8373.8,8438.9189453125,65.11894531250073,65.11894531250073,4240.47703861246,0.7776510701533442,33.2,4.4,1571.1,9475.9,0.14221960713315832,14.7,929.6
870,10,transformer,kfold,Al Jouf - TVTC,29.77634,40.02318,01-02-2020 00:00,5013.3,5085.91162109375,72.61162109374982,72.61162109374982,5272.447517862293,1.448379731788439,12.0,4.2,1454.2,6556.0,0.1815435319967042,45.4,939.6
871,10,transformer,kfold,Al Jouf - TVTC,29.77634,40.02318,01-03-2020 00:00,6023.0,6038.6240234375,15.6240234375,15.6240234375,244.11010837554932,0.25940600095467375,17.3,4.8,2141.1,6048.1,0.26145411029160354,33.1,935.6
878,10,transformer,kfold,Al Jouf - TVTC,29.77634,40.02318,01-01-2021 00:00,3944.0,3979.281005859375,35.281005859375,35.281005859375,1244.749374449253,0.8945488301058571,11.5,3.3,1446.4,5145.6,0.21941747572815534,45.9,941.2
891,10,transformer,kfold,Makkah - UQU,21.331,39.949,01-03-2020 00:00,5865.7,5805.009765625,-60.69023437499982,60.69023437499982,3683.3045484924096,1.0346631156554174,27.3,2.4,2373.9,4809.8,0.33045645001879254,33.4,976.3
897,10,transformer,kfold,Makkah - UQU,21.331,39.949,01-01-2021 00:00,4565.6,4563.779296875,-1.8207031250003638,1.8207031250003638,3.31495986938609,0.039878726235333006,25.0,1.7,1817.5,4750.3,0.2767288894302506,46.3,979.2
929,10,transformer,kfold,Umluj - SWCC,25.00411,37.27382,01-05-2019 00:00,7286.7,7416.4365234375,129.73652343750018,129.73652343750018,16831.565513649035,1.7804564952241781,29.2,0.1,2464.0,6381.8,0.2785502724456805,62.3,1007.2
955,10,transformer,kfold,Umluj - SWCC,25.00411,37.27382,01-11-2021 00:00,4539.7,4542.27197265625,2.571972656250182,2.571972656250182,6.615043344498616,0.05665512382426552,26.8,2.5,1257.1,6067.4,0.17162946276196325,59.8,1011.9
957,10,transformer,kfold,Wadi Addawasir - TVTC,20.43008,44.89433,01-01-2017 00:00,4977.4,4771.716796875,-205.68320312499964,205.68320312499964,42305.58004775986,4.1323422494675865,18.6,2.7,1579.1,5955.5,0.20957980516550312,28.5,941.9
960,10,transformer,kfold,Wadi Addawasir - TVTC,20.43008,44.89433,01-04-2017 00:00,6901.4,6943.767578125,42.367578125000364,42.367578125000364,1795.0116761780093,0.6138983122989592,29.6,3.0,2843.7,5392.9,0.34525168151907343,16.8,937.4
975,10,transformer,kfold,Al Dawadmi - TVTC,24.5569,44.47411,01-06-2017 00:00,8289.8,8188.6181640625,-101.18183593749927,101.18183593749927,10237.76392368302,1.2205582274300861,34.8,3.1,2772.7,7222.0,0.277417031026444,9.3,902.3
995,10,transformer,kfold,Al Dawadmi - TVTC,24.5569,44.47411,01-07-2019 00:00,7893.1,8017.51171875,124.41171874999964,124.41171874999964,15478.27576232901,1.5762085714104677,35.6,0.0,2362.3,7327.5,0.24379244153646107,11.8,899.9
1016,10,transformer,kfold,Al Dawadmi - TVTC,24.5569,44.47411,01-08-2021 00:00,7560.5,7570.83740234375,10.33740234375,10.33740234375,106.861887216568,0.13672908331128894,35.9,2.8,2255.5,7093.0,0.24126865272503611,11.6,901.4
1017,10,transformer,kfold,Al Dawadmi - TVTC,24.5569,44.47411,01-09-2021 00:00,6912.3,7004.912109375,92.61210937499982,92.61210937499982,8577.00280288693,1.3398161158369835,32.1,2.6,1988.4,7041.3,0.22020665138376688,13.9,903.9
1020,10,transformer,kfold,Al Dawadmi - TVTC,24.5569,44.47411,01-12-2021 00:00,4105.8,4191.1337890625,85.33378906249982,85.33378906249982,7281.8555557632135,2.078371792646983,17.0,0.0,1702.3,4622.7,0.2691383399209486,38.8,910.8
1021,10,transformer,kfold,Shaqra - University,25.17279,45.14198,01-01-2017 00:00,4376.5,4372.11376953125,-4.38623046875,4.38623046875,19.239017724990845,0.10022233448531931,15.8,2.0,1651.9,5148.0,0.24293004308886898,37.4,928.8
1025,10,transformer,kfold,Shaqra - University,25.17279,45.14198,01-05-2017 00:00,7071.3,7026.87353515625,-44.42646484375018,44.42646484375018,1973.7107785129708,0.6282644611846504,33.2,2.1,3783.9,4083.1,0.4809838566162451,18.9,922.0
1028,10,transformer,kfold,Shaqra - University,25.17279,45.14198,01-10-2017 00:00,6051.4,6163.46533203125,112.06533203125036,112.06533203125036,12558.63864327439,1.8518910009460683,28.9,1.6,1753.7,6887.0,0.2029580936729663,15.4,925.4
1038,10,transformer,kfold,Shaqra - University,25.17279,45.14198,01-01-2019 00:00,4012.7,3994.39306640625,-18.306933593749818,18.306933593749818,335.14381760596564,0.45622482602112835,16.3,0.5,2337.2,3045.2,0.43423008323424495,41.7,928.9
1044,10,transformer,kfold,Shaqra - University,25.17279,45.14198,01-07-2019 00:00,7863.9,7899.72265625,35.822656250000364,35.822656250000364,1283.2627008056902,0.45553295756558915,36.2,1.4,2246.1,7477.3,0.2309994446387066,11.4,916.3
1051,10,transformer,kfold,Shaqra - University,25.17279,45.14198,01-02-2020 00:00,5296.2,5455.81103515625,159.61103515625018,159.61103515625018,25475.68254364973,3.013689723882221,17.4,0.4,2156.0,5290.3,0.28953977143010623,28.6,928.3
1056,10,transformer,kfold,Shaqra - University,25.17279,45.14198,01-12-2020 00:00,3944.8,3909.90966796875,-34.89033203125018,34.89033203125018,1217.3352692508824,0.8844639026376542,15.7,0.0,1477.4,4816.3,0.23474267918712363,53.2,929.8
1064,10,transformer,kfold,Shaqra - University,25.17279,45.14198,01-09-2021 00:00,6809.4,6861.75341796875,52.353417968750364,52.353417968750364,2740.8803730106733,0.76884039663921,32.3,0.0,1882.6,7070.6,0.2102711879551445,14.0,920.7
1071,10,transformer,kfold,Al Qunfudhah - TVTC,19.15197,41.08111,01-04-2017 00:00,6063.9,6021.57080078125,-42.329199218749636,42.329199218749636,1791.761106500595,0.6980523956323428,30.6,2.6,2708.7,4292.5,0.3868908187167914,65.0,1007.7
1076,10,transformer,kfold,Al Qunfudhah - TVTC,19.15197,41.08111,01-11-2017 00:00,4737.6,4778.08447265625,40.484472656249636,40.484472656249636,1638.9925262546244,0.8545354748448505,29.1,2.3,1912.1,4619.1,0.2927639637432631,74.2,1010.4
1082,10,transformer,kfold,Al Qunfudhah - TVTC,19.15197,41.08111,01-07-2018 00:00,6173.5,6011.39892578125,-162.10107421875,162.10107421875,26276.758262872696,2.625756446403985,32.7,3.5,3603.3,3098.7,0.537645478961504,69.2,1002.6
1086,10,transformer,kfold,Al Qunfudhah - TVTC,19.15197,41.08111,01-11-2018 00:00,4418.4,4306.5146484375,-111.88535156249964,111.88535156249964,12518.33189426414,2.5322594505363853,29.1,1.6,2037.1,3856.6,0.3456402599385785,75.7,1010.4
1095,10,transformer,kfold,Al Qunfudhah - TVTC,19.15197,41.08111,01-08-2019 00:00,6034.5,5976.0947265625,-58.4052734375,58.4052734375,3411.175965309143,0.9678560516612809,32.9,3.4,3219.6,3438.2,0.4835831656102617,76.4,1003.8
1104,10,transformer,kfold,Al Qunfudhah - TVTC,19.15197,41.08111,01-05-2020 00:00,6685.0,6716.05615234375,31.05615234375,31.05615234375,964.4845983982086,0.46456473214285715,32.1,3.0,2890.0,4756.6,0.377945753668297,73.0,1006.0
1123,10,transformer,kfold,Duba - TVTC,27.34103,35.72295,01-04-2018 00:00,7102.2,7209.9345703125,107.73457031250018,107.73457031250018,11606.737640419045,1.516918283243223,26.3,2.3,2444.0,6393.4,0.2765519270373639,46.3,1006.2
1126,10,transformer,kfold,Duba - TVTC,27.34103,35.72295,01-07-2018 00:00,7742.1,7903.12890625,161.02890624999964,161.02890624999964,25930.30864807117,2.0799125075883755,31.2,2.0,1849.7,8097.8,0.18594621764262378,56.6,1001.7
1129,10,transformer,kfold,Duba - TVTC,27.34103,35.72295,01-10-2018 00:00,5367.0,5349.29638671875,-17.70361328125,17.70361328125,313.4179232120514,0.32986050458822436,29.1,2.3,1544.3,6273.1,0.1975464988359301,49.0,1008.4
1130,10,transformer,kfold,Duba - TVTC,27.34103,35.72295,01-11-2018 00:00,4328.8,4259.15478515625,-69.64521484375018,69.64521484375018,4850.45595063212,1.6088804020456056,24.8,2.1,1158.7,6127.4,0.1590288357283046,45.5,1010.5
1152,10,transformer,kfold,Duba - TVTC,27.34103,35.72295,01-12-2020 00:00,4169.9,4356.0791015625,186.17910156250036,186.17910156250036,34662.65785861982,4.464833726528223,22.7,2.3,1237.4,6179.5,0.16683520069031538,42.6,1012.4
1154,10,transformer,kfold,Duba - TVTC,27.34103,35.72295,01-02-2021 00:00,5247.7,5239.43115234375,-8.268847656249818,8.268847656249818,68.37384156226811,0.15757089117613085,21.4,2.6,1311.2,7016.4,0.15745232720111438,41.2,1012.5
1162,10,transformer,kfold,Duba - TVTC,27.34103,35.72295,01-11-2021 00:00,4362.8,4336.3212890625,-26.478710937500182,26.478710937500182,701.1221329116918,0.6069201186737917,25.9,2.0,1130.9,6184.3,0.1545959098862642,43.7,1010.3
1180,10,transformer,kfold,Najran - University,17.63228,44.53735,01-10-2018 00:00,6618.4,6755.7646484375,137.36464843750036,137.36464843750036,18869.046640358072,2.075496319918717,25.9,2.1,2020.6,6779.8,0.22960319985455208,32.0,883.9
1184,10,transformer,kfold,Najran - University,17.63228,44.53735,01-02-2019 00:00,6352.1,6496.52880859375,144.42880859374964,144.42880859374964,20859.68075180997,2.2737174886061244,22.1,2.1,2522.7,5702.1,0.30671870440618615,32.8,884.1
1215,10,transformer,kfold,Afif - TVTC,23.92118,42.94815,01-02-2017 00:00,4872.1,4828.91552734375,-43.184472656250364,43.184472656250364,1864.8986785984353,0.8863626086543863,14.3,4.5,2397.0,3992.9,0.3751232413652796,39.3,898.9
1238,10,transformer,kfold,Afif - TVTC,23.92118,42.94815,01-06-2019 00:00,7610.3,7719.62841796875,109.32841796874982,109.32841796874982,11952.702975549659,1.4365848648377832,35.1,3.4,2739.2,6325.8,0.30217319360176503,13.3,892.4
1241,10,transformer,kfold,Afif - TVTC,23.92118,42.94815,01-09-2019 00:00,6736.4,6766.7001953125,30.300195312500364,30.300195312500364,918.101835975669,0.4497980421664445,33.6,3.5,2220.0,6283.9,0.2610566916356025,14.2,893.4
1264,10,transformer,kfold,Riyadh - K.A.CARE HQ,24.707744,46.6792,01-02-2017 00:00,4242.8,4053.6484375,-189.15156250000018,189.15156250000018,35778.313596191474,4.458177677477142,14.6,2.7,2143.2,3405.3,0.3862665585293322,41.5,942.2
1267,10,transformer,kfold,Riyadh - K.A.CARE HQ,24.707744,46.6792,01-05-2017 00:00,6540.2,6623.0986328125,82.89863281250018,82.89863281250018,6872.1833221817315,1.2675244306366806,35.4,3.0,3515.4,3740.9,0.4844617780411504,17.1,934.6
1275,10,transformer,kfold,Riyadh - K.A.CARE HQ,24.707744,46.6792,01-06-2018 00:00,7754.9,7713.8359375,-41.064062499999636,41.064062499999636,1686.2572290038763,0.5295240751008993,37.8,3.5,3174.8,5832.1,0.3524853168126658,11.3,930.2
1294,10,transformer,kfold,Riyadh - K.A.CARE HQ,24.707744,46.6792,01-01-2020 00:00,4365.8,4263.43896484375,-102.36103515625018,102.36103515625018,10477.781518259086,2.344611185951033,15.0,2.7,1284.0,5824.0,0.18064153066966798,38.5,942.2
1297,10,transformer,kfold,Riyadh - K.A.CARE HQ,24.707744,46.6792,01-04-2020 00:00,6176.2,6105.72119140625,-70.47880859374982,70.47880859374982,4967.2624607944235,1.1411354650715622,27.8,3.1,3111.0,3991.0,0.43804562095184457,29.4,936.0
1332,10,transformer,kfold,Majmaah - University,25.85891,45.41889,01-06-2018 00:00,7908.9,7838.3515625,-70.54843749999964,70.54843749999964,4977.082033691355,0.8920132698605323,35.1,3.3,2888.6,6422.5,0.31023187378505224,13.7,926.0
1337,10,transformer,kfold,Majmaah - University,25.85891,45.41889,01-11-2018 00:00,3507.4,3448.440673828125,-58.95932617187509,58.95932617187509,3476.202142641555,1.6809980661423016,18.2,3.0,1777.1,3202.3,0.35689038840020887,73.9,936.1
1363,10,transformer,kfold,Majmaah - University,25.85891,45.41889,01-04-2021 00:00,6740.4,6799.5625,59.162500000000364,59.162500000000364,3500.201406250043,0.8777298083199865,26.8,2.2,3155.4,4764.8,0.39839903032751695,19.4,932.5
1367,10,transformer,kfold,Majmaah - University,25.85891,45.41889,01-09-2021 00:00,6960.1,7050.43017578125,90.33017578124964,90.33017578124964,8159.540656671458,1.2978287062147043,31.9,1.8,1863.0,7363.6,0.20191619881646544,15.6,928.5
1369,10,transformer,kfold,Majmaah - University,25.85891,45.41889,01-11-2021 00:00,4731.8,4686.79150390625,-45.00849609375018,45.00849609375018,2025.7647206211254,0.9511918528625509,21.1,1.4,1544.8,5806.2,0.21014827914569445,31.7,935.6
1390,10,transformer,kfold,Hagl - SWCC,29.28997,34.93002,01-01-2019 00:00,3689.0,3683.189453125,-5.810546875,5.810546875,33.762454986572266,0.15751008064516128,17.9,4.6,1455.0,4569.2,0.24152584575545302,44.6,1014.3
1396,10,transformer,kfold,Hagl - SWCC,29.28997,34.93002,01-07-2019 00:00,7943.0,8001.63525390625,58.63525390625,58.63525390625,3438.093000650406,0.738200351331361,31.4,5.9,1405.7,9070.0,0.13418673692450145,47.4,1002.5
1411,10,transformer,kfold,Hagl - SWCC,29.28997,34.93002,01-01-2021 00:00,3970.8,3965.18798828125,-5.612011718750182,5.612011718750182,31.494675531389372,0.1413320166905959,19.8,5.7,1159.1,5757.5,0.16758233814301823,45.2,1015.0
1413,10,transformer,kfold,Hagl - SWCC,29.28997,34.93002,01-03-2021 00:00,6155.0,6125.4892578125,-29.5107421875,29.5107421875,870.8839044570923,0.47945966186027617,21.1,6.9,1819.4,6718.9,0.21308691425693643,46.2,1012.2
1437,10,transformer,kfold,Al Wajh - TVTC,26.256,36.443,01-04-2020 00:00,7491.1,7542.92578125,51.825781249999636,51.825781249999636,2685.9116021728137,0.6918313899160288,23.9,2.9,2108.3,7510.5,0.21918534536532627,56.7,1008.6
1451,10,transformer,kfold,Al Ahsa - KFU,25.34616,49.5956,01-08-2019 00:00,7203.9,7235.77880859375,31.878808593750364,31.878808593750364,1016.2584373569721,0.4425215313059643,38.7,1.9,2596.3,6001.1,0.30198664712587525,17.0,982.8
1459,10,transformer,kfold,Al Jubail - SWCC,26.9042,49.76274,01-01-2017 00:00,3548.4,3393.61962890625,-154.7803710937501,154.7803710937501,23956.963275918988,4.361976414545995,16.8,2.8,1516.8,3907.2,0.279646017699115,72.4,1018.6
1478,10,transformer,kfold,Al Jubail - SWCC,26.9042,49.76274,01-01-2019 00:00,3651.6,3650.50341796875,-1.096582031249909,1.096582031249909,1.2024921512601765,0.030030179407654425,18.3,0.0,1940.7,3187.0,0.3784737796672972,59.2,1018.9
1482,10,transformer,kfold,Al Jubail - SWCC,26.9042,49.76274,01-05-2019 00:00,6475.5,6531.697265625,56.197265625,56.197265625,3158.1326637268066,0.8678444232105629,30.8,0.0,2917.2,4605.5,0.38778630013160165,43.9,1007.0
1484,10,transformer,kfold,Al Jubail - SWCC,26.9042,49.76274,01-07-2019 00:00,6808.1,6603.40185546875,-204.69814453125036,204.69814453125036,41901.330374536665,3.0066853385122183,35.6,0.0,2048.9,6179.0,0.24901858311355268,43.0,996.9
1485,10,transformer,kfold,Al Jubail - SWCC,26.9042,49.76274,01-08-2019 00:00,6987.8,7064.6572265625,76.85722656249982,76.85722656249982,5907.033274879427,1.0998773084876472,35.0,0.0,2260.6,6317.2,0.26354076802909837,46.0,998.6
1495,10,transformer,kfold,Al Jubail - SWCC,26.9042,49.76274,01-11-2020 00:00,3905.2,3878.5205078125,-26.679492187499818,26.679492187499818,711.7953033828638,0.6831786384180022,24.6,3.5,1498.6,4455.7,0.2516836571889223,58.9,1015.6
1499,10,transformer,kfold,Al Jubail - SWCC,26.9042,49.76274,01-03-2021 00:00,5505.5,5479.9365234375,-25.5634765625,25.5634765625,653.4913339614868,0.4643261567977477,21.9,4.5,2614.9,4175.9,0.385065088060317,52.5,1013.0
1500,10,transformer,kfold,Al Jubail - SWCC,26.9042,49.76274,01-04-2021 00:00,6685.9,6676.5400390625,-9.359960937499636,9.359960937499636,87.60886875151907,0.1399955269671942,26.5,4.1,2655.6,5380.8,0.3304464685680155,47.7,1010.4
1508,10,transformer,kfold,Hafar Al Batin - TVTC,28.33202,45.95708,01-01-2017 00:00,3902.6,3845.543701171875,-57.05629882812491,57.05629882812491,3255.421235964288,1.4620073496675272,12.7,4.3,1535.2,4742.4,0.24455205811138017,43.6,973.2
1511,10,transformer,kfold,Hafar Al Batin - TVTC,28.33202,45.95708,01-04-2017 00:00,5980.1,6069.4755859375,89.37558593749964,89.37558593749964,7987.995361671383,1.494550023201947,27.7,5.3,3244.6,3715.0,0.4662049543077188,25.5,967.4
1513,10,transformer,kfold,Hafar Al Batin - TVTC,28.33202,45.95708,01-06-2017 00:00,8093.5,8187.3193359375,93.8193359375,93.8193359375,8802.067795753479,1.1591936237412739,37.2,5.5,2295.8,7768.6,0.22811096538293388,11.3,960.3
1515,10,transformer,kfold,Hafar Al Batin - TVTC,28.33202,45.95708,01-10-2017 00:00,5477.1,5598.037109375,120.93710937499964,120.93710937499964,14625.784423980625,2.208050051578383,29.6,4.5,1988.4,5629.1,0.2610305218247457,20.9,967.5
1522,10,transformer,kfold,Hafar Al Batin - TVTC,28.33202,45.95708,01-08-2018 00:00,7509.3,7756.23486328125,246.93486328124982,246.93486328124982,60976.82670372954,3.288387243567973,36.3,5.4,1881.0,7857.0,0.19316081330868762,13.9,958.2
1528,10,transformer,kfold,Hafar Al Batin - TVTC,28.33202,45.95708,01-03-2019 00:00,5871.1,5843.58056640625,-27.519433593750364,27.519433593750364,757.319225320836,0.46872704593262526,18.1,5.7,2266.7,5595.6,0.28829986136372304,34.5,968.5
1553,10,transformer,kfold,Hafar Al Batin - TVTC,28.33202,45.95708,01-08-2021 00:00,7351.9,7464.6328125,112.73281250000036,112.73281250000036,12708.687014160238,1.5333833770862004,37.9,4.0,2074.4,7244.1,0.2226109352363578,13.2,958.8
1584,10,transformer,kfold,Al Dhahran - KFUPM,26.30355,50.14412,01-07-2019 00:00,7331.7,7373.201171875,41.50117187500018,41.50117187500018,1722.3472669983062,0.5660511460507137,37.8,0.0,2237.7,6634.9,0.2522034127538715,32.7,990.1
1590,10,transformer,kfold,Al Dhahran - KFUPM,26.30355,50.14412,01-02-2020 00:00,4564.7,4263.47802734375,-301.2219726562498,301.2219726562498,90734.67681092251,6.598943471777988,19.2,2.1,1774.6,4549.5,0.28060909852785376,59.0,1010.6
1605,10,transformer,kfold,Jeddah - KAU,21.49604,39.24492,01-03-2017 00:00,5072.3,4923.1826171875,-149.11738281250018,149.11738281250018,22235.993856849724,2.9398376044890915,26.8,4.1,2542.8,3507.3,0.4202905737095255,72.5,1003.5
1622,10,transformer,kfold,Jeddah - KAU,21.49604,39.24492,01-01-2019 00:00,3970.1,3919.036865234375,-51.06313476562491,51.06313476562491,2607.443732092371,1.286192659268656,25.1,3.4,2042.4,3345.4,0.37907865919299155,65.3,1007.5
1638,10,transformer,kfold,Jeddah - KAU,21.49604,39.24492,01-05-2020 00:00,6427.6,6367.73095703125,-59.869042968750364,59.869042968750364,3584.3023059940774,0.9314369744344757,31.9,3.8,2462.4,5198.2,0.3214369631621544,48.8,1000.7
1645,10,transformer,kfold,Jeddah - KAU,21.49604,39.24492,01-09-2021 00:00,5596.1,5524.0634765625,-72.03652343750036,72.03652343750036,5189.260708961539,1.2872629766712596,32.6,4.0,2585.6,3944.4,0.3959571209800919,66.2,998.3
