record_id,fold,model_name,cv_strategy,station_name,latitude,longitude,date,actual_ghi,predicted_ghi,residual_error,absolute_error,squared_error,relative_error_pct,air_temperature_c,wind_speed_m_s,dhi_wh_m2,dni_wh_m2,diffuse_fraction,relative_humidity_pct,barometric_pressure_mb
1214,1,xgb,loso,Afif - TVTC,23.92118,42.94815,01-01-2017 00:00,4723.7,4624.560546875,-99.13945312499982,99.13945312499982,9828.631165924036,2.09876692264538,17.4,4.3,1542.9,5834.3,0.20914439082578756,32.4,898.9
1215,1,xgb,loso,Afif - TVTC,23.92118,42.94815,01-02-2017 00:00,4872.1,5016.74951171875,144.64951171874964,144.64951171874964,20923.481240472687,2.9689356072073565,14.3,4.5,2397.0,3992.9,0.3751232413652796,39.3,898.9
1216,1,xgb,loso,Afif - TVTC,23.92118,42.94815,01-03-2017 00:00,5521.8,5432.5830078125,-89.21699218750018,89.21699218750018,7959.671694984469,1.6157229922760727,21.7,4.7,2974.0,3598.1,0.45251898175621186,36.2,895.0
1217,1,xgb,loso,Afif - TVTC,23.92118,42.94815,01-04-2017 00:00,6322.8,6498.29150390625,175.49150390624982,175.49150390624982,30797.267943277297,2.7755346350706938,27.9,5.0,3415.9,3770.1,0.47535485666573896,20.6,896.1
1218,1,xgb,loso,Afif - TVTC,23.92118,42.94815,01-05-2017 00:00,6918.2,6870.13623046875,-48.06376953124982,48.06376953124982,2310.1259415530985,0.6947438572352609,31.0,3.5,3460.3,4369.2,0.44195670221597805,21.4,894.7
1219,1,xgb,loso,Afif - TVTC,23.92118,42.94815,01-06-2017 00:00,7910.8,7914.0244140625,3.224414062499818,3.224414062499818,10.396846046446582,0.04075964583227762,34.5,3.8,2742.9,6769.5,0.2883499432319919,8.7,891.7
1220,1,xgb,loso,Afif - TVTC,23.92118,42.94815,01-09-2017 00:00,6954.4,7026.17041015625,71.77041015625036,71.77041015625036,5150.991773996406,1.0320144103912683,31.6,3.1,2286.2,6573.0,0.2580594184576485,10.0,894.3
1221,1,xgb,loso,Afif - TVTC,23.92118,42.94815,01-10-2017 00:00,6326.5,6203.453125,-123.046875,123.046875,15140.533447265625,1.9449438868252586,27.5,3.8,1532.0,7682.0,0.1662687215107445,13.0,897.3
1222,1,xgb,loso,Afif - TVTC,23.92118,42.94815,01-11-2017 00:00,4973.7,4898.7841796875,-74.91582031249982,74.91582031249982,5612.38013309476,1.506239224571241,21.4,4.3,1611.6,5986.5,0.21210565799344572,32.7,898.5
1223,1,xgb,loso,Afif - TVTC,23.92118,42.94815,01-03-2018 00:00,6556.4,6703.36474609375,146.96474609375036,146.96474609375036,21598.636594400512,2.2415463683385757,24.7,4.3,2421.9,6007.3,0.28732264034546573,25.7,896.8
1224,1,xgb,loso,Afif - TVTC,23.92118,42.94815,01-04-2018 00:00,6654.2,6651.21923828125,-2.980761718749818,2.980761718749818,8.88494042396437,0.04479519279176788,24.7,4.9,3076.3,4729.0,0.3941296298668853,35.1,894.3
1225,1,xgb,loso,Afif - TVTC,23.92118,42.94815,01-05-2018 00:00,7499.6,7238.875,-260.72500000000036,260.72500000000036,67977.52562500018,3.476518747666547,30.7,4.3,3497.6,5083.6,0.4075886822355847,19.1,893.8
1226,1,xgb,loso,Afif - TVTC,23.92118,42.94815,01-06-2018 00:00,7850.1,7607.14892578125,-242.95107421875036,242.95107421875036,59025.224464044746,3.094878717707422,34.3,3.4,3047.3,6214.8,0.3290074605111152,12.1,891.7
1227,1,xgb,loso,Afif - TVTC,23.92118,42.94815,01-07-2018 00:00,7727.5,7654.4287109375,-73.0712890625,73.0712890625,5339.413285255432,0.9456006349077969,34.1,3.4,2838.8,6323.6,0.30983148520038417,13.2,890.2
1228,1,xgb,loso,Afif - TVTC,23.92118,42.94815,01-08-2018 00:00,7555.9,7289.345703125,-266.55429687499964,266.55429687499964,71051.19318252544,3.5277636929419347,34.2,3.0,2169.3,7267.0,0.2298888335470471,13.2,890.9
1229,1,xgb,loso,Afif - TVTC,23.92118,42.94815,01-09-2018 00:00,6637.8,6773.98828125,136.18828124999982,136.18828124999982,18547.247949829052,2.05170811488746,33.8,3.3,2582.3,5525.6,0.3184918412905931,13.6,894.3
1230,1,xgb,loso,Afif - TVTC,23.92118,42.94815,01-10-2018 00:00,5498.5,5163.8662109375,-334.6337890625,334.6337890625,111979.77278232574,6.085910504001092,26.4,3.9,1913.0,5582.8,0.25520958403372557,33.6,898.2
1231,1,xgb,loso,Afif - TVTC,23.92118,42.94815,01-11-2018 00:00,4236.3,4309.99560546875,73.69560546874982,73.69560546874982,5431.042265405628,1.7396219689056445,20.0,4.2,1777.1,4318.1,0.2915572909830686,60.4,898.4
1232,1,xgb,loso,Afif - TVTC,23.92118,42.94815,01-12-2018 00:00,4387.7,4617.62060546875,229.92060546875018,229.92060546875018,52863.484819116675,5.240116814475697,18.5,4.2,1505.2,5596.8,0.21194029850746268,45.7,899.6
1233,1,xgb,loso,Afif - TVTC,23.92118,42.94815,01-01-2019 00:00,4414.1,4591.57666015625,177.47666015624964,177.47666015624964,31497.964900216928,4.020676019035582,18.4,4.6,2204.3,3976.2,0.35665399239543727,40.4,899.2
1234,1,xgb,loso,Afif - TVTC,23.92118,42.94815,01-02-2019 00:00,5097.9,5118.58935546875,20.689355468750364,20.689355468750364,428.0494297123106,0.40584074753820915,17.9,4.7,2182.2,4812.9,0.31196123000385984,41.5,898.0
1235,1,xgb,loso,Afif - TVTC,23.92118,42.94815,01-03-2019 00:00,6589.6,6547.65869140625,-41.941308593750364,41.941308593750364,1759.0733665561982,0.6364773065702071,20.0,4.4,2364.1,6282.7,0.2734075033538419,26.4,896.3
1236,1,xgb,loso,Afif - TVTC,23.92118,42.94815,01-04-2019 00:00,7156.5,6895.38330078125,-261.11669921875,261.11669921875,68181.93061089516,3.6486648392195904,24.4,4.0,2643.4,6163.0,0.3001680595930233,28.6,895.4
1237,1,xgb,loso,Afif - TVTC,23.92118,42.94815,01-05-2019 00:00,6958.5,6936.51513671875,-21.98486328125,21.98486328125,483.3342134952545,0.315942563501473,30.0,3.6,2892.2,5191.5,0.3577817088709378,26.4,894.9
1238,1,xgb,loso,Afif - TVTC,23.92118,42.94815,01-06-2019 00:00,7610.3,7653.28857421875,42.98857421874982,42.98857421874982,1848.0175133609616,0.5648735821025428,35.1,3.4,2739.2,6325.8,0.30217319360176503,13.3,892.4
1239,1,xgb,loso,Afif - TVTC,23.92118,42.94815,01-07-2019 00:00,7836.3,7855.4873046875,19.187304687499818,19.187304687499818,368.1526611709525,0.24485158413409158,35.4,3.3,2634.9,6860.6,0.2774893370543942,12.2,889.8
1240,1,xgb,loso,Afif - TVTC,23.92118,42.94815,01-08-2019 00:00,7641.6,7757.98876953125,116.38876953124964,116.38876953124964,13546.345672998345,1.5230942411438655,34.3,3.3,2137.6,7414.8,0.22377622377622378,13.5,891.2
1241,1,xgb,loso,Afif - TVTC,23.92118,42.94815,01-09-2019 00:00,6736.4,6875.13916015625,138.73916015625036,138.73916015625036,19248.55456086169,2.059544566181497,33.6,3.5,2220.0,6283.9,0.2610566916356025,14.2,893.4
1242,1,xgb,loso,Afif - TVTC,23.92118,42.94815,01-10-2019 00:00,5849.9,6151.2783203125,301.37832031250036,301.37832031250036,90828.89195438407,5.1518542250722295,29.1,3.2,1861.0,6245.0,0.22958302491981247,21.6,896.5
1243,1,xgb,loso,Afif - TVTC,23.92118,42.94815,01-11-2019 00:00,4843.5,5153.4404296875,309.9404296875,309.9404296875,96063.06995487213,6.399100437441932,21.8,4.5,1732.7,5494.2,0.23975701891544093,39.2,898.0
1244,1,xgb,loso,Afif - TVTC,23.92118,42.94815,01-12-2019 00:00,4592.8,5065.75341796875,472.9534179687498,472.9534179687498,223684.93556832295,10.297714204161945,18.3,4.1,1308.8,6414.6,0.16945904653390992,38.5,898.7
1245,1,xgb,loso,Afif - TVTC,23.92118,42.94815,01-01-2020 00:00,5030.2,4981.50927734375,-48.69072265624982,48.69072265624982,2370.7864727878396,0.9679679268468414,14.3,3.7,1246.2,7255.0,0.14659106949607115,36.0,899.4
1246,1,xgb,loso,Afif - TVTC,23.92118,42.94815,01-02-2020 00:00,5601.3,5146.6025390625,-454.6974609375002,454.6974609375002,206749.7809830095,8.117713047640729,18.6,4.4,2050.5,5828.9,0.2602355509302739,30.9,898.8
1247,1,xgb,loso,Afif - TVTC,23.92118,42.94815,01-03-2020 00:00,6705.5,6796.4345703125,90.9345703125,90.9345703125,8269.096077919006,1.356119160577138,21.7,4.2,2476.1,6175.9,0.2861881645862228,22.1,895.8
1248,1,xgb,loso,Afif - TVTC,23.92118,42.94815,01-04-2020 00:00,7324.1,7291.05419921875,-33.045800781250364,33.045800781250364,1092.0249492740872,0.45119264867014874,26.4,4.0,2808.9,6139.0,0.3139172319762179,27.2,894.6
1249,1,xgb,loso,Afif - TVTC,23.92118,42.94815,01-05-2020 00:00,7113.0,7062.95263671875,-50.04736328125,50.04736328125,2504.7385714054108,0.7036041512898917,31.2,4.0,3419.7,4699.0,0.4212127557367559,20.2,894.9
1250,1,xgb,loso,Afif - TVTC,23.92118,42.94815,01-09-2020 00:00,6862.5,6896.08984375,33.58984375,33.58984375,1128.277603149414,0.489469489981785,32.1,2.9,2037.5,6866.3,0.2288348794896561,12.9,893.9
1251,1,xgb,loso,Afif - TVTC,23.92118,42.94815,01-10-2020 00:00,6419.3,6488.9384765625,69.63847656249982,69.63847656249982,4849.517417945836,1.0848297565544502,25.8,2.7,1220.8,8472.9,0.1259374645388242,14.6,898.2
1252,1,xgb,loso,Afif - TVTC,23.92118,42.94815,01-11-2020 00:00,5000.4,5310.068359375,309.66835937500036,309.66835937500036,95894.49279800437,6.192871757759387,22.5,4.7,1439.3,6489.2,0.18153496878350256,33.5,898.3
1253,1,xgb,loso,Afif - TVTC,23.92118,42.94815,01-12-2020 00:00,4332.4,4615.5126953125,283.11269531250036,283.11269531250036,80152.79824710867,6.534777382340051,18.0,4.6,1616.9,5196.0,0.23732918434146988,43.7,899.3
1254,1,xgb,loso,Afif - TVTC,23.92118,42.94815,01-01-2021 00:00,4835.5,4893.150390625,57.650390625,57.650390625,3323.567539215088,1.1922322536449177,16.9,4.6,1669.7,5767.6,0.2245035160609361,38.5,899.6
1255,1,xgb,loso,Afif - TVTC,23.92118,42.94815,01-02-2021 00:00,5430.2,5280.94677734375,-149.25322265624982,149.25322265624982,22276.524473276084,2.748576896914475,18.4,5.0,2034.9,5682.9,0.2636632200886263,37.3,898.3
1256,1,xgb,loso,Afif - TVTC,23.92118,42.94815,01-03-2021 00:00,6626.1,6565.19775390625,-60.902246093750364,60.902246093750364,3709.0835792637313,0.9191265766250187,24.6,4.6,2908.1,5271.0,0.35555256690833953,20.5,896.4
1257,1,xgb,loso,Afif - TVTC,23.92118,42.94815,01-04-2021 00:00,7084.3,6994.18115234375,-90.11884765625018,90.11884765625018,8121.406702890429,1.2720924813496066,26.9,3.9,3134.9,5236.5,0.3744773872948372,22.3,896.4
1258,1,xgb,loso,Afif - TVTC,23.92118,42.94815,01-05-2021 00:00,8037.0,7978.4384765625,-58.5615234375,58.5615234375,3429.452027320862,0.7286490411534154,32.6,3.2,2602.0,7173.4,0.2661783661026659,12.3,893.4
1259,1,xgb,loso,Afif - TVTC,23.92118,42.94815,01-08-2021 00:00,7523.6,7331.12255859375,-192.47744140625036,192.47744140625036,37047.56545029654,2.5583157186220737,35.3,3.3,2449.3,6776.8,0.26547511949794605,12.7,891.1
1260,1,xgb,loso,Afif - TVTC,23.92118,42.94815,01-09-2021 00:00,6930.7,6961.98974609375,31.289746093750182,31.289746093750182,979.0482106113548,0.45146588502965335,32.7,3.3,2300.2,6470.7,0.26225358857129827,13.1,893.2
1261,1,xgb,loso,Afif - TVTC,23.92118,42.94815,01-11-2021 00:00,5126.2,5242.26220703125,116.06220703125018,116.06220703125018,13470.43590096478,2.2640982995445005,23.0,3.9,1489.8,6500.4,0.18645340542164152,28.5,898.5
1262,1,xgb,loso,Afif - TVTC,23.92118,42.94815,01-12-2021 00:00,4333.9,4559.2451171875,225.34511718750036,225.34511718750036,50780.42184024827,5.19959198845152,18.2,4.0,1642.5,5185.3,0.24056064911098743,37.5,899.5
1441,2,xgb,loso,Al Ahsa - KFU,25.34616,49.5956,01-01-2017 00:00,3707.6,3422.994140625,-284.6058593749999,284.6058593749999,81000.49519058222,7.676282753668138,17.0,1.9,1691.9,3758.5,0.3104175840305299,37.9,1000.6
1442,2,xgb,loso,Al Ahsa - KFU,25.34616,49.5956,01-02-2017 00:00,3725.0,4109.125,384.125,384.125,147552.015625,10.312080536912752,15.4,1.8,2081.7,2698.7,0.4354656514099238,44.8,1001.4
1443,2,xgb,loso,Al Ahsa - KFU,25.34616,49.5956,01-03-2017 00:00,4575.6,4556.939453125,-18.660546875000364,18.660546875000364,348.21600967408585,0.4078273204607125,22.3,1.6,2750.5,2633.0,0.5109129748305006,40.7,995.9
1444,2,xgb,loso,Al Ahsa - KFU,25.34616,49.5956,01-04-2017 00:00,6136.1,6233.8330078125,97.73300781249964,97.73300781249964,9551.740816078114,1.592754482692584,30.0,2.0,3259.5,3821.9,0.4602903380687435,21.6,993.7
1445,2,xgb,loso,Al Ahsa - KFU,25.34616,49.5956,01-09-2017 00:00,6667.4,6776.6806640625,109.28066406250036,109.28066406250036,11942.263537941059,1.6390296676740614,35.7,1.2,2166.1,6297.6,0.2559282583267365,29.6,988.3
1446,2,xgb,loso,Al Ahsa - KFU,25.34616,49.5956,01-11-2017 00:00,4347.2,4378.25390625,31.053906250000182,31.053906250000182,964.3450933838003,0.7143427091001147,23.7,1.4,1673.0,4803.4,0.25832252485948987,37.8,998.8
1447,2,xgb,loso,Al Ahsa - KFU,25.34616,49.5956,01-12-2017 00:00,4260.2,4462.12158203125,201.92158203125018,201.92158203125018,40772.3252900029,4.739720718070752,17.8,1.6,1195.7,6085.2,0.16422420305182053,31.2,1002.5
1448,2,xgb,loso,Al Ahsa - KFU,25.34616,49.5956,01-03-2019 00:00,5956.1,5941.326171875,-14.773828125000364,14.773828125000364,218.26599746705176,0.2480453337754632,21.4,1.9,2431.1,5091.9,0.32315565598830254,34.6,996.9
1449,2,xgb,loso,Al Ahsa - KFU,25.34616,49.5956,01-05-2019 00:00,5879.3,6409.5087890625,530.2087890624998,530.2087890624998,281121.35999912245,9.018229875367814,34.3,1.7,3126.1,3401.6,0.47889762090782356,18.6,990.6
1450,2,xgb,loso,Al Ahsa - KFU,25.34616,49.5956,01-07-2019 00:00,7450.6,7383.15771484375,-67.44228515625036,67.44228515625036,4548.461827096989,0.9051926711439395,38.8,2.0,2768.7,5921.1,0.3186149278464407,14.9,981.1
1451,2,xgb,loso,Al Ahsa - KFU,25.34616,49.5956,01-08-2019 00:00,7203.9,7271.4716796875,67.57167968750036,67.57167968750036,4565.93189579015,0.9379874746665052,38.7,1.9,2596.3,6001.1,0.30198664712587525,17.0,982.8
1452,2,xgb,loso,Al Ahsa - KFU,25.34616,49.5956,01-11-2019 00:00,4107.6,3980.26904296875,-127.33095703125036,127.33095703125036,16213.172618494127,3.099886966385489,23.3,1.4,1743.9,4166.4,0.29506116440789815,43.8,999.0
1453,2,xgb,loso,Al Ahsa - KFU,25.34616,49.5956,01-02-2020 00:00,4940.6,4955.51318359375,14.913183593749636,14.913183593749636,222.40304490088332,0.3018496456654988,19.1,1.4,1896.0,4985.1,0.2755373414134368,32.7,1000.7
1454,2,xgb,loso,Al Ahsa - KFU,25.34616,49.5956,01-09-2020 00:00,6638.8,6886.4482421875,247.64824218749982,247.64824218749982,61329.651858558565,3.7303163551771377,36.1,1.2,1902.2,6615.8,0.22331533223761446,21.4,987.9
1455,2,xgb,loso,Al Ahsa - KFU,25.34616,49.5956,01-11-2020 00:00,4461.1,4184.86328125,-276.23671875000036,276.23671875000036,76306.7247857668,6.192121197686677,24.4,0.0,1402.9,5489.3,0.20354893938074925,41.6,999.1
1456,2,xgb,loso,Al Ahsa - KFU,25.34616,49.5956,01-04-2021 00:00,6957.6,6966.9306640625,9.330664062499636,9.330664062499636,87.06129184722222,0.13410750923450093,30.1,0.0,2924.7,5225.1,0.35886770227490244,16.5,993.1
1457,2,xgb,loso,Al Ahsa - KFU,25.34616,49.5956,01-07-2021 00:00,7299.4,7313.1162109375,13.716210937500364,13.716210937500364,188.1344424820046,0.1879087450680928,39.7,0.0,2690.6,5825.2,0.3159538739754339,21.2,980.3
1458,2,xgb,loso,Al Ahsa - KFU,25.34616,49.5956,01-10-2021 00:00,5573.0,5521.2314453125,-51.7685546875,51.7685546875,2679.983254432678,0.9289171844159341,31.2,0.0,1680.5,6010.6,0.21849930439078935,31.4,993.7
765,3,xgb,loso,Al Baha - University,20.1794,41.6357,01-01-2017 00:00,5018.8,5194.76708984375,175.96708984374982,175.96708984374982,30964.41670807832,3.5061586403871408,18.5,2.5,1128.1,6915.1,0.1402551223393674,39.0,836.3
766,3,xgb,loso,Al Baha - University,20.1794,41.6357,01-02-2017 00:00,5049.4,5216.16357421875,166.76357421875036,166.76357421875036,27810.08968621266,3.302641387466835,16.5,3.2,2030.9,4829.5,0.296032301323538,48.5,835.0
767,3,xgb,loso,Al Baha - University,20.1794,41.6357,01-03-2018 00:00,6968.5,6729.98779296875,-238.51220703125,238.51220703125,56888.07290291786,3.422719480967927,21.2,2.6,1712.1,7597.9,0.18389903329752952,29.4,834.9
768,3,xgb,loso,Al Baha - University,20.1794,41.6357,01-04-2018 00:00,6852.4,6407.76513671875,-444.63486328124964,444.63486328124964,197700.16164513555,6.488746472495032,21.6,3.3,2345.7,6034.2,0.27991980811226863,42.2,833.6
769,3,xgb,loso,Al Baha - University,20.1794,41.6357,01-05-2018 00:00,7144.1,6548.24462890625,-595.8553710937504,595.8553710937504,355043.6232612709,8.340523944146224,26.5,2.8,2678.3,5692.9,0.31994218272171254,24.2,833.6
770,3,xgb,loso,Al Baha - University,20.1794,41.6357,01-06-2018 00:00,6996.7,6856.94580078125,-139.75419921874982,139.75419921874982,19531.23619927401,1.9974302059363673,29.3,2.8,3295.4,4686.4,0.41286426620561784,17.9,832.4
771,3,xgb,loso,Al Baha - University,20.1794,41.6357,01-07-2018 00:00,6665.0,6385.90576171875,-279.09423828125,279.09423828125,77893.59384179115,4.187460439328582,28.6,3.1,3105.6,4438.7,0.4116485293532866,21.9,831.6
772,3,xgb,loso,Al Baha - University,20.1794,41.6357,01-08-2018 00:00,6590.6,6323.4970703125,-267.10292968750036,267.10292968750036,71343.97504764577,4.052786236268327,28.9,3.1,2628.8,5055.4,0.34210457822544965,23.4,831.9
773,3,xgb,loso,Al Baha - University,20.1794,41.6357,01-03-2019 00:00,6846.4,6096.08935546875,-750.3106445312496,750.3106445312496,562966.0632968992,10.95919964552538,19.5,0.0,1944.9,7084.3,0.21540114295840163,35.4,834.0
774,3,xgb,loso,Al Baha - University,20.1794,41.6357,01-04-2019 00:00,6864.9,6774.314453125,-90.58554687499964,90.58554687499964,8205.741302642757,1.3195464882955272,22.5,0.0,2381.3,5975.5,0.2849535707447827,40.4,834.1
775,3,xgb,loso,Al Baha - University,20.1794,41.6357,01-05-2019 00:00,5895.8,6094.6982421875,198.89824218749982,198.89824218749982,39560.51074527733,3.373558163226361,24.1,0.0,2730.5,4082.4,0.4007838071893027,34.4,834.7
776,3,xgb,loso,Al Baha - University,20.1794,41.6357,01-06-2019 00:00,6252.5,6161.55712890625,-90.94287109375,90.94287109375,8270.60580277443,1.4545041358456616,29.1,0.0,2752.9,4397.7,0.38498867227924927,18.4,833.2
777,3,xgb,loso,Al Baha - University,20.1794,41.6357,01-07-2019 00:00,6914.6,6552.46484375,-362.13515625000036,362.13515625000036,131141.87139221217,5.237253872241349,29.9,0.0,2950.1,4929.2,0.37441143248765757,16.4,831.3
778,3,xgb,loso,Al Baha - University,20.1794,41.6357,01-08-2019 00:00,6362.0,6372.578125,10.578125,10.578125,111.896728515625,0.16627043382584092,27.8,0.0,2624.2,4751.7,0.3557803115552,28.3,832.4
779,3,xgb,loso,Al Baha - University,20.1794,41.6357,01-09-2019 00:00,6709.8,6175.93212890625,-533.8678710937502,533.8678710937502,285014.90378617303,7.956539257410805,28.4,0.0,2286.3,6008.3,0.2756371615267765,17.1,833.5
780,3,xgb,loso,Al Baha - University,20.1794,41.6357,01-10-2019 00:00,6017.5,5808.67724609375,-208.82275390625,208.82275390625,43606.94254899025,3.4702576469671795,23.9,0.0,1698.9,6532.6,0.2063900868614469,27.1,835.5
781,3,xgb,loso,Al Baha - University,20.1794,41.6357,01-11-2019 00:00,4554.2,4507.271484375,-46.92851562499982,46.92851562499982,2202.2855787658523,1.0304447680163327,19.3,0.0,1546.0,5047.1,0.2344875703386874,47.2,835.2
782,3,xgb,loso,Al Baha - University,20.1794,41.6357,01-12-2019 00:00,4915.2,5017.833984375,102.63398437500018,102.63398437500018,10533.73474868778,2.0880937576293985,17.2,0.0,1302.9,6612.5,0.16460317861384138,49.4,835.6
783,3,xgb,loso,Al Baha - University,20.1794,41.6357,01-01-2020 00:00,5450.1,5160.91748046875,-289.18251953125036,289.18251953125036,83626.529602442,5.3060039179327045,15.2,0.4,1087.9,7888.5,0.12119557951962927,41.3,835.8
784,3,xgb,loso,Al Baha - University,20.1794,41.6357,01-02-2020 00:00,5930.5,6363.89306640625,433.39306640625,433.39306640625,187829.55000901222,7.307867235583003,18.2,3.3,1902.6,6379.0,0.2297382148377125,39.4,835.8
785,3,xgb,loso,Al Baha - University,20.1794,41.6357,01-03-2020 00:00,6950.0,6651.05078125,-298.94921875,298.94921875,89370.63539123535,4.301427607913669,20.2,3.1,2099.5,6879.2,0.23383117823292904,34.0,833.9
786,3,xgb,loso,Al Baha - University,20.1794,41.6357,01-04-2020 00:00,6931.5,7011.74609375,80.24609375,80.24609375,6439.435562133789,1.1577017059799466,22.8,3.0,2117.6,6560.4,0.24401935929937774,37.2,834.1
787,3,xgb,loso,Al Baha - University,20.1794,41.6357,01-09-2020 00:00,6908.0,6462.97412109375,-445.02587890625,445.02587890625,198048.0328962803,6.44218122330993,27.6,2.6,2028.7,6740.8,0.23133588003877076,16.0,833.4
788,3,xgb,loso,Al Baha - University,20.1794,41.6357,01-10-2020 00:00,6661.9,6612.44189453125,-49.458105468749636,49.458105468749636,2446.1041965579625,0.7424023997470638,22.9,2.5,1150.5,8582.6,0.11820488847335381,15.4,835.9
789,3,xgb,loso,Al Baha - University,20.1794,41.6357,01-11-2020 00:00,5160.2,5452.34033203125,292.1403320312502,292.1403320312502,85345.9735993291,5.661414907004577,20.3,2.1,1240.5,6777.1,0.15472211135501895,38.4,836.0
790,3,xgb,loso,Al Baha - University,20.1794,41.6357,01-12-2020 00:00,5136.3,5034.916015625,-101.38398437500018,101.38398437500018,10278.71228775028,1.973871938457648,17.7,2.2,1066.2,7527.1,0.12407340602562461,43.2,836.0
791,3,xgb,loso,Al Baha - University,20.1794,41.6357,01-01-2021 00:00,5303.7,5623.6298828125,319.9298828125002,319.9298828125002,102355.1299164201,6.032201723560914,16.4,2.3,1257.3,7177.5,0.14906103286384978,37.8,835.7
792,3,xgb,loso,Al Baha - University,20.1794,41.6357,01-02-2021 00:00,5788.4,5961.67333984375,173.27333984375036,173.27333984375036,30023.650300607806,2.9934582932027913,17.6,3.2,1576.4,6719.2,0.19002844881623993,39.8,834.9
793,3,xgb,loso,Al Baha - University,20.1794,41.6357,01-09-2021 00:00,6325.3,6508.3837890625,183.08378906249982,183.08378906249982,33519.673817481926,2.8944680736486776,27.8,2.7,2401.5,5279.2,0.312666814222662,18.5,833.0
794,3,xgb,loso,Al Baha - University,20.1794,41.6357,01-10-2021 00:00,6161.8,6057.576171875,-104.22382812500018,104.22382812500018,10862.606349029578,1.6914510066052157,24.0,2.8,1513.4,7088.0,0.17594810147185344,21.0,835.9
795,3,xgb,loso,Al Baha - University,20.1794,41.6357,01-11-2021 00:00,5526.5,5775.44384765625,248.94384765625,248.94384765625,61973.03928589821,4.504548044083054,20.3,2.2,1123.8,7609.0,0.1286872480762184,30.8,836.0
796,3,xgb,loso,Al Baha - University,20.1794,41.6357,01-12-2021 00:00,5053.8,5867.388671875,813.5886718749998,813.5886718749998,661926.5270033261,16.098553007143135,17.6,2.4,989.7,7569.3,0.11563266736768314,35.9,836.1
972,4,xgb,loso,Al Dawadmi - TVTC,24.5569,44.47411,01-03-2017 00:00,5246.1,5184.03125,-62.068750000000364,62.068750000000364,3852.529726562545,1.1831408093631528,21.4,3.4,3019.8,3091.2,0.4941580756013746,39.7,906.1
973,4,xgb,loso,Al Dawadmi - TVTC,24.5569,44.47411,01-04-2017 00:00,6383.9,6383.46826171875,-0.4317382812496362,0.4317382812496362,0.18639794349638997,0.0067629236242678645,27.9,3.2,3282.7,4047.5,0.44783225560012,22.1,907.1
974,4,xgb,loso,Al Dawadmi - TVTC,24.5569,44.47411,01-05-2017 00:00,6876.5,6901.08984375,24.58984375,24.58984375,604.6604156494141,0.3575924343779539,32.4,3.0,3718.9,3915.8,0.48710492881187206,19.0,905.0
975,4,xgb,loso,Al Dawadmi - TVTC,24.5569,44.47411,01-06-2017 00:00,8289.8,8021.92822265625,-267.8717773437493,267.8717773437493,71755.28909729919,3.2313418579911373,34.8,3.1,2772.7,7222.0,0.277417031026444,9.3,902.3
976,4,xgb,loso,Al Dawadmi - TVTC,24.5569,44.47411,01-09-2017 00:00,6916.9,7130.1416015625,213.24160156250036,213.24160156250036,45471.980636940156,3.082907105242238,32.6,2.6,2270.6,6564.4,0.25700056593095644,9.9,904.8
977,4,xgb,loso,Al Dawadmi - TVTC,24.5569,44.47411,01-10-2017 00:00,6216.5,6194.67724609375,-21.82275390625,21.82275390625,476.23258805274963,0.3510456672766026,28.2,2.6,1625.7,7341.2,0.1813001148668994,13.5,907.8
978,4,xgb,loso,Al Dawadmi - TVTC,24.5569,44.47411,01-11-2017 00:00,4804.6,4773.90380859375,-30.696191406250364,30.696191406250364,942.2561668491587,0.6388917164019973,21.2,2.6,1679.9,5576.3,0.23151236184228657,35.9,909.7
979,4,xgb,loso,Al Dawadmi - TVTC,24.5569,44.47411,01-03-2018 00:00,6327.1,6439.0283203125,111.92832031249964,111.92832031249964,12527.948887977518,1.7690303664000828,24.4,3.0,2484.1,5572.4,0.3083348848755663,24.9,907.6
980,4,xgb,loso,Al Dawadmi - TVTC,24.5569,44.47411,01-04-2018 00:00,6297.0,6088.86083984375,-208.13916015625,208.13916015625,43321.90999054909,3.305370178755757,24.7,3.4,3284.9,3896.5,0.4574177736931518,36.6,905.0
981,4,xgb,loso,Al Dawadmi - TVTC,24.5569,44.47411,01-05-2018 00:00,7142.7,7182.35302734375,39.65302734375018,39.65302734375018,1572.3625775241997,0.5551545962136193,30.5,3.3,3567.3,4445.4,0.4452057358942679,21.3,904.4
982,4,xgb,loso,Al Dawadmi - TVTC,24.5569,44.47411,01-06-2018 00:00,7910.4,7829.32421875,-81.07578124999964,81.07578124999964,6573.282305297793,1.0249264417728514,34.7,2.9,2829.1,6525.5,0.302428751630214,12.7,901.8
983,4,xgb,loso,Al Dawadmi - TVTC,24.5569,44.47411,01-07-2018 00:00,7785.4,7728.49169921875,-56.908300781249636,56.908300781249636,3238.554697809178,0.7309618103276599,34.9,3.2,2828.1,6413.4,0.3060217497159552,12.0,899.9
984,4,xgb,loso,Al Dawadmi - TVTC,24.5569,44.47411,01-08-2018 00:00,7539.1,7672.25,133.14999999999964,133.14999999999964,17728.922499999902,1.7661259301508088,34.3,2.9,2127.4,7341.5,0.22467234842484346,13.3,901.1
985,4,xgb,loso,Al Dawadmi - TVTC,24.5569,44.47411,01-09-2018 00:00,6587.5,6720.36083984375,132.86083984375,132.86083984375,17652.002763986588,2.0168628439278935,34.1,2.7,2459.7,5713.5,0.3009469975040376,12.7,904.7
986,4,xgb,loso,Al Dawadmi - TVTC,24.5569,44.47411,01-10-2018 00:00,5241.8,5099.59375,-142.20625000000018,142.20625000000018,20222.61753906255,2.712927811057274,26.4,2.6,1941.9,5145.4,0.27399714983138856,33.2,909.2
987,4,xgb,loso,Al Dawadmi - TVTC,24.5569,44.47411,01-11-2018 00:00,3903.4,4024.71728515625,121.31728515624991,121.31728515624991,14717.883677682854,3.1079900895693475,19.1,2.5,1894.2,3530.8,0.34916129032258064,68.3,909.7
988,4,xgb,loso,Al Dawadmi - TVTC,24.5569,44.47411,01-12-2018 00:00,4189.0,4172.53955078125,-16.46044921875,16.46044921875,270.9463884830475,0.3929445982036286,17.3,2.8,1538.3,5117.0,0.23113909215211936,51.3,910.8
989,4,xgb,loso,Al Dawadmi - TVTC,24.5569,44.47411,01-01-2019 00:00,4230.9,4250.1357421875,19.235742187500364,19.235742187500364,370.01377750398126,0.45464894437354614,17.2,3.3,2265.2,3549.2,0.3895844799119428,40.5,910.2
990,4,xgb,loso,Al Dawadmi - TVTC,24.5569,44.47411,01-02-2019 00:00,4990.8,4767.765625,-223.03437500000018,223.03437500000018,49744.33243164071,4.468910294942698,16.6,1.2,2211.8,4629.8,0.3232869504209542,44.5,909.2
991,4,xgb,loso,Al Dawadmi - TVTC,24.5569,44.47411,01-03-2019 00:00,6375.6,6191.01416015625,-184.58583984375036,184.58583984375036,34071.93227082266,2.8951916657844023,19.4,2.2,2453.7,5810.6,0.2969035489999153,27.7,907.1
992,4,xgb,loso,Al Dawadmi - TVTC,24.5569,44.47411,01-04-2019 00:00,6715.8,6680.85888671875,-34.94111328125018,34.94111328125018,1220.8813973331578,0.520282219262786,23.9,0.0,2811.0,5298.9,0.346613398438945,30.4,906.2
993,4,xgb,loso,Al Dawadmi - TVTC,24.5569,44.47411,01-05-2019 00:00,6851.1,6786.1005859375,-64.99941406250036,64.99941406250036,4224.92382846837,0.9487442025733147,30.5,0.0,2928.4,5014.1,0.3687000314762355,24.5,905.4
994,4,xgb,loso,Al Dawadmi - TVTC,24.5569,44.47411,01-06-2019 00:00,7720.3,7757.4921875,37.19218749999982,37.19218749999982,1383.2588110351428,0.4817453661127135,35.5,0.0,2823.5,6364.0,0.30731972789115647,12.4,902.6
995,4,xgb,loso,Al Dawadmi - TVTC,24.5569,44.47411,01-07-2019 00:00,7893.1,8034.1982421875,141.09824218749964,141.09824218749964,19908.713948402303,1.7876150332252174,35.6,0.0,2362.3,7327.5,0.24379244153646107,11.8,899.9
996,4,xgb,loso,Al Dawadmi - TVTC,24.5569,44.47411,01-08-2019 00:00,7492.7,7333.4931640625,-159.20683593749982,159.20683593749982,25346.816609229983,2.1248259764504094,34.7,0.0,2126.7,7272.2,0.22627115939099254,12.5,901.3
997,4,xgb,loso,Al Dawadmi - TVTC,24.5569,44.47411,01-09-2019 00:00,6612.8,6564.85595703125,-47.94404296875018,47.94404296875018,2298.6312561893637,0.7250187964062149,33.6,0.0,2180.7,6265.0,0.2582023988538546,14.3,904.0
998,4,xgb,loso,Al Dawadmi - TVTC,24.5569,44.47411,01-10-2019 00:00,5699.9,5840.388671875,140.48867187500036,140.48867187500036,19737.066925201518,2.4647567830137436,28.9,0.0,1730.5,6196.8,0.2182962673293555,22.4,907.6
999,4,xgb,loso,Al Dawadmi - TVTC,24.5569,44.47411,01-11-2019 00:00,4333.7,4471.10302734375,137.40302734375018,137.40302734375018,18879.59192322736,3.170570813479248,20.7,0.0,1715.3,4642.1,0.2698115581841633,42.7,909.3
1000,4,xgb,loso,Al Dawadmi - TVTC,24.5569,44.47411,01-12-2019 00:00,4303.7,4283.64990234375,-20.050097656249818,20.050097656249818,402.00641602515446,0.4658804669528503,17.0,0.0,1231.7,6041.3,0.16935239928502682,43.1,909.8
1001,4,xgb,loso,Al Dawadmi - TVTC,24.5569,44.47411,01-01-2020 00:00,4790.7,4803.52685546875,12.826855468750182,12.826855468750182,164.52822121620645,0.26774491136473133,13.4,0.4,1199.6,6866.6,0.1487193474002628,38.2,910.5
1002,4,xgb,loso,Al Dawadmi - TVTC,24.5569,44.47411,01-02-2020 00:00,5383.8,5657.88623046875,274.0862304687498,274.0862304687498,75123.26173256864,5.090943765904191,17.8,2.6,2133.3,5392.1,0.2834799479097457,29.3,910.0
1003,4,xgb,loso,Al Dawadmi - TVTC,24.5569,44.47411,01-03-2020 00:00,6521.3,6456.6044921875,-64.69550781250018,64.69550781250018,4185.508731117272,0.992064585473758,21.1,1.7,2573.1,5764.2,0.30862509445503944,23.4,906.8
1004,4,xgb,loso,Al Dawadmi - TVTC,24.5569,44.47411,01-04-2020 00:00,6967.3,6816.99462890625,-150.30537109375018,150.30537109375018,22591.704579629954,2.15729724705051,26.2,3.5,2964.8,5243.9,0.3611777747999074,30.7,905.4
1005,4,xgb,loso,Al Dawadmi - TVTC,24.5569,44.47411,01-05-2020 00:00,7165.5,7107.046875,-58.453125,58.453125,3416.767822265625,0.8157577977810341,31.2,3.2,3466.1,4717.4,0.4235473819270483,17.5,905.7
1006,4,xgb,loso,Al Dawadmi - TVTC,24.5569,44.47411,01-09-2020 00:00,6828.0,6769.2783203125,-58.7216796875,58.7216796875,3448.23566532135,0.8600128835310485,32.6,2.5,1985.2,6920.8,0.2229059061306984,13.3,904.4
1007,4,xgb,loso,Al Dawadmi - TVTC,24.5569,44.47411,01-10-2020 00:00,6238.0,6152.5908203125,-85.4091796875,85.4091796875,7294.727974891663,1.3691756923292722,25.7,2.3,1151.0,8358.0,0.12104322221053739,15.1,909.0
1008,4,xgb,loso,Al Dawadmi - TVTC,24.5569,44.47411,01-11-2020 00:00,4682.5,4757.24267578125,74.74267578125,74.74267578125,5586.467582941055,1.5962130439135076,21.6,3.1,1380.8,5990.7,0.1873160143797056,37.2,909.5
1009,4,xgb,loso,Al Dawadmi - TVTC,24.5569,44.47411,01-12-2020 00:00,4216.5,4349.68212890625,133.18212890625,133.18212890625,17737.479460000992,3.15859430585201,16.7,2.9,1559.0,5147.0,0.23247837757232329,48.9,910.8
1010,4,xgb,loso,Al Dawadmi - TVTC,24.5569,44.47411,01-01-2021 00:00,4557.2,4651.4189453125,94.21894531250018,94.21894531250018,8877.2096557999,2.067474442914513,15.8,2.8,1529.9,5629.5,0.21369109143224294,42.0,911.0
1011,4,xgb,loso,Al Dawadmi - TVTC,24.5569,44.47411,01-02-2021 00:00,5139.4,5178.66162109375,39.261621093750364,39.261621093750364,1541.4748909092234,0.7639339435294075,17.3,3.2,1923.1,5428.2,0.26159998911757104,39.0,909.6
1012,4,xgb,loso,Al Dawadmi - TVTC,24.5569,44.47411,01-03-2021 00:00,6455.2,6540.3994140625,85.19941406250018,85.19941406250018,7258.940156593354,1.3198570774336997,23.6,3.5,2873.7,5092.8,0.3607230276784033,21.4,907.4
1013,4,xgb,loso,Al Dawadmi - TVTC,24.5569,44.47411,01-04-2021 00:00,6912.2,6821.525390625,-90.67460937499982,90.67460937499982,8221.884785308805,1.3118053495992568,27.0,3.0,3148.5,5005.7,0.3861200363003115,19.1,907.3
1014,4,xgb,loso,Al Dawadmi - TVTC,24.5569,44.47411,01-05-2021 00:00,7830.1,7888.58935546875,58.489355468749636,58.489355468749636,3421.004703149753,0.7469809513128777,32.9,2.7,2637.3,6773.4,0.2802448276961331,11.9,903.8
1015,4,xgb,loso,Al Dawadmi - TVTC,24.5569,44.47411,01-07-2021 00:00,7685.7,7734.5595703125,48.85957031250018,48.85957031250018,2387.2576111221492,0.6357204979702589,37.0,3.0,2674.9,6543.7,0.2901633653700128,13.7,898.7
1016,4,xgb,loso,Al Dawadmi - TVTC,24.5569,44.47411,01-08-2021 00:00,7560.5,7749.49853515625,188.99853515625,188.99853515625,35720.44629120827,2.49981529206071,35.9,2.8,2255.5,7093.0,0.24126865272503611,11.6,901.4
1017,4,xgb,loso,Al Dawadmi - TVTC,24.5569,44.47411,01-09-2021 00:00,6912.3,6973.95947265625,61.65947265624982,61.65947265624982,3801.890568246819,0.8920254134839317,32.1,2.6,1988.4,7041.3,0.22020665138376688,13.9,903.9
1018,4,xgb,loso,Al Dawadmi - TVTC,24.5569,44.47411,01-10-2021 00:00,5993.7,6139.5234375,145.82343750000018,145.82343750000018,21264.47492431646,2.4329452174783555,29.2,2.6,1604.3,6955.7,0.1874182242990654,16.6,908.1
1019,4,xgb,loso,Al Dawadmi - TVTC,24.5569,44.47411,01-11-2021 00:00,4922.2,5028.43798828125,106.23798828125018,106.23798828125018,11286.510154047051,2.1583435919152043,22.0,0.7,1472.2,6196.1,0.19198518576477186,30.6,909.7
1020,4,xgb,loso,Al Dawadmi - TVTC,24.5569,44.47411,01-12-2021 00:00,4105.8,4315.29296875,209.49296874999982,209.49296874999982,43887.3039556884,5.102366621608452,17.0,0.0,1702.3,4622.7,0.2691383399209486,38.8,910.8
1558,5,xgb,loso,Al Dhahran - KFUPM,26.30355,50.14412,01-01-2017 00:00,3555.2,3691.31201171875,136.11201171875018,136.11201171875018,18526.479734125187,3.82853318290814,17.2,1.8,1555.3,3773.0,0.2918942251750089,67.5,1010.7
1559,5,xgb,loso,Al Dhahran - KFUPM,26.30355,50.14412,01-02-2017 00:00,3690.5,3667.507080078125,-22.992919921875,22.992919921875,528.6743665337563,0.6230299396253896,15.8,2.0,1718.0,3219.2,0.34797050960058334,65.0,1011.7
1560,5,xgb,loso,Al Dhahran - KFUPM,26.30355,50.14412,01-03-2017 00:00,4160.6,4429.1044921875,268.50449218749964,268.50449218749964,72094.66232486705,6.4535041144906895,21.4,1.6,2312.3,2650.6,0.4659171049184953,63.5,1006.1
1561,5,xgb,loso,Al Dhahran - KFUPM,26.30355,50.14412,01-04-2017 00:00,6185.7,6419.32080078125,233.62080078125018,233.62080078125018,54578.67855767259,3.7767884116793606,28.5,2.2,2751.2,4626.0,0.3729328200401236,42.2,1003.5
1562,5,xgb,loso,Al Dhahran - KFUPM,26.30355,50.14412,01-05-2017 00:00,6441.2,6774.0009765625,332.8009765625002,332.8009765625002,110756.4900009538,5.166754278123645,34.1,2.2,2953.9,4460.6,0.3983950367523097,32.7,999.1
1563,5,xgb,loso,Al Dhahran - KFUPM,26.30355,50.14412,01-06-2017 00:00,7197.4,7059.7421875,-137.65781249999964,137.65781249999964,18949.673342285056,1.9126047253174707,36.5,2.3,1893.0,7104.6,0.21038943718324885,25.8,993.4
1564,5,xgb,loso,Al Dhahran - KFUPM,26.30355,50.14412,01-09-2017 00:00,5932.9,5855.83837890625,-77.06162109374964,77.06162109374964,5938.493445596639,1.2988862292260048,34.4,1.4,2000.7,5471.4,0.26775605251535717,58.9,997.7
1565,5,xgb,loso,Al Dhahran - KFUPM,26.30355,50.14412,01-10-2017 00:00,5098.4,5355.23046875,256.83046875000036,256.83046875000036,65961.88967834492,5.037471927467449,30.7,1.4,1640.5,5360.6,0.23432032109239975,57.9,1003.4
1566,5,xgb,loso,Al Dhahran - KFUPM,26.30355,50.14412,01-11-2017 00:00,3809.0,3897.912841796875,88.912841796875,88.912841796875,7905.493436396122,2.3342830610888687,24.8,1.4,1532.9,4097.3,0.27226386274022235,60.8,1008.5
1567,5,xgb,loso,Al Dhahran - KFUPM,26.30355,50.14412,01-12-2017 00:00,3810.2,3723.046875,-87.15312499999982,87.15312499999982,7595.667197265593,2.287363524224445,18.4,1.9,1158.9,5336.6,0.17841582634131323,56.7,1012.5
1568,5,xgb,loso,Al Dhahran - KFUPM,26.30355,50.14412,01-03-2018 00:00,6090.6,6109.70703125,19.107031249999636,19.107031249999636,365.07864318846265,0.3137134477719705,25.1,1.8,2337.3,5403.5,0.301945535345184,42.0,1005.6
1569,5,xgb,loso,Al Dhahran - KFUPM,26.30355,50.14412,01-04-2018 00:00,5518.1,5566.07177734375,47.971777343749636,47.971777343749636,2301.291421518291,0.8693531712681835,27.4,2.1,3215.2,2999.0,0.5173956422387435,44.8,1002.6
1570,5,xgb,loso,Al Dhahran - KFUPM,26.30355,50.14412,01-05-2018 00:00,6756.9,6898.40087890625,141.50087890625036,141.50087890625036,20022.49873124133,2.094168611437943,32.7,1.8,3459.5,4251.6,0.4486389749841138,34.6,999.6
1571,5,xgb,loso,Al Dhahran - KFUPM,26.30355,50.14412,01-06-2018 00:00,7695.9,7769.47265625,73.57265625000036,73.57265625000036,5412.935747680717,0.9559980801465763,37.6,2.3,2660.0,6458.8,0.2917050489099443,26.5,992.6
1572,5,xgb,loso,Al Dhahran - KFUPM,26.30355,50.14412,01-07-2018 00:00,7303.7,7369.60205078125,65.90205078125018,65.90205078125018,4343.080297174478,0.9023104834707092,38.1,2.1,2822.0,5758.1,0.32890059556415424,30.4,989.4
1573,5,xgb,loso,Al Dhahran - KFUPM,26.30355,50.14412,01-08-2018 00:00,7003.3,6868.7158203125,-134.58417968750018,134.58417968750018,18112.901422157338,1.9217251822355204,37.4,2.0,2336.5,6207.6,0.27346355964934865,33.0,991.5
1574,5,xgb,loso,Al Dhahran - KFUPM,26.30355,50.14412,01-09-2018 00:00,5998.5,5837.9970703125,-160.5029296875,160.5029296875,25761.19043827057,2.675717757564391,35.3,1.4,2182.0,5226.8,0.29451463124932514,57.1,997.6
1575,5,xgb,loso,Al Dhahran - KFUPM,26.30355,50.14412,01-10-2018 00:00,4738.8,4940.81689453125,202.01689453124982,202.01689453124982,40810.82567605011,4.263039050629902,30.7,1.5,2069.9,4035.2,0.33904440549704346,60.6,1005.2
1576,5,xgb,loso,Al Dhahran - KFUPM,26.30355,50.14412,01-11-2018 00:00,3505.6,3539.677490234375,34.07749023437509,34.07749023437509,1161.2753406739298,0.9720872385433333,24.3,1.7,1717.6,3235.4,0.3467797294568948,69.9,1009.0
1577,5,xgb,loso,Al Dhahran - KFUPM,26.30355,50.14412,01-12-2018 00:00,3640.3,3631.476318359375,-8.823681640625182,8.823681640625182,77.8573576951059,0.24238885917713324,20.7,0.0,1605.0,4011.3,0.28577533251428877,70.3,1011.4
1578,5,xgb,loso,Al Dhahran - KFUPM,26.30355,50.14412,01-01-2019 00:00,3714.1,3656.22900390625,-57.87099609374991,57.87099609374991,3349.052188882817,1.5581431866064432,19.2,0.0,1869.8,3402.5,0.3546459799328566,63.0,1011.3
1579,5,xgb,loso,Al Dhahran - KFUPM,26.30355,50.14412,01-02-2019 00:00,4141.7,3799.18798828125,-342.5120117187498,342.5120117187498,117314.47817162501,8.269841169537868,18.9,0.0,1766.8,3934.5,0.3098942346482381,65.3,1010.0
1580,5,xgb,loso,Al Dhahran - KFUPM,26.30355,50.14412,01-03-2019 00:00,5494.2,5072.8759765625,-421.3240234374998,421.3240234374998,177513.9327255629,7.6685235964744605,21.3,0.0,2258.4,4705.8,0.32428706814853103,55.3,1006.7
1581,5,xgb,loso,Al Dhahran - KFUPM,26.30355,50.14412,01-04-2019 00:00,5799.0,5857.205078125,58.205078125,58.205078125,3387.8311195373535,1.0037088829970684,26.6,0.0,2842.8,3948.8,0.4185758878614759,46.2,1003.7
1582,5,xgb,loso,Al Dhahran - KFUPM,26.30355,50.14412,01-05-2019 00:00,6486.3,6632.47607421875,146.17607421874982,146.17607421874982,21367.444674005455,2.2536126022347074,33.7,0.0,2927.1,4609.5,0.3883846827481888,32.9,999.9
1583,5,xgb,loso,Al Dhahran - KFUPM,26.30355,50.14412,01-06-2019 00:00,7163.0,7118.57275390625,-44.42724609375,44.42724609375,1973.7801954746246,0.6202323899727769,38.4,0.0,2113.4,6634.7,0.24158388678684514,26.6,993.7
1584,5,xgb,loso,Al Dhahran - KFUPM,26.30355,50.14412,01-07-2019 00:00,7331.7,7267.75341796875,-63.94658203124982,63.94658203124982,4089.1653534793622,0.8721931070727091,37.8,0.0,2237.7,6634.9,0.2522034127538715,32.7,990.1
1585,5,xgb,loso,Al Dhahran - KFUPM,26.30355,50.14412,01-08-2019 00:00,6917.7,6832.1328125,-85.56718749999982,85.56718749999982,7321.743576660125,1.2369311693192797,37.5,0.0,2277.7,6200.9,0.2686410492298257,39.2,991.8
1586,5,xgb,loso,Al Dhahran - KFUPM,26.30355,50.14412,01-10-2019 00:00,4902.0,5128.45947265625,226.45947265625,226.45947265625,51283.89275574684,4.619736284297225,32.3,0.0,1885.6,4587.5,0.2912978325686301,61.1,1003.2
1587,5,xgb,loso,Al Dhahran - KFUPM,26.30355,50.14412,01-11-2019 00:00,3802.9,3857.341796875,54.44179687499991,54.44179687499991,2963.9092469787497,1.4315863387151886,24.6,0.0,1557.1,4038.6,0.2782672409171328,57.4,1008.7
1588,5,xgb,loso,Al Dhahran - KFUPM,26.30355,50.14412,01-12-2019 00:00,3380.7,3602.611083984375,221.91108398437518,221.91108398437518,49244.52919512041,6.564057265784459,20.3,0.0,1309.2,4063.3,0.24368543508608656,69.5,1010.4
1589,5,xgb,loso,Al Dhahran - KFUPM,26.30355,50.14412,01-01-2020 00:00,3705.0,3622.24267578125,-82.75732421875,82.75732421875,6848.774711847305,2.2336659708164643,17.3,0.4,1189.9,4731.9,0.20093552636022835,65.3,1010.9
1590,5,xgb,loso,Al Dhahran - KFUPM,26.30355,50.14412,01-02-2020 00:00,4564.7,4267.287109375,-297.4128906249998,297.4128906249998,88454.42750991811,6.5154969795386295,19.2,2.1,1774.6,4549.5,0.28060909852785376,59.0,1010.6
1591,5,xgb,loso,Al Dhahran - KFUPM,26.30355,50.14412,01-03-2020 00:00,5272.8,4750.9697265625,-521.8302734375002,521.8302734375002,272306.8342758562,9.896644542510625,22.7,2.2,2344.4,4205.4,0.3579345934227,57.5,1005.4
1592,5,xgb,loso,Al Dhahran - KFUPM,26.30355,50.14412,01-04-2020 00:00,5364.5,5628.8388671875,264.3388671875,264.3388671875,69875.03670597076,4.927558340712089,27.5,2.2,2802.5,3393.9,0.45227874249564265,51.5,1003.1
1593,5,xgb,loso,Al Dhahran - KFUPM,26.30355,50.14412,01-05-2020 00:00,7000.4,7084.19873046875,83.79873046875036,83.79873046875036,7022.227228174271,1.1970563177639901,32.6,2.0,2665.9,5732.0,0.31744840972147803,35.9,999.9
1594,5,xgb,loso,Al Dhahran - KFUPM,26.30355,50.14412,01-09-2020 00:00,6075.9,6208.69775390625,132.79775390625036,132.79775390625036,17635.243442545034,2.1856474580926344,35.3,1.5,1785.0,5939.9,0.23107095237478803,51.7,997.2
1595,5,xgb,loso,Al Dhahran - KFUPM,26.30355,50.14412,01-10-2020 00:00,5253.3,5728.7568359375,475.4568359374998,475.4568359374998,226059.2028396986,9.050631716016595,29.8,1.5,1278.3,6355.5,0.1674526448164741,59.2,1004.2
1596,5,xgb,loso,Al Dhahran - KFUPM,26.30355,50.14412,01-11-2020 00:00,4139.8,4146.99462890625,7.194628906249818,7.194628906249818,51.762685098645456,0.17379170264867427,25.6,1.6,1406.7,4882.3,0.2236762601367467,65.5,1008.5
1597,5,xgb,loso,Al Dhahran - KFUPM,26.30355,50.14412,01-12-2020 00:00,3623.2,3851.1318359375,227.93183593750018,227.93183593750018,51952.9218338395,6.290898540999675,19.9,2.0,1470.4,4221.3,0.2583410931707574,68.3,1011.4
1598,5,xgb,loso,Al Dhahran - KFUPM,26.30355,50.14412,01-01-2021 00:00,4101.8,3985.7197265625,-116.08027343750018,116.08027343750018,13474.62988132481,2.8299837495124134,18.5,1.9,1536.3,4773.8,0.24346682302974595,62.8,1011.3
1599,5,xgb,loso,Al Dhahran - KFUPM,26.30355,50.14412,01-02-2021 00:00,4581.9,4568.08154296875,-13.818457031249636,13.818457031249636,190.94975472449252,0.3015879227230982,19.7,2.1,1666.3,4831.7,0.2564327485380117,65.0,1009.2
1600,5,xgb,loso,Al Dhahran - KFUPM,26.30355,50.14412,01-10-2021 00:00,5254.1,5356.91943359375,102.81943359374964,102.81943359374964,10571.835924539491,1.9569371270769422,31.1,1.7,1623.6,5570.4,0.2256880733944954,59.5,1002.8
1601,5,xgb,loso,Al Dhahran - KFUPM,26.30355,50.14412,01-11-2021 00:00,4294.0,4248.91943359375,-45.08056640625,45.08056640625,2032.257467508316,1.0498501724790406,25.5,1.7,1414.9,5161.5,0.21514810534639014,60.6,1007.0
1602,5,xgb,loso,Al Dhahran - KFUPM,26.30355,50.14412,01-12-2021 00:00,3558.8,3548.776123046875,-10.023876953125182,10.023876953125182,100.47810917139418,0.2816645204317517,20.4,1.9,1507.2,3965.8,0.2753882696875571,66.6,1010.5
138,6,xgb,loso,Al Farshah - TQ TVTC,17.7749,43.17555,01-01-2017 00:00,5253.8,5183.994140625,-69.80585937500018,69.80585937500018,4872.8580030823005,1.3286737099813504,23.8,1.9,1323.8,6504.9,0.1690957630257897,53.8,895.8
139,6,xgb,loso,Al Farshah - TQ TVTC,17.7749,43.17555,01-02-2017 00:00,4657.6,4823.984375,166.38437499999964,166.38437499999964,27683.760244140503,3.5723199716592156,23.3,2.0,2326.0,3505.4,0.39887505573275717,58.6,894.9
140,6,xgb,loso,Al Farshah - TQ TVTC,17.7749,43.17555,01-03-2017 00:00,5753.0,5276.61376953125,-476.38623046875,476.38623046875,226943.840580225,8.28065757811142,26.4,2.1,2300.3,4717.9,0.3277621042432533,52.4,893.0
141,6,xgb,loso,Al Farshah - TQ TVTC,17.7749,43.17555,01-04-2017 00:00,6995.7,6917.15673828125,-78.54326171874982,78.54326171874982,6169.04396142003,1.122736276837912,29.3,2.3,2473.9,5866.1,0.2966306954436451,35.6,893.1
142,6,xgb,loso,Al Farshah - TQ TVTC,17.7749,43.17555,01-05-2017 00:00,6580.1,6708.03759765625,127.93759765624964,127.93759765624964,16368.028894052413,1.9443108411156307,29.4,2.0,2776.4,4744.2,0.3691726723931601,53.1,892.2
143,6,xgb,loso,Al Farshah - TQ TVTC,17.7749,43.17555,01-09-2017 00:00,6518.8,6480.2763671875,-38.52363281250018,38.52363281250018,1484.0702850723408,0.5909620300131954,31.1,2.4,2299.6,5606.0,0.2908824124671119,38.6,890.6
144,6,xgb,loso,Al Farshah - TQ TVTC,17.7749,43.17555,01-10-2017 00:00,6485.5,6233.3740234375,-252.1259765625,252.1259765625,63567.5080575943,3.8875333677048802,29.3,2.3,1323.0,7616.6,0.1479931988008412,28.0,893.4
145,6,xgb,loso,Al Farshah - TQ TVTC,17.7749,43.17555,01-11-2017 00:00,5619.6,5411.11767578125,-208.48232421875036,208.48232421875036,43464.87951165214,3.7099139479455894,25.7,2.2,1173.5,7198.1,0.14017631038272252,38.8,894.6
146,6,xgb,loso,Al Farshah - TQ TVTC,17.7749,43.17555,01-03-2018 00:00,6971.5,6246.87255859375,-724.62744140625,724.62744140625,525084.9288389683,10.394139588413541,26.8,2.3,1745.2,7193.5,0.19524091870182464,32.2,893.4
147,6,xgb,loso,Al Farshah - TQ TVTC,17.7749,43.17555,01-04-2018 00:00,6168.1,5919.24560546875,-248.85439453125036,248.85439453125036,61928.50967751521,4.034538910381647,26.6,2.0,2591.0,4620.9,0.3592673220649205,46.4,892.3
148,6,xgb,loso,Al Farshah - TQ TVTC,17.7749,43.17555,01-05-2018 00:00,6640.5,6598.8447265625,-41.6552734375,41.6552734375,1735.161805152893,0.6272912195994278,30.0,2.3,2684.8,4991.3,0.3497609463138834,39.7,891.0
149,6,xgb,loso,Al Farshah - TQ TVTC,17.7749,43.17555,01-06-2018 00:00,5958.5,6598.1318359375,639.6318359375,639.6318359375,409128.8855447769,10.734779490433834,31.3,2.1,3549.4,2937.0,0.5472064627528368,40.6,889.2
150,6,xgb,loso,Al Farshah - TQ TVTC,17.7749,43.17555,01-07-2018 00:00,5318.7,6038.716796875,720.0167968750002,720.0167968750002,518424.18778213527,13.53745834273413,30.4,2.2,3802.2,1788.5,0.6800937270824763,43.6,889.0
151,6,xgb,loso,Al Farshah - TQ TVTC,17.7749,43.17555,01-08-2018 00:00,5490.9,5501.16796875,10.267968750000364,10.267968750000364,105.43118225098404,0.18699974047970944,29.2,2.0,3387.1,2519.3,0.5734626845455777,52.0,889.4
152,6,xgb,loso,Al Farshah - TQ TVTC,17.7749,43.17555,01-09-2018 00:00,6400.2,6565.45263671875,165.25263671875018,165.25263671875018,27308.43394249922,2.581991761487925,30.5,2.4,2344.6,5328.5,0.3055609857814964,41.1,891.1
153,6,xgb,loso,Al Farshah - TQ TVTC,17.7749,43.17555,01-10-2018 00:00,5778.6,5186.34130859375,-592.2586914062504,592.2586914062504,350770.3575462441,10.249172661306376,27.5,2.2,1725.7,5794.8,0.22946612592247856,39.5,894.1
154,6,xgb,loso,Al Farshah - TQ TVTC,17.7749,43.17555,01-11-2018 00:00,4929.0,4680.50244140625,-248.49755859375,248.49755859375,61751.036627054214,5.0415410548539255,25.0,2.0,1611.9,5364.2,0.23106033457089203,48.3,894.8
155,6,xgb,loso,Al Farshah - TQ TVTC,17.7749,43.17555,01-12-2018 00:00,4963.4,5005.7294921875,42.329492187500364,42.329492187500364,1791.7859088516543,0.8528325782225967,23.3,1.9,1332.3,6167.7,0.17764,52.7,895.8
156,6,xgb,loso,Al Farshah - TQ TVTC,17.7749,43.17555,01-01-2019 00:00,5345.5,5137.15869140625,-208.34130859375,208.34130859375,43406.10086655617,3.897508345220279,23.6,1.8,1533.5,6242.8,0.19720175404755474,50.7,896.1
157,6,xgb,loso,Al Farshah - TQ TVTC,17.7749,43.17555,01-02-2019 00:00,5318.9,4832.771484375,-486.12851562499964,486.12851562499964,236320.9337037655,9.139643829081196,24.5,2.0,2299.9,4439.4,0.34126689715549097,50.5,894.9
158,6,xgb,loso,Al Farshah - TQ TVTC,17.7749,43.17555,01-03-2019 00:00,5948.5,5290.67529296875,-657.82470703125,657.82470703125,432733.3451807499,11.058665327918803,25.7,2.2,2335.9,4903.6,0.3226604047240832,45.9,893.8
159,6,xgb,loso,Al Farshah - TQ TVTC,17.7749,43.17555,01-04-2019 00:00,6412.9,6554.22119140625,141.32119140625036,141.32119140625036,19971.67914048205,2.203701779323713,28.1,2.3,2804.8,4668.9,0.37528934798025076,43.9,892.7
160,6,xgb,loso,Al Farshah - TQ TVTC,17.7749,43.17555,01-05-2019 00:00,6343.7,6428.71728515625,85.01728515625018,85.01728515625018,7227.9387753391575,1.3401845162326431,28.1,2.0,2697.1,4650.2,0.3670872293223361,43.4,892.5
161,6,xgb,loso,Al Farshah - TQ TVTC,17.7749,43.17555,01-06-2019 00:00,6041.4,6070.4541015625,29.054101562500364,29.054101562500364,844.1408176040861,0.4809167008061106,31.2,2.1,2832.6,4033.9,0.41252457583921937,43.9,889.6
162,6,xgb,loso,Al Farshah - TQ TVTC,17.7749,43.17555,01-07-2019 00:00,5393.4,6187.11865234375,793.7186523437504,793.7186523437504,629989.2990783793,14.716480371263959,31.2,2.2,3556.0,2203.4,0.6174254262596799,43.3,888.2
163,6,xgb,loso,Al Farshah - TQ TVTC,17.7749,43.17555,01-08-2019 00:00,5735.8,5632.21923828125,-103.58076171875018,103.58076171875018,10728.974198236503,1.8058642511724639,28.8,2.2,2937.0,3449.6,0.4598691009300723,54.6,890.1
164,6,xgb,loso,Al Farshah - TQ TVTC,17.7749,43.17555,01-09-2019 00:00,5977.4,5874.443359375,-102.95664062499964,102.95664062499964,10600.069848785326,1.7224318370027043,30.5,2.2,2295.6,4871.9,0.3202790373212417,42.2,890.4
165,6,xgb,loso,Al Farshah - TQ TVTC,17.7749,43.17555,01-10-2019 00:00,5675.7,5691.7998046875,16.099804687500182,16.099804687500182,259.2037109756528,0.28366200975210426,27.5,2.3,1690.2,5970.7,0.22062681930321504,43.6,893.3
166,6,xgb,loso,Al Farshah - TQ TVTC,17.7749,43.17555,01-11-2019 00:00,5069.7,4723.39453125,-346.3054687499998,346.3054687499998,119927.4776861571,6.830886812829158,25.3,2.0,1559.4,5647.2,0.2163849804346016,45.0,894.1
167,6,xgb,loso,Al Farshah - TQ TVTC,17.7749,43.17555,01-12-2019 00:00,4828.7,4582.0576171875,-246.64238281249982,246.64238281249982,60832.464999427706,5.107842334634577,23.3,1.9,1444.5,5780.9,0.1999197276275362,52.1,895.1
168,6,xgb,loso,Al Farshah - TQ TVTC,17.7749,43.17555,01-01-2020 00:00,4697.5,4732.39697265625,34.89697265625,34.89697265625,1217.7987005710602,0.7428839309473124,21.8,2.0,1669.2,5022.5,0.24944334025733372,53.2,896.0
169,6,xgb,loso,Al Farshah - TQ TVTC,17.7749,43.17555,01-02-2020 00:00,5332.4,5046.76171875,-285.63828124999964,285.63828124999964,81589.22771545389,5.35665518809541,25.5,2.1,2221.7,4481.5,0.3314387158372121,47.1,894.9
170,6,xgb,loso,Al Farshah - TQ TVTC,17.7749,43.17555,01-03-2020 00:00,5972.7,5198.8505859375,-773.8494140624998,773.8494140624998,598842.9156448743,12.956442045682854,25.5,2.1,2581.1,4564.0,0.36124057046087527,51.5,893.1
171,6,xgb,loso,Al Farshah - TQ TVTC,17.7749,43.17555,01-04-2020 00:00,6299.4,5776.74365234375,-522.6563476562496,522.6563476562496,273169.65774537047,8.296922685593067,27.4,2.0,2324.3,5260.8,0.3064297108805421,51.6,892.9
172,6,xgb,loso,Al Farshah - TQ TVTC,17.7749,43.17555,01-05-2020 00:00,6540.7,6644.17919921875,103.47919921875018,103.47919921875018,10707.944670953788,1.5820814166488326,29.6,2.1,2439.4,5140.1,0.321841810145788,43.4,892.4
173,6,xgb,loso,Al Farshah - TQ TVTC,17.7749,43.17555,01-09-2020 00:00,6443.4,6790.31640625,346.91640625000036,346.91640625000036,120350.9929254153,5.384058202967383,30.1,2.2,2029.4,5886.9,0.2563571365410609,39.5,890.3
174,6,xgb,loso,Al Farshah - TQ TVTC,17.7749,43.17555,01-10-2020 00:00,6347.6,6109.99267578125,-237.60732421875036,237.60732421875036,56457.24052239435,3.7432624018329816,28.2,2.4,1157.2,7732.7,0.13017019314053027,26.1,893.5
175,6,xgb,loso,Al Farshah - TQ TVTC,17.7749,43.17555,01-11-2020 00:00,5099.8,4846.7548828125,-253.04511718750018,253.04511718750018,64031.8313324357,4.961863547344998,25.1,2.0,1161.3,6380.2,0.15398793343499304,48.3,894.9
176,6,xgb,loso,Al Farshah - TQ TVTC,17.7749,43.17555,01-12-2020 00:00,4810.2,4770.69873046875,-39.50126953124982,39.50126953124982,1560.3502945804453,0.8211980693370301,23.5,1.9,1149.8,6247.7,0.15543088881378844,52.8,895.3
177,6,xgb,loso,Al Farshah - TQ TVTC,17.7749,43.17555,01-01-2021 00:00,5225.9,5051.86767578125,-174.03232421874964,174.03232421874964,30287.24987297999,3.330188565007935,22.5,2.0,1409.8,6365.1,0.18132709102367875,46.5,895.1
178,6,xgb,loso,Al Farshah - TQ TVTC,17.7749,43.17555,01-02-2021 00:00,5356.4,5010.1162109375,-346.28378906249964,346.28378906249964,119912.46256748174,6.464860523159205,23.4,2.1,1808.6,5374.7,0.2517784305263598,48.4,894.6
179,6,xgb,loso,Al Farshah - TQ TVTC,17.7749,43.17555,01-03-2021 00:00,6647.1,6667.451171875,20.351171874999636,20.351171874999636,414.1701966857762,0.30616617585111755,27.0,2.2,2144.3,6129.5,0.259167492566898,36.7,893.4
180,6,xgb,loso,Al Farshah - TQ TVTC,17.7749,43.17555,01-04-2021 00:00,6493.8,5987.763671875,-506.0363281250002,506.0363281250002,256072.76538223284,7.79260722727833,27.3,2.2,2522.8,5110.4,0.3305035895823508,39.9,893.0
181,6,xgb,loso,Al Farshah - TQ TVTC,17.7749,43.17555,01-07-2021 00:00,4964.4,5403.62646484375,439.22646484375036,439.22646484375036,192919.88741913828,8.84752366537246,29.2,2.0,3261.8,2070.0,0.611763381972317,55.4,888.1
182,6,xgb,loso,Al Farshah - TQ TVTC,17.7749,43.17555,01-11-2021 00:00,5462.0,5294.912109375,-167.087890625,167.087890625,27918.363193511963,3.059097228579275,26.0,2.2,1185.4,6978.5,0.14520021068361938,34.0,894.7
379,7,xgb,loso,Al Hanakiyah - TVTC,24.85577,40.536,01-01-2017 00:00,4578.4,4541.2373046875,-37.162695312499636,37.162695312499636,1381.0659228896825,0.8116961233727861,18.8,3.1,1337.4,6122.4,0.17928094586986248,30.6,918.9
380,7,xgb,loso,Al Hanakiyah - TVTC,24.85577,40.536,01-02-2017 00:00,5384.9,5578.7802734375,193.88027343750036,193.88027343750036,37589.56042819991,3.6004433404055853,16.8,3.6,1986.1,5640.4,0.26042090080639874,27.4,919.0
381,7,xgb,loso,Al Hanakiyah - TVTC,24.85577,40.536,01-03-2017 00:00,6075.7,6242.2021484375,166.50214843750018,166.50214843750018,27722.965434303343,2.740460332760014,23.4,3.7,2622.9,5070.3,0.34093745125565433,24.6,914.7
382,7,xgb,loso,Al Hanakiyah - TVTC,24.85577,40.536,01-04-2017 00:00,6605.0,6723.11669921875,118.11669921875,118.11669921875,13951.554634332657,1.7882921910484482,29.5,4.0,3217.4,4426.2,0.4209273117379245,17.9,915.5
383,7,xgb,loso,Al Hanakiyah - TVTC,24.85577,40.536,01-05-2017 00:00,6870.0,7061.255859375,191.255859375,191.255859375,36578.803745269775,2.7839280840611353,32.4,3.1,3067.4,4924.9,0.38379440211203286,18.3,914.3
384,7,xgb,loso,Al Hanakiyah - TVTC,24.85577,40.536,01-06-2017 00:00,8035.4,7869.6982421875,-165.70175781249964,165.70175781249964,27457.072542152284,2.0621469723038013,37.2,3.1,2441.4,7385.0,0.24845314662541726,8.3,911.4
385,7,xgb,loso,Al Hanakiyah - TVTC,24.85577,40.536,01-09-2017 00:00,6604.4,7368.9091796875,764.5091796875004,764.5091796875004,584474.2858264548,11.575755249341354,34.7,2.9,2064.4,7253.3,0.22155682196250145,9.4,913.8
386,7,xgb,loso,Al Hanakiyah - TVTC,24.85577,40.536,01-10-2017 00:00,6029.6,6919.16455078125,889.5645507812496,889.5645507812496,791325.0900066465,14.753292934543744,29.7,2.4,1326.4,8131.0,0.14024996299194284,13.2,916.2
387,7,xgb,loso,Al Hanakiyah - TVTC,24.85577,40.536,01-11-2017 00:00,4578.6,4635.13623046875,56.536230468749636,56.536230468749636,3196.3453556155746,1.2347929600478231,23.4,3.0,1614.0,5300.1,0.23343602204191433,32.3,917.9
388,7,xgb,loso,Al Hanakiyah - TVTC,24.85577,40.536,01-03-2018 00:00,6591.4,6857.0751953125,265.67519531250036,265.67519531250036,70583.30940433522,4.030633785121528,26.6,3.2,2257.7,6409.3,0.2604938271604938,20.0,916.2
389,7,xgb,loso,Al Hanakiyah - TVTC,24.85577,40.536,01-04-2018 00:00,7158.4,7172.78369140625,14.383691406250364,14.383691406250364,206.89057847024057,0.20093444633228608,27.2,3.6,2787.1,5943.8,0.3192225314686917,23.2,913.6
390,7,xgb,loso,Al Hanakiyah - TVTC,24.85577,40.536,01-05-2018 00:00,7165.7,7200.49951171875,34.79951171875018,34.79951171875018,1211.0060158634312,0.4856400870640717,32.1,4.0,3523.0,4665.5,0.43023752824082556,17.6,913.2
391,7,xgb,loso,Al Hanakiyah - TVTC,24.85577,40.536,01-06-2018 00:00,7916.7,7828.66259765625,-88.03740234374982,88.03740234374982,7750.584211435286,1.1120467157243525,36.1,3.4,2643.9,6951.7,0.27553253574555003,11.4,911.2
392,7,xgb,loso,Al Hanakiyah - TVTC,24.85577,40.536,01-07-2018 00:00,7658.0,7703.34521484375,45.34521484375,45.34521484375,2056.1885092258453,0.5921286869123793,36.2,3.6,2644.2,6580.3,0.28664968290964277,13.5,910.0
393,7,xgb,loso,Al Hanakiyah - TVTC,24.85577,40.536,01-08-2018 00:00,7446.5,7538.630859375,92.130859375,92.130859375,8488.095249176025,1.2372370828577184,36.8,3.1,2061.2,7241.3,0.22157484547164738,13.9,910.6
394,7,xgb,loso,Al Hanakiyah - TVTC,24.85577,40.536,01-09-2018 00:00,6388.5,6415.986328125,27.486328125,27.486328125,755.498233795166,0.4302469769899038,36.4,3.2,2709.2,4977.0,0.3524758658374749,12.5,913.7
395,7,xgb,loso,Al Hanakiyah - TVTC,24.85577,40.536,01-10-2018 00:00,5490.0,5304.779296875,-185.220703125,185.220703125,34306.708866119385,3.373783299180328,28.4,3.2,1816.7,5732.6,0.24064482799729775,28.3,917.5
396,7,xgb,loso,Al Hanakiyah - TVTC,24.85577,40.536,01-11-2018 00:00,4315.5,4198.89501953125,-116.60498046875,116.60498046875,13596.721470117569,2.70200395015062,20.9,3.3,1603.0,4974.5,0.24370961611554542,53.6,918.0
397,7,xgb,loso,Al Hanakiyah - TVTC,24.85577,40.536,01-12-2018 00:00,4308.0,4391.7568359375,83.7568359375,83.7568359375,7015.2075662612915,1.9442162473885793,19.3,3.3,1387.7,5796.5,0.19315998997800732,47.5,919.3
398,7,xgb,loso,Al Hanakiyah - TVTC,24.85577,40.536,01-01-2019 00:00,4019.8,4105.6083984375,85.80839843749982,85.80839843749982,7363.081242408722,2.1346434757326187,19.2,3.0,2013.6,3669.5,0.3543136668367616,43.8,918.6
399,7,xgb,loso,Al Hanakiyah - TVTC,24.85577,40.536,01-02-2019 00:00,4920.6,4898.63818359375,-21.961816406250364,21.961816406250364,482.3213798618476,0.4463239524905573,18.4,3.7,1950.7,4946.3,0.2828331158474699,38.4,918.0
400,7,xgb,loso,Al Hanakiyah - TVTC,24.85577,40.536,01-03-2019 00:00,6668.2,6772.091796875,103.89179687500018,103.89179687500018,10793.505457916297,1.5580186088449683,20.8,3.6,1915.2,7278.0,0.2083278945307401,24.4,916.3
401,7,xgb,loso,Al Hanakiyah - TVTC,24.85577,40.536,01-04-2019 00:00,7259.4,7099.0625,-160.33749999999964,160.33749999999964,25708.113906249884,2.208688045844004,25.6,3.5,2515.2,6506.2,0.27880373334515707,23.9,915.1
402,7,xgb,loso,Al Hanakiyah - TVTC,24.85577,40.536,01-05-2019 00:00,7359.8,7374.7900390625,14.990039062499818,14.990039062499818,224.7012710952704,0.20367454363569415,32.5,3.2,2839.9,5829.9,0.3275623428452791,18.3,914.1
403,7,xgb,loso,Al Hanakiyah - TVTC,24.85577,40.536,01-06-2019 00:00,7467.2,7449.0712890625,-18.128710937499818,18.128710937499818,328.65016025542553,0.24277789449190884,36.5,3.4,2732.8,6149.4,0.30767152282092275,12.4,912.3
404,7,xgb,loso,Al Hanakiyah - TVTC,24.85577,40.536,01-07-2019 00:00,7958.2,7880.56982421875,-77.63017578124982,77.63017578124982,6026.444191827746,0.9754740491725493,36.8,3.5,2221.4,7618.1,0.2257635042431018,12.2,909.8
405,7,xgb,loso,Al Hanakiyah - TVTC,24.85577,40.536,01-08-2019 00:00,7554.9,7642.52978515625,87.62978515625036,87.62978515625036,7678.979246530596,1.1599066189658416,35.8,3.5,1981.2,7644.3,0.20582826866136825,14.1,911.2
406,7,xgb,loso,Al Hanakiyah - TVTC,24.85577,40.536,01-09-2019 00:00,6635.6,6707.2255859375,71.62558593749964,71.62558593749964,5130.224560890146,1.0794138576390926,35.8,3.0,2210.9,6222.8,0.2621506574812953,13.8,912.8
407,7,xgb,loso,Al Hanakiyah - TVTC,24.85577,40.536,01-10-2019 00:00,5505.8,6086.57080078125,580.7708007812498,580.7708007812498,337294.7230400942,10.548345395423912,30.4,2.9,1988.0,5546.6,0.2638494412443925,23.0,916.3
408,7,xgb,loso,Al Hanakiyah - TVTC,24.85577,40.536,01-11-2019 00:00,4778.9,4615.25537109375,-163.64462890624964,163.64462890624964,26779.564569864153,3.424315823855901,23.6,3.2,1513.0,5907.5,0.20389461626575028,38.1,917.4
409,7,xgb,loso,Al Hanakiyah - TVTC,24.85577,40.536,01-12-2019 00:00,4562.7,4846.1474609375,283.4474609375002,283.4474609375002,80342.4631119157,6.212274770147067,19.0,2.8,1013.4,7183.7,0.12362908833611887,33.6,918.5
410,7,xgb,loso,Al Hanakiyah - TVTC,24.85577,40.536,01-01-2020 00:00,4929.4,5056.25390625,126.85390625000036,126.85390625000036,16091.913530883881,2.5734147411449744,14.8,2.9,1127.9,7413.2,0.13205559002938733,34.3,919.8
411,7,xgb,loso,Al Hanakiyah - TVTC,24.85577,40.536,01-02-2020 00:00,5470.3,5926.85791015625,456.5579101562498,456.5579101562498,208445.12532624227,8.34612197057291,19.0,3.3,1798.4,6283.0,0.22253569926002922,29.9,918.9
412,7,xgb,loso,Al Hanakiyah - TVTC,24.85577,40.536,01-03-2020 00:00,6632.6,6882.94091796875,250.34091796874964,250.34091796874964,62670.57520943623,3.7744009584288154,22.9,3.6,2292.7,6386.9,0.2641481174247661,21.5,915.6
413,7,xgb,loso,Al Hanakiyah - TVTC,24.85577,40.536,01-04-2020 00:00,7323.4,7519.3798828125,195.97988281250036,195.97988281250036,38408.114467201376,2.6760778164855172,27.1,3.7,2781.8,6290.0,0.3066425626667255,22.5,914.3
414,7,xgb,loso,Al Hanakiyah - TVTC,24.85577,40.536,01-05-2020 00:00,7249.3,7205.2568359375,-44.04316406250018,44.04316406250018,1939.8003006363076,0.607550578159273,32.8,3.5,2956.4,5654.4,0.34333627537511036,17.2,914.5
415,7,xgb,loso,Al Hanakiyah - TVTC,24.85577,40.536,01-09-2020 00:00,6812.8,6838.06005859375,25.260058593749818,25.260058593749818,638.0705601596741,0.3707735232760365,34.8,3.0,2065.5,6758.2,0.23408547434749594,11.4,913.5
416,7,xgb,loso,Al Hanakiyah - TVTC,24.85577,40.536,01-10-2020 00:00,6154.4,6397.345703125,242.94570312500036,242.94570312500036,59022.61466690081,3.9475123996652863,28.6,2.8,1300.2,7893.3,0.14142600750530265,13.3,917.9
417,7,xgb,loso,Al Hanakiyah - TVTC,24.85577,40.536,01-11-2020 00:00,4646.2,4490.45166015625,-155.74833984374982,155.74833984374982,24257.545364084188,3.352166067835001,23.7,3.0,1459.6,5791.0,0.20130747800182053,37.9,917.7
418,7,xgb,loso,Al Hanakiyah - TVTC,24.85577,40.536,01-12-2020 00:00,4199.4,4101.62158203125,-97.77841796874964,97.77841796874964,9560.619020471502,2.328390197855638,19.2,3.1,1500.0,5290.1,0.22090985405222308,39.7,919.2
419,7,xgb,loso,Al Hanakiyah - TVTC,24.85577,40.536,01-01-2021 00:00,4720.7,4821.25341796875,100.55341796875018,100.55341796875018,10110.989865198171,2.130053127052136,18.6,3.4,1556.5,5938.4,0.20767455202871288,36.4,919.4
420,7,xgb,loso,Al Hanakiyah - TVTC,24.85577,40.536,01-02-2021 00:00,5417.2,5502.353515625,85.15351562500018,85.15351562500018,7251.12122329715,1.5719101311563204,19.5,3.3,1664.4,6361.5,0.20737861174447728,35.0,918.1
421,7,xgb,loso,Al Hanakiyah - TVTC,24.85577,40.536,01-03-2021 00:00,6589.8,6649.4599609375,59.65996093749982,59.65996093749982,3559.3109390640043,0.9053379607499442,25.6,3.5,2560.5,5854.2,0.3042889229562551,21.5,916.1
422,7,xgb,loso,Al Hanakiyah - TVTC,24.85577,40.536,01-04-2021 00:00,7305.7,7473.623046875,167.92304687500018,167.92304687500018,28198.149671783507,2.2985209750605717,28.2,3.7,2827.2,5988.0,0.32071875850803155,19.7,916.1
423,7,xgb,loso,Al Hanakiyah - TVTC,24.85577,40.536,01-05-2021 00:00,7658.8,7696.76318359375,37.96318359374982,37.96318359374982,1441.2033085727553,0.49568057128727505,34.0,3.3,2655.1,6538.0,0.2888144369146425,12.3,913.3
424,7,xgb,loso,Al Hanakiyah - TVTC,24.85577,40.536,01-07-2021 00:00,7663.1,7592.373046875,-70.72695312500036,70.72695312500036,5002.301898345999,0.9229548501911806,38.1,3.8,2575.0,6684.3,0.278098776365384,12.3,908.7
425,7,xgb,loso,Al Hanakiyah - TVTC,24.85577,40.536,01-08-2021 00:00,7545.6,7613.8984375,68.29843749999964,68.29843749999964,4664.676564941356,0.9051425665288332,37.2,3.3,2170.8,7263.2,0.23010387958448167,12.2,910.8
426,7,xgb,loso,Al Hanakiyah - TVTC,24.85577,40.536,01-09-2021 00:00,6608.6,6902.61376953125,294.01376953124964,294.01376953124964,86444.09667397478,4.448956958073565,35.4,3.0,2459.0,5760.0,0.2991848156710062,13.1,912.6
427,7,xgb,loso,Al Hanakiyah - TVTC,24.85577,40.536,01-10-2021 00:00,5924.8,5933.87841796875,9.078417968749818,9.078417968749818,82.41767281531958,0.1532274164317752,31.0,2.5,1741.4,6635.7,0.20787623401893257,14.8,916.6
428,7,xgb,loso,Al Hanakiyah - TVTC,24.85577,40.536,01-11-2021 00:00,4899.6,5089.037109375,189.43710937499964,189.43710937499964,35886.418408355574,3.866379079414638,23.9,3.0,1283.7,6657.4,0.16165266776643036,26.8,918.3
429,7,xgb,loso,Al Hanakiyah - TVTC,24.85577,40.536,01-12-2021 00:00,4052.8,4097.58837890625,44.78837890624982,44.78837890624982,2005.9988850498037,1.1051218640507752,19.1,3.0,1536.5,4967.0,0.23625739986161298,36.8,919.2
843,8,xgb,loso,Al Jouf - TVTC,29.77634,40.02318,01-01-2017 00:00,3830.0,3811.350341796875,-18.649658203125,18.649658203125,347.8097510933876,0.4869362455124021,9.7,3.8,1505.1,4813.8,0.2381901913307696,42.5,940.8
844,8,xgb,loso,Al Jouf - TVTC,29.77634,40.02318,01-02-2017 00:00,4767.7,4834.4111328125,66.71113281250018,66.71113281250018,4450.375241127039,1.3992309250267463,9.9,4.1,1533.8,5815.4,0.20870298808033527,26.7,941.3
845,8,xgb,loso,Al Jouf - TVTC,29.77634,40.02318,01-03-2017 00:00,5740.9,5561.439453125,-179.46054687499964,179.46054687499964,32206.087884673943,3.1260002242679654,16.9,4.7,2227.6,5560.5,0.28602611676788947,35.9,935.8
846,8,xgb,loso,Al Jouf - TVTC,29.77634,40.02318,01-04-2017 00:00,5726.0,5951.3251953125,225.3251953125,225.3251953125,50771.44364261627,3.9351239139451626,22.3,4.6,2852.7,4059.5,0.4127050721911982,24.8,937.1
847,8,xgb,loso,Al Jouf - TVTC,29.77634,40.02318,01-09-2017 00:00,6433.7,6576.5537109375,142.85371093750018,142.85371093750018,20407.18272861486,2.220397453059673,32.5,3.6,2436.7,5772.3,0.2968327445486661,14.8,934.1
848,8,xgb,loso,Al Jouf - TVTC,29.77634,40.02318,01-10-2017 00:00,5433.4,5493.5703125,60.170312500000364,60.170312500000364,3620.4665063477,1.1074154764972277,24.8,3.4,1587.2,6530.3,0.19552817985833076,22.4,936.8
849,8,xgb,loso,Al Jouf - TVTC,29.77634,40.02318,01-11-2017 00:00,3972.7,4048.17626953125,75.47626953125018,75.47626953125018,5696.667262353924,1.8998733740592089,17.6,3.6,1851.0,4120.6,0.30996717797575185,42.6,939.2
850,8,xgb,loso,Al Jouf - TVTC,29.77634,40.02318,01-03-2018 00:00,6314.3,6498.80810546875,184.50810546874982,184.50810546874982,34043.2409836673,2.922067457497265,21.3,4.0,2252.1,6351.2,0.2617716457638348,22.7,936.9
851,8,xgb,loso,Al Jouf - TVTC,29.77634,40.02318,01-04-2018 00:00,7142.7,6913.1123046875,-229.58769531249982,229.58769531249982,52710.50983890525,3.214298448940874,22.4,4.5,2528.4,6491.3,0.28031974455913167,27.4,934.4
852,8,xgb,loso,Al Jouf - TVTC,29.77634,40.02318,01-05-2018 00:00,7350.8,7147.12890625,-203.67109375000018,203.67109375000018,41481.91442932136,2.7707337126571283,27.7,4.7,2944.4,5943.9,0.3312669464352014,21.4,933.7
853,8,xgb,loso,Al Jouf - TVTC,29.77634,40.02318,01-06-2018 00:00,8361.9,8134.57568359375,-227.32431640624964,227.32431640624964,51676.3448295687,2.7185725302413286,32.0,4.8,2348.1,8113.2,0.22445585156720485,15.9,931.5
854,8,xgb,loso,Al Jouf - TVTC,29.77634,40.02318,01-07-2018 00:00,8295.6,8301.615234375,6.015234374999636,6.015234374999636,36.18304458617727,0.07251114295529722,32.9,5.1,1991.9,8626.0,0.18759830098230348,16.8,929.6
855,8,xgb,loso,Al Jouf - TVTC,29.77634,40.02318,01-08-2018 00:00,7827.0,8127.5283203125,300.5283203125,300.5283203125,90317.2713098526,3.8396361353328223,32.3,5.0,1515.3,8978.7,0.14439679817038306,19.8,930.8
856,8,xgb,loso,Al Jouf - TVTC,29.77634,40.02318,01-10-2018 00:00,5122.5,5038.029296875,-84.470703125,84.470703125,7135.299686431885,1.6490132381649585,25.7,3.4,2091.4,5041.5,0.29320472738998166,26.5,937.7
857,8,xgb,loso,Al Jouf - TVTC,29.77634,40.02318,01-11-2018 00:00,3147.4,3461.67919921875,314.2791992187499,314.2791992187499,98771.4150615787,9.98535931939855,15.3,2.7,1697.3,2934.3,0.3664608342689351,73.8,939.3
858,8,xgb,loso,Al Jouf - TVTC,29.77634,40.02318,01-12-2018 00:00,3644.8,3949.031982421875,304.2319824218748,304.2319824218748,92557.09912834395,8.34701444309358,12.8,3.3,1163.8,5454.8,0.17583779046928352,59.7,940.7
859,8,xgb,loso,Al Jouf - TVTC,29.77634,40.02318,01-01-2019 00:00,3527.3,3644.5595703125,117.25957031249982,117.25957031249982,13749.806829872088,3.3243435577495486,10.7,4.0,1616.7,3915.4,0.29223983659008335,50.6,939.3
860,8,xgb,loso,Al Jouf - TVTC,29.77634,40.02318,01-02-2019 00:00,4881.0,4836.3662109375,-44.6337890625,44.6337890625,1992.1751260757446,0.9144394399200984,12.2,3.8,1560.2,6004.0,0.20626107189127735,51.2,939.5
861,8,xgb,loso,Al Jouf - TVTC,29.77634,40.02318,01-05-2019 00:00,7611.7,7634.5126953125,22.812695312500182,22.812695312500182,520.4190674209677,0.2997056546172364,29.8,3.8,2428.0,6984.7,0.2579493662817257,12.7,934.4
862,8,xgb,loso,Al Jouf - TVTC,29.77634,40.02318,01-06-2019 00:00,7742.5,7731.54736328125,-10.95263671875,10.95263671875,119.96025109291077,0.14146124273490474,33.2,4.3,2163.5,7565.8,0.22236954354372876,14.6,932.0
863,8,xgb,loso,Al Jouf - TVTC,29.77634,40.02318,01-07-2019 00:00,8373.8,8247.7744140625,-126.02558593749927,126.02558593749927,15882.448310890015,1.5049987572846173,33.2,4.4,1571.1,9475.9,0.14221960713315832,14.7,929.6
864,8,xgb,loso,Al Jouf - TVTC,29.77634,40.02318,01-08-2019 00:00,7668.3,7916.3681640625,248.06816406249982,248.06816406249982,61537.81402133933,3.2349825132363077,33.0,4.8,1856.6,8185.3,0.1848853304653502,16.7,930.6
865,8,xgb,loso,Al Jouf - TVTC,29.77634,40.02318,01-09-2019 00:00,6670.0,6756.3701171875,86.3701171875,86.3701171875,7459.797142982483,1.29490430565967,32.0,3.5,1744.2,7326.7,0.19228521976871094,17.4,933.1
866,8,xgb,loso,Al Jouf - TVTC,29.77634,40.02318,01-10-2019 00:00,4920.7,4876.30419921875,-44.39580078124982,44.39580078124982,1970.987127008422,0.9022253090261511,26.8,3.1,1912.3,4951.6,0.27860254374335286,30.7,936.8
867,8,xgb,loso,Al Jouf - TVTC,29.77634,40.02318,01-11-2019 00:00,4056.3,4035.00927734375,-21.290722656250182,21.290722656250182,453.29487122536483,0.5248803751263511,17.3,3.2,1383.8,5332.8,0.2060268588273829,43.6,939.5
868,8,xgb,loso,Al Jouf - TVTC,29.77634,40.02318,01-12-2019 00:00,3804.5,3971.023681640625,166.523681640625,166.523681640625,27730.136547148228,4.377018836657248,12.5,2.6,903.1,6460.4,0.12264548108915597,47.4,939.6
869,8,xgb,loso,Al Jouf - TVTC,29.77634,40.02318,01-01-2020 00:00,3948.7,4136.70947265625,188.00947265625018,188.00947265625018,35347.56180848128,4.761300495257938,9.2,3.7,1333.4,5488.9,0.1954472831742961,48.9,940.4
870,8,xgb,loso,Al Jouf - TVTC,29.77634,40.02318,01-02-2020 00:00,5013.3,5294.1826171875,280.8826171874998,280.8826171874998,78895.04463809957,5.602749031326667,12.0,4.2,1454.2,6556.0,0.1815435319967042,45.4,939.6
871,8,xgb,loso,Al Jouf - TVTC,29.77634,40.02318,01-03-2020 00:00,6023.0,6310.27099609375,287.27099609375,287.27099609375,82524.62519669533,4.769566596276772,17.3,4.8,2141.1,6048.1,0.26145411029160354,33.1,935.6
872,8,xgb,loso,Al Jouf - TVTC,29.77634,40.02318,01-04-2020 00:00,7187.5,7063.181640625,-124.318359375,124.318359375,15455.05447769165,1.7296467391304349,21.9,4.1,2330.6,6828.2,0.25446565052190245,27.7,935.0
873,8,xgb,loso,Al Jouf - TVTC,29.77634,40.02318,01-05-2020 00:00,7638.5,7740.255859375,101.755859375,101.755859375,10354.254917144775,1.3321445228120705,28.1,4.2,2581.5,6901.0,0.27223833377273926,15.9,935.0
874,8,xgb,loso,Al Jouf - TVTC,29.77634,40.02318,01-09-2020 00:00,6580.0,6918.25390625,338.25390625,338.25390625,114415.70509338379,5.140636873100304,33.7,2.8,2126.1,6568.7,0.24452546349542256,11.5,933.6
875,8,xgb,loso,Al Jouf - TVTC,29.77634,40.02318,01-10-2020 00:00,5708.7,5766.60986328125,57.90986328125018,57.90986328125018,3353.552265253088,1.0144141972997387,26.1,2.5,1173.8,7846.8,0.1301243819701572,14.1,938.5
876,8,xgb,loso,Al Jouf - TVTC,29.77634,40.02318,01-11-2020 00:00,4067.3,4062.571533203125,-4.728466796875182,4.728466796875182,22.358398249151044,0.11625566830268683,17.6,3.0,1380.2,5315.3,0.20613845119856622,51.3,938.9
877,8,xgb,loso,Al Jouf - TVTC,29.77634,40.02318,01-12-2020 00:00,3380.6,3391.564453125,10.964453125000091,10.964453125000091,120.21923233032426,0.3243345301130004,12.6,3.3,1274.2,4545.1,0.21896104342446687,58.8,941.1
878,8,xgb,loso,Al Jouf - TVTC,29.77634,40.02318,01-01-2021 00:00,3944.0,4210.96923828125,266.96923828125,266.96923828125,71272.57418847084,6.768996913824797,11.5,3.3,1446.4,5145.6,0.21941747572815534,45.9,941.2
879,8,xgb,loso,Al Jouf - TVTC,29.77634,40.02318,01-03-2021 00:00,6384.4,6336.22265625,-48.177343749999636,48.177343749999636,2321.056450805629,0.7546103588434252,18.1,3.9,2155.5,6569.8,0.24704021638224477,27.5,937.1
880,8,xgb,loso,Al Jouf - TVTC,29.77634,40.02318,01-04-2021 00:00,7284.1,7415.37841796875,131.27841796874964,131.27841796874964,17234.023024377726,1.8022599630530833,23.9,3.5,2225.7,7076.1,0.23927626910920466,17.2,937.3
881,8,xgb,loso,Al Jouf - TVTC,29.77634,40.02318,01-05-2021 00:00,8070.1,8028.51123046875,-41.588769531250364,41.588769531250364,1729.6257511234587,0.5153439180586407,30.0,3.7,2289.2,7930.5,0.22399874751705037,12.3,933.4
882,8,xgb,loso,Al Jouf - TVTC,29.77634,40.02318,01-09-2021 00:00,6706.2,6556.80810546875,-149.39189453124982,149.39189453124982,22317.93815163607,2.2276683446847665,30.3,3.2,1641.3,7626.5,0.1770970456850601,18.9,933.6
1459,9,xgb,loso,Al Jubail - SWCC,26.9042,49.76274,01-01-2017 00:00,3548.4,3557.328369140625,8.928369140624909,8.928369140624909,79.71577551126317,0.2516167608112081,16.8,2.8,1516.8,3907.2,0.279646017699115,72.4,1018.6
1460,9,xgb,loso,Al Jubail - SWCC,26.9042,49.76274,01-02-2017 00:00,3721.4,3500.876953125,-220.5230468750001,220.5230468750001,48630.414203033484,5.925808751410762,15.2,0.5,1664.5,3479.3,0.32359345231152065,71.1,1019.5
1461,9,xgb,loso,Al Jubail - SWCC,26.9042,49.76274,01-03-2017 00:00,3973.8,4283.50439453125,309.7043945312498,309.7043945312498,95916.81199196805,7.793658325312039,20.7,0.0,2113.4,2693.2,0.43968709690841756,75.3,1013.7
1462,9,xgb,loso,Al Jubail - SWCC,26.9042,49.76274,01-04-2017 00:00,5835.2,6139.212890625,304.0128906250002,304.0128906250002,92423.83766616833,5.2099823592164825,26.4,0.0,2691.2,4230.3,0.3888174528642635,61.6,1010.9
1463,9,xgb,loso,Al Jubail - SWCC,26.9042,49.76274,01-05-2017 00:00,6296.3,6298.87158203125,2.571582031249818,2.571582031249818,6.61303414344694,0.0408427494123504,31.9,0.0,2872.1,4323.0,0.3991744381593028,49.5,1006.2
1464,9,xgb,loso,Al Jubail - SWCC,26.9042,49.76274,01-06-2017 00:00,6948.8,6683.52978515625,-265.2702148437502,265.2702148437502,70368.28688324938,3.817496759782267,34.2,0.0,1737.5,6898.8,0.2011856929472112,45.9,1000.6
1465,9,xgb,loso,Al Jubail - SWCC,26.9042,49.76274,01-09-2017 00:00,5878.6,5902.76318359375,24.163183593749636,24.163183593749636,583.8594413852516,0.4110363622928866,33.3,0.0,2004.8,5499.9,0.26713925939744426,69.1,1004.9
1466,9,xgb,loso,Al Jubail - SWCC,26.9042,49.76274,01-10-2017 00:00,5021.3,5178.89306640625,157.59306640624982,157.59306640624982,24835.574579324664,3.138491354952897,29.9,0.0,1688.5,5317.2,0.24101802817705584,68.8,1010.9
1467,9,xgb,loso,Al Jubail - SWCC,26.9042,49.76274,01-11-2017 00:00,3901.2,3845.378662109375,-55.82133789062482,55.82133789062482,3116.021763899306,1.430876086604758,24.6,0.0,1591.9,4243.0,0.27282387016058546,63.6,1016.1
1468,9,xgb,loso,Al Jubail - SWCC,26.9042,49.76274,01-03-2018 00:00,5957.0,5585.1572265625,-371.8427734375,371.8427734375,138267.04815769196,6.242114712732919,23.4,0.0,2331.4,5397.0,0.301666580404741,56.2,1013.4
1469,9,xgb,loso,Al Jubail - SWCC,26.9042,49.76274,01-04-2018 00:00,5482.4,5813.6171875,331.21718750000036,331.21718750000036,109704.8252954104,6.04146336458486,25.8,0.0,3245.7,2919.8,0.526429324466791,57.3,1010.2
1470,9,xgb,loso,Al Jubail - SWCC,26.9042,49.76274,01-05-2018 00:00,6604.4,6287.49853515625,-316.90146484374964,316.90146484374964,100426.53842011429,4.798338453814876,30.3,0.0,3285.3,4260.7,0.43536973230850784,48.8,1007.2
1471,9,xgb,loso,Al Jubail - SWCC,26.9042,49.76274,01-06-2018 00:00,7665.1,7460.1279296875,-204.97207031250036,204.97207031250036,42013.549608192596,2.674095188745096,35.1,0.0,2752.1,6272.2,0.3049654820872533,43.6,1000.0
1472,9,xgb,loso,Al Jubail - SWCC,26.9042,49.76274,01-07-2018 00:00,7378.5,7390.693359375,12.193359375,12.193359375,148.6780128479004,0.16525526021549095,35.4,0.0,2726.8,5954.3,0.314107659167617,45.6,996.6
1473,9,xgb,loso,Al Jubail - SWCC,26.9042,49.76274,01-08-2018 00:00,7059.7,6467.39013671875,-592.3098632812498,592.3098632812498,350830.97414025286,8.390014636333694,34.8,0.0,2176.3,6521.7,0.25020694412508626,48.0,998.5
1474,9,xgb,loso,Al Jubail - SWCC,26.9042,49.76274,01-09-2018 00:00,6083.9,6166.708984375,82.80898437500036,82.80898437500036,6857.327893219054,1.3611167898058871,33.1,0.0,2228.5,5429.9,0.2909876736655176,63.5,1005.0
1475,9,xgb,loso,Al Jubail - SWCC,26.9042,49.76274,01-10-2018 00:00,4732.9,4918.4609375,185.56093750000036,185.56093750000036,34432.86152587904,3.920660430180236,29.4,0.0,2129.6,4037.2,0.3453330738794837,62.0,1012.9
1476,9,xgb,loso,Al Jubail - SWCC,26.9042,49.76274,01-11-2018 00:00,3456.3,3632.335693359375,176.03569335937482,176.03569335937482,30988.56533651584,5.09318326995269,23.7,0.0,1734.3,3167.3,0.3538232413905663,66.8,1016.9
1477,9,xgb,loso,Al Jubail - SWCC,26.9042,49.76274,01-12-2018 00:00,3545.2,3706.203125,161.00312500000018,161.00312500000018,25922.006259765683,4.5414398341419435,19.9,0.0,1657.1,3825.6,0.3022415962937968,64.4,1019.3
1478,9,xgb,loso,Al Jubail - SWCC,26.9042,49.76274,01-01-2019 00:00,3651.6,3906.145751953125,254.5457519531251,254.5457519531251,64793.53983738188,6.970800524513229,18.3,0.0,1940.7,3187.0,0.3784737796672972,59.2,1018.9
1479,9,xgb,loso,Al Jubail - SWCC,26.9042,49.76274,01-02-2019 00:00,4125.3,3879.6689453125,-245.63105468750018,245.63105468750018,60334.615026893705,5.9542591978159205,17.8,0.0,1600.8,4369.5,0.26812722978744785,62.0,1017.9
1480,9,xgb,loso,Al Jubail - SWCC,26.9042,49.76274,01-03-2019 00:00,5465.2,5182.6259765625,-282.5740234374998,282.5740234374998,79848.0787216567,5.170424201081385,19.8,0.0,2306.3,4794.0,0.3248172612424827,57.8,1014.4
1481,9,xgb,loso,Al Jubail - SWCC,26.9042,49.76274,01-04-2019 00:00,5869.6,6085.03271484375,215.43271484374964,215.43271484374964,46411.25462494834,3.6703133917771162,24.6,0.0,2808.2,4115.9,0.40556895481001143,54.2,1011.1
1482,9,xgb,loso,Al Jubail - SWCC,26.9042,49.76274,01-05-2019 00:00,6475.5,6335.00439453125,-140.49560546875,140.49560546875,19739.015156030655,2.1696487602308703,30.8,0.0,2917.2,4605.5,0.38778630013160165,43.9,1007.0
1483,9,xgb,loso,Al Jubail - SWCC,26.9042,49.76274,01-06-2019 00:00,7163.6,6900.70849609375,-262.89150390625036,262.89150390625036,69111.94282609005,3.669823886122206,35.4,0.0,2053.7,6714.8,0.23421337743057533,41.9,1000.8
1484,9,xgb,loso,Al Jubail - SWCC,26.9042,49.76274,01-07-2019 00:00,6808.1,6381.99560546875,-426.10439453125036,426.10439453125036,181564.95503884347,6.258785777694957,35.6,0.0,2048.9,6179.0,0.24901858311355268,43.0,996.9
1485,9,xgb,loso,Al Jubail - SWCC,26.9042,49.76274,01-08-2019 00:00,6987.8,7113.42822265625,125.62822265624982,125.62822265624982,15782.45032776828,1.7978222424260826,35.0,0.0,2260.6,6317.2,0.26354076802909837,46.0,998.6
1486,9,xgb,loso,Al Jubail - SWCC,26.9042,49.76274,01-09-2019 00:00,6346.6,6170.0751953125,-176.52480468750036,176.52480468750036,31161.006669960152,2.7814074415829007,33.4,0.0,1719.8,6676.0,0.20484051549584317,52.1,1003.8
1487,9,xgb,loso,Al Jubail - SWCC,26.9042,49.76274,01-10-2019 00:00,4976.4,5120.35888671875,143.95888671875036,143.95888671875036,20724.161065302,2.89283190094748,31.1,0.0,1954.9,4757.8,0.29122409760603035,56.1,1010.2
1488,9,xgb,loso,Al Jubail - SWCC,26.9042,49.76274,01-11-2019 00:00,3931.9,3763.024658203125,-168.8753417968751,168.8753417968751,28518.881067011385,4.295006022454159,23.9,0.0,1529.9,4384.7,0.25866499847834173,53.6,1015.9
1489,9,xgb,loso,Al Jubail - SWCC,26.9042,49.76274,01-12-2019 00:00,3531.3,3506.251220703125,-25.048779296875182,25.048779296875182,627.4413442635628,0.7093359186949617,19.6,0.0,1264.3,4553.2,0.21732703051138805,58.7,1018.0
1490,9,xgb,loso,Al Jubail - SWCC,26.9042,49.76274,01-01-2020 00:00,3772.3,3733.88037109375,-38.41962890625018,38.41962890625018,1476.0678852939745,1.0184669540134714,16.6,2.7,1288.1,4840.3,0.21018536649043795,56.6,1018.5
1491,9,xgb,loso,Al Jubail - SWCC,26.9042,49.76274,01-02-2020 00:00,4780.3,4379.19482421875,-401.1051757812502,401.1051757812502,160885.36203850762,8.39079505012761,18.2,4.1,1833.4,5000.4,0.26828411718224127,54.0,1018.0
1492,9,xgb,loso,Al Jubail - SWCC,26.9042,49.76274,01-03-2020 00:00,5488.2,5232.2578125,-255.94218749999982,255.94218749999982,65506.40334228506,4.663499644692245,21.1,4.3,2332.8,4713.9,0.3310485759291584,54.9,1012.8
1493,9,xgb,loso,Al Jubail - SWCC,26.9042,49.76274,01-04-2020 00:00,5407.2,5407.83154296875,0.6315429687501819,0.6315429687501819,0.39884652137779325,0.011679667272343947,26.1,4.2,2869.8,3396.5,0.457973604838581,51.8,1009.7
1494,9,xgb,loso,Al Jubail - SWCC,26.9042,49.76274,01-05-2020 00:00,6894.7,6948.7685546875,54.06855468750018,54.06855468750018,2923.408605995198,0.784204601904364,30.0,3.6,2616.7,5634.3,0.3171373166888862,47.2,1007.0
1495,9,xgb,loso,Al Jubail - SWCC,26.9042,49.76274,01-11-2020 00:00,3905.2,3817.2900390625,-87.90996093749982,87.90996093749982,7728.161232032744,2.2511000957057212,24.6,3.5,1498.6,4455.7,0.2516836571889223,58.9,1015.6
1496,9,xgb,loso,Al Jubail - SWCC,26.9042,49.76274,01-12-2020 00:00,3358.2,3615.2685546875,257.0685546875002,257.0685546875002,66084.24180912027,7.654950708340784,19.0,3.6,1436.2,3841.2,0.27214158487133816,61.7,1019.2
1497,9,xgb,loso,Al Jubail - SWCC,26.9042,49.76274,01-01-2021 00:00,3883.0,3749.165771484375,-133.834228515625,133.834228515625,17911.600722372532,3.4466708348087822,17.4,3.4,1497.3,4548.5,0.2476595322372556,59.1,1019.3
1498,9,xgb,loso,Al Jubail - SWCC,26.9042,49.76274,01-02-2021 00:00,4494.8,4324.01611328125,-170.78388671875018,170.78388671875018,29167.135962762895,3.799588117797236,18.4,3.8,1576.0,5087.3,0.23651944231837077,60.0,1017.3
1499,9,xgb,loso,Al Jubail - SWCC,26.9042,49.76274,01-03-2021 00:00,5505.5,5725.10498046875,219.60498046875,219.60498046875,48226.34744668007,3.9888289977068383,21.9,4.5,2614.9,4175.9,0.385065088060317,52.5,1013.0
1500,9,xgb,loso,Al Jubail - SWCC,26.9042,49.76274,01-04-2021 00:00,6685.9,6790.46044921875,104.56044921875036,104.56044921875036,10932.887540826874,1.5638949014904555,26.5,4.1,2655.6,5380.8,0.3304464685680155,47.7,1010.4
1501,9,xgb,loso,Al Jubail - SWCC,26.9042,49.76274,01-05-2021 00:00,7350.3,7521.6025390625,171.30253906249982,171.30253906249982,29344.559889259275,2.330551665408212,32.1,3.3,2539.0,6355.7,0.28545088648296174,42.6,1004.8
1502,9,xgb,loso,Al Jubail - SWCC,26.9042,49.76274,01-07-2021 00:00,7340.4,7207.6416015625,-132.75839843749964,132.75839843749964,17624.792355689904,1.8085989651449463,35.9,3.5,2197.9,6751.2,0.24560011621280353,50.2,997.0
1503,9,xgb,loso,Al Jubail - SWCC,26.9042,49.76274,01-08-2021 00:00,6824.9,6397.666015625,-427.23398437499964,427.23398437499964,182528.87740493743,6.259930319491856,35.5,0.2,2101.2,6325.2,0.24935915693534605,55.2,1000.1
1504,9,xgb,loso,Al Jubail - SWCC,26.9042,49.76274,01-09-2021 00:00,6263.2,6508.240234375,245.04023437500018,245.04023437500018,60044.71646255502,3.912380801746714,32.8,0.0,1628.3,6721.8,0.19500365265086644,55.3,1003.5
1505,9,xgb,loso,Al Jubail - SWCC,26.9042,49.76274,01-10-2021 00:00,5176.8,5413.5390625,236.73906249999982,236.73906249999982,56045.38371337882,4.573077238834798,29.5,0.0,1558.9,5815.0,0.21140780319776512,58.5,1010.8
1506,9,xgb,loso,Al Jubail - SWCC,26.9042,49.76274,01-11-2021 00:00,4147.8,4283.08349609375,135.28349609374982,135.28349609374982,18301.62431534762,3.2615723056499784,24.0,0.0,1445.8,5032.5,0.22317583316610837,59.0,1014.7
1507,9,xgb,loso,Al Jubail - SWCC,26.9042,49.76274,01-12-2021 00:00,3370.2,3474.6171875,104.41718750000018,104.41718750000018,10902.949045410194,3.0982489911578,19.1,0.0,1417.7,3890.0,0.2671025114456356,61.1,1018.4
513,10,xgb,loso,Al Khafji - SWCC,28.50676,48.455128,01-02-2017 00:00,3949.1,4621.2890625,672.1890625000001,672.1890625000001,451838.135744629,17.021322896356132,12.5,3.5,1788.9,3785.9,0.3208904355313195,47.2,1019.5
514,10,xgb,loso,Al Khafji - SWCC,28.50676,48.455128,01-11-2017 00:00,3938.1,3974.30908203125,36.20908203125009,36.20908203125009,1311.0976215457981,0.9194556266029327,21.5,3.3,1571.4,4407.1,0.26284184996236515,48.1,1016.4
515,10,xgb,loso,Al Khafji - SWCC,28.50676,48.455128,01-03-2018 00:00,5826.0,4836.6669921875,-989.3330078125,989.3330078125,978779.8003473282,16.981342392936835,21.5,3.4,2206.8,5403.5,0.2899754280383165,44.9,1013.0
516,10,xgb,loso,Al Khafji - SWCC,28.50676,48.455128,01-04-2018 00:00,5838.9,5721.14208984375,-117.75791015624964,117.75791015624964,13866.92540436736,2.0167824445743143,24.3,3.7,3234.6,3462.7,0.4829707494064773,51.3,1009.9
517,10,xgb,loso,Al Khafji - SWCC,28.50676,48.455128,01-05-2018 00:00,6759.9,7037.0439453125,277.14394531250036,277.14394531250036,76808.7664233782,4.099823152894279,29.9,3.0,3162.2,4749.9,0.3996663338431011,38.4,1006.9
518,10,xgb,loso,Al Khafji - SWCC,28.50676,48.455128,01-06-2018 00:00,7569.0,6884.9990234375,-684.0009765625,684.0009765625,467857.3359384537,9.036873782038578,34.8,3.8,3187.7,5639.7,0.36111425787887713,29.1,1000.0
519,10,xgb,loso,Al Khafji - SWCC,28.50676,48.455128,01-07-2018 00:00,7416.9,7534.732421875,117.83242187500036,117.83242187500036,13884.479644928064,1.588701773989138,36.4,4.0,2899.6,5875.5,0.3304349807979396,21.6,996.6
520,10,xgb,loso,Al Khafji - SWCC,28.50676,48.455128,01-03-2020 00:00,5678.3,5517.23876953125,-161.06123046875018,161.06123046875018,25940.71996010786,2.8364339761680464,19.3,3.6,2138.4,5343.2,0.2858212147134303,56.6,1012.8
521,10,xgb,loso,Al Khafji - SWCC,28.50676,48.455128,01-04-2020 00:00,6194.9,5842.40234375,-352.49765624999964,352.49765624999964,124254.59766174291,5.690126656604621,24.3,3.5,3297.2,3990.5,0.45243355242394717,51.8,1009.8
522,10,xgb,loso,Al Khafji - SWCC,28.50676,48.455128,01-09-2020 00:00,6394.5,6406.93896484375,12.43896484375,12.43896484375,154.72784638404846,0.1945259964618031,33.0,2.7,1898.9,6518.8,0.22558418570393338,40.8,1004.1
523,10,xgb,loso,Al Khafji - SWCC,28.50676,48.455128,01-10-2020 00:00,5466.9,4979.28466796875,-487.61533203124964,487.61533203124964,237768.71203194582,8.919411952500496,26.6,2.5,1368.7,6781.2,0.16794071092896848,42.6,1011.6
524,10,xgb,loso,Al Khafji - SWCC,28.50676,48.455128,01-11-2020 00:00,3736.1,3851.58251953125,115.48251953125009,115.48251953125009,13336.212317285559,3.0909911279475946,22.4,3.6,1507.8,4169.5,0.2655839923907491,56.9,1015.9
525,10,xgb,loso,Al Khafji - SWCC,28.50676,48.455128,01-12-2020 00:00,3067.4,3278.78759765625,211.3875976562499,211.3875976562499,44684.71644288059,6.891425886948227,15.5,3.1,1282.8,3681.1,0.25842583452527246,64.4,1019.5
526,10,xgb,loso,Al Khafji - SWCC,28.50676,48.455128,01-01-2021 00:00,3791.6,3722.766845703125,-68.83315429687491,68.83315429687491,4738.003130457389,1.8154118128725316,13.9,2.9,1545.4,4379.7,0.26082260215017466,53.9,1019.7
527,10,xgb,loso,Al Khafji - SWCC,28.50676,48.455128,01-02-2021 00:00,4392.6,4480.53125,87.93124999999964,87.93124999999964,7731.904726562436,2.0018041706506313,16.0,0.0,1477.9,5060.7,0.22602697825222526,57.1,1017.6
528,10,xgb,loso,Al Khafji - SWCC,28.50676,48.455128,01-03-2021 00:00,5763.4,5767.47802734375,4.078027343750364,4.078027343750364,16.63030701637565,0.07075731935576854,20.1,0.0,2573.5,4760.7,0.3508903493223528,42.5,1013.2
529,10,xgb,loso,Al Khafji - SWCC,28.50676,48.455128,01-04-2021 00:00,6385.6,6370.673828125,-14.926171875000364,14.926171875000364,222.7906068420519,0.2337473671229072,25.6,0.0,2797.2,4953.7,0.360887122785741,34.3,1010.5
530,10,xgb,loso,Al Khafji - SWCC,28.50676,48.455128,01-05-2021 00:00,7342.1,7241.14306640625,-100.95693359375036,100.95693359375036,10192.30244065292,1.3750416582959966,32.1,0.0,2642.0,6220.9,0.29809655981676425,26.7,1004.7
531,10,xgb,loso,Al Khafji - SWCC,28.50676,48.455128,01-07-2021 00:00,7678.7,7590.234375,-88.46562499999982,88.46562499999982,7826.166806640593,1.152091174287312,36.7,0.0,2200.3,7293.0,0.23177398797046342,30.0,996.9
532,10,xgb,loso,Al Khafji - SWCC,28.50676,48.455128,01-08-2021 00:00,7239.3,7135.609375,-103.69062500000018,103.69062500000018,10751.745712890663,1.432329437929084,35.8,0.0,2172.8,6851.9,0.24076146575509436,33.5,999.9
533,10,xgb,loso,Al Khafji - SWCC,28.50676,48.455128,01-09-2021 00:00,6523.0,6400.18603515625,-122.81396484375,122.81396484375,15083.269960641861,1.8827834561359804,32.2,0.0,1749.5,6997.5,0.2000114324911398,31.5,1003.5
534,10,xgb,loso,Al Khafji - SWCC,28.50676,48.455128,01-10-2021 00:00,5078.8,4999.2080078125,-79.59199218750018,79.59199218750018,6334.88522037509,1.5671416907045006,27.6,0.0,1732.2,5432.1,0.2417821699258825,38.1,1011.0
1068,11,xgb,loso,Al Qunfudhah - TVTC,19.15197,41.08111,01-01-2017 00:00,4603.3,4402.94677734375,-200.35322265625018,200.35322265625018,40141.41382874496,4.352382479009628,26.5,2.3,1731.3,4826.3,0.26401427351470047,76.5,1012.8
1069,11,xgb,loso,Al Qunfudhah - TVTC,19.15197,41.08111,01-02-2017 00:00,4068.8,4364.69189453125,295.8918945312498,295.8918945312498,87552.01324929227,7.272215260795561,26.4,2.5,2493.3,2316.6,0.5183683652466788,71.1,1012.0
1070,11,xgb,loso,Al Qunfudhah - TVTC,19.15197,41.08111,01-03-2017 00:00,5175.3,5427.2509765625,251.95097656249982,251.95097656249982,63479.29459079733,4.868335682230978,28.0,2.6,2617.2,3455.6,0.4309708865762087,72.8,1008.9
1071,11,xgb,loso,Al Qunfudhah - TVTC,19.15197,41.08111,01-04-2017 00:00,6063.9,6253.01904296875,189.11904296875036,189.11904296875036,35766.01241341604,3.118769157947037,30.6,2.6,2708.7,4292.5,0.3868908187167914,65.0,1007.7
1072,11,xgb,loso,Al Qunfudhah - TVTC,19.15197,41.08111,01-05-2017 00:00,5961.5,6203.125,241.625,241.625,58382.640625,4.053090665101065,32.1,2.9,2791.6,3960.8,0.41342337539245305,71.3,1006.0
1073,11,xgb,loso,Al Qunfudhah - TVTC,19.15197,41.08111,01-06-2017 00:00,5946.6,5752.7685546875,-193.83144531250036,193.83144531250036,37570.62919193282,3.25953394061313,32.6,2.9,2959.5,3624.0,0.44953292321713373,74.7,1002.2
1074,11,xgb,loso,Al Qunfudhah - TVTC,19.15197,41.08111,01-09-2017 00:00,5957.8,6010.1474609375,52.34746093749982,52.34746093749982,2740.2566666030693,0.8786374322316931,32.2,2.8,3070.0,3642.6,0.4573488663111164,79.4,1004.5
1075,11,xgb,loso,Al Qunfudhah - TVTC,19.15197,41.08111,01-10-2017 00:00,5667.9,5618.34228515625,-49.557714843749636,49.557714843749636,2455.967100534403,0.8743576076456825,30.5,2.5,2091.8,5201.7,0.2868033180228971,78.4,1007.8
1076,11,xgb,loso,Al Qunfudhah - TVTC,19.15197,41.08111,01-11-2017 00:00,4737.6,4640.5908203125,-97.00917968750036,97.00917968750036,9410.780943641734,2.0476439481488593,29.1,2.3,1912.1,4619.1,0.2927639637432631,74.2,1010.4
1077,11,xgb,loso,Al Qunfudhah - TVTC,19.15197,41.08111,01-12-2017 00:00,4548.6,4663.4609375,114.86093749999964,114.86093749999964,13193.034963378823,2.525193191311604,26.7,2.1,1658.6,5033.8,0.2478333632179786,73.0,1013.3
1078,11,xgb,loso,Al Qunfudhah - TVTC,19.15197,41.08111,01-03-2018 00:00,6486.4,5893.74853515625,-592.6514648437496,592.6514648437496,351235.7587814422,9.13683190743324,27.8,2.3,2263.3,5829.9,0.2796545247862403,71.9,1009.3
1079,11,xgb,loso,Al Qunfudhah - TVTC,19.15197,41.08111,01-04-2018 00:00,6652.1,6535.39697265625,-116.70302734375036,116.70302734375036,13619.596591196145,1.7543787276762277,30.2,2.5,2627.6,5211.2,0.3352043680155126,70.7,1006.9
1080,11,xgb,loso,Al Qunfudhah - TVTC,19.15197,41.08111,01-05-2018 00:00,6919.4,6865.994140625,-53.405859374999636,53.405859374999636,2852.1858155822365,0.7718278951209591,31.8,2.6,3245.1,4602.4,0.41352022937241156,70.7,1004.8
1081,11,xgb,loso,Al Qunfudhah - TVTC,19.15197,41.08111,01-06-2018 00:00,6298.2,5893.34375,-404.8562499999998,404.8562499999998,163908.58316406235,6.4281262900511225,32.7,3.2,3832.3,2975.4,0.5629360870778677,72.1,1002.3
1082,11,xgb,loso,Al Qunfudhah - TVTC,19.15197,41.08111,01-07-2018 00:00,6173.5,5584.18896484375,-589.31103515625,589.31103515625,347287.4961569309,9.545817367072972,32.7,3.5,3603.3,3098.7,0.537645478961504,69.2,1002.6
1083,11,xgb,loso,Al Qunfudhah - TVTC,19.15197,41.08111,01-08-2018 00:00,6225.0,5730.65625,-494.34375,494.34375,244375.7431640625,7.941265060240964,33.0,3.5,3379.3,3438.1,0.4956875055006308,74.3,1002.8
1084,11,xgb,loso,Al Qunfudhah - TVTC,19.15197,41.08111,01-09-2018 00:00,5957.2,5884.93505859375,-72.26494140624982,72.26494140624982,5222.221756448719,1.2130689150313876,32.7,2.3,3243.1,3374.2,0.4900941471597178,80.7,1005.0
1085,11,xgb,loso,Al Qunfudhah - TVTC,19.15197,41.08111,01-10-2018 00:00,5391.0,5954.2919921875,563.2919921875,563.2919921875,317297.86846256256,10.448747768271192,30.8,1.8,2299.3,4418.2,0.3422850762932639,74.8,1008.8
1086,11,xgb,loso,Al Qunfudhah - TVTC,19.15197,41.08111,01-11-2018 00:00,4418.4,4593.7890625,175.38906250000036,175.38906250000036,30761.323244629035,3.9695152657070523,29.1,1.6,2037.1,3856.6,0.3456402599385785,75.7,1010.4
1087,11,xgb,loso,Al Qunfudhah - TVTC,19.15197,41.08111,01-12-2018 00:00,4109.2,4231.115234375,121.91523437500018,121.91523437500018,14863.324372711226,2.966884901562352,27.5,1.6,2033.3,3567.0,0.3630698355445244,77.8,1012.5
1088,11,xgb,loso,Al Qunfudhah - TVTC,19.15197,41.08111,01-01-2019 00:00,4616.3,4457.3193359375,-158.98066406250018,158.98066406250018,25274.851545753536,3.443898014914546,26.8,1.6,2196.5,3983.3,0.3554322146347778,79.1,1012.9
1089,11,xgb,loso,Al Qunfudhah - TVTC,19.15197,41.08111,01-02-2019 00:00,4805.2,4451.0888671875,-354.1111328124998,354.1111328124998,125394.69438175189,7.3693318241176184,26.6,2.0,2694.3,3153.1,0.46076888873687455,75.9,1011.7
1090,11,xgb,loso,Al Qunfudhah - TVTC,19.15197,41.08111,01-03-2019 00:00,6154.0,5485.3388671875,-668.6611328125,668.6611328125,447107.71053409576,10.86547177140884,26.9,2.3,2688.8,4702.5,0.3637790375170809,71.5,1010.3
1091,11,xgb,loso,Al Qunfudhah - TVTC,19.15197,41.08111,01-04-2019 00:00,6536.0,6484.66748046875,-51.33251953125,51.33251953125,2635.0275614261627,0.7853812657779988,29.8,2.0,2894.4,4666.4,0.3828166331605122,71.1,1007.6
1092,11,xgb,loso,Al Qunfudhah - TVTC,19.15197,41.08111,01-05-2019 00:00,6425.8,6440.779296875,14.979296874999818,14.979296874999818,224.3793348693793,0.23311178180148492,32.6,2.2,2897.1,4598.5,0.3865067506270345,60.9,1006.1
1093,11,xgb,loso,Al Qunfudhah - TVTC,19.15197,41.08111,01-06-2019 00:00,6387.9,5817.30908203125,-570.5909179687496,570.5909179687496,325573.9956684204,8.932370856913066,33.3,2.9,3510.2,3458.7,0.5036949877312058,73.4,1002.6
1094,11,xgb,loso,Al Qunfudhah - TVTC,19.15197,41.08111,01-07-2019 00:00,6463.4,6016.3994140625,-447.00058593749964,447.00058593749964,199809.523828468,6.915873780634027,33.0,3.3,3579.8,3504.5,0.5053145688353119,70.0,1001.2
1095,11,xgb,loso,Al Qunfudhah - TVTC,19.15197,41.08111,01-08-2019 00:00,6034.5,5531.98291015625,-502.51708984375,502.51708984375,252523.4255850315,8.32740226768995,32.9,3.4,3219.6,3438.2,0.4835831656102617,76.4,1003.8
1096,11,xgb,loso,Al Qunfudhah - TVTC,19.15197,41.08111,01-09-2019 00:00,5989.8,5773.19091796875,-216.60908203125018,216.60908203125018,46919.49441842087,3.61629907561605,32.1,2.5,2896.6,3898.3,0.4262903059647677,82.2,1003.8
1097,11,xgb,loso,Al Qunfudhah - TVTC,19.15197,41.08111,01-10-2019 00:00,5564.8,5410.3896484375,-154.41035156250018,154.41035156250018,23842.556669654903,2.774769112322099,30.9,1.8,2124.4,4919.2,0.30160713271622464,77.3,1008.3
1098,11,xgb,loso,Al Qunfudhah - TVTC,19.15197,41.08111,01-11-2019 00:00,4206.5,4560.814453125,354.314453125,354.314453125,125538.73169326782,8.423022777249495,28.7,1.4,1795.2,3890.5,0.31573948678263014,80.4,1009.6
1099,11,xgb,loso,Al Qunfudhah - TVTC,19.15197,41.08111,01-12-2019 00:00,4460.9,4499.83056640625,38.930566406250364,38.930566406250364,1515.5890007114695,0.8727065481461223,27.6,1.8,1773.5,4714.4,0.273355014719709,79.0,1011.6
1100,11,xgb,loso,Al Qunfudhah - TVTC,19.15197,41.08111,01-01-2020 00:00,4132.0,3956.53662109375,-175.46337890625,175.46337890625,30787.397337198257,4.246451570819216,20.2,2.1,1493.0,4790.6,0.23760264816347315,62.9,1016.4
1101,11,xgb,loso,Al Qunfudhah - TVTC,19.15197,41.08111,01-02-2020 00:00,5069.8,4566.212890625,-503.5871093750002,503.5871093750002,253599.9767286684,9.933076440392128,26.2,1.6,2509.8,3741.1,0.4015101825337152,79.0,1012.7
1102,11,xgb,loso,Al Qunfudhah - TVTC,19.15197,41.08111,01-03-2020 00:00,5969.4,5676.7021484375,-292.69785156249964,292.69785156249964,85672.03230930307,4.903304378371355,27.1,1.2,2971.8,3975.4,0.4277694610778443,78.1,1009.3
1103,11,xgb,loso,Al Qunfudhah - TVTC,19.15197,41.08111,01-04-2020 00:00,6822.3,6879.296875,56.99687499999982,56.99687499999982,3248.643759765604,0.8354495551353622,29.8,2.5,2477.4,5643.0,0.3050834934239693,74.4,1007.8
1104,11,xgb,loso,Al Qunfudhah - TVTC,19.15197,41.08111,01-05-2020 00:00,6685.0,6718.6025390625,33.6025390625,33.6025390625,1129.1306314468384,0.5026557825355273,32.1,3.0,2890.0,4756.6,0.377945753668297,73.0,1006.0
1105,11,xgb,loso,Al Qunfudhah - TVTC,19.15197,41.08111,01-10-2020 00:00,5807.6,5674.1025390625,-133.49746093750036,133.49746093750036,17821.572076759436,2.2986683128572967,30.6,2.3,1839.5,5788.0,0.24116683054736152,78.8,1007.5
1106,11,xgb,loso,Al Qunfudhah - TVTC,19.15197,41.08111,01-11-2020 00:00,4494.5,4595.4150390625,100.9150390625,100.9150390625,10183.8451089859,2.2453006799977753,29.2,2.3,1828.7,4301.2,0.29832460562162516,80.0,1010.2
1107,11,xgb,loso,Al Qunfudhah - TVTC,19.15197,41.08111,01-12-2020 00:00,4492.0,4562.60498046875,70.60498046875,70.60498046875,4985.063266992569,1.5717938661787623,27.4,2.1,1638.6,5006.1,0.24660255542010923,82.9,1011.5
1108,11,xgb,loso,Al Qunfudhah - TVTC,19.15197,41.08111,01-01-2021 00:00,4590.6,4502.4267578125,-88.17324218750036,88.17324218750036,7774.520637855594,1.920734592155717,26.2,2.1,1968.1,4364.5,0.3107886176294097,83.6,1011.8
1109,11,xgb,loso,Al Qunfudhah - TVTC,19.15197,41.08111,01-02-2021 00:00,5038.1,4545.00537109375,-493.09462890625036,493.09462890625036,243142.31305619277,9.787313251151234,26.0,2.6,2207.1,4209.1,0.3439886537202705,79.0,1011.5
1110,11,xgb,loso,Al Qunfudhah - TVTC,19.15197,41.08111,01-04-2021 00:00,6796.6,6703.15869140625,-93.44130859375036,93.44130859375036,8731.278151712486,1.3748243032361822,29.6,2.5,2874.2,4925.7,0.3684919037423557,72.7,1007.5
1111,11,xgb,loso,Al Qunfudhah - TVTC,19.15197,41.08111,01-07-2021 00:00,5840.7,5687.34228515625,-153.35771484374982,153.35771484374982,23518.588702096884,2.625673546728129,33.1,3.6,3441.2,2969.5,0.5367900541282543,74.3,1001.1
1112,11,xgb,loso,Al Qunfudhah - TVTC,19.15197,41.08111,01-10-2021 00:00,5500.6,6167.18994140625,666.5899414062496,666.5899414062496,444342.1499839873,12.11849509883012,30.6,0.0,2343.9,4448.1,0.3450971731448763,86.1,1007.4
430,12,xgb,loso,Al Uwayqilah,30.327166,42.253735,01-04-2021 00:00,6817.4,6751.38525390625,-66.01474609374964,66.01474609374964,4357.946701822233,0.9683273109066453,24.9,3.9,2497.5,6127.0,0.2895820047538988,19.4,963.8
431,12,xgb,loso,Al Uwayqilah,30.327166,42.253735,01-10-2021 00:00,4938.5,5210.07421875,271.57421875,271.57421875,73752.55628967285,5.499123595221221,26.6,3.2,1705.0,5423.6,0.2391773980865808,22.2,963.8
432,12,xgb,loso,Al Uwayqilah,30.327166,42.253735,01-11-2021 00:00,3868.8,3962.072998046875,93.27299804687482,93.27299804687482,8699.852164652313,2.4109025549750522,17.9,3.1,1358.3,4998.1,0.21369013907243092,37.7,967.4
433,12,xgb,loso,Al Uwayqilah,30.327166,42.253735,01-12-2021 00:00,3175.3,3343.8427734375,168.54277343749982,168.54277343749982,28406.666478004394,5.307932272147508,12.7,2.9,1420.0,3801.5,0.2719525040697118,47.4,968.6
1422,13,xgb,loso,Al Wajh - TVTC,26.256,36.443,01-01-2017 00:00,4200.7,4359.9404296875,159.24042968750018,159.24042968750018,25357.51444705969,3.7908070009165185,19.5,2.9,1323.6,5446.0,0.19552115339163317,47.2,1013.9
1423,13,xgb,loso,Al Wajh - TVTC,26.256,36.443,01-02-2017 00:00,5057.4,4806.97509765625,-250.42490234374964,250.42490234374964,62712.631713876544,4.951653069635577,19.3,3.0,1525.6,6045.2,0.20151106884345116,35.9,1014.3
1424,13,xgb,loso,Al Wajh - TVTC,26.256,36.443,01-03-2017 00:00,5541.5,5672.564453125,131.064453125,131.064453125,17177.890872955322,2.365143970495353,21.7,2.9,1725.0,5803.6,0.22912626517546422,52.4,1009.5
1425,13,xgb,loso,Al Wajh - TVTC,26.256,36.443,01-11-2017 00:00,4630.7,4546.06982421875,-84.63017578124982,84.63017578124982,7162.266652765244,1.8275892582384914,24.2,2.6,1275.5,6355.6,0.16714497254655292,50.1,1011.1
1426,13,xgb,loso,Al Wajh - TVTC,26.256,36.443,01-03-2018 00:00,6522.6,6465.1083984375,-57.491601562500364,57.491601562500364,3305.2842502212943,0.881421542981332,24.1,2.7,1793.9,7248.1,0.19839637248396375,55.3,1009.5
1427,13,xgb,loso,Al Wajh - TVTC,26.256,36.443,01-04-2018 00:00,7375.2,7179.63720703125,-195.56279296874982,195.56279296874982,38244.805993738104,2.651626979183613,25.3,2.7,2354.4,6860.2,0.25550756408308556,56.4,1007.2
1428,13,xgb,loso,Al Wajh - TVTC,26.256,36.443,01-05-2018 00:00,7155.7,6418.4248046875,-737.2751953124998,737.2751953124998,543574.7136230847,10.303327351796469,29.8,2.8,2985.8,5446.4,0.35409501672161475,48.4,1005.1
1429,13,xgb,loso,Al Wajh - TVTC,26.256,36.443,01-06-2018 00:00,8075.8,6174.71435546875,-1901.0856445312502,1901.0856445312502,3614126.627842799,23.540524090879543,30.1,3.1,2297.0,7721.7,0.22927126273867865,58.8,1003.2
1430,13,xgb,loso,Al Wajh - TVTC,26.256,36.443,01-01-2019 00:00,3929.6,3947.412353515625,17.81235351562509,17.81235351562509,317.2799377656015,0.45328668352058965,19.5,2.6,1595.7,4439.3,0.2644076222038111,49.8,1014.0
1431,13,xgb,loso,Al Wajh - TVTC,26.256,36.443,01-02-2019 00:00,5101.3,4994.68896484375,-106.61103515625018,106.61103515625018,11365.912817087212,2.0898797396006934,20.5,2.9,1733.3,5780.7,0.23067607133351078,43.8,1013.3
1432,13,xgb,loso,Al Wajh - TVTC,26.256,36.443,01-03-2019 00:00,6392.0,6276.18603515625,-115.81396484375,115.81396484375,13412.874452829361,1.8118580232126096,20.9,3.1,1869.6,6942.3,0.21216763694549415,44.3,1011.8
1433,13,xgb,loso,Al Wajh - TVTC,26.256,36.443,01-07-2019 00:00,8071.9,6124.16064453125,-1947.7393554687496,1947.7393554687496,3793688.59684182,24.129874694542174,30.5,2.6,1699.1,8707.4,0.16327295440349782,65.1,1002.0
1434,13,xgb,loso,Al Wajh - TVTC,26.256,36.443,01-08-2019 00:00,7581.2,5781.1455078125,-1800.0544921874998,1800.0544921874998,3240196.1748443977,23.743661850201814,31.1,2.6,1678.4,8204.4,0.16983041243372327,65.5,1003.5
1435,13,xgb,loso,Al Wajh - TVTC,26.256,36.443,01-11-2019 00:00,4649.9,4539.544921875,-110.35507812499964,110.35507812499964,12178.243267974773,2.3732785248069774,25.9,2.4,1294.0,6403.2,0.16811308008106846,47.3,1010.2
1436,13,xgb,loso,Al Wajh - TVTC,26.256,36.443,01-02-2020 00:00,5416.4,5735.55126953125,319.15126953125036,319.15126953125036,101857.53284340882,5.892313520627177,19.2,2.8,1261.4,7373.9,0.1460748323740924,49.1,1014.7
1437,13,xgb,loso,Al Wajh - TVTC,26.256,36.443,01-04-2020 00:00,7491.1,7489.43505859375,-1.6649414062503638,1.6649414062503638,2.772029886246939,0.022225593120507852,23.9,2.9,2108.3,7510.5,0.21918534536532627,56.7,1008.6
1438,13,xgb,loso,Al Wajh - TVTC,26.256,36.443,01-01-2021 00:00,4163.9,5223.6318359375,1059.7318359375004,1059.7318359375004,1123031.5640994653,25.450463170044923,21.4,0.0,933.3,6264.0,0.12967362761035386,46.8,1013.6
1439,13,xgb,loso,Al Wajh - TVTC,26.256,36.443,01-04-2021 00:00,7780.5,7539.41259765625,-241.08740234375,241.08740234375,58123.13556885719,3.09861065926033,25.0,0.0,2188.7,7759.7,0.22000522697117122,56.0,1008.7
1440,13,xgb,loso,Al Wajh - TVTC,26.256,36.443,01-07-2021 00:00,8133.6,7686.98681640625,-446.61318359375036,446.61318359375036,199463.33575974498,5.4909656682619055,30.3,0.0,2075.4,8229.8,0.2013934712572294,64.9,1001.1
675,14,xgb,loso,Arar - TVTC,31.027395,40.906419,01-01-2017 00:00,3512.9,3889.830810546875,376.9308105468749,376.9308105468749,142076.8359395241,10.729904368096868,8.1,2.8,1302.8,4734.2,0.21580255093589532,50.1,952.2
676,14,xgb,loso,Arar - TVTC,31.027395,40.906419,01-02-2017 00:00,4507.6,4505.16162109375,-2.438378906250364,2.438378906250364,5.94569169044672,0.05409483774625884,9.0,3.4,1425.7,5677.6,0.2007095293736714,27.3,952.7
677,14,xgb,loso,Arar - TVTC,31.027395,40.906419,01-03-2017 00:00,5568.1,5389.1259765625,-178.97402343750036,178.97402343750036,32031.70106540693,3.2142745898511222,16.2,4.1,2247.0,5276.1,0.2986800653985724,41.1,946.8
678,14,xgb,loso,Arar - TVTC,31.027395,40.906419,01-04-2017 00:00,6069.7,6038.83349609375,-30.866503906249818,30.866503906249818,952.7410633945353,0.5085342587977959,21.7,4.0,2775.9,4632.1,0.3747165226781858,26.0,947.9
679,14,xgb,loso,Arar - TVTC,31.027395,40.906419,01-05-2017 00:00,7301.0,7274.3935546875,-26.6064453125,26.6064453125,707.9029321670532,0.3644219327831804,28.4,4.1,2414.8,6512.4,0.2704991486692356,15.7,944.8
680,14,xgb,loso,Arar - TVTC,31.027395,40.906419,01-11-2017 00:00,3901.3,4633.31396484375,732.0139648437498,732.0139648437498,535844.4447262665,18.763334397348313,16.7,3.3,1737.8,4327.1,0.286533990667612,40.2,950.5
681,14,xgb,loso,Arar - TVTC,31.027395,40.906419,01-03-2018 00:00,6026.1,6266.919921875,240.81992187499964,240.81992187499964,57994.234771880925,3.996281539884828,20.6,3.6,2377.8,5717.1,0.29374050327984286,23.7,947.5
682,14,xgb,loso,Arar - TVTC,31.027395,40.906419,01-04-2018 00:00,6818.8,6889.57666015625,70.77666015624982,70.77666015624982,5009.335622873281,1.0379635735943247,22.0,3.9,2498.6,6174.8,0.28807618696243686,27.2,945.0
683,14,xgb,loso,Arar - TVTC,31.027395,40.906419,01-05-2018 00:00,7092.7,6980.99365234375,-111.70634765624982,111.70634765624982,12478.308106698949,1.5749481531186968,27.3,4.3,2895.7,5711.9,0.3364120079929365,25.5,944.0
684,14,xgb,loso,Arar - TVTC,31.027395,40.906419,01-06-2018 00:00,8380.7,8190.21337890625,-190.48662109375073,190.48662109375073,36285.15281571416,2.2729201748511545,32.0,4.5,2239.0,8282.5,0.21280235707836334,15.4,941.4
685,14,xgb,loso,Arar - TVTC,31.027395,40.906419,01-07-2018 00:00,8347.3,7997.38916015625,-349.9108398437493,349.9108398437493,122437.59584015796,4.191904446273038,33.6,4.4,1892.3,8928.8,0.17487131622478308,15.0,939.0
686,14,xgb,loso,Arar - TVTC,31.027395,40.906419,01-08-2018 00:00,7877.4,7934.39697265625,56.996972656250364,56.996972656250364,3248.654891977352,0.7235505706990931,33.2,3.9,1359.3,9382.7,0.12654068143734873,17.0,940.1
687,14,xgb,loso,Arar - TVTC,31.027395,40.906419,01-11-2018 00:00,3071.3,3199.7421875,128.44218749999982,128.44218749999982,16497.39552978511,4.182013723830294,14.7,2.6,1513.2,3155.0,0.3241506362195279,75.0,950.6
688,14,xgb,loso,Arar - TVTC,31.027395,40.906419,01-12-2018 00:00,3390.0,3554.234375,164.234375,164.234375,26972.929931640625,4.844671828908555,11.7,2.7,1226.3,4918.7,0.19956061838893407,66.5,951.8
689,14,xgb,loso,Arar - TVTC,31.027395,40.906419,01-01-2019 00:00,3484.3,3617.38037109375,133.08037109374982,133.08037109374982,17710.38517045016,3.8194291850228117,9.2,3.7,1518.7,4083.5,0.2710899289564814,55.5,950.5
690,14,xgb,loso,Arar - TVTC,31.027395,40.906419,01-02-2019 00:00,4767.2,4730.43359375,-36.76640624999982,36.76640624999982,1351.7686285400257,0.7712369157996269,11.2,3.2,1491.0,6024.6,0.19838735430304966,54.4,950.6
691,14,xgb,loso,Arar - TVTC,31.027395,40.906419,01-03-2019 00:00,5977.9,6033.83740234375,55.937402343750364,55.937402343750364,3128.9929809666087,0.9357366691271244,14.4,4.3,1759.4,6874.0,0.20378993212407628,38.3,947.3
692,14,xgb,loso,Arar - TVTC,31.027395,40.906419,01-04-2019 00:00,6677.9,6525.71484375,-152.18515624999964,152.18515624999964,23160.321782836803,2.278937334341629,19.4,3.8,2353.1,6130.7,0.27736391711261466,33.3,946.8
693,14,xgb,loso,Arar - TVTC,31.027395,40.906419,01-05-2019 00:00,7228.4,7259.70068359375,31.300683593750364,31.300683593750364,979.7327934360732,0.4330236787359632,29.5,4.1,2436.9,6413.1,0.27535593220338983,13.8,944.8
694,14,xgb,loso,Arar - TVTC,31.027395,40.906419,01-06-2019 00:00,7792.8,7688.56640625,-104.23359375000018,104.23359375000018,10864.642066040076,1.3375627983523275,33.8,4.4,2142.5,7696.6,0.2177536563303554,13.0,941.8
695,14,xgb,loso,Arar - TVTC,31.027395,40.906419,01-07-2019 00:00,8295.1,7933.900390625,-361.19960937500036,361.19960937500036,130465.15781265285,4.354373176634403,33.9,4.0,1512.2,9517.0,0.1371087658216371,13.0,939.1
696,14,xgb,loso,Arar - TVTC,31.027395,40.906419,01-08-2019 00:00,7449.2,7590.97900390625,141.77900390625018,141.77900390625018,20101.285948648503,1.9032782568094586,34.2,4.6,1847.9,7884.0,0.18988070161016865,14.7,939.9
697,14,xgb,loso,Arar - TVTC,31.027395,40.906419,01-09-2019 00:00,6579.7,6737.8134765625,158.11347656250018,158.11347656250018,24999.871470680293,2.4030499348374574,31.8,3.5,1730.1,7316.8,0.19123677723861213,16.0,943.2
698,14,xgb,loso,Arar - TVTC,31.027395,40.906419,01-10-2019 00:00,4677.5,4568.37646484375,-109.12353515625,109.12353515625,11907.94592499733,2.332945700828434,25.9,3.3,1919.6,4585.6,0.2950870073172231,33.3,947.2
699,14,xgb,loso,Arar - TVTC,31.027395,40.906419,01-11-2019 00:00,3861.5,4065.692626953125,204.192626953125,204.192626953125,41694.62890201807,5.287909541709828,16.3,3.3,1386.6,5025.0,0.21626427100879653,42.8,950.9
700,14,xgb,loso,Arar - TVTC,31.027395,40.906419,01-12-2019 00:00,3586.5,3803.75634765625,217.25634765625,217.25634765625,47200.320596933365,6.057614600759793,11.3,2.7,1018.9,5810.8,0.14918664070164137,52.7,950.5
701,14,xgb,loso,Arar - TVTC,31.027395,40.906419,01-12-2020 00:00,3033.7,3220.390380859375,186.69038085937518,186.69038085937518,34853.29830541856,6.153884064323275,11.1,2.2,1135.5,4234.8,0.21144070163678005,60.2,952.3
702,14,xgb,loso,Arar - TVTC,31.027395,40.906419,01-01-2021 00:00,3818.0,3846.471923828125,28.471923828125,28.471923828125,810.6504464745522,0.7457287540106076,10.3,2.6,1205.0,5599.4,0.17709129386867323,45.0,952.5
703,14,xgb,loso,Arar - TVTC,31.027395,40.906419,01-02-2021 00:00,4494.1,4928.35205078125,434.25205078124964,434.25205078124964,188574.843607721,9.662714465215496,12.8,4.0,1431.8,5623.1,0.2029511403421735,47.6,950.9
704,14,xgb,loso,Arar - TVTC,31.027395,40.906419,01-03-2021 00:00,6031.2,6127.15380859375,95.95380859375018,95.95380859375018,9207.133383646047,1.590957165966146,17.6,3.9,2035.0,6328.9,0.24330754791425055,26.8,947.7
705,14,xgb,loso,Arar - TVTC,31.027395,40.906419,01-04-2021 00:00,7221.9,7242.1123046875,20.212304687500364,20.212304687500364,408.5372607803492,0.2798751670266878,23.8,3.5,2373.1,6738.1,0.26045965405215554,16.2,947.8
706,14,xgb,loso,Arar - TVTC,31.027395,40.906419,01-05-2021 00:00,7981.5,7846.4521484375,-135.0478515625,135.0478515625,18237.922211647034,1.692010919783249,30.2,3.8,2280.7,7801.8,0.22620381849739646,11.4,943.1
707,14,xgb,loso,Arar - TVTC,31.027395,40.906419,01-07-2021 00:00,8315.8,7900.12939453125,-415.6706054687493,415.6706054687493,172782.05225075662,4.998564244796042,35.7,4.1,1694.9,9161.6,0.15611845438216737,12.6,938.1
708,14,xgb,loso,Arar - TVTC,31.027395,40.906419,01-09-2021 00:00,6632.8,6583.3955078125,-49.40449218750018,49.40449218750018,2440.8038483047667,0.7448512270458958,30.3,2.6,1476.5,7933.3,0.15691088014623053,17.3,943.7
709,14,xgb,loso,Arar - TVTC,31.027395,40.906419,01-10-2021 00:00,5192.8,5428.62841796875,235.82841796874982,235.82841796874982,55615.04272164336,4.541450045616042,25.3,2.5,1552.1,6211.4,0.19992271527017452,19.4,947.9
710,14,xgb,loso,Arar - TVTC,31.027395,40.906419,01-11-2021 00:00,3895.1,4064.785400390625,169.6854003906251,169.6854003906251,28793.13510572675,4.356381104223899,17.2,1.7,1242.6,5412.9,0.1867027270678386,35.3,950.9
711,14,xgb,loso,Arar - TVTC,31.027395,40.906419,01-12-2021 00:00,3266.2,3430.44384765625,164.24384765625018,164.24384765625018,26976.04149292952,5.02859125761589,11.6,2.3,1379.0,4174.4,0.2483163467425361,43.8,951.7
234,15,xgb,loso,Dammam - IAFU,26.394974,50.188715,01-01-2017 00:00,3406.4,3374.861572265625,-31.53842773437509,31.53842773437509,994.6724239563999,0.9258580241420588,16.9,3.1,1650.3,3329.7,0.33138554216867466,61.2,1016.7
235,15,xgb,loso,Dammam - IAFU,26.394974,50.188715,01-02-2017 00:00,3697.9,3789.78076171875,91.88076171874991,91.88076171874991,8442.074374017699,2.484674050643606,15.3,3.1,1811.4,3093.4,0.3693116946664492,59.1,1017.7
236,15,xgb,loso,Dammam - IAFU,26.394974,50.188715,01-03-2017 00:00,4194.0,4316.017578125,122.017578125,122.017578125,14888.289371490479,2.9093366267286602,20.5,2.8,2367.4,2678.7,0.4691543964645964,61.7,1012.0
237,15,xgb,loso,Dammam - IAFU,26.394974,50.188715,01-04-2017 00:00,6012.5,6199.71435546875,187.21435546875,187.21435546875,35049.21489357948,3.1137522739085237,26.9,3.3,2837.3,4293.9,0.39787132600403863,43.3,1009.4
238,15,xgb,loso,Dammam - IAFU,26.394974,50.188715,01-05-2017 00:00,5818.6,5967.97509765625,149.37509765624964,149.37509765624964,22312.919799814117,2.5671999734686977,32.3,3.6,2971.0,3669.4,0.44741280645744236,34.6,1004.7
239,15,xgb,loso,Dammam - IAFU,26.394974,50.188715,01-09-2017 00:00,6432.2,6434.98828125,2.788281250000182,2.788281250000182,7.774512329102577,0.04334879590187155,33.6,2.2,2215.5,5997.2,0.26976511987531504,54.6,1003.5
240,15,xgb,loso,Dammam - IAFU,26.394974,50.188715,01-11-2017 00:00,4137.7,3990.870849609375,-146.82915039062482,146.82915039062482,21558.79940443272,3.5485692628906116,24.5,2.6,1651.3,4544.7,0.26651065203357005,51.5,1014.5
241,15,xgb,loso,Dammam - IAFU,26.394974,50.188715,01-03-2018 00:00,6251.9,6317.93603515625,66.03603515625036,66.03603515625036,4360.757939157534,1.0562554608399106,23.8,2.7,2315.9,5841.9,0.2838878128907304,44.6,1011.7
242,15,xgb,loso,Dammam - IAFU,26.394974,50.188715,01-04-2018 00:00,5642.3,5572.40234375,-69.89765625000018,69.89765625000018,4885.6823492431895,1.2388149557804473,25.9,3.1,3132.6,3279.8,0.4885222381635581,47.7,1008.5
243,15,xgb,loso,Dammam - IAFU,26.394974,50.188715,01-05-2018 00:00,6885.3,6762.09521484375,-123.20478515625018,123.20478515625018,15179.419085397765,1.78938877254804,30.9,2.6,3409.9,4513.0,0.430385338701738,38.7,1005.3
244,15,xgb,loso,Dammam - IAFU,26.394974,50.188715,01-06-2018 00:00,7999.6,7795.21533203125,-204.38466796875036,204.38466796875036,41773.09250069633,2.5549360964142003,35.7,3.7,2649.2,6889.6,0.27772885478257225,30.4,998.2
245,15,xgb,loso,Dammam - IAFU,26.394974,50.188715,01-07-2018 00:00,7608.6,7585.9169921875,-22.683007812500364,22.683007812500364,514.5188434219525,0.2981232790855133,36.1,3.3,2855.1,6132.0,0.31768868711820275,33.1,994.8
246,15,xgb,loso,Dammam - IAFU,26.394974,50.188715,01-08-2018 00:00,7271.1,7220.40478515625,-50.695214843750364,50.695214843750364,2570.0048080540073,0.6972152060039108,35.5,1.0,2406.7,6500.8,0.2701880437833286,36.3,997.1
247,15,xgb,loso,Dammam - IAFU,26.394974,50.188715,01-10-2018 00:00,5034.3,5087.7373046875,53.43730468749982,53.43730468749982,2855.54553226469,1.0614644476391915,29.6,0.0,2182.0,4403.9,0.33131386750482095,54.9,1011.3
248,15,xgb,loso,Dammam - IAFU,26.394974,50.188715,01-01-2019 00:00,3912.7,4519.248046875,606.5480468750002,606.5480468750002,367900.5331678774,15.50203304303934,18.2,0.0,3909.6,5.1,0.9986972181776381,56.8,1017.6
249,15,xgb,loso,Dammam - IAFU,26.394974,50.188715,01-02-2019 00:00,4356.1,5080.2978515625,724.1978515624996,724.1978515624996,524462.5282077403,16.624913375783372,17.7,0.0,3558.3,817.9,0.8131026918330972,60.1,1016.2
250,15,xgb,loso,Dammam - IAFU,26.394974,50.188715,01-03-2019 00:00,5804.1,5340.419921875,-463.68007812500036,463.68007812500036,214999.21485000645,7.988836824399999,19.7,0.0,2153.9,5480.2,0.28214196827392884,53.2,1013.0
251,15,xgb,loso,Dammam - IAFU,26.394974,50.188715,01-07-2019 00:00,7556.3,7355.50634765625,-200.79365234375018,200.79365234375018,40318.09082154281,2.657301223399682,36.0,0.0,2343.0,6820.9,0.2556771680179836,32.5,995.5
252,15,xgb,loso,Dammam - IAFU,26.394974,50.188715,01-08-2019 00:00,7217.5,7178.279296875,-39.220703125,39.220703125,1538.2635536193848,0.5434111967440249,35.6,0.0,2399.2,6436.4,0.2715378695278193,40.0,997.4
253,15,xgb,loso,Dammam - IAFU,26.394974,50.188715,01-11-2019 00:00,4036.0,4000.163818359375,-35.836181640625,35.836181640625,1284.2319145798683,0.8879133211254955,23.9,0.0,1681.9,4326.4,0.2799294309538472,50.4,1014.6
254,15,xgb,loso,Dammam - IAFU,26.394974,50.188715,01-11-2020 00:00,4243.7,4281.45751953125,37.75751953125018,37.75751953125018,1425.630281152739,0.8897311198070125,24.9,2.6,1467.4,5083.5,0.22399975575875072,56.0,1014.7
255,15,xgb,loso,Dammam - IAFU,26.394974,50.188715,01-01-2021 00:00,4204.4,4338.333984375,133.93398437500036,133.93398437500036,17938.31217056284,3.185567129079069,17.6,2.9,1527.5,5119.4,0.22980637590455702,54.6,1018.0
256,15,xgb,loso,Dammam - IAFU,26.394974,50.188715,01-04-2021 00:00,6972.2,6498.5556640625,-473.6443359374998,473.6443359374998,224338.95696567517,6.793326868671293,27.3,3.1,2608.9,5894.7,0.3067994731643069,36.0,1009.2
257,15,xgb,loso,Dammam - IAFU,26.394974,50.188715,01-07-2021 00:00,7612.0,7639.21533203125,27.21533203125,27.21533203125,740.6742975711823,0.35753194996387283,36.5,2.7,2515.5,6682.8,0.2734744463650892,41.1,995.7
1113,16,xgb,loso,Duba - TVTC,27.34103,35.72295,01-01-2017 00:00,4044.4,4129.8955078125,85.49550781249991,85.49550781249991,7309.481856117233,2.113923148365639,20.1,2.3,1299.0,5473.0,0.19181925575900768,40.8,1013.4
1114,16,xgb,loso,Duba - TVTC,27.34103,35.72295,01-02-2017 00:00,5226.7,5416.2265625,189.52656250000018,189.52656250000018,35920.31789306647,3.6261228404155625,19.9,2.5,1447.2,6666.4,0.17836718595937687,33.5,1014.0
1115,16,xgb,loso,Duba - TVTC,27.34103,35.72295,01-03-2017 00:00,6089.8,6324.04150390625,234.24150390624982,234.24150390624982,54869.082152261646,3.8464564338114524,22.7,2.3,1688.2,6797.4,0.19894880739134532,45.1,1008.9
1116,16,xgb,loso,Duba - TVTC,27.34103,35.72295,01-04-2017 00:00,6394.9,6627.5771484375,232.67714843750036,232.67714843750036,54138.655405006575,3.638479857972766,27.3,2.7,2330.9,5691.7,0.2905417196420113,43.0,1007.8
1117,16,xgb,loso,Duba - TVTC,27.34103,35.72295,01-05-2017 00:00,7236.6,6914.138671875,-322.46132812500036,322.46132812500036,103981.30813613915,4.455978334093364,30.0,2.3,1884.1,7278.6,0.20562716229932224,46.8,1006.3
1118,16,xgb,loso,Duba - TVTC,27.34103,35.72295,01-06-2017 00:00,7382.0,7280.9345703125,-101.0654296875,101.0654296875,10214.221077919006,1.3690792425833107,32.8,2.8,1497.4,8077.4,0.1563896896018716,42.2,1002.4
1119,16,xgb,loso,Duba - TVTC,27.34103,35.72295,01-09-2017 00:00,6391.5,5853.7587890625,-537.7412109375,537.7412109375,289165.60994052887,8.4133804417977,31.5,2.2,1794.8,6679.9,0.21178330796370376,54.7,1004.5
1120,16,xgb,loso,Duba - TVTC,27.34103,35.72295,01-10-2017 00:00,5606.5,5594.146484375,-12.353515625,12.353515625,152.60934829711914,0.22034273833942747,27.8,2.2,1066.2,7652.5,0.12228887334120912,52.5,1008.1
1121,16,xgb,loso,Duba - TVTC,27.34103,35.72295,01-11-2017 00:00,4452.6,4660.57275390625,207.97275390624964,207.97275390624964,43252.66636734948,4.6708160155021705,24.9,2.3,1155.1,6349.7,0.15391482784351349,45.2,1010.5
1122,16,xgb,loso,Duba - TVTC,27.34103,35.72295,01-03-2018 00:00,6387.1,6490.01708984375,102.91708984374964,102.91708984374964,10591.927381906435,1.6113273605196352,25.3,2.2,1788.4,7121.2,0.20072730537846817,42.9,1008.7
1123,16,xgb,loso,Duba - TVTC,27.34103,35.72295,01-04-2018 00:00,7102.2,6813.58203125,-288.6179687499998,288.6179687499998,83300.33188537587,4.063782613133956,26.3,2.3,2444.0,6393.4,0.2765519270373639,46.3,1006.2
1124,16,xgb,loso,Duba - TVTC,27.34103,35.72295,01-05-2018 00:00,7201.6,7181.38232421875,-20.217675781250364,20.217675781250364,408.7544139957575,0.28073866614711124,31.4,2.6,2961.0,5579.1,0.34671725155443145,38.2,1004.4
1125,16,xgb,loso,Duba - TVTC,27.34103,35.72295,01-06-2018 00:00,7884.4,7988.1513671875,103.75136718750036,103.75136718750036,10764.346193275527,1.3159069452019223,32.3,2.5,2185.4,7673.3,0.22167222858997637,44.0,1002.5
1126,16,xgb,loso,Duba - TVTC,27.34103,35.72295,01-07-2018 00:00,7742.1,7575.87060546875,-166.22939453125036,166.22939453125036,27632.211606226087,2.14708405382584,31.2,2.0,1849.7,8097.8,0.18594621764262378,56.6,1001.7
1127,16,xgb,loso,Duba - TVTC,27.34103,35.72295,01-08-2018 00:00,7342.3,7300.06103515625,-42.23896484375018,42.23896484375018,1784.130151071564,0.5752824706665511,31.7,2.1,1394.7,8415.6,0.14216690621081923,61.0,1001.8
1128,16,xgb,loso,Duba - TVTC,27.34103,35.72295,01-09-2018 00:00,6162.5,6373.46630859375,210.96630859375,210.96630859375,44506.783361673355,3.42338837474645,31.8,2.4,2329.6,5452.0,0.2993728796134471,54.2,1003.9
1129,16,xgb,loso,Duba - TVTC,27.34103,35.72295,01-10-2018 00:00,5367.0,6360.76904296875,993.76904296875,993.76904296875,987576.9107630253,18.516285503423703,29.1,2.3,1544.3,6273.1,0.1975464988359301,49.0,1008.4
1130,16,xgb,loso,Duba - TVTC,27.34103,35.72295,01-11-2018 00:00,4328.8,4539.0322265625,210.23222656249982,210.23222656249982,44197.589085426254,4.856593664814725,24.8,2.1,1158.7,6127.4,0.1590288357283046,45.5,1010.5
1131,16,xgb,loso,Duba - TVTC,27.34103,35.72295,01-12-2018 00:00,3974.1,4213.23583984375,239.1358398437501,239.1358398437501,57185.949897775696,6.01735839167988,21.0,2.3,1126.7,6047.5,0.15704886956036912,43.5,1013.6
1132,16,xgb,loso,Duba - TVTC,27.34103,35.72295,01-01-2019 00:00,3792.0,3763.53173828125,-28.46826171875,28.46826171875,810.4419252872467,0.7507452984902426,19.0,2.2,1550.7,4377.5,0.2615802435815256,47.4,1013.3
1133,16,xgb,loso,Duba - TVTC,27.34103,35.72295,01-02-2019 00:00,4931.3,5474.05517578125,542.7551757812498,542.7551757812498,294583.1808373354,11.006330496648953,20.3,2.5,1629.7,5832.3,0.2183998927901367,40.4,1012.6
1134,16,xgb,loso,Duba - TVTC,27.34103,35.72295,01-03-2019 00:00,6290.2,6189.8359375,-100.36406249999982,100.36406249999982,10072.94504150387,1.5955623430097585,20.8,2.6,1821.7,7042.0,0.2055236526506989,41.5,1011.0
1135,16,xgb,loso,Duba - TVTC,27.34103,35.72295,01-04-2019 00:00,7047.2,7044.79150390625,-2.408496093749818,2.408496093749818,5.8008534336081325,0.034176638860112074,24.7,2.6,2103.9,6972.8,0.2317912897859354,39.1,1008.3
1136,16,xgb,loso,Duba - TVTC,27.34103,35.72295,01-05-2019 00:00,7601.9,7536.9912109375,-64.90878906249964,64.90878906249964,4213.150897560073,0.8538495515923603,29.9,2.2,2119.4,7435.5,0.22181289181467104,42.9,1005.3
1137,16,xgb,loso,Duba - TVTC,27.34103,35.72295,01-06-2019 00:00,7745.1,7749.32177734375,4.221777343749636,4.221777343749636,17.823403940197736,0.05450901013220792,32.3,2.1,1959.9,7861.7,0.19954997149140669,46.5,1003.4
1138,16,xgb,loso,Duba - TVTC,27.34103,35.72295,01-07-2019 00:00,7879.6,8100.3662109375,220.76621093749964,220.76621093749964,48737.71989170058,2.8017438821450282,31.8,2.2,1560.2,8718.2,0.1517940535491905,53.4,1000.9
1139,16,xgb,loso,Duba - TVTC,27.34103,35.72295,01-08-2019 00:00,7363.8,7047.9375,-315.8625000000002,315.8625000000002,99769.11890625012,4.289395420842502,31.6,1.9,1440.5,8349.2,0.14714444773588567,59.2,1002.6
1140,16,xgb,loso,Duba - TVTC,27.34103,35.72295,01-09-2019 00:00,6733.8,6891.22998046875,157.42998046874982,157.42998046874982,24784.198750390948,2.3379069837053343,30.7,1.8,1607.9,7569.2,0.17520785433306818,56.5,1003.5
1141,16,xgb,loso,Duba - TVTC,27.34103,35.72295,01-10-2019 00:00,5376.6,5906.4599609375,529.8599609374996,529.8599609374996,280751.5782046886,9.854926178951375,30.1,1.9,1709.8,6070.2,0.21976863753213366,47.0,1007.3
1142,16,xgb,loso,Duba - TVTC,27.34103,35.72295,01-11-2019 00:00,4825.1,5080.73095703125,255.63095703124964,255.63095703124964,65347.1861927126,5.297941121038934,26.0,2.1,1253.5,6988.9,0.15207949141026886,42.5,1009.5
1143,16,xgb,loso,Duba - TVTC,27.34103,35.72295,01-12-2019 00:00,4586.9,5098.373046875,511.47304687500036,511.47304687500036,261604.67767959632,11.150734632867524,21.1,2.4,960.2,7830.2,0.10923279941754642,40.6,1013.0
1144,16,xgb,loso,Duba - TVTC,27.34103,35.72295,01-01-2020 00:00,4702.0,4955.970703125,253.970703125,253.970703125,64501.118045806885,5.401333541578052,17.7,2.4,1041.6,7589.1,0.12068546004379713,43.4,1015.7
1145,16,xgb,loso,Duba - TVTC,27.34103,35.72295,01-02-2020 00:00,5603.1,5536.96533203125,-66.13466796875036,66.13466796875036,4373.794307336855,1.1803228207376337,19.1,2.2,1084.3,8304.3,0.11549112753765206,45.8,1013.8
1146,16,xgb,loso,Duba - TVTC,27.34103,35.72295,01-03-2020 00:00,6184.2,6509.89501953125,325.6950195312502,325.6950195312502,106077.24574746143,5.266566727001879,22.0,2.4,1922.0,6556.7,0.22668569474093905,43.7,1009.1
1147,16,xgb,loso,Duba - TVTC,27.34103,35.72295,01-04-2020 00:00,7341.8,7456.55810546875,114.75810546874982,114.75810546874982,13169.422770776708,1.5630786110865158,24.3,2.2,2114.0,7323.4,0.22400237353508382,49.0,1007.5
1148,16,xgb,loso,Duba - TVTC,27.34103,35.72295,01-05-2020 00:00,7401.7,7375.064453125,-26.635546874999818,26.635546874999818,709.4523573303126,0.3598571527486904,29.2,2.3,2208.2,7030.1,0.23902666074927206,42.9,1006.1
1149,16,xgb,loso,Duba - TVTC,27.34103,35.72295,01-09-2020 00:00,6361.4,6589.35791015625,227.95791015625036,227.95791015625036,51964.80880280511,3.583455059519137,34.2,2.2,1908.9,6454.4,0.22824722298614186,45.7,1003.0
1150,16,xgb,loso,Duba - TVTC,27.34103,35.72295,01-10-2020 00:00,5646.5,6500.40185546875,853.90185546875,853.90185546875,729148.378772974,15.122675205326308,31.0,1.8,1375.3,7169.2,0.1609573409795775,39.5,1007.7
1151,16,xgb,loso,Duba - TVTC,27.34103,35.72295,01-11-2020 00:00,4804.9,5311.00390625,506.10390625000036,506.10390625000036,256141.16392150917,10.533078862203176,25.1,2.1,1022.6,7449.3,0.12070491861329809,44.9,1010.8
1152,16,xgb,loso,Duba - TVTC,27.34103,35.72295,01-12-2020 00:00,4169.9,4500.76123046875,330.86123046875036,330.86123046875036,109469.15382729555,7.934512349666669,22.7,2.3,1237.4,6179.5,0.16683520069031538,42.6,1012.4
1153,16,xgb,loso,Duba - TVTC,27.34103,35.72295,01-01-2021 00:00,4525.7,4648.8701171875,123.17011718750018,123.17011718750018,15170.877767982527,2.7215705236206595,21.7,2.4,1299.2,6481.0,0.16698799516721935,42.0,1013.1
1154,16,xgb,loso,Duba - TVTC,27.34103,35.72295,01-02-2021 00:00,5247.7,5278.97900390625,31.279003906250182,31.279003906250182,978.3760853672142,0.5960516779970307,21.4,2.6,1311.2,7016.4,0.15745232720111438,41.2,1012.5
1155,16,xgb,loso,Duba - TVTC,27.34103,35.72295,01-03-2021 00:00,6446.8,6786.43603515625,339.6360351562498,339.6360351562498,115352.63637665736,5.268288688283331,23.4,2.5,1948.5,6919.7,0.21971764281364875,42.3,1009.6
1156,16,xgb,loso,Duba - TVTC,27.34103,35.72295,01-04-2021 00:00,7415.4,7458.267578125,42.867578125000364,42.867578125000364,1837.6292543030097,0.5780885471451354,26.9,2.4,2056.9,7514.4,0.21490288675519525,39.1,1008.2
1157,16,xgb,loso,Duba - TVTC,27.34103,35.72295,01-05-2021 00:00,7911.0,8107.6884765625,196.6884765625,196.6884765625,38686.35681247711,2.4862656625268613,31.7,2.6,1888.0,8243.7,0.18634582547844883,40.0,1004.5
1158,16,xgb,loso,Duba - TVTC,27.34103,35.72295,01-07-2021 00:00,7761.3,7902.66162109375,141.36162109374982,141.36162109374982,19983.107918252892,1.8213652492977956,32.2,2.3,1646.0,8452.1,0.16300096057674215,51.6,1000.2
1159,16,xgb,loso,Duba - TVTC,27.34103,35.72295,01-08-2021 00:00,7187.6,6766.568359375,-421.03164062500036,421.03164062500036,177267.64240737946,5.857750022608386,32.9,2.1,1773.1,7564.6,0.18988616040352546,54.4,1001.4
1160,16,xgb,loso,Duba - TVTC,27.34103,35.72295,01-09-2021 00:00,6412.8,6556.51025390625,143.71025390624982,143.71025390624982,20652.63707779879,2.2409907358135266,31.6,2.6,1661.4,7003.2,0.19174572398033377,51.6,1003.5
1161,16,xgb,loso,Duba - TVTC,27.34103,35.72295,01-10-2021 00:00,5379.8,6346.625,966.8249999999998,966.8249999999998,934750.5806249996,17.97139298858693,28.6,2.1,1384.0,6668.9,0.1718635522606763,52.6,1007.7
1162,16,xgb,loso,Duba - TVTC,27.34103,35.72295,01-11-2021 00:00,4362.8,4549.01123046875,186.21123046874982,186.21123046874982,34674.62235268586,4.268158762004901,25.9,2.0,1130.9,6184.3,0.1545959098862642,43.7,1010.3
1163,16,xgb,loso,Duba - TVTC,27.34103,35.72295,01-12-2021 00:00,3703.4,4054.9892578125,351.5892578124999,351.5892578124999,123615.00620914453,9.493688443389855,21.3,2.0,1345.8,4909.8,0.21513523882601188,42.1,1012.8
475,17,xgb,loso,Farasan - SWCC,16.692097,42.098767,01-01-2017 00:00,4822.5,5293.458984375,470.958984375,470.958984375,221802.3649635315,9.76586800155521,26.9,3.1,1908.0,4814.5,0.28382298252138344,77.1,1012.4
476,17,xgb,loso,Farasan - SWCC,16.692097,42.098767,01-02-2017 00:00,4637.0,5136.17041015625,499.17041015625,499.17041015625,249171.09837555885,10.764943070007547,27.0,3.8,2883.1,2564.2,0.5292713821526261,75.2,1011.6
477,17,xgb,loso,Farasan - SWCC,16.692097,42.098767,01-04-2017 00:00,6131.4,6196.33935546875,64.93935546875036,64.93935546875036,4217.119888696718,1.0591276946333688,30.4,3.5,2685.1,4453.1,0.37615925583480425,71.8,1007.2
478,17,xgb,loso,Farasan - SWCC,16.692097,42.098767,01-05-2017 00:00,6306.4,6386.88330078125,80.48330078125036,80.48330078125036,6477.561704645215,1.2762162371757322,32.6,3.2,2936.2,4173.1,0.41300831305473107,71.0,1005.7
479,17,xgb,loso,Farasan - SWCC,16.692097,42.098767,01-06-2017 00:00,6265.1,6410.9912109375,145.89121093749964,145.89121093749964,21284.245428810013,2.328633396713534,33.6,3.5,3288.5,3596.8,0.4776117235269342,69.4,1001.8
480,17,xgb,loso,Farasan - SWCC,16.692097,42.098767,01-03-2018 00:00,6545.1,6546.73876953125,1.6387695312496362,1.6387695312496362,2.6855655765521522,0.025038112958543586,28.1,3.4,2369.4,5679.6,0.2943719716734998,73.7,1008.6
481,17,xgb,loso,Farasan - SWCC,16.692097,42.098767,01-04-2018 00:00,6577.0,6503.6181640625,-73.3818359375,73.3818359375,5384.8938455581665,1.1157341635624145,30.6,3.5,2690.8,5046.4,0.34777438866773513,72.6,1006.2
482,17,xgb,loso,Farasan - SWCC,16.692097,42.098767,01-05-2018 00:00,6800.7,6771.60009765625,-29.099902343749818,29.099902343749818,846.8043164157762,0.42789569226329377,32.3,3.6,3095.0,4629.2,0.4006887444654463,70.4,1004.2
483,17,xgb,loso,Farasan - SWCC,16.692097,42.098767,01-06-2018 00:00,6138.8,6215.97509765625,77.17509765624982,77.17509765624982,5955.995698251696,1.2571691154012155,33.8,1.1,3848.0,2741.4,0.5839681913376028,65.6,1001.7
484,17,xgb,loso,Farasan - SWCC,16.692097,42.098767,01-07-2018 00:00,6003.1,5624.138671875,-378.96132812500036,378.96132812500036,143611.6882142642,6.3127605424697295,34.4,0.0,3812.7,2586.4,0.5958181619290213,60.8,1001.8
485,17,xgb,loso,Farasan - SWCC,16.692097,42.098767,01-08-2018 00:00,5969.5,5829.52685546875,-139.97314453125,139.97314453125,19592.4811899662,2.3448051684605073,34.1,0.0,3396.6,3092.8,0.5234074028415571,64.3,1002.3
486,17,xgb,loso,Farasan - SWCC,16.692097,42.098767,01-09-2018 00:00,5995.6,5849.8828125,-145.71718750000036,145.71718750000036,21233.498732910262,2.430402086530128,33.5,0.0,2910.5,3904.2,0.4270914346926497,71.6,1004.4
487,17,xgb,loso,Farasan - SWCC,16.692097,42.098767,01-01-2019 00:00,4754.0,4569.36865234375,-184.63134765625,184.63134765625,34088.73453736305,3.883705251498738,26.6,0.0,2404.7,3782.8,0.3886383838383838,78.6,1012.6
488,17,xgb,loso,Farasan - SWCC,16.692097,42.098767,01-02-2019 00:00,5113.6,5050.61376953125,-62.986230468750364,62.986230468750364,3967.2652286625366,1.2317394882030341,27.0,0.0,2633.7,3600.6,0.4224532024445407,77.0,1011.2
489,17,xgb,loso,Farasan - SWCC,16.692097,42.098767,01-03-2019 00:00,5900.8,5923.0888671875,22.288867187499818,22.288867187499818,496.79360050200603,0.37772619284672954,27.7,0.0,2817.3,4176.4,0.402833979152666,73.1,1009.7
490,17,xgb,loso,Farasan - SWCC,16.692097,42.098767,01-08-2019 00:00,5428.8,5609.5966796875,180.79667968749982,180.79667968749982,32687.43938602441,3.3303249279306626,33.2,0.0,3152.4,2806.4,0.5290326911458683,71.9,1003.2
491,17,xgb,loso,Farasan - SWCC,16.692097,42.098767,01-10-2019 00:00,5322.0,5364.1884765625,42.1884765625,42.1884765625,1779.8675546646118,0.7927184622792183,31.6,0.0,2084.0,4717.2,0.3064165147326942,71.0,1007.7
492,17,xgb,loso,Farasan - SWCC,16.692097,42.098767,01-11-2019 00:00,4776.9,4869.37158203125,92.47158203125036,92.47158203125036,8550.993483362265,1.9358073652630445,29.9,0.0,1984.7,4517.0,0.3052586246673947,74.1,1008.9
493,17,xgb,loso,Farasan - SWCC,16.692097,42.098767,01-12-2019 00:00,4425.7,4373.59423828125,-52.10576171874982,52.10576171874982,2715.010404291134,1.1773450915956758,27.9,0.0,2029.3,4060.3,0.3332402785076195,78.6,1011.0
494,17,xgb,loso,Farasan - SWCC,16.692097,42.098767,01-01-2020 00:00,4308.7,4523.5771484375,214.87714843750018,214.87714843750018,46172.18892063149,4.987052903137842,26.7,0.6,2129.0,3638.2,0.36915660979331394,72.3,1013.0
495,17,xgb,loso,Farasan - SWCC,16.692097,42.098767,01-02-2020 00:00,4715.1,4982.10888671875,267.00888671874964,267.00888671874964,71293.74558678607,5.662846741718089,26.8,3.6,2773.8,2876.3,0.4909293640820516,77.2,1012.1
496,17,xgb,loso,Farasan - SWCC,16.692097,42.098767,01-03-2020 00:00,5697.6,5779.45068359375,81.85068359374964,81.85068359374964,6699.534404764116,1.4365817816931625,28.0,3.6,4136.7,2097.6,0.6635388094894376,76.8,1008.7
497,17,xgb,loso,Farasan - SWCC,16.692097,42.098767,01-04-2020 00:00,6395.2,5857.24609375,-537.9539062499998,537.9539062499998,289394.4052496336,8.411838664154363,30.3,3.4,6394.6,0.9,0.9998592760534751,74.9,1007.3
498,17,xgb,loso,Farasan - SWCC,16.692097,42.098767,01-05-2020 00:00,6369.6,5795.548828125,-574.0511718750004,574.0511718750004,329534.7479310612,9.01235826229277,33.1,3.5,6369.4,0.3,0.9999529020205032,69.1,1005.5
499,17,xgb,loso,Farasan - SWCC,16.692097,42.098767,01-09-2020 00:00,5849.7,5784.31689453125,-65.38310546874982,65.38310546874982,4274.9504807376625,1.117717241375623,33.2,3.0,2483.6,4366.3,0.3625746361260748,73.9,1003.1
500,17,xgb,loso,Farasan - SWCC,16.692097,42.098767,01-10-2020 00:00,5608.0,5611.927734375,3.927734375,3.927734375,15.42709732055664,0.07003805946861626,31.8,3.0,1654.5,5751.2,0.2234089957735258,69.5,1007.3
501,17,xgb,loso,Farasan - SWCC,16.692097,42.098767,01-11-2020 00:00,4516.0,4612.40283203125,96.40283203125,96.40283203125,9293.506023645401,2.134695129124225,29.4,3.4,1890.4,4170.0,0.3119266055045872,74.2,1010.2
502,17,xgb,loso,Farasan - SWCC,16.692097,42.098767,01-12-2020 00:00,4354.0,4429.53125,75.53125,75.53125,5704.9697265625,1.7347553973357834,27.8,3.5,1916.8,4141.7,0.31638194272509695,77.8,1011.4
503,17,xgb,loso,Farasan - SWCC,16.692097,42.098767,01-01-2021 00:00,4412.1,4458.90380859375,46.803808593749636,46.803808593749636,2190.596498880352,1.060805706891268,26.3,3.6,2203.7,3635.5,0.3773975887107823,78.0,1011.7
504,17,xgb,loso,Farasan - SWCC,16.692097,42.098767,01-02-2021 00:00,4754.9,4666.62646484375,-88.27353515624964,88.27353515624964,7792.217008981641,1.8564751131727195,26.3,3.7,2326.4,3596.9,0.3927540391335911,77.0,1011.0
505,17,xgb,loso,Farasan - SWCC,16.692097,42.098767,01-03-2021 00:00,6018.8,6153.50146484375,134.70146484374982,134.70146484374982,18144.484631051968,2.2380119765360176,28.1,3.5,2220.3,5150.2,0.3012414354521403,75.4,1008.6
506,17,xgb,loso,Farasan - SWCC,16.692097,42.098767,01-04-2021 00:00,6227.9,6339.673828125,111.77382812500036,111.77382812500036,12493.388653717122,1.7947274061080039,29.8,3.5,2461.4,4867.0,0.3358714043993232,72.9,1007.3
507,17,xgb,loso,Farasan - SWCC,16.692097,42.098767,01-05-2021 00:00,6185.8,6322.64599609375,136.84599609374982,136.84599609374982,18726.82664689059,2.212260275045262,32.4,3.2,2516.2,4683.6,0.34948193005361256,70.1,1004.5
508,17,xgb,loso,Farasan - SWCC,16.692097,42.098767,01-07-2021 00:00,5243.7,5551.2158203125,307.5158203125002,307.5158203125002,94565.9797424699,5.8644815743177565,33.9,4.5,3023.3,2656.4,0.5322992411571034,65.7,1001.0
509,17,xgb,loso,Farasan - SWCC,16.692097,42.098767,01-08-2021 00:00,5280.7,5637.30859375,356.6085937500002,356.6085937500002,127169.68913635267,6.7530553477758675,34.0,3.7,2857.8,2952.7,0.49183374924705275,69.8,1002.0
510,17,xgb,loso,Farasan - SWCC,16.692097,42.098767,01-09-2021 00:00,5434.2,5562.537109375,128.33710937500018,128.33710937500018,16470.41364273076,2.361655982021276,33.4,3.5,2661.9,3514.2,0.4310001457230291,72.5,1003.1
511,17,xgb,loso,Farasan - SWCC,16.692097,42.098767,01-11-2021 00:00,4738.7,4992.0615234375,253.36152343750018,253.36152343750018,64192.06155857095,5.346646199115796,30.0,2.8,1771.0,4685.4,0.2743014683105136,71.6,1009.6
512,17,xgb,loso,Farasan - SWCC,16.692097,42.098767,01-12-2021 00:00,4203.0,4437.48974609375,234.48974609375,234.48974609375,54985.44102311134,5.579104118338092,27.7,3.3,1834.2,4076.7,0.3103080749124499,76.0,1011.8
183,18,xgb,loso,Hada Al Sham - KAU,21.80117,39.72854,01-01-2017 00:00,4408.1,4374.138671875,-33.961328125000364,33.961328125000364,1153.3718080139408,0.7704300747487662,24.6,1.7,1576.4,4993.9,0.23992816157557498,61.0,987.8
184,18,xgb,loso,Hada Al Sham - KAU,21.80117,39.72854,01-02-2017 00:00,4151.0,4167.7412109375,16.7412109375,16.7412109375,280.26814365386963,0.40330549114671166,24.0,2.8,2232.5,2989.1,0.42755094223992646,46.8,987.3
185,18,xgb,loso,Hada Al Sham - KAU,21.80117,39.72854,01-03-2017 00:00,5374.8,5558.48046875,183.68046874999982,183.68046874999982,33738.514600219656,3.417438207003048,26.9,2.0,2605.2,3849.1,0.40363788482097207,50.7,983.8
186,18,xgb,loso,Hada Al Sham - KAU,21.80117,39.72854,01-04-2017 00:00,5999.1,6129.369140625,130.26914062499964,130.26914062499964,16970.04899917593,2.1714780654598127,31.7,2.1,2869.7,3937.6,0.42156214651917795,38.0,982.8
187,18,xgb,loso,Hada Al Sham - KAU,21.80117,39.72854,01-05-2017 00:00,6750.0,6668.6708984375,-81.3291015625,81.3291015625,6614.42276096344,1.2048755787037038,34.6,2.1,2984.3,4711.6,0.38777790771709614,33.4,981.4
188,18,xgb,loso,Hada Al Sham - KAU,21.80117,39.72854,01-06-2017 00:00,7303.9,7464.31201171875,160.41201171875036,160.41201171875036,25732.013503656504,2.196251478234236,35.2,2.0,2732.3,5928.5,0.3154789395898763,34.0,977.8
189,18,xgb,loso,Hada Al Sham - KAU,21.80117,39.72854,01-09-2017 00:00,6183.4,6516.46044921875,333.06044921875036,333.06044921875036,110929.26283379579,5.386364285324423,35.3,2.3,2651.4,4646.0,0.3633348863978952,43.3,979.9
190,18,xgb,loso,Hada Al Sham - KAU,21.80117,39.72854,01-10-2017 00:00,5780.6,5557.0048828125,-223.59511718750036,223.59511718750036,49994.77643009202,3.868026107800234,31.6,1.7,1732.9,6069.7,0.22209263578807065,49.6,983.2
191,18,xgb,loso,Hada Al Sham - KAU,21.80117,39.72854,01-11-2017 00:00,4581.6,4392.236328125,-189.36367187500036,189.36367187500036,35858.6002259828,4.13313409889559,28.4,1.7,1667.8,4858.2,0.2555623659209317,57.2,985.6
192,18,xgb,loso,Hada Al Sham - KAU,21.80117,39.72854,01-03-2018 00:00,6510.6,6743.0498046875,232.44980468749964,232.44980468749964,54032.91169925673,3.570328459550573,28.2,2.0,2220.1,6090.5,0.2671407599932616,38.4,984.3
193,18,xgb,loso,Hada Al Sham - KAU,21.80117,39.72854,01-04-2018 00:00,7066.7,7153.369140625,86.66914062500018,86.66914062500018,7511.539936676057,1.226444318069257,29.6,2.1,2751.0,5662.1,0.32699005122963,35.2,982.2
194,18,xgb,loso,Hada Al Sham - KAU,21.80117,39.72854,01-05-2018 00:00,7265.9,7298.25,32.350000000000364,32.350000000000364,1046.5225000000235,0.44523046009441863,33.9,2.5,3206.6,5161.2,0.38320705561796414,28.4,980.4
195,18,xgb,loso,Hada Al Sham - KAU,21.80117,39.72854,01-06-2018 00:00,7274.0,7382.3974609375,108.3974609375,108.3974609375,11750.009537696838,1.490204302137751,35.1,2.4,3182.3,5201.8,0.37956369795207595,30.0,978.2
196,18,xgb,loso,Hada Al Sham - KAU,21.80117,39.72854,01-07-2018 00:00,7251.2,7248.1708984375,-3.029101562499818,3.029101562499818,9.17545627593884,0.04177379692326537,34.5,2.2,2989.0,5476.0,0.35310100413467216,30.4,978.4
197,18,xgb,loso,Hada Al Sham - KAU,21.80117,39.72854,01-08-2018 00:00,6941.3,6872.41064453125,-68.88935546875018,68.88935546875018,4745.743296899821,0.9924561028733837,34.5,2.4,2558.4,5718.3,0.30910870274384716,35.0,978.6
198,18,xgb,loso,Hada Al Sham - KAU,21.80117,39.72854,01-09-2018 00:00,6064.4,6286.46533203125,222.06533203125036,222.06533203125036,49313.01169014947,3.6617857006670134,34.4,2.2,3019.6,3925.1,0.43480639912451224,48.7,980.2
199,18,xgb,loso,Hada Al Sham - KAU,21.80117,39.72854,01-10-2018 00:00,5283.7,5332.03173828125,48.33173828125018,48.33173828125018,2335.9569252872643,0.9147328251272816,31.2,2.1,2017.2,4820.8,0.29499853758408895,45.6,984.2
200,18,xgb,loso,Hada Al Sham - KAU,21.80117,39.72854,01-11-2018 00:00,3986.5,3794.398193359375,-192.101806640625,192.101806640625,36903.104114592075,4.818808645193152,26.0,1.7,1778.7,3773.0,0.32038834951456313,61.1,986.1
201,18,xgb,loso,Hada Al Sham - KAU,21.80117,39.72854,01-12-2018 00:00,3945.8,3915.32421875,-30.475781250000182,30.475781250000182,928.7732427978626,0.7723600093770637,24.3,1.7,1787.3,3944.5,0.31182176628633235,58.4,988.0
202,18,xgb,loso,Hada Al Sham - KAU,21.80117,39.72854,01-01-2019 00:00,4115.1,4108.9716796875,-6.128320312500364,6.128320312500364,37.55630985260456,0.14892275552235337,23.8,1.8,1989.4,3655.1,0.3524492869164674,60.7,988.1
203,18,xgb,loso,Hada Al Sham - KAU,21.80117,39.72854,01-02-2019 00:00,4777.5,4575.056640625,-202.443359375,202.443359375,40983.3137550354,4.237432953950812,24.0,2.3,2181.9,4078.1,0.34854632587859424,49.5,987.1
204,18,xgb,loso,Hada Al Sham - KAU,21.80117,39.72854,01-03-2019 00:00,6230.3,6438.97998046875,208.67998046874982,208.67998046874982,43547.33424843781,3.349437113281059,24.6,2.5,2349.6,5648.3,0.2937771164930794,41.6,985.8
205,18,xgb,loso,Hada Al Sham - KAU,21.80117,39.72854,01-04-2019 00:00,6906.5,6964.97265625,58.47265625,58.47265625,3419.051528930664,0.8466322486063852,29.1,2.3,2751.7,5575.1,0.3304630830571168,37.4,983.2
206,18,xgb,loso,Hada Al Sham - KAU,21.80117,39.72854,01-05-2019 00:00,6841.2,6731.5078125,-109.69218749999982,109.69218749999982,12032.375998535117,1.6034056525170994,33.1,2.0,2958.4,4915.1,0.3757414110624246,35.9,981.4
207,18,xgb,loso,Hada Al Sham - KAU,21.80117,39.72854,01-06-2019 00:00,6968.9,6963.005859375,-5.894140624999636,5.894140624999636,34.740893707271105,0.08457777590436993,35.6,2.4,3095.0,4821.7,0.3909457223338007,28.9,978.8
208,18,xgb,loso,Hada Al Sham - KAU,21.80117,39.72854,01-07-2019 00:00,7390.4,7464.47509765625,74.07509765625036,74.07509765625036,5487.120092783028,1.0023151339068301,34.8,2.2,2747.2,5982.0,0.3147138340283187,28.6,977.5
209,18,xgb,loso,Hada Al Sham - KAU,21.80117,39.72854,01-08-2019 00:00,6803.0,6651.92724609375,-151.07275390625,151.07275390625,22822.976972818375,2.2206784346060564,33.9,2.2,2516.4,5552.8,0.3118524760818916,41.9,979.3
210,18,xgb,loso,Hada Al Sham - KAU,21.80117,39.72854,01-09-2019 00:00,6277.8,6484.333984375,206.53398437499982,206.53398437499982,42656.28670181267,3.28991022930007,33.9,2.0,2587.3,4885.0,0.34625215797010295,42.5,979.5
211,18,xgb,loso,Hada Al Sham - KAU,21.80117,39.72854,01-10-2019 00:00,5533.9,5521.85986328125,-12.040136718749636,12.040136718749636,144.96489220618326,0.21757055094507738,30.5,1.6,1940.5,5294.1,0.26822491913858404,55.3,983.7
212,18,xgb,loso,Hada Al Sham - KAU,21.80117,39.72854,01-11-2019 00:00,4597.5,4451.396484375,-146.103515625,146.103515625,21346.23727798462,3.177890497553018,27.5,1.6,1673.9,4939.0,0.253126464939739,53.8,985.0
213,18,xgb,loso,Hada Al Sham - KAU,21.80117,39.72854,01-12-2019 00:00,4264.9,4164.2802734375,-100.61972656249964,100.61972656249964,10124.329373512195,2.3592517189734727,24.1,2.2,1568.1,4959.9,0.24021139705882352,51.5,987.3
214,18,xgb,loso,Hada Al Sham - KAU,21.80117,39.72854,01-01-2020 00:00,4793.9,4713.36669921875,-80.53330078124964,80.53330078124964,6485.612534723224,1.67991198776048,21.1,2.6,1408.0,6102.4,0.18747337025990626,45.1,989.5
215,18,xgb,loso,Hada Al Sham - KAU,21.80117,39.72854,01-02-2020 00:00,4873.9,4477.6748046875,-396.22519531249964,396.22519531249964,156994.40540042848,8.129530669740857,23.2,1.9,2217.0,4158.9,0.3477156166188303,50.2,988.3
216,18,xgb,loso,Hada Al Sham - KAU,21.80117,39.72854,01-03-2020 00:00,6432.5,6470.775390625,38.275390625,38.275390625,1465.005527496338,0.5950313350174893,25.7,2.0,2599.8,5377.8,0.32588748495788206,42.3,984.6
217,18,xgb,loso,Hada Al Sham - KAU,21.80117,39.72854,01-04-2020 00:00,7119.5,7228.05126953125,108.55126953125,108.55126953125,11783.378116846085,1.5247035540592737,28.8,1.8,2288.5,6487.8,0.26075908982145096,39.0,983.7
218,18,xgb,loso,Hada Al Sham - KAU,21.80117,39.72854,01-05-2020 00:00,7050.0,6972.58740234375,-77.41259765625,77.41259765625,5992.710275888443,1.0980510305851063,33.2,1.9,2672.2,5689.8,0.3195646974408036,32.7,982.0
219,18,xgb,loso,Hada Al Sham - KAU,21.80117,39.72854,01-09-2020 00:00,6392.7,6519.29638671875,126.59638671875018,126.59638671875018,16026.645130243347,1.9803273533679069,35.3,1.7,2400.9,5322.1,0.3108766023565972,39.7,979.1
220,18,xgb,loso,Hada Al Sham - KAU,21.80117,39.72854,01-10-2020 00:00,6037.1,6304.72314453125,267.62314453124964,267.62314453124964,71622.14748879413,4.43297517899736,32.1,1.9,1615.5,6810.4,0.1917302602689327,34.0,983.7
221,18,xgb,loso,Hada Al Sham - KAU,21.80117,39.72854,01-11-2020 00:00,4634.0,4499.26904296875,-134.73095703125,134.73095703125,18152.430782556534,2.907444044696806,27.5,1.2,1625.3,5119.0,0.24098868674287915,56.3,986.2
222,18,xgb,loso,Hada Al Sham - KAU,21.80117,39.72854,01-12-2020 00:00,4165.0,4135.06005859375,-29.93994140625,29.93994140625,896.4000914096832,0.7188461322028812,25.3,1.3,1731.9,4494.3,0.2781632456393948,51.3,987.1
223,18,xgb,loso,Hada Al Sham - KAU,21.80117,39.72854,01-01-2021 00:00,4611.0,5098.33251953125,487.33251953125,487.33251953125,237492.98459267616,10.56891172264693,24.0,1.8,1760.7,5016.3,0.2598052235502435,51.5,987.5
224,18,xgb,loso,Hada Al Sham - KAU,21.80117,39.72854,01-02-2021 00:00,4965.1,4724.3349609375,-240.76503906250036,240.76503906250036,57967.80403476732,4.849147833125221,23.6,1.9,1893.5,4859.5,0.2803938990078484,52.3,987.0
225,18,xgb,loso,Hada Al Sham - KAU,21.80117,39.72854,01-03-2021 00:00,6314.5,5975.88232421875,-338.61767578125,338.61767578125,114661.93035149574,5.362541385402645,27.5,1.6,2368.3,5520.5,0.30021042490619615,43.5,984.3
226,18,xgb,loso,Hada Al Sham - KAU,21.80117,39.72854,01-04-2021 00:00,6643.7,6788.57958984375,144.87958984375018,144.87958984375018,20990.095553293282,2.1807063811392777,30.1,1.8,2883.8,4884.1,0.3712457678394418,39.1,983.2
227,18,xgb,loso,Hada Al Sham - KAU,21.80117,39.72854,01-05-2021 00:00,7513.3,7584.44140625,71.14140624999982,71.14140624999982,5061.099683227513,0.9468729619474774,33.2,1.6,2374.0,6797.4,0.2588481584054779,34.8,980.7
228,18,xgb,loso,Hada Al Sham - KAU,21.80117,39.72854,01-07-2021 00:00,6766.8,6666.2275390625,-100.57246093750018,100.57246093750018,10114.819899025,1.486263240194777,34.3,2.0,3150.5,4548.7,0.4091983582709892,38.0,977.1
229,18,xgb,loso,Hada Al Sham - KAU,21.80117,39.72854,01-08-2021 00:00,6800.4,7035.36474609375,234.96474609375036,234.96474609375036,55208.43190690058,3.4551606683981877,35.3,1.8,2800.2,5117.3,0.35367224502683925,39.6,978.0
230,18,xgb,loso,Hada Al Sham - KAU,21.80117,39.72854,01-09-2021 00:00,6135.9,6404.0947265625,268.19472656250036,268.19472656250036,71928.41135593434,4.370910975773731,33.5,1.6,2779.0,4433.0,0.3853300055463117,47.7,979.4
231,18,xgb,loso,Hada Al Sham - KAU,21.80117,39.72854,01-10-2021 00:00,5756.3,5748.36474609375,-7.935253906250182,7.935253906250182,62.96825455665877,0.1378533764093286,31.8,1.4,1873.8,5781.3,0.24477799114315946,44.2,983.1
232,18,xgb,loso,Hada Al Sham - KAU,21.80117,39.72854,01-11-2021 00:00,4633.4,4805.66552734375,172.26552734375036,172.26552734375036,29675.411911020405,3.717907526735235,27.7,1.2,1433.6,5484.8,0.2072155411655874,50.8,985.4
233,18,xgb,loso,Hada Al Sham - KAU,21.80117,39.72854,01-12-2021 00:00,4082.8,4047.765869140625,-35.03413085937518,35.03413085937518,1227.3903250718245,0.8580907920881546,24.9,1.2,1664.7,4401.5,0.2744222083017375,53.1,987.4
1508,19,xgb,loso,Hafar Al Batin - TVTC,28.33202,45.95708,01-01-2017 00:00,3902.6,3836.685546875,-65.91445312499991,65.91445312499991,4344.7151307678105,1.6889881905652617,12.7,4.3,1535.2,4742.4,0.24455205811138017,43.6,973.2
1509,19,xgb,loso,Hafar Al Batin - TVTC,28.33202,45.95708,01-02-2017 00:00,4710.6,4907.3818359375,196.78183593749964,196.78183593749964,38723.090954933024,4.177426143962545,12.3,4.4,1876.9,5046.3,0.27110295816963254,36.8,973.8
1510,19,xgb,loso,Hafar Al Batin - TVTC,28.33202,45.95708,01-03-2017 00:00,5192.7,5121.03759765625,-71.66240234374982,71.66240234374982,5135.499909677479,1.380060514640742,20.7,5.1,2670.1,3775.7,0.41423872909491455,40.2,967.8
1511,19,xgb,loso,Hafar Al Batin - TVTC,28.33202,45.95708,01-04-2017 00:00,5980.1,5964.76416015625,-15.335839843750364,15.335839843750364,235.18798371316117,0.25644788287403825,27.7,5.3,3244.6,3715.0,0.4662049543077188,25.5,967.4
1512,19,xgb,loso,Hafar Al Batin - TVTC,28.33202,45.95708,01-05-2017 00:00,6822.1,6747.943359375,-74.15664062500036,74.15664062500036,5499.207348785454,1.087006063015792,34.1,4.8,3760.3,3863.1,0.49325760159508886,17.2,964.0
1513,19,xgb,loso,Hafar Al Batin - TVTC,28.33202,45.95708,01-06-2017 00:00,8093.5,8170.11767578125,76.61767578125,76.61767578125,5870.268242120743,0.9466568948075617,37.2,5.5,2295.8,7768.6,0.22811096538293388,11.3,960.3
1514,19,xgb,loso,Hafar Al Batin - TVTC,28.33202,45.95708,01-09-2017 00:00,6699.5,6978.86376953125,279.36376953125,279.36376953125,78044.11572670937,4.1699196885028735,36.3,4.2,2163.1,6523.4,0.24901859206815172,12.1,963.1
1515,19,xgb,loso,Hafar Al Batin - TVTC,28.33202,45.95708,01-10-2017 00:00,5477.1,5621.94091796875,144.84091796874964,144.84091796874964,20978.89151803006,2.644481896783875,29.6,4.5,1988.4,5629.1,0.2610305218247457,20.9,967.5
1516,19,xgb,loso,Hafar Al Batin - TVTC,28.33202,45.95708,01-11-2017 00:00,4058.3,4597.9931640625,539.6931640624998,539.6931640624998,291268.7113357923,13.298503414299084,21.0,4.1,1820.8,4263.4,0.29926695374905493,35.2,971.6
1517,19,xgb,loso,Hafar Al Batin - TVTC,28.33202,45.95708,01-03-2018 00:00,5984.3,5333.560546875,-650.7394531250002,650.7394531250002,423461.83585342433,10.874111477115122,23.6,4.4,2586.4,5077.5,0.3374783073891883,24.3,968.4
1518,19,xgb,loso,Hafar Al Batin - TVTC,28.33202,45.95708,01-04-2018 00:00,6230.0,6207.6630859375,-22.3369140625,22.3369140625,498.93772983551025,0.3585379464285714,25.1,4.5,3517.5,3686.9,0.48824329576369996,36.1,965.4
1519,19,xgb,loso,Hafar Al Batin - TVTC,28.33202,45.95708,01-05-2018 00:00,7129.9,7178.77734375,48.877343750000364,48.877343750000364,2388.9947320557,0.6855263573121694,31.6,4.3,3506.6,4693.5,0.42762893135449564,22.2,963.7
1520,19,xgb,loso,Hafar Al Batin - TVTC,28.33202,45.95708,01-06-2018 00:00,7805.1,7683.7080078125,-121.39199218750036,121.39199218750036,14736.01576725015,1.5552906713238825,36.0,6.1,3209.5,5972.5,0.3495425833151819,13.8,959.1
1521,19,xgb,loso,Hafar Al Batin - TVTC,28.33202,45.95708,01-07-2018 00:00,7640.7,7691.13427734375,50.43427734375018,50.43427734375018,2543.616331186313,0.6600740422179929,37.0,6.6,2769.3,6397.1,0.3021142433234421,12.5,956.4
1522,19,xgb,loso,Hafar Al Batin - TVTC,28.33202,45.95708,01-08-2018 00:00,7509.3,7543.65478515625,34.35478515624982,34.35478515624982,1180.2512631320828,0.4574965064153758,36.3,5.4,1881.0,7857.0,0.19316081330868762,13.9,958.2
1523,19,xgb,loso,Hafar Al Batin - TVTC,28.33202,45.95708,01-09-2018 00:00,6395.5,6530.5361328125,135.0361328125,135.0361328125,18234.75716495514,2.111424170315065,36.6,4.0,2380.7,5730.7,0.2935005054614493,13.1,963.0
1524,19,xgb,loso,Hafar Al Batin - TVTC,28.33202,45.95708,01-10-2018 00:00,5214.2,5573.5654296875,359.3654296875002,359.3654296875002,129143.51205448163,6.89205304145411,28.5,4.0,2070.6,5040.5,0.2911785799665312,28.0,968.9
1525,19,xgb,loso,Hafar Al Batin - TVTC,28.33202,45.95708,01-11-2018 00:00,3269.8,3672.768310546875,402.9683105468748,402.9683105468748,162383.45930500253,12.323943683004305,17.4,3.9,1705.9,3019.9,0.3609759194210504,78.1,972.2
1526,19,xgb,loso,Hafar Al Batin - TVTC,28.33202,45.95708,01-12-2018 00:00,3483.6,3333.354736328125,-150.2452636718749,150.2452636718749,22573.639255831215,4.312930981509786,15.0,4.1,1556.9,3977.4,0.28131832390726924,66.6,973.8
1527,19,xgb,loso,Hafar Al Batin - TVTC,28.33202,45.95708,01-02-2019 00:00,4466.5,4857.38623046875,390.88623046875,390.88623046875,152792.04517006874,8.751510813136685,14.4,4.3,1811.9,4751.4,0.2760653939329301,49.9,972.1
1528,19,xgb,loso,Hafar Al Batin - TVTC,28.33202,45.95708,01-03-2019 00:00,5871.1,5813.0029296875,-58.097070312500364,58.097070312500364,3375.269578895611,0.9895431914377264,18.1,5.7,2266.7,5595.6,0.28829986136372304,34.5,968.5
1529,19,xgb,loso,Hafar Al Batin - TVTC,28.33202,45.95708,01-04-2019 00:00,6712.2,6647.53515625,-64.66484374999982,64.66484374999982,4181.54201721189,0.9633926842167967,23.8,4.9,2708.0,5520.2,0.32911207797574193,30.9,966.9
1530,19,xgb,loso,Hafar Al Batin - TVTC,28.33202,45.95708,01-05-2019 00:00,7069.7,7037.8994140625,-31.800585937499818,31.800585937499818,1011.2772659683112,0.44981521051105167,32.8,4.4,3250.1,4945.1,0.396585806325654,17.4,964.2
1531,19,xgb,loso,Hafar Al Batin - TVTC,28.33202,45.95708,01-06-2019 00:00,8091.9,7954.83984375,-137.06015624999964,137.06015624999964,18785.486431274316,1.6937944889333736,37.6,5.1,2219.0,7868.3,0.21997957828160164,11.3,960.2
1532,19,xgb,loso,Hafar Al Batin - TVTC,28.33202,45.95708,01-07-2019 00:00,8045.2,8136.77197265625,91.57197265625018,91.57197265625018,8385.42617615703,1.1382187224214462,37.1,5.7,1892.6,8414.4,0.18362278063452023,12.4,956.9
1533,19,xgb,loso,Hafar Al Batin - TVTC,28.33202,45.95708,01-08-2019 00:00,7512.5,7662.2001953125,149.7001953125,149.7001953125,22410.148476600647,1.9926814683860234,37.1,5.8,2008.3,7588.7,0.20926331145149527,12.1,958.2
1534,19,xgb,loso,Hafar Al Batin - TVTC,28.33202,45.95708,01-09-2019 00:00,6538.0,6676.1416015625,138.1416015625,138.1416015625,19083.102082252502,2.112903052347813,35.7,3.8,1896.7,6757.5,0.21916526079822513,14.8,962.5
1535,19,xgb,loso,Hafar Al Batin - TVTC,28.33202,45.95708,01-10-2019 00:00,4904.8,5420.1650390625,515.3650390624998,515.3650390624998,265601.123487892,10.507360933422358,29.7,4.0,2146.8,4383.0,0.32876964072406506,32.7,967.1
1536,19,xgb,loso,Hafar Al Batin - TVTC,28.33202,45.95708,01-11-2019 00:00,3795.8,3572.048095703125,-223.75190429687518,223.75190429687518,50064.91467647799,5.894723228222645,19.4,3.7,1668.2,4093.0,0.289557731028258,46.4,971.4
1537,19,xgb,loso,Hafar Al Batin - TVTC,28.33202,45.95708,01-12-2019 00:00,3700.1,3626.531494140625,-73.56850585937491,73.56850585937491,5412.32505438088,1.9882842587869223,14.5,4.5,1121.3,5525.4,0.16870025727052523,52.2,972.1
1538,19,xgb,loso,Hafar Al Batin - TVTC,28.33202,45.95708,01-01-2020 00:00,4174.6,4283.23681640625,108.63681640624964,108.63681640624964,11801.95787888519,2.602328759791348,12.1,4.8,1183.7,6099.9,0.1625157888956011,45.0,972.7
1539,19,xgb,loso,Hafar Al Batin - TVTC,28.33202,45.95708,01-02-2020 00:00,4878.4,5163.853515625,285.45351562500036,285.45351562500036,81483.70958267232,5.851375771256977,15.4,5.4,1817.0,5455.0,0.24986248624862487,36.6,971.9
1540,19,xgb,loso,Hafar Al Batin - TVTC,28.33202,45.95708,01-03-2020 00:00,5863.8,5943.2138671875,79.41386718749982,79.41386718749982,6306.56230167386,1.354307227182029,19.9,5.3,2339.1,5400.9,0.3022093023255814,33.9,967.6
1541,19,xgb,loso,Hafar Al Batin - TVTC,28.33202,45.95708,01-04-2020 00:00,6630.8,6728.8525390625,98.05253906249982,98.05253906249982,9614.300416603053,1.4787437271897783,25.9,4.9,3014.2,5000.1,0.3761027163944449,27.8,965.5
1542,19,xgb,loso,Hafar Al Batin - TVTC,28.33202,45.95708,01-05-2020 00:00,7335.8,7340.0830078125,4.283007812499818,4.283007812499818,18.344155921934476,0.0583850133932198,31.5,4.8,3154.7,5501.1,0.3644608239561912,16.4,964.7
1543,19,xgb,loso,Hafar Al Batin - TVTC,28.33202,45.95708,01-09-2020 00:00,6631.2,7199.4521484375,568.2521484375002,568.2521484375002,322910.50420383475,8.569371281781581,35.5,4.0,1854.5,7033.9,0.20864272534989425,12.4,962.4
1544,19,xgb,loso,Hafar Al Batin - TVTC,28.33202,45.95708,01-10-2020 00:00,5695.4,6042.0751953125,346.67519531250036,346.67519531250036,120183.69104496027,6.086933232301513,27.2,3.1,1214.4,7657.2,0.13688624374408223,16.8,968.7
1545,19,xgb,loso,Hafar Al Batin - TVTC,28.33202,45.95708,01-11-2020 00:00,3830.6,4389.45263671875,558.8526367187501,558.8526367187501,312316.2695674993,14.589167146628467,20.3,4.4,1696.9,4056.9,0.2949181410546074,47.0,970.9
1546,19,xgb,loso,Hafar Al Batin - TVTC,28.33202,45.95708,01-12-2020 00:00,3067.8,3262.299072265625,194.49907226562482,194.49907226562482,37829.88911218874,6.340018002008763,13.5,3.1,1335.2,3665.1,0.26702397856128635,65.9,974.4
1547,19,xgb,loso,Hafar Al Batin - TVTC,28.33202,45.95708,01-01-2021 00:00,3939.0,3862.91162109375,-76.08837890625,76.08837890625,5789.44140458107,1.9316674005140897,13.3,3.4,1482.7,4943.7,0.2307201543632516,43.7,974.3
1548,19,xgb,loso,Hafar Al Batin - TVTC,28.33202,45.95708,01-02-2021 00:00,4359.8,4729.83251953125,370.0325195312498,370.0325195312498,136924.06551064478,8.487373721988389,15.5,4.1,1756.2,4525.7,0.27956509973097315,47.8,972.5
1549,19,xgb,loso,Hafar Al Batin - TVTC,28.33202,45.95708,01-03-2021 00:00,5652.9,5834.6103515625,181.71035156250036,181.71035156250036,33018.651864967476,3.2144625159210385,21.2,5.0,2619.0,4537.6,0.3659559008467708,26.9,968.6
1550,19,xgb,loso,Hafar Al Batin - TVTC,28.33202,45.95708,01-04-2021 00:00,6570.6,6509.5224609375,-61.077539062500364,61.077539062500364,3730.465777931258,0.9295580169619267,27.8,4.7,2763.5,5212.9,0.3464595556892834,17.3,967.3
1551,19,xgb,loso,Hafar Al Batin - TVTC,28.33202,45.95708,01-05-2021 00:00,7198.4,7249.224609375,50.824609375000364,50.824609375000364,2583.140918121375,0.7060542533757552,34.0,4.2,2706.7,5982.7,0.31149446451998986,12.9,962.4
1552,19,xgb,loso,Hafar Al Batin - TVTC,28.33202,45.95708,01-07-2021 00:00,7820.6,7851.6328125,31.032812499999636,31.032812499999636,963.0354516601336,0.3968085888550704,39.4,4.5,2191.7,7567.2,0.22458473803399973,12.5,956.0
1553,19,xgb,loso,Hafar Al Batin - TVTC,28.33202,45.95708,01-08-2021 00:00,7351.9,7239.81201171875,-112.08798828124964,112.08798828124964,12563.717116937556,1.5246125257586425,37.9,4.0,2074.4,7244.1,0.2226109352363578,13.2,958.8
1554,19,xgb,loso,Hafar Al Batin - TVTC,28.33202,45.95708,01-09-2021 00:00,6662.7,7302.90478515625,640.2047851562502,640.2047851562502,409862.1669369605,9.608789006802802,33.6,4.1,1649.2,7565.5,0.17897489880299955,15.7,962.5
1555,19,xgb,loso,Hafar Al Batin - TVTC,28.33202,45.95708,01-10-2021 00:00,5328.4,5592.8828125,264.48281250000036,264.48281250000036,69951.15810791035,4.963644105172292,29.2,3.6,1722.6,5921.6,0.22534732215274322,20.3,968.0
1556,19,xgb,loso,Hafar Al Batin - TVTC,28.33202,45.95708,01-11-2021 00:00,4208.3,4432.486328125,224.18632812499982,224.18632812499982,50259.509718170084,5.327242072214429,20.6,3.8,1460.7,5313.9,0.2156142060047826,32.2,971.0
1557,19,xgb,loso,Hafar Al Batin - TVTC,28.33202,45.95708,01-12-2021 00:00,3209.2,3417.06591796875,207.86591796875018,207.86591796875018,43208.23985299118,6.477188020963174,14.3,3.7,1624.8,3357.8,0.32609480993858625,48.7,973.2
1371,20,xgb,loso,Hagl - SWCC,29.28997,34.93002,01-01-2017 00:00,3583.5,3770.94384765625,187.44384765625,187.44384765625,35135.19602417946,5.230747806788057,16.9,6.9,1209.4,4966.8,0.1958161976619928,50.7,1015.9
1372,20,xgb,loso,Hagl - SWCC,29.28997,34.93002,01-02-2017 00:00,4743.2,4857.02587890625,113.82587890625018,113.82587890625018,12956.33070878033,2.3997697526195436,17.7,6.5,1326.0,6195.3,0.1762993099597144,45.7,1016.2
1373,20,xgb,loso,Hagl - SWCC,29.28997,34.93002,01-03-2017 00:00,5558.3,5119.48193359375,-438.8180664062502,438.8180664062502,192561.2954045202,7.894825151687569,21.3,6.1,1606.2,6199.7,0.20576743232682973,50.5,1010.3
1374,20,xgb,loso,Hagl - SWCC,29.28997,34.93002,01-04-2017 00:00,6497.3,6456.697265625,-40.60273437500018,40.60273437500018,1648.5820387268213,0.624917032844415,24.9,6.7,2098.2,6201.1,0.25281650259660454,47.1,1010.0
1375,20,xgb,loso,Hagl - SWCC,29.28997,34.93002,01-05-2017 00:00,7248.7,7534.46240234375,285.7624023437502,285.7624023437502,81660.15059327136,3.942257264664701,27.9,6.1,1730.9,7562.2,0.18625646985397767,46.4,1008.0
1376,20,xgb,loso,Hagl - SWCC,29.28997,34.93002,01-06-2017 00:00,7480.6,6781.630859375,-698.9691406250004,698.9691406250004,488557.85954605154,9.343757728323936,29.7,7.3,1297.0,8543.8,0.13179822778635883,49.7,1005.2
1377,20,xgb,loso,Hagl - SWCC,29.28997,34.93002,01-09-2017 00:00,6280.5,6619.091796875,338.591796875,338.591796875,114644.40491104126,5.391159889738078,29.5,7.6,1554.4,7044.8,0.180761001023351,60.7,1006.9
1378,20,xgb,loso,Hagl - SWCC,29.28997,34.93002,01-10-2017 00:00,5308.3,4971.7158203125,-336.5841796875002,336.5841796875002,113288.91001590742,6.340715100644277,26.5,6.7,1177.5,7072.0,0.14273592338929633,57.8,1010.4
1379,20,xgb,loso,Hagl - SWCC,29.28997,34.93002,01-11-2017 00:00,4213.1,4309.22607421875,96.12607421874964,96.12607421874964,9240.222144708563,2.2815996349184595,22.7,6.9,1172.9,6017.5,0.16312027147307523,55.3,1012.8
1380,20,xgb,loso,Hagl - SWCC,29.28997,34.93002,01-03-2018 00:00,6067.1,6082.302734375,15.202734374999636,15.202734374999636,231.12313247679558,0.25057662433451955,23.4,6.1,1877.6,6505.4,0.2239770965048312,43.1,1010.2
1381,20,xgb,loso,Hagl - SWCC,29.28997,34.93002,01-04-2018 00:00,6662.6,6507.01318359375,-155.58681640625036,155.58681640625036,24207.25743943226,2.3352267344017403,24.8,5.9,2386.5,5939.1,0.2866460074949553,44.6,1008.0
1382,20,xgb,loso,Hagl - SWCC,29.28997,34.93002,01-05-2018 00:00,6864.1,6877.44677734375,13.346777343749636,13.346777343749636,178.13646546362858,0.19444322407525583,29.3,4.9,2875.1,5215.4,0.3553674062171683,42.7,1005.5
1383,20,xgb,loso,Hagl - SWCC,29.28997,34.93002,01-06-2018 00:00,7953.3,7637.34423828125,-315.9557617187502,315.9557617187502,99828.04336327565,3.9726372916745274,30.3,6.8,1845.1,8272.2,0.18237079062595749,46.0,1004.5
1384,20,xgb,loso,Hagl - SWCC,29.28997,34.93002,01-07-2018 00:00,7799.3,7615.5849609375,-183.71503906250018,183.71503906250018,33751.215577735966,2.355532407555809,31.4,5.3,1649.4,8439.4,0.16348822456585524,47.3,1002.7
1385,20,xgb,loso,Hagl - SWCC,29.28997,34.93002,01-08-2018 00:00,7365.1,7257.0341796875,-108.06582031250036,108.06582031250036,11678.221519813616,1.4672688804293268,31.2,7.0,1215.1,8765.8,0.12174252822891722,52.4,1003.6
1386,20,xgb,loso,Hagl - SWCC,29.28997,34.93002,01-09-2018 00:00,6092.9,5861.59716796875,-231.30283203124964,231.30283203124964,53501.00010567648,3.796268312810807,29.9,7.8,1860.6,6244.5,0.22955916645075322,54.5,1006.4
1387,20,xgb,loso,Hagl - SWCC,29.28997,34.93002,01-10-2018 00:00,5005.6,4878.05078125,-127.54921875000036,127.54921875000036,16268.803203735444,2.5481304688748674,27.4,6.5,1624.0,5618.9,0.2242195805547502,54.2,1010.0
1388,20,xgb,loso,Hagl - SWCC,29.28997,34.93002,01-11-2018 00:00,4118.3,4246.08056640625,127.78056640624982,127.78056640624982,16327.87315110202,3.1027503194582673,23.5,5.7,1182.7,5706.6,0.17167201312179758,50.7,1011.9
1389,20,xgb,loso,Hagl - SWCC,29.28997,34.93002,01-12-2018 00:00,3741.9,4135.20361328125,393.3036132812499,393.3036132812499,154687.73222008697,10.510799681478659,19.4,5.5,994.5,5997.1,0.1422421191143658,48.5,1015.3
1390,20,xgb,loso,Hagl - SWCC,29.28997,34.93002,01-01-2019 00:00,3689.0,3764.7607421875,75.7607421875,75.7607421875,5739.690056800842,2.0536932010707507,17.9,4.6,1455.0,4569.2,0.24152584575545302,44.6,1014.3
1391,20,xgb,loso,Hagl - SWCC,29.28997,34.93002,01-02-2019 00:00,4761.4,4473.46435546875,-287.93564453124964,287.93564453124964,82906.93539162615,6.047289547848314,18.8,5.2,1379.3,6049.8,0.18566178944959685,45.7,1014.3
1392,20,xgb,loso,Hagl - SWCC,29.28997,34.93002,01-03-2019 00:00,5880.7,5040.13525390625,-840.5647460937498,840.5647460937498,706549.0923756501,14.293617190024143,20.0,5.6,1746.0,6498.0,0.21179039301310043,45.0,1012.4
1393,20,xgb,loso,Hagl - SWCC,29.28997,34.93002,01-04-2019 00:00,6665.1,6709.71826171875,44.618261718749636,44.618261718749636,1990.7892788028391,0.6694312421231434,23.0,6.0,2146.5,6370.0,0.25204015734163093,44.9,1010.3
1394,20,xgb,loso,Hagl - SWCC,29.28997,34.93002,01-05-2019 00:00,7078.2,6931.09716796875,-147.10283203124982,147.10283203124982,21639.243191614096,2.0782519854094237,28.3,5.8,2163.4,6630.6,0.2460086422560837,40.5,1007.0
1395,20,xgb,loso,Hagl - SWCC,29.28997,34.93002,01-06-2019 00:00,7575.9,7514.6142578125,-61.285742187499636,61.285742187499636,3755.9421954726727,0.8089565884911316,30.6,5.4,1772.0,7819.5,0.1847469113277381,47.5,1005.0
1396,20,xgb,loso,Hagl - SWCC,29.28997,34.93002,01-07-2019 00:00,7943.0,7334.81201171875,-608.18798828125,608.18798828125,369892.6290895939,7.656905303805238,31.4,5.9,1405.7,9070.0,0.13418673692450145,47.4,1002.5
1397,20,xgb,loso,Hagl - SWCC,29.28997,34.93002,01-08-2019 00:00,7335.0,7387.23095703125,52.23095703125,52.23095703125,2728.072872400284,0.712078487133606,31.8,5.1,1369.2,8400.7,0.14014473024288884,50.6,1003.6
1398,20,xgb,loso,Hagl - SWCC,29.28997,34.93002,01-09-2019 00:00,6414.9,6527.07177734375,112.17177734375036,112.17177734375036,12582.507632455907,1.7486130312826447,29.3,7.6,1303.6,7710.3,0.14462108521283795,57.5,1006.0
1399,20,xgb,loso,Hagl - SWCC,29.28997,34.93002,01-10-2019 00:00,5094.8,4979.873046875,-114.92695312500018,114.92695312500018,13208.20455459599,2.25576966956505,27.3,6.3,1307.9,6387.8,0.16995205114544484,56.2,1009.2
1400,20,xgb,loso,Hagl - SWCC,29.28997,34.93002,01-11-2019 00:00,4235.4,4340.17041015625,104.77041015625036,104.77041015625036,10976.83884430893,2.47368395325708,24.5,5.1,1197.9,5960.9,0.16733251382913342,44.3,1011.4
1401,20,xgb,loso,Hagl - SWCC,29.28997,34.93002,01-12-2019 00:00,3858.7,4239.60498046875,380.9049804687502,380.9049804687502,145088.60414589895,9.871329216283987,19.7,4.3,967.5,6272.7,0.1336289052788597,44.5,1014.8
1402,20,xgb,loso,Hagl - SWCC,29.28997,34.93002,01-01-2020 00:00,3731.0,3880.78271484375,149.78271484375,149.78271484375,22434.861665964127,4.014546096053337,16.7,4.4,1121.0,5386.5,0.17226277372262774,47.9,1017.4
1403,20,xgb,loso,Hagl - SWCC,29.28997,34.93002,01-02-2020 00:00,4778.0,4527.03271484375,-250.96728515625,250.96728515625,62984.5782186985,5.252559337719758,18.1,4.6,1219.8,6475.9,0.1585040996920358,51.2,1015.7
1404,20,xgb,loso,Hagl - SWCC,29.28997,34.93002,01-03-2020 00:00,5607.3,5364.11767578125,-243.18232421875018,243.18232421875018,59137.64281243333,4.336888060541619,20.7,4.7,1968.0,5681.5,0.2572717171056932,50.0,1010.5
1405,20,xgb,loso,Hagl - SWCC,29.28997,34.93002,01-04-2020 00:00,6767.8,6753.19921875,-14.600781250000182,14.600781250000182,213.18281311035688,0.21573895874582852,23.5,6.0,2123.8,6580.8,0.24398593846931507,49.7,1009.2
1406,20,xgb,loso,Hagl - SWCC,29.28997,34.93002,01-05-2020 00:00,7163.3,6671.94580078125,-491.3541992187502,491.3541992187502,241428.94908989925,6.859327394060701,27.5,5.8,1935.2,7163.8,0.2126827123859765,43.3,1008.0
1407,20,xgb,loso,Hagl - SWCC,29.28997,34.93002,01-09-2020 00:00,6086.8,6022.3349609375,-64.46503906250018,64.46503906250018,4155.741261329675,1.059095732774203,32.1,6.5,1840.4,6202.2,0.22883147240941984,52.7,1004.9
1408,20,xgb,loso,Hagl - SWCC,29.28997,34.93002,01-10-2020 00:00,5200.8,5479.4580078125,278.6580078124998,278.6580078124998,77650.28531803121,5.357983537388475,28.9,5.8,1280.4,6602.2,0.1624337147641641,55.2,1009.6
1409,20,xgb,loso,Hagl - SWCC,29.28997,34.93002,01-11-2020 00:00,4228.7,4360.40869140625,131.70869140625018,131.70869140625018,17347.17939194684,3.1146378652127176,23.7,5.4,1018.4,6326.1,0.13866158349785554,50.6,1012.3
1410,20,xgb,loso,Hagl - SWCC,29.28997,34.93002,01-12-2020 00:00,3585.6,3886.548828125,300.9488281250001,300.9488281250001,90570.19714981085,8.393262721022984,21.0,5.4,1127.8,5298.5,0.17549756469508113,49.1,1014.0
1411,20,xgb,loso,Hagl - SWCC,29.28997,34.93002,01-01-2021 00:00,3970.8,4188.55517578125,217.75517578124982,217.75517578124982,47417.31657952301,5.483911951779233,19.8,5.7,1159.1,5757.5,0.16758233814301823,45.2,1015.0
1412,20,xgb,loso,Hagl - SWCC,29.28997,34.93002,01-02-2021 00:00,4891.3,4722.1474609375,-169.15253906250018,169.15253906250018,28612.58147129065,3.45823276148468,19.8,5.9,1226.0,6526.8,0.15813641523062635,49.4,1014.2
1413,20,xgb,loso,Hagl - SWCC,29.28997,34.93002,01-03-2021 00:00,6155.0,5851.04443359375,-303.95556640625,303.95556640625,92388.98634934425,4.938352013099107,21.1,6.9,1819.4,6718.9,0.21308691425693643,46.2,1012.2
1414,20,xgb,loso,Hagl - SWCC,29.28997,34.93002,01-04-2021 00:00,7286.0,7253.25,-32.75,32.75,1072.5625,0.4494921767773813,24.8,6.5,1940.6,7505.9,0.2054305827555179,41.6,1010.7
1415,20,xgb,loso,Hagl - SWCC,29.28997,34.93002,01-05-2021 00:00,7801.4,7648.162109375,-153.23789062499964,153.23789062499964,23481.85112319935,1.9642357862050355,29.1,5.5,1874.0,8142.2,0.18709690301711226,41.3,1006.8
1416,20,xgb,loso,Hagl - SWCC,29.28997,34.93002,01-07-2021 00:00,7859.4,7661.4873046875,-197.91269531249964,197.91269531249964,39169.434965858316,2.518165449175505,31.6,4.9,1346.5,9040.0,0.12963943580609444,47.4,1001.9
1417,20,xgb,loso,Hagl - SWCC,29.28997,34.93002,01-08-2021 00:00,7092.8,7248.40673828125,155.60673828124982,155.60673828124982,24213.45699852938,2.193868969676994,32.2,5.0,1620.8,7617.8,0.17543783690169504,50.8,1003.0
1418,20,xgb,loso,Hagl - SWCC,29.28997,34.93002,01-09-2021 00:00,6335.6,6369.41552734375,33.815527343749636,33.815527343749636,1143.4898895358792,0.5337383569630285,29.5,3.8,1365.9,7494.1,0.1541647855530474,53.8,1006.6
1419,20,xgb,loso,Hagl - SWCC,29.28997,34.93002,01-10-2021 00:00,5029.6,4773.3984375,-256.20156250000036,256.20156250000036,65639.2406274416,5.093875506998575,26.9,0.0,1368.1,6158.4,0.1817710755331163,55.8,1010.4
1420,20,xgb,loso,Hagl - SWCC,29.28997,34.93002,01-11-2021 00:00,4057.2,4112.875,55.67500000000018,55.67500000000018,3099.70562500002,1.3722517992704373,24.3,0.0,1119.1,5762.7,0.16261733848702375,50.2,1012.2
1421,20,xgb,loso,Hagl - SWCC,29.28997,34.93002,01-12-2021 00:00,3391.2,3455.94970703125,64.74970703125018,64.74970703125018,4192.524560632729,1.9093449820491326,19.7,0.0,1366.7,4299.0,0.2412235028328362,47.9,1014.6
309,21,xgb,loso,Hail - TVTC,27.65261,41.70826,01-01-2017 00:00,4169.5,4231.81787109375,62.31787109375,62.31787109375,3883.517057657242,1.4946125697026023,12.2,3.4,1329.8,5620.2,0.19133812949640286,35.6,912.4
310,21,xgb,loso,Hail - TVTC,27.65261,41.70826,01-02-2017 00:00,5086.2,4973.16845703125,-113.03154296874982,113.03154296874982,12776.129705896337,2.222318095410126,10.8,3.5,1599.7,6100.3,0.20775324675324675,28.4,912.7
311,21,xgb,loso,Hail - TVTC,27.65261,41.70826,01-03-2017 00:00,5446.5,5269.48388671875,-177.01611328125,177.01611328125,31334.704361200333,3.2500892918617463,18.1,3.8,2366.2,4584.1,0.34044573615527385,28.3,908.3
312,21,xgb,loso,Hail - TVTC,27.65261,41.70826,01-04-2017 00:00,5863.9,5903.09326171875,39.193261718750364,39.193261718750364,1536.1117641544627,0.6683821640674358,23.9,4.0,2984.1,3896.2,0.4337165530572795,20.2,909.6
313,21,xgb,loso,Hail - TVTC,27.65261,41.70826,01-05-2017 00:00,6227.4,6390.2158203125,162.81582031250036,162.81582031250036,26508.991344032405,2.6145071829736386,29.0,3.4,3023.5,4219.2,0.41745481657392963,14.9,907.7
314,21,xgb,loso,Hail - TVTC,27.65261,41.70826,01-09-2017 00:00,6546.0,6881.90087890625,335.90087890625,335.90087890625,112829.40044999123,5.131391367342652,32.6,3.0,2359.7,5922.3,0.28491910166626416,9.2,907.7
315,21,xgb,loso,Hail - TVTC,27.65261,41.70826,01-10-2017 00:00,5714.3,5677.65478515625,-36.64521484375018,36.64521484375018,1342.8717709446087,0.6412896565414868,26.8,3.1,1668.9,6630.7,0.2010819798544508,14.4,909.5
316,21,xgb,loso,Hail - TVTC,27.65261,41.70826,01-11-2017 00:00,4206.8,4331.72021484375,124.92021484374982,124.92021484374982,15605.060076608612,2.969483095078202,19.1,3.5,1758.8,4498.5,0.28107969891167117,37.9,911.7
317,21,xgb,loso,Hail - TVTC,27.65261,41.70826,01-03-2018 00:00,6241.9,6472.75634765625,230.85634765625036,230.85634765625036,53294.65325318353,3.698494811776068,22.4,3.5,2453.4,5651.8,0.30269456645116716,19.7,909.8
318,21,xgb,loso,Hail - TVTC,27.65261,41.70826,01-04-2018 00:00,6813.9,6606.00927734375,-207.89072265624964,207.89072265624964,43218.552566537706,3.0509799476988166,22.3,3.7,2866.1,5310.2,0.3505375292002495,31.2,907.1
319,21,xgb,loso,Hail - TVTC,27.65261,41.70826,01-05-2018 00:00,6997.7,6952.89697265625,-44.80302734374982,44.80302734374982,2007.311259164794,0.6402536168133789,27.9,3.5,3265.7,4853.3,0.4022293385884961,19.1,907.0
320,21,xgb,loso,Hail - TVTC,27.65261,41.70826,01-06-2018 00:00,8237.7,8129.201171875,-108.49882812500073,108.49882812500073,11771.99570449845,1.3171009884433849,32.6,3.2,2404.7,7785.7,0.23597699795886323,11.1,904.9
321,21,xgb,loso,Hail - TVTC,27.65261,41.70826,01-07-2018 00:00,8175.3,8183.63427734375,8.334277343749818,8.334277343749818,69.46017884254152,0.101944605626091,33.5,3.0,2293.6,7876.0,0.22553492762743862,11.3,903.1
322,21,xgb,loso,Hail - TVTC,27.65261,41.70826,01-09-2018 00:00,6236.9,6745.978515625,509.07851562500036,509.07851562500036,259160.93507095374,8.162364566130616,33.6,2.7,2592.3,5069.1,0.3383585245516485,10.2,907.7
323,21,xgb,loso,Hail - TVTC,27.65261,41.70826,01-11-2018 00:00,3453.8,3689.03564453125,235.23564453124982,235.23564453124982,55335.80845803252,6.810922593411599,16.0,3.4,1609.1,3496.3,0.3151760880636189,67.2,912.0
324,21,xgb,loso,Hail - TVTC,27.65261,41.70826,01-12-2018 00:00,3842.0,3867.525390625,25.525390625,25.525390625,651.5455665588379,0.6643776841488808,14.2,3.7,1358.8,5098.9,0.21041547300122335,52.8,913.2
325,21,xgb,loso,Hail - TVTC,27.65261,41.70826,01-01-2019 00:00,3652.9,3718.258544921875,65.35854492187491,65.35854492187491,4271.73939430474,1.7892234915238552,13.9,3.6,1815.2,3568.0,0.3371972061227523,39.3,911.7
326,21,xgb,loso,Hail - TVTC,27.65261,41.70826,01-02-2019 00:00,4848.6,4396.84326171875,-451.75673828125036,451.75673828125036,204084.15058251415,9.317261442091539,13.5,3.5,1713.1,5424.7,0.24000392277732635,41.7,911.5
327,21,xgb,loso,Hail - TVTC,27.65261,41.70826,01-03-2019 00:00,6418.6,6484.6572265625,66.05722656249964,66.05722656249964,4363.557181129408,1.0291531885847325,15.9,3.7,1872.9,7074.5,0.20932337885866287,27.6,909.2
328,21,xgb,loso,Hail - TVTC,27.65261,41.70826,01-04-2019 00:00,6834.9,6326.85546875,-508.04453124999964,508.04453124999964,258109.24573303186,7.433093845557355,20.7,3.5,2247.6,6405.1,0.2597570700474996,23.6,908.6
329,21,xgb,loso,Hail - TVTC,27.65261,41.70826,01-05-2019 00:00,6724.6,6708.31201171875,-16.287988281250364,16.287988281250364,265.2985622501492,0.24221497607664938,29.3,3.5,2655.1,5407.0,0.3293310675878493,14.8,907.8
330,21,xgb,loso,Hail - TVTC,27.65261,41.70826,01-07-2019 00:00,8184.0,8144.97607421875,-39.02392578125,39.02392578125,1522.8667833805084,0.47683193769855814,33.7,3.1,1864.7,8552.2,0.17900719023893863,10.2,903.2
331,21,xgb,loso,Hail - TVTC,27.65261,41.70826,01-08-2019 00:00,7644.2,7550.298828125,-93.90117187499982,93.90117187499982,8817.430079498257,1.2283976331728608,33.2,3.3,1908.1,7915.6,0.1942343516190437,11.1,904.4
332,21,xgb,loso,Hail - TVTC,27.65261,41.70826,01-09-2019 00:00,6659.0,6848.95654296875,189.95654296875,189.95654296875,36083.488216638565,2.8526286674988737,33.0,3.0,2017.6,6718.7,0.23094445016769113,11.4,906.6
333,21,xgb,loso,Hail - TVTC,27.65261,41.70826,01-10-2019 00:00,5007.4,5754.44677734375,747.0467773437504,747.0467773437504,558078.8875396829,14.91885564052703,27.4,2.8,1944.4,4869.2,0.28537043559938946,24.9,909.9
334,21,xgb,loso,Hail - TVTC,27.65261,41.70826,01-11-2019 00:00,4172.4,4069.9306640625,-102.46933593749964,102.46933593749964,10499.964807472154,2.4558847650632645,18.1,3.3,1514.5,4990.9,0.2328065914471055,44.6,911.9
335,21,xgb,loso,Hail - TVTC,27.65261,41.70826,01-12-2019 00:00,4280.9,4582.6865234375,301.78652343750036,301.78652343750036,91075.10572849296,7.049604602712057,13.8,3.0,973.4,6996.3,0.1221375961454007,39.3,912.0
336,21,xgb,loso,Hail - TVTC,27.65261,41.70826,01-01-2020 00:00,4555.6,4640.251953125,84.65195312499964,84.65195312499964,7165.9531678771355,1.8581954764465631,10.4,3.3,1023.4,7158.7,0.1250779139829628,36.5,912.6
337,21,xgb,loso,Hail - TVTC,27.65261,41.70826,01-02-2020 00:00,5484.9,5905.8134765625,420.91347656250036,420.91347656250036,177168.15475193053,7.674041031969596,13.9,3.7,1484.5,7092.4,0.17308118317807134,33.9,911.9
338,21,xgb,loso,Hail - TVTC,27.65261,41.70826,01-03-2020 00:00,6371.4,6255.8203125,-115.57968749999964,115.57968749999964,13358.664162597572,1.8140391044354405,18.4,4.0,2168.0,6380.4,0.25361471152496373,26.2,908.6
339,21,xgb,loso,Hail - TVTC,27.65261,41.70826,01-04-2020 00:00,7199.2,7280.28857421875,81.08857421875018,81.08857421875018,6575.356868829756,1.1263553480768722,22.9,3.9,2498.0,6482.3,0.2781644265781767,24.9,907.6
340,21,xgb,loso,Hail - TVTC,27.65261,41.70826,01-05-2020 00:00,7321.9,7316.20556640625,-5.694433593749636,5.694433593749636,32.4265739536244,0.07777262177508074,28.9,3.6,2969.7,5666.2,0.3438784608436874,13.3,908.3
341,21,xgb,loso,Hail - TVTC,27.65261,41.70826,01-09-2020 00:00,6805.0,6791.68994140625,-13.31005859375,13.31005859375,177.15765976905823,0.19559233789493022,32.5,2.8,1980.6,7021.5,0.22001532975639015,8.9,907.5
342,21,xgb,loso,Hail - TVTC,27.65261,41.70826,01-10-2020 00:00,5948.5,5936.86669921875,-11.63330078125,11.63330078125,135.33368706703186,0.19556696278473562,25.6,2.5,1173.5,8055.1,0.1271590490431918,11.7,911.6
343,21,xgb,loso,Hail - TVTC,27.65261,41.70826,01-11-2020 00:00,4203.6,4253.52880859375,49.928808593749636,49.928808593749636,2492.8859275912873,1.187763074358874,18.9,3.4,1584.9,4907.3,0.24412371769199961,43.5,911.6
344,21,xgb,loso,Hail - TVTC,27.65261,41.70826,01-12-2020 00:00,3597.5,3747.658203125,150.158203125,150.158203125,22547.48596572876,4.1739597810979845,13.6,3.4,1356.6,4611.2,0.2273199504004826,52.0,913.3
345,21,xgb,loso,Hail - TVTC,27.65261,41.70826,01-01-2021 00:00,4205.5,4255.271484375,49.771484375,49.771484375,2477.200656890869,1.1834855397693496,13.0,3.3,1441.0,5379.0,0.21129032258064517,43.9,913.5
346,21,xgb,loso,Hail - TVTC,27.65261,41.70826,01-02-2021 00:00,4818.3,4742.197265625,-76.10273437500018,76.10273437500018,5791.626179351834,1.579451972168611,14.5,3.7,1657.8,5456.1,0.23303673090709734,41.7,912.1
347,21,xgb,loso,Hail - TVTC,27.65261,41.70826,01-03-2021 00:00,6358.1,6282.3525390625,-75.74746093750036,75.74746093750036,5737.677838478144,1.1913537210408827,20.4,3.9,2499.7,5803.7,0.3010453549148541,20.8,909.7
348,21,xgb,loso,Hail - TVTC,27.65261,41.70826,01-04-2021 00:00,7385.1,7075.90087890625,-309.19912109375036,309.19912109375036,95604.0964851477,4.186796672946207,24.5,3.5,2608.9,6535.3,0.2853065331029505,15.1,910.1
349,21,xgb,loso,Hail - TVTC,27.65261,41.70826,01-05-2021 00:00,7637.6,7735.44921875,97.84921874999964,97.84921874999964,9574.46960998528,1.2811513924531217,30.6,3.2,2423.3,6979.4,0.25772384527848385,9.9,906.7
350,21,xgb,loso,Hail - TVTC,27.65261,41.70826,01-07-2021 00:00,7810.3,7741.22314453125,-69.07685546875018,69.07685546875018,4771.6119614506015,0.8844328062782504,35.4,3.1,2111.9,7682.1,0.2156320196038391,9.8,902.3
351,21,xgb,loso,Hail - TVTC,27.65261,41.70826,01-08-2021 00:00,7648.0,6751.26904296875,-896.73095703125,896.73095703125,804126.4092981815,11.725038664111533,34.5,3.0,1929.6,7915.2,0.1960019502681619,8.7,904.5
352,21,xgb,loso,Hail - TVTC,27.65261,41.70826,01-09-2021 00:00,6641.5,6512.462890625,-129.037109375,129.037109375,16650.575595855713,1.942891054355191,31.3,2.9,2018.3,6679.7,0.23204184870085076,13.4,906.8
353,21,xgb,loso,Hail - TVTC,27.65261,41.70826,01-10-2021 00:00,5596.1,5603.6181640625,7.518164062499636,7.518164062499636,56.522790870661034,0.13434649242328828,27.8,3.1,1749.6,6239.5,0.21899838529997118,15.0,910.3
354,21,xgb,loso,Hail - TVTC,27.65261,41.70826,01-11-2021 00:00,4565.9,4545.9501953125,-19.949804687499636,19.949804687499636,397.99470706938246,0.4369303902297387,19.1,2.9,1364.3,6071.7,0.18347229693383538,28.5,912.3
586,22,xgb,loso,Jazan - University,16.96035,42.545865,01-01-2017 00:00,4845.9,4835.58349609375,-10.316503906249636,10.316503906249636,106.43025284766401,0.2128913907891132,26.4,2.8,1898.2,4808.7,0.28302196245657457,75.7,1013.9
587,22,xgb,loso,Jazan - University,16.96035,42.545865,01-02-2017 00:00,4480.2,4816.97900390625,336.7790039062502,336.7790039062502,113420.09747208607,7.517052897331597,26.6,3.1,2707.0,2575.1,0.5124855644535317,73.7,1013.3
588,22,xgb,loso,Jazan - University,16.96035,42.545865,01-09-2017 00:00,6127.2,5968.890625,-158.30937499999982,158.30937499999982,25061.85821289057,2.5837148289593914,32.8,3.0,2719.6,4304.0,0.38720883877213963,70.6,1005.7
589,22,xgb,loso,Jazan - University,16.96035,42.545865,01-10-2017 00:00,5777.2,5483.498046875,-293.7019531249998,293.7019531249998,86260.8372694396,5.083811415997366,31.4,3.0,2056.1,5247.3,0.28152641235588904,71.2,1009.0
590,22,xgb,loso,Jazan - University,16.96035,42.545865,01-11-2017 00:00,4930.5,4583.05224609375,-347.44775390625,347.44775390625,120719.94169449806,7.046907086629145,29.3,2.9,1890.4,4789.9,0.2829813032348847,68.3,1011.7
591,22,xgb,loso,Jazan - University,16.96035,42.545865,01-03-2018 00:00,6358.3,6034.58984375,-323.7101562500002,323.7101562500002,104788.26525939953,5.091143171130651,28.2,3.0,2313.2,5432.7,0.29863540711860465,69.3,1010.3
592,22,xgb,loso,Jazan - University,16.96035,42.545865,01-04-2018 00:00,6438.9,6606.0087890625,167.10878906250036,167.10878906250036,27925.34738193524,2.5953002696501013,30.8,3.2,2756.7,4729.8,0.3682228010418753,67.3,1007.8
593,22,xgb,loso,Jazan - University,16.96035,42.545865,01-05-2018 00:00,6626.3,6420.181640625,-206.11835937500018,206.11835937500018,42484.778071441724,3.1106101349923816,32.2,3.1,3065.2,4422.6,0.4093592243382569,65.3,1005.9
594,22,xgb,loso,Jazan - University,16.96035,42.545865,01-06-2018 00:00,5771.5,6033.44775390625,261.94775390625,261.94775390625,68616.62577652931,4.5386425349779085,33.4,3.4,3795.9,2355.7,0.6170589765264322,64.7,1003.3
595,22,xgb,loso,Jazan - University,16.96035,42.545865,01-07-2018 00:00,5564.3,5928.38037109375,364.0803710937498,364.0803710937498,132554.51661576258,6.543147765105221,33.6,3.1,3912.7,1901.7,0.6729327187671987,62.7,1003.3
596,22,xgb,loso,Jazan - University,16.96035,42.545865,01-08-2018 00:00,5592.4,5809.9404296875,217.54042968750036,217.54042968750036,47323.83854862229,3.889929720468857,33.1,0.9,3454.5,2489.2,0.5812036273701566,66.9,1003.9
597,22,xgb,loso,Jazan - University,16.96035,42.545865,01-09-2018 00:00,6013.7,6009.20703125,-4.492968749999818,4.492968749999818,20.18676818847493,0.07471221959858021,33.1,0.2,2776.4,4092.0,0.40422805893657915,68.8,1006.0
598,22,xgb,loso,Jazan - University,16.96035,42.545865,01-10-2018 00:00,5312.8,5273.759765625,-39.04023437500018,39.04023437500018,1524.1399000549459,0.7348335035198046,31.0,0.0,2103.8,4681.1,0.3100708927176524,69.3,1009.9
599,22,xgb,loso,Jazan - University,16.96035,42.545865,01-01-2019 00:00,4555.0,4394.251953125,-160.748046875,160.748046875,25839.934574127197,3.5290460345773877,26.5,0.0,2345.3,3542.5,0.3983321444342539,75.3,1014.3
600,22,xgb,loso,Jazan - University,16.96035,42.545865,01-02-2019 00:00,5009.4,5411.94482421875,402.54482421875036,402.54482421875036,162042.33550530463,8.035789200677733,27.1,0.0,2780.7,3202.9,0.46472023530984685,72.5,1012.8
601,22,xgb,loso,Jazan - University,16.96035,42.545865,01-03-2019 00:00,5803.7,5953.236328125,149.53632812500018,149.53632812500018,22361.11342910772,2.5765688806278786,28.0,0.0,2850.6,3932.9,0.42022554728385053,69.4,1011.3
602,22,xgb,loso,Jazan - University,16.96035,42.545865,01-04-2019 00:00,6218.7,6291.38232421875,72.68232421875018,72.68232421875018,5282.7202538395195,1.1687703896111756,30.3,0.0,2973.3,4159.3,0.41686061183860024,69.9,1008.8
603,22,xgb,loso,Jazan - University,16.96035,42.545865,01-05-2019 00:00,6336.4,6196.75,-139.64999999999964,139.64999999999964,19502.1224999999,2.2039328325231935,32.9,0.0,2598.0,4736.9,0.35419705790126654,58.4,1007.0
604,22,xgb,loso,Jazan - University,16.96035,42.545865,01-06-2019 00:00,5858.4,5763.0673828125,-95.33261718749964,95.33261718749964,9088.307899818352,1.6272807795217064,33.8,0.0,3270.2,3108.3,0.5126910715685505,66.0,1003.7
605,22,xgb,loso,Jazan - University,16.96035,42.545865,01-07-2019 00:00,5692.1,5753.2041015625,61.104101562499636,61.104101562499636,3733.7112277602705,1.0734896007185333,33.8,0.0,3737.2,2264.7,0.6226694879954681,62.9,1002.2
606,22,xgb,loso,Jazan - University,16.96035,42.545865,01-08-2019 00:00,5297.0,5891.29248046875,594.29248046875,594.29248046875,353183.5523416996,11.219416282211629,32.4,0.0,3286.6,2389.9,0.5789835285827535,67.5,1004.8
607,22,xgb,loso,Jazan - University,16.96035,42.545865,01-09-2019 00:00,5832.6,6054.4267578125,221.82675781249964,221.82675781249964,49207.11048160537,3.8032225390477596,32.5,0.0,2756.8,3856.2,0.41687585059730836,68.1,1004.9
608,22,xgb,loso,Jazan - University,16.96035,42.545865,01-10-2019 00:00,5463.7,5301.876953125,-161.82304687499982,161.82304687499982,26186.698499908387,2.9617849968885523,30.9,0.0,1948.9,4979.8,0.28127931646629234,65.4,1009.4
609,22,xgb,loso,Jazan - University,16.96035,42.545865,01-11-2019 00:00,4841.9,4548.6220703125,-293.27792968749964,293.27792968749964,86011.94404178597,6.057083576436929,29.3,0.0,1881.3,4659.0,0.2876473556258887,63.9,1010.6
610,22,xgb,loso,Jazan - University,16.96035,42.545865,01-12-2019 00:00,4326.8,4223.19140625,-103.60859375000018,103.60859375000018,10734.740698852576,2.394577834658412,27.8,0.0,1920.6,4072.9,0.320447151080337,60.2,1012.5
611,22,xgb,loso,Jazan - University,16.96035,42.545865,01-01-2020 00:00,4546.7,4361.982421875,-184.71757812499982,184.71757812499982,34120.58366836541,4.062673546198338,26.3,0.3,1938.8,4213.2,0.31514954486345903,62.6,1014.6
612,22,xgb,loso,Jazan - University,16.96035,42.545865,01-02-2020 00:00,4908.3,4815.31640625,-92.98359375000018,92.98359375000018,8645.948706665073,1.894415454434329,26.8,3.2,2796.9,3092.3,0.4749201928954696,63.9,1013.8
613,22,xgb,loso,Jazan - University,16.96035,42.545865,01-03-2020 00:00,5625.9,5543.27001953125,-82.62998046874964,82.62998046874964,6827.713672265946,1.4687424317664666,28.1,3.3,2985.8,3471.4,0.4623985628445766,64.9,1010.4
614,22,xgb,loso,Jazan - University,16.96035,42.545865,01-04-2020 00:00,6391.6,6545.47021484375,153.87021484374964,153.87021484374964,23676.04301606167,2.4073817955402346,30.8,3.3,2487.2,5109.0,0.32742687133040205,66.0,1008.9
615,22,xgb,loso,Jazan - University,16.96035,42.545865,01-09-2020 00:00,5985.6,5749.80908203125,-235.79091796875036,235.79091796875036,55597.35699654596,3.9393029599163047,32.7,2.6,2576.3,4338.2,0.37259382457155255,68.5,1004.8
616,22,xgb,loso,Jazan - University,16.96035,42.545865,01-10-2020 00:00,5765.0,5758.1201171875,-6.8798828125,6.8798828125,47.33278751373291,0.11933881721595838,31.4,2.7,1720.7,5828.1,0.2279435142009326,66.3,1009.0
617,22,xgb,loso,Jazan - University,16.96035,42.545865,01-11-2020 00:00,4773.8,4582.23193359375,-191.56806640625018,191.56806640625018,36698.32406662948,4.012905157447948,29.5,2.8,1916.2,4469.8,0.3000626370184779,69.0,1011.9
618,22,xgb,loso,Jazan - University,16.96035,42.545865,01-12-2020 00:00,4470.6,4370.42626953125,-100.17373046875036,100.17373046875036,10034.776276025845,2.240722284900245,27.6,2.6,1809.1,4512.5,0.28617754998734496,68.5,1013.1
619,22,xgb,loso,Jazan - University,16.96035,42.545865,01-01-2021 00:00,4567.8,4246.79296875,-321.0070312500002,321.0070312500002,103045.5141119386,7.027606971627483,25.9,2.5,2039.8,4135.8,0.3302998898892415,67.5,1013.5
620,22,xgb,loso,Jazan - University,16.96035,42.545865,01-02-2021 00:00,4771.7,4556.232421875,-215.46757812499982,215.46757812499982,46426.2772230529,4.515530693987464,26.2,2.8,2167.7,3835.3,0.3611027819423621,66.7,1012.9
621,22,xgb,loso,Jazan - University,16.96035,42.545865,01-03-2021 00:00,6135.9,6258.9287109375,123.02871093750036,123.02871093750036,15136.063714943022,2.0050638200997466,28.4,2.7,2459.1,4951.1,0.3318533912714906,66.9,1010.2
622,22,xgb,loso,Jazan - University,16.96035,42.545865,01-04-2021 00:00,6471.7,6468.15478515625,-3.545214843749818,3.545214843749818,12.568548288344047,0.054780271702177454,30.2,2.8,2649.0,4894.8,0.3511492881571622,65.2,1008.9
623,22,xgb,loso,Jazan - University,16.96035,42.545865,01-05-2021 00:00,6409.8,6477.67431640625,67.87431640624982,67.87431640624982,4606.922827615713,1.0589147306663205,32.3,2.6,2731.9,4649.9,0.37008588691105154,66.1,1006.3
624,22,xgb,loso,Jazan - University,16.96035,42.545865,01-07-2021 00:00,5168.4,5488.89794921875,320.49794921875036,320.49794921875036,102718.93545342468,6.201105742952372,33.0,3.2,3252.6,2258.3,0.5902121250612423,65.4,1002.7
625,22,xgb,loso,Jazan - University,16.96035,42.545865,01-08-2021 00:00,5508.7,5471.18603515625,-37.51396484374982,37.51396484374982,1407.2975582980973,0.6809948779884514,33.2,2.6,3038.2,2985.1,0.5044078827220959,70.0,1003.7
626,22,xgb,loso,Jazan - University,16.96035,42.545865,01-09-2021 00:00,5653.7,5741.89501953125,88.19501953125018,88.19501953125018,7778.361470117601,1.5599522353724142,32.9,2.0,2713.4,3697.1,0.42327431557600814,69.5,1004.7
627,22,xgb,loso,Jazan - University,16.96035,42.545865,01-10-2021 00:00,5472.3,5517.97216796875,45.67216796874982,45.67216796874982,2085.946926965697,0.8346064354795939,31.5,0.3,2142.3,4702.2,0.31299583607275916,70.3,1008.9
628,22,xgb,loso,Jazan - University,16.96035,42.545865,01-11-2021 00:00,4887.3,4750.453125,-136.84687500000018,136.84687500000018,18727.067197265675,2.8000506414584776,29.7,0.0,1707.7,5022.5,0.2537368874624826,68.8,1011.3
629,22,xgb,loso,Jazan - University,16.96035,42.545865,01-12-2021 00:00,4518.0,4546.15234375,28.15234375,28.15234375,792.5544586181641,0.6231151781761842,27.5,0.0,1608.2,4876.1,0.24801443486575267,70.3,1013.5
1603,23,xgb,loso,Jeddah - KAU,21.49604,39.24492,01-01-2017 00:00,4179.9,4208.65673828125,28.756738281250364,28.756738281250364,826.9499965763301,0.687976704735768,25.6,3.4,1566.2,4609.3,0.2536150918953931,80.0,1007.6
1604,23,xgb,loso,Jeddah - KAU,21.49604,39.24492,01-02-2017 00:00,4052.3,4002.31640625,-49.98359375000018,49.98359375000018,2498.359644165057,1.2334623238654636,24.8,4.4,2134.6,2999.4,0.41577717179587065,63.8,1007.1
1605,23,xgb,loso,Jeddah - KAU,21.49604,39.24492,01-03-2017 00:00,5072.3,5486.56201171875,414.2620117187498,414.2620117187498,171613.0143532656,8.16714334165467,26.8,4.1,2542.8,3507.3,0.4202905737095255,72.5,1003.5
1606,23,xgb,loso,Jeddah - KAU,21.49604,39.24492,01-04-2017 00:00,5700.8,5977.14599609375,276.3459960937498,276.3459960937498,76367.10955704679,4.847495019887557,30.9,4.2,2830.8,3692.8,0.4339321846833037,60.5,1002.2
1607,23,xgb,loso,Jeddah - KAU,21.49604,39.24492,01-05-2017 00:00,6236.0,5985.8935546875,-250.1064453125,250.1064453125,62553.23398685455,4.010687064023412,33.5,4.2,2791.6,4368.0,0.3899100508408291,55.1,1000.6
1608,23,xgb,loso,Jeddah - KAU,21.49604,39.24492,01-06-2017 00:00,6628.0,6407.01025390625,-220.98974609375,220.98974609375,48836.46787858009,3.3341844612816836,33.7,3.9,2515.2,5244.5,0.32413624238050437,65.0,996.9
1609,23,xgb,loso,Jeddah - KAU,21.49604,39.24492,01-09-2017 00:00,5981.7,6037.4765625,55.77656250000018,55.77656250000018,3111.0249243164267,0.9324533577411134,33.9,3.6,2723.3,4310.0,0.3872008872079963,77.9,998.8
1610,23,xgb,loso,Jeddah - KAU,21.49604,39.24492,01-10-2017 00:00,5562.0,5628.17822265625,66.17822265625,66.17822265625,4379.557153940201,1.1898278075557354,31.4,3.6,1835.5,5582.8,0.24742865616111506,85.1,1002.5
1611,23,xgb,loso,Jeddah - KAU,21.49604,39.24492,01-11-2017 00:00,4469.3,4639.28369140625,169.98369140624982,169.98369140624982,28894.455344095168,3.8033627504586804,29.2,3.3,1802.6,4521.0,0.28505914352583966,83.0,1005.0
1612,23,xgb,loso,Jeddah - KAU,21.49604,39.24492,01-03-2018 00:00,6348.6,6580.69287109375,232.09287109374964,232.09287109374964,53867.10081253989,3.6558118497582086,28.5,3.3,2259.9,5876.0,0.2777689007976991,50.1,1003.6
1613,23,xgb,loso,Jeddah - KAU,21.49604,39.24492,01-04-2018 00:00,6918.0,7009.8515625,91.8515625,91.8515625,8436.709533691406,1.3277184518647007,29.7,3.7,2655.6,5662.2,0.3192671139003102,46.4,1001.4
1614,23,xgb,loso,Jeddah - KAU,21.49604,39.24492,01-05-2018 00:00,7145.1,7255.259765625,110.15976562499964,110.15976562499964,12135.17396255485,1.5417526084309474,33.4,4.0,3077.0,5216.1,0.37103133930617016,40.2,999.3
1615,23,xgb,loso,Jeddah - KAU,21.49604,39.24492,01-06-2018 00:00,7049.4,7030.91357421875,-18.486425781249636,18.486425781249636,341.74793816565125,0.2622411238013113,33.9,4.2,3198.7,4900.1,0.39495974712303056,46.2,997.1
1616,23,xgb,loso,Jeddah - KAU,21.49604,39.24492,01-07-2018 00:00,6883.0,6893.767578125,10.767578125,10.767578125,115.94073867797852,0.15643728207177102,34.7,3.8,3023.7,4886.1,0.38227262383372523,44.2,997.2
1617,23,xgb,loso,Jeddah - KAU,21.49604,39.24492,01-08-2018 00:00,6584.6,6518.11669921875,-66.48330078125036,66.48330078125036,4420.029282770205,1.0096786559737927,34.5,4.1,2592.3,5172.4,0.3338570711038418,50.0,997.4
1618,23,xgb,loso,Jeddah - KAU,21.49604,39.24492,01-09-2018 00:00,5723.0,6012.2529296875,289.2529296875,289.2529296875,83667.25733280182,5.054218586187314,33.4,3.0,3065.4,3435.0,0.47157098024736943,64.1,998.9
1619,23,xgb,loso,Jeddah - KAU,21.49604,39.24492,01-10-2018 00:00,5027.9,4924.79736328125,-103.10263671874964,103.10263671874964,10630.153698358461,2.05061032874062,31.3,2.8,2094.4,4373.8,0.32379951145604646,61.2,1003.1
1620,23,xgb,loso,Jeddah - KAU,21.49604,39.24492,01-11-2018 00:00,3939.4,4116.4462890625,177.0462890624999,177.0462890624999,31345.388470802274,4.494245038901861,27.7,2.9,1792.8,3701.1,0.3263255610768307,58.3,1005.1
1621,23,xgb,loso,Jeddah - KAU,21.49604,39.24492,01-12-2018 00:00,3797.9,4005.410400390625,207.5104003906249,207.5104003906249,43060.566270277464,5.4638194894711525,25.7,3.7,1753.3,3762.9,0.31784561836046554,62.6,1007.5
1622,23,xgb,loso,Jeddah - KAU,21.49604,39.24492,01-01-2019 00:00,3970.1,4116.1650390625,146.0650390625001,146.0650390625001,21334.995636329677,3.67912745428327,25.1,3.4,2042.4,3345.4,0.37907865919299155,65.3,1007.5
1623,23,xgb,loso,Jeddah - KAU,21.49604,39.24492,01-02-2019 00:00,4629.8,4512.71630859375,-117.08369140625018,117.08369140625018,13708.590793314022,2.528914670315136,25.0,4.1,2151.7,3871.2,0.35725315047568446,56.0,1006.5
1624,23,xgb,loso,Jeddah - KAU,21.49604,39.24492,01-03-2019 00:00,6041.3,6279.6630859375,238.36308593749982,238.36308593749982,56816.960737647925,3.945559497748826,25.1,4.4,2348.2,5361.8,0.3045654993514915,51.9,1005.3
1625,23,xgb,loso,Jeddah - KAU,21.49604,39.24492,01-04-2019 00:00,6618.6,6501.1484375,-117.45156250000036,117.45156250000036,13794.869533691492,1.7745680733085603,28.6,3.8,2576.9,5463.5,0.3204940052733695,49.1,1002.5
1626,23,xgb,loso,Jeddah - KAU,21.49604,39.24492,01-05-2019 00:00,6524.3,6408.4345703125,-115.86542968750018,115.86542968750018,13424.797796669049,1.775905916151927,33.6,2.6,2746.2,4804.7,0.3636917453548584,43.8,1000.3
1627,23,xgb,loso,Jeddah - KAU,21.49604,39.24492,01-06-2019 00:00,6589.8,6511.62060546875,-78.17939453125018,78.17939453125018,6112.017729272871,1.1863697613167346,34.9,4.5,3057.6,4456.4,0.40692041522491346,43.8,997.4
1628,23,xgb,loso,Jeddah - KAU,21.49604,39.24492,01-07-2019 00:00,6880.8,7070.53857421875,189.73857421874982,189.73857421874982,36000.72654656403,2.757507473240754,34.9,4.2,2642.1,5472.3,0.3256063294883171,43.7,996.2
1629,23,xgb,loso,Jeddah - KAU,21.49604,39.24492,01-08-2019 00:00,6475.4,6352.41015625,-122.98984374999964,122.98984374999964,15126.501665649324,1.8993397126046214,34.1,3.7,2437.3,5252.1,0.31696881421177203,54.8,998.0
1630,23,xgb,loso,Jeddah - KAU,21.49604,39.24492,01-09-2019 00:00,5790.5,6023.5341796875,233.0341796875,233.0341796875,54304.92890262604,4.024422410629479,32.9,3.7,2502.0,4294.4,0.36813607203813786,61.3,998.2
1631,23,xgb,loso,Jeddah - KAU,21.49604,39.24492,01-10-2019 00:00,5083.3,5562.16259765625,478.8625976562498,478.8625976562498,229309.3874340914,9.420309595267835,31.6,2.7,2204.6,4315.5,0.3381236484103004,62.8,1002.5
1632,23,xgb,loso,Jeddah - KAU,21.49604,39.24492,01-11-2019 00:00,4252.7,4434.92041015625,182.22041015625018,182.22041015625018,33204.277877512046,4.284816943500604,29.2,2.8,1605.0,4497.7,0.2629983449948384,59.6,1003.8
1633,23,xgb,loso,Jeddah - KAU,21.49604,39.24492,01-12-2019 00:00,4059.6,4073.41845703125,13.818457031250091,13.818457031250091,190.94975472450508,0.3403896204367448,25.7,4.0,1565.7,4614.5,0.25334131581502217,57.4,1006.5
1634,23,xgb,loso,Jeddah - KAU,21.49604,39.24492,01-01-2020 00:00,4583.7,4392.69970703125,-191.00029296874982,191.00029296874982,36481.11191414826,4.166945763657085,22.6,4.4,1415.2,5733.1,0.1979771414182393,52.3,1009.2
1635,23,xgb,loso,Jeddah - KAU,21.49604,39.24492,01-02-2020 00:00,4780.0,4907.716796875,127.716796875,127.716796875,16311.58020401001,2.671899516213389,23.9,3.9,2208.5,4053.1,0.35270537881691577,58.5,1007.7
1636,23,xgb,loso,Jeddah - KAU,21.49604,39.24492,01-03-2020 00:00,5935.3,6150.99951171875,215.69951171874982,215.69951171874982,46526.27935570709,3.634180441068688,25.7,4.0,2378.5,4998.4,0.32242540904716077,57.1,1003.9
1637,23,xgb,loso,Jeddah - KAU,21.49604,39.24492,01-04-2020 00:00,6537.0,6178.52392578125,-358.47607421875,358.47607421875,128505.09578728676,5.4838010435788584,28.2,3.3,2184.2,5974.0,0.26773062685396287,54.4,1002.7
1638,23,xgb,loso,Jeddah - KAU,21.49604,39.24492,01-05-2020 00:00,6427.6,6627.6875,200.08749999999964,200.08749999999964,40035.00765624986,3.1129426224407184,31.9,3.8,2462.4,5198.2,0.3214369631621544,48.8,1000.7
1639,23,xgb,loso,Jeddah - KAU,21.49604,39.24492,01-09-2020 00:00,5847.3,6047.50537109375,200.20537109374982,200.20537109374982,40082.19061478607,3.4238942946958395,34.2,2.7,2430.1,4579.5,0.3466816936772426,60.5,997.6
1640,23,xgb,loso,Jeddah - KAU,21.49604,39.24492,01-10-2020 00:00,5407.9,5803.84326171875,395.94326171875036,395.94326171875036,156771.06650048285,7.3215714365789015,32.3,2.3,1707.8,5708.9,0.23026413364434317,52.5,1002.1
1641,23,xgb,loso,Jeddah - KAU,21.49604,39.24492,01-11-2020 00:00,4208.8,4459.40283203125,250.60283203124982,250.60283203124982,62801.77942208281,5.954258506729943,28.5,3.4,1550.9,4592.0,0.25247033160233767,64.0,1005.1
1642,23,xgb,loso,Jeddah - KAU,21.49604,39.24492,01-12-2020 00:00,3885.5,3985.251953125,99.751953125,99.751953125,9950.452152252197,2.567287430832583,26.5,3.1,1687.9,4103.0,0.29147455490510976,60.3,1006.3
1643,23,xgb,loso,Jeddah - KAU,21.49604,39.24492,01-01-2021 00:00,4281.3,4195.1962890625,-86.10371093750018,86.10371093750018,7413.849037208588,2.011158081365477,25.4,3.3,1719.6,4525.4,0.2753562850280224,61.7,1006.7
1644,23,xgb,loso,Jeddah - KAU,21.49604,39.24492,01-02-2021 00:00,4820.6,4616.79150390625,-203.80849609375036,203.80849609375036,41537.90307999626,4.227865744798373,24.7,3.7,1769.2,4875.9,0.26624129057501017,60.2,1006.5
1645,23,xgb,loso,Jeddah - KAU,21.49604,39.24492,01-09-2021 00:00,5596.1,5862.62158203125,266.52158203124964,266.52158203124964,71033.75368844013,4.762630797005944,32.6,4.0,2585.6,3944.4,0.3959571209800919,66.2,998.3
1646,23,xgb,loso,Jeddah - KAU,21.49604,39.24492,01-10-2021 00:00,5173.6,5166.55419921875,-7.045800781250364,7.045800781250364,49.64330864906824,0.1361875827518626,30.9,0.7,1797.1,5048.1,0.26253433062584,69.1,1002.3
1647,23,xgb,loso,Jeddah - KAU,21.49604,39.24492,01-11-2021 00:00,4184.6,4425.56689453125,240.96689453124964,240.96689453124964,58065.04426003439,5.758421223802744,28.4,0.0,1386.1,4797.1,0.22417194979945654,67.6,1004.8
1648,23,xgb,loso,Jeddah - KAU,21.49604,39.24492,01-12-2021 00:00,3625.7,3889.27734375,263.5773437500002,263.5773437500002,69473.01613830576,7.269695334693996,26.1,0.0,1689.8,3558.4,0.32197705880111277,66.8,1007.0
41,24,xgb,loso,Layla - TVTC,22.27948,46.73319,01-01-2017 00:00,4876.1,4834.62353515625,-41.476464843750364,41.476464843750364,1720.2971359348599,0.8506073469319817,18.6,2.3,1507.6,6091.5,0.19839191483201957,32.7,954.8
42,24,xgb,loso,Layla - TVTC,22.27948,46.73319,01-02-2017 00:00,4616.1,3964.899658203125,-651.2003417968754,651.2003417968754,424061.8851563673,14.107154130042144,16.9,2.5,2531.8,3249.8,0.4379064618790646,44.6,955.1
43,24,xgb,loso,Layla - TVTC,22.27948,46.73319,01-03-2017 00:00,5561.4,5789.08056640625,227.68056640625036,227.68056640625036,51838.44031907098,4.093943366890538,24.2,2.9,2994.1,3519.2,0.4596901724164402,42.2,949.9
44,24,xgb,loso,Layla - TVTC,22.27948,46.73319,01-04-2017 00:00,7234.4,7454.52783203125,220.12783203125036,220.12783203125036,48456.26243477837,3.0427932106498172,30.7,2.5,2940.1,5645.8,0.3424335247324101,18.9,949.4
45,24,xgb,loso,Layla - TVTC,22.27948,46.73319,01-05-2017 00:00,7183.5,7104.7119140625,-78.7880859375,78.7880859375,6207.562485694885,1.0967924540613907,35.5,2.4,3519.0,4607.1,0.43304906412670285,17.6,946.3
46,24,xgb,loso,Layla - TVTC,22.27948,46.73319,01-06-2017 00:00,7708.1,7693.48828125,-14.611718750000364,14.611718750000364,213.50232482911218,0.18956317056084332,37.8,2.7,3129.9,5882.6,0.3472843273231623,9.8,942.4
47,24,xgb,loso,Layla - TVTC,22.27948,46.73319,01-09-2017 00:00,7081.8,7021.87353515625,-59.92646484375018,59.92646484375018,3591.1811886692267,0.8462038583940549,35.2,2.3,2113.6,6908.4,0.23427178009310573,12.0,945.2
48,24,xgb,loso,Layla - TVTC,22.27948,46.73319,01-10-2017 00:00,6346.5,6359.9755859375,13.4755859375,13.4755859375,181.59141635894775,0.21233098459780983,30.2,2.1,1599.1,7406.4,0.1775692632280273,17.5,950.2
49,24,xgb,loso,Layla - TVTC,22.27948,46.73319,01-11-2017 00:00,5221.3,4970.0615234375,-251.23847656250018,251.23847656250018,63120.772105445954,4.811799294476474,23.5,2.0,1532.9,6449.1,0.1920446003507893,33.0,953.4
50,24,xgb,loso,Layla - TVTC,22.27948,46.73319,01-03-2018 00:00,6698.7,6861.26953125,162.56953125000018,162.56953125000018,26428.852490844787,2.4268818016928684,25.9,2.6,2424.9,6159.7,0.28247093632784287,22.2,950.9
51,24,xgb,loso,Layla - TVTC,22.27948,46.73319,01-04-2018 00:00,6787.2,6540.05224609375,-247.14775390624982,247.14775390624982,61082.01226090422,3.641380155384397,28.6,3.1,3720.5,3832.4,0.49259224933469264,30.9,948.0
52,24,xgb,loso,Layla - TVTC,22.27948,46.73319,01-05-2018 00:00,7406.8,7220.89599609375,-185.90400390625018,185.90400390625018,34560.298668375086,2.5099098653433356,33.3,2.8,3444.5,5047.0,0.40564093505269977,17.9,946.1
53,24,xgb,loso,Layla - TVTC,22.27948,46.73319,01-06-2018 00:00,7584.6,7233.3564453125,-351.24355468750036,351.24355468750036,123372.03470951106,4.631009607461175,37.8,2.6,3746.8,4811.7,0.4377869953847053,12.2,941.7
54,24,xgb,loso,Layla - TVTC,22.27948,46.73319,01-07-2018 00:00,7466.0,7150.7880859375,-315.2119140625,315.2119140625,99358.55076694489,4.221965095934905,38.9,2.7,3551.7,4934.3,0.41853641291539,10.9,939.0
55,24,xgb,loso,Layla - TVTC,22.27948,46.73319,01-08-2018 00:00,7273.2,7389.7744140625,116.57441406250018,116.57441406250018,13589.59401401524,1.602794011748614,38.0,2.8,3072.9,5420.4,0.36180283282116493,13.1,940.5
56,24,xgb,loso,Layla - TVTC,22.27948,46.73319,01-09-2018 00:00,6883.2,6823.06591796875,-60.13408203124982,60.13408203124982,3616.1078217410823,0.873635547873806,36.0,2.4,2311.1,6303.5,0.2682771109511759,14.7,945.1
57,24,xgb,loso,Layla - TVTC,22.27948,46.73319,01-10-2018 00:00,5925.0,5947.6435546875,22.6435546875,22.6435546875,512.7305688858032,0.3821696993670886,29.4,2.3,1934.9,6075.4,0.24155150244060775,29.1,951.2
58,24,xgb,loso,Layla - TVTC,22.27948,46.73319,01-11-2018 00:00,4780.8,4616.47412109375,-164.32587890625018,164.32587890625018,27002.994478311597,3.4372046290631313,23.6,2.7,1932.0,4908.4,0.28243962341383544,41.1,953.2
59,24,xgb,loso,Layla - TVTC,22.27948,46.73319,01-12-2018 00:00,4692.0,4433.3955078125,-258.6044921875,258.6044921875,66876.28337955475,5.511604692828218,19.0,2.2,1472.6,6052.0,0.19570475507003693,45.1,955.5
60,24,xgb,loso,Layla - TVTC,22.27948,46.73319,01-01-2019 00:00,4759.5,5125.720703125,366.220703125,366.220703125,134117.60339736938,7.694520498476731,18.4,2.5,2151.3,4667.5,0.31549539508417906,34.2,955.3
61,24,xgb,loso,Layla - TVTC,22.27948,46.73319,01-02-2019 00:00,5422.8,5537.28271484375,114.48271484374982,114.48271484374982,13106.291997995335,2.111136587072173,19.4,2.8,2465.4,4623.9,0.3477635309551014,32.3,953.5
62,24,xgb,loso,Layla - TVTC,22.27948,46.73319,01-03-2019 00:00,6304.4,6360.45068359375,56.050683593750364,56.050683593750364,3141.6791313267163,0.8890724508874813,22.9,2.7,3166.7,4375.8,0.4198475306595956,24.4,950.8
63,24,xgb,loso,Layla - TVTC,22.27948,46.73319,01-04-2019 00:00,6610.5,6486.41162109375,-124.08837890625,124.08837890625,15397.92577958107,1.8771405930905378,27.4,2.4,3325.2,4240.9,0.4394866575910971,33.1,949.0
64,24,xgb,loso,Layla - TVTC,22.27948,46.73319,01-05-2019 00:00,6704.8,6715.421875,10.621874999999818,10.621874999999818,112.82422851562113,0.1584219514377732,33.6,2.4,3436.5,4137.9,0.4536993029150824,20.8,947.0
65,24,xgb,loso,Layla - TVTC,22.27948,46.73319,01-06-2019 00:00,7413.6,7487.05419921875,73.45419921874964,73.45419921874964,5395.519382867759,0.9908033778292549,38.1,2.4,2893.3,5815.2,0.33223861744272837,11.8,942.6
66,24,xgb,loso,Layla - TVTC,22.27948,46.73319,01-07-2019 00:00,7562.4,7504.0673828125,-58.332617187499636,58.332617187499636,3402.694227943378,0.7713505922392314,38.7,2.7,3026.4,5803.0,0.3427639477201169,11.6,939.5
67,24,xgb,loso,Layla - TVTC,22.27948,46.73319,01-08-2019 00:00,7529.1,7582.947265625,53.847265624999636,53.847265624999636,2899.5280152892674,0.7151886098604034,38.0,2.3,2532.8,6574.1,0.27811878905006093,12.1,941.0
68,24,xgb,loso,Layla - TVTC,22.27948,46.73319,01-09-2019 00:00,6903.7,6871.08984375,-32.61015624999982,32.61015624999982,1063.4222906494022,0.47235766690325215,35.5,2.4,2127.3,6621.3,0.24315890542486798,16.9,944.7
69,24,xgb,loso,Layla - TVTC,22.27948,46.73319,01-10-2019 00:00,6062.9,6079.26416015625,16.364160156250364,16.364160156250364,267.7857376194119,0.26990648297432523,30.9,2.0,1746.7,6659.7,0.2077821659687857,21.8,949.6
70,24,xgb,loso,Layla - TVTC,22.27948,46.73319,01-11-2019 00:00,4899.4,4698.607421875,-200.79257812499964,200.79257812499964,40317.65943008408,4.098309550659257,22.7,2.0,1723.7,5485.0,0.23911384854412032,41.9,953.3
71,24,xgb,loso,Layla - TVTC,22.27948,46.73319,01-12-2019 00:00,4472.2,4361.8037109375,-110.39628906249982,110.39628906249982,12187.340638771017,2.4685007169290243,18.8,2.3,1374.2,5895.9,0.18902078375813264,43.1,954.4
72,24,xgb,loso,Layla - TVTC,22.27948,46.73319,01-01-2020 00:00,5040.7,5028.03076171875,-12.669238281249818,12.669238281249818,160.50959862708584,0.25133886724561705,16.3,2.4,1473.9,6498.5,0.18487531985349456,35.5,955.1
73,24,xgb,loso,Layla - TVTC,22.27948,46.73319,01-02-2020 00:00,5617.1,5747.77294921875,130.67294921874964,130.67294921874964,17075.419657525923,2.326341870693946,19.8,2.6,2383.7,5143.7,0.3166697664532242,25.9,954.4
74,24,xgb,loso,Layla - TVTC,22.27948,46.73319,01-03-2020 00:00,6578.6,6585.13671875,6.536718749999636,6.536718749999636,42.72869201659681,0.09936337138600365,24.3,2.6,3107.7,4811.8,0.392411137066734,23.7,949.9
75,24,xgb,loso,Layla - TVTC,22.27948,46.73319,01-04-2020 00:00,6680.1,6656.25927734375,-23.840722656250364,23.840722656250364,568.3800567722494,0.35689170306208534,29.2,2.7,3371.3,4290.1,0.44003706894301303,34.9,948.0
76,24,xgb,loso,Layla - TVTC,22.27948,46.73319,01-05-2020 00:00,7397.1,7411.01318359375,13.913183593749636,13.913183593749636,193.57667771338404,0.18808970534060154,34.1,2.6,3319.9,5199.9,0.38966877156740776,16.1,946.8
77,24,xgb,loso,Layla - TVTC,22.27948,46.73319,01-09-2020 00:00,7018.5,6943.62109375,-74.87890625,74.87890625,5606.850601196289,1.0668790517916935,35.0,2.2,2071.4,6883.4,0.23131728235136467,14.4,944.7
78,24,xgb,loso,Layla - TVTC,22.27948,46.73319,01-10-2020 00:00,6364.6,6078.72705078125,-285.87294921875036,285.87294921875036,81723.34309502623,4.491609044067975,28.0,2.2,1289.4,8065.7,0.1378285640987269,17.0,950.6
79,24,xgb,loso,Layla - TVTC,22.27948,46.73319,01-11-2020 00:00,5140.4,5049.19091796875,-91.20908203124964,91.20908203124964,8319.096644983225,1.7743576770533354,23.2,2.0,1265.0,6865.6,0.1555850736722997,34.8,953.5
80,24,xgb,loso,Layla - TVTC,22.27948,46.73319,01-12-2020 00:00,4621.5,4497.6884765625,-123.8115234375,123.8115234375,15329.293335914612,2.679033288704966,18.0,2.3,1407.7,6100.6,0.1874858489937802,44.0,955.6
81,24,xgb,loso,Layla - TVTC,22.27948,46.73319,01-01-2021 00:00,4847.6,4696.93212890625,-150.66787109375036,150.66787109375036,22700.807379922975,3.108092068111031,17.1,2.1,1504.9,6045.3,0.19931922333183227,36.7,955.8
82,24,xgb,loso,Layla - TVTC,22.27948,46.73319,01-02-2021 00:00,5678.9,5730.13330078125,51.233300781250364,51.233300781250364,2624.851108942069,0.9021694479784882,19.6,2.6,1881.4,6161.0,0.23393514373818763,31.9,953.9
83,24,xgb,loso,Layla - TVTC,22.27948,46.73319,01-03-2021 00:00,6715.8,6597.1904296875,-118.60957031250018,118.60957031250018,14068.230169715924,1.7661271972438157,25.6,2.7,2776.8,5583.3,0.3321491369720458,18.4,950.8
84,24,xgb,loso,Layla - TVTC,22.27948,46.73319,01-04-2021 00:00,7200.0,7030.61865234375,-169.38134765625,169.38134765625,28690.040933847427,2.3525187174479165,29.8,2.3,2991.0,5516.0,0.35159280592453274,15.4,949.1
85,24,xgb,loso,Layla - TVTC,22.27948,46.73319,01-05-2021 00:00,7908.5,7657.51806640625,-250.98193359375,250.98193359375,62991.930990457535,3.1735718985110952,35.3,2.1,2868.5,6453.2,0.30772284025446,11.3,944.8
86,24,xgb,loso,Layla - TVTC,22.27948,46.73319,01-07-2021 00:00,7298.5,7180.412109375,-118.087890625,118.087890625,13944.749912261963,1.6179747979036787,37.9,2.4,3041.2,5476.1,0.35706151010296694,22.0,938.4
87,24,xgb,loso,Layla - TVTC,22.27948,46.73319,01-08-2021 00:00,7328.8,7318.95849609375,-9.841503906250182,9.841503906250182,96.8551991367376,0.13428533874918377,38.3,2.5,2865.8,5796.8,0.3308244637868538,14.4,941.1
88,24,xgb,loso,Layla - TVTC,22.27948,46.73319,01-09-2021 00:00,7008.4,7045.005859375,36.605859375000364,36.605859375000364,1339.9889405823021,0.5223140713286966,34.3,2.5,2223.0,6629.5,0.2511155040948885,14.4,944.2
89,24,xgb,loso,Layla - TVTC,22.27948,46.73319,01-10-2021 00:00,6124.2,5995.69287109375,-128.50712890624982,128.50712890624982,16514.08217972751,2.0983496441371905,30.4,2.3,1722.3,6798.2,0.20213602488116894,20.8,950.0
90,24,xgb,loso,Layla - TVTC,22.27948,46.73319,01-11-2021 00:00,5205.4,5220.26025390625,14.860253906250364,14.860253906250364,220.8271461582292,0.2854776560158751,24.0,1.9,1438.3,6557.9,0.179872939646332,28.4,953.1
91,24,xgb,loso,Layla - TVTC,22.27948,46.73319,01-12-2021 00:00,4724.3,4630.76416015625,-93.53583984375018,93.53583984375018,8748.953335275684,1.979887810760328,18.4,1.7,1425.4,6196.0,0.18702600572073375,37.4,955.3
355,25,xgb,loso,Madinah - Taibah University,24.4846,39.5418,01-01-2017 00:00,4222.1,4220.6484375,-1.4515625000003638,1.4515625000003638,2.107033691407306,0.03438010705573918,20.8,2.6,1233.5,5525.1,0.1825082117598319,29.3,942.8
356,25,xgb,loso,Madinah - Taibah University,24.4846,39.5418,01-02-2017 00:00,4885.0,4686.69775390625,-198.30224609375,198.30224609375,39323.78080582619,4.059411383700103,19.0,3.4,1754.9,5120.1,0.25525818181818183,26.1,943.0
357,25,xgb,loso,Madinah - Taibah University,24.4846,39.5418,01-03-2017 00:00,5364.2,4981.32421875,-382.8757812499998,382.8757812499998,146593.8638677977,7.13761196916595,24.7,2.8,2255.1,4567.7,0.33052412499267164,22.9,938.5
358,25,xgb,loso,Madinah - Taibah University,24.4846,39.5418,01-04-2017 00:00,6008.7,6351.537109375,342.8371093750002,342.8371093750002,117537.28356460584,5.705678588962674,31.1,3.3,2710.5,4359.3,0.3833913264873122,14.2,938.7
359,25,xgb,loso,Madinah - Taibah University,24.4846,39.5418,01-05-2017 00:00,6402.0,6672.10107421875,270.10107421875,270.10107421875,72954.5902941227,4.219010843779287,33.5,3.2,2688.4,4873.5,0.3555191155661937,16.9,937.3
360,25,xgb,loso,Madinah - Taibah University,24.4846,39.5418,01-09-2017 00:00,6414.2,6494.0908203125,79.89082031250018,79.89082031250018,6382.5431702041915,1.2455305464828066,36.7,2.7,2421.1,5438.2,0.30805542478337766,10.7,936.4
361,25,xgb,loso,Madinah - Taibah University,24.4846,39.5418,01-10-2017 00:00,5871.0,6166.60693359375,295.60693359375,295.60693359375,87383.45918869972,5.0350354895886555,32.0,2.2,1478.9,6881.4,0.17689556594859038,14.9,939.1
362,25,xgb,loso,Madinah - Taibah University,24.4846,39.5418,01-11-2017 00:00,4467.8,4616.9580078125,149.15800781249982,149.15800781249982,22248.111294593757,3.3385112989054972,25.8,2.1,1559.4,5081.5,0.23481756990769326,31.9,941.1
363,25,xgb,loso,Madinah - Taibah University,24.4846,39.5418,01-03-2018 00:00,6500.1,6932.1513671875,432.05136718749964,432.05136718749964,186668.38388858765,6.64684185147151,27.9,2.0,1970.9,6658.6,0.22839098441392897,17.7,939.6
364,25,xgb,loso,Madinah - Taibah University,24.4846,39.5418,01-04-2018 00:00,7350.0,7604.15966796875,254.15966796875,254.15966796875,64597.136821985245,3.4579546662414966,28.9,2.5,2356.2,6789.1,0.25764053666910874,17.9,937.0
365,25,xgb,loso,Madinah - Taibah University,24.4846,39.5418,01-05-2018 00:00,7147.6,7111.7548828125,-35.845117187500364,35.845117187500364,1284.872426185634,0.5014986455243768,33.4,2.7,3111.0,5224.7,0.3732140072219489,14.6,936.4
366,25,xgb,loso,Madinah - Taibah University,24.4846,39.5418,01-06-2018 00:00,7666.6,7403.2236328125,-263.37636718750036,263.37636718750036,69367.11079288503,3.435373792652549,37.1,2.8,2342.5,7021.4,0.25016285949230554,9.8,934.3
367,25,xgb,loso,Madinah - Taibah University,24.4846,39.5418,01-12-2018 00:00,4058.1,3861.516357421875,-196.5836425781249,196.5836425781249,38645.12852928397,4.844228643407627,20.6,1.8,1306.6,5278.1,0.19842969307637398,43.9,943.0
368,25,xgb,loso,Madinah - Taibah University,24.4846,39.5418,01-01-2019 00:00,3951.3,3774.762939453125,-176.53706054687518,176.53706054687518,31165.333746531072,4.4678222495602755,20.2,2.0,1825.2,3850.2,0.32159847764034255,43.2,942.5
369,25,xgb,loso,Madinah - Taibah University,24.4846,39.5418,01-02-2019 00:00,4928.8,4374.7744140625,-554.0255859375002,554.0255859375002,306944.3498733904,11.240577542961779,19.7,2.3,1636.1,5366.0,0.23365847388640548,34.2,942.0
370,25,xgb,loso,Madinah - Taibah University,24.4846,39.5418,01-03-2019 00:00,6546.7,6555.8701171875,9.170117187500182,9.170117187500182,84.09104923248624,0.14007235992943287,22.0,2.5,1678.1,7233.4,0.1883072434494754,23.0,940.4
371,25,xgb,loso,Madinah - Taibah University,24.4846,39.5418,01-04-2019 00:00,6879.1,6926.07373046875,46.973730468749636,46.973730468749636,2206.531354150738,0.6828470362220295,27.1,2.5,2332.0,6259.7,0.2714247471396813,20.0,938.6
372,25,xgb,loso,Madinah - Taibah University,24.4846,39.5418,01-05-2019 00:00,6784.8,6572.8369140625,-211.96308593750018,211.96308593750018,44928.349800148084,3.1240874592839902,33.7,2.4,2539.7,5503.5,0.31575740998607515,15.4,937.1
373,25,xgb,loso,Madinah - Taibah University,24.4846,39.5418,01-07-2019 00:00,7652.5,7664.10009765625,11.60009765625,11.60009765625,134.56226563453674,0.15158572566154851,36.6,3.0,2073.5,7454.2,0.2176285987174239,12.1,932.9
374,25,xgb,loso,Madinah - Taibah University,24.4846,39.5418,01-11-2019 00:00,4642.0,4642.1787109375,0.1787109375,0.1787109375,0.031937599182128906,0.003849869398965963,25.4,2.0,1378.9,5787.4,0.19241449562535762,31.5,940.6
375,25,xgb,loso,Madinah - Taibah University,24.4846,39.5418,01-09-2020 00:00,6649.2,6665.43115234375,16.231152343750182,16.231152343750182,263.45030640602704,0.24410684509038957,36.4,2.1,2010.6,6596.9,0.2335869880917804,9.2,936.0
376,25,xgb,loso,Madinah - Taibah University,24.4846,39.5418,01-01-2021 00:00,4856.0,5075.25146484375,219.25146484375,219.25146484375,48071.20483613014,4.515063114574753,20.3,2.0,1812.8,5565.0,0.24571010328282142,31.5,943.0
377,25,xgb,loso,Madinah - Taibah University,24.4846,39.5418,01-04-2021 00:00,7540.0,7892.6513671875,352.6513671875,352.6513671875,124362.98677921295,4.677073835377984,29.8,2.6,2805.7,6357.5,0.3061921599441243,15.7,939.1
378,25,xgb,loso,Madinah - Taibah University,24.4846,39.5418,01-10-2021 00:00,5769.9,5833.3525390625,63.452539062500364,63.452539062500364,4026.2247134781346,1.099716443309249,32.9,1.7,1698.3,6348.0,0.2110659557809179,12.4,939.3
468,26,xgb,loso,Mahd ad Dahab,23.419423,40.743138,01-04-2021 00:00,6614.9,6509.03076171875,-105.86923828124964,105.86923828124964,11208.295614252014,1.6004661942168386,26.5,3.3,2715.3,5076.9,0.3484638484638485,25.5,904.0
469,26,xgb,loso,Mahd ad Dahab,23.419423,40.743138,01-07-2021 00:00,6812.8,7142.1845703125,329.3845703124998,329.3845703124998,108494.19515995013,4.834789958790803,34.7,4.2,3481.0,4221.5,0.4519311911716975,20.9,897.5
470,26,xgb,loso,Mahd ad Dahab,23.419423,40.743138,01-08-2021 00:00,6508.0,6667.89453125,159.89453125,159.89453125,25566.261123657227,2.456891998309773,34.7,3.3,2185.4,5636.9,0.27938074479373076,19.4,899.4
471,26,xgb,loso,Mahd ad Dahab,23.419423,40.743138,01-09-2021 00:00,6019.7,6202.42431640625,182.72431640625018,182.72431640625018,33388.17580613143,3.0354389156644053,32.8,2.9,2329.5,4973.0,0.31900034234851077,19.1,900.9
472,26,xgb,loso,Mahd ad Dahab,23.419423,40.743138,01-10-2021 00:00,5795.7,5886.65087890625,90.95087890625018,90.95087890625018,8272.062373819384,1.5692820350647927,28.6,2.4,1604.5,6522.6,0.1974258960760911,20.4,904.8
473,26,xgb,loso,Mahd ad Dahab,23.419423,40.743138,01-11-2021 00:00,4780.9,4922.041015625,141.14101562500036,141.14101562500036,19920.786291656597,2.9521850619130365,22.7,2.5,1246.2,6306.3,0.1650049652432969,29.0,905.9
474,26,xgb,loso,Mahd ad Dahab,23.419423,40.743138,01-12-2021 00:00,4056.8,4009.1044921875,-47.69550781250018,47.69550781250018,2274.861465492266,1.1756928567467013,18.5,2.6,1470.4,5001.9,0.2271835359918422,40.9,906.8
1320,27,xgb,loso,Majmaah - University,25.85891,45.41889,01-01-2017 00:00,4179.1,4123.3798828125,-55.720117187500364,55.720117187500364,3104.7314593887736,1.3333042326697222,14.0,3.1,1611.9,4846.9,0.2495664829380071,40.7,936.6
1321,27,xgb,loso,Majmaah - University,25.85891,45.41889,01-02-2017 00:00,4783.2,4501.31103515625,-281.8889648437498,281.8889648437498,79461.38850068083,5.893313364353358,12.6,3.3,1949.1,4732.1,0.2917290307130455,39.6,937.0
1322,27,xgb,loso,Majmaah - University,25.85891,45.41889,01-03-2017 00:00,4958.5,4936.63134765625,-21.86865234375,21.86865234375,478.23795533180237,0.4410336259705556,20.4,4.2,2868.3,3001.6,0.488645462443994,40.8,932.1
1323,27,xgb,loso,Majmaah - University,25.85891,45.41889,01-04-2017 00:00,6331.3,6295.60009765625,-35.69990234375018,35.69990234375018,1274.4830273532998,0.5638636985097876,27.1,3.7,3386.2,3876.1,0.4662710160692894,25.8,932.5
1324,27,xgb,loso,Majmaah - University,25.85891,45.41889,01-05-2017 00:00,6955.8,6849.140625,-106.65937500000018,106.65937500000018,11376.222275390664,1.5333876045889787,32.4,3.3,3634.7,4113.2,0.4691206649543747,19.4,929.8
1325,27,xgb,loso,Majmaah - University,25.85891,45.41889,01-06-2017 00:00,7907.4,7815.7666015625,-91.63339843749964,91.63339843749964,8396.67970920556,1.1588309486999473,34.9,3.0,2535.3,7085.1,0.2635337408007983,10.0,926.7
1326,27,xgb,loso,Majmaah - University,25.85891,45.41889,01-09-2017 00:00,6766.3,6807.85400390625,41.55400390624982,41.55400390624982,1726.735240640625,0.6141318579762916,32.7,2.5,2161.9,6542.7,0.24836293454035796,10.3,929.3
1327,27,xgb,loso,Majmaah - University,25.85891,45.41889,01-10-2017 00:00,5844.2,5814.13623046875,-30.063769531249818,30.063769531249818,903.830238428105,0.5144206141345234,28.1,2.7,1768.2,6498.1,0.21390464899652806,15.7,932.9
1328,27,xgb,loso,Majmaah - University,25.85891,45.41889,01-11-2017 00:00,4333.5,4341.01806640625,7.51806640625,7.51806640625,56.52132248878479,0.17348716756086305,20.3,2.8,1633.2,4861.8,0.2514549653579677,34.6,935.5
1329,27,xgb,loso,Majmaah - University,25.85891,45.41889,01-03-2018 00:00,6130.1,6385.2578125,255.15781249999964,255.15781249999964,65105.50927978497,4.1623760215983365,23.7,3.4,2598.0,5142.9,0.3356198891601752,26.2,933.4
1330,27,xgb,loso,Majmaah - University,25.85891,45.41889,01-04-2018 00:00,6129.9,6004.0556640625,-125.84433593749964,125.84433593749964,15836.796887550263,2.0529590358325525,24.4,3.7,3363.6,3562.8,0.48562023562023565,39.6,930.6
1331,27,xgb,loso,Majmaah - University,25.85891,45.41889,01-05-2018 00:00,7065.5,6747.01806640625,-318.48193359375,318.48193359375,101430.74202561378,4.5075639883058525,30.8,3.7,3902.2,3921.6,0.49876019325647386,21.9,929.4
1332,27,xgb,loso,Majmaah - University,25.85891,45.41889,01-06-2018 00:00,7908.9,7695.90185546875,-212.99814453124964,212.99814453124964,45368.209573755106,2.6931449952743067,35.1,3.3,2888.6,6422.5,0.31023187378505224,13.7,926.0
1333,27,xgb,loso,Majmaah - University,25.85891,45.41889,01-07-2018 00:00,7835.9,7653.48876953125,-182.41123046874964,182.41123046874964,33273.857001123295,2.327891250127613,35.6,3.4,2710.9,6677.0,0.28876532557867046,12.5,923.8
1334,27,xgb,loso,Majmaah - University,25.85891,45.41889,01-08-2018 00:00,7566.4,7521.74462890625,-44.655371093749636,44.655371093749636,1994.1021675204906,0.5901798886359383,34.7,3.0,2030.7,7539.3,0.21219435736677117,13.9,925.3
1335,27,xgb,loso,Majmaah - University,25.85891,45.41889,01-09-2018 00:00,6466.1,6621.70263671875,155.60263671874964,155.60263671874964,24212.180553827173,2.4064372143757384,34.3,2.5,2471.2,5573.8,0.307172156619018,13.8,929.3
1336,27,xgb,loso,Majmaah - University,25.85891,45.41889,01-10-2018 00:00,5257.5,4975.95458984375,-281.54541015625,281.54541015625,79267.81798005104,5.355119546481217,26.7,2.5,2007.8,5048.0,0.2845602199608832,30.6,934.6
1337,27,xgb,loso,Majmaah - University,25.85891,45.41889,01-11-2018 00:00,3507.4,3558.06787109375,50.66787109374991,50.66787109374991,2567.2331611728578,1.4445991644451703,18.2,3.0,1777.1,3202.3,0.35689038840020887,73.9,936.1
1338,27,xgb,loso,Majmaah - University,25.85891,45.41889,01-12-2018 00:00,3834.7,3734.221435546875,-100.47856445312482,100.47856445312482,10095.941914560759,2.6202457676773885,16.0,2.8,1580.7,4396.7,0.26444608023555394,63.4,937.4
1339,27,xgb,loso,Majmaah - University,25.85891,45.41889,01-01-2019 00:00,3751.2,3867.97216796875,116.77216796875018,116.77216796875018,13635.739212122005,3.1129283420972005,15.9,3.4,2300.2,2693.9,0.4605834885164493,45.9,936.6
1340,27,xgb,loso,Majmaah - University,25.85891,45.41889,01-02-2019 00:00,4669.5,4570.65625,-98.84375,98.84375,9770.0869140625,2.116795160081379,15.1,3.1,1931.1,4659.4,0.29301266975191564,50.2,935.6
1341,27,xgb,loso,Majmaah - University,25.85891,45.41889,01-03-2019 00:00,6289.7,6131.44921875,-158.25078124999982,158.25078124999982,25043.309766235296,2.5160306731640594,18.6,3.7,2521.7,5628.1,0.3094186360401482,34.0,933.0
1342,27,xgb,loso,Majmaah - University,25.85891,45.41889,01-04-2019 00:00,6665.8,6712.56201171875,46.76201171874982,46.76201171874982,2186.6857399844953,0.70152137355981,22.9,3.5,2687.9,5345.6,0.3345864193688928,37.5,931.8
1343,27,xgb,loso,Majmaah - University,25.85891,45.41889,01-05-2019 00:00,7049.7,6980.9677734375,-68.73222656249982,68.73222656249982,4724.118968238806,0.9749666874122277,31.1,3.2,3170.8,4996.2,0.3882453777396841,23.5,930.0
1344,27,xgb,loso,Majmaah - University,25.85891,45.41889,01-06-2019 00:00,7681.9,7643.1787109375,-38.721289062499636,38.721289062499636,1499.338226661654,0.5040587493002986,35.7,2.7,2665.1,6546.3,0.2893262696224244,12.5,926.9
1345,27,xgb,loso,Majmaah - University,25.85891,45.41889,01-07-2019 00:00,7979.4,7857.72119140625,-121.67880859374964,121.67880859374964,14805.732460794361,1.5249117551914886,35.7,3.0,2278.9,7614.0,0.23035712480667955,12.5,924.1
1346,27,xgb,loso,Majmaah - University,25.85891,45.41889,01-08-2019 00:00,7647.6,7703.28125,55.681249999999636,55.681249999999636,3100.4016015624593,0.7280878968565253,35.2,3.3,2120.6,7502.3,0.2203701586839726,12.7,925.4
1347,27,xgb,loso,Majmaah - University,25.85891,45.41889,01-09-2019 00:00,6796.3,6896.29931640625,99.99931640624982,99.99931640624982,9999.863281717264,1.4713787856076073,33.4,2.3,2047.6,6776.3,0.23205158716667235,15.0,928.7
1348,27,xgb,loso,Majmaah - University,25.85891,45.41889,01-10-2019 00:00,5595.0,5375.44091796875,-219.55908203125,219.55908203125,48206.19050240517,3.924201644883825,29.0,2.5,1924.1,5750.9,0.25069706840390876,26.0,932.5
1349,27,xgb,loso,Majmaah - University,25.85891,45.41889,01-11-2019 00:00,3986.5,4015.72216796875,29.22216796875,29.22216796875,853.9351007938385,0.7330281692901042,20.0,2.6,1744.2,4032.4,0.301942319011183,49.9,935.5
1350,27,xgb,loso,Majmaah - University,25.85891,45.41889,01-12-2019 00:00,4336.2,4520.92236328125,184.72236328125018,184.72236328125018,34122.35149621017,4.260005610471154,16.1,2.8,1230.7,6304.0,0.1633376245902292,45.6,936.0
1351,27,xgb,loso,Majmaah - University,25.85891,45.41889,01-01-2020 00:00,4748.2,4763.6201171875,15.420117187500182,15.420117187500182,237.78001407623853,0.32475711190556805,12.9,2.7,1206.0,6848.5,0.14972996461605315,40.3,936.7
1352,27,xgb,loso,Majmaah - University,25.85891,45.41889,01-02-2020 00:00,5303.0,5521.08251953125,218.08251953125,218.08251953125,47559.98532509804,4.112436725084858,17.0,2.7,2049.9,5507.8,0.27123331172182014,31.2,936.0
1353,27,xgb,loso,Majmaah - University,25.85891,45.41889,01-03-2020 00:00,6373.3,6059.88818359375,-313.4118164062502,313.4118164062502,98226.96666306508,4.917575140135411,20.6,2.9,2846.5,5154.7,0.35575913612958054,26.9,932.4
1354,27,xgb,loso,Majmaah - University,25.85891,45.41889,01-04-2020 00:00,7018.7,6781.92626953125,-236.77373046874982,236.77373046874982,56061.79944008819,3.3734698800169522,25.8,3.6,3119.7,5160.7,0.3767571614897831,31.5,930.7
1355,27,xgb,loso,Majmaah - University,25.85891,45.41889,01-05-2020 00:00,7073.8,6990.5302734375,-83.26972656250018,83.26972656250018,6933.847361793549,1.1771569250261553,30.8,2.6,3267.9,4921.1,0.39905971425082426,17.8,930.6
1356,27,xgb,loso,Majmaah - University,25.85891,45.41889,01-09-2020 00:00,6787.4,6738.52685546875,-48.873144531249636,48.873144531249636,2388.5842563724163,0.7200569368425265,32.8,1.8,2086.8,6745.1,0.23627984918307496,13.6,928.9
1357,27,xgb,loso,Majmaah - University,25.85891,45.41889,01-10-2020 00:00,6164.0,6203.3046875,39.3046875,39.3046875,1544.8584594726562,0.6376490509409474,25.4,1.5,1186.7,8279.5,0.1253618136105301,16.4,934.1
1358,27,xgb,loso,Majmaah - University,25.85891,45.41889,01-11-2020 00:00,4415.4,4473.49658203125,58.096582031250364,58.096582031250364,3375.2128437138026,1.3157716635242642,21.3,2.4,1622.1,5097.0,0.24141626110639816,39.5,935.3
1359,27,xgb,loso,Majmaah - University,25.85891,45.41889,01-12-2020 00:00,3855.8,3731.35400390625,-124.44599609375018,124.44599609375018,15486.805943765685,3.227501325114118,15.0,2.1,1507.5,4625.1,0.24581743469327852,58.6,937.6
1360,27,xgb,loso,Majmaah - University,25.85891,45.41889,01-01-2021 00:00,4355.3,4255.0244140625,-100.27558593750018,100.27558593750018,10055.193135108984,2.302380684166422,14.5,2.0,1537.6,5340.9,0.22353710838118773,46.1,937.7
1361,27,xgb,loso,Majmaah - University,25.85891,45.41889,01-02-2021 00:00,4928.3,4813.49951171875,-114.80048828125018,114.80048828125018,13179.15210961346,2.329413556018306,16.1,2.5,1963.9,5057.5,0.27970205372148005,44.0,936.1
1362,27,xgb,loso,Majmaah - University,25.85891,45.41889,01-03-2021 00:00,6328.4,6375.37060546875,46.970605468750364,46.970605468750364,2206.2377781010014,0.7422192887420259,22.7,2.9,2965.9,4796.5,0.3820854374935587,23.9,933.2
1363,27,xgb,loso,Majmaah - University,25.85891,45.41889,01-04-2021 00:00,6740.4,6340.57080078125,-399.82919921874964,399.82919921874964,159863.3885479066,5.93183192716678,26.8,2.2,3155.4,4764.8,0.39839903032751695,19.4,932.5
1364,27,xgb,loso,Majmaah - University,25.85891,45.41889,01-05-2021 00:00,7892.9,7738.8349609375,-154.06503906249964,154.06503906249964,23736.03626132954,1.9519446472462547,32.7,2.1,2866.7,6559.5,0.3041204302900426,12.9,928.5
1365,27,xgb,loso,Majmaah - University,25.85891,45.41889,01-07-2021 00:00,7874.2,7810.70849609375,-63.49150390624982,63.49150390624982,4031.171068277336,0.8063232316457521,37.4,2.2,2531.9,7053.2,0.2641495654714088,13.9,922.9
1366,27,xgb,loso,Majmaah - University,25.85891,45.41889,01-08-2021 00:00,7591.7,7633.18701171875,41.48701171875018,41.48701171875018,1721.172141351715,0.5464785452369059,35.9,2.0,2223.4,7254.2,0.23459525618299992,12.5,925.6
1367,27,xgb,loso,Majmaah - University,25.85891,45.41889,01-09-2021 00:00,6960.1,6812.318359375,-147.78164062500036,147.78164062500036,21839.413305816757,2.123268927529782,31.9,1.8,1863.0,7363.6,0.20191619881646544,15.6,928.5
1368,27,xgb,loso,Majmaah - University,25.85891,45.41889,01-10-2021 00:00,5851.7,5662.02001953125,-189.67998046874982,189.67998046874982,35978.49499062531,3.2414508684442094,28.6,1.8,1752.6,6505.0,0.21224084479751984,18.9,933.2
1369,27,xgb,loso,Majmaah - University,25.85891,45.41889,01-11-2021 00:00,4731.8,4707.9169921875,-23.883007812500182,23.883007812500182,570.3980621719447,0.50473409299844,21.1,1.4,1544.8,5806.2,0.21014827914569445,31.7,935.6
1370,27,xgb,loso,Majmaah - University,25.85891,45.41889,01-12-2021 00:00,3769.1,3862.48681640625,93.38681640625009,93.38681640625009,8721.097478494661,2.4776953757196702,16.0,1.7,1762.6,3957.5,0.3081414660582857,39.9,937.0
883,28,xgb,loso,Makkah - UQU,21.331,39.949,01-01-2017 00:00,4250.1,4307.01171875,56.911718749999636,56.911718749999636,3238.94373107906,1.339067757229233,25.2,2.2,1664.4,4531.1,0.26864659833750304,50.6,979.9
884,28,xgb,loso,Makkah - UQU,21.331,39.949,01-03-2018 00:00,6678.2,6410.03955078125,-268.1604492187498,268.1604492187498,71910.0265252017,4.0154599924942325,29.5,2.4,2243.4,6226.5,0.2648673538058301,31.1,976.4
885,28,xgb,loso,Makkah - UQU,21.331,39.949,01-04-2018 00:00,6886.4,6486.4033203125,-399.99667968749964,399.99667968749964,159997.34376102418,5.808501970369128,30.8,2.6,2751.8,5487.3,0.3339927904746878,31.7,974.3
886,28,xgb,loso,Makkah - UQU,21.331,39.949,01-05-2018 00:00,7479.2,7344.54541015625,-134.65458984374982,134.65458984374982,18131.858565988492,1.8003876062112234,35.1,2.9,3080.4,5602.1,0.3547826086956522,21.8,972.7
887,28,xgb,loso,Makkah - UQU,21.331,39.949,01-06-2018 00:00,7310.5,7054.24267578125,-256.25732421875,256.25732421875,65667.81621575356,3.5053323879180627,36.7,2.7,3313.7,5070.5,0.39523150688199227,21.8,970.5
888,28,xgb,loso,Makkah - UQU,21.331,39.949,01-07-2018 00:00,7288.7,7371.416015625,82.71601562500018,82.71601562500018,6841.939240875275,1.1348527943940645,36.3,2.7,3111.1,5304.7,0.3696737089759738,21.9,970.7
889,28,xgb,loso,Makkah - UQU,21.331,39.949,01-08-2018 00:00,6950.1,7109.5673828125,159.46738281249964,159.46738281249964,25429.846181068304,2.294461702889162,36.0,2.8,2721.4,5482.6,0.3317162359824476,24.3,971.0
890,28,xgb,loso,Makkah - UQU,21.331,39.949,01-02-2020 00:00,3893.2,4120.97119140625,227.77119140625018,227.77119140625018,51879.715634622655,5.850487809674566,24.2,2.4,1823.6,3176.5,0.36471270574588505,44.3,979.7
891,28,xgb,loso,Makkah - UQU,21.331,39.949,01-03-2020 00:00,5865.7,5906.67333984375,40.97333984375018,40.97333984375018,1678.8145779514462,0.6985242996360227,27.3,2.4,2373.9,4809.8,0.33045645001879254,33.4,976.3
892,28,xgb,loso,Makkah - UQU,21.331,39.949,01-04-2020 00:00,6403.0,6312.1279296875,-90.8720703125,90.8720703125,8257.733162879944,1.4192108435498985,30.5,2.4,2255.5,5559.8,0.28860056555730423,29.6,975.3
893,28,xgb,loso,Makkah - UQU,21.331,39.949,01-05-2020 00:00,6591.3,6923.94677734375,332.6467773437498,332.6467773437498,110653.87847718227,5.046755228008887,34.8,2.4,2609.2,5162.5,0.33573092116267994,23.1,973.9
894,28,xgb,loso,Makkah - UQU,21.331,39.949,01-10-2020 00:00,5902.6,6085.03125,182.43124999999964,182.43124999999964,33281.160976562365,3.090693084403477,32.4,1.6,1686.9,6382.7,0.20904381877664321,29.7,975.5
895,28,xgb,loso,Makkah - UQU,21.331,39.949,01-11-2020 00:00,4337.1,4974.24560546875,637.1456054687496,637.1456054687496,405954.52256813954,14.690590612823076,28.2,1.4,1719.9,4421.1,0.2800683927699072,48.5,977.9
896,28,xgb,loso,Makkah - UQU,21.331,39.949,01-12-2020 00:00,4176.4,4327.41552734375,151.01552734375036,151.01552734375036,22805.689498911015,3.615925853456335,26.2,1.5,1694.1,4523.4,0.27247285886610373,44.5,979.0
897,28,xgb,loso,Makkah - UQU,21.331,39.949,01-01-2021 00:00,4565.6,4449.4111328125,-116.18886718750036,116.18886718750036,13499.852858314598,2.544876186864823,25.0,1.7,1817.5,4750.3,0.2767288894302506,46.3,979.2
898,28,xgb,loso,Makkah - UQU,21.331,39.949,01-02-2021 00:00,4889.0,4961.0302734375,72.0302734375,72.0302734375,5188.360291481018,1.4733130177439149,24.5,1.9,1934.3,4678.4,0.2925128918596035,43.5,978.6
899,28,xgb,loso,Makkah - UQU,21.331,39.949,01-03-2021 00:00,6393.8,6525.97705078125,132.17705078124982,132.17705078124982,17470.772753229092,2.0672690853834936,29.1,1.8,2538.4,5233.3,0.3266209452243396,33.2,976.3
900,28,xgb,loso,Makkah - UQU,21.331,39.949,01-05-2021 00:00,7485.0,6826.43798828125,-658.56201171875,658.56201171875,433703.923279047,8.798423670257181,34.6,2.0,2709.8,5090.8,0.34738353459990257,26.3,972.9
901,28,xgb,loso,Makkah - UQU,21.331,39.949,01-07-2021 00:00,6611.6,6674.16064453125,62.560644531249636,62.560644531249636,3913.834244165375,0.9462254905204434,35.7,2.4,3277.3,4124.0,0.4428005890857012,25.6,969.5
902,28,xgb,loso,Makkah - UQU,21.331,39.949,01-09-2021 00:00,5954.7,6216.57861328125,261.8786132812502,261.8786132812502,68580.40809411058,4.397847301816215,34.9,2.1,2873.8,4043.6,0.4154451094341805,34.2,971.5
903,28,xgb,loso,Makkah - UQU,21.331,39.949,01-10-2021 00:00,5698.0,6039.6953125,341.6953125,341.6953125,116755.68658447266,5.996758731133731,33.1,1.8,1969.6,5525.6,0.26278151350197454,33.1,975.3
904,28,xgb,loso,Makkah - UQU,21.331,39.949,01-11-2021 00:00,4622.3,5836.439453125,1214.1394531249998,1214.1394531249998,1474134.6116346736,26.26699809889016,28.7,1.5,2303.9,3887.6,0.37210692077848667,43.1,977.6
905,28,xgb,loso,Makkah - UQU,21.331,39.949,01-12-2021 00:00,4094.5,3861.46240234375,-233.03759765625,233.03759765625,54306.521921396255,5.691478755800464,25.9,1.8,1703.2,4285.1,0.28442128817861495,47.7,979.4
1164,29,xgb,loso,Najran - University,17.63228,44.53735,01-01-2017 00:00,5782.0,5850.486328125,68.486328125,68.486328125,4690.377140045166,1.184474716793497,20.0,1.7,1286.2,7774.0,0.14196154610273504,25.2,885.4
1165,29,xgb,loso,Najran - University,17.63228,44.53735,01-02-2017 00:00,5517.5,5866.9013671875,349.4013671875,349.4013671875,122081.3153924942,6.3326029395106485,19.3,2.2,2425.5,4577.2,0.34636640153083814,33.4,884.7
1166,29,xgb,loso,Najran - University,17.63228,44.53735,01-03-2017 00:00,6515.7,6520.5888671875,4.888867187500182,4.888867187500182,23.901022377015938,0.07503210994214254,26.1,2.2,2536.9,5407.0,0.31935195558856483,29.7,881.4
1167,29,xgb,loso,Najran - University,17.63228,44.53735,01-04-2017 00:00,7486.0,7398.77490234375,-87.22509765625,87.22509765625,7608.217661142349,1.1651762978392999,28.2,2.2,2597.4,6505.3,0.2853439089500917,15.8,882.4
1168,29,xgb,loso,Najran - University,17.63228,44.53735,01-05-2017 00:00,7278.9,7159.12353515625,-119.77646484374964,119.77646484374964,14346.401530465993,1.6455297482277493,31.1,2.3,3150.9,5212.9,0.37673067266075233,21.0,880.9
1169,29,xgb,loso,Najran - University,17.63228,44.53735,01-06-2017 00:00,7522.5,7529.25439453125,6.75439453125,6.75439453125,45.62184548377991,0.08978922607178465,33.5,2.1,3465.6,5206.2,0.3996402131045458,10.1,878.2
1170,29,xgb,loso,Najran - University,17.63228,44.53735,01-09-2017 00:00,7352.4,7000.181640625,-352.21835937499964,352.21835937499964,124057.7726808164,4.790522269939062,30.8,2.2,2186.3,7026.5,0.23731113233761728,13.5,879.8
1171,29,xgb,loso,Najran - University,17.63228,44.53735,01-10-2017 00:00,6898.2,6579.5703125,-318.6296874999998,318.6296874999998,101524.87775634755,4.619026521411381,25.9,1.9,1430.4,8301.3,0.14698356916057834,18.0,883.4
1172,29,xgb,loso,Najran - University,17.63228,44.53735,01-11-2017 00:00,5964.5,5856.12109375,-108.37890625,108.37890625,11745.987319946289,1.8170660784642467,21.3,1.8,1290.5,7865.8,0.14094120987735223,30.8,885.0
1173,29,xgb,loso,Najran - University,17.63228,44.53735,01-03-2018 00:00,7078.5,7133.01220703125,54.51220703125,54.51220703125,2971.580715417862,0.7701095858056085,24.3,2.2,1944.5,7299.1,0.21036176381496385,21.3,883.1
1174,29,xgb,loso,Najran - University,17.63228,44.53735,01-04-2018 00:00,6781.6,6569.72705078125,-211.87294921875036,211.87294921875036,44890.14661065117,3.1242324704900075,26.8,2.0,3338.2,4304.0,0.43681138939048963,35.7,881.1
1175,29,xgb,loso,Najran - University,17.63228,44.53735,01-05-2018 00:00,8046.4,7760.7001953125,-285.69980468749964,285.69980468749964,81624.37839847544,3.550653766746615,30.4,2.4,3251.0,6126.8,0.3466697946213398,20.4,880.1
1176,29,xgb,loso,Najran - University,17.63228,44.53735,01-06-2018 00:00,7486.6,7044.3544921875,-442.24550781250036,442.24550781250036,195581.08918033633,5.907160898304976,33.5,2.5,4190.2,4106.1,0.5050685245229801,15.8,877.8
1177,29,xgb,loso,Najran - University,17.63228,44.53735,01-07-2018 00:00,7172.9,6553.59521484375,-619.3047851562496,619.3047851562496,383538.4169174285,8.633952587604032,34.5,2.8,4208.9,3609.7,0.5383188806180135,16.3,876.1
1178,29,xgb,loso,Najran - University,17.63228,44.53735,01-08-2018 00:00,7150.9,7067.3828125,-83.51718749999964,83.51718749999964,6975.120607910096,1.1679255408410079,33.9,2.6,3639.1,4356.4,0.4551435182290038,17.5,876.5
1179,29,xgb,loso,Najran - University,17.63228,44.53735,01-09-2018 00:00,7522.8,7109.04296875,-413.7570312500002,413.7570312500002,171194.88090881362,5.5000402941723845,31.1,2.3,2429.9,6918.0,0.25994073535232515,15.2,880.1
1180,29,xgb,loso,Najran - University,17.63228,44.53735,01-10-2018 00:00,6618.4,6866.5888671875,248.18886718750036,248.18886718750036,61597.71379581469,3.749982883891883,25.9,2.1,2020.6,6779.8,0.22960319985455208,32.0,883.9
1181,29,xgb,loso,Najran - University,17.63228,44.53735,01-11-2018 00:00,5677.8,6074.38720703125,396.5872070312498,396.5872070312498,157281.4127808474,6.984874547029656,23.6,1.9,1838.0,6375.2,0.22378610042370817,35.4,884.5
1182,29,xgb,loso,Najran - University,17.63228,44.53735,01-12-2018 00:00,5783.6,5533.69091796875,-249.90908203125036,249.90908203125036,62454.549281702224,4.32099526300661,19.9,1.8,1091.4,8418.9,0.11475978675751555,33.9,885.6
1183,29,xgb,loso,Najran - University,17.63228,44.53735,01-01-2019 00:00,5863.7,6320.11669921875,456.4166992187502,456.4166992187502,208316.20332573907,7.783766209368662,20.4,1.8,1886.8,6776.7,0.21778726842500143,31.2,885.6
1184,29,xgb,loso,Najran - University,17.63228,44.53735,01-02-2019 00:00,6352.1,6536.77587890625,184.67587890624964,184.67587890624964,34105.180249795776,2.9073200816462212,22.1,2.1,2522.7,5702.1,0.30671870440618615,32.8,884.1
1185,29,xgb,loso,Najran - University,17.63228,44.53735,01-03-2019 00:00,7040.3,6864.18505859375,-176.11494140625018,176.11494140625018,31016.472586526936,2.5015260913064807,25.2,2.3,3158.5,5215.9,0.3771613488727551,24.2,882.3
1186,29,xgb,loso,Najran - University,17.63228,44.53735,01-04-2019 00:00,6897.5,6825.23828125,-72.26171875,72.26171875,5221.755996704102,1.0476508698803915,27.7,2.2,3202.8,4689.7,0.4058029775102946,30.3,881.6
1187,29,xgb,loso,Najran - University,17.63228,44.53735,01-05-2019 00:00,7130.1,7253.32763671875,123.22763671874964,123.22763671874964,15185.050451288134,1.728273610731261,29.3,2.2,2986.3,5303.9,0.36022050131480543,30.6,881.5
1188,29,xgb,loso,Najran - University,17.63228,44.53735,01-06-2019 00:00,7670.6,7689.26806640625,18.668066406249636,18.668066406249636,348.4967033481462,0.2433716581004046,33.6,2.3,3098.2,5848.0,0.3463146363819275,14.8,878.4
1189,29,xgb,loso,Najran - University,17.63228,44.53735,01-07-2019 00:00,7272.5,7148.103515625,-124.396484375,124.396484375,15474.48532485962,1.7105051134410452,34.9,2.8,3849.4,4295.5,0.4726147650677111,13.7,876.0
1190,29,xgb,loso,Najran - University,17.63228,44.53735,01-08-2019 00:00,7070.3,7144.31103515625,74.01103515624982,74.01103515624982,5477.633324899646,1.0467877622767041,33.4,2.7,3201.5,4958.3,0.39235030270349763,18.6,877.5
1191,29,xgb,loso,Najran - University,17.63228,44.53735,01-09-2019 00:00,7108.8,7457.7939453125,348.9939453124998,348.9939453124998,121796.77386478412,4.9093228858949445,31.5,2.3,2532.0,6208.4,0.28968925907281134,19.3,879.5
1192,29,xgb,loso,Najran - University,17.63228,44.53735,01-10-2019 00:00,6696.1,7014.37451171875,318.27451171874964,318.27451171874964,101298.6648098085,4.753132595372675,27.0,2.1,1835.1,7261.1,0.20174358523339414,22.2,882.8
1193,29,xgb,loso,Najran - University,17.63228,44.53735,01-11-2019 00:00,5674.1,5478.14306640625,-195.95693359375036,195.95693359375036,38399.11982346549,3.453533310899532,22.0,2.0,1644.5,6569.2,0.20021427614838622,37.5,884.5
1194,29,xgb,loso,Najran - University,17.63228,44.53735,01-12-2019 00:00,5493.6,5324.5849609375,-169.01503906250036,169.01503906250036,28566.083429298524,3.076580731442048,20.0,1.8,1343.5,7390.3,0.15382765806407292,38.2,885.0
1195,29,xgb,loso,Najran - University,17.63228,44.53735,01-01-2020 00:00,5907.3,5839.68701171875,-67.61298828125018,67.61298828125018,4571.516184320474,1.1445666934343977,18.5,1.9,1569.5,7353.5,0.1758937577048078,33.1,885.3
1196,29,xgb,loso,Najran - University,17.63228,44.53735,01-02-2020 00:00,6317.6,6573.75048828125,256.15048828124964,256.15048828124964,65613.0726467226,4.054553759042193,22.0,2.1,2253.5,6185.2,0.2670435019612025,27.4,884.9
1197,29,xgb,loso,Najran - University,17.63228,44.53735,01-03-2020 00:00,7091.8,7034.3876953125,-57.41230468750018,57.41230468750018,3296.1727295303554,0.8095589933091766,24.9,2.2,3119.6,5320.5,0.3696164737384628,26.0,882.0
1198,29,xgb,loso,Najran - University,17.63228,44.53735,01-04-2020 00:00,7092.1,6927.64697265625,-164.45302734375036,164.45302734375036,27044.798202524304,2.3188199171437285,28.3,1.8,2923.7,5397.4,0.35135979618079344,35.2,881.0
1199,29,xgb,loso,Najran - University,17.63228,44.53735,01-05-2020 00:00,7241.7,7353.61572265625,111.91572265625018,111.91572265625018,12525.12897767071,1.545434396015441,33.6,2.2,3215.9,5163.0,0.38380933058038647,23.9,881.1
1200,29,xgb,loso,Najran - University,17.63228,44.53735,01-09-2020 00:00,7666.8,7958.81494140625,292.0149414062498,292.0149414062498,85272.72600449552,3.808824299658917,30.5,2.1,2282.6,7432.1,0.23496350890917886,15.5,879.5
1201,29,xgb,loso,Najran - University,17.63228,44.53735,01-10-2020 00:00,7295.8,6810.51416015625,-485.2858398437502,485.2858398437502,235502.34635285396,6.651578166119551,25.1,1.8,1371.9,9097.3,0.13104153134910024,16.7,883.6
1202,29,xgb,loso,Najran - University,17.63228,44.53735,01-12-2020 00:00,5877.6,5553.51025390625,-324.08974609375036,324.08974609375036,105034.16352311158,5.513980980225779,19.0,1.4,1236.4,8347.2,0.1290120622730498,36.5,885.7
1203,29,xgb,loso,Najran - University,17.63228,44.53735,01-01-2021 00:00,6173.5,5949.15087890625,-224.34912109375,224.34912109375,50332.5281355381,3.634066916558678,17.8,1.6,1484.0,8075.2,0.1552431165787932,28.3,885.7
1204,29,xgb,loso,Najran - University,17.63228,44.53735,01-02-2021 00:00,6579.8,6681.27685546875,101.47685546874982,101.47685546874982,10297.55219582554,1.5422483277417218,20.8,1.9,1926.2,7125.9,0.21279040222710752,30.6,884.3
1205,29,xgb,loso,Najran - University,17.63228,44.53735,01-03-2021 00:00,7761.2,7551.384765625,-209.81523437499982,209.81523437499982,44022.43257583611,2.7033865172267153,25.3,1.7,2329.1,7704.3,0.2321346702015269,16.8,882.8
1206,29,xgb,loso,Najran - University,17.63228,44.53735,01-04-2021 00:00,7654.8,7565.15234375,-89.64765625000018,89.64765625000018,8036.702271118196,1.1711299609395436,27.2,1.9,3048.7,6030.8,0.3357784018943774,19.8,882.3
1207,29,xgb,loso,Najran - University,17.63228,44.53735,01-05-2021 00:00,8035.1,7922.96240234375,-112.13759765625036,112.13759765625036,12574.840808115086,1.3955967897879349,31.9,2.2,3182.8,6322.6,0.3348412481326404,13.3,879.8
1208,29,xgb,loso,Najran - University,17.63228,44.53735,01-07-2021 00:00,7113.9,7021.4326171875,-92.46738281249964,92.46738281249964,8550.216884193353,1.2998128004680927,33.3,2.7,3549.2,4540.4,0.43873615506329117,23.4,875.0
1209,29,xgb,loso,Najran - University,17.63228,44.53735,01-08-2021 00:00,7387.7,7476.68603515625,88.98603515625018,88.98603515625018,7918.514452829393,1.2045160896659337,33.9,2.5,3338.4,5179.2,0.39194139194139194,17.8,877.0
1210,29,xgb,loso,Najran - University,17.63228,44.53735,01-09-2021 00:00,7591.2,7822.8388671875,231.63886718750018,231.63886718750018,53656.56479190835,3.0514130465209743,30.9,2.1,2482.8,6939.1,0.2635137286534563,15.1,879.2
1211,29,xgb,loso,Najran - University,17.63228,44.53735,01-10-2021 00:00,7029.5,6693.7919921875,-335.7080078125,335.7080078125,112699.86650943756,4.775702508179814,26.9,1.9,1824.4,7831.0,0.1889512604345755,20.8,883.3
1212,29,xgb,loso,Najran - University,17.63228,44.53735,01-11-2021 00:00,6370.7,6444.396484375,73.69648437500018,73.69648437500018,5431.171809234646,1.1568035596559276,22.5,1.3,1258.6,8607.1,0.12757330954721913,25.3,885.1
1213,29,xgb,loso,Najran - University,17.63228,44.53735,01-12-2021 00:00,5952.6,5910.73876953125,-41.861230468750364,41.861230468750364,1752.3626163578338,0.7032427925402406,19.0,1.1,1067.6,8876.4,0.10736122284794851,32.0,885.6
92,30,xgb,loso,Osfan - KAU,21.89252,39.2539,01-01-2017 00:00,4327.0,4381.50830078125,54.50830078125,54.50830078125,2971.1548540592194,1.2597250007222094,24.4,2.9,1567.1,4919.9,0.24157545860952673,71.7,1001.7
93,30,xgb,loso,Osfan - KAU,21.89252,39.2539,01-02-2017 00:00,4364.7,4274.50439453125,-90.19560546874982,90.19560546874982,8135.247245874372,2.0664789210885015,23.8,3.9,2375.4,3136.0,0.4309975686758356,54.7,1001.3
94,30,xgb,loso,Osfan - KAU,21.89252,39.2539,01-03-2017 00:00,5568.6,5570.00537109375,1.4053710937496362,1.4053710937496362,1.9750679111470488,0.025237422220120608,25.9,3.6,2671.2,4086.5,0.395282418574367,64.0,997.8
95,30,xgb,loso,Osfan - KAU,21.89252,39.2539,01-04-2017 00:00,6123.2,6067.2509765625,-55.94902343749982,55.94902343749982,3130.293223609904,0.9137219662513036,30.2,3.8,2994.4,4025.6,0.42655270655270655,53.4,996.6
96,30,xgb,loso,Osfan - KAU,21.89252,39.2539,01-05-2017 00:00,6547.2,6280.90576171875,-266.2942382812498,266.2942382812498,70912.62134179106,4.067299582741475,32.7,3.6,2983.5,4517.1,0.39776817854571633,49.6,995.2
97,30,xgb,loso,Osfan - KAU,21.89252,39.2539,01-10-2017 00:00,5653.9,5739.572265625,85.67226562500036,85.67226562500036,7339.737097320619,1.5152773417464116,30.6,2.7,1764.7,5868.9,0.23117533011947183,72.4,996.7
98,30,xgb,loso,Osfan - KAU,21.89252,39.2539,01-11-2017 00:00,4491.7,4474.48193359375,-17.218066406249818,17.218066406249818,296.46181077002853,0.3833307301522768,28.1,3.0,1781.3,4614.5,0.27851089777666593,69.8,999.3
99,30,xgb,loso,Osfan - KAU,21.89252,39.2539,01-03-2018 00:00,6460.5,6538.01123046875,77.51123046875,77.51123046875,6007.990848779678,1.1997713871797848,28.2,3.2,2231.4,6115.0,0.26734879708616893,49.9,997.8
100,30,xgb,loso,Osfan - KAU,21.89252,39.2539,01-04-2018 00:00,7129.6,7253.84814453125,124.24814453124964,124.24814453124964,15437.601419458299,1.7427084903956693,29.4,3.2,2679.4,5946.1,0.31063706451799894,46.2,995.7
101,30,xgb,loso,Osfan - KAU,21.89252,39.2539,01-05-2018 00:00,7282.0,7204.875,-77.125,77.125,5948.265625,1.0591183740730568,33.3,3.7,3148.5,5293.3,0.37296548129545837,39.5,993.8
102,30,xgb,loso,Osfan - KAU,21.89252,39.2539,01-06-2018 00:00,7254.0,7208.40869140625,-45.59130859375,45.59130859375,2078.5674192905426,0.6284988777743314,33.9,3.3,3114.1,5273.3,0.3712831151489139,46.5,991.6
103,30,xgb,loso,Osfan - KAU,21.89252,39.2539,01-07-2018 00:00,7178.2,7212.67578125,34.47578125000018,34.47578125000018,1188.579492797864,0.4802844898442532,34.7,3.0,2931.9,5391.5,0.35224787947233105,44.5,991.7
104,30,xgb,loso,Osfan - KAU,21.89252,39.2539,01-08-2018 00:00,6917.8,6512.5908203125,-405.2091796875002,405.2091796875002,164194.47930301682,5.857486190515774,34.5,3.2,2527.4,5710.6,0.30679776644816703,51.0,992.0
105,30,xgb,loso,Osfan - KAU,21.89252,39.2539,01-09-2018 00:00,6019.8,6030.67578125,10.875781249999818,10.875781249999818,118.2826177978476,0.18066682032625367,33.7,2.9,3098.6,3795.7,0.4494437433822143,64.1,993.4
106,30,xgb,loso,Osfan - KAU,21.89252,39.2539,01-10-2018 00:00,5231.0,5317.1943359375,86.1943359375,86.1943359375,7429.463547706604,1.647760197619958,31.5,2.7,2130.2,4637.2,0.3147737683600792,59.5,997.4
107,30,xgb,loso,Osfan - KAU,21.89252,39.2539,01-11-2018 00:00,4096.6,4185.92236328125,89.32236328124964,89.32236328124964,7978.484582147534,2.18040236491846,27.7,3.1,1787.2,4049.0,0.30622665432987217,56.0,999.3
108,30,xgb,loso,Osfan - KAU,21.89252,39.2539,01-12-2018 00:00,3975.6,3981.178955078125,5.578955078125091,5.578955078125091,31.12473976373774,0.1403298892777214,25.3,3.0,1781.4,4062.4,0.30483589445223996,62.7,1001.6
109,30,xgb,loso,Osfan - KAU,21.89252,39.2539,01-01-2019 00:00,4045.3,4085.428466796875,40.12846679687482,40.12846679687482,1610.2938474678847,0.9919775244573905,24.7,3.2,2080.9,3446.8,0.3764495178826636,64.3,1001.7
110,30,xgb,loso,Osfan - KAU,21.89252,39.2539,01-02-2019 00:00,4778.0,5095.48681640625,317.48681640625,317.48681640625,100797.8785917759,6.644763842742779,24.5,3.7,2226.6,4016.0,0.35667830711562487,54.3,1000.8
111,30,xgb,loso,Osfan - KAU,21.89252,39.2539,01-03-2019 00:00,6251.3,6215.529296875,-35.77070312500018,35.77070312500018,1279.5432020568978,0.5722122298561928,24.9,4.0,2396.7,5632.6,0.2984942647553336,51.1,999.6
112,30,xgb,loso,Osfan - KAU,21.89252,39.2539,01-04-2019 00:00,6915.2,6812.84814453125,-102.35185546874982,102.35185546874982,10475.902317895852,1.480099714668409,28.4,3.6,2699.6,5723.3,0.3205071887354712,48.7,996.9
113,30,xgb,loso,Osfan - KAU,21.89252,39.2539,01-05-2019 00:00,6965.7,6978.90869140625,13.208691406250182,13.208691406250182,174.46952866554741,0.18962475280661215,33.6,3.1,2870.1,5217.8,0.354863437975247,41.3,994.8
114,30,xgb,loso,Osfan - KAU,21.89252,39.2539,01-06-2019 00:00,7003.8,6881.64453125,-122.15546875000018,122.15546875000018,14921.95854553227,1.7441313108598213,35.0,3.7,3122.0,4851.0,0.3915715539947322,43.0,992.2
115,30,xgb,loso,Osfan - KAU,21.89252,39.2539,01-07-2019 00:00,7240.6,7281.60107421875,41.001074218749636,41.001074218749636,1681.0880870914161,0.56626625167458,34.6,3.2,2705.0,5875.9,0.31523499865981425,45.7,990.9
116,30,xgb,loso,Osfan - KAU,21.89252,39.2539,01-08-2019 00:00,6971.0,6773.52099609375,-197.47900390625,197.47900390625,38997.9569838047,2.8328647813262084,34.4,3.3,2505.4,5849.7,0.2998647532644732,51.7,992.6
117,30,xgb,loso,Osfan - KAU,21.89252,39.2539,01-09-2019 00:00,6188.8,6228.3447265625,39.54472656249982,39.54472656249982,1563.7853989028786,0.6389724431634536,32.9,3.0,2592.7,4759.2,0.35265713625049305,61.5,992.8
118,30,xgb,loso,Osfan - KAU,21.89252,39.2539,01-10-2019 00:00,5377.9,5826.1689453125,448.26894531250036,448.26894531250036,200945.04733158145,8.335390120911516,31.6,2.9,2163.3,4866.9,0.3077152854826321,59.4,996.8
119,30,xgb,loso,Osfan - KAU,21.89252,39.2539,01-11-2019 00:00,4634.7,4872.17236328125,237.47236328125018,237.47236328125018,56393.12332238206,5.123791470456561,28.9,2.7,1693.7,5039.4,0.25154832098142016,57.3,998.2
120,30,xgb,loso,Osfan - KAU,21.89252,39.2539,01-12-2019 00:00,4307.9,4365.8203125,57.920312500000364,57.920312500000364,3354.7626000976984,1.344513858260414,25.2,3.7,1560.3,5176.9,0.2315947277800867,55.0,1000.8
121,30,xgb,loso,Osfan - KAU,21.89252,39.2539,01-01-2020 00:00,4818.4,4827.5654296875,9.165429687500364,9.165429687500364,84.00510135651302,0.19021728556160478,21.9,4.0,1405.7,6219.5,0.1843492629701516,49.7,1003.4
122,30,xgb,loso,Osfan - KAU,21.89252,39.2539,01-02-2020 00:00,4959.4,5187.1845703125,227.78457031250036,227.78457031250036,51885.81047245042,4.592986456274961,23.4,3.5,2221.3,4385.6,0.3362091147134057,56.3,1002.0
123,30,xgb,loso,Osfan - KAU,21.89252,39.2539,01-03-2020 00:00,6308.6,6410.63232421875,102.03232421874964,102.03232421874964,10410.595185480044,1.6173528868330473,25.6,3.6,2436.8,5455.8,0.30874490028634416,54.4,998.1
124,30,xgb,loso,Osfan - KAU,21.89252,39.2539,01-09-2020 00:00,6212.3,6205.80224609375,-6.497753906250182,6.497753906250182,42.2208058261895,0.10459497941583924,34.7,2.8,2468.7,5044.1,0.3285991907145139,56.4,992.0
125,30,xgb,loso,Osfan - KAU,21.89252,39.2539,01-10-2020 00:00,5750.3,5909.13525390625,158.83525390624982,158.83525390624982,25228.63788346285,2.7622081266412155,32.8,3.1,1698.5,6251.9,0.21363704970819078,45.7,996.6
126,30,xgb,loso,Osfan - KAU,21.89252,39.2539,01-11-2020 00:00,4439.9,4613.59033203125,173.69033203125036,173.69033203125036,30168.331441125996,3.912032523958881,28.3,2.6,1592.7,4940.1,0.24380051432770022,61.0,999.5
127,30,xgb,loso,Osfan - KAU,21.89252,39.2539,01-12-2020 00:00,4033.0,3954.52197265625,-78.47802734375,78.47802734375,6158.800775766373,1.945897033070915,26.2,2.1,1688.5,4413.6,0.27670801855099064,58.3,1000.7
128,30,xgb,loso,Osfan - KAU,21.89252,39.2539,01-01-2021 00:00,4348.2,4436.59423828125,88.39423828125018,88.39423828125018,7813.5413613224355,2.032892651700708,25.2,3.3,1805.4,4510.2,0.28586357590727723,58.4,1000.9
129,30,xgb,loso,Osfan - KAU,21.89252,39.2539,01-02-2021 00:00,5016.3,4688.61474609375,-327.6852539062502,327.6852539062502,107377.62562760364,6.5324094234047045,24.5,3.5,1814.4,5131.2,0.26123013130615064,58.0,1000.7
130,30,xgb,loso,Osfan - KAU,21.89252,39.2539,01-03-2021 00:00,6161.8,6053.1171875,-108.68281250000018,108.68281250000018,11811.953732910195,1.763815970982508,27.4,3.3,2445.2,5248.1,0.3178349992850922,57.5,997.9
131,30,xgb,loso,Osfan - KAU,21.89252,39.2539,01-04-2021 00:00,6718.8,6625.28173828125,-93.51826171875018,93.51826171875018,8745.665274896655,1.3918893510559949,29.7,3.4,2720.1,5245.5,0.3414808677312443,50.7,996.7
132,30,xgb,loso,Osfan - KAU,21.89252,39.2539,01-05-2021 00:00,7387.0,7250.271484375,-136.728515625,136.728515625,18694.68698501587,1.8509342848923784,32.4,2.7,2251.1,6793.0,0.24890259948474694,53.1,994.1
133,30,xgb,loso,Osfan - KAU,21.89252,39.2539,01-07-2021 00:00,6627.9,6327.662109375,-300.23789062499964,300.23789062499964,90142.79096694925,4.529909784773452,33.9,3.2,3104.8,4465.3,0.41013989247169785,53.2,990.2
134,30,xgb,loso,Osfan - KAU,21.89252,39.2539,01-08-2021 00:00,6560.8,6524.841796875,-35.95820312500018,35.95820312500018,1292.9923719787728,0.5480765017223537,34.7,3.1,2739.0,4890.9,0.3589824244092321,56.1,991.1
135,30,xgb,loso,Osfan - KAU,21.89252,39.2539,01-09-2021 00:00,5972.5,5939.34765625,-33.15234375,33.15234375,1099.077896118164,0.5550831938049393,32.8,3.2,2714.6,4315.4,0.3861450924608819,63.8,992.7
136,30,xgb,loso,Osfan - KAU,21.89252,39.2539,01-10-2021 00:00,5533.7,5503.3916015625,-30.308398437499818,30.308398437499818,918.5990158462414,0.5477058466758195,31.1,2.5,1853.6,5513.5,0.25160510920172113,65.5,996.5
137,30,xgb,loso,Osfan - KAU,21.89252,39.2539,01-11-2021 00:00,4506.5,4836.05517578125,329.55517578125,329.55517578125,108606.61388421059,7.312885294158438,28.5,2.5,1386.1,5330.4,0.20637236655996424,62.1,998.9
737,31,xgb,loso,Rania - TVTC,21.21501,42.84853,01-02-2017 00:00,4696.4,4643.9365234375,-52.463476562499636,52.463476562499636,2752.416373023949,1.1170998331168478,17.8,3.4,2489.3,3360.3,0.4255504649890591,36.1,912.8
738,31,xgb,loso,Rania - TVTC,21.21501,42.84853,01-03-2017 00:00,5689.1,5918.86083984375,229.76083984374964,229.76083984374964,52790.04352570517,4.0386148924038885,24.9,3.8,2849.3,3924.0,0.42066644028759986,33.7,909.1
739,31,xgb,loso,Rania - TVTC,21.21501,42.84853,01-05-2017 00:00,6588.7,6501.49267578125,-87.20732421874982,87.20732421874982,7605.117397394149,1.3235892394364566,32.0,3.1,3045.4,4398.2,0.40912999086463536,24.7,908.4
740,31,xgb,loso,Rania - TVTC,21.21501,42.84853,01-09-2017 00:00,6773.0,6438.16455078125,-334.83544921875,334.83544921875,112114.77805352211,4.943680041617451,32.2,2.4,2290.2,6135.3,0.27181769627915253,10.7,907.5
741,31,xgb,loso,Rania - TVTC,21.21501,42.84853,01-11-2017 00:00,5252.1,5144.86181640625,-107.23818359375036,107.23818359375036,11500.02802048691,2.041815342315462,23.2,3.4,1461.4,6553.3,0.18233995034124795,27.3,912.5
742,31,xgb,loso,Rania - TVTC,21.21501,42.84853,01-03-2018 00:00,6647.4,5841.37060546875,-806.0293945312496,806.0293945312496,649683.3848484128,12.125483565472962,25.9,3.7,2201.4,6323.8,0.25822268099282125,21.7,910.6
743,31,xgb,loso,Rania - TVTC,21.21501,42.84853,01-04-2018 00:00,6467.7,6344.830078125,-122.86992187499982,122.86992187499982,15097.017701568559,1.8997467704902797,26.5,3.7,2885.1,4650.2,0.38287792125064696,33.9,908.7
744,31,xgb,loso,Rania - TVTC,21.21501,42.84853,01-05-2018 00:00,7521.3,7610.443359375,89.14335937499982,89.14335937499982,7946.538520660368,1.1852121225718932,32.2,3.4,3333.3,5330.2,0.3847521209672765,15.8,907.5
745,31,xgb,loso,Rania - TVTC,21.21501,42.84853,01-03-2019 00:00,6513.2,6641.40087890625,128.20087890625018,128.20087890625018,16435.465352335024,1.9683240021226154,23.5,4.0,2723.0,5245.0,0.3417419678714859,21.2,910.1
746,31,xgb,loso,Rania - TVTC,21.21501,42.84853,01-04-2019 00:00,6275.2,5957.0673828125,-318.1326171874998,318.1326171874998,101208.3621185683,5.0696809215244105,26.6,3.3,2881.5,4203.2,0.4067215266701484,30.5,909.1
747,31,xgb,loso,Rania - TVTC,21.21501,42.84853,01-05-2019 00:00,6095.7,6044.52734375,-51.17265624999982,51.17265624999982,2618.6407476806453,0.8394877741686733,29.9,3.5,2986.6,3704.0,0.446387468986339,27.3,908.9
748,31,xgb,loso,Rania - TVTC,21.21501,42.84853,01-06-2019 00:00,7328.3,6867.51513671875,-460.7848632812502,460.7848632812502,212322.69022912043,6.287745633792969,35.5,3.5,3051.8,5318.3,0.3646073523613816,11.0,905.7
749,31,xgb,loso,Rania - TVTC,21.21501,42.84853,01-08-2019 00:00,7292.2,7646.97216796875,354.7721679687502,354.7721679687502,125863.2911652471,4.865091028341929,34.7,4.5,2803.0,5779.2,0.3266062315024119,14.6,904.7
750,31,xgb,loso,Rania - TVTC,21.21501,42.84853,01-09-2019 00:00,6885.3,6819.86279296875,-65.43720703125018,65.43720703125018,4282.028064050698,0.9503900633414691,33.3,2.4,2417.9,6088.5,0.28424480391234835,13.3,906.8
751,31,xgb,loso,Rania - TVTC,21.21501,42.84853,01-10-2019 00:00,6154.9,6093.18212890625,-61.717871093749636,61.717871093749636,3809.0956123446967,1.002743685417304,29.1,2.4,1826.4,6564.4,0.21766696858464035,17.7,910.3
752,31,xgb,loso,Rania - TVTC,21.21501,42.84853,01-11-2019 00:00,4930.5,4496.650390625,-433.849609375,433.849609375,188225.4835548401,8.799302492140756,23.2,3.3,1798.3,5284.9,0.2538824260221369,36.1,911.8
753,31,xgb,loso,Rania - TVTC,21.21501,42.84853,01-02-2020 00:00,5547.4,5317.33203125,-230.06796874999964,230.06796874999964,52931.27024475081,4.147311691062473,21.0,3.0,2340.1,4962.5,0.32044751184509623,24.9,912.6
754,31,xgb,loso,Rania - TVTC,21.21501,42.84853,01-03-2020 00:00,6522.9,6473.53955078125,-49.360449218749636,49.360449218749636,2436.453947076762,0.7567255242108516,24.5,3.1,2867.5,5040.8,0.36259373063743155,19.3,909.6
755,31,xgb,loso,Rania - TVTC,21.21501,42.84853,01-04-2020 00:00,6893.6,6891.2880859375,-2.311914062500364,2.311914062500364,5.344946632386936,0.033537107788388705,28.8,2.6,2695.2,5478.2,0.32975261213203805,24.1,908.5
756,31,xgb,loso,Rania - TVTC,21.21501,42.84853,01-05-2020 00:00,6454.6,6451.2412109375,-3.358789062500364,3.358789062500364,11.281463966372073,0.05203713727419769,32.0,2.8,3106.1,4200.3,0.42512044235191065,20.0,908.6
757,31,xgb,loso,Rania - TVTC,21.21501,42.84853,01-09-2020 00:00,7093.5,7217.6455078125,124.1455078125,124.1455078125,15412.107110023499,1.7501305112074435,32.2,2.1,2153.8,6819.7,0.2400178302780409,10.8,906.9
758,31,xgb,loso,Rania - TVTC,21.21501,42.84853,01-11-2020 00:00,5419.3,5408.4130859375,-10.886914062500182,10.886914062500182,118.52489780426421,0.20089151850792875,23.5,3.0,1298.6,7125.5,0.15415296589546656,25.1,912.2
759,31,xgb,loso,Rania - TVTC,21.21501,42.84853,01-01-2021 00:00,5111.7,5507.1171875,395.4171875000002,395.4171875000002,156354.7521704103,7.735531965882196,18.4,2.7,1789.6,5867.5,0.23371772603204866,30.1,913.5
760,31,xgb,loso,Rania - TVTC,21.21501,42.84853,01-04-2021 00:00,6991.2,6905.96728515625,-85.23271484374982,85.23271484374982,7264.615679635971,1.2191428487777467,27.9,2.6,2861.2,5265.2,0.3520870250049222,20.4,909.9
761,31,xgb,loso,Rania - TVTC,21.21501,42.84853,01-05-2021 00:00,7704.7,7673.49609375,-31.203906249999818,31.203906249999818,973.6837652587777,0.404998328942072,33.4,2.4,2755.5,6359.7,0.30229726171669297,10.9,907.0
762,31,xgb,loso,Rania - TVTC,21.21501,42.84853,01-07-2021 00:00,7095.6,6932.384765625,-163.21523437500036,163.21523437500036,26639.2127320863,2.30023161360562,36.1,4.2,3245.5,4820.7,0.40235798765217823,14.2,902.2
763,31,xgb,loso,Rania - TVTC,21.21501,42.84853,01-08-2021 00:00,7290.2,7509.6669921875,219.46699218750018,219.46699218750018,48165.760659828265,3.01043856392829,36.0,3.4,2841.0,5704.4,0.33245956889086525,12.7,904.4
764,31,xgb,loso,Rania - TVTC,21.21501,42.84853,01-10-2021 00:00,6307.4,6042.80517578125,-264.59482421874964,264.59482421874964,70010.42100335102,4.194990395705831,28.6,2.4,1759.3,6942.6,0.2021742378101334,14.5,910.8
630,32,xgb,loso,Riyadh - K.A.CARE City T2,24.52958,46.43635,01-01-2017 00:00,4453.5,4485.41796875,31.91796875,31.91796875,1018.7567291259766,0.7166940327832042,15.5,4.1,1592.1,5395.1,0.22785951454087472,35.4,915.1
631,32,xgb,loso,Riyadh - K.A.CARE City T2,24.52958,46.43635,01-02-2017 00:00,4382.4,4563.46533203125,181.06533203125036,181.06533203125036,32784.654463586936,4.13164777362291,12.5,4.0,2183.0,3572.6,0.3792827854611161,45.5,915.3
632,32,xgb,loso,Riyadh - K.A.CARE City T2,24.52958,46.43635,01-03-2017 00:00,5313.7,5378.5703125,64.87031250000018,64.87031250000018,4208.15744384768,1.2208124752997005,19.9,5.0,2812.6,3552.7,0.4418644839991831,40.5,911.5
633,32,xgb,loso,Riyadh - K.A.CARE City T2,24.52958,46.43635,01-04-2017 00:00,6906.3,6847.767578125,-58.53242187500018,58.53242187500018,3426.044410553,0.8475221446360596,27.5,4.2,3176.3,4950.9,0.39082340781572994,20.8,912.2
634,32,xgb,loso,Riyadh - K.A.CARE City T2,24.52958,46.43635,01-05-2017 00:00,7135.2,6948.71044921875,-186.48955078124982,186.48955078124982,34778.35255059235,2.613655549686762,32.1,4.1,3651.4,4332.6,0.45733967935871744,19.4,909.9
635,32,xgb,loso,Riyadh - K.A.CARE City T2,24.52958,46.43635,01-06-2017 00:00,8050.4,7989.8916015625,-60.508398437499636,60.508398437499636,3661.2662814712085,0.7516197758806971,35.0,4.2,2687.6,7045.4,0.2761327442720641,10.3,906.8
636,32,xgb,loso,Riyadh - K.A.CARE City T2,24.52958,46.43635,01-09-2017 00:00,7016.5,6966.97216796875,-49.52783203125,49.52783203125,2453.0061457157135,0.705876605590394,33.0,3.3,2178.3,6788.4,0.24293218240824382,11.4,909.2
637,32,xgb,loso,Riyadh - K.A.CARE City T2,24.52958,46.43635,01-10-2017 00:00,6247.4,6320.9755859375,73.57558593750036,73.57558593750036,5413.366846046501,1.1776992979079355,28.3,3.5,1682.9,7268.5,0.18800411108876824,17.3,913.0
638,32,xgb,loso,Riyadh - K.A.CARE City T2,24.52958,46.43635,01-11-2017 00:00,4778.9,4822.5029296875,43.602929687500364,43.602929687500364,1901.2154773331006,0.9124051494590881,20.5,3.7,1551.5,5817.6,0.21054131440745816,36.4,914.9
639,32,xgb,loso,Riyadh - K.A.CARE City T2,24.52958,46.43635,01-03-2018 00:00,6516.1,6618.2158203125,102.11582031249964,102.11582031249964,10427.640758094713,1.5671309573594578,23.4,4.2,2321.5,6119.7,0.2750201393166848,24.6,912.7
640,32,xgb,loso,Riyadh - K.A.CARE City T2,24.52958,46.43635,01-04-2018 00:00,6333.4,5883.177734375,-450.22226562499964,450.22226562499964,202700.08846450772,7.108697786733818,23.9,4.4,3398.0,3732.5,0.47654442184980017,37.1,910.3
641,32,xgb,loso,Riyadh - K.A.CARE City T2,24.52958,46.43635,01-05-2018 00:00,6973.1,6860.2294921875,-112.87050781250036,112.87050781250036,12739.751533851706,1.618656090010187,30.2,4.7,3305.2,4630.5,0.4164975994556246,19.2,909.3
642,32,xgb,loso,Riyadh - K.A.CARE City T2,24.52958,46.43635,01-06-2018 00:00,7410.6,7342.4091796875,-68.19082031250036,68.19082031250036,4649.987974891712,0.9201794768642264,34.9,4.2,2911.6,5774.3,0.33520993794540577,12.7,906.1
643,32,xgb,loso,Riyadh - K.A.CARE City T2,24.52958,46.43635,01-07-2018 00:00,7248.4,7169.50390625,-78.89609374999964,78.89609374999964,6224.593609008732,1.0884621951051217,35.5,4.1,2646.8,5873.9,0.3106317556069337,11.9,903.8
644,32,xgb,loso,Riyadh - K.A.CARE City T2,24.52958,46.43635,01-08-2018 00:00,6973.3,7058.15625,84.85624999999982,84.85624999999982,7200.583164062469,1.2168736466235472,34.9,3.8,2200.2,6321.8,0.2581788312602675,13.1,905.2
645,32,xgb,loso,Riyadh - K.A.CARE City T2,24.52958,46.43635,01-09-2018 00:00,6134.3,6234.1328125,99.83281249999982,99.83281249999982,9966.59045166012,1.627452398806707,34.1,3.8,2148.2,5530.4,0.2797645404110124,14.1,909.3
646,32,xgb,loso,Riyadh - K.A.CARE City T2,24.52958,46.43635,01-10-2018 00:00,4837.2,4528.43701171875,-308.7629882812498,308.7629882812498,95334.58293236721,6.383093282916767,26.6,3.3,1889.3,4590.4,0.29157214068552556,31.7,914.0
647,32,xgb,loso,Riyadh - K.A.CARE City T2,24.52958,46.43635,01-11-2018 00:00,4170.4,4273.05322265625,102.65322265625036,102.65322265625036,10537.684121713713,2.4614718649590057,18.6,4.2,1939.7,3934.5,0.33020666643968544,61.9,914.7
648,32,xgb,loso,Riyadh - K.A.CARE City T2,24.52958,46.43635,01-12-2018 00:00,4232.3,4117.75146484375,-114.54853515625018,114.54853515625018,13121.366906442683,2.7065315586383334,16.2,4.0,1421.4,5444.5,0.2070231142312006,53.7,915.9
649,32,xgb,loso,Riyadh - K.A.CARE City T2,24.52958,46.43635,01-01-2019 00:00,4320.6,4242.1328125,-78.46718750000036,78.46718750000036,6157.099514160213,1.8161178424293003,16.3,4.2,2091.7,4040.2,0.34111776121593634,38.3,915.5
650,32,xgb,loso,Riyadh - K.A.CARE City T2,24.52958,46.43635,01-02-2019 00:00,5126.5,4824.5244140625,-301.9755859375,301.9755859375,91189.25450229645,5.89048251121623,15.8,4.3,2088.4,5041.8,0.29289500995764495,39.8,914.1
651,32,xgb,loso,Riyadh - K.A.CARE City T2,24.52958,46.43635,01-03-2019 00:00,6260.1,6152.583984375,-107.51601562500036,107.51601562500036,11559.693615875321,1.7174808010255485,18.5,4.7,2449.2,5593.9,0.30450945530951995,29.3,912.0
652,32,xgb,loso,Riyadh - K.A.CARE City T2,24.52958,46.43635,01-04-2019 00:00,6572.3,6519.7294921875,-52.57050781250018,52.57050781250018,2763.658291664143,0.7998799174185625,23.0,4.5,3001.1,4740.9,0.38763885300955825,33.8,911.1
653,32,xgb,loso,Riyadh - K.A.CARE City T2,24.52958,46.43635,01-05-2019 00:00,6652.3,6658.86474609375,6.564746093749818,6.564746093749818,43.095891275403496,0.09868385511401798,30.0,3.7,3106.9,4519.9,0.40736612996276295,23.2,910.1
654,32,xgb,loso,Riyadh - K.A.CARE City T2,24.52958,46.43635,01-06-2019 00:00,7644.4,7714.2412109375,69.84121093750036,69.84121093750036,4877.794745216421,0.9136258036929041,35.7,3.7,2665.4,6523.1,0.2900799912934647,12.2,907.0
655,32,xgb,loso,Riyadh - K.A.CARE City T2,24.52958,46.43635,01-07-2019 00:00,8069.1,8054.04296875,-15.057031250000364,15.057031250000364,226.7141900634875,0.18660112342145174,35.8,4.2,2377.9,7498.8,0.24075855295797177,11.8,904.2
656,32,xgb,loso,Riyadh - K.A.CARE City T2,24.52958,46.43635,01-08-2019 00:00,7727.3,7649.51171875,-77.78828125000018,77.78828125000018,6051.01669982913,1.0066683220529833,35.2,3.8,2122.5,7538.9,0.21968865795847395,12.1,905.5
657,32,xgb,loso,Riyadh - K.A.CARE City T2,24.52958,46.43635,01-09-2019 00:00,6933.8,7048.931640625,115.13164062499982,115.13164062499982,13255.294673004108,1.6604407485794197,33.4,3.6,2000.0,7014.8,0.22185739006966324,15.8,908.7
658,32,xgb,loso,Riyadh - K.A.CARE City T2,24.52958,46.43635,01-10-2019 00:00,5863.3,5843.2802734375,-20.019726562500182,20.019726562500182,400.78945163727536,0.3414412798679955,28.9,3.5,1793.0,6434.5,0.21792768155575812,23.9,912.5
659,32,xgb,loso,Riyadh - K.A.CARE City T2,24.52958,46.43635,01-11-2019 00:00,4330.5,4170.3271484375,-160.1728515625,160.1728515625,25655.34237766266,3.698714965073317,19.7,3.8,1792.0,4585.7,0.28097903632971133,45.1,914.6
660,32,xgb,loso,Riyadh - K.A.CARE City T2,24.52958,46.43635,01-12-2019 00:00,4290.2,4289.2021484375,-0.9978515624998181,0.9978515624998181,0.9957077407833284,0.023258858852729897,15.8,3.9,1308.1,5898.7,0.18150913026586002,47.8,914.8
661,32,xgb,loso,Riyadh - K.A.CARE City T2,24.52958,46.43635,01-01-2020 00:00,4711.8,4660.09912109375,-51.70087890625018,51.70087890625018,2672.980879678745,1.0972638674445048,12.9,3.8,1245.2,6602.5,0.15867069332415867,42.8,915.0
662,32,xgb,loso,Riyadh - K.A.CARE City T2,24.52958,46.43635,01-02-2020 00:00,5374.6,5330.84765625,-43.752343750000364,43.752343750000364,1914.2675836181959,0.8140576740594716,17.1,4.2,2102.5,5382.8,0.2808838657101252,28.7,914.9
663,32,xgb,loso,Riyadh - K.A.CARE City T2,24.52958,46.43635,01-03-2020 00:00,6459.8,5980.25146484375,-479.5485351562502,479.5485351562502,229966.79757050532,7.4235817696561845,20.8,4.1,2661.8,5521.4,0.32527617557923555,25.9,911.5
664,32,xgb,loso,Riyadh - K.A.CARE City T2,24.52958,46.43635,01-04-2020 00:00,6450.3,6190.21728515625,-260.0827148437502,260.0827148437502,67643.01856049547,4.032102612959864,25.4,4.7,3234.6,4214.9,0.43420363782804217,31.9,910.6
665,32,xgb,loso,Riyadh - K.A.CARE City T2,24.52958,46.43635,01-05-2020 00:00,7466.7,7425.142578125,-41.55742187499982,41.55742187499982,1727.0193128967135,0.5565701297092399,31.1,4.1,3115.5,5659.6,0.35503868901778896,16.7,910.4
666,32,xgb,loso,Riyadh - K.A.CARE City T2,24.52958,46.43635,01-09-2020 00:00,6797.3,6800.08349609375,2.783496093749818,2.783496093749818,7.747850503920496,0.040950025653565654,32.8,3.3,1985.8,6821.4,0.22547461168135163,15.0,908.8
667,32,xgb,loso,Riyadh - K.A.CARE City T2,24.52958,46.43635,01-10-2020 00:00,6225.2,6185.6923828125,-39.50761718749982,39.50761718749982,1560.851815834031,0.6346401270240285,25.8,3.0,1182.8,8258.0,0.125285992712482,16.5,913.4
668,32,xgb,loso,Riyadh - K.A.CARE City T2,24.52958,46.43635,01-11-2020 00:00,4766.4,4783.759765625,17.359765625000364,17.359765625000364,301.3614625549443,0.36421126269302545,21.3,3.7,1291.5,6331.5,0.16942148760330578,37.4,914.8
669,32,xgb,loso,Riyadh - K.A.CARE City T2,24.52958,46.43635,01-12-2020 00:00,4173.6,4091.05615234375,-82.54384765625036,82.54384765625036,6813.486785898269,1.9777613488654964,15.1,4.1,1383.0,5451.7,0.2023497739476495,52.1,916.0
670,32,xgb,loso,Riyadh - K.A.CARE City T2,24.52958,46.43635,01-01-2021 00:00,4551.4,4505.2861328125,-46.113867187499636,46.113867187499636,2126.4887469863556,1.0131798388957165,14.3,4.1,1493.6,5712.0,0.20728322415898742,43.8,916.0
671,32,xgb,loso,Riyadh - K.A.CARE City T2,24.52958,46.43635,01-02-2021 00:00,5049.4,5127.81298828125,78.41298828125036,78.41298828125036,6148.596731195506,1.5529169461965853,16.2,4.3,1831.4,5467.6,0.2509110837100973,40.3,914.7
672,32,xgb,loso,Riyadh - K.A.CARE City T2,24.52958,46.43635,01-10-2021 00:00,5891.9,6033.83056640625,141.93056640625036,141.93056640625036,20144.285680399043,2.4089099680281465,28.5,3.5,1655.6,6715.0,0.1977874943253769,20.3,913.1
673,32,xgb,loso,Riyadh - K.A.CARE City T2,24.52958,46.43635,01-11-2021 00:00,4901.4,4942.0849609375,40.684960937500364,40.684960937500364,1655.2660464859305,0.8300681629228458,21.6,3.1,1419.9,6272.1,0.18459438377535103,31.1,914.8
674,32,xgb,loso,Riyadh - K.A.CARE City T2,24.52958,46.43635,01-12-2021 00:00,4047.2,4078.97412109375,31.774121093750182,31.774121093750182,1009.5947712803003,0.7850889774103129,16.2,3.1,1548.3,4877.7,0.24094304388422036,38.6,915.8
1263,33,xgb,loso,Riyadh - K.A.CARE HQ,24.707744,46.6792,01-01-2017 00:00,4098.6,4522.9970703125,424.39707031249964,424.39707031249964,180112.87328983276,10.354683802090948,17.1,2.6,1584.2,4669.2,0.25333418620270576,33.9,941.6
1264,33,xgb,loso,Riyadh - K.A.CARE HQ,24.707744,46.6792,01-02-2017 00:00,4242.8,4220.29150390625,-22.508496093750182,22.508496093750182,506.6323964023672,0.5305104198583526,14.6,2.7,2143.2,3405.3,0.3862665585293322,41.5,942.2
1265,33,xgb,loso,Riyadh - K.A.CARE HQ,24.707744,46.6792,01-03-2017 00:00,4810.7,4760.119140625,-50.58085937499982,50.58085937499982,2558.423335113507,1.0514241040804835,22.3,3.1,2674.1,3030.1,0.46879492303916415,36.8,937.6
1266,33,xgb,loso,Riyadh - K.A.CARE HQ,24.707744,46.6792,01-04-2017 00:00,6469.9,6543.4951171875,73.59511718750036,73.59511718750036,5416.241273841912,1.1375000724508937,30.2,3.1,3096.4,4439.3,0.41089746141698846,19.4,937.4
1267,33,xgb,loso,Riyadh - K.A.CARE HQ,24.707744,46.6792,01-05-2017 00:00,6540.2,6874.88427734375,334.6842773437502,334.6842773437502,112013.56550110829,5.117340101889089,35.4,3.0,3515.4,3740.9,0.4844617780411504,17.1,934.6
1268,33,xgb,loso,Riyadh - K.A.CARE HQ,24.707744,46.6792,01-06-2017 00:00,7492.8,7617.6806640625,124.88066406249982,124.88066406249982,15595.180256690934,1.6666755293414988,38.1,3.4,2536.9,6475.5,0.28148994718388,9.9,931.1
1269,33,xgb,loso,Riyadh - K.A.CARE HQ,24.707744,46.6792,01-09-2017 00:00,6676.1,6780.70263671875,104.60263671874964,104.60263671874964,10941.71160851471,1.5668224969480629,36.2,2.6,2089.3,6434.0,0.24512806072765247,10.9,933.6
1270,33,xgb,loso,Riyadh - K.A.CARE HQ,24.707744,46.6792,01-10-2017 00:00,5822.8,6152.5537109375,329.7537109374998,329.7537109374998,108737.50987705219,5.663146783978495,31.4,2.4,1702.9,6489.5,0.20786338557687614,16.8,937.9
1271,33,xgb,loso,Riyadh - K.A.CARE HQ,24.707744,46.6792,01-11-2017 00:00,4407.8,4530.1201171875,122.32011718749982,122.32011718749982,14962.211068763689,2.7750831976836476,23.2,2.5,1544.6,5084.4,0.23300648664957005,32.7,941.0
1272,33,xgb,loso,Riyadh - K.A.CARE HQ,24.707744,46.6792,01-03-2018 00:00,6302.3,6244.6044921875,-57.69550781250018,57.69550781250018,3328.7716217422694,0.9154674930184247,26.2,2.7,2322.3,5757.1,0.2874347104983043,21.9,938.5
1273,33,xgb,loso,Riyadh - K.A.CARE HQ,24.707744,46.6792,01-04-2018 00:00,6082.4,6135.41845703125,53.018457031250364,53.018457031250364,2810.956785974541,0.8716700156393917,27.1,3.1,3386.4,3416.9,0.4977584407566916,31.5,935.7
1274,33,xgb,loso,Riyadh - K.A.CARE HQ,24.707744,46.6792,01-05-2018 00:00,7086.7,7089.09912109375,2.399121093750182,2.399121093750182,5.755782022477069,0.033853854315128086,33.3,3.2,3467.3,4535.6,0.4332554449012233,16.8,934.2
1275,33,xgb,loso,Riyadh - K.A.CARE HQ,24.707744,46.6792,01-06-2018 00:00,7754.9,7681.47119140625,-73.42880859374964,73.42880859374964,5391.78993149752,0.9468698318966027,37.8,3.5,3174.8,5832.1,0.3524853168126658,11.3,930.2
1276,33,xgb,loso,Riyadh - K.A.CARE HQ,24.707744,46.6792,01-07-2018 00:00,7531.5,7484.56103515625,-46.93896484375,46.93896484375,2203.2664206027985,0.6232352764223594,38.3,3.2,2885.3,5908.8,0.32809497276583166,10.5,927.8
1277,33,xgb,loso,Riyadh - K.A.CARE HQ,24.707744,46.6792,01-08-2018 00:00,7326.4,7319.31103515625,-7.088964843749636,7.088964843749636,50.253422555918306,0.09675918382492953,37.6,3.1,2438.2,6450.5,0.27430332894574005,11.6,929.4
1278,33,xgb,loso,Riyadh - K.A.CARE HQ,24.707744,46.6792,01-09-2018 00:00,6539.8,6559.8369140625,20.036914062499818,20.036914062499818,401.47792514800295,0.30638420230740726,37.4,2.9,2324.2,5837.6,0.2847656154279693,12.6,933.7
1279,33,xgb,loso,Riyadh - K.A.CARE HQ,24.707744,46.6792,01-10-2018 00:00,5113.3,5213.666015625,100.36601562499982,100.36601562499982,10073.337092437707,1.962842305849448,29.6,2.4,2007.3,4774.6,0.2959790029342809,28.3,939.4
1280,33,xgb,loso,Riyadh - K.A.CARE HQ,24.707744,46.6792,01-11-2018 00:00,3924.8,4046.07421875,121.27421874999982,121.27421874999982,14707.436133422807,3.0899464622401096,21.4,2.7,1902.8,3547.2,0.3491376146788991,53.4,941.1
1281,33,xgb,loso,Riyadh - K.A.CARE HQ,24.707744,46.6792,01-12-2018 00:00,3989.0,3914.855224609375,-74.144775390625,74.144775390625,5497.447717726231,1.8587308947261219,18.5,2.6,1469.9,4769.5,0.23558354970029172,48.2,942.7
1282,33,xgb,loso,Riyadh - K.A.CARE HQ,24.707744,46.6792,01-01-2019 00:00,4154.9,4211.85498046875,56.954980468750364,56.954980468750364,3243.8698001957355,1.370790644028746,18.2,2.7,2126.0,3618.2,0.3701124612652763,34.7,942.0
1283,33,xgb,loso,Riyadh - K.A.CARE HQ,24.707744,46.6792,01-02-2019 00:00,4844.9,4995.126953125,150.22695312500036,150.22695312500036,22568.137445221055,3.100723505645119,18.0,3.1,2038.2,4674.0,0.30365602931974617,34.9,940.5
1284,33,xgb,loso,Riyadh - K.A.CARE HQ,24.707744,46.6792,01-03-2019 00:00,6177.3,6301.65966796875,124.35966796874982,124.35966796874982,15465.327017297699,2.0131719030765836,20.7,3.3,2522.5,5358.4,0.32007765610526717,27.1,938.1
1285,33,xgb,loso,Riyadh - K.A.CARE HQ,24.707744,46.6792,01-04-2019 00:00,6201.2,6197.98291015625,-3.217089843749818,3.217089843749818,10.349667062758229,0.05187850486599075,25.6,3.1,2914.4,4333.6,0.4020971302428256,30.0,936.7
1286,33,xgb,loso,Riyadh - K.A.CARE HQ,24.707744,46.6792,01-05-2019 00:00,6293.4,6402.0908203125,108.69082031250036,108.69082031250036,11813.694420204241,1.7270604174611557,33.1,2.7,3011.6,4159.6,0.4199576082106202,20.4,935.0
1287,33,xgb,loso,Riyadh - K.A.CARE HQ,24.707744,46.6792,01-06-2019 00:00,7447.6,7425.29931640625,-22.300683593750364,22.300683593750364,497.3204887485666,0.29943449693525914,38.8,2.9,2646.8,6268.4,0.2968862167982771,10.8,931.2
1288,33,xgb,loso,Riyadh - K.A.CARE HQ,24.707744,46.6792,01-07-2019 00:00,7800.8,7842.6220703125,41.82207031249982,41.82207031249982,1749.0855652236787,0.536125401401136,38.8,3.5,2377.1,7142.7,0.2497006239626883,10.6,928.3
1289,33,xgb,loso,Riyadh - K.A.CARE HQ,24.707744,46.6792,01-08-2019 00:00,7400.6,7190.404296875,-210.19570312500036,210.19570312500036,44182.23361221329,2.84025218394455,38.0,3.0,2153.1,7024.4,0.23460637428493597,11.0,929.6
1290,33,xgb,loso,Riyadh - K.A.CARE HQ,24.707744,46.6792,01-09-2019 00:00,6625.9,6758.7158203125,132.81582031250036,132.81582031250036,17640.042125282383,2.004494790330376,36.8,2.8,1975.7,6583.0,0.23084113241496954,14.0,933.3
1291,33,xgb,loso,Riyadh - K.A.CARE HQ,24.707744,46.6792,01-10-2019 00:00,5582.8,5837.37744140625,254.57744140624982,254.57744140624982,64809.67367295256,4.560031550588411,31.9,2.5,1800.4,5925.4,0.23303735535478529,21.7,937.6
1292,33,xgb,loso,Riyadh - K.A.CARE HQ,24.707744,46.6792,01-11-2019 00:00,4037.4,3979.40625,-57.99375000000009,57.99375000000009,3363.2750390625106,1.436413285777978,22.2,2.5,1709.9,4156.5,0.291473476067094,40.6,940.8
1293,33,xgb,loso,Riyadh - K.A.CARE HQ,24.707744,46.6792,01-12-2019 00:00,3868.2,3752.701416015625,-115.49858398437482,115.49858398437482,13339.922902395683,2.985848301131659,17.9,2.5,1249.2,5068.1,0.19774270653602014,44.3,941.8
1294,33,xgb,loso,Riyadh - K.A.CARE HQ,24.707744,46.6792,01-01-2020 00:00,4365.8,4390.96484375,25.164843749999818,25.164843749999818,633.2693609619049,0.5764085333730318,15.0,2.7,1284.0,5824.0,0.18064153066966798,38.5,942.2
1295,33,xgb,loso,Riyadh - K.A.CARE HQ,24.707744,46.6792,01-02-2020 00:00,5206.5,5192.70361328125,-13.79638671875,13.79638671875,190.3402864933014,0.26498389933256505,18.9,3.1,2164.8,4979.0,0.30303199977602957,26.8,941.5
1296,33,xgb,loso,Riyadh - K.A.CARE HQ,24.707744,46.6792,01-03-2020 00:00,6299.3,6328.3837890625,29.083789062499818,29.083789062499818,845.8667862319841,0.46169874529709365,23.1,3.0,2696.3,5170.0,0.342765976380255,24.0,937.3
1297,33,xgb,loso,Riyadh - K.A.CARE HQ,24.707744,46.6792,01-04-2020 00:00,6176.2,6042.99462890625,-133.20537109374982,133.20537109374982,17743.670888223598,2.1567528754533503,27.8,3.1,3111.0,3991.0,0.43804562095184457,29.4,936.0
1298,33,xgb,loso,Riyadh - K.A.CARE HQ,24.707744,46.6792,01-05-2020 00:00,7168.5,7211.67138671875,43.17138671875,43.17138671875,1863.768631219864,0.6022373818616168,33.9,3.0,3117.4,5301.3,0.3702947010821148,14.7,935.2
1299,33,xgb,loso,Riyadh - K.A.CARE HQ,24.707744,46.6792,01-09-2020 00:00,6645.7,6691.51904296875,45.81904296875018,45.81904296875018,2099.3846985721757,0.6894539772898293,35.6,2.8,2015.4,6533.6,0.23574687097906188,14.1,933.2
1300,33,xgb,loso,Riyadh - K.A.CARE HQ,24.707744,46.6792,01-10-2020 00:00,6005.1,6042.12255859375,37.022558593749636,37.022558593749636,1370.669844827625,0.6165186024171061,28.3,2.4,1236.0,7759.2,0.13740661686232655,15.9,938.5
1301,33,xgb,loso,Riyadh - K.A.CARE HQ,24.707744,46.6792,01-11-2020 00:00,4552.7,4642.93310546875,90.23310546875018,90.23310546875018,8142.013322534594,1.9819690616282686,23.6,2.7,1309.7,5832.6,0.18337230303963709,34.3,940.6
1302,33,xgb,loso,Riyadh - K.A.CARE HQ,24.707744,46.6792,01-12-2020 00:00,3870.4,3905.381103515625,34.98110351562491,34.98110351562491,1223.6776031708653,0.9038110664433885,17.3,2.5,1472.9,4618.6,0.24179594516949848,46.6,942.6
1303,33,xgb,loso,Riyadh - K.A.CARE HQ,24.707744,46.6792,01-01-2021 00:00,4261.2,4320.7861328125,59.58613281250018,59.58613281250018,3550.507223548911,1.3983416129846096,16.6,2.4,1517.5,5078.2,0.2300741392119108,38.3,942.7
1304,33,xgb,loso,Riyadh - K.A.CARE HQ,24.707744,46.6792,01-02-2021 00:00,4898.9,5194.54833984375,295.64833984375036,295.64833984375036,87407.9408523657,6.0349943833054445,18.3,2.9,1792.8,5224.7,0.2554755967224795,36.0,941.2
1305,33,xgb,loso,Riyadh - K.A.CARE HQ,24.707744,46.6792,01-10-2021 00:00,5736.8,5624.33349609375,-112.46650390625018,112.46650390625018,12648.714500894588,1.9604396859965518,31.2,2.7,1698.3,6358.3,0.21079611746890747,19.3,938.2
1306,33,xgb,loso,Riyadh - K.A.CARE HQ,24.707744,46.6792,01-11-2021 00:00,4751.9,4623.3662109375,-128.53378906249964,128.53378906249964,16520.934930763153,2.7048925495591165,24.0,2.5,1483.4,5832.1,0.20277492994327115,28.5,940.6
1307,33,xgb,loso,Riyadh - K.A.CARE HQ,24.707744,46.6792,01-12-2021 00:00,3876.0,3957.446044921875,81.446044921875,81.446044921875,6633.4582334160805,2.1012911486551857,18.1,2.5,1548.0,4454.6,0.2578882484256822,35.1,942.2
535,34,xgb,loso,Riyadh - KSU,24.72359,46.61639,01-01-2017 00:00,4379.7,4327.80029296875,-51.89970703124982,51.89970703124982,2693.5795899295617,1.185005982858411,16.9,1.9,1684.0,4945.2,0.2540276353104447,36.5,942.7
536,34,xgb,loso,Riyadh - KSU,24.72359,46.61639,01-02-2017 00:00,4482.8,4289.5888671875,-193.21113281250018,193.21113281250018,37330.541842689585,4.310054716081471,14.5,2.0,2240.0,3624.6,0.381952733349248,44.1,943.2
537,34,xgb,loso,Riyadh - KSU,24.72359,46.61639,01-03-2017 00:00,5128.6,4961.15673828125,-167.44326171875036,167.44326171875036,28037.24589501393,3.264892206815707,22.3,2.2,2825.4,3235.2,0.4661914661914662,39.3,938.5
538,34,xgb,loso,Riyadh - KSU,24.72359,46.61639,01-04-2017 00:00,6876.9,7033.82568359375,156.92568359375036,156.92568359375036,24625.67017136585,2.2819247567036074,29.7,2.2,3292.8,4711.6,0.4113737444405577,21.4,938.4
539,34,xgb,loso,Riyadh - KSU,24.72359,46.61639,01-05-2017 00:00,7158.3,7025.9130859375,-132.38691406250018,132.38691406250018,17526.295014991807,1.8494183543928053,34.7,2.1,3808.4,4143.5,0.4789295640035715,19.2,935.5
540,34,xgb,loso,Riyadh - KSU,24.72359,46.61639,01-06-2017 00:00,8177.0,7910.22021484375,-266.77978515625,266.77978515625,71171.45376801491,3.262563105738657,37.0,2.3,2797.7,7017.4,0.2850403969394097,11.4,932.0
541,34,xgb,loso,Riyadh - KSU,24.72359,46.61639,01-09-2017 00:00,6742.2,7030.79736328125,288.5973632812502,288.5973632812502,83288.43809288989,4.280462805630955,35.1,1.6,2054.9,6637.3,0.23640735371942662,12.7,934.6
542,34,xgb,loso,Riyadh - KSU,24.72359,46.61639,01-10-2017 00:00,5978.9,5995.98828125,17.088281250000364,17.088281250000364,292.009356079114,0.28580978524478357,30.4,1.4,1745.2,6675.4,0.20725363988314371,19.1,938.9
543,34,xgb,loso,Riyadh - KSU,24.72359,46.61639,01-11-2017 00:00,4498.9,4474.74267578125,-24.157324218749636,24.157324218749636,583.5763134097878,0.5369606841394483,22.8,1.6,1577.4,5164.4,0.23397312290486225,35.5,941.8
544,34,xgb,loso,Riyadh - KSU,24.72359,46.61639,01-03-2018 00:00,6286.7,6228.85888671875,-57.84111328124982,57.84111328124982,3345.594385614374,0.9200552480832522,25.9,1.9,2318.5,5733.3,0.2879480364638963,23.0,939.4
545,34,xgb,loso,Riyadh - KSU,24.72359,46.61639,01-04-2018 00:00,6105.1,6020.630859375,-84.46914062500036,84.46914062500036,7135.035717926087,1.3835832439272142,26.9,2.2,3399.3,3434.4,0.4974318451205057,33.4,936.7
546,34,xgb,loso,Riyadh - KSU,24.72359,46.61639,01-05-2018 00:00,7141.6,7032.83056640625,-108.76943359375036,108.76943359375036,11830.78968430527,1.523040125374571,33.1,2.2,3500.5,4557.7,0.4344022238216972,18.1,935.1
547,34,xgb,loso,Riyadh - KSU,24.72359,46.61639,01-06-2018 00:00,7787.4,7696.58203125,-90.81796874999964,90.81796874999964,8247.903447875911,1.1662168214038016,37.5,2.4,3191.4,5845.5,0.3531520764864058,12.6,931.0
548,34,xgb,loso,Riyadh - KSU,24.72359,46.61639,01-07-2018 00:00,7549.8,7366.0234375,-183.77656250000018,183.77656250000018,33773.824924316476,2.434191137513579,38.0,2.2,2897.7,5911.1,0.3289551357733176,11.8,928.6
549,34,xgb,loso,Riyadh - KSU,24.72359,46.61639,01-08-2018 00:00,7345.4,7412.56884765625,67.16884765625036,67.16884765625036,4511.65409546857,0.914434171811615,37.0,1.9,2459.3,6446.6,0.2761427817514232,13.3,930.3
550,34,xgb,loso,Riyadh - KSU,24.72359,46.61639,01-09-2018 00:00,6565.6,6640.64111328125,75.04111328124964,75.04111328124964,5631.16868248934,1.1429437261065192,36.4,1.7,2366.5,5812.3,0.2893456252751015,14.3,934.6
551,34,xgb,loso,Riyadh - KSU,24.72359,46.61639,01-10-2018 00:00,5125.0,5098.33544921875,-26.66455078125,26.66455078125,710.99826836586,0.5202839176829268,29.1,1.5,2006.4,4792.2,0.29511958344365014,30.6,940.2
552,34,xgb,loso,Riyadh - KSU,24.72359,46.61639,01-11-2018 00:00,3889.5,3952.370361328125,62.870361328125,62.870361328125,3952.6823335289955,1.6164124264847666,21.3,1.9,1887.6,3492.5,0.3508484972398282,56.6,941.9
553,34,xgb,loso,Riyadh - KSU,24.72359,46.61639,01-12-2018 00:00,3977.8,3956.96923828125,-20.830761718750182,20.830761718750182,433.920633783348,0.5236754416700231,18.4,1.8,1442.7,4760.7,0.2325660121868653,50.5,943.5
554,34,xgb,loso,Riyadh - KSU,24.72359,46.61639,01-01-2019 00:00,4125.2,4204.38916015625,79.18916015625018,79.18916015625018,6270.923086252242,1.9196441422537136,18.2,1.9,2100.8,3592.9,0.368969211584734,36.5,942.9
555,34,xgb,loso,Riyadh - KSU,24.72359,46.61639,01-02-2019 00:00,4913.4,4927.0234375,13.623437500000364,13.623437500000364,185.59804931641617,0.277271085195595,18.1,2.2,2046.4,4755.0,0.30087923074661105,36.8,941.6
556,34,xgb,loso,Riyadh - KSU,24.72359,46.61639,01-03-2019 00:00,6189.1,6200.28271484375,11.182714843749636,11.182714843749636,125.05311127661845,0.18068402261636807,21.0,2.4,2525.2,5356.4,0.3203917986195696,28.0,939.2
557,34,xgb,loso,Riyadh - KSU,24.72359,46.61639,01-04-2019 00:00,6199.7,6144.93115234375,-54.76884765624982,54.76884765624982,2999.626673593501,0.883411256290624,25.7,2.2,2922.9,4329.2,0.40304187752513065,31.3,937.7
558,34,xgb,loso,Riyadh - KSU,24.72359,46.61639,01-05-2019 00:00,6209.3,6350.56494140625,141.26494140624982,141.26494140624982,19955.783670511195,2.2750542155516698,32.9,1.8,2962.2,4113.4,0.41865000847984624,21.9,935.9
559,34,xgb,loso,Riyadh - KSU,24.72359,46.61639,01-06-2019 00:00,7261.7,7166.44677734375,-95.25322265624982,95.25322265624982,9073.176426401104,1.3117207080470115,38.0,1.9,2606.6,6062.2,0.300687523071244,12.3,932.0
560,34,xgb,loso,Riyadh - KSU,24.72359,46.61639,01-07-2019 00:00,7737.8,7707.7646484375,-30.035351562500182,30.035351562500182,902.1223434829822,0.388163968602189,38.0,2.3,2394.1,7027.0,0.2541210686650179,11.9,929.0
561,34,xgb,loso,Riyadh - KSU,24.72359,46.61639,01-08-2019 00:00,7412.5,7382.66650390625,-29.83349609375,29.83349609375,890.0374891757965,0.4024754953625633,37.3,2.0,2176.6,7002.8,0.237117894415757,12.4,930.4
562,34,xgb,loso,Riyadh - KSU,24.72359,46.61639,01-09-2019 00:00,6639.2,6688.58349609375,49.38349609375018,49.38349609375018,2438.7296864414393,0.7438169673115764,35.9,1.7,2004.4,6547.9,0.23436970171766663,15.8,934.0
563,34,xgb,loso,Riyadh - KSU,24.72359,46.61639,01-10-2019 00:00,5614.5,5556.2919921875,-58.2080078125,58.2080078125,3388.172173500061,1.036744283774156,31.2,1.6,1800.2,5991.1,0.23105258429273678,23.6,938.3
564,34,xgb,loso,Riyadh - KSU,24.72359,46.61639,01-11-2019 00:00,4052.7,4060.629638671875,7.929638671875182,7.929638671875182,62.879169466498396,0.19566310538345258,22.1,1.7,1703.6,4160.2,0.2905283263412804,42.8,941.5
565,34,xgb,loso,Riyadh - KSU,24.72359,46.61639,01-12-2019 00:00,3978.1,3838.46630859375,-139.6336914062499,139.6336914062499,19497.567775735828,3.510059862905656,17.8,1.8,1288.7,5120.3,0.2010766110157591,46.3,942.3
566,34,xgb,loso,Riyadh - KSU,24.72359,46.61639,01-01-2020 00:00,4446.7,4470.21337890625,23.513378906250182,23.513378906250182,552.878987588891,0.5287826681865244,14.8,1.8,1305.5,5841.8,0.1826563877268339,40.8,942.8
567,34,xgb,loso,Riyadh - KSU,24.72359,46.61639,01-02-2020 00:00,5154.1,5195.7490234375,41.649023437499636,41.649023437499636,1734.641153297394,0.8080755793930974,19.0,2.2,2118.4,4982.2,0.2983409852688505,27.8,942.4
568,34,xgb,loso,Riyadh - KSU,24.72359,46.61639,01-03-2020 00:00,6235.7,6344.4833984375,108.78339843750018,108.78339843750018,11833.827775611917,1.744525850145135,23.1,2.0,2676.4,5101.0,0.34412528608532417,24.9,938.4
569,34,xgb,loso,Riyadh - KSU,24.72359,46.61639,01-04-2020 00:00,6285.3,6387.310546875,102.01054687499982,102.01054687499982,10406.151673736535,1.6230020345090899,28.4,2.3,3200.1,3992.3,0.4449279795339525,29.0,936.7
570,34,xgb,loso,Riyadh - KSU,24.72359,46.61639,01-05-2020 00:00,7182.2,7217.1259765625,34.92597656250018,34.92597656250018,1219.823838844312,0.48628521292222693,33.5,2.0,3132.4,5272.8,0.37267405891590916,16.3,936.2
571,34,xgb,loso,Riyadh - KSU,24.72359,46.61639,01-09-2020 00:00,6630.2,6719.65283203125,89.45283203125018,89.45283203125018,8001.809158411059,1.3491724537909895,35.1,1.6,2016.9,6497.7,0.23687548446198295,15.2,934.1
572,34,xgb,loso,Riyadh - KSU,24.72359,46.61639,01-10-2020 00:00,5985.7,5956.9453125,-28.754687499999818,28.754687499999818,826.8320532226458,0.4803897205005232,27.8,1.4,1247.3,7725.2,0.1390136528280858,17.0,939.5
573,34,xgb,loso,Riyadh - KSU,24.72359,46.61639,01-11-2020 00:00,4530.7,4604.43603515625,73.73603515625018,73.73603515625018,5437.002880563763,1.6274755591023502,23.5,1.8,1331.9,5734.9,0.18847285900266036,36.1,941.6
574,34,xgb,loso,Riyadh - KSU,24.72359,46.61639,01-12-2020 00:00,3933.7,3935.746337890625,2.046337890625182,2.046337890625182,4.187498762608319,0.05202069020579053,17.5,1.7,1489.7,4640.4,0.24301398019608167,49.0,943.6
575,34,xgb,loso,Riyadh - KSU,24.72359,46.61639,01-01-2021 00:00,4327.6,4211.8701171875,-115.72988281250036,115.72988281250036,13393.405775795067,2.674227812471124,16.7,1.6,1550.3,5067.0,0.2342798422317259,40.7,943.8
576,34,xgb,loso,Riyadh - KSU,24.72359,46.61639,01-02-2021 00:00,4880.6,5064.37109375,183.77109374999964,183.77109374999964,33771.814898071156,3.7653381500225307,18.5,2.0,1799.3,5203.8,0.25692907426711026,37.6,942.2
577,34,xgb,loso,Riyadh - KSU,24.72359,46.61639,01-03-2021 00:00,6313.1,6405.5810546875,92.48105468749964,92.48105468749964,8552.745476112299,1.4649071721895681,25.3,2.2,2866.7,4834.0,0.37226485903878864,20.6,939.3
578,34,xgb,loso,Riyadh - KSU,24.72359,46.61639,01-04-2021 00:00,6907.5,7029.07470703125,121.57470703125,121.57470703125,14780.409389734268,1.7600391897394139,29.6,1.9,3077.5,5034.0,0.3793996178265426,16.8,938.1
579,34,xgb,loso,Riyadh - KSU,24.72359,46.61639,01-05-2021 00:00,7581.9,7436.44970703125,-145.45029296874964,145.45029296874964,21155.7877246951,1.9183884378420928,35.5,1.8,2738.9,6268.5,0.30407220729622314,12.8,934.2
580,34,xgb,loso,Riyadh - KSU,24.72359,46.61639,01-07-2021 00:00,7521.9,7204.341796875,-317.55820312499964,317.55820312499964,100843.21237197853,4.221781772225098,39.5,2.0,2563.7,6441.0,0.28470687529845523,16.3,928.0
581,34,xgb,loso,Riyadh - KSU,24.72359,46.61639,01-08-2021 00:00,7314.8,7102.3798828125,-212.42011718750018,212.42011718750018,45122.30618595131,2.903977103782744,38.6,1.8,2211.4,6769.8,0.24622544871509375,13.5,930.7
582,34,xgb,loso,Riyadh - KSU,24.72359,46.61639,01-09-2021 00:00,6750.1,6612.23681640625,-137.86318359375036,137.86318359375036,19006.257390604118,2.0423872771329368,34.3,2.1,1875.2,6940.9,0.21270176154989168,15.4,933.7
583,34,xgb,loso,Riyadh - KSU,24.72359,46.61639,01-10-2021 00:00,5645.1,5548.25,-96.85000000000036,96.85000000000036,9379.92250000007,1.715647198455304,30.8,1.6,1681.4,6241.3,0.2122256301513373,20.7,939.0
584,34,xgb,loso,Riyadh - KSU,24.72359,46.61639,01-11-2021 00:00,4651.8,4600.6201171875,-51.17988281250018,51.17988281250018,2619.3804047012513,1.1002167507738978,23.7,1.5,1465.7,5656.9,0.20578159660798026,30.5,941.5
585,34,xgb,loso,Riyadh - KSU,24.72359,46.61639,01-12-2021 00:00,3779.4,3678.11279296875,-101.28720703125009,101.28720703125009,10259.098308191318,2.6799811353984784,18.2,1.6,1528.9,4263.2,0.26396298406450164,37.3,943.2
1021,35,xgb,loso,Shaqra - University,25.17279,45.14198,01-01-2017 00:00,4376.5,4368.7021484375,-7.7978515625,7.7978515625,60.80648899078369,0.17817551839369358,15.8,2.0,1651.9,5148.0,0.24293004308886898,37.4,928.8
1022,35,xgb,loso,Shaqra - University,25.17279,45.14198,01-02-2017 00:00,4770.5,4776.4912109375,5.9912109375,5.9912109375,35.89460849761963,0.12558874200817524,13.7,2.0,2193.4,4202.8,0.3429223601513398,42.1,929.2
1023,35,xgb,loso,Shaqra - University,25.17279,45.14198,01-03-2017 00:00,5267.3,5511.896484375,244.59648437499982,244.59648437499982,59827.44016860953,4.643678628044725,21.5,2.4,2988.1,3208.7,0.48220049057578107,39.0,924.4
1024,35,xgb,loso,Shaqra - University,25.17279,45.14198,01-04-2017 00:00,6521.1,6591.76708984375,70.66708984374964,70.66708984374964,4993.837586984583,1.0836682437587162,28.1,2.1,3339.2,4171.1,0.44461606061009545,23.4,924.6
1025,35,xgb,loso,Shaqra - University,25.17279,45.14198,01-05-2017 00:00,7071.3,6812.55224609375,-258.7477539062502,258.7477539062502,66950.40015152941,3.6591256757067327,33.2,2.1,3783.9,4083.1,0.4809838566162451,18.9,922.0
1026,35,xgb,loso,Shaqra - University,25.17279,45.14198,01-06-2017 00:00,8038.0,7991.0185546875,-46.9814453125,46.9814453125,2207.256203651428,0.5844917306854939,36.1,1.9,2708.2,7005.7,0.2787963639732754,9.7,918.9
1027,35,xgb,loso,Shaqra - University,25.17279,45.14198,01-09-2017 00:00,6905.7,7014.73193359375,109.03193359375018,109.03193359375018,11887.96254319195,1.5788686678215127,34.1,1.6,2195.5,6640.8,0.24846372350418164,10.2,921.5
1028,35,xgb,loso,Shaqra - University,25.17279,45.14198,01-10-2017 00:00,6051.4,6134.19140625,82.79140625000036,82.79140625000036,6854.4169488525995,1.3681364023201303,28.9,1.6,1753.7,6887.0,0.2029580936729663,15.4,925.4
1029,35,xgb,loso,Shaqra - University,25.17279,45.14198,01-11-2017 00:00,4543.3,4747.96533203125,204.66533203124982,204.66533203124982,41887.898135461735,4.504772566884199,21.5,1.8,1716.0,5058.0,0.2533215234720992,35.9,927.9
1030,35,xgb,loso,Shaqra - University,25.17279,45.14198,01-03-2018 00:00,6267.0,6450.8076171875,183.8076171875,183.8076171875,33785.240136146545,2.932944266594862,24.3,2.0,2527.2,5471.2,0.3159631926385277,24.0,925.5
1031,35,xgb,loso,Shaqra - University,25.17279,45.14198,01-06-2018 00:00,7855.3,7903.44970703125,48.14970703124982,48.14970703124982,2318.394287195188,0.612958219689252,35.5,1.2,2937.8,6331.1,0.31695238917239366,12.5,918.2
1032,35,xgb,loso,Shaqra - University,25.17279,45.14198,01-07-2018 00:00,7713.6,7720.37060546875,6.770605468749636,6.770605468749636,45.84109841346248,0.08777491014247091,35.7,1.4,2713.8,6471.7,0.2954439061564422,11.7,916.1
1033,35,xgb,loso,Shaqra - University,25.17279,45.14198,01-08-2018 00:00,7504.7,7693.9482421875,189.24824218750018,189.24824218750018,35814.89717105872,2.5217296119431847,35.2,1.2,2103.0,7323.4,0.22309683442247305,12.9,917.5
1034,35,xgb,loso,Shaqra - University,25.17279,45.14198,01-09-2018 00:00,6501.4,6583.04345703125,81.64345703125036,81.64345703125036,6665.654076013624,1.2557827088204137,35.1,1.0,2424.8,5671.4,0.2994985301746499,12.5,921.5
1035,35,xgb,loso,Shaqra - University,25.17279,45.14198,01-10-2018 00:00,5224.4,5165.29248046875,-59.107519531249636,59.107519531249636,3493.698865137057,1.1313743115238044,27.1,0.8,1942.9,5105.2,0.27566294462337365,31.4,926.9
1036,35,xgb,loso,Shaqra - University,25.17279,45.14198,01-11-2018 00:00,3692.9,3629.830322265625,-63.06967773437509,63.06967773437509,3977.7842495179293,1.7078631355946572,18.7,0.8,1877.7,3227.1,0.36783027738598967,68.3,928.3
1037,35,xgb,loso,Shaqra - University,25.17279,45.14198,01-12-2018 00:00,4008.8,4100.49853515625,91.69853515624982,91.69853515624982,8408.621349801984,2.28743103063884,16.9,0.4,1548.2,4811.6,0.24343532815497343,54.8,929.5
1038,35,xgb,loso,Shaqra - University,25.17279,45.14198,01-01-2019 00:00,4012.7,3918.47509765625,-94.22490234374982,94.22490234374982,8878.33222168919,2.3481671279624647,16.3,0.5,2337.2,3045.2,0.43423008323424495,41.7,928.9
1039,35,xgb,loso,Shaqra - University,25.17279,45.14198,01-02-2019 00:00,4614.9,4800.59619140625,185.69619140625036,185.69619140625036,34483.07550278677,4.0238399836670435,16.2,0.5,2060.4,4302.8,0.3237993462408851,43.0,927.8
1040,35,xgb,loso,Shaqra - University,25.17279,45.14198,01-03-2019 00:00,6134.1,6082.38525390625,-51.714746093750364,51.714746093750364,2674.4149635410686,0.8430698243222373,19.3,0.9,2454.1,5459.8,0.31009995071961993,28.2,925.3
1041,35,xgb,loso,Shaqra - University,25.17279,45.14198,01-04-2019 00:00,6514.2,6457.8447265625,-56.35527343749982,56.35527343749982,3175.9168442153727,0.8651142647984376,23.6,0.5,2805.7,4983.8,0.36018999935811025,33.3,924.1
1042,35,xgb,loso,Shaqra - University,25.17279,45.14198,01-05-2019 00:00,6931.7,6806.15087890625,-125.54912109374982,125.54912109374982,15762.581807413055,1.8112313154601298,31.2,0.4,3084.3,4914.3,0.38560498087165257,22.6,922.3
1043,35,xgb,loso,Shaqra - University,25.17279,45.14198,01-06-2019 00:00,7617.1,7701.93701171875,84.83701171874964,84.83701171874964,7197.318557367263,1.1137704863891722,36.3,1.1,2765.3,6356.2,0.3031628569862413,11.4,919.0
1044,35,xgb,loso,Shaqra - University,25.17279,45.14198,01-07-2019 00:00,7863.9,7715.51123046875,-148.38876953124964,148.38876953124964,22019.22692299832,1.8869615525534358,36.2,1.4,2246.1,7477.3,0.2309994446387066,11.4,916.3
1045,35,xgb,loso,Shaqra - University,25.17279,45.14198,01-08-2019 00:00,7506.2,7451.65869140625,-54.54130859374982,54.54130859374982,2974.7543431186477,0.7266167780468122,35.2,1.7,2065.5,7348.6,0.21940493515046577,12.1,917.7
1046,35,xgb,loso,Shaqra - University,25.17279,45.14198,01-09-2019 00:00,6681.2,6644.88525390625,-36.31474609374982,36.31474609374982,1318.7607838535178,0.5435362823108097,34.1,1.1,2028.3,6615.0,0.23466731456735276,13.9,920.9
1047,35,xgb,loso,Shaqra - University,25.17279,45.14198,01-10-2019 00:00,5639.6,5670.02197265625,30.421972656249636,30.421972656249636,925.4964202976006,0.539434936099185,29.2,1.0,1808.2,6042.5,0.2303234106512795,22.4,924.7
1048,35,xgb,loso,Shaqra - University,25.17279,45.14198,01-11-2019 00:00,4080.6,3936.103515625,-144.4964843749999,144.4964843749999,20879.233996734594,3.5410597553055903,20.4,0.2,1769.5,4173.6,0.29774023657687065,43.9,927.7
1049,35,xgb,loso,Shaqra - University,25.17279,45.14198,01-12-2019 00:00,4239.8,4201.21435546875,-38.58564453125018,38.58564453125018,1488.851963891997,0.9100817144971505,16.5,0.2,1230.8,6053.3,0.1689707719553548,44.1,928.4
1050,35,xgb,loso,Shaqra - University,25.17279,45.14198,01-01-2020 00:00,4597.3,4632.1064453125,34.80644531249982,34.80644531249982,1211.4886352920405,0.7571062430665786,13.1,0.4,1230.6,6521.2,0.15875022575401843,38.8,929.1
1051,35,xgb,loso,Shaqra - University,25.17279,45.14198,01-02-2020 00:00,5296.2,5562.39501953125,266.1950195312502,266.1950195312502,70859.78842324266,5.0261511938984595,17.4,0.4,2156.0,5290.3,0.28953977143010623,28.6,928.3
1052,35,xgb,loso,Shaqra - University,25.17279,45.14198,01-03-2020 00:00,6388.6,6354.7177734375,-33.882226562500364,33.882226562500364,1148.0052768326052,0.5303544839636284,21.1,0.3,2721.6,5345.2,0.3373828531759806,24.1,924.8
1053,35,xgb,loso,Shaqra - University,25.17279,45.14198,01-04-2020 00:00,6946.7,6867.28125,-79.41874999999982,79.41874999999982,6307.337851562471,1.1432586695841165,26.2,0.3,3047.1,5120.9,0.3730533790401567,29.9,922.7
1054,35,xgb,loso,Shaqra - University,25.17279,45.14198,01-05-2020 00:00,7207.3,7063.84619140625,-143.45380859375018,143.45380859375018,20578.995200052315,1.9903959678901972,31.6,0.2,3356.9,4948.0,0.4042071548122193,16.2,922.5
1055,35,xgb,loso,Shaqra - University,25.17279,45.14198,01-09-2020 00:00,6670.5,6713.66943359375,43.16943359375,43.16943359375,1863.599996805191,0.6471693815118806,33.4,0.0,2016.7,6662.2,0.2323681572549517,12.8,921.1
1056,35,xgb,loso,Shaqra - University,25.17279,45.14198,01-12-2020 00:00,3944.8,3864.550048828125,-80.24995117187518,80.24995117187518,6440.054663088351,2.03432242881452,15.7,0.0,1477.4,4816.3,0.23474267918712363,53.2,929.8
1057,35,xgb,loso,Shaqra - University,25.17279,45.14198,01-01-2021 00:00,4399.0,4421.115234375,22.115234375,22.115234375,489.08359146118164,0.5027332206183223,15.1,0.0,1464.0,5528.6,0.20936418499556672,43.2,930.1
1058,35,xgb,loso,Shaqra - University,25.17279,45.14198,01-02-2021 00:00,5016.8,5353.62109375,336.8210937499998,336.8210937499998,113448.44919494617,6.713863294331043,16.7,0.0,1963.2,5167.6,0.2753127278846693,39.7,928.8
1059,35,xgb,loso,Shaqra - University,25.17279,45.14198,01-03-2021 00:00,6316.0,6293.9677734375,-22.0322265625,22.0322265625,485.41900730133057,0.3488319595075997,23.1,0.0,2925.7,4811.0,0.37815864645132935,21.9,925.9
1060,35,xgb,loso,Shaqra - University,25.17279,45.14198,01-04-2021 00:00,6755.0,6772.8818359375,17.8818359375,17.8818359375,319.7600564956665,0.26471999907475946,27.1,0.0,3187.9,4723.0,0.40297564120390855,18.5,924.9
1061,35,xgb,loso,Shaqra - University,25.17279,45.14198,01-05-2021 00:00,7730.5,7724.7255859375,-5.7744140625,5.7744140625,33.343857765197754,0.07469651461742448,33.2,0.0,2729.1,6537.5,0.2945093130166404,11.6,920.7
1062,35,xgb,loso,Shaqra - University,25.17279,45.14198,01-07-2021 00:00,7615.5,7614.61376953125,-0.88623046875,0.88623046875,0.7854044437408447,0.011637193470553477,37.6,0.0,2574.2,6625.9,0.279801306507538,13.0,915.0
1063,35,xgb,loso,Shaqra - University,25.17279,45.14198,01-08-2021 00:00,7483.7,7530.3876953125,46.68769531250018,46.68769531250018,2179.7408935928515,0.6238584565455615,36.2,0.0,2113.4,7255.4,0.22557851592519856,11.5,917.7
1064,35,xgb,loso,Shaqra - University,25.17279,45.14198,01-09-2021 00:00,6809.4,6912.939453125,103.53945312500036,103.53945312500036,10720.418353424147,1.520537097615067,32.3,0.0,1882.6,7070.6,0.2102711879551445,14.0,920.7
1065,35,xgb,loso,Shaqra - University,25.17279,45.14198,01-10-2021 00:00,5778.5,5589.57373046875,-188.92626953125,188.92626953125,35693.13531899452,3.269469058254738,28.9,0.0,1691.3,6501.1,0.2064474390898882,17.3,925.4
1066,35,xgb,loso,Shaqra - University,25.17279,45.14198,01-11-2021 00:00,4729.9,5088.51904296875,358.61904296875036,358.61904296875036,128607.61797982242,7.581958243699663,21.7,0.0,1478.9,5897.1,0.20050162689804774,29.7,927.8
1067,35,xgb,loso,Shaqra - University,25.17279,45.14198,01-12-2021 00:00,3911.0,3827.34326171875,-83.65673828125,83.65673828125,6998.449859857559,2.1390114620621326,16.1,0.0,1694.5,4351.2,0.28028185321798965,38.8,929.7
0,36,xgb,loso,Sharurah - TVTC,17.47586,47.08618,01-05-2017 00:00,7400.9,7257.71630859375,-143.18369140624964,143.18369140624964,20501.569484720127,1.9346794498810906,34.5,3.8,2866.0,5908.4,0.3266320204230489,19.9,926.6
1,36,xgb,loso,Sharurah - TVTC,17.47586,47.08618,01-06-2017 00:00,7412.5,7526.6787109375,114.1787109375,114.1787109375,13036.778031349182,1.5403536045531196,36.3,3.3,3404.4,5124.4,0.3991651815026733,10.1,923.4
2,36,xgb,loso,Sharurah - TVTC,17.47586,47.08618,01-09-2017 00:00,6528.3,6327.5673828125,-200.73261718750018,200.73261718750018,40293.583602943494,3.0748068744925963,33.9,3.3,2007.4,6131.6,0.2466396363189581,14.3,925.6
3,36,xgb,loso,Sharurah - TVTC,17.47586,47.08618,01-10-2017 00:00,6073.3,5964.65576171875,-108.64423828125018,108.64423828125018,11803.570511713067,1.7888831159542615,29.2,3.3,1451.7,6975.2,0.17226975518874083,17.7,930.1
4,36,xgb,loso,Sharurah - TVTC,17.47586,47.08618,01-11-2017 00:00,5262.7,5020.70068359375,-241.99931640624982,241.99931640624982,58563.669141092214,4.598387071393958,24.8,3.5,1092.0,7020.8,0.13460211024553792,28.9,932.6
5,36,xgb,loso,Sharurah - TVTC,17.47586,47.08618,01-03-2018 00:00,7122.5,6514.24462890625,-608.25537109375,608.25537109375,369974.5964643955,8.5399139500702,27.4,3.9,1905.3,7405.5,0.20463332903724707,18.0,930.4
6,36,xgb,loso,Sharurah - TVTC,17.47586,47.08618,01-04-2018 00:00,6758.0,7009.5546875,251.5546875,251.5546875,63279.760803222656,3.7223244672980176,31.4,4.0,3578.9,4034.8,0.47006054874765224,24.4,927.5
7,36,xgb,loso,Sharurah - TVTC,17.47586,47.08618,01-05-2018 00:00,7276.2,7268.546875,-7.653124999999818,7.653124999999818,58.57032226562222,0.10518024518292265,33.1,3.9,2861.0,5660.0,0.3357587137659899,21.8,926.2
8,36,xgb,loso,Sharurah - TVTC,17.47586,47.08618,01-06-2018 00:00,6892.3,6926.14404296875,33.84404296874982,33.84404296874982,1145.419244470584,0.4910413500391715,36.2,3.6,3875.3,3752.6,0.5080428427221123,14.7,922.9
9,36,xgb,loso,Sharurah - TVTC,17.47586,47.08618,01-07-2018 00:00,6505.0,6611.49609375,106.49609375,106.49609375,11341.417984008789,1.6371421022290544,36.8,3.8,3845.5,3268.7,0.5405386410278036,11.9,920.8
10,36,xgb,loso,Sharurah - TVTC,17.47586,47.08618,01-08-2018 00:00,6688.9,6870.83740234375,181.93740234375036,181.93740234375036,33101.2183715917,2.7199898689433297,36.6,3.7,3350.5,4163.6,0.4458950506381336,15.4,921.7
11,36,xgb,loso,Sharurah - TVTC,17.47586,47.08618,01-09-2018 00:00,6771.1,6526.5869140625,-244.51308593750036,244.51308593750036,59786.64919467944,3.6111279694215175,34.1,3.7,1989.3,6609.0,0.23135968738006352,16.3,925.9
12,36,xgb,loso,Sharurah - TVTC,17.47586,47.08618,01-04-2019 00:00,6784.3,6835.72216796875,51.42216796874982,51.42216796874982,2644.23935860632,0.757958344541807,30.9,4.0,3090.8,4821.7,0.3906224328593997,23.7,928.2
13,36,xgb,loso,Sharurah - TVTC,17.47586,47.08618,01-05-2019 00:00,7180.5,7159.61669921875,-20.88330078125,20.88330078125,436.11225152015686,0.2908335182960796,33.2,3.5,2921.6,5517.5,0.34619805429488926,23.2,927.4
14,36,xgb,loso,Sharurah - TVTC,17.47586,47.08618,01-06-2019 00:00,7425.5,7536.94677734375,111.44677734375,111.44677734375,12420.384180307388,1.5008656298397416,36.5,3.4,3053.4,5649.9,0.35083244286649895,13.7,923.2
15,36,xgb,loso,Sharurah - TVTC,17.47586,47.08618,01-07-2019 00:00,7131.2,7182.3203125,51.12031250000018,51.12031250000018,2613.286350097675,0.7168542811868995,37.3,3.6,3780.9,4164.7,0.4758482682239227,15.3,920.5
16,36,xgb,loso,Sharurah - TVTC,17.47586,47.08618,01-08-2019 00:00,6987.6,7045.40673828125,57.806738281249636,57.806738281249636,3341.6189907168923,0.8272760072306605,36.3,3.9,3195.1,4911.8,0.3941210573708816,15.6,922.3
17,36,xgb,loso,Sharurah - TVTC,17.47586,47.08618,01-09-2019 00:00,6840.7,6858.029296875,17.329296875000182,17.329296875000182,300.3045301818911,0.25332636828102656,34.7,3.8,2555.1,5726.3,0.30853478880382545,19.3,924.7
18,36,xgb,loso,Sharurah - TVTC,17.47586,47.08618,01-10-2019 00:00,6614.2,6586.916015625,-27.283984374999818,27.283984374999818,744.4158033752342,0.4125061893350643,30.5,3.7,1531.1,7635.1,0.1670375946411817,20.7,929.3
19,36,xgb,loso,Sharurah - TVTC,17.47586,47.08618,01-11-2019 00:00,5571.5,5003.4736328125,-568.0263671875,568.0263671875,322653.9538202286,10.195214344207125,24.5,3.8,1426.3,6870.4,0.17191172393843338,36.2,932.1
20,36,xgb,loso,Sharurah - TVTC,17.47586,47.08618,01-12-2019 00:00,5309.2,4793.982421875,-515.2175781249998,515.2175781249998,265449.1528089903,9.704241281643181,22.0,3.5,1168.4,7408.1,0.13623272896869354,37.8,933.1
21,36,xgb,loso,Sharurah - TVTC,17.47586,47.08618,01-01-2020 00:00,5578.3,5713.646484375,135.34648437499982,135.34648437499982,18318.67083267207,2.4263034324973525,19.9,3.4,1640.6,6715.3,0.19634031043933028,34.4,933.8
22,36,xgb,loso,Sharurah - TVTC,17.47586,47.08618,01-02-2020 00:00,6153.8,6331.73046875,177.93046874999982,177.93046874999982,31659.25170959466,2.891391802626017,23.6,3.9,2103.2,6297.3,0.2503660496399024,23.6,932.7
23,36,xgb,loso,Sharurah - TVTC,17.47586,47.08618,01-03-2020 00:00,6779.9,6751.14990234375,-28.750097656249636,28.750097656249636,826.5681152438908,0.42404899270268936,26.9,4.2,3186.7,4887.2,0.394691536927631,26.1,929.2
24,36,xgb,loso,Sharurah - TVTC,17.47586,47.08618,01-04-2020 00:00,7098.2,7071.91015625,-26.289843749999818,26.289843749999818,691.1558843994045,0.37037338691499,31.1,3.8,2729.7,5737.1,0.3224004346388246,34.4,927.9
25,36,xgb,loso,Sharurah - TVTC,17.47586,47.08618,01-05-2020 00:00,7522.2,7346.251953125,-175.94804687499982,175.94804687499982,30957.715199127135,2.3390503692403795,34.6,3.7,2767.2,6153.8,0.3101894406456675,19.4,927.0
26,36,xgb,loso,Sharurah - TVTC,17.47586,47.08618,01-09-2020 00:00,7309.1,7366.07177734375,56.971777343749636,56.971777343749636,3245.7834137057844,0.779463645917413,33.4,3.3,1963.5,7390.4,0.20991244293823969,15.2,925.1
27,36,xgb,loso,Sharurah - TVTC,17.47586,47.08618,01-10-2020 00:00,6800.6,6254.2294921875,-546.3705078125004,546.3705078125004,298520.7318072895,8.034151513285599,27.6,2.8,1365.0,8286.2,0.1414331896551724,17.3,930.4
28,36,xgb,loso,Sharurah - TVTC,17.47586,47.08618,01-11-2020 00:00,5977.3,6197.57763671875,220.27763671874982,220.27763671874982,48522.237238397516,3.6852364231132757,25.1,3.2,1054.2,8351.0,0.11208693063411729,26.4,932.6
29,36,xgb,loso,Sharurah - TVTC,17.47586,47.08618,01-12-2020 00:00,5510.5,5438.95263671875,-71.54736328125,71.54736328125,5119.025192499161,1.2983824204926957,21.2,3.3,1098.5,7951.0,0.12138792198464003,35.8,934.1
30,36,xgb,loso,Sharurah - TVTC,17.47586,47.08618,01-01-2021 00:00,5912.8,5916.33740234375,3.537402343749818,3.537402343749818,12.513215341566706,0.059826179538455856,19.8,3.2,1163.1,8247.4,0.12359598321024387,26.6,934.3
31,36,xgb,loso,Sharurah - TVTC,17.47586,47.08618,01-02-2021 00:00,6299.1,6345.67578125,46.575781249999636,46.575781249999636,2169.3033990478175,0.7394037441856716,22.9,3.8,1854.5,6918.3,0.21139202991063288,25.7,932.3
32,36,xgb,loso,Sharurah - TVTC,17.47586,47.08618,01-03-2021 00:00,7471.9,7593.15966796875,121.25966796875036,121.25966796875036,14703.907075891582,1.6228759481356867,27.7,3.6,1970.8,7876.3,0.20014014278315442,16.1,930.2
33,36,xgb,loso,Sharurah - TVTC,17.47586,47.08618,01-04-2021 00:00,7598.6,7669.3427734375,70.74277343749964,70.74277343749964,5004.539993629404,0.9309974658160666,30.1,3.7,2565.5,6611.2,0.27956672878049843,19.5,929.0
34,36,xgb,loso,Sharurah - TVTC,17.47586,47.08618,01-05-2021 00:00,7702.5,7737.05810546875,34.55810546875,34.55810546875,1194.2626535892487,0.4486608954073353,34.4,3.6,2769.7,6458.4,0.30013762312935494,13.7,925.9
35,36,xgb,loso,Sharurah - TVTC,17.47586,47.08618,01-07-2021 00:00,6678.1,6648.7783203125,-29.321679687500364,29.321679687500364,859.7608996963714,0.43907218651263624,34.9,4.1,3336.1,4290.0,0.4374582027510785,27.5,920.1
36,36,xgb,loso,Sharurah - TVTC,17.47586,47.08618,01-08-2021 00:00,7125.3,7376.47705078125,251.17705078124982,251.17705078124982,63089.91083916655,3.5251435136941573,36.7,4.1,3060.8,5235.1,0.36895333839607514,17.9,922.0
37,36,xgb,loso,Sharurah - TVTC,17.47586,47.08618,01-09-2021 00:00,7019.1,7125.43994140625,106.33994140624964,106.33994140624964,11308.183138284607,1.5150082119680532,34.0,3.4,2545.6,6044.4,0.29634458672875436,15.1,924.5
38,36,xgb,loso,Sharurah - TVTC,17.47586,47.08618,01-10-2021 00:00,6476.5,7083.65185546875,607.15185546875,607.15185546875,368633.3755991459,9.374690889658767,29.9,3.3,1702.3,7160.0,0.1920833192286427,21.6,929.7
39,36,xgb,loso,Sharurah - TVTC,17.47586,47.08618,01-11-2021 00:00,5876.1,5299.51220703125,-576.5877929687504,576.5877929687504,332453.4830005745,9.812423086209396,25.1,3.1,1249.5,7711.1,0.13944378724638976,24.9,932.5
40,36,xgb,loso,Sharurah - TVTC,17.47586,47.08618,01-12-2021 00:00,5491.3,5232.78173828125,-258.5182617187502,258.5182617187502,66831.69164208422,4.707778881480709,21.0,2.5,1039.4,8066.4,0.11414702716949639,32.6,933.9
434,37,xgb,loso,Tabuk - University,28.38287,36.48396,01-01-2017 00:00,4028.6,4059.087158203125,30.48715820312509,30.48715820312509,929.4668153023775,0.7567680634246411,11.2,2.1,1282.3,5592.6,0.18651907664111475,36.7,929.7
435,37,xgb,loso,Tabuk - University,28.38287,36.48396,01-02-2017 00:00,5199.5,5390.0087890625,190.5087890625,190.5087890625,36293.59871006012,3.6639828649389363,11.5,2.3,1318.5,6873.2,0.1609556014014185,26.5,930.0
436,37,xgb,loso,Tabuk - University,28.38287,36.48396,01-03-2017 00:00,6312.4,5690.8759765625,-621.5240234374996,621.5240234374996,386292.11170993757,9.846081101284767,17.7,2.6,1617.6,7280.9,0.1817834466483115,25.8,925.4
437,37,xgb,loso,Tabuk - University,28.38287,36.48396,01-04-2017 00:00,6791.0,6617.7978515625,-173.2021484375,173.2021484375,29998.984223365784,2.5504660350095714,23.1,0.4,2492.4,6099.6,0.2900837988826816,21.2,926.3
438,37,xgb,loso,Tabuk - University,28.38287,36.48396,01-05-2017 00:00,7630.7,7229.2666015625,-401.4333984374998,401.4333984374998,161148.77338108048,5.260767667940029,27.5,0.0,1894.8,7888.3,0.19368093957947888,17.3,925.1
439,37,xgb,loso,Tabuk - University,28.38287,36.48396,01-09-2017 00:00,6626.0,6567.31787109375,-58.68212890625,58.68212890625,3443.592252969742,0.8856343028410806,29.9,2.8,1888.1,6915.3,0.21447395324533702,22.4,924.5
440,37,xgb,loso,Tabuk - University,28.38287,36.48396,01-11-2017 00:00,4388.9,4488.13330078125,99.23330078125036,99.23330078125036,9847.247983942105,2.2610061924685088,17.5,2.0,1375.6,5824.3,0.19105820914179364,39.6,928.5
441,37,xgb,loso,Tabuk - University,28.38287,36.48396,01-03-2018 00:00,6380.9,6333.27978515625,-47.620214843749636,47.620214843749636,2267.6848617648734,0.7462930753302769,21.9,2.5,1814.9,7139.4,0.20268474364271916,18.7,926.5
442,37,xgb,loso,Tabuk - University,28.38287,36.48396,01-04-2018 00:00,7043.3,7068.09033203125,24.790332031249818,24.790332031249818,614.5605622196107,0.35197041204051815,22.4,2.5,2347.1,6530.4,0.2643874964798648,24.7,924.4
443,37,xgb,loso,Tabuk - University,28.38287,36.48396,01-05-2018 00:00,7448.6,7553.30615234375,104.70615234374964,104.70615234374964,10963.378338632507,1.4057158706837478,28.1,3.1,2752.3,6270.7,0.3050315859470243,18.8,923.8
444,37,xgb,loso,Tabuk - University,28.38287,36.48396,01-06-2018 00:00,8333.0,8054.57958984375,-278.42041015625,278.42041015625,77517.92479157448,3.341178569017761,30.6,2.9,2058.5,8506.7,0.19483776928027863,19.4,922.6
445,37,xgb,loso,Tabuk - University,28.38287,36.48396,01-07-2018 00:00,8157.9,8124.12890625,-33.771093749999636,33.771093749999636,1140.4867730712645,0.41396797889162207,31.6,2.8,1839.3,8659.4,0.17519311914808502,19.7,921.0
446,37,xgb,loso,Tabuk - University,28.38287,36.48396,01-08-2018 00:00,7802.0,7020.1298828125,-781.8701171875,781.8701171875,611320.880150795,10.021406270026917,31.0,2.8,1266.2,9316.7,0.11964584376683139,23.9,922.0
447,37,xgb,loso,Tabuk - University,28.38287,36.48396,01-03-2019 00:00,6494.3,6337.576171875,-156.72382812500018,156.72382812500018,24562.358302154596,2.4132520537240376,15.7,2.8,1643.5,7700.4,0.17589015293399973,29.7,926.7
448,37,xgb,loso,Tabuk - University,28.38287,36.48396,01-04-2019 00:00,6681.0,6267.97705078125,-413.02294921875,413.02294921875,170587.95658135414,6.182052824708128,20.6,2.7,2060.7,6569.1,0.2387888479454912,23.4,925.8
449,37,xgb,loso,Tabuk - University,28.38287,36.48396,01-05-2019 00:00,7116.1,6954.560546875,-161.53945312500036,161.53945312500036,26094.99491592419,2.2700559734264605,29.0,2.7,2054.7,6870.8,0.23020559072320876,13.4,924.7
450,37,xgb,loso,Tabuk - University,28.38287,36.48396,01-06-2019 00:00,7896.1,8005.85498046875,109.75498046874964,109.75498046874964,12046.155737695613,1.3899897477077245,31.4,3.0,1917.9,8159.0,0.19032639006043528,18.3,923.1
451,37,xgb,loso,Tabuk - University,28.38287,36.48396,01-07-2019 00:00,8313.3,8269.3134765625,-43.98652343749927,43.98652343749927,1934.8142441176728,0.52911026232061,31.8,2.8,1500.0,9425.8,0.13728971791539293,18.7,921.0
452,37,xgb,loso,Tabuk - University,28.38287,36.48396,01-08-2019 00:00,7684.6,7188.47265625,-496.12734375000036,496.12734375000036,246142.34121643103,6.456124505504519,31.3,2.7,1533.0,8704.4,0.14974505245472483,21.1,922.1
453,37,xgb,loso,Tabuk - University,28.38287,36.48396,01-09-2019 00:00,6747.2,6501.7314453125,-245.46855468749982,245.46855468749982,60254.81134037009,3.6380803101656958,30.0,2.7,1567.3,7724.1,0.16868286802849947,23.6,923.8
454,37,xgb,loso,Tabuk - University,28.38287,36.48396,01-10-2019 00:00,5138.7,6062.9453125,924.2453125000002,924.2453125000002,854229.397678223,17.985975295308158,25.8,2.5,2188.2,4966.1,0.3058580154592343,29.9,926.7
455,37,xgb,loso,Tabuk - University,28.38287,36.48396,01-11-2019 00:00,4226.5,4112.3310546875,-114.1689453125,114.1689453125,13034.548073768616,2.7012645288654915,18.8,2.1,1259.1,5771.2,0.1790961978862922,36.4,928.0
456,37,xgb,loso,Tabuk - University,28.38287,36.48396,01-12-2019 00:00,4025.8,4365.0546875,339.2546874999998,339.2546874999998,115093.74299072253,8.427012953947036,13.1,2.1,865.8,6857.0,0.11210959755529082,39.5,929.3
457,37,xgb,loso,Tabuk - University,28.38287,36.48396,01-01-2020 00:00,4191.2,4594.2451171875,403.0451171875002,403.0451171875002,162445.36648868574,9.616461089604414,10.3,1.9,1060.0,6498.1,0.1402468874452574,42.2,930.3
458,37,xgb,loso,Tabuk - University,28.38287,36.48396,01-09-2020 00:00,6244.6,6040.552734375,-204.04726562500036,204.04726562500036,41635.28660903945,3.267579438634986,32.4,2.4,1627.6,6731.6,0.19470762752416496,18.1,924.0
459,37,xgb,loso,Tabuk - University,28.38287,36.48396,01-10-2020 00:00,5630.9,5740.7509765625,109.85097656250036,109.85097656250036,12067.237051735005,1.9508600146069077,26.8,2.2,1270.6,7375.2,0.14696153045409333,17.6,927.6
460,37,xgb,loso,Tabuk - University,28.38287,36.48396,01-11-2020 00:00,4561.7,4489.40234375,-72.29765624999982,72.29765624999982,5226.951099243138,1.584884061862898,18.1,2.2,1000.6,6999.7,0.12507030986338014,40.3,928.0
461,37,xgb,loso,Tabuk - University,28.38287,36.48396,01-12-2020 00:00,3685.6,3796.70458984375,111.10458984375009,111.10458984375009,12344.229884347937,3.0145590906161845,14.5,1.9,1259.4,5190.9,0.19524673271010654,43.1,929.5
462,37,xgb,loso,Tabuk - University,28.38287,36.48396,01-01-2021 00:00,4246.2,4215.7236328125,-30.476367187499818,30.476367187499818,928.8089569473156,0.7177327301469506,13.3,2.0,1255.2,6090.1,0.17088478346697888,41.5,930.0
463,37,xgb,loso,Tabuk - University,28.38287,36.48396,01-02-2021 00:00,5149.7,5095.92724609375,-53.77275390624982,53.77275390624982,2891.509062662105,1.0441919705274059,14.4,2.4,1345.2,6825.2,0.16464310192891415,39.2,928.8
464,37,xgb,loso,Tabuk - University,28.38287,36.48396,01-09-2021 00:00,6587.6,6533.91650390625,-53.683496093750364,53.683496093750364,2881.9177528477107,0.8149173613114087,29.5,2.8,1565.9,7489.3,0.1729282622139765,24.4,924.1
465,37,xgb,loso,Tabuk - University,28.38287,36.48396,01-10-2021 00:00,5489.4,5774.0517578125,284.65175781250036,284.65175781250036,81026.62322574636,5.185480340519918,25.3,2.4,1432.5,6797.3,0.17406255316046565,25.4,927.3
466,37,xgb,loso,Tabuk - University,28.38287,36.48396,01-11-2021 00:00,4362.8,4462.240234375,99.44023437499982,99.44023437499982,9888.360212554895,2.279275565577148,19.1,1.9,1072.8,6400.4,0.1435529625863084,34.5,928.8
467,37,xgb,loso,Tabuk - University,28.38287,36.48396,01-12-2021 00:00,3774.5,3947.11279296875,172.61279296875,172.61279296875,29795.17629647255,4.573130029639687,13.7,2.1,1420.9,4968.0,0.2224013523454742,39.6,929.3
712,38,xgb,loso,Taif - University,21.43278,40.49173,01-01-2017 00:00,4868.6,5083.0859375,214.48593749999964,214.48593749999964,46004.21738525375,4.405495162880492,18.1,2.5,1127.7,6756.0,0.14304197267780358,43.8,851.0
713,38,xgb,loso,Taif - University,21.43278,40.49173,01-02-2017 00:00,4544.6,4732.806640625,188.20664062499964,188.20664062499964,35421.73957534776,4.141324662786595,15.9,3.1,1958.9,4114.3,0.32254824474741484,47.1,849.8
714,38,xgb,loso,Taif - University,21.43278,40.49173,01-05-2017 00:00,6424.3,6218.77978515625,-205.52021484375018,205.52021484375018,42238.55870942123,3.199106748497894,26.0,2.6,2870.0,4672.9,0.38049026236593353,33.7,849.6
715,38,xgb,loso,Taif - University,21.43278,40.49173,01-09-2017 00:00,6560.7,6726.1884765625,165.48847656250018,165.48847656250018,27386.43587497717,2.52242103072081,28.0,2.5,2412.9,5620.2,0.30036972028233183,18.9,848.8
716,38,xgb,loso,Taif - University,21.43278,40.49173,01-11-2017 00:00,5215.9,5115.4169921875,-100.48300781249964,100.48300781249964,10096.834859046863,1.926474967167692,20.0,2.3,1409.4,6571.4,0.17659883720930236,42.1,850.6
717,38,xgb,loso,Taif - University,21.43278,40.49173,01-03-2018 00:00,6963.9,6534.072265625,-429.82773437499964,429.82773437499964,184751.88123794526,6.172227263099695,21.5,2.7,1815.4,7489.4,0.1951036024417505,29.7,849.6
718,38,xgb,loso,Taif - University,21.43278,40.49173,01-04-2018 00:00,6959.2,6712.20068359375,-246.99931640624982,246.99931640624982,61008.662305154714,3.5492487125854963,21.9,3.1,2318.9,6303.2,0.2689484000417532,38.0,848.1
719,38,xgb,loso,Taif - University,21.43278,40.49173,01-05-2018 00:00,7434.2,7098.06396484375,-336.1360351562498,336.1360351562498,112987.43413056362,4.52148227322711,26.6,2.8,2718.2,6136.2,0.3069886158294181,22.9,848.5
720,38,xgb,loso,Taif - University,21.43278,40.49173,01-06-2018 00:00,7557.7,7479.49609375,-78.20390624999982,78.20390624999982,6115.85095275876,1.034758011696678,29.5,3.2,2904.7,5915.2,0.3293347997142825,15.5,847.2
721,38,xgb,loso,Taif - University,21.43278,40.49173,01-07-2018 00:00,7580.5,7376.44287109375,-204.05712890625,204.05712890625,41639.31185746193,2.691868991573775,28.3,4.2,2744.1,6186.4,0.3072728290689211,18.7,846.8
722,38,xgb,loso,Taif - University,21.43278,40.49173,01-08-2018 00:00,7265.2,7335.283203125,70.08320312500018,70.08320312500018,4911.655360260035,0.9646424479023314,28.5,4.2,2426.0,6352.0,0.2763727500569606,19.5,846.9
723,38,xgb,loso,Taif - University,21.43278,40.49173,01-11-2018 00:00,4463.3,4572.95263671875,109.65263671874982,109.65263671874982,12023.70073937412,2.4567615154426057,18.3,2.3,1618.7,4984.8,0.2451275838570455,60.2,850.6
724,38,xgb,loso,Taif - University,21.43278,40.49173,01-12-2018 00:00,4686.2,4662.177734375,-24.022265624999818,24.022265624999818,577.0692457580479,0.5126171658273189,17.5,2.2,1426.5,5956.6,0.19321152361474175,54.9,851.2
725,38,xgb,loso,Taif - University,21.43278,40.49173,01-01-2019 00:00,5163.2,5300.8056640625,137.60566406250018,137.60566406250018,18935.318782081653,2.66512364546212,18.2,2.7,1390.7,6733.5,0.1711799315624923,43.7,851.1
726,38,xgb,loso,Taif - University,21.43278,40.49173,01-02-2019 00:00,5702.3,5471.56884765625,-230.73115234375018,230.73115234375018,53236.86466187485,4.0462822430203635,17.7,3.3,1904.4,6095.4,0.238055951398785,43.6,849.8
727,38,xgb,loso,Taif - University,21.43278,40.49173,01-03-2019 00:00,7014.5,6226.17578125,-788.32421875,788.32421875,621455.0738677979,11.238494814313208,18.7,3.7,1888.6,7502.6,0.20110316040548595,30.7,849.0
728,38,xgb,loso,Taif - University,21.43278,40.49173,01-02-2020 00:00,5953.4,5710.61328125,-242.78671874999964,242.78671874999964,58945.390801391426,4.0781187010783695,17.5,3.0,1637.0,6898.4,0.19178948848325797,41.4,850.5
729,38,xgb,loso,Taif - University,21.43278,40.49173,01-04-2020 00:00,7457.6,7302.35400390625,-155.24599609375036,155.24599609375036,24101.319303140754,2.0817152447670884,23.0,3.2,2103.6,7390.6,0.22156685134081858,32.4,848.7
730,38,xgb,loso,Taif - University,21.43278,40.49173,01-05-2020 00:00,6566.1,6428.9140625,-137.18593750000036,137.18593750000036,18819.981447754006,2.089306247239615,25.9,2.6,2471.2,5410.9,0.31352050849392926,29.6,849.6
731,38,xgb,loso,Taif - University,21.43278,40.49173,01-09-2020 00:00,6771.3,6551.24560546875,-220.05439453125018,220.05439453125018,48423.93655251511,3.2498101477005914,28.2,2.4,2112.4,6453.2,0.24661436443448212,20.6,848.3
732,38,xgb,loso,Taif - University,21.43278,40.49173,01-11-2020 00:00,5037.2,5105.810546875,68.61054687500018,68.61054687500018,4707.407142486597,1.3620770839950802,20.2,2.2,1345.1,6446.9,0.17262577002053386,48.9,850.7
733,38,xgb,loso,Taif - University,21.43278,40.49173,01-01-2021 00:00,5078.9,5369.2509765625,290.35097656250036,290.35097656250036,84303.68959079763,5.716808296333859,16.5,2.2,1373.4,6610.2,0.17202765669622727,46.8,850.6
734,38,xgb,loso,Taif - University,21.43278,40.49173,01-04-2021 00:00,6761.1,6817.517578125,56.417578124999636,56.417578124999636,3182.9431214904375,0.8344437757909162,22.8,2.5,2491.3,5707.1,0.30387636612021857,33.3,849.6
735,38,xgb,loso,Taif - University,21.43278,40.49173,01-07-2021 00:00,7142.4,7057.59716796875,-84.80283203124964,84.80283203124964,7191.52032052034,1.1873156366382398,29.3,4.4,3065.0,5167.7,0.37229584461962656,19.6,845.5
736,38,xgb,loso,Taif - University,21.43278,40.49173,01-10-2021 00:00,6174.0,6507.20703125,333.20703125,333.20703125,111026.92567443848,5.3969392816650466,25.0,2.4,1625.4,7011.9,0.18818380743982496,24.6,850.8
797,39,xgb,loso,Thuwal - KAUST,22.3065,39.107,01-01-2017 00:00,4441.4,4256.607421875,-184.79257812499964,184.79257812499964,34148.29693008409,4.160683075719359,23.9,2.2,1551.0,5142.7,0.2317104142701346,83.6,1012.4
798,39,xgb,loso,Thuwal - KAUST,22.3065,39.107,01-02-2017 00:00,4529.6,4781.73388671875,252.13388671874964,252.13388671874964,63571.49683190328,5.566360974892918,23.3,2.7,2316.1,3523.9,0.39659246575342466,65.1,1012.1
799,39,xgb,loso,Thuwal - KAUST,22.3065,39.107,01-03-2017 00:00,5726.5,5713.25390625,-13.24609375,13.24609375,175.45899963378906,0.2313122107744696,24.6,2.6,2544.1,4485.6,0.36190733601718417,83.6,1008.4
800,39,xgb,loso,Thuwal - KAUST,22.3065,39.107,01-04-2017 00:00,6098.8,5785.6240234375,-313.1759765625002,313.1759765625002,98079.19229587566,5.135042574973768,27.9,2.8,3026.8,3978.0,0.43210370031978074,80.6,1007.1
801,39,xgb,loso,Thuwal - KAUST,22.3065,39.107,01-05-2017 00:00,6160.8,5956.37353515625,-204.42646484375018,204.42646484375018,41790.17952851303,3.31818050973494,29.8,2.6,2851.5,4210.5,0.4037807986406117,83.8,1005.5
802,39,xgb,loso,Thuwal - KAUST,22.3065,39.107,01-06-2017 00:00,6778.2,6369.68505859375,-408.5149414062498,408.5149414062498,166884.45735215172,6.026894181438285,29.9,2.5,2344.2,5721.0,0.29065615235828,92.4,1001.6
803,39,xgb,loso,Thuwal - KAUST,22.3065,39.107,01-09-2017 00:00,6160.3,6220.58349609375,60.28349609374982,60.28349609374982,3634.0999012851494,0.9785805251976335,31.4,2.5,2630.7,4680.7,0.3598079711136034,93.7,1003.3
804,39,xgb,loso,Thuwal - KAUST,22.3065,39.107,01-10-2017 00:00,5630.4,5367.404296875,-262.99570312499964,262.99570312499964,69166.73986221294,4.670995011455663,29.0,2.1,1788.8,5825.1,0.23493873047978037,95.9,1007.0
805,39,xgb,loso,Thuwal - KAUST,22.3065,39.107,01-11-2017 00:00,4537.8,4360.04443359375,-177.75556640625018,177.75556640625018,31597.04138840682,3.917219057830891,27.5,2.3,1685.6,4843.0,0.25818705388597857,88.8,1009.6
806,39,xgb,loso,Thuwal - KAUST,22.3065,39.107,01-03-2018 00:00,6375.2,6620.58935546875,245.38935546875018,245.38935546875018,60215.935777368635,3.8491240348342046,26.0,0.0,2089.3,6161.7,0.2532177917828142,68.9,1008.3
807,39,xgb,loso,Thuwal - KAUST,22.3065,39.107,01-04-2018 00:00,7031.1,6917.8876953125,-113.21230468750036,113.21230468750036,12817.025932655417,1.6101649057402165,27.0,0.0,2507.9,6022.8,0.29398525326174874,65.5,1006.2
808,39,xgb,loso,Thuwal - KAUST,22.3065,39.107,01-05-2018 00:00,7120.5,7036.76708984375,-83.73291015625,83.73291015625,7011.200243234634,1.1759414388912295,30.2,0.0,3128.0,5108.0,0.37979601748421565,62.0,1003.9
809,39,xgb,loso,Thuwal - KAUST,22.3065,39.107,01-06-2018 00:00,7152.3,7076.04248046875,-76.25751953125018,76.25751953125018,5815.209285059003,1.0661957626392933,30.9,0.0,2970.5,5355.5,0.3567739610857555,68.2,1001.6
810,39,xgb,loso,Thuwal - KAUST,22.3065,39.107,01-07-2018 00:00,7036.3,6958.71728515625,-77.58271484375018,77.58271484375018,6019.077642526655,1.1026066944807666,31.9,0.0,2769.9,5444.7,0.3371923161200789,65.5,1001.7
811,39,xgb,loso,Thuwal - KAUST,22.3065,39.107,01-08-2018 00:00,6668.6,6426.1162109375,-242.48378906250036,242.48378906250036,58798.387958107174,3.6362023372597,32.1,0.0,2421.2,5502.2,0.30557588913850114,69.5,1001.9
812,39,xgb,loso,Thuwal - KAUST,22.3065,39.107,01-09-2018 00:00,5840.5,5892.84130859375,52.34130859375,52.34130859375,2739.6125853061676,0.896178556523414,31.6,0.0,3004.4,3679.4,0.4495047727340734,79.2,1003.4
813,39,xgb,loso,Thuwal - KAUST,22.3065,39.107,01-10-2018 00:00,5111.6,4993.10546875,-118.49453125000036,118.49453125000036,14040.953936157313,2.318149527545198,29.9,0.0,2043.4,4577.8,0.3086147526128194,71.9,1007.7
814,39,xgb,loso,Thuwal - KAUST,22.3065,39.107,01-11-2018 00:00,4224.2,4389.40087890625,165.20087890625018,165.20087890625018,27291.330391397536,3.910820484500028,26.9,0.0,1619.0,4521.7,0.26365072385884347,61.5,1009.8
815,39,xgb,loso,Thuwal - KAUST,22.3065,39.107,01-12-2018 00:00,3910.5,3874.8505859375,-35.6494140625,35.6494140625,1270.8807229995728,0.9116331431402634,24.8,0.0,1644.6,4220.4,0.28040920716112533,66.4,1012.2
816,39,xgb,loso,Thuwal - KAUST,22.3065,39.107,01-01-2019 00:00,3951.5,3947.0810546875,-4.4189453125,4.4189453125,19.527077674865723,0.11182956630393522,24.1,0.0,1959.2,3470.4,0.36083689406217767,67.7,1012.3
817,39,xgb,loso,Thuwal - KAUST,22.3065,39.107,01-02-2019 00:00,4607.3,4487.0146484375,-120.28535156250018,120.28535156250018,14468.565800514265,2.610755791081548,23.9,0.0,2080.2,4001.6,0.3420368969712914,57.9,1011.5
818,39,xgb,loso,Thuwal - KAUST,22.3065,39.107,01-03-2019 00:00,6107.7,5920.51904296875,-187.18095703124982,187.18095703124982,35036.71067513459,3.0646717591114467,23.7,0.0,2209.2,5648.4,0.28115455100794134,60.6,1010.2
819,39,xgb,loso,Thuwal - KAUST,22.3065,39.107,01-04-2019 00:00,6768.1,6646.60595703125,-121.49404296875036,121.49404296875036,14760.802476892559,1.7950982250373126,26.2,0.0,2516.8,5741.0,0.30477851243672655,64.7,1007.5
820,39,xgb,loso,Thuwal - KAUST,22.3065,39.107,01-05-2019 00:00,6682.7,6648.13720703125,-34.56279296874982,34.56279296874982,1194.586657800662,0.5171980332612539,30.2,0.0,2797.3,4946.6,0.36122625550433246,63.9,1005.1
821,39,xgb,loso,Thuwal - KAUST,22.3065,39.107,01-06-2019 00:00,6334.7,6170.447265625,-164.25273437499982,164.25273437499982,26978.960749664246,2.592904705431983,31.8,0.0,2680.4,4588.4,0.36875412722870354,66.0,1002.1
822,39,xgb,loso,Thuwal - KAUST,22.3065,39.107,01-07-2019 00:00,6893.8,6710.0263671875,-183.77363281250018,183.77363281250018,33772.74811710364,2.6657813225289413,31.8,0.0,2480.5,5709.7,0.3028619569729677,68.0,1000.9
823,39,xgb,loso,Thuwal - KAUST,22.3065,39.107,01-08-2019 00:00,6611.0,6327.25439453125,-283.74560546875,283.74560546875,80511.56862282753,4.292022469652852,32.2,0.0,2337.3,5597.8,0.294552053534297,69.8,1002.5
824,39,xgb,loso,Thuwal - KAUST,22.3065,39.107,01-09-2019 00:00,5908.1,6001.79052734375,93.69052734374964,93.69052734374964,8777.914913949899,1.585797927315882,30.9,0.0,2469.5,4619.7,0.34834678101901484,78.0,1002.8
825,39,xgb,loso,Thuwal - KAUST,22.3065,39.107,01-10-2019 00:00,5228.0,5395.13623046875,167.13623046875,167.13623046875,27934.519535303116,3.1969439645897095,31.1,0.0,1870.5,5032.4,0.2709730692897188,69.0,1007.6
826,39,xgb,loso,Thuwal - KAUST,22.3065,39.107,01-11-2019 00:00,4486.9,4749.20947265625,262.30947265625036,262.30947265625036,68806.25944520015,5.84611809169472,28.1,0.0,1567.2,5053.0,0.23673000815685327,63.0,1008.6
827,39,xgb,loso,Thuwal - KAUST,22.3065,39.107,01-12-2019 00:00,4316.6,4307.42529296875,-9.174707031250364,9.174707031250364,84.17524910927486,0.2125447581719493,24.8,0.0,1322.5,5637.5,0.19001436781609196,58.0,1011.5
828,39,xgb,loso,Thuwal - KAUST,22.3065,39.107,01-01-2020 00:00,4597.0,4407.69921875,-189.30078125,189.30078125,35834.78578186035,4.1179199749836854,21.6,0.2,1307.7,6020.4,0.17845007573586608,52.8,1014.3
829,39,xgb,loso,Thuwal - KAUST,22.3065,39.107,01-02-2020 00:00,4914.9,5367.6494140625,452.74941406250036,452.74941406250036,204982.0319339374,9.211772651783361,22.7,2.6,1963.0,4774.1,0.2913716584287008,62.1,1012.8
830,39,xgb,loso,Thuwal - KAUST,22.3065,39.107,01-03-2020 00:00,6083.3,6149.94677734375,66.64677734374982,66.64677734374982,4441.792930307364,1.0955694663052917,24.1,2.6,2321.5,5308.6,0.304255514344504,66.8,1008.8
831,39,xgb,loso,Thuwal - KAUST,22.3065,39.107,01-04-2020 00:00,6790.1,6694.01611328125,-96.08388671875036,96.08388671875036,9232.113286981652,1.4150584927872987,26.0,2.4,2145.2,6306.7,0.2538127521622357,67.9,1007.6
832,39,xgb,loso,Thuwal - KAUST,22.3065,39.107,01-05-2020 00:00,6632.5,6519.1025390625,-113.3974609375,113.3974609375,12858.984147071838,1.7097242508480965,29.3,2.5,2533.6,5336.2,0.32193956644387406,67.4,1005.5
833,39,xgb,loso,Thuwal - KAUST,22.3065,39.107,01-09-2020 00:00,6025.7,6104.93505859375,79.23505859375018,79.23505859375018,6278.194510355024,1.3149519324518344,32.4,2.3,2314.2,5023.7,0.3153763338284795,74.8,1002.1
834,39,xgb,loso,Thuwal - KAUST,22.3065,39.107,01-10-2020 00:00,5569.3,5455.869140625,-113.43085937500018,113.43085937500018,12866.559858551067,2.0367166318029226,31.3,2.3,1615.0,6168.2,0.20749820125398294,57.9,1006.8
835,39,xgb,loso,Thuwal - KAUST,22.3065,39.107,01-11-2020 00:00,4492.5,4349.54833984375,-142.95166015625,142.95166015625,20435.177141427994,3.182006903867557,27.8,2.4,1422.6,5307.0,0.21139443651925818,63.7,1009.9
836,39,xgb,loso,Thuwal - KAUST,22.3065,39.107,01-12-2020 00:00,4028.1,4015.894775390625,-12.205224609374909,12.205224609374909,148.9675077652909,0.3030020260017107,25.5,2.1,1489.9,4741.3,0.23910322249325971,62.3,1011.3
837,39,xgb,loso,Thuwal - KAUST,22.3065,39.107,01-01-2021 00:00,4280.5,4317.4638671875,36.9638671875,36.9638671875,1366.3274774551392,0.8635408757738583,24.9,2.5,1733.6,4544.0,0.2761564929272333,59.4,1011.7
838,39,xgb,loso,Thuwal - KAUST,22.3065,39.107,01-02-2021 00:00,4971.2,4665.02587890625,-306.1741210937498,306.1741210937498,93742.59242753018,6.158958020070603,23.9,2.7,1647.6,5373.2,0.23467411121239745,63.0,1011.4
839,39,xgb,loso,Thuwal - KAUST,22.3065,39.107,01-09-2021 00:00,5790.5,5928.56982421875,138.06982421875,138.06982421875,19063.276359796524,2.3844197257361195,31.1,2.5,2674.1,4143.2,0.392252064600355,76.7,1002.9
840,39,xgb,loso,Thuwal - KAUST,22.3065,39.107,01-10-2021 00:00,5313.2,5119.15283203125,-194.04716796874982,194.04716796874982,37654.30339669221,3.6521713462461385,29.3,0.2,1831.3,5239.4,0.25899840185554474,78.8,1006.7
841,39,xgb,loso,Thuwal - KAUST,22.3065,39.107,01-11-2021 00:00,4389.4,4278.38037109375,-111.01962890624964,111.01962890624964,12325.35800248138,2.529266617447707,27.4,0.0,1350.9,5247.1,0.20474386177629586,69.7,1009.5
842,39,xgb,loso,Thuwal - KAUST,22.3065,39.107,01-12-2021 00:00,3797.4,3885.5537109375,88.15371093749991,88.15371093749991,7771.076752052291,2.321422840298623,25.3,0.0,1589.8,4094.9,0.27966295494924975,62.9,1011.8
258,40,xgb,loso,Timaa - TVTC,27.6173,38.5252,01-01-2017 00:00,4235.7,4506.23681640625,270.5368164062502,270.5368164062502,73190.16903122912,6.38706273830182,13.2,1.9,1325.4,5906.3,0.1832764080368378,36.9,921.5
259,40,xgb,loso,Timaa - TVTC,27.6173,38.5252,01-02-2017 00:00,5392.6,5395.93505859375,3.335058593749636,3.335058593749636,11.1226158237433,0.06184509501445752,12.5,2.3,1649.3,6580.6,0.200403407088786,28.9,921.8
260,40,xgb,loso,Timaa - TVTC,27.6173,38.5252,01-03-2017 00:00,6511.6,6763.41650390625,251.81650390624964,251.81650390624964,63411.55163956624,3.8671985979828247,19.4,2.6,1990.0,7008.4,0.22115042674253202,25.2,917.2
261,40,xgb,loso,Timaa - TVTC,27.6173,38.5252,01-04-2017 00:00,6508.5,6284.05224609375,-224.44775390625,224.44775390625,50376.79423356056,3.4485327480410235,25.1,3.1,2727.9,5257.1,0.34162805259862244,21.1,918.3
262,40,xgb,loso,Timaa - TVTC,27.6173,38.5252,01-05-2017 00:00,7872.0,7699.10205078125,-172.89794921875,172.89794921875,29893.700844049454,2.196366224831682,29.8,2.6,2439.0,7320.8,0.24990266193979388,16.1,916.8
263,40,xgb,loso,Timaa - TVTC,27.6173,38.5252,01-06-2017 00:00,8158.9,7851.939453125,-306.96054687499964,306.96054687499964,94224.77733779885,3.762278577688164,33.5,2.4,1845.5,8604.1,0.17660963099065993,14.6,914.7
264,40,xgb,loso,Timaa - TVTC,27.6173,38.5252,01-09-2017 00:00,6674.6,6795.2197265625,120.61972656249964,120.61972656249964,14549.11843601218,1.8071453954169485,33.0,2.3,2419.6,6025.1,0.2865229078593674,15.6,916.4
265,40,xgb,loso,Timaa - TVTC,27.6173,38.5252,01-10-2017 00:00,5879.9,5517.45556640625,-362.44443359374964,362.44443359374964,131365.96744309398,6.164125811557163,26.4,2.0,1347.0,7582.5,0.15084831177557534,24.0,918.5
266,40,xgb,loso,Timaa - TVTC,27.6173,38.5252,01-11-2017 00:00,4426.5,4254.515625,-171.984375,171.984375,29578.625244140625,3.885335479498475,20.3,2.0,1652.8,5246.3,0.23956747981620788,38.9,920.2
267,40,xgb,loso,Timaa - TVTC,27.6173,38.5252,01-03-2018 00:00,6509.7,6635.87158203125,126.17158203125018,126.17158203125018,15919.268112268493,1.938208858031095,22.8,2.4,2201.9,6702.4,0.24728501959727325,21.6,918.5
268,40,xgb,loso,Timaa - TVTC,27.6173,38.5252,01-04-2018 00:00,7333.9,7104.54931640625,-229.35068359374964,229.35068359374964,52601.73606492026,3.1272676692312364,23.4,2.8,2665.5,6450.5,0.29239798157086444,26.7,916.1
269,40,xgb,loso,Timaa - TVTC,27.6173,38.5252,01-05-2018 00:00,7389.0,7383.982421875,-5.017578125,5.017578125,25.176090240478516,0.06790605122479361,28.8,3.0,3115.1,5636.0,0.35596667847470603,20.9,915.9
270,40,xgb,loso,Timaa - TVTC,27.6173,38.5252,01-06-2018 00:00,8218.7,8221.3740234375,2.6740234374992724,2.6740234374992724,7.1504013442954255,0.03253584432451935,32.3,2.5,2262.5,8035.6,0.21970072149231412,17.1,914.3
271,40,xgb,loso,Timaa - TVTC,27.6173,38.5252,01-07-2018 00:00,8005.7,8040.05908203125,34.35908203125018,34.35908203125018,1180.5465180301792,0.4291827326935831,33.4,2.5,2187.6,7878.7,0.2173191738771942,17.9,912.7
272,40,xgb,loso,Timaa - TVTC,27.6173,38.5252,01-08-2018 00:00,7533.6,7651.9365234375,118.33652343749964,118.33652343749964,14003.5327792739,1.5707832037472076,33.3,2.3,1625.7,8288.3,0.16398022997780917,20.1,913.6
273,40,xgb,loso,Timaa - TVTC,27.6173,38.5252,01-09-2018 00:00,6329.5,6256.5859375,-72.9140625,72.9140625,5316.460510253906,1.15197191721305,33.7,2.2,2464.5,5371.6,0.3145059404550733,17.5,916.5
274,40,xgb,loso,Timaa - TVTC,27.6173,38.5252,01-10-2018 00:00,5447.3,5387.46826171875,-59.83173828125018,59.83173828125018,3579.8369057560185,1.0983742088970716,27.0,2.3,1906.8,5731.5,0.24963669926554335,25.4,919.5
275,40,xgb,loso,Timaa - TVTC,27.6173,38.5252,01-11-2018 00:00,3967.4,4107.734375,140.3343749999999,140.3343749999999,19693.736806640598,3.5371874527398277,18.0,2.2,1406.4,4995.9,0.2196710557143527,59.7,920.0
276,40,xgb,loso,Timaa - TVTC,27.6173,38.5252,01-12-2018 00:00,4013.6,4170.134765625,156.5347656250001,156.5347656250001,24503.13284927371,3.900108770804268,14.7,2.1,1205.0,5996.9,0.16731695802496566,54.5,921.7
277,40,xgb,loso,Timaa - TVTC,27.6173,38.5252,01-01-2019 00:00,3942.3,3863.8701171875,-78.42988281250018,78.42988281250018,6151.246517982511,1.9894448117215884,14.2,2.1,1738.1,4375.9,0.28428197579326137,43.8,920.4
278,40,xgb,loso,Timaa - TVTC,27.6173,38.5252,01-02-2019 00:00,5130.1,5534.50927734375,404.40927734374964,404.40927734374964,163546.86360169383,7.883068114534797,14.6,2.8,1621.0,6143.3,0.20877606480944838,47.0,920.4
279,40,xgb,loso,Timaa - TVTC,27.6173,38.5252,01-03-2019 00:00,6669.6,6219.97265625,-449.62734375000036,449.62734375000036,202164.74824768098,6.741443920924799,16.7,2.7,1709.9,7841.6,0.17901900225095535,30.7,918.6
280,40,xgb,loso,Timaa - TVTC,27.6173,38.5252,01-04-2019 00:00,7251.2,7121.46728515625,-129.73271484374982,129.73271484374982,16830.577300729703,1.7891206261549788,21.9,2.8,2292.5,6982.3,0.24717514124293788,25.1,917.6
281,40,xgb,loso,Timaa - TVTC,27.6173,38.5252,01-05-2019 00:00,7953.8,7801.55029296875,-152.24970703125018,152.24970703125018,23179.973291101513,1.9141757025729862,30.3,2.5,2357.2,7511.2,0.2388634429086782,14.3,916.6
282,40,xgb,loso,Timaa - TVTC,27.6173,38.5252,01-06-2019 00:00,8149.4,8077.89599609375,-71.50400390624964,71.50400390624964,5112.822574624964,0.8774143361014264,33.7,2.6,2203.0,8039.6,0.21508210805850075,15.5,914.9
283,40,xgb,loso,Timaa - TVTC,27.6173,38.5252,01-07-2019 00:00,8239.6,7859.40576171875,-380.19423828125036,380.19423828125036,144547.6588222602,4.614231737963619,33.7,2.5,1707.7,9016.2,0.15924243978403377,16.9,912.7
284,40,xgb,loso,Timaa - TVTC,27.6173,38.5252,01-08-2019 00:00,7711.6,7727.47607421875,15.876074218749636,15.876074218749636,252.04973259924688,0.20587263627197516,33.7,2.4,1671.9,8426.6,0.1655592414715057,17.9,913.8
285,40,xgb,loso,Timaa - TVTC,27.6173,38.5252,01-09-2019 00:00,6725.4,7038.10400390625,312.70400390625036,312.70400390625036,97783.79405900024,4.649597108071644,32.9,2.1,1825.0,7172.7,0.2028296120119586,18.2,915.5
286,40,xgb,loso,Timaa - TVTC,27.6173,38.5252,01-10-2019 00:00,5224.5,5178.94091796875,-45.55908203125,45.55908203125,2075.6299555301666,0.8720276013254856,28.1,2.2,1902.4,5422.5,0.2597168562028151,26.7,918.7
287,40,xgb,loso,Timaa - TVTC,27.6173,38.5252,01-11-2019 00:00,4375.6,4524.998046875,149.39804687499964,149.39804687499964,22319.776410064587,3.4143442470746783,19.9,2.2,1342.1,5845.2,0.1867321525468535,42.5,920.1
288,40,xgb,loso,Timaa - TVTC,27.6173,38.5252,01-12-2019 00:00,4303.5,4353.69287109375,50.19287109375,50.19287109375,2519.3243086338043,1.1663267362321368,14.3,1.9,876.6,7341.8,0.10666309743989098,41.7,921.1
289,40,xgb,loso,Timaa - TVTC,27.6173,38.5252,01-01-2020 00:00,4477.6,4523.11181640625,45.511816406249636,45.511816406249636,2071.3254325961734,1.0164332768949802,11.1,1.9,1155.3,6835.6,0.14457695628777734,39.6,922.2
290,40,xgb,loso,Timaa - TVTC,27.6173,38.5252,01-02-2020 00:00,5507.3,5582.02587890625,74.72587890624982,74.72587890624982,5583.956978311511,1.3568514318495417,14.6,2.1,1300.9,7610.3,0.1459848280815154,33.6,921.0
291,40,xgb,loso,Timaa - TVTC,27.6173,38.5252,01-03-2020 00:00,6387.8,6584.56884765625,196.76884765624982,196.76884765624982,38717.97940796845,3.0803852289716307,19.4,2.8,2117.1,6558.9,0.2440179806362379,28.3,917.6
292,40,xgb,loso,Timaa - TVTC,27.6173,38.5252,01-04-2020 00:00,7732.1,7606.7275390625,-125.37246093750036,125.37246093750036,15718.253961525055,1.6214542095614433,23.9,3.2,2158.2,7770.5,0.2173698470091754,24.8,916.5
293,40,xgb,loso,Timaa - TVTC,27.6173,38.5252,01-05-2020 00:00,7826.2,7813.4521484375,-12.747851562499818,12.747851562499818,162.50771945952906,0.1628868615994968,29.2,2.9,2584.8,6907.7,0.27229918356597316,18.1,917.1
294,40,xgb,loso,Timaa - TVTC,27.6173,38.5252,01-09-2020 00:00,6710.6,6830.359375,119.75937499999964,119.75937499999964,14342.307900390539,1.784629913867607,33.4,2.0,1992.1,6882.4,0.22447461828835427,14.5,916.3
295,40,xgb,loso,Timaa - TVTC,27.6173,38.5252,01-10-2020 00:00,5854.3,6024.736328125,170.43632812499982,170.43632812499982,29048.541944732606,2.9113015753377827,27.3,2.1,1244.5,7751.5,0.1383392618941752,16.0,920.0
296,40,xgb,loso,Timaa - TVTC,27.6173,38.5252,01-11-2020 00:00,4608.5,4531.30615234375,-77.19384765625,77.19384765625,5958.890115976334,1.675031955218618,19.7,2.1,1158.3,6697.6,0.1474433228528876,45.0,919.9
297,40,xgb,loso,Timaa - TVTC,27.6173,38.5252,01-12-2020 00:00,3823.8,4077.096435546875,253.29643554687482,253.29643554687482,64159.08426075211,6.624207216561399,15.0,1.9,1186.1,5481.4,0.1778927634045744,45.8,921.7
298,40,xgb,loso,Timaa - TVTC,27.6173,38.5252,01-01-2021 00:00,4346.5,4485.65576171875,139.15576171875,139.15576171875,19364.326019525528,3.2015589950247323,14.4,2.1,1335.1,5998.3,0.18205743584149234,46.3,922.0
299,40,xgb,loso,Timaa - TVTC,27.6173,38.5252,01-02-2021 00:00,5093.9,5312.99609375,219.09609375000036,219.09609375000036,48003.09829650895,4.301146346610659,15.4,2.4,1537.8,6355.2,0.19483086278981376,43.6,921.0
300,40,xgb,loso,Timaa - TVTC,27.6173,38.5252,01-03-2021 00:00,6610.4,6840.818359375,230.41835937500036,230.41835937500036,53092.620337066815,3.4856946535005506,20.9,2.7,2135.2,6826.1,0.23826900114938682,25.7,918.7
301,40,xgb,loso,Timaa - TVTC,27.6173,38.5252,01-04-2021 00:00,7631.2,7544.2529296875,-86.94707031249982,86.94707031249982,7559.7930359267875,1.1393630138444781,25.4,2.9,2302.7,7431.0,0.2365698552451791,19.5,918.8
302,40,xgb,loso,Timaa - TVTC,27.6173,38.5252,01-05-2021 00:00,8199.1,8024.51904296875,-174.58095703125036,174.58095703125036,30478.510557947287,2.1292697616964102,30.6,2.3,2093.4,8362.2,0.200218064960404,14.4,916.1
303,40,xgb,loso,Timaa - TVTC,27.6173,38.5252,01-07-2021 00:00,8089.8,7882.6123046875,-207.18769531250018,207.18769531250018,42926.74108890541,2.5610978678397514,34.9,2.5,1961.6,8305.6,0.1910550101293439,16.6,911.9
304,40,xgb,loso,Timaa - TVTC,27.6173,38.5252,01-08-2021 00:00,7626.9,7795.50146484375,168.60146484375036,168.60146484375036,28426.45394745839,2.2106159100519265,34.4,2.3,1896.3,7943.6,0.19271537312371062,16.0,913.8
305,40,xgb,loso,Timaa - TVTC,27.6173,38.5252,01-09-2021 00:00,6691.9,6811.73681640625,119.83681640625036,119.83681640625036,14360.862566385356,1.7907741658759153,31.2,2.3,1884.6,7036.9,0.21124250406321807,22.2,915.8
306,40,xgb,loso,Timaa - TVTC,27.6173,38.5252,01-10-2021 00:00,5692.4,5962.2451171875,269.84511718750036,269.84511718750036,72816.3872699358,4.740445456881112,27.4,1.8,1514.6,6928.6,0.17938696228917944,22.2,919.2
307,40,xgb,loso,Timaa - TVTC,27.6173,38.5252,01-11-2021 00:00,4512.3,4635.95458984375,123.65458984374982,123.65458984374982,15290.457589425996,2.7403893766759704,20.3,1.9,1236.1,6313.6,0.16372836006728742,33.7,920.8
308,40,xgb,loso,Timaa - TVTC,27.6173,38.5252,01-12-2021 00:00,3793.3,3957.92529296875,164.62529296874982,164.62529296874982,27101.48708504671,4.339896474540632,15.1,2.1,1524.0,4748.1,0.24298081982111253,40.2,921.2
906,41,xgb,loso,Umluj - SWCC,25.00411,37.27382,01-01-2017 00:00,4448.2,4243.04345703125,-205.15654296874982,205.15654296874982,42089.20712288849,4.61212497119621,21.5,3.1,1233.7,6085.1,0.16856588511777887,58.2,1015.2
907,41,xgb,loso,Umluj - SWCC,25.00411,37.27382,01-02-2017 00:00,5284.5,5030.30859375,-254.19140625,254.19140625,64613.27101135254,4.810131634970196,21.2,3.5,1716.4,5960.5,0.2235798304002918,46.3,1015.4
908,41,xgb,loso,Umluj - SWCC,25.00411,37.27382,01-03-2017 00:00,6148.7,6337.4892578125,188.78925781250018,188.78925781250018,35641.38386539466,3.070393055645912,23.1,3.3,2006.1,6196.2,0.24457774038989066,61.4,1010.9
909,41,xgb,loso,Umluj - SWCC,25.00411,37.27382,01-04-2017 00:00,6404.3,6744.58251953125,340.2825195312498,340.2825195312498,115792.19309853541,5.313344464363784,27.0,3.6,2766.8,4908.7,0.3604716305126702,57.2,1009.5
910,41,xgb,loso,Umluj - SWCC,25.00411,37.27382,01-05-2017 00:00,7035.7,6694.14111328125,-341.5588867187498,341.5588867187498,116662.47309655177,4.854653932355698,29.3,2.9,2419.5,6147.7,0.28241432440003733,61.5,1008.2
911,41,xgb,loso,Umluj - SWCC,25.00411,37.27382,01-06-2017 00:00,7460.0,7337.5712890625,-122.4287109375,122.4287109375,14988.789261817932,1.641135535355228,30.5,3.1,2041.9,7201.9,0.22089400463013048,65.7,1004.4
912,41,xgb,loso,Umluj - SWCC,25.00411,37.27382,01-09-2017 00:00,6164.3,6225.5,61.19999999999982,61.19999999999982,3745.4399999999778,0.992813458137985,30.6,3.1,2512.2,5045.0,0.3324247075636479,69.0,1006.3
913,41,xgb,loso,Umluj - SWCC,25.00411,37.27382,01-10-2017 00:00,5632.0,5538.31298828125,-93.68701171875,93.68701171875,8777.2561647892,1.6634767705743962,28.0,3.3,1424.7,6765.1,0.17396029207062444,65.7,1010.5
914,41,xgb,loso,Umluj - SWCC,25.00411,37.27382,01-11-2017 00:00,4545.7,4405.23779296875,-140.46220703124982,140.46220703124982,19729.631604089685,3.090001694595988,26.0,2.8,1284.1,5939.8,0.17775716718116252,59.8,1012.2
915,41,xgb,loso,Umluj - SWCC,25.00411,37.27382,01-03-2018 00:00,6422.2,6431.52880859375,9.328808593750182,9.328808593750182,87.02666977882724,0.14525876792610293,25.9,2.4,1836.6,6863.6,0.21109859543458767,55.8,1010.6
916,41,xgb,loso,Umluj - SWCC,25.00411,37.27382,01-04-2018 00:00,7208.7,6847.97705078125,-360.7229492187498,360.7229492187498,130121.04609307276,5.003994468055958,26.9,2.4,2349.4,6564.8,0.26355702138161585,58.2,1008.6
917,41,xgb,loso,Umluj - SWCC,25.00411,37.27382,01-05-2018 00:00,7035.2,7058.716796875,23.516796875000182,23.516796875000182,553.0397352600183,0.33427332378610675,31.4,2.8,3193.0,4945.1,0.3923520231995183,51.6,1006.2
918,41,xgb,loso,Umluj - SWCC,25.00411,37.27382,01-06-2018 00:00,7620.7,7834.22998046875,213.52998046875018,213.52998046875018,45595.05255898483,2.801973315689506,31.7,2.7,2406.9,6873.3,0.2593586345121872,59.8,1004.3
919,41,xgb,loso,Umluj - SWCC,25.00411,37.27382,01-07-2018 00:00,7427.1,7717.27490234375,290.17490234374964,290.17490234374964,84201.47395020464,3.9069744899590635,32.4,2.2,2274.3,6839.9,0.24953369467424458,59.9,1003.7
920,41,xgb,loso,Umluj - SWCC,25.00411,37.27382,01-08-2018 00:00,7125.3,7243.50732421875,118.20732421874982,118.20732421874982,13972.971498956636,1.6589803126710427,32.3,2.3,1768.9,7281.4,0.1954520844612886,67.8,1004.4
921,41,xgb,loso,Umluj - SWCC,25.00411,37.27382,01-09-2018 00:00,5939.5,5994.56201171875,55.06201171875,55.06201171875,3031.8251345157623,0.927047928592474,31.8,0.3,2915.1,4050.2,0.41851750821931577,71.9,1005.9
922,41,xgb,loso,Umluj - SWCC,25.00411,37.27382,01-10-2018 00:00,5176.9,5397.59765625,220.69765625000036,220.69765625000036,48707.455474243325,4.263123804786656,30.1,0.2,1812.5,5230.3,0.2573550292497302,59.8,1010.1
923,41,xgb,loso,Umluj - SWCC,25.00411,37.27382,01-11-2018 00:00,4267.1,4447.39453125,180.29453124999964,180.29453124999964,32506.117998657097,4.225223951864255,26.0,0.1,1205.0,5602.3,0.1770158506309403,57.5,1012.5
924,41,xgb,loso,Umluj - SWCC,25.00411,37.27382,01-12-2018 00:00,4118.4,4224.28564453125,105.88564453125036,105.88564453125036,11211.76971779831,2.5710383773128007,23.0,0.2,1223.5,5806.4,0.1740423050114511,56.9,1015.3
925,41,xgb,loso,Umluj - SWCC,25.00411,37.27382,01-01-2019 00:00,3911.3,4009.93017578125,98.63017578124982,98.63017578124982,9727.911574640239,2.5216724818155045,21.9,0.4,1748.0,4060.0,0.3009641873278237,55.3,1014.9
926,41,xgb,loso,Umluj - SWCC,25.00411,37.27382,01-02-2019 00:00,5000.7,5535.12939453125,534.4293945312502,534.4293945312502,285614.7777390387,10.687091697787315,22.2,0.4,1729.3,5524.6,0.23839589737934075,50.3,1014.4
927,41,xgb,loso,Umluj - SWCC,25.00411,37.27382,01-03-2019 00:00,6381.1,6449.9990234375,68.89902343749964,68.89902343749964,4747.0754306411245,1.0797358361019203,22.6,0.8,1890.3,6770.1,0.21826936400166275,51.1,1012.9
928,41,xgb,loso,Umluj - SWCC,25.00411,37.27382,01-04-2019 00:00,6939.8,6841.50830078125,-98.29169921875018,98.29169921875018,9661.258135309256,1.4163477221065475,25.3,0.5,2371.0,6279.5,0.27408820299404657,54.6,1010.1
929,41,xgb,loso,Umluj - SWCC,25.00411,37.27382,01-05-2019 00:00,7286.7,7034.603515625,-252.09648437499982,252.09648437499982,63552.63743423453,3.459679750435723,29.2,0.1,2464.0,6381.8,0.2785502724456805,62.3,1007.2
930,41,xgb,loso,Umluj - SWCC,25.00411,37.27382,01-06-2019 00:00,7548.1,7694.15234375,146.05234374999964,146.05234374999964,21331.287114868057,1.9349550714749357,32.5,0.0,2346.2,6909.1,0.2534979957429797,55.3,1005.1
931,41,xgb,loso,Umluj - SWCC,25.00411,37.27382,01-07-2019 00:00,7719.4,7649.02001953125,-70.37998046874964,70.37998046874964,4953.34165078158,0.9117286378313034,32.1,0.0,1789.5,7975.2,0.18326215859166178,62.8,1003.3
932,41,xgb,loso,Umluj - SWCC,25.00411,37.27382,01-08-2019 00:00,7172.1,7548.4384765625,376.33847656249964,376.33847656249964,141630.6489413831,5.247256404156379,32.6,0.0,1825.1,7252.6,0.20105313019817792,63.7,1004.6
933,41,xgb,loso,Umluj - SWCC,25.00411,37.27382,01-09-2019 00:00,6201.0,6471.44384765625,270.44384765625,270.44384765625,73139.87473511696,4.361294108309144,30.9,0.0,2219.7,5567.2,0.28505567042083496,69.9,1005.5
934,41,xgb,loso,Umluj - SWCC,25.00411,37.27382,01-10-2019 00:00,5237.5,5728.33447265625,490.83447265625,490.83447265625,240918.47954773903,9.371541244033413,30.6,0.0,1872.5,5319.4,0.2603623520905463,64.3,1009.2
935,41,xgb,loso,Umluj - SWCC,25.00411,37.27382,01-11-2019 00:00,4663.0,4798.5009765625,135.5009765625,135.5009765625,18360.514649391174,2.905875542837229,27.4,0.0,1263.6,6261.0,0.16792919224942188,54.2,1011.1
936,41,xgb,loso,Umluj - SWCC,25.00411,37.27382,01-12-2019 00:00,4424.3,4698.61767578125,274.3176757812498,274.3176757812498,75250.1872460269,6.200250339743006,22.9,0.0,962.1,7000.3,0.12083040289359992,48.7,1014.7
937,41,xgb,loso,Umluj - SWCC,25.00411,37.27382,01-01-2020 00:00,4496.6,4570.0146484375,73.41464843749964,73.41464843749964,5389.710605201668,1.6326702049882051,19.7,0.0,1133.8,6545.9,0.14763597536362097,46.8,1017.4
938,41,xgb,loso,Umluj - SWCC,25.00411,37.27382,01-02-2020 00:00,5487.1,5628.37646484375,141.27646484374964,141.27646484374964,19959.039518747228,2.574701843300644,20.7,0.0,1317.3,7167.4,0.15525593126451143,54.0,1015.8
939,41,xgb,loso,Umluj - SWCC,25.00411,37.27382,01-03-2020 00:00,6296.2,6325.5009765625,29.300976562500182,29.300976562500182,858.547227516185,0.4653755687954668,23.6,2.9,2293.7,5856.0,0.28144594279544033,56.4,1011.7
940,41,xgb,loso,Umluj - SWCC,25.00411,37.27382,01-04-2020 00:00,7289.3,7441.96240234375,152.66240234374982,152.66240234374982,23305.80908936495,2.0943355650576847,25.4,3.3,2294.6,6871.1,0.25034640016583565,59.8,1010.4
941,41,xgb,loso,Umluj - SWCC,25.00411,37.27382,01-05-2020 00:00,7382.4,6976.91845703125,-405.48154296874964,405.48154296874964,164415.28168831795,5.492543657465725,29.0,3.0,2402.8,6623.9,0.26618808645462905,60.8,1008.0
942,41,xgb,loso,Umluj - SWCC,25.00411,37.27382,01-09-2020 00:00,6252.2,6195.40771484375,-56.79228515624982,56.79228515624982,3225.3636532687933,0.9083568208990407,33.6,2.7,2145.4,5735.0,0.27224506370235013,62.0,1005.2
943,41,xgb,loso,Umluj - SWCC,25.00411,37.27382,01-10-2020 00:00,5538.8,5699.056640625,160.25664062499982,160.25664062499982,25682.190864410342,2.893345862370907,31.4,2.1,1499.9,6507.8,0.1873072168038263,51.7,1009.4
944,41,xgb,loso,Umluj - SWCC,25.00411,37.27382,01-11-2020 00:00,4650.6,4742.828125,92.22812499999964,92.22812499999964,8506.027041015557,1.9831446480024002,26.5,3.1,1069.4,6695.2,0.1377276356798805,54.8,1012.4
945,41,xgb,loso,Umluj - SWCC,25.00411,37.27382,01-12-2020 00:00,4134.5,4158.7763671875,24.2763671875,24.2763671875,589.3420038223267,0.5871657319506591,24.3,2.7,1242.8,5702.6,0.17893857805166008,52.8,1013.9
946,41,xgb,loso,Umluj - SWCC,25.00411,37.27382,01-01-2021 00:00,4551.5,4578.02783203125,26.52783203125,26.52783203125,703.7258722782135,0.5828371313028672,23.3,3.1,1358.5,6064.5,0.1830122591943958,52.0,1014.6
947,41,xgb,loso,Umluj - SWCC,25.00411,37.27382,01-02-2021 00:00,5326.6,5413.79296875,87.19296874999964,87.19296874999964,7602.6137994384135,1.6369347942402215,22.6,3.3,1338.4,6747.1,0.1655308886277905,53.8,1014.3
948,41,xgb,loso,Umluj - SWCC,25.00411,37.27382,01-03-2021 00:00,6299.4,6542.62548828125,243.22548828125036,243.22548828125036,59158.63814965266,3.8610897590445186,24.5,3.4,2221.2,5961.2,0.27146069612827534,57.6,1011.2
949,41,xgb,loso,Umluj - SWCC,25.00411,37.27382,01-04-2021 00:00,7206.9,6394.71240234375,-812.1875976562496,812.1875976562496,659648.69378663,11.269583283467922,26.6,3.0,2338.7,6639.8,0.2604778080971209,61.1,1009.8
950,41,xgb,loso,Umluj - SWCC,25.00411,37.27382,01-05-2021 00:00,7448.6,7653.1181640625,204.51816406249964,204.51816406249964,41827.67943149552,2.745726231271643,30.5,2.7,2210.7,7041.8,0.23893001891380705,62.0,1006.4
951,41,xgb,loso,Umluj - SWCC,25.00411,37.27382,01-07-2021 00:00,7250.6,7137.8115234375,-112.78847656250036,112.78847656250036,12721.240445289694,1.5555743878092898,32.1,3.0,2348.7,6507.2,0.2652130218272564,63.0,1002.3
952,41,xgb,loso,Umluj - SWCC,25.00411,37.27382,01-08-2021 00:00,6928.1,6956.21923828125,28.119238281249636,28.119238281249636,790.691561517695,0.4058722922770981,33.0,2.8,2195.7,6375.9,0.256159876802464,64.7,1003.3
953,41,xgb,loso,Umluj - SWCC,25.00411,37.27382,01-09-2021 00:00,6136.1,6506.65625,370.55624999999964,370.55624999999964,137311.93441406224,6.038953895796998,30.8,3.1,2252.4,5489.1,0.2909513660143383,70.8,1005.4
954,41,xgb,loso,Umluj - SWCC,25.00411,37.27382,01-10-2021 00:00,5448.4,5633.92822265625,185.52822265625036,185.52822265625036,34420.72140198721,3.40518725967716,28.9,2.9,1623.5,6044.3,0.2117295704113305,68.1,1009.6
955,41,xgb,loso,Umluj - SWCC,25.00411,37.27382,01-11-2021 00:00,4539.7,4712.33154296875,172.63154296875018,172.63154296875018,29801.64962777144,3.8027081738606117,26.8,2.5,1257.1,6067.4,0.17162946276196325,59.8,1011.9
956,41,xgb,loso,Umluj - SWCC,25.00411,37.27382,01-12-2021 00:00,3847.4,4020.83740234375,173.4374023437499,173.4374023437499,30080.532531747787,4.507911897482713,23.3,2.9,1361.4,4889.2,0.2178030909032733,53.6,1014.6
957,42,xgb,loso,Wadi Addawasir - TVTC,20.43008,44.89433,01-01-2017 00:00,4977.4,4972.6396484375,-4.760351562499636,4.760351562499636,22.660946998592728,0.09563932098082606,18.6,2.7,1579.1,5955.5,0.20957980516550312,28.5,941.9
958,42,xgb,loso,Wadi Addawasir - TVTC,20.43008,44.89433,01-02-2017 00:00,5020.4,5316.36767578125,295.96767578125036,295.96767578125036,87596.86510735533,5.895300688814644,18.1,3.5,2572.6,3716.9,0.409030924556801,36.1,942.0
959,42,xgb,loso,Wadi Addawasir - TVTC,20.43008,44.89433,01-03-2017 00:00,5831.1,5778.7529296875,-52.347070312500364,52.347070312500364,2740.215770301857,0.8977220475124824,25.2,3.2,2967.1,3884.9,0.4330268534734384,32.7,937.2
960,42,xgb,loso,Wadi Addawasir - TVTC,20.43008,44.89433,01-04-2017 00:00,6901.4,7017.6181640625,116.21816406250036,116.21816406250036,13506.66165805825,1.6839795412887295,29.6,3.0,2843.7,5392.9,0.34525168151907343,16.8,937.4
961,42,xgb,loso,Wadi Addawasir - TVTC,20.43008,44.89433,01-05-2017 00:00,6876.1,6846.28857421875,-29.811425781250364,29.811425781250364,888.7211071109989,0.4335513704171022,33.6,2.5,3274.7,4561.7,0.41788321167883213,19.0,935.2
962,42,xgb,loso,Wadi Addawasir - TVTC,20.43008,44.89433,01-05-2019 00:00,6581.4,6711.1611328125,129.76113281250036,129.76113281250036,16837.95158878336,1.9716341935226602,32.1,3.1,3115.5,4327.2,0.4185980894030392,20.8,935.8
963,42,xgb,loso,Wadi Addawasir - TVTC,20.43008,44.89433,01-02-2020 00:00,5844.4,5733.5322265625,-110.86777343749964,110.86777343749964,12291.66318698875,1.8969915378396354,20.9,3.3,2203.6,5644.7,0.2807741803957545,21.8,941.5
964,42,xgb,loso,Wadi Addawasir - TVTC,20.43008,44.89433,01-04-2020 00:00,6929.7,7085.42919921875,155.72919921875018,155.72919921875018,24251.583489313183,2.2472718763979707,30.1,3.2,2829.1,5323.9,0.3470011038881393,27.1,936.0
965,42,xgb,loso,Wadi Addawasir - TVTC,20.43008,44.89433,01-05-2020 00:00,6863.4,6897.6640625,34.264062500000364,34.264062500000364,1174.025979003931,0.49922869860419566,33.5,2.8,3240.3,4594.4,0.4135831620866147,15.0,935.3
966,42,xgb,loso,Wadi Addawasir - TVTC,20.43008,44.89433,01-09-2020 00:00,7092.6,6850.95654296875,-241.64345703125036,241.64345703125036,58391.56032601374,3.406979909077776,32.6,1.9,2038.8,6992.3,0.2257532305034824,12.4,933.7
967,42,xgb,loso,Wadi Addawasir - TVTC,20.43008,44.89433,01-11-2020 00:00,5538.1,5678.28076171875,140.18076171874964,140.18076171874964,19650.645956048862,2.531206762585537,22.6,2.5,1207.5,7472.4,0.13911450592748764,27.0,941.0
968,42,xgb,loso,Wadi Addawasir - TVTC,20.43008,44.89433,01-01-2021 00:00,5181.0,5126.23974609375,-54.76025390625,54.76025390625,2998.6854078769684,1.0569437156195716,17.4,2.9,1607.7,6255.2,0.2044665454221725,30.7,942.8
969,42,xgb,loso,Wadi Addawasir - TVTC,20.43008,44.89433,01-04-2021 00:00,7354.2,7388.4619140625,34.26191406250018,34.26191406250018,1173.8787552261476,0.465882272205001,29.0,2.7,2725.9,6052.8,0.3105129461081937,14.1,937.4
970,42,xgb,loso,Wadi Addawasir - TVTC,20.43008,44.89433,01-07-2021 00:00,6964.2,7019.947265625,55.74726562500018,55.74726562500018,3107.757624664327,0.8004834097958154,36.0,2.6,3141.6,4847.9,0.3932160961261656,18.5,928.1
971,42,xgb,loso,Wadi Addawasir - TVTC,20.43008,44.89433,01-10-2021 00:00,6404.1,6453.6357421875,49.535742187499636,49.535742187499636,2453.789754066431,0.7735004479552104,28.2,2.0,1683.5,7204.1,0.18942121607633106,18.2,938.5
1308,43,xgb,loso,Yanbu - RCJY,23.98655,38.20451,01-01-2017 00:00,4068.4,4222.826171875,154.4261718749999,154.4261718749999,23847.442559967014,3.7957470227853682,22.4,2.4,1403.7,5130.4,0.21482683154527787,53.9,1014.2
1309,43,xgb,loso,Yanbu - RCJY,23.98655,38.20451,01-02-2017 00:00,4398.5,4586.0302734375,187.5302734375,187.5302734375,35167.60345554352,4.263505136694327,21.6,3.5,1896.4,4096.8,0.3164252819862511,38.0,1014.4
1310,43,xgb,loso,Yanbu - RCJY,23.98655,38.20451,01-09-2017 00:00,6309.4,6376.3369140625,66.93691406250036,66.93691406250036,4480.550464210559,1.0609077576711,32.5,0.0,2707.0,4926.1,0.3546396614743682,56.4,1004.7
1311,43,xgb,loso,Yanbu - RCJY,23.98655,38.20451,01-11-2017 00:00,4643.4,4537.9951171875,-105.40488281249964,105.40488281249964,11110.189320716781,2.2699935997867864,26.5,0.0,1566.3,5473.5,0.22249211625330265,56.0,1011.7
1312,43,xgb,loso,Yanbu - RCJY,23.98655,38.20451,01-04-2018 00:00,7540.4,7276.02685546875,-264.37314453124964,264.37314453124964,69893.15954934101,3.5060891269859646,26.8,0.0,2414.7,6962.9,0.25749658761303534,56.5,1007.9
1313,43,xgb,loso,Yanbu - RCJY,23.98655,38.20451,01-05-2018 00:00,7572.4,7317.3046875,-255.09531249999964,255.09531249999964,65073.61845947247,3.3687511555121183,31.5,0.0,3416.5,5288.5,0.39247558874210225,44.0,1005.7
1314,43,xgb,loso,Yanbu - RCJY,23.98655,38.20451,01-06-2018 00:00,7806.4,7645.6826171875,-160.71738281249964,160.71738281249964,25830.077138099554,2.0587900032345208,32.0,0.0,2673.0,6763.5,0.2832618025751073,52.8,1002.9
1315,43,xgb,loso,Yanbu - RCJY,23.98655,38.20451,01-01-2019 00:00,4003.2,4018.377685546875,15.177685546875182,15.177685546875182,230.3621385598238,0.37913882760979173,22.5,0.0,1845.6,3937.3,0.31914783240242783,52.7,1014.3
1316,43,xgb,loso,Yanbu - RCJY,23.98655,38.20451,01-02-2019 00:00,5492.9,6272.1904296875,779.2904296875004,779.2904296875004,607293.5738025289,14.187231329306933,22.8,0.0,2272.0,5237.1,0.30256621965348707,42.4,1013.4
1317,43,xgb,loso,Yanbu - RCJY,23.98655,38.20451,01-03-2019 00:00,6508.9,6057.2802734375,-451.61972656249964,451.61972656249964,203960.37742038694,6.938495391886488,23.0,0.0,2012.5,6677.6,0.23158536725699358,44.1,1012.0
1318,43,xgb,loso,Yanbu - RCJY,23.98655,38.20451,01-04-2019 00:00,6712.6,6642.9521484375,-69.64785156250036,69.64785156250036,4850.823227272084,1.0375689235542167,26.3,0.0,2464.4,5801.4,0.29814416027486756,44.9,1009.1
1319,43,xgb,loso,Yanbu - RCJY,23.98655,38.20451,01-10-2021 00:00,5533.9,5542.6904296875,8.790429687500364,8.790429687500364,77.27165409088775,0.15884691966787193,29.6,0.0,1817.2,5649.4,0.24337717301047332,64.9,1008.4
